Symbol,Date,Open,Close,Volume
YMHL,2026-09-24,550.0,557.0,18713
LUK,2026-09-24,9.48,9.48,100
KAHL,2026-09-24,485.0,485.0,13771
KBL,2026-09-24,225.0,226.0,369479
KBLD86,2026-09-24,1175.0,1175.0,25
KBSH,2026-09-24,819.0,807.0,4175
KDBY,2026-09-24,10.1,10.24,1250
KDL,2026-09-24,615.0,629.8,60679
KEF,2026-09-24,9.43,9.33,16250
KHPL,2026-09-24,715.0,716.7,6799
KKHC,2026-09-24,275.0,275.1,150269
KMCDB,2026-09-24,769.5,828.0,5475
KPCL,2026-09-24,461.1,467.0,4665
KSBBL,2026-09-24,451.1,448.0,36298
KSY,2026-09-24,8.89,9.53,1920
LBBL,2026-09-24,482.2,484.4,33154
LBBLD89,2026-09-24,1320.0,1320.0,25
LEC,2026-09-24,266.7,254.8,326188
LICN,2026-09-24,782.0,800.9,11909
LLBS,2026-09-24,835.0,860.0,441
LSH12,2026-09-24,9.0,9.02,800
JSLBB,2026-09-24,980.0,969.0,153
JOSHI,2026-09-24,265.1,264.0,11798
JHAPA,2026-09-24,1035.0,1038.0,1694
ICFCD83,2026-09-24,921.2,967.2,1
HIMSTAR,2026-09-24,640.0,644.0,1392
HLBSL,2026-09-24,865.2,869.0,601
HLI,2026-09-24,306.0,309.2,29469
HLICF,2026-09-24,8.41,8.66,3900250
HPPL,2026-09-24,377.0,380.0,79505
HRL,2026-09-24,490.9,510.0,38302
HURJA,2026-09-24,252.1,257.0,80862
ICFC,2026-09-24,590.0,595.0,4084
ICFCD88,2026-09-24,1130.0,1119.4,75
JFL,2026-09-24,270.0,285.0,9509
ICFCD89,2026-09-24,1080.6,1086.0,100
IGI,2026-09-24,399.7,393.0,7378
IHL,2026-09-24,341.0,327.2,4332
ILBS,2026-09-24,940.0,950.0,7482
ILI,2026-09-24,425.0,428.0,9122
JBBD87,2026-09-24,1135.0,1135.0,25
JBBL,2026-09-24,347.5,351.9,33905
JBLB,2026-09-24,1275.0,1278.8,3192
LSL,2026-09-24,250.0,250.0,554274
LVF2,2026-09-24,8.88,9.1,900
NBLD87,2026-09-24,1091.8,1091.8,10
MABEL,2026-09-24,576.0,579.0,4615
MLBBL,2026-09-24,920.6,978.9,1411
MLBL,2026-09-24,357.0,356.2,22645
MLBS,2026-09-24,985.0,1019.0,130
MLBSL,2026-09-24,1107.0,1126.4,626
MMF1,2026-09-24,8.61,8.93,4350
MMKJL,2026-09-24,361.0,361.0,1120
MNBBL,2026-09-24,336.0,337.0,25501
MND84/85,2026-09-24,1095.0,1100.0,2000
MNMF1,2026-09-24,8.91,9.25,3601
MPFL,2026-09-24,582.0,588.0,4698
MSHL,2026-09-24,622.0,550.0,13090
MSLB,2026-09-24,1200.0,1210.0,741
NABBC,2026-09-24,707.8,751.8,9518
NABIL,2026-09-24,566.0,569.0,70749
NABILP,2026-09-24,310.0,310.0,504428
NADEP,2026-09-24,684.9,695.0,1165
NBF2,2026-09-24,9.25,9.21,10100
NBF3,2026-09-24,9.5,9.0,19700
NBL,2026-09-24,291.0,292.0,315961
MKJC,2026-09-24,322.1,329.3,37780
MKHL,2026-09-24,509.0,505.0,1046
MKHC,2026-09-24,255.8,263.8,14250
MEHL,2026-09-24,247.0,255.9,62587
MAKAR,2026-09-24,404.5,410.9,84040
MANDU,2026-09-24,751.5,740.2,1828
MATRI,2026-09-24,748.9,727.1,491
MBJC,2026-09-24,295.0,295.9,36448
MBL,2026-09-24,257.0,258.5,174021
MBLEF,2026-09-24,9.3,9.29,5400
MCHL,2026-09-24,263.0,269.8,16324
MDB,2026-09-24,560.0,560.0,4541
MEL,2026-09-24,215.0,214.0,20727
MKCL,2026-09-24,860.0,867.0,3306
MEN,2026-09-24,646.5,653.0,97155
MEPDL,2026-09-24,620.1,654.0,18026
MERO,2026-09-24,600.0,607.0,1641
MFIL,2026-09-24,745.0,764.8,69741
MFLD85,2026-09-24,1105.0,1105.0,290
MHCL,2026-09-24,293.1,296.0,3023
MHL,2026-09-24,467.0,457.0,5324
MHNL,2026-09-24,253.4,252.0,19609
HIDCLP,2026-09-24,193.5,190.6,75425
HIDCL,2026-09-24,269.0,256.0,32118
HHL,2026-09-24,338.0,342.0,35781
HFIN,2026-09-24,613.0,617.5,20826
BJHL,2026-09-24,602.4,643.0,4646
BNHC,2026-09-24,278.0,278.5,12359
BNT,2026-09-24,11933.0,12001.0,180
BPCL,2026-09-24,672.0,676.0,31941
BUNGAL,2026-09-24,536.5,514.0,12902
C30MF,2026-09-24,9.8,9.75,10581
CBBL,2026-09-24,955.0,956.8,9786
CFCL,2026-09-24,565.0,567.9,94930
CGH,2026-09-24,799.8,773.0,4555
CHCL,2026-09-24,336.8,352.0,83523
CHDC,2026-09-24,2410.0,2402.0,15727
CHL,2026-09-24,262.9,267.0,7740
CIT,2026-09-24,1740.0,1747.0,3269
CITY,2026-09-24,349.0,353.5,67195
CKHL,2026-09-24,600.9,582.4,1420
CLI,2026-09-24,435.0,440.0,6166
CORBL,2026-09-24,803.0,795.1,22329
CREST,2026-09-24,1085.0,1099.0,3672
CSY,2026-09-24,8.5,8.6,3300
BHPL,2026-09-24,441.0,447.5,4467
BHL,2026-09-24,212.0,212.2,92952
BHDC,2026-09-24,409.5,433.4,9437
ANLB,2026-09-24,4892.0,4987.0,2409
ADBL,2026-09-24,312.0,313.0,18501
ADBLD83,2026-09-24,1035.0,1035.0,50
AHL,2026-09-24,380.3,402.7,4849
AHPC,2026-09-24,267.0,266.9,60584
AKJCL,2026-09-24,354.0,358.0,226896
AKPL,2026-09-24,251.0,253.0,39752
ALBSL,2026-09-24,1165.3,1174.4,1642
ALICL,2026-09-24,425.0,432.8,24236
APHL,2026-09-24,650.0,671.0,4378
BHCL,2026-09-24,559.0,574.8,113723
API,2026-09-24,334.0,334.8,222714
AVYAN,2026-09-24,1067.8,1060.0,500
BANDIPUR,2026-09-24,608.0,640.0,19309
BARUN,2026-09-24,316.0,326.0,17555
BBC,2026-09-24,4100.0,4090.5,90
BEDC,2026-09-24,309.8,308.9,8528
BFC,2026-09-24,445.0,447.0,14441
BGWT,2026-09-24,486.0,492.0,4190
CYCL,2026-09-24,1494.6,1630.0,27028
CZBIL,2026-09-24,212.0,213.4,185660
DDBL,2026-09-24,813.2,861.0,4190
GUFL,2026-09-24,496.0,496.4,7759
GILB,2026-09-24,1128.0,1139.5,804
GLBSL,2026-09-24,1700.0,1700.0,211
GLH,2026-09-24,276.1,278.8,76497
GMFBS,2026-09-24,1067.0,1124.0,300
GMFIL,2026-09-24,429.8,421.0,2016
GMLI,2026-09-24,970.0,990.0,854
GRDBL,2026-09-24,965.0,960.0,12446
GSY,2026-09-24,8.98,9.25,1100
GVL,2026-09-24,488.0,489.3,7065
GHL,2026-09-24,269.8,253.7,289390
GWFD83,2026-09-24,1042.0,1042.0,63
H8020,2026-09-24,10.91,11.1,70648
HATHY,2026-09-24,470.0,452.9,264625
HBL,2026-09-24,195.0,195.5,73193
HDHPC,2026-09-24,219.5,220.3,239506
HDL,2026-09-24,1280.0,1312.0,269776
HEI,2026-09-24,474.5,473.0,5740
HEIP,2026-09-24,319.4,319.4,702
GIBF1,2026-09-24,11.82,11.7,94671
GFCL,2026-09-24,582.0,577.0,2653
DHEL,2026-09-24,570.0,554.0,4773
EHPL,2026-09-24,342.3,326.8,6776
DHPL,2026-09-24,270.0,275.0,7191
DLBS,2026-09-24,1408.0,1205.1,2694
DOLTI,2026-09-24,301.1,299.0,13161
DORDI,2026-09-24,248.9,263.0,29395
EBL,2026-09-24,699.0,697.4,31186
EBLD85,2026-09-24,1103.0,1136.0,3
ECL,2026-09-24,1298.8,1296.1,9833
EDBL,2026-09-24,569.0,575.0,2862
ENL,2026-09-24,555.0,550.6,16057
GCIL,2026-09-24,370.1,401.3,184579
FMDBL,2026-09-24,712.5,759.5,89182
FOWAD,2026-09-24,893.0,900.0,1153
GBBD85,2026-09-24,1050.0,1050.0,25
GBBL,2026-09-24,453.0,454.0,146930
GBBLPO,2026-09-24,230.9,230.9,899
GBIME,2026-09-24,247.5,243.8,223466
GBIMESY2,2026-09-24,9.0,9.0,1700
GBLBS,2026-09-24,672.0,692.0,3339
NBLD85,2026-09-24,1070.0,1071.0,550
NCCD86,2026-09-24,1135.0,1135.0,25
SALICO,2026-09-24,540.0,533.0,1144
SMFBS,2026-09-24,1480.0,1395.0,178
SHL,2026-09-24,515.1,518.0,36250
SHLB,2026-09-24,1305.0,1312.0,111
SHPC,2026-09-24,528.0,534.5,63414
SICL,2026-09-24,564.9,552.0,12307
SIFC,2026-09-24,475.5,480.3,10755
SIGS2,2026-09-24,9.49,9.46,5000
SIGS3,2026-09-24,10.27,10.35,22060
SIKLES,2026-09-24,570.0,574.0,2609
SINDU,2026-09-24,410.3,417.9,12516
SIPD,2026-09-24,566.0,569.9,7192
SJCL,2026-09-24,240.5,247.9,5368
SJLIC,2026-09-24,413.0,415.0,5843
SKBBL,2026-09-24,769.8,767.9,8768
SKHEL,2026-09-24,822.1,845.0,1435
SKHL,2026-09-24,736.0,744.0,4946
SLBBL,2026-09-24,808.0,822.0,3894
SLBSL,2026-09-24,885.0,917.0,2627
SLCF,2026-09-24,9.1,9.2,400
SMATA,2026-09-24,695.0,700.0,1064
SHIVM,2026-09-24,689.0,702.0,513243
SHINE,2026-09-24,428.1,433.0,81482
SHEL,2026-09-24,288.0,302.3,56211
SBL,2026-09-24,457.0,456.8,175735
SANVI,2026-09-24,552.0,559.0,16163
SAPDBL,2026-09-24,612.0,605.0,13985
SAPIL,2026-09-24,1333.0,1348.9,20286
SARBTM,2026-09-24,813.0,825.7,35863
SBCF,2026-09-24,9.27,8.92,35400
SBI,2026-09-24,403.0,404.2,4876
SBID83,2026-09-24,1041.0,1041.2,543
SBID89,2026-09-24,1140.18,1140.0,25
SBLD89,2026-09-24,1270.0,1270.0,30
SGIC,2026-09-24,377.0,385.1,6052
SCB,2026-09-24,655.0,657.2,7152
SDBD87,2026-09-24,1105.0,1105.0,25
SEF,2026-09-24,9.7,9.7,49800
SEF2,2026-09-24,8.92,9.03,2800
SFEF,2026-09-24,9.18,9.11,4950
SFMF,2026-09-24,9.4,9.25,2670
SGHC,2026-09-24,298.0,298.0,7496
SGHL,2026-09-24,460.9,486.5,25630
SMB,2026-09-24,1820.1,1864.0,357
SMH,2026-09-24,511.5,518.0,11196
NESDO,2026-09-24,1331.0,1357.9,207
SMHL,2026-09-24,465.0,470.0,25419
TRH,2026-09-24,802.1,813.9,17450
TSHL,2026-09-24,353.0,359.9,3811
TTL,2026-09-24,688.0,692.1,6052
TVCL,2026-09-24,297.0,305.0,15246
UAIL,2026-09-24,370.0,371.9,6904
UHEWA,2026-09-24,595.0,587.0,19680
ULBSL,2026-09-24,2483.1,2552.0,923
ULHC,2026-09-24,330.0,339.0,12772
UMHL,2026-09-24,557.0,559.0,22690
UMRH,2026-09-24,505.0,518.0,8120
UNHPL,2026-09-24,358.5,359.0,9120
UNLB,2026-09-24,1220.0,1255.9,280
UPCL,2026-09-24,338.0,336.0,23410
UPPER,2026-09-24,192.0,193.3,100184
USHEC,2026-09-24,500.6,502.0,9172
USHL,2026-09-24,517.3,515.0,2000
USLB,2026-09-24,1038.4,1144.0,3690
VLBS,2026-09-24,618.0,624.2,1276
VLUCL,2026-09-24,387.0,389.9,611
TPKHL,2026-09-24,481.7,500.0,19585
TPC,2026-09-24,361.0,365.0,6925
TAMOR,2026-09-24,530.0,533.8,464282
SPDL,2026-09-24,356.0,358.9,16491
SMJC,2026-09-24,418.0,412.0,2977
SMPDA,2026-09-24,740.0,750.0,908
SNLI,2026-09-24,420.0,421.0,16865
SNORL,2026-09-24,888.0,899.0,41321
SOHL,2026-09-24,645.0,645.0,83564
SONA,2026-09-24,383.8,434.9,435148
SOPL,2026-09-24,727.0,735.0,23133
SPC,2026-09-24,403.0,397.1,3068
SPHL,2026-09-24,507.2,512.0,9770
SYPNL,2026-09-24,1305.0,1319.8,34230
SPIL,2026-09-24,635.7,623.0,2347
SPL,2026-09-24,609.0,595.0,2190
SRLI,2026-09-24,367.0,373.8,26413
SSHL,2026-09-24,207.2,207.1,151367
STC,2026-09-24,5412.0,5563.0,1185
SWASTIK,2026-09-24,1800.0,1815.1,305
SWBBL,2026-09-24,710.0,703.3,2366
SWMF,2026-09-24,610.0,617.0,2654
SANIMA,2026-09-24,366.0,368.0,43500
ACLBSL,2026-09-24,871.1,877.0,281
SAIL,2026-09-24,925.0,993.5,17354
SAHAS,2026-09-24,662.1,694.2,63318
NLIC,2026-09-24,706.3,745.0,8449
NLICL,2026-09-24,570.0,581.4,15395
NLO,2026-09-24,248.4,271.3,49
NMB,2026-09-24,266.3,257.1,78733
NMBHF2,2026-09-24,8.9,8.96,98265
NMBMF,2026-09-24,597.0,612.8,726
NMBUR93/94,2026-09-24,920.0,920.0,25
NMFBS,2026-09-24,1172.1,1200.0,9522
NMFBSP,2026-09-24,635.4,635.4,3166
NMIC,2026-09-24,820.0,821.8,2815
NMLBBL,2026-09-24,477.9,509.0,3618
NRIC,2026-09-24,800.0,817.0,9161
NRM,2026-09-24,286.1,288.0,4379
NRN,2026-09-24,1345.4,1415.0,52065
NSIF2,2026-09-24,9.99,10.05,65300
NSY,2026-09-24,9.0,9.25,1500
NTC,2026-09-24,905.0,906.0,7809
NUBL,2026-09-24,604.9,604.0,1952
NWCL,2026-09-24,593.1,602.0,780
NLG,2026-09-24,492.1,512.0,5712
NIMBPO,2026-09-24,134.1,146.3,1950
NIMB,2026-09-24,192.5,194.6,110035
NICA,2026-09-24,317.0,316.3,40945
NFS,2026-09-24,490.0,495.0,4617
NGPL,2026-09-24,384.8,403.0,74040
NHDL,2026-09-24,642.9,633.2,3632
NHPC,2026-09-24,265.0,265.5,205784
NIBD84,2026-09-24,1060.9,1064.9,730
NIBLGF,2026-09-24,8.62,8.69,21245
NIBLSTF,2026-09-24,8.31,8.45,44970
NIBSF2,2026-09-24,8.75,8.74,7686
NICAD85/86,2026-09-24,1120.0,1120.0,25
NIL,2026-09-24,530.0,529.8,6087
NICD88,2026-09-24,1085.0,1085.0,1000
NICFC,2026-09-24,8.91,8.87,3400
NICGF2,2026-09-24,8.7,8.9,31400
NICL,2026-09-24,447.3,456.0,5455
NICLBSL,2026-09-24,519.0,516.9,3514
NICSF,2026-09-24,8.8,8.6,4648
NIFRA,2026-09-24,252.7,253.0,36838
NIFRAGED,2026-09-24,1112.4,1100.0,2810
NYADI,2026-09-24,355.0,351.4,2979
OHL,2026-09-24,644.8,638.0,590
OMPL,2026-09-24,877.0,870.0,11764
RNLI,2026-09-24,436.0,438.1,19571
RFPL,2026-09-24,331.1,336.0,13455
RHGCL,2026-09-24,268.0,262.8,29613
RHPL,2026-09-24,170.0,172.0,77573
RIDI,2026-09-24,347.0,343.0,218996
RLEL,2026-09-24,735.0,752.1,8057
RLFL,2026-09-24,401.8,424.0,7669
RMF1,2026-09-24,9.27,9.39,67440
RMF2,2026-09-24,10.25,10.29,89745
RSDC,2026-09-24,632.0,628.0,1356
RBCL,2026-09-24,13825.1,14000.0,61
RSML,2026-09-24,2730.0,2754.0,80716
RSY,2026-09-24,9.31,9.37,1100
RSY2,2026-09-24,8.61,8.97,2600
RURU,2026-09-24,592.0,604.0,3435
SABBL,2026-09-24,866.0,871.0,5570
SADBL,2026-09-24,411.5,404.5,41043
SAEF2,2026-09-24,8.97,9.06,2800
SAGAR,2026-09-24,1565.1,1608.0,6310
RBCLPO,2026-09-24,11514.0,11514.0,10
RBBF40,2026-09-24,8.8,8.95,4200
PBD88,2026-09-24,1191.0,1190.0,25
PPCL,2026-09-24,341.0,335.0,13067
PBD93,2026-09-24,1068.0,1065.0,1735
PBLD87,2026-09-24,1095.0,1095.0,25
PCBL,2026-09-24,250.6,257.0,107064
PCIL,2026-09-24,605.0,633.0,112324
PFL,2026-09-24,360.0,351.0,15313
PHCL,2026-09-24,312.0,319.6,216676
PMHPL,2026-09-24,305.0,309.0,2542
PMLI,2026-09-24,413.0,423.0,2358
PPL,2026-09-24,321.0,324.9,10813
RBBD83,2026-09-24,1022.1,1022.1,25
PRIN,2026-09-24,601.9,592.0,8386
PROFL,2026-09-24,387.0,391.0,2386
PRSF,2026-09-24,11.85,11.83,174100
PRVU,2026-09-24,188.0,187.3,66281
PSF,2026-09-24,11.1,10.86,292062
PURE,2026-09-24,800.0,817.0,7523
RADHI,2026-09-24,717.0,721.7,107535
RAWA,2026-09-24,407.0,416.0,14112
NBL,2026-09-23,297.0,291.5,194829
YMHL,2026-09-23,551.0,562.0,20411
SHL,2026-09-23,519.0,517.6,35072
GMFBS,2026-09-23,1092.9,1100.0,564
ADBL,2026-09-23,313.9,311.0,39944
AHL,2026-09-23,388.0,392.0,3559
AHPC,2026-09-23,270.0,266.2,70853
AKJCL,2026-09-23,368.0,358.0,479494
AKPL,2026-09-23,257.0,251.6,68925
ALBSL,2026-09-23,1174.0,1194.0,19673
ALICL,2026-09-23,435.0,427.0,42464
APHL,2026-09-23,670.0,661.3,9359
BHCL,2026-09-23,539.9,559.0,114073
API,2026-09-23,338.0,334.0,233494
AVYAN,2026-09-23,1038.0,1059.0,879
BANDIPUR,2026-09-23,651.0,639.0,32909
BARUN,2026-09-23,318.3,329.0,54580
BBC,2026-09-23,4111.0,4052.0,743
BEDC,2026-09-23,315.0,307.0,31883
BFC,2026-09-23,451.0,444.0,22648
BGWT,2026-09-23,465.5,487.1,6489
CLI,2026-09-23,438.0,436.0,9186
CREST,2026-09-23,1087.0,1094.9,2761
ACLBSL,2026-09-23,875.1,878.0,856
ANLB,2026-09-23,4903.0,4937.9,684
CORBL,2026-09-23,819.9,802.0,10093
BHL,2026-09-23,225.0,212.0,187189
BNHC,2026-09-23,269.8,276.6,17385
BNL,2026-09-23,14244.7,14244.7,10
BNT,2026-09-23,12489.0,11932.0,221
BOKD86KA,2026-09-23,1120.0,1120.0,30
BPCL,2026-09-23,685.0,674.9,52873
BUNGAL,2026-09-23,499.3,511.0,22600
C30MF,2026-09-23,10.17,10.1,85375
CBLD88,2026-09-23,1236.0,1236.0,25
CFCL,2026-09-23,607.0,567.0,27553
BHDC,2026-09-23,440.0,431.0,15812
CGH,2026-09-23,776.0,782.9,3221
CHCL,2026-09-23,361.0,354.5,68426
CHDC,2026-09-23,2363.0,2388.0,38874
CHL,2026-09-23,269.0,265.0,20432
CIT,2026-09-23,1836.0,1736.0,5207
CITY,2026-09-23,360.0,351.1,73489
CKHL,2026-09-23,570.4,587.0,2869
BHPL,2026-09-23,437.0,448.0,10091
HDHPC,2026-09-23,214.7,220.0,237880
GBLBS,2026-09-23,685.8,692.5,8463
SHIVM,2026-09-23,686.0,687.0,555271
GCIL,2026-09-23,382.0,374.8,28346
DDBL,2026-09-23,865.0,856.0,6310
DHEL,2026-09-23,564.0,555.0,7243
DHPL,2026-09-23,277.0,273.0,5407
DLBS,2026-09-23,1109.0,1341.9,3513
DOLTI,2026-09-23,312.0,304.0,30328
DORDI,2026-09-23,270.0,262.0,72690
EBLD85,2026-09-23,1160.0,1103.0,3
GBBL,2026-09-23,460.0,451.0,162972
EBLD86,2026-09-23,1059.0,1059.0,25
EBLD91,2026-09-23,1080.0,1112.0,126
ECL,2026-09-23,1329.0,1298.8,11449
EDBL,2026-09-23,580.0,563.0,7551
EHPL,2026-09-23,335.0,326.0,10566
ENL,2026-09-23,531.1,555.0,28958
FMDBL,2026-09-23,795.4,750.0,29904
FOWAD,2026-09-23,904.0,893.0,1762
NBF3,2026-09-23,9.3,9.23,400
NBLD85,2026-09-23,1040.0,1040.0,25
SAGF,2026-09-23,9.68,9.41,200
CZBIL,2026-09-23,215.9,212.0,111232
CYCL,2026-09-23,1441.0,1531.0,11277
EBL,2026-09-23,733.0,696.8,22396
GMLI,2026-09-23,990.0,1000.0,504
GFCL,2026-09-23,570.0,575.0,12075
GHL,2026-09-23,255.0,257.0,663274
GIBF1,2026-09-23,11.61,11.5,45700
GILB,2026-09-23,1140.0,1128.1,2651
GLBSL,2026-09-23,1727.0,1710.0,290
GLH,2026-09-23,280.0,279.2,156701
GMFIL,2026-09-23,450.0,426.0,10650
GBIME,2026-09-23,247.5,243.0,265723
GRDBL,2026-09-23,975.2,965.0,12477
CSY,2026-09-23,8.3,8.56,1100
GSY,2026-09-23,8.95,9.21,2100
GUFL,2026-09-23,506.0,496.0,9830
GVL,2026-09-23,494.0,490.0,17281
H8020,2026-09-23,10.95,10.9,44352
HATHY,2026-09-23,492.0,469.0,178885
HBL,2026-09-23,190.0,197.0,61761
GBIMESY2,2026-09-23,8.96,9.26,1835
GBILD84/85,2026-09-23,1151.0,1158.0,301
BJHL,2026-09-23,650.0,634.1,8683
CBBL,2026-09-23,965.0,949.0,27893
HDL,2026-09-23,1284.0,1278.3,160407
HEI,2026-09-23,470.0,474.7,6649
HFIN,2026-09-23,627.0,613.0,18042
HHL,2026-09-23,337.0,340.0,36977
HIDCL,2026-09-23,265.0,256.3,121254
HIDCLP,2026-09-23,194.0,191.9,90304
HIMSTAR,2026-09-23,644.0,645.5,3065
HLBSL,2026-09-23,880.0,865.2,1173
HLI,2026-09-23,314.0,306.9,40726
HLICF,2026-09-23,8.25,8.41,5011650
HRL,2026-09-23,517.0,506.0,79602
ILI,2026-09-23,435.0,427.0,13889
HURJA,2026-09-23,259.0,252.0,111584
ICFC,2026-09-23,595.1,591.9,10309
ICFCD88,2026-09-23,1127.0,1130.0,125
ICFCD89,2026-09-23,1076.68,1093.0,305
IGI,2026-09-23,404.0,392.3,15622
IHL,2026-09-23,360.0,325.1,9830
ILBS,2026-09-23,965.0,968.0,15245
ILBSP,2026-09-23,450.0,450.0,8258
LLBS,2026-09-23,850.0,854.0,1039
HPPL,2026-09-23,380.0,372.2,94175
JBBL,2026-09-23,354.1,348.3,54465
JBLB,2026-09-23,1275.2,1275.1,2707
KEF,2026-09-23,9.43,9.43,3650
JOSHI,2026-09-23,269.0,263.2,12173
JSLBB,2026-09-23,984.0,970.0,218
KAHL,2026-09-23,497.0,490.0,20635
KBL,2026-09-23,228.0,225.0,547381
KBLPO,2026-09-23,100.0,100.0,258209
KBSH,2026-09-23,825.0,818.6,3129
KDBY,2026-09-23,10.03,10.18,52800
KDL,2026-09-23,615.5,614.5,37739
KHPL,2026-09-23,740.0,715.0,7754
JFL,2026-09-23,270.0,279.1,13622
KKHC,2026-09-23,279.0,275.0,279798
KMCDB,2026-09-23,840.0,810.0,2877
KPCL,2026-09-23,472.0,464.1,10072
KSBBL,2026-09-23,457.5,450.2,52464
KSY,2026-09-23,8.86,8.86,100
LBBL,2026-09-23,486.7,485.9,29729
LEC,2026-09-23,260.0,254.0,509056
LICN,2026-09-23,813.0,791.9,29284
LSH12,2026-09-23,8.98,9.2,14800
LSL,2026-09-23,251.0,245.9,761653
MNBBL,2026-09-23,356.8,338.0,30945
MHL,2026-09-23,460.0,456.0,7277
MAKAR,2026-09-23,419.7,410.8,67850
MANDU,2026-09-23,755.0,751.0,21166
MATRI,2026-09-23,750.0,748.9,447
MBJC,2026-09-23,300.0,295.0,44830
MBL,2026-09-23,264.0,258.0,143441
MBLD87,2026-09-23,1127.0,1127.0,14
MBLEF,2026-09-23,9.0,9.3,14800
MDB,2026-09-23,565.0,555.1,9187
MEHL,2026-09-23,259.0,250.0,117343
MCHL,2026-09-23,280.0,263.0,2979
MEL,2026-09-23,216.0,214.5,19622
MEN,2026-09-23,657.0,651.2,68582
MEPDL,2026-09-23,684.0,646.2,32715
MERO,2026-09-23,613.0,604.0,4517
MFIL,2026-09-23,745.0,769.0,19727
MFLD85,2026-09-23,1105.0,1105.0,150
MHCL,2026-09-23,297.0,293.1,4307
HEIP,2026-09-23,323.5,310.1,350
MABEL,2026-09-23,592.0,576.0,3561
LVF2,2026-09-23,9.0,9.15,700
MKHL,2026-09-23,495.0,495.1,4305
MKCL,2026-09-23,890.0,870.0,2079
MKJC,2026-09-23,321.1,339.0,109908
MLBBL,2026-09-23,1005.0,969.0,2449
MLBL,2026-09-23,361.0,360.0,46963
MLBS,2026-09-23,1020.0,1000.0,490
MLBSL,2026-09-23,1126.0,1111.0,580
MMF1,2026-09-23,8.9,8.8,4800
MMKJL,2026-09-23,361.5,365.0,6142
MNMF1,2026-09-23,8.96,9.15,236252
MPFL,2026-09-23,600.0,590.0,18465
MHNL,2026-09-23,258.0,256.9,32523
MSHL,2026-09-23,620.0,622.0,16853
MSLB,2026-09-23,1185.0,1200.0,212
NABBC,2026-09-23,745.0,745.0,28653
NABIL,2026-09-23,570.0,565.0,88903
NABILD2089,2026-09-23,1076.18,1076.18,25
NADEP,2026-09-23,714.0,690.0,2270
NBF2,2026-09-23,9.6,9.25,31230
MKHC,2026-09-23,265.0,258.0,14403
SINDU,2026-09-23,409.5,418.5,8425
JHAPA,2026-09-23,1064.0,1033.2,3446
NIMBPO,2026-09-23,145.0,141.1,3716
NICAD2091,2026-09-23,1070.0,1070.0,172
NFS,2026-09-23,496.0,486.0,5993
NGPL,2026-09-23,410.0,405.0,106852
NHDL,2026-09-23,648.8,637.0,8471
NHPC,2026-09-23,261.0,267.0,240865
NIBLGF,2026-09-23,8.71,8.61,701600
NIBLSTF,2026-09-23,8.33,8.3,12600
NICA,2026-09-23,324.0,317.0,78682
NICSF,2026-09-23,8.21,8.6,2850
NICAD85/86,2026-09-23,1120.0,1120.0,425
NCCD86,2026-09-23,1168.0,1168.0,25
NICAP,2026-09-23,179.0,179.0,35225
NICBF,2026-09-23,8.8,8.8,100
NICFC,2026-09-23,8.71,8.91,700
NICGF2,2026-09-23,8.55,8.7,2100
NICL,2026-09-23,465.0,459.0,15398
NICLBSL,2026-09-23,520.0,513.0,6901
NTC,2026-09-23,920.0,906.0,15992
NWCL,2026-09-23,597.0,611.0,3149
NESDO,2026-09-23,1350.0,1331.0,490
NIBSF2,2026-09-23,8.32,8.52,2160
NMBMF,2026-09-23,609.6,603.0,5101
NMFBS,2026-09-23,1206.0,1181.0,21461
SHLB,2026-09-23,1290.0,1305.0,60
NLG,2026-09-23,539.0,518.0,8127
NLIC,2026-09-23,792.7,743.4,19350
NLICL,2026-09-23,580.1,572.0,16226
NMB,2026-09-23,255.0,253.7,111849
NMBHF2,2026-09-23,8.78,9.1,12180
NMBUR93/94,2026-09-23,920.0,923.0,50
NIFRAGED,2026-09-23,1044.8,1082.0,782
NMIC,2026-09-23,830.0,830.0,3044
NUBL,2026-09-23,613.0,598.0,5355
NMLBBL,2026-09-23,511.9,503.0,14611
NRIC,2026-09-23,873.6,820.0,13389
NRM,2026-09-23,290.1,288.4,4618
NRN,2026-09-23,1448.0,1416.2,80844
NSIF2,2026-09-23,9.97,10.08,6900
NSY,2026-09-23,9.0,9.1,4038
NIFRAUR85/86,2026-09-23,1041.2,1050.0,54
NIFRA,2026-09-23,257.0,252.7,70936
SAEF2,2026-09-23,9.0,9.06,4450
RMF1,2026-09-23,9.03,9.29,400
RBBF40,2026-09-23,9.22,8.96,1200
PURE,2026-09-23,850.0,795.0,8917
OMPL,2026-09-23,880.0,875.0,3341
PBD84,2026-09-23,1060.0,1080.0,65
PBD93,2026-09-23,1069.8,1068.0,67448
PBLD84,2026-09-23,1090.0,1090.0,120
PCBL,2026-09-23,260.0,253.0,200703
PCIL,2026-09-23,584.3,611.0,27969
PFL,2026-09-23,365.0,355.4,15258
PMHPL,2026-09-23,305.0,307.6,6151
PMLI,2026-09-23,432.8,420.0,8727
RBCL,2026-09-23,13701.0,13801.0,30
PPCL,2026-09-23,324.0,337.9,11016
PPL,2026-09-23,331.0,325.0,36332
PRIN,2026-09-23,606.4,601.9,2657
PROFL,2026-09-23,392.0,383.3,12120
PRSF,2026-09-23,11.97,11.77,98100
PRVU,2026-09-23,190.0,186.3,119705
PSF,2026-09-23,11.0,10.93,34300
VLBS,2026-09-23,631.0,632.0,3829
OHL,2026-09-23,648.0,637.0,9074
PHCL,2026-09-23,321.8,312.0,233179
NYADI,2026-09-23,359.0,358.0,4296
RADHI,2026-09-23,715.0,717.0,187454
RFPL,2026-09-23,337.0,334.2,19246
RHGCL,2026-09-23,273.0,267.9,45001
RHPL,2026-09-23,166.0,170.0,69980
RIDI,2026-09-23,348.2,344.6,252169
RLEL,2026-09-23,766.0,745.0,10135
RLFL,2026-09-23,443.1,422.9,15075
RMF2,2026-09-23,9.92,10.03,8200
RAWA,2026-09-23,422.4,414.0,15209
RNLI,2026-09-23,468.8,438.0,38210
RSDC,2026-09-23,640.0,631.0,1181
RSML,2026-09-23,2699.5,2722.9,78342
RSY,2026-09-23,9.3,9.57,1800
RSY2,2026-09-23,8.9,8.85,254800
RURU,2026-09-23,591.3,592.0,2755
SABBL,2026-09-23,888.0,872.9,9287
SADBL,2026-09-23,429.0,428.0,371863
RBBD2088,2026-09-23,1070.0,1070.0,150
NIMB,2026-09-23,206.8,192.5,183540
NIL,2026-09-23,530.0,533.0,2360
TRH,2026-09-23,810.0,813.9,14369
SEF,2026-09-23,9.7,9.7,1500
SAPIL,2026-09-23,1357.0,1333.0,25003
SARBTM,2026-09-23,819.0,812.1,17549
SBCF,2026-09-23,9.4,9.0,12200
SBID2090,2026-09-23,1055.0,1055.0,300
SGIC,2026-09-23,393.8,387.0,9548
SBID83,2026-09-23,1028.1,1028.0,500
SBL,2026-09-23,460.0,457.0,215907
SCB,2026-09-23,689.8,655.2,12907
SEF2,2026-09-23,8.9,9.1,5200
SICL,2026-09-23,566.0,558.0,5471
SFEF,2026-09-23,8.73,8.92,3500
SGHC,2026-09-23,301.2,297.0,39313
SGHL,2026-09-23,490.0,485.1,50071
SMATA,2026-09-23,709.0,695.0,1852
SMFBS,2026-09-23,1412.4,1417.0,745
NBLD87,2026-09-23,1072.4,1060.0,700
ULHC,2026-09-23,328.0,330.0,19055
TPKHL,2026-09-23,518.0,507.0,24578
SAPDBL,2026-09-23,659.0,606.0,35114
SANVI,2026-09-23,551.0,564.0,17359
SANIMA,2026-09-23,370.0,368.0,57926
SALICO,2026-09-23,542.0,540.0,2841
SIGS3,2026-09-23,10.27,10.27,200
SIKLES,2026-09-23,590.0,571.0,18849
SIPD,2026-09-23,570.0,563.9,14473
SHINE,2026-09-23,433.0,429.1,66094
SJCL,2026-09-23,243.0,246.0,10272
SJLIC,2026-09-23,417.4,415.0,26431
SKBBL,2026-09-23,765.0,762.0,8478
SKHEL,2026-09-23,850.0,845.0,1767
SKHL,2026-09-23,751.1,743.9,13153
SLBBL,2026-09-23,811.1,807.1,10027
SLBSL,2026-09-23,905.0,904.0,1008
SLCF,2026-09-23,8.95,9.0,600
SHINED,2026-09-23,1120.0,1130.0,206
SHEL,2026-09-23,304.2,302.0,232730
SMB,2026-09-23,1845.0,1859.0,958
SBI,2026-09-23,410.0,407.0,19750
SAIL,2026-09-23,1039.0,973.0,16664
VLUCL,2026-09-23,387.0,387.0,4531
TSHL,2026-09-23,357.0,353.0,2558
TTL,2026-09-23,695.0,688.4,7502
SMPDA,2026-09-23,755.0,748.0,436
SNORL,2026-09-23,960.0,945.0,40152
SOHL,2026-09-23,656.0,643.1,196489
SONA,2026-09-23,404.0,404.0,71748
SOPL,2026-09-23,745.0,734.9,18270
SPDL,2026-09-23,349.0,356.0,20762
SWMF,2026-09-23,635.0,614.7,3930
SPHL,2026-09-23,505.6,513.9,9536
SPIL,2026-09-23,629.0,630.0,1424
SPL,2026-09-23,615.0,602.9,3597
SRLI,2026-09-23,396.9,368.0,64729
SSHL,2026-09-23,203.2,210.0,196695
STC,2026-09-23,5600.0,5499.0,6592
SHPC,2026-09-23,539.0,529.9,153981
SWASTIK,2026-09-23,1820.0,1820.0,485
SWBBL,2026-09-23,703.0,701.0,3430
SAHAS,2026-09-23,697.0,696.9,95543
SAGAR,2026-09-23,1608.2,1590.0,8237
SNLI,2026-09-23,448.8,417.0,17680
SMJC,2026-09-23,420.0,411.9,12532
TVCL,2026-09-23,299.1,296.0,8854
SMHL,2026-09-23,469.0,468.0,69484
UAIL,2026-09-23,378.0,370.0,15541
UHEWA,2026-09-23,597.0,592.0,14185
ULBSL,2026-09-23,2510.0,2554.0,1529
UMHL,2026-09-23,555.3,564.7,61111
TAMOR,2026-09-23,533.1,534.0,245926
UMRH,2026-09-23,517.9,505.0,9986
UNHPL,2026-09-23,361.5,361.0,20148
UNLB,2026-09-23,1262.0,1249.0,665
UPCL,2026-09-23,350.0,336.0,31506
UPPER,2026-09-23,196.0,193.5,116518
USHEC,2026-09-23,510.0,508.9,26735
USHL,2026-09-23,512.7,521.5,1171
USLB,2026-09-23,1045.0,1093.0,3774
TPC,2026-09-23,365.0,363.4,20864
SYPNL,2026-09-23,1319.0,1309.8,28080
SMH,2026-09-23,520.1,511.0,8347
SPC,2026-09-23,402.6,405.0,5925
SIFC,2026-09-23,483.1,481.0,11886
LSL,2026-09-22,251.0,250.0,693050
KAHL,2026-09-22,510.0,497.5,21826
RBCLPO,2026-09-22,11870.0,11870.0,10
NFS,2026-09-22,504.0,495.1,7049
RBBD2088,2026-09-22,1101.0,1101.0,50
HHL,2026-09-22,323.9,342.0,22895
JFL,2026-09-22,304.0,282.0,14357
USHL,2026-09-22,515.0,515.0,2040
SHPC,2026-09-22,563.7,538.0,125757
CCBD88,2026-09-22,1210.0,1210.0,50
AHL,2026-09-22,400.0,400.0,2036
AHPC,2026-09-22,275.0,270.6,100592
AKJCL,2026-09-22,341.1,364.8,378206
AKPL,2026-09-22,258.9,257.7,79712
ALICL,2026-09-22,425.5,439.6,32797
BFC,2026-09-22,464.0,456.0,9965
ANLB,2026-09-22,4900.0,4979.9,461
API,2026-09-22,336.0,338.9,229526
BHDC,2026-09-22,435.0,439.8,14426
AVYAN,2026-09-22,1061.0,1050.3,1425
BANDIPUR,2026-09-22,650.0,655.0,17699
BARUN,2026-09-22,334.0,335.0,44395
BBC,2026-09-22,4190.0,4102.0,394
BEDC,2026-09-22,296.3,315.9,34871
CITY,2026-09-22,352.1,361.0,76652
CLI,2026-09-22,439.0,440.2,25764
HATHY,2026-09-22,474.9,489.0,960079
GLBSL,2026-09-22,1764.0,1727.0,344
GBIME,2026-09-22,252.0,247.5,455178
ADBL,2026-09-22,316.0,313.9,86402
APHL,2026-09-22,680.0,684.9,6165
JSLBB,2026-09-22,962.0,963.0,462
CORBL,2026-09-22,800.0,816.0,12374
BNL,2026-09-22,14386.1,13829.9,85
BNT,2026-09-22,12200.0,12495.1,195
BPCL,2026-09-22,695.0,688.8,33125
BUNGAL,2026-09-22,524.0,525.5,8155
CBBL,2026-09-22,912.0,960.1,47829
BHCL,2026-09-22,544.0,539.9,25835
CBLD88,2026-09-22,1200.0,1200.0,25
CFCL,2026-09-22,565.0,578.2,100409
CGH,2026-09-22,791.1,786.0,5724
RBCL,2026-09-22,14000.0,14000.0,232
CHCL,2026-09-22,369.7,361.9,73077
CHDC,2026-09-22,2387.1,2386.1,23848
CHL,2026-09-22,268.0,269.0,23640
CIT,2026-09-22,1740.0,1749.0,9623
BHL,2026-09-22,218.0,217.0,178231
BGWT,2026-09-22,480.0,490.0,9696
CKHL,2026-09-22,579.0,588.0,2379
ALBSL,2026-09-22,1173.0,1192.0,13999
GMFIL,2026-09-22,423.1,431.9,7459
GMLI,2026-09-22,1000.1,1020.0,1412
GCIL,2026-09-22,376.0,382.0,25121
ECL,2026-09-22,1360.0,1330.0,10843
DHPL,2026-09-22,280.0,279.0,2315
DLBS,2026-09-22,1148.5,1166.9,1423
DOLTI,2026-09-22,293.6,307.0,32815
EBL,2026-09-22,701.0,698.1,48022
FOWAD,2026-09-22,910.0,913.0,2899
EBLD85,2026-09-22,1105.1,1160.0,165
GBILD86/87,2026-09-22,1090.0,1090.0,25
CZBIL,2026-09-22,202.3,214.3,175463
EDBL,2026-09-22,577.0,580.1,15546
DDBL,2026-09-22,864.0,865.5,9883
EHPL,2026-09-22,351.7,333.8,6179
ENL,2026-09-22,584.8,559.0,20881
FMDBL,2026-09-22,765.0,820.0,30434
NBF3,2026-09-22,9.45,9.51,26300
NBL,2026-09-22,297.0,297.0,352689
NBLD85,2026-09-22,1038.0,1038.0,25
SIKLES,2026-09-22,587.0,585.0,9986
SHLB,2026-09-22,1320.0,1315.9,40
DHEL,2026-09-22,571.0,564.0,20693
EBLD91,2026-09-22,1077.0,1080.0,50
GFCL,2026-09-22,580.0,583.7,8444
GRDBL,2026-09-22,972.0,996.0,6627
GHL,2026-09-22,246.0,254.2,870653
GIBF1,2026-09-22,11.45,11.6,15950
GILB,2026-09-22,1138.5,1140.0,3948
GLH,2026-09-22,271.0,280.0,305289
GBBL,2026-09-22,456.5,457.3,124504
GMFBS,2026-09-22,1090.0,1122.0,1066
GBIMESY2,2026-09-22,9.0,8.93,1400
GBLBS,2026-09-22,690.0,706.0,6615
GSY,2026-09-22,8.93,8.97,3100
CYCL,2026-09-22,1482.0,1452.0,25904
GUFL,2026-09-22,510.0,506.0,10264
GVL,2026-09-22,495.0,495.2,33937
H8020,2026-09-22,11.02,11.0,94422
EBLD86,2026-09-22,1058.6,1090.0,55
GBBD85,2026-09-22,1055.0,1057.0,5
CREST,2026-09-22,1105.0,1099.0,12631
DORDI,2026-09-22,263.0,270.0,111209
CSY,2026-09-22,8.55,8.54,19510
BNHC,2026-09-22,277.5,283.9,15374
BJHL,2026-09-22,660.0,650.0,12081
SJCL,2026-09-22,262.5,249.7,17854
BHPL,2026-09-22,493.0,460.0,8111
HIDCL,2026-09-22,258.0,262.0,121068
HIDCLP,2026-09-22,192.0,194.2,99369
HIMSTAR,2026-09-22,680.0,656.0,1709
HLBSL,2026-09-22,878.0,889.6,713
HLI,2026-09-22,314.0,314.5,60624
USLB,2026-09-22,1085.0,1100.0,3157
ILBS,2026-09-22,1118.0,1004.9,13965
HPPL,2026-09-22,384.0,381.0,91552
HURJA,2026-09-22,259.0,260.0,121112
ICFC,2026-09-22,606.0,599.8,5100
HRL,2026-09-22,520.0,517.2,57192
ICFCD88,2026-09-22,1154.0,1160.0,75
ICFCD89,2026-09-22,1107.0,1090.1,100
IGI,2026-09-22,400.0,403.0,8564
IHL,2026-09-22,338.0,343.0,10810
LICN,2026-09-22,814.0,813.4,18517
LLBS,2026-09-22,865.0,873.0,19054
JOSHI,2026-09-22,267.1,269.0,6925
MNBBL,2026-09-22,336.0,339.9,41594
JBLB,2026-09-22,1270.0,1281.0,6069
HEIP,2026-09-22,318.0,314.1,110
HEI,2026-09-22,475.0,478.9,15554
KMCDB,2026-09-22,836.5,855.0,6026
KBL,2026-09-22,228.0,228.0,797064
KBLD86,2026-09-22,1201.0,1201.0,25
KBLD89,2026-09-22,1275.0,1310.0,50
KBSH,2026-09-22,847.8,837.5,4287
KDBY,2026-09-22,10.1,10.19,39755
KDL,2026-09-22,618.0,615.5,32593
KEF,2026-09-22,9.3,9.6,7050
KHPL,2026-09-22,735.0,736.5,7031
JHAPA,2026-09-22,1053.0,1060.0,2710
HLICF,2026-09-22,8.22,8.24,3000700
KPCL,2026-09-22,470.0,472.0,5534
KSBBL,2026-09-22,453.1,459.0,31385
KSY,2026-09-22,8.82,9.1,800
LBBL,2026-09-22,485.0,490.8,59865
LEC,2026-09-22,260.4,260.0,753438
LSH12,2026-09-22,9.01,9.2,3300
JBBL,2026-09-22,364.3,356.0,141988
ILI,2026-09-22,408.5,435.0,18941
MKHL,2026-09-22,511.0,502.6,2714
MLBBL,2026-09-22,1010.5,993.9,914
MSHL,2026-09-22,542.8,606.0,15749
MKHC,2026-09-22,270.0,265.0,6199
MAKAR,2026-09-22,425.0,418.2,132986
MANDU,2026-09-22,700.0,754.0,19936
MATRI,2026-09-22,740.0,748.0,572
MBJC,2026-09-22,301.0,302.0,65865
MBLEF,2026-09-22,9.12,9.27,700
MHCL,2026-09-22,299.0,300.0,3515
MCHL,2026-09-22,283.0,272.0,9843
MKCL,2026-09-22,880.0,886.0,810
MEL,2026-09-22,216.0,216.0,33036
MEHL,2026-09-22,260.0,259.0,61578
MEN,2026-09-22,650.0,657.0,145006
MEPDL,2026-09-22,695.0,685.4,32090
MERO,2026-09-22,605.7,612.0,12849
MFIL,2026-09-22,740.0,765.0,29967
HDL,2026-09-22,1230.0,1284.0,318660
HDHPC,2026-09-22,220.0,226.0,487382
HBL,2026-09-22,198.0,200.0,116095
C30MF,2026-09-22,9.76,10.02,6100
MABEL,2026-09-22,603.0,595.0,3306
HFIN,2026-09-22,631.0,628.4,16421
MLBL,2026-09-22,382.7,365.0,27560
MKJC,2026-09-22,304.0,338.0,113194
MLBS,2026-09-22,1005.1,1019.8,195
MLBSL,2026-09-22,1134.0,1126.0,1026
MMF1,2026-09-22,8.78,8.93,19700
MMKJL,2026-09-22,364.0,365.4,12472
MNMF1,2026-09-22,9.11,9.22,13215
MHNL,2026-09-22,265.0,261.1,15766
MPFL,2026-09-22,588.6,590.0,15536
MSLB,2026-09-22,1244.0,1212.0,435
NABBC,2026-09-22,765.0,749.0,38083
LVF2,2026-09-22,9.0,9.1,1200
NABIL,2026-09-22,565.0,565.7,90005
NABILD87,2026-09-22,1125.0,1134.0,50
NADEP,2026-09-22,699.0,704.0,2533
NBF2,2026-09-22,9.58,9.6,3020
MDB,2026-09-22,579.0,570.0,6165
MHL,2026-09-22,460.0,464.8,15359
LUK,2026-09-22,9.75,9.77,8650
MBL,2026-09-22,260.8,264.3,174783
SMH,2026-09-22,528.0,523.0,8131
KKHC,2026-09-22,283.5,279.0,166184
RBBF40,2026-09-22,8.76,8.96,1290
NICAD2091,2026-09-22,1045.1,1070.0,53
NMB,2026-09-22,258.2,259.0,140317
NLICL,2026-09-22,580.9,582.0,22517
NLIC,2026-09-22,730.0,755.0,54354
NICGF2,2026-09-22,8.71,8.75,200
NHPC,2026-09-22,274.9,274.0,317874
NIBLSTF,2026-09-22,8.6,8.33,19400
NICSF,2026-09-22,8.26,8.4,12180
NIBSF2,2026-09-22,8.52,8.52,6400
OMPL,2026-09-22,898.0,894.9,3387
SAPDBL,2026-09-22,636.0,628.0,12403
NICBF,2026-09-22,8.9,8.9,1050
NICFC,2026-09-22,8.92,8.93,9955
NICL,2026-09-22,466.1,465.7,34480
NLG,2026-09-22,535.0,526.0,7222
NICLBSL,2026-09-22,520.0,520.0,15131
NTC,2026-09-22,895.1,920.0,50277
NWCL,2026-09-22,627.8,612.9,430
SADBL,2026-09-22,424.0,429.0,61420
NICA,2026-09-22,328.0,326.3,61214
NGPL,2026-09-22,413.0,411.0,132714
OHL,2026-09-22,658.7,655.0,4012
NMLBBL,2026-09-22,518.7,516.0,11339
SICL,2026-09-22,573.0,566.0,9422
SANVI,2026-09-22,570.0,580.0,5677
SANIMA,2026-09-22,380.0,371.0,134122
NMBHF2,2026-09-22,8.85,9.05,306820
NMBMF,2026-09-22,597.0,613.0,3081
NMFBS,2026-09-22,1195.0,1190.0,4635
NIFRAGED,2026-09-22,1030.1,1030.1,25
NMFBSP,2026-09-22,655.0,655.0,4000
NYADI,2026-09-22,367.8,364.5,6046
NIBLGF,2026-09-22,8.85,8.71,116510
NRIC,2026-09-22,840.0,832.0,16729
NRM,2026-09-22,277.9,294.0,4204
NRN,2026-09-22,1450.0,1448.0,107990
NSIF2,2026-09-22,10.0,10.16,11244
NSY,2026-09-22,9.0,9.21,7000
PBD84,2026-09-22,1040.0,1040.1,85
NIFRA,2026-09-22,256.0,257.9,113991
NUBL,2026-09-22,612.0,612.0,8351
RLFL,2026-09-22,424.0,422.0,17564
SAHAS,2026-09-22,695.0,697.0,138553
NIMBPO,2026-09-22,149.0,148.8,3946
PMLI,2026-09-22,427.2,432.8,7455
PPCL,2026-09-22,364.8,341.0,34421
RIDI,2026-09-22,350.0,349.7,320644
RHGCL,2026-09-22,272.0,273.9,38868
PCIL,2026-09-22,622.1,615.0,44533
PRSF,2026-09-22,11.75,11.9,18507
PFL,2026-09-22,370.0,360.0,15983
PMHPL,2026-09-22,314.5,310.0,4935
PURE,2026-09-22,808.0,835.0,10743
PPL,2026-09-22,325.0,333.0,42660
RNLI,2026-09-22,445.0,446.5,29501
SAIL,2026-09-22,1000.0,995.0,17313
PRIN,2026-09-22,605.0,609.9,10612
PROFL,2026-09-22,386.0,395.0,9318
PRVU,2026-09-22,190.0,190.4,193087
RFPL,2026-09-22,358.8,341.0,30367
PSF,2026-09-22,11.0,10.92,22002
YMHL,2026-09-22,589.4,579.9,25435
USHEC,2026-09-22,503.0,512.0,21462
SAPIL,2026-09-22,1366.0,1357.3,20495
NIMB,2026-09-22,205.5,197.0,232106
PHCL,2026-09-22,328.0,323.0,198684
NIFRAUR85/86,2026-09-22,1010.9,1010.9,25
PBD88,2026-09-22,1210.0,1191.0,175
PBD93,2026-09-22,996.0,1069.8,5705
PCBL,2026-09-22,259.0,260.0,216406
RSY2,2026-09-22,9.0,9.16,15500
RLEL,2026-09-22,766.0,766.0,7369
RMF1,2026-09-22,9.17,9.3,17000
RAWA,2026-09-22,422.8,428.0,14571
RMF2,2026-09-22,10.17,10.18,8900
RSDC,2026-09-22,635.0,640.0,6415
SAGF,2026-09-22,9.78,9.4,8000
RSML,2026-09-22,2701.0,2699.0,41123
RSY,2026-09-22,9.31,9.3,1800
RURU,2026-09-22,596.0,598.0,14402
RHPL,2026-09-22,176.0,173.9,143989
SABBL,2026-09-22,897.0,888.0,6523
SALICO,2026-09-22,555.0,544.0,4097
RADHI,2026-09-22,712.0,719.9,74585
NMIC,2026-09-22,850.0,836.3,4284
NIL,2026-09-22,535.0,535.0,10350
NHDL,2026-09-22,636.0,643.8,2447
SCBD,2026-09-22,1057.0,1065.0,51
SBCF,2026-09-22,9.03,9.4,1610
SBI,2026-09-22,409.0,408.8,31928
SBID2090,2026-09-22,1055.0,1055.0,350
SBID89,2026-09-22,1142.0,1145.0,52
SGHL,2026-09-22,497.0,496.0,41994
SBL,2026-09-22,447.5,458.0,333403
SEF,2026-09-22,9.2,9.74,43748
SHL,2026-09-22,520.2,519.0,44000
SHINED,2026-09-22,1105.0,1101.0,100
SEF2,2026-09-22,9.0,9.12,19910
SFEF,2026-09-22,9.01,9.0,702900
SFMF,2026-09-22,9.22,9.22,100
SGHC,2026-09-22,306.3,305.0,47944
SLCF,2026-09-22,9.17,9.2,3100
SMB,2026-09-22,1845.0,1845.0,850
SAGAR,2026-09-22,1590.0,1647.0,6267
UHEWA,2026-09-22,600.0,597.0,24858
SARBTM,2026-09-22,809.0,819.0,19567
SCB,2026-09-22,660.0,657.0,16227
NMBUR93/94,2026-09-22,911.1,929.0,75
SMHL,2026-09-22,470.0,473.5,37766
SIGS3,2026-09-22,10.26,10.26,100
SINDU,2026-09-22,403.8,431.0,20839
SHEL,2026-09-22,307.6,307.4,70814
SIPD,2026-09-22,551.0,571.1,19193
SIFC,2026-09-22,488.5,485.7,3432
SJLIC,2026-09-22,417.3,422.9,14681
SMFBS,2026-09-22,1400.0,1420.0,1007
SKBBL,2026-09-22,768.0,767.1,11184
SKHEL,2026-09-22,855.0,857.9,2781
SKHL,2026-09-22,752.0,759.0,10711
SLBBL,2026-09-22,812.0,820.1,5086
SLBSL,2026-09-22,900.0,912.0,198
SHIVM,2026-09-22,688.0,684.1,185722
SGIC,2026-09-22,398.0,397.0,7813
SMATA,2026-09-22,709.0,712.0,2234
SBID83,2026-09-22,1027.0,1027.0,25
SYPNL,2026-09-22,1311.0,1320.0,31517
VLUCL,2026-09-22,407.5,395.9,10207
UMHL,2026-09-22,566.9,564.5,50946
SWMF,2026-09-22,605.5,622.0,5456
SPHL,2026-09-22,505.5,512.1,6647
TPC,2026-09-22,388.5,369.9,16612
SPIL,2026-09-22,625.1,633.0,1240
SNLI,2026-09-22,439.9,427.5,29801
SNORL,2026-09-22,1004.2,970.0,46885
SOHL,2026-09-22,663.0,657.9,214249
SOPL,2026-09-22,750.0,748.9,24223
STC,2026-09-22,5552.0,5590.0,7884
SPC,2026-09-22,411.0,408.0,6320
TRH,2026-09-22,813.9,810.0,5213
SMPDA,2026-09-22,760.0,757.0,1383
SPL,2026-09-22,605.0,618.3,4011
TAMOR,2026-09-22,542.0,533.0,323001
SRBLD83,2026-09-22,1025.0,1025.0,200
SRLI,2026-09-22,376.0,378.0,90509
SSHL,2026-09-22,201.6,213.8,227135
ACLBSL,2026-09-22,890.0,890.0,3412
SAEF2,2026-09-22,8.99,9.04,8450
NESDO,2026-09-22,1330.0,1350.0,1600
SPDL,2026-09-22,380.1,366.0,22208
SIGS2,2026-09-22,9.5,9.46,1900
SMJC,2026-09-22,425.0,420.9,18190
SONA,2026-09-22,405.0,404.0,44600
TSHL,2026-09-22,353.2,356.0,8344
TTL,2026-09-22,695.0,698.0,6572
TVCL,2026-09-22,303.3,307.0,8985
UAIL,2026-09-22,379.0,379.0,6896
ULBSL,2026-09-22,2535.0,2600.0,1447
SWBBL,2026-09-22,724.0,707.0,8780
ULHC,2026-09-22,320.1,326.1,13207
UMRH,2026-09-22,520.5,517.9,5512
VLBS,2026-09-22,630.0,641.1,2735
UNHPL,2026-09-22,360.1,362.0,25199
UNL,2026-09-22,47999.0,47999.0,1
UNLB,2026-09-22,1252.0,1260.9,317
UPCL,2026-09-22,345.0,341.0,54107
UPPER,2026-09-22,207.5,197.0,73919
TPKHL,2026-09-22,524.0,518.0,23624
SWASTIK,2026-09-22,1883.0,1828.0,366
SHINE,2026-09-22,433.0,431.9,67153
YMHL,2026-09-18,555.0,589.4,73428
KDBY,2026-09-18,9.99,10.1,7650
JBLB,2026-09-18,1267.0,1272.0,2503
NBF3,2026-09-18,9.41,9.68,16900
JSLBB,2026-09-18,965.0,988.0,549
VLBS,2026-09-18,621.0,636.0,3677
KAHL,2026-09-18,492.0,503.0,33370
KBL,2026-09-18,220.0,227.0,1426442
ICFCD89,2026-09-18,1099.1,1109.0,75
JOSHI,2026-09-18,265.0,269.0,11798
SKHL,2026-09-18,742.8,752.0,8456
GBIMEP,2026-09-18,100.0,100.0,19639
APHL,2026-09-18,695.0,683.5,3853
API,2026-09-18,337.9,336.0,266606
BANDIPUR,2026-09-18,690.0,654.0,16066
GMFBS,2026-09-18,1090.0,1117.0,421
BARUN,2026-09-18,328.0,335.0,86254
BBC,2026-09-18,4091.1,4140.0,234
ALBSL,2026-09-18,1175.0,1190.0,20927
BFC,2026-09-18,468.9,464.0,14196
HDHPC,2026-09-18,226.0,220.5,292304
CORBL,2026-09-18,830.0,824.0,10289
GILB,2026-09-18,1120.0,1138.5,1525
HEIP,2026-09-18,313.0,321.0,1658
BHDC,2026-09-18,429.0,435.5,14577
GCIL,2026-09-18,380.0,376.3,23052
GHL,2026-09-18,238.0,243.3,96878
GRDBL,2026-09-18,970.1,1002.0,4996
DHEL,2026-09-18,569.9,571.0,28849
GUFL,2026-09-18,510.0,510.0,5813
BGWT,2026-09-18,490.0,481.0,10786
BHPL,2026-09-18,464.0,470.0,8535
CLI,2026-09-18,427.0,439.9,22667
ANLB,2026-09-18,4901.0,5005.0,990
CHL,2026-09-18,269.0,268.0,13114
CREST,2026-09-18,1155.0,1105.0,6020
CGH,2026-09-18,790.0,794.0,10976
CHDC,2026-09-18,2350.0,2387.0,32622
BHCL,2026-09-18,565.0,544.0,40892
BEDC,2026-09-18,300.0,311.0,40414
CIT,2026-09-18,1735.0,1739.0,4402
BUNGAL,2026-09-18,525.0,529.9,16791
BNHC,2026-09-18,275.2,281.4,26781
MERO,2026-09-18,611.0,612.0,906
AKPL,2026-09-18,253.0,258.9,68110
ALICL,2026-09-18,415.0,432.9,72556
BHL,2026-09-18,227.9,217.3,109577
AHL,2026-09-18,378.1,395.0,4500
AHPC,2026-09-18,268.0,269.5,76823
GBLBS,2026-09-18,626.1,678.0,8308
AVYAN,2026-09-18,1031.0,1064.0,2830
GFCL,2026-09-18,584.0,576.5,7626
AKJCL,2026-09-18,368.0,359.0,368692
GLH,2026-09-18,251.0,273.5,235225
GMFIL,2026-09-18,427.9,428.9,9690
SHPC,2026-09-18,528.8,536.9,77423
CYCL,2026-09-18,1450.0,1490.0,12171
EHPL,2026-09-18,338.0,335.0,8045
FMDBL,2026-09-18,733.8,761.0,13023
SIGS2,2026-09-18,9.5,9.5,1000
FOWAD,2026-09-18,900.0,913.0,2724
GBIMESY2,2026-09-18,8.75,9.16,1300
GBBLPO,2026-09-18,230.9,230.9,3101
MLBL,2026-09-18,365.0,364.5,33868
NBL,2026-09-18,302.9,296.5,469074
SHINED,2026-09-18,1102.0,1101.0,50
SANIMA,2026-09-18,362.2,370.0,186356
KEF,2026-09-18,9.2,9.52,13800
SIFC,2026-09-18,465.0,484.4,8974
MHNL,2026-09-18,267.0,265.5,21609
SIPD,2026-09-18,570.0,580.0,29168
SEF,2026-09-18,9.66,9.61,26430
SBL,2026-09-18,450.0,447.9,484794
SBI,2026-09-18,404.1,406.5,30134
SBCF,2026-09-18,9.11,9.3,1200
SMH,2026-09-18,518.0,522.0,7271
EDBL,2026-09-18,575.0,583.9,3035
ECL,2026-09-18,1340.0,1353.0,5678
EBLD86,2026-09-18,1091.0,1091.0,25
HATHY,2026-09-18,558.6,499.8,263471
GMLI,2026-09-18,970.0,1030.0,1850
GSY,2026-09-18,8.94,9.2,11120
DLBS,2026-09-18,1310.0,1184.0,2079
GVL,2026-09-18,496.0,495.0,21015
DDBL,2026-09-18,856.9,864.0,11379
GLBSL,2026-09-18,1700.0,1725.0,2143
CSY,2026-09-18,8.27,8.55,21750
H8020,2026-09-18,12.5,12.52,14300
HBL,2026-09-18,194.0,198.0,108485
EBL,2026-09-18,691.0,701.0,55918
GBIME,2026-09-18,260.0,260.9,894556
DHPL,2026-09-18,278.0,279.5,3260
SIGS3,2026-09-18,10.3,10.33,8041
SINDU,2026-09-18,410.0,425.0,51624
ENL,2026-09-18,557.5,557.0,20328
GIBF1,2026-09-18,11.78,11.78,52000
DOLTI,2026-09-18,307.0,309.0,17350
DORDI,2026-09-18,260.0,262.9,35942
CFCL,2026-09-18,587.0,580.0,90109
CITY,2026-09-18,332.0,355.1,78425
C30MF,2026-09-18,10.0,10.0,5000
CKHL,2026-09-18,580.0,596.0,1830
LBBL,2026-09-18,465.0,493.1,41600
HRL,2026-09-18,519.0,520.0,45942
ILBS,2026-09-18,930.0,1065.0,6363
ILI,2026-09-18,419.1,429.9,12831
HURJA,2026-09-18,265.0,264.0,123680
ICFC,2026-09-18,609.0,606.0,8460
ICFCD88,2026-09-18,1129.0,1129.0,25
HFIN,2026-09-18,626.0,631.0,21953
LBBLD89,2026-09-18,1285.0,1285.0,30
IGIPO,2026-09-18,227.6,241.0,94797
IHL,2026-09-18,319.0,338.1,24905
MFIL,2026-09-18,765.0,760.0,21258
MLBBL,2026-09-18,977.0,993.0,4075
JFL,2026-09-18,280.0,290.0,21424
LLBS,2026-09-18,870.0,871.0,322
MMKJL,2026-09-18,351.1,364.5,7166
MKHC,2026-09-18,265.6,263.5,13743
MNBBL,2026-09-18,337.0,336.0,23473
MKHL,2026-09-18,510.0,511.9,2710
HLI,2026-09-18,315.5,317.0,30564
HIMSTAR,2026-09-18,650.0,665.0,3903
HIDCLP,2026-09-18,194.0,192.6,128125
IGI,2026-09-18,397.0,408.0,13716
BNL,2026-09-18,14400.0,14831.0,20
KHPL,2026-09-18,740.2,754.0,4759
KKHC,2026-09-18,279.1,281.0,162851
JBBL,2026-09-18,343.1,347.0,46565
KMCDB,2026-09-18,850.0,860.0,3837
KPCL,2026-09-18,468.0,470.0,10551
KSBBL,2026-09-18,450.0,457.3,22168
KBSH,2026-09-18,830.1,847.8,1301
HPPL,2026-09-18,387.0,387.0,152034
HIDCL,2026-09-18,253.2,258.9,128092
KSY,2026-09-18,9.0,9.0,300
MEN,2026-09-18,650.0,646.2,98270
HLBSL,2026-09-18,874.9,882.0,1259
LEC,2026-09-18,252.1,259.9,879413
HLICF,2026-09-18,8.24,8.4,3001967
BJHL,2026-09-18,649.0,658.9,21621
CBBL,2026-09-18,963.0,960.0,17086
HHL,2026-09-18,328.0,340.9,38833
MKJC,2026-09-18,292.8,320.0,84581
NABBC,2026-09-18,755.0,805.0,34064
MLBS,2026-09-18,1055.0,1020.0,50
MEL,2026-09-18,211.1,216.0,29481
MBLEF,2026-09-18,9.25,9.27,3472
HEI,2026-09-18,472.0,483.0,7211
MDB,2026-09-18,564.0,567.0,4544
LSL,2026-09-18,250.4,246.4,1107292
MEHL,2026-09-18,265.0,262.9,109891
GBBL,2026-09-18,454.9,455.0,109008
MANDU,2026-09-18,700.0,715.2,13117
LICN,2026-09-18,813.0,813.0,45587
SKBBL,2026-09-18,769.1,766.0,6304
MATRI,2026-09-18,737.0,739.0,1075
BPCL,2026-09-18,669.0,698.0,218225
CZBIL,2026-09-18,218.1,212.9,197396
MHL,2026-09-18,460.0,470.0,6452
GBILD84/85,2026-09-18,1126.0,1126.0,25
ADBL,2026-09-18,308.0,314.0,103595
CHCL,2026-09-18,360.0,369.7,119215
BNT,2026-09-18,12200.0,12450.0,662
BOKD86KA,2026-09-18,1100.6,1100.5,30
MBJC,2026-09-18,290.0,301.0,67436
MAKAR,2026-09-18,415.1,419.0,139521
HDL,2026-09-18,1218.0,1224.0,47540
LBLD88,2026-09-18,1122.0,1110.0,30
MLBSL,2026-09-18,1140.0,1133.0,1132
LSH12,2026-09-18,8.92,9.05,5200
LUK,2026-09-18,9.5,9.5,4000
MNMF1,2026-09-18,9.03,9.13,1900
MHCL,2026-09-18,293.0,299.0,4612
MPFL,2026-09-18,596.2,598.0,12817
MSHL,2026-09-18,520.0,527.0,1648
UNL,2026-09-18,47999.0,47999.0,10
MSLB,2026-09-18,1195.0,1209.9,1215
NADEP,2026-09-18,690.0,694.0,1109
NABIL,2026-09-18,561.0,562.9,71074
MEPDL,2026-09-18,690.0,693.9,26753
MMF1,2026-09-18,8.94,8.78,19500
MBL,2026-09-18,254.2,260.8,319484
MKCL,2026-09-18,899.0,879.0,1976
MCHL,2026-09-18,274.0,277.7,4471
LVF2,2026-09-18,9.02,9.15,1050
MABEL,2026-09-18,582.1,603.8,15376
SKHEL,2026-09-18,870.0,855.0,1680
KDL,2026-09-18,645.5,617.6,27695
NSY,2026-09-18,9.0,9.25,4605
NIMB,2026-09-18,191.0,195.8,251933
NGPL,2026-09-18,413.0,410.0,98550
NHPC,2026-09-18,265.1,272.9,272771
NIBLGF,2026-09-18,8.98,8.9,29380
NIBLSTF,2026-09-18,8.21,8.36,20760
NIBSF2,2026-09-18,8.61,8.54,17390
NICA,2026-09-18,324.0,328.4,77993
NICAD85/86,2026-09-18,1111.0,1111.0,25
NICFC,2026-09-18,8.75,8.9,1500
OMPL,2026-09-18,895.0,904.5,2216
NICGF2,2026-09-18,8.14,8.7,1500
NICL,2026-09-18,461.0,466.9,17353
NICLBSL,2026-09-18,523.0,523.0,3291
NIMBPO,2026-09-18,144.6,147.0,11765
NIFRA,2026-09-18,250.0,256.0,134583
NWCL,2026-09-18,599.0,616.0,3513
NIL,2026-09-18,530.0,535.5,4931
NMLBBL,2026-09-18,495.0,506.0,7629
PBD88,2026-09-18,1187.0,1200.0,50
SAND2085,2026-09-18,1100.0,1100.0,75
SLBBL,2026-09-18,810.0,825.0,8492
NMBUR93/94,2026-09-18,930.0,930.0,50
NMFBS,2026-09-18,1180.0,1190.0,4567
NRM,2026-09-18,287.0,292.5,6220
NIFRAGED,2026-09-18,1028.0,1040.0,75
NLG,2026-09-18,530.0,530.0,13283
NSIF2,2026-09-18,9.97,10.0,10300
RSY2,2026-09-18,9.0,9.0,5000
NTC,2026-09-18,892.0,892.0,4473
NHDL,2026-09-18,644.0,639.5,590
NUBL,2026-09-18,597.3,600.0,13816
RSDC,2026-09-18,635.0,632.6,8483
SJCL,2026-09-18,229.9,250.0,38189
NLICL,2026-09-18,575.0,582.0,46056
NYADI,2026-09-18,345.0,367.8,3444
OHL,2026-09-18,657.8,654.0,515
NLIC,2026-09-18,729.1,735.0,51843
SAHAS,2026-09-18,695.0,693.4,101829
RBCL,2026-09-18,13675.0,13675.0,20
NMB,2026-09-18,251.0,257.9,158905
RFPL,2026-09-18,335.0,341.8,20681
RLFL,2026-09-18,425.0,427.0,15374
PCIL,2026-09-18,618.0,621.8,22742
PFL,2026-09-18,374.5,370.0,8228
PHCL,2026-09-18,321.0,322.5,309485
PMHPL,2026-09-18,302.7,311.0,13096
PPL,2026-09-18,325.0,327.0,27077
PMLI,2026-09-18,420.0,431.8,11096
PRIN,2026-09-18,593.9,602.9,4527
PPCL,2026-09-18,340.1,347.5,15728
PROFL,2026-09-18,369.0,388.2,4995
PRSF,2026-09-18,11.81,11.85,140100
PRVU,2026-09-18,188.0,189.1,187222
PSF,2026-09-18,10.98,11.0,77875
PURE,2026-09-18,774.2,808.0,5066
RADHI,2026-09-18,702.7,712.0,105447
RAWA,2026-09-18,420.0,426.0,28062
RBBF40,2026-09-18,8.9,9.0,2700
ACLBSL,2026-09-18,880.0,893.0,946
RHPL,2026-09-18,172.0,176.0,156968
RSML,2026-09-18,2701.0,2757.0,51184
RSY,2026-09-18,9.3,9.57,600
RLEL,2026-09-18,773.0,764.9,14774
PCBL,2026-09-18,252.5,259.0,272648
RMF1,2026-09-18,9.45,9.42,200320
RMF2,2026-09-18,10.04,10.17,46000
RNLI,2026-09-18,427.1,443.9,45655
RHGCL,2026-09-18,270.1,272.9,28943
RURU,2026-09-18,596.0,595.5,5626
PBD93,2026-09-18,1028.0,1048.0,8453
SAIL,2026-09-18,959.9,1000.0,15466
SABBL,2026-09-18,891.0,897.0,4819
RIDI,2026-09-18,350.9,347.0,322671
SADBL,2026-09-18,420.0,420.6,32577
SAEF2,2026-09-18,8.97,9.26,14550
SAGAR,2026-09-18,1560.1,1633.9,12115
SAGF,2026-09-18,9.5,9.5,250
NICAD2091,2026-09-18,1055.2,1055.2,25
NICSF,2026-09-18,8.43,8.51,700
NRN,2026-09-18,1440.2,1450.0,51074
SHIVM,2026-09-18,686.0,688.0,259309
SFMF,2026-09-18,8.96,8.96,300
SGHC,2026-09-18,303.0,306.0,36629
SGHL,2026-09-18,490.0,500.0,89273
SGIC,2026-09-18,399.8,398.8,7811
SHINE,2026-09-18,431.0,430.0,89356
UHEWA,2026-09-18,600.0,600.0,52883
SJLIC,2026-09-18,413.0,420.8,14521
SMHL,2026-09-18,466.4,470.9,52408
SFEF,2026-09-18,9.01,9.01,200
UMHL,2026-09-18,550.1,565.0,57902
VLUCL,2026-09-18,369.6,388.1,2845
SMPDA,2026-09-18,750.0,755.0,2190
UNHPL,2026-09-18,348.0,361.2,35209
SALICO,2026-09-18,535.0,545.0,4959
NRIC,2026-09-18,830.0,832.9,13517
NMBHF2,2026-09-18,8.71,8.86,1900
SHL,2026-09-18,508.0,516.5,49428
SHLB,2026-09-18,1325.0,1356.5,368
USHL,2026-09-18,540.3,514.9,2253
JHAPA,2026-09-18,1066.0,1064.0,1994
SLBSL,2026-09-18,890.0,913.0,1861
SLCF,2026-09-18,9.16,9.25,2070
SMATA,2026-09-18,715.0,711.6,157
SMB,2026-09-18,1800.0,1845.0,793
SMFBS,2026-09-18,1399.9,1430.0,1344
SICL,2026-09-18,583.0,577.9,1035
SAPDBL,2026-09-18,670.0,626.0,21445
NFS,2026-09-18,508.0,504.0,3992
SIKLES,2026-09-18,580.0,587.0,10908
SEF2,2026-09-18,8.91,9.1,7300
SBID89,2026-09-18,1141.0,1141.0,10
TVCL,2026-09-18,309.9,312.0,13373
SARBTM,2026-09-18,805.0,814.9,11960
TTL,2026-09-18,690.4,695.5,6756
SHEL,2026-09-18,306.3,311.0,126705
SCB,2026-09-18,655.1,657.0,11505
SPC,2026-09-18,400.0,408.1,6634
SAPIL,2026-09-18,1449.9,1387.0,14961
TSHL,2026-09-18,365.0,361.0,3338
SSHL,2026-09-18,212.0,212.1,141204
STC,2026-09-18,5811.9,5650.0,1699
ULHC,2026-09-18,315.0,328.0,12566
SMJC,2026-09-18,420.0,425.0,48632
SPDL,2026-09-18,363.0,362.0,11488
SPIL,2026-09-18,649.0,635.0,3755
SPL,2026-09-18,602.1,612.2,6250
SRLI,2026-09-18,368.2,376.0,51652
SWASTIK,2026-09-18,1810.0,1845.0,482
NESDO,2026-09-18,1325.1,1351.0,110
SONA,2026-09-18,400.0,405.0,48589
SWBBL,2026-09-18,696.0,709.5,13145
SYPNL,2026-09-18,1318.0,1311.0,24836
SANVI,2026-09-18,575.0,580.0,9446
NBF2,2026-09-18,9.23,9.31,260
NMIC,2026-09-18,832.0,845.0,3351
NMBMF,2026-09-18,603.0,615.0,7828
ULBSL,2026-09-18,2450.0,2535.0,1034
TPKHL,2026-09-18,480.5,524.0,61787
UAIL,2026-09-18,376.0,382.0,15329
USLB,2026-09-18,1050.0,1061.0,769
UMRH,2026-09-18,515.0,520.9,2578
SNLI,2026-09-18,408.0,419.0,33694
UNLB,2026-09-18,1289.0,1250.0,80
SNORL,2026-09-18,925.1,1057.0,76529
USHEC,2026-09-18,500.0,502.0,8425
UPPER,2026-09-18,196.5,197.7,98709
UPCL,2026-09-18,346.0,345.0,49030
TRH,2026-09-18,790.3,803.2,10741
TPC,2026-09-18,365.2,370.0,17734
TAMOR,2026-09-18,533.0,547.9,386379
SOHL,2026-09-18,671.0,665.0,216152
SOPL,2026-09-18,717.0,754.0,27626
SWMF,2026-09-18,599.0,605.5,4613
SPHL,2026-09-18,505.0,513.9,5485
CFCL,2026-09-17,549.9,570.0,33413
LSH12,2026-09-17,9.03,9.04,7100
KAHL,2026-09-17,493.5,495.0,17165
KHPL,2026-09-17,770.0,763.0,5104
NESDO,2026-09-17,1314.4,1351.0,238
JFL,2026-09-17,285.0,289.9,14565
LBLD86,2026-09-17,1085.0,1117.5,5
LEC,2026-09-17,252.0,252.1,542654
ENL,2026-09-17,568.0,557.0,26898
HLI,2026-09-17,313.0,311.9,33092
KBL,2026-09-17,220.0,218.0,243348
YMHL,2026-09-17,555.0,555.0,22866
KMCDB,2026-09-17,854.0,867.5,16039
JHAPA,2026-09-17,1077.0,1053.0,2053
EBLD86,2026-09-17,1059.6,1059.6,25
JSLBB,2026-09-17,956.5,979.7,111
KSBBL,2026-09-17,457.0,452.0,18618
KBSH,2026-09-17,836.4,835.1,6191
KSY,2026-09-17,8.78,9.03,2700
KEF,2026-09-17,9.52,9.4,2200
MBLEF,2026-09-17,9.25,9.21,900
HLBSL,2026-09-17,867.1,865.0,634
IHL,2026-09-17,329.0,324.3,4035
SWASTIK,2026-09-17,1855.0,1840.0,620
CLI,2026-09-17,428.0,433.0,12932
BUNGAL,2026-09-17,526.0,528.5,6981
BFC,2026-09-17,468.0,464.1,15582
GLH,2026-09-17,264.0,264.0,61499
DDBL,2026-09-17,853.0,853.0,12313
ALICL,2026-09-17,421.0,417.0,17510
CZBIL,2026-09-17,195.7,207.8,139787
ECL,2026-09-17,1300.0,1355.0,9778
CHL,2026-09-17,270.0,269.7,15764
NBF3,2026-09-17,9.26,9.7,22500
GVL,2026-09-17,490.0,494.8,19943
GUFL,2026-09-17,513.0,502.0,8516
GILB,2026-09-17,1126.0,1135.0,2178
HDHPC,2026-09-17,230.0,224.2,267565
CGH,2026-09-17,778.8,792.2,2371
ADBL,2026-09-17,306.0,308.7,90092
GBIMEP,2026-09-17,100.0,100.0,337767
EHPL,2026-09-17,339.0,332.4,6245
GFCL,2026-09-17,580.0,575.9,5739
EDBL,2026-09-17,575.0,579.6,6505
BGWT,2026-09-17,490.0,492.0,8712
ALBSL,2026-09-17,1180.0,1215.0,23605
AKJCL,2026-09-17,333.0,352.9,331657
GBBL,2026-09-17,457.0,453.0,145127
CIT,2026-09-17,1744.9,1735.0,4589
BHDC,2026-09-17,430.6,429.0,7282
ACLBSL,2026-09-17,890.0,879.1,1668
APHL,2026-09-17,698.0,692.0,6525
GMLI,2026-09-17,998.8,1000.0,1654
AHL,2026-09-17,380.0,378.1,1829
HBL,2026-09-17,196.0,194.4,45993
GMFIL,2026-09-17,429.0,426.9,10739
BBC,2026-09-17,4220.0,4105.0,372
API,2026-09-17,345.0,335.6,350329
BARUN,2026-09-17,329.0,327.0,44988
AKPL,2026-09-17,257.9,254.0,103576
CREST,2026-09-17,1149.5,1100.0,5091
CORBL,2026-09-17,831.5,833.9,7578
AHPC,2026-09-17,267.0,268.0,126354
CKHL,2026-09-17,599.3,597.0,3682
HDL,2026-09-17,1215.0,1217.0,30134
GBLBS,2026-09-17,646.5,659.0,1343
GLBSL,2026-09-17,1640.0,1695.0,458
GHL,2026-09-17,246.0,246.6,386800
PCBL,2026-09-17,245.0,251.8,227337
GCIL,2026-09-17,385.0,379.0,24792
SMATA,2026-09-17,711.0,711.0,535
SBCF,2026-09-17,9.0,9.3,10500
NMBHF2,2026-09-17,8.51,8.85,2750
ICFC,2026-09-17,610.0,603.0,4890
SLBSL,2026-09-17,920.0,900.0,342
SHINE,2026-09-17,433.0,430.0,39706
MATRI,2026-09-17,740.1,759.0,1298
SNLI,2026-09-17,401.0,408.0,22761
PFL,2026-09-17,380.0,374.9,7544
SMB,2026-09-17,1848.5,1815.0,375
SMFBS,2026-09-17,1400.0,1400.0,225
SMH,2026-09-17,529.0,518.4,9145
SAHAS,2026-09-17,700.0,691.9,80598
SMHL,2026-09-17,465.0,467.5,56307
NMBMF,2026-09-17,615.0,602.5,1135
SGIC,2026-09-17,395.1,395.0,10780
NMLBBL,2026-09-17,504.1,499.7,6707
SHIVM,2026-09-17,685.0,685.5,396612
SHEL,2026-09-17,305.0,306.0,67790
ULBSL,2026-09-17,2450.0,2538.0,714
LUK,2026-09-17,9.5,9.35,1730
MLBS,2026-09-17,1000.0,1035.1,128
FOWAD,2026-09-17,900.0,900.0,4519
EBL,2026-09-17,700.0,691.0,81983
DOLTI,2026-09-17,301.0,306.0,22341
BANDIPUR,2026-09-17,651.1,658.0,28092
NFS,2026-09-17,515.0,508.0,4569
DHEL,2026-09-17,561.8,565.0,9863
SIGS3,2026-09-17,10.24,10.24,100
CYCL,2026-09-17,1496.9,1458.0,5738
SKHEL,2026-09-17,859.0,855.0,4580
FMDBL,2026-09-17,741.0,744.7,4406
DLBS,2026-09-17,1055.0,1248.0,4652
CSY,2026-09-17,8.35,8.51,14680
DORDI,2026-09-17,262.5,261.8,56982
NBL,2026-09-17,287.0,288.5,198024
GIBF1,2026-09-17,11.25,11.83,90760
H8020,2026-09-17,12.4,12.55,29430
SLBBL,2026-09-17,810.0,809.0,5630
SANVI,2026-09-17,579.0,578.0,12573
BEDC,2026-09-17,305.0,302.0,15780
BNL,2026-09-17,14420.0,14420.0,10
CHCL,2026-09-17,356.0,359.0,50423
BJHL,2026-09-17,651.0,649.4,5383
AVYAN,2026-09-17,1070.0,1055.0,1217
ICFCD88,2026-09-17,1120.0,1120.0,25
HIMSTAR,2026-09-17,663.0,660.0,2425
IGI,2026-09-17,411.7,402.0,16951
JBBL,2026-09-17,345.0,343.3,104825
KPCL,2026-09-17,466.1,468.0,3805
MFIL,2026-09-17,741.3,765.0,18279
MLBSL,2026-09-17,1140.0,1125.0,1228
GSY,2026-09-17,9.0,8.91,2800
LSL,2026-09-17,235.0,238.5,373392
MBJC,2026-09-17,295.0,297.0,81416
MHNL,2026-09-17,259.9,268.0,63093
MPFL,2026-09-17,595.0,598.8,20380
MNMF1,2026-09-17,9.18,9.12,3700
LICN,2026-09-17,785.0,806.0,141256
HIDCLP,2026-09-17,193.9,192.0,56183
MBL,2026-09-17,254.3,256.9,68124
MMKJL,2026-09-17,363.7,360.0,3709
MEHL,2026-09-17,250.0,264.0,121480
NADEP,2026-09-17,704.9,702.9,790
HIDCL,2026-09-17,267.7,253.2,62869
HURJA,2026-09-17,262.0,266.9,346261
JOSHI,2026-09-17,269.0,270.0,16390
HPPL,2026-09-17,383.9,387.0,96798
LLBS,2026-09-17,865.0,865.0,55
KDL,2026-09-17,620.0,614.8,43235
KKHC,2026-09-17,290.0,282.0,100354
JBLB,2026-09-17,1285.0,1267.0,2589
ILBSP,2026-09-17,455.0,455.0,5000
MNBBL,2026-09-17,340.0,335.0,42382
GBIME,2026-09-17,260.0,258.2,254365
NABIL,2026-09-17,560.0,560.0,51747
C30MF,2026-09-17,9.96,9.86,300
MLBBL,2026-09-17,953.0,965.0,2817
HEI,2026-09-17,478.0,481.5,11127
MEL,2026-09-17,216.0,216.8,19589
HHL,2026-09-17,333.0,334.8,11117
SKHL,2026-09-17,770.1,752.0,10383
HLICF,2026-09-17,8.26,8.4,1500
ILI,2026-09-17,422.2,420.0,11648
NABBC,2026-09-17,720.0,793.0,40405
HRL,2026-09-17,520.0,519.0,49239
HFIN,2026-09-17,627.0,626.0,25027
MKHL,2026-09-17,500.0,511.5,2565
MKJC,2026-09-17,295.5,294.0,21258
ADBLD83,2026-09-17,1035.0,1035.0,300
CBBL,2026-09-17,956.0,956.9,24040
BHL,2026-09-17,218.0,217.1,129215
GMFBS,2026-09-17,1100.0,1116.0,275
GBIMESY2,2026-09-17,8.82,8.9,4100
DHPL,2026-09-17,276.0,278.9,1842
NBF2,2026-09-17,9.5,9.3,11600
SMJC,2026-09-17,425.0,419.9,13704
GRDBL,2026-09-17,942.0,994.4,8250
BHPL,2026-09-17,436.1,460.9,3996
MAKAR,2026-09-17,421.0,418.1,105851
HATHY,2026-09-17,605.0,588.0,18271
BNHC,2026-09-17,276.9,279.8,10847
BPCL,2026-09-17,645.0,672.7,39217
TSHL,2026-09-17,355.0,362.0,5587
BHCL,2026-09-17,535.0,547.2,86304
SIGS2,2026-09-17,9.6,9.62,49040
ANLB,2026-09-17,4900.0,5035.0,175
CHDC,2026-09-17,2365.0,2367.0,36529
MANDU,2026-09-17,710.0,701.1,9298
ILBS,2026-09-17,925.0,969.9,7385
MLBL,2026-09-17,358.7,361.4,30060
MSLB,2026-09-17,1228.0,1212.0,1226
MERO,2026-09-17,590.0,611.0,3138
HEIP,2026-09-17,325.0,304.0,545
MSHL,2026-09-17,538.0,531.1,361
MHCL,2026-09-17,292.0,293.0,6153
LBBL,2026-09-17,462.0,488.0,87393
MDB,2026-09-17,580.0,568.5,6793
MFLD85,2026-09-17,1102.0,1102.0,150
SIKLES,2026-09-17,580.0,586.0,24804
LVF2,2026-09-17,9.06,9.06,300
MKHC,2026-09-17,261.0,261.0,16647
MHL,2026-09-17,460.0,464.0,5476
MEPDL,2026-09-17,680.0,693.8,44171
MEN,2026-09-17,652.0,649.1,131558
MKCL,2026-09-17,910.0,895.0,1823
MCHL,2026-09-17,265.8,278.0,3905
MMF1,2026-09-17,9.0,8.97,8109
MABEL,2026-09-17,595.0,594.6,5145
CITY,2026-09-17,350.0,348.0,42120
SBID2090,2026-09-17,1060.0,1060.0,350
KDBY,2026-09-17,9.91,10.12,1600
NICLBSL,2026-09-17,525.0,522.9,2971
SYPNL,2026-09-17,1340.0,1315.0,32453
RSDC,2026-09-17,640.0,628.0,2181
SALICO,2026-09-17,551.0,540.0,6874
NICGF2,2026-09-17,8.53,8.56,2101
NICSF,2026-09-17,8.35,8.68,4700
NIL,2026-09-17,539.0,534.9,5065
NRM,2026-09-17,299.5,295.0,4495
NIMB,2026-09-17,195.0,191.9,63356
PRVU,2026-09-17,188.0,186.5,129892
NGPL,2026-09-17,408.0,409.0,120338
RFPL,2026-09-17,335.0,339.0,20161
SINDU,2026-09-17,439.0,429.0,34130
OMPL,2026-09-17,920.0,907.0,1234
NUBL,2026-09-17,585.0,586.0,4755
SAEF2,2026-09-17,9.01,9.1,8700
SAGAR,2026-09-17,1610.0,1590.0,3971
NICFC,2026-09-17,8.7,8.8,1400
PBLD87,2026-09-17,1125.0,1125.0,10
NIFRA,2026-09-17,250.0,250.0,98801
SARBTM,2026-09-17,801.0,805.0,10107
TVCL,2026-09-17,295.0,309.9,3377
SNORL,2026-09-17,921.0,930.0,26169
SABBL,2026-09-17,909.1,900.0,5039
OHL,2026-09-17,650.0,651.9,2390
NWCL,2026-09-17,619.6,610.0,1793
NHPC,2026-09-17,269.0,265.0,142101
NSY,2026-09-17,8.91,9.25,10600
NIMBPO,2026-09-17,141.3,144.0,2353
NSIF2,2026-09-17,9.97,10.26,5955
NLICL,2026-09-17,578.0,578.9,16843
NRN,2026-09-17,1449.9,1455.0,100078
RSML,2026-09-17,2740.0,2745.0,61443
PHCL,2026-09-17,314.0,323.0,384411
RSY2,2026-09-17,8.95,9.1,3400
PBD93,2026-09-17,1036.0,1041.0,13707
PCIL,2026-09-17,618.0,624.1,33288
RAWA,2026-09-17,405.0,422.0,21886
RADHI,2026-09-17,712.0,703.0,47217
NIBLGF,2026-09-17,8.7,8.73,15700
NLG,2026-09-17,547.0,537.0,7956
NIBLSTF,2026-09-17,8.33,8.4,21690
RHGCL,2026-09-17,269.9,273.1,43634
RLEL,2026-09-17,800.0,773.0,21759
SWBBL,2026-09-17,710.0,704.1,5732
TPC,2026-09-17,374.0,371.0,18829
RBCL,2026-09-17,14000.0,13655.0,50
PROFL,2026-09-17,380.0,388.0,1000
NIBD84,2026-09-17,1026.3,1035.0,75
PRSF,2026-09-17,11.97,11.8,2363
PBD84,2026-09-17,1039.3,1039.2,25
PPCL,2026-09-17,349.0,344.0,4573
PURE,2026-09-17,827.5,789.0,5980
PSF,2026-09-17,10.95,10.98,43900
NMBUR93/94,2026-09-17,934.0,934.0,75
RNLI,2026-09-17,435.0,433.0,25977
NICL,2026-09-17,463.0,461.0,8473
NIBSF2,2026-09-17,8.61,8.61,14710
RSY,2026-09-17,9.11,9.57,6000
RMF2,2026-09-17,9.7,9.75,300
NHDL,2026-09-17,649.0,640.0,626
NLIC,2026-09-17,726.0,729.1,33969
RURU,2026-09-17,626.7,596.0,1346
RBBF40,2026-09-17,8.83,8.9,1900
PPL,2026-09-17,318.0,326.9,22248
RIDI,2026-09-17,350.0,346.0,135769
RMF1,2026-09-17,9.46,9.5,2200
SAGF,2026-09-17,9.4,9.5,2986
SMPDA,2026-09-17,745.0,750.0,943
NTC,2026-09-17,880.0,892.0,3711
RHPL,2026-09-17,170.0,171.7,67190
USHEC,2026-09-17,500.0,503.0,8579
TTL,2026-09-17,717.9,702.0,8707
SHL,2026-09-17,510.0,515.0,70692
NMIC,2026-09-17,860.0,836.6,4151
TAMOR,2026-09-17,528.0,533.0,199266
SADBL,2026-09-17,417.6,420.9,37707
SHLB,2026-09-17,1320.2,1320.2,10
PMHPL,2026-09-17,317.0,308.0,14248
UNL,2026-09-17,48500.0,48500.0,10
UPCL,2026-09-17,345.0,343.0,31592
SAIL,2026-09-17,1055.0,998.1,26481
TPKHL,2026-09-17,505.9,504.6,26244
UPPER,2026-09-17,200.5,199.2,195419
SGHL,2026-09-17,500.0,495.0,57221
UHEWA,2026-09-17,626.8,607.9,27728
NRIC,2026-09-17,865.0,837.0,14433
NYADI,2026-09-17,369.0,361.0,5873
UNHPL,2026-09-17,363.0,364.9,23535
SOHL,2026-09-17,650.0,671.0,356147
SWMF,2026-09-17,591.1,596.0,4285
VLUCL,2026-09-17,387.0,389.0,2538
SGHC,2026-09-17,289.4,305.0,26627
SFEF,2026-09-17,9.0,9.1,104085
SEF2,2026-09-17,9.03,9.1,22100
SEF,2026-09-17,9.5,9.67,48804
SCB,2026-09-17,651.2,655.0,20223
SPDL,2026-09-17,373.9,363.0,28869
NMFBS,2026-09-17,1150.0,1179.0,12850
NICBF,2026-09-17,8.91,9.16,1550
RLFL,2026-09-17,449.4,431.5,14890
UMHL,2026-09-17,550.0,550.0,42333
SBL,2026-09-17,440.0,447.0,756922
USLB,2026-09-17,1049.0,1070.0,2335
SAPDBL,2026-09-17,631.3,639.9,18627
ULHC,2026-09-17,335.0,318.0,9696
SHPC,2026-09-17,530.0,531.0,93545
SLCF,2026-09-17,9.2,9.2,100
SANIMA,2026-09-17,370.0,364.3,137214
NICA,2026-09-17,322.0,325.0,63062
PRIN,2026-09-17,600.0,600.0,7600
PMLI,2026-09-17,423.1,423.1,12703
NMB,2026-09-17,250.0,251.5,71314
SICL,2026-09-17,587.0,571.0,8316
UAIL,2026-09-17,388.0,378.0,4950
SBI,2026-09-17,406.0,404.0,8245
SRLI,2026-09-17,365.1,371.0,15831
SIPD,2026-09-17,600.0,588.0,12221
SPL,2026-09-17,654.0,619.0,27892
TRH,2026-09-17,825.0,801.2,7411
SSHL,2026-09-17,215.0,213.0,182147
SAPIL,2026-09-17,1400.0,1389.8,20802
SPC,2026-09-17,377.0,406.0,4717
SMPDAP,2026-09-17,396.0,396.0,3000
SJLIC,2026-09-17,426.0,418.0,8052
USHL,2026-09-17,513.2,514.6,276
SKBBL,2026-09-17,773.0,768.0,4239
SPIL,2026-09-17,622.2,635.0,4328
SJCL,2026-09-17,240.0,242.0,10705
UMRH,2026-09-17,525.0,513.0,4075
VLBS,2026-09-17,620.0,628.0,392
SONA,2026-09-17,403.0,403.0,38707
STC,2026-09-17,5590.0,5600.0,4828
SPHL,2026-09-17,505.0,515.9,3519
SOPL,2026-09-17,760.0,754.0,18981
SIFC,2026-09-17,465.0,484.0,5262
UNLB,2026-09-17,1255.9,1262.0,655
ICFC,2026-09-16,605.0,602.4,6921
ILBS,2026-09-16,921.0,957.9,12507
LSL,2026-09-16,232.2,232.5,313812
ILI,2026-09-16,425.0,418.9,7165
MHCL,2026-09-16,297.7,290.1,7025
DDBL,2026-09-16,860.0,849.9,12133
DHEL,2026-09-16,580.0,564.0,10670
KPCL,2026-09-16,474.0,465.3,14630
HIDCL,2026-09-16,260.0,255.0,106152
JSLBB,2026-09-16,950.0,986.0,332
UMHL,2026-09-16,555.0,552.0,42243
HEIP,2026-09-16,322.2,320.0,910
SEF2,2026-09-16,9.05,9.06,6000
GVL,2026-09-16,498.0,493.8,13988
CCBD88,2026-09-16,1210.0,1210.0,25
MPFL,2026-09-16,618.0,594.9,18141
MATRI,2026-09-16,750.0,759.0,2238
IHL,2026-09-16,324.0,327.0,9160
HLI,2026-09-16,315.0,309.5,32390
MCHL,2026-09-16,272.8,274.0,3756
MDB,2026-09-16,582.5,570.0,2234
PRVU,2026-09-16,189.6,187.7,117522
RFPL,2026-09-16,335.0,336.0,22909
MNMF1,2026-09-16,9.1,9.18,8650
UPCL,2026-09-16,340.0,343.0,37201
IGI,2026-09-16,400.0,402.0,6954
JBLB,2026-09-16,1285.0,1279.0,2036
HPPL,2026-09-16,380.0,385.0,89853
RADHI,2026-09-16,716.0,701.2,39193
KBSH,2026-09-16,866.0,834.0,7102
EBL,2026-09-16,732.5,727.5,84991
KAHL,2026-09-16,490.9,493.5,22537
UNLB,2026-09-16,1282.0,1230.0,240
KBL,2026-09-16,221.0,218.0,398524
KSBBLD87,2026-09-16,1112.2,1112.2,25
JOSHI,2026-09-16,270.0,268.8,16989
JBBL,2026-09-16,348.5,342.5,25534
KKHC,2026-09-16,280.0,288.0,256907
KEF,2026-09-16,9.22,9.5,2440
JFL,2026-09-16,290.0,291.0,26738
GUFL,2026-09-16,522.0,509.0,19811
KDBY,2026-09-16,9.99,10.15,32900
SMB,2026-09-16,1830.0,1830.0,1125
SJLIC,2026-09-16,419.0,416.0,10630
SHLB,2026-09-16,1358.0,1358.0,10
SANVI,2026-09-16,590.0,573.0,13716
RMF1,2026-09-16,9.46,9.46,21675
SAPDBL,2026-09-16,626.0,649.7,34983
SPDL,2026-09-16,363.0,368.0,33148
NIBSF2,2026-09-16,8.8,8.62,27310
HIMSTAR,2026-09-16,680.0,663.5,1935
NMB,2026-09-16,247.5,249.0,53847
SLBSL,2026-09-16,891.5,914.9,990
TVCL,2026-09-16,317.6,310.0,3590
SIKLES,2026-09-16,575.0,582.0,10482
UMRH,2026-09-16,513.0,513.0,3793
SMPDA,2026-09-16,736.0,743.0,334
VLBS,2026-09-16,630.0,627.9,1997
SIGS3,2026-09-16,10.36,10.36,860
SAPIL,2026-09-16,1389.0,1400.0,21458
UPPER,2026-09-16,199.0,196.7,157905
NICLBSL,2026-09-16,540.0,521.0,2957
TAMOR,2026-09-16,526.0,526.1,227845
GBBL,2026-09-16,457.0,453.3,165462
RNLI,2026-09-16,433.0,429.2,23089
NIFRA,2026-09-16,255.0,250.8,62512
NMBHF2,2026-09-16,9.0,8.47,285500
SNORL,2026-09-16,894.9,919.9,38566
RLFL,2026-09-16,439.0,428.0,10450
SONA,2026-09-16,406.0,401.9,36302
PBD93,2026-09-16,1020.0,1036.0,3501
SRBLD83,2026-09-16,1020.8,1020.6,25
TPKHL,2026-09-16,500.0,505.9,27223
UHEWA,2026-09-16,600.0,597.0,27430
SBLD89,2026-09-16,1297.0,1297.0,50
SNLI,2026-09-16,427.3,401.1,20299
SBI,2026-09-16,411.0,406.0,3336
SPL,2026-09-16,595.0,622.9,2949
USHL,2026-09-16,512.0,523.5,691
UAIL,2026-09-16,387.1,378.0,13385
NABBC,2026-09-16,703.3,745.0,39738
USHEC,2026-09-16,503.0,496.2,10615
SWBBL,2026-09-16,709.0,699.0,5672
RHGCL,2026-09-16,268.0,264.0,36462
NICBF,2026-09-16,8.9,8.91,600
SHINED,2026-09-16,1101.0,1101.0,50
PCBL,2026-09-16,245.1,245.0,80305
CREST,2026-09-16,1120.0,1094.8,1750
NIFRAGED,2026-09-16,1025.0,1025.4,50
RSML,2026-09-16,2886.0,2810.0,88468
STC,2026-09-16,5500.0,5540.0,1218
TPC,2026-09-16,373.9,365.0,17721
SICL,2026-09-16,583.5,571.0,2881
TTL,2026-09-16,694.0,697.0,10566
SGHL,2026-09-16,499.9,497.0,46218
NHDL,2026-09-16,635.5,633.0,810
NSY,2026-09-16,9.12,9.12,12600
SSHL,2026-09-16,198.4,212.0,561763
SMJC,2026-09-16,420.3,422.0,13023
SKBBL,2026-09-16,773.0,765.0,8823
SGIC,2026-09-16,403.0,394.0,16998
NBF3,2026-09-16,9.05,9.41,6886
SMATA,2026-09-16,725.0,710.0,1243
SOPL,2026-09-16,765.0,760.0,24460
SKHEL,2026-09-16,853.1,835.0,2464
SAGF,2026-09-16,9.38,9.4,1450
NHPC,2026-09-16,269.0,263.7,194518
VLUCL,2026-09-16,390.0,384.0,7274
NIBLSTF,2026-09-16,8.32,8.3,208732
SARBTM,2026-09-16,805.0,800.0,10139
SEF,2026-09-16,9.5,9.57,61300
NTC,2026-09-16,900.0,890.0,8865
SOHL,2026-09-16,660.0,653.0,231110
RSY,2026-09-16,9.3,9.39,7820
SJCL,2026-09-16,240.6,240.0,23281
SKHL,2026-09-16,754.1,749.1,12632
SIPD,2026-09-16,608.0,600.0,7147
PFL,2026-09-16,374.1,373.0,33240
SLBBL,2026-09-16,802.0,810.0,4895
SWMF,2026-09-16,600.0,590.0,2563
SRLI,2026-09-16,365.1,369.0,20792
UNHPL,2026-09-16,368.0,357.0,19535
SANIMA,2026-09-16,375.0,373.1,170597
NMIC,2026-09-16,860.0,859.9,5392
ULBSL,2026-09-16,2486.0,2514.0,411
NSIF2,2026-09-16,9.95,10.0,300
PCIL,2026-09-16,625.0,618.0,56677
NYADI,2026-09-16,361.1,368.9,4128
NRM,2026-09-16,295.0,295.0,6085
NIMBPO,2026-09-16,140.1,143.6,15171
PBLD86,2026-09-16,1103.0,1104.1,3
RURU,2026-09-16,630.0,596.9,12181
NLICL,2026-09-16,579.5,568.0,14943
PPCL,2026-09-16,345.0,342.9,11541
NIMB,2026-09-16,193.0,192.0,93883
PRSF,2026-09-16,11.97,11.82,92600
PMHPL,2026-09-16,323.0,310.0,6513
FOWAD,2026-09-16,920.0,895.0,3917
NMBMF,2026-09-16,600.1,600.0,1292
NRN,2026-09-16,1441.0,1439.9,88769
RSY2,2026-09-16,9.1,9.05,241553
SWASTIK,2026-09-16,1885.0,1801.0,434
SHIVM,2026-09-16,682.0,676.3,243901
SALICO,2026-09-16,536.1,541.0,6484
PROFL,2026-09-16,390.0,390.0,10849
RBCLPO,2026-09-16,11525.6,11525.6,60
ACLBSL,2026-09-16,899.0,894.0,608
PHCL,2026-09-16,311.0,310.0,94455
SAIL,2026-09-16,1060.0,1005.0,31179
BNT,2026-09-16,11830.0,11850.0,65
NIMBD90,2026-09-16,1176.5,1176.5,25
SAEF2,2026-09-16,8.97,9.0,3500
RLEL,2026-09-16,836.6,784.9,15646
PMLI,2026-09-16,426.0,423.4,6136
USLB,2026-09-16,1050.0,1029.0,1032
NRIC,2026-09-16,855.0,840.0,30687
SPHL,2026-09-16,521.0,515.0,6691
RIDI,2026-09-16,355.1,349.2,252869
NIL,2026-09-16,534.0,533.0,13068
SABBL,2026-09-16,912.0,892.5,12155
NICA,2026-09-16,345.0,322.0,73845
PBD88,2026-09-16,1167.0,1200.0,163
NGPL,2026-09-16,415.0,408.9,134142
SYPNL,2026-09-16,1340.0,1318.0,29873
OMPL,2026-09-16,905.0,904.0,2624
NABILD87,2026-09-16,1101.0,1101.0,25
SHEL,2026-09-16,303.4,305.8,68525
NFS,2026-09-16,516.0,507.9,5322
NLG,2026-09-16,558.9,538.7,15487
UNL,2026-09-16,47959.9,48410.0,120
SADBL,2026-09-16,415.0,417.6,19994
SBLD2091,2026-09-16,1194.69,1206.0,8838
NICGF2,2026-09-16,8.51,8.54,18020
NUBL,2026-09-16,585.0,580.0,11557
SHPC,2026-09-16,529.0,525.0,82648
NICFC,2026-09-16,8.7,8.96,5905
OHL,2026-09-16,637.0,643.0,573
NMFBS,2026-09-16,1151.4,1148.0,13433
NIBLGF,2026-09-16,8.6,8.48,406450
PPL,2026-09-16,312.0,320.0,29636
NADEP,2026-09-16,718.0,690.0,2782
SAHAS,2026-09-16,698.3,694.0,75869
FMDBL,2026-09-16,748.0,738.0,10278
NMLBBL,2026-09-16,500.1,504.9,6169
SAGAR,2026-09-16,1700.0,1590.0,5898
SGHC,2026-09-16,305.0,304.6,26635
NWCL,2026-09-16,620.9,590.1,3568
NICL,2026-09-16,458.9,460.0,17982
NICSF,2026-09-16,8.5,8.5,7245
NLIC,2026-09-16,730.0,725.0,17503
RHPL,2026-09-16,175.0,170.7,91312
TSHL,2026-09-16,366.0,350.0,5320
GBBD85,2026-09-16,1055.1,1055.0,2
NABIL,2026-09-16,565.0,560.0,55113
PCBLP,2026-09-16,105.0,105.0,13639
SINDU,2026-09-16,455.0,430.0,49440
SPIL,2026-09-16,640.0,635.4,1908
SBL,2026-09-16,429.5,431.0,164853
MEPDL,2026-09-16,675.0,703.0,68537
BANDIPUR,2026-09-16,620.0,643.5,23068
LSH12,2026-09-16,9.0,9.04,2500
LLBS,2026-09-16,855.0,877.0,1575
HRL,2026-09-16,525.0,520.2,59164
LICN,2026-09-16,771.1,779.0,13977
GSY,2026-09-16,8.9,9.15,1100
MABEL,2026-09-16,609.0,602.0,4951
MLBBL,2026-09-16,955.0,950.1,1513
MMKJL,2026-09-16,356.0,358.7,4626
RMF2,2026-09-16,9.56,9.76,300
MBJC,2026-09-16,295.0,295.0,47308
MBL,2026-09-16,257.0,254.1,142182
MEHL,2026-09-16,255.0,255.0,127283
LEC,2026-09-16,256.6,250.0,580098
MAKAR,2026-09-16,418.5,419.0,94922
MERO,2026-09-16,620.0,609.0,5547
BARUN,2026-09-16,332.0,328.0,60054
AHL,2026-09-16,370.0,377.8,3706
GMLI,2026-09-16,992.0,998.8,2960
SHL,2026-09-16,509.0,508.1,20290
CFCL,2026-09-16,545.0,565.9,49832
SMFBS,2026-09-16,1398.0,1375.0,302
ANLB,2026-09-16,4980.0,5010.0,558
CGH,2026-09-16,800.0,791.0,3793
CIZBD86,2026-09-16,1210.0,1210.0,22
H8020,2026-09-16,12.43,12.4,183008
KDL,2026-09-16,626.8,614.6,54477
CKHL,2026-09-16,575.0,599.3,1045
CBBL,2026-09-16,960.0,950.0,16872
GLH,2026-09-16,260.0,257.2,68879
BBC,2026-09-16,4136.0,4100.0,254
MEN,2026-09-16,654.0,652.7,149739
SFEF,2026-09-16,9.12,9.2,24515
GMFIL,2026-09-16,434.9,421.9,7476
LBBL,2026-09-16,484.0,483.5,48158
GBLBS,2026-09-16,657.0,660.0,4816
HLBSL,2026-09-16,870.0,867.0,826
SMH,2026-09-16,528.9,519.0,8130
MKHC,2026-09-16,266.7,258.1,15395
KMCDB,2026-09-16,777.6,854.0,15417
KSBBL,2026-09-16,457.6,457.0,14902
ADBLD83,2026-09-16,1038.5,1038.5,10
LVF2,2026-09-16,9.06,9.33,5500
MMF1,2026-09-16,8.63,8.97,4169
KSY,2026-09-16,8.81,8.84,400
MKJC,2026-09-16,293.0,294.5,57894
ICFCD83,2026-09-16,868.4,921.2,2
JHAPA,2026-09-16,1090.0,1066.0,3625
HFIN,2026-09-16,662.0,627.9,24103
HURJA,2026-09-16,265.0,257.0,235007
ICFCD88,2026-09-16,1121.0,1121.0,25
CITY,2026-09-16,355.0,345.4,74901
MBLEF,2026-09-16,9.11,9.25,6200
HIDCLP,2026-09-16,203.3,190.0,147130
MNBBL,2026-09-16,340.0,336.0,30889
PRIN,2026-09-16,603.0,600.0,19333
ADBL,2026-09-16,302.0,305.5,23508
NBF2,2026-09-16,9.83,9.55,1100
KHPL,2026-09-16,751.0,754.0,2441
MHNL,2026-09-16,258.0,254.0,24164
ULHC,2026-09-16,350.0,327.0,4356
HLICF,2026-09-16,8.24,8.26,700
MKHL,2026-09-16,486.0,500.0,1972
MFLD85,2026-09-16,1100.0,1104.0,75
MFIL,2026-09-16,740.0,756.0,30712
MANDU,2026-09-16,700.0,697.0,18491
MEL,2026-09-16,215.0,214.7,19959
LUK,2026-09-16,9.31,9.34,200
GRDBL,2026-09-16,950.0,971.0,4216
GHL,2026-09-16,247.0,245.7,256666
MKCL,2026-09-16,940.0,911.0,692
HHL,2026-09-16,330.0,333.0,20420
ICFCD89,2026-09-16,1081.8,1095.0,105
MLBS,2026-09-16,1040.0,1020.0,258
MLBSL,2026-09-16,1149.9,1125.0,935
DOLTI,2026-09-16,311.0,306.0,18467
BHDC,2026-09-16,434.0,429.0,9757
MHL,2026-09-16,474.0,463.9,4635
BNHC,2026-09-16,276.6,276.9,8421
DLBS,2026-09-16,1063.1,1110.0,3293
CLI,2026-09-16,440.0,428.0,13628
BGWT,2026-09-16,500.0,490.0,10273
CZBIL,2026-09-16,210.0,206.0,64343
RSDC,2026-09-16,641.9,630.0,1769
GFCL,2026-09-16,584.9,579.0,4433
BEDC,2026-09-16,305.1,304.0,20877
CYCL,2026-09-16,1465.0,1500.0,11242
MSLB,2026-09-16,1200.0,1195.0,1554
CSY,2026-09-16,8.32,8.35,6190
EBLD91,2026-09-16,1085.0,1110.0,150
ENL,2026-09-16,574.0,554.0,32485
AVYAN,2026-09-16,1056.0,1040.0,2419
AKJCL,2026-09-16,355.0,346.5,199222
HDL,2026-09-16,1220.0,1204.0,37178
GBIME,2026-09-16,256.0,258.0,225137
BUNGAL,2026-09-16,535.0,525.0,18561
GBIMESY2,2026-09-16,8.85,8.86,200
GCIL,2026-09-16,383.0,376.1,39187
SIFC,2026-09-16,493.5,484.0,5469
BHL,2026-09-16,220.0,216.1,295942
SMHL,2026-09-16,472.0,462.7,33204
MSHL,2026-09-16,562.0,538.0,2050
TRH,2026-09-16,787.2,810.0,3025
SBCF,2026-09-16,9.3,9.03,30800
SCB,2026-09-16,655.0,650.1,6942
SHINE,2026-09-16,433.3,427.6,44675
MLBL,2026-09-16,358.0,358.1,19730
MND84/85,2026-09-16,1068.0,1068.0,20
DHPL,2026-09-16,278.0,274.0,2712
GLBSL,2026-09-16,1660.0,1689.0,353
NESDO,2026-09-16,1370.0,1354.9,1171
EHPL,2026-09-16,348.1,330.0,17266
PSF,2026-09-16,10.85,10.91,18050
DORDI,2026-09-16,259.8,255.6,37921
HBL,2026-09-16,190.0,193.9,70051
BJHL,2026-09-16,645.2,647.8,6468
BHCL,2026-09-16,529.9,534.0,30909
HDHPC,2026-09-16,216.0,228.0,1663890
SIGS2,2026-09-16,9.82,9.6,11185
NBL,2026-09-16,288.1,284.7,179797
API,2026-09-16,344.0,339.1,249346
BNL,2026-09-16,13920.0,14000.0,35
CHCL,2026-09-16,360.5,354.9,70515
CORBL,2026-09-16,850.0,831.4,8909
BFC,2026-09-16,466.0,467.0,39068
ALICL,2026-09-16,422.9,416.0,21569
PURE,2026-09-16,800.0,788.1,5795
YMHL,2026-09-16,593.2,555.0,20220
EDBL,2026-09-16,570.0,568.2,1709
APHL,2026-09-16,715.0,693.0,13271
SPC,2026-09-16,410.0,392.3,8200
SBID89,2026-09-16,1141.0,1142.0,50
BHPL,2026-09-16,460.0,459.0,3192
RBBF40,2026-09-16,9.2,9.02,900
CHDC,2026-09-16,2338.0,2368.0,49081
SLCF,2026-09-16,9.2,9.48,4900
CHL,2026-09-16,265.0,267.4,21345
HATHY,2026-09-16,612.0,606.0,12575
CIT,2026-09-16,1740.0,1730.0,3013
BPCL,2026-09-16,675.0,676.9,75851
AHPC,2026-09-16,273.9,266.8,82227
HEI,2026-09-16,477.0,477.0,19915
C30MF,2026-09-16,9.96,9.96,100
ALBSL,2026-09-16,1180.0,1201.0,26915
GILB,2026-09-16,1110.1,1116.0,2044
RBCL,2026-09-16,13898.0,13601.0,160
GIBF1,2026-09-16,11.65,11.5,8200
ECL,2026-09-16,1375.0,1343.0,14415
AKPL,2026-09-16,265.0,256.0,70356
RAWA,2026-09-16,400.0,415.0,19946
GMFBS,2026-09-16,1102.8,1122.5,414
GLH,2026-09-15,270.0,263.0,121052
BNT,2026-09-15,11850.0,11838.0,118
MNBBL,2026-09-15,351.0,340.0,70972
SICL,2026-09-15,580.0,580.0,8832
BHPL,2026-09-15,482.8,470.0,8733
JFL,2026-09-15,286.0,295.0,50407
LEC,2026-09-15,262.5,256.8,1062567
GWFD83,2026-09-15,1030.0,1045.0,482
HLI,2026-09-15,319.0,315.1,53593
MKHC,2026-09-15,272.0,267.0,26478
JOSHI,2026-09-15,263.7,271.8,35338
MSHL,2026-09-15,549.9,560.0,2381
PRVU,2026-09-15,194.0,189.6,281196
KDBY,2026-09-15,10.55,10.19,33300
HLBSL,2026-09-15,914.0,879.9,722
PROFL,2026-09-15,400.0,394.0,10787
LSH12,2026-09-15,8.7,9.0,3350
YMHL,2026-09-15,580.0,565.0,34064
NABBC,2026-09-15,735.0,700.4,59785
MHL,2026-09-15,484.0,473.4,7223
NRM,2026-09-15,304.0,297.1,17218
PBD88,2026-09-15,1180.0,1180.0,50
CFCL,2026-09-15,602.0,573.0,186977
TTL,2026-09-15,728.0,710.0,11878
GIBF1,2026-09-15,11.25,11.6,15130
ALICL,2026-09-15,424.0,418.0,38690
MFIL,2026-09-15,792.0,756.0,41145
SKHL,2026-09-15,783.4,764.5,10676
SAIL,2026-09-15,1039.5,1012.7,30921
NADEP,2026-09-15,719.0,718.0,4014
ECL,2026-09-15,1400.0,1384.0,25029
DHPL,2026-09-15,288.0,278.1,8880
GLBSL,2026-09-15,1689.0,1660.0,292
AVYAN,2026-09-15,1085.0,1078.0,4929
ADBLD83,2026-09-15,1040.0,1038.0,550
BGWT,2026-09-15,521.0,505.0,17191
KSBBL,2026-09-15,455.0,457.0,37632
BBC,2026-09-15,4299.0,4136.0,1601
BANDIPUR,2026-09-15,677.0,651.9,37986
BUNGAL,2026-09-15,549.0,538.0,30027
GILB,2026-09-15,1173.0,1129.0,7242
MBLEF,2026-09-15,9.22,9.32,13600
ACLBSL,2026-09-15,921.0,900.0,2249
SJCL,2026-09-15,252.0,246.7,36472
DHEL,2026-09-15,598.0,575.0,17708
MANDU,2026-09-15,734.0,697.0,11916
KKHC,2026-09-15,275.0,280.0,269603
DOLTI,2026-09-15,322.0,311.9,37993
HEI,2026-09-15,495.0,488.7,15034
GHL,2026-09-15,257.0,247.8,224695
HATHY,2026-09-15,624.0,612.0,31802
SOPL,2026-09-15,792.0,768.0,37061
GBBL,2026-09-15,460.0,455.0,298241
MBJC,2026-09-15,300.0,295.0,74756
KHPL,2026-09-15,792.0,768.7,16750
BEDC,2026-09-15,319.0,309.9,28347
KMCDB,2026-09-15,850.0,818.5,12542
KPCL,2026-09-15,488.0,475.0,11973
UPCL,2026-09-15,350.0,350.0,84421
NSY,2026-09-15,9.1,9.4,3917
NICLBSL,2026-09-15,540.0,532.0,12791
GCIL,2026-09-15,376.0,384.0,59204
SAGF,2026-09-15,9.5,9.38,12400
NBL,2026-09-15,296.0,288.0,275179
SBCF,2026-09-15,9.33,9.33,100
SMFBS,2026-09-15,1443.0,1441.0,256
MLBS,2026-09-15,1069.0,1066.0,1587
SAPIL,2026-09-15,1487.3,1420.0,36823
UHEWA,2026-09-15,622.0,600.0,38892
SIPD,2026-09-15,639.0,608.0,46209
NIMB,2026-09-15,197.5,192.0,278811
SMJC,2026-09-15,432.0,432.0,35593
TVCL,2026-09-15,315.0,317.6,18545
SWMF,2026-09-15,610.0,604.0,5361
SEF2,2026-09-15,9.0,9.1,6475
PBD93,2026-09-15,1025.0,1040.0,3215
SMH,2026-09-15,534.0,529.9,16250
SGIC,2026-09-15,400.0,396.0,21305
SARBTM,2026-09-15,834.0,807.0,34102
FOWAD,2026-09-15,933.0,910.0,4736
SIFC,2026-09-15,492.3,485.0,26586
USHL,2026-09-15,530.0,525.0,4924
USHEC,2026-09-15,522.9,503.0,23516
NABIL,2026-09-15,581.0,560.0,100142
BFC,2026-09-15,468.3,470.1,47958
SKBBL,2026-09-15,795.0,773.0,20004
UNHPL,2026-09-15,370.0,367.8,24255
JHAPA,2026-09-15,1110.0,1095.0,7522
CSY,2026-09-15,8.2,8.35,13400
UNLB,2026-09-15,1256.4,1244.9,380
NIBLGF,2026-09-15,8.65,8.6,42700
BNL,2026-09-15,13516.0,13515.0,40
NESDO,2026-09-15,1385.0,1370.0,842
NBF3,2026-09-15,9.36,9.23,27730
NABILD2089,2026-09-15,1105.0,1105.0,25
BARUN,2026-09-15,335.1,332.0,95942
TRH,2026-09-15,838.0,811.0,14618
SMHL,2026-09-15,470.0,465.0,90419
UPPER,2026-09-15,202.6,199.0,248785
NMBHF2,2026-09-15,8.92,9.18,15700
NBF2,2026-09-15,9.6,9.83,3810
CYCL,2026-09-15,1574.0,1490.0,6753
SINDU,2026-09-15,421.0,450.0,71376
CZBIL,2026-09-15,212.1,208.9,155343
SIGS3,2026-09-15,10.25,10.38,50900
SIKLES,2026-09-15,599.0,575.2,10498
NABILD87,2026-09-15,1101.0,1101.0,115
LVF2,2026-09-15,8.83,9.34,1703
MABEL,2026-09-15,640.0,613.0,17076
MLBBL,2026-09-15,999.0,975.0,1692
KSY,2026-09-15,8.81,8.85,500
ILBS,2026-09-15,880.1,948.0,8375
HRL,2026-09-15,542.0,530.0,114291
HLICF,2026-09-15,8.23,8.26,6610
ICFC,2026-09-15,598.0,602.0,16644
ICFCD88,2026-09-15,1118.0,1118.0,15
LICN,2026-09-15,801.0,774.0,37688
SCB,2026-09-15,682.0,653.0,10110
MBL,2026-09-15,263.0,257.7,193525
CREST,2026-09-15,1112.0,1099.9,7767
CHCL,2026-09-15,375.0,360.1,95387
NMB,2026-09-15,255.0,252.6,125430
SANIMA,2026-09-15,390.0,375.0,356506
IHL,2026-09-15,318.0,326.5,16907
NIFRAGED,2026-09-15,1025.2,1025.2,50
MAKAR,2026-09-15,430.0,418.4,173461
MHCL,2026-09-15,299.0,297.7,9782
EBL,2026-09-15,760.2,732.0,71236
LSL,2026-09-15,240.8,236.3,838214
DORDI,2026-09-15,263.0,257.0,78741
EBLD86,2026-09-15,1120.0,1090.0,50
MHNL,2026-09-15,260.0,260.0,38029
NMLBBL,2026-09-15,527.0,512.0,11316
GMFIL,2026-09-15,442.0,433.7,13155
NRIC,2026-09-15,858.0,844.5,36969
NRN,2026-09-15,1519.0,1468.0,194242
NSIF2,2026-09-15,10.0,9.95,109398
MMF1,2026-09-15,8.9,8.89,43172
LBBL,2026-09-15,508.0,487.0,47162
MCHL,2026-09-15,270.0,272.8,8576
BHDC,2026-09-15,430.0,433.7,25555
VLBS,2026-09-15,650.0,626.1,1878
HEIP,2026-09-15,320.0,313.0,7350
DLBS,2026-09-15,1001.0,1119.0,2315
KBSH,2026-09-15,877.0,866.0,9732
BHL,2026-09-15,221.5,216.0,233450
MERO,2026-09-15,643.0,616.8,24191
ADBL,2026-09-15,317.0,308.0,71582
GMLI,2026-09-15,1033.8,1020.1,2177
API,2026-09-15,350.0,343.9,825838
H8020,2026-09-15,12.35,12.33,108436
AHL,2026-09-15,368.7,376.1,5222
AHPC,2026-09-15,279.0,273.0,193414
GMFBS,2026-09-15,1170.0,1136.9,469
CGH,2026-09-15,825.0,798.0,25080
LUK,2026-09-15,9.28,9.5,2300
CORBL,2026-09-15,858.0,838.9,17443
PSF,2026-09-15,11.1,11.16,72660
JBBL,2026-09-15,357.0,348.5,105944
GFCL,2026-09-15,598.0,577.1,13594
SJLIC,2026-09-15,429.0,419.9,28754
MEN,2026-09-15,665.0,651.0,167193
AKJCL,2026-09-15,361.0,353.0,345701
HIDCLP,2026-09-15,195.0,193.9,308640
GBLBS,2026-09-15,673.0,657.0,5370
CBBL,2026-09-15,998.0,959.8,29907
MMKJL,2026-09-15,372.0,358.0,12550
KBLD90,2026-09-15,1301.6,1301.6,20
MPFL,2026-09-15,592.0,620.0,26160
BPCL,2026-09-15,686.0,673.9,92913
APHL,2026-09-15,731.0,715.0,15332
ALBSL,2026-09-15,1220.0,1210.0,33860
BJHL,2026-09-15,682.0,664.9,11748
GRDBL,2026-09-15,986.0,975.0,7800
AKPL,2026-09-15,269.0,260.0,133001
GBILD84/85,2026-09-15,1134.9,1134.9,25
GUFL,2026-09-15,518.6,521.0,19254
GVL,2026-09-15,494.0,498.0,43381
GBIME,2026-09-15,260.0,257.1,315862
MLBSL,2026-09-15,1108.0,1119.0,2245
HFIN,2026-09-15,640.0,649.0,44107
JBLB,2026-09-15,1329.0,1285.0,6948
USLB,2026-09-15,1059.0,1049.0,3146
EBLD91,2026-09-15,1090.0,1090.0,35
MSLB,2026-09-15,1219.5,1200.0,3766
GBIMESY2,2026-09-15,8.75,8.85,915
SSHL,2026-09-15,215.0,208.8,281037
RBBD2088,2026-09-15,1060.0,1070.0,50
RHGCL,2026-09-15,271.5,275.0,40917
NICBF,2026-09-15,8.6,8.95,10521
RLEL,2026-09-15,829.0,828.0,30058
RHPL,2026-09-15,175.1,172.1,151557
SKHEL,2026-09-15,871.0,871.0,4333
RIDI,2026-09-15,367.0,355.0,319097
NICFC,2026-09-15,8.65,8.71,1600
NICSF,2026-09-15,8.5,8.5,1200
SHL,2026-09-15,530.2,509.9,44897
PMHPL,2026-09-15,312.0,319.9,20819
MFLD85,2026-09-15,1095.0,1096.0,200
CHDC,2026-09-15,2367.7,2318.0,49810
SABBL,2026-09-15,939.0,912.0,12636
RADHI,2026-09-15,734.0,713.0,110061
NICL,2026-09-15,469.0,457.9,35536
NGPL,2026-09-15,420.0,417.0,331950
SMATA,2026-09-15,735.0,724.0,4105
SONA,2026-09-15,409.0,405.5,100002
NUBL,2026-09-15,605.0,580.0,16969
STC,2026-09-15,5722.0,5500.0,1793
RURU,2026-09-15,626.6,600.0,11278
NHPC,2026-09-15,276.0,267.5,284481
RMF1,2026-09-15,9.4,9.45,6600
NMIC,2026-09-15,860.0,865.2,12797
RLFL,2026-09-15,445.0,439.0,51905
SADBL,2026-09-15,432.0,418.7,48862
PCIL,2026-09-15,620.0,632.1,59453
SPDL,2026-09-15,370.0,370.0,98941
RBCLPO,2026-09-15,11536.0,11882.0,40
RNLI,2026-09-15,451.0,436.3,75061
RFPL,2026-09-15,347.8,343.0,43912
NLIC,2026-09-15,744.0,730.0,48932
PURE,2026-09-15,811.6,799.9,8313
SPC,2026-09-15,417.5,400.0,18596
RBBF40,2026-09-15,8.9,9.11,800
RBCL,2026-09-15,13350.0,13601.0,314
SLBBL,2026-09-15,840.0,810.0,5004
SBI,2026-09-15,425.0,409.9,78404
VLUCL,2026-09-15,404.0,390.0,11842
PPCL,2026-09-15,355.0,348.0,15764
ICFCD89,2026-09-15,1085.4,1095.0,100
PMLI,2026-09-15,434.7,428.0,18876
HHL,2026-09-15,352.0,338.0,37735
PRSF,2026-09-15,11.74,11.94,115400
ILI,2026-09-15,438.9,425.8,20369
MKJC,2026-09-15,301.0,290.0,19856
MKHL,2026-09-15,530.0,511.0,1819
HURJA,2026-09-15,264.0,263.0,308689
MKCL,2026-09-15,909.0,920.0,2828
BNHC,2026-09-15,289.0,279.0,46494
KAHL,2026-09-15,510.0,506.0,42865
GSY,2026-09-15,9.27,9.15,3100
MEPDL,2026-09-15,675.0,673.5,45155
MDB,2026-09-15,575.0,572.9,15397
HPPL,2026-09-15,398.0,383.9,118948
KEF,2026-09-15,9.1,9.5,25800
PPL,2026-09-15,338.0,328.0,43658
PRIN,2026-09-15,630.0,610.2,14313
HDL,2026-09-15,1251.0,1217.9,68142
NMFBS,2026-09-15,1175.0,1150.9,15401
PCBL,2026-09-15,250.0,245.0,151325
SBL,2026-09-15,443.0,429.5,225605
MEL,2026-09-15,226.0,216.0,40879
MEHL,2026-09-15,255.0,255.0,134952
NICA,2026-09-15,329.0,329.9,146946
NIBSF2,2026-09-15,8.41,8.66,12025
NIBLSTF,2026-09-15,8.25,8.36,1470
EBLD85,2026-09-15,1105.1,1105.1,25
C30MF,2026-09-15,10.15,10.15,10350
JSLBB,2026-09-15,1020.0,969.9,442
MATRI,2026-09-15,750.0,758.0,1086
IGI,2026-09-15,406.8,404.0,13075
HIDCL,2026-09-15,258.8,257.6,211629
HDHPC,2026-09-15,222.0,216.5,225624
MLBL,2026-09-15,374.0,364.0,40156
LLBS,2026-09-15,906.1,860.0,3046
NICGF2,2026-09-15,8.51,8.55,650
SRLI,2026-09-15,379.0,371.5,41888
EDBL,2026-09-15,600.0,579.0,23291
SEF,2026-09-15,9.58,9.78,56535
SFEF,2026-09-15,9.37,9.4,14500
ULHC,2026-09-15,347.0,334.0,40348
KDL,2026-09-15,645.0,625.0,61290
HIMSTAR,2026-09-15,687.0,676.0,2732
MNMF1,2026-09-15,9.15,9.11,5550
MND84/85,2026-09-15,1037.7,1037.7,25
SAEF2,2026-09-15,9.0,9.05,4600
SYPNL,2026-09-15,1380.0,1337.0,65873
RAWA,2026-09-15,434.0,420.0,42047
SALICO,2026-09-15,561.0,550.0,10762
UMHL,2026-09-15,539.0,557.3,98144
KBL,2026-09-15,222.0,221.6,428456
SMPDA,2026-09-15,778.0,750.0,1189
SAGAR,2026-09-15,1625.0,1622.0,13195
NBLD87,2026-09-15,1060.9,1060.0,100
SHIVM,2026-09-15,685.0,681.0,462655
UAIL,2026-09-15,396.0,387.0,39426
PHCL,2026-09-15,305.0,313.6,253167
CLI,2026-09-15,446.0,436.5,16589
CKHL,2026-09-15,619.0,605.0,1305
SPIL,2026-09-15,622.0,639.0,45256
DDBL,2026-09-15,885.0,861.0,14222
EHPL,2026-09-15,340.0,331.6,19111
ENL,2026-09-15,580.0,574.0,49688
SHLB,2026-09-15,1406.0,1400.0,486
GBBD85,2026-09-15,1050.1,1055.1,50
NTC,2026-09-15,912.0,895.0,23205
SHPC,2026-09-15,548.0,531.0,146109
SLBSL,2026-09-15,920.0,917.0,1790
ANLB,2026-09-15,5121.0,5020.0,1060
CITY,2026-09-15,362.0,352.0,116091
SHINE,2026-09-15,434.0,432.0,91448
TAMOR,2026-09-15,525.0,527.0,332158
SNLI,2026-09-15,410.0,407.0,31361
SGHL,2026-09-15,513.0,508.3,106605
NIFRA,2026-09-15,259.0,255.0,189774
UNL,2026-09-15,47000.0,47000.0,10
SNORL,2026-09-15,913.0,894.9,41026
TPKHL,2026-09-15,520.0,512.0,32976
SPL,2026-09-15,662.0,624.2,1793
OMPL,2026-09-15,926.0,906.0,8004
NHDL,2026-09-15,661.0,635.5,4522
OHL,2026-09-15,640.0,640.0,2033
SLCF,2026-09-15,9.25,9.2,2700
NIL,2026-09-15,550.0,534.0,9434
SGHC,2026-09-15,315.0,309.6,49118
RSML,2026-09-15,3082.0,2879.0,111596
RSY,2026-09-15,9.2,9.3,2700
RSY2,2026-09-15,8.8,9.2,17150
NLG,2026-09-15,561.6,549.0,13819
NYADI,2026-09-15,375.0,372.0,13778
SOHL,2026-09-15,660.0,654.0,246236
RMF2,2026-09-15,9.57,9.76,200
NBLD82,2026-09-15,1023.9,1054.6,51
TPC,2026-09-15,379.0,374.9,44037
SWASTIK,2026-09-15,1904.0,1854.0,558
SWBBL,2026-09-15,709.5,700.0,13475
SPHL,2026-09-15,551.0,526.9,7655
SAHAS,2026-09-15,725.0,697.1,99662
NFS,2026-09-15,520.0,516.0,13750
SIGS2,2026-09-15,9.29,9.54,5448
BHCL,2026-09-15,549.0,530.0,60333
NWCL,2026-09-15,612.5,620.9,4347
NMBMF,2026-09-15,617.0,605.0,2724
TSHL,2026-09-15,367.7,365.0,5156
ULBSL,2026-09-15,2660.0,2560.0,1081
CIT,2026-09-15,1750.0,1740.0,7997
UMRH,2026-09-15,536.0,518.3,6209
HBL,2026-09-15,195.0,195.1,111185
SMB,2026-09-15,1888.0,1830.0,808
NLICL,2026-09-15,590.0,578.9,45566
SAPDBL,2026-09-15,650.0,642.0,21851
SHEL,2026-09-15,310.0,308.0,106322
FMDBL,2026-09-15,780.0,748.0,11872
CHL,2026-09-15,273.0,266.0,19276
NIMBPO,2026-09-15,144.0,141.0,2870
RSDC,2026-09-15,640.0,642.9,5124
SANVI,2026-09-15,613.0,589.0,14131
SBID83,2026-09-15,1029.3,1030.1,395
MKHL,2026-09-14,495.1,505.0,1594
RBBF40,2026-09-14,9.0,8.85,400
VLBS,2026-09-14,601.0,620.0,733
SAPIL,2026-09-14,1400.0,1444.0,43535
NGPL,2026-09-14,399.0,401.0,100338
UPCL,2026-09-14,333.0,338.0,41249
USLB,2026-09-14,983.1,1010.0,1098
USHL,2026-09-14,535.0,520.0,1033
NUBL,2026-09-14,575.0,577.0,12496
NLIC,2026-09-14,700.0,709.0,23494
SGHC,2026-09-14,296.0,300.0,29323
SAGF,2026-09-14,9.3,9.4,500
SHINE,2026-09-14,428.0,426.1,86326
SARBTM,2026-09-14,791.0,795.0,11765
SMJC,2026-09-14,400.5,412.3,9267
SMHL,2026-09-14,462.0,460.0,52377
SMPDA,2026-09-14,730.0,742.0,2184
UMHL,2026-09-14,545.0,550.0,36307
SGIC,2026-09-14,376.1,389.0,18321
SBID2090,2026-09-14,1072.2,1072.2,50
UMRH,2026-09-14,519.0,511.2,8961
SHIVM,2026-09-14,663.0,670.0,158053
SHPC,2026-09-14,518.0,522.0,76689
SPC,2026-09-14,409.0,397.7,3092
TPC,2026-09-14,350.0,361.0,17383
DHPL,2026-09-14,274.9,275.0,4650
SPDL,2026-09-14,353.0,352.5,26686
SMH,2026-09-14,502.0,523.1,31259
VLUCL,2026-09-14,378.0,385.0,4935
SSHL,2026-09-14,213.0,207.0,135130
NMFBS,2026-09-14,1125.0,1120.0,2227
SJCL,2026-09-14,239.0,240.0,26955
SOPL,2026-09-14,740.0,754.9,23277
SEF2,2026-09-14,8.68,9.0,4200
SPHL,2026-09-14,500.0,524.9,7453
SNORL,2026-09-14,866.2,870.0,19019
UHEWA,2026-09-14,580.0,593.0,39831
SNLI,2026-09-14,392.0,396.8,29251
TPKHL,2026-09-14,500.0,508.0,16017
TSHL,2026-09-14,350.0,357.0,3780
SFEF,2026-09-14,9.31,9.1,2600
SRLI,2026-09-14,357.1,361.1,15666
CYCL,2026-09-14,1450.0,1500.0,10053
SAIL,2026-09-14,1008.8,990.0,29761
SBL,2026-09-14,418.7,422.0,155348
GBBD85,2026-09-14,1036.5,1036.5,25
SLCF,2026-09-14,9.0,9.2,1500
SANVI,2026-09-14,580.0,584.8,14195
SBI,2026-09-14,404.3,404.9,12898
SANIMA,2026-09-14,372.0,373.0,164822
SCB,2026-09-14,655.0,650.0,10522
SINDU,2026-09-14,394.0,405.3,47416
SIFC,2026-09-14,478.4,479.5,12158
NICAD2091,2026-09-14,1082.0,1082.0,25
SKBBL,2026-09-14,756.0,758.3,7044
GLBSL,2026-09-14,1601.3,1640.0,839
SPL,2026-09-14,624.7,631.3,1790
RSY2,2026-09-14,9.0,8.95,4800
NHDL,2026-09-14,611.0,630.0,2764
RSY,2026-09-14,9.19,9.2,600
EDBL,2026-09-14,566.0,572.5,2003
NMBUR93/94,2026-09-14,907.6,907.6,25
EBL,2026-09-14,719.0,724.0,25682
SICL,2026-09-14,523.0,560.0,9377
SONA,2026-09-14,392.0,397.0,20645
RLFL,2026-09-14,424.9,432.0,30669
UPPER,2026-09-14,199.3,193.0,86344
SMB,2026-09-14,1769.8,1800.0,764
SHL,2026-09-14,505.0,505.0,28074
SPIL,2026-09-14,577.0,604.0,1931
SHEL,2026-09-14,299.0,300.3,35041
ULHC,2026-09-14,323.0,330.9,7071
SOHL,2026-09-14,650.0,655.0,157371
SBLD84,2026-09-14,1016.7,1020.1,50
TTL,2026-09-14,680.0,694.0,4406
SBID83,2026-09-14,1060.0,1060.0,10
STC,2026-09-14,5400.1,5450.0,871
NIL,2026-09-14,520.0,524.0,18315
CITY,2026-09-14,347.4,344.9,70040
SHLB,2026-09-14,1300.0,1340.0,191
TRH,2026-09-14,781.0,799.0,13042
SMATA,2026-09-14,694.0,701.0,891
SGHL,2026-09-14,496.0,501.0,60595
USHEC,2026-09-14,487.0,498.0,6159
PBD93,2026-09-14,1010.0,1038.0,6899
MSLB,2026-09-14,1166.2,1184.0,1757
NICFC,2026-09-14,8.45,8.6,1100
DORDI,2026-09-14,248.0,251.0,38218
NYADI,2026-09-14,348.0,367.8,9386
SWBBL,2026-09-14,687.0,688.9,3042
RSML,2026-09-14,2840.0,2936.0,60604
PRVUPO,2026-09-14,100.0,100.0,30813
RSDC,2026-09-14,627.0,622.0,2581
RNLI,2026-09-14,425.0,429.8,13005
SADBL,2026-09-14,414.5,412.0,16077
RMF1,2026-09-14,9.4,9.4,500
NSY,2026-09-14,9.06,9.13,2800
PRSF,2026-09-14,11.88,11.76,30888
NICLBSL,2026-09-14,506.0,517.0,3750
SAND2085,2026-09-14,1113.1,1100.0,135
NIFRAGED,2026-09-14,1014.3,1025.1,50
RLEL,2026-09-14,759.0,789.9,19826
SABBL,2026-09-14,900.0,895.0,5739
SAHAS,2026-09-14,720.0,696.0,64267
NIFRA,2026-09-14,244.0,246.9,46696
RADHI,2026-09-14,719.0,700.0,65131
PRIN,2026-09-14,593.1,602.0,5810
SAGAR,2026-09-14,1599.0,1550.0,4398
RAWA,2026-09-14,406.2,414.0,11610
HDHPC,2026-09-14,213.8,211.5,93016
KHPL,2026-09-14,746.0,755.0,11583
SIGS3,2026-09-14,10.1,10.17,400
UNLB,2026-09-14,1233.9,1222.0,625
PPCL,2026-09-14,342.9,338.9,20449
PMLI,2026-09-14,405.0,414.0,2442
PPL,2026-09-14,302.0,322.0,23096
PRVU,2026-09-14,176.9,185.3,108987
RFPL,2026-09-14,330.0,337.7,26706
RMF2,2026-09-14,9.75,9.75,100
RBCL,2026-09-14,13365.0,13330.0,101
PURE,2026-09-14,764.0,773.0,8948
PSF,2026-09-14,10.7,10.84,119544
RHPL,2026-09-14,169.8,166.8,70565
RIDI,2026-09-14,350.0,350.0,363246
PHCL,2026-09-14,306.0,304.8,73658
NLICL,2026-09-14,565.0,565.0,3009
SYPNL,2026-09-14,1320.0,1315.0,28294
SALICO,2026-09-14,525.0,535.1,7252
TAMOR,2026-09-14,498.0,516.9,398521
NRN,2026-09-14,1439.0,1448.0,171552
SKHL,2026-09-14,749.4,746.1,6351
NICL,2026-09-14,435.0,446.9,9372
PCIL,2026-09-14,607.0,615.0,55881
UAIL,2026-09-14,370.0,377.5,6581
ULBSL,2026-09-14,2666.0,2536.0,906
CKHL,2026-09-14,590.0,590.0,440
SEF,2026-09-14,9.5,9.56,18033
NMIC,2026-09-14,791.0,825.0,4211
NTC,2026-09-14,884.0,886.0,3280
NHPC,2026-09-14,264.6,263.0,152642
NIBLGF,2026-09-14,8.5,8.5,101668
SLBSL,2026-09-14,870.0,880.0,786
NSIF2,2026-09-14,9.87,10.08,3600
NMLBBL,2026-09-14,499.0,502.4,3379
SBCF,2026-09-14,9.33,9.33,500
SAPDBL,2026-09-14,603.3,630.0,53757
NICGF2,2026-09-14,8.7,8.47,550
OHL,2026-09-14,619.9,625.0,1730
ENL,2026-09-14,595.0,571.0,18069
SAEF2,2026-09-14,8.97,9.0,3700
PBLD84,2026-09-14,1070.0,1080.0,100
FOWAD,2026-09-14,878.0,889.0,1132
NRIC,2026-09-14,815.0,818.0,37803
NICA,2026-09-14,306.0,314.0,44186
NIBSF2,2026-09-14,8.4,8.5,1150
SWASTIK,2026-09-14,1817.0,1815.0,412
NICSF,2026-09-14,8.2,8.6,2600
SWMF,2026-09-14,589.9,592.9,3420
PMHPL,2026-09-14,300.0,310.0,3819
OMPL,2026-09-14,860.0,882.0,3113
NWCL,2026-09-14,590.0,595.0,640
NMBMF,2026-09-14,580.0,588.0,989
SIPD,2026-09-14,607.8,609.0,31407
NIMBPO,2026-09-14,138.0,142.0,1653
PROFL,2026-09-14,379.0,381.0,5861
NLG,2026-09-14,516.0,534.9,23531
PCBL,2026-09-14,244.5,242.0,78377
NMBHF2,2026-09-14,8.9,8.92,200400
MMKJL,2026-09-14,351.0,355.0,6180
TVCL,2026-09-14,290.4,300.0,19326
SIGS2,2026-09-14,9.55,9.55,2500
MSHL,2026-09-14,510.0,525.0,644
NABIL,2026-09-14,552.0,554.0,38965
MBJC,2026-09-14,280.0,285.9,33218
HFIN,2026-09-14,621.0,631.0,20361
HLICF,2026-09-14,8.2,8.24,300
MKJC,2026-09-14,279.0,286.7,12898
IHL,2026-09-14,304.0,310.0,10149
CBBL,2026-09-14,942.0,951.0,30022
MLBL,2026-09-14,354.0,357.0,5581
HIDCLP,2026-09-14,189.1,188.3,112984
MEPDL,2026-09-14,637.0,643.5,15111
MEL,2026-09-14,207.0,216.0,38875
JFL,2026-09-14,280.0,273.0,23657
JBLB,2026-09-14,1301.1,1267.0,3277
MEN,2026-09-14,640.0,646.9,106682
KMCDB,2026-09-14,792.0,810.0,5535
SLBBL,2026-09-14,784.5,801.0,5713
MCHL,2026-09-14,262.0,264.0,3180
LLBS,2026-09-14,860.0,863.0,211
NADEP,2026-09-14,679.0,685.0,1287
HRL,2026-09-14,505.0,516.9,47769
UNHPL,2026-09-14,355.0,356.6,18613
GMLI,2026-09-14,1014.9,1003.7,526
MANDU,2026-09-14,673.2,699.8,9186
MNMF1,2026-09-14,9.0,9.15,3602
NCCD86,2026-09-14,1204.0,1204.0,25
NBL,2026-09-14,278.0,282.5,112412
HEI,2026-09-14,460.0,471.9,9682
LICN,2026-09-14,760.0,764.0,4118
NBF2,2026-09-14,9.73,9.6,51500
BPCL,2026-09-14,642.0,653.9,29947
MEHL,2026-09-14,244.0,243.0,109756
ILBS,2026-09-14,830.0,925.9,9175
JBBL,2026-09-14,337.0,340.0,35199
RURU,2026-09-14,576.6,596.8,2689
SMFBS,2026-09-14,1358.1,1401.0,1153
ILI,2026-09-14,410.0,418.0,7926
BOKD86,2026-09-14,1087.0,1087.0,10
MBLEF,2026-09-14,9.21,9.22,500
MDB,2026-09-14,551.0,565.0,7477
KSBBL,2026-09-14,440.0,449.0,16228
HHL,2026-09-14,326.0,336.0,11785
BHPL,2026-09-14,427.5,459.9,8922
KBL,2026-09-14,215.0,216.9,169944
KDBY,2026-09-14,10.17,10.05,32450
JSLBB,2026-09-14,959.0,972.0,50
LEC,2026-09-14,252.0,250.0,935670
MPFL,2026-09-14,537.0,565.0,31611
MABEL,2026-09-14,600.0,610.0,15846
AKJCL,2026-09-14,340.0,343.9,199427
NABBC,2026-09-14,715.0,700.0,11523
ADBL,2026-09-14,300.0,302.0,23638
MERO,2026-09-14,600.1,613.0,12419
HURJA,2026-09-14,249.0,252.0,213347
AKPL,2026-09-14,255.0,256.7,83551
KKHC,2026-09-14,274.5,272.0,96533
KDL,2026-09-14,621.0,616.0,50267
HLBSL,2026-09-14,855.0,871.0,670
ICFC,2026-09-14,590.0,586.6,5533
YMHL,2026-09-14,555.1,562.0,19538
NIBLSTF,2026-09-14,8.4,8.5,1650
KAHL,2026-09-14,492.0,499.7,19318
KPCL,2026-09-14,455.0,465.0,6540
LSH12,2026-09-14,8.64,8.83,1200
KEF,2026-09-14,9.08,9.3,28500
HIMSTAR,2026-09-14,650.0,655.1,3566
MKHC,2026-09-14,265.0,259.5,10993
ICFCD88,2026-09-14,1092.3,1125.0,50
MAKAR,2026-09-14,402.2,410.0,99925
ICFCD89,2026-09-14,1090.0,1099.9,138
MHL,2026-09-14,450.0,461.0,5744
LSL,2026-09-14,225.1,229.4,396536
RBBD2088,2026-09-14,1041.0,1060.0,75
JHAPA,2026-09-14,1048.0,1058.0,2108
MLBSL,2026-09-14,1090.0,1088.1,449
ACLBSL,2026-09-14,880.0,878.0,1139
HPPL,2026-09-14,381.0,379.5,76245
LUK,2026-09-14,9.7,9.28,11670
RHGCL,2026-09-14,250.0,271.5,57905
BHDC,2026-09-14,417.0,424.9,12855
KBSH,2026-09-14,803.0,836.0,7075
HLI,2026-09-14,295.0,304.0,31870
MATRI,2026-09-14,720.0,745.0,2333
MLBBL,2026-09-14,951.0,955.0,2234
MFIL,2026-09-14,720.0,755.0,36008
BBC,2026-09-14,3965.0,4098.0,662
CREST,2026-09-14,1055.0,1060.2,4094
ALBSL,2026-09-14,1122.0,1192.1,50848
DDBL,2026-09-14,845.0,844.1,4803
CSY,2026-09-14,8.18,8.45,4300
GBLBS,2026-09-14,649.7,641.9,1835
GSY,2026-09-14,8.9,9.01,800
BGWT,2026-09-14,470.1,497.0,23307
AHL,2026-09-14,358.0,358.0,1812
MLBS,2026-09-14,1000.0,1019.0,989
GVL,2026-09-14,480.5,494.0,26087
HIDCL,2026-09-14,245.0,246.5,56429
NESDO,2026-09-14,1330.0,1344.9,187
DLBS,2026-09-14,970.0,973.4,217
GCIL,2026-09-14,367.8,374.9,22001
CFCL,2026-09-14,591.0,573.9,99986
CLI,2026-09-14,412.0,425.0,23906
NBF3,2026-09-14,9.42,9.36,8030
HDL,2026-09-14,1192.0,1201.0,59826
BFC,2026-09-14,443.9,446.0,11763
ALICL,2026-09-14,399.0,404.0,12122
ECL,2026-09-14,1300.0,1373.0,18439
DHEL,2026-09-14,550.2,570.0,20892
CGH,2026-09-14,767.0,786.0,12361
GBIMESY2,2026-09-14,8.75,8.75,700
GIBF1,2026-09-14,11.49,11.59,27450
DOLTI,2026-09-14,307.0,307.0,36023
GFCL,2026-09-14,565.0,569.6,3308
GILB,2026-09-14,1100.0,1118.0,3216
GHL,2026-09-14,251.8,244.9,328440
HATHY,2026-09-14,609.0,595.0,12261
GBBL,2026-09-14,443.0,446.0,195789
FMDBL,2026-09-14,730.0,744.0,6123
GMFBS,2026-09-14,1097.0,1119.0,1650
GUFL,2026-09-14,495.0,503.5,4226
MHCL,2026-09-14,280.0,285.0,3206
GBIME,2026-09-14,250.0,253.0,135724
EHPL,2026-09-14,331.8,326.0,10528
GMFIL,2026-09-14,408.0,421.0,6856
API,2026-09-14,335.0,340.0,523868
BANDIPUR,2026-09-14,639.0,644.8,27396
GLH,2026-09-14,259.0,257.2,40859
SJLIC,2026-09-14,406.0,409.5,5523
C30MF,2026-09-14,10.0,10.03,14454
JOSHI,2026-09-14,260.0,256.1,31717
NFS,2026-09-14,485.0,500.9,9539
BNHC,2026-09-14,270.0,276.0,26049
SIKLES,2026-09-14,570.0,571.4,10732
MKCL,2026-09-14,917.0,890.0,685
MHNL,2026-09-14,254.8,257.0,37093
SKHEL,2026-09-14,854.0,830.5,2388
NIMB,2026-09-14,185.0,188.1,87303
CIT,2026-09-14,1700.0,1717.1,4847
CIZBD86,2026-09-14,1210.0,1210.0,91
MMF1,2026-09-14,9.0,8.88,4606
GRDBL,2026-09-14,920.0,940.0,4077
CHCL,2026-09-14,352.1,358.7,41436
BEDC,2026-09-14,298.0,304.0,14388
CHDC,2026-09-14,2232.0,2255.0,16204
MNBBL,2026-09-14,333.0,335.1,32146
HBL,2026-09-14,188.0,190.0,39261
H8020,2026-09-14,12.4,12.48,79240
NMB,2026-09-14,244.0,243.0,34167
CHL,2026-09-14,261.9,260.5,11033
AVYAN,2026-09-14,1058.3,1034.0,4214
APHL,2026-09-14,647.0,697.0,8406
AHPC,2026-09-14,261.0,266.0,82055
BUNGAL,2026-09-14,520.0,523.0,10121
BJHL,2026-09-14,637.3,650.0,16205
BHL,2026-09-14,211.5,211.0,116539
IGI,2026-09-14,390.0,395.0,4359
BHCL,2026-09-14,522.0,523.5,25972
CORBL,2026-09-14,817.0,817.9,10517
LBBL,2026-09-14,484.5,484.0,17004
MBL,2026-09-14,263.5,250.7,96940
CZBIL,2026-09-14,200.0,202.0,32466
HEIP,2026-09-14,301.0,313.0,230
ANLB,2026-09-14,4800.0,4975.0,553
NRM,2026-09-14,283.0,290.0,9951
BARUN,2026-09-14,325.0,319.2,57989
RBBF40,2026-09-11,9.0,9.0,1600
BNT,2026-09-11,11750.0,11510.1,20
HDHPC,2026-09-11,207.0,213.8,292330
SSHL,2026-09-11,200.0,212.3,593275
LICN,2026-09-11,759.9,754.9,7564
LSH12,2026-09-11,8.96,8.9,2300
UPPER,2026-09-11,184.2,189.9,103694
SBLD2091,2026-09-11,1115.0,1194.8,7758
UPCL,2026-09-11,335.0,332.8,41448
ANLB,2026-09-11,4751.0,4930.0,592
RIDI,2026-09-11,346.0,351.0,253155
KBSH,2026-09-11,758.1,803.0,5575
KHPL,2026-09-11,737.1,750.0,4001
JSLBB,2026-09-11,930.3,959.0,132
CGH,2026-09-11,761.0,767.1,11374
HDL,2026-09-11,1189.0,1192.0,28552
KMCDB,2026-09-11,809.9,807.0,4327
PHCL,2026-09-11,296.6,305.0,60529
BEDC,2026-09-11,291.0,298.9,21080
TTL,2026-09-11,671.1,683.0,4692
HBLD86,2026-09-11,1185.0,1198.0,10166
HEI,2026-09-11,442.0,460.0,11718
UMHL,2026-09-11,545.0,544.9,23250
GSY,2026-09-11,8.95,8.95,1700
NIBLSTF,2026-09-11,8.26,8.4,449711
SGHC,2026-09-11,294.0,296.0,19715
DLBS,2026-09-11,955.0,983.0,447
AHL,2026-09-11,343.0,359.0,1372
TVCL,2026-09-11,275.0,282.0,5424
KKHC,2026-09-11,274.0,273.7,125343
NIMB,2026-09-11,184.0,185.9,72399
NMBHF2,2026-09-11,9.0,8.91,780
NSY,2026-09-11,8.92,9.33,2700
MLBL,2026-09-11,342.4,354.9,16051
HATHY,2026-09-11,570.3,609.0,21134
EBLD86,2026-09-11,1082.1,1154.0,355
SONA,2026-09-11,406.3,391.7,30121
H8020,2026-09-11,12.5,12.4,39956
SHEL,2026-09-11,291.1,299.8,83228
DHEL,2026-09-11,543.2,556.0,6994
STC,2026-09-11,5464.0,5400.1,1615
YMHL,2026-09-11,548.0,555.1,11324
JHAPA,2026-09-11,1089.9,1050.0,4190
NLICL,2026-09-11,551.0,558.0,7668
NBF3,2026-09-11,9.4,9.6,5199
CIT,2026-09-11,1685.0,1700.4,3127
SAGF,2026-09-11,9.3,9.4,500
NBF2,2026-09-11,9.74,9.72,800
GLH,2026-09-11,248.0,255.0,50859
NESDO,2026-09-11,1301.0,1329.0,87
NGPL,2026-09-11,390.1,397.4,72583
NLIC,2026-09-11,703.9,698.5,13160
GVL,2026-09-11,472.5,484.9,11003
CORBL,2026-09-11,814.0,817.0,16851
GBIMESY2,2026-09-11,8.75,8.8,6800
GLBSL,2026-09-11,1633.8,1629.0,280
GFCL,2026-09-11,564.9,561.3,9445
HBL,2026-09-11,185.2,188.0,49771
SJCL,2026-09-11,226.0,232.1,8360
EBLD91,2026-09-11,1103.0,1110.0,188
GBIME,2026-09-11,250.0,250.6,148823
GBBD85,2026-09-11,1050.0,1050.0,25
SEF,2026-09-11,9.6,9.6,42700
ACLBSL,2026-09-11,898.9,880.0,1315
NMFBS,2026-09-11,1125.0,1125.0,2813
NRIC,2026-09-11,787.0,797.0,11135
TAMOR,2026-09-11,488.5,497.0,148360
IHL,2026-09-11,304.9,306.0,2432
NADEP,2026-09-11,676.0,680.0,800
GUFL,2026-09-11,490.0,495.0,7602
SGIC,2026-09-11,377.0,380.5,5826
PPL,2026-09-11,288.8,317.0,21373
OHL,2026-09-11,600.1,619.0,935
CHDC,2026-09-11,2210.0,2234.0,11292
SIKLES,2026-09-11,568.1,565.0,10649
SWMF,2026-09-11,606.9,585.0,1388
TPKHL,2026-09-11,464.2,499.0,22099
DORDI,2026-09-11,235.4,249.0,48461
SYPNL,2026-09-11,1354.9,1311.0,33320
UNL,2026-09-11,47200.0,47200.0,1
NBLD85,2026-09-11,1070.0,1070.0,1019
NHPC,2026-09-11,257.9,264.6,291214
SEF2,2026-09-11,8.6,8.87,7390
TRH,2026-09-11,788.0,776.0,1281
NHDL,2026-09-11,630.0,628.9,3456
NWCL,2026-09-11,575.1,583.9,1819
VLBS,2026-09-11,602.0,610.0,2035
OMPL,2026-09-11,876.0,853.0,2026
SPC,2026-09-11,361.7,390.0,5731
SBD87,2026-09-11,1062.0,1062.0,25
EBLD85,2026-09-11,1100.2,1100.2,25
SALICO,2026-09-11,520.0,525.3,7385
PRSF,2026-09-11,11.79,11.62,12100
SANIMA,2026-09-11,369.9,370.0,238384
MCHL,2026-09-11,236.0,262.0,4251
VLUCL,2026-09-11,365.0,378.0,2501
SHLB,2026-09-11,1220.0,1265.0,328
CSY,2026-09-11,8.22,8.43,13400
SAIL,2026-09-11,999.0,1008.8,20798
MERO,2026-09-11,594.0,618.0,2970
NMLBBL,2026-09-11,485.0,497.0,14672
MPFL,2026-09-11,570.0,537.0,21137
NUBL,2026-09-11,556.0,570.0,11532
NICL,2026-09-11,422.0,435.0,8603
GBBL,2026-09-11,440.0,443.0,111320
LVF2,2026-09-11,9.0,9.1,400
RMF1,2026-09-11,9.32,9.69,26000
BARUN,2026-09-11,308.9,319.0,42924
NIMBPO,2026-09-11,137.0,136.9,623
SLCF,2026-09-11,9.0,9.0,100
SMPDA,2026-09-11,707.0,733.0,969
SBCF,2026-09-11,9.06,9.33,4700
SHINE,2026-09-11,415.0,422.0,24159
NIBSF2,2026-09-11,8.4,8.4,100
SMB,2026-09-11,1777.0,1742.0,192
MEN,2026-09-11,640.0,640.0,80851
MHNL,2026-09-11,239.0,251.0,31803
DHPL,2026-09-11,261.3,274.0,1807
MLBSL,2026-09-11,1052.0,1076.0,1307
SRBLD83,2026-09-11,1020.0,1020.0,25
SKHL,2026-09-11,735.0,736.0,4971
SANVI,2026-09-11,547.1,580.0,22646
NRN,2026-09-11,1360.0,1439.0,129615
SKBBL,2026-09-11,750.0,757.7,5199
NTC,2026-09-11,889.0,884.0,6278
RLFL,2026-09-11,420.0,419.0,11241
SAND2085,2026-09-11,1144.9,1145.0,439
NIBLGF,2026-09-11,8.31,8.5,259482
PMLI,2026-09-11,398.0,405.6,3357
RSML,2026-09-11,2840.0,2930.0,50599
UAIL,2026-09-11,358.0,373.8,16917
UHEWA,2026-09-11,580.0,591.8,43149
NICA,2026-09-11,305.0,308.4,14681
NRM,2026-09-11,275.0,283.0,5358
SNLI,2026-09-11,383.4,391.9,13099
SPL,2026-09-11,604.0,639.0,1234
ALBSL,2026-09-11,1078.0,1156.0,64777
SOPL,2026-09-11,720.0,740.0,14843
GILB,2026-09-11,1100.0,1090.5,939
SLBBL,2026-09-11,784.5,790.8,466
SOHL,2026-09-11,640.0,654.0,193154
SPHL,2026-09-11,500.0,516.0,13535
MSLB,2026-09-11,1150.1,1172.1,1184
NBL,2026-09-11,276.0,278.0,118261
USLB,2026-09-11,997.0,1012.0,1265
SLBSL,2026-09-11,864.0,870.0,478
SIGS3,2026-09-11,10.0,10.13,4400
KDBY,2026-09-11,9.8,10.09,38600
GMFIL,2026-09-11,416.9,413.8,3815
ADBL,2026-09-11,298.0,300.0,15444
BHL,2026-09-11,206.0,211.5,256797
GMFBS,2026-09-11,1105.8,1154.0,584
ICFC,2026-09-11,578.0,586.8,1001
HIDCL,2026-09-11,240.0,245.0,47609
MKCL,2026-09-11,900.0,896.9,587
IGI,2026-09-11,384.4,389.0,11236
MEPDL,2026-09-11,605.2,637.0,21033
JFL,2026-09-11,278.0,280.0,43949
PCIL,2026-09-11,598.9,607.2,22884
HRL,2026-09-11,485.0,503.9,52280
BNHC,2026-09-11,263.0,271.3,12998
MFLD85,2026-09-11,1105.0,1105.0,25
NABIL,2026-09-11,552.0,552.0,37182
SAHAS,2026-09-11,686.0,691.0,90495
MKHL,2026-09-11,499.9,505.0,3595
SMJC,2026-09-11,396.0,405.0,8309
MAKAR,2026-09-11,400.0,402.0,86279
HIDCLP,2026-09-11,180.0,186.5,181912
HPPL,2026-09-11,363.6,375.0,110915
JBBL,2026-09-11,325.4,334.5,12564
MEL,2026-09-11,198.3,207.0,44375
SHIVM,2026-09-11,659.0,663.0,104620
KPCL,2026-09-11,444.1,454.0,6762
RADHI,2026-09-11,670.0,692.0,23157
NABILD2089,2026-09-11,1105.0,1105.0,19
HEIP,2026-09-11,292.0,308.8,1719
KDL,2026-09-11,620.0,621.0,68220
RFPL,2026-09-11,323.9,334.5,19374
MFIL,2026-09-11,720.0,728.0,17757
CBBL,2026-09-11,940.0,942.1,11255
ILBS,2026-09-11,836.3,870.0,8884
ILI,2026-09-11,402.5,409.1,5168
CKHL,2026-09-11,574.0,588.0,989
PMHPL,2026-09-11,304.0,302.8,6113
NABBC,2026-09-11,705.0,700.0,7722
CHCL,2026-09-11,350.0,352.1,98317
BBC,2026-09-11,3863.1,4040.0,234
USHEC,2026-09-11,495.0,495.0,22554
CITY,2026-09-11,333.0,342.0,87015
SCB,2026-09-11,647.1,648.0,10449
FOWAD,2026-09-11,895.0,878.9,2069
PURE,2026-09-11,774.9,764.0,7236
SAGAR,2026-09-11,1520.0,1558.9,2791
NCCD86,2026-09-11,1180.0,1241.0,12345
SADBL,2026-09-11,407.0,411.0,15136
MMKJL,2026-09-11,325.0,351.0,16411
BFC,2026-09-11,418.0,434.0,14226
API,2026-09-11,327.0,334.7,229569
GBIMEP,2026-09-11,100.0,100.0,7037
PPCL,2026-09-11,325.0,334.7,16980
NICLBSL,2026-09-11,507.0,509.5,7177
LBBL,2026-09-11,473.0,479.0,38716
JBLB,2026-09-11,1187.5,1255.8,2379
BGWT,2026-09-11,450.0,476.0,22847
NIL,2026-09-11,510.0,515.0,12106
NMBMF,2026-09-11,584.0,575.1,935
NIFRAGED,2026-09-11,1035.0,1011.1,50
ALICL,2026-09-11,398.0,399.2,16496
PRVU,2026-09-11,180.0,181.5,117184
MBL,2026-09-11,250.0,251.0,36390
RSY2,2026-09-11,8.9,9.05,6300
SABBL,2026-09-11,889.0,899.6,5023
NICBF,2026-09-11,8.47,8.47,100
UMRH,2026-09-11,512.0,514.9,6347
SWASTIK,2026-09-11,1785.0,1817.0,460
RLEL,2026-09-11,733.0,759.0,16617
MBJC,2026-09-11,275.1,285.0,36467
MEHL,2026-09-11,235.0,244.0,91916
NICAD85/86,2026-09-11,1120.0,1120.0,600
HIMSTAR,2026-09-11,649.0,659.0,1280
SIFC,2026-09-11,465.0,470.0,4554
NYADI,2026-09-11,336.1,351.9,1939
MSHL,2026-09-11,500.0,510.0,422
BUNGAL,2026-09-11,500.0,520.0,7032
RBBD2088,2026-09-11,1073.0,1073.0,30
CHL,2026-09-11,251.0,257.0,17046
RURU,2026-09-11,565.0,582.0,2878
GHL,2026-09-11,246.7,239.9,206662
SWBBL,2026-09-11,670.0,684.6,1673
C30MF,2026-09-11,9.75,9.76,500
AVYAN,2026-09-11,1000.0,1091.0,1250
BHDC,2026-09-11,419.0,417.0,4528
MABEL,2026-09-11,585.0,600.0,5507
KBL,2026-09-11,212.0,215.0,177697
ICFCD89,2026-09-11,1100.0,1093.1,90
TPC,2026-09-11,345.1,357.7,15889
SAPDBL,2026-09-11,611.0,635.0,24118
LLBS,2026-09-11,860.0,880.0,928
SIPD,2026-09-11,640.4,607.9,35658
PSF,2026-09-11,10.8,10.83,9160
KEF,2026-09-11,9.06,9.1,400
SNORL,2026-09-11,868.2,889.0,21233
HLI,2026-09-11,292.0,294.0,23094
BPCL,2026-09-11,645.0,642.0,10390
MANDU,2026-09-11,671.0,684.9,20509
SMFBS,2026-09-11,1355.7,1399.0,154
RAWA,2026-09-11,404.0,407.0,23331
HLBSL,2026-09-11,836.2,859.0,1651
APHL,2026-09-11,665.0,681.0,2619
EDBL,2026-09-11,567.0,566.9,2443
AHPC,2026-09-11,257.0,261.0,101409
GCIL,2026-09-11,363.0,367.8,22046
GBLBS,2026-09-11,623.0,635.0,5739
KAHL,2026-09-11,471.1,493.0,18607
BHCL,2026-09-11,510.1,521.0,49856
GRDBL,2026-09-11,913.0,938.0,7434
NIFRA,2026-09-11,240.0,244.0,43754
CFCL,2026-09-11,586.0,584.7,46950
GMLI,2026-09-11,970.0,991.9,3616
FMDBL,2026-09-11,720.1,727.1,10084
BHPL,2026-09-11,437.0,450.0,3303
SKHEL,2026-09-11,844.9,830.0,2281
HURJA,2026-09-11,234.9,247.0,149139
BJHL,2026-09-11,635.1,657.0,18585
MATRI,2026-09-11,720.0,725.0,259
NFS,2026-09-11,474.8,483.0,6361
NICFC,2026-09-11,8.7,8.7,200
NMIC,2026-09-11,785.0,797.7,3761
MMF1,2026-09-11,8.9,8.95,900
MBLEF,2026-09-11,9.16,9.21,1350
CLI,2026-09-11,412.0,415.0,15310
UNLB,2026-09-11,1211.5,1226.0,391
MDB,2026-09-11,551.1,551.0,3636
HHL,2026-09-11,322.0,328.0,18982
MLBS,2026-09-11,1000.0,1000.0,68
MLBLD89,2026-09-11,1299.0,1341.0,3622
SINDU,2026-09-11,341.8,394.0,142459
EHPL,2026-09-11,318.0,316.0,3515
ADBLD83,2026-09-11,1050.9,1050.9,10
ECL,2026-09-11,1275.0,1342.9,21809
RBCLPO,2026-09-11,11200.0,11200.0,10
SHPC,2026-09-11,512.3,517.7,58697
PROFL,2026-09-11,370.0,371.0,3192
SMHL,2026-09-11,445.0,462.0,53069
ULBSL,2026-09-11,2400.0,2763.3,3761
NLG,2026-09-11,514.0,516.5,5130
LSL,2026-09-11,226.5,227.3,86278
SJLIC,2026-09-11,398.8,406.0,26290
MHL,2026-09-11,443.0,455.0,2347
MLBBL,2026-09-11,913.0,939.0,1310
CREST,2026-09-11,1050.0,1075.0,1607
SAEF2,2026-09-11,8.97,9.0,5550
AKPL,2026-09-11,247.0,255.0,127972
MKHC,2026-09-11,251.2,256.5,12722
MKJC,2026-09-11,267.4,280.0,22462
ULHC,2026-09-11,320.0,323.1,11612
EBLEB89,2026-09-11,1102.0,1102.0,55
KSBBL,2026-09-11,441.0,440.8,22088
RHPL,2026-09-11,175.3,169.8,104056
HLICF,2026-09-11,8.2,8.35,1400
CZBIL,2026-09-11,195.1,200.0,33713
BANDIPUR,2026-09-11,599.4,639.0,19704
JOSHI,2026-09-11,251.1,261.9,19331
RHGCL,2026-09-11,245.0,261.1,79923
HFIN,2026-09-11,612.9,621.0,20671
NICGF2,2026-09-11,8.7,8.7,200
MNMF1,2026-09-11,9.0,9.0,4500
SMATA,2026-09-11,688.0,694.0,654
UNHPL,2026-09-11,350.0,350.4,31055
SARBTM,2026-09-11,785.0,794.5,7947
SBI,2026-09-11,401.0,404.3,66517
RSY,2026-09-11,9.17,9.44,80496
RSDC,2026-09-11,613.0,625.0,2068
AKJCL,2026-09-11,334.9,339.8,239711
GWFD83,2026-09-11,1018.2,1049.6,16
RMF2,2026-09-11,9.75,9.75,410
CYCL,2026-09-11,1450.0,1513.0,4576
SMH,2026-09-11,490.0,502.0,4442
RNLI,2026-09-11,411.6,429.9,43851
PCBL,2026-09-11,239.0,241.0,40689
RBCL,2026-09-11,13579.0,13620.0,40
LUK,2026-09-11,9.5,9.49,1710
TSHL,2026-09-11,335.0,347.5,9500
PRIN,2026-09-11,593.0,592.1,1733
DOLTI,2026-09-11,300.0,306.0,52969
PBD93,2026-09-11,1026.0,1026.0,7429
ENL,2026-09-11,651.0,593.9,30848
SRLI,2026-09-11,355.0,357.0,7310
SAPIL,2026-09-11,1204.6,1370.0,53992
SPIL,2026-09-11,577.0,577.0,2640
MNBBL,2026-09-11,326.5,332.3,51019
SPDL,2026-09-11,336.0,345.0,18850
DDBL,2026-09-11,832.1,837.6,8528
NSIF2,2026-09-11,9.65,10.09,9175
SBL,2026-09-11,418.1,419.0,107170
NMB,2026-09-11,251.3,242.0,32518
MHCL,2026-09-11,272.5,280.0,1404
GIBF1,2026-09-11,11.23,11.6,44444
SGHL,2026-09-11,485.0,496.1,52881
SICL,2026-09-11,540.0,550.0,6747
NICSF,2026-09-11,8.17,8.2,700
LEC,2026-09-11,250.0,252.2,1434225
EBL,2026-09-11,718.0,719.9,36839
USHL,2026-09-11,500.1,519.9,3446
SHL,2026-09-11,501.9,505.3,22053
CLI,2026-09-10,413.5,411.0,15595
ADBL,2026-09-10,300.0,297.9,6851
CGH,2026-09-10,770.0,762.4,5023
GMLI,2026-09-10,950.0,944.0,445
LBBL,2026-09-10,470.3,475.0,21494
PMHPL,2026-09-10,295.0,298.0,10645
BBC,2026-09-10,3956.0,3980.0,386
NICLBSL,2026-09-10,500.1,506.0,5046
PBD93,2026-09-10,1000.0,1026.0,9717
OHL,2026-09-10,607.0,601.0,680
SIFC,2026-09-10,465.0,466.8,8972
HURJA,2026-09-10,231.0,235.0,45230
GVL,2026-09-10,479.0,476.2,12083
KPCL,2026-09-10,450.0,445.5,9170
C30MF,2026-09-10,9.76,10.05,2300
UNL,2026-09-10,47000.0,47200.0,70
MBLEF,2026-09-10,9.2,9.16,2630
JHAPA,2026-09-10,1050.0,1038.0,4331
MAKAR,2026-09-10,397.7,400.0,128407
HLICF,2026-09-10,8.21,8.44,2450
KKHC,2026-09-10,268.0,268.0,69228
ICFC,2026-09-10,583.0,580.5,3709
HPPL,2026-09-10,365.0,367.0,42742
BHL,2026-09-10,199.0,204.8,76538
MKJC,2026-09-10,260.3,274.0,12797
MCHL,2026-09-10,243.1,248.0,3972
DHEL,2026-09-10,551.0,543.3,9563
KSBBL,2026-09-10,450.0,441.1,12539
CHDC,2026-09-10,2215.4,2205.0,12607
JBBL,2026-09-10,331.9,328.6,17313
JOSHI,2026-09-10,257.0,254.0,8493
SGIC,2026-09-10,379.9,376.0,6310
RSML,2026-09-10,3142.0,2910.0,71366
UPCL,2026-09-10,335.0,331.1,25476
ILI,2026-09-10,405.0,405.0,9718
API,2026-09-10,334.0,326.0,169478
HEIP,2026-09-10,306.0,292.0,71
GUFL,2026-09-10,485.0,480.0,11740
MLBS,2026-09-10,998.0,1000.0,20
SIGS2,2026-09-10,9.84,9.66,3400
HBL,2026-09-10,187.0,185.2,51294
RMF1,2026-09-10,9.5,9.41,3350
MSLB,2026-09-10,1175.1,1184.9,205
NBF3,2026-09-10,9.39,9.4,11700
UPPER,2026-09-10,184.0,185.0,58917
KAHL,2026-09-10,458.9,484.0,18972
KDL,2026-09-10,654.3,620.3,102845
HHL,2026-09-10,319.0,319.0,23017
CHCL,2026-09-10,358.1,346.0,99110
MLBSL,2026-09-10,1075.0,1075.1,471
EHPL,2026-09-10,331.9,314.0,4658
MEN,2026-09-10,634.0,636.0,78042
LSH12,2026-09-10,9.0,8.97,2000
MEL,2026-09-10,199.4,202.0,10887
SCB,2026-09-10,652.0,645.1,14578
GBILD84/85,2026-09-10,1130.0,1135.0,50
NIFRA,2026-09-10,242.0,240.0,68749
NLIC,2026-09-10,705.0,699.0,9791
TRH,2026-09-10,775.0,771.0,829
GBLBS,2026-09-10,679.1,622.0,8484
H8020,2026-09-10,11.9,12.2,51342
GRDBL,2026-09-10,915.0,931.0,9339
PMLI,2026-09-10,395.3,398.0,1738
KEF,2026-09-10,9.49,9.3,48100
UMRH,2026-09-10,514.0,514.0,1187
NMBHF2,2026-09-10,9.0,9.05,19950
HATHY,2026-09-10,575.0,576.9,22877
RLFL,2026-09-10,416.0,415.9,11533
MMF1,2026-09-10,8.9,9.06,14460
NYADI,2026-09-10,342.9,344.0,1765
GMFBS,2026-09-10,1200.0,1164.0,346
NLG,2026-09-10,500.0,503.5,6932
NICA,2026-09-10,309.0,303.1,69017
RLEL,2026-09-10,740.2,755.0,9880
MKHL,2026-09-10,494.0,494.7,1840
NABBC,2026-09-10,690.0,698.0,12174
MEPDL,2026-09-10,625.0,616.0,22938
ILBS,2026-09-10,815.0,857.0,815
NABILD87,2026-09-10,1087.5,1087.5,25
KHPL,2026-09-10,716.3,749.0,2690
MERO,2026-09-10,587.2,590.2,1504
LICN,2026-09-10,741.5,755.0,5287
LEC,2026-09-10,217.0,246.1,1927027
SPDL,2026-09-10,362.2,341.0,32989
MKHC,2026-09-10,257.0,255.1,9057
GWFD83,2026-09-10,1020.6,1018.2,196
SPIL,2026-09-10,588.0,577.0,1600
MKCL,2026-09-10,875.0,890.0,286
UMHL,2026-09-10,550.0,552.6,19576
MPFL,2026-09-10,597.8,569.5,16800
KBSH,2026-09-10,818.8,798.0,6956
ICFCD89,2026-09-10,1110.0,1089.0,50
JSLBB,2026-09-10,910.0,959.0,69
PCBL,2026-09-10,239.5,239.5,42719
GCIL,2026-09-10,370.1,363.3,29826
CZBIL,2026-09-10,190.3,197.0,25004
MHNL,2026-09-10,238.0,240.0,5930
CORBL,2026-09-10,850.0,814.0,30795
EBL,2026-09-10,718.0,718.0,50488
GIBF1,2026-09-10,11.13,11.25,355555
MBJC,2026-09-10,275.1,278.0,23607
NRN,2026-09-10,1400.0,1419.0,135300
CCBD88,2026-09-10,1175.0,1210.0,50
NABILD2089,2026-09-10,1098.0,1100.0,350
EDBL,2026-09-10,535.9,565.0,2213
ACLBSL,2026-09-10,870.0,878.1,132
EBLEB89,2026-09-10,1070.0,1070.0,25
BNT,2026-09-10,11349.0,11688.0,71
MFIL,2026-09-10,720.0,726.0,20844
CBBL,2026-09-10,947.5,942.0,14364
BHDC,2026-09-10,411.2,411.7,5756
BNHC,2026-09-10,260.0,262.3,11346
BANDIPUR,2026-09-10,611.3,630.9,23974
GMFIL,2026-09-10,405.7,410.8,4458
HIDCLP,2026-09-10,180.0,178.5,42303
CIT,2026-09-10,1700.0,1685.0,3832
STC,2026-09-10,5305.0,5369.9,2518
BUNGAL,2026-09-10,531.0,515.0,14558
CKHL,2026-09-10,575.4,588.0,80
MANDU,2026-09-10,680.2,671.0,7889
GLBSL,2026-09-10,1610.0,1601.0,167
ANLB,2026-09-10,4750.0,4839.0,841
BGWT,2026-09-10,458.0,450.9,10903
YMHL,2026-09-10,549.0,559.0,14529
SAEF2,2026-09-10,8.97,9.0,7850
AVYAN,2026-09-10,980.0,991.0,2999
IGI,2026-09-10,384.9,383.5,10917
EBLD91,2026-09-10,1071.5,1071.3,100
LLBS,2026-09-10,869.0,884.5,20
HEI,2026-09-10,461.1,450.0,13299
MEHL,2026-09-10,228.0,232.9,68389
MHCL,2026-09-10,271.7,275.0,1640
SRLI,2026-09-10,351.1,355.0,10321
LVF2,2026-09-10,9.0,9.1,2200
SKBBL,2026-09-10,750.0,753.0,3189
NABIL,2026-09-10,555.0,552.5,56560
HLI,2026-09-10,296.0,290.3,17464
MABEL,2026-09-10,576.3,580.0,4182
LSL,2026-09-10,226.0,224.0,112172
JBLB,2026-09-10,1254.0,1250.0,2053
KMCDB,2026-09-10,839.7,799.5,7675
HIMSTAR,2026-09-10,650.0,648.9,1155
MBL,2026-09-10,250.0,249.0,43419
HDL,2026-09-10,1193.8,1183.0,14197
SNLI,2026-09-10,380.0,381.0,11836
HDHPC,2026-09-10,187.2,205.0,163051
KBLD86,2026-09-10,1180.0,1197.0,235
HIDCL,2026-09-10,237.5,240.0,23479
MHL,2026-09-10,438.1,443.9,2945
KBL,2026-09-10,214.8,212.2,129317
HRL,2026-09-10,487.1,499.9,62893
GLH,2026-09-10,243.0,248.0,25771
IHL,2026-09-10,305.0,299.6,6621
DDBL,2026-09-10,847.0,839.0,1688
GHL,2026-09-10,216.6,235.9,192055
GFCL,2026-09-10,560.0,566.9,7522
HFIN,2026-09-10,620.0,612.9,23400
BHCL,2026-09-10,503.5,523.0,18373
CHL,2026-09-10,244.0,248.0,11594
BFC,2026-09-10,439.0,420.0,20069
CSY,2026-09-10,8.1,8.21,3850
GBBL,2026-09-10,444.1,440.6,182771
DHPL,2026-09-10,265.0,269.0,2893
KSY,2026-09-10,8.79,8.84,300
CREST,2026-09-10,1050.0,1070.0,2379
GILB,2026-09-10,1085.0,1103.0,231
PROFL,2026-09-10,365.0,368.1,7144
FOWAD,2026-09-10,881.0,877.9,1386
RHPL,2026-09-10,160.0,167.0,236673
NIBLSTF,2026-09-10,8.17,8.17,31300
AKJCL,2026-09-10,340.0,332.1,156469
GBIMESY2,2026-09-10,8.75,8.8,400
EBLD85,2026-09-10,1120.0,1096.9,27
DORDI,2026-09-10,236.5,238.0,13736
NIL,2026-09-10,510.0,510.0,8675
BJHL,2026-09-10,645.1,648.0,5979
HLBSL,2026-09-10,846.1,859.0,254
SWASTIK,2026-09-10,1825.0,1800.9,1298
SMB,2026-09-10,1725.0,1750.0,1188
SHPC,2026-09-10,510.0,512.3,75978
SHEL,2026-09-10,290.0,291.0,44810
SHL,2026-09-10,500.0,501.9,101711
PRSF,2026-09-10,12.52,11.7,13300
SARBTM,2026-09-10,790.0,784.1,10717
SYPNL,2026-09-10,1260.7,1321.0,50817
SBL,2026-09-10,420.2,417.8,81396
TPC,2026-09-10,345.5,353.5,15302
SMFBS,2026-09-10,1338.6,1388.0,289
UHEWA,2026-09-10,580.0,585.0,22788
SPL,2026-09-10,687.7,621.0,1624
SBI,2026-09-10,401.0,403.9,419124
SEF2,2026-09-10,8.86,8.71,5955
SAIL,2026-09-10,1027.0,999.0,46957
NMBUR93/94,2026-09-10,920.0,907.6,75
USHL,2026-09-10,498.4,508.0,638
SKHL,2026-09-10,735.0,732.0,10689
SMPDA,2026-09-10,725.0,720.0,221
SANIMA,2026-09-10,365.0,368.1,79663
USHEC,2026-09-10,485.0,494.5,4514
SAPIL,2026-09-10,1180.0,1268.0,41352
NGPL,2026-09-10,392.0,390.0,83445
SHINE,2026-09-10,415.0,417.0,21335
MNBBL,2026-09-10,318.0,325.6,95324
NIBSF2,2026-09-10,8.29,8.46,7520
SGHC,2026-09-10,294.9,287.0,11970
SINDU,2026-09-10,402.0,359.7,12753
MSHL,2026-09-10,490.3,505.0,538
NIFRAGED,2026-09-10,1010.0,1040.3,6
NSIF2,2026-09-10,9.82,9.9,21800
PRVU,2026-09-10,179.0,179.2,84730
SOPL,2026-09-10,725.1,726.7,15554
SHIVM,2026-09-10,663.0,653.6,99214
MNMF1,2026-09-10,9.15,9.02,10600
SNORL,2026-09-10,880.0,883.0,21745
SOHL,2026-09-10,649.0,640.0,128482
TTL,2026-09-10,684.0,680.0,5476
SWMF,2026-09-10,572.1,578.0,577
SMHL,2026-09-10,467.1,459.0,78881
SMH,2026-09-10,527.1,495.4,5622
SAPDBL,2026-09-10,644.9,629.5,22444
ALICL,2026-09-10,395.0,398.0,3280
PBD88,2026-09-10,1200.0,1200.0,50
OMPL,2026-09-10,890.0,888.5,2119
GBIME,2026-09-10,254.0,248.6,221176
APHL,2026-09-10,646.1,664.0,6725
ENL,2026-09-10,600.0,620.0,32270
AHPC,2026-09-10,254.9,253.5,50940
ADBLD83,2026-09-10,1021.2,1020.3,375
BARUN,2026-09-10,306.6,310.8,12916
ECL,2026-09-10,1275.0,1278.0,10009
AKPL,2026-09-10,250.0,247.4,42821
FMDBL,2026-09-10,689.8,722.7,3866
DOLTI,2026-09-10,276.0,299.0,59470
KDBY,2026-09-10,9.77,9.94,34500
CFCL,2026-09-10,560.0,586.0,83530
BEDC,2026-09-10,286.0,291.0,20644
BHPL,2026-09-10,470.7,436.9,4308
KBLD89,2026-09-10,1318.4,1311.0,25
NADEP,2026-09-10,677.0,676.0,515
BPCL,2026-09-10,643.0,639.0,6882
TPKHL,2026-09-10,494.0,488.0,14274
SJCL,2026-09-10,230.0,230.2,9739
TAMOR,2026-09-10,494.0,489.0,150330
SLBSL,2026-09-10,840.0,870.0,250
RNLI,2026-09-10,410.0,412.0,10674
USLB,2026-09-10,990.0,997.9,1390
SHLB,2026-09-10,1240.1,1245.0,160
SIPD,2026-09-10,595.0,610.0,19354
SICL,2026-09-10,550.0,546.0,2356
ALBSL,2026-09-10,1095.0,1108.8,6569
SMATA,2026-09-10,674.1,685.0,1017
UNLB,2026-09-10,1215.0,1227.8,373
SANVI,2026-09-10,550.1,555.0,5076
ULHC,2026-09-10,307.0,320.0,26539
NFS,2026-09-10,480.0,471.0,21999
GSY,2026-09-10,8.9,8.92,5600
BNL,2026-09-10,13929.3,13929.2,40
PRIN,2026-09-10,595.0,590.0,7097
SJLIC,2026-09-10,392.0,402.0,3671
NIBLGF,2026-09-10,8.5,8.51,10900
RBCLPO,2026-09-10,10873.7,11546.3,50
RAWA,2026-09-10,408.0,400.0,13700
PPCL,2026-09-10,351.2,331.9,11253
PHCL,2026-09-10,295.0,296.2,26532
CITY,2026-09-10,337.0,333.0,53886
RSY2,2026-09-10,8.65,8.9,5423
SEF,2026-09-10,9.56,9.58,27604
AHL,2026-09-10,350.0,350.2,743
RBBF40,2026-09-10,9.0,9.2,1400
RIDI,2026-09-10,347.1,346.8,327974
MMKJL,2026-09-10,328.7,342.0,2155
RFPL,2026-09-10,324.3,326.9,9192
SMJC,2026-09-10,398.0,403.9,2956
NICGF2,2026-09-10,8.7,8.96,31190
NICFC,2026-09-10,8.77,8.79,800
MLBL,2026-09-10,351.0,349.5,11140
NICBF,2026-09-10,8.7,8.63,200
NICSF,2026-09-10,8.21,8.25,4200
RSDC,2026-09-10,591.9,615.0,557
PURE,2026-09-10,763.0,768.0,2947
NIMB,2026-09-10,182.5,182.0,61107
CYCL,2026-09-10,1520.0,1520.0,17391
SAHAS,2026-09-10,692.0,688.0,44455
SBLD2091,2026-09-10,1086.0,1118.9,505
SONA,2026-09-10,395.0,387.0,41481
MATRI,2026-09-10,730.0,715.0,103
NICL,2026-09-10,421.0,419.0,6319
DLBS,2026-09-10,985.0,955.0,1020
NESDO,2026-09-10,1315.0,1339.9,595
MFLD85,2026-09-10,1100.0,1102.0,75
JFL,2026-09-10,260.0,278.0,46008
NBLD85,2026-09-10,1040.0,1040.0,25
MLBBL,2026-09-10,916.1,938.9,1719
NWCL,2026-09-10,586.0,585.0,1873
RURU,2026-09-10,585.0,582.0,369
RBCL,2026-09-10,13303.0,13250.0,550
NHDL,2026-09-10,625.1,618.0,1731
NHPC,2026-09-10,254.4,255.7,117146
NTC,2026-09-10,891.0,883.1,5014
PPL,2026-09-10,301.0,304.0,12857
NMB,2026-09-10,243.0,239.4,49794
PCIL,2026-09-10,609.9,598.9,28144
NMFBS,2026-09-10,1120.0,1130.7,1508
SBCF,2026-09-10,9.02,9.05,600
VLUCL,2026-09-10,368.6,374.0,1560
SIKLES,2026-09-10,568.1,561.0,2521
NMLBBL,2026-09-10,481.1,478.0,2513
TSHL,2026-09-10,341.9,340.0,1904
RHGCL,2026-09-10,241.2,245.9,8862
TVCL,2026-09-10,290.0,283.0,10953
RADHI,2026-09-10,710.0,677.0,6905
ULBSL,2026-09-10,2425.0,2500.0,3832
SPC,2026-09-10,385.1,380.7,2100
NRIC,2026-09-10,798.0,791.6,9113
SIGS3,2026-09-10,10.04,10.08,3900
SLBBL,2026-09-10,779.1,798.8,7227
SSHL,2026-09-10,181.5,200.4,184682
SLCF,2026-09-10,9.05,9.0,900
SPHL,2026-09-10,502.6,513.4,2907
RSY,2026-09-10,9.45,9.4,20604
UNHPL,2026-09-10,347.0,346.9,16249
VLBS,2026-09-10,605.0,602.0,2215
UAIL,2026-09-10,360.0,360.0,11076
NSY,2026-09-10,9.0,8.99,4900
NMBMF,2026-09-10,575.0,574.0,970
SAGAR,2026-09-10,1481.1,1538.0,5579
NUBL,2026-09-10,563.1,556.0,3690
NLICL,2026-09-10,551.0,558.0,4994
NBL,2026-09-10,278.0,276.0,97537
SWBBL,2026-09-10,667.0,670.0,12246
NMIC,2026-09-10,765.3,776.2,1314
SADBL,2026-09-10,400.3,407.9,4518
PSF,2026-09-10,11.77,10.89,67050
SABBL,2026-09-10,890.0,889.0,9118
NRM,2026-09-10,275.1,275.0,11351
SAGF,2026-09-10,9.35,9.4,700
SKHEL,2026-09-10,811.0,825.0,1492
NIMBPO,2026-09-10,142.1,140.0,3710
SALICO,2026-09-10,528.9,525.9,3313
SGHL,2026-09-10,465.8,486.0,52014
MDB,2026-09-10,550.0,550.0,5149
RFPL,2026-09-09,328.0,327.2,25764
USHL,2026-09-09,501.8,512.0,1389
NCCD86,2026-09-09,1118.0,1155.0,12167
SPL,2026-09-09,597.2,655.0,1820
SALICO,2026-09-09,535.0,519.0,2199
NIMBPO,2026-09-09,138.0,140.9,5078
RHPL,2026-09-09,170.0,163.0,116106
HLBSL,2026-09-09,854.0,869.9,250
CYCL,2026-09-09,1504.8,1550.0,3748
JSLBB,2026-09-09,949.0,935.0,73
MMF1,2026-09-09,9.0,8.99,4500
SPIL,2026-09-09,600.0,588.0,2693
NMBHF2,2026-09-09,9.16,9.23,1800
HEI,2026-09-09,462.0,460.0,6900
SYPNL,2026-09-09,1335.0,1327.0,75400
BEDC,2026-09-09,287.0,285.5,4833
MEPDL,2026-09-09,644.0,628.0,13916
NRIC,2026-09-09,810.0,799.0,15764
CHDC,2026-09-09,2215.0,2230.0,13702
ILI,2026-09-09,405.0,408.0,7144
RNLI,2026-09-09,414.0,411.0,9402
LBBL,2026-09-09,480.2,476.0,18091
VLUCL,2026-09-09,381.0,379.9,4624
KKHC,2026-09-09,266.1,265.0,80641
DDBL,2026-09-09,840.0,846.9,4082
MKHC,2026-09-09,264.9,257.0,7641
KAHL,2026-09-09,490.0,483.0,26585
NSY,2026-09-09,9.03,9.0,3800
AVYAN,2026-09-09,988.2,991.0,2377
LICN,2026-09-09,755.0,751.7,11671
BHPL,2026-09-09,430.0,457.0,12100
GMLI,2026-09-09,951.0,957.9,430
ICFCD89,2026-09-09,1065.8,1086.1,240
EBLD86,2026-09-09,1113.0,1082.1,357
FOWAD,2026-09-09,880.0,880.0,2592
CHL,2026-09-09,254.6,246.0,9455
HDHPC,2026-09-09,200.8,197.0,65850
MEN,2026-09-09,629.9,633.1,76885
MKCL,2026-09-09,890.0,900.0,2852
MEL,2026-09-09,199.6,199.3,7051
KBLD86,2026-09-09,1177.0,1177.0,19
KMCDB,2026-09-09,779.0,799.8,5461
IGI,2026-09-09,376.0,380.0,6421
CIZBD90,2026-09-09,1225.0,1225.0,25
EHPL,2026-09-09,330.7,316.1,10015
KEF,2026-09-09,9.71,9.51,44850
LVF2,2026-09-09,9.03,9.05,1800
NBBD2085,2026-09-09,1160.0,1160.0,15
JOSHI,2026-09-09,257.0,258.0,5452
PPCL,2026-09-09,344.5,334.5,4571
BHCL,2026-09-09,515.8,530.0,33038
NIMB,2026-09-09,192.9,182.2,76954
HDL,2026-09-09,1188.0,1187.0,28507
DHEL,2026-09-09,559.7,559.0,13699
PROFL,2026-09-09,377.0,374.0,12262
MSHL,2026-09-09,503.0,504.0,1034
PBD88,2026-09-09,1200.0,1200.0,25
MKHL,2026-09-09,483.0,495.2,2908
MBJC,2026-09-09,276.0,280.0,72787
CIT,2026-09-09,1714.0,1700.0,5936
CITY,2026-09-09,342.0,337.0,57074
SLBBL,2026-09-09,805.0,787.0,2917
ICFCD88,2026-09-09,1120.0,1112.0,75
UHEWA,2026-09-09,580.0,587.9,20927
NLICL,2026-09-09,546.3,550.2,6589
MSLB,2026-09-09,1190.1,1199.0,2383
SAGF,2026-09-09,9.3,9.35,600
KSBBL,2026-09-09,447.0,450.3,23904
NSIF2,2026-09-09,9.87,9.85,10300
MEHL,2026-09-09,229.9,228.0,48122
GBIME,2026-09-09,254.0,250.4,126513
NBF2,2026-09-09,10.0,10.0,200
MABEL,2026-09-09,587.7,587.1,23820
LSL,2026-09-09,236.2,226.0,43166
KPCL,2026-09-09,455.0,452.0,6612
KBSH,2026-09-09,828.0,795.0,8794
MLBSL,2026-09-09,1070.0,1077.0,899
RBCL,2026-09-09,14168.0,13381.1,60
SRLI,2026-09-09,351.4,355.0,5002
MNMF1,2026-09-09,9.01,9.05,1650
HIMSTAR,2026-09-09,645.9,650.0,3536
BNT,2026-09-09,11630.0,11700.0,20
PMLI,2026-09-09,400.0,401.0,3966
SIKLES,2026-09-09,573.0,568.1,5495
GSY,2026-09-09,8.9,8.93,3000
MHCL,2026-09-09,280.0,279.4,2586
HLI,2026-09-09,296.6,296.0,8925
FMDBL,2026-09-09,734.0,726.1,6834
NHDL,2026-09-09,637.9,626.0,821
SBLD2091,2026-09-09,1100.0,1082.0,525
KSY,2026-09-09,8.75,8.77,1700
ENL,2026-09-09,657.1,587.9,171560
KBL,2026-09-09,215.0,213.2,109831
SHLB,2026-09-09,1250.0,1253.0,149
MBL,2026-09-09,262.5,249.5,50743
DOLTI,2026-09-09,282.9,276.3,12639
IHL,2026-09-09,295.0,302.9,8838
GFCL,2026-09-09,575.0,573.0,13266
NGPL,2026-09-09,399.0,392.9,100075
MPFL,2026-09-09,585.2,585.0,2749
NICFC,2026-09-09,8.77,9.03,14697
HEIP,2026-09-09,300.0,297.7,310
ICFC,2026-09-09,585.0,582.8,4677
BFC,2026-09-09,450.0,437.0,30003
BGWT,2026-09-09,466.5,461.1,19987
EBLD91,2026-09-09,1066.2,1098.0,81
APHL,2026-09-09,670.0,680.1,6558
MERO,2026-09-09,612.0,599.0,3914
NMFBS,2026-09-09,1137.0,1130.0,3794
KDL,2026-09-09,690.7,623.2,134662
MAKAR,2026-09-09,402.0,400.0,53462
HFIN,2026-09-09,625.0,620.0,19129
GBLBS,2026-09-09,657.0,647.0,5324
BOKD86,2026-09-09,1053.1,1084.6,1
HATHY,2026-09-09,591.2,575.0,17339
MKJC,2026-09-09,290.0,274.0,34500
CHCL,2026-09-09,363.0,358.1,63908
CFCL,2026-09-09,589.0,561.0,291259
NESDO,2026-09-09,1300.0,1339.0,241
NRN,2026-09-09,1400.0,1405.0,118245
NUBL,2026-09-09,568.0,564.9,6771
NYADI,2026-09-09,351.0,351.2,1628
EBL,2026-09-09,714.0,718.0,32334
SOHL,2026-09-09,660.0,650.0,222845
LEC,2026-09-09,215.0,214.0,94638
NHPC,2026-09-09,261.0,254.5,97442
PURE,2026-09-09,760.0,769.0,9732
MLBLD89,2026-09-09,1325.0,1311.0,3329
ANLB,2026-09-09,4800.0,4870.0,507
NADEP,2026-09-09,671.0,677.1,1670
HPPL,2026-09-09,367.3,367.2,49823
ALICL,2026-09-09,407.9,398.0,6052
LSH12,2026-09-09,8.92,9.22,6350
TRH,2026-09-09,795.0,765.0,17561
CREST,2026-09-09,1050.0,1050.0,7119
HRL,2026-09-09,516.0,502.1,49983
GVL,2026-09-09,487.0,479.0,15271
JBLB,2026-09-09,1252.0,1254.2,5354
HIDCL,2026-09-09,255.1,240.0,30539
SWBBL,2026-09-09,679.0,675.0,4724
ILBS,2026-09-09,835.0,833.0,1568
GBBL,2026-09-09,450.0,444.0,191215
SEF,2026-09-09,9.4,9.6,105570
BJHL,2026-09-09,640.0,657.9,18521
MLBBL,2026-09-09,934.0,943.8,794
GLBSL,2026-09-09,1605.0,1610.0,245
JBBL,2026-09-09,334.9,329.0,28133
MFIL,2026-09-09,720.0,726.0,10872
AKPL,2026-09-09,250.0,249.0,100108
SMB,2026-09-09,1813.0,1752.1,206
CZBIL,2026-09-09,209.4,199.8,19083
NRM,2026-09-09,287.0,275.1,12463
BANDIPUR,2026-09-09,640.0,643.4,21473
HURJA,2026-09-09,231.1,232.0,39646
MLBL,2026-09-09,354.6,345.2,10891
AHPC,2026-09-09,253.3,254.9,51132
MNBBL,2026-09-09,340.0,318.4,209434
MCHL,2026-09-09,259.9,247.5,3493
LUK,2026-09-09,9.3,9.78,2500
MDB,2026-09-09,556.0,556.0,10722
SAIL,2026-09-09,1050.0,1027.0,37607
PRSF,2026-09-09,12.8,12.9,671300
PMHPL,2026-09-09,301.5,294.0,1085
MBLEF,2026-09-09,9.03,9.1,1700
GUFL,2026-09-09,501.0,490.0,16440
MHL,2026-09-09,452.9,445.5,1110
C30MF,2026-09-09,9.71,9.75,200
MLBS,2026-09-09,967.0,998.0,230
ALBSL,2026-09-09,1071.0,1114.0,18823
CLI,2026-09-09,414.0,413.0,12524
NABBC,2026-09-09,712.0,709.9,39511
CKHL,2026-09-09,575.0,593.0,808
GBILD86/87,2026-09-09,1085.0,1085.0,25
API,2026-09-09,329.0,327.5,114456
H8020,2026-09-09,12.12,12.02,103255
SMHL,2026-09-09,460.0,467.0,91714
NWCL,2026-09-09,596.1,590.0,2522
DHPL,2026-09-09,273.0,268.0,3519
GMFIL,2026-09-09,412.0,417.9,8815
SINDU,2026-09-09,493.5,423.1,5486
RADHI,2026-09-09,690.0,684.0,49217
TPKHL,2026-09-09,504.0,502.0,20972
SJLIC,2026-09-09,395.1,400.0,16197
SKHEL,2026-09-09,805.1,834.0,2391
RMF2,2026-09-09,9.7,9.75,10500
SLBSL,2026-09-09,900.0,860.0,1262
PCBL,2026-09-09,256.0,240.0,24434
GCIL,2026-09-09,378.5,372.0,37249
TPC,2026-09-09,346.0,348.9,16556
SEF2,2026-09-09,8.74,8.87,7780
SNORL,2026-09-09,878.0,880.0,11314
SGHC,2026-09-09,296.0,290.4,14257
RMF1,2026-09-09,9.65,9.79,4600
SSHL,2026-09-09,193.0,191.0,36669
GLH,2026-09-09,246.2,245.0,24035
HBL,2026-09-09,188.0,186.0,44416
RBBD83,2026-09-09,1035.0,1045.0,35
GMFBS,2026-09-09,1170.0,1170.0,1418
KDBY,2026-09-09,9.97,9.98,25450
RSY,2026-09-09,9.47,9.46,102200
ADBLD83,2026-09-09,1020.1,1020.1,100
SONA,2026-09-09,380.0,395.0,33696
PSF,2026-09-09,12.28,12.13,263368
RHGCL,2026-09-09,250.0,245.0,4519
DLBS,2026-09-09,990.0,1000.0,250
CORBL,2026-09-09,893.0,859.0,15157
NMB,2026-09-09,251.8,242.3,28107
PRIN,2026-09-09,570.0,594.0,5985
UNL,2026-09-09,46400.0,46000.0,50
AHL,2026-09-09,355.0,356.3,3135
TTL,2026-09-09,687.0,684.2,3280
EDBL,2026-09-09,569.0,564.1,1144
BHDC,2026-09-09,416.4,419.9,11329
BHL,2026-09-09,202.0,200.0,37042
BUNGAL,2026-09-09,520.0,531.0,17641
UMHL,2026-09-09,550.0,553.0,36512
NIFRA,2026-09-09,240.0,241.7,30562
KHPL,2026-09-09,740.0,754.0,4842
MHNL,2026-09-09,229.9,238.0,12356
CGH,2026-09-09,768.0,770.0,9163
SGHL,2026-09-09,490.0,490.3,56670
NIBLSTF,2026-09-09,8.34,8.25,1140
NMIC,2026-09-09,793.0,785.0,2691
BARUN,2026-09-09,309.3,309.0,32939
SAHAS,2026-09-09,694.0,692.0,77557
ACLBSL,2026-09-09,886.0,884.0,373
NICLBSL,2026-09-09,512.0,513.0,7329
NABILD2089,2026-09-09,1100.0,1068.0,150
USLB,2026-09-09,1000.0,1014.0,518
TAMOR,2026-09-09,496.0,493.1,266955
RBBD2088,2026-09-09,1090.0,1095.0,325
SOPL,2026-09-09,738.0,731.0,24640
SANVI,2026-09-09,559.0,558.0,6042
JFL,2026-09-09,300.0,266.6,125289
HLICF,2026-09-09,8.26,8.21,950
MFLD85,2026-09-09,1090.0,1105.0,245
YMHL,2026-09-09,557.0,564.9,12981
UAIL,2026-09-09,368.0,362.7,16870
RAWA,2026-09-09,413.0,404.1,18345
NIBSF2,2026-09-09,8.2,8.29,52700
NFS,2026-09-09,521.0,491.1,21181
BBC,2026-09-09,4003.0,4001.7,393
USHEC,2026-09-09,490.0,494.0,2390
VLBS,2026-09-09,610.4,618.9,2062
NMLBBL,2026-09-09,497.9,485.0,5347
SMPDA,2026-09-09,710.7,725.0,1654
SMJC,2026-09-09,401.1,404.0,9185
CBBL,2026-09-09,940.0,947.0,22863
SPHL,2026-09-09,525.0,514.0,5226
NICL,2026-09-09,432.5,430.9,8663
SAPDBL,2026-09-09,683.0,632.0,51465
RIDI,2026-09-09,348.0,347.9,287314
SHIVM,2026-09-09,664.2,662.6,200599
GHL,2026-09-09,227.9,228.0,72673
GILB,2026-09-09,1116.0,1112.4,3367
SKBBL,2026-09-09,745.2,751.0,5554
RLFL,2026-09-09,416.0,421.4,29040
SRBLD83,2026-09-09,1020.0,1020.0,300
LLBS,2026-09-09,846.0,869.0,166
GBILD84/85,2026-09-09,1125.0,1125.0,25
GRDBL,2026-09-09,943.0,940.0,5828
SHEL,2026-09-09,294.0,290.0,60085
NIBLGF,2026-09-09,8.5,8.59,26800
MANDU,2026-09-09,643.2,700.0,39347
GIBF1,2026-09-09,11.09,11.0,1261369
BPCL,2026-09-09,646.0,643.0,4544
SFMF,2026-09-09,9.25,9.2,5200
SBCF,2026-09-09,9.04,9.29,1000
SPC,2026-09-09,417.9,390.0,5462
STC,2026-09-09,5225.0,5263.1,660
HHL,2026-09-09,315.0,319.0,9220
PHCL,2026-09-09,296.2,297.0,40951
PCIL,2026-09-09,618.2,609.9,30687
NMBUR93/94,2026-09-09,903.1,903.1,25
NABIL,2026-09-09,553.0,552.0,48778
SBI,2026-09-09,395.0,402.0,24215
NLIC,2026-09-09,701.0,701.9,10790
SABBL,2026-09-09,916.7,894.0,14340
HIDCLP,2026-09-09,181.0,180.0,51586
SHPC,2026-09-09,506.0,513.0,78918
SKHL,2026-09-09,725.0,730.0,23108
JHAPA,2026-09-09,1016.1,1038.0,7788
OMPL,2026-09-09,885.0,900.0,3359
SIFC,2026-09-09,479.7,469.0,21246
SICL,2026-09-09,534.0,550.0,23009
UPPER,2026-09-09,190.1,184.0,49873
NICGF2,2026-09-09,8.72,8.7,800
SBL,2026-09-09,442.5,425.0,115390
SIGS3,2026-09-09,10.0,10.11,4151
LBBLD89,2026-09-09,1285.0,1285.0,25
NICAD2091,2026-09-09,1090.0,1090.0,25
ULHC,2026-09-09,267.8,299.0,24818
RURU,2026-09-09,573.1,590.0,327
RSML,2026-09-09,2941.1,2993.0,143170
RSDC,2026-09-09,628.0,623.0,1118
SADBL,2026-09-09,395.0,409.0,8412
TSHL,2026-09-09,333.0,342.0,5089
MATRI,2026-09-09,725.0,725.0,216
UMRH,2026-09-09,518.8,516.0,2590
SGIC,2026-09-09,380.0,378.0,13429
SWMF,2026-09-09,584.0,584.0,1699
SJCL,2026-09-09,232.0,232.0,15301
SARBTM,2026-09-09,798.0,796.4,7869
SANIMA,2026-09-09,365.1,366.8,78728
SHL,2026-09-09,501.0,501.8,14645
SAPIL,2026-09-09,1245.0,1240.0,22815
UPCL,2026-09-09,340.0,344.5,63743
PRVUPO,2026-09-09,101.0,101.0,11087
NIL,2026-09-09,524.0,513.0,11296
OHL,2026-09-09,605.0,607.6,479
SAND2085,2026-09-09,1115.5,1115.5,205
NICBF,2026-09-09,8.65,8.66,13700
NLG,2026-09-09,514.0,504.3,9347
SAGAR,2026-09-09,1593.0,1559.0,5169
EBLD85,2026-09-09,1151.4,1120.0,42
SPDL,2026-09-09,354.9,345.0,12009
NBL,2026-09-09,279.9,277.1,99062
GBBD85,2026-09-09,1070.0,1070.0,30
CSY,2026-09-09,8.3,8.3,15571
MMKJL,2026-09-09,355.0,346.0,6191
CBLD88,2026-09-09,1165.7,1235.0,320
NMBMF,2026-09-09,594.0,583.0,1110
RLEL,2026-09-09,741.0,762.9,14441
SAEF2,2026-09-09,9.0,9.0,10100
PPL,2026-09-09,306.0,304.0,9925
ADBL,2026-09-09,299.0,299.0,22639
BNHC,2026-09-09,263.0,262.9,14892
NICSF,2026-09-09,8.35,8.25,450
UNHPL,2026-09-09,355.0,353.8,14572
GBIMESY2,2026-09-09,8.9,8.81,2700
UNLB,2026-09-09,1222.0,1215.3,221
SIPD,2026-09-09,582.0,611.8,28422
PRVU,2026-09-09,182.0,180.4,90119
DORDI,2026-09-09,240.0,240.0,17869
SLCF,2026-09-09,9.03,8.92,7100
AKJCL,2026-09-09,344.0,338.0,246140
ECL,2026-09-09,1300.0,1285.0,9869
SWASTIK,2026-09-09,1821.0,1825.0,190
RBCLPO,2026-09-09,11210.0,11210.0,10
SHINE,2026-09-09,417.1,416.5,20258
NBF3,2026-09-09,9.5,9.37,28456
NICA,2026-09-09,324.4,308.0,32159
NTC,2026-09-09,928.2,888.0,9362
SMFBS,2026-09-09,1307.0,1380.0,143
SNLI,2026-09-09,389.0,385.0,19369
SCB,2026-09-09,649.0,651.1,9478
SMH,2026-09-09,507.0,502.0,3170
RSY2,2026-09-09,8.74,8.8,7000
RBBF40,2026-09-09,9.0,9.1,700
SMATA,2026-09-09,700.0,691.0,949
TVCL,2026-09-09,311.0,293.1,41641
ULBSL,2026-09-09,2980.0,2498.0,2088
ULHC,2026-09-07,305.0,260.0,7071
MERO,2026-09-07,595.0,600.0,8304
NIBSF2,2026-09-07,8.2,8.3,203610
HBL,2026-09-07,188.0,189.0,78585
CBBL,2026-09-07,935.0,943.0,12870
MDB,2026-09-07,550.8,559.7,10109
CKHL,2026-09-07,585.0,591.0,1942
NRN,2026-09-07,1391.0,1400.0,40081
CITY,2026-09-07,340.0,342.0,48423
SSHL,2026-09-07,191.2,193.0,50337
SALICO,2026-09-07,528.0,527.5,4733
KBL,2026-09-07,213.0,215.0,157430
GBLBS,2026-09-07,651.1,657.0,4218
SBL,2026-09-07,417.0,421.5,154937
NMBD89/90,2026-09-07,1225.0,1225.0,25
HEI,2026-09-07,477.0,469.9,9749
GLBSL,2026-09-07,1600.0,1601.1,274
SPC,2026-09-07,390.0,398.0,6974
ALICL,2026-09-07,397.0,402.0,10546
KDBY,2026-09-07,9.79,9.94,42955
MCHL,2026-09-07,250.0,255.0,4308
PCBL,2026-09-07,249.9,243.9,43028
SLBBL,2026-09-07,792.9,799.0,8071
HLICF,2026-09-07,8.3,8.51,2100
SGHC,2026-09-07,287.4,295.0,29194
UNLB,2026-09-07,1271.0,1258.0,200
SPHL,2026-09-07,505.5,514.0,4307
RURU,2026-09-07,570.6,585.0,2411
NLIC,2026-09-07,696.0,701.0,11863
NHDL,2026-09-07,629.0,635.0,1011
UAIL,2026-09-07,363.0,368.5,7838
USLB,2026-09-07,1013.0,1020.0,546
NABIL,2026-09-07,545.1,552.5,126376
PROFL,2026-09-07,375.0,380.0,5377
AHL,2026-09-07,366.0,360.0,4679
BGWT,2026-09-07,471.0,474.0,20189
PMHPL,2026-09-07,293.5,294.9,6499
KAHL,2026-09-07,490.0,493.0,15554
MEL,2026-09-07,200.1,199.6,4199
NABBC,2026-09-07,715.1,711.1,10527
VLBS,2026-09-07,601.0,620.0,1623
CBLD88,2026-09-07,1160.6,1165.7,8
SGHL,2026-09-07,481.1,499.3,55299
BEDC,2026-09-07,286.0,287.0,6739
TTL,2026-09-07,680.0,685.0,6472
RMF2,2026-09-07,9.5,9.7,700
HDHPC,2026-09-07,199.8,200.8,50657
KSY,2026-09-07,8.59,8.75,1400
PSF,2026-09-07,12.0,12.28,256210
MMKJL,2026-09-07,368.0,355.2,8022
MEN,2026-09-07,627.1,630.0,68850
UMRH,2026-09-07,514.0,519.7,6291
HRL,2026-09-07,520.0,516.0,50365
RHPL,2026-09-07,173.0,170.2,109353
MKCL,2026-09-07,899.0,911.0,2080
SBID83,2026-09-07,1050.0,1050.0,25
HBLD86,2026-09-07,1157.4,1157.4,7500
HLI,2026-09-07,295.0,296.6,18552
MBL,2026-09-07,255.0,250.0,44708
NICL,2026-09-07,430.0,436.9,8608
FMDBL,2026-09-07,727.1,739.8,4669
GSY,2026-09-07,8.95,9.0,2350
HATHY,2026-09-07,609.0,594.5,9650
CFCL,2026-09-07,569.0,595.0,92390
JSLBB,2026-09-07,924.2,944.0,188
SLBSL,2026-09-07,907.9,899.0,577
NRM,2026-09-07,285.2,287.0,6638
GFCL,2026-09-07,572.0,575.0,4082
BHCL,2026-09-07,513.0,542.9,99020
CCBD88,2026-09-07,1175.0,1175.0,25
TSHL,2026-09-07,330.1,333.0,2710
NICLBSL,2026-09-07,513.1,512.8,9569
USHEC,2026-09-07,491.0,499.0,4805
SIPD,2026-09-07,579.0,591.1,17398
EBL,2026-09-07,717.5,716.0,32619
CHDC,2026-09-07,2202.0,2215.0,10148
RIDI,2026-09-07,344.0,347.7,232720
UNL,2026-09-07,46350.0,46300.0,80
MPFL,2026-09-07,584.1,595.0,2600
HFIN,2026-09-07,622.0,629.0,21542
HLBSL,2026-09-07,855.0,855.0,635
JBLB,2026-09-07,1270.0,1252.0,4936
BNL,2026-09-07,14360.0,14360.0,10
AKJCL,2026-09-07,357.3,340.6,116479
ICFC,2026-09-07,598.5,582.1,3470
HEIP,2026-09-07,304.0,304.0,400
DOLTI,2026-09-07,283.0,280.0,14523
GMLI,2026-09-07,919.0,951.0,602
SKBBL,2026-09-07,741.0,746.1,5863
ECL,2026-09-07,1218.0,1297.0,10282
BHDC,2026-09-07,430.0,422.0,2460
HIDCLP,2026-09-07,179.5,181.9,30638
MSHL,2026-09-07,534.0,518.0,147
SWBBL,2026-09-07,670.0,677.0,6104
CREST,2026-09-07,1049.0,1074.0,4210
SAIL,2026-09-07,994.0,1056.2,59583
GIBF1,2026-09-07,10.51,11.08,254584
ICFCD89,2026-09-07,1090.0,1095.0,50
KBLD86,2026-09-07,1177.0,1143.0,45
GHL,2026-09-07,226.8,228.0,70778
SPDL,2026-09-07,342.2,346.0,16760
ILI,2026-09-07,404.0,405.0,7460
MAKAR,2026-09-07,407.0,402.0,50130
MNMF1,2026-09-07,9.0,9.13,14650
SHINE,2026-09-07,410.0,419.9,37396
GMFBS,2026-09-07,1067.0,1145.0,574
ADBL,2026-09-07,311.8,300.0,28634
ACLBSL,2026-09-07,899.0,886.0,835
EDBL,2026-09-07,579.0,575.0,104136
PRSF,2026-09-07,12.9,12.7,22405
BNT,2026-09-07,11600.0,11630.0,70
LEC,2026-09-07,210.2,215.0,73636
NICFC,2026-09-07,8.72,8.77,1350
NYADI,2026-09-07,345.0,351.1,6014
NMBUR93/94,2026-09-07,909.0,930.0,75
NICD88,2026-09-07,1085.0,1085.0,14
GLH,2026-09-07,245.0,246.2,17060
CORBL,2026-09-07,896.0,892.9,14518
NUBL,2026-09-07,570.0,568.0,11530
API,2026-09-07,330.0,329.0,172177
HDL,2026-09-07,1170.0,1187.0,24480
PURE,2026-09-07,662.0,761.3,9496
RAWA,2026-09-07,393.0,413.9,29843
NHPC,2026-09-07,250.0,257.0,159367
MABEL,2026-09-07,554.0,587.7,5632
MFIL,2026-09-07,720.0,733.0,13447
MHNL,2026-09-07,236.0,242.0,20881
BHL,2026-09-07,199.0,201.0,56544
CZBIL,2026-09-07,198.8,199.5,44539
SANVI,2026-09-07,549.0,559.0,7416
LSH12,2026-09-07,8.95,8.95,2800
NIL,2026-09-07,525.0,525.0,24286
SABBL,2026-09-07,875.1,916.7,14837
BANDIPUR,2026-09-07,644.0,645.9,17005
SAGAR,2026-09-07,1500.0,1593.0,13464
NIBLSTF,2026-09-07,8.1,8.34,3730
RBCL,2026-09-07,13755.6,13755.6,10
HHL,2026-09-07,323.0,315.0,19609
PCIL,2026-09-07,589.1,618.2,22324
SBLD2091,2026-09-07,1057.0,1090.0,169
GILB,2026-09-07,1095.0,1116.0,8463
ULBSL,2026-09-07,3072.0,2840.0,30
BUNGAL,2026-09-07,515.0,526.0,9952
ILBS,2026-09-07,815.0,836.9,1029
NWCL,2026-09-07,600.0,598.0,1723
JFL,2026-09-07,361.0,313.6,72312
KHPL,2026-09-07,735.0,740.0,2771
GMFIL,2026-09-07,414.0,418.0,5966
PBD85,2026-09-07,1114.9,1115.0,350
EBLD85,2026-09-07,1151.4,1151.4,14
SHL,2026-09-07,503.0,502.5,27156
FOWAD,2026-09-07,918.2,880.0,1465
PPL,2026-09-07,287.8,306.0,12765
SWASTIK,2026-09-07,1820.0,1859.0,360
KEF,2026-09-07,9.5,9.75,16476
SPL,2026-09-07,610.0,615.6,1839
YMHL,2026-09-07,550.0,560.0,11530
HIMSTAR,2026-09-07,632.0,649.0,4379
MMF1,2026-09-07,8.98,9.0,2500
SMH,2026-09-07,503.0,509.3,7260
SMFBS,2026-09-07,1312.0,1345.0,77
SPIL,2026-09-07,590.0,599.9,9818
JHAPA,2026-09-07,1012.0,1021.0,2517
MEHL,2026-09-07,227.0,228.0,44646
EBLEB89,2026-09-07,1070.0,1070.0,23
ICFCD88,2026-09-07,1119.0,1118.0,50
SHEL,2026-09-07,293.7,293.9,35627
LSL,2026-09-07,234.1,225.0,113537
SMPDA,2026-09-07,710.0,721.0,1222
NBL,2026-09-07,276.0,279.0,133042
KDL,2026-09-07,730.0,727.0,3012
SHLB,2026-09-07,1250.0,1265.0,50
HPPL,2026-09-07,380.0,370.5,60500
CIZBD90,2026-09-07,1225.0,1225.0,25
NBBD2085,2026-09-07,1145.0,1150.0,6420
BBC,2026-09-07,4072.7,4076.0,87
BPCL,2026-09-07,634.0,645.0,13485
SKHL,2026-09-07,725.0,725.0,18121
NICGF2,2026-09-07,8.64,8.89,600
NICAD2091,2026-09-07,1093.0,1093.0,50
LUK,2026-09-07,9.21,9.5,2297
MATRI,2026-09-07,710.1,723.0,1210
NIMB,2026-09-07,191.1,183.8,94930
SADBL,2026-09-07,400.0,410.4,7784
SINDU,2026-09-07,556.3,497.7,20260
BJHL,2026-09-07,630.1,653.0,10049
GBBD85,2026-09-07,1055.1,1085.0,125
MBLEF,2026-09-07,9.13,9.15,930
GRDBL,2026-09-07,970.0,962.0,7604
CHL,2026-09-07,250.0,250.5,12826
DHEL,2026-09-07,556.0,577.0,15211
BARUN,2026-09-07,314.9,312.0,20989
KKHC,2026-09-07,266.0,267.9,153445
RNLI,2026-09-07,411.0,414.0,5480
KBSH,2026-09-07,802.0,809.0,6367
ENL,2026-09-07,854.0,691.6,16300
DLBS,2026-09-07,993.0,1000.0,137
PRIN,2026-09-07,605.0,600.0,7620
MLBL,2026-09-07,344.0,349.6,21834
HURJA,2026-09-07,230.0,233.5,44635
NMB,2026-09-07,250.4,239.9,45643
SAND2085,2026-09-07,1149.9,1149.9,85
NSY,2026-09-07,8.91,9.3,2900
OMPL,2026-09-07,880.0,895.0,2582
MHCL,2026-09-07,281.3,280.0,6450
RFPL,2026-09-07,330.0,328.1,6314
SOHL,2026-09-07,655.0,654.0,246562
PBD88,2026-09-07,1175.0,1195.0,35
PRVU,2026-09-07,177.5,180.0,122816
CYCL,2026-09-07,1569.3,1584.0,13229
NLICL,2026-09-07,550.3,550.3,5233
H8020,2026-09-07,12.0,12.48,89141
SAGF,2026-09-07,9.5,9.33,700
SIGS3,2026-09-07,10.0,10.2,6449
NMLBBL,2026-09-07,485.0,488.0,2896
BHPL,2026-09-07,430.0,432.0,4956
SICL,2026-09-07,525.0,550.0,23346
MSLB,2026-09-07,1197.0,1225.0,6586
UPCL,2026-09-07,344.0,345.0,87414
MANDU,2026-09-07,677.0,677.0,10657
SCB,2026-09-07,660.0,649.1,6334
MKJC,2026-09-07,290.0,289.4,31973
GWFD83,2026-09-07,1020.1,1020.1,10
GBBL,2026-09-07,450.0,447.0,401185
RSY,2026-09-07,9.51,9.47,49300
GBIME,2026-09-07,262.5,251.9,110870
TPKHL,2026-09-07,507.0,510.0,17101
UHEWA,2026-09-07,583.0,586.2,49711
C30MF,2026-09-07,9.95,9.95,6700
NABILD2089,2026-09-07,1097.0,1100.0,888
APHL,2026-09-07,670.0,690.0,6214
AKPL,2026-09-07,246.0,250.0,77445
NSIF2,2026-09-07,9.9,9.87,66675
PHCL,2026-09-07,300.1,298.8,60592
SAEF2,2026-09-07,9.03,9.0,11000
SWMF,2026-09-07,579.0,584.0,3348
SANIMA,2026-09-07,370.0,365.0,68952
MLBS,2026-09-07,980.0,981.0,100
NICSF,2026-09-07,8.22,8.35,1100
NIBLGF,2026-09-07,8.36,8.5,2855
TPC,2026-09-07,346.0,346.0,11936
SYPNL,2026-09-07,1345.0,1344.0,101030
SAPIL,2026-09-07,1204.8,1245.0,24421
MNBBL,2026-09-07,356.0,346.0,106524
SHPC,2026-09-07,500.2,509.8,63930
NRIC,2026-09-07,800.1,805.0,15042
CSY,2026-09-07,8.38,8.3,36825
RBBD2088,2026-09-07,1090.0,1090.0,1800
SMJC,2026-09-07,405.0,403.0,14325
SBI,2026-09-07,400.0,402.0,27589
MBJC,2026-09-07,271.6,278.5,80806
TVCL,2026-09-07,325.0,317.2,3627
SONA,2026-09-07,400.0,398.0,107843
MHL,2026-09-07,445.0,452.9,4993
SLCF,2026-09-07,9.03,9.03,100
ALBSL,2026-09-07,1150.0,1102.1,13298
UPPER,2026-09-07,182.0,183.0,70470
PPCL,2026-09-07,335.0,338.5,7990
KMCDB,2026-09-07,740.0,820.0,11566
SMHL,2026-09-07,520.0,527.0,191907
HIDCL,2026-09-07,240.5,243.0,72026
UMHL,2026-09-07,550.0,553.9,25242
GUFL,2026-09-07,518.0,502.7,11404
DHPL,2026-09-07,263.0,272.0,3839
LVF2,2026-09-07,9.0,9.3,1400
SEF2,2026-09-07,8.8,9.0,6350
IGI,2026-09-07,380.0,378.8,19276
NGPL,2026-09-07,390.0,393.8,82826
SJCL,2026-09-07,231.0,232.5,21624
SFMF,2026-09-07,9.3,9.02,1450
DORDI,2026-09-07,237.0,240.0,7723
SHIVM,2026-09-07,694.0,664.2,128175
MEPDL,2026-09-07,660.0,644.0,18706
GBIMESY2,2026-09-07,8.75,8.9,600
CHCL,2026-09-07,368.5,369.2,100943
RSY2,2026-09-07,8.9,9.01,7520
SAPDBL,2026-09-07,689.0,682.0,14377
JOSHI,2026-09-07,256.0,261.5,8714
KSBBL,2026-09-07,459.0,449.1,36919
SNLI,2026-09-07,375.0,389.0,12332
SGIC,2026-09-07,380.0,379.0,17027
RSDC,2026-09-07,615.0,628.0,5199
DDBL,2026-09-07,833.0,841.1,3163
MKHC,2026-09-07,269.6,260.0,23751
RMF1,2026-09-07,9.5,9.7,1150
SFEF,2026-09-07,9.59,9.59,100
UNHPL,2026-09-07,356.0,355.0,12344
NFS,2026-09-07,525.0,524.9,6013
IHL,2026-09-07,299.0,292.2,9160
SMATA,2026-09-07,690.0,695.0,2294
NICA,2026-09-07,310.5,309.0,38044
SKHEL,2026-09-07,795.0,830.0,1126
RBBF40,2026-09-07,8.73,9.0,1100
SRLI,2026-09-07,366.0,355.0,10669
RSML,2026-09-07,2850.0,2940.0,86181
NTC,2026-09-07,900.0,884.0,7862
NMIC,2026-09-07,777.0,793.0,3305
SARBTM,2026-09-07,795.0,797.0,15949
CIT,2026-09-07,1720.0,1713.9,4898
EBLD86,2026-09-07,1082.1,1081.0,50
GVL,2026-09-07,473.0,485.9,12386
LLBS,2026-09-07,871.1,870.5,542
CLI,2026-09-07,412.0,413.1,11366
SIFC,2026-09-07,487.9,480.1,1834
SJLIC,2026-09-07,395.0,398.0,8388
NMBHF2,2026-09-07,8.8,9.24,11000
RLFL,2026-09-07,415.0,424.0,5708
RLEL,2026-09-07,770.0,760.0,16786
JBBL,2026-09-07,323.0,334.9,43266
ANLB,2026-09-07,4880.0,4908.0,753
SBCF,2026-09-07,8.77,9.04,2200
RBCLPO,2026-09-07,10900.0,11551.5,60
GCIL,2026-09-07,380.0,378.5,37171
NMFBS,2026-09-07,1120.0,1135.0,2127
MKHL,2026-09-07,482.2,496.1,934
BFC,2026-09-07,455.4,450.0,24371
SOPL,2026-09-07,720.0,738.0,27444
OHL,2026-09-07,620.0,623.0,856
USHL,2026-09-07,502.0,501.0,1128
LICN,2026-09-07,747.0,756.0,9538
NIMBPO,2026-09-07,140.0,139.0,1012
STC,2026-09-07,5288.0,5226.1,1003
RADHI,2026-09-07,679.0,690.0,31235
NADEP,2026-09-07,670.0,689.0,256
EBLD91,2026-09-07,1099.1,1099.1,25
SNORL,2026-09-07,870.0,878.0,17285
NMBMF,2026-09-07,580.0,589.0,1126
SIKLES,2026-09-07,566.1,578.0,25126
RHGCL,2026-09-07,245.0,250.0,9727
NIFRA,2026-09-07,240.0,240.9,38391
PMLI,2026-09-07,397.0,401.9,9006
SMB,2026-09-07,1750.0,1785.0,961
AHPC,2026-09-07,248.2,253.3,44610
JBBLPO,2026-09-07,179.0,179.0,2006
AVYAN,2026-09-07,988.0,1002.0,972
CGH,2026-09-07,767.0,769.3,7983
NLG,2026-09-07,500.0,514.5,10044
KPCL,2026-09-07,445.3,449.1,4518
NBF3,2026-09-07,9.55,9.64,25750
LBBL,2026-09-07,465.0,485.0,28681
SIGS2,2026-09-07,9.94,9.94,500
SEF,2026-09-07,9.41,9.41,64400
NESDO,2026-09-07,1272.2,1320.0,401
MLBSL,2026-09-07,1060.0,1072.0,888
VLUCL,2026-09-07,379.5,381.0,2693
MLBBL,2026-09-07,919.2,945.0,2565
BNHC,2026-09-07,258.0,263.8,10214
EHPL,2026-09-07,321.3,315.0,6034
NBF2,2026-09-07,10.09,9.82,2760
TAMOR,2026-09-07,528.1,497.1,112276
SAHAS,2026-09-07,686.9,694.0,72219
TRH,2026-09-07,787.0,798.0,7293
NLICL,2026-09-03,553.0,550.0,5530
GMFIL,2026-09-03,420.0,414.1,6329
STC,2026-09-03,5269.0,5206.1,1168
MBJC,2026-09-03,267.9,274.0,62315
MDB,2026-09-03,554.3,553.0,7670
NIBSF2,2026-09-03,8.35,8.35,600
HBL,2026-09-03,185.0,187.6,34664
CHDC,2026-09-03,2170.0,2179.0,2892
CHL,2026-09-03,262.2,250.0,14915
MEL,2026-09-03,197.5,200.5,6981
LUK,2026-09-03,9.41,9.4,300
MKHL,2026-09-03,487.0,494.0,2969
GUFL,2026-09-03,504.0,506.0,9819
BUNGAL,2026-09-03,520.0,515.0,7510
NICD88,2026-09-03,1099.0,1095.0,50
TAMOR,2026-09-03,500.0,503.0,265982
SBID89,2026-09-03,1135.0,1163.9,103
GLBSL,2026-09-03,1585.2,1611.0,207
RBCLPO,2026-09-03,11215.0,11215.1,20
NMB,2026-09-03,239.0,238.5,26122
NICSF,2026-09-03,8.55,8.31,2037
NSY,2026-09-03,9.0,9.16,2400
RURU,2026-09-03,567.0,572.5,3001
TVCL,2026-09-03,319.0,330.0,11916
NMBHF2,2026-09-03,8.55,8.98,1700
SWMF,2026-09-03,581.5,579.0,1019
NLG,2026-09-03,505.0,494.0,6165
NSIF2,2026-09-03,10.0,9.9,208045
CORBL,2026-09-03,900.0,896.0,11070
RNLI,2026-09-03,405.0,410.0,8261
SOHL,2026-09-03,650.0,650.5,194626
EBL,2026-09-03,713.0,716.1,17284
BHDC,2026-09-03,413.0,414.3,6633
SNLI,2026-09-03,380.0,386.3,11828
NICA,2026-09-03,308.0,309.5,26480
BGWT,2026-09-03,466.0,477.0,62270
MMF1,2026-09-03,8.64,8.77,5641
SJLIC,2026-09-03,395.0,397.7,7388
RBBF40,2026-09-03,9.0,9.0,700
PPCL,2026-09-03,345.4,335.0,3967
NIMB,2026-09-03,183.0,182.0,90898
SINDU,2026-09-03,564.0,585.5,3256
MANDU,2026-09-03,665.0,677.0,5408
NBL,2026-09-03,275.1,275.9,90624
NIBLGF,2026-09-03,8.6,8.36,200
RBBD2088,2026-09-03,1066.0,1066.6,35
SAEF2,2026-09-03,8.97,9.03,3300
NMFBS,2026-09-03,1097.6,1112.0,1694
TRH,2026-09-03,809.9,790.0,4149
SONA,2026-09-03,415.0,404.0,23807
TPKHL,2026-09-03,505.0,515.0,23830
NLIC,2026-09-03,695.0,696.0,7257
RAWA,2026-09-03,395.0,393.0,16939
NMIC,2026-09-03,795.0,777.0,3494
NICL,2026-09-03,426.3,420.0,7318
ENL,2026-09-03,797.0,813.6,335
NIL,2026-09-03,524.0,520.0,10455
USLB,2026-09-03,1014.0,1012.7,221
NMLBBL,2026-09-03,475.6,484.0,817
PSF,2026-09-03,12.0,11.99,76101
UNL,2026-09-03,46250.0,46250.0,10
NICGF2,2026-09-03,8.5,8.64,8415
BHCL,2026-09-03,520.0,540.0,13335
RIDI,2026-09-03,355.0,344.0,272952
AVYAN,2026-09-03,1028.5,1007.0,1868
DORDI,2026-09-03,244.0,236.7,9039
MSHL,2026-09-03,510.0,534.0,517
SADBL,2026-09-03,406.0,406.5,11628
KAHL,2026-09-03,480.0,490.0,18961
ACLBSL,2026-09-03,900.0,894.9,804
SHINED,2026-09-03,1105.0,1096.0,26
NRN,2026-09-03,1400.0,1391.0,38921
GMFBS,2026-09-03,1062.0,1066.6,281
SWBBL,2026-09-03,670.0,670.0,5240
SHL,2026-09-03,498.0,502.0,6427
SPIL,2026-09-03,605.0,595.3,1456
RBCL,2026-09-03,13400.0,13355.0,50
ULBSL,2026-09-03,2926.0,2926.0,10
HIMSTAR,2026-09-03,654.0,632.0,2279
PRIN,2026-09-03,585.2,593.0,1668
NIBLSTF,2026-09-03,8.01,8.3,450
SKHEL,2026-09-03,815.5,819.0,2769
CREST,2026-09-03,1059.0,1049.0,1811
SAIL,2026-09-03,996.0,994.0,23510
ALICL,2026-09-03,398.0,399.5,15632
FOWAD,2026-09-03,850.0,874.5,3595
MHNL,2026-09-03,235.0,235.5,2318
JHAPA,2026-09-03,1010.0,1012.0,1683
NMBMF,2026-09-03,580.0,580.0,230
KDL,2026-09-03,730.0,740.0,420
ADBL,2026-09-03,299.0,297.0,9898
NIFRA,2026-09-03,241.0,240.0,36551
RSML,2026-09-03,2681.3,2830.0,146528
RSDC,2026-09-03,615.0,619.9,1542
PROFL,2026-09-03,381.1,380.0,6334
PURE,2026-09-03,770.0,662.0,8483
TSHL,2026-09-03,335.0,333.4,1576
MFLD85,2026-09-03,1105.0,1105.0,75
LEC,2026-09-03,210.5,210.0,71132
SAHAS,2026-09-03,689.0,686.9,55247
UPPER,2026-09-03,183.5,182.0,67824
UNHPL,2026-09-03,355.5,353.7,5151
BNT,2026-09-03,11649.0,11650.0,120
VLUCL,2026-09-03,386.2,379.5,2365
SEF,2026-09-03,9.4,9.4,519000
FMDBL,2026-09-03,720.0,726.0,3971
SMPDA,2026-09-03,729.0,720.0,519
ULHC,2026-09-03,290.0,300.0,10180
SMJC,2026-09-03,406.0,405.0,7472
EHPL,2026-09-03,308.0,312.0,10143
SHEL,2026-09-03,291.1,293.7,26314
EBLD91,2026-09-03,1125.0,1133.0,35
SIPD,2026-09-03,585.0,580.0,7186
RHGCL,2026-09-03,243.0,247.8,6594
SGIC,2026-09-03,375.0,379.8,10686
SAPIL,2026-09-03,1220.0,1210.0,34865
EDBL,2026-09-03,579.9,570.0,1730
SFMF,2026-09-03,9.27,9.27,3850
UPCL,2026-09-03,339.0,344.0,39119
UHEWA,2026-09-03,590.0,583.6,15127
NGPL,2026-09-03,397.0,388.0,123903
OMPL,2026-09-03,880.0,883.0,1363
SHLB,2026-09-03,1250.0,1251.0,705
SOPL,2026-09-03,728.0,725.0,26050
SANIMA,2026-09-03,361.0,360.0,67627
RLFL,2026-09-03,424.0,418.1,7707
SMB,2026-09-03,1740.0,1718.1,421
KBL,2026-09-03,212.8,213.0,153621
USHL,2026-09-03,539.7,515.0,4175
GBLBS,2026-09-03,650.0,660.0,2007
SSHL,2026-09-03,193.5,191.2,49706
SCB,2026-09-03,645.1,645.5,19963
SANVI,2026-09-03,556.1,550.0,6791
SMH,2026-09-03,495.9,499.0,5945
SKHL,2026-09-03,735.0,730.0,15978
NICAD85/86,2026-09-03,1120.0,1120.0,340
NBF3,2026-09-03,9.11,9.54,7800
SBCF,2026-09-03,9.2,9.02,2200
SNORL,2026-09-03,855.1,879.0,9438
NYADI,2026-09-03,338.3,345.0,2251
RMF1,2026-09-03,9.29,9.5,19600
CZBIL,2026-09-03,207.0,198.8,23707
KDBY,2026-09-03,10.0,9.82,143900
NMBD89/90,2026-09-03,1259.6,1259.6,25
MKJC,2026-09-03,295.0,290.0,47203
UMRH,2026-09-03,505.1,514.0,2839
SYPNL,2026-09-03,1215.6,1281.0,58760
SFEF,2026-09-03,9.85,9.86,5100
SBI,2026-09-03,395.0,397.9,75210
CBLD88,2026-09-03,1160.6,1160.6,10
NBF2,2026-09-03,9.75,9.8,1600
PRVU,2026-09-03,179.0,177.5,64386
SICL,2026-09-03,525.0,522.6,6841
MLBS,2026-09-03,995.0,995.0,603
YMHL,2026-09-03,562.0,562.0,16837
NHDL,2026-09-03,616.0,633.0,90
BJHL,2026-09-03,650.0,647.9,6403
NRIC,2026-09-03,830.0,800.0,8425
SAPDBL,2026-09-03,662.0,689.0,19590
SMHL,2026-09-03,545.0,527.0,167364
SLBSL,2026-09-03,865.0,889.9,18
GRDBL,2026-09-03,911.0,977.0,9490
NWCL,2026-09-03,590.2,597.0,1160
SMATA,2026-09-03,685.0,682.0,1340
SMFBS,2026-09-03,1398.0,1333.0,403
NICFC,2026-09-03,8.7,8.72,2500
TTL,2026-09-03,685.0,680.0,4541
GVL,2026-09-03,475.0,479.0,7893
BNHC,2026-09-03,261.9,259.5,10821
LVF2,2026-09-03,9.01,9.27,5700
MLBBL,2026-09-03,916.1,925.0,867
SHPC,2026-09-03,505.0,505.2,68850
CYCL,2026-09-03,1559.3,1599.9,12853
PMHPL,2026-09-03,289.0,298.0,2073
TPC,2026-09-03,340.0,344.0,6250
NUBL,2026-09-03,564.1,570.0,2889
MBLD87,2026-09-03,1127.0,1127.0,65
GMLI,2026-09-03,950.0,944.0,1021
ICFC,2026-09-03,585.5,585.0,3923
NABBC,2026-09-03,728.0,732.0,8368
MAKAR,2026-09-03,411.0,406.5,103617
BHPL,2026-09-03,460.9,438.0,3870
DHPL,2026-09-03,276.4,264.0,3793
GBBL,2026-09-03,430.0,436.3,199020
GHL,2026-09-03,235.0,221.0,65253
AHL,2026-09-03,365.0,366.0,2543
CHCL,2026-09-03,377.0,370.2,137474
KKHC,2026-09-03,253.0,264.1,60972
IGI,2026-09-03,380.1,377.0,5529
GBIME,2026-09-03,250.4,250.0,147780
BEDC,2026-09-03,286.0,286.0,11605
GBIMESY2,2026-09-03,8.89,8.93,500
PCBL,2026-09-03,237.1,238.0,40298
LSH12,2026-09-03,9.0,9.01,2000
DHEL,2026-09-03,550.2,571.0,9552
HURJA,2026-09-03,232.0,228.0,36438
NADEP,2026-09-03,695.0,685.0,303
HDHPC,2026-09-03,200.9,198.3,51411
BANDIPUR,2026-09-03,645.0,644.0,10507
CLI,2026-09-03,412.1,415.0,5103
BBC,2026-09-03,4050.0,4082.0,212
ANLB,2026-09-03,5617.0,5023.5,1068
BPCL,2026-09-03,644.0,633.6,5079
HATHY,2026-09-03,607.0,609.0,7502
SIGS3,2026-09-03,9.95,10.1,20400
GIBF1,2026-09-03,10.45,10.51,24650
JOSHI,2026-09-03,257.0,256.0,9860
CIZBD90,2026-09-03,1259.0,1261.7,150
JFL,2026-09-03,370.0,368.9,6967
HPPL,2026-09-03,367.0,363.1,41254
HLBSL,2026-09-03,841.2,855.0,226
MEHL,2026-09-03,230.0,227.0,78734
HRL,2026-09-03,515.0,519.9,41825
SHINE,2026-09-03,405.5,408.9,20749
RSY,2026-09-03,9.39,9.47,7040
UAIL,2026-09-03,366.5,363.3,13863
BHL,2026-09-03,200.0,198.0,50408
RADHI,2026-09-03,681.0,679.0,39400
HEI,2026-09-03,474.0,464.7,14341
APHL,2026-09-03,680.0,673.3,4386
MERO,2026-09-03,609.8,606.0,1110
CBBL,2026-09-03,927.7,932.0,3931
NICBF,2026-09-03,8.95,8.72,20000
PRSF,2026-09-03,12.7,12.89,225597
OHL,2026-09-03,616.0,620.0,546
HIDCL,2026-09-03,239.6,239.0,29189
MEN,2026-09-03,621.0,627.1,159060
SJCL,2026-09-03,238.0,236.2,28546
MBLEF,2026-09-03,9.07,9.13,14893
WNLB,2026-09-03,971.1,1055.0,2068
CFCL,2026-09-03,603.3,598.4,116315
AKPL,2026-09-03,245.0,245.0,43929
GCIL,2026-09-03,386.0,379.3,22215
SALICO,2026-09-03,520.1,526.8,5837
JSLBB,2026-09-03,925.0,949.8,40
JBBL,2026-09-03,325.0,325.0,24532
SPC,2026-09-03,408.9,397.9,1285
RHPL,2026-09-03,175.0,173.1,115868
JBBD87,2026-09-03,1154.9,1170.0,435
SKBBL,2026-09-03,741.0,741.0,7787
PMLI,2026-09-03,402.0,398.3,5367
DDBL,2026-09-03,839.0,831.0,1725
MNBBL,2026-09-03,356.0,356.9,28287
NRM,2026-09-03,285.0,285.2,2515
CBBLPO,2026-09-03,511.0,511.0,4414
PHCL,2026-09-03,300.0,302.8,33666
GLH,2026-09-03,241.5,245.0,25858
SIKLES,2026-09-03,561.0,566.1,9256
LSL,2026-09-03,221.3,223.0,78161
AKJCL,2026-09-03,347.7,340.3,281818
RSY2,2026-09-03,8.7,8.92,9630
NFS,2026-09-03,525.0,525.0,3136
EBLEB89,2026-09-03,1040.1,1067.0,51
HEIP,2026-09-03,308.8,303.4,2155
CGH,2026-09-03,768.0,767.0,7006
MBL,2026-09-03,242.2,246.0,106970
DOLTI,2026-09-03,286.4,282.0,25887
SPHL,2026-09-03,515.0,518.0,13060
GFCL,2026-09-03,563.3,572.0,3460
API,2026-09-03,330.0,326.1,115353
ALBSL,2026-09-03,1060.0,1190.0,13128
PPL,2026-09-03,303.0,302.9,26321
HLICF,2026-09-03,8.5,8.31,1000
NMBUR93/94,2026-09-03,915.0,909.0,80
GILB,2026-09-03,1074.0,1091.0,622
SEF2,2026-09-03,9.0,8.93,8700
SWASTIK,2026-09-03,1804.0,1844.9,530
NABIL,2026-09-03,540.0,539.0,21616
MLBLD89,2026-09-03,1287.5,1287.5,25
LBBL,2026-09-03,473.0,482.8,17558
ICFCD83,2026-09-03,843.2,868.4,1
BARUN,2026-09-03,308.0,307.0,27286
MATRI,2026-09-03,706.6,716.2,269
HDL,2026-09-03,1164.0,1170.3,16547
MKHC,2026-09-03,255.0,269.6,64064
KBLD86,2026-09-03,1110.0,1143.3,8
KBSH,2026-09-03,803.0,802.0,11658
CITY,2026-09-03,345.0,340.0,56349
SRLI,2026-09-03,352.0,355.2,13933
NHPC,2026-09-03,254.9,254.0,92558
JBLB,2026-09-03,1248.0,1248.1,1790
HHL,2026-09-03,321.0,319.9,10206
MCHL,2026-09-03,248.0,253.0,5221
MLBL,2026-09-03,340.0,344.0,5673
ILI,2026-09-03,400.0,404.9,9663
IHL,2026-09-03,299.0,304.0,5362
KBLD89,2026-09-03,1280.0,1280.0,280
MND84/85,2026-09-03,1052.0,1052.0,65
NTC,2026-09-03,890.0,881.0,7356
MNMF1,2026-09-03,9.05,9.0,2100
KEF,2026-09-03,9.5,9.7,8800
KSBBL,2026-09-03,475.0,463.0,27883
C30MF,2026-09-03,9.75,9.95,600
SHIVM,2026-09-03,660.0,661.0,174067
SLBBL,2026-09-03,775.2,780.8,1411
HFIN,2026-09-03,615.0,622.9,28307
KPCL,2026-09-03,447.2,447.1,3101
VLBS,2026-09-03,618.5,619.0,2035
ILBS,2026-09-03,800.0,837.0,1697
SLCF,2026-09-03,9.0,9.06,1750
LLBS,2026-09-03,879.0,846.1,388
HLI,2026-09-03,296.0,295.0,20749
HIDCLP,2026-09-03,180.0,179.5,30426
SABBL,2026-09-03,850.0,879.0,5900
PCIL,2026-09-03,628.0,620.1,21397
ICFCD88,2026-09-03,1105.1,1105.1,25
SGHC,2026-09-03,286.0,287.3,15667
BFC,2026-09-03,464.4,458.0,6315
SAGAR,2026-09-03,1550.0,1500.0,3864
NICLBSL,2026-09-03,512.0,515.0,7262
KHPL,2026-09-03,738.0,740.1,6607
SBL,2026-09-03,408.0,412.0,68249
MPFL,2026-09-03,594.9,589.6,2316
USHEC,2026-09-03,484.0,492.2,8329
SPDL,2026-09-03,350.0,348.9,11031
MMKJL,2026-09-03,388.0,368.9,8438
NESDO,2026-09-03,1310.0,1307.9,627
EBLD85,2026-09-03,1122.7,1122.7,50
NBLD87,2026-09-03,1065.1,1065.1,25
CSY,2026-09-03,8.64,8.63,74651
MHL,2026-09-03,442.5,445.0,1354
ECL,2026-09-03,1275.0,1282.0,10889
MKCL,2026-09-03,861.0,899.9,1680
CKHL,2026-09-03,577.0,615.0,646
DLBS,2026-09-03,981.2,993.0,302
LICN,2026-09-03,759.8,754.0,9370
MHCL,2026-09-03,276.0,285.0,1155
CIT,2026-09-03,1658.0,1719.9,11654
SPL,2026-09-03,645.0,640.0,4541
RLEL,2026-09-03,790.0,772.0,4752
AHPC,2026-09-03,249.9,248.2,38059
MEPDL,2026-09-03,618.4,660.0,24744
H8020,2026-09-03,11.96,12.0,3678997
KMCDB,2026-09-03,735.0,772.0,9805
SGHL,2026-09-03,484.0,481.1,43151
MABEL,2026-09-03,550.0,564.0,3709
SAGF,2026-09-03,9.9,9.63,5200
UNLB,2026-09-03,1258.9,1234.8,503
MSLB,2026-09-03,1200.1,1196.0,928
SARBTM,2026-09-03,797.0,795.0,7917
MFIL,2026-09-03,725.0,730.0,15417
RFPL,2026-09-03,327.0,326.0,15011
UMHL,2026-09-03,555.0,562.4,133544
SIFC,2026-09-03,480.0,478.0,2743
GSY,2026-09-03,8.95,8.95,5900
MLBSL,2026-09-03,1060.0,1055.0,1070
SIGS2,2026-09-02,9.7,9.74,25200
SBL,2026-09-02,407.9,408.7,34952
TPC,2026-09-02,339.0,344.0,9052
HATHY,2026-09-02,603.0,609.0,7782
RSML,2026-09-02,2650.0,2695.0,27750
HPPL,2026-09-02,356.0,363.8,66936
NGPL,2026-09-02,390.0,394.0,58392
KPCL,2026-09-02,446.1,447.0,7330
GVL,2026-09-02,465.1,472.6,6188
PRSF,2026-09-02,12.66,12.7,5301
HLI,2026-09-02,295.0,293.0,17370
BUNGAL,2026-09-02,519.0,519.0,7970
MEHL,2026-09-02,230.0,230.0,38588
MATRI,2026-09-02,705.6,715.0,829
ULHC,2026-09-02,282.0,291.0,1297
MBL,2026-09-02,244.0,244.8,116645
GMFBS,2026-09-02,1090.0,1090.0,338
RSDC,2026-09-02,615.0,615.0,384
AVYAN,2026-09-02,1010.0,1000.0,2446
GBIMESY2,2026-09-02,8.9,8.89,920
PBD88,2026-09-02,1165.0,1161.0,50
SBI,2026-09-02,390.1,400.0,9535
NFS,2026-09-02,534.9,525.0,3515
LICN,2026-09-02,769.7,759.8,1915
SSHL,2026-09-02,191.0,193.3,34026
AHPC,2026-09-02,250.0,248.5,39183
SMFBS,2026-09-02,1355.0,1394.0,278
GCIL,2026-09-02,376.0,386.0,67343
MHL,2026-09-02,435.1,443.3,5301
HLICF,2026-09-02,8.55,8.3,950
HDL,2026-09-02,1177.0,1164.0,7157
RAWA,2026-09-02,390.1,400.0,14427
NIL,2026-09-02,513.0,524.0,5885
MLBBL,2026-09-02,910.0,927.0,333
FMDBL,2026-09-02,709.0,724.9,5905
SBID83,2026-09-02,1050.0,1050.0,25
GSY,2026-09-02,8.9,8.94,12730
LUK,2026-09-02,9.7,9.7,100
SHIVM,2026-09-02,657.0,658.0,165180
SMH,2026-09-02,490.3,492.1,7138
UMHL,2026-09-02,555.0,558.5,18488
NMLBBL,2026-09-02,475.0,481.5,2607
NIMBPO,2026-09-02,139.2,137.0,5201
SPHL,2026-09-02,510.0,517.0,2915
SBLD2091,2026-09-02,1060.0,1057.1,50
SOPL,2026-09-02,731.0,734.0,15417
PRIN,2026-09-02,583.0,594.0,21512
ENL,2026-09-02,820.0,817.8,586
SBIBD86,2026-09-02,1130.0,1130.0,25
SARBTM,2026-09-02,806.5,794.0,12943
NABILD2089,2026-09-02,1095.0,1070.0,47
NICFC,2026-09-02,8.7,8.75,1700
EBLEB89,2026-09-02,1067.0,1067.0,30
ADBL,2026-09-02,311.8,296.6,14551
HDHPC,2026-09-02,196.1,198.7,52761
SINDU,2026-09-02,580.0,592.0,4208
HURJA,2026-09-02,226.1,230.0,16174
NICL,2026-09-02,430.0,425.9,15161
NIMBD90,2026-09-02,1200.1,1200.1,25
NIMB,2026-09-02,181.5,183.0,61162
SAGF,2026-09-02,10.0,10.0,1100
NBF2,2026-09-02,9.72,9.8,8300
NRM,2026-09-02,275.0,283.8,5274
SCB,2026-09-02,654.7,645.1,4028
MNMF1,2026-09-02,9.15,9.12,900
RADHI,2026-09-02,671.0,675.0,80053
SANVI,2026-09-02,558.0,560.0,8385
CREST,2026-09-02,1038.0,1050.0,2865
TRH,2026-09-02,766.3,799.0,14870
IHL,2026-09-02,294.0,299.5,7760
MKCL,2026-09-02,840.0,860.0,638
SHINE,2026-09-02,411.0,407.8,21297
FOWAD,2026-09-02,885.8,870.0,1955
KSY,2026-09-02,9.1,8.84,300
NMBHF2,2026-09-02,8.44,8.58,1500
TVCL,2026-09-02,330.0,335.0,18038
USLB,2026-09-02,976.0,995.0,2192
ANLB,2026-09-02,4810.0,5350.0,1484
GBLBS,2026-09-02,662.8,659.5,3890
NUBL,2026-09-02,570.0,575.0,2234
NICA,2026-09-02,309.0,308.0,21103
BBC,2026-09-02,3952.0,4034.0,88
BEDC,2026-09-02,281.5,285.0,10134
UNHPL,2026-09-02,355.0,354.0,14890
MBJC,2026-09-02,256.5,266.3,40691
LSL,2026-09-02,219.0,221.0,68290
NMBMF,2026-09-02,581.0,580.0,36
ECL,2026-09-02,1318.0,1294.0,17687
EBLD86,2026-09-02,1050.6,1050.6,25
BJHL,2026-09-02,655.0,642.0,3213
SJCL,2026-09-02,239.0,238.9,39823
NICBF,2026-09-02,8.69,8.69,100
NLIC,2026-09-02,695.0,695.0,10711
MNBBL,2026-09-02,353.0,354.9,15015
HBL,2026-09-02,186.0,187.5,71755
SPL,2026-09-02,669.9,664.0,2870
NYADI,2026-09-02,337.5,346.0,625
SIKLES,2026-09-02,551.1,563.9,2355
HHL,2026-09-02,317.0,320.0,13737
PPL,2026-09-02,300.0,303.0,7980
GMFIL,2026-09-02,418.0,417.0,4265
MAKAR,2026-09-02,398.0,404.1,90227
UPPER,2026-09-02,180.0,183.4,48034
NBBD2085,2026-09-02,1145.0,1145.0,25
MLBSL,2026-09-02,1064.0,1037.0,1289
DHEL,2026-09-02,540.2,566.8,13134
RFPL,2026-09-02,315.0,327.0,10445
NSY,2026-09-02,9.0,9.06,14600
UAIL,2026-09-02,365.0,366.5,29708
PCBL,2026-09-02,235.0,237.0,19436
GBIME,2026-09-02,245.0,249.9,367046
USHEC,2026-09-02,485.0,484.0,10300
SKHL,2026-09-02,715.0,735.0,10003
UNLB,2026-09-02,1193.1,1224.9,210
EBLD91,2026-09-02,1099.0,1100.0,150
EBLD85,2026-09-02,1147.0,1090.0,2
GMLI,2026-09-02,921.1,949.8,543
SFMF,2026-09-02,9.35,9.35,2100
MABEL,2026-09-02,547.1,557.0,3107
PCIL,2026-09-02,623.0,628.0,27613
LVF2,2026-09-02,8.9,9.27,4400
JHAPA,2026-09-02,1010.1,1019.5,1605
SWBBL,2026-09-02,667.0,664.0,947
WNLB,2026-09-02,965.0,970.0,958
KBLD89,2026-09-02,1260.0,1260.0,20
NIFRAGED,2026-09-02,1010.0,1010.0,25
RHGCL,2026-09-02,241.0,243.0,3895
SHLB,2026-09-02,1230.0,1250.0,89
KKHC,2026-09-02,261.3,266.0,41553
DLBS,2026-09-02,990.0,985.1,584
PMLI,2026-09-02,399.0,402.1,3826
NMBUR93/94,2026-09-02,970.0,941.0,50
SAHAS,2026-09-02,711.0,688.3,144771
BHPL,2026-09-02,431.6,439.0,2922
SYPNL,2026-09-02,1197.1,1279.5,29110
TPKHL,2026-09-02,488.0,505.0,16416
KDBY,2026-09-02,9.81,9.81,11600
NABBC,2026-09-02,700.0,728.3,22081
NLICL,2026-09-02,553.0,551.7,9348
NADEP,2026-09-02,688.9,697.7,1984
GLBSL,2026-09-02,1590.0,1620.0,452
MERO,2026-09-02,584.9,609.8,582
RBBD2088,2026-09-02,1035.6,1035.6,25
GHL,2026-09-02,229.0,224.3,44586
DDBL,2026-09-02,830.0,834.0,2073
RSY,2026-09-02,9.39,9.42,310
RMF2,2026-09-02,9.41,9.28,500
VLUCL,2026-09-02,390.0,375.0,2651
BNT,2026-09-02,11650.0,11650.0,10
LBBL,2026-09-02,470.0,477.8,14679
UMRH,2026-09-02,501.3,514.0,3128
NIBLSTF,2026-09-02,8.03,8.22,1300
NLG,2026-09-02,494.4,490.5,7656
USHL,2026-09-02,509.2,514.0,1924
RBCL,2026-09-02,13106.0,13301.0,255
TTL,2026-09-02,680.0,678.9,6878
SLCF,2026-09-02,9.0,9.1,400
MLBS,2026-09-02,1005.0,994.3,449
SWMF,2026-09-02,579.0,581.5,1997
SANIMA,2026-09-02,362.0,358.1,59055
UHEWA,2026-09-02,590.0,595.0,49163
EDBL,2026-09-02,564.0,575.0,4431
BPCL,2026-09-02,637.0,644.0,8745
NIFRA,2026-09-02,250.0,241.0,45229
BGWT,2026-09-02,468.0,485.0,4309
CHL,2026-09-02,240.0,249.8,17866
BNL,2026-09-02,14800.0,14800.0,10
GUFL,2026-09-02,501.0,503.6,10826
SAPIL,2026-09-02,1238.0,1230.0,26980
JBBL,2026-09-02,323.0,327.0,15957
MFIL,2026-09-02,712.0,719.0,12126
NSIF2,2026-09-02,9.9,10.0,993
NTC,2026-09-02,877.0,881.0,3130
LBBLD89,2026-09-02,1267.9,1267.9,25
SEF2,2026-09-02,9.0,9.0,4660
KBL,2026-09-02,221.0,212.8,120607
CHCL,2026-09-02,372.0,377.0,157769
RLFL,2026-09-02,426.0,420.9,7599
UPCL,2026-09-02,323.0,338.9,52734
SMB,2026-09-02,1711.5,1718.0,265
MEN,2026-09-02,615.0,621.8,37143
LLBS,2026-09-02,840.0,858.0,212
BANDIPUR,2026-09-02,642.0,642.0,9073
MKHL,2026-09-02,480.0,486.9,337
GRDBL,2026-09-02,940.0,957.9,4052
KEF,2026-09-02,9.78,9.7,861
NIBD84,2026-09-02,1031.1,1031.1,55
SHEL,2026-09-02,290.0,293.5,31205
MKJC,2026-09-02,278.0,297.4,41361
STC,2026-09-02,5180.0,5193.7,624
NMBD2085,2026-09-02,1102.1,1102.1,25
VLBS,2026-09-02,600.0,619.0,805
SHPC,2026-09-02,498.0,504.9,58027
OMPL,2026-09-02,860.0,885.0,1241
HLBSL,2026-09-02,849.0,858.9,1798
NBL,2026-09-02,272.0,274.1,53211
MSLB,2026-09-02,1200.0,1210.0,753
PPCL,2026-09-02,330.0,329.0,782
NBF3,2026-09-02,9.21,9.11,11700
PURE,2026-09-02,750.1,763.8,6898
SPC,2026-09-02,377.0,397.0,4207
NWCL,2026-09-02,590.0,606.0,691
KDL,2026-09-02,720.0,730.0,794
MPFL,2026-09-02,581.0,585.1,9314
SPDL,2026-09-02,345.0,345.0,23918
MANDU,2026-09-02,657.9,666.0,1712
JFL,2026-09-02,365.0,370.0,1645
RHPL,2026-09-02,168.0,178.8,398731
BHDC,2026-09-02,409.7,412.5,7307
CSY,2026-09-02,8.15,8.64,3300
SHL,2026-09-02,501.5,500.0,28236
CBBL,2026-09-02,927.0,930.5,8138
SNLI,2026-09-02,385.0,388.0,7412
SABBL,2026-09-02,857.0,865.2,4276
TAMOR,2026-09-02,495.0,504.0,282709
ICFC,2026-09-02,587.0,583.6,3860
JBLB,2026-09-02,1245.0,1249.0,2320
NABIL,2026-09-02,540.0,537.5,24088
PROFL,2026-09-02,385.0,380.9,3390
HBLD86,2026-09-02,1145.0,1155.0,2510
NHPC,2026-09-02,251.0,255.9,88957
EHPL,2026-09-02,312.6,306.3,6151
MBLEF,2026-09-02,9.0,9.04,900
AKJCL,2026-09-02,358.0,344.3,174884
GLH,2026-09-02,241.0,244.3,14725
RURU,2026-09-02,574.0,565.1,3770
MEPDL,2026-09-02,581.4,620.0,18518
SMHL,2026-09-02,525.0,538.0,161690
JOSHI,2026-09-02,252.0,258.9,8009
AHL,2026-09-02,363.0,363.8,210
MCHL,2026-09-02,247.6,254.2,5699
HFIN,2026-09-02,617.0,618.0,8779
SMPDA,2026-09-02,720.1,720.0,992
DORDI,2026-09-02,233.6,239.0,8694
RMF1,2026-09-02,9.26,9.02,2450
GBBD85,2026-09-02,1075.0,1082.0,507
SKBBL,2026-09-02,747.9,741.0,5788
BHCL,2026-09-02,520.0,543.0,14166
SMATA,2026-09-02,675.0,683.0,421
SADBL,2026-09-02,411.0,406.0,18209
NICAD85/86,2026-09-02,1120.0,1120.0,225
SAIL,2026-09-02,937.0,998.0,12680
GWFD83,2026-09-02,1016.0,1046.0,11
MMKJL,2026-09-02,346.0,381.4,22847
SFEF,2026-09-02,9.62,9.85,273082
GFCL,2026-09-02,570.0,570.0,1855
SONA,2026-09-02,407.0,410.0,31693
NMB,2026-09-02,235.0,239.6,56136
NMIC,2026-09-02,772.0,785.0,880
SNORL,2026-09-02,851.0,864.0,7340
MHCL,2026-09-02,277.0,284.0,4703
SLBSL,2026-09-02,854.0,865.0,278
BNHC,2026-09-02,255.0,258.0,11372
LSH12,2026-09-02,8.86,9.0,3300
NICLBSL,2026-09-02,511.0,519.9,2302
SGHC,2026-09-02,288.0,286.0,28167
H8020,2026-09-02,11.6,11.62,500
CYCL,2026-09-02,1500.0,1574.9,8606
PRVU,2026-09-02,176.8,176.0,73002
NIBSF2,2026-09-02,8.3,8.33,24500
CLI,2026-09-02,415.0,412.2,8136
RNLI,2026-09-02,423.0,407.9,10977
CKHL,2026-09-02,551.0,566.5,570
CIT,2026-09-02,1666.0,1656.7,3766
GBBL,2026-09-02,420.0,426.0,63766
SLBBL,2026-09-02,800.0,780.0,3829
MKHC,2026-09-02,232.1,250.0,28799
AKPL,2026-09-02,242.0,243.0,52121
RLEL,2026-09-02,780.0,790.0,10835
GILB,2026-09-02,1095.0,1090.1,1525
MEL,2026-09-02,197.0,197.6,7489
RSY2,2026-09-02,8.67,8.9,5400
CITY,2026-09-02,340.4,344.7,32621
IGI,2026-09-02,382.0,380.1,12385
ICFCD88,2026-09-02,1123.8,1123.8,25
ALICL,2026-09-02,385.1,398.0,11261
ILI,2026-09-02,400.1,398.7,4772
KMCDB,2026-09-02,755.1,763.0,1864
BARUN,2026-09-02,301.4,308.5,6097
DHPL,2026-09-02,275.0,270.0,862
KSBBL,2026-09-02,475.0,480.0,93966
ILBS,2026-09-02,830.0,829.0,213
RBBF40,2026-09-02,9.0,9.27,600
SALICO,2026-09-02,525.0,531.0,6369
GIBF1,2026-09-02,10.4,10.48,1400
HIMSTAR,2026-09-02,621.1,638.5,1447
HIDCL,2026-09-02,232.6,239.4,49951
RBCLPO,2026-09-02,10573.1,10890.2,70
APHL,2026-09-02,667.0,677.0,4303
YMHL,2026-09-02,568.0,564.0,13691
DOLTI,2026-09-02,276.0,284.0,9859
NMFBS,2026-09-02,1100.0,1097.6,2582
SIGS3,2026-09-02,10.0,10.0,100
JSLBB,2026-09-02,920.0,925.0,108
SJLIC,2026-09-02,395.0,397.0,6066
BFC,2026-09-02,463.0,459.9,9008
SWASTIK,2026-09-02,1810.0,1839.8,160
LEC,2026-09-02,210.0,210.2,30889
NRN,2026-09-02,1350.0,1410.0,91068
NICSF,2026-09-02,8.36,8.52,2200
SBCF,2026-09-02,8.75,9.02,2750
PMHPL,2026-09-02,295.0,291.5,2050
NRIC,2026-09-02,795.0,806.0,11164
NICGF2,2026-09-02,8.56,8.7,400
SIPD,2026-09-02,566.0,581.0,7920
SICL,2026-09-02,520.0,520.0,14567
HEI,2026-09-02,440.4,465.7,34761
PHCL,2026-09-02,291.8,300.0,31386
MLBL,2026-09-02,344.9,343.8,4602
MDB,2026-09-02,550.0,553.5,6148
KHPL,2026-09-02,701.0,738.0,4756
SAGAR,2026-09-02,1491.0,1520.0,3034
BHL,2026-09-02,197.0,199.0,41602
PSF,2026-09-02,12.0,12.01,3785
ICFCD89,2026-09-02,1081.6,1088.0,200
OHL,2026-09-02,600.3,619.0,3472
MSHL,2026-09-02,505.0,522.0,766
NIBLGF,2026-09-02,8.49,8.6,4495
EBL,2026-09-02,710.3,715.0,21847
SRLI,2026-09-02,351.0,353.5,21852
SMJC,2026-09-02,400.0,406.0,5764
CORBL,2026-09-02,877.0,885.0,6634
C30MF,2026-09-02,9.95,9.95,2000
ACLBSL,2026-09-02,865.0,894.8,243
SEF,2026-09-02,9.17,9.27,68120
LBLD88,2026-09-02,1125.0,1122.0,5
ALBSL,2026-09-02,1070.0,1098.9,4295
CFCL,2026-09-02,578.0,635.0,157841
SOHL,2026-09-02,655.0,663.0,184091
SGIC,2026-09-02,377.0,375.9,31478
ULBSL,2026-09-02,2390.0,2790.0,2064
CGH,2026-09-02,771.0,768.0,8912
SIFC,2026-09-02,480.1,482.5,7680
HRL,2026-09-02,490.2,519.0,38965
SAPDBL,2026-09-02,693.1,696.0,3972
KAHL,2026-09-02,475.0,484.0,15295
NHDL,2026-09-02,612.1,629.0,475
CHDC,2026-09-02,2132.0,2167.0,4206
API,2026-09-02,327.0,329.2,78284
NESDO,2026-09-02,1300.0,1293.0,253
SKHEL,2026-09-02,790.0,815.0,3478
CZBIL,2026-09-02,195.0,197.2,18119
MMF1,2026-09-02,8.74,8.9,7500
HEIP,2026-09-02,308.9,300.2,1015
HIDCLP,2026-09-02,182.4,180.7,43912
SAEF2,2026-09-02,9.0,8.99,3300
MHNL,2026-09-02,230.0,236.9,2653
NBLD82,2026-09-02,1021.1,1018.5,200
SGHL,2026-09-02,470.0,483.1,40895
RIDI,2026-09-02,350.0,352.0,275315
KBSH,2026-09-02,821.0,791.0,15592
TSHL,2026-09-02,335.0,333.7,1610
SRBLD83,2026-09-02,1008.6,1006.1,300
SPIL,2026-09-02,580.0,604.4,4155
OHL,2026-09-01,610.0,610.0,680
SBLD83,2026-09-01,1015.0,1015.0,835
NIBLGF,2026-09-01,8.4,8.25,950
RFPL,2026-09-01,315.2,323.0,14015
BHPL,2026-09-01,454.0,435.0,5667
SMHL,2026-09-01,520.0,527.0,75453
EBL,2026-09-01,712.0,710.3,18597
GMFIL,2026-09-01,419.0,410.0,11170
LBLD88,2026-09-01,1125.0,1125.0,25
ILI,2026-09-01,399.0,400.0,5416
SHINE,2026-09-01,414.8,407.9,11320
NIBD84,2026-09-01,1017.2,1017.2,25
WNLB,2026-09-01,1012.0,972.2,2024
VLBS,2026-09-01,607.9,612.0,3673
BUNGAL,2026-09-01,505.0,516.9,12673
SNORL,2026-09-01,850.1,862.9,16564
NICL,2026-09-01,422.0,424.7,8475
GVL,2026-09-01,468.0,470.0,8502
VLUCL,2026-09-01,368.0,379.0,4018
NICAD85/86,2026-09-01,1120.0,1120.0,20
HFIN,2026-09-01,610.0,617.9,15514
MLBBL,2026-09-01,900.0,925.0,1359
KHPL,2026-09-01,739.0,730.3,5561
TPC,2026-09-01,340.0,342.0,9714
NRIC,2026-09-01,790.0,795.0,39897
UHEWA,2026-09-01,586.0,594.0,49534
PROFL,2026-09-01,380.0,375.0,6095
SAEF2,2026-09-01,8.8,9.0,4925
PMLI,2026-09-01,392.6,403.0,4514
PPCL,2026-09-01,342.1,330.0,9421
NGPL,2026-09-01,385.2,390.9,39216
NICFC,2026-09-01,8.71,8.81,1000
ADBL,2026-09-01,295.5,297.0,19954
RMF1,2026-09-01,9.21,9.26,1000
OMPL,2026-09-01,860.0,870.0,2741
SLBBL,2026-09-01,779.0,778.1,2528
TRH,2026-09-01,790.0,790.0,50
RLEL,2026-09-01,780.0,790.0,3901
CFCL,2026-09-01,567.0,582.0,34751
RSY,2026-09-01,9.4,9.42,3700
SPC,2026-09-01,382.0,385.0,2505
FOWAD,2026-09-01,858.0,860.0,4686
C30MF,2026-09-01,9.7,9.95,2400
NIL,2026-09-01,502.8,521.9,7349
MERO,2026-09-01,590.0,602.9,2715
RSML,2026-09-01,2700.0,2718.0,23024
RHGCL,2026-09-01,245.0,241.0,3635
RMF2,2026-09-01,9.7,9.7,30200
RURU,2026-09-01,568.0,569.0,5364
PPL,2026-09-01,280.3,300.0,11128
RBBF40,2026-09-01,8.74,9.04,3100
NICLBSL,2026-09-01,529.0,518.0,3071
RAWA,2026-09-01,392.0,394.9,11036
NRM,2026-09-01,278.0,283.0,9360
UNHPL,2026-09-01,355.0,353.5,12471
ULHC,2026-09-01,278.6,287.5,7721
NRN,2026-09-01,1365.0,1363.0,29988
SMPDA,2026-09-01,730.0,725.0,1211
NTC,2026-09-01,872.0,877.0,4812
ALBSL,2026-09-01,1065.0,1110.0,13867
SKHL,2026-09-01,674.0,715.0,11514
NLICL,2026-09-01,554.5,547.3,8302
PMHPL,2026-09-01,292.7,295.0,11605
PRIN,2026-09-01,573.2,584.9,18237
NWCL,2026-09-01,585.0,595.0,1533
PURE,2026-09-01,774.4,763.0,6497
NICGF2,2026-09-01,8.75,8.82,1100
PBD88,2026-09-01,1170.0,1185.0,51
RBCL,2026-09-01,13789.0,13500.0,30
NSIF2,2026-09-01,9.95,9.95,400
MATRI,2026-09-01,730.0,720.0,83
NSY,2026-09-01,9.03,9.0,500
ACLBSL,2026-09-01,892.0,888.9,272
RSDC,2026-09-01,605.0,614.0,968
NIMB,2026-09-01,181.0,182.2,49646
RBBD2088,2026-09-01,1055.0,1055.0,52
NIBLSTF,2026-09-01,8.0,8.17,2050
SJCL,2026-09-01,227.0,239.9,74997
NBL,2026-09-01,271.0,271.0,55196
SAPDBL,2026-09-01,705.0,706.8,11472
MHL,2026-09-01,449.0,445.0,3452
NMIC,2026-09-01,781.0,777.0,2617
NLG,2026-09-01,481.0,494.4,11037
TPKHL,2026-09-01,470.2,498.5,19469
SANIMA,2026-09-01,359.0,358.0,131652
NMLBBL,2026-09-01,483.0,479.9,8965
MAKAR,2026-09-01,389.0,397.0,51732
RADHI,2026-09-01,668.5,681.0,40656
SFMF,2026-09-01,9.48,9.5,14439
SMJC,2026-09-01,393.0,400.0,5356
STC,2026-09-01,5175.0,5180.0,435
SSHL,2026-09-01,188.0,191.4,64040
ULBSL,2026-09-01,2861.0,2494.0,1780
SOPL,2026-09-01,736.0,731.2,16544
SPDL,2026-09-01,340.3,349.5,15860
TTL,2026-09-01,670.0,671.2,5263
SHL,2026-09-01,498.0,500.0,30819
SGIC,2026-09-01,378.0,383.0,34338
GBIMESY2,2026-09-01,9.15,9.01,1500
SPL,2026-09-01,638.0,638.0,3016
SMB,2026-09-01,1712.1,1720.0,507
RNLI,2026-09-01,428.0,406.5,9120
DHEL,2026-09-01,530.0,554.9,7770
SHEL,2026-09-01,290.0,290.5,32653
SIGS3,2026-09-01,10.2,10.15,79179
UAIL,2026-09-01,371.0,375.0,28172
SAIL,2026-09-01,980.0,983.0,16748
SWASTIK,2026-09-01,1810.0,1825.1,372
PRSF,2026-09-01,12.7,12.7,27390
ICFC,2026-09-01,578.0,586.0,8561
SCB,2026-09-01,645.0,647.0,6507
SAGAR,2026-09-01,1480.0,1500.0,5622
MNBBL,2026-09-01,353.0,353.3,11365
PRVU,2026-09-01,178.0,176.8,108731
SWMF,2026-09-01,571.3,578.0,2960
NMBHF2,2026-09-01,8.5,8.7,750
NYADI,2026-09-01,340.0,346.0,942
SWBBL,2026-09-01,670.0,667.0,10671
HLICF,2026-09-01,8.3,8.55,600
USHEC,2026-09-01,480.0,484.0,4395
EBLD91,2026-09-01,1056.1,1087.0,125
APHL,2026-09-01,655.1,678.9,3694
CZBIL,2026-09-01,201.6,194.2,23265
HATHY,2026-09-01,590.0,617.4,15410
NIFRA,2026-09-01,240.0,240.0,50608
CIT,2026-09-01,1652.2,1663.0,7064
NBF3,2026-09-01,9.1,9.12,2100
NICSF,2026-09-01,8.25,8.28,700
HIDCLP,2026-09-01,181.0,179.0,60184
MHNL,2026-09-01,226.9,231.0,7622
SABBL,2026-09-01,845.0,870.0,6134
MBL,2026-09-01,246.0,245.0,56031
AHPC,2026-09-01,247.6,247.5,93971
SGHC,2026-09-01,280.0,285.7,15626
NHPC,2026-09-01,250.0,251.8,151272
NUBL,2026-09-01,571.0,570.0,6741
SAGF,2026-09-01,9.75,9.77,26300
SPHL,2026-09-01,513.0,521.0,15036
TAMOR,2026-09-01,479.9,495.0,185492
UPPER,2026-09-01,189.1,181.8,75163
NICBF,2026-09-01,8.82,8.89,22200
SKHEL,2026-09-01,790.0,790.0,4221
SEF2,2026-09-01,8.73,9.0,7600
JHAPA,2026-09-01,1000.0,1019.0,2665
SGHL,2026-09-01,470.0,481.0,44897
CREST,2026-09-01,1040.0,1038.0,5610
SBCF,2026-09-01,8.9,9.02,7900
JBLB,2026-09-01,1236.1,1250.0,2441
NICAD2091,2026-09-01,1061.2,1061.2,15
NMBUR93/94,2026-09-01,951.6,999.0,770
NLIC,2026-09-01,689.0,693.8,10815
SADBL,2026-09-01,404.0,405.0,15889
KEF,2026-09-01,9.39,9.5,300
SMATA,2026-09-01,675.0,680.0,1119
PCBL,2026-09-01,234.0,235.0,31155
NIBSF2,2026-09-01,8.25,8.49,1400
LUK,2026-09-01,9.15,9.42,230
SLBSL,2026-09-01,883.0,867.0,638
SIFC,2026-09-01,482.0,480.0,4405
USHL,2026-09-01,546.0,514.0,1342
TSHL,2026-09-01,310.0,328.7,4432
SRLI,2026-09-01,351.3,353.0,10317
RLFL,2026-09-01,423.0,419.8,7320
RSY2,2026-09-01,8.89,8.93,5297
NHDL,2026-09-01,619.5,624.5,341
SEF,2026-09-01,9.21,9.45,8765
NFS,2026-09-01,534.9,528.0,4022
SALICO,2026-09-01,512.1,523.0,6505
UMHL,2026-09-01,551.0,560.0,26124
NBLD85,2026-09-01,1025.1,1025.1,25
BFC,2026-09-01,458.9,453.0,12427
SICL,2026-09-01,527.0,528.6,9009
DORDI,2026-09-01,233.1,236.5,21839
AHL,2026-09-01,358.0,373.8,905
LLBS,2026-09-01,903.0,865.0,394
DLBS,2026-09-01,990.0,990.1,265
UNLB,2026-09-01,1200.0,1229.9,1363
SHLB,2026-09-01,1262.0,1256.0,199
SAHAS,2026-09-01,701.0,685.0,82155
CITY,2026-09-01,339.0,340.0,77720
CLI,2026-09-01,412.0,419.0,7586
GWFD83,2026-09-01,1016.3,1016.0,96
SBL,2026-09-01,411.0,407.7,118873
EHPL,2026-09-01,309.0,303.5,7525
SOHL,2026-09-01,640.4,659.0,210674
GSY,2026-09-01,8.5,8.93,3100
HPPL,2026-09-01,367.7,359.0,45731
BBC,2026-09-01,4000.0,4003.0,70
BHCL,2026-09-01,530.0,544.0,24956
DOLTI,2026-09-01,282.0,280.0,13933
CHDC,2026-09-01,2185.0,2150.0,8731
API,2026-09-01,320.0,325.6,119139
SKBBL,2026-09-01,741.0,741.0,4981
BHL,2026-09-01,195.3,197.0,61438
GRDBL,2026-09-01,957.8,950.0,3453
SIPD,2026-09-01,568.0,579.8,8352
MKHL,2026-09-01,461.0,483.0,1070
BJHL,2026-09-01,639.0,649.9,7603
SINDU,2026-09-01,587.3,596.0,12750
EDBL,2026-09-01,569.9,569.9,549
CGH,2026-09-01,760.0,771.9,7760
JOSHI,2026-09-01,252.5,258.5,5021
USLB,2026-09-01,951.0,975.0,712
CSY,2026-09-01,8.01,8.4,82200
PSF,2026-09-01,12.2,12.0,92578
SIGS2,2026-09-01,9.79,9.42,37610
GCIL,2026-09-01,399.2,376.0,67409
NABBC,2026-09-01,740.0,726.9,14172
JSLBB,2026-09-01,910.1,947.9,685
NMBMF,2026-09-01,580.0,589.9,442
HBL,2026-09-01,185.5,186.8,36459
BARUN,2026-09-01,310.0,307.0,18271
SJLIC,2026-09-01,390.0,399.0,13188
EBLD86,2026-09-01,1060.0,1070.0,30
IGI,2026-09-01,365.1,377.9,17217
MANDU,2026-09-01,650.0,657.9,1631
NABIL,2026-09-01,535.0,536.5,25051
GBILD84/85,2026-09-01,1120.0,1120.0,25
GFCL,2026-09-01,562.1,569.8,3621
SMFBS,2026-09-01,1285.0,1355.7,153
PCIL,2026-09-01,646.0,623.2,30235
MEPDL,2026-09-01,616.0,611.9,32574
GMLI,2026-09-01,905.2,948.0,582
BNHC,2026-09-01,254.0,254.9,12582
SHPC,2026-09-01,494.5,497.9,85509
SAPIL,2026-09-01,1250.0,1253.0,51350
MEN,2026-09-01,612.0,618.0,43302
AKJCL,2026-09-01,332.1,342.6,302525
GHL,2026-09-01,220.0,223.0,44935
YMHL,2026-09-01,560.0,569.0,14180
ENL,2026-09-01,775.5,822.0,780
EBLD85,2026-09-01,1146.9,1147.0,129
MLBL,2026-09-01,340.0,341.9,6399
GBIME,2026-09-01,240.0,240.0,80037
SNLI,2026-09-01,382.2,387.6,9077
UPCL,2026-09-01,324.2,330.0,25654
TVCL,2026-09-01,340.0,338.0,18312
BGWT,2026-09-01,480.0,467.0,6554
NABILD2089,2026-09-01,1095.0,1095.0,25
NIMBPO,2026-09-01,138.0,138.4,2411
CKHL,2026-09-01,545.0,551.0,891
CHCL,2026-09-01,350.0,372.0,199747
SMH,2026-09-01,498.0,493.0,4643
SHIVM,2026-09-01,661.0,654.0,207849
MKCL,2026-09-01,820.0,840.0,2495
GUFL,2026-09-01,490.0,499.0,5941
HLI,2026-09-01,290.1,294.0,28792
HBLPO,2026-09-01,102.0,102.0,100
GLBSL,2026-09-01,1628.7,1630.0,876
MKJC,2026-09-01,276.3,284.9,54406
ALICL,2026-09-01,390.2,395.0,13800
GBLBS,2026-09-01,655.0,662.8,755
MLBS,2026-09-01,1000.0,1028.0,142
BNT,2026-09-01,11890.0,11650.0,70
HEI,2026-09-01,450.0,453.0,22009
BHDC,2026-09-01,406.0,409.7,6911
MFIL,2026-09-01,710.0,722.9,12358
MLBSL,2026-09-01,1050.0,1036.1,1955
MSHL,2026-09-01,510.0,520.0,986
HDHPC,2026-09-01,198.0,196.5,84217
AKPL,2026-09-01,240.0,242.5,52815
FMDBL,2026-09-01,720.1,723.0,16955
KMCDB,2026-09-01,782.0,762.1,895
ICFCD89,2026-09-01,1090.0,1101.0,209
LSH12,2026-09-01,8.73,8.86,2000
MBLEF,2026-09-01,8.5,9.0,3330
CHL,2026-09-01,244.0,245.8,9276
BPCL,2026-09-01,625.5,640.0,7413
MABEL,2026-09-01,547.0,557.0,3926
MEL,2026-09-01,195.0,197.0,9080
LBBL,2026-09-01,479.0,468.0,17278
NESDO,2026-09-01,1300.0,1300.0,399
BEDC,2026-09-01,270.0,281.9,12142
MDB,2026-09-01,562.0,555.0,8324
HLBSL,2026-09-01,851.0,859.4,1427
HIMSTAR,2026-09-01,623.0,638.9,3691
KPCL,2026-09-01,446.0,447.1,7696
LEC,2026-09-01,197.6,210.0,60259
KDL,2026-09-01,710.0,720.0,631
RHPL,2026-09-01,174.0,168.7,267473
HDL,2026-09-01,1160.0,1157.9,14685
UMRH,2026-09-01,511.9,509.9,4759
KDBY,2026-09-01,9.75,9.81,10020
SLCF,2026-09-01,9.03,9.1,500
JFL,2026-09-01,368.0,371.0,2514
SFEF,2026-09-01,9.85,9.83,275500
LSL,2026-09-01,217.5,219.0,40394
NMFBS,2026-09-01,1108.0,1100.0,3379
NMB,2026-09-01,247.0,235.8,29655
AVYAN,2026-09-01,976.0,987.1,2521
H8020,2026-09-01,11.7,11.65,31240
PBD85,2026-09-01,1114.9,1114.9,100
SYPNL,2026-09-01,1293.0,1260.1,31283
MBJC,2026-09-01,251.0,257.9,31131
DDBL,2026-09-01,822.0,824.7,2668
GIBF1,2026-09-01,10.39,10.47,30700
CYCL,2026-09-01,1534.3,1528.0,5065
CORBL,2026-09-01,836.5,883.0,15206
PHCL,2026-09-01,288.3,297.0,44782
LICN,2026-09-01,752.0,756.0,4019
KAHL,2026-09-01,465.0,475.0,21230
JBBL,2026-09-01,325.0,324.7,13819
NADEP,2026-09-01,683.0,698.9,3154
GMFBS,2026-09-01,1084.0,1110.0,547
KBSH,2026-09-01,839.0,821.0,11553
SBI,2026-09-01,392.1,398.9,10681
KSY,2026-09-01,8.85,9.1,300
ANLB,2026-09-01,4800.0,4859.0,1476
ILBS,2026-09-01,811.1,836.0,1691
MEHL,2026-09-01,232.9,229.0,42137
NICA,2026-09-01,306.0,308.0,19910
CBBL,2026-09-01,939.2,929.0,11355
SIKLES,2026-09-01,549.0,557.8,4875
KKHC,2026-09-01,266.9,265.2,70361
MCHL,2026-09-01,232.0,247.6,9973
HHL,2026-09-01,311.1,318.0,7869
MPFL,2026-09-01,580.0,583.3,3569
DHPL,2026-09-01,266.9,273.5,7333
SPIL,2026-09-01,571.1,596.0,3717
MHCL,2026-09-01,266.0,280.0,3321
ECL,2026-09-01,1320.0,1317.6,15255
HURJA,2026-09-01,225.9,229.0,34665
HIDCL,2026-09-01,235.1,236.2,92472
HEIP,2026-09-01,308.5,300.1,3080
RIDI,2026-09-01,340.0,347.7,264912
MMKJL,2026-09-01,315.3,346.0,9498
SARBTM,2026-09-01,819.0,800.0,11400
MSLB,2026-09-01,1180.0,1190.0,929
MMF1,2026-09-01,8.97,8.99,12079
GILB,2026-09-01,1085.4,1075.0,1501
MNMF1,2026-09-01,9.05,9.11,2400
KSBBL,2026-09-01,470.2,474.6,40097
HRL,2026-09-01,520.0,516.0,55431
KBL,2026-09-01,221.0,211.0,127006
IHL,2026-09-01,295.0,297.0,5561
GLH,2026-09-01,240.0,242.0,22164
MKHC,2026-09-01,233.0,236.0,9355
GBBL,2026-09-01,418.5,421.0,34024
SANVI,2026-09-01,555.0,558.0,5091
BANDIPUR,2026-09-01,635.0,642.0,16126
SONA,2026-09-01,416.1,407.0,62300
HLI,2026-08-31,301.0,287.0,48460
MHCL,2026-08-31,275.0,274.0,3178
KSY,2026-08-31,8.85,8.85,1500
DORDI,2026-08-31,242.0,236.1,21125
RAWA,2026-08-31,427.5,397.5,5545
SWMF,2026-08-31,578.5,580.0,1379
SLCF,2026-08-31,9.1,9.01,300
HURJA,2026-08-31,231.0,226.0,45909
HPPL,2026-08-31,372.2,358.0,51754
MPFL,2026-08-31,595.0,586.0,3609
BOKD86,2026-08-31,1078.0,1053.1,50
ALICL,2026-08-31,391.2,393.9,9322
SINDU,2026-08-31,602.9,587.3,5867
HHL,2026-08-31,323.0,317.0,15130
SIGS3,2026-08-31,10.67,9.91,52730
KHPL,2026-08-31,750.0,741.0,3933
KKHC,2026-08-31,266.1,263.3,76177
HDHPC,2026-08-31,200.0,195.5,111889
NBL,2026-08-31,272.0,270.0,52568
EDBL,2026-08-31,566.2,563.1,2535
UMHL,2026-08-31,550.1,558.0,93138
ILI,2026-08-31,403.0,399.0,11181
RBBF40,2026-08-31,9.48,8.98,200
AVYAN,2026-08-31,1004.0,1000.0,3542
JBLB,2026-08-31,1245.0,1239.0,2045
NABILD2089,2026-08-31,1050.0,1100.0,5558
IGI,2026-08-31,398.9,374.0,21350
MAKAR,2026-08-31,402.0,390.2,55437
KEF,2026-08-31,9.8,9.5,10492
KDL,2026-08-31,720.0,715.0,2197
UPPER,2026-08-31,184.0,181.2,78180
SGHL,2026-08-31,494.0,471.2,60004
SMPDA,2026-08-31,735.0,729.0,1161
MFIL,2026-08-31,705.0,723.9,12622
GVL,2026-08-31,467.2,472.0,15776
EBLD85,2026-08-31,1140.0,1140.9,50
MBJC,2026-08-31,255.0,256.9,50127
SPDL,2026-08-31,359.8,349.7,32622
NADEP,2026-08-31,692.6,704.0,172
SBL,2026-08-31,407.0,411.0,47057
UNL,2026-08-31,46300.0,46200.0,20
NSY,2026-08-31,9.1,9.3,3600
PSF,2026-08-31,12.22,11.91,4750
ULHC,2026-08-31,300.0,287.1,10586
NYADI,2026-08-31,340.1,343.8,6849
SAIL,2026-08-31,962.0,985.0,17724
PURE,2026-08-31,746.1,775.0,6232
MKCL,2026-08-31,867.0,820.0,3930
RNLI,2026-08-31,415.0,408.0,17767
SANVI,2026-08-31,570.0,560.0,3669
NICGF2,2026-08-31,8.6,8.7,3600
PRIN,2026-08-31,583.0,573.2,7325
RHPL,2026-08-31,183.0,165.9,379967
SAHAS,2026-08-31,682.0,670.9,126626
RSY,2026-08-31,9.51,9.61,800
SABBL,2026-08-31,852.1,860.0,10333
PCIL,2026-08-31,621.0,646.0,105652
RURU,2026-08-31,570.1,572.1,656
TVCL,2026-08-31,345.0,344.0,26131
PROFL,2026-08-31,385.0,375.1,3775
MDB,2026-08-31,551.0,554.0,8615
MKHL,2026-08-31,474.2,471.6,1887
SBID89,2026-08-31,1130.0,1130.0,25
SGIC,2026-08-31,400.1,378.0,21974
SAGF,2026-08-31,9.85,9.75,176364
NICD88,2026-08-31,1067.0,1067.0,25
MHL,2026-08-31,450.0,447.0,3670
SBI,2026-08-31,415.0,398.7,10366
PRVU,2026-08-31,169.7,175.5,88370
PMLI,2026-08-31,405.0,400.1,2485
NSIF2,2026-08-31,10.08,9.8,4100
SAPIL,2026-08-31,1464.5,1276.0,115467
SRLI,2026-08-31,357.3,354.7,20451
DDBL,2026-08-31,830.0,822.1,3443
SWBBL,2026-08-31,658.1,663.9,4323
MKJC,2026-08-31,320.0,276.3,106702
RBCLPO,2026-08-31,10867.0,10900.0,60
PHCL,2026-08-31,293.4,292.0,62526
SADBL,2026-08-31,405.0,403.7,13115
NIFRA,2026-08-31,240.0,240.1,76713
SLBBL,2026-08-31,772.1,779.0,1128
NRM,2026-08-31,285.0,280.0,5610
NLIC,2026-08-31,690.0,685.9,18184
BHDC,2026-08-31,417.0,406.0,13062
NTC,2026-08-31,874.0,870.0,4811
PCBL,2026-08-31,235.0,233.5,33319
SFEF,2026-08-31,9.65,9.85,300400
BJHL,2026-08-31,645.1,639.0,6320
NFS,2026-08-31,535.0,525.0,5886
NESDO,2026-08-31,1310.0,1300.0,550
SONA,2026-08-31,415.0,416.9,188835
NWCL,2026-08-31,598.0,581.0,1722
SPL,2026-08-31,621.7,619.9,1204
H8020,2026-08-31,11.7,11.7,42830
LSL,2026-08-31,217.0,217.1,63898
SLBSL,2026-08-31,880.0,882.5,85
NIMB,2026-08-31,190.0,182.7,71528
PBLD87,2026-08-31,1100.0,1100.0,10
CREST,2026-08-31,1100.0,1044.0,6811
GBLBS,2026-08-31,660.0,660.0,2351
BHPL,2026-08-31,450.0,433.0,6093
PPCL,2026-08-31,317.1,325.9,18337
SIKLES,2026-08-31,565.0,553.1,2868
ACLBSL,2026-08-31,900.0,892.4,650
CYCL,2026-08-31,1620.0,1615.0,10510
MCHL,2026-08-31,246.4,238.8,9868
GHL,2026-08-31,225.0,220.0,78097
OHL,2026-08-31,605.0,595.1,1985
HFIN,2026-08-31,625.0,612.0,15409
TRH,2026-08-31,796.0,790.0,26643
SHIVM,2026-08-31,665.0,664.0,397552
SMB,2026-08-31,1710.0,1722.0,525
WNLB,2026-08-31,1110.0,1012.0,1905
SARBTM,2026-08-31,799.9,813.9,34470
NIBLSTF,2026-08-31,8.16,8.18,400
UPCL,2026-08-31,325.2,324.0,68824
NUBL,2026-08-31,574.0,571.0,1706
NMBHF2,2026-08-31,8.36,8.5,2300
NHDL,2026-08-31,615.0,619.5,2492
SANIMA,2026-08-31,359.0,359.0,166345
NMBUR93/94,2026-08-31,986.0,981.0,100
SSHL,2026-08-31,192.0,188.0,80406
CKHL,2026-08-31,558.0,553.1,200
JBBL,2026-08-31,327.0,325.0,24411
MBL,2026-08-31,250.0,245.0,62567
SNORL,2026-08-31,860.1,850.1,11040
SGHC,2026-08-31,290.0,285.0,16888
LBLD86,2026-08-31,1097.0,1085.0,100
SHPC,2026-08-31,498.0,495.0,50020
SKBBL,2026-08-31,740.2,741.6,6986
SBLD83,2026-08-31,1020.0,1000.0,115
SAPDBL,2026-08-31,715.0,705.9,7498
SAEF2,2026-08-31,8.87,9.0,4700
VLBS,2026-08-31,615.0,607.9,2289
UNHPL,2026-08-31,345.0,349.8,19119
HATHY,2026-08-31,620.0,600.0,10350
SOPL,2026-08-31,758.0,736.0,19391
STC,2026-08-31,5200.0,5168.0,265
SNLI,2026-08-31,380.0,387.6,10890
TPKHL,2026-08-31,490.1,488.0,18884
UMRH,2026-08-31,505.1,514.9,4276
BGWT,2026-08-31,505.0,493.0,2067
TSHL,2026-08-31,336.0,325.0,3321
MATRI,2026-08-31,741.0,726.0,365
GBILD84/85,2026-08-31,1150.0,1150.0,10
SMJC,2026-08-31,411.2,400.0,15436
AKJCL,2026-08-31,343.0,336.9,136000
BUNGAL,2026-08-31,540.0,510.1,20729
JBBD87,2026-08-31,1133.0,1133.0,25
KBSH,2026-08-31,924.0,839.0,9031
BARUN,2026-08-31,312.0,309.0,28623
DHPL,2026-08-31,272.0,269.8,4193
AKPL,2026-08-31,238.0,241.0,83964
GRDBL,2026-08-31,961.0,978.9,2639
FOWAD,2026-08-31,878.0,859.0,3569
NBF2,2026-08-31,9.72,9.72,1750
BFC,2026-08-31,465.0,448.5,15468
DLBS,2026-08-31,985.0,990.0,168
SPHL,2026-08-31,510.0,540.0,8262
SMATA,2026-08-31,680.0,675.0,2353
GMLI,2026-08-31,950.0,933.0,828
NABBC,2026-08-31,741.0,743.9,8953
USHL,2026-08-31,520.0,520.0,412
SJLIC,2026-08-31,400.0,390.2,12818
NABIL,2026-08-31,540.0,535.2,43318
SALICO,2026-08-31,548.0,521.6,22540
MLBSL,2026-08-31,1128.0,1050.0,2828
PPL,2026-08-31,293.0,295.0,24282
NIL,2026-08-31,540.1,516.0,13941
VLUCL,2026-08-31,373.0,368.0,2695
OMPL,2026-08-31,860.0,855.0,2399
SHINE,2026-08-31,404.0,407.0,19306
SKHL,2026-08-31,730.0,709.1,12937
NRIC,2026-08-31,851.0,793.0,55459
UNLB,2026-08-31,1277.0,1233.9,1017
KBLD89,2026-08-31,1250.0,1250.0,30
RADHI,2026-08-31,680.4,674.0,42630
SHL,2026-08-31,511.0,497.1,12590
SPC,2026-08-31,408.8,382.0,9991
SEF2,2026-08-31,8.9,9.0,7800
RSY2,2026-08-31,8.9,9.0,37750
SMFBS,2026-08-31,1305.0,1319.0,122
DHEL,2026-08-31,547.1,543.0,8446
SAGAR,2026-08-31,1501.0,1476.0,6205
NMLBBL,2026-08-31,485.0,477.0,3251
AHL,2026-08-31,380.0,369.0,1613
ULBSL,2026-08-31,2310.0,2725.0,1952
IHL,2026-08-31,291.0,295.0,4452
ICFC,2026-08-31,580.5,580.5,3428
PBD88,2026-08-31,1170.0,1170.0,25
GFCL,2026-08-31,563.3,569.0,8718
RMF1,2026-08-31,9.25,9.3,1900
PRSF,2026-08-31,12.78,12.7,53194
SEF,2026-08-31,9.47,9.21,5700
NBF3,2026-08-31,9.11,9.35,13150
SWASTIK,2026-08-31,1850.0,1859.9,666
GILB,2026-08-31,1083.0,1070.0,6100
SBCF,2026-08-31,9.01,8.73,9556
RSDC,2026-08-31,611.0,610.0,1674
NICA,2026-08-31,308.0,306.0,42554
SFMF,2026-08-31,9.61,9.61,100
NICFC,2026-08-31,8.88,8.78,1100
SPIL,2026-08-31,611.1,588.0,15057
SYPNL,2026-08-31,1244.3,1293.0,85617
FMDBL,2026-08-31,715.5,720.0,6866
MHNL,2026-08-31,236.0,233.9,8450
GBBD85,2026-08-31,1054.0,1058.0,50
JOSHI,2026-08-31,256.1,255.0,10141
MLBBL,2026-08-31,937.0,915.0,4090
KPCL,2026-08-31,448.0,448.0,7654
C30MF,2026-08-31,9.75,9.95,1550
BNT,2026-08-31,11551.0,11570.0,50
HLICF,2026-08-31,8.3,8.5,6673
CBBL,2026-08-31,932.0,921.0,10679
CHDC,2026-08-31,2170.0,2144.9,6712
RMF2,2026-08-31,9.78,9.76,55695
SHLB,2026-08-31,1285.0,1262.5,380
LUK,2026-08-31,9.35,9.12,29400
MEHL,2026-08-31,230.1,234.9,82844
BHCL,2026-08-31,528.0,545.0,47279
ALBSL,2026-08-31,1071.0,1084.0,1215
DOLTI,2026-08-31,285.0,282.0,21538
CZBIL,2026-08-31,192.2,192.0,16973
GLH,2026-08-31,247.5,241.4,33674
SIGS2,2026-08-31,10.27,9.9,59830
SCB,2026-08-31,650.0,642.3,10921
NICLBSL,2026-08-31,531.0,519.0,5419
NLG,2026-08-31,516.0,483.9,12920
CSY,2026-08-31,8.3,8.21,58830
KMCDB,2026-08-31,762.0,767.0,2055
HIDCLP,2026-08-31,181.4,179.0,48073
JHAPA,2026-08-31,1010.0,1001.3,2291
EBLD91,2026-08-31,1058.0,1066.0,75
CIZBD86,2026-08-31,1214.0,1177.6,100
GLBSL,2026-08-31,1670.0,1679.0,71
BANDIPUR,2026-08-31,657.0,638.9,28076
LBBL,2026-08-31,473.0,467.7,17234
BPCL,2026-08-31,635.0,627.0,20854
MMF1,2026-08-31,8.5,8.96,4879
ADBL,2026-08-31,305.0,295.5,16748
CORBL,2026-08-31,900.0,880.5,12108
NGPL,2026-08-31,395.0,390.0,97306
EHPL,2026-08-31,329.5,300.0,13035
KBL,2026-08-31,210.0,211.0,178540
USHEC,2026-08-31,490.0,481.3,6455
API,2026-08-31,325.9,322.2,132043
ENL,2026-08-31,765.0,784.0,730
NICL,2026-08-31,432.0,416.9,30964
MFLD85,2026-08-31,1105.0,1105.0,90
RBCL,2026-08-31,13470.0,13388.0,225
SIFC,2026-08-31,485.0,482.4,4637
GCIL,2026-08-31,375.0,398.0,173367
LEC,2026-08-31,213.0,208.0,75287
NICAD2091,2026-08-31,1062.9,1094.0,2119
BBC,2026-08-31,4067.9,4000.0,668
UAIL,2026-08-31,380.0,371.3,19219
BNHC,2026-08-31,255.0,252.0,20722
SKHEL,2026-08-31,877.0,815.0,7026
SICL,2026-08-31,545.0,527.1,14180
SOHL,2026-08-31,660.0,648.0,75473
JFL,2026-08-31,374.0,372.0,2323
GSY,2026-08-31,8.89,8.92,8900
CITY,2026-08-31,329.7,339.0,59505
YMHL,2026-08-31,575.0,571.0,12681
APHL,2026-08-31,674.5,670.6,11133
SMHL,2026-08-31,525.0,525.0,92542
GWFD83,2026-08-31,1027.0,1016.2,400
MNBBL,2026-08-31,353.2,353.0,23052
HIDCL,2026-08-31,240.0,236.8,45104
KAHL,2026-08-31,502.5,476.0,24009
HLBSL,2026-08-31,849.0,850.0,426
NHPC,2026-08-31,254.0,248.0,129856
SJCL,2026-08-31,227.0,231.1,37981
MKHC,2026-08-31,244.9,233.0,14448
GBBL,2026-08-31,422.0,420.1,13793
PMHPL,2026-08-31,295.0,295.0,6205
CHL,2026-08-31,258.4,244.0,47208
TPC,2026-08-31,345.0,344.0,7928
TAMOR,2026-08-31,477.5,480.0,91097
CIT,2026-08-31,1670.1,1652.2,5288
BHL,2026-08-31,200.0,195.3,76883
ILBS,2026-08-31,820.0,834.9,756
GBIME,2026-08-31,242.0,240.0,85641
LSH12,2026-08-31,9.11,9.0,5850
LICN,2026-08-31,756.0,752.1,13018
ECL,2026-08-31,1400.0,1320.0,19251
NIBSF2,2026-08-31,8.41,8.5,2980
NMBMF,2026-08-31,590.0,589.0,2365
KDBY,2026-08-31,9.68,9.8,16925
MEN,2026-08-31,618.0,614.4,72186
RSML,2026-08-31,2770.0,2724.0,44684
UHEWA,2026-08-31,600.0,590.0,23268
MMKJL,2026-08-31,340.0,322.9,19330
RHGCL,2026-08-31,246.1,242.0,15523
MSLB,2026-08-31,1191.0,1200.0,390
HEI,2026-08-31,488.0,459.0,17668
GBIMESY2,2026-08-31,9.0,8.92,2300
CFCL,2026-08-31,560.0,580.0,45402
GUFL,2026-08-31,494.0,495.0,11606
MABEL,2026-08-31,553.1,553.3,5017
JSLBB,2026-08-31,933.0,933.0,10
MBLEF,2026-08-31,9.5,8.5,73543
MANDU,2026-08-31,681.0,635.0,3851
MSHL,2026-08-31,530.0,510.3,1760
NMIC,2026-08-31,800.0,790.0,4801
HIMSTAR,2026-08-31,650.0,640.0,4645
RLFL,2026-08-31,434.9,414.9,13700
GIBF1,2026-08-31,10.62,10.6,1500
GMFIL,2026-08-31,415.0,410.0,3496
USLB,2026-08-31,950.0,951.0,1314
MLBS,2026-08-31,990.0,1000.0,140
RBBD2088,2026-08-31,1081.4,1050.4,1626
RIDI,2026-08-31,343.0,339.5,214321
BEDC,2026-08-31,285.0,278.0,23583
SIPD,2026-08-31,582.0,581.0,11039
NICBF,2026-08-31,8.82,8.82,100
KBLD86,2026-08-31,1110.0,1110.0,300
RLEL,2026-08-31,801.8,790.0,9255
NRN,2026-08-31,1351.0,1339.0,18536
CHCL,2026-08-31,395.0,362.5,326757
NIBLGF,2026-08-31,8.5,8.32,900
NMFBS,2026-08-31,1105.2,1108.0,1645
GMFBS,2026-08-31,1131.0,1114.0,315
KSBBL,2026-08-31,474.0,474.0,22039
MEL,2026-08-31,197.1,195.0,17134
CGH,2026-08-31,761.0,763.1,5167
MEPDL,2026-08-31,675.0,630.0,34393
RFPL,2026-08-31,321.1,322.0,29050
NMB,2026-08-31,236.0,235.3,44597
MNMF1,2026-08-31,9.03,9.1,59500
SMH,2026-08-31,491.0,490.0,8607
EBL,2026-08-31,726.0,711.9,47912
TTL,2026-08-31,685.0,670.2,8539
HEIP,2026-08-31,304.0,318.0,2010
ICFCD88,2026-08-31,1091.2,1091.1,25
ANLB,2026-08-31,4800.0,4944.0,1294
NICSF,2026-08-31,8.43,8.2,8100
MERO,2026-08-31,600.3,601.0,1662
NLICL,2026-08-31,555.0,538.4,12662
CLI,2026-08-31,415.0,412.3,6700
MLBL,2026-08-31,340.0,340.0,18802
HBL,2026-08-31,187.0,186.8,43451
HRL,2026-08-31,537.4,515.0,95707
AHPC,2026-08-31,251.0,247.5,57393
LLBS,2026-08-31,855.6,860.0,148
HDL,2026-08-31,1169.0,1157.0,18704
SHEL,2026-08-31,290.0,289.0,52408
HIDCL,2026-08-27,238.5,242.0,87588
MKCL,2026-08-27,860.5,870.0,2553
MHL,2026-08-27,437.0,458.8,2338
CIT,2026-08-27,1660.0,1670.0,5804
BJHL,2026-08-27,666.0,665.0,8596
HURJA,2026-08-27,225.0,230.0,41082
SICL,2026-08-27,567.0,559.0,27524
GRDBL,2026-08-27,947.0,984.0,1436
SALICOPO,2026-08-27,270.0,270.0,16696
JHAPA,2026-08-27,1000.0,1013.0,4079
MNMF1,2026-08-27,9.26,9.3,26000
EHPL,2026-08-27,321.0,313.9,21982
GBILD84/85,2026-08-27,1130.0,1130.0,25
SMH,2026-08-27,495.0,500.0,8984
SHPC,2026-08-27,490.0,502.0,54573
RBCLPO,2026-08-27,11100.0,11200.0,20
SSHL,2026-08-27,192.0,194.0,101350
AKPL,2026-08-27,238.0,244.0,73271
RURU,2026-08-27,575.1,585.0,1455
ECL,2026-08-27,1443.1,1400.0,13789
TRH,2026-08-27,800.0,818.0,3953
MKHL,2026-08-27,476.0,486.5,1805
HRL,2026-08-27,535.0,537.4,72553
SBID83,2026-08-27,1060.0,1060.0,25
MKJC,2026-08-27,334.7,325.0,78815
MSHL,2026-08-27,544.0,546.0,623
PSF,2026-08-27,11.82,12.17,620100
OMPL,2026-08-27,860.0,872.0,1392
SNORL,2026-08-27,865.2,866.0,7877
USHL,2026-08-27,551.2,533.7,2261
PPL,2026-08-27,301.1,308.0,16069
YMHL,2026-08-27,575.0,593.9,9782
LSL,2026-08-27,213.1,217.0,26219
DLBS,2026-08-27,1003.0,1007.1,513
KBSH,2026-08-27,880.0,880.0,6681
HDHPC,2026-08-27,199.9,202.0,72503
SHLB,2026-08-27,1310.0,1323.9,700
UPCL,2026-08-27,322.1,333.0,15766
PRSF,2026-08-27,12.54,12.75,22600
NWCL,2026-08-27,601.2,603.0,2066
CHCL,2026-08-27,405.7,405.0,407762
HPPL,2026-08-27,366.2,369.0,92389
SJLIC,2026-08-27,398.0,402.8,10237
DOLTI,2026-08-27,288.0,291.6,33990
NIBLGF,2026-08-27,8.5,8.54,1400
NABIL,2026-08-27,535.0,540.2,36950
JOSHI,2026-08-27,248.0,259.8,18387
KSY,2026-08-27,8.92,8.92,500
KBLD89,2026-08-27,1250.0,1250.0,25
GBIME,2026-08-27,241.1,242.0,236991
CBLD88,2026-08-27,1155.0,1155.0,15
SGHC,2026-08-27,287.0,290.0,18639
SALICO,2026-08-27,565.0,553.0,7686
NIBSF2,2026-08-27,8.5,8.5,200
KDBY,2026-08-27,9.93,9.75,43690
LBLD88,2026-08-27,1122.0,1122.0,5
UHEWA,2026-08-27,633.7,604.0,35926
ICFC,2026-08-27,577.0,590.0,4898
SAPDBL,2026-08-27,673.2,720.0,26834
STC,2026-08-27,5168.0,5170.0,256
PCIL,2026-08-27,576.4,621.0,67638
HIDCLP,2026-08-27,180.1,181.4,48874
NICLBSL,2026-08-27,512.0,528.0,3053
UAIL,2026-08-27,395.0,388.8,14724
TAMOR,2026-08-27,472.7,482.0,123358
SANIMA,2026-08-27,365.0,369.0,95391
SPIL,2026-08-27,625.0,625.0,8797
GIBF1,2026-08-27,10.61,10.62,1700
SINDU,2026-08-27,592.5,613.9,8787
GMLI,2026-08-27,947.7,958.4,722
IGI,2026-08-27,391.0,392.9,16845
BHPL,2026-08-27,446.0,458.0,1928
UNL,2026-08-27,47200.0,47200.0,10
LICN,2026-08-27,755.0,761.5,10475
UMHL,2026-08-27,563.0,559.9,19324
SLBBLP,2026-08-27,443.0,443.0,10913
SMJC,2026-08-27,411.0,419.0,7841
SIFC,2026-08-27,480.0,485.1,4744
SOHL,2026-08-27,655.4,660.0,160615
DHPL,2026-08-27,265.1,274.5,4139
SMPDA,2026-08-27,712.1,740.0,898
NSY,2026-08-27,9.3,9.2,3300
HLI,2026-08-27,301.0,300.0,34374
MCHL,2026-08-27,256.0,254.0,7893
CZBIL,2026-08-27,192.2,194.8,40593
CREST,2026-08-27,1083.5,1074.1,5051
NBF3,2026-08-27,9.5,9.34,13100
KBL,2026-08-27,212.0,212.0,230009
MLBL,2026-08-27,336.6,347.8,20729
SRLIP,2026-08-27,197.6,197.6,910
NIMBPO,2026-08-27,141.7,141.9,6718
SWASTIK,2026-08-27,1901.1,1904.0,473
MERO,2026-08-27,601.0,616.9,2755
PRIN,2026-08-27,595.0,599.6,6616
NMIC,2026-08-27,830.0,821.0,6752
RFPL,2026-08-27,322.0,330.0,16059
SKHL,2026-08-27,740.1,750.3,10744
PCBL,2026-08-27,237.0,235.5,23140
BGWT,2026-08-27,475.3,513.0,1568
RBCL,2026-08-27,13400.0,13802.0,20
JBLB,2026-08-27,1238.0,1249.2,2963
NLIC,2026-08-27,700.0,690.3,12855
NLICL,2026-08-27,553.1,566.9,5126
MPFL,2026-08-27,583.3,597.6,7085
SWBBL,2026-08-27,690.0,668.0,4617
UMRH,2026-08-27,507.0,519.7,1535
MNBBL,2026-08-27,353.3,357.0,14896
GILB,2026-08-27,1045.1,1089.5,917
MBL,2026-08-27,245.0,248.0,27224
KEF,2026-08-27,9.4,9.68,4300
IHL,2026-08-27,300.0,300.0,7597
MDB,2026-08-27,555.2,557.0,9161
NLG,2026-08-27,515.1,516.0,12499
SIKLES,2026-08-27,547.0,565.0,12776
HEIP,2026-08-27,328.6,309.3,5010
NICBF,2026-08-27,9.04,9.04,100
SBCF,2026-08-27,9.48,9.27,4400
GMFBS,2026-08-27,1110.0,1146.0,1466
SKHEL,2026-08-27,858.7,877.0,5023
SLBBL,2026-08-27,787.0,790.0,1465
LEC,2026-08-27,205.0,213.0,94705
BBC,2026-08-27,4001.0,4050.0,423
NGPL,2026-08-27,390.1,398.0,102967
SHIVM,2026-08-27,624.0,650.0,335852
LBBL,2026-08-27,462.3,473.0,10037
CITY,2026-08-27,344.0,347.0,44664
HBL,2026-08-27,189.0,188.7,43589
SFEF,2026-08-27,9.5,9.65,51836
GBIMESY2,2026-08-27,8.89,8.89,400
SPL,2026-08-27,665.0,640.9,1595
KAHL,2026-08-27,480.0,502.5,26809
NUBL,2026-08-27,568.1,574.0,3191
TPC,2026-08-27,340.1,350.0,13402
GLH,2026-08-27,242.0,247.5,47653
TPKHL,2026-08-27,500.0,509.0,23278
HLBSL,2026-08-27,859.9,850.0,1520
RAWA,2026-08-27,425.2,407.2,18698
PPCL,2026-08-27,321.0,326.9,11377
ALICL,2026-08-27,393.1,402.3,9411
EBL,2026-08-27,734.0,729.5,16639
MAKAR,2026-08-27,420.0,401.0,176382
KMCDB,2026-08-27,763.0,774.6,382
HBLD86,2026-08-27,1112.4,1112.4,25
GSY,2026-08-27,9.15,8.95,55000
SGHL,2026-08-27,485.0,493.8,62868
CHL,2026-08-27,255.0,258.4,13267
NHPC,2026-08-27,250.0,254.6,188666
EDBL,2026-08-27,565.0,566.0,4709
SIGS3,2026-08-27,10.6,10.99,1300
GCIL,2026-08-27,343.0,370.0,149484
MHNL,2026-08-27,230.7,238.8,15056
ADBL,2026-08-27,295.0,299.0,47003
MHCL,2026-08-27,273.6,275.0,4283
SMHL,2026-08-27,518.0,525.0,76086
USHEC,2026-08-27,483.0,496.0,699
RHGCL,2026-08-27,241.1,249.0,13851
SAEF2,2026-08-27,8.93,9.05,5400
NADEP,2026-08-27,688.7,714.0,662
DHEL,2026-08-27,550.0,564.0,15783
SBI,2026-08-27,403.0,400.0,413584
MEL,2026-08-27,198.0,201.9,10526
ILI,2026-08-27,400.0,403.2,6097
SABBL,2026-08-27,870.0,870.0,8221
BPCL,2026-08-27,630.0,640.0,8262
RBBD2088,2026-08-27,1042.0,1050.0,50
CHDC,2026-08-27,2161.0,2183.0,6452
HLICF,2026-08-27,8.2,8.28,2600
KSBBL,2026-08-27,470.0,474.0,25087
RSDC,2026-08-27,613.0,611.2,1229
MMKJL,2026-08-27,363.8,345.0,21103
BFC,2026-08-27,445.0,459.7,17454
SBID89,2026-08-27,1130.0,1130.0,500
DORDI,2026-08-27,235.0,242.0,55038
HHL,2026-08-27,320.0,326.8,9662
DDBL,2026-08-27,819.0,835.0,3078
RSY,2026-08-27,9.9,9.44,11800
SBD89,2026-08-27,1190.0,1190.0,25
LLBS,2026-08-27,895.0,882.0,97
HATHY,2026-08-27,606.0,625.5,10850
MMF1,2026-08-27,9.15,8.7,9800
NHDL,2026-08-27,616.0,623.0,727
SOPL,2026-08-27,717.0,758.0,35623
CFCL,2026-08-27,570.0,585.7,32748
BHDC,2026-08-27,415.1,420.0,15954
BNHC,2026-08-27,262.0,263.6,16010
ICFCD89,2026-08-27,1100.0,1086.1,100
VLBS,2026-08-27,610.2,620.0,1533
SPHL,2026-08-27,512.0,523.0,2683
SHEL,2026-08-27,288.1,292.6,70837
SEF2,2026-08-27,8.85,9.1,10100
RLFL,2026-08-27,437.0,430.0,16321
SKBBL,2026-08-27,740.0,742.5,2334
USLB,2026-08-27,945.0,970.0,2224
HEI,2026-08-27,491.0,489.9,30286
SCB,2026-08-27,644.0,645.0,8398
BANDIPUR,2026-08-27,636.0,657.0,13563
NIL,2026-08-27,556.0,549.9,13763
SEF,2026-08-27,9.29,9.2,220868
PURE,2026-08-27,759.0,768.0,5411
ENL,2026-08-27,808.9,764.0,2398
SMATA,2026-08-27,685.1,695.0,2766
MEN,2026-08-27,606.0,618.0,68663
AKJCL,2026-08-27,322.0,343.0,340803
MANDU,2026-08-27,712.0,700.1,741
SMB,2026-08-27,1702.0,1745.0,633
BNL,2026-08-27,14405.0,14405.0,10
GBBL,2026-08-27,418.0,422.0,24151
NBL,2026-08-27,271.0,272.3,85643
GHL,2026-08-27,230.0,226.9,81589
RBBF40,2026-08-27,9.45,9.25,259200
BEDC,2026-08-27,285.0,289.0,12811
NMBUR93/94,2026-08-27,963.0,990.0,35
CSY,2026-08-27,8.37,8.5,5493
MKHC,2026-08-27,243.0,246.9,13055
BUNGAL,2026-08-27,545.0,542.9,19450
AHPC,2026-08-27,250.0,252.7,76204
LUK,2026-08-27,9.55,9.57,300
NICL,2026-08-27,450.0,442.2,22351
SIPD,2026-08-27,570.0,596.0,13150
SHINE,2026-08-27,405.0,408.0,7983
ACLBSL,2026-08-27,880.0,900.0,389
UNLB,2026-08-27,1279.0,1240.0,111
NICAD2091,2026-08-27,1030.0,1032.0,50
CIZBD90,2026-08-27,1225.0,1225.0,30
PMLI,2026-08-27,402.5,409.9,3000
HFIN,2026-08-27,602.0,628.0,18504
VLUCL,2026-08-27,368.0,383.5,4663
BOKD86KA,2026-08-27,1096.5,1096.5,25
RLEL,2026-08-27,810.4,844.0,17401
NTC,2026-08-27,875.0,875.0,4323
NIMB,2026-08-27,183.0,185.0,86645
NMLBBL,2026-08-27,490.0,490.0,6588
GUFL,2026-08-27,525.0,494.0,13618
NESDO,2026-08-27,1330.0,1345.0,1126
H8020,2026-08-27,11.95,11.74,14670
SNLI,2026-08-27,376.0,390.0,9361
EBLD85,2026-08-27,1110.0,1110.0,25
NRIC,2026-08-27,865.0,851.0,18548
SLBSL,2026-08-27,862.4,877.0,615
NYADI,2026-08-27,337.3,350.0,3951
AVYAN,2026-08-27,1000.0,1017.6,2454
RADHI,2026-08-27,680.0,685.0,60072
MATRI,2026-08-27,775.0,760.0,1550
SANVI,2026-08-27,555.0,579.0,13434
KDL,2026-08-27,711.0,731.1,1796
SARBTM,2026-08-27,795.6,793.0,46652
NICSF,2026-08-27,8.6,8.48,6400
APHL,2026-08-27,660.2,689.0,10791
BHL,2026-08-27,198.5,199.7,129021
PHCL,2026-08-27,295.0,297.6,32761
NIBLSTF,2026-08-27,8.41,8.41,5650
GVL,2026-08-27,461.0,476.2,7835
NBF2,2026-08-27,9.71,9.72,1100
ANLB,2026-08-27,4800.0,4920.0,1103
SPC,2026-08-27,390.0,397.0,7096
OHL,2026-08-27,602.0,620.0,2612
NCCD86,2026-08-27,1118.0,1118.0,150
SYPNL,2026-08-27,1220.0,1244.3,43645
MABEL,2026-08-27,558.0,567.3,5846
NRN,2026-08-27,1376.9,1349.5,32407
JFL,2026-08-27,367.2,384.8,1773
SBL,2026-08-27,404.3,411.0,58300
BARUN,2026-08-27,307.2,313.9,32387
BNT,2026-08-27,11510.0,11550.1,36
NICA,2026-08-27,306.0,308.1,36729
ULBSL,2026-08-27,2500.0,2408.0,1385
SWMF,2026-08-27,580.0,587.0,2162
CYCL,2026-08-27,1528.6,1612.0,14132
CLI,2026-08-27,412.5,417.1,4575
MFIL,2026-08-27,700.0,735.0,28866
RMF2,2026-08-27,9.76,9.76,100
PRVU,2026-08-27,175.0,178.6,115369
TTL,2026-08-27,690.0,690.0,7942
PMHPL,2026-08-27,300.0,300.0,7634
GMFIL,2026-08-27,410.9,418.9,9007
JSLBB,2026-08-27,942.0,960.0,137
MBLEF,2026-08-27,9.58,9.51,21300
PROFL,2026-08-27,371.0,384.0,8472
SRLI,2026-08-27,352.1,357.3,12826
TVCL,2026-08-27,380.0,354.0,35333
MLBS,2026-08-27,1010.0,1020.0,180
CORBL,2026-08-27,864.5,902.2,20583
HIMSTAR,2026-08-27,655.0,659.9,4618
RMF1,2026-08-27,9.21,9.3,500
NABBC,2026-08-27,758.0,751.2,8720
MBJC,2026-08-27,251.0,257.1,46949
BHCL,2026-08-27,525.2,555.0,104157
SGIC,2026-08-27,411.0,400.1,25209
C30MF,2026-08-27,9.7,9.76,200
CBBL,2026-08-27,930.0,932.0,5994
API,2026-08-27,325.0,325.9,177092
JBBL,2026-08-27,326.4,331.9,30488
KPCL,2026-08-27,445.1,454.0,3208
SAHAS,2026-08-27,675.0,682.0,94363
UNHPL,2026-08-27,355.0,358.0,8745
NIFRA,2026-08-27,238.0,239.0,54380
MSLB,2026-08-27,1224.0,1214.0,216
SJCL,2026-08-27,220.4,227.0,115395
SPDL,2026-08-27,345.4,353.0,23695
SMFBS,2026-08-27,1390.0,1369.0,425
NICGF2,2026-08-27,8.63,8.69,400
CKHL,2026-08-27,561.0,575.0,210
NFS,2026-08-27,530.0,536.9,4113
NMBHF2,2026-08-27,8.6,8.6,500
NRM,2026-08-27,285.4,288.5,3975
SAGF,2026-08-27,9.81,9.85,10250
FOWAD,2026-08-27,865.2,878.0,3029
NSIF2,2026-08-27,10.0,9.94,18100
AHL,2026-08-27,384.0,390.0,2010
GFCL,2026-08-27,558.0,570.0,4172
MLBBL,2026-08-27,930.0,943.0,2637
SIGS2,2026-08-27,10.5,10.27,1870
KHPL,2026-08-27,779.0,760.0,8615
SAPIL,2026-08-27,1273.5,1394.8,4690
SAGAR,2026-08-27,1485.0,1522.0,3430
SONA,2026-08-27,387.0,408.0,154353
SLCF,2026-08-27,9.1,9.1,250
CGH,2026-08-27,761.0,770.0,6632
NMFBS,2026-08-27,1082.0,1105.2,978
SAIL,2026-08-27,968.0,970.1,18103
MEHL,2026-08-27,220.0,234.6,51237
KKHC,2026-08-27,280.2,269.0,125700
UPPER,2026-08-27,184.5,184.0,129011
RSML,2026-08-27,2686.0,2728.0,40235
ILBS,2026-08-27,820.0,838.0,1506
ALBSL,2026-08-27,1060.0,1108.0,4224
RSY2,2026-08-27,8.67,9.16,5400
EBLD91,2026-08-27,1061.0,1061.0,100
RNLI,2026-08-27,410.0,415.0,4954
MLBSL,2026-08-27,1117.0,1096.0,1473
GBLBS,2026-08-27,650.1,666.0,2671
GBILD86/87,2026-08-27,1056.0,1055.0,25
WNLB,2026-08-27,1125.0,1110.0,516
NICFC,2026-08-27,8.8,8.88,300
MEPDL,2026-08-27,661.2,675.0,28463
FMDBL,2026-08-27,730.0,728.0,7542
NMB,2026-08-27,236.2,236.8,22851
HDL,2026-08-27,1162.0,1163.0,27280
TSHL,2026-08-27,335.0,338.0,2038
SADBL,2026-08-27,400.0,405.0,4270
RHPL,2026-08-27,195.0,188.0,420658
RIDI,2026-08-27,342.0,345.9,265159
GLBSL,2026-08-27,1690.0,1705.0,160
ULHC,2026-08-27,297.0,301.0,9032
LSH12,2026-08-27,9.0,9.11,2300
NMBMF,2026-08-27,590.0,590.0,867
SHL,2026-08-27,500.0,508.7,12179
NABILD2089,2026-08-27,1060.0,1058.0,100
UNLB,2026-08-26,1216.0,1242.9,120
NICLBSL,2026-08-26,525.0,527.2,9792
NLICL,2026-08-26,560.0,560.0,5300
SHEL,2026-08-26,295.0,293.5,84510
NMBPO,2026-08-26,133.3,133.3,10112
NIBD84,2026-08-26,1022.6,1030.0,100
RSML,2026-08-26,2741.0,2706.0,24922
RBCL,2026-08-26,14275.0,13800.0,50
NIMB,2026-08-26,185.2,183.3,109066
DHEL,2026-08-26,565.1,555.0,15773
NBL,2026-08-26,275.0,271.7,87211
PURE,2026-08-26,748.0,759.0,5981
DDBL,2026-08-26,835.0,829.2,4532
NCCD86,2026-08-26,1100.6,1105.0,130
MHL,2026-08-26,458.0,450.0,11337
SHINED,2026-08-26,1100.0,1125.0,225
SPC,2026-08-26,404.9,399.0,4377
RHGCL,2026-08-26,247.8,248.0,15280
SPIL,2026-08-26,666.0,640.0,10013
NTC,2026-08-26,885.0,875.0,7271
DOLTI,2026-08-26,299.0,288.0,23988
RNLI,2026-08-26,420.5,413.1,37459
SABBL,2026-08-26,884.6,870.0,10241
NLG,2026-08-26,545.0,530.0,29244
UPPER,2026-08-26,185.0,184.5,176491
GSY,2026-08-26,9.17,9.15,1100
SMPDA,2026-08-26,735.0,733.0,803
NLIC,2026-08-26,710.0,700.0,39396
RURU,2026-08-26,586.0,586.0,5675
NMIC,2026-08-26,865.0,842.0,2689
YMHL,2026-08-26,571.0,589.9,21969
HFIN,2026-08-26,627.0,616.0,27117
PROFL,2026-08-26,382.6,379.9,9595
GBBL,2026-08-26,421.7,420.7,13281
RSDC,2026-08-26,611.0,613.0,2913
SBCF,2026-08-26,9.48,9.21,3100
RIDI,2026-08-26,354.9,343.0,348571
PPL,2026-08-26,294.1,304.0,26131
SONA,2026-08-26,386.2,388.4,34358
NBF3,2026-08-26,9.42,9.58,1200
KPCL,2026-08-26,460.0,457.0,14792
EBLD85,2026-08-26,1096.9,1129.8,45
IHL,2026-08-26,304.0,300.0,12790
HLI,2026-08-26,307.0,305.0,25215
NMB,2026-08-26,239.0,237.5,27838
SGHC,2026-08-26,300.0,290.0,54919
HHL,2026-08-26,323.0,325.0,50492
NFS,2026-08-26,530.1,530.3,6500
MDB,2026-08-26,577.5,562.0,5591
JOSHI,2026-08-26,256.0,251.0,21174
USHL,2026-08-26,515.9,525.0,2257
BHDC,2026-08-26,423.0,417.0,13794
UMRH,2026-08-26,520.0,515.0,10237
GVL,2026-08-26,471.0,472.5,18176
TAMOR,2026-08-26,480.0,480.0,406065
KMCDB,2026-08-26,780.0,778.0,2228
SPHL,2026-08-26,551.0,522.0,12515
TPKHL,2026-08-26,515.0,500.1,32526
MKHL,2026-08-26,488.1,489.0,3077
CLI,2026-08-26,425.0,419.0,10136
NIFRA,2026-08-26,240.1,239.3,75226
IGI,2026-08-26,412.0,403.0,23461
SGHL,2026-08-26,506.0,492.0,71460
CZBIL,2026-08-26,197.9,194.9,40896
APHL,2026-08-26,694.0,672.1,11600
SWBBL,2026-08-26,664.0,667.0,5761
TRH,2026-08-26,794.0,803.0,764
UMHL,2026-08-26,560.0,563.0,70162
RADHI,2026-08-26,690.1,688.0,95325
SWMF,2026-08-26,594.5,588.5,1904
RSY2,2026-08-26,8.88,8.93,3700
BNHC,2026-08-26,270.0,266.2,29940
NYADI,2026-08-26,350.2,344.5,5019
NICBF,2026-08-26,9.3,9.3,200
NMLBBL,2026-08-26,493.0,490.0,1895
TPC,2026-08-26,353.0,346.1,16786
ALBSL,2026-08-26,1065.0,1086.5,15197
PRVU,2026-08-26,180.0,179.0,151945
PBD85,2026-08-26,1110.0,1108.9,240
NICA,2026-08-26,308.0,308.0,62038
EBLD86,2026-08-26,1055.2,1055.1,25
SNLI,2026-08-26,395.0,379.8,40370
CCBD88,2026-08-26,1168.0,1165.0,25
SFEF,2026-08-26,9.5,9.63,213800
NMBMF,2026-08-26,581.1,578.0,1863
SKBBL,2026-08-26,745.0,740.0,15050
NMB50,2026-08-26,9.69,9.68,12000
HEI,2026-08-26,515.0,505.0,24828
SCB,2026-08-26,646.0,644.0,4572
SIKLES,2026-08-26,560.5,559.0,20603
SLBSL,2026-08-26,873.2,889.0,498
SHL,2026-08-26,503.0,508.0,29027
MAKAR,2026-08-26,445.0,426.0,46463
ECL,2026-08-26,1406.0,1465.0,23427
SGIC,2026-08-26,430.0,417.0,37457
SHPC,2026-08-26,510.2,499.0,143012
ALICL,2026-08-26,410.0,404.8,34634
MKHC,2026-08-26,252.0,247.9,17930
CIT,2026-08-26,1682.0,1660.0,7117
SBI,2026-08-26,396.0,399.0,43044
NSY,2026-08-26,9.01,9.29,4916
RFPL,2026-08-26,326.0,331.0,27518
NBF2,2026-08-26,9.54,9.67,300
UHEWA,2026-08-26,580.1,667.0,95365
RSY,2026-08-26,10.23,9.93,1100
GUFLPO,2026-08-26,298.0,298.0,7037
ULHC,2026-08-26,321.0,306.0,12837
SICL,2026-08-26,598.09,582.0,29724
MSHL,2026-08-26,561.0,550.0,1789
MKJC,2026-08-26,402.0,352.3,66903
SALICO,2026-08-26,572.0,565.2,23097
SHLB,2026-08-26,1350.2,1350.0,582
PMHPL,2026-08-26,311.7,304.0,7096
NABBC,2026-08-26,760.0,758.4,3880
SLCF,2026-08-26,9.1,9.05,3100
SJCL,2026-08-26,250.0,231.9,230441
VLUCL,2026-08-26,386.0,374.0,5669
SHINE,2026-08-26,405.2,405.0,10398
SHIVM,2026-08-26,621.5,624.0,107624
MEPDL,2026-08-26,700.0,666.0,34433
ILBS,2026-08-26,830.0,844.9,1501
GILB,2026-08-26,1083.0,1072.5,1800
NICSF,2026-08-26,8.6,8.36,600
DLBS,2026-08-26,1022.0,1034.0,333
VLBS,2026-08-26,635.0,627.9,2231
MNMF1,2026-08-26,9.22,9.29,1420
STC,2026-08-26,5170.0,5168.0,296
SYPNL,2026-08-26,1200.0,1220.0,27607
KHPL,2026-08-26,815.1,803.0,11605
GCIL,2026-08-26,338.0,342.0,20586
SAPIL,2026-08-26,1055.0,1212.9,1820
API,2026-08-26,329.0,327.5,168054
TTL,2026-08-26,692.0,688.9,9977
MBL,2026-08-26,251.0,248.0,35090
SMHL,2026-08-26,526.0,518.0,171944
SPDL,2026-08-26,358.1,352.0,24777
SARBTM,2026-08-26,789.8,779.0,5082
SRLIP,2026-08-26,197.6,197.6,27138
KBL,2026-08-26,214.0,212.5,189203
MCHL,2026-08-26,272.0,261.0,10078
SIGS3,2026-08-26,10.85,10.85,275800
PPCL,2026-08-26,326.1,327.7,9069
SJLIC,2026-08-26,402.0,400.1,13788
RHPL,2026-08-26,230.0,205.2,571997
NABILD2089,2026-08-26,1060.9,1087.9,32
NRN,2026-08-26,1355.9,1344.0,33244
SINDU,2026-08-26,615.0,610.0,15703
CZBILP,2026-08-26,100.0,109.0,58616
NUBL,2026-08-26,572.3,575.0,5332
UAIL,2026-08-26,417.9,397.2,23931
SBL,2026-08-26,408.0,408.5,110122
UNHPL,2026-08-26,365.0,355.0,25943
SMH,2026-08-26,500.0,497.0,8848
PSF,2026-08-26,12.0,12.1,203445
NHDL,2026-08-26,616.0,628.0,564
NESDO,2026-08-26,1331.0,1349.0,542
NRM,2026-08-26,297.0,292.5,18241
SRLI,2026-08-26,364.1,357.0,40937
SAGAR,2026-08-26,1515.0,1497.0,11396
GBBD85,2026-08-26,1050.0,1054.1,95
BEDC,2026-08-26,300.0,288.5,33606
SKHL,2026-08-26,780.0,751.0,18724
AHL,2026-08-26,400.0,395.5,1670
ICFC,2026-08-26,585.2,585.1,8938
GHL,2026-08-26,230.0,226.8,86312
GBIME,2026-08-26,244.8,243.1,102470
AKJCL,2026-08-26,364.4,338.0,270728
NSIF2,2026-08-26,10.1,9.95,12900
RLEL,2026-08-26,831.2,853.0,17276
MFIL,2026-08-26,735.0,728.9,20251
JSLBB,2026-08-26,920.0,942.0,206
SANIMA,2026-08-26,370.3,365.5,114162
EDBL,2026-08-26,565.0,568.0,7211
HLBSL,2026-08-26,857.0,863.0,517
MEL,2026-08-26,200.2,201.5,26326
MLBBL,2026-08-26,960.0,954.0,779
CBBL,2026-08-26,940.0,933.0,10111
LLBS,2026-08-26,899.0,885.0,90
KEF,2026-08-26,10.0,9.41,4394
SANVI,2026-08-26,551.5,564.7,11404
CHL,2026-08-26,262.0,259.0,22799
ANLB,2026-08-26,5003.0,5001.5,865
GLH,2026-08-26,250.0,246.5,65375
GFCL,2026-08-26,571.1,568.0,9269
PRIN,2026-08-26,633.0,600.0,34021
SMJC,2026-08-26,435.0,419.9,20913
CGH,2026-08-26,770.0,770.0,14827
NIMBPO,2026-08-26,139.1,140.0,2742
CIZBD90,2026-08-26,1250.0,1250.0,300
HLICF,2026-08-26,8.23,8.3,4000
AVYAN,2026-08-26,1011.0,1010.0,1667
LICN,2026-08-26,760.0,764.9,6089
RMF2,2026-08-26,9.81,9.81,200
BGWT,2026-08-26,514.6,489.9,4523
MKCL,2026-08-26,900.0,885.9,4285
FOWAD,2026-08-26,893.0,887.0,4052
NIL,2026-08-26,586.0,560.0,16778
NGPL,2026-08-26,400.0,396.9,180724
GMFBS,2026-08-26,1114.0,1130.0,1070
ACLBSL,2026-08-26,892.0,880.0,757
MANDU,2026-08-26,700.0,732.4,7138
SEF2,2026-08-26,8.88,9.1,4300
LVF2,2026-08-26,8.92,9.0,900
BBC,2026-08-26,4128.0,4050.0,189
ULBSL,2026-08-26,2381.0,2442.0,1828
GUFL,2026-08-26,513.0,500.0,17852
PCBL,2026-08-26,237.9,237.8,40466
AKPL,2026-08-26,245.0,241.0,114466
MLBL,2026-08-26,343.2,344.0,42896
MFLD85,2026-08-26,1104.0,1105.0,310
KBSH,2026-08-26,900.0,897.0,11744
SMB,2026-08-26,1770.0,1735.0,505
NICL,2026-08-26,482.1,455.0,62074
WNLB,2026-08-26,1135.0,1126.0,81
DORDI,2026-08-26,247.0,239.0,50432
CYCL,2026-08-26,1516.2,1609.0,20879
NHPC,2026-08-26,258.8,250.0,329656
CKHL,2026-08-26,580.0,577.5,540
CSY,2026-08-26,8.36,8.5,1000
MLBS,2026-08-26,1050.6,1029.0,130
H8020,2026-08-26,11.95,11.96,20100
NMBUR93/94,2026-08-26,962.0,990.8,125
JFL,2026-08-26,378.0,378.5,4771
SIFC,2026-08-26,490.0,482.0,9919
ADBL,2026-08-26,299.1,296.0,30400
RBBD2088,2026-08-26,1050.0,1042.0,200
GBIMESY2,2026-08-26,8.9,8.9,100
USLB,2026-08-26,1020.0,970.0,1457
PCIL,2026-08-26,600.0,594.1,27688
RBBF40,2026-08-26,9.11,9.3,69386
ADBLD83,2026-08-26,1039.9,1039.9,37
UPCL,2026-08-26,330.1,331.0,43302
NMBHF2,2026-08-26,8.93,8.84,700
CHCL,2026-08-26,455.0,427.0,480553
CREST,2026-08-26,1215.5,1117.0,4429
GRDBL,2026-08-26,972.0,969.5,2545
GMFIL,2026-08-26,421.0,410.9,37847
KDBY,2026-08-26,9.97,10.03,32418
NRIC,2026-08-26,886.0,869.8,43920
FMDBL,2026-08-26,742.0,723.0,14554
GIBF1,2026-08-26,10.85,10.62,108550
BPCL,2026-08-26,649.0,640.0,19420
OHL,2026-08-26,627.0,619.0,3028
GBLBS,2026-08-26,674.0,668.0,3947
MMF1,2026-08-26,8.96,9.07,19695
MERO,2026-08-26,620.2,605.6,8918
SMATA,2026-08-26,700.0,690.0,3485
OMPL,2026-08-26,880.0,860.0,3981
BHCL,2026-08-26,553.0,552.8,65198
LBBL,2026-08-26,479.0,473.0,96154
BANDIPUR,2026-08-26,653.1,653.5,29564
USHEC,2026-08-26,497.1,492.0,13955
BHL,2026-08-26,204.0,201.0,166255
MBLEF,2026-08-26,9.56,9.58,1900
C30MF,2026-08-26,9.75,9.75,85300
SSHL,2026-08-26,196.8,193.1,119667
RLFL,2026-08-26,436.0,427.0,20684
HDL,2026-08-26,1170.0,1162.0,21254
RBCLPO,2026-08-26,11299.0,11299.0,10
BARUN,2026-08-26,315.0,310.0,32146
SAPDBL,2026-08-26,685.0,694.0,18766
SAHAS,2026-08-26,685.0,681.9,238492
AHPC,2026-08-26,257.0,251.5,179592
CHDC,2026-08-26,2162.0,2184.0,13890
KDL,2026-08-26,743.6,732.0,1832
MEN,2026-08-26,615.0,615.0,90791
MBJC,2026-08-26,260.0,256.0,109208
SADBL,2026-08-26,404.1,404.0,48471
RMF1,2026-08-26,9.5,9.45,1300
TSHL,2026-08-26,350.5,335.0,5655
KSBBL,2026-08-26,471.0,470.0,57511
LSH12,2026-08-26,8.89,9.0,2600
JBLB,2026-08-26,1279.0,1242.2,2561
HIDCL,2026-08-26,246.0,242.0,78589
NWCL,2026-08-26,625.1,615.0,3683
SIPD,2026-08-26,601.0,587.0,13727
SAIL,2026-08-26,1032.2,955.0,24112
MHNL,2026-08-26,236.2,237.8,23992
SOHL,2026-08-26,670.0,663.9,238817
JHAPA,2026-08-26,1015.0,1001.2,3811
MEHL,2026-08-26,230.5,229.7,116943
NICFC,2026-08-26,8.64,8.92,1000
ENL,2026-08-26,833.9,833.9,10
GLBSL,2026-08-26,1700.0,1675.0,584
BUNGAL,2026-08-26,560.0,540.0,22032
NIBSF2,2026-08-26,8.4,8.5,800
PMLI,2026-08-26,411.1,404.1,5330
KAHL,2026-08-26,500.0,490.8,32048
LSL,2026-08-26,217.8,216.9,47922
MLBSL,2026-08-26,1163.0,1130.0,856
PRSF,2026-08-26,12.7,12.6,349498
JBBL,2026-08-26,333.0,332.0,188204
HATHY,2026-08-26,615.0,621.0,8858
ICFCD89,2026-08-26,1074.6,1100.0,150
SKHEL,2026-08-26,878.6,885.0,2148
HIDCLP,2026-08-26,182.1,180.2,51643
LUK,2026-08-26,9.83,9.83,100
PHCL,2026-08-26,298.0,300.0,94678
LEC,2026-08-26,210.1,209.1,157840
CITY,2026-08-26,346.0,343.9,67057
NMFBS,2026-08-26,1110.0,1110.0,2423
LBLD88,2026-08-26,1122.0,1122.0,10
MPFL,2026-08-26,600.1,599.0,10667
SNORL,2026-08-26,900.0,889.9,14233
BNT,2026-08-26,11610.0,11505.0,40
JBBD87,2026-08-26,1100.1,1100.1,25
DHPL,2026-08-26,283.2,270.0,7792
KKHC,2026-08-26,270.0,266.9,195594
SBD87,2026-08-26,1085.0,1062.0,61
EHPL,2026-08-26,332.8,318.0,20697
HBL,2026-08-26,190.0,189.5,37365
HRL,2026-08-26,556.09,549.0,82424
KSY,2026-08-26,9.19,9.19,100
SEF,2026-08-26,9.5,9.49,76000
RAWA,2026-08-26,412.9,405.0,18983
MATRI,2026-08-26,770.0,754.0,159
SRBLD83,2026-08-26,1025.0,1025.0,25
MABEL,2026-08-26,573.3,570.3,3402
BFC,2026-08-26,455.1,454.9,22165
HDHPC,2026-08-26,203.0,199.9,239107
HIMSTAR,2026-08-26,651.0,655.0,2520
MHCL,2026-08-26,285.1,282.0,18143
HBLD86,2026-08-26,1136.1,1080.0,1
ILI,2026-08-26,410.0,405.2,12430
MNBBL,2026-08-26,358.3,357.0,34574
PCBLP,2026-08-26,105.0,105.0,308120
CFCL,2026-08-26,575.0,579.0,63426
BHPL,2026-08-26,485.0,458.9,5272
BNL,2026-08-26,14600.0,14850.0,20
GMLI,2026-08-26,985.2,977.0,1532
SWASTIK,2026-08-26,1935.0,1940.0,622
SOPL,2026-08-26,748.0,729.0,25470
SLBBL,2026-08-26,784.4,787.9,813
SMFBS,2026-08-26,1335.0,1430.0,113
SPL,2026-08-26,623.0,648.9,3509
MMKJL,2026-08-26,414.9,375.0,22353
EBL,2026-08-26,734.0,730.0,30910
HURJA,2026-08-26,234.0,228.0,77058
HPPL,2026-08-26,371.1,375.0,92831
TVCL,2026-08-26,440.0,390.0,80510
SAEF2,2026-08-26,9.04,9.05,2600
NADEP,2026-08-26,730.0,710.0,2450
BJHL,2026-08-26,730.0,686.5,6088
NIBLGF,2026-08-26,9.05,8.54,7000
NABIL,2026-08-26,540.6,536.8,42608
CORBL,2026-08-26,953.2,884.0,28484
HEIP,2026-08-26,328.9,338.7,14087
MSLB,2026-08-26,1195.3,1224.0,474
NHPC,2026-08-25,266.0,258.8,127057
APHL,2026-08-25,693.0,694.0,7496
KBSH,2026-08-25,890.0,910.0,6917
AKJCL,2026-08-25,349.0,347.1,280618
SLCF,2026-08-25,9.04,9.3,300
CFCL,2026-08-25,580.0,582.2,41479
CIZBD90,2026-08-25,1250.0,1261.0,175
SPIL,2026-08-25,662.1,666.0,7794
NIMBPO,2026-08-25,142.8,141.0,2049
ADBL,2026-08-25,300.0,298.8,20967
EBL,2026-08-25,726.1,731.9,15310
AHL,2026-08-25,397.0,398.0,2240
SWBBL,2026-08-25,666.0,670.5,3659
SANIMA,2026-08-25,370.0,370.7,200121
H8020,2026-08-25,12.1,12.19,133620
GMFIL,2026-08-25,435.0,424.0,17443
RBBD2088,2026-08-25,1030.0,1030.0,25
RBBF40,2026-08-25,9.1,9.3,123752
API,2026-08-25,331.0,329.8,95180
MKHL,2026-08-25,493.2,493.1,3134
PURE,2026-08-25,769.3,766.0,3109
KHPL,2026-08-25,737.0,778.0,9385
SIGS3,2026-08-25,10.95,11.0,89127
SHLB,2026-08-25,1355.0,1352.0,90
NADEP,2026-08-25,690.0,742.0,713
CORBL,2026-08-25,942.0,907.9,43576
TPKHL,2026-08-25,520.0,529.0,23539
NRM,2026-08-25,296.0,299.0,3605
GIBF1,2026-08-25,10.75,10.75,68300
SMH,2026-08-25,512.0,504.5,7516
CITY,2026-08-25,354.0,349.9,76545
NIBSF2,2026-08-25,8.15,8.53,3639
SBL,2026-08-25,412.0,411.9,66770
SRBLD83,2026-08-25,1015.0,1015.0,25
SONA,2026-08-25,389.0,385.1,41551
JBLB,2026-08-25,1250.0,1246.2,2853
SAPDBL,2026-08-25,691.0,699.0,12790
NMB,2026-08-25,240.9,239.0,38691
SOHL,2026-08-25,680.0,679.0,202485
ICFC,2026-08-25,591.0,590.0,4378
NIL,2026-08-25,591.0,586.0,5860
SIGS2,2026-08-25,10.4,10.36,14400
LUK,2026-08-25,9.41,9.55,12500
KDL,2026-08-25,743.6,743.6,2429
SMB,2026-08-25,1748.0,1759.0,230
NUBL,2026-08-25,585.1,586.2,7825
BANDIPUR,2026-08-25,660.0,656.0,18955
MFLD85,2026-08-25,1075.9,1075.9,50
SBID2090,2026-08-25,1030.0,1041.0,80
PHCL,2026-08-25,300.0,298.7,48345
NLICL,2026-08-25,562.9,563.9,11340
UHEWA,2026-08-25,600.0,604.0,50458
NMIC,2026-08-25,868.0,865.0,1110
YMHL,2026-08-25,570.0,586.0,16145
TPC,2026-08-25,361.5,353.0,12565
SPL,2026-08-25,640.0,630.0,580
AKPL,2026-08-25,258.0,247.0,40708
MHL,2026-08-25,455.1,463.0,1481
DDBL,2026-08-25,833.0,838.0,10640
PMLI,2026-08-25,421.9,412.6,3674
SIKLES,2026-08-25,555.1,560.5,7030
PSF,2026-08-25,12.2,12.1,59735
NYADI,2026-08-25,350.4,350.0,3621
CYCL,2026-08-25,1520.0,1596.0,30200
IHL,2026-08-25,322.0,312.5,9223
PRIN,2026-08-25,642.1,640.0,6724
SMATA,2026-08-25,690.1,687.0,3980
BHL,2026-08-25,195.0,204.0,169712
HEIP,2026-08-25,326.0,339.0,6390
SWMF,2026-08-25,600.0,594.5,1770
LVF2,2026-08-25,8.93,8.92,3000
NMBD89/90,2026-08-25,1223.0,1223.0,25
RADHI,2026-08-25,695.1,699.0,28168
BGWT,2026-08-25,512.0,500.0,1753
ILBS,2026-08-25,833.0,849.9,242
NTC,2026-08-25,885.0,883.0,2875
SICL,2026-08-25,603.0,600.0,10433
SADBL,2026-08-25,408.0,407.0,10233
SARBTM,2026-08-25,776.1,780.0,3681
CGH,2026-08-25,770.0,775.0,100526
RMF1,2026-08-25,9.05,9.37,900
UNHPL,2026-08-25,370.0,362.0,9872
SHEL,2026-08-25,295.0,297.0,41658
KSY,2026-08-25,8.96,9.47,1000
CHDC,2026-08-25,2239.8,2196.9,16323
LEC,2026-08-25,213.9,212.9,115597
ILBSP,2026-08-25,460.0,460.0,6000
GMLI,2026-08-25,1000.0,985.2,1157
NICGF2,2026-08-25,8.71,8.74,300
RLFL,2026-08-25,439.9,431.0,7865
MCHL,2026-08-25,272.0,274.9,1100
CBLD88,2026-08-25,1201.0,1165.0,25
EDBL,2026-08-25,570.0,581.4,16155
SHINE,2026-08-25,406.2,409.0,13589
BBC,2026-08-25,4100.0,4052.0,203
TVCL,2026-08-25,464.9,448.0,5768
GWFD83,2026-08-25,1034.0,1035.0,50
SGIC,2026-08-25,439.1,438.0,7259
MMF1,2026-08-25,9.19,8.7,10100
IGI,2026-08-25,418.0,417.0,12399
SGHC,2026-08-25,305.0,300.2,25362
SFEF,2026-08-25,9.64,9.64,100
NICBF,2026-08-25,9.03,9.03,200
UMRH,2026-08-25,534.8,522.0,3000
SRLI,2026-08-25,365.1,365.8,9916
GILB,2026-08-25,1095.0,1086.6,1066
BJHL,2026-08-25,685.0,710.0,8804
VLBS,2026-08-25,633.1,635.2,980
NABILD2089,2026-08-25,1053.0,1030.0,525
SEF,2026-08-25,9.02,9.28,16175
KEF,2026-08-25,9.43,10.0,10300
CLI,2026-08-25,425.0,426.0,8403
HURJA,2026-08-25,236.9,233.5,31529
BARUN,2026-08-25,320.0,318.0,25425
VLUCL,2026-08-25,389.9,384.0,2454
MNBBL,2026-08-25,365.0,358.3,19955
GLBSL,2026-08-25,1709.0,1712.0,305
KKHC,2026-08-25,280.0,274.0,88154
GBIME,2026-08-25,244.5,244.8,118818
GBIMESY2,2026-08-25,8.89,8.9,700
UNLB,2026-08-25,1292.0,1249.0,690
BHDC,2026-08-25,424.0,428.0,7600
MEL,2026-08-25,203.0,203.0,8367
NABIL,2026-08-25,541.5,540.6,31533
MANDU,2026-08-25,734.0,711.2,3553
GRDBL,2026-08-25,950.3,999.9,6338
GUFL,2026-08-25,515.0,509.7,11948
JFL,2026-08-25,374.3,379.0,3746
NIBLSTF,2026-08-25,8.24,8.41,710
UPPER,2026-08-25,190.0,189.0,52504
OHL,2026-08-25,630.0,628.0,916
SJLIC,2026-08-25,405.0,404.0,8689
BHPL,2026-08-25,470.0,476.0,5446
HIDCL,2026-08-25,248.0,247.0,65423
NSY,2026-08-25,9.01,9.2,6900
RBCLPO,2026-08-25,11090.0,11090.0,10
PPCL,2026-08-25,332.9,329.7,4346
HRL,2026-08-25,561.0,559.4,33395
KAHL,2026-08-25,499.0,503.0,33972
RAWA,2026-08-25,421.0,412.9,18261
MFIL,2026-08-25,740.0,738.0,14765
JOSHI,2026-08-25,261.0,258.0,20145
UPCL,2026-08-25,340.0,338.0,36092
SCB,2026-08-25,648.0,651.0,6371
PMHPL,2026-08-25,296.4,311.7,2868
CZBIL,2026-08-25,198.1,196.9,38774
HFIN,2026-08-25,645.0,633.0,30301
UAIL,2026-08-25,418.0,416.0,13029
HBLD86,2026-08-25,1170.0,1136.1,1
SIFC,2026-08-25,494.0,495.0,3226
ULHC,2026-08-25,321.7,320.0,17522
GLH,2026-08-25,250.0,250.0,23395
NMFBS,2026-08-25,1116.0,1110.0,1542
SSHL,2026-08-25,200.0,196.8,56951
NCCD86,2026-08-25,1100.2,1110.0,50
HDL,2026-08-25,1170.0,1169.0,12827
MBL,2026-08-25,246.3,249.9,25388
TSHL,2026-08-25,345.0,340.9,4087
ACLBSL,2026-08-25,901.0,892.0,397
CKHL,2026-08-25,580.0,594.5,608
PBD88,2026-08-25,1181.0,1181.0,50
RLEL,2026-08-25,864.5,874.9,21652
NWCL,2026-08-25,635.1,631.0,4184
SAPIL,2026-08-25,917.0,1054.7,1420
MAKAR,2026-08-25,439.8,439.0,2212363
MDB,2026-08-25,563.0,561.0,6090
NABBC,2026-08-25,785.0,774.0,3535
SPC,2026-08-25,411.0,404.9,6767
NLIC,2026-08-25,717.0,706.9,31012
NIBLGF,2026-08-25,8.9,8.8,11000
NRIC,2026-08-25,893.0,887.0,11956
SLBBL,2026-08-25,799.0,790.0,2245
PROFL,2026-08-25,395.0,386.0,6620
NBL,2026-08-25,275.0,274.8,57995
RHGCL,2026-08-25,254.9,251.9,17319
NIMB,2026-08-25,186.0,186.0,58197
GBLBS,2026-08-25,679.4,674.0,862
JBBL,2026-08-25,333.0,333.0,25679
USLB,2026-08-25,1051.0,1019.9,2726
EHPL,2026-08-25,332.6,317.0,7473
MEHL,2026-08-25,250.0,236.9,76312
SOPL,2026-08-25,750.0,748.0,24448
NGPL,2026-08-25,407.9,404.0,125020
LICN,2026-08-25,770.0,765.0,6544
SKBBL,2026-08-25,754.9,746.0,6480
SAGAR,2026-08-25,1515.0,1549.9,3876
HBL,2026-08-25,189.8,190.0,40866
PCIL,2026-08-25,606.0,600.0,19968
LSL,2026-08-25,218.0,217.0,76286
SPHL,2026-08-25,533.0,580.0,15160
PBD85,2026-08-25,1100.0,1100.0,120
SMPDA,2026-08-25,730.1,735.0,1382
NMLBBL,2026-08-25,495.0,491.9,6089
RMF2,2026-08-25,10.0,10.0,3000
ALICL,2026-08-25,418.5,410.6,19149
RSML,2026-08-25,2744.9,2727.0,64986
LBBLD89,2026-08-25,1231.0,1231.0,25
WNLB,2026-08-25,1134.0,1135.8,1939
MATRI,2026-08-25,767.0,770.0,992
MSHL,2026-08-25,565.2,561.3,1491
LBBL,2026-08-25,476.9,479.0,9780
PRVU,2026-08-25,181.5,180.7,104845
MHCL,2026-08-25,295.0,289.6,4438
SHIVM,2026-08-25,624.0,621.4,81006
CSY,2026-08-25,8.91,8.57,9390
CBBL,2026-08-25,935.0,936.0,10369
NICSF,2026-08-25,8.8,8.67,2740
ECL,2026-08-25,1330.0,1406.0,16866
SINDU,2026-08-25,650.0,619.0,8091
ILI,2026-08-25,410.1,411.0,5781
GVL,2026-08-25,480.0,478.9,3775
EBLD91,2026-08-25,1069.0,1069.0,25
HDHPC,2026-08-25,204.8,204.1,44706
DLBS,2026-08-25,1115.5,1034.2,163
DHEL,2026-08-25,570.0,574.0,6094
SABBL,2026-08-25,919.0,886.6,11235
SKHL,2026-08-25,792.0,776.8,13268
GBILD84/85,2026-08-25,1135.0,1135.0,10
NBF2,2026-08-25,10.0,9.83,1200
MHNL,2026-08-25,239.2,239.0,9875
SBID89,2026-08-25,1160.0,1160.0,200
BNT,2026-08-25,11764.0,11625.0,40
RSY2,2026-08-25,8.71,9.15,15100
GBBD85,2026-08-25,1065.1,1065.1,55
SYPNL,2026-08-25,1244.0,1241.9,39000
PPL,2026-08-25,306.0,309.5,21890
MKHC,2026-08-25,255.0,252.4,7651
MSLB,2026-08-25,1201.1,1225.0,590
LSH12,2026-08-25,8.85,8.95,4100
NICL,2026-08-25,484.1,486.9,9712
SIPD,2026-08-25,620.0,609.0,6493
MBLD87,2026-08-25,1127.0,1127.0,30
HLBSL,2026-08-25,858.0,871.0,523
SMFBS,2026-08-25,1418.0,1400.1,1254
RFPL,2026-08-25,332.5,329.0,20092
MLBS,2026-08-25,1090.0,1083.0,60
SBLD2091,2026-08-25,1060.0,1056.0,65
SFMF,2026-08-25,9.7,9.6,3501
JHAPA,2026-08-25,1030.0,1028.5,2940
RNLI,2026-08-25,420.5,420.6,7905
NICA,2026-08-25,310.1,308.3,48486
RSY,2026-08-25,10.4,10.54,42400
CIT,2026-08-25,1681.0,1680.0,4874
DORDI,2026-08-25,249.9,245.6,13702
BFC,2026-08-25,474.5,455.0,16109
CREST,2026-08-25,1050.0,1253.0,17603
SLBSL,2026-08-25,900.0,896.0,862
MNMF1,2026-08-25,9.23,9.35,1390
SAIL,2026-08-25,990.0,983.1,11911
TAMOR,2026-08-25,478.0,480.4,161614
SAEF2,2026-08-25,9.01,9.04,8210
SAGF,2026-08-25,10.0,10.1,24696
BEDC,2026-08-25,304.0,298.0,13742
SGHL,2026-08-25,511.0,511.8,58020
NFS,2026-08-25,541.0,539.8,5447
USHL,2026-08-25,532.0,520.0,875
SEF2,2026-08-25,8.8,9.15,15500
DOLTI,2026-08-25,304.9,299.0,33481
NMBUR93/94,2026-08-25,962.0,990.0,50
NIBD84,2026-08-25,1030.0,1033.1,190
PRSF,2026-08-25,12.75,12.75,142750
MMKJL,2026-08-25,429.0,424.0,1393
NRN,2026-08-25,1352.0,1359.0,30750
NBF3,2026-08-25,9.5,9.7,61100
MEN,2026-08-25,619.0,620.0,47825
ULBSL,2026-08-25,2350.0,2450.0,5199
HIDCLP,2026-08-25,183.7,182.2,37296
MERO,2026-08-25,630.0,625.0,2060
KDBY,2026-08-25,9.97,10.05,28891
SJCL,2026-08-25,262.0,261.1,13486
UMHL,2026-08-25,550.0,567.8,54235
BNHC,2026-08-25,276.7,272.0,7888
GBBL,2026-08-25,421.0,422.0,28406
HIMSTAR,2026-08-25,665.0,658.0,3400
NICAD2091,2026-08-25,1025.0,1025.0,25
BHCL,2026-08-25,515.1,553.0,77615
RURU,2026-08-25,595.0,594.0,5676
NBLD87,2026-08-25,1080.0,1080.0,25
C30MF,2026-08-25,9.95,10.0,16100
SMJC,2026-08-25,425.0,430.0,9405
NSIF2,2026-08-25,10.0,10.08,19451
TRH,2026-08-25,803.3,794.0,15119
USHEC,2026-08-25,500.2,498.0,3724
CZBILP,2026-08-25,103.0,103.0,10000
ENL,2026-08-25,833.9,833.9,10
NIFRAGED,2026-08-25,1000.1,1000.1,50
SNORL,2026-08-25,882.0,910.0,31859
MBJC,2026-08-25,270.0,268.6,15615
NLG,2026-08-25,570.9,557.8,2510
GSY,2026-08-25,9.17,9.18,2000
BUNGAL,2026-08-25,560.0,564.8,17363
GHL,2026-08-25,229.9,228.9,57639
SPDL,2026-08-25,352.0,359.5,15058
MEPDL,2026-08-25,700.1,699.0,42665
NHDL,2026-08-25,623.2,622.0,2148
MLBBL,2026-08-25,940.0,953.5,1478
FMDBL,2026-08-25,745.0,735.0,17516
NICFC,2026-08-25,8.93,8.9,3398
MABEL,2026-08-25,583.0,584.0,2537
MKJC,2026-08-25,420.0,414.4,8554
RSDC,2026-08-25,637.0,619.1,1184
HATHY,2026-08-25,630.0,633.4,18050
MLBSL,2026-08-25,1164.0,1163.0,1789
TTL,2026-08-25,697.0,697.0,5822
HPPL,2026-08-25,375.0,378.0,100522
HLICF,2026-08-25,8.35,8.3,3270
NMBD87/88,2026-08-25,1080.0,1085.0,50
DHPL,2026-08-25,258.4,275.0,5744
SKHEL,2026-08-25,900.1,903.0,2558
MLBL,2026-08-25,350.0,348.9,9353
MPFL,2026-08-25,607.0,604.0,2069
SBI,2026-08-25,404.0,404.0,28731
SHL,2026-08-25,509.0,508.9,24876
CHCL,2026-08-25,489.0,475.1,21111
SNLI,2026-08-25,396.1,395.1,12085
MBLEF,2026-08-25,9.56,9.56,5300
NMBHF2,2026-08-25,9.18,9.2,1460
ALBSL,2026-08-25,1067.0,1100.0,10355
GFCL,2026-08-25,579.0,573.0,7490
PCBL,2026-08-25,238.0,239.0,31052
KMCDB,2026-08-25,770.0,783.0,1999
SALICO,2026-08-25,580.1,584.0,10146
KSBBL,2026-08-25,473.1,470.0,58122
SBCF,2026-08-25,8.95,9.21,1100
NIFRA,2026-08-25,242.0,241.8,36195
AVYAN,2026-08-25,1021.0,1020.0,960
MKCL,2026-08-25,872.5,890.0,1935
NMB50,2026-08-25,9.75,9.7,17000
SHINED,2026-08-25,1100.0,1100.0,55
KPCL,2026-08-25,459.0,465.0,2325
AHPC,2026-08-25,260.0,257.5,66248
SWASTIK,2026-08-25,1995.0,1930.2,465
HLI,2026-08-25,310.0,307.0,23966
KBL,2026-08-25,213.9,214.0,143906
HEI,2026-08-25,520.1,524.0,6967
FOWAD,2026-08-25,905.0,896.1,3063
OMPL,2026-08-25,875.1,871.0,3151
SANVI,2026-08-25,576.8,568.5,11125
CHL,2026-08-25,262.0,265.0,8828
NMBMF,2026-08-25,590.0,594.0,999
SMHL,2026-08-25,520.0,524.8,246169
RIDI,2026-08-25,356.5,351.9,344936
NICLBSL,2026-08-25,539.0,533.0,6746
JSLBB,2026-08-25,945.0,940.0,105
RBCL,2026-08-25,14000.0,14149.0,100
ICFCD89,2026-08-25,1066.2,1099.0,295
LLBS,2026-08-25,863.0,886.0,222
GMFBS,2026-08-25,1130.0,1148.0,1227
NESDO,2026-08-25,1330.3,1353.0,342
RHPL,2026-08-25,243.0,241.4,11330
SHPC,2026-08-25,514.0,514.0,69259
STC,2026-08-25,5215.0,5170.0,346
BPCL,2026-08-25,657.0,653.0,15893
SAHAS,2026-08-25,685.0,685.0,71955
GCIL,2026-08-25,336.0,338.0,7116
HHL,2026-08-25,333.0,328.0,27990
ANLB,2026-08-25,5000.0,5085.0,294
BHDC,2026-08-24,422.3,427.8,6778
KSY,2026-08-24,9.15,9.2,600
NMBMF,2026-08-24,590.1,597.8,2277
JBBL,2026-08-24,332.5,332.9,13717
UPPER,2026-08-24,192.0,189.4,88944
RNLI,2026-08-24,427.0,423.0,9249
RLFL,2026-08-24,442.0,433.0,34855
PCBL,2026-08-24,242.0,239.7,50938
RMF1,2026-08-24,9.32,9.32,600
CIT,2026-08-24,1694.0,1681.0,8070
PBD88,2026-08-24,1181.0,1181.0,75
NICAD85/86,2026-08-24,1140.0,1140.0,20
PROFL,2026-08-24,403.1,395.0,6832
GBBL,2026-08-24,420.0,420.1,31899
AHPC,2026-08-24,260.0,259.7,43548
JOSHI,2026-08-24,263.0,259.0,18100
KDL,2026-08-24,746.0,754.0,1700
CKHL,2026-08-24,578.0,590.5,618
SGIC,2026-08-24,448.0,441.0,8131
NLG,2026-08-24,544.5,554.9,4669
EDBL,2026-08-24,585.0,583.0,129582
MCHL,2026-08-24,275.0,274.0,2461
RBBF40,2026-08-24,8.88,9.0,259800
MHNL,2026-08-24,239.1,241.8,13016
HFIN,2026-08-24,662.0,646.0,15132
TVCL,2026-08-24,454.0,454.9,1780
SBCF,2026-08-24,9.6,9.22,6000
SICL,2026-08-24,603.0,606.0,6622
SNORL,2026-08-24,886.0,882.0,10345
SEF2,2026-08-24,8.74,9.05,8400
KDBY,2026-08-24,9.97,9.99,22890
SAHAS,2026-08-24,693.0,684.0,154981
GMFBS,2026-08-24,1125.1,1164.9,159
NESDO,2026-08-24,1390.0,1355.0,879
DOLTI,2026-08-24,306.1,304.9,18552
ILI,2026-08-24,410.3,411.0,6424
VLBS,2026-08-24,640.0,645.0,2112
RHGCL,2026-08-24,265.0,254.9,13324
NICSF,2026-08-24,8.77,8.85,11540
JSLBB,2026-08-24,940.0,945.0,704
HIMSTAR,2026-08-24,670.0,655.0,6689
WNLB,2026-08-24,1250.0,1169.0,3860
FMDBL,2026-08-24,774.9,750.0,13813
PRVU,2026-08-24,183.0,181.1,86305
BPCL,2026-08-24,648.0,659.8,31735
SALICO,2026-08-24,584.0,582.0,3384
CREST,2026-08-24,1148.0,1090.0,5646
NADEP,2026-08-24,701.1,700.0,1118
MLBS,2026-08-24,1016.5,1071.0,361
CBBL,2026-08-24,938.0,935.1,6757
LSH12,2026-08-24,8.55,8.93,22100
NIMBPO,2026-08-24,140.0,140.0,2380
NICA,2026-08-24,314.0,311.0,50912
NLIC,2026-08-24,717.0,713.8,8919
NTC,2026-08-24,890.0,880.0,4545
SKHEL,2026-08-24,864.5,900.1,3411
ALBSL,2026-08-24,1030.0,1100.0,2261
PSF,2026-08-24,12.0,12.03,243798
KMCDB,2026-08-24,783.3,770.0,1976
SAGF,2026-08-24,9.95,10.0,31600
GBIMESY2,2026-08-24,8.89,8.92,800
SPHL,2026-08-24,515.0,561.0,10568
HRL,2026-08-24,565.0,561.0,41925
BGWT,2026-08-24,520.0,512.0,2059
SANVI,2026-08-24,573.0,576.8,4928
PPL,2026-08-24,311.0,309.9,14298
NMBD87/88,2026-08-24,1084.1,1084.1,25
RLEL,2026-08-24,900.0,910.0,29515
ULBSL,2026-08-24,2471.0,2455.0,297
UNHPL,2026-08-24,372.0,365.9,23968
NUBL,2026-08-24,590.0,586.0,4450
RURU,2026-08-24,596.2,595.0,4361
CFCL,2026-08-24,592.0,599.6,42409
YMHL,2026-08-24,645.0,600.0,23049
TPKHL,2026-08-24,545.0,530.0,25532
USLB,2026-08-24,1085.0,1065.0,574
NHDL,2026-08-24,621.4,624.4,3900
NMFBS,2026-08-24,1110.1,1116.0,3471
NIBLSTF,2026-08-24,8.16,8.47,6900
DHEL,2026-08-24,570.1,570.0,13411
MHCL,2026-08-24,298.3,296.5,3030
ULHC,2026-08-24,335.0,321.7,11308
BBC,2026-08-24,4119.0,4076.0,295
MAKAR,2026-08-24,395.7,418.9,23561
EHPL,2026-08-24,321.1,323.0,7659
SHINE,2026-08-24,408.0,408.0,23017
SPC,2026-08-24,408.1,408.0,7322
PRSF,2026-08-24,12.91,12.73,205100
KSBBL,2026-08-24,474.0,470.0,30491
UMHL,2026-08-24,571.2,572.9,21949
APHL,2026-08-24,735.0,704.6,10595
RAWA,2026-08-24,415.2,414.0,12059
GLBSL,2026-08-24,1691.0,1720.0,163
ICFCD83,2026-08-24,887.5,843.2,1
EBLD91,2026-08-24,1044.0,1102.0,67
BEDC,2026-08-24,312.0,302.0,22965
SSHL,2026-08-24,198.0,198.5,28237
NMBUR93/94,2026-08-24,1000.0,962.0,585
SIPD,2026-08-24,638.0,621.0,11173
NBF3,2026-08-24,9.56,9.7,15800
SHIVM,2026-08-24,630.1,626.7,44336
AHL,2026-08-24,395.0,397.9,3338
GWFD83,2026-08-24,1034.0,1034.0,14
HLICF,2026-08-24,8.4,8.5,700
SCB,2026-08-24,652.0,648.5,3942
SLBBL,2026-08-24,803.0,790.1,7956
SCBD,2026-08-24,1102.1,1056.6,63
SMJC,2026-08-24,429.0,435.0,10561
ANLB,2026-08-24,5000.0,5119.0,727
SMPDA,2026-08-24,736.0,735.0,2188
PRIN,2026-08-24,650.0,643.0,9309
MLBLD89,2026-08-24,1250.0,1250.0,100
CSY,2026-08-24,8.55,9.01,3700
CGH,2026-08-24,771.0,775.0,12090
NMLBBL,2026-08-24,494.5,492.0,10681
CHCL,2026-08-24,490.0,478.0,18735
SNLI,2026-08-24,400.1,398.0,6030
DORDI,2026-08-24,246.0,247.2,11437
ALICL,2026-08-24,415.2,413.0,6826
SEF,2026-08-24,9.55,9.27,30002
SLBSL,2026-08-24,900.0,900.0,812
HATHY,2026-08-24,612.0,630.3,15298
UMRH,2026-08-24,520.0,520.0,631
PURE,2026-08-24,797.0,769.3,8386
SWMF,2026-08-24,609.0,590.0,4645
JHAPA,2026-08-24,1035.0,1029.7,2361
SMH,2026-08-24,505.1,508.0,2904
SKBBL,2026-08-24,750.1,746.0,6549
MEN,2026-08-24,626.0,619.1,85608
HIDCLP,2026-08-24,183.5,183.9,54602
GBLBS,2026-08-24,690.0,679.5,3985
MKCL,2026-08-24,920.0,895.0,4758
MEPDL,2026-08-24,774.0,713.9,76385
SAEF2,2026-08-24,9.0,9.06,4500
NIFRA,2026-08-24,242.0,241.0,58152
BUNGAL,2026-08-24,579.0,572.0,18772
SAPIL,2026-08-24,837.0,917.2,960
LEC,2026-08-24,218.0,213.9,167696
SLCF,2026-08-24,9.3,9.31,300
STC,2026-08-24,5184.0,5195.0,404
NRM,2026-08-24,303.0,296.0,5160
SABBL,2026-08-24,904.0,875.7,8158
NMIC,2026-08-24,877.0,868.0,2107
NICFC,2026-08-24,9.0,9.2,4273
ADBL,2026-08-24,301.0,299.5,22197
SHPC,2026-08-24,528.0,514.2,101396
GLH,2026-08-24,253.0,251.0,32377
SHINED,2026-08-24,1079.0,1116.0,661
SGHL,2026-08-24,518.0,511.0,88635
SFMF,2026-08-24,9.8,9.7,39230
NIL,2026-08-24,595.0,591.0,9479
UPCL,2026-08-24,341.0,341.0,48035
NMB50,2026-08-24,9.86,9.75,49692
UAIL,2026-08-24,420.0,418.0,9300
ILBS,2026-08-24,841.0,859.0,1591
MFIL,2026-08-24,740.0,740.0,27115
NICBF,2026-08-24,9.3,9.3,100
GVL,2026-08-24,484.0,478.0,9417
CHDC,2026-08-24,2205.0,2218.0,12370
MATRI,2026-08-24,785.1,780.0,752
NIBLGF,2026-08-24,8.61,8.85,15600
SHEL,2026-08-24,300.0,297.5,88785
CHL,2026-08-24,266.0,266.0,16692
SYPNL,2026-08-24,1197.0,1244.0,23267
MKJC,2026-08-24,424.1,413.0,20060
MMF1,2026-08-24,8.7,8.95,8501
RMF2,2026-08-24,10.01,10.01,100
LBBL,2026-08-24,474.9,474.1,21638
DLBS,2026-08-24,1000.1,1150.0,3008
RSY2,2026-08-24,8.9,8.96,254600
NSY,2026-08-24,9.7,9.0,8700
MNMF1,2026-08-24,9.25,9.5,3540
NCCD86,2026-08-24,1118.0,1118.0,175
SBLD2091,2026-08-24,1060.0,1060.0,475
UHEWA,2026-08-24,580.0,600.0,65777
SOPL,2026-08-24,760.0,754.1,24219
MBLEF,2026-08-24,9.54,9.55,11300
RSML,2026-08-24,2800.0,2728.0,46283
NMBHF2,2026-08-24,9.62,9.46,400
AKPL,2026-08-24,249.0,247.0,42314
SGHC,2026-08-24,303.0,304.4,30763
MDB,2026-08-24,560.0,563.0,5733
RFPL,2026-08-24,333.0,333.5,13461
HEI,2026-08-24,523.5,519.7,4901
HEIP,2026-08-24,339.0,330.1,18110
KHPL,2026-08-24,779.9,737.0,11826
RADHI,2026-08-24,748.9,703.9,49818
TAMOR,2026-08-24,483.0,478.0,143846
MLBBL,2026-08-24,990.0,949.9,10940
BJHL,2026-08-24,715.0,720.0,14892
DHPL,2026-08-24,275.0,272.0,3346
PMLI,2026-08-24,420.0,415.0,6294
SPIL,2026-08-24,676.0,666.1,5703
GSY,2026-08-24,9.14,9.2,4200
LSL,2026-08-24,220.0,218.0,59957
GMFIL,2026-08-24,447.0,435.0,13698
H8020,2026-08-24,12.0,12.0,6000
HLBSL,2026-08-24,870.0,875.5,565
RSY,2026-08-24,10.4,10.7,4700
BHL,2026-08-24,207.0,205.0,142617
SBL,2026-08-24,414.0,412.8,76890
TRH,2026-08-24,820.0,802.0,1087
NBLD87,2026-08-24,1080.0,1080.0,50
VLUCL,2026-08-24,397.0,389.9,20365
KBL,2026-08-24,216.0,213.9,123980
UNLB,2026-08-24,1240.0,1254.9,461
MERO,2026-08-24,638.0,630.0,4901
ICFCD89,2026-08-24,1085.0,1097.0,40
TSHL,2026-08-24,353.0,342.0,10102
SKHL,2026-08-24,809.9,792.1,7395
SMFBS,2026-08-24,1408.0,1378.2,983
USHEC,2026-08-24,504.0,500.0,3798
MANDU,2026-08-24,741.0,738.0,828
GMLI,2026-08-24,1015.0,1000.0,802
SOHL,2026-08-24,685.0,678.9,175007
IGI,2026-08-24,418.0,416.7,15382
SBI,2026-08-24,395.1,405.0,11934
NIMB,2026-08-24,188.0,186.0,117401
KBLD86,2026-08-24,1112.4,1112.0,80
GBBD85,2026-08-24,1045.6,1081.0,380
CORBL,2026-08-24,970.0,942.0,28323
SINDU,2026-08-24,625.5,622.0,12296
SHLB,2026-08-24,1380.0,1370.0,80
MBJC,2026-08-24,267.0,269.1,25690
SPDL,2026-08-24,379.0,360.0,25694
CLI,2026-08-24,430.0,426.5,5124
BNHC,2026-08-24,275.0,276.7,11719
SADBL,2026-08-24,414.9,409.0,9326
ENL,2026-08-24,830.0,817.9,915
KAHL,2026-08-24,553.3,506.0,48136
HLI,2026-08-24,315.0,311.0,55510
PPCL,2026-08-24,345.0,331.0,93288
ECL,2026-08-24,1400.1,1330.0,23235
SANIMA,2026-08-24,370.0,370.0,80447
MBL,2026-08-24,247.0,249.9,28944
SIGS3,2026-08-24,10.87,11.0,50619
MKHC,2026-08-24,252.0,254.9,22706
EBLD85,2026-08-24,1116.5,1065.0,2
FOWAD,2026-08-24,915.0,905.0,2572
BHPL,2026-08-24,501.0,470.0,4298
KEF,2026-08-24,9.7,9.7,11972
SIKLES,2026-08-24,565.0,566.0,7336
NABILD2089,2026-08-24,1056.0,1085.0,40
NWCL,2026-08-24,635.1,646.0,750
SAGAR,2026-08-24,1540.0,1540.0,2203
HURJA,2026-08-24,238.0,233.5,41095
USHL,2026-08-24,565.8,540.0,1684
SARBTM,2026-08-24,805.0,775.0,8866
CYCL,2026-08-24,1392.7,1600.0,28021
SWBBL,2026-08-24,672.9,667.5,11196
MEHL,2026-08-24,244.0,245.0,58223
CZBIL,2026-08-24,200.0,197.0,48924
GILB,2026-08-24,1080.1,1085.8,1040
NGPL,2026-08-24,407.0,403.2,105732
MHL,2026-08-24,460.0,462.8,2440
SAIL,2026-08-24,1020.0,1015.0,22819
HHL,2026-08-24,326.3,332.0,53783
NMB,2026-08-24,241.0,240.0,38854
OHL,2026-08-24,640.1,630.3,2297
SMB,2026-08-24,1733.0,1758.0,612
SWASTIK,2026-08-24,1910.1,1987.0,615
LLBS,2026-08-24,851.0,879.9,613
NRIC,2026-08-24,898.0,893.8,28572
MEL,2026-08-24,210.0,202.8,12740
SPL,2026-08-24,618.2,638.0,1706
MLBSL,2026-08-24,1190.0,1180.0,1656
BANDIPUR,2026-08-24,676.0,665.9,11753
IHL,2026-08-24,325.0,315.0,11408
MSLB,2026-08-24,1211.0,1215.0,265
NICL,2026-08-24,489.0,484.0,8500
CITY,2026-08-24,359.8,354.0,78994
RHPL,2026-08-24,248.0,243.0,38476
NBF2,2026-08-24,9.85,10.09,2020
BFC,2026-08-24,481.0,463.5,15215
NLICL,2026-08-24,562.0,562.8,4354
GRDBL,2026-08-24,921.5,979.6,8042
JBLB,2026-08-24,1255.0,1249.0,4043
BNT,2026-08-24,11890.0,11900.0,20
PMHPL,2026-08-24,345.9,311.9,13487
AVYAN,2026-08-24,1011.0,1031.0,5960
NICGF2,2026-08-24,9.0,8.96,2000
SBLD84,2026-08-24,1025.0,1025.0,30
SHL,2026-08-24,500.0,509.9,52670
SRLI,2026-08-24,368.0,364.4,13943
PCIL,2026-08-24,610.0,607.9,23117
GFCL,2026-08-24,590.0,579.9,12610
NBL,2026-08-24,277.0,275.0,81835
KBLD89,2026-08-24,1235.0,1235.0,25
GCIL,2026-08-24,337.2,341.0,13377
MLBL,2026-08-24,348.1,349.8,20948
GUFL,2026-08-24,525.0,515.0,18771
SONA,2026-08-24,398.0,392.1,28905
MSHL,2026-08-24,570.0,570.0,640
TPC,2026-08-24,351.1,356.0,6406
RIDI,2026-08-24,360.0,357.0,262744
SMHL,2026-08-24,500.0,513.0,52583
GBIME,2026-08-24,247.0,244.5,61628
CBLD88,2026-08-24,1176.0,1190.0,50
MNBBL,2026-08-24,361.0,358.6,22749
PHCL,2026-08-24,308.0,302.0,64179
NABBC,2026-08-24,799.0,766.7,8639
SDBD87,2026-08-24,1105.0,1107.2,27
TTL,2026-08-24,700.0,697.0,6997
NFS,2026-08-24,560.0,544.0,11370
SJLIC,2026-08-24,404.1,405.0,7592
AKJCL,2026-08-24,348.0,346.0,156596
SAPDBL,2026-08-24,664.1,699.9,9409
NICLBSL,2026-08-24,534.0,539.0,3384
BARUN,2026-08-24,318.0,316.2,31105
NABIL,2026-08-24,545.0,541.5,34780
NIBSF2,2026-08-24,8.5,8.38,47150
ACLBSL,2026-08-24,911.0,909.0,500
MMKJL,2026-08-24,444.9,430.0,1545
DDBL,2026-08-24,841.0,832.0,1465
GHL,2026-08-24,233.0,228.0,135966
KKHC,2026-08-24,269.9,278.9,168038
RBCLPO,2026-08-24,11110.0,11368.0,70
SIFC,2026-08-24,497.0,497.8,6325
NICD83/84,2026-08-24,1006.0,1010.0,300
SFEF,2026-08-24,9.56,9.86,21700
NYADI,2026-08-24,356.1,358.0,2459
LICN,2026-08-24,770.0,764.0,14247
SMATA,2026-08-24,705.4,700.1,3605
MKHL,2026-08-24,490.0,496.0,420
OMPL,2026-08-24,880.0,893.0,2929
GIBF1,2026-08-24,10.8,10.8,700
JFL,2026-08-24,375.0,378.0,3363
NHPC,2026-08-24,265.9,261.6,108683
RBCL,2026-08-24,13900.0,13803.0,60
HDL,2026-08-24,1174.0,1170.9,21859
RSDC,2026-08-24,621.0,619.1,2462
ICFC,2026-08-24,592.3,591.0,4101
HBL,2026-08-24,192.0,189.8,36563
UNL,2026-08-24,47200.0,47200.0,10
MABEL,2026-08-24,585.1,599.0,4920
KPCL,2026-08-24,464.0,463.0,4456
NRN,2026-08-24,1365.1,1363.5,27743
MPFL,2026-08-24,615.0,608.0,6060
LUK,2026-08-24,10.0,9.7,200
HPPL,2026-08-24,375.0,379.9,63912
HDHPC,2026-08-24,208.5,205.5,85141
EBL,2026-08-24,737.0,726.1,42165
SBID2090,2026-08-24,1049.0,1050.0,475
NSIF2,2026-08-24,10.68,10.1,40689
SJCL,2026-08-24,266.0,263.8,9809
LVF2,2026-08-24,9.08,9.1,2400
HIDCL,2026-08-24,249.0,248.0,76586
API,2026-08-24,335.0,331.0,137437
BHCL,2026-08-24,541.0,542.2,50571
KBSH,2026-08-24,930.0,888.1,10659
ENL,2026-08-21,824.6,820.0,345
MATRI,2026-08-21,788.0,788.0,524
HLBSL,2026-08-21,856.0,870.0,634
RAWA,2026-08-21,426.9,418.4,11573
CGH,2026-08-21,771.5,772.3,16231
SLCF,2026-08-21,9.46,9.5,200
MBL,2026-08-21,252.9,250.0,29083
KKHC,2026-08-21,278.0,269.9,179537
GUFLPO,2026-08-21,298.0,298.0,3968
DOLTI,2026-08-21,311.9,306.1,19104
HIDCLP,2026-08-21,187.0,184.5,47435
CITY,2026-08-21,357.0,359.0,62667
SMATA,2026-08-21,712.0,705.0,1898
CCBD88,2026-08-21,1200.5,1200.5,25
RADHI,2026-08-21,705.0,715.4,29312
CHCL,2026-08-21,483.0,484.4,23326
RBCL,2026-08-21,13660.0,14069.8,20
CORBL,2026-08-21,995.0,972.0,20893
NICGF2,2026-08-21,9.0,9.0,1500
DORDI,2026-08-21,255.0,246.7,20788
RLEL,2026-08-21,925.0,925.9,16181
SGIC,2026-08-21,449.0,449.9,6502
SHIVM,2026-08-21,632.0,633.0,50478
NICFC,2026-08-21,9.25,8.99,1669
NESDO,2026-08-21,1385.0,1395.0,382
NIBLGF,2026-08-21,8.28,8.8,25300
PCBLP,2026-08-21,103.0,103.0,142796
USHEC,2026-08-21,501.4,505.0,43787
NFS,2026-08-21,561.0,550.1,6985
NIMB,2026-08-21,187.0,187.5,68777
HLICF,2026-08-21,8.0,8.55,2050
SSHL,2026-08-21,200.0,198.0,77267
C30MF,2026-08-21,9.87,9.87,100
PMHPL,2026-08-21,312.9,345.9,14186
PRVU,2026-08-21,187.7,183.0,118235
MKCL,2026-08-21,948.0,920.0,6399
SFMF,2026-08-21,10.2,9.9,3400
TPKHL,2026-08-21,529.2,545.0,35665
VLBS,2026-08-21,640.1,649.7,3485
FOWAD,2026-08-21,920.0,918.0,2916
PMLI,2026-08-21,421.0,422.7,2594
SICL,2026-08-21,606.0,607.1,3399
SWMF,2026-08-21,593.0,604.0,2643
KEF,2026-08-21,10.0,9.71,71120
SMH,2026-08-21,514.0,510.2,5099
SMB,2026-08-21,1755.0,1760.0,502
PBLD86,2026-08-21,1102.0,1103.0,1
RMF1,2026-08-21,9.5,9.5,350
RHPL,2026-08-21,249.0,248.9,20492
NMFBS,2026-08-21,1125.0,1117.0,5971
USLB,2026-08-21,1065.0,1085.0,162
KMCDB,2026-08-21,766.1,774.0,2114
SANIMA,2026-08-21,372.8,370.6,31631
PPL,2026-08-21,298.3,313.0,17528
TAMOR,2026-08-21,485.0,484.7,270640
NHPC,2026-08-21,272.0,265.8,200387
JBBL,2026-08-21,333.0,333.9,20618
OMPL,2026-08-21,901.0,898.0,1669
SNORL,2026-08-21,890.0,886.0,12290
ECL,2026-08-21,1430.0,1400.1,12129
NWCL,2026-08-21,664.0,644.0,3662
NTC,2026-08-21,900.0,885.0,8567
HDHPC,2026-08-21,209.0,207.8,66065
SCB,2026-08-21,651.0,650.0,2936
RSDC,2026-08-21,621.0,627.0,2516
MEHL,2026-08-21,250.0,244.0,167370
JHAPA,2026-08-21,1037.0,1035.0,4387
NIFRA,2026-08-21,232.0,242.2,38326
NICLBSL,2026-08-21,544.0,542.9,7211
NBL,2026-08-21,277.0,276.8,138444
MEN,2026-08-21,640.0,626.3,179665
SAHAS,2026-08-21,701.0,695.0,162254
DDBL,2026-08-21,845.0,839.5,8277
AHL,2026-08-21,395.0,396.0,1848
SJLIC,2026-08-21,410.0,407.0,13659
NIL,2026-08-21,599.0,592.5,9802
NLIC,2026-08-21,717.0,717.0,22723
PROFL,2026-08-21,399.0,403.0,3474
RFPL,2026-08-21,340.0,337.0,31953
SBI,2026-08-21,401.0,402.9,25805
SAEF2,2026-08-21,9.01,9.01,5300
DHPL,2026-08-21,281.2,280.0,7883
RSY2,2026-08-21,9.0,8.92,4900
SWASTIK,2026-08-21,1988.0,1951.4,220
NUBL,2026-08-21,590.0,587.0,5635
NIFRAGED,2026-08-21,1010.0,1010.0,25
AKPL,2026-08-21,250.0,249.0,51718
SIFC,2026-08-21,497.9,497.0,3449
TVCL,2026-08-21,460.0,454.1,7766
SMFBS,2026-08-21,1426.0,1408.0,1157
NIBD84,2026-08-21,1035.0,1035.0,25
ICFC,2026-08-21,600.0,596.0,6122
BGWT,2026-08-21,510.1,520.4,1919
MHCL,2026-08-21,302.0,298.3,2295
PURE,2026-08-21,795.0,797.0,14570
NIBSF2,2026-08-21,8.58,8.57,950
PPCL,2026-08-21,340.0,329.1,9805
TPC,2026-08-21,356.0,356.3,9350
NMLBBL,2026-08-21,491.0,494.5,4327
CZBIL,2026-08-21,201.5,201.6,40338
SMPDA,2026-08-21,745.0,747.9,1756
SKHL,2026-08-21,820.0,811.7,20938
EDBL,2026-08-21,580.0,577.0,1987
SAGAR,2026-08-21,1568.0,1557.0,3512
SGHL,2026-08-21,534.0,522.0,70674
AVYAN,2026-08-21,1050.0,1040.0,3703
SARBTM,2026-08-21,798.0,779.0,5070
UPPER,2026-08-21,192.0,190.2,90573
GFCL,2026-08-21,593.0,590.0,4575
SABBL,2026-08-21,929.6,904.0,12820
MLBL,2026-08-21,350.0,350.0,8792
NLICL,2026-08-21,563.0,562.0,14932
NMB,2026-08-21,239.0,240.8,52872
USHL,2026-08-21,509.2,538.9,829
UPCL,2026-08-21,347.0,341.1,35483
UMRH,2026-08-21,523.0,527.0,1618
NSIF2,2026-08-21,11.1,11.01,279240
KSBBLD87,2026-08-21,1095.1,1112.2,55
BHPL,2026-08-21,475.5,478.0,6701
SJCL,2026-08-21,263.0,265.5,2271
SAGF,2026-08-21,9.99,9.99,100
NLG,2026-08-21,572.0,558.8,6089
HIDCL,2026-08-21,250.0,249.0,50980
FMDBL,2026-08-21,780.0,758.0,17445
RURU,2026-08-21,601.0,600.0,4784
MNMF1,2026-08-21,9.23,9.43,1200
NHDL,2026-08-21,634.0,635.0,3951
PCIL,2026-08-21,620.0,615.0,24622
SRLI,2026-08-21,366.0,368.5,9011
SONA,2026-08-21,399.1,398.0,21349
NRN,2026-08-21,1370.0,1375.0,65821
MFIL,2026-08-21,740.0,746.9,19708
SAPDBL,2026-08-21,680.0,699.0,40340
UAIL,2026-08-21,429.0,425.0,11986
PRIN,2026-08-21,665.0,650.0,4800
MANDU,2026-08-21,765.0,763.9,4328
SEF2,2026-08-21,9.02,9.01,13922
UNLB,2026-08-21,1226.0,1259.9,20
MLBBL,2026-08-21,1010.1,997.0,2761
SLBSL,2026-08-21,891.0,914.0,571
VLUCL,2026-08-21,404.9,397.0,5139
RSML,2026-08-21,2849.0,2775.0,94674
SBLD89,2026-08-21,1285.0,1293.5,50
SOPL,2026-08-21,776.0,769.4,29006
SHPC,2026-08-21,520.0,527.2,348089
HFIN,2026-08-21,640.3,662.0,34171
SHLB,2026-08-21,1385.0,1397.0,139
PRSF,2026-08-21,12.81,12.95,20400
WNLB,2026-08-21,1280.1,1280.0,241
NIMBPO,2026-08-21,137.3,137.5,960
SALICO,2026-08-21,583.0,584.0,11314
SOHL,2026-08-21,680.0,686.0,352814
NICSF,2026-08-21,9.0,8.77,21660
SPHL,2026-08-21,515.0,527.9,3907
CHDC,2026-08-21,2204.0,2240.0,10637
SADBL,2026-08-21,410.0,408.0,10127
ULHC,2026-08-21,333.0,330.1,19338
NMIC,2026-08-21,888.0,877.0,3415
BFC,2026-08-21,482.0,474.0,16843
HRL,2026-08-21,570.0,565.0,33333
MKHL,2026-08-21,507.8,500.0,3695
STC,2026-08-21,5190.6,5184.0,1348
ADBL,2026-08-21,300.1,301.0,31051
SPC,2026-08-21,411.0,414.0,5713
SIKLES,2026-08-21,564.1,568.0,17792
GBLBS,2026-08-21,685.1,671.0,7437
KDL,2026-08-21,764.0,763.3,1365
UNHPL,2026-08-21,373.0,367.0,16265
GILB,2026-08-21,1100.0,1090.0,5923
SHL,2026-08-21,505.0,500.2,19907
UHEWA,2026-08-21,601.0,607.3,85655
SEF,2026-08-21,9.28,9.51,61015
SMJC,2026-08-21,428.1,437.0,15290
SYPNL,2026-08-21,1206.5,1260.0,20283
ICFCD89,2026-08-21,1090.0,1100.0,180
PSF,2026-08-21,11.9,11.9,16500
NICA,2026-08-21,312.9,314.0,53856
NSY,2026-08-21,8.86,9.52,1900
CIT,2026-08-21,1691.0,1695.0,4864
SINDU,2026-08-21,653.1,640.0,9724
SBCF,2026-08-21,9.6,9.6,200
NRM,2026-08-21,300.0,295.1,14926
H8020,2026-08-21,12.0,12.0,10300
NMBMF,2026-08-21,600.0,600.0,710
NABBC,2026-08-21,805.0,786.9,16510
NBF3,2026-08-21,9.5,9.67,14800
NIBLSTF,2026-08-21,8.5,8.33,4737
ADBLD83,2026-08-21,1039.0,1039.0,19
HEIP,2026-08-21,322.0,329.8,7986
AKJCL,2026-08-21,355.9,348.9,303459
JBLB,2026-08-21,1260.0,1256.1,4817
SIGS3,2026-08-21,11.0,11.0,372573
LEC,2026-08-21,220.4,217.3,197561
MAKAR,2026-08-21,416.5,416.5,12516
RLFL,2026-08-21,438.9,435.0,15773
MDB,2026-08-21,566.5,567.0,9102
EHPL,2026-08-21,349.6,321.2,12112
GLH,2026-08-21,258.8,252.3,38536
BHL,2026-08-21,209.0,207.0,53988
KHPL,2026-08-21,795.0,773.0,5444
BUNGAL,2026-08-21,600.0,584.0,16715
CHL,2026-08-21,272.0,266.0,16060
MLBSL,2026-08-21,1210.0,1184.2,1255
LSL,2026-08-21,220.0,220.0,50702
GVL,2026-08-21,482.0,483.0,23230
SWBBL,2026-08-21,673.0,672.9,8320
HEI,2026-08-21,524.1,527.0,7521
MKHC,2026-08-21,262.0,259.0,29006
MEPDL,2026-08-21,837.4,774.0,130560
MERO,2026-08-21,640.0,636.0,5609
SAIL,2026-08-21,1025.0,1025.0,10691
ANLB,2026-08-21,5000.0,5140.0,791
KBSH,2026-08-21,900.0,911.0,10287
LICN,2026-08-21,763.0,770.0,9536
BNT,2026-08-21,11700.0,11750.0,50
RSY,2026-08-21,10.25,10.65,14400
BBC,2026-08-21,4022.0,4100.0,538
KBL,2026-08-21,215.0,215.4,112416
SIPD,2026-08-21,647.0,648.0,6048
BANDIPUR,2026-08-21,682.0,676.9,22401
GMFIL,2026-08-21,443.3,440.8,3422
ICFCD88,2026-08-21,1110.1,1110.0,50
GUFL,2026-08-21,540.0,520.0,36430
RHGCL,2026-08-21,250.4,268.0,17134
ACLBSL,2026-08-21,892.0,911.0,803
BHDC,2026-08-21,434.0,425.0,16556
BNHC,2026-08-21,279.8,278.6,13953
CREST,2026-08-21,1120.0,1140.0,4635
BARUN,2026-08-21,320.0,320.1,38157
HHL,2026-08-21,325.5,334.8,23293
PHCL,2026-08-21,303.0,306.9,117073
GIBF1,2026-08-21,10.69,10.9,600
SLBBL,2026-08-21,790.5,798.0,3073
MSLB,2026-08-21,1235.0,1234.0,176
KAHL,2026-08-21,535.0,527.0,49833
HIMSTAR,2026-08-21,685.0,670.0,3560
GRDBL,2026-08-21,980.0,970.0,12904
CBLD88,2026-08-21,1205.0,1201.0,25
CKHL,2026-08-21,576.0,595.3,1815
ALICL,2026-08-21,418.1,415.2,8641
DLBS,2026-08-21,1081.0,1027.0,2990
HBL,2026-08-21,192.0,191.4,59408
BNL,2026-08-21,14500.0,14900.0,20
MHL,2026-08-21,465.0,459.0,5507
SHINE,2026-08-21,410.0,409.0,7778
GBBL,2026-08-21,423.0,421.8,33850
EBL,2026-08-21,736.5,737.0,22824
SPDL,2026-08-21,365.0,361.0,38965
ALBSL,2026-08-21,1067.0,1079.0,4049
LLBS,2026-08-21,857.0,877.0,174
MSHL,2026-08-21,604.0,575.0,730
SBD87,2026-08-21,1085.0,1085.0,25
MEL,2026-08-21,202.6,204.0,7910
MABEL,2026-08-21,637.8,594.0,3631
SNLI,2026-08-21,402.0,401.0,7044
CFCL,2026-08-21,593.2,599.0,48090
APHL,2026-08-21,760.0,738.0,8515
NMB50,2026-08-21,9.9,9.86,66820
API,2026-08-21,335.0,335.0,127525
GMLI,2026-08-21,974.0,1025.0,2102
NABIL,2026-08-21,550.0,545.0,38251
BHCL,2026-08-21,540.0,541.0,78538
BJHL,2026-08-21,709.5,720.0,22624
SAPIL,2026-08-21,714.4,797.6,400
PBD88,2026-08-21,1175.0,1175.0,25
KPCL,2026-08-21,467.0,464.0,5955
MBLEF,2026-08-21,9.51,9.53,500
NYADI,2026-08-21,356.2,356.0,3564
TRH,2026-08-21,805.0,812.1,6074
IHL,2026-08-21,326.0,325.0,3066
MBJC,2026-08-21,262.0,267.4,58254
NGPL,2026-08-21,411.9,407.0,114342
SMHL,2026-08-21,523.0,517.0,167377
CBBL,2026-08-21,940.0,939.5,12260
LVF2,2026-08-21,9.3,9.08,420
RBBF40,2026-08-21,8.78,8.91,400
DHEL,2026-08-21,585.0,579.0,15456
OHL,2026-08-21,642.0,643.9,485
GHL,2026-08-21,231.1,231.0,123745
MKJC,2026-08-21,435.0,424.1,5526
GBIMESY2,2026-08-21,8.89,8.96,1200
EBLD91,2026-08-21,1067.0,1067.0,25
ICFCD83,2026-08-21,934.2,887.5,1
SGHC,2026-08-21,302.0,303.0,29756
SANVI,2026-08-21,586.0,573.0,14119
RMF2,2026-08-21,10.1,10.1,1050
SHEL,2026-08-21,302.0,300.0,61465
TSHL,2026-08-21,369.0,357.1,3495
BEDC,2026-08-21,307.2,308.0,16674
NADEP,2026-08-21,715.0,710.9,1762
GSY,2026-08-21,9.18,9.35,3100
MHNL,2026-08-21,246.0,244.0,19873
KDBY,2026-08-21,9.98,9.97,106530
IGI,2026-08-21,422.4,420.0,8518
SPIL,2026-08-21,685.0,678.0,2652
MMKJL,2026-08-21,439.0,436.3,1110
KBLD90,2026-08-21,1341.8,1341.8,75
SKHEL,2026-08-21,940.0,910.0,5616
JOSHI,2026-08-21,265.0,263.0,27734
GBIME,2026-08-21,247.5,246.2,162508
HPPL,2026-08-21,370.0,380.0,115323
HDL,2026-08-21,1178.0,1172.5,10688
GMFBS,2026-08-21,1180.0,1159.0,476
HLI,2026-08-21,321.0,314.0,27356
MPFL,2026-08-21,610.2,610.8,2293
LUK,2026-08-21,9.74,9.74,1000
CLI,2026-08-21,462.0,430.0,16441
MCHL,2026-08-21,275.0,279.0,2449
KSY,2026-08-21,8.89,9.16,3785
ILI,2026-08-21,409.3,413.3,4845
YMHL,2026-08-21,616.0,614.5,22153
RNLI,2026-08-21,427.0,426.8,8950
NICBF,2026-08-21,9.91,9.3,1840
MLBS,2026-08-21,1081.5,1070.0,60
LSH12,2026-08-21,8.9,8.95,5100
GLBSL,2026-08-21,1710.0,1730.0,283
HURJA,2026-08-21,238.0,234.1,29860
BPCL,2026-08-21,655.0,660.0,86126
EBLD85,2026-08-21,1141.0,1116.5,27
SKBBL,2026-08-21,750.0,751.5,11764
TTL,2026-08-21,705.1,705.0,5896
CYCL,2026-08-21,1382.3,1466.0,17878
JSLBB,2026-08-21,950.0,967.0,294
KSBBL,2026-08-21,480.0,474.0,9433
ULBSL,2026-08-21,2500.0,2525.0,1170
AHPC,2026-08-21,264.0,260.9,81447
RIDI,2026-08-21,365.0,359.9,513142
LBBL,2026-08-21,481.0,475.1,26089
UMHL,2026-08-21,560.0,579.9,65205
NICL,2026-08-21,504.9,488.0,11362
NMBHF2,2026-08-21,9.85,9.91,36510
MMF1,2026-08-21,8.8,8.95,5020
SPL,2026-08-21,667.9,648.8,359
ILBS,2026-08-21,840.0,858.8,691
HBLD86,2026-08-21,1220.0,1170.0,4
SBL,2026-08-21,412.0,414.0,115661
CSY,2026-08-21,8.7,8.76,1121
MNBBL,2026-08-21,360.0,361.0,23842
JFL,2026-08-21,380.0,380.0,3187
GBBD85,2026-08-21,1077.8,1077.8,50
HATHY,2026-08-21,581.0,610.0,18238
PCBL,2026-08-21,240.0,241.0,42617
NRIC,2026-08-21,906.0,902.0,17663
GCIL,2026-08-21,340.4,340.5,6378
LSH12,2026-08-20,8.95,9.0,2300
SPC,2026-08-20,414.0,416.6,4467
NHDL,2026-08-20,639.0,635.3,1457
TPC,2026-08-20,360.0,359.0,9830
SIFC,2026-08-20,495.0,497.9,3281
EHPL,2026-08-20,340.0,333.0,10364
MKHC,2026-08-20,264.0,260.9,14335
PPL,2026-08-20,299.3,314.0,18393
GUFL,2026-08-20,532.0,535.0,11894
SAIL,2026-08-20,1010.0,1046.0,24081
MLBL,2026-08-20,347.0,349.0,7294
GBILD84/85,2026-08-20,1153.0,1153.0,10
GMLI,2026-08-20,1026.0,1025.1,1101
HEI,2026-08-20,523.0,529.0,18340
SIPD,2026-08-20,645.1,663.0,5783
JBLB,2026-08-20,1270.0,1264.1,3407
HLICF,2026-08-20,8.61,8.37,1400
PCBL,2026-08-20,240.0,240.0,16616
MBL,2026-08-20,248.4,251.0,138300
CLI,2026-08-20,435.0,440.0,15739
BPCL,2026-08-20,640.0,655.0,18405
LLBS,2026-08-20,850.0,867.0,497
GSY,2026-08-20,9.06,9.32,23100
NIBLSTF,2026-08-20,8.31,8.38,6650
ALBSL,2026-08-20,1065.0,1105.0,929
HIDCLP,2026-08-20,188.0,184.2,93293
OMPL,2026-08-20,885.0,901.9,1781
NABILD2089,2026-08-20,1087.3,1087.3,25
H8020,2026-08-20,11.8,11.8,5785
MKCL,2026-08-20,960.0,960.0,2120
SMB,2026-08-20,1730.0,1759.0,311
AKPL,2026-08-20,250.0,249.8,32954
NMFBS,2026-08-20,1120.0,1118.0,5949
CFCL,2026-08-20,590.0,590.1,47494
NYADI,2026-08-20,360.0,359.0,5237
KBL,2026-08-20,215.0,215.5,127383
BEDC,2026-08-20,310.0,307.0,17068
PMLI,2026-08-20,420.0,425.0,2617
MBJC,2026-08-20,262.1,264.0,10282
MSHL,2026-08-20,600.0,587.0,689
SGIC,2026-08-20,445.1,450.9,4132
BFC,2026-08-20,488.0,482.0,8180
SFMF,2026-08-20,10.2,10.2,21600
SBCF,2026-08-20,9.6,9.6,2450
GBLBS,2026-08-20,700.0,698.0,1539
NLG,2026-08-20,559.8,559.8,5356
CSY,2026-08-20,8.65,8.7,800
SSHL,2026-08-20,200.0,200.0,56891
NBF3,2026-08-20,9.6,9.67,10100
ACLBSL,2026-08-20,900.0,909.0,562
SLCF,2026-08-20,10.0,9.7,1100
NSIF2,2026-08-20,11.1,11.0,342164
ULHC,2026-08-20,349.6,338.4,10224
NLICL,2026-08-20,560.09,563.0,14317
SAPDBL,2026-08-20,740.0,713.9,36671
TVCL,2026-08-20,460.0,465.0,15545
SONA,2026-08-20,400.0,399.1,24184
CREST,2026-08-20,1145.0,1144.0,6890
SMFBS,2026-08-20,1477.0,1422.0,384
RADHI,2026-08-20,707.0,718.0,83477
NIL,2026-08-20,602.0,598.3,6055
GCIL,2026-08-20,340.0,344.9,7927
SHL,2026-08-20,499.0,498.0,19847
GLH,2026-08-20,250.1,255.0,24874
RBBD83,2026-08-20,1010.3,1010.3,25
MLBSL,2026-08-20,1220.0,1219.9,1440
SHPC,2026-08-20,490.1,514.0,156670
MNBBL,2026-08-20,361.0,360.0,35952
SKHL,2026-08-20,767.6,817.0,16944
KMCDB,2026-08-20,790.0,780.0,321
WNLB,2026-08-20,1300.0,1301.0,109
PPCL,2026-08-20,333.0,335.0,7340
ULBSL,2026-08-20,2554.0,2548.0,3136
ICFC,2026-08-20,590.3,597.0,6162
GBBL,2026-08-20,420.5,423.5,43022
SNLI,2026-08-20,404.0,400.4,20441
SWASTIK,2026-08-20,1946.0,1988.8,1146
HLBSL,2026-08-20,875.0,874.0,1291
SPL,2026-08-20,641.0,651.9,1275
HLI,2026-08-20,315.0,316.0,25393
NSY,2026-08-20,9.03,9.1,1416
MCHL,2026-08-20,275.0,280.0,3530
JSLBB,2026-08-20,950.0,968.9,78
NMBHF2,2026-08-20,9.7,9.9,29640
MEHL,2026-08-20,259.0,250.0,184863
SIGS3,2026-08-20,11.1,11.0,179099
SWBBL,2026-08-20,670.0,672.4,4896
AVYAN,2026-08-20,1035.0,1034.0,2612
PROFL,2026-08-20,406.0,409.9,3180
SBL,2026-08-20,406.3,411.5,106139
DHEL,2026-08-20,580.0,585.0,14910
HFIN,2026-08-20,670.0,674.0,15445
CHCL,2026-08-20,480.0,483.8,30342
IHL,2026-08-20,322.0,326.0,9482
USLB,2026-08-20,1100.0,1094.0,1857
CHDC,2026-08-20,2199.0,2205.9,8465
BHL,2026-08-20,210.0,208.0,45117
BJHL,2026-08-20,710.0,724.0,17571
SNORL,2026-08-20,900.0,909.0,7387
NMBMF,2026-08-20,600.0,599.8,1330
HPPL,2026-08-20,378.0,379.3,103853
SAGAR,2026-08-20,1580.1,1568.1,4434
MHNL,2026-08-20,237.0,244.6,10655
KDBY,2026-08-20,10.5,9.97,12520
MMF1,2026-08-20,8.7,8.96,8784
C30MF,2026-08-20,10.0,10.0,4200
LBBL,2026-08-20,480.0,480.0,25054
MFIL,2026-08-20,745.0,748.8,21688
MABEL,2026-08-20,610.0,607.5,4376
TAMOR,2026-08-20,462.0,481.8,314336
AHPC,2026-08-20,259.0,260.5,83023
NADEP,2026-08-20,696.4,709.0,575
ICFCD83,2026-08-20,983.3,934.2,1
EBLD86,2026-08-20,1070.0,1070.0,25
NMLBBL,2026-08-20,499.7,500.0,3977
RLEL,2026-08-20,888.0,925.0,29089
SBID83,2026-08-20,1059.9,1060.0,100
CIZBD90,2026-08-20,1230.0,1225.0,50
SANIMA,2026-08-20,368.9,371.0,67237
CHL,2026-08-20,267.0,268.0,15090
GBIME,2026-08-20,249.0,247.5,103072
NRM,2026-08-20,301.0,300.1,4865
MLBBL,2026-08-20,1037.0,1030.0,1233
SMPDA,2026-08-20,730.6,749.9,937
GLBSL,2026-08-20,1743.0,1710.0,391
SARBTM,2026-08-20,818.8,788.6,3778
MLBS,2026-08-20,1050.0,1050.0,246
CITY,2026-08-20,377.8,357.0,61854
HIDCL,2026-08-20,252.9,253.8,17179
RURU,2026-08-20,600.0,603.0,8453
LUK,2026-08-20,10.28,9.74,8100
MKHL,2026-08-20,496.2,494.1,4543
SMATA,2026-08-20,710.0,710.0,3643
MHCL,2026-08-20,296.1,303.1,2480
EBL,2026-08-20,731.0,734.9,47132
NICLBSL,2026-08-20,546.9,543.5,3698
NICSF,2026-08-20,8.4,8.85,2050
RFPL,2026-08-20,325.0,337.0,20195
LVF2,2026-08-20,9.57,9.58,200
KSBBL,2026-08-20,476.0,480.0,19586
BUNGAL,2026-08-20,627.0,588.0,13603
RSML,2026-08-20,2685.0,2784.0,110600
ILI,2026-08-20,412.0,415.0,7178
EDBL,2026-08-20,590.0,583.8,998
HRL,2026-08-20,560.0,570.0,32868
SICL,2026-08-20,610.0,606.1,3507
CCBD88,2026-08-20,1220.0,1220.0,17
HBL,2026-08-20,192.0,191.4,21684
MNMF1,2026-08-20,9.38,9.5,31150
IGI,2026-08-20,428.0,422.5,2790
BARUN,2026-08-20,316.0,317.0,17115
ADBL,2026-08-20,300.0,300.1,49169
NCCD86,2026-08-20,1101.2,1102.1,40
SMJC,2026-08-20,428.0,428.1,8558
DOLTI,2026-08-20,311.0,308.9,20935
TSHL,2026-08-20,365.0,364.7,1367
KEF,2026-08-20,10.67,10.01,74596
SINDU,2026-08-20,679.9,660.0,8300
ALICL,2026-08-20,415.0,419.9,12470
RBBF40,2026-08-20,8.83,9.0,7200
NESDO,2026-08-20,1411.9,1395.0,315
DDBL,2026-08-20,832.1,849.9,8432
GBIMESY2,2026-08-20,8.89,9.1,400
NIFRA,2026-08-20,242.1,244.0,37783
ANLB,2026-08-20,5050.0,5138.0,1420
KBSH,2026-08-20,950.0,938.5,10051
MEN,2026-08-20,626.0,639.0,215289
SJLIC,2026-08-20,407.0,410.0,13730
MSLB,2026-08-20,1218.3,1237.9,520
KPCL,2026-08-20,458.0,466.0,3577
ECL,2026-08-20,1400.0,1452.0,12723
BBC,2026-08-20,4250.0,4130.0,372
ICFCD89,2026-08-20,1090.0,1090.0,60
NIMB,2026-08-20,188.0,187.5,85941
CGH,2026-08-20,769.0,771.0,4394
KDL,2026-08-20,766.0,764.0,895
RIDI,2026-08-20,365.0,364.8,258955
KHPL,2026-08-20,772.1,785.0,4591
NICFC,2026-08-20,8.75,9.25,4801
MAKAR,2026-08-20,400.0,420.0,39703
TRH,2026-08-20,800.0,815.0,7205
USHEC,2026-08-20,495.6,511.0,19508
UAIL,2026-08-20,421.2,429.0,8731
NBF2,2026-08-20,9.55,9.85,6320
PRIN,2026-08-20,649.0,652.0,5322
UNLB,2026-08-20,1274.9,1261.9,1454
NICAD2091,2026-08-20,1050.0,1050.0,25
PBLD84,2026-08-20,1065.1,1065.1,25
TPKHL,2026-08-20,534.8,556.0,22973
JBBL,2026-08-20,334.2,334.0,17330
SHINE,2026-08-20,412.0,411.6,2231
MANDU,2026-08-20,814.7,840.0,17075
NRN,2026-08-20,1393.0,1390.0,27952
HEIP,2026-08-20,322.0,322.0,354
SEF2,2026-08-20,9.02,9.03,4900
RAWA,2026-08-20,421.0,421.0,7135
RLFL,2026-08-20,433.1,436.0,11299
SGHL,2026-08-20,537.0,534.0,58434
API,2026-08-20,331.0,335.4,139127
MBLEF,2026-08-20,9.51,9.57,500
SGHC,2026-08-20,305.0,299.7,57288
NTC,2026-08-20,888.1,898.5,30738
SADBL,2026-08-20,405.0,405.0,11179
DORDI,2026-08-20,248.0,249.0,10476
NFS,2026-08-20,565.0,555.0,6697
GRDBL,2026-08-20,1000.0,979.5,21674
BHDC,2026-08-20,426.0,434.0,8167
SEF,2026-08-20,9.4,9.3,76895
SBLD89,2026-08-20,1293.0,1280.1,85
NMIC,2026-08-20,870.4,888.0,860
MMKJL,2026-08-20,438.1,439.0,4919
RBCL,2026-08-20,14000.0,13815.0,20
LICN,2026-08-20,770.0,769.0,7404
NIBSF2,2026-08-20,8.79,8.58,15300
SPHL,2026-08-20,500.0,530.9,10386
SHIVM,2026-08-20,632.0,631.0,28823
NUBL,2026-08-20,595.0,590.0,3064
OHL,2026-08-20,654.0,652.0,766
LSL,2026-08-20,218.0,219.3,69495
NIBLGF,2026-08-20,8.64,8.48,1500
RSDC,2026-08-20,621.0,626.7,903
MERO,2026-08-20,648.0,641.5,4620
RMF1,2026-08-20,9.85,9.57,13700
MEL,2026-08-20,204.1,205.0,24700
SHINED,2026-08-20,1080.1,1095.0,48
UPPER,2026-08-20,201.0,191.0,53394
ILBS,2026-08-20,860.0,860.0,1619
GILB,2026-08-20,1129.0,1100.0,1763
MPFL,2026-08-20,610.0,614.0,4737
HIMSTAR,2026-08-20,671.0,688.7,1570
RSY,2026-08-20,10.3,10.55,10300
SALICO,2026-08-20,589.0,583.0,2444
AKJCL,2026-08-20,350.6,355.0,136047
RHPL,2026-08-20,251.0,248.4,27841
SLBBL,2026-08-20,786.5,800.0,1513
SJCL,2026-08-20,263.1,264.0,6728
YMHL,2026-08-20,620.0,625.0,16310
KKHC,2026-08-20,287.7,278.8,255787
VLUCL,2026-08-20,399.0,393.2,3010
EBLD85,2026-08-20,1141.0,1141.0,10
CZBIL,2026-08-20,198.2,201.7,25254
MATRI,2026-08-20,790.1,805.0,328
NABIL,2026-08-20,550.0,548.5,27241
PURE,2026-08-20,800.0,807.0,7110
SWMF,2026-08-20,601.0,607.9,2678
SCB,2026-08-20,654.0,650.0,5957
SYPNL,2026-08-20,1207.5,1270.0,26575
GHL,2026-08-20,234.9,234.9,70682
SANVI,2026-08-20,580.0,588.9,5230
ADBLB87,2026-08-20,1012.0,1015.0,500000
MKJC,2026-08-20,433.0,432.2,6109
CKHL,2026-08-20,580.0,588.0,120
GIBF1,2026-08-20,10.8,10.9,1100
HHL,2026-08-20,332.0,329.1,8910
NMB,2026-08-20,239.9,240.0,38559
SDBD87,2026-08-20,1121.0,1105.0,52
NICGF2,2026-08-20,9.0,9.0,500
RHGCL,2026-08-20,250.4,254.0,6713
SPDL,2026-08-20,360.2,365.0,23274
KAHL,2026-08-20,540.0,540.0,22715
UMRH,2026-08-20,519.2,530.0,5998
GFCL,2026-08-20,591.5,593.8,2429
BNHC,2026-08-20,280.0,279.8,11074
SMH,2026-08-20,502.2,514.0,15544
CIT,2026-08-20,1692.1,1695.0,2720
JOSHI,2026-08-20,270.0,267.7,41056
JFL,2026-08-20,385.0,381.0,2855
LEC,2026-08-20,219.0,221.7,102327
PHCL,2026-08-20,298.2,303.0,94316
SAPIL,2026-08-20,621.2,693.6,180
MHL,2026-08-20,458.2,468.0,1598
SOHL,2026-08-20,682.1,699.0,333263
BHPL,2026-08-20,467.1,468.1,2723
NHPC,2026-08-20,265.4,272.0,193614
SIKLES,2026-08-20,553.0,567.0,18583
NBL,2026-08-20,275.0,277.0,207413
RMF2,2026-08-20,10.1,10.1,420
DHPL,2026-08-20,284.0,283.0,624
HDHPC,2026-08-20,210.0,209.0,49580
PCIL,2026-08-20,620.0,622.9,25154
USHL,2026-08-20,529.5,535.9,3065
SABBL,2026-08-20,930.0,930.0,11404
RSY2,2026-08-20,8.9,8.98,11000
MFLD85,2026-08-20,1085.0,1085.0,100
JHAPA,2026-08-20,1045.0,1040.0,5328
HATHY,2026-08-20,606.0,581.0,22871
DLBS,2026-08-20,1125.0,1084.0,531
KSY,2026-08-20,9.16,9.16,2180
PSF,2026-08-20,11.81,11.87,10546
UPCL,2026-08-20,340.1,343.0,33262
FMDBL,2026-08-20,771.8,768.9,8680
CYCL,2026-08-20,1425.0,1455.0,7870
HDL,2026-08-20,1184.0,1177.0,11771
UHEWA,2026-08-20,601.0,620.0,143161
SOPL,2026-08-20,775.0,776.0,27619
GMFBS,2026-08-20,1150.0,1165.0,24
SAGF,2026-08-20,9.99,9.99,100
NICA,2026-08-20,308.0,313.6,64478
NABBC,2026-08-20,802.1,804.1,8932
SKHEL,2026-08-20,932.0,960.0,971
VLBS,2026-08-20,652.0,650.0,2603
SAHAS,2026-08-20,705.0,709.0,236924
RNLI,2026-08-20,422.1,428.9,10189
SHLB,2026-08-20,1383.0,1384.0,69
SKBBL,2026-08-20,755.0,750.0,8931
SAEF2,2026-08-20,9.02,9.04,3950
SHEL,2026-08-20,295.0,302.0,52751
UMHL,2026-08-20,585.0,582.0,98661
CBBL,2026-08-20,939.9,939.0,8287
MEPDL,2026-08-20,728.2,797.6,28980
NMB50,2026-08-20,9.76,10.02,34360
STC,2026-08-20,5106.1,5200.0,1097
AHL,2026-08-20,395.0,401.0,1091
TTL,2026-08-20,704.0,710.0,5078
PRSF,2026-08-20,12.75,12.9,5980
EBLD91,2026-08-20,1080.0,1100.0,175
BGWT,2026-08-20,515.5,520.0,7990
MDB,2026-08-20,570.0,566.2,15393
SBI,2026-08-20,393.0,404.9,12579
NWCL,2026-08-20,658.0,646.5,5613
NRIC,2026-08-20,900.2,906.0,16137
NICBF,2026-08-20,9.67,9.64,1615
UNHPL,2026-08-20,372.9,372.0,16180
SLBSL,2026-08-20,930.0,918.0,1684
BHCL,2026-08-20,552.0,559.9,55660
FOWAD,2026-08-20,925.0,915.0,5033
HURJA,2026-08-20,233.3,237.9,18279
NLIC,2026-08-20,720.0,717.0,32677
CORBL,2026-08-20,1028.0,994.0,31498
BANDIPUR,2026-08-20,682.0,680.3,13764
BNT,2026-08-20,11666.0,11750.0,20
PMHPL,2026-08-20,304.0,303.8,9764
SMHL,2026-08-20,502.0,522.9,314263
NIMBPO,2026-08-20,144.1,141.0,42
APHL,2026-08-20,743.3,750.0,6043
GVL,2026-08-20,470.0,482.3,14430
ENL,2026-08-20,798.0,818.5,40
SPIL,2026-08-20,714.0,685.0,4999
NBLD82,2026-08-20,1051.1,1051.1,100
NGPL,2026-08-20,406.5,412.0,170242
NICL,2026-08-20,495.0,491.1,11067
SRLI,2026-08-20,369.0,367.1,7112
GMFIL,2026-08-20,441.5,440.0,12318
SIGS2,2026-08-20,10.53,10.51,14010
PRVU,2026-08-20,182.0,183.0,92882
SFEF,2026-08-19,9.8,9.8,100
IHL,2026-08-19,328.0,323.5,9623
NWCL,2026-08-19,670.0,672.0,1250
HIMSTAR,2026-08-19,680.1,686.4,2640
NICFC,2026-08-19,8.83,9.0,1201
MPFL,2026-08-19,614.0,615.0,11927
ECL,2026-08-19,1397.0,1436.0,11764
SARBTM,2026-08-19,802.9,779.9,15526
MCHL,2026-08-19,277.0,282.0,5961
MHL,2026-08-19,462.0,465.0,3234
MLBBL,2026-08-19,1030.0,1029.9,1789
NIBLGF,2026-08-19,8.63,8.89,7680
SHL,2026-08-19,498.0,498.0,24850
GCIL,2026-08-19,339.8,342.0,3060
MBL,2026-08-19,249.0,248.4,50466
CREST,2026-08-19,1155.0,1152.9,7972
JBBD87,2026-08-19,1100.1,1100.1,25
NRM,2026-08-19,296.0,301.0,6548
GBLBS,2026-08-19,690.0,702.5,1855
NTC,2026-08-19,871.0,888.0,6849
NIBSF2,2026-08-19,8.79,8.8,950
TAMOR,2026-08-19,455.0,459.5,79851
HHL,2026-08-19,329.2,332.0,12993
DLBS,2026-08-19,1154.0,1098.5,624
SSHL,2026-08-19,200.1,200.8,36822
MSLB,2026-08-19,1215.1,1218.3,927
PCIL,2026-08-19,616.0,621.0,13207
MKCL,2026-08-19,962.0,975.0,2376
SMHL,2026-08-19,498.0,502.0,40719
MKJC,2026-08-19,419.9,440.0,1009
LEC,2026-08-19,211.9,220.9,239048
RHPL,2026-08-19,251.0,251.7,8864
SYPNL,2026-08-19,1225.5,1271.0,29613
NMB50,2026-08-19,9.8,9.81,344051
UNLB,2026-08-19,1227.0,1249.9,219
LSL,2026-08-19,216.5,217.9,56190
ULHC,2026-08-19,341.0,333.0,18304
ADBL,2026-08-19,302.0,300.9,25174
LBLD88,2026-08-19,1122.7,1122.7,49
VLUCL,2026-08-19,399.0,400.0,4923
PSF,2026-08-19,11.82,11.84,1654
CFCL,2026-08-19,587.0,600.0,40716
SPDL,2026-08-19,360.5,366.9,13337
OMPL,2026-08-19,880.0,900.0,1482
RNLI,2026-08-19,426.0,421.4,12683
RSY2,2026-08-19,8.9,9.01,11350
SEF,2026-08-19,9.75,9.34,72500
MEL,2026-08-19,203.0,205.9,21347
RLFL,2026-08-19,419.9,443.0,8191
PCBL,2026-08-19,240.0,240.5,46783
SPIL,2026-08-19,681.0,680.0,4772
SMPDA,2026-08-19,740.0,738.0,1146
GFCL,2026-08-19,590.0,591.5,3051
SLCF,2026-08-19,10.0,10.0,300
RSML,2026-08-19,2705.0,2710.0,57723
TPC,2026-08-19,359.0,358.5,6105
RHGCL,2026-08-19,250.1,253.0,11477
LLBS,2026-08-19,895.0,862.1,2220
MAKAR,2026-08-19,406.0,406.9,19213
RBBD2088,2026-08-19,1050.0,1050.0,25
MFLD85,2026-08-19,1085.0,1085.0,25
AHPC,2026-08-19,258.2,260.0,58501
NICAD85/86,2026-08-19,1140.0,1140.0,15
SBL,2026-08-19,407.0,408.2,55032
KEF,2026-08-19,11.23,11.0,177470
BGWT,2026-08-19,503.0,515.0,2590
NMB,2026-08-19,239.0,238.7,42441
FMDBL,2026-08-19,723.0,769.8,12640
TPKHL,2026-08-19,533.5,562.0,25681
BHL,2026-08-19,208.0,209.0,36974
H8020,2026-08-19,11.79,11.79,200
HLI,2026-08-19,315.0,315.0,16202
CHCL,2026-08-19,480.0,479.0,7975
MATRI,2026-08-19,795.0,802.0,316
CORBL,2026-08-19,1027.0,1028.0,15214
ILI,2026-08-19,415.0,413.0,3462
SWBBL,2026-08-19,675.0,667.0,15528
PCBLP,2026-08-19,103.0,103.0,24779
SBLD2091,2026-08-19,1080.0,1080.0,300
ACLBSL,2026-08-19,898.0,900.0,842
NLICL,2026-08-19,565.0,565.1,5191
PPCL,2026-08-19,330.1,335.0,120724
USLB,2026-08-19,1097.0,1075.0,2652
SNORL,2026-08-19,903.0,915.0,18899
HDHPC,2026-08-19,207.5,207.9,61131
PHCL,2026-08-19,296.1,299.2,63011
SAEF2,2026-08-19,9.0,9.03,6370
SALICO,2026-08-19,582.5,591.5,4381
SRLI,2026-08-19,366.0,368.7,9087
TVCL,2026-08-19,463.0,472.0,8258
SEF2,2026-08-19,9.01,9.02,7950
GBILD84/85,2026-08-19,1120.0,1123.0,148
CITY,2026-08-19,361.0,359.9,50429
NICD83/84,2026-08-19,1003.0,1002.8,2345
UMRH,2026-08-19,520.0,530.0,2056
NYADI,2026-08-19,360.1,360.0,1532
PBLD87,2026-08-19,1070.1,1102.2,50
MKHC,2026-08-19,252.0,261.0,12164
DHPL,2026-08-19,285.0,281.0,2441
MHNL,2026-08-19,236.6,242.4,11085
UPPER,2026-08-19,190.1,191.5,62354
TTL,2026-08-19,697.0,704.0,5467
SHINE,2026-08-19,410.5,412.0,12667
KDBY,2026-08-19,11.1,11.05,83390
NICBF,2026-08-19,9.21,9.48,500
OHL,2026-08-19,647.2,653.9,462
SIGS3,2026-08-19,10.99,11.0,207987
SMB,2026-08-19,1721.0,1737.0,997
SADBL,2026-08-19,400.3,404.0,10013
C30MF,2026-08-19,10.0,10.0,800
NMBHF2,2026-08-19,9.61,9.89,616880
NHPC,2026-08-19,248.9,263.0,169326
KHPL,2026-08-19,788.0,785.0,6170
SMATA,2026-08-19,711.0,710.0,2851
RSY,2026-08-19,10.42,10.52,254400
SOHL,2026-08-19,687.8,682.1,247607
KBL,2026-08-19,213.0,214.1,149187
SAHAS,2026-08-19,684.6,701.0,253936
BFC,2026-08-19,485.0,476.2,22678
UPCL,2026-08-19,349.9,342.2,17262
NICA,2026-08-19,316.0,315.7,64786
GIBF1,2026-08-19,10.62,10.76,15905
NESDO,2026-08-19,1407.0,1412.0,855
SGHL,2026-08-19,530.0,538.9,75638
SICL,2026-08-19,605.1,609.0,6906
GMLI,2026-08-19,1050.0,1056.0,1430
ILBS,2026-08-19,850.0,860.0,2090
SHIVM,2026-08-19,623.5,627.4,71344
NICAD2091,2026-08-19,1072.0,1073.6,36
MKHL,2026-08-19,489.0,496.1,1521
HLBSL,2026-08-19,875.0,875.0,82
SIFC,2026-08-19,497.0,499.0,7578
NMFBS,2026-08-19,1120.0,1120.0,688
CYCL,2026-08-19,1415.5,1500.0,11379
HDL,2026-08-19,1185.0,1178.2,17260
RMF1,2026-08-19,9.52,10.0,1800
NICGF2,2026-08-19,9.0,8.97,1000
EBLD91,2026-08-19,1133.0,1100.0,123
SABBL,2026-08-19,900.0,940.0,11997
UHEWA,2026-08-19,577.6,610.0,34954
CLI,2026-08-19,438.0,435.0,11805
ULBSL,2026-08-19,2546.6,2628.0,739
MBJC,2026-08-19,260.0,264.0,8272
NUBL,2026-08-19,595.9,595.0,1883
RBBF40,2026-08-19,8.97,9.1,12450
JSLBB,2026-08-19,941.0,960.0,111
SAGF,2026-08-19,10.0,9.98,10100
SMH,2026-08-19,505.0,502.2,4138
ENL,2026-08-19,822.0,798.0,210
UNHPL,2026-08-19,373.0,371.0,36636
HIDCLP,2026-08-19,185.0,185.9,50184
BUNGAL,2026-08-19,581.0,598.0,20116
PURE,2026-08-19,805.2,814.8,8313
GBBD85,2026-08-19,1064.0,1064.0,25
BHCL,2026-08-19,560.0,568.0,122319
UNL,2026-08-19,46600.0,46600.0,10
HRL,2026-08-19,575.0,574.8,28865
DOLTI,2026-08-19,314.0,310.0,18323
AKJCL,2026-08-19,350.0,351.8,161396
UAIL,2026-08-19,421.2,425.5,8610
BNT,2026-08-19,11880.0,11620.0,61
USHL,2026-08-19,535.0,540.0,948
SHEL,2026-08-19,298.2,298.0,100380
NMIC,2026-08-19,872.3,882.0,780
NIBLSTF,2026-08-19,8.38,8.41,1500
LICN,2026-08-19,764.5,774.0,2552
EHPL,2026-08-19,351.6,335.0,18402
ICFCD83,2026-08-19,1035.0,983.3,1
UMHL,2026-08-19,590.0,598.8,102112
SMFBS,2026-08-19,1423.0,1443.0,493
SHLB,2026-08-19,1360.0,1415.0,110
LUK,2026-08-19,9.9,9.99,400
DORDI,2026-08-19,245.6,248.0,16593
JBLB,2026-08-19,1275.0,1273.2,3319
CSY,2026-08-19,8.51,8.65,4150
BBC,2026-08-19,4103.0,4140.0,79
RURU,2026-08-19,603.0,600.0,11931
NABBC,2026-08-19,805.0,804.3,4919
DDBL,2026-08-19,840.0,842.9,8026
RFPL,2026-08-19,323.4,332.0,9294
HEI,2026-08-19,529.0,529.0,412
NRN,2026-08-19,1371.0,1379.0,30721
APHL,2026-08-19,750.4,753.0,6427
MEPDL,2026-08-19,633.0,693.6,2880
NIMB,2026-08-19,187.0,188.0,93306
SKHEL,2026-08-19,950.0,950.0,2527
KBSH,2026-08-19,920.0,937.0,7989
MLBS,2026-08-19,1050.0,1080.0,671
SKHL,2026-08-19,871.5,808.0,20773
SAPDBL,2026-08-19,700.0,743.0,35089
SHPC,2026-08-19,517.5,494.0,49022
LSH12,2026-08-19,9.1,8.95,2700
SKBBL,2026-08-19,760.0,748.0,17757
SCB,2026-08-19,661.0,650.0,6223
SONA,2026-08-19,402.0,400.0,20212
PBD88,2026-08-19,1175.0,1175.0,25
ALBSL,2026-08-19,1065.0,1099.8,9558
RADHI,2026-08-19,712.0,708.0,45501
CHDC,2026-08-19,2179.3,2182.0,9140
SWASTIK,2026-08-19,1952.0,1988.9,670
CZBIL,2026-08-19,198.1,199.0,47556
RBCL,2026-08-19,14010.0,14049.9,180
SMJC,2026-08-19,435.0,430.9,8778
DHEL,2026-08-19,592.0,584.0,11574
ADBLD83,2026-08-19,1041.0,1039.0,100
GVL,2026-08-19,470.0,472.0,8462
SBI,2026-08-19,386.7,401.0,12380
SGHC,2026-08-19,304.5,298.1,20902
JFL,2026-08-19,381.0,381.7,1949
SJLIC,2026-08-19,407.0,407.0,8478
CGH,2026-08-19,773.0,770.0,6679
BNHC,2026-08-19,266.0,280.0,5917
AKPL,2026-08-19,246.0,249.0,30765
HURJA,2026-08-19,235.6,235.5,39189
FOWAD,2026-08-19,921.0,926.0,1122
JHAPA,2026-08-19,1065.0,1045.0,3586
GMFBS,2026-08-19,1160.0,1170.0,298
MHCL,2026-08-19,300.5,303.2,4832
IGI,2026-08-19,420.0,425.0,5470
WNLB,2026-08-19,1300.0,1325.0,157
BHDC,2026-08-19,425.0,426.7,16062
NLG,2026-08-19,560.0,559.8,3620
NCCD86,2026-08-19,1096.9,1096.9,10
MLBSL,2026-08-19,1220.0,1218.0,2428
PRSF,2026-08-19,12.9,12.91,2538
KSBBL,2026-08-19,476.9,479.0,10045
API,2026-08-19,329.0,330.0,112132
MBLEF,2026-08-19,9.7,9.7,2750
GBIME,2026-08-19,252.0,247.9,94358
AVYAN,2026-08-19,1016.0,1035.0,383
HIDCL,2026-08-19,263.1,251.0,27953
NICLBSL,2026-08-19,540.1,546.9,5413
EDBL,2026-08-19,584.5,584.0,10238
NRIC,2026-08-19,905.0,911.0,15465
HLICF,2026-08-19,8.44,8.61,2300
MMF1,2026-08-19,8.64,8.67,8240
GLBSL,2026-08-19,1710.0,1742.0,906
MLBL,2026-08-19,345.4,348.0,7870
NABIL,2026-08-19,556.0,548.0,95755
PRIN,2026-08-19,652.2,656.0,2403
VLBS,2026-08-19,644.1,655.1,1244
NSY,2026-08-19,9.0,9.3,3400
MEHL,2026-08-19,269.0,259.0,489292
BARUN,2026-08-19,323.9,316.8,16923
GLH,2026-08-19,245.0,252.7,20506
HFIN,2026-08-19,680.0,679.1,13819
GRDBL,2026-08-19,1030.0,1014.0,9113
NBL,2026-08-19,275.0,275.0,163307
SWMF,2026-08-19,600.1,603.8,7552
KAHL,2026-08-19,544.0,550.0,25463
NICL,2026-08-19,509.9,494.8,2352
NSIF2,2026-08-19,10.97,11.0,102795
KKHC,2026-08-19,284.1,296.5,309415
GMFIL,2026-08-19,446.1,448.9,5122
BJHL,2026-08-19,697.1,720.0,12715
CKHL,2026-08-19,582.0,595.0,130
SAPIL,2026-08-19,537.7,603.2,190
PMLI,2026-08-19,407.9,425.0,4414
PRVU,2026-08-19,181.0,182.0,213491
CCBD88,2026-08-19,1190.0,1190.0,25
GILB,2026-08-19,1100.0,1096.3,3609
STC,2026-08-19,5250.0,5200.0,168
EBLD85,2026-08-19,1100.1,1108.0,7
ICFCD89,2026-08-19,1085.0,1085.0,20
ICFC,2026-08-19,591.0,593.0,5204
AHL,2026-08-19,387.6,400.0,2678
HATHY,2026-08-19,618.5,603.2,22168
ALICL,2026-08-19,419.9,415.0,12451
SPC,2026-08-19,401.0,417.0,5275
NADEP,2026-08-19,705.0,704.0,869
SFMF,2026-08-19,10.1,10.3,13500
MFIL,2026-08-19,760.0,747.9,20616
KSY,2026-08-19,9.16,9.17,300
MANDU,2026-08-19,817.4,801.0,3375
BHPL,2026-08-19,456.0,477.4,7699
BANDIPUR,2026-08-19,686.0,682.1,14248
GHL,2026-08-19,247.3,239.0,218759
SAIL,2026-08-19,1040.5,1029.9,30039
SINDU,2026-08-19,706.8,672.1,8256
GSY,2026-08-19,9.04,9.33,3150
SPL,2026-08-19,633.2,659.0,1360
NHDL,2026-08-19,625.5,635.0,1301
USHEC,2026-08-19,495.2,502.0,14971
NABILD2089,2026-08-19,1087.3,1087.3,100
NBF3,2026-08-19,9.58,9.6,9050
SAGAR,2026-08-19,1491.5,1580.0,3732
MNMF1,2026-08-19,9.45,9.65,39850
GBBL,2026-08-19,420.0,423.0,27929
CIT,2026-08-19,1705.0,1700.0,4292
HPPL,2026-08-19,373.0,383.0,90182
NICSF,2026-08-19,8.3,8.3,1600
BEDC,2026-08-19,329.0,311.9,9325
JBBL,2026-08-19,334.0,334.2,15663
CBBL,2026-08-19,934.0,935.0,15799
TRH,2026-08-19,808.0,802.0,970
SPHL,2026-08-19,535.0,515.0,3294
SOPL,2026-08-19,780.0,780.0,19566
MERO,2026-08-19,645.2,646.0,2309
KMCDB,2026-08-19,788.7,785.0,2713
CHL,2026-08-19,260.1,262.5,7682
TSHL,2026-08-19,360.0,365.9,4780
PPL,2026-08-19,301.2,315.0,16689
SANVI,2026-08-19,592.0,590.0,4022
NMBMF,2026-08-19,595.5,590.0,1250
RSDC,2026-08-19,630.0,628.3,2279
ANLB,2026-08-19,5100.0,5100.0,1800
SNLI,2026-08-19,387.6,404.1,9407
SGIC,2026-08-19,444.1,449.4,4594
RLEL,2026-08-19,920.0,888.9,8109
NLIC,2026-08-19,722.0,718.9,30984
BPCL,2026-08-19,640.0,641.0,4318
KPCL,2026-08-19,460.0,461.0,2718
SLBSL,2026-08-19,892.2,907.0,1025
PBLD84,2026-08-19,1070.0,1070.0,255
MSHL,2026-08-19,587.0,583.0,56
MEN,2026-08-19,650.5,626.9,91146
SIKLES,2026-08-19,553.1,554.9,4222
EBL,2026-08-19,730.0,730.0,23601
JOSHI,2026-08-19,259.4,273.0,12225
NIFRA,2026-08-19,240.0,244.2,29497
HEIP,2026-08-19,340.0,320.5,1260
SLBBL,2026-08-19,790.1,805.0,861
LVF2,2026-08-19,9.38,9.86,3400
KDL,2026-08-19,770.0,777.0,535
PMHPL,2026-08-19,305.0,307.0,7696
RIDI,2026-08-19,357.0,361.3,234646
PROFL,2026-08-19,405.0,407.0,8569
SBCF,2026-08-19,9.7,9.63,2900
SJCL,2026-08-19,263.1,265.0,9118
NIMBPO,2026-08-19,141.0,140.0,6511
SANIMA,2026-08-19,369.0,370.1,87639
NIL,2026-08-19,599.0,602.0,5556
HBL,2026-08-19,196.0,191.5,24983
GUFL,2026-08-19,534.0,536.0,8115
SIPD,2026-08-19,612.5,645.1,28978
LBBL,2026-08-19,477.0,480.0,15713
MABEL,2026-08-19,638.0,604.0,6437
NGPL,2026-08-19,412.0,407.0,129970
NFS,2026-08-19,560.0,556.6,3714
MNBBL,2026-08-19,361.9,361.0,33448
RAWA,2026-08-19,420.0,422.5,9202
GBIMESY2,2026-08-19,8.94,8.95,600
MDB,2026-08-19,568.0,570.5,3916
YMHL,2026-08-19,620.0,634.7,13126
NMLBBL,2026-08-19,500.0,505.0,4874
MMKJL,2026-08-19,455.0,443.0,2685
ILI,2026-08-18,415.0,413.0,9526
NIBD84,2026-08-18,1030.1,1030.1,25
MANDU,2026-08-18,815.0,817.4,1281
SHPC,2026-08-18,492.0,492.9,19002
SNORL,2026-08-18,900.0,914.0,18187
NIBLGF,2026-08-18,8.6,8.64,36900
MSHL,2026-08-18,587.0,586.0,468
NMFBS,2026-08-18,1128.5,1128.5,2833
SPIL,2026-08-18,719.3,681.0,2964
MLBL,2026-08-18,347.0,345.4,14415
NBF2,2026-08-18,9.81,9.81,3300
MMKJL,2026-08-18,435.0,455.0,3634
SMB,2026-08-18,1830.0,1722.9,2754
CCBD88,2026-08-18,1190.0,1190.0,25
RBBD2088,2026-08-18,1053.0,1053.0,299
KHPL,2026-08-18,800.0,786.1,8969
DOLTI,2026-08-18,315.9,313.0,15229
RNLI,2026-08-18,429.0,426.0,14581
NESDO,2026-08-18,1416.1,1412.0,1040
ANLB,2026-08-18,5220.0,5225.0,2311
GRDBL,2026-08-18,1032.1,1046.1,19529
SGHC,2026-08-18,303.0,302.0,52479
MHCL,2026-08-18,305.0,305.0,7692
HBL,2026-08-18,195.0,192.9,60814
CKHL,2026-08-18,595.0,599.0,1547
KSY,2026-08-18,9.23,9.43,11600
WNLB,2026-08-18,1300.0,1305.0,183
NICLBSL,2026-08-18,547.9,546.0,3077
HEI,2026-08-18,529.0,524.0,10697
APHL,2026-08-18,775.0,750.4,26653
PPL,2026-08-18,304.3,317.0,10130
HLBSL,2026-08-18,870.2,875.0,313
IHL,2026-08-18,339.0,328.0,14020
RBBF40,2026-08-18,8.97,9.05,8200
CORBL,2026-08-18,1030.0,1019.6,16496
HLI,2026-08-18,317.0,315.5,23119
SHLB,2026-08-18,1400.0,1400.0,102
PRSF,2026-08-18,12.75,12.8,979489
LUK,2026-08-18,10.29,9.99,300
MEL,2026-08-18,209.1,206.0,42359
LBBL,2026-08-18,481.0,482.0,23734
RBCL,2026-08-18,13801.0,14000.0,94
GIBF1,2026-08-18,11.05,10.8,22900
TPKHL,2026-08-18,523.5,560.0,59865
RIDI,2026-08-18,362.0,359.6,425770
BUNGAL,2026-08-18,601.0,594.9,26037
SPDL,2026-08-18,386.0,364.5,17086
GHL,2026-08-18,254.6,235.6,260474
MFIL,2026-08-18,735.0,748.0,20825
SMPDA,2026-08-18,735.1,735.0,2050
MHNL,2026-08-18,240.1,241.9,11983
BNHC,2026-08-18,282.3,280.0,23950
KDBY,2026-08-18,10.91,11.05,59575
PROFL,2026-08-18,410.0,408.9,9436
NBLD82,2026-08-18,1021.2,1020.5,50
H8020,2026-08-18,11.78,12.0,2100
HIDCL,2026-08-18,254.0,251.0,60397
MLBBL,2026-08-18,1040.0,1036.0,1482
PHCL,2026-08-18,286.0,298.0,43964
JBBL,2026-08-18,336.5,334.5,11081
SBLD84,2026-08-18,1055.0,1055.0,127
BFC,2026-08-18,479.0,485.0,43951
KSBBL,2026-08-18,474.1,475.0,21887
RSY2,2026-08-18,9.0,8.92,7350
RADHI,2026-08-18,708.0,712.0,58146
MSLB,2026-08-18,1208.0,1234.9,519
EBLD91,2026-08-18,1060.0,1100.0,218
MEN,2026-08-18,615.0,619.6,94698
AKJCL,2026-08-18,360.0,349.1,355959
JHAPA,2026-08-18,1071.0,1060.0,4788
NRN,2026-08-18,1380.1,1373.0,46651
MLBSL,2026-08-18,1195.0,1198.0,3974
BBC,2026-08-18,4128.0,4108.0,220
AKPL,2026-08-18,251.6,249.0,96495
BEDC,2026-08-18,315.0,313.5,24233
LSH12,2026-08-18,9.0,9.1,3900
STC,2026-08-18,5300.0,5168.0,615
ENL,2026-08-18,819.6,799.0,514
MEHL,2026-08-18,270.0,282.9,16784
GMLI,2026-08-18,1040.0,1070.0,1892
AHPC,2026-08-18,263.6,260.0,115810
GBIME,2026-08-18,251.0,245.0,229247
NADEP,2026-08-18,703.1,714.0,1446
ALICL,2026-08-18,420.0,415.0,27054
GSY,2026-08-18,9.3,9.3,2800
KDL,2026-08-18,770.0,768.0,332
HFIN,2026-08-18,669.0,679.8,31276
PCBL,2026-08-18,244.0,240.3,53111
GCIL,2026-08-18,340.1,340.0,8137
SARBTM,2026-08-18,805.0,782.1,1175
KKHC,2026-08-18,340.0,299.0,814260
SAIL,2026-08-18,1127.9,1025.0,52081
ICFC,2026-08-18,595.0,593.8,4156
SOHL,2026-08-18,700.0,687.8,553373
SJLIC,2026-08-18,407.5,407.0,11875
GBLBS,2026-08-18,703.0,698.0,4416
RHGCL,2026-08-18,257.9,254.7,20710
CIT,2026-08-18,1700.0,1703.0,4049
GBBL,2026-08-18,424.8,424.5,46867
DORDI,2026-08-18,251.1,247.1,35653
HDL,2026-08-18,1182.0,1180.9,22481
GMFBS,2026-08-18,1170.0,1156.0,294
SPC,2026-08-18,414.0,409.2,3444
SBID83,2026-08-18,1031.1,1031.1,25
TSHL,2026-08-18,370.5,361.0,4708
MDB,2026-08-18,570.2,579.0,2689
NIFRAUR85/86,2026-08-18,1030.0,1030.0,25
NTC,2026-08-18,895.0,886.0,11423
LEC,2026-08-18,228.0,223.0,96115
SMFBS,2026-08-18,1422.1,1457.0,543
NWCL,2026-08-18,670.2,671.5,1168
SAEF2,2026-08-18,8.9,9.07,6430
NIBLSTF,2026-08-18,8.25,8.38,930
PSF,2026-08-18,12.0,12.0,8756
CIZBD86,2026-08-18,1214.9,1214.9,10
UMRH,2026-08-18,524.0,520.0,8915
MHL,2026-08-18,464.0,466.0,4368
SAPDBL,2026-08-18,782.0,730.0,89946
DHPL,2026-08-18,305.0,283.0,10778
SLBBL,2026-08-18,800.0,808.0,1969
NICA,2026-08-18,320.0,315.0,83475
CGH,2026-08-18,775.0,773.0,5743
NICSF,2026-08-18,8.99,8.51,9800
API,2026-08-18,333.0,330.0,117926
UPPER,2026-08-18,187.0,190.5,51486
SYPNL,2026-08-18,1295.0,1290.0,24651
SALICO,2026-08-18,588.0,583.9,10913
KMCDB,2026-08-18,761.0,783.0,1323
HHL,2026-08-18,335.0,332.9,10590
ICFCD89,2026-08-18,1080.0,1083.0,75
GUFL,2026-08-18,535.0,536.3,13514
MATRI,2026-08-18,782.0,796.1,475
PRVU,2026-08-18,183.0,181.8,308824
SAPIL,2026-08-18,456.5,524.6,150
TRH,2026-08-18,830.0,799.0,6363
KAHL,2026-08-18,550.0,548.9,76841
BARUN,2026-08-18,320.0,317.0,19590
USHL,2026-08-18,535.2,540.0,575
NSIF2,2026-08-18,10.9,11.0,208749
PMHPL,2026-08-18,306.1,309.8,6248
CITY,2026-08-18,365.0,358.2,70642
BHCL,2026-08-18,560.0,552.0,126207
CHCL,2026-08-18,485.0,480.0,10977
MBL,2026-08-18,250.0,247.6,69046
BHL,2026-08-18,218.0,207.6,67315
NSY,2026-08-18,8.9,9.21,3500
CYCL,2026-08-18,1387.0,1490.0,11092
NUBL,2026-08-18,600.0,599.9,5719
LVF2,2026-08-18,9.28,9.65,2600
SKBBL,2026-08-18,770.0,753.0,12776
MBLD87,2026-08-18,1126.2,1126.2,28
SWBBL,2026-08-18,672.0,674.8,17952
SHINED,2026-08-18,1090.0,1090.0,25
SANVI,2026-08-18,615.0,599.8,9944
SRLI,2026-08-18,366.3,366.5,10513
MKHL,2026-08-18,500.0,498.6,3850
NIFRA,2026-08-18,247.0,244.8,52440
KEF,2026-08-18,10.72,10.98,71300
SWASTIK,2026-08-18,1950.0,1990.1,589
SNLI,2026-08-18,408.3,407.9,7110
MERO,2026-08-18,660.0,657.0,6174
LSL,2026-08-18,220.0,219.0,78182
EBL,2026-08-18,729.2,729.0,30911
MCHL,2026-08-18,275.0,279.9,1023
SJCL,2026-08-18,262.0,266.7,12881
BJHL,2026-08-18,735.0,714.0,19120
ADBLB87,2026-08-18,1015.0,1012.0,500000
AVYAN,2026-08-18,1055.0,1023.5,5769
MEPDL,2026-08-18,540.3,603.2,970
SIKLES,2026-08-18,557.0,553.6,10316
SIGS2,2026-08-18,11.02,10.53,202700
LLBS,2026-08-18,862.1,870.0,155
NLIC,2026-08-18,729.0,722.0,19730
GBIMESY2,2026-08-18,8.9,9.06,1150
BHDC,2026-08-18,424.0,424.2,5449
SCB,2026-08-18,660.0,650.0,5419
MLBS,2026-08-18,1091.0,1080.0,420
TPC,2026-08-18,364.1,359.1,19589
SMH,2026-08-18,506.1,505.0,6861
ILBS,2026-08-18,885.0,860.5,2228
SANIMA,2026-08-18,370.0,369.0,51973
RSML,2026-08-18,2841.0,2725.0,60363
TVCL,2026-08-18,460.0,461.1,9472
SADBL,2026-08-18,410.9,404.0,38397
CHL,2026-08-18,279.8,262.9,13073
NICAD2091,2026-08-18,1055.0,1062.0,555
GMFIL,2026-08-18,444.6,445.0,24929
SFEF,2026-08-18,9.8,9.8,100
ADBL,2026-08-18,302.0,300.0,45445
SBCF,2026-08-18,10.0,10.0,100
NABBC,2026-08-18,815.0,802.1,12833
UNL,2026-08-18,47000.0,46500.0,20
PMLI,2026-08-18,428.5,429.3,5566
AHL,2026-08-18,415.0,408.0,2086
SONA,2026-08-18,405.0,401.1,22513
DHEL,2026-08-18,620.3,595.0,11711
USLB,2026-08-18,1116.0,1105.0,1024
OMPL,2026-08-18,881.0,900.0,2865
MMF1,2026-08-18,9.0,8.9,2500
SGIC,2026-08-18,450.2,446.7,9145
NMBMF,2026-08-18,595.7,595.5,3198
SWMF,2026-08-18,605.0,606.0,2126
YMHL,2026-08-18,635.1,637.0,41470
GILB,2026-08-18,1111.0,1105.8,4479
MNMF1,2026-08-18,9.5,9.46,6570
UHEWA,2026-08-18,649.0,607.9,31320
MABEL,2026-08-18,615.3,609.0,13422
SINDU,2026-08-18,714.0,675.0,10761
NBF3,2026-08-18,9.59,9.58,14571
HIDCLP,2026-08-18,188.0,185.0,130806
RAWA,2026-08-18,421.3,423.6,6039
BGWT,2026-08-18,522.0,500.0,3407
SKHEL,2026-08-18,958.5,954.9,2632
CREST,2026-08-18,1160.0,1159.9,4619
ULHC,2026-08-18,341.5,341.0,7964
MNBBL,2026-08-18,364.0,361.0,32160
ULBSL,2026-08-18,2707.0,2625.0,1553
USHEC,2026-08-18,505.0,500.0,21896
MAKAR,2026-08-18,410.0,407.1,11443
NMB,2026-08-18,241.0,239.0,37538
SMJC,2026-08-18,456.0,429.0,32969
PCIL,2026-08-18,628.0,622.0,45986
CLI,2026-08-18,435.0,438.8,6645
VLUCL,2026-08-18,407.0,397.0,10621
SLCF,2026-08-18,10.4,9.82,5560
RURU,2026-08-18,605.0,605.0,1933
SFMF,2026-08-18,10.0,10.1,3170
RLFL,2026-08-18,449.0,441.9,31193
NIMB,2026-08-18,198.0,187.0,145659
UNHPL,2026-08-18,377.0,365.6,21954
RMF1,2026-08-18,9.7,9.7,200
SBLD2091,2026-08-18,1079.9,1082.5,686
SAHAS,2026-08-18,685.0,684.6,91815
UMHL,2026-08-18,580.1,602.5,280487
BANDIPUR,2026-08-18,700.8,686.0,22497
RHPL,2026-08-18,252.0,252.1,8395
NLICL,2026-08-18,576.0,568.0,10536
HEIP,2026-08-18,333.0,340.0,3200
SOPL,2026-08-18,810.0,783.0,40742
NGPL,2026-08-18,410.2,409.9,166725
JOSHI,2026-08-18,283.0,273.0,55188
DLBS,2026-08-18,1127.0,1125.0,621
FOWAD,2026-08-18,921.1,934.0,849
SBI,2026-08-18,397.0,407.0,18562
BNT,2026-08-18,11600.0,11600.0,20
NHPC,2026-08-18,252.7,261.9,195828
SHL,2026-08-18,500.2,502.9,27813
NMLBBL,2026-08-18,501.1,500.0,7092
NFS,2026-08-18,556.0,560.0,4882
SIGS3,2026-08-18,10.88,10.8,1883385
NLO,2026-08-18,277.4,277.4,62
PURE,2026-08-18,820.0,825.0,7304
SAGAR,2026-08-18,1600.1,1570.0,13175
NLG,2026-08-18,560.1,559.9,7493
NICFC,2026-08-18,9.05,9.07,900
SMHL,2026-08-18,500.0,495.3,68336
LICN,2026-08-18,789.0,769.0,11301
CZBIL,2026-08-18,201.6,199.6,18849
RFPL,2026-08-18,331.0,333.3,20265
NHDL,2026-08-18,634.0,637.8,2012
MBLEF,2026-08-18,10.14,9.92,56700
GVL,2026-08-18,472.2,470.2,7695
UAIL,2026-08-18,427.0,426.9,28908
SEF,2026-08-18,9.93,9.5,535566
SSHL,2026-08-18,213.0,200.0,109269
SEF2,2026-08-18,9.0,9.03,7350
EHPL,2026-08-18,338.9,334.9,3869
TAMOR,2026-08-18,470.0,455.0,171974
NICAP,2026-08-18,179.0,179.0,9404
KPCL,2026-08-18,458.1,460.0,2697
NMB50,2026-08-18,10.0,9.9,237712
GLBSL,2026-08-18,1772.0,1701.0,484
CHDC,2026-08-18,2192.0,2196.0,10840
NRM,2026-08-18,310.0,303.0,3177
HATHY,2026-08-18,658.0,618.9,34935
PRIN,2026-08-18,658.1,660.0,4200
NIL,2026-08-18,603.0,598.5,13513
HLICF,2026-08-18,8.3,8.7,1000
CFCL,2026-08-18,610.0,595.0,158580
SHEL,2026-08-18,303.1,298.2,135658
NABIL,2026-08-18,555.0,550.0,36097
SBLD89,2026-08-18,1266.0,1266.0,25
BPCL,2026-08-18,644.0,638.0,7966
SIFC,2026-08-18,505.0,503.9,5486
UPCL,2026-08-18,345.7,344.4,43705
HDHPC,2026-08-18,197.9,207.5,59660
SHINE,2026-08-18,414.0,411.5,7035
TTL,2026-08-18,710.0,705.0,9664
SBL,2026-08-18,410.0,408.5,61570
OHL,2026-08-18,651.1,652.0,1465
NMIC,2026-08-18,916.0,887.0,1509
SIPD,2026-08-18,650.0,644.7,13959
SKHL,2026-08-18,875.8,830.0,20816
NIBSF2,2026-08-18,8.8,8.8,14350
EBLD85,2026-08-18,1095.2,1100.1,62
NIMBPO,2026-08-18,143.2,137.1,2430
SLBSL,2026-08-18,927.0,918.0,1493
NRIC,2026-08-18,912.0,905.0,19895
GFCL,2026-08-18,600.0,594.0,7901
NYADI,2026-08-18,362.1,361.6,2530
HIMSTAR,2026-08-18,692.0,698.0,1146
SDBD87,2026-08-18,1149.0,1121.0,80
RLEL,2026-08-18,899.7,920.0,23257
NMBHF2,2026-08-18,9.75,9.9,177644
NICGF2,2026-08-18,8.95,9.0,900
MBJC,2026-08-18,265.0,263.6,15221
DDBL,2026-08-18,848.0,841.0,14141
NBL,2026-08-18,276.0,274.6,149166
MKHC,2026-08-18,266.0,265.0,21820
SICL,2026-08-18,610.4,608.0,3966
FMDBL,2026-08-18,736.3,761.0,30170
ALBSL,2026-08-18,1065.0,1101.9,8104
SABBL,2026-08-18,880.0,946.0,23648
UNLB,2026-08-18,1233.0,1261.9,750
SPHL,2026-08-18,513.1,524.0,8452
HURJA,2026-08-18,241.0,235.6,44585
VLBS,2026-08-18,658.9,663.0,3613
CBBL,2026-08-18,939.9,936.0,9843
IGI,2026-08-18,424.0,428.0,2695
BHPL,2026-08-18,510.3,479.0,2210
ICFCD83,2026-08-18,1035.0,1035.0,10
RSY,2026-08-18,10.41,10.5,44150
HRL,2026-08-18,570.0,579.0,32717
JFL,2026-08-18,390.0,383.9,4430
CSY,2026-08-18,8.85,8.75,2080
SMATA,2026-08-18,715.0,710.0,5191
SAGF,2026-08-18,9.92,9.92,9500
NICL,2026-08-18,493.2,497.9,3133
JSLBB,2026-08-18,990.0,970.0,963
SHIVM,2026-08-18,630.0,624.5,81985
SLBBLP,2026-08-18,443.0,443.0,5000
HPPL,2026-08-18,376.0,380.0,80641
ECL,2026-08-18,1510.0,1470.0,18483
KBSH,2026-08-18,915.0,942.8,8785
NBLD85,2026-08-18,1051.0,1051.0,255
EDBL,2026-08-18,577.0,583.1,15941
MKCL,2026-08-18,1005.6,985.0,3517
MKJC,2026-08-18,420.9,441.9,6429
PPCL,2026-08-18,355.0,333.9,13405
ACLBSL,2026-08-18,915.0,901.2,1334
MPFL,2026-08-18,627.0,622.0,4134
RSDC,2026-08-18,650.0,633.0,2101
SGHL,2026-08-18,537.6,532.0,156945
KBL,2026-08-18,216.0,212.1,240507
SPL,2026-08-18,688.8,650.0,230
GLH,2026-08-18,257.0,256.0,36943
JBLB,2026-08-18,1275.0,1275.0,2915
JFL,2026-08-17,390.0,384.0,3217
MEN,2026-08-17,622.0,615.4,76475
GBIMESY2,2026-08-17,8.91,8.96,700
BHL,2026-08-17,210.0,208.4,53181
MEPDL,2026-08-17,435.0,524.6,460
MSLB,2026-08-17,1219.0,1235.0,551
GMLI,2026-08-17,1120.0,1066.0,1241
KEF,2026-08-17,10.9,11.0,82123
SKHL,2026-08-17,827.0,834.1,51563
SHEL,2026-08-17,305.0,303.9,47317
DDBL,2026-08-17,855.0,848.0,9050
MLBBL,2026-08-17,1062.0,1055.0,691
CHDC,2026-08-17,2240.1,2213.0,5757
NIBSF2,2026-08-17,8.79,8.82,500
SIFC,2026-08-17,510.0,506.9,4544
BNT,2026-08-17,11552.0,11552.0,10
PRIN,2026-08-17,663.0,658.1,971
NUBL,2026-08-17,599.0,600.0,2656
KKHC,2026-08-17,334.7,331.0,462907
ILBS,2026-08-17,869.0,874.0,434
SYPNL,2026-08-17,1357.6,1296.0,30705
SPC,2026-08-17,407.4,414.0,2260
ILI,2026-08-17,417.0,416.4,3734
MBL,2026-08-17,248.0,250.0,135367
NMB50,2026-08-17,10.35,10.0,303727
MNBBL,2026-08-17,363.2,363.0,39694
SIGS3,2026-08-17,10.87,10.87,10338
MKHC,2026-08-17,268.5,268.2,30531
PMHPL,2026-08-17,308.1,312.0,3138
PCBL,2026-08-17,243.3,244.6,80028
SALICO,2026-08-17,588.0,588.0,11409
KMCDB,2026-08-17,793.0,770.0,310
HURJA,2026-08-17,245.0,241.0,34390
SAPDBL,2026-08-17,773.0,782.0,25645
GBLBS,2026-08-17,722.9,714.5,5674
AKPL,2026-08-17,253.0,252.0,60461
MEL,2026-08-17,208.9,210.8,6083
MSHL,2026-08-17,587.0,591.0,452
WNLB,2026-08-17,1301.0,1312.0,408
HLI,2026-08-17,320.0,318.0,27559
GRDBL,2026-08-17,1032.1,1048.9,20507
PRSF,2026-08-17,12.75,12.75,236720
CBBL,2026-08-17,935.0,935.0,15140
MFIL,2026-08-17,720.0,746.0,53994
VLBS,2026-08-17,658.0,658.9,675
RLFL,2026-08-17,455.0,442.0,13135
MHNL,2026-08-17,245.2,243.8,25236
NICD88,2026-08-17,1100.0,1100.0,75
MLBSL,2026-08-17,1279.1,1195.0,9186
NRN,2026-08-17,1390.0,1385.0,37467
SONA,2026-08-17,403.0,400.5,17974
PHCL,2026-08-17,302.4,301.0,53829
LEC,2026-08-17,230.7,228.0,121520
MNMF1,2026-08-17,9.5,9.73,25300
NICBF,2026-08-17,9.21,9.21,100
AHL,2026-08-17,415.0,419.0,738
ACLBSL,2026-08-17,915.2,919.0,357
NABIL,2026-08-17,549.9,551.5,30252
SAGAR,2026-08-17,1653.0,1610.0,9038
MLBL,2026-08-17,345.2,349.7,2477
SFEF,2026-08-17,9.85,9.85,100
CCBD88,2026-08-17,1170.0,1205.0,50
USHEC,2026-08-17,501.2,505.0,12042
SRLI,2026-08-17,369.0,369.0,9155
SIPD,2026-08-17,669.0,658.0,20266
SINDU,2026-08-17,672.1,680.0,10870
FMDBL,2026-08-17,805.1,775.0,41666
PPL,2026-08-17,309.0,320.3,17177
NICD83/84,2026-08-17,1011.0,1011.0,125
KSBBL,2026-08-17,477.0,476.0,14115
NADEP,2026-08-17,702.7,710.1,233
GBILD86/87,2026-08-17,1061.3,1084.0,100
SABBL,2026-08-17,900.0,924.9,17985
KAHL,2026-08-17,530.0,550.0,58046
BNHC,2026-08-17,283.0,282.3,10333
BHDC,2026-08-17,428.0,427.0,6430
NLICL,2026-08-17,580.0,576.0,64587
NRM,2026-08-17,300.0,304.0,8186
GFCL,2026-08-17,603.0,597.5,3742
TSHL,2026-08-17,369.0,362.0,3439
DOLTI,2026-08-17,316.0,318.4,7533
SLBSL,2026-08-17,930.0,927.0,545
SAGF,2026-08-17,9.9,9.92,200
YMHL,2026-08-17,615.1,637.0,49721
GMFBS,2026-08-17,1175.0,1145.1,497
EDBL,2026-08-17,590.0,582.0,8190
SWBBL,2026-08-17,674.2,675.0,6584
MAKAR,2026-08-17,420.0,412.9,20070
TRH,2026-08-17,816.0,825.0,17444
SMH,2026-08-17,515.9,507.6,3094
GWFD83,2026-08-17,1065.0,1065.0,25
RLEL,2026-08-17,870.0,899.7,4660
PCIL,2026-08-17,639.0,632.0,20764
HLBSL,2026-08-17,870.0,894.9,2618
EBL,2026-08-17,734.0,728.0,37932
RMF2,2026-08-17,10.1,10.1,100
BBC,2026-08-17,4197.9,4089.0,210
GBIME,2026-08-17,252.0,249.0,342941
APHL,2026-08-17,799.0,782.0,9719
MEHL,2026-08-17,279.0,270.0,16056
SKHEL,2026-08-17,980.0,970.0,2303
NICA,2026-08-17,320.0,320.0,64199
BEDC,2026-08-17,317.0,316.9,8609
CREST,2026-08-17,1166.0,1169.7,6463
CZBIL,2026-08-17,202.7,201.6,58967
MPFL,2026-08-17,637.0,627.0,7179
AKJCL,2026-08-17,345.0,355.5,188646
IGI,2026-08-17,435.0,430.0,3265
HEIP,2026-08-17,329.6,339.5,2830
NSY,2026-08-17,9.17,9.17,4700
BHPL,2026-08-17,498.8,486.0,4584
JOSHI,2026-08-17,282.0,283.0,25583
SMFBS,2026-08-17,1550.8,1422.1,1037
MKJC,2026-08-17,439.0,443.0,3072
GIBF1,2026-08-17,10.64,10.77,1750
EBLD85,2026-08-17,1091.8,1091.8,25
TTL,2026-08-17,714.0,710.0,9793
GSY,2026-08-17,9.4,9.3,2440
SSHL,2026-08-17,207.8,203.0,43538
SBI,2026-08-17,404.9,399.0,20000
PPCL,2026-08-17,332.1,338.3,4043
KBL,2026-08-17,220.0,215.6,181521
RBBF40,2026-08-17,8.97,9.01,1350
NFS,2026-08-17,562.0,560.0,6699
NBF2,2026-08-17,9.8,9.8,300
DORDI,2026-08-17,251.0,251.0,25445
RADHI,2026-08-17,700.0,717.0,58828
NIBD84,2026-08-17,1035.0,1035.0,25
ECL,2026-08-17,1510.0,1510.0,25444
HFIN,2026-08-17,675.0,670.1,12723
MANDU,2026-08-17,875.5,820.0,3558
GHL,2026-08-17,249.0,242.5,306371
HIDCL,2026-08-17,256.0,253.9,33360
SHIVM,2026-08-17,599.5,629.7,72346
LICN,2026-08-17,778.0,781.0,3884
MLBS,2026-08-17,1114.0,1100.1,419
BNL,2026-08-17,14900.0,14900.0,10
SEF,2026-08-17,9.76,10.23,79370
NIMBPO,2026-08-17,140.2,139.1,9506
NBL,2026-08-17,283.2,276.4,400533
JBBL,2026-08-17,338.0,337.0,29227
CIZBD90,2026-08-17,1244.0,1253.0,125
NGPL,2026-08-17,415.0,411.0,98091
ADBLD83,2026-08-17,1030.0,1030.0,50
HATHY,2026-08-17,677.0,652.6,15034
HBL,2026-08-17,194.0,193.9,88824
MATRI,2026-08-17,800.1,800.4,68
LLBS,2026-08-17,875.0,887.0,340
GCIL,2026-08-17,344.0,341.1,7928
SMJC,2026-08-17,432.0,480.0,18925
HLICF,2026-08-17,8.5,8.4,700
GBBD85,2026-08-17,1064.0,1065.0,50
ALICL,2026-08-17,416.3,421.6,14256
HDHPC,2026-08-17,201.4,208.3,62668
RSY2,2026-08-17,9.0,9.0,46730
SBL,2026-08-17,414.9,409.2,107185
HHL,2026-08-17,330.0,337.0,8981
SAEF2,2026-08-17,9.1,9.09,6120
CIT,2026-08-17,1734.0,1701.0,3222
CITY,2026-08-17,362.0,363.0,36591
PMLI,2026-08-17,421.0,428.5,4599
SHPC,2026-08-17,500.0,495.0,17984
SAPIL,2026-08-17,404.2,456.2,160
NHDL,2026-08-17,635.0,635.0,345
SHLB,2026-08-17,1400.0,1425.0,353
MMF1,2026-08-17,8.68,8.99,4500
FOWAD,2026-08-17,940.0,940.0,1022
RSY,2026-08-17,10.36,10.45,180769
CORBL,2026-08-17,1070.0,1040.0,17872
ICFCD83,2026-08-17,1032.0,1040.0,15
NMBHF2,2026-08-17,9.83,9.75,59956
HIDCLP,2026-08-17,188.1,188.0,26089
HPPL,2026-08-17,377.0,380.0,42112
SBCF,2026-08-17,9.2,10.15,62232
SHINE,2026-08-17,414.0,414.0,19043
C30MF,2026-08-17,10.0,10.0,100
CHL,2026-08-17,274.0,266.5,12326
JSLBB,2026-08-17,974.9,992.8,423
SIGS2,2026-08-17,10.7,11.02,13900
NMBMF,2026-08-17,600.0,600.0,1194
MDBPO,2026-08-17,318.0,318.0,26163
GLH,2026-08-17,266.0,259.9,21441
PROFL,2026-08-17,424.0,414.0,8777
SOHL,2026-08-17,671.0,709.0,554842
SGHC,2026-08-17,301.0,300.0,63748
NIMB,2026-08-17,192.0,188.9,370510
NHPC,2026-08-17,265.0,266.0,221133
NMIC,2026-08-17,941.1,890.0,2990
SPHL,2026-08-17,558.0,526.5,5327
AHPC,2026-08-17,266.0,263.4,47294
HDL,2026-08-17,1175.0,1179.0,23412
JBLB,2026-08-17,1270.0,1276.0,7778
ULHC,2026-08-17,342.0,340.5,14754
NIBLGF,2026-08-17,8.83,8.85,1200
RHPL,2026-08-17,255.0,253.5,8723
SMHL,2026-08-17,494.0,498.8,69353
UNHPL,2026-08-17,378.0,370.0,22611
GVL,2026-08-17,470.0,472.1,8697
MCHL,2026-08-17,281.0,278.0,2544
GBBL,2026-08-17,423.8,423.0,95705
RBCL,2026-08-17,14050.0,14100.0,70
SBD87,2026-08-17,1090.0,1090.0,25
PURE,2026-08-17,815.0,827.5,3945
KSY,2026-08-17,9.02,9.25,2300
USHL,2026-08-17,570.1,544.0,4633
ALBSL,2026-08-17,1080.0,1094.5,3739
SMB,2026-08-17,1810.0,1801.0,327
UNLB,2026-08-17,1298.0,1269.8,302
SANVI,2026-08-17,587.0,614.0,17410
STC,2026-08-17,5280.0,5170.0,825
ULBSL,2026-08-17,2630.0,2710.0,607
RAWA,2026-08-17,427.0,426.0,10081
RSDC,2026-08-17,640.0,632.0,2044
NMBD87/88,2026-08-17,1117.6,1117.6,50
NMLBBL,2026-08-17,520.0,502.0,7815
VLUCL,2026-08-17,410.0,410.0,5297
CSY,2026-08-17,8.2,8.89,6000
NLG,2026-08-17,565.0,563.9,2939
NBLD87,2026-08-17,1080.0,1080.0,25
DHPL,2026-08-17,287.1,290.5,12398
API,2026-08-17,332.9,332.6,118215
SFMF,2026-08-17,10.05,10.0,18000
SAHAS,2026-08-17,676.0,684.0,113498
ICFCD89,2026-08-17,1092.0,1082.0,50
MMKJL,2026-08-17,445.0,439.0,1715
UMHL,2026-08-17,580.0,588.8,85030
MLBLD89,2026-08-17,1250.0,1250.0,25
ENL,2026-08-17,810.0,805.0,370
MKCL,2026-08-17,1044.0,1016.0,2099
NICSF,2026-08-17,8.8,8.73,1900
PBD88,2026-08-17,1165.0,1200.0,90
PRVU,2026-08-17,185.0,183.8,222553
NYADI,2026-08-17,365.0,362.2,3607
TPC,2026-08-17,363.4,365.6,10731
NICGF2,2026-08-17,9.22,9.22,300
SICL,2026-08-17,610.1,610.4,7555
UMRH,2026-08-17,526.6,524.0,9105
NICFC,2026-08-17,9.1,9.1,2100
GMFIL,2026-08-17,450.5,447.0,3953
AVYAN,2026-08-17,1075.0,1069.0,1685
PSF,2026-08-17,12.0,12.05,23830
BGWT,2026-08-17,528.9,519.0,2196
RMF1,2026-08-17,9.5,10.0,91585
SIKLES,2026-08-17,536.3,560.0,21865
MBLEF,2026-08-17,10.8,10.45,46300
TPKHL,2026-08-17,515.9,550.1,36340
SNORL,2026-08-17,894.0,910.0,30927
TAMOR,2026-08-17,456.0,469.0,126173
RURU,2026-08-17,611.0,610.0,5324
NICLBSL,2026-08-17,555.0,547.7,10574
HIMSTAR,2026-08-17,690.0,692.0,2615
SHL,2026-08-17,503.0,505.0,11790
NESDO,2026-08-17,1435.0,1416.0,926
SGHL,2026-08-17,518.2,537.6,160716
RFPL,2026-08-17,330.0,334.9,13480
MKHL,2026-08-17,491.0,500.0,3586
SAIL,2026-08-17,1100.0,1075.0,18257
LBBL,2026-08-17,483.5,482.9,25863
NICL,2026-08-17,496.0,496.0,5833
GILB,2026-08-17,1130.0,1110.0,1571
BUNGAL,2026-08-17,590.0,606.0,47698
EBLD91,2026-08-17,1066.0,1070.0,279
CLI,2026-08-17,440.0,439.4,6976
BJHL,2026-08-17,696.0,737.0,23307
LSL,2026-08-17,208.1,220.4,57124
BFC,2026-08-17,485.0,483.5,21487
BARUN,2026-08-17,320.0,316.2,20750
LVF2,2026-08-17,9.13,9.41,400
ICFC,2026-08-17,600.0,595.0,4909
RHGCL,2026-08-17,262.7,257.9,15911
SJCL,2026-08-17,265.0,268.7,5558
H8020,2026-08-17,11.8,12.0,2305
KDBY,2026-08-17,11.1,11.1,90055
SGIC,2026-08-17,450.5,452.0,7202
MHL,2026-08-17,465.2,468.0,2420
OHL,2026-08-17,656.0,650.0,3291
HRL,2026-08-17,562.0,585.0,32184
KHPL,2026-08-17,805.0,798.0,4629
SANIMA,2026-08-17,370.0,370.0,85099
LUK,2026-08-17,10.09,10.6,21050
SPL,2026-08-17,640.0,656.5,1022
BHCL,2026-08-17,530.0,554.0,219396
SADBL,2026-08-17,408.1,410.9,9857
BPCL,2026-08-17,645.0,644.0,13609
JHAPA,2026-08-17,1084.9,1080.0,3466
RIDI,2026-08-17,349.6,361.6,450230
NBF3,2026-08-17,9.58,9.75,7300
BANDIPUR,2026-08-17,693.0,700.8,19050
OMPL,2026-08-17,900.0,896.0,1844
UAIL,2026-08-17,433.0,428.0,15116
KSBBLD87,2026-08-17,1100.0,1100.0,25
SLCF,2026-08-17,9.42,10.4,21796
NIBLSTF,2026-08-17,8.58,8.43,17974
CHCL,2026-08-17,489.9,480.0,15729
NMB,2026-08-17,254.0,240.0,112321
SBLD89,2026-08-17,1226.0,1230.0,125
GLBSL,2026-08-17,1733.0,1740.0,293
HEI,2026-08-17,531.0,529.6,12330
SEF2,2026-08-17,9.05,9.1,6000
PBD85,2026-08-17,1100.0,1100.0,50
NMFBS,2026-08-17,1135.0,1128.5,3849
NIL,2026-08-17,609.0,606.0,11369
NRIC,2026-08-17,916.4,912.0,15801
SPIL,2026-08-17,681.2,685.1,1359
ANLB,2026-08-17,5200.0,5310.0,699
NTC,2026-08-17,893.0,895.0,28242
RSML,2026-08-17,2570.0,2841.6,523651
CGH,2026-08-17,777.7,779.1,3664
LSH12,2026-08-17,9.1,9.13,2600
SMATA,2026-08-17,725.0,724.0,1105
DLBS,2026-08-17,1180.0,1150.0,319
NABBC,2026-08-17,820.0,807.1,21725
KDL,2026-08-17,775.0,773.9,2119
DHEL,2026-08-17,604.5,604.0,36822
UHEWA,2026-08-17,647.0,620.0,39724
SKBBL,2026-08-17,748.0,749.9,11109
SJLIC,2026-08-17,413.0,412.0,6152
SDBD87,2026-08-17,1154.9,1155.0,143
SMPDA,2026-08-17,741.6,748.0,1791
MHCL,2026-08-17,320.0,306.1,2593
ADBL,2026-08-17,304.0,302.2,121643
SNLI,2026-08-17,412.0,408.3,8967
SARBTM,2026-08-17,834.6,793.0,5300
SOPL,2026-08-17,790.0,795.0,30604
KBSH,2026-08-17,935.0,920.1,17479
NWCL,2026-08-17,680.2,687.0,3194
UPPER,2026-08-17,192.0,192.5,66450
CYCL,2026-08-17,1300.0,1460.0,17996
RNLI,2026-08-17,428.0,426.2,13204
NSIF2,2026-08-17,10.67,10.98,433583
MDB,2026-08-17,575.0,572.0,936
USLB,2026-08-17,1101.0,1115.0,889
KPCL,2026-08-17,461.0,461.2,4250
SCB,2026-08-17,659.9,649.0,7753
SPDL,2026-08-17,367.0,368.0,16229
CFCL,2026-08-17,607.1,610.0,141158
MBJC,2026-08-17,265.0,265.0,23405
IHL,2026-08-17,349.9,339.0,12297
CKHL,2026-08-17,583.0,596.6,970
SLBBL,2026-08-17,761.9,807.0,17092
EHPL,2026-08-17,341.0,333.9,11058
TVCL,2026-08-17,471.0,465.4,5679
MERO,2026-08-17,660.0,655.1,5752
MABEL,2026-08-17,604.0,619.0,22132
SWMF,2026-08-17,610.0,605.3,566
NIFRA,2026-08-17,247.0,247.0,26300
GUFL,2026-08-17,551.2,538.0,48182
NLIC,2026-08-17,731.9,727.0,18615
SWASTIK,2026-08-17,2000.0,1971.0,455
UPCL,2026-08-17,350.0,346.5,22370
SICL,2026-08-14,614.0,613.0,2758
ICFCD83,2026-08-14,1032.0,1032.0,26
HEI,2026-08-14,532.0,535.0,681
MKJC,2026-08-14,447.0,449.0,4278
BHPL,2026-08-14,479.0,489.9,13373
APHL,2026-08-14,810.0,805.0,6512
JFL,2026-08-14,391.0,380.3,4569
NYADI,2026-08-14,365.0,365.0,3461
ENL,2026-08-14,805.0,823.9,220
SALICO,2026-08-14,585.0,588.0,4437
TPKHL,2026-08-14,535.0,542.0,23246
MBLEF,2026-08-14,10.4,10.38,2000
RBCL,2026-08-14,14200.0,14150.0,40
KBL,2026-08-14,225.0,216.8,155077
HBL,2026-08-14,200.0,194.8,47292
NICLBSL,2026-08-14,550.0,554.9,2571
CZBIL,2026-08-14,205.0,202.7,37173
CITY,2026-08-14,370.0,365.0,150226
MFIL,2026-08-14,729.0,757.0,20384
MNMF1,2026-08-14,9.5,9.69,10400
MABEL,2026-08-14,591.0,604.9,7838
WNLB,2026-08-14,1300.0,1301.0,293
AHPC,2026-08-14,270.8,264.9,74965
NBF3,2026-08-14,9.72,9.72,14010
MANDU,2026-08-14,815.5,833.9,6279
EHPL,2026-08-14,351.3,337.0,9870
DHEL,2026-08-14,600.0,594.0,11873
GRDBL,2026-08-14,1030.0,1041.0,2140
NICA,2026-08-14,325.0,324.4,34884
VLBS,2026-08-14,653.4,658.0,948
SINDU,2026-08-14,714.0,684.0,3985
PRVU,2026-08-14,187.0,187.0,348024
SIFC,2026-08-14,510.1,512.0,5438
HFIN,2026-08-14,679.0,680.0,16249
HHL,2026-08-14,340.1,343.5,24251
LBBL,2026-08-14,487.0,483.5,23176
HEIP,2026-08-14,320.1,320.1,10
SKHL,2026-08-14,948.1,870.0,61915
MLBL,2026-08-14,350.0,350.0,5948
BUNGAL,2026-08-14,585.0,580.1,13721
LVF2,2026-08-14,9.13,9.13,700
BFC,2026-08-14,494.0,485.0,24707
BNT,2026-08-14,11625.0,11625.0,10
CGH,2026-08-14,778.0,777.7,7520
NIMB,2026-08-14,202.0,193.9,75805
MLBSL,2026-08-14,1310.0,1279.0,1892
GUFL,2026-08-14,565.3,551.0,28635
KKHC,2026-08-14,335.0,352.3,552452
NIBLSTF,2026-08-14,8.81,8.57,118351
UHEWA,2026-08-14,620.0,628.9,31432
GFCL,2026-08-14,604.0,603.0,5290
AKPL,2026-08-14,255.1,253.2,39240
RAWA,2026-08-14,429.0,428.2,12202
SPDL,2026-08-14,377.0,372.0,25744
MCHL,2026-08-14,280.0,280.0,4417
KDBY,2026-08-14,10.92,11.1,115392
HLICF,2026-08-14,8.5,8.6,1834
GMFBS,2026-08-14,1220.0,1158.0,140
GLBSL,2026-08-14,1757.0,1732.0,275
CKHL,2026-08-14,581.0,600.6,2230
EBL,2026-08-14,729.6,728.0,46601
RBCLPO,2026-08-14,11195.0,11050.0,130
SLCF,2026-08-14,10.25,9.7,6977
RBBF40,2026-08-14,8.93,9.01,4150
TAMOR,2026-08-14,453.0,457.0,34204
SIPD,2026-08-14,661.0,669.0,20300
ADBLD83,2026-08-14,1015.0,1015.0,49
RFPL,2026-08-14,353.0,339.2,17513
HIMSTAR,2026-08-14,691.1,690.0,7840
CORBL,2026-08-14,1055.5,1058.0,24515
GHL,2026-08-14,256.7,249.0,314454
GBILD86/87,2026-08-14,1061.3,1060.9,150
USHL,2026-08-14,523.0,543.0,3581
NMFBS,2026-08-14,1125.0,1135.0,6426
RMF1,2026-08-14,9.6,9.6,23325
SAEF2,2026-08-14,9.0,9.13,8200
GLH,2026-08-14,253.0,261.1,43273
GIBF1,2026-08-14,10.5,10.69,1000
MLBS,2026-08-14,1115.0,1116.1,150
ILI,2026-08-14,413.1,417.0,3619
NESDO,2026-08-14,1425.0,1454.0,440
DHPL,2026-08-14,289.9,286.0,3493
BHL,2026-08-14,213.1,211.0,89659
SIGS3,2026-08-14,10.56,10.57,300
NICL,2026-08-14,500.6,500.0,2687
NMIC,2026-08-14,900.0,900.0,1831
GILB,2026-08-14,1130.0,1133.7,1536
RHPL,2026-08-14,260.0,255.5,12280
KSBBL,2026-08-14,478.0,479.4,6615
MDB,2026-08-14,579.0,579.0,16567
MSLB,2026-08-14,1225.1,1245.0,2468
MEL,2026-08-14,212.0,211.5,3652
SJCL,2026-08-14,269.0,269.9,4295
UMHL,2026-08-14,575.0,585.0,120565
BJHL,2026-08-14,687.0,696.0,10979
PCIL,2026-08-14,653.0,639.0,31250
MKCL,2026-08-14,1046.0,1048.0,4710
MEN,2026-08-14,618.1,615.0,92372
PSF,2026-08-14,12.0,12.01,2200
UMRH,2026-08-14,532.0,528.5,3423
CFCL,2026-08-14,615.0,639.0,169405
UNHPL,2026-08-14,380.0,374.0,13316
JSLBB,2026-08-14,950.0,969.0,1685
ULHC,2026-08-14,341.1,342.0,63497
HURJA,2026-08-14,249.9,244.4,65095
NMBMF,2026-08-14,610.0,609.9,721
CHDC,2026-08-14,2249.8,2228.0,7563
SJLIC,2026-08-14,412.0,414.5,3076
NMB,2026-08-14,254.6,242.8,35249
SHINE,2026-08-14,414.7,414.9,9260
LICN,2026-08-14,775.0,778.0,1149
ICFCD89,2026-08-14,1080.0,1092.0,100
SBID83,2026-08-14,1066.1,1050.0,47
RLFL,2026-08-14,442.1,449.0,17082
ANLB,2026-08-14,5200.0,5320.0,999
IHL,2026-08-14,344.1,343.0,9094
LSH12,2026-08-14,9.0,9.38,6200
RMF2,2026-08-14,10.1,10.1,5300
LSL,2026-08-14,225.0,219.0,83780
HPPL,2026-08-14,373.0,383.5,126149
GBILD84/85,2026-08-14,1101.0,1101.1,40
NMBD2085,2026-08-14,1136.0,1136.0,25
ADBL,2026-08-14,305.0,304.0,22448
PCBL,2026-08-14,239.2,241.9,29726
CREST,2026-08-14,1238.8,1179.0,3882
SHL,2026-08-14,511.9,504.4,6324
MHL,2026-08-14,463.5,465.0,1564
GMFIL,2026-08-14,452.1,447.0,17149
ADBLB87,2026-08-14,1000.0,1016.0,700000
MHCL,2026-08-14,311.0,311.0,943
MATRI,2026-08-14,800.0,814.0,202
BGWT,2026-08-14,530.0,514.1,4811
SANIMA,2026-08-14,371.0,370.0,66561
SBLD83,2026-08-14,1007.0,1006.2,900
AKJCL,2026-08-14,361.0,360.0,161617
NIMBPO,2026-08-14,140.0,143.9,1930
SPC,2026-08-14,415.0,418.5,1359
GBIMESY2,2026-08-14,9.0,9.0,700
MSHL,2026-08-14,592.0,594.0,639
JBLB,2026-08-14,1270.0,1263.4,5810
MAKAR,2026-08-14,415.0,420.0,45197
BBC,2026-08-14,4210.0,4080.0,823
NABBC,2026-08-14,802.5,811.0,4769
CHCL,2026-08-14,481.0,478.9,66504
CLI,2026-08-14,433.0,440.0,14215
MNBBL,2026-08-14,365.0,363.2,22120
DDBL,2026-08-14,855.0,853.0,6500
RSY2,2026-08-14,9.0,9.08,6150
BARUN,2026-08-14,325.0,320.0,15063
KMCDB,2026-08-14,800.0,785.0,1672
LEC,2026-08-14,213.4,230.7,723736
PBD88,2026-08-14,1170.0,1170.0,25
NWCL,2026-08-14,690.0,690.0,1256
HRL,2026-08-14,590.0,579.0,26117
SAPIL,2026-08-14,348.4,396.7,60
CSY,2026-08-14,9.0,8.25,78343
JBBL,2026-08-14,322.0,338.0,26308
IGI,2026-08-14,430.0,429.0,2259
ACLBSL,2026-08-14,943.0,937.0,26
SOHL,2026-08-14,670.0,671.0,158405
HDL,2026-08-14,1120.0,1175.0,31231
GMLI,2026-08-14,1070.0,1099.0,3071
MBJC,2026-08-14,267.0,265.1,6137
YMHL,2026-08-14,615.0,623.0,17131
UNL,2026-08-14,47400.0,47400.0,10
NLG,2026-08-14,580.0,565.0,2330
BNHC,2026-08-14,300.3,282.9,13759
AVYAN,2026-08-14,1097.9,1075.0,4570
GBLBS,2026-08-14,730.0,722.9,7026
SCB,2026-08-14,655.0,659.9,5995
C30MF,2026-08-14,10.0,10.03,200
GSY,2026-08-14,9.22,9.6,3500
TTL,2026-08-14,680.0,714.0,6817
SMPDA,2026-08-14,760.0,753.0,956
KPCL,2026-08-14,474.5,463.2,4234
SAGAR,2026-08-14,1662.0,1653.0,8483
MHNL,2026-08-14,242.1,244.9,20572
MKHL,2026-08-14,495.0,500.1,2856
RSDC,2026-08-14,637.1,632.0,3919
NUBL,2026-08-14,595.4,602.0,6130
NICGF2,2026-08-14,9.01,9.5,700
SARBTM,2026-08-14,797.7,794.9,6582
GBIME,2026-08-14,251.0,252.9,97314
ECL,2026-08-14,1520.0,1534.1,11310
HIDCLP,2026-08-14,192.8,189.2,23278
USHEC,2026-08-14,491.1,501.2,7334
BPCL,2026-08-14,650.1,644.9,9810
SAIL,2026-08-14,1080.0,1099.0,13813
SLBSL,2026-08-14,948.0,945.9,1963
SAGF,2026-08-14,9.56,10.0,1200
ALICL,2026-08-14,419.0,420.0,7425
USLB,2026-08-14,1121.0,1121.0,140
SOPL,2026-08-14,800.0,796.0,21037
PMHPL,2026-08-14,319.9,316.0,3281
ALBSL,2026-08-14,1081.0,1122.9,6912
NIBD84,2026-08-14,1030.0,1034.1,50
SFEF,2026-08-14,9.61,10.1,1000
UAIL,2026-08-14,435.1,435.6,10650
KEF,2026-08-14,10.9,10.9,43800
AHL,2026-08-14,412.0,420.5,5152
MERO,2026-08-14,665.0,665.0,302
SHIVM,2026-08-14,627.7,631.0,82324
RLEL,2026-08-14,853.0,890.0,10283
NADEP,2026-08-14,732.3,715.0,295
SAHAS,2026-08-14,675.0,677.0,47545
SAPDBL,2026-08-14,823.0,787.8,41272
VLUCL,2026-08-14,410.2,413.0,7058
BHCL,2026-08-14,492.0,522.1,158720
DORDI,2026-08-14,254.0,254.0,23277
SNORL,2026-08-14,880.0,895.0,5560
NIBLGF,2026-08-14,9.05,8.86,700
SBLD2091,2026-08-14,1062.0,1062.0,25
SNLI,2026-08-14,410.0,411.0,11916
SHINED,2026-08-14,1081.0,1081.0,25
SMH,2026-08-14,510.0,512.0,7123
NMBHF2,2026-08-14,9.53,9.65,3400
KHPL,2026-08-14,800.0,810.0,4369
BEDC,2026-08-14,322.7,319.4,8965
SONA,2026-08-14,401.0,403.0,9083
RHGCL,2026-08-14,269.7,266.7,26205
SHEL,2026-08-14,308.0,306.0,36730
CBBL,2026-08-14,936.0,933.5,6833
NRN,2026-08-14,1400.0,1390.0,77887
MMF1,2026-08-14,8.73,8.94,3400
CYCL,2026-08-14,1235.0,1355.0,8893
CIT,2026-08-14,1710.0,1700.0,3997
UPPER,2026-08-14,193.5,193.5,45764
TSHL,2026-08-14,371.0,361.0,4819
RSML,2026-08-14,2420.0,2556.0,19819
SGIC,2026-08-14,450.0,453.9,4867
GVL,2026-08-14,474.6,477.0,4851
SBCF,2026-08-14,9.67,9.41,2600
SLBBL,2026-08-14,808.0,802.0,2156
SWBBL,2026-08-14,690.0,674.2,3891
MEPDL,2026-08-14,400.0,456.2,220
SEF2,2026-08-14,9.0,9.32,12250
SYPNL,2026-08-14,1350.0,1293.0,17666
SHPC,2026-08-14,504.9,495.1,36520
EBLD91,2026-08-14,1065.0,1062.0,50
NRIC,2026-08-14,930.0,918.0,17583
SBL,2026-08-14,414.0,411.0,54134
MKHC,2026-08-14,271.0,268.5,16650
OMPL,2026-08-14,956.5,908.0,2349
NSY,2026-08-14,9.17,9.2,3400
OHL,2026-08-14,660.1,669.0,990
RBBD2088,2026-08-14,1053.0,1053.0,25
BHDC,2026-08-14,432.0,428.0,3377
NIBSF2,2026-08-14,9.05,9.0,1290
NICD83/84,2026-08-14,1015.0,1005.3,950
SKBBL,2026-08-14,749.8,749.8,9853
MLBBL,2026-08-14,1047.1,1062.0,795
NGPL,2026-08-14,392.6,414.9,262237
RSY,2026-08-14,10.39,10.5,1300
PBLD86,2026-08-14,1131.0,1102.0,2
HLI,2026-08-14,319.9,320.8,21915
SDBD87,2026-08-14,1203.8,1167.7,12
SMHL,2026-08-14,499.0,496.0,19492
SMB,2026-08-14,1800.0,1827.9,380
PPCL,2026-08-14,344.0,334.9,4269
NBLD85,2026-08-14,1021.7,1021.7,50
SPL,2026-08-14,630.0,658.0,2860
SABBL,2026-08-14,937.1,930.0,16593
SPHL,2026-08-14,520.0,532.0,3126
EDBL,2026-08-14,575.0,578.9,3124
JOSHI,2026-08-14,290.0,280.0,22086
PPL,2026-08-14,310.7,325.0,8400
SMATA,2026-08-14,728.0,722.0,927
ULBSL,2026-08-14,2625.0,2745.0,200
RADHI,2026-08-14,712.0,724.0,118154
NFS,2026-08-14,561.1,565.0,5511
HLBSL,2026-08-14,865.0,856.1,294
SWASTIK,2026-08-14,1984.6,2000.0,195
ILBS,2026-08-14,904.0,894.0,1655
GBBL,2026-08-14,424.1,423.7,42406
LLBS,2026-08-14,890.0,889.9,519
SGHL,2026-08-14,516.0,518.2,40393
SHLB,2026-08-14,1392.0,1428.6,50
NICFC,2026-08-14,9.0,9.1,1300
SPIL,2026-08-14,680.5,696.6,1870
H8020,2026-08-14,11.8,11.8,300
PHCL,2026-08-14,304.2,302.4,67340
RNLI,2026-08-14,426.4,427.0,12809
STC,2026-08-14,5200.0,5200.0,767
NMB50,2026-08-14,10.36,10.37,539
SRLI,2026-08-14,369.1,370.5,5181
NRM,2026-08-14,305.0,302.0,8640
CHL,2026-08-14,279.0,269.0,11467
GBIMEP,2026-08-14,100.0,100.0,64721
UPCL,2026-08-14,349.0,348.0,18118
SMFBS,2026-08-14,1522.0,1477.0,234
API,2026-08-14,336.8,332.9,194581
NHPC,2026-08-14,258.4,268.0,219724
FMDBL,2026-08-14,790.0,830.0,43843
PURE,2026-08-14,803.1,819.0,707
SIKLES,2026-08-14,560.0,564.5,9325
NABILD2089,2026-08-14,1060.0,1070.0,1507
KDL,2026-08-14,775.0,770.1,336
PMLI,2026-08-14,430.1,431.1,4336
NTC,2026-08-14,866.0,883.0,31170
JHAPA,2026-08-14,1080.0,1084.9,2426
NICSF,2026-08-14,9.0,9.0,1790
TPC,2026-08-14,368.0,363.4,8555
NHDL,2026-08-14,623.2,637.0,1000
MMKJL,2026-08-14,442.0,444.0,736
HIDCL,2026-08-14,245.9,256.0,66258
UNLB,2026-08-14,1270.1,1262.9,799
HDHPC,2026-08-14,213.5,212.0,104124
NBL,2026-08-14,271.0,269.8,78599
PROFL,2026-08-14,421.7,418.5,2414
RURU,2026-08-14,610.0,610.6,1681
NMLBBL,2026-08-14,512.6,512.0,4769
NSIF2,2026-08-14,10.72,10.67,53199
KBSH,2026-08-14,929.1,944.9,14920
KAHL,2026-08-14,530.0,536.0,21868
NABIL,2026-08-14,550.0,549.9,22999
FOWAD,2026-08-14,940.0,944.8,1813
ICFC,2026-08-14,604.0,600.0,11549
SSHL,2026-08-14,197.0,204.6,82517
HATHY,2026-08-14,678.2,677.0,4648
RIDI,2026-08-14,371.0,367.9,264116
SWMF,2026-08-14,607.2,615.0,4552
MEHL,2026-08-14,288.0,279.0,11581
SADBL,2026-08-14,415.0,413.5,6438
SMJC,2026-08-14,435.2,432.2,12656
NIL,2026-08-14,609.5,609.0,2400
PRSF,2026-08-14,12.72,12.72,200
TVCL,2026-08-14,486.2,475.0,942
TRH,2026-08-14,838.0,840.0,9178
DOLTI,2026-08-14,328.0,319.9,13200
NLICL,2026-08-14,566.0,575.0,12928
BANDIPUR,2026-08-14,685.0,693.5,20753
SGHC,2026-08-14,308.0,299.0,112574
KSY,2026-08-14,9.11,9.11,200
NBLD87,2026-08-14,1080.0,1080.0,27
NLIC,2026-08-14,734.0,731.9,14910
LUK,2026-08-14,10.0,9.8,800
GCIL,2026-08-14,342.1,344.0,7179
SANVI,2026-08-14,590.0,587.0,5206
MBL,2026-08-14,254.5,249.0,98080
PRIN,2026-08-14,665.0,662.0,5491
SBI,2026-08-14,398.0,404.9,11184
MPFL,2026-08-14,638.0,633.3,19938
SKHEL,2026-08-14,950.5,980.0,3244
NIFRA,2026-08-14,250.2,248.1,54730
SAPIL,2026-08-13,300.0,345.0,70
NUBL,2026-08-13,600.1,601.2,1128
NMBMF,2026-08-13,600.1,605.0,51
NYADI,2026-08-13,362.2,366.0,3860
RMF1,2026-08-13,9.61,9.57,500
RLEL,2026-08-13,850.1,855.0,3485
YMHL,2026-08-13,626.0,623.0,13280
KSBBLD87,2026-08-13,1100.0,1100.0,25
SAIL,2026-08-13,1080.0,1100.0,27795
SFMF,2026-08-13,10.2,10.2,8475
CLI,2026-08-13,430.0,432.0,9320
RADHI,2026-08-13,766.2,720.0,37315
DORDI,2026-08-13,248.5,254.0,25790
KMCDB,2026-08-13,795.0,780.0,4044
NIL,2026-08-13,620.0,609.5,2408
RLFL,2026-08-13,426.5,449.0,16401
BGWT,2026-08-13,528.0,530.0,3018
AVYAN,2026-08-13,1055.0,1089.0,10071
BHPL,2026-08-13,495.0,490.0,2861
NMBHF2,2026-08-13,9.55,9.75,1850
UMHL,2026-08-13,562.0,581.0,202657
RHPL,2026-08-13,253.0,259.0,18313
SANVI,2026-08-13,590.0,595.0,8995
KPCL,2026-08-13,474.9,466.0,4254
SRLI,2026-08-13,370.0,371.9,15966
NIBLSTF,2026-08-13,8.56,8.56,650
NRIC,2026-08-13,939.9,926.0,9394
EBL,2026-08-13,724.0,722.0,12437
HEI,2026-08-13,537.0,532.0,7966
SOHL,2026-08-13,690.0,680.0,228872
UPCL,2026-08-13,350.5,348.5,20243
HHL,2026-08-13,332.0,339.0,16549
GVL,2026-08-13,481.0,478.2,5081
NMFBS,2026-08-13,1106.0,1108.8,2053
SKHL,2026-08-13,840.0,998.0,51863
NIMBPO,2026-08-13,141.1,140.1,4909
PHCL,2026-08-13,296.1,304.0,103060
SJCL,2026-08-13,269.0,270.1,6941
SOPL,2026-08-13,800.0,805.0,20489
NIBSF2,2026-08-13,8.8,8.85,1898
SIPD,2026-08-13,672.0,680.0,33117
NESDO,2026-08-13,1451.0,1466.9,185
EBLD91,2026-08-13,1040.4,1051.1,75
NABIL,2026-08-13,550.0,550.0,20477
GCIL,2026-08-13,340.1,346.0,3656
HIMSTAR,2026-08-13,702.3,701.3,2030
MFIL,2026-08-13,745.0,766.7,38185
H8020,2026-08-13,11.71,11.8,700
LUK,2026-08-13,10.1,9.73,69315
GBBL,2026-08-13,414.0,424.3,18886
SGHL,2026-08-13,520.0,516.0,57776
SICL,2026-08-13,619.0,614.0,1680
NMLBBL,2026-08-13,519.0,520.0,2106
USLB,2026-08-13,1135.0,1121.5,626
RIDI,2026-08-13,393.7,371.0,260835
HRL,2026-08-13,581.1,583.0,37628
NFS,2026-08-13,575.0,562.1,3649
MEPDL,2026-08-13,355.3,396.7,220
NICL,2026-08-13,500.0,504.0,1969
MHCL,2026-08-13,308.0,315.5,5244
BNT,2026-08-13,11500.0,11899.0,157
CHCL,2026-08-13,481.0,482.1,7613
MHNL,2026-08-13,228.0,244.0,18187
MLBS,2026-08-13,1140.0,1138.0,285
DDBL,2026-08-13,848.0,855.0,7676
HURJA,2026-08-13,240.0,245.8,158691
ICFCD89,2026-08-13,1077.4,1092.0,275
SIGS3,2026-08-13,10.53,10.65,15300
KKHC,2026-08-13,327.0,320.0,343949
JSLBB,2026-08-13,962.0,960.0,622
ENL,2026-08-13,821.6,803.7,320
CCBD88,2026-08-13,1205.0,1175.0,25
ALBSL,2026-08-13,1071.0,1125.0,13675
SIFC,2026-08-13,500.3,509.8,5706
GMLI,2026-08-13,1127.0,1098.0,1058
SANIMA,2026-08-13,366.0,371.8,107424
SKBBL,2026-08-13,755.0,746.7,4097
HBL,2026-08-13,193.3,195.0,42981
NHPC,2026-08-13,271.9,271.9,241188
SAGF,2026-08-13,10.0,9.8,800
SAPDBL,2026-08-13,790.0,799.9,20299
CGH,2026-08-13,790.9,784.7,5159
SMPDA,2026-08-13,746.0,749.9,780
FMDBL,2026-08-13,788.7,776.0,18971
LSL,2026-08-13,217.7,220.6,36922
HATHY,2026-08-13,676.0,677.0,1764
SNLI,2026-08-13,410.0,408.7,19401
LBBL,2026-08-13,484.1,487.0,14585
SLBSL,2026-08-13,927.0,947.8,318
NIFRA,2026-08-13,252.4,252.0,84245
ALICL,2026-08-13,422.0,419.0,5207
APHL,2026-08-13,810.0,810.0,5280
ADBL,2026-08-13,302.0,304.8,70052
UNLB,2026-08-13,1275.0,1269.9,590
PPL,2026-08-13,308.0,327.0,16807
RSDC,2026-08-13,655.5,645.0,1674
GUFL,2026-08-13,580.0,568.1,25728
GBIMESY2,2026-08-13,8.86,9.0,1938
GBIME,2026-08-13,249.9,251.6,138101
LLBS,2026-08-13,860.0,885.0,443
NICA,2026-08-13,326.0,325.0,30045
NMIC,2026-08-13,944.4,907.0,5643
HDL,2026-08-13,1124.3,1166.0,11207
NBF3,2026-08-13,9.58,9.72,9140
PRIN,2026-08-13,656.0,664.5,1177
DOLTI,2026-08-13,318.0,318.7,22049
NHDL,2026-08-13,644.9,623.2,4798
MKJC,2026-08-13,440.6,450.0,5478
ICFCD88,2026-08-13,1105.0,1125.0,50
IHL,2026-08-13,346.0,344.4,7700
SADBL,2026-08-13,408.0,413.5,13051
BPCL,2026-08-13,645.0,649.0,14205
JBBL,2026-08-13,337.9,338.1,9349
PPCL,2026-08-13,335.5,337.0,24770
PBLD86,2026-08-13,1263.0,1131.0,3
NIMB,2026-08-13,193.1,195.4,114884
SONA,2026-08-13,402.0,406.0,15164
BUNGAL,2026-08-13,586.0,585.0,16109
MAKAR,2026-08-13,412.0,411.0,42802
API,2026-08-13,333.9,331.6,164167
GIBF1,2026-08-13,10.7,10.8,1900
OHL,2026-08-13,660.0,668.0,1214
KDL,2026-08-13,799.0,775.0,225
BARUN,2026-08-13,318.1,323.0,27331
JBBD87,2026-08-13,1106.1,1106.1,25
RSY,2026-08-13,10.25,10.5,280158
SMJC,2026-08-13,435.0,438.0,23536
NCCD86,2026-08-13,1116.0,1065.0,2
NSIF2,2026-08-13,10.68,10.89,50500
GBILD86/87,2026-08-13,1128.0,1065.1,3
ICFC,2026-08-13,595.0,603.0,4175
EDBL,2026-08-13,585.0,587.0,7901
SHIVM,2026-08-13,642.0,632.5,37300
GSY,2026-08-13,9.5,9.35,2900
SBLD2091,2026-08-13,1031.1,1031.1,25
HFIN,2026-08-13,669.0,679.0,18355
MMF1,2026-08-13,8.8,9.0,1000
MKHL,2026-08-13,519.8,500.0,1664
HPPL,2026-08-13,373.0,380.5,66373
DHEL,2026-08-13,598.0,600.0,17918
KBL,2026-08-13,219.0,218.0,170849
OMPL,2026-08-13,896.1,911.0,1537
SSHL,2026-08-13,200.0,206.4,207956
HEIP,2026-08-13,318.2,330.0,26174
NADEP,2026-08-13,710.0,711.0,556
CSY,2026-08-13,8.81,9.0,3429
PBLD84,2026-08-13,1070.0,1070.0,100
KSY,2026-08-13,9.1,9.3,500
ACLBSL,2026-08-13,915.1,943.0,182
SHINE,2026-08-13,414.9,414.7,10351
TRH,2026-08-13,825.0,835.0,7467
RSY2,2026-08-13,9.0,9.12,9241
C30MF,2026-08-13,10.0,10.0,200
SBI,2026-08-13,402.0,404.0,86849
BJHL,2026-08-13,683.0,687.0,8562
CFCL,2026-08-13,630.0,646.0,190495
CYCL,2026-08-13,1298.8,1300.0,5611
TPKHL,2026-08-13,522.5,542.0,15904
MATRI,2026-08-13,802.0,805.0,1018
GWFD83,2026-08-13,1054.3,1085.0,1
USHL,2026-08-13,556.5,537.9,1502
HIDCL,2026-08-13,267.0,258.8,50911
MERO,2026-08-13,660.2,662.0,2521
TSHL,2026-08-13,379.0,368.0,1375
CKHL,2026-08-13,595.0,610.0,3805
HLICF,2026-08-13,8.78,8.41,700
SBID83,2026-08-13,1036.0,1035.1,25
BNHC,2026-08-13,267.6,286.0,14315
NICGF2,2026-08-13,8.91,8.99,800
VLBS,2026-08-13,650.3,658.1,2737
BHL,2026-08-13,208.0,212.0,193280
SHPC,2026-08-13,492.0,496.0,25281
SIKLES,2026-08-13,555.0,560.0,8363
SNORL,2026-08-13,895.0,898.0,12482
ILBS,2026-08-13,888.0,893.0,5108
KEF,2026-08-13,10.84,10.97,353620
SGIC,2026-08-13,453.0,457.0,4315
TVCL,2026-08-13,470.0,472.1,3089
MMKJL,2026-08-13,449.0,446.0,1998
MBJC,2026-08-13,252.9,267.0,18648
CREST,2026-08-13,1244.2,1179.9,2583
PURE,2026-08-13,807.1,820.0,2680
MEN,2026-08-13,616.0,614.9,43318
HDHPC,2026-08-13,208.8,213.5,211893
NMB,2026-08-13,243.0,242.5,24299
GLH,2026-08-13,255.7,263.8,102439
NGPL,2026-08-13,416.7,413.2,126937
PCIL,2026-08-13,622.0,650.9,116719
RHGCL,2026-08-13,262.5,265.0,41238
NIBLGF,2026-08-13,8.89,8.81,25750
PCBL,2026-08-13,238.2,240.0,40163
CZBIL,2026-08-13,205.1,204.9,32743
SPC,2026-08-13,411.1,418.0,1214
PMHPL,2026-08-13,310.0,315.9,3684
PMLI,2026-08-13,430.1,431.0,1668
BOKD86,2026-08-13,1111.0,1111.0,355
JBLB,2026-08-13,1254.1,1260.0,2685
MNBBL,2026-08-13,366.0,365.0,16506
LICN,2026-08-13,774.0,775.5,3982
NICLBSL,2026-08-13,546.0,550.0,4625
UPPER,2026-08-13,191.5,193.5,74115
STC,2026-08-13,5271.0,5200.0,40
SPHL,2026-08-13,520.0,530.7,11100
GMFIL,2026-08-13,448.1,455.0,8448
MDB,2026-08-13,575.0,583.7,864
SAHAS,2026-08-13,672.0,675.0,50827
LVF2,2026-08-13,9.1,9.11,400
SJLIC,2026-08-13,408.0,415.0,7379
MSHL,2026-08-13,589.1,602.0,189
MLBSL,2026-08-13,1234.1,1310.0,3558
CITY,2026-08-13,372.0,370.3,39521
GMFBS,2026-08-13,1184.0,1180.0,397
SPDL,2026-08-13,377.9,375.0,54290
SBCF,2026-08-13,9.32,9.39,2400
MEHL,2026-08-13,287.0,288.7,3934
GILB,2026-08-13,1090.0,1110.0,6744
TPC,2026-08-13,344.9,362.2,15375
DLBS,2026-08-13,1150.0,1163.2,257
LEC,2026-08-13,207.0,224.5,266088
NMBD2085,2026-08-13,1150.0,1134.0,1
VLUCL,2026-08-13,416.0,413.0,4982
MSLB,2026-08-13,1252.4,1260.0,928
SPIL,2026-08-13,690.0,697.8,882
MCHL,2026-08-13,282.0,280.0,1799
SHEL,2026-08-13,303.5,306.7,89508
RBCL,2026-08-13,14200.0,14200.0,10
ILI,2026-08-13,413.0,416.0,5766
KSBBL,2026-08-13,475.0,479.0,22050
AHL,2026-08-13,415.0,413.0,1853
PBD88,2026-08-13,1200.0,1200.0,60
GFCL,2026-08-13,598.0,603.9,6543
UMRH,2026-08-13,525.6,532.0,2027
MBLEF,2026-08-13,10.23,10.51,146895
BFC,2026-08-13,497.0,494.0,8753
HLBSL,2026-08-13,887.0,879.0,262
AKJCL,2026-08-13,364.0,363.0,229686
PRVU,2026-08-13,189.0,190.0,131968
NSY,2026-08-13,9.16,9.21,1700
SINDU,2026-08-13,718.8,680.0,6512
SMHL,2026-08-13,492.9,496.0,23987
AKPL,2026-08-13,256.5,255.9,68380
SAEF2,2026-08-13,9.0,9.02,8395
SMATA,2026-08-13,720.1,728.0,1879
USHEC,2026-08-13,469.3,500.0,12400
SLCF,2026-08-13,9.8,10.0,6300
UAIL,2026-08-13,432.2,436.1,2909
MBL,2026-08-13,254.0,254.8,43542
PBD84,2026-08-13,1070.0,1070.0,25
WNLB,2026-08-13,1316.0,1332.0,120
PSF,2026-08-13,11.84,12.0,6290
HLI,2026-08-13,317.0,319.9,14374
CIZBD90,2026-08-13,1220.0,1220.0,50
RNLI,2026-08-13,421.5,426.4,14413
ECL,2026-08-13,1530.0,1559.9,14370
RAWA,2026-08-13,423.7,427.3,11088
MANDU,2026-08-13,802.0,811.9,5745
NWCL,2026-08-13,680.4,690.0,740
GBLBS,2026-08-13,730.3,743.6,3087
FOWAD,2026-08-13,944.0,939.0,532
ULHC,2026-08-13,372.0,359.0,61187
SMFBS,2026-08-13,1485.0,1450.0,2224
SHL,2026-08-13,508.0,509.0,14077
SALICO,2026-08-13,602.9,598.9,2941
BHCL,2026-08-13,486.2,488.6,16230
NICFC,2026-08-13,9.1,9.07,3500
PROFL,2026-08-13,415.0,421.7,2936
NLG,2026-08-13,571.0,571.0,3359
RBBF40,2026-08-13,9.1,9.19,12144
SEF2,2026-08-13,9.2,9.1,8545
SBL,2026-08-13,413.0,413.5,54402
RBCLPO,2026-08-13,11225.0,11225.0,40
SFEF,2026-08-13,9.85,9.81,23600
SWASTIK,2026-08-13,1980.0,2015.0,570
JOSHI,2026-08-13,279.0,284.9,36722
BBC,2026-08-13,4200.0,4200.0,102
MKCL,2026-08-13,1050.0,1052.0,625
MHL,2026-08-13,462.2,470.0,4009
SWMF,2026-08-13,611.0,614.0,761
SLBBL,2026-08-13,800.0,810.0,5034
NBF2,2026-08-13,10.05,9.88,1900
CHDC,2026-08-13,2216.1,2225.0,8348
SPL,2026-08-13,637.0,638.6,145
EHPL,2026-08-13,345.0,334.6,4543
NRN,2026-08-13,1501.5,1419.8,116925
NLICL,2026-08-13,567.7,568.0,2823
MKHC,2026-08-13,269.0,271.0,22052
RURU,2026-08-13,610.0,610.1,2093
LBLD86,2026-08-13,1139.0,1083.0,2
SCBD,2026-08-13,1133.0,1070.0,2
MPFL,2026-08-13,610.0,632.5,26581
SCB,2026-08-13,650.0,658.0,8897
SHLB,2026-08-13,1413.1,1390.0,291
PRSF,2026-08-13,12.78,12.82,11700
BANDIPUR,2026-08-13,678.0,685.5,18749
NTC,2026-08-13,892.5,865.0,7783
NRM,2026-08-13,305.0,303.0,7655
SKHEL,2026-08-13,956.3,970.0,2537
GHL,2026-08-13,233.9,256.7,1184057
NIFRAGED,2026-08-13,1010.1,1010.1,25
HIDCLP,2026-08-13,182.0,189.4,56677
JHAPA,2026-08-13,1077.2,1092.8,4422
MLBBL,2026-08-13,1070.0,1062.5,1969
GLBSL,2026-08-13,1735.0,1757.0,256
SMB,2026-08-13,1893.3,1822.0,1325
CIT,2026-08-13,1707.0,1713.6,4278
NBLD87,2026-08-13,1080.0,1080.0,25
CBBL,2026-08-13,933.0,935.0,7611
MLBL,2026-08-13,348.0,351.0,15180
ULBSL,2026-08-13,2625.0,2748.0,580
KBSH,2026-08-13,950.0,957.8,18544
TAMOR,2026-08-13,451.1,453.0,19705
GBBD85,2026-08-13,1061.2,1061.0,50
SWBBL,2026-08-13,663.0,672.0,3419
ANLB,2026-08-13,5200.0,5400.0,1587
BHDC,2026-08-13,422.2,431.0,5400
RMF2,2026-08-13,9.9,10.1,11200
GBIMEP,2026-08-13,100.0,100.0,8622
KAHL,2026-08-13,508.0,539.0,23312
MABEL,2026-08-13,590.09,590.6,5161
SARBTM,2026-08-13,790.0,797.7,6884
TTL,2026-08-13,700.0,712.8,4544
KHPL,2026-08-13,772.6,808.0,6003
NABBC,2026-08-13,802.0,806.7,11357
SGHC,2026-08-13,308.0,304.0,67846
MEL,2026-08-13,208.1,212.0,50473
RFPL,2026-08-13,331.1,347.0,38665
MNMF1,2026-08-13,9.5,9.5,800
SABBL,2026-08-13,935.0,951.0,14548
LSH12,2026-08-13,9.0,9.03,3950
GRDBL,2026-08-13,1034.0,1049.0,8894
JFL,2026-08-13,385.0,386.9,7016
AHPC,2026-08-13,265.0,265.9,77596
UNHPL,2026-08-13,380.0,379.0,17997
RSML,2026-08-13,2423.0,2546.1,21911
SMH,2026-08-13,507.5,510.0,3808
BEDC,2026-08-13,314.0,319.0,22277
SYPNL,2026-08-13,1340.0,1300.0,30086
DHPL,2026-08-13,280.0,289.9,2039
CHL,2026-08-13,260.0,272.0,26533
NLIC,2026-08-13,738.0,733.9,29188
IGI,2026-08-13,427.0,430.0,7975
NBL,2026-08-13,269.0,268.7,48880
SAGAR,2026-08-13,1596.0,1700.0,6433
UHEWA,2026-08-13,600.0,633.0,87365
KDBY,2026-08-13,10.88,11.0,58048
NICSF,2026-08-13,8.6,8.89,1710
CORBL,2026-08-13,1071.0,1055.1,24249
CORBLP,2026-08-12,100.0,100.0,56175
NABIL,2026-08-12,551.0,550.0,27049
GFCL,2026-08-12,603.0,598.0,4471
SLCF,2026-08-12,9.21,9.72,8100
SWASTIK,2026-08-12,1980.0,2015.0,345
NABILD2089,2026-08-12,1050.0,1068.1,531
MND84/85,2026-08-12,1052.2,1052.2,100
SAGF,2026-08-12,10.0,10.2,8600
ICFCD89,2026-08-12,1077.1,1077.4,50
NICSF,2026-08-12,8.8,8.83,33117
SLBBL,2026-08-12,794.0,797.0,3175
MATRI,2026-08-12,815.0,801.1,349
UHEWA,2026-08-12,661.0,610.0,34069
NBF2,2026-08-12,9.85,9.84,220
NYADI,2026-08-12,365.0,368.9,7375
LSH12,2026-08-12,9.1,9.05,12750
KMCDB,2026-08-12,800.0,796.3,6542
UMRH,2026-08-12,528.1,530.0,1642
KSBBL,2026-08-12,468.0,474.9,26203
ICFCD83,2026-08-12,1234.1,1049.0,42
SFMF,2026-08-12,10.2,10.3,2519
SMATA,2026-08-12,720.6,724.5,799
SMJC,2026-08-12,450.0,442.0,9512
UNLB,2026-08-12,1237.0,1269.8,51
HEIP,2026-08-12,328.0,328.0,10
NLIC,2026-08-12,742.0,738.8,14922
CREST,2026-08-12,1247.4,1185.0,4136
PCBL,2026-08-12,240.0,240.0,28515
VLUCL,2026-08-12,411.0,414.9,1575
NIMBPO,2026-08-12,143.1,141.0,16572
RIDI,2026-08-12,377.0,375.0,275981
GMLI,2026-08-12,1105.0,1095.0,1005
LLBS,2026-08-12,908.0,885.0,518
RBCL,2026-08-12,14110.0,14025.0,100
NICFC,2026-08-12,9.2,9.3,4529
HATHY,2026-08-12,681.0,676.0,4187
HLBSL,2026-08-12,863.0,875.0,737
NMBHF2,2026-08-12,9.5,9.55,1200
RBBF40,2026-08-12,9.2,9.1,32410
NESDO,2026-08-12,1430.0,1450.0,917
SNORL,2026-08-12,901.1,903.0,8916
DHEL,2026-08-12,610.0,602.0,18205
SOPL,2026-08-12,810.0,801.1,21064
AHL,2026-08-12,410.0,416.5,1032
CZBIL,2026-08-12,203.0,203.9,32544
SKBBL,2026-08-12,750.0,746.2,5261
SIGS3,2026-08-12,10.6,10.6,1140
NRN,2026-08-12,1350.0,1430.0,224771
AKPL,2026-08-12,255.0,252.0,57770
GLBSL,2026-08-12,1740.0,1753.0,206
NHPC,2026-08-12,260.3,271.9,123741
BEDC,2026-08-12,323.0,316.0,10321
SICL,2026-08-12,612.4,615.0,5969
JBLB,2026-08-12,1250.0,1270.0,1870
NICLBSL,2026-08-12,540.0,548.5,5770
NMBMF,2026-08-12,600.0,599.0,1699
ANLB,2026-08-12,5200.0,5305.0,2070
ADBLD83,2026-08-12,1025.0,1025.0,100
LEC,2026-08-12,218.0,217.8,35487
MKCL,2026-08-12,1060.0,1050.0,4366
NMLBBL,2026-08-12,519.0,514.0,2671
GRDBL,2026-08-12,1031.2,1050.0,4984
HLI,2026-08-12,318.0,317.0,9096
SIKLES,2026-08-12,553.1,555.9,3588
RLEL,2026-08-12,865.0,855.0,18108
SPHL,2026-08-12,517.0,519.9,3101
NSIF2,2026-08-12,10.7,10.87,12306
MEL,2026-08-12,208.6,208.1,37000
CGH,2026-08-12,775.0,778.0,6251
JSLBB,2026-08-12,977.9,967.1,58
HDHPC,2026-08-12,197.6,207.0,51851
HFIN,2026-08-12,676.0,669.0,14769
GMFIL,2026-08-12,452.0,449.1,13326
NRM,2026-08-12,304.0,303.3,4792
SHLB,2026-08-12,1430.0,1456.0,431
MHL,2026-08-12,466.0,464.0,2741
PBD88,2026-08-12,1172.0,1170.0,25
SHPC,2026-08-12,498.0,494.9,10919
ICFC,2026-08-12,598.0,595.0,8451
IGI,2026-08-12,428.0,427.1,2967
SJLIC,2026-08-12,405.2,412.0,14107
LBBL,2026-08-12,485.0,485.0,17555
NIL,2026-08-12,606.0,606.2,6410
CHCL,2026-08-12,482.1,481.0,9938
PPL,2026-08-12,310.0,324.0,11444
NTC,2026-08-12,861.0,862.1,5408
GBIMESY2,2026-08-12,9.06,9.11,600
SAIL,2026-08-12,1150.0,1093.0,15742
MMF1,2026-08-12,8.72,9.01,8950
UPCL,2026-08-12,354.8,350.0,18520
SMH,2026-08-12,512.0,509.4,7468
NLG,2026-08-12,559.0,571.0,13229
MLBSL,2026-08-12,1370.0,1299.0,7755
GUFL,2026-08-12,575.0,576.0,14101
CSY,2026-08-12,8.87,9.07,4000
SLBSL,2026-08-12,925.0,927.0,2356
IHL,2026-08-12,337.0,341.0,1410
CLI,2026-08-12,437.2,432.0,21143
NHDL,2026-08-12,631.0,642.0,1749
CFCL,2026-08-12,625.1,650.0,343174
MLBS,2026-08-12,1115.0,1144.0,115
RLFL,2026-08-12,452.9,448.9,27609
NFS,2026-08-12,565.0,565.0,17373
YMHL,2026-08-12,612.0,626.0,22832
PCIL,2026-08-12,620.0,623.0,26706
BUNGAL,2026-08-12,591.0,588.0,10866
STC,2026-08-12,5210.0,5200.0,896
SONA,2026-08-12,405.0,402.4,12928
MLBL,2026-08-12,330.7,346.5,9353
HIDCL,2026-08-12,251.8,265.0,163995
SAEF2,2026-08-12,9.0,9.08,8590
SINDU,2026-08-12,704.9,684.6,8940
AVYAN,2026-08-12,1043.0,1060.0,2924
RMF1,2026-08-12,10.02,9.84,55300
NICA,2026-08-12,330.0,325.1,31814
NBLD87,2026-08-12,1080.0,1074.0,5
PPCL,2026-08-12,321.0,335.5,6280
ACLBSL,2026-08-12,927.9,943.0,628
NGPL,2026-08-12,441.0,415.0,255946
MSHL,2026-08-12,600.0,601.0,288
MNMF1,2026-08-12,9.54,9.54,800
HLICF,2026-08-12,8.5,8.53,1500
CBBL,2026-08-12,928.2,933.0,5915
SIPD,2026-08-12,678.0,675.0,7484
SBCF,2026-08-12,9.6,9.36,170993
SPL,2026-08-12,630.0,640.0,380
CHDC,2026-08-12,2180.0,2238.0,18189
MNBBL,2026-08-12,368.8,365.0,39825
SKHL,2026-08-12,870.2,883.0,8193
SGHC,2026-08-12,310.0,306.9,56056
SJCL,2026-08-12,267.1,271.0,3396
UPPER,2026-08-12,192.0,191.5,47254
GMFBS,2026-08-12,1115.0,1152.0,222
NIMBD90,2026-08-12,1217.0,1217.0,3000
PRSF,2026-08-12,12.78,12.79,1100
NADEP,2026-08-12,701.3,720.0,209
HIMSTAR,2026-08-12,724.9,715.0,3402
SPDL,2026-08-12,360.9,370.5,31236
MHNL,2026-08-12,254.1,240.0,4858
EBLD86,2026-08-12,1070.0,1070.0,25
KDBY,2026-08-12,10.83,10.98,139886
RURU,2026-08-12,611.0,608.1,1239
BGWT,2026-08-12,545.0,537.6,567
WNLB,2026-08-12,1355.0,1315.0,255
RSY,2026-08-12,10.11,10.4,11300
MFIL,2026-08-12,761.0,783.0,27501
SCB,2026-08-12,650.0,650.0,4802
TVCL,2026-08-12,475.1,474.0,2990
USHEC,2026-08-12,497.1,494.0,10090
NWCL,2026-08-12,684.0,690.0,1087
SWMF,2026-08-12,606.0,615.0,2435
RSDC,2026-08-12,637.1,638.4,492
PRIN,2026-08-12,669.5,666.9,4500
SGIC,2026-08-12,453.0,452.8,7484
H8020,2026-08-12,11.72,12.07,600
RSML,2026-08-12,2600.0,2550.1,23929
SABBL,2026-08-12,930.0,955.0,11943
NICL,2026-08-12,500.0,500.0,2876
SBLD2091,2026-08-12,1041.8,1041.8,25
TRH,2026-08-12,799.0,825.0,8206
PMLI,2026-08-12,436.0,432.9,23192
RSY2,2026-08-12,9.01,9.08,9600
SADBL,2026-08-12,413.0,409.9,25395
DOLTI,2026-08-12,321.0,318.0,7455
BHDC,2026-08-12,433.0,428.5,2217
JHAPA,2026-08-12,1040.4,1087.9,3313
SFEF,2026-08-12,10.0,9.8,49410
LBLD86,2026-08-12,1210.0,1139.0,3
NICGF2,2026-08-12,9.01,9.08,1590
LSL,2026-08-12,221.1,220.9,70498
PHCL,2026-08-12,300.0,298.5,25852
TAMOR,2026-08-12,451.1,451.0,46091
UMHL,2026-08-12,560.0,575.2,46874
SMFBS,2026-08-12,1603.3,1499.0,660
MBL,2026-08-12,254.0,254.0,33624
GBBL,2026-08-12,420.0,419.5,24874
SYPNL,2026-08-12,1322.0,1298.0,32019
APHL,2026-08-12,830.0,815.0,11981
TPKHL,2026-08-12,550.0,550.0,19197
GLH,2026-08-12,258.0,257.2,13752
NUBL,2026-08-12,603.0,600.1,4091
UNL,2026-08-12,47700.0,47700.0,10
DORDI,2026-08-12,247.0,250.0,9600
CORBL,2026-08-12,1174.0,1086.0,38077
NABBC,2026-08-12,832.0,813.1,11627
RADHI,2026-08-12,700.0,729.8,142030
PRVUPO,2026-08-12,104.0,104.0,13000
BANDIPUR,2026-08-12,700.0,685.0,7274
MPFL,2026-08-12,618.0,624.0,15931
TTL,2026-08-12,715.0,714.9,5674
LVF2,2026-08-12,9.43,9.31,8933
PSF,2026-08-12,11.86,12.0,5400
JFL,2026-08-12,385.0,388.0,4317
UAIL,2026-08-12,430.3,435.0,4591
MEPDL,2026-08-12,300.0,345.0,150
MMKJL,2026-08-12,450.0,449.9,1475
MAKAR,2026-08-12,420.1,415.0,18753
BNHC,2026-08-12,290.0,281.6,12650
RFPL,2026-08-12,342.5,336.5,9817
ECL,2026-08-12,1530.0,1575.0,29731
NIBLSTF,2026-08-12,8.5,8.55,8722
TPC,2026-08-12,368.0,363.0,12403
SAHAS,2026-08-12,705.0,672.0,71678
CHL,2026-08-12,260.0,264.0,9457
MERO,2026-08-12,663.0,663.1,1814
MKHC,2026-08-12,275.0,267.0,25356
SARBTM,2026-08-12,780.0,794.9,2771
C30MF,2026-08-12,10.0,10.0,120
GILB,2026-08-12,1051.8,1078.0,89
NIFRAGED,2026-08-12,1020.0,1020.0,25
NIMB,2026-08-12,201.0,193.1,47338
EBLD91,2026-08-12,1061.0,1061.0,25
PMHPL,2026-08-12,314.0,315.0,2826
PRVU,2026-08-12,190.0,189.4,58663
SPIL,2026-08-12,677.0,694.0,3464
GBIME,2026-08-12,238.2,250.0,189235
NBL,2026-08-12,264.0,267.0,40763
GIBF1,2026-08-12,10.68,10.69,3400
KSY,2026-08-12,9.6,9.36,2130
MSLB,2026-08-12,1246.1,1252.4,313
ILBS,2026-08-12,885.0,875.0,88
SANIMA,2026-08-12,369.0,366.0,143595
HRL,2026-08-12,596.3,581.0,32750
SAPDBL,2026-08-12,800.0,791.3,14082
BFC,2026-08-12,499.0,493.9,28745
SKHEL,2026-08-12,975.0,970.0,1381
NIBD84,2026-08-12,1030.3,1030.3,25
KAHL,2026-08-12,539.0,532.0,46191
AHPC,2026-08-12,267.0,264.0,62813
RHPL,2026-08-12,253.3,253.6,11184
MBLEF,2026-08-12,10.13,10.34,137100
ALBSL,2026-08-12,1070.0,1114.0,4715
LICN,2026-08-12,779.9,772.0,4221
ALICL,2026-08-12,428.7,418.0,9785
OMPL,2026-08-12,895.1,900.0,3540
NICBF,2026-08-12,9.5,9.2,600
CYCL,2026-08-12,1265.1,1237.0,2655
MHCL,2026-08-12,314.0,312.0,1765
MCHL,2026-08-12,280.0,280.0,2155
RMF2,2026-08-12,9.81,9.81,100
NMB,2026-08-12,251.0,242.9,34208
MDB,2026-08-12,571.0,579.8,2881
SEF,2026-08-12,10.2,10.05,16500
GHL,2026-08-12,230.0,229.4,48393
SGHL,2026-08-12,498.0,519.0,55196
MKHL,2026-08-12,495.0,500.0,3148
SHL,2026-08-12,502.0,508.0,23413
SWBBL,2026-08-12,701.0,676.0,1383
KKHC,2026-08-12,316.0,324.0,341070
CIT,2026-08-12,1709.9,1704.7,3114
MABEL,2026-08-12,592.1,590.1,3649
NMFBS,2026-08-12,1101.0,1115.0,3265
GSY,2026-08-12,9.7,9.5,1150
CITY,2026-08-12,366.1,372.0,89313
KEF,2026-08-12,10.59,10.83,366136
BHCL,2026-08-12,466.0,493.0,12040
CKHL,2026-08-12,582.0,609.0,1641
RAWA,2026-08-12,429.0,423.8,9538
RHGCL,2026-08-12,260.0,257.0,13470
SIFC,2026-08-12,504.0,503.2,3182
GBLBS,2026-08-12,729.3,749.9,989
HIDCLP,2026-08-12,188.1,187.5,26415
MANDU,2026-08-12,796.0,802.0,1452
VLBS,2026-08-12,650.1,662.0,1494
KDL,2026-08-12,770.0,779.8,572
KBL,2026-08-12,226.8,219.0,394307
SHEL,2026-08-12,303.3,305.0,26751
GBBD85,2026-08-12,1060.1,1061.0,35
HBL,2026-08-12,194.0,195.0,118391
BNT,2026-08-12,11550.0,11600.0,110
HEI,2026-08-12,525.0,537.9,341
KBSH,2026-08-12,950.0,961.0,13364
SSHL,2026-08-12,200.0,200.0,53949
NCCD86,2026-08-12,1185.0,1116.0,3
SMB,2026-08-12,1855.7,1807.0,146
HURJA,2026-08-12,237.0,237.0,23768
GVL,2026-08-12,475.3,481.0,8931
EBL,2026-08-12,715.0,716.6,16152
GWFD83,2026-08-12,1085.0,1054.3,11
BHL,2026-08-12,208.0,207.7,23636
HHL,2026-08-12,330.0,332.1,20260
SANVI,2026-08-12,570.0,599.5,6572
AKJCL,2026-08-12,350.0,363.8,259591
EDBL,2026-08-12,587.9,583.5,2655
SEF2,2026-08-12,8.78,9.21,21470
ILI,2026-08-12,407.0,413.0,3607
KBLD89,2026-08-12,1274.0,1257.0,1105
SHINE,2026-08-12,410.0,410.0,15638
EHPL,2026-08-12,345.5,336.0,24313
NIBSF2,2026-08-12,8.87,8.83,800
SNLI,2026-08-12,412.0,409.0,20127
BHPL,2026-08-12,499.0,485.0,1640
USLB,2026-08-12,1105.0,1115.0,549
ICFCD88,2026-08-12,1115.0,1130.0,75
MLBBL,2026-08-12,1085.0,1067.0,4754
PROFL,2026-08-12,416.0,417.2,2175
ADBL,2026-08-12,301.0,304.0,34081
PBLD86,2026-08-12,1383.2,1263.0,4
DDBL,2026-08-12,850.0,850.0,15008
HDL,2026-08-12,1120.0,1166.0,17422
SMPDA,2026-08-12,748.0,746.0,833
SRLI,2026-08-12,368.0,370.0,5232
NIFRA,2026-08-12,244.0,252.4,83476
NIBLGF,2026-08-12,8.9,8.89,201855
BBC,2026-08-12,4181.0,4200.0,271
DHPL,2026-08-12,282.1,283.0,3173
LUK,2026-08-12,10.28,10.15,13300
SHIVM,2026-08-12,640.0,632.1,61657
API,2026-08-12,339.8,331.0,116519
JBBL,2026-08-12,338.0,336.0,33905
UNHPL,2026-08-12,368.0,377.9,24865
SALICO,2026-08-12,600.0,589.0,618
HPPL,2026-08-12,373.0,379.0,113217
OHL,2026-08-12,656.0,670.0,2724
SBL,2026-08-12,411.0,410.9,44649
NBF3,2026-08-12,9.57,9.59,3700
FOWAD,2026-08-12,930.0,935.0,1563
BARUN,2026-08-12,319.1,317.5,16723
BJHL,2026-08-12,681.0,684.0,7016
SBLD89,2026-08-12,1228.1,1228.1,20
NRIC,2026-08-12,927.0,922.0,10977
DLBS,2026-08-12,1145.1,1147.0,408
MEHL,2026-08-12,283.0,287.0,3555
GCIL,2026-08-12,346.0,342.0,11274
MBJC,2026-08-12,261.0,265.5,11114
MKJC,2026-08-12,455.0,448.0,5717
SPC,2026-08-12,414.0,417.8,1106
BPCL,2026-08-12,653.0,655.0,22253
KHPL,2026-08-12,823.7,800.1,6691
KPCL,2026-08-12,461.0,467.0,5337
SAGAR,2026-08-12,1700.0,1680.0,7720
USHL,2026-08-12,509.0,530.0,2798
NMIC,2026-08-12,915.0,901.0,1137
RNLI,2026-08-12,421.1,421.5,18238
SBI,2026-08-12,401.0,404.0,23854
ENL,2026-08-12,800.0,847.0,1388
NLICL,2026-08-12,569.5,565.0,7501
ULBSL,2026-08-12,2625.0,2733.0,330
MEN,2026-08-12,641.0,614.0,67448
TSHL,2026-08-12,362.0,369.0,2458
SOHL,2026-08-12,670.0,690.0,319127
PURE,2026-08-12,816.0,829.0,11760
JOSHI,2026-08-12,284.4,277.9,39905
FMDBL,2026-08-12,790.0,788.7,35577
SBLD84,2026-08-12,1045.1,1045.1,25
ULHC,2026-08-12,425.0,371.2,45339
SMHL,2026-08-12,496.0,492.9,48400
NSY,2026-08-12,9.0,9.4,25500
UNHPL,2026-08-11,368.0,375.0,13749
API,2026-08-11,330.0,332.0,242144
NMBHF2,2026-08-11,9.56,9.57,2200
MSHL,2026-08-11,606.0,604.0,360
AKPL,2026-08-11,252.5,254.3,39308
SBLD89,2026-08-11,1225.1,1225.1,10
SWBBL,2026-08-11,672.0,670.0,7694
SADBL,2026-08-11,415.0,410.0,19081
LUK,2026-08-11,10.1,10.59,22997
DOLTI,2026-08-11,320.0,319.0,11936
SWMF,2026-08-11,649.9,612.0,1348
SSHL,2026-08-11,191.0,201.7,56990
UNLB,2026-08-11,1300.0,1271.9,1110
SIGS2,2026-08-11,10.5,10.7,10800
SAEF2,2026-08-11,9.1,9.07,11415
NIFRAUR85/86,2026-08-11,1010.0,1010.0,50
RSY2,2026-08-11,8.58,9.01,18520
SJLIC,2026-08-11,422.0,409.0,17436
MHL,2026-08-11,464.1,466.1,1698
MBLEF,2026-08-11,10.21,10.32,30200
SFMF,2026-08-11,10.02,10.3,11125
NMBMF,2026-08-11,602.5,601.2,565
MNMF1,2026-08-11,9.51,9.51,117760
OMPL,2026-08-11,905.0,895.1,3388
JFL,2026-08-11,385.0,386.9,3250
PRVU,2026-08-11,190.0,190.0,94685
KSBBL,2026-08-11,464.0,470.8,45848
AHL,2026-08-11,410.0,417.0,544
BARUN,2026-08-11,320.0,319.1,14010
SKBBL,2026-08-11,745.0,747.1,8975
RBBF40,2026-08-11,9.1,9.01,25941
MKHL,2026-08-11,472.0,493.1,964
EDBL,2026-08-11,580.0,587.9,10182
GBIMESY2,2026-08-11,9.0,9.1,5700
ENL,2026-08-11,782.0,803.0,70
SOPL,2026-08-11,792.0,814.0,34655
BHDC,2026-08-11,426.0,428.1,6859
EBL,2026-08-11,715.0,715.0,33873
SANIMA,2026-08-11,370.1,369.0,50047
NMIC,2026-08-11,919.0,906.0,4285
RSY,2026-08-11,10.14,10.27,2650
NHPC,2026-08-11,273.0,273.7,201232
RADHI,2026-08-11,670.0,716.8,38611
RSDC,2026-08-11,669.0,649.0,4373
MBL,2026-08-11,250.5,253.0,52563
SPIL,2026-08-11,674.0,683.1,7935
RIDI,2026-08-11,375.0,377.0,879886
IGI,2026-08-11,428.0,427.2,3218
CFCL,2026-08-11,648.1,658.0,76435
KHPL,2026-08-11,806.2,805.3,9077
SMFBS,2026-08-11,1538.0,1527.0,607
GHL,2026-08-11,233.9,230.0,72720
GIBF1,2026-08-11,10.7,10.9,1300
NICLBSL,2026-08-11,547.0,545.2,3045
BEDC,2026-08-11,328.6,318.0,14377
SARBTM,2026-08-11,783.0,788.0,9333
JBBL,2026-08-11,330.0,337.2,17103
CKHL,2026-08-11,565.0,599.0,21398
BNT,2026-08-11,11550.0,11550.0,40
GBBD85,2026-08-11,1058.6,1058.6,25
EHPL,2026-08-11,355.9,336.2,4479
SPL,2026-08-11,606.4,636.1,1020
SINDU,2026-08-11,666.0,686.0,6159
SPDL,2026-08-11,368.0,379.8,47077
YMHL,2026-08-11,620.0,625.0,18870
GUFL,2026-08-11,573.0,573.0,28519
RNLI,2026-08-11,421.0,422.9,23788
NHDL,2026-08-11,635.0,640.0,1118
NRM,2026-08-11,306.0,304.0,6042
MMF1,2026-08-11,8.73,8.9,12930
SBL,2026-08-11,405.0,410.0,74512
CBBL,2026-08-11,934.0,930.0,10589
NGPL,2026-08-11,409.8,421.0,427557
MAKAR,2026-08-11,446.2,419.5,29187
NLIC,2026-08-11,738.0,738.0,28028
NABBC,2026-08-11,806.2,817.0,11928
NIMBPO,2026-08-11,144.0,144.0,1
SMPDA,2026-08-11,750.0,749.9,1220
SIKLES,2026-08-11,555.0,555.3,5433
AVYAN,2026-08-11,1042.0,1043.0,777
SBCF,2026-08-11,9.57,9.6,24150
NBF3,2026-08-11,9.65,9.6,4550
HDL,2026-08-11,1164.0,1162.0,17397
MABEL,2026-08-11,596.0,597.0,7416
UMHL,2026-08-11,570.0,578.8,51862
CGH,2026-08-11,779.9,776.3,3207
KAHL,2026-08-11,537.0,542.0,47780
SCB,2026-08-11,653.0,649.3,12584
KEF,2026-08-11,10.61,10.74,6760
UHEWA,2026-08-11,598.0,629.9,168927
MATRI,2026-08-11,800.0,808.0,197
SKHL,2026-08-11,890.0,892.9,7045
PCBL,2026-08-11,239.1,240.0,66626
RLEL,2026-08-11,867.0,863.0,3805
SABBL,2026-08-11,970.0,957.2,16375
GBLBS,2026-08-11,775.9,732.2,5345
BJHL,2026-08-11,637.0,681.0,8696
SGHL,2026-08-11,527.0,523.4,83559
SAIL,2026-08-11,1100.0,1100.0,56890
CHDC,2026-08-11,2170.0,2176.0,4674
MCHL,2026-08-11,275.0,282.0,2034
DHEL,2026-08-11,608.2,615.0,29725
ILI,2026-08-11,408.0,410.0,7939
BHCL,2026-08-11,490.0,490.0,15807
HURJA,2026-08-11,240.5,238.0,33750
NUBL,2026-08-11,610.0,601.4,7597
RBBD2088,2026-08-11,994.1,1053.0,52
MLBL,2026-08-11,348.0,348.0,9658
MERO,2026-08-11,664.0,663.0,2950
MFIL,2026-08-11,755.0,761.0,17264
MEL,2026-08-11,198.7,208.5,11564
SBI,2026-08-11,401.0,405.0,22384
BHPL,2026-08-11,475.0,499.0,6066
SYPNL,2026-08-11,1277.0,1321.0,19605
SNORL,2026-08-11,879.8,914.9,19214
NICGF2,2026-08-11,9.0,9.01,1900
NWCL,2026-08-11,700.0,687.0,2268
NIFRA,2026-08-11,243.3,244.0,53381
RBCL,2026-08-11,14399.0,14108.1,50
NMBD87/88,2026-08-11,1080.1,1085.1,50
NIBSF2,2026-08-11,8.79,8.87,4100
IHL,2026-08-11,344.0,340.4,6470
NIBLGF,2026-08-11,8.81,8.88,2635
ACLBSL,2026-08-11,915.0,927.9,433
PCIL,2026-08-11,620.0,623.0,24243
RSML,2026-08-11,2502.0,2626.0,31269
PMLI,2026-08-11,433.0,436.0,6097
MHNL,2026-08-11,238.0,242.0,7638
NICA,2026-08-11,325.0,326.0,25681
PURE,2026-08-11,815.0,826.0,1772
HRL,2026-08-11,583.0,579.0,33470
PBD85,2026-08-11,1091.8,1091.8,50
SPC,2026-08-11,417.0,416.2,3944
LSL,2026-08-11,219.0,221.0,23733
FMDBL,2026-08-11,850.0,810.7,144234
CHCL,2026-08-11,490.0,482.0,20777
SRLI,2026-08-11,368.0,370.0,12977
PHCL,2026-08-11,292.0,300.0,35029
SHL,2026-08-11,502.0,503.0,19086
C30MF,2026-08-11,9.97,9.97,1000
ADBL,2026-08-11,302.1,302.5,71707
VLUCL,2026-08-11,435.7,411.2,2901
NICSF,2026-08-11,8.6,8.66,200
TVCL,2026-08-11,470.0,480.0,3238
BGWT,2026-08-11,535.0,545.0,666
UNL,2026-08-11,48300.0,48500.0,45
BHL,2026-08-11,196.6,208.0,50014
NSIF2,2026-08-11,10.66,10.7,400
ECL,2026-08-11,1577.0,1529.9,33957
HEI,2026-08-11,542.9,534.7,5131
MLBS,2026-08-11,1146.1,1145.0,602
SANVI,2026-08-11,580.0,598.9,9026
RURU,2026-08-11,610.0,607.0,3391
SMJC,2026-08-11,445.0,444.9,23322
NYADI,2026-08-11,365.0,369.9,3354
NESDO,2026-08-11,1450.0,1448.0,508
PBD88,2026-08-11,1170.0,1150.0,100
VLBS,2026-08-11,655.1,663.0,1492
PMHPL,2026-08-11,312.1,318.5,5691
RMF1,2026-08-11,9.6,9.82,18100
HHL,2026-08-11,344.0,332.1,15566
SJCL,2026-08-11,270.0,270.0,4195
NMFBS,2026-08-11,1127.9,1104.0,1893
SPHL,2026-08-11,506.0,521.7,6183
CLI,2026-08-11,435.2,437.2,6889
CIT,2026-08-11,1700.0,1703.0,4433
SGIC,2026-08-11,430.0,453.0,4655
CORBL,2026-08-11,1150.0,1140.0,36057
JHAPA,2026-08-11,1070.0,1095.1,5184
NIBLSTF,2026-08-11,8.54,8.59,1200
NIMB,2026-08-11,183.3,193.3,162254
NTC,2026-08-11,869.9,861.1,3042
MNBBL,2026-08-11,365.0,366.8,17948
PPL,2026-08-11,325.0,326.0,12624
NLICL,2026-08-11,568.0,567.0,10114
RHGCL,2026-08-11,257.8,258.0,13517
SCBD,2026-08-11,1133.0,1133.0,10
NMB,2026-08-11,243.0,243.3,19775
SLBSL,2026-08-11,962.1,949.0,5113
RFPL,2026-08-11,332.5,336.5,25800
JBLB,2026-08-11,1255.0,1255.2,2740
SIGS3,2026-08-11,10.95,10.85,20200
SMHL,2026-08-11,493.0,494.0,29826
CSY,2026-08-11,8.9,8.87,4600
EBLD91,2026-08-11,1060.0,1088.0,126
KMCDB,2026-08-11,807.9,800.0,2606
MEN,2026-08-11,609.0,610.8,113770
WNLB,2026-08-11,1370.0,1355.0,258
SHIVM,2026-08-11,603.5,636.0,46483
GMLI,2026-08-11,1086.0,1103.0,3249
LLBS,2026-08-11,860.0,884.0,637
SIPD,2026-08-11,679.0,680.0,17493
PROFL,2026-08-11,425.0,416.0,4803
SIFC,2026-08-11,505.0,505.6,2727
SHEL,2026-08-11,309.0,305.9,44730
USLB,2026-08-11,1116.0,1120.0,1287
PSF,2026-08-11,11.8,11.84,4180
UPPER,2026-08-11,191.8,192.0,64653
KBL,2026-08-11,215.0,216.0,181279
GSY,2026-08-11,9.5,9.5,4760
SKHEL,2026-08-11,960.0,971.1,2794
NICAD2091,2026-08-11,1022.3,1032.0,50
CHL,2026-08-11,260.0,267.3,16580
RHPL,2026-08-11,254.1,256.4,11892
ANLB,2026-08-11,5300.0,5438.0,2026
HIMSTAR,2026-08-11,682.1,718.9,5620
CZBIL,2026-08-11,200.0,202.8,62919
TTL,2026-08-11,726.3,720.0,8667
ICFC,2026-08-11,614.9,597.0,10186
HIDCL,2026-08-11,265.5,252.5,24870
TPKHL,2026-08-11,532.5,556.8,38961
HLBSL,2026-08-11,883.0,884.9,664
SAPDBL,2026-08-11,835.0,802.0,51797
STC,2026-08-11,5151.0,5200.0,1402
SHPC,2026-08-11,495.0,498.0,32659
HIDCLP,2026-08-11,189.5,187.9,68190
GMFBS,2026-08-11,1205.0,1133.0,850
NBLD87,2026-08-11,1075.3,1080.0,50
MKCL,2026-08-11,1042.5,1064.0,3179
LVF2,2026-08-11,9.15,9.16,700
UAIL,2026-08-11,432.0,434.0,7575
DHPL,2026-08-11,288.0,290.0,2686
AHPC,2026-08-11,265.0,264.2,59333
NLG,2026-08-11,575.0,566.0,9060
ULHC,2026-08-11,365.0,436.6,74681
SLCF,2026-08-11,9.22,9.33,1200
NRIC,2026-08-11,883.0,927.0,13077
CBLD88,2026-08-11,1238.0,1238.0,8075
GFCL,2026-08-11,605.0,602.0,8533
USHL,2026-08-11,523.0,535.0,1518
OHL,2026-08-11,642.0,656.1,1562
HATHY,2026-08-11,646.0,680.0,7526
SMATA,2026-08-11,730.0,729.0,775
NBF2,2026-08-11,9.81,9.83,300
PPCL,2026-08-11,335.0,337.8,7123
GCIL,2026-08-11,344.0,347.1,12073
BNHC,2026-08-11,267.9,284.5,16371
USHEC,2026-08-11,486.4,497.9,4333
NFS,2026-08-11,565.5,560.2,6032
RMF2,2026-08-11,9.82,9.82,100
LSH12,2026-08-11,9.0,9.11,5800
BANDIPUR,2026-08-11,675.0,686.1,20031
SBLD84,2026-08-11,1050.0,1050.0,100
EBLD86,2026-08-11,1050.8,1050.8,25
MEHL,2026-08-11,288.5,282.8,9119
DLBS,2026-08-11,1160.0,1160.0,475
UMRH,2026-08-11,520.2,533.6,3520
TSHL,2026-08-11,363.5,361.7,8670
MLBBL,2026-08-11,1110.0,1099.5,3056
KDL,2026-08-11,777.0,768.0,382
KPCL,2026-08-11,469.0,466.6,5489
SOHL,2026-08-11,680.0,695.0,632667
MKJC,2026-08-11,455.0,446.1,8538
MSLB,2026-08-11,1229.0,1275.0,445
BFC,2026-08-11,502.9,492.0,33215
NBL,2026-08-11,266.0,265.9,38561
FOWAD,2026-08-11,950.0,930.0,1937
SMH,2026-08-11,514.0,511.9,4007
JOSHI,2026-08-11,278.0,283.0,28480
NSY,2026-08-11,9.3,9.2,1700
NADEP,2026-08-11,731.0,718.0,494
KKHC,2026-08-11,331.0,317.5,433088
CCBD88,2026-08-11,1182.0,1182.0,25
CITY,2026-08-11,365.0,370.5,67765
HLICF,2026-08-11,8.47,8.5,3200
MBJC,2026-08-11,261.4,266.6,22212
NMLBBL,2026-08-11,520.0,519.0,5696
SNLI,2026-08-11,410.0,412.0,11999
KDBY,2026-08-11,10.96,10.88,407193
HPPL,2026-08-11,370.0,385.4,139819
ULBSL,2026-08-11,2660.0,2744.2,450
MHCL,2026-08-11,307.5,310.0,1490
TAMOR,2026-08-11,440.1,449.2,21063
MDB,2026-08-11,570.0,576.0,1970
CYCL,2026-08-11,1271.0,1265.0,334
DDBL,2026-08-11,840.0,840.0,6728
SICL,2026-08-11,610.0,611.4,4788
GMFIL,2026-08-11,457.0,457.0,3454
GLBSL,2026-08-11,1755.0,1770.0,278
BPCL,2026-08-11,650.0,647.0,9518
HDHPC,2026-08-11,207.0,207.9,63863
SAGAR,2026-08-11,1700.0,1700.0,10002
SMB,2026-08-11,1825.0,1855.7,1579
MLBSL,2026-08-11,1560.0,1370.0,29670
GRDBL,2026-08-11,1090.0,1050.9,7748
MMKJL,2026-08-11,440.1,443.0,1563
LBBL,2026-08-11,485.1,484.0,26020
H8020,2026-08-11,12.0,11.67,700
SHINE,2026-08-11,418.1,410.0,14469
HFIN,2026-08-11,687.0,679.5,19448
DORDI,2026-08-11,250.0,251.0,12695
TPC,2026-08-11,361.5,361.3,11589
NRN,2026-08-11,1377.1,1377.0,30644
SHLB,2026-08-11,1434.0,1474.0,150
NABIL,2026-08-11,556.0,551.0,26088
KBSH,2026-08-11,960.1,980.0,13243
GBBL,2026-08-11,418.0,419.0,21129
MPFL,2026-08-11,615.0,623.6,8431
SBLD2091,2026-08-11,1055.0,1055.0,25
PRIN,2026-08-11,668.0,669.3,1425
MANDU,2026-08-11,798.0,802.0,6360
SAHAS,2026-08-11,671.0,674.4,76201
UPCL,2026-08-11,345.0,349.0,33888
GBIME,2026-08-11,238.5,250.7,211271
GLH,2026-08-11,257.1,258.2,21008
SFEF,2026-08-11,9.8,9.8,100
NICFC,2026-08-11,9.1,9.2,900
CREST,2026-08-11,1172.0,1188.0,15159
BUNGAL,2026-08-11,585.0,591.0,25797
PRSF,2026-08-11,12.73,12.83,11855
LICN,2026-08-11,770.0,770.0,3288
LEC,2026-08-11,220.9,219.0,64718
SGHC,2026-08-11,315.0,310.0,62019
HLI,2026-08-11,316.1,318.0,18830
RLFL,2026-08-11,457.9,446.0,11787
SWASTIK,2026-08-11,2023.0,1999.0,391
GVL,2026-08-11,473.0,480.5,11966
SALICO,2026-08-11,589.0,595.0,4039
SBD87,2026-08-11,1080.0,1080.0,50
ILBS,2026-08-11,840.0,878.0,1610
NIL,2026-08-11,620.0,606.0,4496
SEF2,2026-08-11,9.0,9.05,8040
KSY,2026-08-11,9.19,9.33,6350
AKJCL,2026-08-11,350.0,365.0,283588
NICBF,2026-08-11,9.3,9.3,300
SEF,2026-08-11,10.0,10.25,33530
ALICL,2026-08-11,418.0,420.0,11144
TRH,2026-08-11,783.1,795.1,11635
MKHC,2026-08-11,272.1,272.8,64787
ALBSL,2026-08-11,1055.0,1113.9,33881
BBC,2026-08-11,4280.0,4209.9,174
HBL,2026-08-11,190.0,194.0,57231
SLBBL,2026-08-11,790.1,794.0,4911
RAWA,2026-08-11,429.0,423.8,15504
SAGF,2026-08-11,10.11,10.0,400
CIZBD90,2026-08-11,1220.0,1220.0,25
NICL,2026-08-11,509.9,500.2,14229
GILB,2026-08-11,1065.0,1070.4,459
SONA,2026-08-11,403.0,403.1,13067
APHL,2026-08-11,820.0,830.0,11603
SAPDBL,2026-08-10,825.0,835.0,116158
SLBBL,2026-08-10,814.9,799.0,1206
NABBC,2026-08-10,825.2,812.2,22306
NIBD84,2026-08-10,1035.1,1035.0,100
HEIP,2026-08-10,330.0,337.8,20
SLCF,2026-08-10,9.36,9.5,900
SPHL,2026-08-10,510.0,520.0,1328
SHIVM,2026-08-10,638.7,633.3,63736
BUNGAL,2026-08-10,581.0,584.0,18488
MBL,2026-08-10,254.7,250.3,77384
HDL,2026-08-10,1175.0,1165.1,16464
UAIL,2026-08-10,436.0,432.0,18300
NUBL,2026-08-10,600.0,610.0,2805
SFEF,2026-08-10,9.91,9.91,100
MKCL,2026-08-10,1050.2,1051.0,944
EBL,2026-08-10,730.0,715.0,34924
DHPL,2026-08-10,294.0,288.0,4003
STC,2026-08-10,5170.0,5170.0,180
LBBL,2026-08-10,485.1,485.0,20953
ALICL,2026-08-10,424.5,418.0,11884
MKHL,2026-08-10,482.0,496.8,2570
NBL,2026-08-10,268.0,266.0,35349
LSH12,2026-08-10,9.0,9.05,5120
GBIMESY2,2026-08-10,9.01,9.25,2600
SRLI,2026-08-10,370.1,368.6,36694
RMF1,2026-08-10,9.57,9.7,2500
NMBHF2,2026-08-10,9.6,9.54,1400
NMIC,2026-08-10,900.0,898.0,1819
SARBTM,2026-08-10,782.0,780.0,1989
RFPL,2026-08-10,330.2,332.5,16227
SKHL,2026-08-10,880.0,896.0,13557
KMCDB,2026-08-10,738.2,807.9,10382
NADEP,2026-08-10,729.0,711.2,626
PPCL,2026-08-10,331.0,335.0,11404
RBBD2088,2026-08-10,1024.4,994.1,26
NBLD87,2026-08-10,1092.0,1092.0,25
IGI,2026-08-10,430.0,428.0,5760
PMHPL,2026-08-10,313.0,318.9,1755
GCIL,2026-08-10,340.0,345.1,5383
NGPL,2026-08-10,408.0,408.5,65637
PSF,2026-08-10,12.0,11.9,10855
TTL,2026-08-10,710.0,731.0,9300
SMATA,2026-08-10,728.0,730.0,1719
YMHL,2026-08-10,620.0,624.0,17066
TAMOR,2026-08-10,446.0,450.0,14927
NYADI,2026-08-10,366.0,365.0,1795
HPPL,2026-08-10,377.1,382.0,83031
MND84/85,2026-08-10,1042.8,1042.8,150
TPC,2026-08-10,377.4,361.5,29948
MEHL,2026-08-10,298.0,288.0,5220
NBLD85,2026-08-10,1020.0,1025.0,200
NBF3,2026-08-10,9.55,9.65,32350
NABILD2089,2026-08-10,1025.0,1055.7,104
RBCL,2026-08-10,14000.0,14419.0,30
KBLPO,2026-08-10,100.0,100.0,16831
RLEL,2026-08-10,889.0,867.0,3697
NMLBBL,2026-08-10,540.8,519.9,5609
NIBSF2,2026-08-10,8.8,8.87,17400
SNLI,2026-08-10,414.0,412.0,11302
RMF2,2026-08-10,9.63,9.73,5100
USHEC,2026-08-10,490.0,497.0,7383
HATHY,2026-08-10,705.0,680.0,7602
RLFL,2026-08-10,462.8,447.0,32466
HURJA,2026-08-10,239.7,239.0,28025
BHPL,2026-08-10,490.0,482.5,3914
SCB,2026-08-10,648.1,643.2,7703
JBBL,2026-08-10,338.2,339.0,32729
HFIN,2026-08-10,690.1,686.3,21606
HLBSL,2026-08-10,870.0,884.0,310
TSHL,2026-08-10,378.0,363.0,8569
PURE,2026-08-10,805.5,820.0,1858
MNBBLP,2026-08-10,236.2,236.2,156283
CSY,2026-08-10,8.6,8.88,12599
HIDCLP,2026-08-10,186.3,187.0,51015
SPIL,2026-08-10,685.0,685.5,358
DHEL,2026-08-10,561.0,620.0,73627
CHDC,2026-08-10,2191.0,2165.5,5977
SKBBL,2026-08-10,753.9,747.0,8895
NESDO,2026-08-10,1429.0,1458.0,187
TRH,2026-08-10,789.0,792.0,2207
API,2026-08-10,330.1,328.5,127348
CIT,2026-08-10,1710.1,1700.0,3577
RSY2,2026-08-10,10.0,9.03,17720
KDBY,2026-08-10,11.05,11.0,1473490
NHPC,2026-08-10,260.0,272.2,227236
SAGAR,2026-08-10,1720.0,1730.0,5294
HDHPC,2026-08-10,198.0,207.0,76396
CBLD88,2026-08-10,1230.0,1250.0,26
MKHC,2026-08-10,280.0,271.0,15787
IHL,2026-08-10,350.0,345.0,4586
RHPL,2026-08-10,259.0,260.0,26721
MERO,2026-08-10,661.2,672.0,3939
SHINE,2026-08-10,408.0,407.0,13248
MLBL,2026-08-10,351.0,348.0,17511
SMFBS,2026-08-10,1493.1,1500.0,106
BHDC,2026-08-10,421.4,426.0,1583
KHPL,2026-08-10,803.0,806.2,8628
GLBSL,2026-08-10,1752.0,1785.0,75
NIFRA,2026-08-10,245.0,244.0,49286
SHPC,2026-08-10,497.0,495.0,22792
NRIC,2026-08-10,930.0,929.0,10394
PBD88,2026-08-10,1200.0,1200.0,30
AKPL,2026-08-10,254.0,254.7,57562
KKHC,2026-08-10,320.0,321.8,242978
ALBSL,2026-08-10,1061.0,1090.0,3254
RSML,2026-08-10,2489.0,2633.5,31036
SANVI,2026-08-10,560.5,587.0,4175
BGWT,2026-08-10,554.0,548.0,1602
KAHL,2026-08-10,533.1,542.0,28378
MNMF1,2026-08-10,9.8,9.56,26200
SICL,2026-08-10,610.0,610.2,4185
GBBD85,2026-08-10,1045.5,1045.5,30
RADHI,2026-08-10,710.9,705.0,17998
RSY,2026-08-10,10.24,10.4,2600
SWBBL,2026-08-10,672.5,670.0,8339
TVCL,2026-08-10,483.0,468.1,27033
PBLD86,2026-08-10,1383.2,1383.2,10
HEI,2026-08-10,532.0,531.0,2214
ECL,2026-08-10,1650.0,1584.0,37178
TPKHL,2026-08-10,527.0,560.0,39899
UMRH,2026-08-10,526.6,530.0,1454
FMDBL,2026-08-10,798.9,817.0,153815
SIPD,2026-08-10,660.0,678.9,30604
BHCL,2026-08-10,485.4,490.0,19700
JHAPA,2026-08-10,1075.0,1070.0,5182
MLBSL,2026-08-10,1602.0,1610.0,399
BANDIPUR,2026-08-10,685.0,680.0,30104
SONA,2026-08-10,405.0,407.0,8324
UNHPL,2026-08-10,379.5,374.0,4858
NICLBSL,2026-08-10,545.1,545.0,5117
NICL,2026-08-10,508.7,506.9,26927
MMKJL,2026-08-10,454.9,450.0,1791
PCBL,2026-08-10,243.8,239.0,21138
HBL,2026-08-10,194.0,194.8,45300
MSLB,2026-08-10,1260.0,1259.0,1305
HRL,2026-08-10,612.0,578.0,31026
GBIME,2026-08-10,256.0,251.0,221487
JSLBB,2026-08-10,979.9,980.0,305
VLUCL,2026-08-10,420.0,415.0,6412
MKJC,2026-08-10,450.2,455.0,2605
BFC,2026-08-10,494.2,494.6,24740
SHEL,2026-08-10,305.1,304.2,40875
MATRI,2026-08-10,809.0,802.1,240
NSIF2,2026-08-10,10.7,10.7,9200
SAHAS,2026-08-10,671.9,670.3,58300
OMPL,2026-08-10,893.0,894.0,2196
UNL,2026-08-10,48500.0,48500.0,10
PPL,2026-08-10,312.0,326.5,7936
MHL,2026-08-10,463.0,468.0,700
MPFL,2026-08-10,610.0,616.0,9050
BPCL,2026-08-10,650.0,649.8,17280
HHL,2026-08-10,334.0,334.9,9345
SPDL,2026-08-10,358.0,372.0,54800
CREST,2026-08-10,1174.0,1179.7,4497
DORDI,2026-08-10,250.0,249.9,19961
SGHC,2026-08-10,315.0,312.5,41548
SIFC,2026-08-10,504.1,503.0,9194
ICFCD89,2026-08-10,1064.2,1064.2,25
SWMF,2026-08-10,603.5,619.0,738
NIMBPO,2026-08-10,142.5,144.0,17955
PRSF,2026-08-10,12.91,12.85,9500
NICAD85/86,2026-08-10,1165.0,1166.0,191
SBI,2026-08-10,407.0,401.0,6504
LICN,2026-08-10,785.0,770.0,6970
NCCD86,2026-08-10,1198.0,1185.0,21
RNLI,2026-08-10,431.7,424.0,21810
SMPDA,2026-08-10,767.3,750.0,830
WNLB,2026-08-10,1351.0,1332.0,139
CORBL,2026-08-10,1065.1,1155.2,67629
VLBS,2026-08-10,655.0,661.0,1244
SAEF2,2026-08-10,9.22,9.26,7350
SMJC,2026-08-10,450.0,445.0,23287
RURU,2026-08-10,605.0,609.0,2780
JFL,2026-08-10,385.0,388.0,4185
CCBD88,2026-08-10,1165.0,1165.0,25
ULHC,2026-08-10,380.0,379.7,20845
LBLD88,2026-08-10,1090.0,1090.0,25
SAGF,2026-08-10,10.11,10.11,200
NICBF,2026-08-10,9.57,9.3,200
SMH,2026-08-10,503.7,507.0,9191
NICA,2026-08-10,326.0,325.0,25167
NABIL,2026-08-10,556.0,549.4,44025
PMLI,2026-08-10,434.0,433.0,20168
DDBL,2026-08-10,827.1,840.0,10615
BEDC,2026-08-10,320.0,319.1,13199
GHL,2026-08-10,225.2,229.8,29208
UPCL,2026-08-10,350.0,345.0,35967
GSY,2026-08-10,9.51,9.51,3700
CIZBD90,2026-08-10,1225.0,1225.7,125
NICFC,2026-08-10,9.1,9.2,6830
SBL,2026-08-10,412.9,405.1,43011
ULBSL,2026-08-10,2660.0,2749.0,807
RIDI,2026-08-10,360.0,386.0,762163
BHL,2026-08-10,209.0,206.9,68161
NLG,2026-08-10,565.2,568.0,1499
ENL,2026-08-10,786.0,797.9,451
MABEL,2026-08-10,580.0,594.0,2799
KPCL,2026-08-10,468.0,469.0,3191
FOWAD,2026-08-10,957.8,945.0,2733
NMB,2026-08-10,243.1,243.0,21182
SPL,2026-08-10,632.6,638.3,1010
CHL,2026-08-10,260.0,267.9,13425
ILI,2026-08-10,410.0,408.2,8756
SNORL,2026-08-10,951.3,926.1,48245
LBLD86,2026-08-10,1208.0,1210.0,20
SEF,2026-08-10,9.91,9.9,11440
PRIN,2026-08-10,664.0,668.0,941
NIBLSTF,2026-08-10,8.55,8.54,2610
NIMB,2026-08-10,195.0,192.9,82067
SHLB,2026-08-10,1474.0,1434.0,49
NMBMF,2026-08-10,607.0,602.5,296
SKHEL,2026-08-10,970.0,980.0,1155
UHEWA,2026-08-10,570.0,608.0,43239
ICFC,2026-08-10,598.0,599.0,2931
MSHL,2026-08-10,608.0,606.0,485
NRN,2026-08-10,1360.0,1376.0,40092
UNLB,2026-08-10,1260.0,1270.0,78
RHGCL,2026-08-10,251.3,257.0,13088
KSBBL,2026-08-10,475.0,468.0,74163
JOSHI,2026-08-10,287.0,277.9,44277
NMBD2085,2026-08-10,1150.0,1150.0,50
NSY,2026-08-10,9.2,9.48,5320
SMHL,2026-08-10,494.0,493.0,34085
MHCL,2026-08-10,310.0,310.0,4149
CZBIL,2026-08-10,202.0,200.2,39327
BNHC,2026-08-10,287.0,282.0,9682
ILBS,2026-08-10,851.0,865.0,1894
NICAD2091,2026-08-10,1048.0,1049.0,54
SPC,2026-08-10,411.0,418.0,970
SHINED,2026-08-10,1098.0,1090.0,130
UMHL,2026-08-10,570.0,579.5,13309
AVYAN,2026-08-10,1060.0,1051.0,1960
CLI,2026-08-10,442.0,440.0,4963
UPPER,2026-08-10,192.0,191.8,43154
DLBS,2026-08-10,1165.0,1180.0,328
SWASTIK,2026-08-10,2010.0,2015.0,491
HLI,2026-08-10,319.0,317.0,24202
AKJCL,2026-08-10,355.0,366.9,237038
EBLD91,2026-08-10,1058.0,1088.0,175
SIKLES,2026-08-10,559.0,555.2,2935
JBLB,2026-08-10,1257.0,1255.0,2308
NLIC,2026-08-10,739.0,738.0,18658
RAWA,2026-08-10,429.0,417.8,11780
AHL,2026-08-10,415.0,410.0,1857
HIDCL,2026-08-10,252.6,253.0,45099
GUFL,2026-08-10,564.0,560.4,13187
USHL,2026-08-10,565.8,544.9,1586
NLICL,2026-08-10,563.0,567.0,8653
MCHL,2026-08-10,273.8,276.0,3409
KBL,2026-08-10,220.0,215.0,166580
SGIC,2026-08-10,452.1,450.4,5603
RBBF40,2026-08-10,9.0,9.12,3054
SHL,2026-08-10,499.0,498.0,12145
CKHL,2026-08-10,593.9,581.0,16440
MFIL,2026-08-10,755.0,772.0,19366
MLBS,2026-08-10,1130.0,1130.0,444
NMB50,2026-08-10,10.38,10.41,435
SMB,2026-08-10,1820.0,1848.0,1003
MBLEF,2026-08-10,10.29,10.28,581500
HIMSTAR,2026-08-10,690.0,693.0,2624
MANDU,2026-08-10,800.0,800.0,3342
BJHL,2026-08-10,694.0,670.0,8460
USLB,2026-08-10,1128.0,1123.0,429
LEC,2026-08-10,221.5,218.0,92850
SOHL,2026-08-10,688.0,711.0,651181
MBJC,2026-08-10,267.0,265.2,10879
SALICO,2026-08-10,590.0,589.0,2932
SABBL,2026-08-10,930.1,980.9,11587
SJCL,2026-08-10,270.0,270.0,6627
SSHL,2026-08-10,205.0,200.5,57281
RSDC,2026-08-10,636.0,657.0,8214
C30MF,2026-08-10,10.15,9.91,300
NICSF,2026-08-10,9.0,8.64,15345
DOLTI,2026-08-10,322.0,320.0,14161
MAKAR,2026-08-10,430.0,425.0,18200
ICFCD88,2026-08-10,1164.0,1134.9,175
SOPL,2026-08-10,792.0,796.0,18146
SADBL,2026-08-10,408.0,408.0,15687
MHNL,2026-08-10,241.0,240.9,7666
BNT,2026-08-10,11645.0,11550.1,65
CHCL,2026-08-10,493.0,484.0,9921
AHPC,2026-08-10,265.5,265.0,30498
EDBL,2026-08-10,578.0,580.0,4050
SEF2,2026-08-10,9.0,9.25,32050
NTC,2026-08-10,864.0,860.0,17752
CGH,2026-08-10,778.0,779.9,5420
APHL,2026-08-10,824.0,828.0,7668
PROFL,2026-08-10,420.0,419.0,4235
EHPL,2026-08-10,361.2,339.0,20514
SYPNL,2026-08-10,1219.8,1334.0,48549
SFMF,2026-08-10,10.01,10.01,150
H8020,2026-08-10,12.0,12.01,1200
NICGF2,2026-08-10,9.0,9.23,5970
NBF2,2026-08-10,9.85,9.86,8206
SBCF,2026-08-10,9.58,9.4,9685
CYCL,2026-08-10,1216.0,1278.0,1298
CITY,2026-08-10,370.0,367.0,60858
NHDL,2026-08-10,638.0,640.0,808
CFCL,2026-08-10,639.0,656.5,79134
MDB,2026-08-10,571.2,578.0,3978
MMF1,2026-08-10,8.9,8.98,9400
GILB,2026-08-10,1070.1,1088.0,1167
KEF,2026-08-10,10.5,10.8,830832
PRVU,2026-08-10,200.5,188.5,267784
LLBS,2026-08-10,885.0,866.0,683
ANLB,2026-08-10,5819.1,5467.0,2737
SGHL,2026-08-10,510.0,527.8,45869
NICAP,2026-08-10,179.0,179.0,7981
GMFBS,2026-08-10,1188.0,1174.0,997
JBBD87,2026-08-10,1140.0,1140.0,50
GFCL,2026-08-10,603.0,600.0,9296
LVF2,2026-08-10,9.06,9.1,1800
MNBBL,2026-08-10,367.0,366.8,9170
SJLIC,2026-08-10,411.4,410.0,18094
ACLBSL,2026-08-10,917.0,915.0,912
GBILD84/85,2026-08-10,1102.0,1103.0,50
KBSH,2026-08-10,965.0,966.0,14256
SAIL,2026-08-10,1050.0,1120.0,53380
MEN,2026-08-10,595.0,601.0,19092
SANIMA,2026-08-10,370.1,369.8,47600
KSY,2026-08-10,9.49,9.47,7000
LUK,2026-08-10,10.6,10.06,11530
SLBSL,2026-08-10,965.0,970.0,4044
SINDU,2026-08-10,691.0,691.0,8020
GBBL,2026-08-10,418.0,418.6,21748
MLBBL,2026-08-10,1120.0,1121.9,397
GBLBS,2026-08-10,774.9,739.0,1293
CBBL,2026-08-10,929.0,930.0,4726
NRM,2026-08-10,305.5,306.4,5089
NFS,2026-08-10,580.0,564.1,3855
PCIL,2026-08-10,622.0,625.0,20718
NIL,2026-08-10,616.0,612.0,4608
KBLD89,2026-08-10,1313.0,1313.2,79
SIGS3,2026-08-10,10.6,10.89,26335
KDL,2026-08-10,751.5,778.0,320
LSL,2026-08-10,222.5,220.0,56723
BARUN,2026-08-10,318.2,318.7,13245
GMFIL,2026-08-10,460.0,457.0,10821
NIBLGF,2026-08-10,9.0,8.8,450
OHL,2026-08-10,665.0,651.0,561
HLICF,2026-08-10,9.0,8.72,5750
NWCL,2026-08-10,680.0,693.6,1090
GRDBL,2026-08-10,1101.0,1059.0,6720
GVL,2026-08-10,480.2,480.0,1588
GIBF1,2026-08-10,10.65,11.0,31300
ADBL,2026-08-10,311.0,305.0,41071
BBC,2026-08-10,4200.0,4249.0,272
GLH,2026-08-10,260.3,257.6,20175
GMLI,2026-08-10,1086.5,1100.0,2828
PHCL,2026-08-10,293.1,293.7,25842
NMFBS,2026-08-10,1098.0,1104.0,1058
MEL,2026-08-10,214.0,209.1,34787
AHPC,2026-08-07,268.8,265.9,37465
CITY,2026-08-07,356.0,371.0,100371
GMFIL,2026-08-07,457.2,456.3,5395
MKJC,2026-08-07,455.8,453.0,6876
SGIC,2026-08-07,455.4,452.0,10822
PHCL,2026-08-07,294.2,296.0,27204
CGH,2026-08-07,778.0,785.1,60218
RSML,2026-08-07,2540.0,2620.0,27037
CFCL,2026-08-07,642.0,660.0,45130
EBL,2026-08-07,734.0,723.0,23131
SPDL,2026-08-07,345.0,368.0,27048
CBLD88,2026-08-07,1162.0,1230.0,8040
PBD84,2026-08-07,1069.0,1069.0,25
USHEC,2026-08-07,497.0,497.0,6636
BPCL,2026-08-07,648.0,650.0,3243
H8020,2026-08-07,11.9,12.2,3900
CZBIL,2026-08-07,203.0,202.0,26917
NABILD2089,2026-08-07,1040.0,1040.0,25
SOHL,2026-08-07,662.0,688.0,578177
RSY,2026-08-07,10.31,10.26,5300
MMF1,2026-08-07,8.32,8.88,14980
PRIN,2026-08-07,670.5,666.0,3998
USHL,2026-08-07,525.4,538.9,1505
ADBLD83,2026-08-07,1023.6,1023.6,25
GBIME,2026-08-07,252.3,251.0,157185
HLBSL,2026-08-07,870.0,870.0,217
NUBL,2026-08-07,602.0,605.4,2996
SIFC,2026-08-07,510.0,505.5,7215
TPKHL,2026-08-07,529.9,554.0,37966
PURE,2026-08-07,830.0,820.0,20112
PCIL,2026-08-07,630.0,622.3,23281
NRN,2026-08-07,1387.0,1371.0,51374
SJLIC,2026-08-07,412.0,412.6,6494
ALBSL,2026-08-07,1050.0,1091.0,3178
AKPL,2026-08-07,256.1,256.6,40985
FMDBL,2026-08-07,758.0,781.0,49122
HDHPC,2026-08-07,210.0,208.0,71273
UMRH,2026-08-07,528.3,526.1,3386
UNHPL,2026-08-07,381.5,375.0,7991
SMJC,2026-08-07,467.0,458.0,212329
NRM,2026-08-07,308.1,305.1,4650
SMH,2026-08-07,534.0,506.0,6919
SRLI,2026-08-07,372.0,374.0,17635
AVYAN,2026-08-07,1036.0,1053.0,6060
MERO,2026-08-07,675.0,661.2,2700
GCIL,2026-08-07,350.0,345.0,13380
MNBBL,2026-08-07,368.0,366.3,17348
AKJCL,2026-08-07,392.7,362.1,322090
SKBBL,2026-08-07,752.0,749.9,5056
HATHY,2026-08-07,681.2,693.0,4014
SHEL,2026-08-07,305.0,307.0,47541
BOKD86KA,2026-08-07,1111.1,1111.1,50
NLG,2026-08-07,551.0,570.0,1670
OHL,2026-08-07,652.0,665.0,2378
NBF3,2026-08-07,9.51,9.55,4830
GBLBS,2026-08-07,731.2,738.0,1327
NBF2,2026-08-07,9.81,10.1,2280
NIL,2026-08-07,615.0,615.9,8458
OMPL,2026-08-07,910.0,893.0,4184
PPL,2026-08-07,313.5,328.4,9314
BHL,2026-08-07,210.0,208.9,44962
USLB,2026-08-07,1125.0,1125.0,1018
SADBL,2026-08-07,411.0,408.4,3960
MKHL,2026-08-07,483.2,494.9,829
BANDIPUR,2026-08-07,695.0,692.0,34855
SWBBL,2026-08-07,665.0,665.0,4356
HRL,2026-08-07,604.3,583.0,32994
SLCF,2026-08-07,9.25,9.52,325
RMF2,2026-08-07,9.73,9.79,300
NIFRA,2026-08-07,246.0,245.1,40495
CLI,2026-08-07,440.0,443.9,18558
MBJC,2026-08-07,266.0,267.0,4538
NICLBSL,2026-08-07,545.2,547.0,7143
BFC,2026-08-07,502.0,494.0,30161
ICFCD89,2026-08-07,1085.0,1092.0,222
HURJA,2026-08-07,238.0,238.0,29557
SANVI,2026-08-07,595.1,590.0,10045
CHL,2026-08-07,265.0,268.0,23013
SAPDBL,2026-08-07,800.0,839.9,24319
CYCL,2026-08-07,1282.0,1280.0,1208
HFIN,2026-08-07,701.0,699.0,21761
GRDBL,2026-08-07,1030.0,1049.0,9453
RLEL,2026-08-07,928.0,890.0,4579
SPC,2026-08-07,411.0,419.0,3743
BGWT,2026-08-07,542.0,556.0,501
RBBF40,2026-08-07,9.49,9.01,1948
KSY,2026-08-07,9.23,9.52,43030
YMHL,2026-08-07,639.7,621.8,26605
RNLI,2026-08-07,428.0,431.7,8967
SIPD,2026-08-07,690.0,680.0,15418
PCBL,2026-08-07,244.5,240.0,41391
PRSF,2026-08-07,12.91,12.91,9400
GLBSL,2026-08-07,1801.0,1795.9,279
LSL,2026-08-07,222.0,220.2,58669
SABBL,2026-08-07,985.0,979.0,24385
JFL,2026-08-07,385.0,384.5,6409
SHINE,2026-08-07,408.5,407.2,7440
BUNGAL,2026-08-07,556.0,584.8,12856
TSHL,2026-08-07,383.3,369.9,6016
RIDI,2026-08-07,384.9,375.0,606959
GLH,2026-08-07,255.0,256.9,15144
BHCL,2026-08-07,486.0,489.0,16680
SWASTIK,2026-08-07,2020.0,2040.0,441
LUK,2026-08-07,10.69,10.69,1300
NWCL,2026-08-07,681.0,688.0,4545
ANLB,2026-08-07,5360.0,5999.0,5041
MHNL,2026-08-07,237.7,242.0,3176
MABEL,2026-08-07,595.0,593.0,3650
SBID83,2026-08-07,1031.1,1031.0,100
SMPDA,2026-08-07,755.0,745.0,564
EBLD85,2026-08-07,1113.4,1060.0,2
KDL,2026-08-07,780.0,774.0,567
NLIC,2026-08-07,743.8,739.8,18768
SBCF,2026-08-07,9.4,9.45,10900
NSY,2026-08-07,9.19,9.2,23000
BNHC,2026-08-07,297.6,286.2,28624
NICBF,2026-08-07,9.1,9.57,1200
LBBL,2026-08-07,486.0,491.9,27592
GMLI,2026-08-07,1106.0,1105.0,2767
HEIP,2026-08-07,337.9,332.0,3160
GMFBS,2026-08-07,1218.0,1154.0,1933
SANIMA,2026-08-07,375.0,370.0,461280
GHL,2026-08-07,230.0,228.0,48820
UNLB,2026-08-07,1230.0,1275.9,658
SHIVM,2026-08-07,646.0,637.7,44267
RSDC,2026-08-07,630.1,638.0,2369
DHPL,2026-08-07,307.0,290.0,1477
UAIL,2026-08-07,433.1,440.7,14840
MAKAR,2026-08-07,435.0,429.8,31056
APHL,2026-08-07,825.8,828.0,10060
SLBBL,2026-08-07,793.0,802.0,1646
SAHAS,2026-08-07,672.1,671.9,46722
DDBL,2026-08-07,825.0,829.0,3294
MEN,2026-08-07,595.0,595.1,43063
HBL,2026-08-07,194.0,194.8,33399
SAGF,2026-08-07,10.26,10.26,100
HDL,2026-08-07,1170.0,1167.0,12427
EHPL,2026-08-07,353.0,344.0,5513
UHEWA,2026-08-07,565.1,582.0,27628
KHPL,2026-08-07,810.0,816.0,6987
ILBS,2026-08-07,878.9,876.9,1049
SHL,2026-08-07,498.6,499.1,16785
SWMF,2026-08-07,606.0,619.0,7161
SAGAR,2026-08-07,1725.0,1750.0,4058
SCB,2026-08-07,663.9,648.0,8192
NICGF2,2026-08-07,9.05,9.18,1010
NIMB,2026-08-07,196.1,195.0,75911
RAWA,2026-08-07,426.0,420.0,14270
NLICL,2026-08-07,570.0,562.0,16965
LVF2,2026-08-07,9.1,9.06,5300
NHDL,2026-08-07,635.0,640.0,3032
HIDCL,2026-08-07,252.1,254.0,20564
TAMOR,2026-08-07,446.0,445.1,9540
SIGS3,2026-08-07,10.5,10.55,535
GSY,2026-08-07,9.5,9.52,56540
GBIMESY2,2026-08-07,8.98,9.11,8000
JOSHI,2026-08-07,288.0,283.0,73222
NESDO,2026-08-07,1455.0,1458.0,774
CREST,2026-08-07,1253.7,1189.0,6706
LICN,2026-08-07,790.0,774.9,1328
KBL,2026-08-07,218.0,215.0,187087
SALICO,2026-08-07,586.0,589.0,4215
NMB50,2026-08-07,10.7,10.38,7283
NMFBS,2026-08-07,1106.0,1101.4,7110
NADEP,2026-08-07,730.0,729.0,570
WNLB,2026-08-07,1326.0,1351.0,166
SONA,2026-08-07,401.2,408.0,23274
NABIL,2026-08-07,552.0,556.0,83780
SPHL,2026-08-07,520.0,524.0,8181
NGPL,2026-08-07,413.7,408.7,74059
SLBSL,2026-08-07,995.0,982.1,1298
NSIF2,2026-08-07,10.65,10.8,48900
ULHC,2026-08-07,388.0,379.0,124394
CHCL,2026-08-07,493.7,486.0,6116
SAIL,2026-08-07,1053.9,1090.0,28817
PMLI,2026-08-07,431.1,437.5,1893
NICSF,2026-08-07,8.56,8.9,6700
NMBHF2,2026-08-07,9.53,9.7,16200
NRIC,2026-08-07,935.0,932.0,7177
TTL,2026-08-07,710.5,710.0,16478
SMATA,2026-08-07,725.5,728.0,1029
RLFL,2026-08-07,465.0,452.6,10292
DLBS,2026-08-07,1182.1,1165.0,223
ACLBSL,2026-08-07,920.0,917.0,393
NHPC,2026-08-07,263.3,273.0,191698
CKHL,2026-08-07,561.5,584.0,672
EDBL,2026-08-07,575.0,584.0,1460
NIBLSTF,2026-08-07,8.6,8.79,6700
MSLB,2026-08-07,1230.0,1258.0,909
NICA,2026-08-07,327.0,326.0,43627
NIBSF2,2026-08-07,8.74,8.76,600
NFS,2026-08-07,568.0,567.4,1379
JBLB,2026-08-07,1260.1,1260.8,2340
CZBILP,2026-08-07,100.0,100.0,722042
SPIL,2026-08-07,685.1,690.0,7183
HHL,2026-08-07,340.0,337.0,8753
KDBY,2026-08-07,11.11,11.09,29060
JHAPA,2026-08-07,1086.0,1090.0,4949
GUFL,2026-08-07,570.0,569.9,10774
ALICL,2026-08-07,424.8,422.0,5448
SHINED,2026-08-07,1095.0,1095.0,50
AHL,2026-08-07,413.0,414.0,2712
MMKJL,2026-08-07,455.0,454.9,6085
NICL,2026-08-07,513.4,499.0,10404
DORDI,2026-08-07,251.0,247.0,28902
BEDC,2026-08-07,321.6,323.0,14378
HEI,2026-08-07,532.2,534.0,2186
ECL,2026-08-07,1532.0,1665.0,31215
SINDU,2026-08-07,690.1,691.0,9207
MPFL,2026-08-07,601.1,613.0,7828
FOWAD,2026-08-07,949.8,930.0,3506
NMB,2026-08-07,242.0,243.1,49980
NMIC,2026-08-07,932.8,910.0,1872
BHPL,2026-08-07,523.0,497.0,7298
API,2026-08-07,331.0,330.0,82236
MBLEF,2026-08-07,10.28,10.28,758456
UNL,2026-08-07,48500.0,48500.0,13
NTC,2026-08-07,870.9,863.9,8319
SKHL,2026-08-07,870.1,890.0,7040
MHCL,2026-08-07,310.0,308.0,4148
SYPNL,2026-08-07,1242.0,1284.0,22646
KMCDB,2026-08-07,771.8,777.0,5331
RFPL,2026-08-07,333.0,334.7,15251
MLBL,2026-08-07,353.8,350.9,19251
CHDC,2026-08-07,2207.0,2200.0,7774
MSHL,2026-08-07,608.0,608.0,1103
NYADI,2026-08-07,367.3,370.0,5382
MKHC,2026-08-07,271.6,280.0,356138
TPC,2026-08-07,357.0,359.5,10040
SGHC,2026-08-07,321.1,315.3,38765
STC,2026-08-07,5250.0,5180.0,515
RURU,2026-08-07,604.0,614.0,10900
HIDCLP,2026-08-07,189.9,187.5,54196
SGHL,2026-08-07,525.0,518.0,50921
NBL,2026-08-07,265.1,269.9,72438
PSF,2026-08-07,11.8,12.0,3800
UMHL,2026-08-07,570.0,583.0,28870
MHL,2026-08-07,465.0,470.0,3960
MANDU,2026-08-07,802.0,798.0,5828
SOPL,2026-08-07,760.0,792.0,33277
SHLB,2026-08-07,1451.0,1475.0,108
PROFL,2026-08-07,423.0,420.0,13809
NABBC,2026-08-07,840.0,825.4,13163
SBI,2026-08-07,401.0,405.9,10867
MNMF1,2026-08-07,9.53,9.8,13700
DHEL,2026-08-07,575.0,584.9,19481
NICFC,2026-08-07,9.1,9.37,4800
SJCL,2026-08-07,269.0,273.5,6788
HPPL,2026-08-07,384.0,380.0,165076
KBSH,2026-08-07,950.0,980.0,22696
UPCL,2026-08-07,346.1,350.0,17545
MFIL,2026-08-07,755.0,775.0,16576
GILB,2026-08-07,1090.0,1070.0,498
MEHL,2026-08-07,294.1,296.0,3838
ULBSL,2026-08-07,2748.0,2738.0,586
RHGCL,2026-08-07,259.0,258.1,12524
BHDC,2026-08-07,426.0,426.0,8716
GVL,2026-08-07,479.0,482.0,6322
NMLBBL,2026-08-07,525.6,515.1,6361
NIFRAGED,2026-08-07,1046.0,1030.0,1589
SHPC,2026-08-07,505.0,498.5,12536
KBLD89,2026-08-07,1290.0,1275.0,1200
CORBL,2026-08-07,1035.0,1065.0,28501
BNT,2026-08-07,11645.0,11645.0,10
NMBMF,2026-08-07,600.4,616.0,707
SMFBS,2026-08-07,1585.0,1493.1,374
MLBSL,2026-08-07,1601.0,1620.0,445
HIMSTAR,2026-08-07,696.0,696.0,4565
RMF1,2026-08-07,9.5,9.67,18250
RBCL,2026-08-07,14060.0,14210.0,40
VLUCL,2026-08-07,412.4,420.0,5158
IHL,2026-08-07,348.0,346.0,4109
NIMBPO,2026-08-07,145.9,145.0,27255
SMB,2026-08-07,1830.0,1820.0,889
ADBL,2026-08-07,309.0,307.9,45973
CIT,2026-08-07,1719.0,1709.9,5291
SICL,2026-08-07,610.1,609.1,10149
BARUN,2026-08-07,321.1,321.2,16558
HLICF,2026-08-07,8.25,8.94,2934
LLBS,2026-08-07,871.0,885.0,155
PMHPL,2026-08-07,312.1,318.0,6014
RADHI,2026-08-07,719.0,711.0,64637
PPCL,2026-08-07,357.0,338.9,4212
BJHL,2026-08-07,700.0,694.0,4666
ENL,2026-08-07,791.0,799.9,160
GIBF1,2026-08-07,10.7,10.75,2100
CBBL,2026-08-07,929.9,929.0,7453
MEL,2026-08-07,212.0,214.9,17055
LEC,2026-08-07,235.2,221.2,76335
GBBL,2026-08-07,419.1,419.0,23774
SFMF,2026-08-07,10.2,10.2,1460
SFEF,2026-08-07,9.8,9.98,33700
SEF,2026-08-07,9.6,9.91,1410
HLI,2026-08-07,319.0,319.7,14437
DOLTI,2026-08-07,316.0,320.0,6821
SAEF2,2026-08-07,9.4,9.5,12800
JBBL,2026-08-07,350.0,340.0,31771
KPCL,2026-08-07,468.1,468.0,3501
SKHEL,2026-08-07,960.3,990.0,1482
ILI,2026-08-07,409.0,412.4,5178
GFCL,2026-08-07,603.0,605.0,5011
KSBBL,2026-08-07,470.1,473.6,14143
SPL,2026-08-07,647.0,652.0,2378
MLBBL,2026-08-07,1115.0,1119.0,306
BBC,2026-08-07,4208.0,4289.0,100
SIKLES,2026-08-07,555.5,559.0,5586
SMHL,2026-08-07,499.0,494.0,19476
KEF,2026-08-07,10.8,10.5,127690
MBL,2026-08-07,253.0,255.0,87239
KAHL,2026-08-07,554.5,542.2,31077
VLBS,2026-08-07,655.0,666.0,1433
SARBTM,2026-08-07,802.0,785.0,2373
CSY,2026-08-07,9.0,8.85,29643
RHPL,2026-08-07,244.4,259.0,4000
ICFC,2026-08-07,601.1,603.0,7627
MATRI,2026-08-07,815.0,811.0,488
LBBLD89,2026-08-07,1260.0,1260.0,50
SNORL,2026-08-07,837.6,906.0,22802
SNLI,2026-08-07,416.0,414.0,11773
MCHL,2026-08-07,285.0,282.0,4818
JSLBB,2026-08-07,980.0,980.0,200
MLBS,2026-08-07,1130.0,1152.5,158
LSH12,2026-08-07,9.07,9.2,5900
UPPER,2026-08-07,194.0,192.0,96273
TRH,2026-08-07,792.0,790.0,2221
TVCL,2026-08-07,475.0,482.0,2631
SBL,2026-08-07,411.0,410.0,86200
MKCL,2026-08-07,1041.0,1075.0,2299
IGI,2026-08-07,429.0,430.0,7761
SSHL,2026-08-07,205.0,200.3,78553
SEF2,2026-08-07,9.1,9.15,38577
KKHC,2026-08-07,320.0,323.0,425658
PRVU,2026-08-07,192.3,191.0,132896
MDB,2026-08-07,576.2,578.2,3256
MANDU,2026-08-06,810.0,806.0,1682
PRIN,2026-08-06,661.1,670.5,1869
AKJCL,2026-08-06,385.4,374.0,707966
HLI,2026-08-06,320.0,319.9,26906
SHEL,2026-08-06,305.0,306.9,78427
BUNGAL,2026-08-06,588.0,585.1,20057
KEF,2026-08-06,10.5,10.5,18171
MSLB,2026-08-06,1265.0,1255.0,2572
NIFRA,2026-08-06,245.0,246.0,26888
JBBL,2026-08-06,350.1,343.0,46913
SONA,2026-08-06,403.0,403.0,18577
SLBBL,2026-08-06,802.0,798.3,2203
DORDI,2026-08-06,253.2,254.0,22370
BHDC,2026-08-06,424.7,429.5,7379
PSF,2026-08-06,11.79,11.8,900
NIMB,2026-08-06,206.3,195.9,119875
UHEWA,2026-08-06,600.0,571.8,14399
NSIF2,2026-08-06,10.74,10.68,83800
ILBS,2026-08-06,870.0,879.0,1129
NMLBBL,2026-08-06,512.0,516.0,13451
MNMF1,2026-08-06,9.6,9.6,2000
SJLIC,2026-08-06,412.5,414.2,8389
SAEF2,2026-08-06,10.0,9.5,26800
NGPL,2026-08-06,409.9,412.8,139627
SNORL,2026-08-06,916.0,881.6,20417
ULBSL,2026-08-06,2720.2,2700.5,472
NRN,2026-08-06,1382.0,1387.0,59207
MHNL,2026-08-06,239.5,239.9,14350
CKHL,2026-08-06,575.2,578.2,633
HDHPC,2026-08-06,213.9,209.9,80586
MAKAR,2026-08-06,459.0,435.0,14216
UAILPO,2026-08-06,251.0,251.0,38272
SBL,2026-08-06,415.0,411.0,105901
BNHC,2026-08-06,291.0,291.0,85327
CLI,2026-08-06,442.0,440.1,6652
YMHL,2026-08-06,639.6,639.7,47920
GBIMEP,2026-08-06,101.6,101.6,22018
SMH,2026-08-06,512.0,509.0,10300
SGHL,2026-08-06,513.4,525.6,121282
SMHL,2026-08-06,500.0,493.1,62515
MKCL,2026-08-06,1075.0,1062.0,3386
NTC,2026-08-06,860.0,862.0,4505
H8020,2026-08-06,11.75,12.2,10858
NIBLGF,2026-08-06,9.16,9.25,2800
MLBLD89,2026-08-06,1279.0,1279.0,10
UMHL,2026-08-06,560.0,582.1,149441
RHGCL,2026-08-06,262.9,261.0,16537
MMF1,2026-08-06,9.24,8.75,1700
NMBMF,2026-08-06,601.0,614.7,96
GMLI,2026-08-06,1117.0,1104.0,3222
BEDC,2026-08-06,318.1,322.0,13876
MATRI,2026-08-06,810.1,812.2,393
RADHI,2026-08-06,745.0,715.0,25197
NADEP,2026-08-06,774.0,730.0,1051
GMFBS,2026-08-06,1200.0,1183.1,410
CHDC,2026-08-06,2228.0,2218.0,20810
MPFL,2026-08-06,606.0,611.0,7322
PCIL,2026-08-06,612.0,635.0,24618
HATHY,2026-08-06,681.0,685.9,2640
BPCL,2026-08-06,645.0,653.0,31224
CREST,2026-08-06,1254.6,1194.0,3873
ADBL,2026-08-06,304.0,308.8,143216
SMATA,2026-08-06,721.2,732.0,468
GLBSL,2026-08-06,1790.0,1801.0,123
SANIMA,2026-08-06,376.5,373.7,83168
SHLB,2026-08-06,1440.0,1476.9,74
BJHL,2026-08-06,670.0,704.0,6902
MBL,2026-08-06,243.5,253.0,57765
BANDIPUR,2026-08-06,709.0,697.0,28780
HRL,2026-08-06,617.0,584.0,37238
NSY,2026-08-06,9.03,9.2,4500
GFCL,2026-08-06,604.0,603.0,6743
USHEC,2026-08-06,493.0,496.1,2247
RAWA,2026-08-06,432.0,425.9,10371
ILI,2026-08-06,415.8,411.2,13476
SKHEL,2026-08-06,986.0,989.0,2791
STC,2026-08-06,5200.0,5200.0,20
MBJC,2026-08-06,265.1,267.4,13296
SABBL,2026-08-06,980.2,985.0,15857
SHINE,2026-08-06,410.2,408.2,20045
EDBL,2026-08-06,594.0,587.9,645
ULHC,2026-08-06,350.0,407.2,16882
SJCL,2026-08-06,274.0,272.5,4683
NMB50,2026-08-06,10.32,10.6,4900
TAMOR,2026-08-06,448.2,450.0,23440
VLBS,2026-08-06,666.0,665.0,1848
VLUCL,2026-08-06,415.1,419.0,874
NESDO,2026-08-06,1489.0,1469.0,661
KKHC,2026-08-06,320.0,320.0,525282
SOPL,2026-08-06,807.2,800.0,36365
GUFL,2026-08-06,561.0,575.9,28866
RSDC,2026-08-06,637.1,635.0,2729
CBBL,2026-08-06,925.5,929.9,5944
CCBD88,2026-08-06,1177.0,1177.0,25
HURJA,2026-08-06,245.0,239.1,34513
LLBS,2026-08-06,867.3,894.8,70
DOLTI,2026-08-06,322.0,320.0,19633
TRH,2026-08-06,779.0,792.0,4398
SPIL,2026-08-06,682.1,687.0,1689
SRBLD83,2026-08-06,1015.0,1015.0,25
DHEL,2026-08-06,580.0,576.0,14035
PMLI,2026-08-06,437.0,438.7,2069
TPKHL,2026-08-06,533.0,552.0,76497
SWBBL,2026-08-06,711.9,673.0,7175
MHL,2026-08-06,482.0,468.5,2541
NICFC,2026-08-06,9.1,9.13,2100
NABIL,2026-08-06,568.0,552.0,53215
RNLI,2026-08-06,416.0,432.5,27466
NIBLSTF,2026-08-06,8.3,8.79,17927
NUBL,2026-08-06,602.0,613.0,2259
NICA,2026-08-06,329.2,327.9,69912
BHPL,2026-08-06,521.0,499.0,5470
JBLB,2026-08-06,1260.0,1260.0,4808
CHCL,2026-08-06,494.0,492.0,9452
NWCL,2026-08-06,681.3,696.9,656
MHCL,2026-08-06,321.0,312.1,5370
PPL,2026-08-06,309.3,330.0,19653
PHCL,2026-08-06,299.0,297.5,28105
AVYAN,2026-08-06,1055.7,1042.0,4987
GBIME,2026-08-06,265.8,252.3,246981
HLBSL,2026-08-06,870.0,880.0,1816
BGWT,2026-08-06,573.0,557.0,983
SINDU,2026-08-06,700.0,700.0,12222
SMFBS,2026-08-06,1535.0,1525.0,390
MKHL,2026-08-06,480.2,495.3,6620
NIMBPO,2026-08-06,144.0,142.0,27298
NRM,2026-08-06,307.0,310.5,3279
ICFC,2026-08-06,606.1,605.0,3311
ACLBSL,2026-08-06,930.0,920.0,423
NRIC,2026-08-06,940.0,938.9,16972
RMF1,2026-08-06,9.55,9.68,2950
RBCLPO,2026-08-06,11380.0,11380.0,15
GHL,2026-08-06,231.0,228.5,38653
MNBBL,2026-08-06,370.0,369.5,10573
NICLBSL,2026-08-06,546.1,549.0,999
FMDBL,2026-08-06,759.0,758.0,6627
KPCL,2026-08-06,475.0,468.1,6060
USLB,2026-08-06,1116.0,1138.7,432
NBF3,2026-08-06,9.58,9.51,26710
PROFLP,2026-08-06,236.0,236.0,106
NIBD84,2026-08-06,1035.3,1035.3,50
MEN,2026-08-06,600.0,600.1,36224
SAIL,2026-08-06,1085.0,1099.0,40111
NICL,2026-08-06,505.0,500.0,18496
NIL,2026-08-06,615.0,615.1,5407
OHL,2026-08-06,667.0,670.0,1730
TPC,2026-08-06,363.0,360.3,44556
CIT,2026-08-06,1711.0,1710.0,1738
HIDCLP,2026-08-06,191.4,189.9,33728
PRSF,2026-08-06,12.9,12.89,2850
PBLD87,2026-08-06,1080.0,1080.0,100
SKHL,2026-08-06,906.0,890.0,6582
KSBBL,2026-08-06,473.1,472.0,18622
CORBL,2026-08-06,990.0,1025.0,88936
NICSF,2026-08-06,8.6,8.56,500
PRVU,2026-08-06,184.0,192.3,76081
CBLD88,2026-08-06,1170.0,1150.0,6
ECL,2026-08-06,1500.0,1612.0,74398
SKBBL,2026-08-06,755.0,750.5,6771
NABBC,2026-08-06,829.9,843.0,34024
RSML,2026-08-06,2600.0,2541.6,49202
NBLD82,2026-08-06,1023.5,1023.1,50
SAGAR,2026-08-06,1750.0,1750.0,11449
ALBSL,2026-08-06,1066.0,1085.0,4393
RMF2,2026-08-06,9.64,9.85,600
KHPL,2026-08-06,830.4,818.0,10504
SICL,2026-08-06,610.5,616.9,1397
NHPC,2026-08-06,282.8,277.1,683738
NHDL,2026-08-06,644.0,641.0,2636
UMRH,2026-08-06,539.0,535.1,10683
PROFL,2026-08-06,425.0,423.1,5125
API,2026-08-06,331.2,331.9,102691
RBCL,2026-08-06,14211.0,14300.0,59
EBL,2026-08-06,730.0,725.0,27393
USHL,2026-08-06,565.9,539.0,675
NBL,2026-08-06,255.5,269.0,55321
LEC,2026-08-06,229.9,224.0,105012
ENL,2026-08-06,815.0,791.0,580
NICBF,2026-08-06,9.07,9.1,600
PCBL,2026-08-06,242.5,240.1,44619
UNHPL,2026-08-06,385.0,379.0,23316
KBSH,2026-08-06,935.0,970.0,24488
AHL,2026-08-06,410.4,413.1,248
CZBIL,2026-08-06,205.0,202.0,42559
GLH,2026-08-06,257.0,257.4,19944
C30MF,2026-08-06,10.01,9.9,600
SHPC,2026-08-06,501.0,499.9,12802
RHPL,2026-08-06,258.0,256.5,9346
GRDBL,2026-08-06,1050.0,1047.8,24575
NIBSF2,2026-08-06,8.6,9.0,52174
MBLEF,2026-08-06,10.0,10.28,7210
KBLD86,2026-08-06,1125.0,1080.0,2
RBBF40,2026-08-06,9.02,9.04,14700
SHL,2026-08-06,500.0,498.6,16007
HFIN,2026-08-06,702.5,709.0,16550
SPL,2026-08-06,680.0,663.0,700
ICFCD89,2026-08-06,1081.1,1090.0,150
PBD85,2026-08-06,1060.0,1060.0,50
GBBL,2026-08-06,418.3,421.0,85460
UNLB,2026-08-06,1237.0,1257.9,1195
IHL,2026-08-06,354.0,348.0,5844
AHPC,2026-08-06,270.0,268.0,28461
SIGS3,2026-08-06,10.65,10.5,400
NMBHF2,2026-08-06,9.53,9.6,2800
SHIVM,2026-08-06,646.0,645.0,46373
SGHC,2026-08-06,321.8,318.5,77022
SFMF,2026-08-06,10.01,10.2,2345
LBBL,2026-08-06,504.0,491.0,94128
BNT,2026-08-06,11610.0,11610.0,25
HDL,2026-08-06,1174.0,1167.0,15131
GMFIL,2026-08-06,472.0,455.3,6873
MDB,2026-08-06,588.0,578.0,1905
JFL,2026-08-06,391.1,391.0,3205
HLICF,2026-08-06,8.66,8.5,1770
SPHL,2026-08-06,522.1,520.0,2656
MMKJL,2026-08-06,477.9,458.0,2213
RSY,2026-08-06,10.4,10.25,11700
CITY,2026-08-06,390.0,374.0,82999
NMB,2026-08-06,247.1,243.9,67206
KSY,2026-08-06,9.47,9.5,973
MABEL,2026-08-06,589.0,595.6,4965
SWMF,2026-08-06,605.2,610.0,3929
JBBD87,2026-08-06,1108.0,1111.0,105
GBIMESY2,2026-08-06,8.93,9.2,2900
LICN,2026-08-06,780.0,776.0,5452
EHPL,2026-08-06,365.2,344.0,4094
BFC,2026-08-06,513.9,502.0,25711
TVCL,2026-08-06,471.0,475.1,10049
BHCL,2026-08-06,492.1,494.0,15068
BHL,2026-08-06,211.0,210.0,71067
KBLD89,2026-08-06,1275.0,1275.0,100
SBCF,2026-08-06,9.3,9.5,9610
SEF,2026-08-06,9.8,9.81,4489
NFS,2026-08-06,570.0,568.0,1584
NLICL,2026-08-06,562.0,570.0,7846
KDBY,2026-08-06,11.03,11.11,101050
KBL,2026-08-06,229.9,216.0,289577
EBLD85,2026-08-06,1127.0,1113.4,77
SIKLES,2026-08-06,558.3,560.0,8631
SBI,2026-08-06,388.5,406.4,2968
EDBLPO,2026-08-06,324.0,324.0,84485
MLBL,2026-08-06,357.0,354.3,13045
SYPNL,2026-08-06,1251.2,1280.0,61852
MEL,2026-08-06,212.2,214.6,13496
SWASTIK,2026-08-06,2040.0,2025.0,190
DHPL,2026-08-06,307.6,293.0,6643
SALICO,2026-08-06,594.0,586.0,4260
MBLD2085,2026-08-06,1188.3,1188.3,125
NLG,2026-08-06,575.0,567.0,8218
AKPL,2026-08-06,263.9,258.0,61982
GIBF1,2026-08-06,10.7,10.98,5300
HBL,2026-08-06,187.5,194.9,146075
LSH12,2026-08-06,10.0,9.35,11700
PPCL,2026-08-06,358.0,340.0,10682
UAIL,2026-08-06,441.0,441.4,6261
PMHPL,2026-08-06,312.0,319.0,11044
PURE,2026-08-06,825.0,825.5,2721
RURU,2026-08-06,615.0,612.1,4791
CYCL,2026-08-06,1299.0,1290.0,389
HIDCL,2026-08-06,259.0,254.6,20967
BNL,2026-08-06,14500.0,14500.0,10
TSHL,2026-08-06,372.0,372.2,7072
SAHAS,2026-08-06,680.0,672.0,49816
MLBBL,2026-08-06,1117.0,1121.0,1592
HIMSTAR,2026-08-06,709.0,708.0,2781
NMBD87/88,2026-08-06,1100.0,1100.0,100
SLBSL,2026-08-06,990.0,999.1,1012
CHL,2026-08-06,266.0,270.0,26406
MKHC,2026-08-06,285.0,285.8,12603
KMCDB,2026-08-06,757.6,760.2,1750
HEI,2026-08-06,539.9,537.0,2732
UPPER,2026-08-06,197.0,194.1,47333
DDBL,2026-08-06,830.0,835.0,5724
GILB,2026-08-06,1094.0,1090.0,1002
SBD89,2026-08-06,1200.0,1200.0,11
MLBSL,2026-08-06,1635.0,1600.0,1081
MLBS,2026-08-06,1135.0,1119.0,425
GBLBS,2026-08-06,743.9,737.0,749
JOSHI,2026-08-06,305.9,284.0,73622
LSL,2026-08-06,218.0,222.8,173938
SFEF,2026-08-06,9.85,9.85,300
APHL,2026-08-06,830.0,828.0,10218
NMIC,2026-08-06,928.0,913.0,3014
SPDL,2026-08-06,389.0,362.4,34094
JHAPA,2026-08-06,1108.0,1098.0,2330
MKJC,2026-08-06,455.7,457.0,2753
MFIL,2026-08-06,755.0,785.0,126180
BBC,2026-08-06,4300.0,4278.0,505
CFCL,2026-08-06,646.0,675.0,182547
CSY,2026-08-06,9.0,9.02,5464
SADBL,2026-08-06,411.0,409.0,20287
KDL,2026-08-06,774.0,780.0,1242
WNLB,2026-08-06,1323.6,1335.0,49
ANLB,2026-08-06,5400.0,5524.0,1194
OMPL,2026-08-06,904.0,905.0,2078
ALICL,2026-08-06,423.0,424.8,6022
NABILD2089,2026-08-06,1040.0,1040.0,25
NICD88,2026-08-06,1100.0,1100.0,50
SRLI,2026-08-06,373.1,375.0,8668
SEF2,2026-08-06,9.2,9.16,26480
MCHL,2026-08-06,282.0,280.1,4588
MEHL,2026-08-06,308.0,297.0,6632
GBBD85,2026-08-06,1050.0,1050.0,25
SCB,2026-08-06,625.0,654.0,15658
RLEL,2026-08-06,885.0,886.0,3583
SANVI,2026-08-06,600.0,597.0,3408
HPPL,2026-08-06,385.1,388.0,110658
SLCF,2026-08-06,9.5,9.49,1488
TTL,2026-08-06,715.2,716.1,6563
RIDI,2026-08-06,385.0,384.9,1213509
SMJC,2026-08-06,418.0,449.9,17151
SARBTM,2026-08-06,781.0,783.0,2374
GVL,2026-08-06,480.0,480.2,4787
KAHL,2026-08-06,530.0,554.5,89655
LVF2,2026-08-06,9.51,9.3,800
SSHL,2026-08-06,205.0,202.5,71658
NYADI,2026-08-06,363.3,372.2,6040
BARUN,2026-08-06,318.0,322.7,28888
JSLBB,2026-08-06,1000.0,990.0,91
FOWAD,2026-08-06,935.0,927.1,3048
SOHL,2026-08-06,672.7,662.0,350719
SGIC,2026-08-06,456.7,456.3,9121
HEIP,2026-08-06,337.5,337.5,10
NMFBS,2026-08-06,1105.1,1105.0,3282
HHL,2026-08-06,344.9,336.4,31851
NBF2,2026-08-06,9.94,9.9,3100
SMB,2026-08-06,1800.0,1800.0,902
DLBS,2026-08-06,1215.0,1182.1,1233
NBLD87,2026-08-06,1061.1,1061.1,10
CGH,2026-08-06,790.0,778.3,16702
SAPDBL,2026-08-06,818.9,817.0,18015
SNLI,2026-08-06,419.0,415.3,15725
GCIL,2026-08-06,353.0,350.0,9521
NICGF2,2026-08-06,8.85,9.18,2300
RFPL,2026-08-06,325.1,333.2,11147
NIFRAGED,2026-08-06,1028.0,1028.0,30
SMPDA,2026-08-06,775.0,750.0,2936
RLFL,2026-08-06,469.0,457.0,13466
UPCL,2026-08-06,355.0,351.0,22402
GSY,2026-08-06,9.51,9.51,3450
SIFC,2026-08-06,503.0,510.0,5130
IGI,2026-08-06,439.0,429.0,5369
SIPD,2026-08-06,681.0,690.0,16708
SPC,2026-08-06,422.0,420.0,3894
NLIC,2026-08-06,747.0,743.8,31459
MERO,2026-08-06,665.3,666.0,596
MSHL,2026-08-06,606.0,609.0,189
BANDIPUR,2026-08-05,700.0,709.9,8876
HIDCLP,2026-08-05,188.5,189.0,41447
KSBBLD87,2026-08-05,1190.0,1087.7,125
ILI,2026-08-05,415.0,415.8,5145
DHPL,2026-08-05,286.2,293.0,2593
YMHL,2026-08-05,602.0,639.6,21179
MFLD85,2026-08-05,1151.9,1116.0,176
SCB,2026-08-05,662.0,655.9,8907
MEN,2026-08-05,600.0,600.0,40438
SHPC,2026-08-05,500.0,502.0,21976
SGIC,2026-08-05,458.0,459.8,1214
GVL,2026-08-05,481.0,482.0,4385
UHEWA,2026-08-05,546.4,574.8,1781
SMPDA,2026-08-05,747.0,755.0,2254
HIMSTAR,2026-08-05,721.0,727.0,2432
HLBSL,2026-08-05,868.0,890.0,734
SANIMA,2026-08-05,375.0,375.4,90544
KHPL,2026-08-05,826.0,843.0,12729
GLBSL,2026-08-05,1710.0,1790.0,181
AHPC,2026-08-05,267.7,267.9,45466
MMF1,2026-08-05,8.77,9.27,11500
NBL,2026-08-05,269.0,268.7,31003
SHIVM,2026-08-05,680.3,649.0,69463
ADBL,2026-08-05,325.0,320.0,40701
CHL,2026-08-05,280.0,274.5,29174
DORDI,2026-08-05,254.0,254.0,17615
KEF,2026-08-05,10.46,10.51,2500
GWFD83,2026-08-05,1030.2,1085.0,2
JFL,2026-08-05,387.1,389.1,3630
SKBBL,2026-08-05,765.0,752.0,9107
CKHL,2026-08-05,575.8,592.9,1290
BARUN,2026-08-05,322.0,324.0,6273
RIDI,2026-08-05,363.0,384.0,931453
RSDC,2026-08-05,640.0,637.1,2874
NRN,2026-08-05,1450.0,1394.0,77340
SJLIC,2026-08-05,411.5,413.0,12708
CIT,2026-08-05,1720.0,1710.1,2849
SBL,2026-08-05,417.0,417.0,206225
SPDL,2026-08-05,362.0,371.0,98435
SKHEL,2026-08-05,957.0,986.1,1492
NICA,2026-08-05,346.5,329.1,49029
HLI,2026-08-05,323.0,321.8,19847
PPL,2026-08-05,320.0,325.5,5815
NIFRA,2026-08-05,233.9,247.0,43465
SAIL,2026-08-05,1090.0,1125.8,24492
CSY,2026-08-05,9.05,9.06,5030
TVCL,2026-08-05,473.0,473.1,2270
SPHL,2026-08-05,523.0,533.0,4656
RURU,2026-08-05,603.1,615.0,3419
SBID2090,2026-08-05,1050.0,1050.0,25
NESDO,2026-08-05,1460.0,1479.0,1037
NIBLGF,2026-08-05,9.43,9.43,100
NMB50,2026-08-05,10.5,10.43,7655
KSY,2026-08-05,9.47,9.75,530
NICAD2091,2026-08-05,1050.0,1050.0,25
CGH,2026-08-05,782.0,778.5,5325
MANDU,2026-08-05,801.3,810.0,1900
PRVU,2026-08-05,193.0,193.0,104237
NLIC,2026-08-05,749.0,748.7,10936
NRM,2026-08-05,310.0,312.5,4257
MLBBL,2026-08-05,1140.0,1135.0,483
ULBSL,2026-08-05,2749.9,2748.0,387
ANLB,2026-08-05,5400.0,5544.0,1542
JHAPA,2026-08-05,1104.1,1112.0,4866
PROFL,2026-08-05,429.9,430.0,8140
SOPL,2026-08-05,810.0,815.0,23188
HBL,2026-08-05,200.0,197.3,42244
SEF,2026-08-05,10.0,10.0,100
PHCL,2026-08-05,297.0,299.0,42180
AKJCL,2026-08-05,363.1,367.1,274641
OHL,2026-08-05,662.0,660.5,1028
AVYAN,2026-08-05,1010.0,1025.0,850
RBCL,2026-08-05,14230.0,14230.0,10
MKHL,2026-08-05,504.5,495.0,3276
HFIN,2026-08-05,700.1,712.0,20376
NIBSF2,2026-08-05,8.78,8.65,5440
SPL,2026-08-05,650.0,662.0,339
SSHL,2026-08-05,205.0,203.0,74213
NIMB,2026-08-05,206.0,196.5,98719
UPPER,2026-08-05,194.0,195.0,54697
BUNGAL,2026-08-05,599.0,588.0,14366
SADBL,2026-08-05,413.8,411.0,9807
RHGCL,2026-08-05,257.1,262.0,9625
BHL,2026-08-05,212.0,211.0,41055
LUK,2026-08-05,10.7,10.7,330
NICGF2,2026-08-05,9.04,9.05,1600
NICFC,2026-08-05,9.1,9.12,1599
SGHC,2026-08-05,312.0,318.0,25603
SLCF,2026-08-05,9.6,9.7,15600
RLFL,2026-08-05,492.3,459.9,37185
DOLTI,2026-08-05,324.8,322.0,16541
SALICO,2026-08-05,599.8,598.0,3879
MATRI,2026-08-05,815.0,817.5,1308
DLBS,2026-08-05,1248.6,1208.0,237
PCBL,2026-08-05,242.2,242.5,39909
CREST,2026-08-05,1199.0,1194.9,2332
KSBBL,2026-08-05,473.1,475.0,15768
GFCL,2026-08-05,610.0,604.1,10386
LICN,2026-08-05,790.0,784.5,12044
APHL,2026-08-05,823.0,830.3,9248
MHL,2026-08-05,467.1,469.5,1739
UNLB,2026-08-05,1312.3,1237.0,120
ADBLD83,2026-08-05,1025.0,1024.0,25
SHINED,2026-08-05,1084.0,1084.0,25
NICL,2026-08-05,528.1,503.0,4567
RMF1,2026-08-05,9.58,9.55,15880
NABBC,2026-08-05,813.0,824.9,9349
CORBL,2026-08-05,1070.0,1035.0,48129
JBBL,2026-08-05,342.3,345.0,18013
SHEL,2026-08-05,302.2,306.9,27377
PRSF,2026-08-05,12.97,12.88,13500
KPCL,2026-08-05,466.1,469.0,4513
MLBS,2026-08-05,1123.3,1135.0,39
GMFBS,2026-08-05,1215.0,1215.0,309
RNLI,2026-08-05,430.1,437.7,9514
KKHC,2026-08-05,331.6,325.0,863331
FOWAD,2026-08-05,931.1,943.0,3616
LVF2,2026-08-05,9.8,9.8,200
GBIME,2026-08-05,270.6,253.2,290873
NLG,2026-08-05,585.0,585.0,4054
GILB,2026-08-05,1095.0,1094.0,1243
NICSF,2026-08-05,8.8,8.8,5300
LSL,2026-08-05,228.5,224.7,110032
MLBL,2026-08-05,355.2,357.0,17103
UNHPL,2026-08-05,388.0,379.9,9947
GBBD85,2026-08-05,1056.0,1056.0,30
MKJC,2026-08-05,458.0,460.0,2086
CZBIL,2026-08-05,206.0,204.9,50097
NMFBS,2026-08-05,1110.0,1107.8,1913
UMRH,2026-08-05,532.09,540.0,12664
NICLBSL,2026-08-05,550.0,548.0,4346
KDBY,2026-08-05,10.88,11.3,88100
HURJA,2026-08-05,241.0,239.9,52381
HRL,2026-08-05,615.0,588.0,48792
SFEF,2026-08-05,10.0,9.84,12620
SMATA,2026-08-05,720.0,730.0,1225
SPC,2026-08-05,416.0,422.7,3826
NMB,2026-08-05,252.0,246.5,31890
NIMBD90,2026-08-05,1253.3,1253.3,60
SGHL,2026-08-05,510.0,513.0,67404
MERO,2026-08-05,656.1,665.3,2701
NFS,2026-08-05,579.9,570.0,2058
AKPL,2026-08-05,265.0,260.7,40866
NTC,2026-08-05,870.0,865.8,31100
NHPC,2026-08-05,282.9,281.9,322098
SLBBL,2026-08-05,793.5,802.0,3877
SIKLES,2026-08-05,555.7,560.0,15123
CITY,2026-08-05,348.8,378.9,121792
NMBD2085,2026-08-05,1140.0,1140.0,100
CHDC,2026-08-05,2104.2,2228.0,12535
SIGS2,2026-08-05,10.8,10.8,200
NBF3,2026-08-05,9.6,9.65,12240
TPKHL,2026-08-05,520.6,545.0,28402
MCHL,2026-08-05,287.0,286.7,5761
NUBL,2026-08-05,617.8,610.0,992
DDBL,2026-08-05,837.9,831.0,11008
NMBMF,2026-08-05,610.0,617.9,1535
SRBLD83,2026-08-05,1008.1,1008.1,25
CLI,2026-08-05,443.0,445.8,6235
PBLD84,2026-08-05,1087.0,1057.2,30
BFC,2026-08-05,505.2,506.0,21575
VLUCL,2026-08-05,412.2,417.0,3234
PCIL,2026-08-05,670.0,644.0,39848
RADHI,2026-08-05,710.0,716.0,71244
SBLD2091,2026-08-05,1060.0,1073.5,175
JBLB,2026-08-05,1260.0,1261.0,3508
HPPL,2026-08-05,372.0,386.5,137172
NMBHF2,2026-08-05,9.7,9.65,7110
VLBS,2026-08-05,660.0,666.0,910
GBIMESY2,2026-08-05,9.02,9.2,1250
TAMOR,2026-08-05,446.0,453.0,12052
SKHL,2026-08-05,880.0,910.0,7276
PPCL,2026-08-05,323.6,341.0,6384
MFIL,2026-08-05,765.0,773.0,69920
GMFIL,2026-08-05,465.0,463.9,15219
UPCL,2026-08-05,357.0,353.0,26089
SBCF,2026-08-05,9.5,9.5,3135
SMB,2026-08-05,1820.0,1785.0,1215
WNLB,2026-08-05,1333.1,1340.0,163
PRIN,2026-08-05,661.0,670.0,809
ALBSL,2026-08-05,1065.0,1102.0,12601
NGPL,2026-08-05,411.0,407.0,69796
BNHC,2026-08-05,278.0,291.0,41465
GBBL,2026-08-05,412.6,415.0,52157
BHDC,2026-08-05,425.0,428.5,7798
BEDC,2026-08-05,318.2,322.5,15567
NMLBBL,2026-08-05,514.0,512.3,5250
UAIL,2026-08-05,442.0,444.9,6166
CHCL,2026-08-05,495.0,493.0,11531
JOSHI,2026-08-05,315.0,298.0,112792
NADEP,2026-08-05,716.0,737.2,957
GHL,2026-08-05,214.8,231.0,38309
NHDL,2026-08-05,643.0,644.0,1157
SWMF,2026-08-05,610.0,618.0,3820
MEL,2026-08-05,215.6,215.0,8332
MEHL,2026-08-05,300.0,299.9,5373
ULHC,2026-08-05,367.0,354.1,5447
NYADI,2026-08-05,361.5,367.0,1642
KDL,2026-08-05,799.6,774.0,891
MKHC,2026-08-05,288.9,287.0,17057
SLBSL,2026-08-05,1011.1,990.0,3276
PCBLP,2026-08-05,103.0,103.0,200000
MSHL,2026-08-05,610.0,610.0,76
SINDU,2026-08-05,717.0,704.0,9890
CCBD88,2026-08-05,1177.0,1177.0,25
HDL,2026-08-05,1170.0,1172.0,15030
ACLBSL,2026-08-05,915.0,930.0,1642
C30MF,2026-08-05,10.25,10.25,550
RFPL,2026-08-05,333.8,330.5,13144
MAKAR,2026-08-05,436.0,438.0,10730
SWASTIK,2026-08-05,1985.0,2030.0,367
TPC,2026-08-05,370.0,369.6,19583
RBBF40,2026-08-05,9.0,9.15,24909
RBCLPO,2026-08-05,11380.0,11662.0,70
SMFBS,2026-08-05,1581.0,1535.0,643
USHL,2026-08-05,567.0,539.0,1703
HDHPC,2026-08-05,213.8,211.5,96936
SARBTM,2026-08-05,795.0,788.0,4010
BGWT,2026-08-05,557.0,573.0,3687
GCIL,2026-08-05,355.0,352.5,11113
IGI,2026-08-05,432.1,436.7,1664
GBLBS,2026-08-05,732.3,743.9,1435
MKCL,2026-08-05,1054.0,1075.0,3781
GUFL,2026-08-05,561.3,563.0,16819
PSF,2026-08-05,11.7,11.78,18300
CFCL,2026-08-05,643.0,680.0,243275
CIZBD90,2026-08-05,1190.0,1190.0,25
BHPL,2026-08-05,472.2,497.0,11994
NWCL,2026-08-05,696.1,690.0,2631
NMIC,2026-08-05,901.2,928.9,550
MNMF1,2026-08-05,9.55,9.6,600
SFMF,2026-08-05,10.15,10.11,31556
RSML,2026-08-05,2650.0,2619.0,31835
AHL,2026-08-05,409.0,415.0,2866
GMLI,2026-08-05,1110.0,1117.0,2078
MPFL,2026-08-05,600.0,615.0,8654
GRDBL,2026-08-05,1090.0,1072.0,48666
NBF2,2026-08-05,10.0,9.95,16600
SIFC,2026-08-05,517.0,510.0,5279
BNT,2026-08-05,11670.0,11700.0,90
CBBL,2026-08-05,940.0,930.0,6546
KMCDB,2026-08-05,770.0,770.0,338
SMJC,2026-08-05,460.0,440.0,8526
PMHPL,2026-08-05,322.5,320.0,1643
NBLD82,2026-08-05,1055.0,1024.0,25
NICD83/84,2026-08-05,1029.0,1037.0,900
SBI,2026-08-05,403.0,408.7,12697
RAWA,2026-08-05,425.0,427.8,13750
SHL,2026-08-05,499.0,501.0,10373
LEC,2026-08-05,231.0,228.5,74078
MDB,2026-08-05,589.0,587.0,853
RLEL,2026-08-05,878.0,898.0,6282
RHPL,2026-08-05,256.0,258.0,6840
CBLD88,2026-08-05,1172.1,1170.0,54
ICFC,2026-08-05,606.0,609.5,5758
MSLB,2026-08-05,1285.0,1270.0,1365
TSHL,2026-08-05,389.0,380.0,2204
NABILD87,2026-08-05,1150.0,1116.0,1
IHL,2026-08-05,350.0,349.0,3162
SRLI,2026-08-05,375.0,376.0,9359
SYPNL,2026-08-05,1254.0,1317.0,24063
NABIL,2026-08-05,530.1,557.0,75852
SHLB,2026-08-05,1446.0,1450.0,30
MHCL,2026-08-05,310.0,312.1,1370
KBL,2026-08-05,226.0,219.0,326366
EHPL,2026-08-05,353.5,347.9,9751
TRH,2026-08-05,784.8,789.0,3494
NIL,2026-08-05,619.5,617.1,4926
SAGAR,2026-08-05,1760.0,1740.0,7443
SNLI,2026-08-05,419.0,419.0,10385
UMHL,2026-08-05,560.0,576.0,33291
FMDBL,2026-08-05,769.0,760.0,4838
BHCL,2026-08-05,514.5,492.1,14333
API,2026-08-05,331.8,332.0,68858
TTL,2026-08-05,716.0,715.2,7076
LLBS,2026-08-05,890.0,889.0,138
HHL,2026-08-05,344.0,337.0,9684
SEF2,2026-08-05,10.0,9.45,42010
NICBF,2026-08-05,9.15,9.2,10550
EBLD85,2026-08-05,1154.7,1127.0,81
BJHL,2026-08-05,670.0,700.0,11305
NLICL,2026-08-05,572.0,570.0,12252
SHINE,2026-08-05,415.0,411.5,22342
ECL,2026-08-05,1817.9,1575.0,106014
SMH,2026-08-05,497.1,514.0,10011
MHNL,2026-08-05,246.0,241.7,4821
HLICF,2026-08-05,8.66,8.66,1300
MABEL,2026-08-05,585.1,599.0,4825
SAHAS,2026-08-05,675.0,675.0,71042
RBBD2088,2026-08-05,1055.9,1056.0,50
MBL,2026-08-05,255.1,255.8,84844
EDBL,2026-08-05,591.0,590.9,3742
HATHY,2026-08-05,726.0,696.0,4134
EBL,2026-08-05,729.0,730.0,34151
DHEL,2026-08-05,569.0,581.0,17800
ICFCD89,2026-08-05,1082.0,1082.0,25
NSY,2026-08-05,9.3,9.3,4200
GSY,2026-08-05,9.51,9.69,7510
NIBLSTF,2026-08-05,8.55,8.55,690
ILBS,2026-08-05,865.0,883.8,1029
PURE,2026-08-05,827.0,837.6,1616
NIMBPO,2026-08-05,143.3,143.6,1119
MLBSL,2026-08-05,1640.0,1635.1,497
NIFRAGED,2026-08-05,1028.0,1028.0,25
SJCL,2026-08-05,272.0,277.8,5226
KBSH,2026-08-05,959.0,949.0,8584
SIPD,2026-08-05,646.0,699.0,80355
SAPDBL,2026-08-05,856.0,818.9,25175
ENL,2026-08-05,812.0,803.9,290
LBBL,2026-08-05,505.0,500.0,107373
HIDCL,2026-08-05,255.9,255.0,52595
MNBBL,2026-08-05,372.0,369.0,22207
SANVI,2026-08-05,591.0,605.0,7780
MMKJL,2026-08-05,471.0,464.0,1803
KAHL,2026-08-05,521.0,530.0,38622
SIGS3,2026-08-05,10.47,10.6,400
PBD85,2026-08-05,1099.9,1077.0,80
SABBL,2026-08-05,980.0,990.0,6498
BBC,2026-08-05,4122.0,4250.0,275
MBLEF,2026-08-05,10.0,10.25,1300
SONA,2026-08-05,405.0,405.0,21536
NIBD84,2026-08-05,1040.1,1040.1,25
STC,2026-08-05,5160.0,5200.0,230
USHEC,2026-08-05,491.0,495.7,3346
EBLD91,2026-08-05,1060.0,1058.0,100
SMHL,2026-08-05,493.0,497.0,23996
SICL,2026-08-05,611.3,617.5,2144
NRIC,2026-08-05,930.0,937.0,29051
SWBBL,2026-08-05,705.0,678.0,9539
H8020,2026-08-05,12.0,12.0,33705
RSY,2026-08-05,10.41,10.41,80490
GIBF1,2026-08-05,10.68,10.73,1000
ALICL,2026-08-05,423.3,425.1,15400
OMPL,2026-08-05,904.0,924.9,1466
MBJC,2026-08-05,266.0,267.1,14108
GLH,2026-08-05,255.4,258.0,19639
HEI,2026-08-05,544.9,538.8,4197
SPIL,2026-08-05,695.0,693.9,653
UNL,2026-08-05,47800.0,48000.0,20
PMLI,2026-08-05,440.0,444.0,3569
NSIF2,2026-08-05,10.75,10.74,24700
USLB,2026-08-05,1149.5,1127.0,1218
RMF2,2026-08-05,9.63,9.63,100
SOHL,2026-08-05,585.0,672.7,909305
BPCL,2026-08-05,647.1,654.0,14494
SNORL,2026-08-05,911.0,928.0,14428
CYCL,2026-08-05,1282.2,1308.0,1215
KBLD86,2026-08-05,1180.0,1125.0,3
NCCD86,2026-08-05,1164.0,1164.0,10
JSLBB,2026-08-05,985.0,985.0,50
MCHL,2026-08-04,279.0,287.7,3284
DOLTI,2026-08-04,341.0,320.1,30386
TVCL,2026-08-04,470.1,473.2,590
LEC,2026-08-04,236.3,228.0,304860
JOSHI,2026-08-04,278.2,300.0,224868
GMFBS,2026-08-04,1200.0,1215.0,273
GMLI,2026-08-04,1121.0,1131.9,776
CZBILP,2026-08-04,100.0,100.0,722042
NICFC,2026-08-04,9.1,9.12,800
CLI,2026-08-04,444.0,443.0,4862
ADBL,2026-08-04,325.0,323.0,78882
SMB,2026-08-04,1835.1,1839.0,851
NICGF2,2026-08-04,9.02,9.12,2900
ICFC,2026-08-04,611.0,605.0,8100
SLCF,2026-08-04,9.89,9.6,4940
SBLD89,2026-08-04,1221.0,1221.0,25
CYCL,2026-08-04,1295.0,1300.0,1353
GILB,2026-08-04,1087.0,1094.9,2997
NIL,2026-08-04,616.2,619.5,9650
SIPD,2026-08-04,731.0,660.0,10170
NGPL,2026-08-04,405.6,406.0,95593
ILI,2026-08-04,415.0,418.0,7475
ANLB,2026-08-04,5507.0,5578.0,862
MLBS,2026-08-04,1158.0,1158.0,296
SRBLD83,2026-08-04,1020.0,1020.0,400
NIBSF2,2026-08-04,9.07,8.67,5910
NMIC,2026-08-04,930.0,929.0,1517
NMB50,2026-08-04,10.5,10.6,20717
ALICL,2026-08-04,430.0,425.9,12253
SOPL,2026-08-04,820.0,808.0,32485
CBLD88,2026-08-04,1196.6,1172.1,3
ICFCD83,2026-08-04,1272.2,1234.1,1
PRSF,2026-08-04,12.72,12.92,6115
SOHL,2026-08-04,570.0,585.0,108738
SBD89,2026-08-04,1215.0,1200.0,50
GBILD84/85,2026-08-04,1111.0,1099.6,101
NHPC,2026-08-04,273.2,279.0,594849
SADBL,2026-08-04,423.0,413.8,30192
MAKAR,2026-08-04,439.9,436.6,7692
DHPL,2026-08-04,281.2,295.0,7067
MLBBL,2026-08-04,1129.0,1144.0,656
KEF,2026-08-04,10.45,10.46,10300
SBI,2026-08-04,402.0,409.0,11710
GHL,2026-08-04,227.0,226.1,48554
SABBL,2026-08-04,980.0,1010.0,38277
NBF2,2026-08-04,10.1,9.99,13114
TTL,2026-08-04,730.0,720.0,14528
TAMOR,2026-08-04,428.6,449.2,34970
SEF,2026-08-04,10.07,9.9,2200
DDBL,2026-08-04,832.7,833.0,8928
PRVU,2026-08-04,195.0,193.2,105088
CGH,2026-08-04,780.0,782.0,2937
GRDBL,2026-08-04,1120.0,1090.7,13157
PPL,2026-08-04,320.0,326.9,14899
HFIN,2026-08-04,761.2,710.0,20399
SBID2090,2026-08-04,1050.0,1050.0,25
GMFIL,2026-08-04,462.1,465.0,9678
FMDBL,2026-08-04,760.0,769.0,4432
SNORL,2026-08-04,901.2,929.9,13212
NIBLSTF,2026-08-04,8.6,8.81,8480
RSY,2026-08-04,10.17,10.49,11600
MBL,2026-08-04,261.0,257.8,100019
SKHL,2026-08-04,885.0,904.0,17707
NSIF2,2026-08-04,10.66,10.71,20100
GBIMEP,2026-08-04,104.7,104.7,11396
HLI,2026-08-04,320.3,321.1,19057
GBBL,2026-08-04,415.4,417.5,32439
ALBSL,2026-08-04,1076.0,1089.0,2690
NICBF,2026-08-04,9.12,9.02,1500
SMHL,2026-08-04,490.2,493.0,61525
NUBL,2026-08-04,620.0,610.0,2255
EHPL,2026-08-04,363.6,344.0,4882
WNLB,2026-08-04,1330.0,1340.0,477
GVL,2026-08-04,483.0,481.1,6158
SPHL,2026-08-04,522.0,539.0,4028
KAHL,2026-08-04,527.1,526.0,28617
NICL,2026-08-04,508.0,503.0,16874
GUFL,2026-08-04,570.0,568.9,37853
KBSH,2026-08-04,893.0,950.0,12502
VLBS,2026-08-04,668.0,665.0,3784
SMFBS,2026-08-04,1544.0,1506.0,221
BHCL,2026-08-04,473.0,490.0,17762
GBIMESY2,2026-08-04,9.3,9.12,1600
HRL,2026-08-04,605.0,586.0,50862
RHGCL,2026-08-04,249.8,263.5,19930
SANIMA,2026-08-04,375.0,374.0,84739
SIKLES,2026-08-04,560.0,561.0,6596
HLBSL,2026-08-04,895.0,884.0,1052
SIGS3,2026-08-04,10.56,10.58,800
UMHL,2026-08-04,570.0,577.7,34116
BHL,2026-08-04,215.0,211.5,40973
RURU,2026-08-04,604.0,610.5,1958
TRH,2026-08-04,765.1,789.0,623
PCIL,2026-08-04,640.0,638.1,30411
BHPL,2026-08-04,470.0,483.0,9291
PURE,2026-08-04,828.1,849.5,4908
RSML,2026-08-04,2780.0,2705.0,45708
SHLB,2026-08-04,1445.3,1446.0,188
HHL,2026-08-04,335.0,334.0,11712
ECL,2026-08-04,1580.8,1731.4,16900
UAIL,2026-08-04,441.0,442.5,6283
SKHEL,2026-08-04,943.4,985.0,6012
MSHL,2026-08-04,612.0,612.0,144
GBIME,2026-08-04,262.0,257.8,246287
CZBIL,2026-08-04,211.0,206.5,35974
KPCL,2026-08-04,472.0,471.9,9209
UHEWA,2026-08-04,576.0,572.0,6806
SWBBL,2026-08-04,685.0,681.9,5629
JHAPA,2026-08-04,1125.0,1115.0,4736
NWCL,2026-08-04,745.3,699.7,3204
MHCL,2026-08-04,310.6,315.0,1277
PBD88,2026-08-04,1162.0,1170.0,50
BBC,2026-08-04,4289.0,4180.0,172
RNLI,2026-08-04,446.0,435.0,48579
TPC,2026-08-04,358.0,368.0,25546
CFCL,2026-08-04,650.0,676.0,222498
SBCF,2026-08-04,9.51,9.68,18642
RSDC,2026-08-04,641.0,640.0,1859
BEDC,2026-08-04,323.0,323.0,6228
RLFL,2026-08-04,466.8,468.9,43231
KBLD86,2026-08-04,1266.5,1180.0,47
NLG,2026-08-04,571.0,574.9,8567
SGIC,2026-08-04,458.2,460.0,7497
CITY,2026-08-04,366.0,367.1,124938
SICL,2026-08-04,617.0,611.1,5436
JFL,2026-08-04,398.0,388.1,7031
GBLBS,2026-08-04,742.0,743.0,2302
GSY,2026-08-04,9.63,9.59,2500
STC,2026-08-04,5160.0,5150.0,221
IGI,2026-08-04,432.0,438.0,4408
SINDU,2026-08-04,716.1,701.0,19493
PMHPL,2026-08-04,322.0,319.5,4674
SALICO,2026-08-04,593.0,599.6,5586
GWFD83,2026-08-04,1057.1,1030.2,125
HEI,2026-08-04,525.1,535.0,3773
ICFCD89,2026-08-04,1100.0,1092.0,50
SPL,2026-08-04,651.2,657.9,2022
PPCL,2026-08-04,339.2,340.6,12527
TPKHL,2026-08-04,550.0,548.0,31301
SWMF,2026-08-04,619.0,619.0,4847
KKHC,2026-08-04,284.0,315.9,1321921
NMB,2026-08-04,253.0,247.0,85512
RIDI,2026-08-04,368.9,363.0,363171
NIMBPO,2026-08-04,145.0,144.0,43678
BJHL,2026-08-04,699.0,705.0,6625
MNBBL,2026-08-04,373.0,370.5,19767
HDHPC,2026-08-04,210.0,211.9,83757
ENL,2026-08-04,805.0,810.0,210
BHDC,2026-08-04,430.2,430.0,10461
KMCDB,2026-08-04,774.0,770.0,1947
AKPL,2026-08-04,262.9,259.9,44118
ULBSL,2026-08-04,2749.0,2768.0,585
MKHL,2026-08-04,495.0,493.5,1730
SYPNL,2026-08-04,1381.0,1320.0,21415
NSY,2026-08-04,9.35,9.31,3810
EBLD91,2026-08-04,1060.0,1060.0,25
GFCL,2026-08-04,610.0,614.3,4301
NRIC,2026-08-04,960.0,930.0,26361
SMJC,2026-08-04,440.1,439.0,19614
GCIL,2026-08-04,355.0,352.1,6309
SKBBL,2026-08-04,765.0,753.3,4048
SAIL,2026-08-04,1112.0,1101.0,53622
SONA,2026-08-04,400.0,405.0,26355
EBLD85,2026-08-04,1125.0,1121.1,50
NLICL,2026-08-04,565.0,571.3,15927
SPC,2026-08-04,419.0,424.9,1311
NMLBBL,2026-08-04,515.6,515.0,15443
RLEL,2026-08-04,890.0,905.0,8017
C30MF,2026-08-04,10.01,10.09,4125
SANVI,2026-08-04,600.1,599.9,2651
MABEL,2026-08-04,589.1,590.0,3923
HPPL,2026-08-04,375.0,384.8,88753
UMRH,2026-08-04,538.0,539.9,2871
GLBSL,2026-08-04,1725.0,1796.0,283
AVYAN,2026-08-04,1021.0,1011.0,4185
BARUN,2026-08-04,321.0,322.9,16510
APHL,2026-08-04,826.1,828.6,10404
MKJC,2026-08-04,457.0,460.0,2060
EDBL,2026-08-04,583.0,591.0,13326
UNHPL,2026-08-04,388.0,383.9,21045
NMFBS,2026-08-04,1113.4,1110.0,1425
MLBL,2026-08-04,355.0,355.0,16382
SBID83,2026-08-04,1055.0,1040.0,25
SJCL,2026-08-04,271.0,272.0,5110
NTC,2026-08-04,873.9,865.1,16441
SPDL,2026-08-04,365.2,356.1,66102
NMBMF,2026-08-04,607.1,619.0,760
SHPC,2026-08-04,502.1,502.1,14913
SBL,2026-08-04,420.0,417.9,402168
SMATA,2026-08-04,735.0,731.0,1015
MBLEF,2026-08-04,10.26,10.25,155270
H8020,2026-08-04,12.05,12.24,22090
SMPDA,2026-08-04,750.3,769.9,1885
SHINE,2026-08-04,415.0,412.7,19847
PSF,2026-08-04,12.0,11.74,3100
HIDCLP,2026-08-04,191.0,189.0,62315
YMHL,2026-08-04,627.1,617.0,24091
NFS,2026-08-04,572.0,571.0,12522
AHPC,2026-08-04,273.0,267.7,37668
OMPL,2026-08-04,923.0,928.0,1360
BNT,2026-08-04,11000.5,11330.5,26
GBBD85,2026-08-04,1050.1,1061.0,175
SHEL,2026-08-04,307.0,305.2,71014
LUK,2026-08-04,10.5,10.5,18077
RMF1,2026-08-04,9.55,9.61,24460
CREST,2026-08-04,1184.0,1199.7,15749
CSY,2026-08-04,9.03,9.05,5700
MEHL,2026-08-04,300.0,300.0,2681
BNHC,2026-08-04,275.0,278.0,30086
SGHC,2026-08-04,314.0,313.3,34842
LICN,2026-08-04,790.0,782.5,1883
BANDIPUR,2026-08-04,711.0,706.0,25586
MANDU,2026-08-04,791.0,807.0,3776
NICSF,2026-08-04,9.0,8.8,2300
NRM,2026-08-04,310.0,314.0,2575
PCBL,2026-08-04,246.0,242.6,48350
USHEC,2026-08-04,495.2,495.5,6649
RFPL,2026-08-04,332.0,331.8,19432
HLICF,2026-08-04,8.76,8.66,12475
CKHL,2026-08-04,579.1,593.3,715
MHNL,2026-08-04,241.0,240.8,22641
HURJA,2026-08-04,236.0,239.0,36183
AKJCL,2026-08-04,362.0,361.0,183762
MEN,2026-08-04,595.2,599.0,50296
NHDL,2026-08-04,643.0,641.9,4127
AHL,2026-08-04,413.0,411.0,1596
TSHL,2026-08-04,385.0,378.3,4677
MBJC,2026-08-04,265.2,268.1,6011
NADEP,2026-08-04,740.0,737.9,500
NIMBD90,2026-08-04,1281.0,1292.0,65
MSLB,2026-08-04,1323.9,1292.0,2014
NBL,2026-08-04,270.0,268.2,30005
BFC,2026-08-04,503.2,510.0,49553
MMF1,2026-08-04,8.9,9.0,28000
GIBF1,2026-08-04,10.7,10.77,1900
HBLD83,2026-08-04,1019.9,1027.0,400
EBL,2026-08-04,730.0,729.0,14377
SHINED,2026-08-04,1080.1,1076.2,150
KSY,2026-08-04,9.6,9.75,500
LVF2,2026-08-04,10.14,10.0,14300
DHEL,2026-08-04,575.0,568.2,29341
NIFRA,2026-08-04,248.0,246.2,70806
SAPDBL,2026-08-04,912.0,831.1,23862
NICLBSL,2026-08-04,559.0,554.0,6498
MLBSL,2026-08-04,1663.4,1680.0,457
NIBLGF,2026-08-04,9.72,9.72,200
BGWT,2026-08-04,565.0,557.0,3649
KHPL,2026-08-04,817.0,834.0,13309
MEL,2026-08-04,215.0,216.7,6226
SGHL,2026-08-04,525.0,513.4,54401
NMBHF2,2026-08-04,9.5,9.65,900
MMKJL,2026-08-04,475.0,474.0,280
UNL,2026-08-04,47200.0,47200.0,10
RBBF40,2026-08-04,9.0,8.97,23100
SAGF,2026-08-04,10.4,10.57,10723
API,2026-08-04,333.0,331.8,80675
USHL,2026-08-04,545.0,540.0,3008
OHL,2026-08-04,664.1,674.0,1492
SLBBL,2026-08-04,802.0,800.1,2668
HATHY,2026-08-04,690.1,692.0,3739
MKHC,2026-08-04,285.0,286.9,10976
BNL,2026-08-04,14264.0,14264.0,10
HIMSTAR,2026-08-04,737.0,730.0,3316
SAHAS,2026-08-04,677.0,673.5,67438
NABBC,2026-08-04,783.0,813.2,26511
DORDI,2026-08-04,252.5,254.0,22255
NIMB,2026-08-04,200.0,198.5,69154
SWASTIK,2026-08-04,2070.0,2011.1,240
SHL,2026-08-04,500.0,500.0,5881
SNLI,2026-08-04,424.5,420.0,16678
SMH,2026-08-04,503.0,500.0,11461
RAWA,2026-08-04,420.0,427.0,27600
LLBS,2026-08-04,881.0,890.0,120
NBF3,2026-08-04,9.9,9.75,10646
SSHL,2026-08-04,205.0,203.4,58809
HDL,2026-08-04,1170.0,1167.3,12403
NYADI,2026-08-04,361.7,365.1,2390
ULHC,2026-08-04,383.0,361.0,3828
MKCL,2026-08-04,1105.0,1080.0,3493
CHL,2026-08-04,260.2,277.8,72886
MATRI,2026-08-04,815.0,820.0,132
FOWAD,2026-08-04,949.0,943.0,6459
JBBL,2026-08-04,344.0,347.5,58926
SLBSL,2026-08-04,1081.0,1023.0,5021
RMF2,2026-08-04,9.7,9.72,300
UPCL,2026-08-04,356.0,353.0,90447
SARBTM,2026-08-04,790.1,785.0,11157
NESDO,2026-08-04,1456.5,1475.0,505
UPPER,2026-08-04,200.0,194.1,39751
KBL,2026-08-04,226.7,221.8,248870
BUNGAL,2026-08-04,596.0,585.0,22883
PMLI,2026-08-04,440.2,440.0,6886
USLB,2026-08-04,1135.0,1149.5,223
KSBBL,2026-08-04,475.5,476.0,15433
PHCL,2026-08-04,303.0,296.0,23005
RBBD2088,2026-08-04,1043.0,1026.7,150
CIT,2026-08-04,1710.0,1714.9,2138
NICA,2026-08-04,354.7,330.0,65240
SIFC,2026-08-04,521.0,517.0,5592
RADHI,2026-08-04,723.0,720.0,27910
NABIL,2026-08-04,560.0,558.0,60087
BPCL,2026-08-04,659.0,645.0,19339
MERO,2026-08-04,660.6,665.2,1709
DLBS,2026-08-04,1160.0,1209.0,772
MHL,2026-08-04,476.0,467.1,5004
SFMF,2026-08-04,10.28,10.25,5048
SCB,2026-08-04,665.0,652.6,19934
SHIVM,2026-08-04,678.5,648.0,116651
LBBL,2026-08-04,498.0,505.0,111896
MDB,2026-08-04,580.0,583.0,1746
LSL,2026-08-04,227.2,225.5,115489
CBBL,2026-08-04,934.0,935.0,10998
UNLB,2026-08-04,1250.3,1250.0,676
SFEF,2026-08-04,9.8,9.85,6900
MFIL,2026-08-04,783.0,773.5,45645
MNMF1,2026-08-04,9.57,9.5,22400
NLIC,2026-08-04,758.0,753.0,9845
JBLB,2026-08-04,1274.0,1262.1,2190
RBCL,2026-08-04,14568.0,14450.0,30
VLUCL,2026-08-04,419.0,422.0,5444
GLH,2026-08-04,253.7,257.8,23281
JSLBB,2026-08-04,965.0,988.8,957
PRIN,2026-08-04,675.0,674.0,3819
HBL,2026-08-04,202.0,200.0,50421
HIDCL,2026-08-04,250.0,255.9,48490
NRN,2026-08-04,1487.1,1396.0,44186
CORBL,2026-08-04,1115.0,1070.5,41705
PBLD87,2026-08-04,1085.0,1085.0,25
PROFL,2026-08-04,430.0,429.0,4689
LBLD88,2026-08-04,1094.0,1090.0,25
ILBS,2026-08-04,871.0,890.0,1583
SPIL,2026-08-04,683.4,695.0,7943
KDBY,2026-08-04,10.97,11.12,47874
RHPL,2026-08-04,258.0,256.2,6959
IHL,2026-08-04,350.0,350.1,2277
SRLI,2026-08-04,370.0,377.8,14032
CHDC,2026-08-04,2220.0,2214.9,6100
SJLIC,2026-08-04,412.2,413.2,6720
CHCL,2026-08-04,500.0,495.0,37504
ACLBSL,2026-08-04,916.1,938.9,831
MPFL,2026-08-04,605.0,614.8,6922
SAGAR,2026-08-04,1780.0,1752.6,11671
KDL,2026-08-04,753.3,785.5,796
NMIC,2026-08-03,925.0,930.0,1902
MBLEF,2026-08-03,9.82,10.01,1700
HLBSL,2026-08-03,900.0,894.0,2098
TSHL,2026-08-03,380.0,385.1,9387
FOWAD,2026-08-03,977.0,965.0,1326
NFS,2026-08-03,600.0,571.6,5830
GLH,2026-08-03,263.0,257.1,38705
RAWA,2026-08-03,433.8,423.4,22450
IGI,2026-08-03,448.0,432.0,3670
PMHPL,2026-08-03,315.0,318.5,4488
SOHL,2026-08-03,583.9,577.0,77231
NBF3,2026-08-03,9.62,9.93,20900
VLBS,2026-08-03,670.0,670.3,1400
PPCL,2026-08-03,328.7,348.0,23601
HBLD83,2026-08-03,1005.0,1007.2,65
NSY,2026-08-03,9.3,9.35,33000
SABBL,2026-08-03,1085.0,1000.0,20763
MBJC,2026-08-03,267.0,268.9,18771
NLG,2026-08-03,567.3,579.0,3859
EBL,2026-08-03,728.6,730.0,29414
PSF,2026-08-03,12.0,12.0,19500
NABIL,2026-08-03,528.2,557.1,53226
EDBL,2026-08-03,580.0,583.0,17637
SICL,2026-08-03,620.0,617.0,11375
ANLB,2026-08-03,5500.0,5628.0,7546
TRH,2026-08-03,772.1,786.0,1446
KAHL,2026-08-03,541.0,537.1,41714
BPCL,2026-08-03,636.1,656.5,12784
SMH,2026-08-03,509.9,505.5,15962
RBCL,2026-08-03,14251.0,14590.0,50
PROFL,2026-08-03,430.0,432.0,2347
NMB50,2026-08-03,10.55,10.5,32115
ILBS,2026-08-03,860.0,898.0,895
MEL,2026-08-03,214.1,217.8,3248
TTL,2026-08-03,730.0,730.0,14520
HLI,2026-08-03,325.0,324.0,27460
CZBIL,2026-08-03,210.0,208.9,114286
SPC,2026-08-03,419.0,427.0,4720
BJHL,2026-08-03,731.0,719.0,10916
HEI,2026-08-03,552.0,540.0,6507
PPL,2026-08-03,310.0,322.0,28178
MMKJL,2026-08-03,480.0,481.7,2117
KDL,2026-08-03,790.0,775.0,1312
GBIME,2026-08-03,250.0,262.2,738612
MMF1,2026-08-03,8.9,9.17,103081
NIFRAUR85/86,2026-08-03,1033.0,1033.0,30
CBLD88,2026-08-03,1187.0,1196.6,33
RURU,2026-08-03,615.0,613.0,6021
SBL,2026-08-03,394.0,420.0,247131
LVF2,2026-08-03,9.57,10.14,1600
PHCL,2026-08-03,300.0,298.0,41767
NICA,2026-08-03,320.0,337.9,49827
SBD87,2026-08-03,1100.0,1080.0,100
ICFCD88,2026-08-03,1165.0,1170.0,125
APHL,2026-08-03,815.0,838.0,21739
RSML,2026-08-03,3148.0,2780.0,95826
ECL,2026-08-03,1374.7,1505.6,73580
NIFRAGED,2026-08-03,1026.0,1026.2,75
GLBSL,2026-08-03,1830.0,1780.0,97
ULBSL,2026-08-03,2721.0,2774.0,337
MKJC,2026-08-03,462.6,466.0,5108
MSLB,2026-08-03,1250.0,1317.0,22297
KMCDB,2026-08-03,750.1,777.9,1097
SJLIC,2026-08-03,412.0,417.0,14940
NICGF2,2026-08-03,9.08,9.25,10900
CBBL,2026-08-03,945.0,934.2,6023
BHCL,2026-08-03,504.0,497.0,18887
SGHC,2026-08-03,317.0,316.9,49048
SFEF,2026-08-03,10.0,10.1,12300
GCIL,2026-08-03,367.5,355.1,15333
RIDI,2026-08-03,370.2,367.8,560763
SPDL,2026-08-03,375.0,365.0,94413
SADBL,2026-08-03,420.9,416.0,28169
NIL,2026-08-03,620.0,624.0,10157
SANIMA,2026-08-03,354.1,374.2,92433
USHL,2026-08-03,571.5,544.0,946
MABEL,2026-08-03,604.0,599.8,7224
HPPL,2026-08-03,384.0,377.0,84917
OHL,2026-08-03,684.0,678.6,2620
PRIN,2026-08-03,682.0,673.2,1453
GMFIL,2026-08-03,470.0,472.5,10160
SRLI,2026-08-03,379.4,381.9,10752
SEF,2026-08-03,9.8,9.79,29870
UPCL,2026-08-03,357.0,365.0,50598
JBBD87,2026-08-03,1111.0,1111.0,50
KSBBL,2026-08-03,480.0,475.0,30231
SHL,2026-08-03,500.0,500.0,23716
RMF1,2026-08-03,9.56,9.62,13900
SAGF,2026-08-03,10.15,10.4,16700
SMPDA,2026-08-03,775.0,760.0,1063
GILB,2026-08-03,1105.1,1100.0,1993
MCHL,2026-08-03,280.0,283.9,974
GHL,2026-08-03,227.3,227.7,17585
HIDCLP,2026-08-03,193.9,191.9,63867
NIBSF2,2026-08-03,8.8,8.81,2910
RBBF40,2026-08-03,9.2,9.22,13150
IHL,2026-08-03,352.0,358.0,5772
MSHL,2026-08-03,607.0,612.0,577
MANDU,2026-08-03,815.0,801.0,2241
BHPL,2026-08-03,480.0,479.0,5595
MEHL,2026-08-03,304.0,299.9,2855
CYCL,2026-08-03,1301.0,1300.0,1959
MNMF1,2026-08-03,9.6,9.71,2900
SINDU,2026-08-03,716.3,721.9,11190
KBL,2026-08-03,214.0,224.8,437791
NMB,2026-08-03,237.5,248.0,85413
KKHC,2026-08-03,291.4,287.0,117485
MLBS,2026-08-03,1200.0,1158.0,260
AKJCL,2026-08-03,368.5,362.0,238164
SJCL,2026-08-03,272.0,273.0,4175
DDBL,2026-08-03,830.0,835.0,7033
USLB,2026-08-03,1135.0,1159.9,1423
NTC,2026-08-03,870.0,860.0,27525
AHPC,2026-08-03,270.0,271.0,44826
UHEWA,2026-08-03,600.0,570.1,7581
BGWT,2026-08-03,595.0,575.0,3913
MKCL,2026-08-03,1100.0,1105.0,1754
JBBL,2026-08-03,346.0,343.8,26528
LBBLD89,2026-08-03,1251.4,1251.4,25
CHL,2026-08-03,268.0,266.0,13213
KBLD89,2026-08-03,1292.6,1275.0,793
KEF,2026-08-03,10.34,10.4,90450
BBC,2026-08-03,4380.0,4235.0,130
SALICO,2026-08-03,611.0,600.0,4203
SWMF,2026-08-03,586.2,627.0,4624
ULHC,2026-08-03,350.0,369.1,18495
HDHPC,2026-08-03,210.1,212.5,99278
JOSHI,2026-08-03,283.0,285.0,80370
SKHEL,2026-08-03,965.0,993.0,1821
CLI,2026-08-03,442.0,448.5,6668
FMDBL,2026-08-03,783.0,772.7,3091
NMBMF,2026-08-03,626.0,625.0,510
DOLTI,2026-08-03,325.0,324.9,23185
KBSH,2026-08-03,951.0,940.0,19203
RNLI,2026-08-03,430.0,442.9,9208
SBCF,2026-08-03,9.4,9.5,20630
BANDIPUR,2026-08-03,727.0,724.0,12012
SIPD,2026-08-03,661.0,697.0,46085
MLBSL,2026-08-03,1700.0,1615.0,607
NRN,2026-08-03,1440.0,1417.0,108905
SAHAS,2026-08-03,670.0,677.7,173114
EHPL,2026-08-03,348.9,346.3,8105
SBID83,2026-08-03,1055.0,1055.0,25
MDB,2026-08-03,595.0,588.5,2478
BNHC,2026-08-03,282.0,281.0,13287
KPCL,2026-08-03,472.0,472.0,6263
CIT,2026-08-03,1700.0,1720.0,1698
ADBL,2026-08-03,306.5,325.0,134712
SHPC,2026-08-03,504.0,503.0,29198
MLBL,2026-08-03,359.8,356.2,17873
HHL,2026-08-03,340.0,337.5,9114
PCIL,2026-08-03,650.0,650.0,35221
SBI,2026-08-03,388.0,408.0,12594
NIBD84,2026-08-03,1040.0,1040.0,25
RLEL,2026-08-03,865.0,909.9,17588
PBLD87,2026-08-03,1100.0,1100.0,25
PCBL,2026-08-03,247.5,246.5,71311
NHPC,2026-08-03,261.4,273.2,270002
KSY,2026-08-03,9.54,9.85,706646
NIMBD90,2026-08-03,1266.0,1245.0,35
MHCL,2026-08-03,317.9,318.0,11004
TVCL,2026-08-03,481.1,480.7,1410
MLBLD89,2026-08-03,1242.0,1279.0,250
DHPL,2026-08-03,290.1,289.0,10771
JFL,2026-08-03,400.0,396.0,3464
SAIL,2026-08-03,1060.0,1144.4,132563
NIMB,2026-08-03,190.0,200.8,168350
CORBL,2026-08-03,1100.0,1115.0,33883
SLBBL,2026-08-03,815.0,809.0,3294
MERO,2026-08-03,676.0,672.1,3192
MPFL,2026-08-03,625.0,612.5,5730
CKHL,2026-08-03,604.0,597.0,12069
HIMSTAR,2026-08-03,760.5,738.7,2599
CGH,2026-08-03,771.1,788.9,8121
NESDO,2026-08-03,1470.0,1490.0,202
PURE,2026-08-03,851.0,850.0,6331
ACLBSL,2026-08-03,921.1,939.9,572
SAPDBL,2026-08-03,840.0,960.0,208760
MHNL,2026-08-03,239.2,240.9,16325
C30MF,2026-08-03,10.1,10.1,289930
EBLD86,2026-08-03,1081.0,1081.0,25
NLIC,2026-08-03,751.0,759.9,22489
UNLB,2026-08-03,1243.0,1250.3,568
TPKHL,2026-08-03,542.0,550.0,31896
LSL,2026-08-03,217.0,229.4,206249
SKHL,2026-08-03,884.0,914.0,15442
ALBSL,2026-08-03,1075.0,1107.7,18794
MEN,2026-08-03,601.0,602.0,50652
DLBS,2026-08-03,1190.0,1190.0,164
NMFBS,2026-08-03,1120.0,1113.4,4457
SRBLD83,2026-08-03,1011.0,1020.0,210
SOPL,2026-08-03,825.0,823.1,28239
HRL,2026-08-03,605.0,595.0,62706
SPL,2026-08-03,675.0,659.9,710
ADBLD83,2026-08-03,1028.9,1028.9,110
ALICL,2026-08-03,431.7,432.0,6775
SHLB,2026-08-03,1474.0,1489.8,1192
PMLI,2026-08-03,445.0,441.3,2835
NMLBBL,2026-08-03,520.0,523.9,4606
GRDBL,2026-08-03,1051.0,1100.3,70991
PBD84,2026-08-03,1070.0,1102.0,125
JSLBB,2026-08-03,991.0,990.0,847
CSY,2026-08-03,9.06,9.3,920
LICN,2026-08-03,805.0,790.0,5019
GFCL,2026-08-03,620.0,610.0,3702
SAGAR,2026-08-03,1700.0,1779.9,25363
HURJA,2026-08-03,240.0,237.9,48508
NRM,2026-08-03,310.1,313.0,3250
GBIMESY2,2026-08-03,9.25,9.3,10600
SSHL,2026-08-03,208.0,205.0,72751
SLCF,2026-08-03,9.6,9.61,26711
MFIL,2026-08-03,762.0,784.8,16938
RBCLPO,2026-08-03,11410.0,11380.0,20
NIFRA,2026-08-03,248.1,247.0,76079
GMLI,2026-08-03,1177.0,1145.0,3513
AKPL,2026-08-03,260.0,260.2,32452
NWCL,2026-08-03,710.0,709.9,1543
SMFBS,2026-08-03,1525.0,1544.0,299
CFCL,2026-08-03,629.0,660.0,133958
SMB,2026-08-03,1860.0,1845.0,176
NRIC,2026-08-03,970.0,956.0,21392
OMPL,2026-08-03,921.0,936.0,2422
HATHY,2026-08-03,701.0,705.0,5364
HDL,2026-08-03,1170.0,1171.0,33432
SIGS2,2026-08-03,10.8,10.81,10000
H8020,2026-08-03,11.62,11.7,400
AHL,2026-08-03,411.0,415.7,1270
BFC,2026-08-03,519.7,503.2,27985
SNORL,2026-08-03,925.0,944.0,39699
GIBF1,2026-08-03,10.86,10.9,12900
GVL,2026-08-03,487.0,483.4,14857
SGHL,2026-08-03,520.0,529.6,101464
RSY,2026-08-03,10.31,10.31,2000
CITY,2026-08-03,371.0,369.0,52443
NICBF,2026-08-03,9.4,9.4,500
SIGS3,2026-08-03,10.47,10.55,2056
NICFC,2026-08-03,9.02,9.34,11200
NABILD2089,2026-08-03,1025.0,1050.0,550
SWASTIK,2026-08-03,2052.0,2045.0,580
USHEC,2026-08-03,492.1,498.0,12218
HEIP,2026-08-03,332.0,338.0,694
NIBLGF,2026-08-03,9.65,9.75,55000
SIKLES,2026-08-03,569.9,560.0,11913
MATRI,2026-08-03,811.0,834.0,278
SKBBL,2026-08-03,757.0,759.1,14511
YMHL,2026-08-03,644.0,636.1,31529
NHDL,2026-08-03,649.0,643.0,1093
GBLBS,2026-08-03,759.9,752.0,1930
RHGCL,2026-08-03,258.3,262.9,17837
NLICL,2026-08-03,566.0,572.0,36736
NADEP,2026-08-03,748.8,740.0,749
SBLD2091,2026-08-03,1065.0,1065.0,25
TPC,2026-08-03,360.0,360.0,26328
RHPL,2026-08-03,255.5,257.3,16246
TAMOR,2026-08-03,449.0,449.5,28438
UNHPL,2026-08-03,389.0,384.8,8276
SMATA,2026-08-03,731.0,735.0,1732
RLFL,2026-08-03,469.6,466.8,14449
SBLD89,2026-08-03,1240.0,1240.0,25
NICLBSL,2026-08-03,560.0,559.0,8118
SCB,2026-08-03,618.5,651.0,17434
SGIC,2026-08-03,469.0,463.0,8193
NSIF2,2026-08-03,10.67,10.67,1100
SONA,2026-08-03,408.0,405.0,15492
LLBS,2026-08-03,900.0,893.0,170
HBL,2026-08-03,192.5,202.9,86099
SLBSL,2026-08-03,1100.0,1060.0,2121
GBBD85,2026-08-03,1052.0,1080.0,215
AVYAN,2026-08-03,1020.0,1021.0,1660
NGPL,2026-08-03,400.0,407.2,56271
BUNGAL,2026-08-03,608.0,594.9,16454
SMHL,2026-08-03,507.0,492.0,39945
GUFL,2026-08-03,577.0,574.0,19694
NBL,2026-08-03,257.0,272.0,97552
NIBLSTF,2026-08-03,8.41,8.7,63800
CHDC,2026-08-03,2248.0,2225.0,11759
NABBC,2026-08-03,799.0,795.4,30482
NICD88,2026-08-03,1085.0,1100.0,75
MHL,2026-08-03,481.0,476.0,1866
MKHL,2026-08-03,495.0,502.0,5048
ENL,2026-08-03,805.0,813.0,672
UMRH,2026-08-03,548.8,537.0,1429
API,2026-08-03,335.3,334.5,131466
PRSF,2026-08-03,12.73,12.88,300
HFIN,2026-08-03,715.0,725.0,22860
MLBBL,2026-08-03,1150.0,1139.0,1217
SMJC,2026-08-03,445.0,446.8,11665
JBLB,2026-08-03,1260.0,1274.0,2776
BHDC,2026-08-03,433.0,432.0,3579
KSBBLD87,2026-08-03,1192.2,1192.2,200
GSY,2026-08-03,9.56,9.92,3350
SYPNL,2026-08-03,1282.5,1342.1,52381
NICAD2091,2026-08-03,1031.0,1031.0,50
RFPL,2026-08-03,340.0,334.9,19056
EBLD85,2026-08-03,1130.0,1132.1,417
STC,2026-08-03,5200.0,5160.0,195
RSDC,2026-08-03,642.0,640.5,1446
MKHC,2026-08-03,285.0,286.0,2648
MNBBL,2026-08-03,375.0,371.3,25745
KBLD86,2026-08-03,1387.5,1266.5,9
LUK,2026-08-03,10.25,10.5,6100
SPHL,2026-08-03,525.0,539.5,5739
JHAPA,2026-08-03,1122.0,1139.0,3132
HIDCL,2026-08-03,271.7,259.2,37351
MBL,2026-08-03,246.5,261.0,173570
NICL,2026-08-03,507.0,508.0,7848
SNLI,2026-08-03,428.0,424.1,14043
LBBL,2026-08-03,499.0,497.0,19051
GBBL,2026-08-03,421.0,419.0,15862
UAIL,2026-08-03,447.0,445.0,8733
BHL,2026-08-03,212.4,212.9,55478
DORDI,2026-08-03,253.0,254.9,26385
NIMBPO,2026-08-03,143.0,145.5,91655
NYADI,2026-08-03,366.3,372.8,2444
DHEL,2026-08-03,588.0,582.0,36329
HLICF,2026-08-03,8.43,8.51,2083
ILI,2026-08-03,418.0,416.3,5878
PRVU,2026-08-03,187.7,196.0,109428
MAKAR,2026-08-03,443.0,439.9,9267
NBF2,2026-08-03,9.92,10.14,400
SWBBL,2026-08-03,682.0,685.0,7632
LEC,2026-08-03,229.9,225.1,79082
UPPER,2026-08-03,199.0,195.1,52674
VLUCL,2026-08-03,440.0,429.0,2760
KHPL,2026-08-03,870.0,860.0,10196
RMF2,2026-08-03,9.8,9.8,100
NICSF,2026-08-03,8.75,9.0,350000
BARUN,2026-08-03,332.6,325.1,16158
SPIL,2026-08-03,715.0,700.0,883
GMFBS,2026-08-03,1249.0,1230.0,844
KDBY,2026-08-03,11.12,11.29,71200
SIFC,2026-08-03,510.0,514.2,24228
SANVI,2026-08-03,596.0,605.0,6953
SHIVM,2026-08-03,642.0,646.5,71310
UMHL,2026-08-03,570.0,577.6,39762
RADHI,2026-08-03,700.0,730.0,46959
SHEL,2026-08-03,307.0,307.0,45753
SHINE,2026-08-03,407.4,411.9,8517
SFMF,2026-08-03,10.25,10.25,4832
NUBL,2026-08-03,621.0,621.9,856
WNLB,2026-08-03,1350.0,1355.0,337
ICFCD89,2026-08-03,1095.0,1101.0,200
ICFC,2026-08-03,612.0,611.0,7604
CREST,2026-08-03,1184.0,1195.0,12935
CHCL,2026-08-03,499.9,497.5,57188
NMBHF2,2026-08-03,9.58,9.77,14041
BEDC,2026-08-03,324.9,325.0,18635
EBLD91,2026-08-03,1050.0,1060.0,125
SARBTM,2026-08-03,799.0,795.0,4484
SSHL,2026-07-31,203.5,205.0,93044
VLUCL,2026-07-31,428.1,429.0,9513
HLI,2026-07-31,324.0,325.0,25031
NICA,2026-07-31,335.0,336.1,26479
SLBBL,2026-07-31,810.0,803.0,1894
PRIN,2026-07-31,671.3,680.0,931
DHEL,2026-07-31,552.5,587.9,11475
EHPL,2026-07-31,349.0,340.1,15290
SMB,2026-07-31,1817.1,1835.0,1046
DHPL,2026-07-31,286.5,294.0,749
SCB,2026-07-31,657.9,651.0,10797
PPL,2026-07-31,311.6,326.0,25427
BBC,2026-07-31,4201.0,4280.0,161
HURJA,2026-07-31,230.5,236.1,30589
JOSHI,2026-07-31,262.6,283.0,94932
NUBL,2026-07-31,609.0,610.0,2862
MBJC,2026-07-31,264.2,267.0,19940
GMFBS,2026-07-31,1238.9,1215.0,263
NMIC,2026-07-31,915.1,925.0,874
NIMBPO,2026-07-31,144.0,147.0,25555
SMFBS,2026-07-31,1500.0,1539.0,357
KDL,2026-07-31,765.2,785.0,2819
MKHC,2026-07-31,275.0,285.0,8370
UPCL,2026-07-31,349.0,362.0,68843
RFPL,2026-07-31,330.0,335.3,8669
SHLB,2026-07-31,1460.0,1474.0,100
NSIF2,2026-07-31,10.66,10.66,500
KSY,2026-07-31,9.61,9.79,3382
RBCL,2026-07-31,14168.0,14206.0,60
SARBTM,2026-07-31,797.0,790.1,6077
CZBILP,2026-07-31,100.6,100.0,150000
VLBS,2026-07-31,667.0,670.0,961
JHAPA,2026-07-31,1111.0,1138.0,7234
SKBBL,2026-07-31,768.0,757.0,7076
SBL,2026-07-31,410.0,414.4,178151
NLG,2026-07-31,571.1,584.0,11493
CIT,2026-07-31,1726.0,1715.0,4400
GIBF1,2026-07-31,10.55,10.86,1300
PHCL,2026-07-31,296.7,299.7,39916
CYCL,2026-07-31,1300.1,1310.0,857
BGWT,2026-07-31,581.0,595.0,1290
NABILD2089,2026-07-31,1056.0,1056.0,25
PROFL,2026-07-31,430.0,433.0,4539
RURU,2026-07-31,614.0,614.1,387
SALICO,2026-07-31,593.0,602.7,2499
HDHPC,2026-07-31,214.0,213.7,106601
SEF,2026-07-31,9.98,9.8,10497
USHL,2026-07-31,570.1,544.3,1246
SMH,2026-07-31,515.0,498.0,13751
SPHL,2026-07-31,520.0,539.6,5770
TPKHL,2026-07-31,530.0,548.9,39253
NYADI,2026-07-31,360.1,370.0,1567
TAMOR,2026-07-31,448.1,449.3,27003
PCIL,2026-07-31,630.0,654.0,32107
LSL,2026-07-31,228.5,228.4,104988
SWMF,2026-07-31,616.0,617.0,3215
RSY,2026-07-31,10.01,10.3,900
ILBS,2026-07-31,850.0,883.8,3205
SRLI,2026-07-31,381.5,379.4,4482
MBLEF,2026-07-31,9.9,10.1,600
RBBF40,2026-07-31,9.29,9.03,4000
ADBL,2026-07-31,318.2,322.5,147317
CBBL,2026-07-31,932.8,932.0,14110
BHL,2026-07-31,210.0,212.4,71648
NICSF,2026-07-31,8.97,9.0,4420
NADEP,2026-07-31,749.0,727.0,277
GBIMESY2,2026-07-31,9.24,9.25,3900
BHDC,2026-07-31,435.0,431.4,3261
UAIL,2026-07-31,440.1,445.3,8209
SOPL,2026-07-31,783.8,827.0,31094
SMPDA,2026-07-31,759.0,762.0,677
SPC,2026-07-31,412.0,421.0,8408
SFEF,2026-07-31,10.0,10.0,500
LVF2,2026-07-31,9.04,9.86,4250
RMF1,2026-07-31,9.55,9.78,13100
GILB,2026-07-31,1105.9,1100.0,218
SIGS3,2026-07-31,10.71,10.42,4900
SPIL,2026-07-31,690.0,705.9,597
SADBLP,2026-07-31,220.0,220.0,13212
BNHC,2026-07-31,283.0,282.0,13889
SHINE,2026-07-31,410.0,413.0,10540
TTL,2026-07-31,702.0,730.0,6475
SBCF,2026-07-31,9.5,9.6,11700
GBLBS,2026-07-31,726.1,748.0,1829
KDBY,2026-07-31,10.81,11.1,9500
SPL,2026-07-31,651.0,663.4,1940
NICL,2026-07-31,500.1,507.0,8107
JBBL,2026-07-31,344.0,347.1,23080
NIBLGF,2026-07-31,9.03,9.6,12500
CSY,2026-07-31,9.1,9.34,24577
SNORL,2026-07-31,925.0,926.1,23492
NICAD2091,2026-07-31,1044.1,1044.1,25
APHL,2026-07-31,820.8,839.0,15695
SWBBL,2026-07-31,683.0,681.9,3994
MDB,2026-07-31,580.0,586.0,4205
NICD88,2026-07-31,1100.0,1100.0,25
NTC,2026-07-31,850.0,861.0,6077
MANDU,2026-07-31,825.0,815.0,6953
BUNGAL,2026-07-31,582.0,597.0,27776
RAWA,2026-07-31,420.1,430.0,9126
NLIC,2026-07-31,754.0,759.8,11910
NLICL,2026-07-31,587.0,560.1,52877
NIFRA,2026-07-31,246.2,249.1,43724
SANIMA,2026-07-31,370.8,372.7,63629
PPCL,2026-07-31,321.1,345.9,10871
GFCL,2026-07-31,612.0,613.1,5156
MBL,2026-07-31,257.9,259.2,54081
JBLB,2026-07-31,1246.0,1282.0,1652
NICBF,2026-07-31,9.5,9.5,1400
NABIL,2026-07-31,554.5,556.0,45634
BARUN,2026-07-31,321.0,323.0,21104
GLH,2026-07-31,250.3,259.0,67704
GBIME,2026-07-31,254.0,262.0,588735
CGH,2026-07-31,780.0,784.0,8571
EBLD85,2026-07-31,1135.0,1130.0,123
ULBSL,2026-07-31,2720.0,2775.0,433
NHPC,2026-07-31,260.0,269.4,164645
NBF3,2026-07-31,9.75,9.88,2800
STC,2026-07-31,5200.0,5150.0,289
BHCL,2026-07-31,486.0,503.9,28242
GSY,2026-07-31,9.53,9.65,900
RHGCL,2026-07-31,259.0,265.0,10433
MABEL,2026-07-31,583.1,603.0,5395
SABBL,2026-07-31,1031.3,1045.0,22960
RLFL,2026-07-31,460.0,465.0,11226
NICFC,2026-07-31,9.3,9.1,1850
TPC,2026-07-31,363.8,358.5,5940
RIDI,2026-07-31,345.0,370.0,469740
MLBL,2026-07-31,352.9,357.0,10082
SMATA,2026-07-31,732.0,731.0,3028
KAHL,2026-07-31,534.0,544.0,37097
SIPD,2026-07-31,661.0,680.0,22151
NMB,2026-07-31,250.0,249.9,31804
TSHL,2026-07-31,381.0,374.0,3561
CHDC,2026-07-31,2170.0,2221.9,25958
SBLD2091,2026-07-31,1065.0,1065.0,25
LUK,2026-07-31,10.15,10.2,2300
SAGF,2026-07-31,10.05,10.05,300
RHPL,2026-07-31,258.5,259.9,17625
SHEL,2026-07-31,305.0,307.7,49839
FMDBL,2026-07-31,765.0,770.0,8394
SHINED,2026-07-31,1092.0,1092.0,25
UNL,2026-07-31,48590.0,48590.0,10
NIBLSTF,2026-07-31,8.89,8.62,4373
RNLI,2026-07-31,440.2,444.5,11354
SONA,2026-07-31,405.0,410.0,14952
CITY,2026-07-31,348.5,368.2,72331
MEHL,2026-07-31,301.0,302.0,2369
SLCF,2026-07-31,9.7,9.89,500
NIBSF2,2026-07-31,9.0,8.8,8910
KSBBL,2026-07-31,475.1,478.0,18173
NRM,2026-07-31,304.0,315.0,2868
UMHL,2026-07-31,573.0,581.0,95992
NFS,2026-07-31,582.0,576.0,2941
SGHL,2026-07-31,545.8,529.0,69102
SADBL,2026-07-31,415.0,417.5,40797
SOHL,2026-07-31,571.0,583.9,179906
ULHC,2026-07-31,339.0,362.0,24501
ICFCD89,2026-07-31,1092.3,1093.2,60
SICL,2026-07-31,605.5,613.0,2202
PBD88,2026-07-31,1156.1,1156.0,30
UNHPL,2026-07-31,380.2,382.1,10081
MPFL,2026-07-31,607.0,619.7,3811
LBBL,2026-07-31,488.0,496.0,20417
BHPL,2026-07-31,450.0,480.0,4825
BPCL,2026-07-31,645.0,655.5,20139
CFCL,2026-07-31,627.1,662.0,223631
BEDC,2026-07-31,317.4,318.1,25955
PURE,2026-07-31,833.0,863.0,6604
RLEL,2026-07-31,848.0,885.7,6130
MKHL,2026-07-31,497.0,504.0,2237
ACLBSL,2026-07-31,930.0,934.0,502
EBL,2026-07-31,725.0,728.6,29334
SKHL,2026-07-31,870.0,884.0,29377
SLBSL,2026-07-31,1090.0,1085.0,2655
SWASTIK,2026-07-31,2023.0,2020.0,170
ALBSL,2026-07-31,1051.0,1114.8,10020
CHCL,2026-07-31,495.0,494.1,20369
EBLD91,2026-07-31,1063.1,1064.0,75
GWFD83,2026-07-31,1123.3,1089.7,1
SAPDBL,2026-07-31,798.0,858.9,47605
BFC,2026-07-31,535.0,510.0,57251
SJCL,2026-07-31,266.0,275.0,9243
HDL,2026-07-31,1167.0,1164.0,18896
BNT,2026-07-31,11300.0,11000.5,25
YMHL,2026-07-31,630.2,644.0,28063
DORDI,2026-07-31,253.0,253.5,26615
KPCL,2026-07-31,466.0,475.0,2716
PMHPL,2026-07-31,320.0,315.0,3683
AKJCL,2026-07-31,360.0,366.0,223712
CHL,2026-07-31,262.6,268.0,15438
NWCL,2026-07-31,692.1,714.3,2000
MEN,2026-07-31,594.9,595.5,38358
JFL,2026-07-31,393.0,394.0,3470
USHEC,2026-07-31,490.0,492.0,4347
KBSH,2026-07-31,905.1,956.0,23851
TVCL,2026-07-31,476.0,489.0,2210
NMBHF2,2026-07-31,9.58,9.59,8121
HATHY,2026-07-31,727.0,714.0,4107
HHL,2026-07-31,347.0,340.0,9428
ALICL,2026-07-31,428.7,431.7,48252
NICGF2,2026-07-31,9.0,9.04,600
EDBL,2026-07-31,574.1,579.0,6814
SJLIC,2026-07-31,415.0,419.0,6837
NIL,2026-07-31,618.1,620.0,1668
MHNL,2026-07-31,248.0,242.0,14192
SHPC,2026-07-31,500.0,501.0,35056
RADHI,2026-07-31,725.0,729.0,50725
HIMSTAR,2026-07-31,710.0,740.0,1586
SMHL,2026-07-31,493.0,498.9,42099
HBL,2026-07-31,197.0,202.0,61738
SYPNL,2026-07-31,1264.5,1350.0,44453
NGPL,2026-07-31,425.0,408.1,148643
KKHC,2026-07-31,295.1,291.4,133825
MLBBL,2026-07-31,1118.0,1142.0,1210
NABBC,2026-07-31,790.0,785.2,2623
PRVU,2026-07-31,187.7,196.5,70601
NMB50,2026-07-31,10.69,10.39,7385
PCBL,2026-07-31,240.1,247.0,100424
NESDO,2026-07-31,1454.0,1495.0,436
MERO,2026-07-31,670.0,671.2,4523
AHL,2026-07-31,411.0,420.0,1619
MSHL,2026-07-31,604.0,620.5,373
AHPC,2026-07-31,265.0,269.0,117686
OMPL,2026-07-31,916.0,940.0,3207
SIKLES,2026-07-31,558.6,559.0,9589
ANLB,2026-07-31,5500.0,5649.0,1810
SMJC,2026-07-31,438.1,444.0,4112
SAGAR,2026-07-31,1682.0,1710.0,10413
MCHL,2026-07-31,280.0,283.8,1507
C30MF,2026-07-31,10.07,10.07,100
ILI,2026-07-31,420.0,418.0,4115
GUFL,2026-07-31,570.0,572.0,32720
CLI,2026-07-31,441.0,448.0,9671
USLB,2026-07-31,1150.0,1135.0,2288
PSF,2026-07-31,11.45,11.74,800
NBL,2026-07-31,266.0,270.3,38421
HBLD83,2026-07-31,1018.0,1013.1,155
MMKJL,2026-07-31,471.5,484.0,2134
MSLB,2026-07-31,1200.0,1229.0,431
BANDIPUR,2026-07-31,711.0,727.0,34075
SPDL,2026-07-31,370.1,372.1,34892
MAKAR,2026-07-31,438.0,440.0,7472
SGIC,2026-07-31,465.0,465.0,8092
NMLBBL,2026-07-31,530.0,522.0,6495
SAIL,2026-07-31,1060.0,1099.0,44123
RSDC,2026-07-31,642.1,638.2,4291
SGHC,2026-07-31,310.0,317.0,20293
HRL,2026-07-31,597.0,603.0,69303
MLBSL,2026-07-31,1675.0,1653.0,3046
GBIMEP,2026-07-31,105.9,104.7,386068
GVL,2026-07-31,480.0,487.0,8364
MNBBL,2026-07-31,371.8,370.7,29292
OHL,2026-07-31,675.0,678.0,2137
FOWAD,2026-07-31,977.9,964.9,2220
NIMB,2026-07-31,189.1,199.7,140620
GRDBL,2026-07-31,1083.0,1072.0,11399
GCIL,2026-07-31,354.1,359.0,8094
ADBLD83,2026-07-31,1029.7,1025.0,45
LEC,2026-07-31,224.0,225.9,78017
CREST,2026-07-31,1252.6,1190.0,9053
MKJC,2026-07-31,456.0,462.6,6682
MNMF1,2026-07-31,9.51,9.6,1050
KMCDB,2026-07-31,779.0,766.4,2071
CZBIL,2026-07-31,203.1,207.9,36995
CKHL,2026-07-31,570.4,605.6,943
PBD84,2026-07-31,1067.0,1067.0,100
SKHEL,2026-07-31,976.0,978.0,2859
ECL,2026-07-31,1195.0,1309.3,13500
NRIC,2026-07-31,950.0,970.0,41920
MKCL,2026-07-31,1100.0,1120.0,2255
MATRI,2026-07-31,810.2,830.0,326
IHL,2026-07-31,350.0,350.0,2315
MHCL,2026-07-31,316.0,317.9,3275
IGI,2026-07-31,432.3,437.5,10048
BJHL,2026-07-31,700.0,731.3,4577
TRH,2026-07-31,770.1,782.0,1222
MLBS,2026-07-31,1126.3,1159.0,362
ENL,2026-07-31,795.1,814.5,330
LICN,2026-07-31,793.0,787.9,4020
SHL,2026-07-31,496.0,501.0,9444
UPPER,2026-07-31,194.0,195.5,73985
HPPL,2026-07-31,388.0,383.0,172178
HLICF,2026-07-31,8.7,8.55,1800
CORBL,2026-07-31,1150.0,1120.0,98227
NSY,2026-07-31,9.3,9.45,2700
GLBSL,2026-07-31,1845.0,1810.0,189
UMRH,2026-07-31,531.0,537.2,4468
DOLTI,2026-07-31,320.0,325.0,19315
GMFIL,2026-07-31,456.5,470.0,59668
NMFBS,2026-07-31,1116.0,1120.0,2463
GMLI,2026-07-31,1130.1,1149.0,444
LLBS,2026-07-31,880.0,895.0,767
SAND2085,2026-07-31,1150.0,1150.0,50
HIDCLP,2026-07-31,189.0,192.8,70013
NHDL,2026-07-31,630.0,647.0,5442
WNLB,2026-07-31,1315.2,1345.0,122
ICFC,2026-07-31,610.1,613.0,3306
NRN,2026-07-31,1400.0,1420.0,55080
SNLI,2026-07-31,428.0,428.0,4394
MEL,2026-07-31,213.1,218.9,5108
NICLBSL,2026-07-31,546.0,558.0,5387
KEF,2026-07-31,10.47,10.3,21200
API,2026-07-31,334.8,335.3,126694
SINDU,2026-07-31,714.0,723.9,48851
UHEWA,2026-07-31,564.0,572.1,13705
HLBSL,2026-07-31,880.0,881.9,274
HFIN,2026-07-31,668.8,720.0,22713
ILBSP,2026-07-31,470.5,470.5,750
SBI,2026-07-31,408.9,408.0,32635
UNLB,2026-07-31,1236.0,1259.0,246
PMLI,2026-07-31,440.0,442.2,2325
KBL,2026-07-31,223.9,225.0,282557
NIMBD90,2026-07-31,1266.0,1266.0,55
RSML,2026-07-31,3175.0,2999.0,38722
CBLD88,2026-07-31,1180.0,1187.0,50
MHL,2026-07-31,480.0,477.8,349
PRSF,2026-07-31,12.9,12.93,2340
SHIVM,2026-07-31,635.0,642.0,69233
MFIL,2026-07-31,760.0,788.0,24102
HIDCL,2026-07-31,260.0,258.8,17829
DLBS,2026-07-31,1165.0,1214.0,233
AVYAN,2026-07-31,1002.1,1029.0,1441
NMBMF,2026-07-31,610.2,616.0,430
HEI,2026-07-31,543.9,539.0,3856
AKPL,2026-07-31,255.9,261.7,54673
SIFC,2026-07-31,520.0,519.0,2223
H8020,2026-07-31,11.8,11.63,800
KHPL,2026-07-31,890.0,870.0,51259
SANVI,2026-07-31,586.0,604.0,6946
SAHAS,2026-07-31,660.0,665.0,42628
MMF1,2026-07-31,8.74,9.15,32800
SFMF,2026-07-31,10.2,10.15,19920
DDBL,2026-07-31,835.0,836.5,3939
NIBD84,2026-07-31,1050.0,1050.0,75
GBBL,2026-07-31,412.5,420.0,13519
GHL,2026-07-31,213.5,226.8,22211
RHGCL,2026-07-30,258.0,264.2,15550
NYADI,2026-07-30,365.0,365.0,4104
MFIL,2026-07-30,772.0,788.0,31079
FOWAD,2026-07-30,960.0,952.0,2251
RADHI,2026-07-30,700.3,724.9,57946
NICA,2026-07-30,322.0,339.9,40428
NBLD87,2026-07-30,1090.0,1090.0,25
MCHL,2026-07-30,296.2,282.0,3153
MKCL,2026-07-30,1150.0,1120.0,660
NGPL,2026-07-30,413.9,407.9,82194
ECL,2026-07-30,990.0,1138.6,2640
SNLI,2026-07-30,430.1,428.0,5359
JBBL,2026-07-30,345.1,345.5,23798
KAHL,2026-07-30,548.0,536.0,40236
LVF2,2026-07-30,9.03,9.13,6390
SGIC,2026-07-30,458.1,459.8,11872
NABBC,2026-07-30,776.5,780.2,7802
GMFIL,2026-07-30,465.0,459.0,11836
MLBL,2026-07-30,355.1,352.9,8814
NLG,2026-07-30,580.0,584.0,5555
NMB50,2026-07-30,10.75,10.69,1200
NWCL,2026-07-30,703.0,712.0,3359
MERO,2026-07-30,671.0,677.0,3566
NRM,2026-07-30,312.1,313.0,10101
SIKLES,2026-07-30,556.0,558.6,29707
BGWT,2026-07-30,580.1,597.0,1583
MATRI,2026-07-30,820.0,829.9,346
HIDCL,2026-07-30,260.0,258.0,44775
TAMOR,2026-07-30,449.2,451.0,34393
ILI,2026-07-30,415.5,420.0,4553
GMLI,2026-07-30,1135.4,1137.1,851
RBCL,2026-07-30,14500.0,14600.0,867
PCIL,2026-07-30,664.0,649.5,47211
BHCL,2026-07-30,491.2,486.0,22600
H8020,2026-07-30,11.7,11.7,3700
ILBS,2026-07-30,842.7,883.9,812
NMLBBL,2026-07-30,515.0,520.0,8584
ULHC,2026-07-30,345.0,340.1,4850
BNHC,2026-07-30,280.3,283.7,10658
PRIN,2026-07-30,680.0,679.0,1156
RMF2,2026-07-30,9.7,10.07,2600
UHEWA,2026-07-30,560.0,571.0,10430
MKJC,2026-07-30,465.0,468.0,3650
PPL,2026-07-30,325.0,328.0,20127
NMB,2026-07-30,246.0,248.6,29716
DLBS,2026-07-30,1193.2,1190.0,1295
PMLI,2026-07-30,456.5,440.5,4163
MHL,2026-07-30,470.0,470.0,3265
GBBL,2026-07-30,420.0,419.0,11431
C30MF,2026-07-30,9.8,10.07,10100
SBLD89,2026-07-30,1240.0,1240.0,25
NHPC,2026-07-30,260.0,265.0,147186
LLBS,2026-07-30,900.0,898.0,3094
RMF1,2026-07-30,9.87,9.68,12930
JFL,2026-07-30,402.9,393.0,3495
NBF3,2026-07-30,10.09,9.85,4240
TVCL,2026-07-30,477.5,476.2,1884
FMDBL,2026-07-30,763.0,758.0,5111
NIMB,2026-07-30,190.0,199.0,107356
CITY,2026-07-30,374.0,366.8,84701
CZBIL,2026-07-30,196.6,205.9,74445
TRH,2026-07-30,771.2,785.9,788
NICL,2026-07-30,510.0,505.0,22144
RLEL,2026-07-30,875.4,867.8,11208
SONA,2026-07-30,428.0,408.8,17828
GHL,2026-07-30,230.0,224.7,21285
SMATA,2026-07-30,740.0,740.0,2496
SLCF,2026-07-30,9.75,9.99,16700
HRL,2026-07-30,610.0,597.0,42529
KEF,2026-07-30,10.11,10.28,2900
SHINE,2026-07-30,410.0,410.0,13148
VLUCL,2026-07-30,426.2,438.0,1238
RHPL,2026-07-30,260.2,258.1,19919
SINDU,2026-07-30,700.1,701.0,16145
BARUN,2026-07-30,325.0,323.1,21015
SFEF,2026-07-30,10.0,10.0,41100
SGHC,2026-07-30,324.8,318.0,50539
NADEP,2026-07-30,740.0,741.0,708
MHCL,2026-07-30,323.0,315.2,3485
TSHL,2026-07-30,375.5,372.0,5485
SICL,2026-07-30,620.0,613.0,6079
NHDL,2026-07-30,630.0,630.0,5389
CHCL,2026-07-30,494.0,495.0,63422
MBJC,2026-07-30,269.0,266.5,33879
GSY,2026-07-30,9.5,9.8,2600
MBLEF,2026-07-30,10.0,10.1,6350
MSLB,2026-07-30,1198.1,1220.0,753
PHCL,2026-07-30,302.0,300.0,35643
API,2026-07-30,339.0,333.0,88031
NIBLSTF,2026-07-30,8.73,8.77,1201
MHNL,2026-07-30,241.9,245.0,10825
HEIP,2026-07-30,335.0,340.0,817
PPCL,2026-07-30,349.0,338.0,12521
SHL,2026-07-30,500.0,500.0,6446
NLICL,2026-07-30,584.5,570.0,33209
RURU,2026-07-30,629.0,614.5,2379
SPHL,2026-07-30,520.1,536.0,2890
BANDIPUR,2026-07-30,729.0,719.8,17645
BHPL,2026-07-30,476.0,466.3,3538
DDBL,2026-07-30,850.0,835.0,3545
NRN,2026-07-30,1419.0,1402.0,58834
ENL,2026-07-30,814.0,806.0,410
SHPC,2026-07-30,506.0,505.0,22396
BNT,2026-07-30,11750.0,11620.0,304
JOSHI,2026-07-30,269.5,265.0,11532
GLH,2026-07-30,253.6,252.0,24736
GBLBS,2026-07-30,730.0,748.0,4525
SAIL,2026-07-30,1120.0,1075.0,40817
SOPL,2026-07-30,794.2,825.0,59270
STC,2026-07-30,5190.0,5189.0,346
VLBS,2026-07-30,670.2,671.0,684
PCBL,2026-07-30,230.0,241.5,40879
PURE,2026-07-30,841.0,852.9,3160
HATHY,2026-07-30,726.0,712.0,3152
GIBF1,2026-07-30,10.66,10.66,20800
SBLD2091,2026-07-30,1079.4,1065.0,159
MMKJL,2026-07-30,493.0,485.0,4894
HIDCLP,2026-07-30,193.9,189.5,51694
PCBLP,2026-07-30,102.0,102.0,46894
SIGS3,2026-07-30,10.7,10.7,8400
HDHPC,2026-07-30,212.0,213.5,76132
SAGAR,2026-07-30,1715.0,1704.0,8271
NUBL,2026-07-30,605.8,611.0,2374
TTL,2026-07-30,735.0,720.4,8053
NIFRA,2026-07-30,250.0,248.0,27905
BJHL,2026-07-30,688.3,716.0,9417
NIBLGF,2026-07-30,9.0,9.0,3150
RSY,2026-07-30,9.71,10.25,83208
PRSF,2026-07-30,12.77,12.77,100
SPIL,2026-07-30,699.0,700.0,2709
SALICO,2026-07-30,606.5,593.0,5176
LEC,2026-07-30,238.2,224.8,127642
NRIC,2026-07-30,950.0,945.0,13744
MKHC,2026-07-30,290.0,285.0,17333
CGH,2026-07-30,790.0,786.0,3690
YMHL,2026-07-30,640.4,645.0,35977
SMB,2026-07-30,1840.0,1816.0,750
GVL,2026-07-30,476.1,484.5,12929
KHPL,2026-07-30,1008.0,902.0,31485
SKHEL,2026-07-30,971.0,976.0,4074
NMFBS,2026-07-30,1115.0,1116.0,1277
GUFL,2026-07-30,576.4,575.0,19640
AVYAN,2026-07-30,1013.0,1015.0,3048
JBBD87,2026-07-30,1111.0,1111.0,25
HFIN,2026-07-30,717.0,704.0,28853
RNLI,2026-07-30,440.3,441.9,8512
CBBL,2026-07-30,938.0,928.2,10317
TPKHL,2026-07-30,557.9,539.0,38317
HLI,2026-07-30,325.8,324.3,16248
GBBD85,2026-07-30,1062.1,1063.0,103
CFCL,2026-07-30,611.0,660.1,133292
SMPDA,2026-07-30,770.0,768.9,450
SYPNL,2026-07-30,1335.0,1331.0,30930
RIDI,2026-07-30,368.6,363.0,294672
RAWA,2026-07-30,444.9,428.0,10012
ICFC,2026-07-30,618.0,613.0,1785
SMHL,2026-07-30,510.0,496.0,92151
SLBBL,2026-07-30,806.1,809.0,1495
HHL,2026-07-30,336.1,338.0,14272
BPCL,2026-07-30,693.0,650.0,22963
SBL,2026-07-30,392.3,410.7,99488
CHDC,2026-07-30,2231.0,2229.9,9047
SANVI,2026-07-30,582.0,593.5,5263
GWFD83,2026-07-30,1158.0,1123.3,1
UNL,2026-07-30,48200.0,48200.0,10
AHPC,2026-07-30,267.6,267.0,26286
SNORL,2026-07-30,972.0,938.0,31452
CHL,2026-07-30,267.0,264.0,24389
SPC,2026-07-30,427.9,415.0,2448
KDL,2026-07-30,766.2,770.0,3572
DHPL,2026-07-30,299.0,295.3,4398
GRDBL,2026-07-30,1059.0,1063.0,15731
SGHL,2026-07-30,535.0,519.9,54154
SWASTIK,2026-07-30,2011.1,2011.1,430
MLBS,2026-07-30,1140.2,1158.0,59
AKPL,2026-07-30,255.2,256.9,17297
NICSF,2026-07-30,9.0,8.8,6900
APHL,2026-07-30,846.0,834.0,15135
UNLB,2026-07-30,1337.2,1265.0,745
SRLI,2026-07-30,380.0,381.5,7432
JHAPA,2026-07-30,1131.0,1119.0,5278
GBIMEP,2026-07-30,114.8,111.4,47200
USHEC,2026-07-30,485.0,492.0,7284
CSY,2026-07-30,9.0,9.02,3750
PBLD87,2026-07-30,1101.0,1101.0,40
JBLB,2026-07-30,1260.0,1255.1,2062
EDBL,2026-07-30,573.0,574.0,5265
SOHL,2026-07-30,564.1,571.0,143962
LICN,2026-07-30,789.9,788.0,9579
ICFCD88,2026-07-30,1140.0,1140.0,75
SAHAS,2026-07-30,664.0,661.0,41565
SMH,2026-07-30,507.0,502.9,8196
SHIVM,2026-07-30,626.4,636.0,71068
GLBSL,2026-07-30,1815.0,1820.0,466
PBD88,2026-07-30,1170.1,1181.0,75
RBBF40,2026-07-30,9.27,9.02,1343
UAIL,2026-07-30,455.0,448.0,12447
UMRH,2026-07-30,538.0,539.5,10812
NICLBSL,2026-07-30,556.0,552.0,6307
SPDL,2026-07-30,376.0,374.9,25621
BFC,2026-07-30,485.0,509.8,34113
AKJCL,2026-07-30,366.0,360.0,246031
SCB,2026-07-30,660.8,652.0,3198
GCIL,2026-07-30,360.0,359.8,15066
NABIL,2026-07-30,530.0,554.5,50772
PMHPL,2026-07-30,321.0,320.0,2370
KDBY,2026-07-30,11.16,11.1,7200
BHL,2026-07-30,213.0,210.5,56897
WNLB,2026-07-30,1339.0,1348.0,149
KBL,2026-07-30,210.0,222.0,230853
MKHL,2026-07-30,498.6,510.0,1482
IHL,2026-07-30,355.0,347.1,1314
HLBSL,2026-07-30,897.9,880.0,780
KSY,2026-07-30,9.9,9.9,1300
CYCL,2026-07-30,1340.0,1300.0,1056
ANLB,2026-07-30,5500.0,5697.0,3867
MEL,2026-07-30,218.0,217.0,30010
NBLD85,2026-07-30,1040.0,1045.0,1
HIMSTAR,2026-07-30,728.1,725.0,3315
MEHL,2026-07-30,307.0,306.0,1805
SSHL,2026-07-30,205.0,203.0,49737
SIPD,2026-07-30,682.0,678.9,24436
ACLBSL,2026-07-30,900.1,930.0,632
EBL,2026-07-30,727.0,724.0,10486
HLICF,2026-07-30,8.7,8.69,1300
GBIME,2026-07-30,244.1,256.0,286885
NTC,2026-07-30,870.0,865.0,3581
SIFC,2026-07-30,520.0,517.8,3324
CBLD88,2026-07-30,1201.0,1200.0,54
KKHC,2026-07-30,295.0,296.0,354765
SMJC,2026-07-30,444.6,442.0,7500
ULBSL,2026-07-30,2700.0,2785.0,1153
SJLIC,2026-07-30,415.0,417.7,3984
NSIF2,2026-07-30,10.98,10.66,2793
DOLTI,2026-07-30,323.6,320.0,8810
RLFL,2026-07-30,470.9,465.0,13971
CCBD88,2026-07-30,1190.0,1190.0,10
CREST,2026-07-30,1190.0,1193.0,3224
BEDC,2026-07-30,321.1,320.0,11462
OHL,2026-07-30,678.0,675.0,1025
LBBL,2026-07-30,488.3,490.2,36940
BUNGAL,2026-07-30,593.0,587.0,17807
USLB,2026-07-30,1152.1,1152.3,962
NMBMF,2026-07-30,622.0,627.9,279
UMHL,2026-07-30,570.0,586.7,30899
KSBBL,2026-07-30,484.9,479.0,20940
SBI,2026-07-30,389.5,406.9,4129
NFS,2026-07-30,577.1,575.0,4385
RSML,2026-07-30,3051.0,3024.0,80858
LUK,2026-07-30,10.47,10.46,6810
EHPL,2026-07-30,350.0,343.5,5136
MLBBL,2026-07-30,1140.0,1134.0,303
IGI,2026-07-30,449.5,437.0,4283
MANDU,2026-07-30,830.0,816.0,1759
OMPL,2026-07-30,937.0,934.0,1695
DORDI,2026-07-30,264.9,252.7,44798
SADBL,2026-07-30,415.0,413.6,17721
LSL,2026-07-30,230.0,226.8,180338
GBIMESY2,2026-07-30,9.3,9.04,400
HEI,2026-07-30,533.0,536.0,4626
SWMF,2026-07-30,619.0,627.0,4664
ICFCD89,2026-07-30,1099.0,1092.3,225
RFPL,2026-07-30,333.1,333.5,15140
NIFRAGED,2026-07-30,1026.0,1026.0,25
SPL,2026-07-30,661.0,664.0,940
CIT,2026-07-30,1710.0,1716.0,1962
CORBL,2026-07-30,1382.8,1155.0,126446
NIL,2026-07-30,636.0,618.1,1845
PRVU,2026-07-30,186.0,195.4,87233
NMIC,2026-07-30,930.1,922.0,4048
SARBTM,2026-07-30,800.0,790.0,2268
SAGF,2026-07-30,10.05,10.1,1400
NIMBPO,2026-07-30,144.1,143.8,5000
MPFL,2026-07-30,610.0,618.3,3992
MNBBL,2026-07-30,372.0,370.0,22877
SAPDBL,2026-07-30,838.0,839.9,49040
HBL,2026-07-30,188.1,199.0,33687
ALICL,2026-07-30,436.0,428.7,14001
KPCL,2026-07-30,470.0,473.0,3175
UNHPL,2026-07-30,392.0,382.9,8263
USHL,2026-07-30,570.0,543.0,2165
KBSH,2026-07-30,959.0,931.0,23815
CKHL,2026-07-30,585.0,588.0,273
ALBSL,2026-07-30,1051.0,1087.6,4356
KMCDB,2026-07-30,784.0,779.5,2158
SKHL,2026-07-30,885.0,871.0,11782
BBC,2026-07-30,4186.0,4280.0,706
GILB,2026-07-30,1076.3,1105.9,965
BHDC,2026-07-30,433.9,433.0,3106
MMF1,2026-07-30,9.0,9.0,35440
HPPL,2026-07-30,389.0,388.0,214904
NICFC,2026-07-30,9.05,9.28,3100
NSY,2026-07-30,9.22,9.3,3100
GMFBS,2026-07-30,1305.2,1222.2,201
ADBLD83,2026-07-30,1015.0,1020.0,225
MEN,2026-07-30,598.9,595.8,22761
NESDO,2026-07-30,1480.0,1495.0,972
PSF,2026-07-30,11.74,11.8,13600
MDB,2026-07-30,570.0,584.0,4005
SMFBS,2026-07-30,1537.0,1500.0,458
NIBSF2,2026-07-30,8.55,8.8,10800
NMBHF2,2026-07-30,9.58,9.75,1800
MLBSL,2026-07-30,1690.0,1690.0,1088
SJCL,2026-07-30,270.0,274.0,4932
MAKAR,2026-07-30,449.0,437.9,49623
RSDC,2026-07-30,641.2,640.1,1502
SANIMA,2026-07-30,375.0,370.9,58989
UPPER,2026-07-30,196.0,194.0,48682
NLIC,2026-07-30,760.0,752.0,9676
HURJA,2026-07-30,237.0,232.0,36584
DHEL,2026-07-30,597.0,580.0,27695
SEF,2026-07-30,9.75,9.81,41000
UPCL,2026-07-30,346.5,347.0,23902
JSLBB,2026-07-30,1000.0,999.0,264
NIBD84,2026-07-30,1042.0,1042.0,25
SBCF,2026-07-30,9.38,9.5,3700
AHL,2026-07-30,417.0,420.0,1836
SHEL,2026-07-30,304.0,305.0,57162
MNMF1,2026-07-30,9.51,9.58,101350
SFMF,2026-07-30,10.15,10.15,905
MABEL,2026-07-30,582.1,595.5,1818
SWBBL,2026-07-30,685.0,673.0,4763
CLI,2026-07-30,425.0,444.3,6750
SABBL,2026-07-30,1066.1,1063.0,13608
PROFL,2026-07-30,437.9,434.0,3009
NBL,2026-07-30,259.0,270.0,55675
GFCL,2026-07-30,624.7,612.0,5737
SLBSL,2026-07-30,1131.1,1090.0,978
TPC,2026-07-30,360.0,357.9,7495
HDL,2026-07-30,1170.0,1161.2,17763
EBLD85,2026-07-30,1135.0,1135.0,10
MSHL,2026-07-30,609.0,602.5,1445
SKBBL,2026-07-30,769.0,757.9,7715
SHLB,2026-07-30,1458.0,1475.0,70
ADBL,2026-07-30,306.0,320.0,44241
NICGF2,2026-07-30,9.0,9.2,1600
MBL,2026-07-30,246.1,257.0,95668
IHL,2026-07-29,348.1,350.0,5569
MDB,2026-07-29,570.0,590.0,2683
MCHL,2026-07-29,285.2,283.3,4227
MANDU,2026-07-29,820.0,825.0,3558
NYADI,2026-07-29,358.1,366.1,2032
NMBHF2,2026-07-29,9.58,9.58,80624
NUBL,2026-07-29,607.0,623.0,9183
GIBF1,2026-07-29,10.53,10.65,4600
BUNGAL,2026-07-29,599.2,593.0,26816
SIKLES,2026-07-29,555.0,557.0,8229
GMLI,2026-07-29,1145.8,1155.0,1061
SEF,2026-07-29,9.9,9.75,49750
KSBBL,2026-07-29,487.8,482.8,22894
RFPL,2026-07-29,330.1,335.0,20971
SIFC,2026-07-29,505.1,518.1,3492
ULHC,2026-07-29,346.0,345.0,4712
ENL,2026-07-29,805.0,804.0,315
RMF2,2026-07-29,9.8,9.97,1400
MBL,2026-07-29,263.0,259.0,79615
ILI,2026-07-29,415.0,418.0,3086
VLBS,2026-07-29,670.0,683.0,683
NIBD84,2026-07-29,1045.0,1045.0,25
GHL,2026-07-29,230.0,227.6,19151
RADHI,2026-07-29,706.9,737.0,30721
BEDC,2026-07-29,322.0,322.1,11327
SKBBL,2026-07-29,768.0,758.0,5455
NBF3,2026-07-29,9.6,10.09,16850
BANDIPUR,2026-07-29,721.1,722.2,13667
BNT,2026-07-29,11750.0,11750.0,20
UMRH,2026-07-29,530.5,534.0,2783
SOHL,2026-07-29,605.0,593.7,73945
OMPL,2026-07-29,940.1,959.0,2090
CHL,2026-07-29,262.0,263.7,7782
NICA,2026-07-29,345.0,338.9,37161
TPC,2026-07-29,360.3,359.0,10655
MEL,2026-07-29,218.0,217.9,22064
MAKAR,2026-07-29,440.1,440.0,70620
SNLI,2026-07-29,430.0,430.1,5050
SALICO,2026-07-29,585.0,589.0,15345
PPL,2026-07-29,345.0,335.0,20801
MKHC,2026-07-29,288.6,290.1,7635
SMHL,2026-07-29,500.0,498.0,108803
HLI,2026-07-29,327.9,325.8,13625
TSHL,2026-07-29,379.0,383.0,4284
CGH,2026-07-29,789.0,790.0,12085
OHL,2026-07-29,690.7,678.0,3429
CREST,2026-07-29,1190.0,1199.7,9303
GVL,2026-07-29,480.2,486.0,14838
NICD83/84,2026-07-29,1027.1,1027.0,300
HIMSTAR,2026-07-29,722.7,742.9,4500
NESDO,2026-07-29,1500.0,1500.0,371
GUFL,2026-07-29,584.0,579.0,24743
MLBS,2026-07-29,1116.0,1172.0,212
BHCL,2026-07-29,496.0,495.1,15748
NIBLGF,2026-07-29,9.11,9.11,150
SMB,2026-07-29,1816.1,1849.9,952
MLBL,2026-07-29,356.1,358.0,12719
APHL,2026-07-29,825.6,846.0,17484
FOWAD,2026-07-29,951.1,950.0,6796
TVCL,2026-07-29,514.5,489.4,1028
GBLBS,2026-07-29,769.8,749.9,3675
NBF2,2026-07-29,9.92,9.9,7500
SGIC,2026-07-29,464.0,460.0,6341
CSY,2026-07-29,9.01,9.01,5480
SFEF,2026-07-29,10.0,10.02,1600
UNLB,2026-07-29,1240.0,1274.0,365
SPIL,2026-07-29,697.0,700.0,17007
NLIC,2026-07-29,748.1,750.0,5470
DDBL,2026-07-29,842.0,836.7,4927
SWBBL,2026-07-29,669.2,680.0,3942
RSDC,2026-07-29,643.5,643.0,5340
NMB,2026-07-29,247.0,248.0,45491
KBLD89,2026-07-29,1285.0,1255.0,131
JSLBB,2026-07-29,985.0,1013.9,80
SANIMA,2026-07-29,368.5,372.7,118077
SINDU,2026-07-29,720.0,710.0,17345
NMIC,2026-07-29,932.4,938.0,1591
TTL,2026-07-29,724.0,730.0,9862
WNLB,2026-07-29,1353.1,1354.0,137
GBIMESY2,2026-07-29,9.11,9.39,2000
SBI,2026-07-29,408.1,409.9,14663
CZBIL,2026-07-29,218.4,206.9,82254
HDL,2026-07-29,1125.8,1165.0,12341
SHLB,2026-07-29,1468.5,1502.9,89
CORBL,2026-07-29,1350.0,1317.0,137425
PRSF,2026-07-29,12.71,12.95,700
NMBMF,2026-07-29,630.0,631.0,228
SMH,2026-07-29,506.0,506.0,4422
HBL,2026-07-29,200.8,198.0,49632
MHCL,2026-07-29,328.5,314.1,2486
CYCL,2026-07-29,1360.0,1327.0,664
ICFCD89,2026-07-29,1092.7,1100.0,170
DLBS,2026-07-29,1248.6,1201.0,241
PBD84,2026-07-29,1100.0,1100.0,25
NABBC,2026-07-29,776.0,785.1,4249
UNHPL,2026-07-29,386.0,389.5,19296
SLCF,2026-07-29,9.8,10.05,4150
MEN,2026-07-29,592.0,599.0,26078
ALBSL,2026-07-29,1050.0,1084.9,601
KAHL,2026-07-29,579.0,549.0,48643
NRM,2026-07-29,315.0,312.1,5945
LLBS,2026-07-29,900.0,910.0,2752
CBLD88,2026-07-29,1274.6,1221.0,88
NBLD87,2026-07-29,1100.0,1100.0,25
MEHL,2026-07-29,305.0,307.0,2393
NMB50,2026-07-29,10.59,10.59,500
MLBBL,2026-07-29,1135.0,1134.0,1025
HIDCLP,2026-07-29,203.7,190.8,56625
MHL,2026-07-29,470.0,474.0,7960
JBBL,2026-07-29,345.4,347.2,26253
NSY,2026-07-29,9.4,9.5,19600
HPPL,2026-07-29,378.0,394.7,573369
NRN,2026-07-29,1390.0,1398.0,90324
SWMF,2026-07-29,633.0,621.1,2606
LEC,2026-07-29,229.5,226.9,200185
NWCL,2026-07-29,707.7,716.8,2927
SAGAR,2026-07-29,1720.0,1724.0,4608
NICAD2091,2026-07-29,1041.0,1048.1,45
MSLB,2026-07-29,1201.0,1205.0,1042
EHPL,2026-07-29,360.0,343.8,5950
SMFBS,2026-07-29,1515.2,1536.9,326
SMPDA,2026-07-29,757.1,770.0,523
MMKJL,2026-07-29,492.0,482.0,2585
NSIF2,2026-07-29,10.84,10.75,15650
SANVI,2026-07-29,618.0,598.5,9226
SJCL,2026-07-29,270.8,275.0,4205
PMHPL,2026-07-29,326.0,321.0,7964
KDL,2026-07-29,790.0,784.0,3248
CHCL,2026-07-29,496.1,494.0,79038
SCB,2026-07-29,650.1,657.0,12523
EBLD91,2026-07-29,1080.0,1080.0,25
YMHL,2026-07-29,637.8,650.0,50496
RHGCL,2026-07-29,258.3,265.0,7317
AHL,2026-07-29,410.4,417.0,2839
SHEL,2026-07-29,307.0,305.0,48396
SONA,2026-07-29,407.2,407.7,15755
RBCL,2026-07-29,14575.0,14557.0,20
CBBL,2026-07-29,940.5,938.0,13735
GBIME,2026-07-29,253.5,256.9,375124
MMF1,2026-07-29,9.0,9.2,38440
AKPL,2026-07-29,257.0,258.9,34071
SPHL,2026-07-29,522.5,528.0,1446
NMFBS,2026-07-29,1120.0,1120.0,2307
NGPL,2026-07-29,411.0,409.9,131658
NTC,2026-07-29,858.0,869.8,14738
MPFL,2026-07-29,653.0,621.0,3483
NIMB,2026-07-29,203.0,199.5,129373
LUK,2026-07-29,10.69,10.79,34610
RAWA,2026-07-29,430.0,425.9,34600
MSHL,2026-07-29,610.0,609.3,443
HLBSL,2026-07-29,890.0,880.0,719
SBLD89,2026-07-29,1271.0,1236.0,4520
HURJA,2026-07-29,232.0,234.2,16960
JHAPA,2026-07-29,1136.0,1134.9,3628
ANLB,2026-07-29,5600.0,5658.0,2170
NABIL,2026-07-29,558.0,557.5,58797
EBL,2026-07-29,725.0,727.0,27058
GLBSL,2026-07-29,1780.0,1810.0,479
USHEC,2026-07-29,486.0,491.0,3861
HEI,2026-07-29,542.0,542.8,1764
SYPNL,2026-07-29,1350.0,1334.0,28991
PURE,2026-07-29,845.7,861.0,5344
VLUCL,2026-07-29,427.0,434.9,1378
NIBLSTF,2026-07-29,8.66,8.99,2627
NICD88,2026-07-29,1100.0,1100.0,50
MKHL,2026-07-29,488.3,514.0,3608
MABEL,2026-07-29,593.0,600.0,7772
PRIN,2026-07-29,674.0,676.6,4698
HLICF,2026-07-29,8.43,8.69,4195
DOLTI,2026-07-29,320.0,323.6,11484
PSF,2026-07-29,11.79,11.85,4435
TPKHL,2026-07-29,560.0,557.9,24588
AHPC,2026-07-29,270.0,268.3,34746
SARBTM,2026-07-29,791.0,790.0,9288
BFC,2026-07-29,489.0,509.0,29657
PROFL,2026-07-29,437.0,432.0,5664
HHL,2026-07-29,339.0,340.0,22933
BHPL,2026-07-29,489.0,472.1,5072
UMHL,2026-07-29,570.0,580.9,59984
KPCL,2026-07-29,471.0,470.0,4940
NIL,2026-07-29,622.0,617.5,3576
GILB,2026-07-29,1118.0,1107.0,75
NICL,2026-07-29,520.0,510.0,24893
SGHL,2026-07-29,535.0,535.0,52308
ADBL,2026-07-29,323.0,321.1,114885
SAPDBL,2026-07-29,818.0,828.0,66416
SBLD2091,2026-07-29,1048.1,1048.0,91
CFCL,2026-07-29,686.0,642.5,258051
CKHL,2026-07-29,589.5,585.0,1497
RIDI,2026-07-29,365.0,369.9,389549
NIBSF2,2026-07-29,8.75,8.75,9500
NFS,2026-07-29,572.1,578.5,7640
CLI,2026-07-29,441.0,447.0,14371
SWASTIK,2026-07-29,2070.0,2031.0,390
PPCL,2026-07-29,355.0,346.9,7070
SJLIC,2026-07-29,417.0,415.0,14893
LSL,2026-07-29,225.4,228.5,191885
RMF1,2026-07-29,9.39,9.88,71860
BPCL,2026-07-29,660.0,660.0,22240
DHPL,2026-07-29,295.0,292.0,3008
HDHPC,2026-07-29,217.7,214.5,77244
MHNL,2026-07-29,237.0,243.0,7798
USLB,2026-07-29,1179.5,1182.0,281
SICL,2026-07-29,614.0,611.1,9181
FMDBL,2026-07-29,750.0,762.7,6080
HRL,2026-07-29,600.0,601.1,66078
JBBD87,2026-07-29,1113.0,1112.0,229
ACLBSL,2026-07-29,945.7,926.2,2437
NLICL,2026-07-29,606.9,580.0,5796
SIGS2,2026-07-29,10.3,10.5,2350
KBLD90,2026-07-29,1425.9,1383.2,1
CITY,2026-07-29,357.4,370.0,69481
SKHL,2026-07-29,903.0,894.0,5088
BBC,2026-07-29,4210.0,4300.0,150
ICFC,2026-07-29,619.9,618.0,10039
LBBL,2026-07-29,491.1,495.0,36458
NIFRA,2026-07-29,251.0,250.1,29582
BOKD86KA,2026-07-29,1145.4,1145.4,9
RSML,2026-07-29,3110.0,3118.0,57561
NADEP,2026-07-29,747.0,729.3,161
CIT,2026-07-29,1717.0,1720.0,2184
AKJCL,2026-07-29,355.0,365.0,235655
JFL,2026-07-29,405.0,401.0,1989
MBJC,2026-07-29,268.3,269.0,37825
KSY,2026-07-29,9.95,9.9,1100
NBL,2026-07-29,274.0,272.0,46665
CHDC,2026-07-29,2282.0,2243.0,20446
PCBLP,2026-07-29,102.0,102.0,200000
NICLBSL,2026-07-29,555.0,558.0,4106
RBBF40,2026-07-29,9.27,9.27,53594
RLFL,2026-07-29,462.6,463.0,13545
NICFC,2026-07-29,9.2,9.12,4172
KBSH,2026-07-29,1008.0,945.0,25870
UAIL,2026-07-29,450.0,447.2,4643
MNBBL,2026-07-29,374.0,371.2,20289
ECL,2026-07-29,886.8,990.1,760
SBD87,2026-07-29,1087.1,1087.0,254
SHPC,2026-07-29,507.0,508.0,9281
MATRI,2026-07-29,834.5,820.0,1200
DHEL,2026-07-29,590.2,597.0,18392
BNHC,2026-07-29,278.4,285.8,15053
SKHEL,2026-07-29,930.4,988.0,4249
NLG,2026-07-29,589.0,590.0,10656
EBLD86,2026-07-29,1120.0,1100.1,5135
SBL,2026-07-29,412.4,412.9,91431
NHDL,2026-07-29,633.0,630.0,6118
PHCL,2026-07-29,301.2,302.0,18759
SBCF,2026-07-29,9.8,9.66,4816
KKHC,2026-07-29,298.0,295.0,720327
SRLI,2026-07-29,380.5,381.2,7546
MERO,2026-07-29,722.0,679.0,2158
SGHC,2026-07-29,315.0,324.8,171460
GMFIL,2026-07-29,479.9,464.9,12422
GLH,2026-07-29,251.0,253.6,11310
NIMBPO,2026-07-29,145.9,143.4,8519
KEF,2026-07-29,10.34,10.35,127716
SSHL,2026-07-29,203.4,204.5,91386
GRDBL,2026-07-29,1121.0,1071.9,4213
MLBSL,2026-07-29,1727.0,1690.0,51
NBBD2085,2026-07-29,1160.7,1160.7,1000
BHDC,2026-07-29,426.1,433.9,4335
IGI,2026-07-29,441.0,441.0,2536
GBBL,2026-07-29,416.0,422.0,54582
RSY,2026-07-29,10.2,10.22,6950
RBCLPO,2026-07-29,11593.0,11593.0,25
KMCDB,2026-07-29,787.0,784.0,4774
PBD88,2026-07-29,1182.0,1182.0,25
HFIN,2026-07-29,725.0,717.0,30574
LICN,2026-07-29,787.2,789.9,9285
RLEL,2026-07-29,877.9,899.0,4575
NICSF,2026-07-29,9.0,8.95,6100
MBLEF,2026-07-29,10.01,10.2,4900
MKCL,2026-07-29,1157.9,1143.9,459
KDBY,2026-07-29,11.0,11.16,161350
BARUN,2026-07-29,325.0,325.9,14537
HEIP,2026-07-29,341.9,341.9,10
SPC,2026-07-29,420.0,417.1,2099
SHL,2026-07-29,499.0,500.0,10770
USHL,2026-07-29,545.1,543.0,1136
KBL,2026-07-29,234.1,221.0,259969
KHPL,2026-07-29,930.0,1061.0,25608
H8020,2026-07-29,11.7,11.7,3200
PCBL,2026-07-29,238.5,241.9,142194
TAMOR,2026-07-29,451.0,453.9,24714
RURU,2026-07-29,620.0,618.0,1585
ALICL,2026-07-29,455.7,436.0,7937
DORDI,2026-07-29,256.0,259.0,6738
HIDCL,2026-07-29,260.1,260.0,31911
NABILD2089,2026-07-29,1056.0,1056.0,10
SMJC,2026-07-29,461.0,444.6,19125
SAIL,2026-07-29,1070.0,1080.0,27598
GFCL,2026-07-29,626.8,613.0,5931
SIGS3,2026-07-29,10.63,10.77,10900
SLBSL,2026-07-29,1075.0,1077.3,4347
NBLD85,2026-07-29,1035.4,1040.0,75
GSY,2026-07-29,10.15,9.77,10800
GCIL,2026-07-29,354.4,358.0,15230
SAGF,2026-07-29,10.05,10.35,700
UHEWA,2026-07-29,606.9,579.6,8566
SHIVM,2026-07-29,641.5,639.2,40521
STC,2026-07-29,5130.0,5190.0,1491
EBLD85,2026-07-29,1123.7,1130.0,180
MNMF1,2026-07-29,9.65,9.75,84881
BHL,2026-07-29,215.0,213.0,29236
PMLI,2026-07-29,444.4,444.1,5734
RHPL,2026-07-29,260.1,262.2,7335
BJHL,2026-07-29,746.0,724.5,12310
SOPL,2026-07-29,848.0,836.0,28683
NHPC,2026-07-29,260.0,267.6,131662
JBLB,2026-07-29,1260.0,1262.0,3416
SMATA,2026-07-29,720.1,740.0,525
RNLI,2026-07-29,440.0,445.9,12355
HATHY,2026-07-29,742.6,726.0,3398
LVF2,2026-07-29,9.35,9.3,1500
SLBBL,2026-07-29,815.0,806.6,2899
SNORL,2026-07-29,925.0,971.4,36032
NRIC,2026-07-29,979.0,952.0,15261
JOSHI,2026-07-29,260.1,264.0,7969
UPPER,2026-07-29,197.7,195.4,48699
GMFBS,2026-07-29,1273.0,1243.1,404
MKJC,2026-07-29,470.9,465.2,3515
PRVU,2026-07-29,207.0,195.7,130120
UPCL,2026-07-29,355.0,349.9,16979
EDBL,2026-07-29,580.1,579.0,6434
PCIL,2026-07-29,625.0,664.0,34063
AVYAN,2026-07-29,1037.2,1013.0,3775
BGWT,2026-07-29,573.0,597.0,1589
NMLBBL,2026-07-29,531.0,530.1,6400
SIPD,2026-07-29,716.0,680.0,10073
ULBSL,2026-07-29,2735.5,2797.5,429
SHINED,2026-07-29,1105.6,1109.0,450
SPL,2026-07-29,658.7,650.0,5481
SHINE,2026-07-29,414.5,412.4,6351
SAHAS,2026-07-29,663.9,663.8,60637
API,2026-07-29,336.5,335.0,110350
TRH,2026-07-29,780.0,770.4,544
SABBL,2026-07-29,1130.0,1099.0,21239
MFIL,2026-07-29,777.0,791.8,64463
NICGF2,2026-07-29,9.05,9.14,700
GBIMEP,2026-07-29,120.8,120.8,16479
SADBL,2026-07-29,416.5,418.0,13565
SPDL,2026-07-29,384.0,385.0,112049
ILBS,2026-07-29,870.1,887.0,78
NICLBSL,2026-07-28,558.0,560.0,5273
SOPL,2026-07-28,901.0,848.0,45383
ILBS,2026-07-28,865.0,892.0,513
JSLBB,2026-07-28,1001.0,1010.0,440
SLBSL,2026-07-28,1090.0,1099.9,2210
PRVU,2026-07-28,199.0,198.0,104849
BUNGAL,2026-07-28,602.5,599.5,43141
GFCL,2026-07-28,617.0,617.7,3144
PRSF,2026-07-28,12.75,12.85,43350
SABBL,2026-07-28,1055.0,1080.0,41057
ULHC,2026-07-28,350.0,348.0,4785
SYPNL,2026-07-28,1297.0,1360.0,42583
ECL,2026-07-28,771.1,861.0,700
MEL,2026-07-28,220.0,220.0,15115
SHLB,2026-07-28,1435.0,1513.9,210
AKPL,2026-07-28,258.2,258.5,31048
CIT,2026-07-28,1720.0,1717.0,2704
SEF,2026-07-28,10.1,9.79,18274
PMLI,2026-07-28,447.0,444.3,3895
SNLI,2026-07-28,436.0,431.7,15476
NICL,2026-07-28,520.0,510.9,12231
UAIL,2026-07-28,445.1,446.0,9356
CZBIL,2026-07-28,207.0,208.0,50968
RBCLPO,2026-07-28,11450.0,11450.0,30
SHINE,2026-07-28,414.0,414.5,24040
ALICL,2026-07-28,428.0,434.0,16079
SINDU,2026-07-28,702.0,709.5,7508
RFPL,2026-07-28,345.0,335.0,15924
GVL,2026-07-28,485.0,487.9,17359
SFEF,2026-07-28,10.0,10.0,5990
JOSHI,2026-07-28,265.1,263.0,11562
SLCF,2026-07-28,9.99,9.97,13050
NHDL,2026-07-28,625.0,639.9,629
SSHL,2026-07-28,207.9,205.0,105583
RBCL,2026-07-28,14575.0,14575.0,10
UHEWA,2026-07-28,575.0,578.0,16358
RURU,2026-07-28,627.5,620.2,1643
IGI,2026-07-28,441.0,442.8,6866
SPIL,2026-07-28,710.0,718.0,3006
OMPL,2026-07-28,947.0,955.0,3380
RLEL,2026-07-28,863.4,905.0,13773
EHPL,2026-07-28,346.1,351.0,10871
NESDO,2026-07-28,1500.0,1500.0,308
VLUCL,2026-07-28,434.1,440.0,1907
ICFCD88,2026-07-28,1125.0,1140.0,50
RSDC,2026-07-28,660.0,647.6,1371
EBLD91,2026-07-28,1070.0,1070.0,100
NBLD85,2026-07-28,1046.0,1046.0,25
NIMBPO,2026-07-28,144.4,142.7,1481
NBBD2085,2026-07-28,1160.0,1160.0,9501
SKBBL,2026-07-28,765.0,761.0,4245
PHCL,2026-07-28,305.2,302.0,61529
SPHL,2026-07-28,520.1,536.9,18969
TPKHL,2026-07-28,553.0,560.0,46693
NMFBS,2026-07-28,1130.0,1125.0,1845
OHL,2026-07-28,689.0,689.0,1913
DLBS,2026-07-28,1220.3,1215.0,146
SJLIC,2026-07-28,419.0,417.9,7941
KBL,2026-07-28,223.2,223.0,413903
AKJCL,2026-07-28,355.0,369.0,360028
NYADI,2026-07-28,365.1,361.2,6418
TPC,2026-07-28,354.0,360.0,15673
LLBS,2026-07-28,911.0,910.0,290
KSY,2026-07-28,9.56,9.95,3700
NMBD87/88,2026-07-28,1110.0,1110.0,25
TSHL,2026-07-28,390.0,382.0,8256
CGH,2026-07-28,782.0,788.6,19197
CHL,2026-07-28,267.0,262.0,11341
CSY,2026-07-28,9.05,9.25,2350
MKCL,2026-07-28,1124.2,1139.0,2878
DHEL,2026-07-28,605.0,597.1,19944
MBLEF,2026-07-28,9.82,10.0,2800
MERO,2026-07-28,686.0,687.7,3344
ENL,2026-07-28,801.0,805.0,340
LBBL,2026-07-28,498.0,499.9,27651
PPL,2026-07-28,322.6,334.9,14416
DHPL,2026-07-28,294.0,290.0,712
NRIC,2026-07-28,1016.4,953.0,15784
NMBD2085,2026-07-28,1140.0,1174.0,430
CREST,2026-07-28,1195.0,1197.9,3362
PROFL,2026-07-28,437.0,437.0,8160
ACLBSL,2026-07-28,922.0,945.7,1404
APHL,2026-07-28,809.4,869.0,19141
GBBD85,2026-07-28,1060.0,1062.1,75
SBLD2091,2026-07-28,1080.0,1080.0,350
SHPC,2026-07-28,512.0,511.0,12002
NRM,2026-07-28,314.0,319.0,6260
PBD88,2026-07-28,1193.0,1182.0,125
RAWA,2026-07-28,430.0,426.6,21778
MMF1,2026-07-28,9.22,9.12,31960
JFL,2026-07-28,400.0,400.0,895
TAMOR,2026-07-28,450.0,456.0,26914
PCIL,2026-07-28,697.2,655.0,33269
UPPER,2026-07-28,198.9,195.5,56333
NIFRAGED,2026-07-28,1026.0,1026.0,25
SLBBL,2026-07-28,818.0,815.0,2542
ICFC,2026-07-28,615.0,613.1,3418
SMB,2026-07-28,1860.0,1835.0,1391
BNHC,2026-07-28,286.7,287.0,16311
SPC,2026-07-28,410.5,420.0,3222
MABEL,2026-07-28,604.5,606.0,6191
YMHL,2026-07-28,645.7,642.0,56073
SANVI,2026-07-28,600.2,605.3,12008
NTC,2026-07-28,864.9,861.9,3201
NMBMF,2026-07-28,624.0,633.9,910
MKHC,2026-07-28,293.1,291.0,3889
RBBF40,2026-07-28,9.05,9.0,411785
UNL,2026-07-28,48100.0,47998.0,20
SWMF,2026-07-28,627.2,635.0,2004
CYCL,2026-07-28,1391.0,1360.0,582
MPFL,2026-07-28,615.0,622.3,11471
ALBSL,2026-07-28,1060.0,1094.0,1130
H8020,2026-07-28,11.7,11.81,800
NHPC,2026-07-28,283.0,268.0,255472
LUK,2026-07-28,10.3,10.91,64605
NMIC,2026-07-28,940.0,941.5,4519
ANLB,2026-07-28,5600.0,5735.0,3487
KKHC,2026-07-28,283.0,284.7,142474
SKHEL,2026-07-28,999.9,979.3,5199
KSBBL,2026-07-28,489.7,486.0,14418
BANDIPUR,2026-07-28,730.0,730.0,18696
KPCL,2026-07-28,470.0,472.9,5611
SMPDA,2026-07-28,783.0,766.8,1190
LEC,2026-07-28,227.0,227.7,253807
SBID83,2026-07-28,1055.0,1055.0,100
NABBC,2026-07-28,782.0,790.0,4612
SAIL,2026-07-28,1045.0,1120.0,81614
NIFRA,2026-07-28,252.0,251.5,34669
MFIL,2026-07-28,775.0,791.9,79785
NRN,2026-07-28,1499.0,1420.0,77185
JHAPA,2026-07-28,1199.2,1135.0,6428
LSL,2026-07-28,228.9,227.5,147788
SOHL,2026-07-28,561.5,606.3,318237
MLBBL,2026-07-28,1140.0,1150.0,321
EBL,2026-07-28,726.0,725.0,23527
SCB,2026-07-28,656.0,655.0,5553
NADEP,2026-07-28,750.0,747.0,1052
SIFC,2026-07-28,520.0,520.0,7712
BGWT,2026-07-28,588.0,590.0,1769
SFMF,2026-07-28,10.06,10.11,600
RLFL,2026-07-28,474.0,470.0,19694
DOLTI,2026-07-28,325.0,323.0,22565
NICGF2,2026-07-28,9.05,9.3,1900
MNMF1,2026-07-28,9.55,9.6,5800
SPDL,2026-07-28,402.0,378.0,94930
MHL,2026-07-28,473.0,470.0,9647
HEIP,2026-07-28,347.0,332.0,2781
NMBHF2,2026-07-28,9.6,9.61,2300
CITY,2026-07-28,372.0,369.0,103345
KDL,2026-07-28,781.2,790.0,1967
BBC,2026-07-28,4350.0,4300.0,224
HHL,2026-07-28,354.6,340.0,24027
NMB,2026-07-28,237.9,249.2,33409
RMF1,2026-07-28,9.39,9.68,9190
GMFIL,2026-07-28,460.0,471.0,8641
SICL,2026-07-28,615.0,614.0,5788
AVYAN,2026-07-28,1055.0,1042.0,1314
NICD83/84,2026-07-28,1025.9,1026.0,600
MAKAR,2026-07-28,445.0,442.5,24614
NWCL,2026-07-28,715.0,724.0,1274
CIZBD90,2026-07-28,1211.0,1211.0,145
NIBSF2,2026-07-28,8.8,8.99,10650
SIPD,2026-07-28,715.0,696.0,30875
NABILD87,2026-07-28,1150.0,1150.0,24
UMHL,2026-07-28,570.0,585.0,27504
MSHL,2026-07-28,630.0,616.0,443
NICA,2026-07-28,340.0,340.0,89521
GHL,2026-07-28,229.0,227.3,19202
NICSF,2026-07-28,8.8,8.9,22080
MHCL,2026-07-28,317.0,319.0,10653
SMATA,2026-07-28,742.0,742.0,544
NGPL,2026-07-28,411.5,410.0,125424
NMLBBL,2026-07-28,541.0,532.2,2189
HFIN,2026-07-28,719.0,724.1,41783
USHL,2026-07-28,567.3,550.0,2929
BHPL,2026-07-28,504.1,483.0,5349
PCBL,2026-07-28,243.0,242.0,66306
RADHI,2026-07-28,777.0,744.0,29341
GSY,2026-07-28,9.8,10.46,12150
RHPL,2026-07-28,251.3,262.0,6650
KMCDB,2026-07-28,761.0,787.0,2495
NIBLGF,2026-07-28,9.22,9.22,400
SBCF,2026-07-28,10.0,9.68,20950
GBIMESY2,2026-07-28,9.3,9.11,10700
BHL,2026-07-28,211.5,214.8,66542
GLH,2026-07-28,255.0,253.0,11075
PRIN,2026-07-28,678.6,679.0,3693
HDHPC,2026-07-28,212.0,215.9,133774
MSLB,2026-07-28,1212.5,1220.0,140
SAHAS,2026-07-28,662.1,663.9,45440
NUBL,2026-07-28,633.0,617.0,5909
SARBTM,2026-07-28,793.0,791.0,7566
CLI,2026-07-28,445.5,450.0,4683
JBLB,2026-07-28,1270.0,1267.1,1612
VLBS,2026-07-28,670.3,680.0,1138
SNORL,2026-07-28,893.5,926.0,43061
SGIC,2026-07-28,470.0,464.2,4839
NIMB,2026-07-28,203.0,202.8,98021
SBL,2026-07-28,405.1,412.5,105124
BFC,2026-07-28,513.1,514.0,68754
CFCL,2026-07-28,627.0,654.2,413605
NLG,2026-07-28,571.7,592.0,5855
HATHY,2026-07-28,737.0,721.0,5096
TTL,2026-07-28,750.0,731.0,10410
SIGS2,2026-07-28,10.3,10.5,3000
GCIL,2026-07-28,358.0,360.0,20728
SONA,2026-07-28,410.0,410.0,12499
HLBSL,2026-07-28,899.8,887.0,1675
SWASTIK,2026-07-28,2056.0,2080.0,499
FOWAD,2026-07-28,983.0,972.7,1175
SIKLES,2026-07-28,558.1,559.1,31137
CORBL,2026-07-28,1380.0,1377.9,65277
GBIME,2026-07-28,255.0,259.4,648297
PURE,2026-07-28,840.1,871.3,11502
MLBSL,2026-07-28,1729.9,1727.0,586
MCHL,2026-07-28,280.0,277.1,5429
KHPL,2026-07-28,900.0,944.0,17005
NBL,2026-07-28,268.2,271.9,154284
LVF2,2026-07-28,9.32,9.35,1400
BHDC,2026-07-28,440.0,435.0,4477
SBLD89,2026-07-28,1270.0,1260.0,100
ULBSL,2026-07-28,2721.0,2792.0,720
SAGF,2026-07-28,10.05,10.05,400
NLIC,2026-07-28,769.0,755.1,16667
SAGAR,2026-07-28,1740.0,1755.0,23845
EBLD85,2026-07-28,1148.0,1123.7,15
HURJA,2026-07-28,237.0,234.1,56571
SANIMA,2026-07-28,370.4,369.5,118951
SIGS3,2026-07-28,10.81,10.6,47650
AHL,2026-07-28,415.0,420.0,3748
MLBL,2026-07-28,355.5,356.1,8796
NSIF2,2026-07-28,10.63,10.89,10400
SHEL,2026-07-28,307.9,306.5,110117
SJCL,2026-07-28,276.0,277.0,9773
CKHL,2026-07-28,602.0,607.7,3742
NBF3,2026-07-28,9.61,9.71,2400
KBSH,2026-07-28,1000.0,960.0,31240
NFS,2026-07-28,584.0,586.0,18187
SAPDBL,2026-07-28,792.5,816.0,28841
KAHL,2026-07-28,575.0,561.3,62096
UPCL,2026-07-28,350.0,349.9,40013
HIDCL,2026-07-28,260.0,260.0,28585
SWBBL,2026-07-28,668.5,688.0,17148
SPL,2026-07-28,665.0,678.9,500
RSY,2026-07-28,9.91,10.2,77100
SRLI,2026-07-28,381.0,382.6,5804
SCBD,2026-07-28,1100.0,1100.0,6166
TRH,2026-07-28,770.0,780.0,800
MEN,2026-07-28,595.1,597.0,18948
CBBL,2026-07-28,937.0,940.0,12282
SMH,2026-07-28,506.0,511.0,6534
HEI,2026-07-28,540.0,537.0,4498
NMB50,2026-07-28,10.42,10.35,4450
PMHPL,2026-07-28,323.9,318.0,8237
BPCL,2026-07-28,665.0,660.0,9502
HRL,2026-07-28,601.0,596.0,95625
MNBBL,2026-07-28,375.0,372.2,10581
USHEC,2026-07-28,496.0,491.2,6608
GUFL,2026-07-28,588.0,584.0,66026
GMLI,2026-07-28,1170.0,1164.0,1130
RNLI,2026-07-28,444.0,444.0,17410
GBLBS,2026-07-28,723.2,752.0,1587
HPPL,2026-07-28,370.0,381.9,216411
MBJC,2026-07-28,270.6,273.4,9226
NSY,2026-07-28,9.36,9.6,1600
HLI,2026-07-28,328.0,328.0,22668
AHPC,2026-07-28,271.5,270.0,96286
MDB,2026-07-28,595.0,593.0,4409
HBL,2026-07-28,201.9,200.8,45079
BNT,2026-07-28,11600.6,11620.1,59
TVCL,2026-07-28,483.2,490.0,3962
ADBL,2026-07-28,320.0,320.5,109926
MLBS,2026-07-28,1136.6,1150.0,20
WNLB,2026-07-28,1363.0,1352.7,345
KEF,2026-07-28,10.4,10.54,7000
BHCL,2026-07-28,533.4,499.2,26681
IHL,2026-07-28,350.0,354.8,2786
GILB,2026-07-28,1100.0,1109.0,1071
NIBLSTF,2026-07-28,8.7,8.8,1000
MKJC,2026-07-28,469.8,471.9,3503
MATRI,2026-07-28,820.3,859.0,237
HLICF,2026-07-28,8.35,8.41,500
CHDC,2026-07-28,2287.1,2280.0,20017
BJHL,2026-07-28,725.0,745.0,7654
GIBF1,2026-07-28,10.61,10.68,10900
GLBSL,2026-07-28,1710.0,1795.0,163
NLICL,2026-07-28,584.5,578.0,2003
NICFC,2026-07-28,9.2,9.22,1700
NBLD87,2026-07-28,1087.1,1088.0,50
CHCL,2026-07-28,490.5,497.0,39946
SADBL,2026-07-28,417.0,416.1,13423
RMF2,2026-07-28,10.0,10.0,1100
DDBL,2026-07-28,835.5,842.0,2087
UMRH,2026-07-28,530.0,538.7,3425
ILI,2026-07-28,423.0,419.0,9777
SGHC,2026-07-28,318.0,318.0,28212
MEHL,2026-07-28,303.5,309.0,2144
GRDBL,2026-07-28,1050.0,1068.0,5015
BNL,2026-07-28,14700.0,14700.0,10
UNLB,2026-07-28,1251.0,1269.0,237
JBBL,2026-07-28,352.0,349.6,28138
C30MF,2026-07-28,9.8,10.07,8500
BEDC,2026-07-28,330.0,325.0,11775
SHL,2026-07-28,505.0,500.9,25363
RSML,2026-07-28,3401.0,3185.0,51466
LICN,2026-07-28,795.0,786.3,10343
SHIVM,2026-07-28,642.0,641.0,77097
USLB,2026-07-28,1182.0,1178.7,117
NABILD2089,2026-07-28,1081.0,1081.0,7850
PPCL,2026-07-28,330.9,348.0,5849
RIDI,2026-07-28,355.0,372.0,575325
SKHL,2026-07-28,890.1,905.0,5564
SALICO,2026-07-28,603.5,601.0,1036
KDBY,2026-07-28,11.0,11.05,29210
GMFBS,2026-07-28,1212.5,1212.5,10
GBBL,2026-07-28,400.0,418.0,19611
STC,2026-07-28,5200.0,5200.0,3227
RHGCL,2026-07-28,270.0,265.7,26229
EBLD86,2026-07-28,1100.4,1100.0,75
SMJC,2026-07-28,452.0,460.0,18320
FMDBL,2026-07-28,765.2,765.2,5837
EDBL,2026-07-28,573.0,580.0,21771
MANDU,2026-07-28,845.0,839.9,3309
DORDI,2026-07-28,255.0,259.0,25989
ICFCD89,2026-07-28,1086.0,1098.0,170
SMHL,2026-07-28,482.2,499.9,125870
API,2026-07-28,335.0,336.5,115848
MBL,2026-07-28,273.5,261.0,129578
MKHL,2026-07-28,495.1,503.0,7193
MHNL,2026-07-28,236.5,242.9,8180
SMFBS,2026-07-28,1560.0,1521.0,164
SBI,2026-07-28,435.0,408.1,10946
NABIL,2026-07-28,560.0,558.0,61497
PSF,2026-07-28,11.79,11.85,1700
HDL,2026-07-28,1177.9,1167.5,18727
MMKJL,2026-07-28,505.0,492.3,3759
BARUN,2026-07-28,323.1,324.2,26443
HIMSTAR,2026-07-28,749.7,739.0,6080
NIL,2026-07-28,625.0,622.0,3171
HIDCLP,2026-07-28,192.9,194.0,43675
UNHPL,2026-07-28,390.0,389.9,11948
SGHL,2026-07-28,515.0,535.0,85553
BFC,2026-07-27,506.4,516.0,99008
DOLTI,2026-07-27,335.0,325.0,24263
SAGAR,2026-07-27,1750.0,1743.0,15108
RSML,2026-07-27,3320.0,3240.0,102801
UPCL,2026-07-27,357.0,351.0,30144
C30MF,2026-07-27,9.69,9.7,300
UMHL,2026-07-27,587.5,590.0,37375
CZBIL,2026-07-27,199.0,208.0,164940
KEF,2026-07-27,10.4,10.68,8200
HIDCLP,2026-07-27,195.0,194.0,133068
PRVU,2026-07-27,200.0,198.0,274515
MMF1,2026-07-27,9.19,9.5,4861
GBLBS,2026-07-27,750.0,761.2,2341
KDL,2026-07-27,793.0,796.2,527
SANIMA,2026-07-27,390.6,373.0,225720
SBL,2026-07-27,410.0,409.0,122070
RMF2,2026-07-27,10.16,10.12,3350
JBLB,2026-07-27,1265.0,1280.0,2801
NWCL,2026-07-27,721.1,724.0,5747
NABBC,2026-07-27,800.0,782.0,17891
NMBHF2,2026-07-27,9.81,9.77,126205
SBIBD86,2026-07-27,1152.1,1152.1,1100
BUNGAL,2026-07-27,634.9,603.0,38521
HRL,2026-07-27,635.0,603.9,168162
NIBLSTF,2026-07-27,8.8,8.8,10400
ICFC,2026-07-27,628.0,613.0,4344
NICAD2091,2026-07-27,1033.1,1055.0,300
GVL,2026-07-27,482.4,485.0,11292
JFL,2026-07-27,404.0,400.0,5971
NMIC,2026-07-27,961.0,940.0,3903
PRSF,2026-07-27,12.9,12.9,148848
BHCL,2026-07-27,520.0,508.0,36428
BGWT,2026-07-27,587.0,588.0,1440
BNHC,2026-07-27,305.9,289.9,20853
USHL,2026-07-27,550.0,540.3,1440
MATRI,2026-07-27,828.0,845.0,529
GUFL,2026-07-27,566.9,578.5,157711
NICA,2026-07-27,344.0,340.0,138033
SBLD89,2026-07-27,1270.0,1271.0,9726
KKHC,2026-07-27,282.3,283.0,297497
CIT,2026-07-27,1734.0,1721.0,4295
HDHPC,2026-07-27,220.6,214.0,180860
SANVI,2026-07-27,635.0,616.0,11695
SGIC,2026-07-27,475.1,468.2,5283
MLBSL,2026-07-27,1715.0,1735.0,568
AKPL,2026-07-27,268.0,259.8,64949
EBL,2026-07-27,732.9,726.0,58133
NICD83/84,2026-07-27,1035.0,1029.1,99
CBBL,2026-07-27,932.0,937.0,21752
SOHL,2026-07-27,600.0,591.0,94026
SEF,2026-07-27,10.4,10.4,200
MAKAR,2026-07-27,460.0,445.0,53156
ICFCD88,2026-07-27,1125.0,1125.0,25
SMJC,2026-07-27,473.9,458.9,33299
FOWAD,2026-07-27,997.0,955.0,6867
SHINED,2026-07-27,1144.0,1079.1,101
TRH,2026-07-27,785.0,771.0,767
SGHL,2026-07-27,550.0,520.0,113444
SLCF,2026-07-27,10.26,9.7,515
STC,2026-07-27,5210.0,5200.0,1345
BPCL,2026-07-27,645.1,665.0,17921
EDBL,2026-07-27,581.0,575.5,12084
MSHL,2026-07-27,630.0,630.0,523
JSLBB,2026-07-27,1045.0,1020.0,201
H8020,2026-07-27,11.8,11.81,1000
MKJC,2026-07-27,500.0,472.0,8224
SPDL,2026-07-27,396.5,383.0,44293
EBLD85,2026-07-27,1121.9,1148.0,2525
SNORL,2026-07-27,979.0,910.0,34165
EBLD91,2026-07-27,1058.0,1062.1,100
ILI,2026-07-27,422.0,420.4,7541
UHEWA,2026-07-27,580.0,582.1,18659
KBL,2026-07-27,228.2,223.2,752797
UMRH,2026-07-27,537.0,536.0,6670
DHEL,2026-07-27,626.0,605.0,32479
HEIP,2026-07-27,337.8,342.0,491
ACLBSL,2026-07-27,950.0,949.9,295
LEC,2026-07-27,225.0,225.0,379290
JHAPA,2026-07-27,1201.1,1157.0,13356
NICBF,2026-07-27,9.07,9.34,400
NUBL,2026-07-27,633.0,623.1,5929
KDBY,2026-07-27,10.9,11.03,63400
NBLD85,2026-07-27,1070.9,1070.9,25
NMLBBL,2026-07-27,545.0,543.8,8804
RSY,2026-07-27,10.05,10.2,13319
GBILD84/85,2026-07-27,1133.4,1133.4,9485
SRLI,2026-07-27,381.0,385.0,23129
SWMF,2026-07-27,635.0,631.0,1176
MFIL,2026-07-27,770.0,787.0,43541
GBIME,2026-07-27,238.0,255.0,1089231
CCBD88,2026-07-27,1326.0,1215.4,5001
IHL,2026-07-27,356.1,358.8,6088
NICL,2026-07-27,521.0,513.0,7762
SARBTM,2026-07-27,794.1,793.0,8689
BHDC,2026-07-27,432.0,438.1,6847
PSF,2026-07-27,12.1,12.1,20935
NIFRAUR85/86,2026-07-27,1033.2,1033.2,25
NMBD89/90,2026-07-27,1328.9,1260.0,18315
MERO,2026-07-27,700.0,681.0,6806
SPL,2026-07-27,665.0,665.0,4535
SHL,2026-07-27,502.0,502.0,25899
NLG,2026-07-27,603.0,589.0,8393
SJLIC,2026-07-27,421.5,419.0,13067
HDL,2026-07-27,1199.0,1164.8,20739
HIMSTAR,2026-07-27,748.0,728.0,7989
MPFL,2026-07-27,610.0,624.7,22404
TSHL,2026-07-27,401.0,390.0,7554
NTC,2026-07-27,864.1,862.0,8580
SNLI,2026-07-27,433.0,437.0,7308
SAGF,2026-07-27,10.06,10.06,300
HATHY,2026-07-27,750.0,737.0,10058
SKHL,2026-07-27,907.1,915.0,10125
CKHL,2026-07-27,588.0,614.7,2395
YMHL,2026-07-27,640.1,615.0,39992
NLICL,2026-07-27,588.0,581.3,31299
BOKD86KA,2026-07-27,1145.0,1145.4,4703
PURE,2026-07-27,872.9,855.0,7627
GMFIL,2026-07-27,482.0,469.9,30013
MEN,2026-07-27,597.1,597.4,44849
NICLBSL,2026-07-27,560.0,562.0,9570
SONA,2026-07-27,419.5,413.6,19252
BEDC,2026-07-27,334.0,325.4,18773
KPCL,2026-07-27,482.0,470.1,7212
NBBD2085,2026-07-27,1165.0,1159.0,2503
PBLD84,2026-07-27,1147.9,1119.9,5
GBBL,2026-07-27,405.0,419.0,68856
MANDU,2026-07-27,858.0,839.0,678
ALICL,2026-07-27,442.0,436.0,17605
CHL,2026-07-27,283.0,267.0,11615
TAMOR,2026-07-27,451.0,451.0,43431
RAWA,2026-07-27,440.0,434.0,30785
ADBLD83,2026-07-27,1034.3,1034.3,30
USLB,2026-07-27,1181.0,1170.0,1859
MDB,2026-07-27,601.0,595.0,6678
TVCL,2026-07-27,485.0,483.0,3550
NHDL,2026-07-27,645.5,639.0,2457
KAHL,2026-07-27,601.2,552.0,71399
AHPC,2026-07-27,274.9,271.3,36752
LUK,2026-07-27,9.76,10.0,9600
NSIF2,2026-07-27,10.68,10.8,12000
CYCL,2026-07-27,1345.0,1355.0,629
JOSHI,2026-07-27,276.9,267.0,9360
NICGF2,2026-07-27,9.55,9.27,5100
RLEL,2026-07-27,941.0,890.1,14627
API,2026-07-27,342.0,336.0,189693
RBBF40,2026-07-27,9.07,9.29,49048
SICL,2026-07-27,635.0,618.0,6926
ANLB,2026-07-27,6326.1,5768.0,3018
MSLB,2026-07-27,1207.1,1212.5,652
NCCD86,2026-07-27,1200.0,1200.0,22578
KMCDB,2026-07-27,800.0,780.0,3094
MLBS,2026-07-27,1162.1,1162.0,525
NIBLGF,2026-07-27,9.65,9.22,27790
LICN,2026-07-27,814.9,795.0,7761
NGPL,2026-07-27,416.1,413.0,140559
SBID89,2026-07-27,1194.2,1194.2,3000
NSY,2026-07-27,9.33,9.36,3200
EBLD86,2026-07-27,1100.4,1100.4,300
HHL,2026-07-27,350.0,344.3,23699
SPC,2026-07-27,424.0,418.0,3709
GIBF1,2026-07-27,10.6,10.7,1900
SBLD2091,2026-07-27,1082.9,1085.0,130
RBBD83,2026-07-27,1037.3,1037.3,3643
AVYAN,2026-07-27,1061.0,1059.0,2659
ADBLB86,2026-07-27,1010.0,1010.0,50
UPPER,2026-07-27,200.0,197.0,106500
SIFC,2026-07-27,521.0,520.0,9051
PRIN,2026-07-27,697.0,680.4,4966
PPL,2026-07-27,328.9,339.5,19381
PPCL,2026-07-27,353.9,348.0,8157
SIPD,2026-07-27,725.0,681.0,35961
SPIL,2026-07-27,704.5,705.0,5332
CGH,2026-07-27,785.0,782.0,63570
KBSH,2026-07-27,1053.0,1022.0,17202
ILBS,2026-07-27,860.0,883.9,2658
CITY,2026-07-27,380.0,372.7,144143
UAIL,2026-07-27,460.0,448.5,8247
PMLI,2026-07-27,442.0,447.4,3915
MKCL,2026-07-27,1152.0,1158.9,1293
SYPNL,2026-07-27,1352.8,1365.0,61654
NIFRAGED,2026-07-27,1034.0,1034.0,50
DDBL,2026-07-27,853.0,844.0,3955
SBCF,2026-07-27,9.61,9.95,25450
AHL,2026-07-27,416.3,420.0,3400
RNLI,2026-07-27,451.1,445.0,64248
PBD88,2026-07-27,1213.0,1193.0,9850
MBL,2026-07-27,259.0,260.5,289999
FMDBL,2026-07-27,780.2,765.0,7027
SALICO,2026-07-27,603.0,599.3,8955
SBLD84,2026-07-27,1031.1,1031.1,25
SADBL,2026-07-27,422.1,417.6,29119
NBL,2026-07-27,258.4,270.0,107737
MKHC,2026-07-27,293.0,294.0,2973
SFEF,2026-07-27,10.16,10.16,12200
NIMBPO,2026-07-27,149.2,144.4,3405
RBCL,2026-07-27,14600.0,14739.0,70
ICFCD89,2026-07-27,1100.0,1097.6,95
GBBD85,2026-07-27,1070.0,1070.0,25
NYADI,2026-07-27,368.0,368.0,3919
NICFC,2026-07-27,9.01,9.46,23850
OHL,2026-07-27,692.0,673.1,571
RHGCL,2026-07-27,261.0,268.9,6812
OMPL,2026-07-27,975.0,947.6,7255
SKHEL,2026-07-27,1075.0,999.9,4178
CREST,2026-07-27,1290.3,1200.3,8738
WNLB,2026-07-27,1405.0,1361.0,533
HEI,2026-07-27,545.0,542.0,9478
TPC,2026-07-27,364.0,360.0,12855
BJHL,2026-07-27,770.4,746.0,20654
CHCL,2026-07-27,495.0,496.9,56689
SMATA,2026-07-27,754.0,742.0,2471
MHNL,2026-07-27,240.8,243.8,8338
SOPL,2026-07-27,893.0,858.9,79971
MHL,2026-07-27,480.0,478.0,5142
RURU,2026-07-27,649.0,627.5,8550
LVF2,2026-07-27,9.56,9.6,600
KSBBL,2026-07-27,489.0,485.1,13245
NMBD87/88,2026-07-27,1174.7,1110.0,42279
SPHL,2026-07-27,533.0,535.0,4940
SMB,2026-07-27,1915.0,1860.0,1626
VLBS,2026-07-27,686.0,686.0,3398
MEHL,2026-07-27,315.1,312.0,4601
PROFL,2026-07-27,450.0,437.9,5805
HURJA,2026-07-27,241.3,237.0,71050
NIL,2026-07-27,625.0,625.1,12368
KBLD89,2026-07-27,1260.0,1250.0,81
MEL,2026-07-27,220.0,221.2,5825
MBLEF,2026-07-27,9.9,10.1,2700
RADHI,2026-07-27,720.0,740.0,46649
SWASTIK,2026-07-27,2061.5,2098.0,857
CORBL,2026-07-27,1471.6,1399.9,69345
SLBBLP,2026-07-27,443.0,443.0,4314
SHLB,2026-07-27,1467.7,1470.0,52
MCHL,2026-07-27,290.0,280.0,6107
AKJCL,2026-07-27,379.0,366.2,372666
NMBMF,2026-07-27,625.0,636.0,747
NESDO,2026-07-27,1490.0,1505.0,552
RSDC,2026-07-27,668.0,642.0,6409
KHPL,2026-07-27,960.4,920.0,14408
MHCL,2026-07-27,325.0,326.0,3106
CHDC,2026-07-27,2267.0,2300.0,51266
SIKLES,2026-07-27,565.0,563.9,8682
GRDBL,2026-07-27,1033.6,1074.0,6239
SHINE,2026-07-27,420.9,415.0,23408
SCB,2026-07-27,618.5,654.0,17457
SGHC,2026-07-27,329.0,320.0,39421
NBLD87,2026-07-27,1225.0,1120.0,9781
NRN,2026-07-27,1435.0,1436.0,96305
HBL,2026-07-27,206.0,201.9,92763
NMB,2026-07-27,235.0,250.2,178915
MMKJL,2026-07-27,485.0,495.0,22732
UNHPL,2026-07-27,400.0,392.0,22386
SIGS2,2026-07-27,10.1,10.5,1900
ECL,2026-07-27,670.6,748.7,530
RIDI,2026-07-27,355.0,366.0,598395
GCIL,2026-07-27,361.3,359.0,12425
NBF2,2026-07-27,10.0,10.2,2400
RFPL,2026-07-27,330.0,339.8,35602
UNLB,2026-07-27,1265.1,1270.0,819
SLBBL,2026-07-27,822.0,818.0,2196
SMHL,2026-07-27,487.0,486.5,85568
HLBSL,2026-07-27,900.9,883.6,817
BBC,2026-07-27,4349.0,4265.0,102
CFCL,2026-07-27,624.4,660.0,238752
SHEL,2026-07-27,310.0,305.0,73957
GILB,2026-07-27,1119.9,1096.0,4945
GLBSL,2026-07-27,1710.0,1800.0,246
SWBBL,2026-07-27,675.0,689.0,8391
NFS,2026-07-27,581.0,585.0,10778
IGI,2026-07-27,455.0,443.0,6780
SRBLD83,2026-07-27,1024.3,1015.0,581
SJCL,2026-07-27,270.8,276.4,8294
MLBBL,2026-07-27,1168.5,1158.0,443
SIGS3,2026-07-27,10.36,10.5,600
NADEP,2026-07-27,737.0,744.8,410
SHIVM,2026-07-27,655.0,643.5,88207
TPKHL,2026-07-27,570.0,553.0,55680
SBD89,2026-07-27,1245.4,1250.0,5014
NMFBS,2026-07-27,1131.0,1126.0,4027
NICSF,2026-07-27,8.93,9.0,1200
MKHL,2026-07-27,493.0,501.0,5754
DHPL,2026-07-27,300.0,296.9,5135
ADBL,2026-07-27,304.0,322.0,84053
PCBL,2026-07-27,230.9,243.0,107176
NIMBD90,2026-07-27,1220.1,1266.2,1544
VLUCL,2026-07-27,470.0,446.0,1857
GMFBS,2026-07-27,1220.0,1212.3,175
PCIL,2026-07-27,660.0,664.0,44869
HLICF,2026-07-27,8.49,8.6,2750
NLIC,2026-07-27,769.0,758.0,19115
BNT,2026-07-27,11878.0,11652.0,80
BANDIPUR,2026-07-27,758.0,730.0,26143
NBF3,2026-07-27,9.7,9.9,9860
JBBL,2026-07-27,360.1,348.0,79116
SAPDBL,2026-07-27,845.0,810.0,35966
SMFBS,2026-07-27,1545.1,1560.0,1085
MBJC,2026-07-27,276.0,273.1,13360
SHPC,2026-07-27,515.0,509.0,18199
NIMB,2026-07-27,194.0,203.0,460463
SFMF,2026-07-27,10.06,10.05,7500
HLI,2026-07-27,330.0,329.5,31849
GSY,2026-07-27,9.51,9.87,2100
NABIL,2026-07-27,553.0,560.0,155380
ENL,2026-07-27,845.0,824.0,309
SABBL,2026-07-27,1160.0,1065.0,50654
SAND2085,2026-07-27,1133.0,1150.0,45477
NIBSF2,2026-07-27,9.1,8.87,4820
GLH,2026-07-27,257.1,254.0,24815
USHEC,2026-07-27,495.0,496.6,3925
LBBL,2026-07-27,510.0,502.9,57304
KSY,2026-07-27,9.5,9.83,701
SLBSL,2026-07-27,1103.0,1105.0,1920
LLBS,2026-07-27,915.0,908.0,1360
GHL,2026-07-27,234.0,231.0,45351
ULBSL,2026-07-27,2742.8,2800.0,1152
HPPL,2026-07-27,370.0,379.0,155350
PHCL,2026-07-27,309.0,305.2,38880
NIBD84,2026-07-27,1063.3,1063.3,30
SAHAS,2026-07-27,664.6,662.1,88971
MNMF1,2026-07-27,9.52,9.8,3401
GMLI,2026-07-27,1187.0,1175.0,853
PMHPL,2026-07-27,320.0,327.0,6100
MABEL,2026-07-27,638.0,615.0,9624
RMF1,2026-07-27,9.99,9.68,1950
SINDU,2026-07-27,754.9,710.0,20353
RHPL,2026-07-27,254.0,264.5,10714
HFIN,2026-07-27,757.0,720.0,53676
RBCLPO,2026-07-27,11670.2,11378.0,100
LSL,2026-07-27,218.8,229.7,261979
HIDCL,2026-07-27,261.3,262.0,55059
NRIC,2026-07-27,986.0,968.0,39329
SAIL,2026-07-27,1163.4,1093.0,76362
BARUN,2026-07-27,335.0,325.0,28368
NRM,2026-07-27,324.0,317.0,10749
ULHC,2026-07-27,365.0,350.0,9670
TTL,2026-07-27,765.0,746.0,13884
BHL,2026-07-27,213.0,214.0,63844
MNBBL,2026-07-27,365.0,375.0,25680
BHPL,2026-07-27,465.0,480.1,5423
APHL,2026-07-27,897.1,852.0,30226
SMPDA,2026-07-27,773.0,760.5,1588
NABILD2089,2026-07-27,1080.0,1080.0,550
CLI,2026-07-27,450.3,453.0,29516
DLBS,2026-07-27,1210.0,1258.0,4370
EHPL,2026-07-27,365.0,346.1,9591
NMB50,2026-07-27,10.74,10.42,619
SMH,2026-07-27,517.1,510.0,15979
NIFRA,2026-07-27,256.0,254.0,64540
NHPC,2026-07-27,272.0,269.9,315028
CSY,2026-07-27,9.06,9.05,18899
RLFL,2026-07-27,484.0,469.0,52582
LBLD86,2026-07-27,1229.0,1200.0,5
DORDI,2026-07-27,260.1,257.0,16665
GBIMESY2,2026-07-27,9.4,9.3,2200
GFCL,2026-07-27,630.0,618.0,10108
SKBBL,2026-07-27,770.1,765.0,10866
SBI,2026-07-27,410.0,415.0,58278
ALBSL,2026-07-27,1051.0,1096.9,3280
SSHL,2026-07-27,212.0,205.0,83463
MLBL,2026-07-27,366.8,358.0,45835
CBBL,2026-07-24,932.0,938.0,7273
SOHL,2026-07-24,627.0,605.0,135996
JBBD87,2026-07-24,1121.0,1121.0,25
SJCL,2026-07-24,281.0,285.0,5913
H8020,2026-07-24,12.0,12.0,1530
PHCL,2026-07-24,310.1,309.0,121022
GFCL,2026-07-24,630.0,630.4,6717
CORBL,2026-07-24,1380.0,1549.0,124853
RLFL,2026-07-24,500.0,471.0,46706
ULBSL,2026-07-24,2730.0,2760.0,484
SHL,2026-07-24,504.9,503.0,15100
KDL,2026-07-24,791.0,813.9,1944
MLBS,2026-07-24,1172.1,1193.0,506
NIL,2026-07-24,627.0,630.0,4967
SLBBL,2026-07-24,788.0,823.0,3942
DLBS,2026-07-24,1248.8,1220.1,150
RADHI,2026-07-24,721.0,755.0,114801
NADEP,2026-07-24,760.0,738.0,288
NBLD85,2026-07-24,1071.0,1040.0,80
GIBF1,2026-07-24,10.41,10.55,3000
C30MF,2026-07-24,9.92,9.96,600
DHPL,2026-07-24,290.0,300.0,5641
NMBHF2,2026-07-24,9.58,9.77,1973
SFEF,2026-07-24,10.0,9.95,700
SANVI,2026-07-24,665.7,643.0,34711
LICN,2026-07-24,800.1,804.0,9884
NMBMF,2026-07-24,622.0,640.0,4969
NABILD2089,2026-07-24,1056.0,1078.0,82
NICFC,2026-07-24,9.1,9.2,10500
NLICL,2026-07-24,583.0,588.0,76294
NMIC,2026-07-24,970.0,984.0,5608
BNT,2026-07-24,11532.2,11532.2,19
HIDCLP,2026-07-24,197.9,195.9,85315
MEN,2026-07-24,595.0,597.0,43290
MSLB,2026-07-24,1215.0,1244.0,354
HLI,2026-07-24,330.2,333.5,25210
ICFCD89,2026-07-24,1100.0,1101.0,99
MBLEF,2026-07-24,10.02,10.2,1500
SIFC,2026-07-24,530.0,529.0,6762
NESDO,2026-07-24,1516.0,1520.0,333
KPCL,2026-07-24,475.0,482.0,4122
GHL,2026-07-24,244.1,234.0,40896
SHPC,2026-07-24,520.0,518.6,38788
SAPDBL,2026-07-24,752.0,806.0,41139
GMFIL,2026-07-24,479.9,473.0,14104
GSY,2026-07-24,9.93,9.42,6520
SEF,2026-07-24,10.35,10.11,5870
STC,2026-07-24,5102.0,5175.0,1310
NICLBSL,2026-07-24,552.0,568.0,9403
SPHL,2026-07-24,538.3,544.0,7475
SHIVM,2026-07-24,638.0,655.0,64040
OHL,2026-07-24,689.0,692.0,1236
SBID89,2026-07-24,1176.2,1185.0,246
PCBL,2026-07-24,239.0,243.0,92403
SIGS2,2026-07-24,10.15,10.2,4100
MATRI,2026-07-24,886.0,843.0,1407
KEF,2026-07-24,10.25,10.69,24400
FMDBL,2026-07-24,780.0,780.0,5442
SJLIC,2026-07-24,420.0,427.9,13468
SMH,2026-07-24,511.1,517.1,31697
NTC,2026-07-24,875.0,864.0,7547
NRN,2026-07-24,1413.0,1463.0,183860
PCIL,2026-07-24,700.0,692.0,106254
HIDCL,2026-07-24,262.0,263.7,70195
NYADI,2026-07-24,397.9,371.0,8257
HHL,2026-07-24,346.3,349.0,22309
SINDU,2026-07-24,683.1,719.0,12801
NMFBS,2026-07-24,1117.5,1131.0,1642
NHPC,2026-07-24,298.0,280.4,320535
PPCL,2026-07-24,358.0,352.5,19158
SIKLES,2026-07-24,559.0,572.0,5993
PRIN,2026-07-24,697.0,695.0,8742
NIFRA,2026-07-24,251.5,255.0,80303
SGHC,2026-07-24,326.0,325.0,46724
CHCL,2026-07-24,494.0,494.2,35710
MABEL,2026-07-24,632.5,637.0,25642
JBLB,2026-07-24,1255.0,1283.0,3348
GBIME,2026-07-24,247.9,249.5,177663
NUBL,2026-07-24,623.0,640.6,8629
MNMF1,2026-07-24,9.8,9.7,172054
DOLTI,2026-07-24,312.7,331.9,18589
GVL,2026-07-24,482.0,485.0,15952
LVF2,2026-07-24,9.66,9.66,400
NBF3,2026-07-24,9.95,9.97,6600
PBLD86,2026-07-24,1425.9,1425.9,20
SOPL,2026-07-24,905.0,893.0,93889
MANDU,2026-07-24,816.2,857.9,5451
MCHL,2026-07-24,297.9,285.0,9930
NRM,2026-07-24,330.0,328.4,12102
GRDBLP,2026-07-24,570.0,570.0,1998
BNL,2026-07-24,14744.0,14744.0,10
SGHL,2026-07-24,550.0,552.0,105483
EBL,2026-07-24,725.0,724.0,84744
BGWT,2026-07-24,610.0,600.1,5088
SAGAR,2026-07-24,1800.0,1792.0,24706
GCIL,2026-07-24,345.8,364.0,17122
MPFL,2026-07-24,610.0,626.9,11805
NMB50,2026-07-24,10.3,10.6,918
NABILD87,2026-07-24,1135.0,1135.0,25
SIGS3,2026-07-24,10.42,10.5,25177
MMKJL,2026-07-24,475.0,496.0,6845
ECL,2026-07-24,571.8,651.1,250
VLBS,2026-07-24,672.0,706.0,5121
SMPDA,2026-07-24,785.0,794.0,971
BHPL,2026-07-24,490.0,486.6,5700
TRH,2026-07-24,785.0,785.0,270
SALICO,2026-07-24,601.0,609.6,7035
NIBLGF,2026-07-24,8.99,9.22,800
MKHC,2026-07-24,297.1,297.2,7089
SCBD,2026-07-24,1101.0,1101.0,500
BNHC,2026-07-24,297.0,297.0,25926
SPDL,2026-07-24,392.0,389.0,91184
BANDIPUR,2026-07-24,759.0,763.0,59743
AHPC,2026-07-24,279.0,275.0,46828
AVYAN,2026-07-24,1060.2,1089.0,8162
SBI,2026-07-24,409.4,413.5,68167
PSF,2026-07-24,11.65,12.1,27964
NMLBBL,2026-07-24,550.9,545.9,3140
RBCLPO,2026-07-24,11710.0,11710.0,40
SAHAS,2026-07-24,661.0,662.3,46493
SCB,2026-07-24,655.09,651.0,17211
SKHEL,2026-07-24,1007.0,1077.9,8890
SPIL,2026-07-24,703.0,710.0,2443
SLCF,2026-07-24,10.0,10.2,3242
SLBSL,2026-07-24,1082.0,1126.0,5231
AKJCL,2026-07-24,405.8,379.0,515226
GBLBS,2026-07-24,756.0,761.0,3251
TPKHL,2026-07-24,581.0,574.0,57766
MND84/85,2026-07-24,1070.0,1075.0,100
SAND2085,2026-07-24,1207.7,1100.0,25050
RLEL,2026-07-24,930.0,970.0,28028
MKCL,2026-07-24,1150.0,1180.0,5080
KBSH,2026-07-24,993.3,1050.0,148511
BARUN,2026-07-24,318.3,334.0,24615
NSY,2026-07-24,9.23,9.33,9600
CKHL,2026-07-24,603.4,618.0,3274
SANIMA,2026-07-24,366.0,372.0,100183
NSIF2,2026-07-24,10.67,10.68,200
HEIP,2026-07-24,335.0,328.0,500
KSBBL,2026-07-24,485.0,488.6,17265
JOSHI,2026-07-24,274.0,270.0,10071
SBCF,2026-07-24,10.0,9.61,11100
CHDC,2026-07-24,2180.0,2254.0,34043
SICL,2026-07-24,639.8,633.7,3100
GMFBS,2026-07-24,1220.2,1246.0,429
KKHC,2026-07-24,266.5,282.3,368499
BHL,2026-07-24,225.9,217.0,92366
CREST,2026-07-24,1195.0,1228.9,13501
MERO,2026-07-24,738.9,694.0,25005
ENL,2026-07-24,855.0,849.0,240
SKBBL,2026-07-24,755.1,766.0,9366
HEI,2026-07-24,530.3,544.0,7482
SAGF,2026-07-24,10.05,10.1,1250
APHL,2026-07-24,930.0,905.0,35842
GMLI,2026-07-24,1159.2,1186.5,4148
HLBSL,2026-07-24,905.0,900.9,3413
MHNL,2026-07-24,240.0,241.5,9321
MLBSL,2026-07-24,1740.0,1739.9,126
SKHL,2026-07-24,944.0,935.0,28833
ICFC,2026-07-24,611.1,628.0,9051
API,2026-07-24,325.4,344.0,242798
PURE,2026-07-24,899.0,898.0,13573
MSHL,2026-07-24,596.0,632.0,682
CFCL,2026-07-24,627.0,657.2,182999
ILBS,2026-07-24,850.0,884.0,1485
NICL,2026-07-24,525.0,520.0,14533
NABIL,2026-07-24,550.0,553.1,91376
SHINE,2026-07-24,420.0,417.5,23905
PPL,2026-07-24,335.0,339.0,17291
SHEL,2026-07-24,310.0,309.7,38004
FOWAD,2026-07-24,1010.0,997.0,787
BFC,2026-07-24,533.0,533.0,74820
SBLD84,2026-07-24,1058.0,1058.0,75
NICSF,2026-07-24,9.2,9.2,11980
SMB,2026-07-24,1850.0,1915.0,4959
LBLD88,2026-07-24,1094.0,1094.0,15
SWASTIK,2026-07-24,2145.0,2098.0,845
PRVU,2026-07-24,197.9,199.9,361992
JBBL,2026-07-24,354.0,364.1,96275
ADBLD83,2026-07-24,1034.0,1034.3,26406
SMJC,2026-07-24,448.5,470.0,99658
USLB,2026-07-24,1209.0,1181.0,3770
SRBLD83,2026-07-24,1024.2,1024.2,6400
MHCL,2026-07-24,323.0,330.0,5058
GBBL,2026-07-24,416.6,426.0,64896
RSY,2026-07-24,10.35,10.35,5150
PROFL,2026-07-24,441.0,444.0,8738
EBLD86,2026-07-24,1105.0,1105.0,57
LUK,2026-07-24,10.36,9.76,750
UMHL,2026-07-24,570.0,594.8,86235
HPPL,2026-07-24,370.0,380.0,127177
CLI,2026-07-24,443.3,454.0,11247
TTL,2026-07-24,756.0,773.0,28478
HURJA,2026-07-24,245.0,241.0,51790
DHEL,2026-07-24,600.0,626.0,74284
GILB,2026-07-24,1090.1,1120.0,2229
KMCDB,2026-07-24,800.0,806.0,1517
RBBD2088,2026-07-24,1059.0,1075.0,535
ILI,2026-07-24,421.1,425.0,4515
AKPL,2026-07-24,268.5,265.7,58703
NWCL,2026-07-24,705.8,739.9,3403
HBL,2026-07-24,192.7,206.0,144301
PMLI,2026-07-24,452.0,454.0,7466
RSDC,2026-07-24,641.3,670.1,4871
OMPL,2026-07-24,996.0,996.0,6488
BUNGAL,2026-07-24,635.0,634.9,59530
NBL,2026-07-24,271.0,272.0,72549
RSML,2026-07-24,3471.0,3494.0,43204
GBILD86/87,2026-07-24,1202.0,1128.0,10003
RIDI,2026-07-24,360.0,370.0,824107
HRL,2026-07-24,641.0,629.0,98378
NICGF2,2026-07-24,9.28,9.38,12300
MHL,2026-07-24,489.0,485.0,6501
VLUCL,2026-07-24,458.0,452.0,1250
SHLB,2026-07-24,1453.2,1513.0,169
SABBL,2026-07-24,1063.1,1160.0,46161
CYCL,2026-07-24,1370.0,1376.0,1100
PBLD87,2026-07-24,1119.6,1134.9,3151
RBCL,2026-07-24,14510.0,14600.2,100
PRSF,2026-07-24,13.17,12.77,1300
RHPL,2026-07-24,263.2,267.0,11576
GBBD85,2026-07-24,1066.0,1085.0,83
SBD87,2026-07-24,1122.0,1120.0,1026
KBL,2026-07-24,224.0,228.2,1129916
SSHL,2026-07-24,221.1,209.5,92395
BHCL,2026-07-24,495.0,523.9,59608
NGPL,2026-07-24,420.0,420.0,135494
KHPL,2026-07-24,990.0,990.0,31107
WNLB,2026-07-24,1398.0,1374.0,357
RNLI,2026-07-24,451.1,455.0,10240
LSL,2026-07-24,227.0,230.3,227090
MKHL,2026-07-24,498.3,507.0,3735
UHEWA,2026-07-24,598.0,592.0,48519
RHGCL,2026-07-24,265.1,273.7,18625
USHEC,2026-07-24,493.0,495.5,1594
JFL,2026-07-24,400.1,404.0,4548
SONA,2026-07-24,422.0,419.9,18074
AHL,2026-07-24,434.0,428.0,3436
SRLI,2026-07-24,385.0,386.0,10494
UPPER,2026-07-24,200.0,200.2,85269
SIPD,2026-07-24,750.0,727.0,51208
NHDL,2026-07-24,646.0,650.0,2976
SADBL,2026-07-24,424.0,426.3,48901
SAIL,2026-07-24,1100.0,1108.0,91423
NMB,2026-07-24,241.8,247.1,60861
MEHL,2026-07-24,313.0,315.0,2623
TAMOR,2026-07-24,451.0,452.6,27528
RBBD83,2026-07-24,1037.0,1037.0,1371
UAIL,2026-07-24,460.0,458.0,14460
NBF2,2026-07-24,10.02,10.02,200
PMHPL,2026-07-24,328.0,324.0,4451
CSY,2026-07-24,8.93,9.06,17602
SPC,2026-07-24,430.0,426.0,5197
LBBL,2026-07-24,497.0,510.0,137489
GUFL,2026-07-24,559.0,557.0,5322
BJHL,2026-07-24,780.5,793.0,28911
IGI,2026-07-24,448.1,449.8,8830
BEDC,2026-07-24,313.5,334.0,32031
HDHPC,2026-07-24,217.0,218.6,145917
GLBSL,2026-07-24,1793.0,1800.0,728
SMFBS,2026-07-24,1535.0,1554.0,3316
JHAPA,2026-07-24,1140.0,1211.1,22390
EDBL,2026-07-24,586.9,581.5,13509
CIT,2026-07-24,1724.0,1734.0,4293
EHPL,2026-07-24,360.9,358.9,19434
HFIN,2026-07-24,760.0,779.0,88069
SFMF,2026-07-24,10.3,10.03,700
MNBBL,2026-07-24,379.0,377.0,25623
DORDI,2026-07-24,264.1,263.1,14614
ANLB,2026-07-24,5550.0,6659.0,3788
GBIMESY2,2026-07-24,9.45,9.33,4700
MAKAR,2026-07-24,427.5,450.0,56320
TSHL,2026-07-24,385.0,400.0,23022
ULHC,2026-07-24,367.0,359.5,7061
MDB,2026-07-24,612.0,602.0,29104
NIBLSTF,2026-07-24,8.85,8.8,3286
NICA,2026-07-24,334.2,344.2,91081
MLBL,2026-07-24,365.0,364.0,29485
JSLBB,2026-07-24,1026.7,1039.0,684
SMHL,2026-07-24,495.0,490.0,38221
SPL,2026-07-24,678.0,675.0,1481
CGH,2026-07-24,793.0,787.0,7873
MEL,2026-07-24,220.0,220.0,27150
UPCL,2026-07-24,355.1,357.0,43678
ACLBSL,2026-07-24,967.0,945.0,670
NIMBD90,2026-07-24,1220.1,1220.1,25
GBILD84/85,2026-07-24,1145.0,1145.0,25
TVCL,2026-07-24,486.0,485.0,8980
RBBF40,2026-07-24,8.95,9.32,11700
BOKD86KA,2026-07-24,1133.0,1145.0,564
UNLB,2026-07-24,1300.0,1279.0,712
IHL,2026-07-24,365.0,362.5,13063
HDL,2026-07-24,1180.0,1166.0,24277
MBJC,2026-07-24,273.2,276.1,8647
SARBTM,2026-07-24,795.0,805.0,4017
RMF2,2026-07-24,9.9,10.12,450
BPCL,2026-07-24,660.2,665.0,34471
PBD84,2026-07-24,1100.0,1100.0,120
SWMF,2026-07-24,625.1,642.0,4913
SWBBL,2026-07-24,658.4,693.0,13156
SNLI,2026-07-24,438.1,441.0,5147
SGIC,2026-07-24,478.0,478.0,8890
HATHY,2026-07-24,759.0,755.0,11987
NIMB,2026-07-24,198.0,204.2,461662
SLBBLP,2026-07-24,443.0,443.0,20000
USHL,2026-07-24,565.0,559.0,2854
ALBSL,2026-07-24,1045.0,1087.0,3859
RMF1,2026-07-24,9.62,9.7,260327
NFS,2026-07-24,585.0,582.0,13295
HLICF,2026-07-24,8.66,8.75,7601
KDBY,2026-07-24,11.0,11.0,8100
NIBSF2,2026-07-24,8.7,8.85,13030
YMHL,2026-07-24,693.0,655.0,40127
RURU,2026-07-24,633.0,631.0,4884
NMBD2085,2026-07-24,1174.68,1174.68,25
NABBC,2026-07-24,793.0,786.0,8899
RAWA,2026-07-24,464.0,445.0,35112
KAHL,2026-07-24,583.0,601.2,88604
NBBD2085,2026-07-24,1100.0,1133.0,1
UMRH,2026-07-24,534.0,540.1,6744
NLIC,2026-07-24,766.8,769.0,32030
EBLD85,2026-07-24,1130.0,1130.0,15
NRIC,2026-07-24,990.0,986.0,61419
GLH,2026-07-24,255.1,259.0,26654
MMF1,2026-07-24,9.4,9.47,45580
HIMSTAR,2026-07-24,775.0,770.0,11420
ADBL,2026-07-24,317.0,320.0,113909
CHL,2026-07-24,266.2,270.0,10651
MLBBL,2026-07-24,1131.2,1150.0,1507
RFPL,2026-07-24,350.0,345.9,18660
SNORL,2026-07-24,989.0,979.0,41940
NICBF,2026-07-24,9.12,9.12,100
NIMBPO,2026-07-24,145.0,145.1,9857
SMATA,2026-07-24,741.0,754.0,2237
LEC,2026-07-24,224.9,224.0,140458
SBL,2026-07-24,402.0,410.0,123839
NLG,2026-07-24,608.8,603.9,10772
ALICL,2026-07-24,441.0,441.9,9351
UNHPL,2026-07-24,402.8,397.0,25227
SYPNL,2026-07-24,1360.0,1424.0,75872
MFIL,2026-07-24,777.0,795.9,27905
MKJC,2026-07-24,471.0,487.0,12860
CZBIL,2026-07-24,206.0,209.4,135021
TPC,2026-07-24,370.0,369.5,9455
CITY,2026-07-24,389.0,387.0,117929
BBC,2026-07-24,4310.0,4375.0,126
BHDC,2026-07-24,440.0,445.2,4356
LLBS,2026-07-24,920.0,935.0,235
KSY,2026-07-24,9.48,9.55,1200
MBL,2026-07-24,250.8,259.9,90145
DDBL,2026-07-24,840.0,854.0,4706
GRDBL,2026-07-24,1130.0,1088.0,14563
NIBD84,2026-07-24,1066.1,1050.0,85
NIBLGF,2026-07-23,9.23,9.25,2150
BANDIPUR,2026-07-23,723.0,760.0,30521
MNMF1,2026-07-23,9.8,9.87,2020
BBC,2026-07-23,4379.0,4390.0,397
SWBBL,2026-07-23,676.0,693.0,65300
SYPNL,2026-07-23,1400.0,1426.9,75287
NABILD2089,2026-07-23,1088.0,1056.0,125
NABIL,2026-07-23,546.0,550.0,40281
AVYAN,2026-07-23,1083.0,1079.0,2060
FMDBL,2026-07-23,765.2,780.0,4640
SIKLES,2026-07-23,555.1,567.0,6009
MKJC,2026-07-23,488.2,480.0,16210
CIT,2026-07-23,1739.9,1724.8,2666
NABBC,2026-07-23,798.0,793.0,5634
SMPDA,2026-07-23,800.0,785.0,415
NMBHF2,2026-07-23,9.84,9.7,3600
MPFL,2026-07-23,610.0,625.0,22732
BARUN,2026-07-23,331.0,335.0,27519
BFC,2026-07-23,526.0,533.0,64041
UPPER,2026-07-23,200.0,200.1,54695
MSLB,2026-07-23,1220.0,1215.0,1110
RHGCL,2026-07-23,266.2,270.0,40902
HATHY,2026-07-23,767.0,757.9,3251
BHCL,2026-07-23,491.0,515.0,34661
SLBBL,2026-07-23,802.1,814.0,2409
SGIC,2026-07-23,470.0,478.8,6542
RLFL,2026-07-23,490.0,479.0,32135
MBLD2085,2026-07-23,1196.1,1225.0,75
SHPC,2026-07-23,538.0,515.9,42994
PSF,2026-07-23,11.72,12.0,14800
MABEL,2026-07-23,621.0,630.9,12447
MHNL,2026-07-23,242.5,245.0,12010
SLBSL,2026-07-23,1100.0,1092.0,2568
HLI,2026-07-23,330.0,334.8,27177
PRSF,2026-07-23,12.98,12.98,3890
SMATA,2026-07-23,740.0,759.7,572
CLI,2026-07-23,442.2,455.0,10896
SNORL,2026-07-23,851.0,995.0,44496
RADHI,2026-07-23,720.0,754.0,65510
ADBL,2026-07-23,310.0,317.0,19009
PRIN,2026-07-23,685.0,688.0,5611
MKHL,2026-07-23,501.0,512.0,3010
NMLBBL,2026-07-23,531.0,545.0,4896
JOSHI,2026-07-23,268.0,271.5,12059
GBIME,2026-07-23,235.0,249.0,105646
NIBD84,2026-07-23,1034.0,1036.0,75
GSY,2026-07-23,10.0,9.9,2800
VLUCL,2026-07-23,460.0,460.0,3640
SIFC,2026-07-23,520.0,533.0,7222
HIDCL,2026-07-23,266.0,263.6,46621
NLIC,2026-07-23,802.0,763.0,21570
SABBL,2026-07-23,1020.3,1119.0,42190
SPHL,2026-07-23,520.0,553.7,12034
SANVI,2026-07-23,595.0,634.0,16633
HLICF,2026-07-23,8.69,8.92,2320
SFMF,2026-07-23,10.5,10.5,11786
SWMF,2026-07-23,629.0,638.9,2596
C30MF,2026-07-23,10.0,10.22,200
MHCL,2026-07-23,315.5,324.0,3903
IGI,2026-07-23,448.0,450.0,12648
NBBD2085,2026-07-23,1096.9,1100.0,10000
AHPC,2026-07-23,274.9,277.0,59319
NIMBPO,2026-07-23,142.6,145.0,4030
BOKD86KA,2026-07-23,1102.0,1100.0,25
ICFCD89,2026-07-23,1106.0,1120.0,385
HEIP,2026-07-23,335.0,335.0,500
HURJA,2026-07-23,240.0,242.8,53462
KKHC,2026-07-23,265.0,266.5,42842
UHEWA,2026-07-23,600.0,598.0,23374
CIZBD90,2026-07-23,1215.0,1240.0,450
SBCF,2026-07-23,9.66,10.18,6400
NICLBSL,2026-07-23,560.0,560.0,5822
MERO,2026-07-23,725.0,703.8,3326
KMCDB,2026-07-23,808.0,806.9,1276
MFIL,2026-07-23,775.0,797.0,11906
SWASTIK,2026-07-23,2130.0,2098.0,858
NRIC,2026-07-23,1000.0,996.0,29266
CHCL,2026-07-23,485.1,494.0,31454
NESDO,2026-07-23,1544.2,1516.0,431
PCBL,2026-07-23,227.1,239.0,29928
STC,2026-07-23,5200.0,5200.0,1206
MKHC,2026-07-23,294.0,299.0,6383
PPCL,2026-07-23,355.5,353.0,7149
NICA,2026-07-23,324.0,341.0,32463
SBID83,2026-07-23,1060.0,1060.0,20
UNHPL,2026-07-23,403.0,400.0,12256
SEF,2026-07-23,10.18,10.38,7200
RMF1,2026-07-23,10.15,9.9,245740
ILI,2026-07-23,420.1,425.0,8383
NMFBS,2026-07-23,1125.0,1130.0,7064
DHEL,2026-07-23,581.0,598.0,15918
MLBL,2026-07-23,355.7,360.0,13600
SPDL,2026-07-23,380.0,396.0,76025
GBBL,2026-07-23,420.0,420.0,26242
GMFIL,2026-07-23,498.0,478.7,8225
TTL,2026-07-23,726.7,756.0,10131
SSHL,2026-07-23,211.0,211.7,91952
SHEL,2026-07-23,306.0,312.5,58597
JFL,2026-07-23,400.1,400.0,5347
NHPC,2026-07-23,299.0,284.0,356524
SHLB,2026-07-23,1480.0,1498.0,70
NRM,2026-07-23,332.0,329.2,11195
SCB,2026-07-23,625.2,655.2,1974
ACLBSL,2026-07-23,930.1,950.0,442
RURU,2026-07-23,625.0,634.0,6452
SBLD2091,2026-07-23,1060.0,1060.0,81
APHL,2026-07-23,837.0,930.0,64326
NIMB,2026-07-23,190.0,198.4,69542
MDB,2026-07-23,600.5,593.9,2529
TPKHL,2026-07-23,565.0,590.0,62548
NUBL,2026-07-23,636.0,634.4,2126
NICD83/84,2026-07-23,1048.0,1048.0,20
SFEF,2026-07-23,10.0,10.0,900
RHPL,2026-07-23,268.0,267.0,9989
RFPL,2026-07-23,329.0,344.0,12529
SKHL,2026-07-23,904.0,929.0,17258
MLBS,2026-07-23,1160.6,1180.0,86
UMRH,2026-07-23,547.8,540.0,3102
CSY,2026-07-23,9.05,9.12,3950
TVCL,2026-07-23,495.0,486.5,2785
SANIMA,2026-07-23,367.9,366.0,24603
SINDU,2026-07-23,692.9,719.0,3025
NICFC,2026-07-23,9.02,9.1,900
LUK,2026-07-23,9.9,10.06,6820
BEDC,2026-07-23,340.0,330.0,23206
NLICL,2026-07-23,580.6,583.0,6968
GBBD85,2026-07-23,1065.0,1065.0,50
NICSF,2026-07-23,8.9,9.2,824
USHL,2026-07-23,577.0,550.0,2354
DDBL,2026-07-23,841.0,849.9,2827
SBLD83,2026-07-23,1040.0,1038.0,93
TPC,2026-07-23,357.0,361.0,12649
MHL,2026-07-23,483.0,489.8,3249
SGHC,2026-07-23,330.0,325.0,61027
DHPL,2026-07-23,303.79,298.0,2245
SIGS3,2026-07-23,10.5,10.6,376585
JBBL,2026-07-23,354.0,359.0,28328
CORBL,2026-07-23,1400.0,1440.0,99429
KBLD89,2026-07-23,1260.0,1260.0,76
SGHL,2026-07-23,521.0,550.0,109172
NLG,2026-07-23,588.0,595.0,17184
RNLI,2026-07-23,445.1,458.0,13601
SJLIC,2026-07-23,416.0,424.9,12230
ENL,2026-07-23,820.0,834.0,671
SNLI,2026-07-23,435.0,438.1,6454
SARBTM,2026-07-23,808.0,798.0,5592
MSLBP,2026-07-23,735.0,735.0,20000
HDL,2026-07-23,1189.0,1179.0,19870
SADBL,2026-07-23,425.0,427.0,21539
SOPL,2026-07-23,833.0,905.0,82670
DORDI,2026-07-23,259.0,263.0,21010
UNL,2026-07-23,47800.0,48000.0,60
MKCL,2026-07-23,1160.0,1141.0,1005
IHL,2026-07-23,370.0,367.5,3367
DOLTI,2026-07-23,328.1,329.1,28008
BJHL,2026-07-23,719.0,790.0,33953
NIBLSTF,2026-07-23,8.6,8.85,6740
SPL,2026-07-23,677.0,680.0,4550
LBBL,2026-07-23,491.2,502.0,53082
NSY,2026-07-23,9.21,9.5,13500
RBBF40,2026-07-23,9.07,9.19,176251
SMJC,2026-07-23,438.0,440.0,9714
SRLI,2026-07-23,386.0,384.8,15884
NIFRAGED,2026-07-23,1030.0,1030.0,25
NHDL,2026-07-23,647.0,646.9,896
SLCF,2026-07-23,9.95,10.24,400
SICL,2026-07-23,645.8,634.0,3608
ALICL,2026-07-23,435.1,441.0,7997
EDBL,2026-07-23,576.0,580.1,2458
NFS,2026-07-23,578.5,584.0,3795
SBL,2026-07-23,380.4,406.0,113029
CBBL,2026-07-23,929.1,932.0,11789
KHPL,2026-07-23,930.0,992.0,17900
ULBSL,2026-07-23,2722.0,2831.0,909
UPCL,2026-07-23,359.1,362.0,44974
NTC,2026-07-23,860.0,859.0,3472
PROFL,2026-07-23,446.0,443.5,4575
NBF3,2026-07-23,10.0,10.0,11871
JSLBB,2026-07-23,1010.0,1026.7,47
ILBS,2026-07-23,850.0,891.9,1447
UAIL,2026-07-23,448.1,456.1,16603
SMHL,2026-07-23,481.1,488.0,24159
KPCL,2026-07-23,470.0,473.0,5890
SAHAS,2026-07-23,666.0,664.0,65752
HIMSTAR,2026-07-23,731.0,759.0,10128
CKHL,2026-07-23,622.9,622.0,318
MEL,2026-07-23,218.0,220.0,22908
MLBBL,2026-07-23,1147.1,1159.9,960
PMHPL,2026-07-23,321.5,328.9,2640
SONA,2026-07-23,419.1,422.0,16385
SBI,2026-07-23,392.0,409.0,7387
GHL,2026-07-23,228.0,232.5,27581
AHL,2026-07-23,425.5,432.0,1873
SMFBS,2026-07-23,1567.0,1578.0,735
VLBS,2026-07-23,670.1,685.0,992
HLBSL,2026-07-23,899.9,903.0,1375
OMPL,2026-07-23,960.0,996.1,5972
NBF2,2026-07-23,10.08,10.31,4000
SOHL,2026-07-23,584.0,623.0,284258
RSY,2026-07-23,10.03,10.35,1700
KDBY,2026-07-23,10.8,11.08,2000
FOWAD,2026-07-23,970.2,996.0,1235
API,2026-07-23,340.0,342.5,255571
LSLPO,2026-07-23,123.0,123.0,8201
JHAPA,2026-07-23,1100.0,1148.0,12509
LLBS,2026-07-23,910.0,937.0,70
KEF,2026-07-23,10.58,10.5,4200
UMHL,2026-07-23,570.0,590.5,23783
RAWA,2026-07-23,464.0,442.0,23955
GFCL,2026-07-23,633.0,636.0,7712
AKPL,2026-07-23,255.0,266.0,68149
EBL,2026-07-23,753.0,719.0,21235
SHL,2026-07-23,498.0,499.6,9794
CZBIL,2026-07-23,193.0,204.5,17761
GUFL,2026-07-23,575.0,564.0,10684
SMB,2026-07-23,1878.8,1848.0,2058
SMH,2026-07-23,515.0,514.9,22173
NIL,2026-07-23,632.0,629.9,1431
LVF2,2026-07-23,9.8,9.81,1100
MMKJL,2026-07-23,456.0,475.0,6192
MMF1,2026-07-23,9.4,9.5,5203
GIBF1,2026-07-23,10.3,10.41,300
BHL,2026-07-23,217.0,215.2,62803
SALICO,2026-07-23,589.2,604.0,1399
NBL,2026-07-23,268.9,269.0,28186
WNLB,2026-07-23,1332.0,1368.0,529
GILB,2026-07-23,1100.0,1110.0,520
UNLB,2026-07-23,1280.0,1276.0,888
MBJC,2026-07-23,270.1,278.1,9932
HRL,2026-07-23,636.2,641.0,90968
PPL,2026-07-23,322.1,338.9,23596
SAIL,2026-07-23,1050.0,1145.0,97608
BHDC,2026-07-23,437.5,444.9,7813
JBLB,2026-07-23,1270.0,1289.0,2765
KAHL,2026-07-23,550.0,583.0,75792
SAGAR,2026-07-23,1750.0,1820.0,29234
ULHC,2026-07-23,379.8,362.2,10466
PHCL,2026-07-23,304.1,306.0,24811
GBLBS,2026-07-23,768.8,759.0,1234
GVL,2026-07-23,480.2,490.0,5271
RBCL,2026-07-23,14900.0,14895.0,60
GLH,2026-07-23,255.1,260.8,37034
GCIL,2026-07-23,365.0,364.0,16393
KBSH,2026-07-23,1175.0,1045.5,13394
NMBMF,2026-07-23,612.4,635.0,2174
HHL,2026-07-23,342.0,350.5,46686
ALBSL,2026-07-23,1070.0,1094.9,3151
NYADI,2026-07-23,367.1,379.0,2387
BPCL,2026-07-23,705.3,670.9,19529
HEI,2026-07-23,533.0,535.9,2561
MNBBL,2026-07-23,370.0,377.0,25308
ICFCD88,2026-07-23,1125.0,1124.2,150
RSML,2026-07-23,3510.0,3516.0,80405
BNHC,2026-07-23,296.9,295.0,39381
H8020,2026-07-23,12.3,12.0,4456
NIFRA,2026-07-23,252.0,254.0,84407
NRN,2026-07-23,1480.0,1487.1,108726
SKBBL,2026-07-23,762.0,767.0,6698
NICGF2,2026-07-23,9.0,9.28,1200
SAPDBL,2026-07-23,754.8,791.5,27409
GLBSL,2026-07-23,1740.0,1793.0,239
BUNGAL,2026-07-23,669.8,635.0,191406
NICD88,2026-07-23,1100.0,1100.0,25
CITY,2026-07-23,390.0,389.0,98452
MLBSL,2026-07-23,1711.0,1738.0,317
MATRI,2026-07-23,848.5,864.0,768
SHIVM,2026-07-23,650.0,660.0,58438
AKJCL,2026-07-23,370.0,386.5,719259
GRDBL,2026-07-23,1024.1,1085.0,10852
ANLB,2026-07-23,5600.0,5818.0,1113
SRBLD83,2026-07-23,1044.9,1044.9,10
HPPL,2026-07-23,360.0,381.0,106938
LEC,2026-07-23,220.0,222.6,70351
CREST,2026-07-23,1205.0,1201.0,14145
RLEL,2026-07-23,867.1,940.0,19571
MANDU,2026-07-23,804.2,839.0,6108
NIBSF2,2026-07-23,8.57,8.89,2826
CGH,2026-07-23,785.0,792.0,19050
NSIF2,2026-07-23,10.61,10.67,7675
MSHL,2026-07-23,666.7,627.3,1005
SCBD,2026-07-23,1135.0,1135.0,33
PRVU,2026-07-23,186.0,195.9,72972
EHPL,2026-07-23,363.9,355.3,8656
SPC,2026-07-23,425.5,430.0,3060
PMLI,2026-07-23,443.0,465.0,7836
GMLI,2026-07-23,1201.0,1195.0,2062
GMFBS,2026-07-23,1251.7,1246.0,145
CHL,2026-07-23,268.1,266.1,14726
HFIN,2026-07-23,680.0,760.0,73698
NWCL,2026-07-23,721.9,742.9,1960
GBIMESY2,2026-07-23,9.3,9.5,500
NMIC,2026-07-23,950.0,970.0,2693
CYCL,2026-07-23,1397.9,1370.0,704
MBL,2026-07-23,242.0,255.0,70137
TAMOR,2026-07-23,460.0,451.5,24468
SBLD89,2026-07-23,1260.0,1270.0,600
LICN,2026-07-23,844.0,803.9,6839
MEHL,2026-07-23,315.0,313.3,1520
MEN,2026-07-23,595.0,594.8,41095
OHL,2026-07-23,680.0,688.5,605
HIDCLP,2026-07-23,193.5,197.5,63494
YMHL,2026-07-23,620.3,660.0,42420
MBLEF,2026-07-23,10.01,10.2,2000
BGWT,2026-07-23,609.0,610.0,1013
PURE,2026-07-23,840.8,890.0,5046
LSL,2026-07-23,214.0,227.0,259236
MAKAR,2026-07-23,433.2,450.0,35324
NMB,2026-07-23,232.0,243.1,26596
USHEC,2026-07-23,487.5,493.5,2945
MCHL,2026-07-23,290.1,290.0,5549
SKHEL,2026-07-23,980.0,1060.0,12382
KSY,2026-07-23,9.75,9.75,1400
RSDC,2026-07-23,676.0,675.0,1340
NADEP,2026-07-23,747.0,760.0,386
CFCL,2026-07-23,610.0,649.9,110432
RIDI,2026-07-23,380.0,378.1,658719
SIPD,2026-07-23,668.1,745.0,51184
SJCL,2026-07-23,276.3,284.0,9553
PCIL,2026-07-23,631.8,687.0,58160
NICL,2026-07-23,519.0,520.0,11905
USLB,2026-07-23,1210.1,1200.0,673
SHINE,2026-07-23,414.0,417.0,11786
HDHPC,2026-07-23,218.1,220.8,123561
TSHL,2026-07-23,393.0,385.0,4613
KDL,2026-07-23,820.0,813.0,286
SPIL,2026-07-23,715.0,710.0,533
BHPL,2026-07-23,504.9,491.0,2567
SAGF,2026-07-23,10.05,10.2,2440
NGPL,2026-07-23,424.0,419.0,203489
KBL,2026-07-23,212.0,223.0,368248
TRH,2026-07-23,793.0,791.7,827
ICFC,2026-07-23,611.5,620.0,5166
ECL,2026-07-23,507.1,566.2,120
CHDC,2026-07-23,2200.5,2205.0,8086
HBL,2026-07-23,200.0,202.8,44740
DLBS,2026-07-23,1264.0,1214.0,311
KSBBL,2026-07-23,488.8,488.0,16398
BNT,2026-07-23,11578.1,11578.1,25
ULBSL,2026-07-22,2753.8,2775.0,984
MKJC,2026-07-22,473.0,465.0,1770
BJHL,2026-07-22,794.0,756.1,8067
LBLD88,2026-07-22,1118.5,1118.5,60
PPL,2026-07-22,324.5,339.0,12678
DHEL,2026-07-22,590.0,595.0,18488
ACLBSL,2026-07-22,960.9,952.0,541
HIDCL,2026-07-22,262.6,266.0,64784
MHL,2026-07-22,480.3,485.0,5344
PROFL,2026-07-22,448.7,444.0,6781
GBLBS,2026-07-22,746.1,762.0,1366
YMHL,2026-07-22,602.7,633.3,33068
PBLD87,2026-07-22,1087.0,1087.0,25
CHL,2026-07-22,273.0,268.0,12159
CSY,2026-07-22,9.1,9.32,12484
NBF3,2026-07-22,10.0,10.01,23750
NMBMF,2026-07-22,615.1,621.0,3344
NIMB,2026-07-22,196.0,197.0,61972
MANDU,2026-07-22,801.1,824.0,2016
GBIME,2026-07-22,245.0,247.2,136705
NHDL,2026-07-22,626.0,646.0,38264
MKHL,2026-07-22,510.1,514.5,17642
NYADI,2026-07-22,375.0,372.0,8179
KMCDB,2026-07-22,792.0,803.0,3285
KSY,2026-07-22,10.0,9.76,10300
MBLEF,2026-07-22,10.0,10.2,900
GLBSL,2026-07-22,1799.9,1813.0,499
BOKD86KA,2026-07-22,1169.0,1134.0,136
SIFC,2026-07-22,522.0,527.0,18006
MLBSL,2026-07-22,1740.0,1711.0,210
H8020,2026-07-22,11.97,12.3,469
NMLBBL,2026-07-22,537.0,545.0,5611
SABBL,2026-07-22,963.3,1074.0,38533
SLBBLP,2026-07-22,443.0,443.0,14000
SJCL,2026-07-22,285.0,283.0,7046
NLICL,2026-07-22,594.0,589.0,2245
ICFC,2026-07-22,620.0,618.0,5520
SMFBS,2026-07-22,1621.0,1575.0,845
SMHL,2026-07-22,491.0,484.5,19125
SICL,2026-07-22,635.0,635.0,8698
TAMOR,2026-07-22,447.0,452.0,22745
USLB,2026-07-22,1200.0,1210.0,179
SSHL,2026-07-22,210.2,211.0,117892
NIBLSTF,2026-07-22,8.7,8.6,11900
EBLD91,2026-07-22,1090.0,1090.0,125
NRN,2026-07-22,1459.7,1519.9,185785
C30MF,2026-07-22,10.0,10.09,13380
NICGF2,2026-07-22,9.02,9.11,1000
NICD88,2026-07-22,1115.0,1115.0,25
HEI,2026-07-22,535.0,532.0,8219
UPPER,2026-07-22,190.5,199.0,110414
HPPL,2026-07-22,360.0,370.0,91191
TRH,2026-07-22,799.0,793.0,2520
GHL,2026-07-22,232.1,231.0,46936
EHPL,2026-07-22,370.0,356.8,15190
PMHPL,2026-07-22,330.0,328.0,3522
KEF,2026-07-22,10.26,10.63,33350
LSL,2026-07-22,220.0,225.0,138502
UMRH,2026-07-22,536.0,540.5,5162
NIBSF2,2026-07-22,8.81,8.82,21918
SGHC,2026-07-22,316.0,333.0,69010
MKCL,2026-07-22,1160.0,1160.0,2479
NWCL,2026-07-22,731.0,733.9,1771
BHCL,2026-07-22,510.0,499.0,39493
NIFRA,2026-07-22,259.9,255.0,46525
SHIVM,2026-07-22,657.1,656.0,112792
USHEC,2026-07-22,500.0,495.2,5757
SPDL,2026-07-22,398.0,399.9,130096
BEDC,2026-07-22,330.0,330.1,17694
MBL,2026-07-22,254.3,254.0,71269
NICL,2026-07-22,525.0,519.0,11570
NICSF,2026-07-22,9.01,9.0,7300
STC,2026-07-22,5250.0,5200.0,1220
PBD85,2026-07-22,1110.0,1110.0,50
ICFCD88,2026-07-22,1123.0,1121.0,75
SAGAR,2026-07-22,1720.0,1795.0,23162
GBIMESY2,2026-07-22,9.3,9.4,3350
ILI,2026-07-22,404.0,424.0,3020
UPCL,2026-07-22,360.0,365.0,58012
VLBS,2026-07-22,672.0,684.3,3007
PSF,2026-07-22,12.3,12.0,18715
RLEL,2026-07-22,888.1,893.9,14317
SIGS2,2026-07-22,10.04,10.04,100
SWASTIK,2026-07-22,2120.0,2105.0,956
MATRI,2026-07-22,890.2,874.0,2579
NICLBSL,2026-07-22,559.0,564.9,3933
PHCL,2026-07-22,305.0,305.9,29640
BNHC,2026-07-22,290.4,296.9,26437
KBSH,2026-07-22,1171.0,1230.0,782
NBF2,2026-07-22,9.81,10.09,2880
MSHL,2026-07-22,650.0,635.0,735
BHPL,2026-07-22,490.0,495.9,7959
HFIN,2026-07-22,685.0,706.9,33081
BHDC,2026-07-22,437.4,445.0,5850
RSY,2026-07-22,10.02,10.29,64700
NBBD2085,2026-07-22,1115.0,1065.0,5
NSY,2026-07-22,9.2,9.38,2700
SPL,2026-07-22,660.3,677.9,3050
SNORL,2026-07-22,860.0,875.0,24582
NIFRAGED,2026-07-22,1030.0,1030.0,487
DDBL,2026-07-22,850.0,842.1,4449
MDB,2026-07-22,590.0,587.0,2717
SMB,2026-07-22,1895.0,1844.1,1353
ENL,2026-07-22,863.0,825.0,1366
HLI,2026-07-22,334.0,335.0,43991
AKPL,2026-07-22,263.0,267.0,135933
RSML,2026-07-22,3450.0,3681.0,75158
CHDC,2026-07-22,2160.0,2219.0,10269
MHCL,2026-07-22,334.9,321.0,1792
NRIC,2026-07-22,1000.0,1007.1,34488
RBBD83,2026-07-22,1010.9,1010.9,25
HIMSTAR,2026-07-22,755.0,751.0,8786
NIL,2026-07-22,639.9,631.1,13854
NICA,2026-07-22,342.0,340.9,45184
AVYAN,2026-07-22,1076.3,1074.0,4771
NBLD85,2026-07-22,1050.1,1050.1,25
NHPC,2026-07-22,297.0,285.4,559326
GUFL,2026-07-22,560.0,565.0,11325
NLG,2026-07-22,600.0,594.0,18309
LICN,2026-07-22,805.0,804.4,6504
RBCL,2026-07-22,14590.0,14474.0,40
HURJA,2026-07-22,245.1,240.0,62330
PCIL,2026-07-22,650.0,665.0,42196
JSLBB,2026-07-22,1000.0,1027.0,1618
MPFL,2026-07-22,600.0,621.8,13077
NIBLGF,2026-07-22,9.49,9.5,6100
SLCF,2026-07-22,10.0,10.1,1700
IGI,2026-07-22,444.4,450.0,16061
API,2026-07-22,340.0,343.5,229342
RMF1,2026-07-22,9.85,9.67,335310
GLH,2026-07-22,260.0,258.9,29543
UNLB,2026-07-22,1305.0,1287.9,280
SGHL,2026-07-22,539.0,528.0,89670
UMHL,2026-07-22,580.0,596.4,101286
GRDBL,2026-07-22,1030.0,1078.0,16288
NUBL,2026-07-22,628.0,629.0,7278
UNL,2026-07-22,47800.0,47800.0,10
NMB50,2026-07-22,10.7,10.43,10200
NABIL,2026-07-22,550.0,546.8,48017
SKHL,2026-07-22,881.2,905.0,11903
BHL,2026-07-22,220.0,215.5,77294
AKJCL,2026-07-22,385.0,388.0,599402
RSDC,2026-07-22,672.0,677.0,6228
SIKLES,2026-07-22,573.0,564.0,15618
RBBD2088,2026-07-22,1050.0,1050.0,765
USHL,2026-07-22,514.0,550.0,2309
HDHPC,2026-07-22,218.0,221.0,181769
ADBL,2026-07-22,314.0,318.9,79891
NIMBPO,2026-07-22,148.7,147.0,27505
RNLI,2026-07-22,450.1,456.7,15294
TPKHL,2026-07-22,561.0,565.0,44494
DOLTI,2026-07-22,338.9,334.9,26029
EBLD85,2026-07-22,1150.0,1150.0,25
CGH,2026-07-22,794.8,785.0,6372
BNL,2026-07-22,15200.0,15200.0,30
NCCD86,2026-07-22,1299.0,1206.0,231
RLFL,2026-07-22,470.0,473.0,57262
JFL,2026-07-22,403.0,405.5,7555
SNLI,2026-07-22,433.1,440.0,3703
CZBIL,2026-07-22,200.5,203.0,29829
NRM,2026-07-22,323.1,325.0,8796
ULHC,2026-07-22,382.0,372.0,13376
CORBL,2026-07-22,1390.0,1439.0,80525
KBLD90,2026-07-22,1470.0,1425.9,5
SOHL,2026-07-22,600.0,584.0,64375
SWBBL,2026-07-22,694.0,690.0,17605
SMATA,2026-07-22,748.2,751.1,446
RAWA,2026-07-22,448.9,442.0,51392
PRIN,2026-07-22,685.1,685.0,4288
MABEL,2026-07-22,643.7,625.0,4641
PRSF,2026-07-22,12.95,12.68,600
SHPC,2026-07-22,517.1,512.6,14476
SMJC,2026-07-22,439.1,449.8,21736
UNHPL,2026-07-22,395.1,400.0,14951
APHL,2026-07-22,827.1,837.5,19020
NESDO,2026-07-22,1502.0,1503.1,314
JHAPA,2026-07-22,1126.0,1111.0,11465
SOPL,2026-07-22,845.0,842.1,41452
SPHL,2026-07-22,535.0,546.0,5232
SONA,2026-07-22,417.0,419.1,14123
SBI,2026-07-22,412.0,412.0,50503
SALICO,2026-07-22,610.0,599.0,14126
CREST,2026-07-22,1220.0,1222.0,10216
CBBL,2026-07-22,936.0,933.5,19042
MNBBL,2026-07-22,376.5,372.0,28844
BNT,2026-07-22,11573.0,11571.0,30
SFEF,2026-07-22,10.0,10.0,1860
KBL,2026-07-22,218.5,219.0,208940
BUNGAL,2026-07-22,607.0,705.0,65595
RBBF40,2026-07-22,9.21,9.34,49105
BBC,2026-07-22,4300.0,4268.0,545
GIBF1,2026-07-22,10.31,10.55,22650
MLBS,2026-07-22,1224.0,1190.0,120
NSIF2,2026-07-22,10.97,10.65,18533
NMB,2026-07-22,243.0,243.9,31540
SIPD,2026-07-22,670.0,686.9,29651
HBL,2026-07-22,199.2,200.9,29548
GBBL,2026-07-22,420.0,421.5,32780
NICAD2091,2026-07-22,1025.7,1045.0,430
WNLB,2026-07-22,1369.0,1368.0,154
RFPL,2026-07-22,342.0,345.0,28089
MAKAR,2026-07-22,460.0,456.0,47797
HLBSL,2026-07-22,890.0,900.0,259
NICFC,2026-07-22,9.0,9.27,1600
LBBLD89,2026-07-22,1329.9,1290.1,372
AHL,2026-07-22,445.0,430.8,1222
IHL,2026-07-22,360.0,366.0,2901
BGWT,2026-07-22,601.0,613.0,3182
UAIL,2026-07-22,460.0,456.0,9253
SAGF,2026-07-22,10.49,10.12,3790
SMPDA,2026-07-22,800.0,792.0,716
MLBLD89,2026-07-22,1280.4,1280.4,25
SPC,2026-07-22,425.4,434.7,2086
JBLB,2026-07-22,1255.1,1275.3,2109
NIBD84,2026-07-22,1069.0,1040.0,80
TVCL,2026-07-22,475.3,495.0,17705
RHPL,2026-07-22,271.0,265.1,11656
SRLI,2026-07-22,385.3,386.7,5898
GMFIL,2026-07-22,472.9,475.0,39826
SJLIC,2026-07-22,418.0,421.9,10327
MLBBL,2026-07-22,1176.5,1147.1,589
NMBD89/90,2026-07-22,1415.0,1370.0,71
GVL,2026-07-22,486.0,490.0,12399
LLBS,2026-07-22,915.0,920.0,78
NMBHF2,2026-07-22,9.52,9.6,2250
KDBY,2026-07-22,10.8,11.08,5300
ALBSL,2026-07-22,1060.0,1101.0,2604
DORDI,2026-07-22,260.3,262.0,14235
JOSHI,2026-07-22,270.0,267.8,4831
AHPC,2026-07-22,278.0,275.0,53003
SWMF,2026-07-22,643.0,639.0,4912
GMLI,2026-07-22,1215.0,1200.0,5648
SARBTM,2026-07-22,814.0,790.0,25694
NMFBS,2026-07-22,1130.0,1130.0,2452
HDL,2026-07-22,1181.0,1178.0,30326
HRL,2026-07-22,677.2,636.2,151511
ICFCD89,2026-07-22,1090.0,1091.0,491
GMFBS,2026-07-22,1313.0,1251.7,1212
RADHI,2026-07-22,745.0,745.1,114815
PPCL,2026-07-22,348.6,349.0,28952
MSLB,2026-07-22,1225.0,1221.0,157
NADEP,2026-07-22,735.0,747.0,3070
TPC,2026-07-22,358.2,363.0,11270
MHNL,2026-07-22,237.3,242.9,16493
CYCL,2026-07-22,1356.0,1375.0,400
BFC,2026-07-22,530.0,535.1,289485
JBBD87,2026-07-22,1111.2,1111.2,25
CIT,2026-07-22,1730.5,1724.0,4080
SBCF,2026-07-22,9.9,9.65,6850
FMDBL,2026-07-22,780.6,773.0,8719
EDBL,2026-07-22,586.0,583.0,5908
HHL,2026-07-22,340.0,352.0,56199
PURE,2026-07-22,842.0,885.0,24572
JBBL,2026-07-22,355.0,349.0,36222
NTC,2026-07-22,875.0,857.1,12970
SAHAS,2026-07-22,665.0,662.0,73205
HIDCLP,2026-07-22,198.0,195.0,89847
SIGS3,2026-07-22,10.56,10.5,27008
HLICF,2026-07-22,8.48,8.95,1300
KSBBL,2026-07-22,494.0,486.0,10178
MMF1,2026-07-22,9.18,9.69,16100
CHCL,2026-07-22,493.0,495.2,44279
UHEWA,2026-07-22,582.0,598.8,13045
RIDI,2026-07-22,390.0,386.0,1107447
SKBBL,2026-07-22,769.0,767.5,2377
OHL,2026-07-22,685.3,685.0,760
SAPDBL,2026-07-22,750.5,794.5,15003
GILB,2026-07-22,1115.0,1120.8,3591
NLIC,2026-07-22,772.0,764.0,13922
SRBLD83,2026-07-22,1098.9,1059.9,2
PCBL,2026-07-22,243.0,239.0,19541
SKHEL,2026-07-22,970.3,1008.0,2903
ANLB,2026-07-22,5650.0,5841.0,1491
HATHY,2026-07-22,770.0,755.0,9728
SYPNL,2026-07-22,1334.8,1408.9,69705
NBL,2026-07-22,269.0,268.9,29103
NABBC,2026-07-22,750.5,792.0,10657
CLI,2026-07-22,429.0,450.0,5568
SINDU,2026-07-22,683.1,729.3,18145
SADBL,2026-07-22,423.1,425.0,60018
RMF2,2026-07-22,10.25,10.12,1100
VLUCL,2026-07-22,469.0,460.0,2349
GCIL,2026-07-22,360.0,365.0,22329
KKHC,2026-07-22,267.9,268.5,51773
BPCL,2026-07-22,640.0,671.8,24712
MEL,2026-07-22,235.0,224.6,24096
NMIC,2026-07-22,934.0,977.0,2126
GFCL,2026-07-22,615.1,633.0,32871
SHINE,2026-07-22,415.9,414.0,22529
NFS,2026-07-22,582.0,582.6,10990
SAIL,2026-07-22,1000.0,1083.8,88041
SBLD89,2026-07-22,1250.0,1251.0,750
SHLB,2026-07-22,1495.0,1524.0,295
LVF2,2026-07-22,9.81,9.75,16000
EBL,2026-07-22,720.0,718.0,12550
SANIMA,2026-07-22,365.0,367.3,59752
MEN,2026-07-22,600.0,595.0,161649
MERO,2026-07-22,739.0,708.0,7631
CFCL,2026-07-22,602.0,641.3,113396
BARUN,2026-07-22,330.0,335.0,29119
LBBL,2026-07-22,494.2,495.5,37047
SANVI,2026-07-22,601.0,607.0,15700
TSHL,2026-07-22,390.0,392.9,7781
SBL,2026-07-22,400.2,400.4,77485
ILBS,2026-07-22,840.0,890.0,1399
NGPL,2026-07-22,404.0,423.4,167493
MMKJL,2026-07-22,442.0,463.4,2554
ECL,2026-07-22,441.0,492.4,100
CKHL,2026-07-22,607.1,604.9,15236
SMH,2026-07-22,518.0,514.0,12605
MFIL,2026-07-22,772.0,800.0,41644
BANDIPUR,2026-07-22,740.0,739.1,20471
SEF,2026-07-22,9.95,10.18,20177
PMLI,2026-07-22,441.1,445.0,4821
RURU,2026-07-22,621.2,626.4,4499
OMPL,2026-07-22,960.0,978.0,2656
MCHL,2026-07-22,293.0,293.0,7589
NICBF,2026-07-22,9.1,9.1,400
SLBSL,2026-07-22,1110.0,1109.0,1975
KAHL,2026-07-22,547.0,560.0,52360
SLBBL,2026-07-22,820.0,811.3,3364
ALICL,2026-07-22,440.0,438.0,13723
RHGCL,2026-07-22,266.0,272.2,12577
FOWAD,2026-07-22,1000.0,997.0,5433
MNMF1,2026-07-22,9.8,9.85,50221
PRVU,2026-07-22,194.0,195.0,111920
SCB,2026-07-22,661.0,658.1,3467
MKHC,2026-07-22,291.9,300.0,6464
SGIC,2026-07-22,471.3,472.0,4866
MEHL,2026-07-22,310.1,315.0,4823
SHEL,2026-07-22,311.0,308.9,90562
KPCL,2026-07-22,480.0,476.8,5024
TTL,2026-07-22,747.0,735.0,10097
KHPL,2026-07-22,942.4,960.0,5111
SHL,2026-07-22,505.0,502.0,18022
DLBS,2026-07-22,1200.0,1249.0,5635
MBJC,2026-07-22,270.0,275.0,8848
SPIL,2026-07-22,715.0,715.0,12469
GSY,2026-07-22,10.0,9.9,75400
LEC,2026-07-22,224.8,220.0,70637
KDL,2026-07-22,822.0,812.0,2798
CITY,2026-07-22,375.6,390.0,399404
LUK,2026-07-22,9.76,9.76,100
EBLD86,2026-07-22,1095.0,1095.0,25
DHPL,2026-07-22,299.0,296.5,8229
MLBL,2026-07-22,364.9,358.9,10084
MMKJL,2026-07-21,456.0,465.0,4295
NLG,2026-07-21,600.0,598.0,21712
GFCL,2026-07-21,630.0,628.9,12435
MPFL,2026-07-21,626.0,622.0,11756
PCIL,2026-07-21,665.0,665.0,71400
UMRH,2026-07-21,543.9,549.9,10942
HRL,2026-07-21,624.0,645.0,341552
PRVU,2026-07-21,208.0,197.2,159581
CIZBD90,2026-07-21,1177.0,1215.0,75
SGHC,2026-07-21,339.0,332.0,67420
JOSHI,2026-07-21,274.0,272.0,24021
NICAD2091,2026-07-21,1057.3,1057.3,20
PMHPL,2026-07-21,325.1,330.0,18414
HIDCLP,2026-07-21,209.4,198.0,126820
SBLD2091,2026-07-21,1055.0,1079.3,25866
ADBL,2026-07-21,314.9,314.0,39052
KDL,2026-07-21,824.0,816.0,2299
GVL,2026-07-21,496.0,492.0,21058
SADBL,2026-07-21,422.8,425.0,36314
SHINE,2026-07-21,416.0,415.9,22547
MLBL,2026-07-21,366.9,361.0,25201
NIBLSTF,2026-07-21,8.66,8.67,1500
MEN,2026-07-21,610.0,600.0,51644
KBLD89,2026-07-21,1228.0,1226.0,168
UPPER,2026-07-21,202.5,200.5,101133
EBLD85,2026-07-21,1131.0,1131.0,25
CKHL,2026-07-21,635.0,620.1,3014
SIKLES,2026-07-21,576.0,570.0,16584
SHLB,2026-07-21,1472.0,1540.0,430
RSDC,2026-07-21,679.0,668.0,16999
SIGS3,2026-07-21,10.37,10.5,102400
MKHC,2026-07-21,300.1,300.9,10735
BHDC,2026-07-21,447.6,447.1,17153
NICLBSL,2026-07-21,577.0,564.7,5863
BPCL,2026-07-21,663.0,673.0,41027
GLH,2026-07-21,263.1,263.9,62887
ULBSL,2026-07-21,2750.0,2839.0,480
USLB,2026-07-21,1205.1,1205.0,2368
SPIL,2026-07-21,725.0,715.0,2068
NESDO,2026-07-21,1548.0,1519.0,897
PBD88,2026-07-21,1250.0,1250.0,20
SPDL,2026-07-21,412.9,402.0,140886
MBJC,2026-07-21,275.1,277.5,18521
NICSF,2026-07-21,9.01,9.0,5550
NRM,2026-07-21,322.0,330.0,25233
MLBS,2026-07-21,1175.0,1166.0,652
LSL,2026-07-21,223.0,223.6,333917
ICFCD89,2026-07-21,1100.0,1090.0,634
SINDU,2026-07-21,703.0,719.0,7424
GUFL,2026-07-21,572.0,565.0,15007
ENL,2026-07-21,830.1,851.9,329
ICFC,2026-07-21,619.1,622.0,7446
SABBL,2026-07-21,996.0,1014.0,46712
SKHL,2026-07-21,892.4,899.0,22590
GMLI,2026-07-21,1286.9,1248.9,450
NSIF2,2026-07-21,10.7,10.88,23350
NICBF,2026-07-21,9.08,9.1,2200
MFIL,2026-07-21,780.0,793.9,31009
NMBD89/90,2026-07-21,1460.0,1415.0,11
JSLBB,2026-07-21,1001.5,1010.0,785
NABILD2089,2026-07-21,1107.8,1057.0,38810
KDBY,2026-07-21,10.86,11.11,6710
KBL,2026-07-21,223.9,220.9,294583
GCIL,2026-07-21,373.0,368.9,25472
SHL,2026-07-21,503.9,505.0,31042
NBL,2026-07-21,272.0,269.0,27376
NADEP,2026-07-21,743.0,740.0,289
MKHL,2026-07-21,512.0,519.0,14809
LUK,2026-07-21,10.2,9.99,13850
BHPL,2026-07-21,510.0,504.0,18593
KHPL,2026-07-21,997.0,992.0,11513
CYCL,2026-07-21,1337.0,1385.0,1045
CORBL,2026-07-21,1450.0,1400.0,110145
SMJC,2026-07-21,429.4,450.0,11674
NICD88,2026-07-21,1085.0,1095.0,110
PPL,2026-07-21,324.0,341.5,49192
GMFBS,2026-07-21,1206.1,1251.0,1000
SHIVM,2026-07-21,666.0,663.1,152420
KSY,2026-07-21,9.75,10.0,29495
CSY,2026-07-21,9.03,9.1,9948
BNT,2026-07-21,11800.0,11621.0,20
MBL,2026-07-21,250.0,255.5,83782
NIFRAGED,2026-07-21,1023.1,1030.0,130
HEIP,2026-07-21,330.0,340.0,3747
OHL,2026-07-21,703.4,698.8,4353
PURE,2026-07-21,872.0,841.0,8595
GRDBL,2026-07-21,1055.5,1077.0,6926
HFIN,2026-07-21,722.0,721.0,47746
JBBD87,2026-07-21,1140.0,1105.8,49010
TVCL,2026-07-21,481.1,489.9,8013
NTC,2026-07-21,875.0,864.9,6076
ANLB,2026-07-21,5640.0,5845.0,2620
RHGCL,2026-07-21,277.0,280.0,24789
GSY,2026-07-21,10.0,10.0,23120
SNLI,2026-07-21,442.5,445.0,16324
ACLBSL,2026-07-21,920.0,966.8,786
SJCL,2026-07-21,280.0,285.0,12773
CITY,2026-07-21,389.0,377.0,207128
CHL,2026-07-21,277.0,273.5,23160
SONA,2026-07-21,424.0,425.0,22728
NMIC,2026-07-21,979.9,959.0,6113
RLFL,2026-07-21,470.0,465.2,50923
RLEL,2026-07-21,940.0,905.0,19232
OMPL,2026-07-21,989.0,989.0,6207
AHL,2026-07-21,436.0,435.0,7840
ILBS,2026-07-21,935.0,883.0,1208
NIBLGF,2026-07-21,10.24,9.78,9000
HPPL,2026-07-21,382.0,371.5,116926
UHEWA,2026-07-21,593.0,600.0,58298
RAWA,2026-07-21,453.5,447.0,43852
RMF1,2026-07-21,10.0,9.9,62025
SBL,2026-07-21,405.0,399.0,116064
GLBSL,2026-07-21,1900.0,1766.1,236
RSY,2026-07-21,9.95,10.1,50908
NICGF2,2026-07-21,9.1,9.1,900
NABBC,2026-07-21,811.0,790.0,16399
JBBL,2026-07-21,357.0,354.0,32674
PRIN,2026-07-21,709.8,692.0,6285
RIDI,2026-07-21,350.0,378.9,1497165
SHEL,2026-07-21,316.0,311.0,92747
MKCL,2026-07-21,1136.0,1164.0,1669
DOLTI,2026-07-21,334.0,339.0,44808
BJHL,2026-07-21,808.0,771.0,13838
GBIMESY2,2026-07-21,9.26,9.3,400
CIT,2026-07-21,1715.0,1730.1,5887
NSY,2026-07-21,9.41,9.42,7100
SANIMA,2026-07-21,363.0,368.0,112394
SMFBS,2026-07-21,1555.0,1543.9,820
HLBSL,2026-07-21,899.6,905.9,2614
MHL,2026-07-21,490.0,490.0,9016
CZBIL,2026-07-21,195.0,203.5,52657
PSF,2026-07-21,11.94,12.0,116749
TRH,2026-07-21,788.1,788.0,3391
VLBS,2026-07-21,703.0,692.0,2949
NIFRA,2026-07-21,257.0,256.9,90157
NFS,2026-07-21,588.0,580.0,11307
SSHL,2026-07-21,223.6,214.0,178577
AKJCL,2026-07-21,360.0,385.0,822835
NICA,2026-07-21,325.0,342.0,56528
CGH,2026-07-21,786.0,783.2,6576
MDB,2026-07-21,594.0,594.2,8366
BANDIPUR,2026-07-21,746.0,745.0,44061
PCBL,2026-07-21,243.0,242.7,47015
EHPL,2026-07-21,370.0,361.6,17531
NRN,2026-07-21,1425.0,1495.0,147423
MEHL,2026-07-21,330.0,315.0,6814
USHL,2026-07-21,567.0,540.8,8194
SAHAS,2026-07-21,670.0,665.0,138790
GBIME,2026-07-21,248.5,246.9,119856
RADHI,2026-07-21,764.9,762.5,121806
MERO,2026-07-21,730.0,703.9,8476
HBL,2026-07-21,200.0,202.0,74503
PPCL,2026-07-21,378.0,359.0,11606
NHDL,2026-07-21,647.0,644.1,4863
NMBMF,2026-07-21,620.0,629.0,1560
KKHC,2026-07-21,271.9,268.0,70435
RFPL,2026-07-21,369.6,350.0,24743
MND84/85,2026-07-21,1070.0,1070.0,155
ALBSL,2026-07-21,1045.0,1099.1,6135
NLICL,2026-07-21,590.0,594.0,11954
BFC,2026-07-21,513.0,530.0,106044
JHAPA,2026-07-21,1083.0,1148.0,11053
KEF,2026-07-21,10.3,10.4,14590
GBBD85,2026-07-21,1067.0,1067.0,25
MNBBL,2026-07-21,376.8,376.0,41586
SBCF,2026-07-21,10.0,10.0,400
SFEF,2026-07-21,10.0,10.1,1400
MBLEF,2026-07-21,10.0,10.0,800
RSML,2026-07-21,3460.0,3545.0,77289
PRSF,2026-07-21,12.75,12.89,147584
SJLIC,2026-07-21,426.0,424.9,12357
SLCF,2026-07-21,10.0,9.95,11920
AKPL,2026-07-21,280.8,265.0,67613
NICL,2026-07-21,538.4,525.9,13979
NBLD85,2026-07-21,1067.0,1080.0,29980
CHDC,2026-07-21,2250.0,2209.0,39734
HATHY,2026-07-21,785.0,770.0,30191
GILB,2026-07-21,1111.1,1115.0,1536
AVYAN,2026-07-21,1075.6,1096.0,6512
UMHL,2026-07-21,570.0,600.0,35927
SYPNL,2026-07-21,1327.7,1405.0,96349
SEF,2026-07-21,10.2,10.1,11000
SANVI,2026-07-21,640.0,618.1,22751
H8020,2026-07-21,11.56,11.97,2300
LLBS,2026-07-21,955.0,938.0,695
SNORL,2026-07-21,850.0,880.0,45822
LVF2,2026-07-21,9.85,9.88,7720
SMH,2026-07-21,519.0,521.9,75905
C30MF,2026-07-21,10.0,10.01,11100
NIMBPO,2026-07-21,145.5,146.0,794
BBC,2026-07-21,4299.7,4390.0,1912
SIFC,2026-07-21,532.0,527.9,10811
NRIC,2026-07-21,1030.0,1018.0,82944
SMPDA,2026-07-21,775.0,800.0,1767
NBF2,2026-07-21,10.1,9.81,7200
SGHL,2026-07-21,505.0,536.0,129965
NIL,2026-07-21,645.0,635.0,6177
PMLI,2026-07-21,454.4,450.0,8197
MMF1,2026-07-21,10.0,9.46,80084
RBCLPO,2026-07-21,12150.0,11999.0,30
KBLD90,2026-07-21,1470.0,1470.0,57
NIMB,2026-07-21,201.0,198.5,169137
HLICF,2026-07-21,8.74,8.73,1525
MLBBL,2026-07-21,1124.3,1176.5,1594
HDL,2026-07-21,1180.0,1188.5,48777
CLI,2026-07-21,464.6,451.5,13496
GBBL,2026-07-21,421.0,423.9,78160
MSLB,2026-07-21,1221.0,1248.0,1124
MATRI,2026-07-21,889.9,865.0,1130
MABEL,2026-07-21,611.0,635.9,14570
BUNGAL,2026-07-21,638.0,638.0,74590
ALICL,2026-07-21,451.9,442.0,17026
SICL,2026-07-21,639.9,638.0,4345
NWCL,2026-07-21,759.9,742.0,3496
NICFC,2026-07-21,9.5,9.03,68780
CFCL,2026-07-21,605.0,633.0,110669
IHL,2026-07-21,362.2,370.0,10216
ULHC,2026-07-21,365.2,371.0,18169
PROFL,2026-07-21,441.0,440.0,7800
SBLD89,2026-07-21,1215.0,1235.0,425
SAGAR,2026-07-21,1726.9,1768.1,20809
DDBL,2026-07-21,811.8,850.0,5247
SARBTM,2026-07-21,813.0,814.0,8330
YMHL,2026-07-21,623.0,630.0,46790
SMATA,2026-07-21,775.0,760.5,2083
JBLB,2026-07-21,1281.0,1289.0,4138
LBBL,2026-07-21,510.0,498.0,56618
TSHL,2026-07-21,412.0,398.0,13800
AHPC,2026-07-21,280.0,278.0,112300
MANDU,2026-07-21,801.1,805.1,3008
GBLBS,2026-07-21,793.8,759.0,3843
RMF2,2026-07-21,9.77,10.3,8210
MNMF1,2026-07-21,9.8,9.85,117930
SAIL,2026-07-21,1069.0,1038.9,59912
SPL,2026-07-21,695.0,679.0,2290
EDBL,2026-07-21,588.0,578.0,8979
DLBS,2026-07-21,1200.0,1216.0,219
MHNL,2026-07-21,247.0,244.5,33353
KSBBL,2026-07-21,488.0,490.0,69100
KPCL,2026-07-21,490.0,480.2,13052
EBLD86,2026-07-21,1085.0,1100.0,105
NMB,2026-07-21,246.0,244.9,45808
MBLD87,2026-07-21,1161.0,1161.0,5
SOHL,2026-07-21,570.0,592.0,135872
NBF3,2026-07-21,9.95,10.0,23354
RBBD2088,2026-07-21,1032.0,1032.1,826
SCB,2026-07-21,665.0,663.9,8964
ECL,2026-07-21,376.1,428.2,160
KAHL,2026-07-21,510.0,546.1,78927
BNL,2026-07-21,14500.0,15200.0,60
UPCL,2026-07-21,365.0,365.9,92193
API,2026-07-21,346.0,344.0,409983
NUBL,2026-07-21,635.0,632.0,2532
WNLB,2026-07-21,1380.0,1378.1,965
NYADI,2026-07-21,383.0,377.0,6280
SALICO,2026-07-21,610.0,610.4,9246
UNHPL,2026-07-21,400.0,404.8,49748
HDHPC,2026-07-21,222.0,220.5,351246
MSHL,2026-07-21,655.0,636.4,327
UNL,2026-07-21,47040.0,47040.0,10
PHCL,2026-07-21,310.0,307.0,91387
VLUCL,2026-07-21,445.0,469.0,9872
SIPD,2026-07-21,675.0,685.0,37278
LEC,2026-07-21,228.5,222.3,117551
TPKHL,2026-07-21,536.1,563.0,72970
NGPL,2026-07-21,435.0,425.0,174734
SLBSL,2026-07-21,1150.0,1120.0,4265
ICFCD88,2026-07-21,1123.0,1123.0,25
BHCL,2026-07-21,500.0,505.0,53742
SWBBL,2026-07-21,690.0,688.0,23136
MAKAR,2026-07-21,446.7,460.0,43388
SIGS2,2026-07-21,10.35,10.35,1000
BARUN,2026-07-21,335.1,339.0,33137
RBBF40,2026-07-21,9.1,9.18,6700
NMLBBL,2026-07-21,562.5,552.0,5746
SFMF,2026-07-21,10.3,10.3,91560
RBCL,2026-07-21,14898.0,14898.0,10
CBBL,2026-07-21,936.0,935.0,27633
KMCDB,2026-07-21,802.0,815.0,609
SOPL,2026-07-21,848.0,845.0,70713
FMDBL,2026-07-21,760.0,780.5,15195
MKJC,2026-07-21,470.0,464.0,10602
HIMSTAR,2026-07-21,770.0,774.9,15018
RURU,2026-07-21,625.0,633.0,7037
HHL,2026-07-21,350.0,350.0,39913
NHPC,2026-07-21,285.0,282.9,659711
MHCL,2026-07-21,335.0,328.0,9465
MLBSL,2026-07-21,1780.0,1767.0,352
SBI,2026-07-21,407.0,410.0,63183
KBSH,2026-07-21,1250.0,1200.0,963
SMB,2026-07-21,1900.0,1890.0,559
GIBF1,2026-07-21,10.41,10.52,7070
SHPC,2026-07-21,522.0,517.0,26580
SMHL,2026-07-21,498.5,491.0,34365
BNHC,2026-07-21,299.0,294.0,61070
NMBHF2,2026-07-21,9.58,9.7,26800
TPC,2026-07-21,372.5,366.8,10638
MCHL,2026-07-21,302.1,301.3,7178
DHPL,2026-07-21,330.0,307.8,19679
RNLI,2026-07-21,460.5,458.9,34536
NIBSF2,2026-07-21,8.73,9.0,23000
UAIL,2026-07-21,470.2,468.7,12044
EBL,2026-07-21,718.1,720.5,34312
MEL,2026-07-21,226.0,225.0,22998
HIDCL,2026-07-21,280.3,268.8,75633
SWMF,2026-07-21,647.0,644.9,5096
BHL,2026-07-21,222.0,217.5,118595
GHL,2026-07-21,237.0,232.0,57541
SPC,2026-07-21,417.9,436.3,5319
TTL,2026-07-21,758.0,754.0,20306
JFL,2026-07-21,402.0,403.9,6318
HURJA,2026-07-21,253.0,245.1,64980
BGWT,2026-07-21,607.0,614.9,7510
SKHEL,2026-07-21,1028.0,999.8,5627
RHPL,2026-07-21,265.0,271.8,24913
FOWAD,2026-07-21,1029.9,1005.0,1406
IGI,2026-07-21,444.1,452.7,13205
NABIL,2026-07-21,552.0,549.0,102884
HEI,2026-07-21,541.0,539.9,6688
DHEL,2026-07-21,580.0,600.0,29310
DORDI,2026-07-21,270.0,266.7,32342
SPHL,2026-07-21,550.0,545.0,9824
NMB50,2026-07-21,10.56,10.66,25612
STC,2026-07-21,5378.0,5250.0,481
NLIC,2026-07-21,806.0,773.9,26947
NMFBS,2026-07-21,1140.0,1130.0,1814
ILI,2026-07-21,427.7,424.3,13660
HLI,2026-07-21,331.5,334.0,41122
SGIC,2026-07-21,480.0,480.0,17911
SLBBL,2026-07-21,810.0,820.1,2773
UNLB,2026-07-21,1304.0,1292.0,1323
SRLI,2026-07-21,394.9,390.0,18697
BEDC,2026-07-21,334.0,334.5,39992
CREST,2026-07-21,1205.0,1239.7,13937
CHCL,2026-07-21,496.0,495.9,70099
LICN,2026-07-21,806.0,796.5,13352
SWASTIK,2026-07-21,2145.0,2142.0,882
USHEC,2026-07-21,502.0,506.0,13653
TAMOR,2026-07-21,456.0,454.0,50356
GMFIL,2026-07-21,470.0,469.9,26242
APHL,2026-07-21,832.0,840.2,46207
SKBBL,2026-07-21,803.2,769.0,7696
SAPDBL,2026-07-21,800.0,790.0,18231
HBLD83,2026-07-20,1019.0,1019.0,100
SAND2085,2026-07-20,1245.0,1207.7,502
ALICL,2026-07-20,440.0,442.5,18488
PPL,2026-07-20,323.0,341.0,36655
NIMB,2026-07-20,187.0,198.0,138065
SKHL,2026-07-20,931.3,920.0,18051
PRVU,2026-07-20,197.0,198.5,168988
MMF1,2026-07-20,10.0,9.75,7704
SOPL,2026-07-20,823.1,848.0,49405
MBLEF,2026-07-20,10.0,10.05,2000
NTC,2026-07-20,880.0,869.0,9133
MMKJL,2026-07-20,440.0,455.0,910
KMCDB,2026-07-20,809.0,802.0,1073
SJLIC,2026-07-20,424.0,426.0,22968
SICL,2026-07-20,620.0,634.0,5785
SMH,2026-07-20,518.0,513.2,35811
USLB,2026-07-20,1220.1,1229.0,657
NADEP,2026-07-20,750.0,759.8,1460
BHPL,2026-07-20,489.0,486.1,4788
MFIL,2026-07-20,800.0,802.0,65980
UPPER,2026-07-20,200.0,202.5,158748
SHEL,2026-07-20,312.0,316.0,68754
ENL,2026-07-20,858.0,851.0,541
MLBL,2026-07-20,360.0,364.6,28740
GBIMESY2,2026-07-20,9.5,9.5,2400
MLBBL,2026-07-20,1179.5,1166.0,1699
NBBD2085,2026-07-20,1130.1,1115.0,11100
LEC,2026-07-20,219.0,225.4,168116
HIMSTAR,2026-07-20,714.0,762.0,10958
STC,2026-07-20,5279.0,5295.0,359
RFPL,2026-07-20,344.0,352.0,35490
JBBL,2026-07-20,350.0,357.0,62902
MEHL,2026-07-20,311.0,324.4,8859
SONA,2026-07-20,418.0,425.0,25975
SFMF,2026-07-20,10.5,10.5,150
SKBBL,2026-07-20,760.0,765.0,7794
CKHL,2026-07-20,630.0,648.9,2519
MANDU,2026-07-20,790.1,801.1,3691
SBL,2026-07-20,381.0,400.0,138847
UMRH,2026-07-20,545.0,543.0,5520
PCIL,2026-07-20,650.0,665.0,50863
SWMF,2026-07-20,640.0,644.9,4457
NICGF2,2026-07-20,9.22,9.35,2000
CZBIL,2026-07-20,193.0,204.9,41197
NLG,2026-07-20,589.9,603.0,20230
MBLD87,2026-07-20,1161.0,1161.0,25
KDL,2026-07-20,816.0,822.0,2426
CORBL,2026-07-20,1490.0,1498.0,129543
SIGS3,2026-07-20,10.38,10.37,1900
SIKLES,2026-07-20,565.0,576.0,6941
NRN,2026-07-20,1449.0,1470.0,85891
LUK,2026-07-20,10.25,9.95,400
MCHL,2026-07-20,294.5,302.0,10307
CHL,2026-07-20,269.0,274.0,30428
NICFC,2026-07-20,9.1,9.3,1500
BANDIPUR,2026-07-20,740.0,744.0,39527
HATHY,2026-07-20,720.0,782.0,11632
RHPL,2026-07-20,263.0,267.0,11309
OMPL,2026-07-20,943.0,989.0,6316
SINDU,2026-07-20,700.0,716.0,10748
LSL,2026-07-20,212.0,224.0,137613
BNHC,2026-07-20,284.0,298.0,48388
NYADI,2026-07-20,386.2,385.0,8259
RAWA,2026-07-20,440.0,453.0,80265
MBL,2026-07-20,262.0,258.1,97419
EBLEB89,2026-07-20,1100.0,1100.0,50
PRSF,2026-07-20,12.79,12.75,67600
GFCL,2026-07-20,620.0,627.9,10603
NUBL,2026-07-20,645.0,630.6,3349
SLBBL,2026-07-20,826.0,820.0,2183
KBSH,2026-07-20,1180.0,1219.0,513
SJCL,2026-07-20,285.0,285.3,10633
SGHL,2026-07-20,481.0,503.0,101629
RIDI,2026-07-20,332.1,359.7,576803
GLH,2026-07-20,255.0,265.0,40366
KEF,2026-07-20,10.4,10.5,19800
SMHL,2026-07-20,495.0,497.0,30292
ADBL,2026-07-20,296.0,312.8,11892
SWBBL,2026-07-20,688.0,682.9,18663
SWASTIK,2026-07-20,2090.0,2180.0,960
BEDC,2026-07-20,346.5,334.0,18469
JHAPA,2026-07-20,1120.0,1140.0,17738
SMPDA,2026-07-20,803.0,795.0,1646
TVCL,2026-07-20,510.0,490.0,4323
NIBLGF,2026-07-20,10.59,10.55,530
MKHL,2026-07-20,518.0,527.3,13017
NRM,2026-07-20,330.0,322.0,7132
NIBLSTF,2026-07-20,8.91,8.91,59800
GVL,2026-07-20,495.0,497.0,12533
HURJA,2026-07-20,239.0,247.4,89500
NMIC,2026-07-20,932.0,964.0,5428
SMB,2026-07-20,1947.0,1900.0,3048
VLUCL,2026-07-20,443.0,452.5,3180
TAMOR,2026-07-20,455.2,452.1,21223
CHDC,2026-07-20,2179.0,2218.0,19524
JFL,2026-07-20,399.0,401.9,4910
MNBBL,2026-07-20,373.0,376.0,25911
BBC,2026-07-20,4101.0,4250.0,291
RBBD2088,2026-07-20,1050.6,1032.0,200
MSHL,2026-07-20,693.0,658.0,1030
MERO,2026-07-20,749.7,712.0,5599
SPDL,2026-07-20,394.7,393.3,37456
CITY,2026-07-20,390.0,386.0,207043
CLI,2026-07-20,450.0,457.5,10614
UPCL,2026-07-20,352.0,370.0,78562
SHPC,2026-07-20,515.0,522.9,30319
HDL,2026-07-20,1191.0,1179.9,32918
NESDO,2026-07-20,1520.0,1524.0,765
AHL,2026-07-20,428.0,439.9,4046
UNL,2026-07-20,47010.1,47015.0,20
CIZBD86,2026-07-20,1177.0,1185.0,20
ANLB,2026-07-20,5814.0,5700.0,4326
LBBL,2026-07-20,494.9,500.0,57160
SFEF,2026-07-20,9.96,10.0,500
ACLBSL,2026-07-20,930.0,945.0,618
KPCL,2026-07-20,475.0,485.0,7702
H8020,2026-07-20,11.55,11.62,800
EDBL,2026-07-20,577.0,584.0,2464
GMFBS,2026-07-20,1220.0,1215.0,647
IGI,2026-07-20,450.0,457.0,18566
SAGAR,2026-07-20,1719.9,1780.3,13838
BJHL,2026-07-20,762.9,808.0,7678
UAIL,2026-07-20,469.9,474.0,20357
RLEL,2026-07-20,820.0,916.0,31692
CHCL,2026-07-20,491.0,496.0,80871
GILB,2026-07-20,1062.3,1110.1,3093
NSIF2,2026-07-20,10.4,10.46,780
HIDCLP,2026-07-20,198.0,199.5,212296
CGH,2026-07-20,772.0,785.0,11799
SADBL,2026-07-20,413.9,422.0,27336
MDB,2026-07-20,600.0,600.0,8917
SMJC,2026-07-20,449.9,452.0,17260
NABILD87,2026-07-20,1158.0,1122.4,130
MATRI,2026-07-20,851.0,865.0,1550
YMHL,2026-07-20,588.0,623.0,31396
RBBF40,2026-07-20,9.38,9.18,91250
NIFRAGED,2026-07-20,1033.0,1020.8,205
NHPC,2026-07-20,272.0,280.0,571209
SANIMA,2026-07-20,361.0,362.5,46296
TSHL,2026-07-20,413.0,411.0,21029
HEIP,2026-07-20,340.0,340.0,23
AHPC,2026-07-20,275.0,279.1,148502
SPHL,2026-07-20,550.0,554.0,6374
NRIC,2026-07-20,913.0,1000.0,62179
BGWT,2026-07-20,560.0,590.0,5118
UMHL,2026-07-20,585.0,600.0,47646
SANVI,2026-07-20,635.0,633.0,20856
BHDC,2026-07-20,436.0,447.5,13904
NMBMF,2026-07-20,630.0,629.0,896
MABEL,2026-07-20,602.0,625.0,11311
NBL,2026-07-20,253.3,269.0,30541
SPL,2026-07-20,692.0,684.0,3997
EBLD86,2026-07-20,1099.0,1100.0,575
SPC,2026-07-20,446.0,439.8,5615
MPFL,2026-07-20,620.0,626.8,5810
NWCL,2026-07-20,731.3,750.0,2744
SNORL,2026-07-20,810.0,830.0,26070
NICSF,2026-07-20,9.0,9.27,1855
GBLBS,2026-07-20,753.0,756.0,1424
BUNGAL,2026-07-20,594.0,667.0,92800
EHPL,2026-07-20,360.0,367.9,22973
JSLBB,2026-07-20,994.1,1020.0,993
KHPL,2026-07-20,998.0,999.1,13133
GBILD84/85,2026-07-20,1150.0,1150.0,25
DHPL,2026-07-20,294.9,315.0,9646
SLBSL,2026-07-20,1138.0,1104.5,1622
ULBSL,2026-07-20,2765.0,2888.9,617
UNLB,2026-07-20,1310.0,1304.0,199
EBL,2026-07-20,720.0,717.5,39264
SYPNL,2026-07-20,1350.0,1397.5,108582
RMF2,2026-07-20,9.65,9.99,2600
UHEWA,2026-07-20,560.0,597.5,82480
KBLD89,2026-07-20,1255.0,1255.0,32
HRL,2026-07-20,582.0,616.0,185510
NABIL,2026-07-20,550.0,550.0,100779
SGHC,2026-07-20,338.0,338.8,44352
NABBC,2026-07-20,800.2,815.0,100977
PPCL,2026-07-20,363.3,360.0,17235
KSBBL,2026-07-20,490.0,488.4,53127
GIBF1,2026-07-20,10.45,10.5,2200
NIMBPO,2026-07-20,149.0,141.3,20147
NMBHF2,2026-07-20,9.5,9.77,8620
PCBL,2026-07-20,230.0,242.5,33893
SBI,2026-07-20,380.0,409.0,40616
FOWAD,2026-07-20,1004.0,1000.0,1214
LICN,2026-07-20,805.0,804.5,5279
SKHEL,2026-07-20,1000.0,1029.8,5311
SMFBS,2026-07-20,1643.2,1555.0,532
NICA,2026-07-20,323.0,342.1,73386
HBL,2026-07-20,190.0,200.7,28825
API,2026-07-20,339.0,346.0,374987
NICL,2026-07-20,523.0,532.0,15876
LLBS,2026-07-20,940.9,930.2,1821
EBLD85,2026-07-20,1160.0,1160.4,120
MAKAR,2026-07-20,491.0,470.2,15690
CREST,2026-07-20,1198.0,1219.8,25368
ILI,2026-07-20,423.1,427.7,10159
NHDL,2026-07-20,649.0,650.0,4401
NLIC,2026-07-20,760.0,768.2,25005
TTL,2026-07-20,736.0,758.0,11720
NIBSF2,2026-07-20,8.7,9.0,13750
TRH,2026-07-20,768.0,789.9,1480
SBID2090,2026-07-20,1067.0,1067.0,25
NGPL,2026-07-20,419.9,428.8,251112
GHL,2026-07-20,237.3,233.9,57167
NICBF,2026-07-20,9.05,9.1,1500
RLFL,2026-07-20,470.0,475.0,42873
HLBSL,2026-07-20,899.0,895.0,1241
JOSHI,2026-07-20,269.8,274.0,9640
KBL,2026-07-20,209.0,220.0,273423
GMLI,2026-07-20,1267.9,1253.9,2413
GUFL,2026-07-20,560.0,572.1,15009
AKJCL,2026-07-20,362.9,374.4,785535
BNT,2026-07-20,11701.0,11800.0,85
CSY,2026-07-20,8.78,9.3,4900
APHL,2026-07-20,830.0,843.9,31993
RSY,2026-07-20,9.95,10.1,12000
AKPL,2026-07-20,274.7,267.5,74585
SABBL,2026-07-20,914.0,973.0,15428
ULHC,2026-07-20,375.0,370.1,12330
CIT,2026-07-20,1698.0,1710.0,4561
RHGCL,2026-07-20,283.5,277.0,17559
KAHL,2026-07-20,497.0,508.0,51475
KKHC,2026-07-20,260.0,267.0,66730
SBLD89,2026-07-20,1265.0,1240.0,45
SBCF,2026-07-20,10.11,10.15,9100
AVYAN,2026-07-20,1055.1,1098.0,5813
TPKHL,2026-07-20,516.0,536.1,44722
RADHI,2026-07-20,753.0,764.9,120520
MSLB,2026-07-20,1216.2,1248.9,694
DHEL,2026-07-20,572.0,599.0,16294
PMHPL,2026-07-20,316.1,328.0,8635
SEF,2026-07-20,9.99,10.2,41510
DORDI,2026-07-20,261.0,266.6,31821
JBLB,2026-07-20,1278.0,1299.8,4938
ICFCD83,2026-07-20,1211.7,1272.2,1
SIPD,2026-07-20,625.0,675.0,27332
HLICF,2026-07-20,8.42,8.74,10620
KSY,2026-07-20,9.75,9.75,800
NMLBBL,2026-07-20,557.0,553.0,4360
GWFD83,2026-07-20,1160.0,1158.0,2
GLBSL,2026-07-20,1780.1,1815.0,291
RURU,2026-07-20,632.0,634.0,12374
HLI,2026-07-20,344.4,335.5,46358
SRLI,2026-07-20,386.0,391.4,15067
BARUN,2026-07-20,330.8,338.0,58226
HFIN,2026-07-20,730.0,725.0,48601
RSDC,2026-07-20,666.0,673.9,5985
PSF,2026-07-20,11.87,12.0,2200
GSY,2026-07-20,10.0,10.0,95600
SNLI,2026-07-20,433.0,442.5,8954
PROFL,2026-07-20,444.0,449.4,6463
IHL,2026-07-20,369.0,367.0,15807
CFCL,2026-07-20,601.0,636.0,69994
MLBSL,2026-07-20,1780.0,1780.0,46
SHL,2026-07-20,499.0,503.8,15033
RBCLPO,2026-07-20,12100.0,12100.0,50
MKJC,2026-07-20,461.0,464.0,7396
SPIL,2026-07-20,710.0,724.0,4367
BHCL,2026-07-20,490.0,499.0,33458
NIMBD90,2026-07-20,1290.0,1251.3,145
FMDBL,2026-07-20,747.0,790.0,11115
LBLD88,2026-07-20,1153.0,1153.0,20
ICFCD89,2026-07-20,1090.1,1100.0,200
NIL,2026-07-20,620.0,635.4,7086
NMBD87/88,2026-07-20,1249.0,1211.0,42
HDHPC,2026-07-20,215.0,222.0,259206
USHEC,2026-07-20,501.0,500.1,8723
LVF2,2026-07-20,9.8,9.81,1500
SAPDBL,2026-07-20,732.2,797.0,18862
NBF2,2026-07-20,10.0,10.1,2800
RBCL,2026-07-20,14631.0,14627.0,100
MHL,2026-07-20,489.9,492.0,10339
ECL,2026-07-20,333.6,372.4,80
MKHC,2026-07-20,293.0,301.4,12896
NMB,2026-07-20,233.0,246.0,52880
PRIN,2026-07-20,698.0,702.4,5527
MKCL,2026-07-20,1090.0,1149.0,2110
SARBTM,2026-07-20,800.0,813.0,4981
BPCL,2026-07-20,679.8,675.0,43844
BHL,2026-07-20,211.3,218.1,215139
MHCL,2026-07-20,330.0,331.9,5805
NFS,2026-07-20,585.0,585.0,11713
SGIC,2026-07-20,475.0,485.0,9884
UNHPL,2026-07-20,398.0,405.0,48188
ICFC,2026-07-20,609.0,619.5,4928
SLCF,2026-07-20,10.2,10.0,3038
HEI,2026-07-20,523.0,540.0,4950
PMLI,2026-07-20,449.0,454.4,7024
NICLBSL,2026-07-20,556.2,569.0,5880
HPPL,2026-07-20,360.0,373.1,139567
GBIME,2026-07-20,246.0,245.0,82844
MNMF1,2026-07-20,9.6,9.9,7500
SSHL,2026-07-20,207.0,213.0,161561
TPC,2026-07-20,368.0,367.0,10946
NLICL,2026-07-20,585.0,590.0,9262
MEN,2026-07-20,595.0,600.0,88947
NBF3,2026-07-20,9.95,10.0,31580
RSML,2026-07-20,3150.0,3498.0,73255
NMFBS,2026-07-20,1140.0,1139.0,4192
SHLB,2026-07-20,1520.0,1475.1,70
RMF1,2026-07-20,9.62,9.75,41738
GCIL,2026-07-20,385.3,372.0,31484
PURE,2026-07-20,870.0,872.0,5091
SHINE,2026-07-20,414.0,419.0,33213
SIFC,2026-07-20,525.0,533.9,13965
HIDCL,2026-07-20,265.0,267.0,109486
VLBS,2026-07-20,680.0,692.0,1900
USHL,2026-07-20,540.0,540.0,4097
DOLTI,2026-07-20,348.8,333.1,32042
NMB50,2026-07-20,10.89,10.88,45355
ALBSL,2026-07-20,1030.0,1083.9,2929
DLBS,2026-07-20,1240.0,1219.0,216
MLBS,2026-07-20,1157.0,1175.5,892
SHIVM,2026-07-20,653.5,663.0,150670
NIFRA,2026-07-20,254.0,257.9,52428
OHL,2026-07-20,690.0,704.8,2595
MHNL,2026-07-20,240.0,246.9,18310
SBD87,2026-07-20,1150.0,1150.0,10
SCB,2026-07-20,664.0,665.0,4716
KDBY,2026-07-20,10.76,11.1,53300
GBBL,2026-07-20,412.0,421.0,59719
SAIL,2026-07-20,980.0,1069.2,78017
CBBL,2026-07-20,928.0,935.0,14360
GMFIL,2026-07-20,468.0,470.0,13779
SOHL,2026-07-20,544.0,596.0,130044
ILBS,2026-07-20,917.0,891.0,2345
WNLB,2026-07-20,1360.0,1370.0,343
SALICO,2026-07-20,606.0,610.0,4862
JBBD87,2026-07-20,1162.0,1150.0,55
CYCL,2026-07-20,1378.9,1360.0,956
MBJC,2026-07-20,275.0,277.0,11193
GRDBL,2026-07-20,1110.0,1088.0,34396
PHCL,2026-07-20,303.0,309.9,81908
SIGS2,2026-07-20,10.5,10.5,300
SAHAS,2026-07-20,665.0,666.5,124831
BFC,2026-07-20,562.0,539.8,54997
HHL,2026-07-20,341.0,349.0,23637
DDBL,2026-07-20,861.0,854.5,8964
SMATA,2026-07-20,760.0,761.0,2029
MEL,2026-07-20,231.0,226.0,36999
C30MF,2026-07-20,10.0,10.02,6200
RNLI,2026-07-20,455.0,459.5,9225
GILB,2026-07-17,1070.0,1100.0,1060
EHPL,2026-07-17,338.0,350.0,24582
GBBL,2026-07-17,406.0,411.0,21076
JSLBB,2026-07-17,1009.9,1020.0,748
NADEP,2026-07-17,739.0,750.0,611
RAWA,2026-07-17,419.0,437.6,57692
BHPL,2026-07-17,471.0,489.0,8419
USHEC,2026-07-17,482.2,501.7,3542
NSY,2026-07-17,9.46,9.7,2500
NICD88,2026-07-17,1095.0,1092.1,900
KBLD89,2026-07-17,1300.0,1260.0,1409
ADBL,2026-07-17,309.0,311.0,29794
KSBBL,2026-07-17,475.0,485.8,12637
KBL,2026-07-17,215.0,220.0,368801
TPKHL,2026-07-17,494.0,516.0,44421
SPC,2026-07-17,425.9,435.0,7389
SOHL,2026-07-17,500.1,544.0,66962
GBIMESY2,2026-07-17,9.69,9.69,910
UNLB,2026-07-17,1282.0,1300.0,339
NICLBSL,2026-07-17,554.9,572.6,7397
DOLTI,2026-07-17,315.0,332.2,30006
YMHL,2026-07-17,550.0,588.1,22304
SNLI,2026-07-17,423.0,436.0,7675
NLICL,2026-07-17,565.1,588.0,15841
EBLD86,2026-07-17,1091.3,1091.3,25
ICFCD83,2026-07-17,1154.0,1211.7,1
SWBBL,2026-07-17,655.0,677.0,9522
CREST,2026-07-17,1150.0,1214.7,11484
HRL,2026-07-17,568.0,581.9,93740
NIMB,2026-07-17,195.0,196.4,93380
GIBF1,2026-07-17,10.27,10.45,14450
ILI,2026-07-17,408.0,424.0,5127
CORBL,2026-07-17,1516.7,1530.0,119131
SHL,2026-07-17,492.0,499.5,17187
NICGF2,2026-07-17,9.3,9.5,52027
HPPL,2026-07-17,349.9,364.8,123594
MBJC,2026-07-17,266.6,275.0,10788
SHIVM,2026-07-17,600.0,652.0,108959
NABBC,2026-07-17,814.0,825.0,9854
TTL,2026-07-17,714.9,736.0,12846
SIFC,2026-07-17,523.0,525.0,8988
PPCL,2026-07-17,338.0,346.0,14383
SIGS2,2026-07-17,10.67,10.67,110
HLBSL,2026-07-17,882.9,883.0,274
SPHL,2026-07-17,547.0,560.8,11799
HEIP,2026-07-17,366.7,342.0,550
NRM,2026-07-17,305.1,321.0,18927
SPL,2026-07-17,673.0,674.0,1282
BUNGAL,2026-07-17,576.0,625.2,55241
GCIL,2026-07-17,341.0,367.0,38512
NMB,2026-07-17,241.6,245.0,24088
GBIME,2026-07-17,242.8,246.0,98871
STC,2026-07-17,5249.0,5259.0,657
NMBHF2,2026-07-17,9.93,9.56,8650
VLUCL,2026-07-17,436.0,444.0,3539
GRDBL,2026-07-17,1059.8,1058.0,6687
AKPL,2026-07-17,252.0,261.7,65963
KEF,2026-07-17,10.05,10.34,3500
SMB,2026-07-17,1869.0,1890.0,2351
SKHL,2026-07-17,858.9,887.0,26143
GLH,2026-07-17,250.2,254.1,55312
ICFCD89,2026-07-17,1105.0,1106.0,619
AVYAN,2026-07-17,1020.0,1075.0,1529
GMLI,2026-07-17,1140.0,1231.0,6158
SIKLES,2026-07-17,555.0,570.0,11901
CIZBD90,2026-07-17,1175.0,1175.0,1900
MHL,2026-07-17,480.0,489.9,6720
SBI,2026-07-17,394.9,399.9,34768
KAHL,2026-07-17,473.0,497.0,33606
SSHL,2026-07-17,199.0,207.5,191735
KBSH,2026-07-17,1235.9,1194.0,1744
MLBL,2026-07-17,353.0,360.5,20242
SBLD2091,2026-07-17,1080.0,1080.0,10
SCBD,2026-07-17,1130.0,1130.0,88
HATHY,2026-07-17,675.0,720.0,10866
GHL,2026-07-17,219.0,226.0,45081
MKJC,2026-07-17,458.0,461.0,4530
EBLD85,2026-07-17,1155.0,1153.0,90
SJCL,2026-07-17,279.0,284.1,12448
BFC,2026-07-17,509.0,537.9,80119
SEF,2026-07-17,9.96,9.98,8497
BNT,2026-07-17,11650.0,11650.0,70
OMPL,2026-07-17,905.5,943.0,4239
BJHL,2026-07-17,700.0,754.0,9376
RNLI,2026-07-17,436.0,451.8,9257
UPPER,2026-07-17,200.8,199.0,130802
CIT,2026-07-17,1679.0,1697.0,4443
MLBS,2026-07-17,1150.0,1190.0,348
UAIL,2026-07-17,445.5,475.9,52661
HDHPC,2026-07-17,206.0,216.1,208257
LICN,2026-07-17,795.0,798.0,15549
MERO,2026-07-17,690.1,714.0,18615
ALBSL,2026-07-17,1021.0,1075.0,7868
RIDI,2026-07-17,309.7,349.5,447865
PRSF,2026-07-17,12.72,12.79,2800
GMFIL,2026-07-17,447.0,468.0,16105
MKHL,2026-07-17,513.0,518.9,15530
CZBIL,2026-07-17,200.0,203.0,66602
BGWT,2026-07-17,562.3,560.0,2281
KPCL,2026-07-17,460.0,478.7,7411
MAKAR,2026-07-17,473.4,478.9,27092
NICSF,2026-07-17,9.1,9.26,2900
MEN,2026-07-17,573.0,588.0,43312
GUFL,2026-07-17,555.5,559.0,15375
KKHC,2026-07-17,254.0,260.0,39565
HIMSTAR,2026-07-17,653.0,714.0,8444
SGHC,2026-07-17,328.0,330.0,31842
RHGCL,2026-07-17,246.6,270.0,27112
SAIL,2026-07-17,796.1,963.7,67127
CITY,2026-07-17,346.0,382.0,216050
NBF3,2026-07-17,9.7,10.0,4920
CSY,2026-07-17,9.0,9.03,2300
PHCL,2026-07-17,298.0,306.8,61395
PROFL,2026-07-17,438.0,444.0,6840
CGH,2026-07-17,765.0,773.0,7342
SFMF,2026-07-17,10.2,10.2,5000
MHNL,2026-07-17,227.0,244.5,33394
SHEL,2026-07-17,308.5,311.8,105952
RMF1,2026-07-17,9.76,9.76,11300
PSF,2026-07-17,12.0,11.92,12716
SLCF,2026-07-17,10.54,10.24,8100
MKHC,2026-07-17,275.0,296.0,2731
NTC,2026-07-17,860.0,862.0,13997
NIL,2026-07-17,621.9,632.0,5801
MANDU,2026-07-17,819.0,800.0,593
RMF2,2026-07-17,9.9,9.92,400
SIGS3,2026-07-17,10.25,10.7,460
SBCF,2026-07-17,9.75,10.19,66369
SABBL,2026-07-17,850.0,914.0,13371
MLBLD89,2026-07-17,1280.4,1280.4,10
RFPL,2026-07-17,331.8,335.1,34545
TAMOR,2026-07-17,441.0,448.1,14552
NICL,2026-07-17,520.0,524.8,9270
MHCL,2026-07-17,312.0,329.0,3917
RLFL,2026-07-17,462.0,470.0,31609
ULBSL,2026-07-17,2878.0,2845.0,849
SONA,2026-07-17,401.5,417.1,23789
FOWAD,2026-07-17,965.0,1004.4,2646
GVL,2026-07-17,474.3,491.3,14130
HURJA,2026-07-17,229.0,238.0,54855
DORDI,2026-07-17,253.0,261.9,39350
HLI,2026-07-17,323.0,328.0,30096
GFCL,2026-07-17,600.0,619.6,7728
MCHL,2026-07-17,283.0,290.0,13687
SICL,2026-07-17,625.0,629.0,6446
MABEL,2026-07-17,567.0,602.0,10093
VLBS,2026-07-17,650.0,680.0,2096
DHEL,2026-07-17,542.0,572.0,26156
RURU,2026-07-17,636.5,619.0,5670
TRH,2026-07-17,767.1,780.0,2081
KHPL,2026-07-17,920.0,998.0,24893
SANVI,2026-07-17,565.0,607.7,19363
SMATA,2026-07-17,729.0,754.9,2137
API,2026-07-17,305.0,339.9,217252
SAGAR,2026-07-17,1590.0,1719.9,19486
NABIL,2026-07-17,539.0,542.7,66735
NYADI,2026-07-17,369.7,375.0,4002
BPCL,2026-07-17,650.0,671.0,31635
H8020,2026-07-17,11.35,11.72,550
BHDC,2026-07-17,421.3,435.9,9988
MEL,2026-07-17,214.0,220.0,27167
SADBL,2026-07-17,410.0,413.7,25726
JBBL,2026-07-17,336.0,349.7,23039
BEDC,2026-07-17,317.0,330.0,41743
KDBY,2026-07-17,10.74,10.87,7300
FMDBL,2026-07-17,817.0,785.0,37212
HLICF,2026-07-17,8.7,8.64,800
JFL,2026-07-17,394.0,399.0,4090
MEHL,2026-07-17,304.9,311.0,4355
SMHL,2026-07-17,485.0,492.0,43806
MNBBL,2026-07-17,369.8,370.0,23996
IHL,2026-07-17,354.0,359.0,19613
SKHEL,2026-07-17,900.5,1004.0,14021
MSLB,2026-07-17,1240.0,1239.8,991
NIFRA,2026-07-17,247.0,254.9,72653
NESDO,2026-07-17,1509.9,1525.0,231
AHPC,2026-07-17,266.9,272.0,77148
SBLD89,2026-07-17,1261.0,1261.0,10
BNHC,2026-07-17,286.0,289.9,26202
LBBL,2026-07-17,485.0,495.0,23295
NHDL,2026-07-17,635.0,649.0,5959
ILBS,2026-07-17,825.0,874.0,1332
UPCL,2026-07-17,348.0,352.0,61680
NMB50,2026-07-17,10.45,10.6,23850
BARUN,2026-07-17,322.0,334.1,36444
LSL,2026-07-17,216.1,222.8,156215
IGI,2026-07-17,435.6,445.1,19263
SYPNL,2026-07-17,1192.3,1338.0,56308
C30MF,2026-07-17,10.2,10.2,15000
JOSHI,2026-07-17,260.0,269.8,18183
AHL,2026-07-17,425.0,430.0,4378
RLEL,2026-07-17,740.0,799.0,20326
SINDU,2026-07-17,688.9,700.0,12796
NIMBPO,2026-07-17,146.0,147.0,3520
NMFBS,2026-07-17,1105.1,1128.0,3343
ICFCD88,2026-07-17,1164.0,1155.0,25
SGIC,2026-07-17,469.5,485.0,23801
PURE,2026-07-17,821.8,870.0,10043
NIBLSTF,2026-07-17,8.8,9.18,24400
NICFC,2026-07-17,8.8,9.1,900
SBL,2026-07-17,397.0,401.0,106926
EDBL,2026-07-17,578.0,577.0,2872
RSY,2026-07-17,10.2,10.0,46100
KSY,2026-07-17,10.0,9.75,700
PMLI,2026-07-17,435.9,454.9,2637
SAGF,2026-07-17,10.49,10.49,100
SIPD,2026-07-17,574.9,626.0,25904
LVF2,2026-07-17,9.7,10.0,900
PMHPL,2026-07-17,320.29,325.0,6382
EBL,2026-07-17,703.5,718.0,25601
PRVU,2026-07-17,191.1,197.0,146628
NRIC,2026-07-17,950.0,961.0,35033
OHL,2026-07-17,696.5,690.0,2558
GMFBS,2026-07-17,1222.0,1200.0,1033
UHEWA,2026-07-17,550.0,572.0,37884
BHCL,2026-07-17,463.0,482.0,23309
RSML,2026-07-17,2940.0,3200.0,49947
USHL,2026-07-17,518.7,515.0,3832
TPC,2026-07-17,357.0,360.0,16713
PCIL,2026-07-17,595.0,652.0,103764
RHPL,2026-07-17,253.0,263.6,8545
NMIC,2026-07-17,913.0,939.8,2382
SWMF,2026-07-17,629.0,638.0,6117
SCB,2026-07-17,664.5,662.9,7453
ANLB,2026-07-17,7560.0,6120.0,267
SLBBL,2026-07-17,800.0,817.0,2386
UMRH,2026-07-17,525.0,540.0,11625
SANIMA,2026-07-17,350.1,361.0,54196
PRIN,2026-07-17,701.4,690.0,6967
AKJCL,2026-07-17,352.0,363.0,619740
SPIL,2026-07-17,719.0,725.0,448
RBCL,2026-07-17,14893.0,14894.0,30
NBBD2085,2026-07-17,1165.0,1165.0,40
NBF2,2026-07-17,9.61,9.8,500
DLBS,2026-07-17,1215.0,1235.0,139
SAHAS,2026-07-17,667.8,658.9,87081
SMH,2026-07-17,509.0,512.0,36777
FOWADP,2026-07-17,550.0,550.0,4350
JHAPA,2026-07-17,1015.0,1111.0,19345
SPDL,2026-07-17,372.0,394.7,117709
CBBL,2026-07-17,918.0,929.0,12245
HIDCLP,2026-07-17,190.9,195.3,105167
ADBLD83,2026-07-17,1062.2,1062.2,46
NGPL,2026-07-17,417.0,418.2,360263
SLBSL,2026-07-17,1123.69,1115.0,7854
TSHL,2026-07-17,365.0,405.0,33801
KMCDB,2026-07-17,782.0,797.9,2603
MSHL,2026-07-17,581.0,660.0,249
SKBBL,2026-07-17,758.0,763.8,5098
MPFL,2026-07-17,607.9,619.9,8140
CHDC,2026-07-17,2160.0,2154.9,19790
CKHL,2026-07-17,618.9,614.0,5357
JBLB,2026-07-17,1250.0,1296.9,6153
SFEF,2026-07-17,9.95,9.95,200
MNMF1,2026-07-17,9.61,9.61,1100
UNHPL,2026-07-17,389.0,396.1,20665
APHL,2026-07-17,800.1,828.1,22129
NLIC,2026-07-17,745.0,769.9,16890
USLB,2026-07-17,1159.0,1220.0,1411
SMPDA,2026-07-17,735.0,780.0,2093
BANDIPUR,2026-07-17,666.0,705.0,23565
NMBMF,2026-07-17,605.0,626.0,4156
MLBSL,2026-07-17,1730.8,1759.0,292
PPL,2026-07-17,304.0,340.0,33445
NHPC,2026-07-17,245.9,269.0,426685
ECL,2026-07-17,296.6,323.9,50
BHL,2026-07-17,200.0,212.0,119440
HDL,2026-07-17,1148.0,1163.0,20089
SAPDBL,2026-07-17,766.6,770.7,14186
BBC,2026-07-17,4260.0,4199.9,80
WNLB,2026-07-17,1350.0,1381.0,281
SHLB,2026-07-17,1500.0,1500.0,490
RBCLPO,2026-07-17,12443.2,12100.0,75
SALICO,2026-07-17,610.0,620.0,4612
CHL,2026-07-17,259.0,265.2,21363
CYCL,2026-07-17,1328.0,1360.0,1228
SHINE,2026-07-17,412.5,413.9,18100
NLG,2026-07-17,565.0,578.1,37975
HIDCL,2026-07-17,254.0,264.8,61980
NIBSF2,2026-07-17,8.84,8.85,3920
DHPL,2026-07-17,283.0,290.0,6368
NRN,2026-07-17,1280.0,1462.6,83472
MATRI,2026-07-17,840.0,874.0,152
NBL,2026-07-17,265.3,266.6,42394
LUK,2026-07-17,10.19,10.49,7820
MLBBL,2026-07-17,1137.0,1149.0,3543
UMHL,2026-07-17,555.0,591.0,125723
SRLI,2026-07-17,375.0,386.9,11142
TVCL,2026-07-17,461.0,490.0,3133
GLBSL,2026-07-17,1798.9,1765.5,579
NMLBBL,2026-07-17,535.0,544.0,8160
NWCL,2026-07-17,734.8,749.0,1592
NUBL,2026-07-17,636.0,635.0,2774
CLI,2026-07-17,435.1,451.0,4003
MMF1,2026-07-17,9.46,9.87,5700
ALICL,2026-07-17,426.9,433.7,12498
CHCL,2026-07-17,484.5,487.0,16591
DDBL,2026-07-17,840.0,852.0,5052
SMJC,2026-07-17,428.1,449.0,10557
ENL,2026-07-17,827.0,848.0,828
SARBTM,2026-07-17,779.0,795.0,5780
ACLBSLP,2026-07-17,512.0,512.0,6960
RBBF40,2026-07-17,9.7,9.38,15441
SGHL,2026-07-17,462.0,481.0,55633
SNORL,2026-07-17,779.1,803.0,25341
GWFD83,2026-07-17,1153.0,1160.0,46
ICFC,2026-07-17,605.0,608.5,10767
SWASTIK,2026-07-17,1950.0,2075.0,578
SHPC,2026-07-17,499.0,513.0,55253
HHL,2026-07-17,330.0,346.0,44564
GBLBS,2026-07-17,747.5,753.0,2686
NFS,2026-07-17,571.0,577.7,5529
LEC,2026-07-17,208.8,218.8,125636
PCBL,2026-07-17,238.8,242.0,32748
MBLEF,2026-07-17,9.84,10.05,7970
MBL,2026-07-17,249.9,255.0,113446
CFCL,2026-07-17,614.7,631.6,123942
NSIF2,2026-07-17,10.53,10.53,670
SJLIC,2026-07-17,395.0,425.0,12428
MDB,2026-07-17,583.0,596.6,5260
MFIL,2026-07-17,789.0,800.0,116210
KDL,2026-07-17,795.0,816.0,2593
ULHC,2026-07-17,366.9,373.0,11147
MKCL,2026-07-17,1110.0,1119.0,2010
MMKJL,2026-07-17,442.9,449.0,1413
SOPL,2026-07-17,780.0,823.1,56949
HEI,2026-07-17,534.9,535.0,7861
SMFBS,2026-07-17,1524.4,1565.0,879
LLBS,2026-07-17,930.0,923.9,200
ACLBSL,2026-07-17,932.0,935.0,611
RADHI,2026-07-17,735.0,737.5,88960
NICA,2026-07-17,331.0,339.7,43198
HBL,2026-07-17,192.5,199.5,56571
HFIN,2026-07-17,650.0,696.2,44863
RSDC,2026-07-17,649.8,664.0,4400
GUFLPO,2026-07-16,298.0,298.0,2000
LLBS,2026-07-16,939.3,919.9,511
SRLI,2026-07-16,370.0,378.8,10384
SYPNL,2026-07-16,1282.0,1255.0,37066
SKHEL,2026-07-16,868.1,874.3,1920
SNLI,2026-07-16,419.0,422.1,4151
RLEL,2026-07-16,743.8,713.0,7825
JHAPA,2026-07-16,1000.0,1015.0,6912
SIGS2,2026-07-16,10.4,11.0,7000
HHL,2026-07-16,332.0,323.0,16728
SANIMA,2026-07-16,352.9,350.0,50971
SANVI,2026-07-16,570.0,565.0,6167
BJHL,2026-07-16,702.0,681.0,3138
LEC,2026-07-16,209.9,203.0,64279
UAIL,2026-07-16,431.1,433.0,3229
SWBBL,2026-07-16,651.0,643.0,53284
CIZBD90,2026-07-16,1225.0,1210.0,101780
MSLB,2026-07-16,1193.2,1230.0,246
SBLD84,2026-07-16,1090.0,1090.0,48769
RNLI,2026-07-16,437.1,440.0,6013
GSY,2026-07-16,9.91,10.3,32000
RIDI,2026-07-16,328.0,326.0,494227
RBBF40,2026-07-16,9.71,9.99,12450
LVF2,2026-07-16,9.75,9.77,12500
BUNGAL,2026-07-16,571.9,585.0,40201
PHCL,2026-07-16,306.7,290.0,141142
ICFC,2026-07-16,592.0,589.0,9136
FOWAD,2026-07-16,1000.0,979.0,1764
USHL,2026-07-16,516.0,494.0,3800
NHPC,2026-07-16,257.0,243.0,169424
KBL,2026-07-16,212.0,210.0,128012
MHCL,2026-07-16,307.0,309.0,1625
MCHL,2026-07-16,269.7,275.1,1917
GUFL,2026-07-16,545.0,540.0,2429
RSML,2026-07-16,2970.0,2970.0,29513
SJCL,2026-07-16,269.0,272.9,8303
JBBL,2026-07-16,343.0,339.0,8028
CZBIL,2026-07-16,197.9,196.9,30884
RSY,2026-07-16,9.76,10.24,8910
NRN,2026-07-16,1423.8,1344.0,169919
JBLB,2026-07-16,1230.0,1250.0,1473
SBID89,2026-07-16,1149.5,1150.0,125
SLBSL,2026-07-16,1103.0,1100.0,1986
GLBSL,2026-07-16,1770.0,1763.9,257
MLBSL,2026-07-16,1734.0,1734.0,76
TRH,2026-07-16,760.1,785.0,1675
NIBLSTF,2026-07-16,8.92,9.04,36531
GRDBL,2026-07-16,1000.4,1038.9,4462
C30MF,2026-07-16,9.75,10.2,740
MAKAR,2026-07-16,452.1,488.0,14572
TPKHL,2026-07-16,496.0,494.8,29596
NWCL,2026-07-16,693.0,723.0,3898
MNMF1,2026-07-16,10.2,9.9,2500
GVL,2026-07-16,468.0,480.0,18946
MHNL,2026-07-16,233.0,235.0,7796
NMBHF2,2026-07-16,9.5,10.13,79180
NMB50,2026-07-16,10.19,10.18,14700
BEDC,2026-07-16,315.0,308.0,11679
RSDC,2026-07-16,661.0,649.8,841
SINDU,2026-07-16,714.0,670.0,6146
PMLI,2026-07-16,463.0,433.1,3461
NICD83/84,2026-07-16,1079.9,1079.9,10
HLI,2026-07-16,333.9,321.8,113119
SNORL,2026-07-16,771.0,779.0,16511
RURU,2026-07-16,603.2,618.0,8361
RBCL,2026-07-16,14797.0,14879.0,60
MKCL,2026-07-16,1070.0,1101.0,1594
APHL,2026-07-16,800.0,819.0,9640
NBLD85,2026-07-16,1100.0,1100.0,20
BNT,2026-07-16,11750.0,11610.0,120
EHPL,2026-07-16,318.3,328.3,18118
MHL,2026-07-16,475.0,469.0,11462
HEIP,2026-07-16,325.0,378.0,7180
CREST,2026-07-16,1186.9,1174.7,6005
SGHC,2026-07-16,330.0,320.0,16020
NABBC,2026-07-16,821.0,795.0,15387
RMF1,2026-07-16,10.05,10.05,49324
EDBL,2026-07-16,578.0,561.3,2995
TVCL,2026-07-16,465.0,469.0,3379
MNBBL,2026-07-16,362.4,362.9,12086
NHDL,2026-07-16,639.0,630.9,17638
SBLD2091,2026-07-16,1090.0,1090.0,15000
JSLBB,2026-07-16,970.0,999.0,1396
SIFC,2026-07-16,505.0,509.0,2114
SMH,2026-07-16,507.0,504.8,8435
ULBSL,2026-07-16,2729.4,2800.0,1693
SABBL,2026-07-16,830.1,835.0,9425
GBBD85,2026-07-16,1065.2,1100.0,106
PRVU,2026-07-16,190.0,189.6,55989
ILBS,2026-07-16,817.0,864.0,481
CLI,2026-07-16,435.0,435.1,4932
EBLD91,2026-07-16,1100.0,1120.0,14520
DHEL,2026-07-16,550.0,540.1,20078
SCBD,2026-07-16,1137.0,1145.0,31008
NMBMF,2026-07-16,606.6,593.0,1175
BBC,2026-07-16,4239.0,4169.0,60
NIMB,2026-07-16,190.0,190.0,94936
CITY,2026-07-16,352.0,341.1,96039
SBCF,2026-07-16,9.37,9.75,12790
SKHL,2026-07-16,844.0,818.0,7013
VLBS,2026-07-16,652.0,650.0,2590
NABIL,2026-07-16,535.5,534.9,28326
NLICL,2026-07-16,609.0,579.0,68074
KBLD90,2026-07-16,1320.0,1488.0,246
GCIL,2026-07-16,323.0,340.0,28976
SFEF,2026-07-16,9.95,10.19,12800
SHEL,2026-07-16,299.0,302.9,821873
KKHC,2026-07-16,254.0,249.0,22390
SAGAR,2026-07-16,1570.0,1618.0,14532
MLBL,2026-07-16,355.8,346.0,4387
TAMOR,2026-07-16,458.3,437.0,35199
GFCL,2026-07-16,601.1,590.1,7913
LSL,2026-07-16,212.1,215.1,81383
NIBD84,2026-07-16,1096.0,1102.0,48315
SPHL,2026-07-16,515.4,575.3,12638
SPIL,2026-07-16,690.1,741.0,7889
NICL,2026-07-16,534.4,512.9,10117
SEF,2026-07-16,10.0,10.02,10400
ICFCD83,2026-07-16,1140.0,1154.0,6
SMB,2026-07-16,1800.0,1827.0,3704
ALICL,2026-07-16,428.0,419.0,13271
EBLD85,2026-07-16,1160.0,1160.0,25
SBID2090,2026-07-16,1100.0,1100.0,21633
BHDC,2026-07-16,422.0,423.0,6296
UPPER,2026-07-16,192.0,191.3,44003
SCB,2026-07-16,639.0,666.1,14522
CORBL,2026-07-16,1662.5,1596.5,89801
SBI,2026-07-16,385.1,392.9,10894
SLCF,2026-07-16,9.7,10.55,5500
BFC,2026-07-16,509.0,514.5,24660
SALICO,2026-07-16,597.9,605.0,11795
HIDCL,2026-07-16,250.0,250.0,62953
PROFL,2026-07-16,451.5,433.0,3120
SGIC,2026-07-16,497.4,469.0,13349
NTC,2026-07-16,853.0,857.5,3418
SFMF,2026-07-16,10.1,10.0,10000
PMLIP,2026-07-16,255.0,255.0,13000
STC,2026-07-16,5100.0,5169.0,56
HURJA,2026-07-16,229.0,226.5,24506
SJLIC,2026-07-16,418.0,413.0,5855
NSIF2,2026-07-16,10.23,10.23,100
GBLBS,2026-07-16,734.0,730.1,211
MMF1,2026-07-16,9.8,9.75,26000
SPC,2026-07-16,410.1,420.9,1085
SAPDBL,2026-07-16,720.1,730.1,17409
NICLBSL,2026-07-16,560.0,542.0,4464
CIT,2026-07-16,1689.0,1670.0,3427
KBLD89,2026-07-16,1309.0,1314.0,777
NICD88,2026-07-16,1125.0,1125.0,54
NUBL,2026-07-16,601.0,635.0,13871
NMBD89/90,2026-07-16,1424.0,1460.0,70
PSF,2026-07-16,11.71,11.8,6100
HEI,2026-07-16,526.0,520.0,7317
NIL,2026-07-16,609.0,610.0,3627
SMBPO,2026-07-16,986.0,986.0,7661
KHPL,2026-07-16,920.0,916.0,14177
BGWT,2026-07-16,546.0,546.0,1434
NBLD82,2026-07-16,1086.0,1086.0,10000
NICAD85/86,2026-07-16,1140.0,1174.0,100225
UNLB,2026-07-16,1338.6,1275.0,375
CYCL,2026-07-16,1320.0,1328.0,384
RHGCL,2026-07-16,251.0,249.9,14851
MLBBL,2026-07-16,1139.0,1117.0,2227
BANDIPUR,2026-07-16,708.1,661.0,16750
KSBBL,2026-07-16,470.4,474.0,65907
CBBL,2026-07-16,916.0,922.0,18030
MEL,2026-07-16,210.2,214.5,3110
AHL,2026-07-16,414.0,414.0,1528
NBF3,2026-07-16,9.7,9.93,22870
SARBTM,2026-07-16,780.0,772.0,15491
MANDU,2026-07-16,800.0,800.0,3127
ADBLD83,2026-07-16,1075.1,1095.0,200
MBL,2026-07-16,247.0,248.0,40714
RLFL,2026-07-16,459.0,450.0,31854
MBJC,2026-07-16,275.0,266.5,4372
NMFBS,2026-07-16,1109.0,1102.0,1333
NESDO,2026-07-16,1480.0,1466.0,334
BARUN,2026-07-16,314.1,319.9,18636
SMJC,2026-07-16,439.9,426.3,20465
NLG,2026-07-16,603.0,558.0,9654
SAIL,2026-07-16,893.5,838.0,11597
SKBBL,2026-07-16,745.0,751.9,14872
UMHL,2026-07-16,571.7,572.0,123162
UMRH,2026-07-16,515.0,517.0,5017
MBLEF,2026-07-16,9.88,10.0,1600
MKHC,2026-07-16,289.0,283.3,5751
MDB,2026-07-16,568.0,582.0,7145
SOPL,2026-07-16,732.5,780.0,51223
HATHY,2026-07-16,675.0,672.9,6428
FOWADP,2026-07-16,550.0,550.0,5324
CFCL,2026-07-16,604.0,608.9,36063
ADBL,2026-07-16,303.1,309.0,21483
PBLD86,2026-07-16,1328.0,1470.0,39
UPCL,2026-07-16,355.0,342.0,78956
TPC,2026-07-16,357.0,349.0,11409
CIZBD86,2026-07-16,1177.0,1177.0,1
PBD88,2026-07-16,1250.0,1250.0,25
BNHC,2026-07-16,293.4,278.0,33568
HBLD86,2026-07-16,1215.0,1220.0,65
SADBL,2026-07-16,420.0,404.0,9045
AVYAN,2026-07-16,1029.9,1042.0,9282
YMHL,2026-07-16,546.1,556.0,17544
NBF2,2026-07-16,9.9,9.9,6311
SBLD89,2026-07-16,1273.0,1300.0,425
NMIC,2026-07-16,880.0,889.9,3020
HDHPC,2026-07-16,206.0,203.0,91767
CBLD88,2026-07-16,1305.0,1314.0,5
HLICF,2026-07-16,8.7,8.7,4360
MEN,2026-07-16,560.0,568.9,27746
HLBSL,2026-07-16,836.1,869.4,61
LBLD86,2026-07-16,1151.0,1229.0,216
GBIMESY2,2026-07-16,9.97,9.98,16750
H8020,2026-07-16,11.65,11.65,10000
AKJCL,2026-07-16,344.0,337.0,403201
CGH,2026-07-16,808.5,755.2,6674
SPDL,2026-07-16,367.0,382.9,62421
NGPL,2026-07-16,406.0,398.0,228603
PBD84,2026-07-16,1085.0,1085.0,25
PPCL,2026-07-16,340.8,330.0,5691
NRIC,2026-07-16,971.0,923.0,22497
PURE,2026-07-16,753.0,865.0,8388
HFIN,2026-07-16,650.0,644.0,20044
MFIL,2026-07-16,750.0,772.0,13195
RAWA,2026-07-16,408.4,411.8,16584
SPL,2026-07-16,618.0,662.0,6146
KBSH,2026-07-16,1215.0,1200.1,322
GHL,2026-07-16,219.9,215.0,31722
HRL,2026-07-16,584.8,553.0,43458
UNHPL,2026-07-16,402.0,378.0,16510
NICFC,2026-07-16,9.5,9.06,2340
NBL,2026-07-16,264.0,261.6,38995
RADHI,2026-07-16,708.0,700.0,24647
PRSF,2026-07-16,12.41,12.35,153828
NBBD2085,2026-07-16,1140.0,1140.0,142
LBBL,2026-07-16,508.2,483.4,31140
ICFCD88,2026-07-16,1178.6,1164.0,30
WNLB,2026-07-16,1395.0,1350.1,610
NCCD86,2026-07-16,1225.6,1299.0,220
VLUCL,2026-07-16,422.1,428.0,1680
NMB,2026-07-16,241.5,239.5,13630
FMDBL,2026-07-16,760.0,860.0,30074
MABEL,2026-07-16,560.0,552.0,7084
BNL,2026-07-16,14100.0,14150.0,20
OMPL,2026-07-16,895.0,880.0,3590
SHINE,2026-07-16,417.3,415.0,22436
KDL,2026-07-16,760.2,784.0,1487
ANLB,2026-07-16,7200.0,7200.0,10
SHINED,2026-07-16,1145.0,1144.0,7
MMKJL,2026-07-16,440.0,430.0,2110
NLIC,2026-07-16,781.0,749.8,18816
GBBL,2026-07-16,403.0,403.8,19856
NICGF2,2026-07-16,9.9,9.49,2680
CHCL,2026-07-16,477.2,475.1,14892
KDBY,2026-07-16,10.69,10.74,61620
SSHL,2026-07-16,190.0,194.9,74593
SAHAS,2026-07-16,637.1,636.0,64937
EBL,2026-07-16,697.0,695.0,33249
NADEP,2026-07-16,708.0,739.5,2760
NIBSF2,2026-07-16,8.85,9.1,72200
MKHL,2026-07-16,457.0,540.0,18305
KMCDB,2026-07-16,761.0,772.6,857
SLBBL,2026-07-16,781.0,788.9,787
ACLBSL,2026-07-16,905.0,932.0,609
ILI,2026-07-16,401.2,408.0,6793
ICFCD89,2026-07-16,1108.3,1119.0,128
NICAD2091,2026-07-16,1090.0,1090.0,49040
GBIME,2026-07-16,242.0,240.0,55035
HPPL,2026-07-16,344.0,344.0,92919
MBLD2085,2026-07-16,1132.7,1233.0,33
KEF,2026-07-16,10.02,10.16,2200
CKHL,2026-07-16,531.0,638.0,32751
BHL,2026-07-16,210.0,204.0,31388
RBCLPO,2026-07-16,11350.0,12828.0,350
SRBLD83,2026-07-16,1099.0,1098.9,20217
NICA,2026-07-16,330.0,325.1,21138
USHEC,2026-07-16,483.1,489.0,2081
RMF2,2026-07-16,10.0,10.0,3100
USLB,2026-07-16,1163.0,1125.6,804
HDL,2026-07-16,1143.2,1140.0,36014
PPL,2026-07-16,307.0,320.0,9133
CCBD88,2026-07-16,1290.0,1326.0,151035
HIMSTAR,2026-07-16,634.0,648.5,3549
SIKLES,2026-07-16,553.1,554.9,5087
MPFL,2026-07-16,600.0,594.0,2831
SBL,2026-07-16,390.0,395.0,284325
NYADI,2026-07-16,358.1,359.0,4799
CHDC,2026-07-16,2173.5,2060.2,18516
GMFBS,2026-07-16,1170.0,1188.0,207
NIBLGF,2026-07-16,9.21,10.91,39150
SHL,2026-07-16,496.0,489.5,14876
CHL,2026-07-16,259.0,256.0,14841
OHL,2026-07-16,683.4,682.0,2134
SHPC,2026-07-16,489.0,490.0,44711
AKPL,2026-07-16,264.0,249.0,48150
SHIVM,2026-07-16,627.5,621.0,58274
RHPL,2026-07-16,267.7,253.0,11999
SICL,2026-07-16,613.0,615.0,3805
MERO,2026-07-16,663.0,670.0,5384
SIPD,2026-07-16,565.0,558.9,10156
GWFD83,2026-07-16,1140.8,1153.0,6
SWASTIK,2026-07-16,1950.2,1960.0,384
NSY,2026-07-16,10.09,9.75,19800
ENL,2026-07-16,817.0,805.0,764
MKJC,2026-07-16,468.3,445.0,2259
SMFBS,2026-07-16,1520.0,1480.0,2147
GIBF1,2026-07-16,10.5,10.5,12150
SMHL,2026-07-16,474.0,485.0,68832
GILB,2026-07-16,1078.8,1060.0,2608
SOHL,2026-07-16,520.0,509.0,107520
ULHC,2026-07-16,366.5,358.2,10191
SMATA,2026-07-16,720.0,730.0,1828
DOLTI,2026-07-16,318.1,317.9,23852
JFL,2026-07-16,390.0,383.0,3435
NRM,2026-07-16,295.1,300.0,7884
NFS,2026-07-16,575.0,555.0,11531
KSY,2026-07-16,9.75,10.03,300
SIGS3,2026-07-16,10.2,10.5,1830
GBILD84/85,2026-07-16,1172.0,1173.0,175
API,2026-07-16,325.1,320.7,143676
UHEWA,2026-07-16,578.0,553.0,28801
ALBSL,2026-07-16,1020.0,1050.0,3421
HBL,2026-07-16,193.0,194.5,24590
NICSF,2026-07-16,9.0,9.1,2800
HIDCLP,2026-07-16,197.4,188.0,133299
DLBS,2026-07-16,1133.0,1209.0,495
PMHPL,2026-07-16,325.0,315.8,1472
PCBL,2026-07-16,231.0,239.9,64646
SBD87,2026-07-16,1166.0,1150.0,200005
GMLI,2026-07-16,1173.0,1169.9,934
DORDI,2026-07-16,252.0,247.0,6530
LBBLD89,2026-07-16,1305.0,1308.0,205
LICN,2026-07-16,782.0,789.8,6429
SONA,2026-07-16,401.0,401.3,11930
NIMBD90,2026-07-16,1271.0,1272.0,30951
BHPL,2026-07-16,469.2,458.3,5513
MEHL,2026-07-16,301.0,298.0,1755
RFPL,2026-07-16,315.0,326.0,32454
KBLD86,2026-07-16,1359.0,1387.5,5
MSHL,2026-07-16,585.0,589.0,899
SAGF,2026-07-16,10.01,10.45,300
TTL,2026-07-16,700.0,696.5,7422
DHPL,2026-07-16,270.0,275.0,1171
CSY,2026-07-16,9.06,9.02,8920
TSHL,2026-07-16,367.9,365.0,22855
NMLBBL,2026-07-16,520.0,534.9,9491
MLBS,2026-07-16,1151.0,1149.4,465
NIFRA,2026-07-16,244.0,245.6,39713
KAHL,2026-07-16,480.0,473.0,20278
SWMF,2026-07-16,629.0,618.0,3436
IHL,2026-07-16,340.0,343.8,5430
MATRI,2026-07-16,808.1,839.0,289
SGHL,2026-07-16,470.0,462.0,36739
SBIBD86,2026-07-16,1175.0,1161.0,500
IGI,2026-07-16,449.4,449.0,12210
GMFIL,2026-07-16,452.0,450.0,12841
PRIN,2026-07-16,676.1,668.1,1666
BPCL,2026-07-16,612.0,668.0,37996
RBBD2088,2026-07-16,1083.0,1083.0,24176
AHPC,2026-07-16,265.3,262.1,37523
KPCL,2026-07-16,455.3,459.0,12862
BHCL,2026-07-16,463.3,450.0,25338
MLBLD89,2026-07-16,1320.0,1320.0,380
PCIL,2026-07-16,590.0,595.0,43238
EBLD86,2026-07-16,1125.0,1125.0,10
DDBL,2026-07-16,839.9,850.0,10041
SMPDA,2026-07-16,755.0,748.9,1270
PBLD87,2026-07-16,1120.0,1120.0,10
MFLD85,2026-07-16,1180.0,1187.5,25
GLH,2026-07-16,244.0,243.0,21079
SHLB,2026-07-16,1479.0,1479.0,10
JOSHI,2026-07-16,252.0,255.9,14122
BBC,2026-07-15,4126.9,4154.0,277
SAND2085,2026-07-15,1170.0,1245.0,472
NBBD2085,2026-07-15,1170.0,1170.0,20
RFPL,2026-07-15,330.0,328.0,13611
SBID83,2026-07-15,1088.4,1088.4,26
GBIMESY2,2026-07-15,9.97,9.5,9700
SYPNL,2026-07-15,1301.0,1299.8,31623
SONA,2026-07-15,404.0,407.0,13686
SINDU,2026-07-15,670.1,680.0,4847
EBLD85,2026-07-15,1169.0,1151.0,131
CHDC,2026-07-15,2118.0,2070.0,22240
RBBF40,2026-07-15,9.3,9.25,38301
NIL,2026-07-15,600.1,609.0,1697
LVF2,2026-07-15,10.0,9.95,10850
UNLB,2026-07-15,1359.8,1275.9,241
MDB,2026-07-15,578.3,575.0,4181
MBLD2085,2026-07-15,1132.7,1132.7,25
NTC,2026-07-15,859.9,853.0,6065
NLG,2026-07-15,575.0,574.5,4425
LBBLD89,2026-07-15,1305.0,1305.0,5
IHL,2026-07-15,345.0,345.2,5293
MMF1,2026-07-15,9.51,9.75,28597
JSLBB,2026-07-15,980.0,970.0,5689
NHDL,2026-07-15,645.0,639.0,2660
RMF2,2026-07-15,9.64,9.93,214700
SAGAR,2026-07-15,1505.0,1620.0,21862
TVCL,2026-07-15,476.1,469.9,1420
SABBL,2026-07-15,866.0,840.0,7655
KSBBL,2026-07-15,480.0,470.0,11263
SHINED,2026-07-15,1138.0,1145.0,185
SHL,2026-07-15,496.0,487.0,21524
RBBD2088,2026-07-15,1065.0,1070.0,312949
MKCL,2026-07-15,1065.0,1070.0,1581
MLBSL,2026-07-15,1740.8,1735.0,118
DLBS,2026-07-15,1200.0,1165.0,476
SPC,2026-07-15,408.0,420.0,2500
RHPL,2026-07-15,253.1,255.0,8784
BHPL,2026-07-15,471.0,469.2,2163
NIMBPO,2026-07-15,143.0,143.0,5043
FOWAD,2026-07-15,979.0,978.8,728
RSY,2026-07-15,9.74,10.01,2105
HBLD83,2026-07-15,1052.0,1050.1,420000
LLBS,2026-07-15,919.0,894.6,318
NMLBBL,2026-07-15,533.0,527.0,935
PMLIP,2026-07-15,255.0,255.0,20349
ILBS,2026-07-15,815.0,840.1,1182
HDHPC,2026-07-15,195.7,206.0,74341
GRDBL,2026-07-15,1010.1,1053.0,21518
SICL,2026-07-15,608.6,610.0,10214
USLB,2026-07-15,1169.0,1142.0,281
NMIC,2026-07-15,872.0,899.0,1427
SWBBL,2026-07-15,643.0,650.0,12841
H8020,2026-07-15,11.55,12.0,3060
MCHL,2026-07-15,273.0,278.0,8866
ICFCD83,2026-07-15,1100.0,1140.0,51
RNLI,2026-07-15,440.0,441.8,5624
PRVU,2026-07-15,188.0,189.5,70069
UAIL,2026-07-15,422.0,434.0,6438
BANDIPUR,2026-07-15,655.0,675.0,25458
NRN,2026-07-15,1300.0,1356.0,41928
MBL,2026-07-15,244.8,246.9,30575
WNLB,2026-07-15,1321.0,1380.0,175
ANLB,2026-07-15,7425.0,6860.9,20
JHAPA,2026-07-15,1040.0,1048.0,11369
PPCL,2026-07-15,334.7,334.0,2437
KBLD90,2026-07-15,1250.0,1325.0,134
BFC,2026-07-15,535.5,507.4,18175
NBF3,2026-07-15,9.95,10.0,39300
PROFL,2026-07-15,426.0,430.0,10047
LICN,2026-07-15,765.0,783.0,4568
GMFBS,2026-07-15,1253.0,1199.0,80
NICSF,2026-07-15,9.07,9.0,1600
NUBL,2026-07-15,596.0,600.1,7036
SAHAS,2026-07-15,648.0,638.3,65747
BJHL,2026-07-15,679.0,712.0,8116
OMPL,2026-07-15,878.1,888.0,5908
HFIN,2026-07-15,650.0,650.0,15443
NSIF2,2026-07-15,10.21,10.4,27040
CYCL,2026-07-15,1335.0,1310.5,674
GLBSL,2026-07-15,1732.0,1770.0,169
NMFBSP,2026-07-15,610.0,610.0,3400
NICL,2026-07-15,515.0,509.0,9816
NICD88,2026-07-15,1133.0,1133.0,20010
AVYAN,2026-07-15,1030.0,1030.0,2731
PCBL,2026-07-15,231.0,232.0,25011
JBBL,2026-07-15,339.0,342.2,33725
CITY,2026-07-15,349.8,346.0,90311
NICA,2026-07-15,330.0,329.9,29988
GBIME,2026-07-15,240.0,239.7,64301
HLICF,2026-07-15,8.75,8.7,700
NLIC,2026-07-15,740.1,743.9,43876
MAKAR,2026-07-15,460.1,460.0,6986
ICFCD89,2026-07-15,1120.0,1108.3,133
NLICL,2026-07-15,579.0,580.0,8530
MEL,2026-07-15,216.0,216.0,4840
SOHL,2026-07-15,530.0,523.4,43571
PHCL,2026-07-15,290.0,292.1,27475
PURE,2026-07-15,732.2,759.0,3238
ILI,2026-07-15,410.0,401.0,14014
KMCDB,2026-07-15,739.2,760.0,1322
NICLBSL,2026-07-15,552.0,544.0,1272
DOLTI,2026-07-15,320.0,317.9,17213
BARUN,2026-07-15,318.9,316.0,32991
TPC,2026-07-15,344.2,349.0,4312
MKHL,2026-07-15,466.0,479.9,3491
SOPL,2026-07-15,765.0,771.0,36729
SNORL,2026-07-15,769.0,771.0,12249
NIBLSTF,2026-07-15,8.9,8.5,93040
RHGCL,2026-07-15,256.0,251.0,9624
MEN,2026-07-15,560.0,559.0,57939
VLBS,2026-07-15,651.2,652.0,752
HURJA,2026-07-15,229.9,227.0,18128
NMBD89/90,2026-07-15,1304.0,1424.0,75
SKHL,2026-07-15,847.3,820.0,9333
JFL,2026-07-15,388.0,385.0,3719
GVL,2026-07-15,466.0,470.0,3334
NCCD86,2026-07-15,1190.0,1225.5,10
CGH,2026-07-15,770.0,770.0,68796
LBBL,2026-07-15,482.0,484.0,23861
KPCL,2026-07-15,458.0,455.0,5657
HEI,2026-07-15,512.0,510.9,6421
NIBLGF,2026-07-15,9.22,9.49,200
CZBIL,2026-07-15,199.0,196.8,21740
JOSHI,2026-07-15,250.1,252.0,6015
HBLD86,2026-07-15,1193.0,1193.0,50000
GWFD83,2026-07-15,1120.0,1140.8,11
HIDCL,2026-07-15,253.0,248.0,42075
IGI,2026-07-15,429.9,428.0,5084
EHPL,2026-07-15,342.4,335.0,11299
SRBLD83,2026-07-15,1099.7,1099.0,21010
KBL,2026-07-15,209.7,212.0,121821
RLFL,2026-07-15,440.0,454.9,25070
UPPER,2026-07-15,198.0,192.0,47635
SLBBL,2026-07-15,786.0,794.5,7943
AHL,2026-07-15,413.0,415.2,1950
NICD83/84,2026-07-15,1057.0,1052.0,208100
NWCL,2026-07-15,724.9,705.0,2274
HLBSL,2026-07-15,868.9,855.0,828
DHEL,2026-07-15,569.9,560.0,8650
NADEP,2026-07-15,701.0,705.0,167
PMLI,2026-07-15,424.2,441.0,2198
SWMF,2026-07-15,612.0,628.8,6442
PPL,2026-07-15,306.0,323.1,18740
KBSH,2026-07-15,1280.0,1245.0,258
CIT,2026-07-15,1680.0,1670.1,5708
UMHL,2026-07-15,555.0,573.0,29612
USHL,2026-07-15,511.4,492.3,1342
CFCL,2026-07-15,634.7,609.9,49009
NBF2,2026-07-15,9.91,9.91,7100
C30MF,2026-07-15,9.73,9.75,21920
MNMF1,2026-07-15,9.6,9.9,7300
BNT,2026-07-15,11699.9,11700.0,20
MSHL,2026-07-15,617.0,600.0,856
ULBSL,2026-07-15,3100.0,2873.0,220
MABEL,2026-07-15,553.0,558.0,6930
SBL,2026-07-15,386.0,387.9,400291
SKBBL,2026-07-15,755.0,745.0,15390
NRIC,2026-07-15,965.0,925.0,36726
ACLBSL,2026-07-15,905.0,905.0,127
SLBSL,2026-07-15,1110.0,1103.0,3478
MERO,2026-07-15,684.9,663.0,6576
BEDC,2026-07-15,315.0,312.0,13993
MSLB,2026-07-15,1185.0,1219.0,1209
GBBD85,2026-07-15,1085.0,1085.0,25
CLI,2026-07-15,434.1,438.9,11976
EBL,2026-07-15,700.0,693.1,58660
SGHL,2026-07-15,460.0,470.0,53760
PBLD86,2026-07-15,1289.0,1328.0,21
NICBF,2026-07-15,9.24,9.24,800
NICGF2,2026-07-15,9.1,9.43,605
MFIL,2026-07-15,730.0,777.0,47072
SANVI,2026-07-15,552.0,569.0,3637
SMJC,2026-07-15,425.0,440.0,7898
ADBLD83,2026-07-15,1085.0,1076.0,105
HBL,2026-07-15,190.0,193.0,27955
NGPL,2026-07-15,403.1,402.0,117905
HRL,2026-07-15,560.0,557.0,33156
PCIL,2026-07-15,580.0,594.0,18338
KHPL,2026-07-15,902.0,925.3,6883
SBCF,2026-07-15,9.65,9.65,92960
TPKHL,2026-07-15,494.0,494.0,17167
UHEWA,2026-07-15,560.0,573.0,91472
AKJCL,2026-07-15,336.0,343.7,323715
MPFL,2026-07-15,606.2,600.0,3665
ICFC,2026-07-15,600.0,600.0,5568
HIDCLP,2026-07-15,186.0,188.0,135821
MBLEF,2026-07-15,9.88,10.14,6200
SFEF,2026-07-15,10.0,10.0,700
SMFBS,2026-07-15,1529.0,1520.0,538
SPDL,2026-07-15,369.0,361.0,27047
SMPDA,2026-07-15,770.0,740.0,1853
HDL,2026-07-15,1145.0,1143.0,23382
CSY,2026-07-15,9.0,9.06,7300
RSDC,2026-07-15,638.0,645.9,560
KAHL,2026-07-15,479.0,479.9,22727
CIZBD90,2026-07-15,1224.0,1230.0,215
KBLD86,2026-07-15,1302.0,1359.0,24
STC,2026-07-15,5155.0,5170.0,5240
FMDBL,2026-07-15,766.0,750.0,3751
KDL,2026-07-15,760.0,765.1,812
UMRH,2026-07-15,520.0,521.9,8661
SHINE,2026-07-15,397.5,397.5,14499
MKJC,2026-07-15,442.2,446.0,1916
KBLD89,2026-07-15,1275.1,1310.1,1805
JBLB,2026-07-15,1245.0,1250.0,1411
MATRI,2026-07-15,818.0,815.2,21
ENL,2026-07-15,784.6,795.0,480
NICFC,2026-07-15,9.17,9.49,17270
SHPC,2026-07-15,495.0,489.0,21804
HPPL,2026-07-15,346.3,343.1,88643
MKHC,2026-07-15,279.1,289.0,9099
LEC,2026-07-15,211.0,205.0,40082
RIDI,2026-07-15,301.0,322.0,174573
SWASTIK,2026-07-15,1934.1,1997.0,573
NBLD85,2026-07-15,1050.4,1088.0,100050
PBLD84,2026-07-15,1147.9,1147.9,10
MEHL,2026-07-15,292.0,297.0,3479
CORBL,2026-07-15,1627.5,1750.0,60676
RBCLPO,2026-07-15,11380.0,11690.0,240
MMKJL,2026-07-15,438.0,438.0,1657
SHLB,2026-07-15,1445.0,1436.0,200
SRLI,2026-07-15,366.5,373.0,13193
TSHL,2026-07-15,339.8,350.5,19262
SBLD84,2026-07-15,1079.0,1110.0,1
UPCL,2026-07-15,345.0,354.0,118476
MLBL,2026-07-15,350.0,350.0,7687
TAMOR,2026-07-15,431.3,436.5,8678
MLBS,2026-07-15,1161.0,1160.0,130
RMF1,2026-07-15,9.66,9.9,575
UNL,2026-07-15,47899.9,47200.0,20
RSML,2026-07-15,2981.0,3000.0,27505
GILB,2026-07-15,1045.7,1078.8,5142
NMBMF,2026-07-15,582.0,595.3,808
SMATA,2026-07-15,716.1,726.2,1380
SIPD,2026-07-15,597.0,565.0,6589
NMBD87/88,2026-07-15,1208.0,1249.0,40
NABIL,2026-07-15,515.0,534.0,57577
GCIL,2026-07-15,322.5,323.7,22389
SAPDBL,2026-07-15,708.0,733.0,8980
RLEL,2026-07-15,733.0,743.8,8733
NFS,2026-07-15,574.0,569.0,10136
GLH,2026-07-15,245.0,244.9,28160
BHCL,2026-07-15,447.0,463.3,9551
SIFC,2026-07-15,520.0,510.0,5368
LBLD86,2026-07-15,1180.0,1151.0,20010
NIFRAUR85/86,2026-07-15,1065.0,1065.0,25
DDBL,2026-07-15,825.0,825.0,5868
VLUCL,2026-07-15,422.1,431.9,3992
GFCL,2026-07-15,610.0,600.0,7926
SIGS2,2026-07-15,10.2,10.1,1500
CKHL,2026-07-15,542.5,558.0,904
GMFIL,2026-07-15,459.0,454.0,11606
MBJC,2026-07-15,267.0,268.4,6765
SBI,2026-07-15,390.0,387.0,20827
SMHL,2026-07-15,474.9,472.9,15425
NMBHF2,2026-07-15,9.5,9.4,1800
AKPL,2026-07-15,250.0,251.5,35137
BHDC,2026-07-15,427.0,422.1,6019
SBID2090,2026-07-15,1100.0,1100.0,1500
SARBTM,2026-07-15,775.0,774.9,13769
NRM,2026-07-15,296.0,301.0,12001
CBBL,2026-07-15,918.0,916.0,16222
SCB,2026-07-15,649.0,643.5,7822
GIBF1,2026-07-15,10.27,10.5,22945
PCBLP,2026-07-15,105.0,105.0,12603
SADBL,2026-07-15,397.0,400.0,6211
DHPL,2026-07-15,271.9,275.9,2733
SPIL,2026-07-15,684.0,700.0,15422
SALICO,2026-07-15,580.0,592.9,1290
PBD84,2026-07-15,1110.0,1110.0,20
CHCL,2026-07-15,482.0,476.1,20387
NIBSF2,2026-07-15,8.9,9.1,39455
API,2026-07-15,322.1,323.8,121842
PRIN,2026-07-15,680.0,676.1,5128
USHEC,2026-07-15,483.0,485.0,2546
SAIL,2026-07-15,833.0,851.0,16305
ADBL,2026-07-15,306.0,303.0,27903
SNLI,2026-07-15,416.0,424.0,4205
HATHY,2026-07-15,699.0,672.2,6928
RURU,2026-07-15,623.0,603.0,3491
TTL,2026-07-15,695.0,700.0,7627
SPL,2026-07-15,637.3,650.0,5000
KSY,2026-07-15,9.75,9.75,6044
SHEL,2026-07-15,293.0,298.9,185382
GHL,2026-07-15,219.9,217.5,18462
APHL,2026-07-15,809.1,820.0,16019
SJLIC,2026-07-15,410.0,410.0,4925
SIGS3,2026-07-15,10.5,10.5,100
YMHL,2026-07-15,555.0,558.0,15696
SLCF,2026-07-15,10.0,10.0,147419
ALICL,2026-07-15,420.0,422.0,7934
HLI,2026-07-15,321.0,318.0,14073
MHL,2026-07-15,466.4,478.0,1159
CHL,2026-07-15,256.0,257.0,9126
BHL,2026-07-15,205.5,207.3,113620
NMFBS,2026-07-15,1145.0,1107.0,1724
GBBLPO,2026-07-15,238.0,238.0,7300
BPCL,2026-07-15,649.0,643.0,12870
SGIC,2026-07-15,457.1,473.8,14485
LSL,2026-07-15,217.0,215.0,53731
RAWA,2026-07-15,404.0,415.0,17890
HHL,2026-07-15,309.0,332.8,23305
GUFL,2026-07-15,550.0,543.0,5311
SEF,2026-07-15,10.0,9.96,34060
ALBSL,2026-07-15,1015.0,1052.0,812
GBLBS,2026-07-15,734.0,734.0,533
SANIMA,2026-07-15,348.0,350.5,43142
NBL,2026-07-15,265.0,259.9,31214
GBBL,2026-07-15,402.0,400.0,37105
AHPC,2026-07-15,264.8,264.3,57964
NIFRA,2026-07-15,248.9,245.0,32021
SAGF,2026-07-15,10.0,10.3,5790
EBLD91,2026-07-15,1083.0,1100.0,4260
RBCL,2026-07-15,14699.0,14699.0,10
NYADI,2026-07-15,356.0,367.0,8066
SFMF,2026-07-15,10.1,10.18,5700
NABBC,2026-07-15,740.0,799.9,23899
OHL,2026-07-15,676.0,683.4,590
SBLD83,2026-07-15,1070.0,1070.0,22526
NESDO,2026-07-15,1520.0,1499.8,221
NHPC,2026-07-15,254.9,249.9,132466
BUNGAL,2026-07-15,562.0,560.0,50118
EDBL,2026-07-15,573.0,561.5,880
NIMB,2026-07-15,193.0,191.0,109105
KEF,2026-07-15,10.2,10.32,15750
PRSF,2026-07-15,12.61,12.37,103850
MNBBL,2026-07-15,361.1,362.4,15584
ULHC,2026-07-15,358.0,358.0,7237
PSF,2026-07-15,11.51,11.7,16630
SGHC,2026-07-15,320.3,334.0,14648
DORDI,2026-07-15,245.0,246.0,10773
EBLD86,2026-07-15,1095.0,1100.0,5025
GMLI,2026-07-15,1145.5,1173.0,598
SJCL,2026-07-15,264.0,269.0,12158
BGWT,2026-07-15,555.0,545.0,2037
BNHC,2026-07-15,271.3,284.0,31776
SPHL,2026-07-15,526.0,530.0,4451
NMB,2026-07-15,237.0,236.6,115664
SIKLES,2026-07-15,559.0,552.0,3028
SMB,2026-07-15,1837.7,1794.0,1191
NIFRAGED,2026-07-15,1041.1,1043.3,75
KKHC,2026-07-15,250.0,247.3,14165
KDBY,2026-07-15,10.7,10.77,23905
SMH,2026-07-15,490.5,502.0,7303
HIMSTAR,2026-07-15,650.0,649.9,3845
SHIVM,2026-07-15,630.0,620.8,87046
NSY,2026-07-15,9.2,9.61,26340
MHCL,2026-07-15,305.1,308.5,3580
CIZBD86,2026-07-15,1173.7,1177.0,48064
RADHI,2026-07-15,695.0,708.0,53843
UNHPL,2026-07-15,383.0,383.0,13025
GSY,2026-07-15,10.0,10.0,9550
MFLD85,2026-07-15,1090.3,1155.5,182
MHNL,2026-07-15,227.5,231.0,10896
HEIP,2026-07-15,311.0,329.0,54
SSHL,2026-07-15,195.0,195.3,69210
SKHEL,2026-07-15,898.5,889.0,3328
MLBBL,2026-07-15,1120.0,1109.0,1191
FOWADP,2026-07-15,550.0,550.0,17232
PMHPL,2026-07-15,310.1,315.0,3240
MANDU,2026-07-15,799.0,791.1,1119
CREST,2026-07-15,1150.0,1186.9,6693
RBBD2088,2026-07-14,1060.0,1065.0,147008
MANDU,2026-07-14,790.0,804.0,2059
MFIL,2026-07-14,760.0,767.8,46256
SFMF,2026-07-14,10.5,10.3,3800
SRBLD83,2026-07-14,1082.0,1099.7,56850
PCIL,2026-07-14,585.1,589.7,33962
ACLBSL,2026-07-14,900.0,910.0,2303
RMF1,2026-07-14,9.6,9.69,1127140
USHEC,2026-07-14,476.0,484.0,3552
SANIMA,2026-07-14,345.0,345.0,109853
SPC,2026-07-14,420.0,420.0,5399
BOKD86KA,2026-07-14,1174.0,1169.0,120058
MMKJL,2026-07-14,447.7,438.0,2861
MEN,2026-07-14,553.0,565.0,43912
PBLD87,2026-07-14,1110.0,1150.0,35380
SIFC,2026-07-14,501.0,507.0,5153
BHPL,2026-07-14,480.0,479.0,10369
JSLBB,2026-07-14,1011.0,989.8,755
SMB,2026-07-14,1775.0,1784.3,2043
TVCL,2026-07-14,451.0,462.3,6338
MBLEF,2026-07-14,9.91,10.07,16500
SPIL,2026-07-14,685.0,684.1,12308
SYPNL,2026-07-14,1224.6,1277.0,46271
HEIP,2026-07-14,311.0,320.0,35
JBBD87,2026-07-14,1143.3,1195.0,8769
EDBL,2026-07-14,560.0,560.5,49491
NIFRAUR85/86,2026-07-14,1050.0,1065.0,35
NSY,2026-07-14,9.08,9.2,9760
NRN,2026-07-14,1300.0,1346.1,63631
UPCL,2026-07-14,365.0,354.9,56649
MDB,2026-07-14,561.0,583.5,6030
SAIL,2026-07-14,829.0,841.0,15602
SKBBL,2026-07-14,742.1,745.0,20634
UMHL,2026-07-14,551.0,575.0,34964
SHINE,2026-07-14,397.0,396.9,21030
SRLI,2026-07-14,367.0,370.9,21876
PROFL,2026-07-14,422.5,425.0,5510
MCHL,2026-07-14,275.0,272.5,6724
ALICL,2026-07-14,418.0,419.0,13641
MKCL,2026-07-14,1043.0,1065.0,699
BARUN,2026-07-14,308.0,312.0,20668
MLBLD89,2026-07-14,1234.3,1325.0,27346
TTL,2026-07-14,700.0,700.0,14606
USLB,2026-07-14,1140.0,1141.6,989
JBLB,2026-07-14,1220.0,1245.0,5613
MHNL,2026-07-14,229.0,226.0,44919
DORDI,2026-07-14,245.0,245.5,11909
RSY,2026-07-14,9.7,10.0,1200
CIZBD90,2026-07-14,1175.0,1210.0,3920
SEF,2026-07-14,9.95,10.0,30632
MAKAR,2026-07-14,456.0,460.0,4172
SGHC,2026-07-14,316.0,328.0,8951
UNHPL,2026-07-14,380.0,382.0,23132
KSBBLD87,2026-07-14,1148.0,1229.0,9857
NLICL,2026-07-14,570.0,571.0,7835
ICFCD83,2026-07-14,1100.0,1100.0,50
AHPC,2026-07-14,257.1,262.4,65032
LBBL,2026-07-14,480.0,479.9,21468
LUK,2026-07-14,10.0,9.9,1100
ANLB,2026-07-14,7073.0,7073.0,10
PBLD86,2026-07-14,1218.4,1289.0,20986
SONA,2026-07-14,399.0,400.0,29034
C30MF,2026-07-14,10.01,10.02,3020
MBJC,2026-07-14,265.0,269.4,32860
TRH,2026-07-14,752.0,766.0,10226
BEDC,2026-07-14,306.0,309.0,28196
NADEP,2026-07-14,700.2,700.2,1811
KDL,2026-07-14,733.0,759.0,2771
EBLD85,2026-07-14,1150.0,1150.0,411
NICD88,2026-07-14,1109.0,1100.0,153199
RBCL,2026-07-14,14399.9,14399.0,105
LVF2,2026-07-14,9.76,10.0,1600
NIBSF2,2026-07-14,8.71,8.7,37595
NESDO,2026-07-14,1442.0,1495.0,976
CZBIL,2026-07-14,195.8,195.0,25872
GLBSL,2026-07-14,1754.9,1780.0,505
HLI,2026-07-14,317.0,318.0,21753
MLBS,2026-07-14,1125.0,1184.3,600
RNLI,2026-07-14,439.0,440.0,12497
NIMBD90,2026-07-14,1274.0,1250.0,310519
SFEF,2026-07-14,10.05,10.0,18560
NRIC,2026-07-14,921.0,924.0,19799
BBC,2026-07-14,4053.7,4128.0,240
WNLB,2026-07-14,1300.3,1358.0,105
FOWAD,2026-07-14,946.0,951.0,2571
SBLD2091,2026-07-14,1048.9,1080.0,113047
RMF2,2026-07-14,9.42,9.7,2100
EBLD91,2026-07-14,1119.0,1082.0,331624
MKJC,2026-07-14,436.1,448.9,4334
SBID2090,2026-07-14,1131.1,1084.0,345730
SIKLES,2026-07-14,541.3,544.0,14937
BHDC,2026-07-14,420.0,425.0,4600
SKHL,2026-07-14,845.0,807.0,26367
HIMSTAR,2026-07-14,625.0,644.0,8078
CKHL,2026-07-14,525.0,542.5,915
SAPDBL,2026-07-14,698.3,720.0,29571
KAHL,2026-07-14,472.0,479.0,44088
JBBL,2026-07-14,335.0,337.5,23179
DOLTI,2026-07-14,310.8,315.1,29017
MKHL,2026-07-14,458.1,466.0,1254
ULHC,2026-07-14,367.0,357.0,23153
NUBL,2026-07-14,590.5,595.0,2612
NICA,2026-07-14,329.0,324.2,24358
KSBBL,2026-07-14,463.0,470.0,22414
NMB,2026-07-14,235.0,235.0,29198
APHL,2026-07-14,824.5,835.0,17614
SHLB,2026-07-14,1400.0,1445.0,610
HRL,2026-07-14,555.0,554.0,61911
NABILD87,2026-07-14,1125.0,1158.0,168554
SBD89,2026-07-14,1236.0,1236.0,25
TAMOR,2026-07-14,430.1,435.1,17543
VLBS,2026-07-14,650.2,645.0,4691
SBLD84,2026-07-14,1060.0,1079.0,189908
NBF2,2026-07-14,10.0,10.0,4700
HEI,2026-07-14,507.0,512.9,33367
AHL,2026-07-14,407.2,410.1,2490
PBD88,2026-07-14,1270.0,1285.0,26686
VLUCL,2026-07-14,420.1,429.5,2184
PRSF,2026-07-14,12.45,12.6,1500
SHINED,2026-07-14,1105.8,1105.0,35611
SWMF,2026-07-14,608.9,612.4,2456
HIDCLP,2026-07-14,182.8,185.4,109196
MATRI,2026-07-14,815.0,815.0,674
NMIC,2026-07-14,881.0,887.0,3254
SJLIC,2026-07-14,404.0,407.2,10119
CYCL,2026-07-14,1300.1,1344.0,1319
GBILD84/85,2026-07-14,1145.0,1179.0,41070
CREST,2026-07-14,1200.0,1174.9,10925
KBLD89,2026-07-14,1290.0,1299.8,2025
RAWA,2026-07-14,426.0,411.9,27656
KSY,2026-07-14,9.22,9.8,3550
SAND2085,2026-07-14,1170.0,1170.0,10
MKHC,2026-07-14,290.0,284.6,12308
MPFL,2026-07-14,605.0,594.8,17189
KBL,2026-07-14,209.8,208.7,151445
KBLD86,2026-07-14,1195.0,1302.0,9459
NMFBSP,2026-07-14,610.0,610.0,10000
SDBD87,2026-07-14,1159.0,1241.0,17610
BHL,2026-07-14,201.0,205.5,78551
PCBL,2026-07-14,231.0,229.2,46844
HDHPC,2026-07-14,192.8,206.0,74524
NMLBBL,2026-07-14,528.0,526.0,9110
CIT,2026-07-14,1680.0,1681.9,4503
RLFL,2026-07-14,450.0,451.0,12621
BUNGAL,2026-07-14,575.0,575.0,48150
RBBF40,2026-07-14,9.15,9.3,2451040
SAGF,2026-07-14,10.0,10.05,300
GUFL,2026-07-14,530.0,546.9,10963
LSL,2026-07-14,216.0,214.9,212116
FMDBL,2026-07-14,750.0,745.0,10067
GMFIL,2026-07-14,448.0,449.0,10299
SARBTM,2026-07-14,770.1,774.9,8401
MSHL,2026-07-14,585.0,599.9,559
UNL,2026-07-14,46555.0,46505.0,20
SMJC,2026-07-14,425.0,436.0,6399
KDBY,2026-07-14,10.53,10.83,79445
NICGF2,2026-07-14,9.0,9.38,8200
GWFD83,2026-07-14,1114.0,1120.0,302
MMF1,2026-07-14,9.59,9.8,584880
HPPL,2026-07-14,342.1,350.9,85585
SIGS3,2026-07-14,10.19,10.49,505100
NBLD82,2026-07-14,1089.9,1095.0,20205
NBLD85,2026-07-14,1079.0,1079.0,200000
RURU,2026-07-14,591.0,615.0,3316
SBID83,2026-07-14,1094.0,1122.0,11450
AKPL,2026-07-14,247.0,249.9,67980
SBD87,2026-07-14,1164.0,1202.0,12485
RHPL,2026-07-14,252.0,255.1,16053
KEF,2026-07-14,10.36,10.5,4100
SALICO,2026-07-14,626.8,580.0,32695
HLBSL,2026-07-14,841.0,853.0,558
GLH,2026-07-14,237.2,244.9,28785
NLIC,2026-07-14,775.0,740.2,14987
SANVI,2026-07-14,542.5,569.0,16369
NIBLGF,2026-07-14,8.99,9.5,7300
EBLEB89,2026-07-14,1100.0,1133.0,445
NBLD87,2026-07-14,1151.0,1225.0,167905
BANDIPUR,2026-07-14,652.5,668.0,28561
SNORL,2026-07-14,770.0,769.0,26377
SPDL,2026-07-14,364.0,359.2,22838
SLBBL,2026-07-14,794.0,783.2,3962
ADBL,2026-07-14,305.0,303.0,23635
LLBS,2026-07-14,892.4,914.0,148
RHGCL,2026-07-14,253.0,249.0,44550
NMBD89/90,2026-07-14,1298.0,1304.0,112226
HATHY,2026-07-14,665.1,690.0,3689
PPCL,2026-07-14,327.0,325.0,26018
HHL,2026-07-14,326.0,325.0,28026
SKHEL,2026-07-14,845.0,873.9,7591
MNMF1,2026-07-14,9.8,9.6,104945
MABEL,2026-07-14,546.0,553.0,7324
MHCL,2026-07-14,314.1,305.2,5302
GFCL,2026-07-14,595.1,600.0,8806
NMBD87/88,2026-07-14,1105.0,1215.0,11898
NIFRA,2026-07-14,240.0,244.5,37484
RFPL,2026-07-14,322.4,321.7,24382
CCBD88,2026-07-14,1256.0,1313.0,4726
NRM,2026-07-14,305.0,301.1,14261
SBLD89,2026-07-14,1274.2,1236.0,72102
MNBBL,2026-07-14,362.8,360.0,31081
RBBD83,2026-07-14,1036.2,1036.2,51
GVL,2026-07-14,463.0,466.0,10331
NBF3,2026-07-14,9.98,9.95,53691
SSHL,2026-07-14,185.0,195.0,103608
MEL,2026-07-14,203.8,211.0,9125
ICFC,2026-07-14,588.0,596.6,10105
GSY,2026-07-14,9.95,10.1,6800
NBBD2085,2026-07-14,1138.0,1138.0,50
NICL,2026-07-14,503.0,505.0,6228
SBL,2026-07-14,386.0,386.0,104653
NHPC,2026-07-14,251.9,247.5,262303
GBILD86/87,2026-07-14,1166.9,1202.0,54091
SCB,2026-07-14,635.0,635.5,22831
GBBLPO,2026-07-14,238.0,238.0,49031
DHPL,2026-07-14,257.0,264.0,7478
RADHI,2026-07-14,705.0,695.0,34937
BHCL,2026-07-14,470.0,459.0,32984
PRIN,2026-07-14,676.8,678.0,2449
MERO,2026-07-14,665.0,667.2,2053
ILBS,2026-07-14,816.0,840.0,1517
MSLB,2026-07-14,1194.1,1219.0,461
UAIL,2026-07-14,427.0,433.0,9723
ENL,2026-07-14,800.0,762.0,1295
CLI,2026-07-14,436.0,436.0,10212
RBCLPO,2026-07-14,11100.0,11729.0,311
CHL,2026-07-14,253.0,254.7,20813
BNHC,2026-07-14,261.3,277.0,84847
USHL,2026-07-14,504.0,487.1,6905
JHAPA,2026-07-14,1021.1,1020.0,12719
BNL,2026-07-14,13875.0,13872.8,120
SBI,2026-07-14,385.0,388.9,14388
NFS,2026-07-14,561.0,565.8,11494
NIMB,2026-07-14,188.5,189.1,118057
GBIME,2026-07-14,238.0,237.2,201957
EBL,2026-07-14,695.0,692.6,44101
SHEL,2026-07-14,290.0,292.0,378434
SMPDA,2026-07-14,735.2,749.0,3875
SWASTIK,2026-07-14,2000.0,1980.0,704
SAGAR,2026-07-14,1500.0,1528.0,5425
RSDC,2026-07-14,620.0,632.0,3869
DLBS,2026-07-14,1167.0,1200.0,755
KBLD90,2026-07-14,1261.0,1250.0,420602
GRDBL,2026-07-14,1027.0,1020.0,11619
UPPER,2026-07-14,189.1,191.3,130297
LICN,2026-07-14,803.0,772.0,7717
SBCF,2026-07-14,9.7,9.65,189932
NYADI,2026-07-14,358.9,356.0,4478
SPL,2026-07-14,630.4,641.1,1488
AVYAN,2026-07-14,971.9,1031.0,975
KHPL,2026-07-14,870.0,902.0,14147
NIFRAGED,2026-07-14,1040.0,1040.5,50
PRVU,2026-07-14,190.0,188.0,86426
TSHL,2026-07-14,324.1,330.0,26493
NICAD2091,2026-07-14,1074.0,1106.0,98598
LEC,2026-07-14,203.0,205.3,97031
SPHL,2026-07-14,520.0,534.0,17583
NICLBSL,2026-07-14,543.1,541.0,7772
SCBD,2026-07-14,1149.9,1149.9,100
NABBC,2026-07-14,720.0,737.9,116099
NIMBPO,2026-07-14,139.7,141.0,5761
CORBL,2026-07-14,1550.0,1550.0,37992
NABIL,2026-07-14,525.1,530.1,76835
NICSF,2026-07-14,9.35,9.35,125000
SMHL,2026-07-14,455.0,466.2,22459
BPCL,2026-07-14,680.0,638.0,27855
SMH,2026-07-14,489.0,497.0,8245
SABBL,2026-07-14,806.1,841.5,12078
ICFCD88,2026-07-14,1165.0,1178.6,120550
IHL,2026-07-14,329.0,340.0,4313
NHDL,2026-07-14,620.0,631.0,471
OHL,2026-07-14,670.0,670.0,1696
SWBBL,2026-07-14,655.4,630.5,140967
SLBSL,2026-07-14,1161.1,1100.0,2776
PBD85,2026-07-14,1121.0,1125.0,80
ILI,2026-07-14,409.0,411.2,6293
ALBSL,2026-07-14,1015.0,1049.0,8124
PURE,2026-07-14,723.0,740.0,8693
NICFC,2026-07-14,9.17,9.17,2600
SGIC,2026-07-14,450.0,455.4,4344
NMBD2085,2026-07-14,1143.0,1211.0,34030
MBLD87,2026-07-14,1145.18,1171.0,32669
HDL,2026-07-14,1149.0,1145.0,31356
NMFBS,2026-07-14,1100.0,1107.0,6851
DHEL,2026-07-14,560.0,560.0,13237
NGPL,2026-07-14,404.0,400.3,138225
HBLD83,2026-07-14,1051.0,1050.0,69125
API,2026-07-14,322.0,321.9,187891
NTC,2026-07-14,846.0,850.9,11091
NLG,2026-07-14,580.0,575.0,11306
BJHL,2026-07-14,650.0,679.9,10135
MHL,2026-07-14,462.3,470.0,2932
RLEL,2026-07-14,720.1,733.0,9458
CHDC,2026-07-14,1967.0,2070.0,10537
PMHPL,2026-07-14,304.0,309.0,6800
BFC,2026-07-14,512.5,510.0,58912
SAHAS,2026-07-14,636.0,635.3,133886
CGH,2026-07-14,751.1,762.9,13989
CSY,2026-07-14,9.0,9.12,3900
HBL,2026-07-14,195.0,191.8,35099
TPC,2026-07-14,342.0,344.0,15155
MLBBL,2026-07-14,1076.7,1114.0,1066
CHCL,2026-07-14,499.8,477.9,8353
CITY,2026-07-14,327.8,343.0,190162
UMRH,2026-07-14,521.8,519.9,5515
GBBL,2026-07-14,395.3,396.0,20111
GHL,2026-07-14,216.0,216.1,39776
KKHC,2026-07-14,245.0,250.0,33672
NIBLSTF,2026-07-14,8.67,9.07,28000
PMLI,2026-07-14,430.0,436.0,8135
CIZBD86,2026-07-14,1172.0,1210.0,37174
SADBL,2026-07-14,378.1,396.1,11565
KMCDB,2026-07-14,787.5,760.0,4432
RSML,2026-07-14,2980.0,3025.0,41025
SHPC,2026-07-14,482.1,484.5,25857
NWCL,2026-07-14,691.0,705.0,420
GCIL,2026-07-14,321.0,322.5,17134
GBIMESY2,2026-07-14,9.4,9.5,300
JOSHI,2026-07-14,250.0,252.4,17207
NBL,2026-07-14,267.9,260.0,91968
EHPL,2026-07-14,345.0,332.5,18974
DDBL,2026-07-14,820.0,818.6,8333
NABILD2089,2026-07-14,1135.0,1142.0,3175
GMLI,2026-07-14,1125.1,1170.0,3443
SBID89,2026-07-14,1200.0,1185.0,7649
H8020,2026-07-14,11.5,11.55,3030
GIBF1,2026-07-14,10.27,10.3,21150
GILB,2026-07-14,1045.0,1065.0,2478
GMFBS,2026-07-14,1232.0,1196.0,351
CFCL,2026-07-14,610.0,604.5,47824
NICAD85/86,2026-07-14,1139.0,1130.0,10050
NMBHF2,2026-07-14,9.51,9.55,1910
LBBLD89,2026-07-14,1318.0,1305.0,60966
AKJCL,2026-07-14,326.0,340.0,496164
RIDI,2026-07-14,301.0,316.0,235844
CBBL,2026-07-14,910.0,914.9,12815
MLBSL,2026-07-14,1633.0,1703.8,242
SICL,2026-07-14,605.0,608.6,3257
SNLI,2026-07-14,420.0,422.0,9739
HBLD86,2026-07-14,1197.0,1197.0,30000
ICFCD89,2026-07-14,1110.0,1120.0,636
HFIN,2026-07-14,605.0,643.0,24763
PSF,2026-07-14,11.02,11.8,4695
SHL,2026-07-14,486.5,486.0,45360
NMBMF,2026-07-14,588.0,599.9,900
PBD84,2026-07-14,1082.0,1082.0,50
GBLBS,2026-07-14,718.0,735.0,2730
NIBD84,2026-07-14,1082.0,1064.1,134
YMHL,2026-07-14,555.0,555.0,19747
SHIVM,2026-07-14,625.0,619.0,134658
SMFBS,2026-07-14,1635.3,1529.0,1009
PHCL,2026-07-14,287.5,289.9,52684
BOKD86,2026-07-14,1139.0,1145.0,22458
PPL,2026-07-14,302.1,321.9,22088
SBLD83,2026-07-14,1054.0,1048.0,44000
LBLD86,2026-07-14,1173.0,1180.0,50101
HLICF,2026-07-14,8.7,8.75,1082
MEHL,2026-07-14,291.6,292.0,9684
ADBLD83,2026-07-14,1075.2,1085.0,261617
SINDU,2026-07-14,639.5,678.9,5350
SJCL,2026-07-14,268.0,266.0,12572
SOPL,2026-07-14,750.0,765.0,45784
ULBSL,2026-07-14,2710.0,3100.0,4467
MLBL,2026-07-14,340.1,344.5,9655
UHEWA,2026-07-14,565.9,557.0,24127
BGWT,2026-07-14,534.5,550.0,2957
STC,2026-07-14,5052.0,5150.0,1487
HURJA,2026-07-14,224.0,226.0,43280
UNLB,2026-07-14,1348.4,1297.5,1981
KBSH,2026-07-14,1226.0,1261.0,366
MBL,2026-07-14,246.0,244.8,47568
SLCF,2026-07-14,9.9,10.0,365650
IGI,2026-07-14,424.0,425.0,4666
OMPL,2026-07-14,861.0,871.9,2940
SOHL,2026-07-14,501.6,530.0,49488
SGHL,2026-07-14,462.5,461.5,56112
NIL,2026-07-14,602.09,614.0,4501
KPCL,2026-07-14,451.6,454.0,4346
SIPD,2026-07-14,575.0,569.9,9433
HIDCL,2026-07-14,249.4,250.0,62329
TPKHL,2026-07-14,500.0,496.0,31104
SMATA,2026-07-14,727.0,730.0,2620
JFL,2026-07-14,381.0,383.2,5939
NSIF2,2026-07-14,10.87,10.4,52099
RMF1,2026-07-13,9.7,9.79,28500
BUNGAL,2026-07-13,616.9,575.0,36819
MAKAR,2026-07-13,455.0,457.0,1300
PBLD87,2026-07-13,1122.0,1140.0,150354
NICAD85/86,2026-07-13,1131.0,1154.0,409900
SBLD89,2026-07-13,1260.0,1237.1,170682
CGH,2026-07-13,778.0,760.0,10461
NICGF2,2026-07-13,9.2,9.15,700
SHINE,2026-07-13,398.0,397.0,15517
ALBSL,2026-07-13,1029.0,1041.0,6282
CHCL,2026-07-13,478.0,476.0,12296
GVL,2026-07-13,462.0,470.0,9604
SWMF,2026-07-13,603.0,608.9,1412
SKHEL,2026-07-13,924.0,862.0,6452
HRL,2026-07-13,561.0,556.0,45767
HEI,2026-07-13,509.0,510.0,19501
CFCL,2026-07-13,607.0,600.1,156070
SHIVM,2026-07-13,629.0,619.9,67449
HLI,2026-07-13,322.8,317.0,18680
SPHL,2026-07-13,540.0,534.8,3561
KSBBL,2026-07-13,468.5,468.0,21045
HDL,2026-07-13,1145.0,1142.0,34920
STC,2026-07-13,5150.0,5050.0,1060
TSHL,2026-07-13,350.0,329.0,18504
NIFRA,2026-07-13,245.0,244.0,50878
TAMOR,2026-07-13,439.0,432.0,25691
SINDU,2026-07-13,683.1,673.1,2675
NICD83/84,2026-07-13,1045.0,1050.0,8480
GCIL,2026-07-13,325.2,327.0,21175
RBCL,2026-07-13,14252.0,14450.0,30
EBLD85,2026-07-13,1140.0,1120.0,29325
CITY,2026-07-13,353.1,345.0,160589
SGHC,2026-07-13,325.0,322.0,1690
SFMF,2026-07-13,10.2,10.2,30740
UPPER,2026-07-13,191.0,189.1,104329
BNHC,2026-07-13,282.4,275.0,83916
ULBSL,2026-07-13,3360.0,2839.0,3316
MDB,2026-07-13,566.2,572.5,5241
ACLBSL,2026-07-13,893.0,908.9,615
NESDO,2026-07-13,1480.0,1485.0,1324
OMPL,2026-07-13,881.2,866.0,2601
NICFC,2026-07-13,9.32,9.16,1800
LBLD86,2026-07-13,1228.0,1156.3,199
NIMBPO,2026-07-13,139.1,143.1,327
BNT,2026-07-13,11551.0,11551.0,20
MEN,2026-07-13,561.0,552.8,130618
CIZBD90,2026-07-13,1188.3,1175.0,1295
PSF,2026-07-13,11.52,11.6,1470600
LSL,2026-07-13,216.5,215.1,67861
SLCF,2026-07-13,10.0,9.9,21000
SWBBL,2026-07-13,662.1,660.0,9075
HATHY,2026-07-13,681.0,679.9,4910
SAGAR,2026-07-13,1530.0,1535.0,4633
SBIBD86,2026-07-13,1182.0,1182.0,30000
SGHL,2026-07-13,490.0,462.5,56722
ULHC,2026-07-13,373.1,368.9,8160
JBBL,2026-07-13,340.0,333.0,31072
PBD85,2026-07-13,1112.0,1112.0,30000
MSHL,2026-07-13,605.0,596.0,866
MLBL,2026-07-13,345.1,343.0,13825
SAPDBL,2026-07-13,775.0,735.0,31862
HIDCLP,2026-07-13,186.0,183.0,137569
RADHI,2026-07-13,705.0,693.3,43019
NIL,2026-07-13,620.0,605.0,12438
MLBS,2026-07-13,1134.0,1149.9,672
BHCL,2026-07-13,488.0,457.0,36748
NIBLSTF,2026-07-13,8.72,8.42,151627
PROFL,2026-07-13,430.0,423.0,5570
MLBBL,2026-07-13,1115.0,1110.0,390
NMBD2085,2026-07-13,1150.0,1150.0,40000
NMBMF,2026-07-13,595.0,595.0,1265
HLICF,2026-07-13,8.73,8.75,1700
UHEWA,2026-07-13,536.8,555.0,8159
AVYAN,2026-07-13,1040.0,1023.0,2923
SAIL,2026-07-13,850.0,826.0,18333
MBL,2026-07-13,245.0,243.8,76458
NMBHF2,2026-07-13,9.58,9.51,10001600
NSY,2026-07-13,9.09,9.31,21950
KBSH,2026-07-13,1285.0,1262.0,474
NICL,2026-07-13,520.0,503.0,15007
SMJC,2026-07-13,440.1,429.9,10403
KBLD89,2026-07-13,1299.8,1262.0,2
MFIL,2026-07-13,770.0,769.8,20676
SMHL,2026-07-13,460.0,455.0,69229
AKJCL,2026-07-13,358.0,343.0,277593
MFLD85,2026-07-13,1090.3,1090.3,25
AKPL,2026-07-13,255.0,248.0,56210
KDBY,2026-07-13,10.68,10.7,57045
SLBSL,2026-07-13,1100.0,1197.0,10929
BGWT,2026-07-13,517.0,520.0,843
SMH,2026-07-13,498.0,490.0,13845
RHGCL,2026-07-13,255.5,253.0,17073
MERO,2026-07-13,680.0,673.0,6275
HBLD83,2026-07-13,1022.0,1052.0,40025
SANIMA,2026-07-13,350.0,344.0,124457
HURJA,2026-07-13,226.0,222.1,52638
MEHL,2026-07-13,302.0,300.0,4388
HHL,2026-07-13,330.2,328.0,25692
H8020,2026-07-13,11.45,11.7,1220
BOKD86KA,2026-07-13,1146.5,1140.0,9
UPCL,2026-07-13,361.0,359.0,32636
MKHC,2026-07-13,294.1,286.0,16302
TRH,2026-07-13,783.0,774.0,1982
IHL,2026-07-13,340.1,337.5,8814
SBLD2091,2026-07-13,1070.0,1080.0,10100
JBLB,2026-07-13,1230.0,1226.0,4029
GBILD84/85,2026-07-13,1119.0,1145.0,5945
NTC,2026-07-13,845.0,846.0,6841
MCHL,2026-07-13,282.7,275.0,7761
HIDCL,2026-07-13,247.0,246.6,32749
HEIP,2026-07-13,319.0,311.1,711
UMHL,2026-07-13,580.0,573.9,74747
RBCLPO,2026-07-13,11153.0,11397.0,70
MATRI,2026-07-13,837.5,813.0,278
NMIC,2026-07-13,900.1,885.0,5163
GWFD83,2026-07-13,1072.5,1114.0,199
SBI,2026-07-13,390.0,389.8,32122
YMHL,2026-07-13,584.0,556.1,16850
LLBS,2026-07-13,932.0,920.0,222
KEF,2026-07-13,10.83,10.66,2408770
CORBL,2026-07-13,1600.0,1600.0,23018
CSY,2026-07-13,9.01,9.01,1700
EHPL,2026-07-13,329.0,339.0,17190
APHL,2026-07-13,858.0,849.9,18305
USHL,2026-07-13,517.6,480.0,950
NIBLGF,2026-07-13,9.22,9.0,2350
NRM,2026-07-13,316.0,304.0,9356
NBLD85,2026-07-13,1099.0,1081.0,35030
LEC,2026-07-13,211.0,203.3,69241
NIBSF2,2026-07-13,8.86,8.46,3702321
SGIC,2026-07-13,455.0,452.1,4331
RIDI,2026-07-13,309.0,315.9,210156
TPKHL,2026-07-13,520.0,493.0,25046
HDHPC,2026-07-13,205.3,202.9,92734
SHEL,2026-07-13,295.0,290.0,70178
MHNL,2026-07-13,228.1,229.0,20459
SNORL,2026-07-13,810.0,780.0,28359
BOKD86,2026-07-13,1103.0,1136.0,49614
SHINED,2026-07-13,1140.0,1140.0,10000
SPIL,2026-07-13,685.0,689.8,11675
GBBD85,2026-07-13,1075.2,1115.0,1026
NCCD86,2026-07-13,1187.0,1190.0,112239
RBBD83,2026-07-13,1068.0,1068.0,32445
ADBL,2026-07-13,301.0,302.5,24807
SBD87,2026-07-13,1165.0,1199.0,65
DLBS,2026-07-13,1200.0,1199.9,751
ALICL,2026-07-13,420.2,418.0,15570
SOPL,2026-07-13,790.0,751.0,49560
EDBL,2026-07-13,585.0,560.0,131010
CKHL,2026-07-13,577.0,539.0,18075
SSHL,2026-07-13,195.0,192.2,78046
RLFL,2026-07-13,464.0,450.0,19127
MLBLD89,2026-07-13,1270.7,1270.7,35
ILI,2026-07-13,413.1,409.0,15316
NHDL,2026-07-13,631.0,627.0,11015
BFC,2026-07-13,514.0,508.0,65267
LBLD88,2026-07-13,1125.0,1150.0,43150
NABBC,2026-07-13,720.0,713.3,5620
TTL,2026-07-13,715.1,699.0,14760
AHPC,2026-07-13,261.5,261.0,71919
API,2026-07-13,326.0,322.0,230835
NSIF2,2026-07-13,10.54,10.56,2000
NYADI,2026-07-13,359.0,349.5,5622
RLEL,2026-07-13,738.0,735.0,15101
DHEL,2026-07-13,560.1,570.0,6557
UNL,2026-07-13,47000.0,46555.0,30
RSDC,2026-07-13,632.1,627.0,4118
AHL,2026-07-13,430.0,411.0,2368
BEDC,2026-07-13,315.0,310.1,26916
GFCL,2026-07-13,605.0,595.1,7347
NGPL,2026-07-13,403.0,399.0,129307
HIMSTAR,2026-07-13,680.0,627.0,8541
SEF,2026-07-13,10.1,10.0,15500
SBLD83,2026-07-13,1045.0,1045.0,22166
BHL,2026-07-13,205.0,201.0,60335
KBLD86,2026-07-13,1144.6,1195.0,40285
LUK,2026-07-13,10.3,10.0,1800
DORDI,2026-07-13,248.0,245.7,24377
NMB50,2026-07-13,10.49,10.49,3100
EBLD91,2026-07-13,1119.0,1119.0,331559
NADEP,2026-07-13,726.0,719.9,870
GSY,2026-07-13,10.0,9.95,24850
SHLB,2026-07-13,1405.0,1409.7,90
JHAPA,2026-07-13,1045.0,1039.1,10573
GBBL,2026-07-13,397.3,396.1,30805
GIBF1,2026-07-13,10.21,10.35,1001600
ICFC,2026-07-13,592.0,588.0,10251
SMATA,2026-07-13,730.0,732.0,2347
SOHL,2026-07-13,526.0,528.0,66804
NMBD89/90,2026-07-13,1311.0,1305.0,204330
JFL,2026-07-13,387.0,381.0,6869
GMFBS,2026-07-13,1163.1,1174.0,833
TPC,2026-07-13,363.5,346.2,10784
BARUN,2026-07-13,317.0,308.7,31972
SONA,2026-07-13,405.2,400.1,26467
SICL,2026-07-13,612.0,608.0,4332
MBLEF,2026-07-13,10.0,9.91,510600
SFEF,2026-07-13,10.0,10.0,6000
CHDC,2026-07-13,2092.0,2070.0,64512
MBLD2085,2026-07-13,1171.0,1163.0,50000
MPFL,2026-07-13,600.0,599.9,6143
SIGS3,2026-07-13,10.5,10.5,67791
GBILD86/87,2026-07-13,1144.0,1167.0,30535
GBIME,2026-07-13,239.3,237.5,137598
GMFIL,2026-07-13,450.2,448.0,7829
DOLTI,2026-07-13,323.0,309.0,37230
BBC,2026-07-13,4091.0,4070.0,272
SPL,2026-07-13,669.9,649.8,19435
SAGF,2026-07-13,9.95,9.95,1100
HFIN,2026-07-13,654.0,635.0,19731
NRN,2026-07-13,1350.0,1346.0,53243
UAIL,2026-07-13,429.2,427.0,5172
CIZBD86,2026-07-13,1130.0,1190.0,28563
CZBIL,2026-07-13,195.0,193.5,39954
VLBS,2026-07-13,666.1,657.1,1860
UMRH,2026-07-13,513.5,516.2,4452
SHL,2026-07-13,490.5,486.4,29566
NICBF,2026-07-13,9.01,8.98,3000
GILB,2026-07-13,1090.0,1065.0,424
SJCL,2026-07-13,263.2,268.0,6577
CLI,2026-07-13,444.0,436.0,17029
NICSF,2026-07-13,9.36,9.2,3062450
BHPL,2026-07-13,481.0,467.5,7903
PPCL,2026-07-13,325.0,324.0,32459
KHPL,2026-07-13,896.0,885.0,14721
MNMF1,2026-07-13,9.8,9.8,12150
FMDBL,2026-07-13,798.0,755.0,5000
MHL,2026-07-13,467.0,468.0,3478
RBBF40,2026-07-13,9.5,9.15,2652000
KPCL,2026-07-13,464.0,458.0,7794
SCB,2026-07-13,638.0,637.0,20869
BPCL,2026-07-13,650.0,647.9,29331
PHCL,2026-07-13,307.9,289.5,63709
NLIC,2026-07-13,758.0,739.0,18141
WNLB,2026-07-13,1320.0,1340.0,181
SIFC,2026-07-13,511.1,500.0,11936
MEL,2026-07-13,225.5,210.0,11814
MLBSL,2026-07-13,1700.0,1665.0,307
NICA,2026-07-13,330.0,323.4,41983
CHL,2026-07-13,252.0,253.0,14166
NMFBS,2026-07-13,1110.0,1104.1,966
SPDL,2026-07-13,365.0,360.0,18675
GUFL,2026-07-13,546.0,538.5,6731
ICFCD89,2026-07-13,1113.0,1112.0,158
DHPL,2026-07-13,275.0,257.1,11997
SNLI,2026-07-13,422.0,422.0,7977
PCBL,2026-07-13,232.0,231.6,54916
RNLI,2026-07-13,440.5,439.9,17502
USHEC,2026-07-13,480.0,481.0,10014
SABBL,2026-07-13,860.0,818.0,13736
NFS,2026-07-13,566.5,560.1,13966
MKJC,2026-07-13,449.0,447.0,2482
KBL,2026-07-13,211.3,208.0,138333
LVF2,2026-07-13,9.76,9.77,700
NUBL,2026-07-13,608.0,590.2,9618
SAND2085,2026-07-13,1142.5,1139.0,244975
NLICL,2026-07-13,582.0,570.0,46092
MMKJL,2026-07-13,447.0,449.0,1754
NBL,2026-07-13,266.9,261.0,40020
SMPDA,2026-07-13,752.0,748.9,1810
NIBD84,2026-07-13,1077.0,1055.0,48399
NLG,2026-07-13,570.0,565.0,56368
MBJC,2026-07-13,265.1,270.0,11742
SMFBS,2026-07-13,1646.4,1580.0,3061
EBL,2026-07-13,695.1,694.0,49185
KBLD90,2026-07-13,1225.0,1225.0,100000
MHCL,2026-07-13,312.0,305.0,5193
NBF2,2026-07-13,9.7,10.03,27011
SBCF,2026-07-13,9.66,9.6,3015900
SARBTM,2026-07-13,787.0,772.0,19557
KDL,2026-07-13,776.0,755.0,1857
SRLI,2026-07-13,373.0,367.0,38900
MABEL,2026-07-13,585.0,562.0,5550
HLBSL,2026-07-13,852.0,863.0,2172
PRVU,2026-07-13,180.0,188.0,87711
PCIL,2026-07-13,609.0,590.0,35156
PBLD84,2026-07-13,1127.0,1127.0,57459
CBBL,2026-07-13,920.0,910.0,15967
GBIMESY2,2026-07-13,9.09,9.5,2005175
NABIL,2026-07-13,530.0,526.3,48177
SKHL,2026-07-13,883.0,837.6,12275
MKCL,2026-07-13,1070.0,1074.0,1943
OHL,2026-07-13,667.0,665.1,1251
GHL,2026-07-13,218.1,216.0,22203
SAHAS,2026-07-13,649.0,636.9,165275
TVCL,2026-07-13,484.0,461.1,3239
IGI,2026-07-13,440.0,417.2,8425
ANLB,2026-07-13,6736.8,6736.8,10
MMF1,2026-07-13,9.6,9.7,457040
CIT,2026-07-13,1680.1,1675.0,4296
KMCDB,2026-07-13,808.0,766.0,7732
SIKLES,2026-07-13,545.2,545.0,3923
PMHPL,2026-07-13,322.4,304.0,5233
PURE,2026-07-13,730.1,723.0,3641
NICLBSL,2026-07-13,560.0,545.0,4919
UNHPL,2026-07-13,385.0,383.9,16037
NBF3,2026-07-13,9.95,9.98,14000
ILBS,2026-07-13,821.0,843.5,2867
SIPD,2026-07-13,596.0,574.8,11523
CYCL,2026-07-13,1301.1,1330.0,1819
PMLI,2026-07-13,440.0,434.1,5913
MNBBL,2026-07-13,362.0,360.0,33147
CREST,2026-07-13,1175.0,1175.0,7105
KSY,2026-07-13,9.5,9.5,2450
PPL,2026-07-13,306.0,318.0,15639
GBLBS,2026-07-13,746.0,739.0,2541
SRBLD83,2026-07-13,1065.0,1082.0,80010
RFPL,2026-07-13,330.0,322.4,27601
VLUCL,2026-07-13,429.0,424.0,2129
NMLBBL,2026-07-13,522.1,528.0,5471
MANDU,2026-07-13,796.2,787.0,1440
USLB,2026-07-13,1152.3,1169.0,914
SALICO,2026-07-13,592.0,597.0,9011
JSLBB,2026-07-13,997.2,1015.0,343
SPC,2026-07-13,412.0,415.0,1000
NABILD2089,2026-07-13,1075.0,1140.0,81874
SBLD84,2026-07-13,1037.0,1037.0,69
SCBD,2026-07-13,1115.0,1132.0,113521
KKHC,2026-07-13,256.0,245.0,37314
RSML,2026-07-13,3000.0,3029.0,23433
PBD88,2026-07-13,1240.0,1270.0,19876
BHDC,2026-07-13,442.0,425.0,5296
SHPC,2026-07-13,500.0,485.0,29983
RAWA,2026-07-13,426.9,406.0,35619
NRIC,2026-07-13,957.0,925.0,37262
HBL,2026-07-13,192.8,190.8,60904
SBL,2026-07-13,386.7,386.0,92383
DDBL,2026-07-13,813.0,816.0,2518
JBBD87,2026-07-13,1135.0,1110.0,59400
NMBD87/88,2026-07-13,1155.0,1135.0,423278
GLBSL,2026-07-13,1770.0,1754.9,253
BANDIPUR,2026-07-13,705.0,665.0,36952
SKBBL,2026-07-13,746.0,744.0,24433
RURU,2026-07-13,610.0,602.5,4144
GMLI,2026-07-13,1145.0,1150.0,1473
HPPL,2026-07-13,356.0,348.5,168161
GLH,2026-07-13,247.0,240.9,50363
SWASTIK,2026-07-13,1992.5,1986.0,245
MKHL,2026-07-13,467.0,465.0,3640
MSLB,2026-07-13,1269.0,1209.0,2535
PRSF,2026-07-13,12.62,12.6,85300
KAHL,2026-07-13,510.0,486.0,38258
NMB,2026-07-13,240.0,235.9,24649
UNLB,2026-07-13,1335.5,1286.9,816
NIMB,2026-07-13,199.8,188.1,166988
RMF2,2026-07-13,9.9,9.71,570
NWCL,2026-07-13,705.2,695.0,2008
FOWAD,2026-07-13,960.0,960.0,2967
NHPC,2026-07-13,255.0,248.0,163376
JOSHI,2026-07-13,258.0,250.1,9270
SYPNL,2026-07-13,1330.0,1289.0,54123
RHPL,2026-07-13,260.2,255.1,13507
ADBLD83,2026-07-13,1090.0,1076.0,78729
SLBBL,2026-07-13,780.2,786.0,3918
ENL,2026-07-13,776.0,784.0,185
PRIN,2026-07-13,683.8,676.8,3349
C30MF,2026-07-13,10.1,9.93,30100
LICN,2026-07-13,794.0,765.0,25030
LBBL,2026-07-13,481.3,470.2,36405
SJLIC,2026-07-13,415.0,405.2,33043
SANVI,2026-07-13,570.0,571.0,14705
GRDBL,2026-07-13,1049.0,1027.0,10975
RSY,2026-07-13,9.81,10.0,5700
SADBL,2026-07-13,397.4,398.0,8990
SDBD87,2026-07-13,1130.0,1130.0,30
SMB,2026-07-13,1854.0,1800.0,1557
BJHL,2026-07-13,705.0,657.0,8913
CCBD88,2026-07-13,1230.0,1220.0,75
GFCL,2026-07-10,603.0,605.0,8569
SANIMA,2026-07-10,353.0,350.0,173609
NMBD89/90,2026-07-10,1313.0,1313.0,139614
MBLEF,2026-07-10,9.83,10.0,1000
NICA,2026-07-10,313.5,326.7,65546
NBF2,2026-07-10,9.99,9.9,12315
NRM,2026-07-10,320.0,318.0,6711
ALBSL,2026-07-10,1031.0,1061.0,8403
GMFBS,2026-07-10,1220.0,1199.0,388
SMHL,2026-07-10,470.0,460.0,34062
SJLIC,2026-07-10,414.0,415.0,7543
NYADI,2026-07-10,374.0,349.0,22407
BHL,2026-07-10,207.0,203.0,86456
MKHL,2026-07-10,490.0,477.0,5085
SADBLP,2026-07-10,220.0,220.0,149638
NSIF2,2026-07-10,10.6,10.65,800
SCBD,2026-07-10,1141.0,1115.0,181424
SAGF,2026-07-10,10.1,10.25,1400
ACLBSL,2026-07-10,920.5,905.0,667
GLH,2026-07-10,246.1,247.2,33842
SMH,2026-07-10,508.2,497.0,9549
MBLD87,2026-07-10,1136.0,1145.1,100003
GVL,2026-07-10,461.0,469.8,4931
SHEL,2026-07-10,297.8,295.0,36321
EBLD85,2026-07-10,1104.0,1147.0,331
NLIC,2026-07-10,750.0,741.0,24299
NMFBS,2026-07-10,1104.2,1106.1,4215
MBJC,2026-07-10,264.0,270.0,5027
KPCL,2026-07-10,467.5,461.2,8910
TPKHL,2026-07-10,496.0,525.8,31763
SHIVM,2026-07-10,620.0,621.5,66153
KBSH,2026-07-10,1339.0,1319.0,214
SMB,2026-07-10,1730.9,1854.0,1107
ILBS,2026-07-10,900.0,847.0,3353
MDB,2026-07-10,573.0,567.0,3392
RSY,2026-07-10,9.95,10.1,3200
CKHL,2026-07-10,570.0,562.0,310
LVF2,2026-07-10,9.75,9.75,700
DORDI,2026-07-10,246.0,250.0,20947
CITY,2026-07-10,345.8,356.8,192387
NICGF2,2026-07-10,9.12,9.1,6950
SALICO,2026-07-10,609.7,591.9,4171
NIFRAGED,2026-07-10,1040.0,1050.0,163
SSHL,2026-07-10,195.5,195.0,93126
SLBBL,2026-07-10,793.8,790.0,3592
BHDC,2026-07-10,434.9,430.0,11509
TPC,2026-07-10,355.8,353.0,9618
HDHPC,2026-07-10,203.1,205.0,87148
NSY,2026-07-10,9.3,9.37,35400
SHINE,2026-07-10,402.0,398.0,14060
BEDC,2026-07-10,318.0,318.1,14329
HIDCLP,2026-07-10,186.6,184.5,103028
EBL,2026-07-10,705.0,695.0,34233
NHPC,2026-07-10,256.0,253.0,148326
DDBL,2026-07-10,829.0,820.0,6310
NBLD87,2026-07-10,1125.0,1174.5,781151
NFS,2026-07-10,575.0,567.1,10979
JBBD87,2026-07-10,1130.0,1130.0,10000
PPCL,2026-07-10,330.0,329.0,14785
AHPC,2026-07-10,263.0,261.5,34581
SWMF,2026-07-10,620.0,615.9,1832
CGH,2026-07-10,775.0,775.0,113957
CHDC,2026-07-10,2110.0,2117.0,11804
SJCL,2026-07-10,275.0,269.0,6988
SMJC,2026-07-10,440.0,437.0,13024
CIZBD86,2026-07-10,1178.6,1130.0,38024
KDL,2026-07-10,771.0,775.1,2429
NHDL,2026-07-10,631.0,641.0,33801
FOWAD,2026-07-10,988.0,960.0,1475
NBL,2026-07-10,251.0,264.5,32108
TVCL,2026-07-10,482.0,470.0,3094
AVYAN,2026-07-10,1040.0,1041.0,1386
NLG,2026-07-10,575.0,569.8,4916
FMDBL,2026-07-10,760.0,760.0,6910
NABILD2089,2026-07-10,1090.3,1090.3,25
SRLI,2026-07-10,376.9,376.9,22469
SNORL,2026-07-10,881.0,820.0,38755
KSBBL,2026-07-10,470.0,468.5,26190
SOHL,2026-07-10,560.0,553.6,45294
MATRI,2026-07-10,825.0,820.1,381
ALICL,2026-07-10,430.0,422.4,52075
IGI,2026-07-10,440.0,427.8,8062
RBBD83,2026-07-10,1061.0,1062.0,657906
NICSF,2026-07-10,9.3,9.35,39725
HIDCL,2026-07-10,246.8,247.4,72974
OHL,2026-07-10,669.0,684.5,940
ULHC,2026-07-10,380.0,384.5,17510
ADBL,2026-07-10,288.8,303.2,17742
LUK,2026-07-10,10.0,10.0,1600
CHCL,2026-07-10,477.0,478.0,37671
CIZBD90,2026-07-10,1210.0,1225.0,4705
HBL,2026-07-10,190.0,192.8,42614
WNLB,2026-07-10,1330.0,1335.0,499
JOSHI,2026-07-10,261.0,256.0,6106
SHLB,2026-07-10,1413.3,1417.1,132
SBLD89,2026-07-10,1270.68,1282.0,177290
ICFC,2026-07-10,605.0,598.0,8273
NGPL,2026-07-10,409.8,406.9,115383
SABBL,2026-07-10,875.0,860.0,10053
CLI,2026-07-10,441.0,444.9,3912
MEHL,2026-07-10,312.4,310.0,4569
MERO,2026-07-10,690.0,683.0,7572
BNHC,2026-07-10,300.1,297.2,4076
MKCL,2026-07-10,1082.0,1083.0,1863
HHL,2026-07-10,333.2,333.8,21448
GBIME,2026-07-10,242.0,239.5,206018
NIBD84,2026-07-10,1062.0,1062.0,48206
ENL,2026-07-10,785.0,800.0,566
GSY,2026-07-10,10.1,10.0,4500
UNHPL,2026-07-10,390.0,386.0,14789
HEIP,2026-07-10,336.7,328.3,1846
RLFL,2026-07-10,467.7,459.7,25717
RBBF40,2026-07-10,9.25,9.26,2400
NICAD2091,2026-07-10,1060.1,1074.0,200
UHEWA,2026-07-10,535.6,565.0,23678
HRL,2026-07-10,561.1,561.0,36765
GCIL,2026-07-10,329.0,334.7,20772
SGHC,2026-07-10,320.0,327.0,6565
CFCL,2026-07-10,622.5,610.0,41982
EDBL,2026-07-10,567.0,558.0,1120
CORBL,2026-07-10,1690.0,1647.0,73552
SKHL,2026-07-10,871.0,883.0,13080
BPCL,2026-07-10,653.0,650.0,19571
LBBL,2026-07-10,484.0,477.9,9726
GMLI,2026-07-10,1116.0,1149.0,356
MHCL,2026-07-10,317.1,317.0,1410
NICAD85/86,2026-07-10,1125.2,1150.0,75
SAPDBL,2026-07-10,765.0,763.0,11763
MHNL,2026-07-10,226.0,235.0,39780
GRDBL,2026-07-10,1015.3,1039.0,4683
LLBS,2026-07-10,892.0,918.3,54
NMBD87/88,2026-07-10,1120.0,1155.0,340
HURJA,2026-07-10,230.0,226.0,56263
SHINED,2026-07-10,1140.0,1140.0,10000
HLBSL,2026-07-10,865.0,871.9,311
C30MF,2026-07-10,10.01,10.01,200
RBCL,2026-07-10,14250.0,14492.0,100
PBD88,2026-07-10,1265.0,1265.0,200
NLICL,2026-07-10,580.0,573.0,74867
MBL,2026-07-10,233.0,245.3,81586
SEF,2026-07-10,9.96,10.22,5300
AKPL,2026-07-10,247.0,252.4,33869
MLBSL,2026-07-10,1686.2,1700.0,301
HPPL,2026-07-10,363.0,365.0,29137
MSLB,2026-07-10,1201.0,1232.6,1798
MMF1,2026-07-10,9.7,9.6,34230
MKJC,2026-07-10,448.0,449.8,2568
SIPD,2026-07-10,619.5,595.1,9535
ICFCD89,2026-07-10,1113.0,1113.0,25
NMBMF,2026-07-10,596.4,599.0,266
SHL,2026-07-10,497.8,490.5,16511
MFIL,2026-07-10,771.0,775.0,30764
H8020,2026-07-10,11.65,11.8,22706
SICL,2026-07-10,611.0,612.0,3769
BGWT,2026-07-10,532.0,516.1,5738
RAWA,2026-07-10,441.0,418.8,20450
SGHL,2026-07-10,455.0,487.0,69740
PMHPL,2026-07-10,310.0,313.1,2283
EBLD86,2026-07-10,1095.0,1100.0,45
SMFBS,2026-07-10,1619.9,1568.0,232
AKJCL,2026-07-10,330.0,348.7,296296
LBLD86,2026-07-10,1202.8,1228.0,49862
CCBD88,2026-07-10,1211.0,1230.0,10010
SOPL,2026-07-10,792.6,790.0,33604
RHPL,2026-07-10,261.0,260.3,9772
GBLBS,2026-07-10,730.0,737.0,1305
DLBS,2026-07-10,1169.0,1200.0,279
MMKJL,2026-07-10,454.0,455.0,1633
RSDC,2026-07-10,654.0,643.0,3140
LSL,2026-07-10,227.8,218.0,100709
PBLD87,2026-07-10,1095.0,1090.0,358
SLBSL,2026-07-10,1101.9,1136.0,3863
SRBLD83,2026-07-10,1060.0,1052.1,100000
RNLI,2026-07-10,449.7,444.0,15966
HDL,2026-07-10,1145.0,1142.6,17488
SPDL,2026-07-10,370.0,367.9,15833
NADEP,2026-07-10,725.0,724.9,618
KKHC,2026-07-10,256.0,249.0,25227
GWFD83,2026-07-10,1100.0,1072.5,300
SAHAS,2026-07-10,645.2,642.1,151731
DHEL,2026-07-10,557.0,575.0,12300
MCHL,2026-07-10,276.0,274.6,3577
JBBL,2026-07-10,335.0,335.7,8670
BUNGAL,2026-07-10,571.1,600.1,39341
USHEC,2026-07-10,479.4,483.2,6585
SFEF,2026-07-10,9.95,10.0,300
CHL,2026-07-10,254.0,255.1,8310
PRIN,2026-07-10,681.0,683.0,17699
RLEL,2026-07-10,768.0,755.0,5519
GIBF1,2026-07-10,10.3,10.5,1300
KDBY,2026-07-10,10.6,10.68,6650
SKBBL,2026-07-10,745.0,746.0,22695
SIGS2,2026-07-10,10.25,10.2,10000
VLBS,2026-07-10,664.1,666.1,941
PRSF,2026-07-10,12.58,12.7,19785
GBBL,2026-07-10,402.0,398.0,29466
NIMBD90,2026-07-10,1248.3,1248.3,300
NICBF,2026-07-10,9.12,9.1,3000
NMLBBL,2026-07-10,535.0,531.2,6390
JBLB,2026-07-10,1240.0,1235.0,3574
NIFRA,2026-07-10,244.0,246.0,30253
EHPL,2026-07-10,369.6,346.0,20219
NWCL,2026-07-10,705.0,706.5,2365
UPCL,2026-07-10,377.0,361.0,38248
BOKD86KA,2026-07-10,1142.0,1146.5,145730
NMB,2026-07-10,240.0,236.5,19929
USLB,2026-07-10,1175.0,1169.0,844
BHCL,2026-07-10,474.0,474.0,35162
SPL,2026-07-10,650.0,651.0,762
SAGAR,2026-07-10,1560.0,1569.7,3185
RIDI,2026-07-10,325.1,324.5,143335
SFMF,2026-07-10,10.2,10.2,980
SLCF,2026-07-10,10.0,10.0,28100
IHL,2026-07-10,350.0,345.0,6784
TSHL,2026-07-10,355.0,340.0,19296
HLI,2026-07-10,320.0,318.2,20729
SYPNL,2026-07-10,1300.0,1359.0,22494
TRH,2026-07-10,780.0,775.0,16690
MAKAR,2026-07-10,455.8,463.0,1536
CYCL,2026-07-10,1348.8,1320.0,1615
MEL,2026-07-10,211.2,214.8,8809
NMB50,2026-07-10,10.25,10.25,2986
MHL,2026-07-10,475.0,471.9,1377
MANDU,2026-07-10,800.0,809.0,910
NBF3,2026-07-10,9.7,10.1,47740
NTC,2026-07-10,850.0,847.0,4449
SPIL,2026-07-10,694.0,686.5,787
MPFL,2026-07-10,591.0,609.9,12428
DOLTI,2026-07-10,320.5,323.0,17925
SBCF,2026-07-10,9.65,9.66,31200
NICL,2026-07-10,505.0,509.1,20350
JFL,2026-07-10,396.0,376.2,6866
NESDO,2026-07-10,1500.0,1509.1,1175
BHPL,2026-07-10,499.0,489.0,2432
JSLBB,2026-07-10,999.0,1028.0,271
MNMF1,2026-07-10,9.8,9.85,85300
UNLB,2026-07-10,1260.1,1272.8,115
SONA,2026-07-10,407.0,409.0,14322
SBLD83,2026-07-10,1052.0,1038.0,52820
TAMOR,2026-07-10,439.1,439.0,26113
KAHL,2026-07-10,477.0,510.0,51203
CREST,2026-07-10,1180.0,1189.8,6962
GHL,2026-07-10,215.4,218.9,13133
HBLD86,2026-07-10,1210.0,1210.0,170
RSML,2026-07-10,2940.0,3034.9,41428
SMATA,2026-07-10,734.0,736.0,850
APHL,2026-07-10,850.0,879.9,45663
BJHL,2026-07-10,740.0,699.8,5344
NMFBSP,2026-07-10,610.0,610.0,8130
ULBSL,2026-07-10,3200.0,3200.0,10
NRN,2026-07-10,1371.0,1376.0,63259
NIBLSTF,2026-07-10,9.5,8.47,120850
USHL,2026-07-10,496.8,493.0,2502
PRVU,2026-07-10,181.0,189.0,77579
PCIL,2026-07-10,606.0,609.9,60547
OMPL,2026-07-10,900.0,900.0,3327
SIGS3,2026-07-10,10.43,10.6,13150
SKHEL,2026-07-10,899.0,893.4,11603
HIMSTAR,2026-07-10,677.9,670.0,2758
UMRH,2026-07-10,523.8,518.0,10160
NIBLGF,2026-07-10,9.02,9.5,500
RMF1,2026-07-10,9.68,9.8,7600
PSF,2026-07-10,11.27,11.85,6700
NMIC,2026-07-10,906.0,912.0,2998
EBLD91,2026-07-10,1090.0,1110.0,26
BBC,2026-07-10,4195.0,4168.0,205
SAIL,2026-07-10,901.9,850.0,8462
SBD87,2026-07-10,1127.0,1150.0,251385
GBBD85,2026-07-10,1090.0,1090.0,25
GBILD86/87,2026-07-10,1120.0,1140.0,90
NUBL,2026-07-10,617.0,608.0,1771
RFPL,2026-07-10,331.0,330.0,40662
NABIL,2026-07-10,534.0,527.8,53475
PROFL,2026-07-10,430.0,433.0,4948
NICLBSL,2026-07-10,552.6,551.0,3126
ANLB,2026-07-10,5676.0,6416.0,1203
SWASTIK,2026-07-10,1970.1,2034.0,244
PPL,2026-07-10,315.0,322.0,18095
KMCDB,2026-07-10,813.6,800.0,1186
MKHC,2026-07-10,295.2,294.7,6432
ADBLD83,2026-07-10,1090.0,1090.0,10
YMHL,2026-07-10,545.0,584.0,27399
MSHL,2026-07-10,587.0,610.0,703
HLICF,2026-07-10,8.49,8.73,2832
UNL,2026-07-10,47000.0,46550.1,20
SCB,2026-07-10,650.0,638.0,18019
LBBLD89,2026-07-10,1320.0,1315.0,307
UMHL,2026-07-10,551.0,576.0,21273
SBLD84,2026-07-10,1056.0,1056.0,43600
SINDU,2026-07-10,686.0,693.0,9583
PMLI,2026-07-10,444.5,442.1,2051
MND84/85,2026-07-10,1090.0,1100.0,88579
RADHI,2026-07-10,670.0,710.0,52400
GBILD84/85,2026-07-10,1125.0,1120.0,130017
STC,2026-07-10,5179.0,5145.0,1427
GMFIL,2026-07-10,456.0,455.0,15923
SIFC,2026-07-10,520.0,520.0,5616
MLBLPO,2026-07-10,201.0,201.0,10454
UAIL,2026-07-10,434.0,433.0,11356
HEI,2026-07-10,518.0,510.0,16277
SBI,2026-07-10,392.0,390.9,9092
SANVI,2026-07-10,602.0,588.0,8342
NMBD2085,2026-07-10,1131.0,1131.0,15
MLBS,2026-07-10,1135.0,1169.0,30
SIKLES,2026-07-10,555.0,550.0,8446
HFIN,2026-07-10,658.9,654.0,22186
GILB,2026-07-10,1114.9,1090.0,1741
KEF,2026-07-10,10.14,11.16,20500
NMBHF2,2026-07-10,9.39,9.78,3799
MLBBL,2026-07-10,1125.3,1129.9,486
ILI,2026-07-10,415.9,415.0,8894
CIT,2026-07-10,1700.0,1684.0,5398
PHCL,2026-07-10,291.1,295.0,50003
SHPC,2026-07-10,497.0,490.0,40738
MABEL,2026-07-10,575.0,584.0,5674
HBLD83,2026-07-10,1021.0,1017.0,620
SBID83,2026-07-10,1087.0,1090.0,35475
AHL,2026-07-10,420.0,421.0,2658
NIBSF2,2026-07-10,8.87,8.86,20300
SPHL,2026-07-10,540.0,546.0,2284
KHPL,2026-07-10,892.9,897.9,6756
KSY,2026-07-10,9.7,9.7,1500
LEC,2026-07-10,196.5,206.6,57416
GBIMESY2,2026-07-10,9.31,9.09,1600
NIMB,2026-07-10,198.1,190.3,91492
DHPL,2026-07-10,281.0,275.0,945
CBBL,2026-07-10,910.0,911.0,10358
MLBL,2026-07-10,351.0,345.4,15835
BANDIPUR,2026-07-10,701.0,701.1,22188
API,2026-07-10,329.0,325.5,258635
MNBBL,2026-07-10,366.7,362.0,36985
SADBL,2026-07-10,408.0,399.0,12586
NIL,2026-07-10,625.0,614.9,4517
SMPDA,2026-07-10,765.0,772.0,747
RMF2,2026-07-10,9.95,9.95,100
KBLD89,2026-07-10,1255.0,1299.8,147306
MEN,2026-07-10,568.0,560.0,96493
NRIC,2026-07-10,940.0,937.9,15390
SBL,2026-07-10,390.0,389.9,76400
HATHY,2026-07-10,675.0,689.8,3429
RHGCL,2026-07-10,255.0,260.0,14385
SPC,2026-07-10,400.0,420.0,752
LICN,2026-07-10,779.7,776.0,12912
GUFL,2026-07-10,544.0,545.0,6630
RBBD2088,2026-07-10,1062.0,1060.0,48377
SWBBL,2026-07-10,680.0,671.3,19495
VLUCL,2026-07-10,424.0,429.0,3444
PURE,2026-07-10,755.0,744.0,3562
GLBSL,2026-07-10,1739.0,1770.0,53
JHAPA,2026-07-10,1094.2,1077.0,8329
SARBTM,2026-07-10,796.0,793.0,7314
UPPER,2026-07-10,192.0,190.9,55084
NICFC,2026-07-10,9.14,9.6,2750
TTL,2026-07-10,680.7,715.0,6656
BARUN,2026-07-10,310.0,314.0,23299
KBL,2026-07-10,210.0,210.4,81682
PCBL,2026-07-10,240.0,231.0,50684
NABBC,2026-07-10,712.0,720.0,21002
CSY,2026-07-10,9.02,9.05,3500
NIMBPO,2026-07-10,141.2,139.0,6314
MLBLD89,2026-07-10,1310.0,1310.0,100
CZBIL,2026-07-10,186.0,196.2,18811
SGIC,2026-07-10,461.0,460.0,16129
SNLI,2026-07-10,421.0,425.0,6562
RURU,2026-07-10,620.0,612.0,4126
BFC,2026-07-10,544.1,512.3,45872
NBBD2085,2026-07-10,1105.1,1105.0,16800
SALICO,2026-07-09,605.0,592.0,26233
TTL,2026-07-09,711.3,716.5,6306
SWMF,2026-07-09,615.0,607.9,2531
RSML,2026-07-09,3000.0,2999.0,53793
NICL,2026-07-09,513.0,513.0,15359
KSBBL,2026-07-09,475.0,470.0,20163
LUK,2026-07-09,10.0,10.03,12920
HDHPC,2026-07-09,206.7,205.8,67537
ULBSL,2026-07-09,2780.0,3200.0,2381
RMF1,2026-07-09,9.61,9.7,6200
KPCL,2026-07-09,460.3,467.5,2623
LSL,2026-07-09,217.0,217.1,61732
SRLI,2026-07-09,375.3,376.9,19247
ADBLD83,2026-07-09,1084.0,1084.0,130728
DLBS,2026-07-09,1220.0,1200.0,245
RNLI,2026-07-09,445.5,449.7,14625
SGHC,2026-07-09,325.0,331.0,4000
OHL,2026-07-09,670.0,669.0,232
GBBL,2026-07-09,401.1,398.5,27617
SBI,2026-07-09,388.1,388.3,21382
CYCL,2026-07-09,1351.1,1379.9,1969
BARUN,2026-07-09,315.2,312.0,32332
HLI,2026-07-09,318.0,320.0,21648
UNHPL,2026-07-09,387.0,385.0,12508
MND84/85,2026-07-09,1080.0,1080.0,25
PBD88,2026-07-09,1241.0,1278.0,1
SHLB,2026-07-09,1430.0,1436.0,130
GIBF1,2026-07-09,10.5,10.33,11200
NMB,2026-07-09,235.0,235.6,38267
NMFBS,2026-07-09,1108.0,1104.2,6014
ILI,2026-07-09,413.6,415.9,3206
BANDIPUR,2026-07-09,721.0,713.0,12877
GBIME,2026-07-09,243.5,242.0,132974
SARBTM,2026-07-09,805.0,793.0,9174
SFCL,2026-07-09,375.0,370.0,5290
BUNGAL,2026-07-09,600.0,585.0,42423
SKHL,2026-07-09,955.0,875.2,10327
SOPL,2026-07-09,827.0,792.6,39702
NMBMF,2026-07-09,601.0,608.0,1163
MANDU,2026-07-09,780.0,800.0,4232
BOKD86KA,2026-07-09,1209.6,1139.0,40
NBBD2085,2026-07-09,1120.1,1112.0,20700
CFCL,2026-07-09,611.3,614.0,144859
TPC,2026-07-09,355.5,350.0,9168
PRVU,2026-07-09,190.0,190.0,70993
PRIN,2026-07-09,680.0,680.1,4913
SMHL,2026-07-09,466.1,470.0,52642
MABEL,2026-07-09,600.0,578.0,8069
SLBBL,2026-07-09,798.0,793.8,6026
PPCL,2026-07-09,329.0,328.7,5566
GHL,2026-07-09,216.8,216.4,36008
EDBL,2026-07-09,555.0,561.0,1390
RURU,2026-07-09,621.1,621.0,1667
DOLTI,2026-07-09,337.9,321.0,22656
API,2026-07-09,333.8,328.0,138762
NIBLGF,2026-07-09,9.29,9.29,521
KBLD89,2026-07-09,1262.0,1262.0,1520
UHEWA,2026-07-09,577.0,563.7,16623
GBILD84/85,2026-07-09,1100.0,1120.0,181135
NHDL,2026-07-09,644.0,631.0,1413
JFL,2026-07-09,390.0,385.1,2671
NBL,2026-07-09,266.0,264.0,31375
MBL,2026-07-09,242.4,245.0,57546
NABBC,2026-07-09,693.1,694.4,7341
BFC,2026-07-09,518.0,523.0,148814
SIGS2,2026-07-09,10.3,10.25,1900
HEI,2026-07-09,530.1,518.0,21577
MKHL,2026-07-09,475.0,474.5,8217
NMLBBL,2026-07-09,549.0,525.0,7387
SKHEL,2026-07-09,920.0,901.0,4535
BNT,2026-07-09,11600.0,11550.0,40
FMDBL,2026-07-09,767.0,760.0,10388
NICAD2091,2026-07-09,1070.0,1070.0,40
RIDI,2026-07-09,327.0,326.5,130033
KHPL,2026-07-09,884.0,892.9,10580
KAHL,2026-07-09,480.0,477.0,55910
MSHL,2026-07-09,605.0,600.0,2065
HIDCL,2026-07-09,250.2,248.2,33072
LLBS,2026-07-09,900.0,915.9,186
VLBS,2026-07-09,670.0,664.0,1867
LVF2,2026-07-09,9.7,9.95,21800
AHPC,2026-07-09,261.0,260.1,49995
LBBL,2026-07-09,473.1,479.0,47958
NSIF2,2026-07-09,10.6,10.6,750
NBF3,2026-07-09,10.0,9.99,49490
RLEL,2026-07-09,800.0,768.0,5453
IGI,2026-07-09,427.2,429.5,6957
SHINED,2026-07-09,1107.0,1107.2,55
RLFL,2026-07-09,439.9,463.3,20070
MATRI,2026-07-09,824.1,826.0,333
PFL,2026-07-09,358.0,364.0,4397
RBBF40,2026-07-09,9.79,9.5,2700
ACLBSL,2026-07-09,925.0,920.0,477
CIT,2026-07-09,1685.1,1683.0,3820
EBLD91,2026-07-09,1090.0,1090.0,40
NIFRA,2026-07-09,250.0,244.0,66307
NIFRAGED,2026-07-09,1044.6,1054.9,82
PCIL,2026-07-09,618.0,609.0,20390
MKJC,2026-07-09,445.1,446.1,4777
JBLB,2026-07-09,1225.0,1231.0,3616
APHL,2026-07-09,850.0,871.6,31890
MLBL,2026-07-09,349.5,348.0,13077
NMIC,2026-07-09,920.0,924.0,1941
NESDO,2026-07-09,1499.0,1477.0,881
HBLD83,2026-07-09,1030.7,1030.0,39380
OMPL,2026-07-09,955.0,900.0,5739
USLB,2026-07-09,1210.0,1170.0,2206
PHCL,2026-07-09,293.0,293.8,31375
HURJA,2026-07-09,230.0,227.4,32493
UPPER,2026-07-09,192.0,191.7,58806
CCBD88,2026-07-09,1228.0,1228.0,25
WNLB,2026-07-09,1321.0,1326.0,67
KDL,2026-07-09,794.7,774.9,585
USHL,2026-07-09,505.3,482.5,5723
HIMSTAR,2026-07-09,712.0,678.0,9538
NMBD2085,2026-07-09,1160.0,1130.0,79985
CBBL,2026-07-09,919.9,912.0,25423
BHL,2026-07-09,206.0,205.0,51839
SONA,2026-07-09,411.0,406.3,35598
BOKD86,2026-07-09,1126.0,1103.0,185318
ALICLP,2026-07-09,239.0,239.0,498960
SHL,2026-07-09,492.9,492.0,33083
MDB,2026-07-09,571.0,573.0,6090
AKPL,2026-07-09,252.0,250.0,72613
MKHC,2026-07-09,301.2,297.0,6796
HIDCLP,2026-07-09,185.9,184.4,107229
RAWA,2026-07-09,427.0,420.0,23760
CZBIL,2026-07-09,192.1,195.5,42909
NADEP,2026-07-09,710.1,726.9,827
NICAD85/86,2026-07-09,1160.0,1160.0,10
NIBSF2,2026-07-09,8.75,9.1,4999
ICFCD88,2026-07-09,1120.0,1150.0,175
PURE,2026-07-09,780.0,749.9,8519
NFS,2026-07-09,575.5,567.0,6360
RBCLPO,2026-07-09,11125.0,11399.0,60
LEC,2026-07-09,211.9,206.8,52689
GRDBL,2026-07-09,1021.1,1025.1,4343
SIKLES,2026-07-09,550.0,551.9,3189
KKHC,2026-07-09,245.0,249.8,24532
HDL,2026-07-09,1148.0,1144.0,25218
KEF,2026-07-09,10.3,10.23,62450
NLICL,2026-07-09,573.7,570.2,15725
EHPL,2026-07-09,359.9,352.0,3829
CSY,2026-07-09,9.01,9.02,3600
MNMF1,2026-07-09,9.56,9.8,54620
LBLD86,2026-07-09,1240.0,1202.8,1
GBIMESY2,2026-07-09,9.0,9.04,1600
NIMBPO,2026-07-09,142.0,142.0,3937
SGHL,2026-07-09,471.1,458.8,83860
CHCL,2026-07-09,475.1,477.0,21633
NICGF2,2026-07-09,9.0,9.12,15800
DHPL,2026-07-09,285.0,275.9,3308
SANVI,2026-07-09,597.0,594.0,10254
SLBSL,2026-07-09,1099.0,1159.8,5638
DORDI,2026-07-09,246.1,246.5,16707
MFIL,2026-07-09,770.0,772.0,48827
MKCL,2026-07-09,1070.0,1082.0,2262
SBL,2026-07-09,392.0,388.3,59169
PRSF,2026-07-09,12.59,12.58,26077
NRN,2026-07-09,1380.1,1372.0,38347
BBC,2026-07-09,4115.0,4101.0,155
RADHI,2026-07-09,702.9,705.0,16347
SMPDA,2026-07-09,803.0,785.0,1126
MCHL,2026-07-09,293.0,274.1,9006
GVL,2026-07-09,466.2,470.0,6136
SBD87,2026-07-09,1116.0,1115.0,10730
AKJCL,2026-07-09,343.0,347.0,297549
SAIL,2026-07-09,824.0,859.0,21914
MSLB,2026-07-09,1230.0,1235.0,369
BHPL,2026-07-09,478.2,489.0,5962
MAKAR,2026-07-09,455.3,458.0,775
CREST,2026-07-09,1189.0,1196.1,7972
YMHL,2026-07-09,562.0,552.0,24730
MMF1,2026-07-09,9.5,9.5,65000
PSF,2026-07-09,11.95,11.6,58350
MHCL,2026-07-09,312.2,316.5,4637
SPDL,2026-07-09,365.8,369.9,18187
HBLD86,2026-07-09,1205.0,1205.0,50
SMFBS,2026-07-09,1650.0,1589.9,1719
PROFL,2026-07-09,430.0,432.9,2307
NICLBSL,2026-07-09,551.0,552.0,3694
SPHL,2026-07-09,545.0,545.9,3068
HATHY,2026-07-09,691.0,689.9,6267
FOWAD,2026-07-09,990.0,960.0,1341
GBLBS,2026-07-09,748.0,731.6,1831
TRH,2026-07-09,780.1,770.0,1951
ICFCD89,2026-07-09,1100.5,1113.0,80
DHEL,2026-07-09,568.0,573.9,10667
CITY,2026-07-09,371.3,363.9,169114
NICA,2026-07-09,330.0,329.9,32553
NBLD87,2026-07-09,1093.0,1093.0,25
GLBSL,2026-07-09,1780.0,1740.0,598
NABILD2089,2026-07-09,1153.0,1124.0,2
JHAPA,2026-07-09,1083.0,1127.0,31997
HPPL,2026-07-09,352.5,365.1,54567
SAGF,2026-07-09,10.0,10.25,600
SPIL,2026-07-09,688.0,694.0,6962
KBSH,2026-07-09,1349.3,1301.0,269
ADBL,2026-07-09,303.5,304.0,13934
MLBSL,2026-07-09,1739.0,1729.9,308
UNL,2026-07-09,46600.0,46600.0,10
EBLD85,2026-07-09,1116.0,1107.1,30491
NYADI,2026-07-09,373.0,374.0,4846
GMLI,2026-07-09,1142.0,1149.9,849
NLIC,2026-07-09,740.0,739.9,17824
CGH,2026-07-09,766.0,775.0,3628
PMLI,2026-07-09,445.0,444.5,1509
HLBSL,2026-07-09,850.0,869.0,4231
GFCL,2026-07-09,615.1,609.0,12646
SNORL,2026-07-09,770.0,879.0,29352
MNBBL,2026-07-09,365.0,363.0,50083
MMKJL,2026-07-09,470.0,459.0,1752
SYPNL,2026-07-09,1310.0,1340.0,44444
NRIC,2026-07-09,940.0,940.0,19948
SNLI,2026-07-09,427.5,423.1,9490
SICL,2026-07-09,615.0,611.0,5014
SJLIC,2026-07-09,413.0,414.0,17500
RHPL,2026-07-09,260.0,260.2,14193
TVCL,2026-07-09,458.5,482.0,8782
UPCL,2026-07-09,349.2,359.9,50083
HRL,2026-07-09,564.0,560.0,48029
MBLEF,2026-07-09,10.0,10.1,4450
SMATA,2026-07-09,760.0,734.0,1945
UNLB,2026-07-09,1332.5,1299.0,585
ULHC,2026-07-09,393.0,381.0,9055
SWBBL,2026-07-09,670.0,669.9,43664
MPFL,2026-07-09,610.0,605.0,7597
SJCL,2026-07-09,267.2,272.3,4770
SPL,2026-07-09,655.0,659.0,1875
NICFC,2026-07-09,9.26,9.37,12800
NHPC,2026-07-09,257.9,253.0,135613
KBLPO,2026-07-09,100.0,100.0,3041
GCIL,2026-07-09,336.0,328.1,25487
NMBD87/88,2026-07-09,1133.0,1133.0,127155
SADBL,2026-07-09,400.0,400.5,10933
MBJC,2026-07-09,268.1,268.5,8913
SIPD,2026-07-09,600.0,590.0,10144
BHDC,2026-07-09,431.0,429.0,10402
SHINE,2026-07-09,403.0,399.9,26083
AVYAN,2026-07-09,1030.2,1040.0,567
SHPC,2026-07-09,491.0,489.0,35609
SIGS3,2026-07-09,10.6,10.45,17900
RSY,2026-07-09,9.8,9.95,1100
NICD83/84,2026-07-09,1045.0,1075.0,115
TSHL,2026-07-09,375.0,349.0,25691
H8020,2026-07-09,11.76,11.65,700
IHL,2026-07-09,350.0,348.0,10822
ICFC,2026-07-09,604.2,605.0,9895
GSY,2026-07-09,9.95,9.95,7155
NICSF,2026-07-09,9.35,9.1,52784
MEN,2026-07-09,565.1,564.0,56042
MEL,2026-07-09,214.0,213.7,23778
PBD84,2026-07-09,1120.0,1115.0,16530
SAHAS,2026-07-09,660.0,644.9,117331
LBBLD89,2026-07-09,1282.0,1282.0,13
SIFC,2026-07-09,521.0,515.0,3474
SPC,2026-07-09,420.0,420.0,1969
ALICL,2026-07-09,430.0,420.0,20644
TPKHL,2026-07-09,500.1,496.0,27489
MERO,2026-07-09,710.0,690.0,12563
RFPL,2026-07-09,333.0,333.8,13606
NABIL,2026-07-09,532.0,528.6,42398
USHEC,2026-07-09,481.1,483.0,2656
HLICF,2026-07-09,9.16,8.75,4200
KBL,2026-07-09,212.0,209.0,107075
CHDC,2026-07-09,2112.0,2109.0,10953
HFIN,2026-07-09,650.2,658.9,16585
BHCL,2026-07-09,481.0,474.0,45833
GBILD86/87,2026-07-09,1131.0,1119.0,315600
ENL,2026-07-09,800.2,800.1,780
HBL,2026-07-09,191.1,194.0,29763
LICN,2026-07-09,776.0,779.7,9199
BGWT,2026-07-09,562.9,560.0,1165
MEHL,2026-07-09,324.0,314.0,4543
SABBL,2026-07-09,950.0,875.0,29111
NIL,2026-07-09,606.0,611.2,2434
ANLB,2026-07-09,5600.0,5798.0,1731
KMCDB,2026-07-09,779.0,790.0,1876
DDBL,2026-07-09,815.2,819.1,6318
SEF,2026-07-09,10.0,9.96,21400
NWCL,2026-07-09,714.1,723.5,1120
CHL,2026-07-09,255.1,256.0,4946
PCBL,2026-07-09,231.2,231.0,54301
UMRH,2026-07-09,516.0,514.1,4878
VLUCL,2026-07-09,431.0,429.0,2520
HHL,2026-07-09,330.6,335.9,13407
SOHL,2026-07-09,577.0,570.0,74396
SAGAR,2026-07-09,1541.0,1578.0,4389
SAPDBL,2026-07-09,770.5,769.5,9473
SHIVM,2026-07-09,640.0,622.9,85479
NUBL,2026-07-09,601.6,606.0,6643
MLBBL,2026-07-09,1140.0,1140.0,20
KSY,2026-07-09,9.65,9.94,36900
GILB,2026-07-09,1071.6,1100.0,2022
RHGCL,2026-07-09,259.7,257.9,12540
EBL,2026-07-09,700.0,697.0,12059
BEDC,2026-07-09,319.0,317.9,9244
SHEL,2026-07-09,295.0,293.7,30995
RMF2,2026-07-09,10.0,10.0,800
BPCL,2026-07-09,641.0,650.0,12759
SLCF,2026-07-09,10.0,10.08,10600
ILBS,2026-07-09,831.3,865.0,1053
NGPL,2026-07-09,402.1,409.0,100458
SINDU,2026-07-09,690.0,695.0,4152
GMFIL,2026-07-09,460.0,454.3,4410
NIBLSTF,2026-07-09,9.17,9.17,2350
CKHL,2026-07-09,572.4,582.4,1060
NTC,2026-07-09,844.0,847.0,5465
SFEF,2026-07-09,10.0,10.0,17860
NRM,2026-07-09,313.2,316.2,2781
SFMF,2026-07-09,10.2,10.17,10000
STC,2026-07-09,5060.0,5190.0,2159
NIMBD90,2026-07-09,1212.0,1212.0,50
SMH,2026-07-09,513.0,508.2,4815
RBBD83,2026-07-09,1036.6,1036.6,25
RSDC,2026-07-09,645.9,643.0,4094
HEIP,2026-07-09,337.0,327.0,55
NICBF,2026-07-09,9.33,9.33,900
CORBL,2026-07-09,1700.0,1710.0,24208
PMHPL,2026-07-09,300.3,315.0,5825
NLG,2026-07-09,580.0,575.0,6286
KDBY,2026-07-09,10.5,10.67,16710
SMJC,2026-07-09,447.0,440.0,8475
GLH,2026-07-09,247.0,248.9,18441
UMHL,2026-07-09,551.0,575.0,19766
SMB,2026-07-09,1810.0,1822.0,2096
GUFL,2026-07-09,545.5,544.0,6888
SBCF,2026-07-09,9.7,9.6,70281
RBCL,2026-07-09,14300.0,14201.0,160
NSY,2026-07-09,9.29,9.47,8900
NMBHF2,2026-07-09,9.5,9.4,1650
SSHL,2026-07-09,198.0,195.5,63363
AHL,2026-07-09,415.1,421.0,4736
SBLD89,2026-07-09,1273.0,1271.0,225110
GBBLPO,2026-07-09,238.0,238.0,5000
SGIC,2026-07-09,468.0,460.1,4460
PPL,2026-07-09,314.0,323.0,15131
SCB,2026-07-09,645.0,642.0,14689
SBLD2091,2026-07-09,1082.0,1082.0,14
BNHC,2026-07-09,304.1,300.1,5676
MHL,2026-07-09,472.0,464.0,1844
GMFBS,2026-07-09,1240.0,1195.0,592
UAIL,2026-07-09,433.1,433.0,5873
JBBL,2026-07-09,335.0,335.0,29143
BJHL,2026-07-09,784.0,740.0,6061
ALBSL,2026-07-09,1058.0,1064.8,1015
MLBS,2026-07-09,1145.0,1144.0,100
SANIMA,2026-07-09,353.8,352.1,55167
MHNL,2026-07-09,239.0,233.0,12347
JBBD87,2026-07-09,1132.0,1131.0,20050
CLI,2026-07-09,444.0,444.0,8752
NMB50,2026-07-09,10.4,10.21,9359
JSLBB,2026-07-09,970.0,1000.0,70
CZBILP,2026-07-09,105.8,105.8,75000
SWASTIK,2026-07-09,2050.0,2030.0,587
SKBBL,2026-07-09,749.0,743.0,9757
NIMB,2026-07-09,193.0,191.0,125288
NBF2,2026-07-09,9.8,9.7,1000
JOSHI,2026-07-09,259.0,254.0,9239
TAMOR,2026-07-09,439.0,439.2,11639
SBLD84,2026-07-09,1060.0,1029.0,5100
MCHL,2026-07-08,290.0,285.0,9671
SYPNL,2026-07-08,1300.0,1354.0,36378
PCBL,2026-07-08,237.0,234.0,40443
GBIME,2026-07-08,249.0,244.0,90962
SBCF,2026-07-08,9.5,9.6,3850
SAND2085,2026-07-08,1156.0,1140.0,55287
NIL,2026-07-08,616.8,616.5,4219
SRBLD83,2026-07-08,1099.0,1078.0,10026
PURE,2026-07-08,800.0,770.2,7384
NBLD85,2026-07-08,1094.0,1096.0,12369
KBL,2026-07-08,215.0,211.8,85303
SHINE,2026-07-08,410.0,403.0,22401
EDBL,2026-07-08,560.2,564.9,11660
DORDI,2026-07-08,250.0,247.0,20342
SBI,2026-07-08,387.1,388.7,7856
SFEF,2026-07-08,9.95,9.95,200
MFLD85,2026-07-08,1102.0,1103.1,50
PHCL,2026-07-08,300.0,293.0,52473
SHLB,2026-07-08,1514.8,1453.3,307
TPC,2026-07-08,352.5,352.1,7716
LEC,2026-07-08,200.5,209.8,36498
APHL,2026-07-08,860.0,857.0,28726
SEF,2026-07-08,10.0,9.91,6501
PCIL,2026-07-08,640.0,623.0,23862
MNMF1,2026-07-08,9.85,9.85,38385
SJCL,2026-07-08,268.1,273.9,9131
JBLB,2026-07-08,1235.7,1239.5,2922
SRLI,2026-07-08,380.0,379.9,12441
CKHL,2026-07-08,576.0,590.0,1190
GLBSL,2026-07-08,1822.0,1780.0,702
HLICF,2026-07-08,9.16,9.16,3400
GMFBS,2026-07-08,1236.0,1206.0,150
NICFC,2026-07-08,9.24,9.36,5500
SPDL,2026-07-08,386.0,375.1,17802
ENL,2026-07-08,840.0,823.0,2109
AHL,2026-07-08,437.9,415.1,7024
LBBLD89,2026-07-08,1335.0,1300.0,200
LUK,2026-07-08,10.3,10.3,6000
NIMBPO,2026-07-08,143.5,145.0,2191
SKHL,2026-07-08,971.0,910.0,7251
SMATA,2026-07-08,747.0,743.0,1542
SAPDBL,2026-07-08,820.0,778.0,8941
MMKJL,2026-07-08,466.0,466.5,2537
PROFL,2026-07-08,433.1,440.0,3509
CFCL,2026-07-08,636.0,617.9,68234
JOSHI,2026-07-08,260.0,259.6,5384
ALICL,2026-07-08,435.0,432.0,7935
RBBD2088,2026-07-08,1083.0,1061.0,131
HLBSL,2026-07-08,882.0,875.0,1764
SMFBS,2026-07-08,1700.0,1597.9,5309
HBLD86,2026-07-08,1210.0,1210.0,15
HLI,2026-07-08,329.4,322.0,22294
NIMB,2026-07-08,195.0,192.6,58091
NFS,2026-07-08,581.0,575.5,13065
GCIL,2026-07-08,343.0,336.0,21772
SPHL,2026-07-08,550.0,554.9,12168
SICL,2026-07-08,629.0,619.0,2716
GLH,2026-07-08,251.0,249.0,21341
NIBD84,2026-07-08,1077.0,1077.0,10962
NMBD87/88,2026-07-08,1117.0,1145.0,42215
ICFC,2026-07-08,605.5,608.0,5875
RBBD83,2026-07-08,1038.1,1042.0,36571
OMPL,2026-07-08,1007.0,955.0,4020
NMFBSP,2026-07-08,610.0,610.0,9258
MHL,2026-07-08,483.0,474.9,3811
NMB,2026-07-08,237.2,237.0,15811
SWASTIK,2026-07-08,2040.0,2057.9,567
DLBS,2026-07-08,1186.1,1201.0,1638
CREST,2026-07-08,1276.8,1208.5,7080
SIFC,2026-07-08,539.9,524.0,3009
NIBLGF,2026-07-08,9.2,9.29,13900
NGPL,2026-07-08,408.0,405.9,65121
PRSF,2026-07-08,12.65,12.59,163123
SMPDA,2026-07-08,777.0,782.0,1153
ALBSL,2026-07-08,1032.0,1066.9,1748
MLBSL,2026-07-08,1700.0,1739.0,120
RURU,2026-07-08,635.0,625.0,2498
NRN,2026-07-08,1370.0,1395.0,67400
CORBL,2026-07-08,1947.5,1775.0,24658
GRDBL,2026-07-08,1028.1,1043.9,6327
RSML,2026-07-08,3020.0,3040.0,16075
CITY,2026-07-08,359.9,370.0,180593
GVL,2026-07-08,467.3,473.0,4501
NSIF2,2026-07-08,10.55,10.6,400
HIDCL,2026-07-08,250.0,252.4,45619
HRL,2026-07-08,585.0,569.5,39826
KDBY,2026-07-08,10.48,10.5,225650
SLCF,2026-07-08,10.0,10.01,3300
NMLBBL,2026-07-08,545.0,541.0,8458
SIPD,2026-07-08,601.1,600.0,12126
NIFRA,2026-07-08,247.0,247.0,38174
BHL,2026-07-08,210.0,205.1,86329
UNL,2026-07-08,47200.0,47200.0,10
JHAPA,2026-07-08,1180.0,1140.0,13188
SGHL,2026-07-08,505.0,471.1,164060
NHDL,2026-07-08,637.0,644.6,1987
C30MF,2026-07-08,9.93,10.24,1360
NBF2,2026-07-08,10.1,9.81,19500
SGIC,2026-07-08,466.0,467.9,13329
RMF2,2026-07-08,9.81,10.1,1100
AVYAN,2026-07-08,1050.5,1052.0,1229
MKJC,2026-07-08,475.0,447.0,6303
MANDU,2026-07-08,803.0,790.0,3483
GBBL,2026-07-08,409.9,405.0,17879
GFCL,2026-07-08,607.0,615.0,8112
DDBL,2026-07-08,825.0,821.1,2707
MMF1,2026-07-08,9.9,9.79,17730
ANLB,2026-07-08,5685.0,5869.0,380
MLBBL,2026-07-08,1084.9,1137.0,346
SGHC,2026-07-08,338.0,332.2,6473
BHCL,2026-07-08,510.0,490.0,29957
GILB,2026-07-08,1108.9,1104.0,268
SBLD84,2026-07-08,1089.0,1089.0,12832
SWBBL,2026-07-08,680.0,683.9,11096
SAGAR,2026-07-08,1540.1,1587.0,6611
RMF1,2026-07-08,9.52,9.78,4700
KSBBL,2026-07-08,470.1,475.0,7425
EBLD86,2026-07-08,1080.3,1080.3,25
NABIL,2026-07-08,534.0,532.0,32674
MHCL,2026-07-08,328.0,318.2,4284
RADHI,2026-07-08,720.0,703.0,29386
KSY,2026-07-08,9.01,9.57,1200
ADBL,2026-07-08,307.0,304.9,24412
IHL,2026-07-08,358.0,357.2,10481
NICBF,2026-07-08,9.6,9.6,7300
GUFL,2026-07-08,550.1,548.0,9564
NICGF2,2026-07-08,9.2,9.2,500
SBID83,2026-07-08,1085.0,1085.0,10000
MKHC,2026-07-08,295.0,299.9,6188
LVF2,2026-07-08,9.71,10.0,31733
NWCL,2026-07-08,705.1,713.4,2322
LLBS,2026-07-08,924.9,912.0,417
SPIL,2026-07-08,688.9,689.0,4704
PBD84,2026-07-08,1088.0,1088.0,13500
NSY,2026-07-08,9.19,9.57,5400
SAGF,2026-07-08,9.95,9.95,300
GMFIL,2026-07-08,467.4,456.0,22158
CBBL,2026-07-08,915.1,919.9,11723
BNHC,2026-07-08,307.0,304.0,6162
HPPL,2026-07-08,358.0,362.0,23084
ICFCD88,2026-07-08,1140.0,1140.0,25
NBL,2026-07-08,257.0,265.0,39787
AHPC,2026-07-08,265.0,260.6,42066
NMB50,2026-07-08,10.37,10.39,15830
MEN,2026-07-08,585.0,569.0,44649
PMLI,2026-07-08,454.0,445.0,2180
SHPC,2026-07-08,492.6,492.9,19830
MBLEF,2026-07-08,9.95,10.0,800
PMHPL,2026-07-08,320.0,316.1,1667
PBD88,2026-07-08,1241.0,1241.0,9976
SCBD,2026-07-08,1105.0,1108.1,60974
DHPL,2026-07-08,284.0,281.3,2184
MKHL,2026-07-08,493.9,478.0,3101
BHDC,2026-07-08,438.0,432.0,9081
HHL,2026-07-08,339.0,336.5,19983
BARUN,2026-07-08,319.1,317.0,22653
SIGS3,2026-07-08,10.48,10.47,2500
HEIP,2026-07-08,329.0,329.0,35
SBD87,2026-07-08,1096.7,1116.0,200035
RNLI,2026-07-08,448.0,448.5,13422
NMBD89/90,2026-07-08,1322.2,1312.0,18188
GIBF1,2026-07-08,10.46,10.81,2600
SONA,2026-07-08,418.0,414.6,28253
KPCL,2026-07-08,470.0,465.0,5310
NYADI,2026-07-08,371.1,375.0,3384
BGWT,2026-07-08,553.0,562.9,3167
NTC,2026-07-08,850.0,847.0,4358
BJHL,2026-07-08,780.0,766.1,6462
SHIVM,2026-07-08,628.0,623.0,66713
EHPL,2026-07-08,386.0,360.0,15712
TSHL,2026-07-08,395.0,379.0,8952
NIFRAUR85/86,2026-07-08,1050.0,1050.0,45
SIKLES,2026-07-08,547.5,549.0,5403
RLFL,2026-07-08,470.9,463.0,22973
MNBBL,2026-07-08,363.0,365.0,21812
GBIMESY2,2026-07-08,9.05,9.2,2800
SNORL,2026-07-08,750.0,786.5,31280
ULBSL,2026-07-08,3180.0,2840.0,624
PRIN,2026-07-08,692.0,685.0,6422
KDL,2026-07-08,770.0,784.6,1761
BFC,2026-07-08,529.0,518.0,76074
BPCL,2026-07-08,650.0,646.9,20052
BUNGAL,2026-07-08,635.0,600.5,84365
TRH,2026-07-08,772.1,776.0,1503
SOHL,2026-07-08,575.0,582.0,52845
HIDCLP,2026-07-08,188.0,185.9,87706
USLB,2026-07-08,1218.0,1210.0,1170
GMLI,2026-07-08,1150.0,1173.9,858
SANVI,2026-07-08,609.1,603.9,10510
CHCL,2026-07-08,485.0,475.1,19146
NMBMF,2026-07-08,601.2,611.0,718
STC,2026-07-08,5100.0,5150.0,1686
HIMSTAR,2026-07-08,724.0,713.1,3085
TVCL,2026-07-08,466.0,469.0,2740
MPFL,2026-07-08,620.0,619.7,17295
SIGS2,2026-07-08,10.31,10.31,150
KBLD86,2026-07-08,1180.0,1180.0,69815
SANIMA,2026-07-08,355.0,353.8,70394
CLI,2026-07-08,458.0,449.0,9139
NBF3,2026-07-08,9.7,10.0,14250
NIMBD90,2026-07-08,1248.9,1212.2,35
MKCL,2026-07-08,1080.0,1087.9,960
PFL,2026-07-08,364.0,364.0,6597
SBL,2026-07-08,391.0,389.1,49525
MAKAR,2026-07-08,460.2,455.3,2460
HDL,2026-07-08,1150.0,1147.0,20807
SALICO,2026-07-08,593.0,598.0,3711
UMHL,2026-07-08,572.1,580.0,40260
SSHL,2026-07-08,211.0,197.5,64288
RLEL,2026-07-08,860.0,809.0,7238
NMFBS,2026-07-08,1129.5,1110.1,3268
ULHC,2026-07-08,401.0,391.3,11015
NADEP,2026-07-08,720.0,730.0,938
GBILD86/87,2026-07-08,1088.0,1109.9,30055
FOWAD,2026-07-08,980.0,992.0,4176
SABBL,2026-07-08,980.0,954.0,5107
KKHC,2026-07-08,266.79,250.0,37237
SAHAS,2026-07-08,654.5,648.0,74375
USHEC,2026-07-08,475.3,485.0,7304
MSLB,2026-07-08,1249.9,1242.0,967
BBC,2026-07-08,4112.0,4215.0,223
YMHL,2026-07-08,590.0,564.2,36973
IGI,2026-07-08,430.0,430.0,6707
MBL,2026-07-08,250.0,245.0,67349
EBLD85,2026-07-08,1115.0,1107.1,32615
API,2026-07-08,334.0,331.0,119506
UHEWA,2026-07-08,551.0,563.0,41611
SARBTM,2026-07-08,801.0,803.9,11845
UAIL,2026-07-08,436.5,436.0,11592
KMCDB,2026-07-08,794.0,794.9,1303
NESDO,2026-07-08,1515.0,1518.0,710
JBBL,2026-07-08,338.5,339.0,27611
ILI,2026-07-08,399.0,418.0,7754
MEHL,2026-07-08,318.1,324.0,550
NABBC,2026-07-08,736.0,710.0,5619
RBCLPO,2026-07-08,11140.0,11444.0,45
GSY,2026-07-08,10.0,9.95,1700
HBL,2026-07-08,200.0,196.0,47539
HDHPC,2026-07-08,198.6,206.7,84690
NRM,2026-07-08,320.2,320.0,3666
NICLBSL,2026-07-08,553.0,554.0,3998
MFIL,2026-07-08,770.0,769.8,46320
SWMF,2026-07-08,610.0,619.8,2445
SMB,2026-07-08,1880.2,1808.0,3745
MHNL,2026-07-08,235.9,234.0,7885
JSLBB,2026-07-08,986.0,970.0,1176
VLBS,2026-07-08,675.0,672.5,3793
HEI,2026-07-08,526.0,530.5,30261
BOKD86,2026-07-08,1095.0,1119.0,15027
VLUCL,2026-07-08,441.0,435.0,4346
OHL,2026-07-08,696.9,670.0,310
HATHY,2026-07-08,700.0,703.0,8237
KBSH,2026-07-08,1300.0,1310.0,166
SMJC,2026-07-08,445.0,447.0,11914
H8020,2026-07-08,11.65,12.12,2264
BNT,2026-07-08,11600.0,11600.0,36
SMHL,2026-07-08,479.0,473.0,26066
KHPL,2026-07-08,880.0,889.0,17680
MLBL,2026-07-08,350.5,352.0,21816
SMH,2026-07-08,520.0,514.0,8555
NCCD86,2026-07-08,1125.1,1185.0,373575
RFPL,2026-07-08,345.0,337.0,19620
KAHL,2026-07-08,542.2,487.0,142982
HURJA,2026-07-08,229.1,230.0,37804
NUBL,2026-07-08,615.0,615.0,11164
SCB,2026-07-08,642.0,640.0,11710
RSY,2026-07-08,10.01,10.1,66505
MSHL,2026-07-08,595.0,600.0,1374
SFCL,2026-07-08,367.6,375.0,7839
NMIC,2026-07-08,943.0,938.0,3178
SNLI,2026-07-08,431.0,427.5,15909
DOLTI,2026-07-08,336.0,330.0,33112
GHL,2026-07-08,221.0,218.9,15552
LICN,2026-07-08,780.0,779.0,4590
MATRI,2026-07-08,865.3,840.0,1474
ILBS,2026-07-08,896.1,875.0,799
MLBS,2026-07-08,1155.1,1179.0,165
SHEL,2026-07-08,295.2,297.0,35370
PBLD84,2026-07-08,1125.0,1144.0,5653
NRIC,2026-07-08,945.0,935.1,16006
DHEL,2026-07-08,575.0,585.0,7177
BEDC,2026-07-08,327.0,321.1,21763
RBBF40,2026-07-08,10.05,9.83,10481
CGH,2026-07-08,776.5,776.4,3919
SAIL,2026-07-08,893.5,867.0,15715
NICD83/84,2026-07-08,1045.0,1045.0,1870
WNLB,2026-07-08,1328.1,1346.0,88
NBLD87,2026-07-08,1085.0,1085.0,25
MBLD2085,2026-07-08,1165.0,1165.0,80000
SINDU,2026-07-08,677.0,701.0,3824
USHL,2026-07-08,490.0,481.3,3240
CIT,2026-07-08,1700.0,1688.2,3454
UPPER,2026-07-08,199.0,192.9,66987
TAMOR,2026-07-08,440.0,439.0,24035
PPCL,2026-07-08,333.0,333.0,12285
SFMF,2026-07-08,10.47,10.47,100
TPKHL,2026-07-08,530.0,510.0,38135
TTL,2026-07-08,757.0,728.5,13612
SPL,2026-07-08,697.1,665.0,1027
GBLBS,2026-07-08,740.0,748.0,3394
CHDC,2026-07-08,2120.9,2099.0,8414
KBLD90,2026-07-08,1251.4,1202.0,250
SLBBL,2026-07-08,798.0,798.0,7861
NLG,2026-07-08,581.0,574.0,65302
UPCL,2026-07-08,350.0,360.0,62094
NICL,2026-07-08,519.0,519.9,23010
PPL,2026-07-08,320.1,329.7,5108
RIDI,2026-07-08,342.0,324.0,145830
NICAD2091,2026-07-08,1070.0,1070.0,120
RAWA,2026-07-08,431.0,427.0,16193
NIBLSTF,2026-07-08,9.34,8.91,9100
AKPL,2026-07-08,244.1,252.0,33244
AKJCL,2026-07-08,360.0,343.0,385593
HFIN,2026-07-08,700.0,669.1,25742
CZBIL,2026-07-08,190.0,195.7,28568
RHPL,2026-07-08,260.1,261.1,13970
PSF,2026-07-08,11.42,11.95,18100
UMRH,2026-07-08,539.0,515.0,9160
CIZBD90,2026-07-08,1139.1,1204.1,93146
NICA,2026-07-08,336.0,332.0,55337
NLICL,2026-07-08,571.0,577.0,7823
LSL,2026-07-08,218.0,218.0,32918
NICSF,2026-07-08,9.2,9.4,45900
SKHEL,2026-07-08,937.8,912.0,5265
CYCL,2026-07-08,1400.0,1380.0,896
ACLBSL,2026-07-08,900.0,925.0,954
MABEL,2026-07-08,605.0,600.0,7412
CSY,2026-07-08,9.01,9.05,7000
SPC,2026-07-08,420.0,422.3,6404
UNLB,2026-07-08,1337.0,1299.0,278
NIFRAGED,2026-07-08,1044.6,1044.6,25
NMBHF2,2026-07-08,9.6,9.79,3180
MERO,2026-07-08,676.0,695.0,1574
ICFCD89,2026-07-08,1101.0,1115.0,470
MDB,2026-07-08,588.0,575.0,5930
JFL,2026-07-08,396.0,390.0,8190
NABILD87,2026-07-08,1125.0,1125.0,25
MEL,2026-07-08,219.0,214.0,19721
PRVU,2026-07-08,193.7,190.2,79604
EBL,2026-07-08,707.0,698.1,19412
CHL,2026-07-08,261.0,258.0,13321
UNHPL,2026-07-08,387.1,387.0,16650
KEF,2026-07-08,10.29,10.33,16700
SOPL,2026-07-08,855.0,827.0,48156
SLBSL,2026-07-08,1120.0,1130.0,2081
MBJC,2026-07-08,276.0,271.2,6739
NHPC,2026-07-08,260.0,255.0,136233
KBLD89,2026-07-08,1255.0,1290.0,497041
NLIC,2026-07-08,745.5,739.9,20922
SHL,2026-07-08,494.0,493.0,18401
FMDBL,2026-07-08,757.0,749.1,8071
RSDC,2026-07-08,640.5,645.9,3429
SADBL,2026-07-08,400.0,400.0,12300
RHGCL,2026-07-08,261.1,262.0,17038
RBCL,2026-07-08,14480.0,14210.0,240
BANDIPUR,2026-07-08,726.0,727.0,10025
NMBD2085,2026-07-08,1164.0,1194.0,5
GBILD84/85,2026-07-08,1111.0,1100.1,88895
SJLIC,2026-07-08,418.6,416.3,17668
BHPL,2026-07-08,496.0,492.0,6292
LBBL,2026-07-08,484.9,477.5,25335
SKBBL,2026-07-08,745.1,744.2,11241
HDL,2026-07-07,1147.1,1150.0,19454
KDL,2026-07-07,770.1,783.0,938
SEF,2026-07-07,9.99,10.0,16100
SGIC,2026-07-07,468.0,472.0,11447
MEHL,2026-07-07,311.5,326.0,1887
UNHPL,2026-07-07,371.0,392.0,26969
NICFC,2026-07-07,9.17,9.35,14000
SMATA,2026-07-07,750.0,746.2,1307
NMBHF2,2026-07-07,9.51,9.57,4500
UMHL,2026-07-07,582.0,575.0,13721
CKHL,2026-07-07,570.0,593.0,1000
HBLD86,2026-07-07,1205.0,1205.0,25
H8020,2026-07-07,11.04,11.9,1650
MKHL,2026-07-07,467.9,480.1,3825
PBD84,2026-07-07,1085.5,1085.1,125
NBF3,2026-07-07,10.0,10.0,19400
MABEL,2026-07-07,610.0,623.0,4815
PMHPL,2026-07-07,305.0,325.7,3020
SBI,2026-07-07,393.8,392.0,27535
SLBBL,2026-07-07,802.1,805.0,2627
CHL,2026-07-07,261.0,261.0,7942
CREST,2026-07-07,1199.0,1216.0,19652
NICD88,2026-07-07,1077.3,1077.0,50
GRDBL,2026-07-07,1021.1,1044.8,6744
NYADI,2026-07-07,378.0,377.1,5218
SICL,2026-07-07,629.0,621.1,2246
NMBMF,2026-07-07,611.0,609.0,2227
GMLI,2026-07-07,1190.7,1185.0,550
NBLD87,2026-07-07,1095.0,1095.0,35
ADBL,2026-07-07,290.0,308.0,25330
VLUCL,2026-07-07,441.0,449.9,600
ICFC,2026-07-07,615.3,616.0,1063
KSBBL,2026-07-07,474.0,476.0,25657
BOKD86KA,2026-07-07,1247.0,1247.0,10
NIMBD90,2026-07-07,1287.5,1287.5,67
SARBTM,2026-07-07,804.0,808.0,4377
SKHEL,2026-07-07,931.0,957.0,3825
MBLD87,2026-07-07,1117.0,1117.0,10000
MBJC,2026-07-07,265.1,274.0,16244
GBIME,2026-07-07,240.0,248.5,689108
USHL,2026-07-07,525.0,498.3,3515
MLBL,2026-07-07,357.9,356.8,4977
NBLD82,2026-07-07,1056.3,1094.0,14905
TAMOR,2026-07-07,442.0,445.0,49043
SMB,2026-07-07,1930.1,1930.0,1616
GILB,2026-07-07,1083.1,1108.9,479
NLG,2026-07-07,570.0,583.0,6055
NWCL,2026-07-07,742.4,723.0,927
IGI,2026-07-07,430.3,434.0,2905
MDB,2026-07-07,579.0,584.0,4752
BUNGAL,2026-07-07,630.0,635.0,79467
SANIMA,2026-07-07,358.0,355.0,98731
FOWAD,2026-07-07,980.0,1000.0,1753
HFIN,2026-07-07,700.0,700.0,24822
NESDO,2026-07-07,1500.0,1532.0,1281
MSHL,2026-07-07,592.0,595.0,67
GBILD86/87,2026-07-07,1088.1,1087.2,77515
NRIC,2026-07-07,930.0,953.0,31322
SBID83,2026-07-07,1063.6,1085.0,5100
FMDBL,2026-07-07,759.0,764.0,5944
GFCL,2026-07-07,615.0,620.0,10612
AHPC,2026-07-07,261.2,264.8,72802
LBLD88,2026-07-07,1095.0,1100.0,75
GMFBS,2026-07-07,1212.0,1209.0,314
NRN,2026-07-07,1399.0,1405.0,30251
MSLB,2026-07-07,1238.0,1240.0,322
KPCL,2026-07-07,474.9,469.9,10988
TTL,2026-07-07,700.2,737.0,4646
AHL,2026-07-07,433.0,425.6,8109
CBBL,2026-07-07,912.1,923.0,21087
MAKAR,2026-07-07,464.0,467.0,1070
PSF,2026-07-07,11.51,11.76,1800
EHPL,2026-07-07,355.6,367.8,6355
YMHL,2026-07-07,600.0,595.0,34422
MMF1,2026-07-07,9.75,9.68,40360
SGHC,2026-07-07,340.0,338.0,3496
MFIL,2026-07-07,771.0,774.5,70988
PFL,2026-07-07,362.0,366.0,3451
SNORL,2026-07-07,833.8,753.4,81130
SHINE,2026-07-07,400.1,407.8,12086
RFPL,2026-07-07,340.0,345.0,21636
GVL,2026-07-07,472.0,475.0,15252
NHDL,2026-07-07,633.0,637.0,218
NIFRA,2026-07-07,248.0,249.0,35502
BGWT,2026-07-07,560.0,569.1,2621
SJLIC,2026-07-07,427.0,421.0,25062
UNL,2026-07-07,47300.0,47300.0,10
SBLD89,2026-07-07,1309.7,1310.0,60
PCBL,2026-07-07,235.0,236.7,25718
BANDIPUR,2026-07-07,725.0,737.9,10249
ENL,2026-07-07,850.0,820.0,869
DHEL,2026-07-07,573.0,592.0,19267
GBLBS,2026-07-07,759.5,751.9,551
NICA,2026-07-07,334.0,340.0,50145
KAHL,2026-07-07,462.5,516.4,2530
SOHL,2026-07-07,603.1,604.8,43835
KBSH,2026-07-07,1370.4,1330.0,1066
BFC,2026-07-07,525.09,529.0,38489
PRSF,2026-07-07,12.55,12.58,76900
ILBS,2026-07-07,895.0,870.0,869
SMJC,2026-07-07,444.0,448.0,18170
SPDL,2026-07-07,377.0,376.0,43346
SPL,2026-07-07,673.0,664.0,1550
AVYAN,2026-07-07,1049.0,1061.3,1833
NABIL,2026-07-07,527.0,534.0,192322
MERO,2026-07-07,699.9,690.0,7813
JBBL,2026-07-07,339.0,345.0,26329
GCIL,2026-07-07,346.0,343.0,18615
NBL,2026-07-07,265.0,269.9,40931
RSML,2026-07-07,3001.0,3097.0,36795
HIDCLP,2026-07-07,188.0,188.9,117104
CIT,2026-07-07,1695.0,1695.0,4851
PPCL,2026-07-07,342.0,336.0,9415
STC,2026-07-07,5177.0,5175.0,2316
SBL,2026-07-07,393.9,389.7,95185
GUFL,2026-07-07,545.0,556.9,2660
MLBS,2026-07-07,1204.0,1184.9,167
BNT,2026-07-07,11650.0,11650.0,20
SLCF,2026-07-07,10.0,10.1,2400
SRLI,2026-07-07,375.5,381.5,18795
NICSF,2026-07-07,9.2,9.16,1700
MHL,2026-07-07,459.0,491.0,26619
HLBSL,2026-07-07,858.1,880.0,1335
HLI,2026-07-07,325.0,324.0,17720
SHIVM,2026-07-07,626.2,629.0,92320
KEF,2026-07-07,10.5,10.3,35780
EBL,2026-07-07,700.0,707.0,117031
HHL,2026-07-07,335.0,345.0,24816
SHPC,2026-07-07,499.9,493.6,73448
SGHL,2026-07-07,477.0,503.1,156960
SWASTIK,2026-07-07,2062.0,2066.1,160
RBCL,2026-07-07,14500.0,14500.0,90
OHL,2026-07-07,690.0,689.9,304
NTC,2026-07-07,848.0,848.0,4249
HURJA,2026-07-07,228.0,231.9,28024
MEL,2026-07-07,218.0,219.9,9433
CYCL,2026-07-07,1300.0,1400.0,1064
TPC,2026-07-07,353.0,359.2,33897
TRH,2026-07-07,772.0,780.0,447
SPC,2026-07-07,415.0,418.0,3415
UNLB,2026-07-07,1374.3,1299.0,463
C30MF,2026-07-07,9.81,10.2,25050
GBIMESY2,2026-07-07,9.2,9.04,2525
MPFL,2026-07-07,607.0,622.8,5306
SAPDBL,2026-07-07,773.0,786.0,15386
LSL,2026-07-07,218.0,220.4,76065
RSY,2026-07-07,9.81,10.19,51410
LVF2,2026-07-07,9.75,10.0,26300
KHPL,2026-07-07,846.5,885.0,15086
VLBS,2026-07-07,681.1,685.1,4299
SIGS3,2026-07-07,10.44,10.6,900
NICAD2091,2026-07-07,1055.1,1056.1,50
CSY,2026-07-07,9.2,9.01,11132
HBL,2026-07-07,196.0,200.0,40248
LEC,2026-07-07,208.2,211.0,33106
NABILD87,2026-07-07,1140.0,1140.0,27548
SAGF,2026-07-07,10.2,10.2,3680
DORDI,2026-07-07,248.0,252.0,16049
SAGAR,2026-07-07,1550.0,1585.0,10864
UMRH,2026-07-07,520.0,525.0,3483
BHPL,2026-07-07,510.0,508.0,2803
BEDC,2026-07-07,332.9,331.1,17683
ILI,2026-07-07,415.0,420.0,6687
SMH,2026-07-07,521.1,523.0,9468
TSHL,2026-07-07,394.0,395.0,5944
MKHC,2026-07-07,302.0,298.0,13908
SBCF,2026-07-07,9.5,9.75,55946
NSY,2026-07-07,9.24,9.41,23490
GBBL,2026-07-07,383.8,405.0,49746
BBC,2026-07-07,4238.0,4223.0,623
NLICL,2026-07-07,574.0,576.1,7316
ULBSL,2026-07-07,2755.0,3180.0,3314
JOSHI,2026-07-07,261.0,265.0,7356
SHEL,2026-07-07,295.0,299.4,51973
HATHY,2026-07-07,700.0,703.0,5570
NMFBS,2026-07-07,1119.0,1114.0,2844
PRIN,2026-07-07,683.0,692.0,2927
JFL,2026-07-07,396.0,396.9,2444
UPCL,2026-07-07,351.5,360.0,47764
PCIL,2026-07-07,602.3,639.8,20793
NLIC,2026-07-07,751.5,746.9,23714
USLB,2026-07-07,1200.0,1218.7,1162
PMLI,2026-07-07,430.0,450.0,3726
UPPER,2026-07-07,190.2,194.0,74050
KMCDB,2026-07-07,809.0,818.0,413
SFCL,2026-07-07,396.9,386.9,4897
GMFIL,2026-07-07,450.0,465.0,6263
CORBL,2026-07-07,1881.0,2050.0,88493
NICBF,2026-07-07,9.36,9.36,600
RURU,2026-07-07,636.0,637.0,6337
PROFL,2026-07-07,442.0,439.0,2904
EBLD91,2026-07-07,1100.0,1100.0,18420
LBBL,2026-07-07,476.0,482.0,19959
NICAD85/86,2026-07-07,1126.0,1131.0,40201
SOPL,2026-07-07,835.1,855.0,38411
SANVI,2026-07-07,588.4,620.0,6841
IHL,2026-07-07,370.0,358.0,3395
AKPL,2026-07-07,255.0,256.9,42004
MBL,2026-07-07,245.0,248.0,67777
HRL,2026-07-07,575.0,579.0,50356
NIMBPO,2026-07-07,146.0,147.9,1384
SIKLES,2026-07-07,560.0,555.0,10935
SKHL,2026-07-07,920.0,925.0,9076
ADBLD83,2026-07-07,1070.0,1084.9,167046
SONA,2026-07-07,417.2,420.0,8814
WNLB,2026-07-07,1350.0,1352.2,116
MLBSL,2026-07-07,1754.0,1750.0,527
GBBD85,2026-07-07,1091.0,1098.0,152892
DLBS,2026-07-07,1237.0,1216.1,923
GLH,2026-07-07,250.0,254.0,8267
UHEWA,2026-07-07,570.0,580.0,33996
SAIL,2026-07-07,870.0,895.9,16220
SNLI,2026-07-07,446.0,433.8,7392
SALICO,2026-07-07,596.3,602.6,4340
KDBY,2026-07-07,10.31,10.48,326800
NSIF2,2026-07-07,10.54,10.54,100
MNMF1,2026-07-07,9.6,9.85,3610
NIBLGF,2026-07-07,9.46,9.3,2750
SJCL,2026-07-07,268.1,275.5,9410
SCBD,2026-07-07,1103.0,1103.0,25
ICFCD89,2026-07-07,1100.3,1100.3,25
USHEC,2026-07-07,483.2,488.2,6300
MKJC,2026-07-07,462.0,462.0,6136
NICLBSL,2026-07-07,560.0,555.9,1703
CLI,2026-07-07,445.0,458.0,7869
PURE,2026-07-07,791.0,814.0,3076
BHDC,2026-07-07,457.0,437.9,4794
CITY,2026-07-07,363.9,378.8,241373
JSLBB,2026-07-07,1025.0,985.6,476
HIMSTAR,2026-07-07,721.1,740.0,3798
SHLB,2026-07-07,1532.0,1520.0,125
APHL,2026-07-07,850.0,870.0,20186
HEI,2026-07-07,536.0,541.0,8569
SAHAS,2026-07-07,640.1,655.0,52775
RAWA,2026-07-07,431.0,436.0,23723
NIBSF2,2026-07-07,8.8,8.98,14314
NFS,2026-07-07,604.9,597.0,12159
KBL,2026-07-07,213.8,214.8,154693
MCHL,2026-07-07,282.0,290.0,5362
SHL,2026-07-07,499.8,496.0,54285
SMHL,2026-07-07,465.0,479.0,57575
CHDC,2026-07-07,2090.0,2098.1,8200
UAIL,2026-07-07,440.0,442.7,10953
NMB50,2026-07-07,10.49,10.69,4500
EBLD86,2026-07-07,1089.9,1082.0,70
HIDCL,2026-07-07,251.1,253.0,35413
SKBBL,2026-07-07,753.0,751.0,35157
RLFL,2026-07-07,464.1,467.9,19594
ULHC,2026-07-07,403.1,410.0,5387
RBBF40,2026-07-07,9.2,10.36,10150
MKCL,2026-07-07,1098.0,1097.0,2259
MHNL,2026-07-07,240.9,235.5,12325
BNHC,2026-07-07,309.8,307.0,2928
SMFBS,2026-07-07,1620.5,1644.0,448
NIMB,2026-07-07,193.0,195.9,74983
SWMF,2026-07-07,614.0,622.0,3164
SYPNL,2026-07-07,1283.5,1367.5,28176
DHPL,2026-07-07,290.4,292.0,3589
MNBBL,2026-07-07,358.0,364.0,34542
SFEF,2026-07-07,9.95,9.95,400
EDBL,2026-07-07,560.0,567.5,3810
API,2026-07-07,330.0,334.9,146305
SIGS2,2026-07-07,10.5,10.6,3000
KBLD90,2026-07-07,1225.0,1215.0,169867
NABBC,2026-07-07,750.0,750.0,7985
CZBIL,2026-07-07,187.2,199.5,66542
SADBL,2026-07-07,405.0,403.5,27263
MBLEF,2026-07-07,9.97,9.95,2650
BPCL,2026-07-07,648.0,653.9,9422
CHCL,2026-07-07,480.0,479.1,11937
MLBBL,2026-07-07,1137.0,1142.0,2270
SLBSL,2026-07-07,1179.3,1154.0,4163
BHL,2026-07-07,209.9,210.0,42951
HLICF,2026-07-07,9.0,8.9,700
JHAPA,2026-07-07,1200.0,1181.0,12000
SMPDA,2026-07-07,780.0,789.9,1291
MMKJL,2026-07-07,465.0,466.0,1809
BHCL,2026-07-07,515.0,516.0,16873
PPL,2026-07-07,320.1,336.9,7212
MFLD85,2026-07-07,1101.7,1101.7,15
NMLBBL,2026-07-07,545.0,553.9,5680
MHCL,2026-07-07,318.1,334.0,4162
NICGF2,2026-07-07,8.99,9.15,1500
NMB,2026-07-07,238.0,239.0,60096
AKJCL,2026-07-07,345.2,355.0,349480
DOLTI,2026-07-07,330.0,336.0,15917
SSHL,2026-07-07,199.0,201.0,101125
CCBD88,2026-07-07,1295.0,1265.0,60
SIFC,2026-07-07,540.0,539.7,2635
BJHL,2026-07-07,791.0,800.0,5412
RSDC,2026-07-07,669.0,647.0,2326
NIBLSTF,2026-07-07,8.61,9.07,12750
SABBL,2026-07-07,980.1,989.8,3573
SPIL,2026-07-07,690.0,693.9,7589
HPPL,2026-07-07,359.0,361.9,24662
NICL,2026-07-07,514.0,520.9,23477
OMPL,2026-07-07,995.0,988.0,2921
MEN,2026-07-07,572.0,574.0,111938
NRM,2026-07-07,326.9,323.0,3776
NCCD86,2026-07-07,1180.0,1144.6,3
CGH,2026-07-07,778.0,780.0,45335
SWBBL,2026-07-07,680.0,688.0,14440
SDBD87,2026-07-07,1115.0,1112.1,6
LUK,2026-07-07,10.71,10.4,5200
SINDU,2026-07-07,663.1,712.0,3399
PRVU,2026-07-07,190.5,193.7,116751
RHPL,2026-07-07,260.0,263.0,8851
GHL,2026-07-07,221.9,222.0,25964
NMIC,2026-07-07,950.0,942.2,3384
NADEP,2026-07-07,720.0,720.0,720
SBLD2091,2026-07-07,1090.0,1090.0,25
CIZBD90,2026-07-07,1215.0,1106.0,12270
EBLD85,2026-07-07,1132.0,1097.0,129936
TPKHL,2026-07-07,540.0,530.5,57686
LICN,2026-07-07,778.0,787.9,6043
NBF2,2026-07-07,10.3,10.0,2000
LLBS,2026-07-07,928.9,924.9,452
RLEL,2026-07-07,830.0,840.0,3582
RHGCL,2026-07-07,268.0,269.0,15663
ACLBSL,2026-07-07,920.0,925.0,584
GIBF1,2026-07-07,10.69,10.69,500
NUBL,2026-07-07,616.0,623.0,6328
DDBL,2026-07-07,826.2,825.0,6858
TVCL,2026-07-07,475.0,478.1,7896
NGPL,2026-07-07,410.0,413.0,99920
BOKD86,2026-07-07,1072.3,1095.0,91
NIL,2026-07-07,629.9,616.8,6442
JBLB,2026-07-07,1249.9,1240.0,4173
GLBSL,2026-07-07,1745.5,1770.0,222
RMF1,2026-07-07,9.81,9.81,1550
GBILD84/85,2026-07-07,1123.0,1125.0,2483
NHPC,2026-07-07,255.0,260.0,155050
MLBLD89,2026-07-07,1272.1,1272.1,25
SCB,2026-07-07,649.9,646.0,20745
RNLI,2026-07-07,455.0,449.3,13131
ALICL,2026-07-07,442.8,435.0,16956
NBLD85,2026-07-07,1075.0,1086.9,4965
ANLB,2026-07-07,7136.0,5860.0,1841
SPHL,2026-07-07,551.0,546.3,2120
CFCL,2026-07-07,602.0,628.0,96032
MATRI,2026-07-07,870.0,865.2,148
BARUN,2026-07-07,322.0,322.0,20307
KKHC,2026-07-07,267.8,259.4,28052
SIPD,2026-07-07,600.0,609.0,14593
PHCL,2026-07-07,281.7,299.9,26636
HDHPC,2026-07-07,193.8,209.0,188012
KSY,2026-07-07,9.4,9.2,28400
ALBSL,2026-07-07,1060.0,1069.9,8085
GSY,2026-07-07,9.9,10.1,344290
MANDU,2026-07-07,812.0,806.2,455
RIDI,2026-07-07,307.8,335.5,233464
RADHI,2026-07-07,680.0,710.0,41487
SPC,2026-07-06,410.1,410.0,3743
EDBL,2026-07-06,560.0,560.0,8890
RLEL,2026-07-06,850.0,845.0,4841
RNLI,2026-07-06,452.0,452.0,8176
MKCL,2026-07-06,1080.0,1086.0,1387
NWCL,2026-07-06,711.1,721.0,659
NICLBSL,2026-07-06,550.0,553.0,3029
DDBL,2026-07-06,831.0,825.1,4611
MLBSL,2026-07-06,1715.0,1740.0,258
SEF,2026-07-06,9.98,10.0,20300
CHL,2026-07-06,270.0,261.0,5118
PPCL,2026-07-06,340.0,342.0,7065
SHPC,2026-07-06,505.0,494.1,18504
HPPL,2026-07-06,357.0,358.8,23643
MMF1,2026-07-06,9.75,9.47,11150
SBCF,2026-07-06,9.53,9.66,10400
PRSF,2026-07-06,12.61,12.54,51500
SADBL,2026-07-06,388.0,401.5,8689
UNLB,2026-07-06,1381.0,1311.0,628
KSY,2026-07-06,9.51,9.67,600
NICL,2026-07-06,514.1,519.0,7975
SIFC,2026-07-06,523.1,533.0,5236
SABBL,2026-07-06,1030.0,983.0,3739
C30MF,2026-07-06,9.92,9.92,600
AKJCL,2026-07-06,358.2,345.0,280889
NBL,2026-07-06,270.0,265.5,29755
SMHL,2026-07-06,470.0,465.0,12898
NIMBD90,2026-07-06,1274.0,1250.0,49344
CFCL,2026-07-06,589.0,633.6,245145
OHL,2026-07-06,671.1,690.0,375
PFL,2026-07-06,360.0,362.0,8394
SHEL,2026-07-06,300.0,296.0,36907
SOPL,2026-07-06,875.0,852.0,46845
SIGS2,2026-07-06,10.8,10.5,2350
DLBS,2026-07-06,1299.0,1240.0,400
CKHL,2026-07-06,600.0,582.5,893
APHL,2026-07-06,853.1,887.0,26917
MDB,2026-07-06,572.1,577.9,6231
NFS,2026-07-06,649.9,592.0,51456
PBD88,2026-07-06,1270.0,1241.6,760
KDL,2026-07-06,770.0,784.0,1721
NMFBS,2026-07-06,1106.0,1119.0,1503
JSLBB,2026-07-06,1000.0,1025.0,113
HLBSL,2026-07-06,856.0,860.0,859
NMB50,2026-07-06,10.19,10.19,7500
PMLI,2026-07-06,441.5,446.0,4130
SIPD,2026-07-06,621.4,613.0,8457
SPIL,2026-07-06,675.0,690.0,8180
EHPL,2026-07-06,374.0,364.0,9317
NIMBPO,2026-07-06,149.3,149.2,274
BFC,2026-07-06,561.7,528.0,95344
SMH,2026-07-06,540.0,522.0,3982
BHL,2026-07-06,213.9,207.9,53963
RHPL,2026-07-06,262.0,262.0,6623
SHINED,2026-07-06,1125.0,1125.0,50
SINDU,2026-07-06,696.0,698.0,2973
PMHPL,2026-07-06,334.1,317.0,3657
NICA,2026-07-06,343.0,334.0,40166
JOSHI,2026-07-06,265.0,262.9,7473
SRBLD83,2026-07-06,1091.9,1099.0,5
NLG,2026-07-06,577.1,577.7,640
SJLIC,2026-07-06,417.5,420.0,10206
ALBSL,2026-07-06,1060.0,1066.1,1385
LSL,2026-07-06,219.0,215.0,99155
SIKLES,2026-07-06,555.1,552.0,6863
RBCL,2026-07-06,14599.0,14200.0,281
GBILD86/87,2026-07-06,1100.0,1080.0,80390
CCBD88,2026-07-06,1289.0,1258.1,10430
EBL,2026-07-06,702.0,696.0,34303
MBJC,2026-07-06,274.0,271.0,13199
NYADI,2026-07-06,360.0,380.0,4715
ULHC,2026-07-06,422.3,414.0,6826
CZBIL,2026-07-06,199.0,197.0,28624
KPCL,2026-07-06,472.8,469.0,3597
HBL,2026-07-06,198.3,196.5,34660
HIDCLP,2026-07-06,189.6,185.7,92367
SLBBL,2026-07-06,806.0,802.1,3489
CHDC,2026-07-06,2080.1,2088.0,7881
CITY,2026-07-06,397.9,383.0,182994
NHDL,2026-07-06,625.0,640.0,14681
TTL,2026-07-06,740.3,737.0,4461
GCIL,2026-07-06,372.7,345.6,16154
ENL,2026-07-06,820.0,828.0,440
SMB,2026-07-06,1962.0,1921.0,4014
NMBMF,2026-07-06,606.1,610.0,2838
SMATA,2026-07-06,749.0,744.0,758
H8020,2026-07-06,11.62,11.62,200
EBLD85,2026-07-06,1150.0,1150.1,100
KEF,2026-07-06,10.57,10.65,2900
HLICF,2026-07-06,9.06,8.9,3584
NICSF,2026-07-06,9.24,9.35,18300
GLBSL,2026-07-06,1825.0,1761.0,1451
SMPDA,2026-07-06,804.0,780.0,918
HLI,2026-07-06,322.0,320.3,24197
PURE,2026-07-06,810.0,813.0,5840
NESDO,2026-07-06,1550.0,1529.9,596
MERO,2026-07-06,705.0,690.1,5348
KAHL,2026-07-06,410.1,449.1,470
MBLEF,2026-07-06,9.98,10.0,3400
MKJC,2026-07-06,465.0,462.0,5234
AVYAN,2026-07-06,1070.0,1059.9,2230
NMBD2085,2026-07-06,1195.0,1164.0,41
RSDC,2026-07-06,670.0,650.0,3177
ICFCD89,2026-07-06,1091.2,1100.0,650
UMHL,2026-07-06,575.0,582.7,60550
ADBLD83,2026-07-06,1077.2,1070.0,585
HURJA,2026-07-06,231.0,230.4,25766
HIMSTAR,2026-07-06,761.0,743.0,7139
SHINE,2026-07-06,401.5,400.0,12241
SLBSL,2026-07-06,1177.2,1160.0,2968
BHDC,2026-07-06,438.0,436.1,5889
SSHL,2026-07-06,201.9,196.8,67341
RFPL,2026-07-06,333.0,337.1,20047
IHL,2026-07-06,368.0,364.0,3997
SANVI,2026-07-06,635.0,619.3,3978
AHPC,2026-07-06,261.0,261.3,58403
BNHC,2026-07-06,305.0,306.2,1635
SHIVM,2026-07-06,633.0,625.1,102859
NIBD84,2026-07-06,1079.9,1109.9,486043
MFIL,2026-07-06,770.0,773.0,38800
SKBBL,2026-07-06,755.0,749.0,12088
BPCL,2026-07-06,652.0,648.0,31858
RHGCL,2026-07-06,275.0,262.0,22726
MAKAR,2026-07-06,475.0,464.0,3150
SKHEL,2026-07-06,1029.0,950.0,3750
ALICL,2026-07-06,437.0,432.0,14023
ICFC,2026-07-06,614.0,611.0,3761
WNLB,2026-07-06,1370.0,1350.0,127
RURU,2026-07-06,659.9,636.1,1336
NBLD87,2026-07-06,1095.0,1095.0,25
PRIN,2026-07-06,701.0,689.9,17880
ILBS,2026-07-06,850.0,870.0,2153
SCBD,2026-07-06,1126.5,1126.5,75
JBBL,2026-07-06,340.0,335.0,25632
LBBLD89,2026-07-06,1320.0,1320.0,200
SBI,2026-07-06,389.0,393.9,16623
VLBS,2026-07-06,681.1,683.1,1018
CHCL,2026-07-06,482.0,479.0,7045
SWMF,2026-07-06,614.0,613.0,1879
SHL,2026-07-06,500.0,493.0,27533
ACLBSL,2026-07-06,922.1,916.0,1645
PSF,2026-07-06,11.8,11.76,36300
RSY,2026-07-06,10.2,10.0,79800
BANDIPUR,2026-07-06,737.1,727.0,10680
EBLD91,2026-07-06,1100.0,1100.0,110
MEHL,2026-07-06,327.0,321.0,1280
SIGS3,2026-07-06,10.7,10.6,2800
MLBS,2026-07-06,1155.0,1187.0,285
SBLD89,2026-07-06,1256.6,1293.0,5050
BHCL,2026-07-06,522.0,520.0,34509
TPC,2026-07-06,360.0,354.0,32375
HRL,2026-07-06,578.1,578.5,29470
MNBBLP,2026-07-06,236.2,236.2,40000
PHCL,2026-07-06,296.1,296.5,48714
NBLD82,2026-07-06,1056.4,1056.3,50
KHPL,2026-07-06,855.0,869.9,13938
NGPL,2026-07-06,416.9,408.3,74380
SLCF,2026-07-06,10.02,10.01,85450
KBSH,2026-07-06,1430.0,1330.5,222
SBL,2026-07-06,394.8,388.4,53220
SBIBD86,2026-07-06,1184.5,1184.5,10
CYCL,2026-07-06,1400.0,1348.4,2525
CLI,2026-07-06,444.0,451.9,5660
NICGF2,2026-07-06,9.45,9.2,7700
MATRI,2026-07-06,888.0,865.1,314
NHPC,2026-07-06,255.0,254.5,110741
NLICL,2026-07-06,590.0,572.0,24807
SALICO,2026-07-06,591.2,598.3,31753
NSIF2,2026-07-06,10.54,10.79,17100
GVL,2026-07-06,474.0,473.1,3052
TPKHL,2026-07-06,554.8,555.0,51401
AKPL,2026-07-06,243.3,255.0,29032
NMLBBL,2026-07-06,542.0,543.0,4025
NIBLGF,2026-07-06,9.02,9.5,6800
CREST,2026-07-06,1306.7,1214.9,5233
DHEL,2026-07-06,594.0,589.0,10719
KKHC,2026-07-06,273.6,260.0,83612
NICFC,2026-07-06,9.4,9.39,32500
CIT,2026-07-06,1692.0,1693.0,3211
MKHC,2026-07-06,296.0,297.0,7828
RIDI,2026-07-06,331.1,324.0,191773
NIL,2026-07-06,624.0,622.0,3105
SAHAS,2026-07-06,644.0,645.0,50593
NIBLSTF,2026-07-06,9.5,8.6,3700
KSBBL,2026-07-06,477.0,475.0,13948
SWBBL,2026-07-06,718.4,692.0,7833
RADHI,2026-07-06,701.0,706.0,44897
SONA,2026-07-06,423.0,417.5,15241
SJCL,2026-07-06,267.5,267.0,13102
RSML,2026-07-06,3360.0,3070.0,18466
MLBL,2026-07-06,356.0,354.0,11054
NMB,2026-07-06,241.5,236.4,16948
HATHY,2026-07-06,701.0,697.0,8560
BUNGAL,2026-07-06,690.0,630.0,85489
CIZBD86,2026-07-06,1215.0,1215.0,25
NIFRA,2026-07-06,250.0,247.6,40432
BGWT,2026-07-06,575.0,560.0,2225
MBL,2026-07-06,250.5,245.6,65861
HHL,2026-07-06,348.1,333.0,13285
SAGAR,2026-07-06,1599.0,1535.0,3429
DOLTI,2026-07-06,339.9,335.0,21405
NRM,2026-07-06,335.0,323.0,6814
JFL,2026-07-06,400.0,395.1,4189
MHL,2026-07-06,463.0,465.2,1043
MHNL,2026-07-06,240.0,236.0,14910
ILBSP,2026-07-06,470.5,470.5,24000
MLBBL,2026-07-06,1149.0,1136.5,601
MSLB,2026-07-06,1235.0,1238.0,514
KBLD90,2026-07-06,1225.0,1225.0,25
CORBL,2026-07-06,1750.0,1980.0,31645
NMBHF2,2026-07-06,9.6,9.8,3905
HDL,2026-07-06,1153.7,1146.0,17396
USLB,2026-07-06,1215.0,1205.2,1030
ICFCD88,2026-07-06,1132.0,1132.0,25
NTC,2026-07-06,850.0,847.0,4024
LLBS,2026-07-06,914.0,924.0,801
LUK,2026-07-06,10.01,10.5,24447
FOWAD,2026-07-06,1000.0,985.0,2052
GUFL,2026-07-06,557.0,550.0,8436
SHLB,2026-07-06,1488.0,1514.9,60
PBLD87,2026-07-06,1085.0,1085.0,25
NIMB,2026-07-06,198.0,193.0,33185
BARUN,2026-07-06,324.0,319.0,18658
SRLI,2026-07-06,380.0,378.9,17040
HIDCL,2026-07-06,253.0,250.9,38105
SGIC,2026-07-06,465.0,468.0,4811
HEIP,2026-07-06,325.0,338.2,3010
GBIMESY2,2026-07-06,9.2,9.2,1100
KBL,2026-07-06,225.6,209.1,110715
NIBSF2,2026-07-06,8.91,9.02,9950
SNORL,2026-07-06,725.1,794.1,12640
NRN,2026-07-06,1455.0,1407.0,91268
PPL,2026-07-06,318.3,336.9,14845
MKHL,2026-07-06,490.0,482.0,2881
DORDI,2026-07-06,250.0,248.0,21033
GMFBS,2026-07-06,1198.1,1215.0,542
GBIME,2026-07-06,243.0,241.0,75273
MMKJL,2026-07-06,471.5,465.0,1625
ULBSL,2026-07-06,3255.0,2899.9,266
NABBC,2026-07-06,740.0,745.0,4552
RMF1,2026-07-06,9.8,9.94,9100
NUBL,2026-07-06,626.0,618.0,982
SPDL,2026-07-06,383.0,367.9,36969
GMFIL,2026-07-06,465.5,464.8,10107
YMHL,2026-07-06,640.0,606.5,40245
NLIC,2026-07-06,745.0,743.9,16536
SARBTM,2026-07-06,818.0,803.5,10113
CBBL,2026-07-06,920.0,915.5,15681
GILB,2026-07-06,1119.0,1113.0,5829
SMFBS,2026-07-06,1698.0,1644.0,6697
NADEP,2026-07-06,721.0,716.0,826
UNL,2026-07-06,47799.9,47799.9,10
SOHL,2026-07-06,610.0,603.1,55530
GRDBL,2026-07-06,1018.1,1029.0,3402
PCBL,2026-07-06,233.0,234.0,36817
LBBL,2026-07-06,459.0,478.9,32227
USHEC,2026-07-06,498.7,486.1,3054
HEI,2026-07-06,559.0,540.1,7969
OMPL,2026-07-06,995.0,990.0,4349
LEC,2026-07-06,211.0,209.0,22975
UAIL,2026-07-06,435.0,438.0,9696
MHCL,2026-07-06,325.0,321.2,1568
CBLD88,2026-07-06,1285.0,1305.0,5
TSHL,2026-07-06,434.2,394.0,78499
KBLD89,2026-07-06,1285.0,1292.8,145
MCHL,2026-07-06,297.0,289.0,4749
RAWA,2026-07-06,446.9,435.0,30044
GBBL,2026-07-06,404.1,404.0,14528
BHPL,2026-07-06,510.0,518.0,4523
VLUCL,2026-07-06,454.0,447.0,1065
SAND2085,2026-07-06,1154.3,1154.3,25
AHL,2026-07-06,450.0,435.0,5780
SGHC,2026-07-06,359.9,338.7,5152
ANLB,2026-07-06,7356.0,6796.5,26
SNLI,2026-07-06,440.0,433.1,5255
RBBF40,2026-07-06,9.2,9.1,7700
NICAD2091,2026-07-06,1065.1,1065.1,25
SMJC,2026-07-06,450.0,447.0,9906
JHAPA,2026-07-06,1260.0,1231.0,13018
KDBY,2026-07-06,11.0,10.85,478100
RMF2,2026-07-06,10.2,10.1,7350
UPCL,2026-07-06,350.1,348.0,21176
RLFL,2026-07-06,475.9,472.0,31089
LVF2,2026-07-06,9.7,9.75,820
UMRH,2026-07-06,531.9,524.4,10131
TAMOR,2026-07-06,439.0,439.0,26105
BNT,2026-07-06,11898.9,11600.0,20
SFCL,2026-07-06,382.0,378.0,15378
SAPDBL,2026-07-06,821.1,775.1,11713
GBBD85,2026-07-06,1082.2,1065.2,371
NBLD85,2026-07-06,1075.0,1087.0,105
HDHPC,2026-07-06,209.0,204.0,73594
SFEF,2026-07-06,10.02,10.0,1800
NABIL,2026-07-06,530.0,526.0,37851
IGI,2026-07-06,430.0,428.2,4065
NSY,2026-07-06,9.23,9.3,1900
NBF3,2026-07-06,9.7,10.0,11775
SBID2090,2026-07-06,1166.0,1166.0,444
JBLB,2026-07-06,1234.1,1236.0,3827
ILI,2026-07-06,420.0,417.1,7305
UNHPL,2026-07-06,391.0,386.0,9846
SKHL,2026-07-06,976.5,918.0,10287
DHPL,2026-07-06,282.1,282.0,1260
MNBBL,2026-07-06,366.0,364.0,38117
GMLI,2026-07-06,1158.0,1157.0,755
USHL,2026-07-06,557.5,500.0,7063
KMCDB,2026-07-06,797.0,809.0,1915
SYPNL,2026-07-06,1358.0,1351.0,41930
GBLBS,2026-07-06,742.2,741.2,2433
NABILD87,2026-07-06,1125.0,1125.0,24155
BEDC,2026-07-06,350.7,329.9,21623
MEL,2026-07-06,218.0,219.8,10956
SGHL,2026-07-06,396.7,455.0,1260
LICN,2026-07-06,786.1,777.4,8150
UPPER,2026-07-06,192.2,190.2,61064
SAGF,2026-07-06,10.18,10.29,8075
MEN,2026-07-06,575.0,570.0,64267
CGH,2026-07-06,774.9,772.0,11818
CIZBD90,2026-07-06,1202.0,1202.0,50
GSY,2026-07-06,9.7,9.9,3300
MSHL,2026-07-06,587.2,610.0,200
SWASTIK,2026-07-06,2105.0,2062.0,596
GIBF1,2026-07-06,10.62,11.02,1900
PROFL,2026-07-06,440.0,439.0,6688
MNMF1,2026-07-06,9.58,9.67,6150
SICL,2026-07-06,618.0,620.0,3416
SPL,2026-07-06,652.1,659.0,2330
CSY,2026-07-06,9.2,9.19,13983
GLH,2026-07-06,251.0,250.0,26111
NBF2,2026-07-06,10.09,10.3,24200
SANIMA,2026-07-06,362.0,353.2,41339
MPFL,2026-07-06,605.0,617.6,13469
STC,2026-07-06,5071.0,5177.0,1263
SAIL,2026-07-06,900.0,887.0,9888
GHL,2026-07-06,218.1,220.0,13060
NRIC,2026-07-06,940.0,932.1,7402
MANDU,2026-07-06,811.0,810.0,1931
ADBL,2026-07-06,307.0,303.5,8251
BJHL,2026-07-06,810.0,805.0,5654
BOKD86KA,2026-07-06,1211.1,1211.0,75
MABEL,2026-07-06,640.0,615.0,7996
BBC,2026-07-06,4192.0,4136.0,351
HFIN,2026-07-06,722.0,700.0,27090
SCB,2026-07-06,645.0,641.0,6074
TVCL,2026-07-06,499.0,475.2,5127
API,2026-07-06,332.0,330.0,182193
UHEWA,2026-07-06,570.0,573.0,43284
TRH,2026-07-06,770.0,772.5,765
SPHL,2026-07-06,601.6,560.0,6586
PCIL,2026-07-06,645.6,634.0,31985
GFCL,2026-07-06,627.0,605.7,24735
FMDBL,2026-07-06,763.0,761.0,5022
MLBLD89,2026-07-06,1295.7,1235.1,380
PRVU,2026-07-06,204.1,190.5,90106
NMIC,2026-07-06,953.0,950.0,1535
NICBF,2026-07-06,9.06,9.09,6100
OHL,2026-07-03,695.0,680.1,3742
SKHL,2026-07-03,920.9,930.0,13126
NHPC,2026-07-03,270.0,261.9,84513
SWASTIK,2026-07-03,2040.0,2060.0,438
NFS,2026-07-03,580.0,670.0,74156
BPCL,2026-07-03,692.8,665.0,18917
MKCL,2026-07-03,1088.0,1097.9,2106
SLBSL,2026-07-03,1160.0,1143.0,10001
VLUCL,2026-07-03,448.1,454.0,935
SRBLD83,2026-07-03,1060.7,1091.9,5
GBBL,2026-07-03,409.5,404.1,24226
MKHC,2026-07-03,300.0,299.0,9706
NICA,2026-07-03,340.0,335.1,32743
MNMF1,2026-07-03,9.56,9.85,25700
PRIN,2026-07-03,697.0,700.0,7843
MLBSL,2026-07-03,1705.2,1712.0,57
LVF2,2026-07-03,9.9,10.0,6640
GILB,2026-07-03,1102.0,1119.0,3452
USLB,2026-07-03,1230.0,1237.0,815
RBBF40,2026-07-03,9.12,9.25,1550
HBL,2026-07-03,200.0,198.3,26139
NBL,2026-07-03,267.1,267.7,16153
SMATA,2026-07-03,760.0,749.0,2391
MBL,2026-07-03,257.0,247.7,85765
NIFRA,2026-07-03,250.0,249.2,56485
SPIL,2026-07-03,682.0,695.0,1588
HLICF,2026-07-03,8.66,8.8,4400
SIGS2,2026-07-03,10.48,10.95,7150
TPKHL,2026-07-03,566.8,584.0,44285
SFMF,2026-07-03,10.5,10.79,9686
SBI,2026-07-03,398.9,393.9,142560
SJLIC,2026-07-03,418.0,420.5,5891
GBBLPO,2026-07-03,238.0,238.0,4787
ILI,2026-07-03,417.0,422.0,4982
RIDI,2026-07-03,333.9,331.0,106358
SIPD,2026-07-03,640.0,630.0,5312
EDBL,2026-07-03,558.2,569.5,5924
TRH,2026-07-03,770.0,783.0,465
NMBMF,2026-07-03,610.0,617.0,1248
SBID89,2026-07-03,1230.0,1230.0,225
SHIVM,2026-07-03,640.0,627.1,109957
NIBSF2,2026-07-03,9.1,9.1,2813
KBLD90,2026-07-03,1219.0,1219.0,40000
SABBL,2026-07-03,1015.0,1015.0,5615
PMHPL,2026-07-03,327.0,325.9,4824
SLCF,2026-07-03,10.1,10.05,7610
NADEP,2026-07-03,720.1,721.3,391
NABIL,2026-07-03,540.0,530.0,114343
SANIMA,2026-07-03,359.5,357.0,99362
TVCL,2026-07-03,485.0,485.1,3115
MKJC,2026-07-03,458.0,461.0,3103
RADHI,2026-07-03,720.0,720.0,44335
SGIC,2026-07-03,463.6,467.9,6992
GMFIL,2026-07-03,478.9,468.0,20807
HPPL,2026-07-03,360.0,362.9,11019
CGH,2026-07-03,776.0,772.2,7038
PRSF,2026-07-03,13.0,12.61,160200
MLBS,2026-07-03,1179.0,1189.9,923
NRIC,2026-07-03,948.0,940.0,40862
BBC,2026-07-03,4298.9,4286.0,127
UMHL,2026-07-03,577.0,585.0,54077
CREST,2026-07-03,1244.5,1244.9,14906
NICSF,2026-07-03,9.21,9.24,6300
AVYAN,2026-07-03,1096.0,1067.0,4295
SAIL,2026-07-03,900.0,905.3,13555
USHEC,2026-07-03,490.0,498.0,3809
RBCLPO,2026-07-03,11450.0,11450.0,20
GLH,2026-07-03,256.8,253.9,10118
JBLB,2026-07-03,1240.0,1245.0,6043
NIBLSTF,2026-07-03,9.12,9.3,10180
KSY,2026-07-03,9.6,9.75,6890
NICFC,2026-07-03,9.17,9.4,1430
ENL,2026-07-03,845.0,838.0,465
DOLTI,2026-07-03,341.0,339.9,15371
RHPL,2026-07-03,259.0,264.0,3399
HLI,2026-07-03,326.0,324.0,18804
API,2026-07-03,333.0,334.9,139836
DORDI,2026-07-03,254.0,252.0,15560
GVL,2026-07-03,476.0,476.9,3925
MEL,2026-07-03,220.2,218.0,27636
SKHEL,2026-07-03,980.1,989.9,5605
RSML,2026-07-03,3437.0,3200.0,21379
SONA,2026-07-03,422.0,423.0,15593
SINDU,2026-07-03,701.1,710.0,4171
ICFC,2026-07-03,629.0,615.0,11779
KPCL,2026-07-03,470.0,472.8,4638
RURU,2026-07-03,640.1,641.2,4841
ALICL,2026-07-03,436.5,437.1,24533
MLBL,2026-07-03,352.1,356.0,14719
HDHPC,2026-07-03,197.2,206.3,84162
NMLBBL,2026-07-03,552.0,552.0,7023
BGWT,2026-07-03,585.4,559.0,4345
NWCL,2026-07-03,726.0,727.1,1504
PHCL,2026-07-03,298.5,298.9,42156
SPC,2026-07-03,410.0,416.0,4014
JSLBB,2026-07-03,991.0,1016.0,238
HLBSL,2026-07-03,861.3,869.0,1733
ILBS,2026-07-03,875.9,886.3,467
BHCL,2026-07-03,535.0,526.2,53824
EBL,2026-07-03,704.0,700.0,14095
SALICO,2026-07-03,597.0,609.0,3815
NICBF,2026-07-03,9.3,9.3,1200
MKHL,2026-07-03,475.1,504.7,7838
SMHL,2026-07-03,469.1,472.0,15617
BEDC,2026-07-03,340.0,334.0,21770
PPL,2026-07-03,330.0,335.0,14720
SGHC,2026-07-03,354.1,342.9,8016
EBLD86,2026-07-03,1081.0,1085.0,55
NICGF2,2026-07-03,9.1,9.21,900
NHDL,2026-07-03,622.8,637.0,2589
CZBIL,2026-07-03,210.0,199.0,21922
RFPL,2026-07-03,335.1,343.1,15850
BOKD86,2026-07-03,1088.1,1086.5,9600
PMLI,2026-07-03,468.0,450.0,5531
KAHL,2026-07-03,349.8,390.6,150
AKPL,2026-07-03,259.7,256.1,26934
SWMF,2026-07-03,620.0,627.0,2469
GRDBL,2026-07-03,1023.0,1040.0,3077
PPCL,2026-07-03,360.0,347.8,22279
GWFD83,2026-07-03,1100.0,1100.0,78
CBBL,2026-07-03,918.7,917.8,16357
MAKAR,2026-07-03,487.0,479.0,4529
YMHL,2026-07-03,660.0,640.0,36650
VLBS,2026-07-03,700.0,690.0,4259
KEF,2026-07-03,10.52,10.79,44852
SIGS3,2026-07-03,10.46,10.6,800
SBD87,2026-07-03,1100.0,1096.6,20105
MSHL,2026-07-03,602.0,604.0,409
SOPL,2026-07-03,865.0,881.0,57306
TTL,2026-07-03,755.0,750.2,13586
STC,2026-07-03,5162.1,5170.0,2478
USHL,2026-07-03,560.7,531.0,4787
MDB,2026-07-03,580.4,579.3,25608
SPL,2026-07-03,652.0,662.0,1996
MBJC,2026-07-03,275.0,275.1,9993
BFC,2026-07-03,497.8,535.0,187575
MMKJL,2026-07-03,489.0,470.3,1905
SBID83,2026-07-03,1099.0,1063.3,10509
GCIL,2026-07-03,337.2,355.0,10360
NRM,2026-07-03,325.0,335.0,8736
PROFL,2026-07-03,443.0,440.0,11845
NICAD85/86,2026-07-03,1130.0,1130.0,39165
GSY,2026-07-03,9.75,9.78,5900
BNHC,2026-07-03,308.0,311.0,9307
RSY,2026-07-03,10.0,10.01,400
UNL,2026-07-03,47000.0,46600.0,100
SCBD,2026-07-03,1164.0,1160.0,38108
CHDC,2026-07-03,2109.0,2110.0,33496
ADBLD83,2026-07-03,1056.2,1070.0,10526
PCBL,2026-07-03,233.0,236.0,58482
EHPL,2026-07-03,370.1,369.2,16268
SMB,2026-07-03,2008.0,1970.0,3231
SJCL,2026-07-03,268.0,272.0,34152
GBIME,2026-07-03,249.0,243.0,324953
HHL,2026-07-03,335.0,338.0,10272
TPC,2026-07-03,364.8,355.0,8174
NICLBSL,2026-07-03,552.0,554.0,6482
UPCL,2026-07-03,364.0,355.0,140909
SFCL,2026-07-03,375.0,376.0,9691
GLBSL,2026-07-03,1820.0,1803.0,348
HIMSTAR,2026-07-03,761.0,773.0,3050
SAHAS,2026-07-03,642.0,645.0,67212
SHINE,2026-07-03,404.9,402.0,13565
ALBSL,2026-07-03,1065.0,1098.0,9852
RLEL,2026-07-03,850.0,860.0,7183
TSHL,2026-07-03,423.0,457.0,4108
GUFL,2026-07-03,558.0,557.0,7420
KBSH,2026-07-03,1449.9,1405.0,1133
LEC,2026-07-03,222.6,211.0,41787
NRN,2026-07-03,1413.0,1433.0,122303
SMFBS,2026-07-03,1650.0,1651.1,8375
KMCDB,2026-07-03,816.6,815.0,1864
RBCL,2026-07-03,14300.0,14400.0,150
MHL,2026-07-03,471.0,476.8,9499
SBID2090,2026-07-03,1166.0,1166.0,13880
GMLI,2026-07-03,1155.0,1180.0,814
CORBL,2026-07-03,1775.0,1775.0,2314
MMF1,2026-07-03,9.7,9.75,5300
HFIN,2026-07-03,771.7,727.0,24307
ADBLB,2026-07-03,1000.0,1000.0,430000
MATRI,2026-07-03,880.0,888.0,2884
FMDBL,2026-07-03,760.0,761.0,8871
PSF,2026-07-03,11.8,11.82,4500
SAGAR,2026-07-03,1540.0,1599.8,7327
ULBSL,2026-07-03,2710.0,3100.0,2201
NSIF2,2026-07-03,10.56,10.79,40300
RHGCL,2026-07-03,267.5,272.0,9099
KDL,2026-07-03,760.1,770.0,1320
SWBBL,2026-07-03,697.8,684.2,16081
BUNGAL,2026-07-03,652.0,665.1,33322
SNORL,2026-07-03,618.6,690.6,920
PFL,2026-07-03,365.0,360.0,8158
SHLB,2026-07-03,1503.5,1488.0,267
NLIC,2026-07-03,781.0,744.5,17656
GIBF1,2026-07-03,10.53,10.62,600
RAWA,2026-07-03,441.3,444.9,15448
SSHL,2026-07-03,200.0,200.0,102291
KBL,2026-07-03,226.0,214.9,193594
NMFBS,2026-07-03,1116.0,1116.0,4895
PRVU,2026-07-03,205.0,194.4,96361
MHNL,2026-07-03,242.0,241.0,19546
PBD85,2026-07-03,1101.1,1101.1,53
RSDC,2026-07-03,670.0,658.0,4700
GHL,2026-07-03,224.7,223.0,19747
JHAPA,2026-07-03,1250.0,1269.0,10537
MBLEF,2026-07-03,10.2,10.0,300
GBLBS,2026-07-03,756.0,759.0,1615
NIMBPO,2026-07-03,145.4,145.5,12423
DHEL,2026-07-03,571.0,594.0,17508
NTC,2026-07-03,849.9,846.0,7001
MPFL,2026-07-03,602.0,619.0,8351
MERO,2026-07-03,702.1,705.0,5810
BJHL,2026-07-03,775.0,832.0,7754
SANVI,2026-07-03,617.0,635.0,6005
NIMB,2026-07-03,205.0,195.9,94278
PCIL,2026-07-03,651.0,654.0,20256
SLBBL,2026-07-03,808.0,805.0,3167
SMJC,2026-07-03,455.0,455.0,30998
SPDL,2026-07-03,386.4,372.0,47415
LBBL,2026-07-03,480.2,482.9,35483
NMB,2026-07-03,240.0,239.2,27440
MANDU,2026-07-03,806.5,811.0,410
MSLB,2026-07-03,1235.0,1235.0,1211
DLBS,2026-07-03,1398.4,1307.0,2110
ACLBSL,2026-07-03,916.0,925.0,512
HEI,2026-07-03,554.0,543.0,7399
KSBBL,2026-07-03,475.0,477.0,10575
MNBBL,2026-07-03,368.9,366.0,31153
TAMOR,2026-07-03,446.0,440.5,24496
UAIL,2026-07-03,457.4,441.0,26768
KHPL,2026-07-03,905.1,865.0,15475
ANLB,2026-07-03,7006.6,7006.6,10
UPPER,2026-07-03,194.0,194.0,57257
NGPL,2026-07-03,410.0,412.2,94433
SNLI,2026-07-03,435.3,439.0,11316
UMRH,2026-07-03,520.0,521.5,5524
KKHC,2026-07-03,246.0,288.0,194041
SPHL,2026-07-03,555.0,573.0,11542
NLICL,2026-07-03,594.3,573.0,18259
LLBS,2026-07-03,932.0,942.0,573
JFL,2026-07-03,406.0,398.5,2478
AHPC,2026-07-03,266.0,264.0,87859
MEN,2026-07-03,575.0,574.0,44432
NESDO,2026-07-03,1531.0,1525.0,1898
CSY,2026-07-03,9.03,9.2,1950
BHDC,2026-07-03,441.0,443.0,6224
SOHL,2026-07-03,615.0,610.0,43111
NBF3,2026-07-03,9.9,10.0,19450
SARBTM,2026-07-03,810.1,804.0,5595
SGHL,2026-07-03,359.5,395.7,230
NUBL,2026-07-03,620.1,626.0,2493
HURJA,2026-07-03,234.9,233.3,22810
ICFCD89,2026-07-03,1116.0,1110.0,20658
SBCF,2026-07-03,9.61,9.8,9600
CLI,2026-07-03,445.3,448.9,6174
JOSHI,2026-07-03,269.0,267.1,5599
HBLD86,2026-07-03,1183.0,1183.0,19975
NICD88,2026-07-03,1100.0,1100.0,30
SIFC,2026-07-03,540.0,535.0,14480
SEF,2026-07-03,9.95,9.95,1000
SYPNL,2026-07-03,1355.0,1359.0,27554
UNLB,2026-07-03,1324.9,1319.0,4470
HATHY,2026-07-03,705.0,701.0,4617
FOWAD,2026-07-03,970.0,990.0,649
NABBC,2026-07-03,760.0,754.0,14853
MLBBL,2026-07-03,1151.0,1150.0,372
NMBHF2,2026-07-03,9.5,9.78,2122
BARUN,2026-07-03,323.0,323.5,12129
SHL,2026-07-03,490.0,491.2,7613
MHCL,2026-07-03,335.0,326.5,3413
NICAD2091,2026-07-03,1052.1,1052.1,25
HRL,2026-07-03,570.0,583.0,27782
NSY,2026-07-03,9.31,9.5,1700
LUK,2026-07-03,10.01,10.01,15310
BNT,2026-07-03,11510.2,11600.1,40
NYADI,2026-07-03,381.1,378.2,11494
RNLI,2026-07-03,446.0,452.0,4195
GMFBS,2026-07-03,1240.0,1235.0,526
BHL,2026-07-03,208.1,210.0,49877
IHL,2026-07-03,373.0,373.0,5349
SRLI,2026-07-03,380.0,381.1,8865
H8020,2026-07-03,11.65,11.95,400
PURE,2026-07-03,830.0,826.0,2856
SBL,2026-07-03,390.0,390.1,151305
ULHC,2026-07-03,497.0,429.0,99792
SIKLES,2026-07-03,561.0,557.0,4499
WNLB,2026-07-03,1353.0,1370.0,45
ADBL,2026-07-03,310.0,307.0,10218
APHL,2026-07-03,859.8,898.0,25254
OMPL,2026-07-03,1010.0,997.1,3267
SMPDA,2026-07-03,785.0,795.0,1212
IGI,2026-07-03,432.0,430.0,6848
BHPL,2026-07-03,512.8,498.0,4400
MFIL,2026-07-03,736.0,774.0,54721
C30MF,2026-07-03,10.0,10.18,2400
CFCL,2026-07-03,615.0,620.0,143035
NMIC,2026-07-03,950.0,969.0,1629
NICD83/84,2026-07-03,1045.0,1045.0,100
BANDIPUR,2026-07-03,749.0,746.0,12987
CHCL,2026-07-03,480.0,482.0,8055
GFCL,2026-07-03,631.0,627.0,13123
NIL,2026-07-03,636.0,624.0,31359
LSL,2026-07-03,230.0,221.0,292521
HEIP,2026-07-03,321.0,328.7,475
CYCL,2026-07-03,1400.1,1430.0,1236
SADBL,2026-07-03,420.0,408.0,15582
RMF1,2026-07-03,9.81,9.8,1500
SAPDBL,2026-07-03,785.0,782.0,13244
DHPL,2026-07-03,300.0,286.0,2875
RLFL,2026-07-03,469.1,474.9,71755
MABEL,2026-07-03,635.2,640.0,5973
MNBBLP,2026-07-03,236.2,236.2,20000
MCHL,2026-07-03,300.0,296.0,3468
CITY,2026-07-03,404.9,392.5,137190
UHEWA,2026-07-03,580.0,580.0,33789
SHPC,2026-07-03,493.0,495.0,26410
JBBL,2026-07-03,340.0,343.0,17138
SFEF,2026-07-03,10.02,10.02,100
SKBBL,2026-07-03,752.9,751.0,16576
HIDCLP,2026-07-03,191.7,189.3,69977
KBLD89,2026-07-03,1231.1,1255.2,315825
CKHL,2026-07-03,622.0,600.0,336
NICL,2026-07-03,535.0,522.8,22952
SBIBD86,2026-07-03,1150.0,1150.0,20000
NBF2,2026-07-03,9.8,9.87,61300
SMH,2026-07-03,536.0,531.0,7404
UNHPL,2026-07-03,386.1,392.9,14430
CIT,2026-07-03,1700.0,1700.0,3365
HDL,2026-07-03,1160.0,1153.0,20232
NIFRAGED,2026-07-03,1044.4,1044.4,75
SHEL,2026-07-03,300.0,301.9,42721
AHL,2026-07-03,435.5,437.0,2107
DDBL,2026-07-03,834.0,830.0,4198
GBIMESY2,2026-07-03,9.2,9.22,1150
AKJCL,2026-07-03,363.9,358.0,230860
MEHL,2026-07-03,339.0,327.0,2740
KDBY,2026-07-03,11.1,11.07,65627
CHL,2026-07-03,268.0,267.0,5273
HIDCL,2026-07-03,255.6,253.0,36904
LICN,2026-07-03,838.0,790.0,10271
SICL,2026-07-03,630.0,623.0,5933
SCB,2026-07-03,647.0,648.0,6192
NBLD82,2026-07-03,1066.0,1060.0,15000
NLG,2026-07-03,590.0,590.0,7141
NIFRAUR85/86,2026-07-03,1065.0,1065.0,30
NIBD84,2026-07-02,1075.0,1085.0,14178
HBLD86,2026-07-02,1200.0,1183.0,50025
CSY,2026-07-02,9.12,9.3,2700
SBCF,2026-07-02,9.8,9.9,7400
HPPL,2026-07-02,366.0,363.8,9926
JOSHI,2026-07-02,261.5,269.1,7924
MSLB,2026-07-02,1239.0,1240.0,454
NICBF,2026-07-02,9.3,9.3,500
NIBSF2,2026-07-02,9.02,9.1,400
SKHL,2026-07-02,981.7,920.9,7336
NRIC,2026-07-02,955.0,939.0,10924
SALICO,2026-07-02,605.0,614.0,4987
ICFCD83,2026-07-02,1086.4,1086.4,190
MATRI,2026-07-02,853.0,862.0,1414
OMPL,2026-07-02,1024.4,1010.0,1043
HDL,2026-07-02,1150.0,1150.0,16574
LBLD86,2026-07-02,1225.0,1240.0,15
NICD83/84,2026-07-02,1043.0,1036.0,50
JBLB,2026-07-02,1247.0,1253.0,2293
GHL,2026-07-02,223.0,223.0,13820
KBL,2026-07-02,212.0,215.3,220816
YMHL,2026-07-02,715.0,663.2,35070
GBBL,2026-07-02,402.1,405.0,8510
BBC,2026-07-02,4160.3,4260.0,150
TPKHL,2026-07-02,618.0,596.6,41840
GFCL,2026-07-02,639.0,631.6,7906
SBI,2026-07-02,386.0,392.2,1984
LUK,2026-07-02,9.9,10.0,7485
NIBLGF,2026-07-02,9.5,9.25,9900
TVCL,2026-07-02,485.0,494.8,4235
BHPL,2026-07-02,500.0,504.9,3220
DHEL,2026-07-02,585.0,577.7,10885
DHPL,2026-07-02,300.3,287.6,1208
HHL,2026-07-02,340.0,339.8,11457
GBLBS,2026-07-02,745.3,750.0,1791
NHPC,2026-07-02,265.9,264.7,105470
CIZBD90,2026-07-02,1202.0,1202.0,25
MMKJL,2026-07-02,476.2,477.0,1507
SMJC,2026-07-02,472.4,453.0,13738
USHEC,2026-07-02,487.0,500.0,3544
TSHL,2026-07-02,435.0,435.1,2126
CORBL,2026-07-02,1833.0,1700.0,27014
NLIC,2026-07-02,782.2,744.0,19400
KKHC,2026-07-02,260.0,258.0,36977
RNLI,2026-07-02,451.5,449.0,5246
ULBSL,2026-07-02,2725.0,2798.0,210
MABEL,2026-07-02,657.0,654.8,8415
GBILD86/87,2026-07-02,1108.0,1108.0,25
CLI,2026-07-02,448.0,451.0,7338
KMCDB,2026-07-02,832.9,815.5,2168
NLICL,2026-07-02,590.0,594.3,8212
NIMBPO,2026-07-02,142.0,145.2,6010
BHCL,2026-07-02,540.0,534.0,22899
ICFCD89,2026-07-02,1086.1,1109.0,375
MLBS,2026-07-02,1168.0,1166.0,530
AVYAN,2026-07-02,1043.0,1044.0,310
NHDL,2026-07-02,638.0,641.0,5658
EBLD85,2026-07-02,1135.0,1120.0,151305
NMIC,2026-07-02,965.0,958.0,1927
SMH,2026-07-02,543.9,531.0,5724
KBLD89,2026-07-02,1231.3,1231.1,25
ALBSL,2026-07-02,1040.0,1099.6,12674
HLI,2026-07-02,331.0,326.6,26346
HURJA,2026-07-02,237.0,234.2,31435
CYCL,2026-07-02,1503.5,1437.9,1969
ILI,2026-07-02,424.0,421.0,4849
NBF3,2026-07-02,9.82,10.0,33900
BHL,2026-07-02,214.0,210.0,28827
AHL,2026-07-02,450.9,447.3,5792
KSBBL,2026-07-02,475.0,474.0,6323
GIBF1,2026-07-02,10.53,10.6,68597
MNBBL,2026-07-02,363.0,367.8,10559
MHNL,2026-07-02,243.0,245.6,18888
RSDC,2026-07-02,664.0,652.0,2719
SKBBL,2026-07-02,751.5,752.9,13105
MFIL,2026-07-02,755.0,774.0,18220
SWASTIK,2026-07-02,2050.0,2040.0,1241
JSLBB,2026-07-02,995.0,1019.0,408
PPCL,2026-07-02,376.9,347.0,14226
GUFL,2026-07-02,562.9,558.0,8092
MHCL,2026-07-02,331.2,333.0,1017
SSHL,2026-07-02,203.0,201.1,81816
NRM,2026-07-02,329.0,330.0,6301
UMRH,2026-07-02,520.5,517.8,8505
VLBS,2026-07-02,685.0,696.0,2609
ALICL,2026-07-02,438.9,436.5,12803
SIGS3,2026-07-02,10.65,10.6,59750
SKHEL,2026-07-02,980.0,985.0,4181
KPCL,2026-07-02,475.0,471.5,3912
UNLB,2026-07-02,1287.0,1324.9,453
JBBL,2026-07-02,336.0,339.0,17044
SHEL,2026-07-02,300.0,299.0,47708
MKCL,2026-07-02,1104.0,1088.0,650
RADHI,2026-07-02,722.0,720.0,29147
SEF,2026-07-02,10.25,9.95,22300
MANDU,2026-07-02,766.0,820.0,1230
NIFRA,2026-07-02,255.0,254.0,25838
SMFBS,2026-07-02,1682.0,1670.0,6190
SIGS2,2026-07-02,10.8,10.8,10500
PCIL,2026-07-02,634.7,661.0,33466
NBF2,2026-07-02,10.36,10.06,2700
GMLI,2026-07-02,1210.0,1180.0,563
BARUN,2026-07-02,323.0,322.0,12825
KEF,2026-07-02,10.75,10.61,2700
TTL,2026-07-02,750.0,750.0,4615
GBIME,2026-07-02,250.0,249.0,364120
CBLD88,2026-07-02,1270.0,1285.0,5
DDBL,2026-07-02,839.9,822.2,5344
NYADI,2026-07-02,376.1,381.5,720
SBLD89,2026-07-02,1287.5,1220.0,95840
NMBD2085,2026-07-02,1169.0,1195.0,20
PRIN,2026-07-02,682.0,689.0,1837
BPCL,2026-07-02,674.7,659.9,15303
SFMF,2026-07-02,10.6,10.8,1100
SAHAS,2026-07-02,655.9,642.0,122806
NLG,2026-07-02,578.0,586.0,3855
SHINE,2026-07-02,415.6,403.0,8973
C30MF,2026-07-02,10.15,10.18,1500
LICN,2026-07-02,838.9,799.0,7799
RLFL,2026-07-02,467.3,469.7,45907
RSML,2026-07-02,3230.0,3274.0,79286
SNORL,2026-07-02,537.9,600.6,180
CFCL,2026-07-02,605.6,617.9,66859
EBLD91,2026-07-02,1090.0,1090.0,25
SADBL,2026-07-02,403.1,409.9,8023
PSF,2026-07-02,11.9,11.88,35000
MBLEF,2026-07-02,10.0,10.0,2750
BFC,2026-07-02,507.9,524.0,78781
BNHC,2026-07-02,314.9,314.7,6063
HDHPC,2026-07-02,209.0,207.5,90283
NICL,2026-07-02,512.4,520.0,10810
GLH,2026-07-02,252.1,254.8,6509
NMLBBL,2026-07-02,545.0,552.0,6560
NFS,2026-07-02,584.0,583.0,5796
SYPNL,2026-07-02,1289.2,1355.0,14413
ENL,2026-07-02,815.0,831.0,590
AHPC,2026-07-02,269.0,264.0,51227
BUNGAL,2026-07-02,650.0,652.0,33044
SIKLES,2026-07-02,557.1,561.8,4491
NGPL,2026-07-02,409.1,411.8,50388
SWMF,2026-07-02,615.1,628.0,1581
NABBC,2026-07-02,777.0,752.0,2959
USHL,2026-07-02,565.0,534.1,3840
UNHPL,2026-07-02,393.0,388.0,8405
BHDC,2026-07-02,443.0,442.9,2966
KBSH,2026-07-02,1390.0,1410.0,181
MLBBL,2026-07-02,1140.0,1150.0,684
SGIC,2026-07-02,475.0,465.8,5755
SMB,2026-07-02,2001.0,2008.0,9043
SHL,2026-07-02,498.0,493.0,6333
SJLIC,2026-07-02,430.0,424.8,8089
MEHL,2026-07-02,325.2,332.0,456
MKJC,2026-07-02,460.0,456.1,1718
SDBD87,2026-07-02,1120.0,1115.0,75
JBBD87,2026-07-02,1118.0,1118.0,50
PURE,2026-07-02,843.9,840.3,1130
APHL,2026-07-02,888.0,905.0,27833
MSHL,2026-07-02,626.0,619.8,370
BEDC,2026-07-02,338.0,340.0,18690
SBID83,2026-07-02,1083.0,1096.0,70350
HLICF,2026-07-02,8.76,8.92,900
PFL,2026-07-02,351.6,364.9,3357
PROFL,2026-07-02,433.0,439.5,5616
RHPL,2026-07-02,262.0,261.9,5280
GRDBL,2026-07-02,1030.0,1048.9,1900
DORDI,2026-07-02,257.0,252.5,7997
CKHL,2026-07-02,601.0,609.0,375
UAIL,2026-07-02,452.5,463.9,19610
BANDIPUR,2026-07-02,770.0,753.0,11214
MERO,2026-07-02,709.1,707.8,2306
SANIMA,2026-07-02,352.0,357.0,25904
BNT,2026-07-02,11650.0,11700.0,30
RBCLPO,2026-07-02,11730.0,11730.0,3
UPCL,2026-07-02,362.0,372.6,74910
RMF1,2026-07-02,9.83,9.86,200
SICL,2026-07-02,618.0,625.9,2980
AKPL,2026-07-02,258.0,257.7,23956
SFCL,2026-07-02,370.0,375.8,6971
LVF2,2026-07-02,9.99,9.87,600
PCBL,2026-07-02,232.1,236.4,30982
GILB,2026-07-02,1094.0,1070.1,1289
GBIMESY2,2026-07-02,9.3,9.35,1000
SBLD84,2026-07-02,1085.0,1085.0,82764
NTC,2026-07-02,848.0,849.0,5018
CIT,2026-07-02,1700.1,1704.0,4129
SBD87,2026-07-02,1087.0,1087.0,30
MDB,2026-07-02,593.4,582.0,8404
NICAD85/86,2026-07-02,1226.1,1130.0,360836
RURU,2026-07-02,656.0,644.9,5276
SINDU,2026-07-02,703.2,721.9,2180
SABBL,2026-07-02,1000.0,1023.0,5440
IGI,2026-07-02,438.0,431.1,10304
MLBSL,2026-07-02,1711.0,1740.0,550
SHPC,2026-07-02,502.0,495.0,16601
TPC,2026-07-02,365.0,360.0,1178
DLBS,2026-07-02,1235.0,1472.0,5030
PPL,2026-07-02,318.3,337.0,20382
GCIL,2026-07-02,357.0,354.9,15266
EBL,2026-07-02,695.6,704.0,96493
CREST,2026-07-02,1161.0,1310.0,18471
NICD88,2026-07-02,1077.1,1077.1,25
SHLB,2026-07-02,1461.8,1550.0,345
SGHC,2026-07-02,347.1,338.0,8417
SMPDA,2026-07-02,816.0,801.0,1018
MBJC,2026-07-02,275.0,275.0,4623
MKHL,2026-07-02,495.0,479.0,3726
NMB50,2026-07-02,10.49,10.5,5200
SOPL,2026-07-02,885.0,865.0,48210
CGH,2026-07-02,766.0,768.4,19565
NWCL,2026-07-02,732.1,730.0,360
GLBSL,2026-07-02,1838.8,1835.8,539
NIL,2026-07-02,620.0,621.1,3150
HIMSTAR,2026-07-02,816.0,780.0,5357
SAGAR,2026-07-02,1587.1,1541.1,1813
PHCL,2026-07-02,303.0,299.9,26756
SHIVM,2026-07-02,639.9,632.0,52384
EDBL,2026-07-02,555.3,568.9,7240
MMF1,2026-07-02,9.93,9.7,12700
ANLB,2026-07-02,5761.0,6673.0,10311
IHL,2026-07-02,367.1,373.5,3021
SAGF,2026-07-02,10.2,10.49,2200
SLBBL,2026-07-02,805.0,808.0,8632
ACLBSL,2026-07-02,930.0,942.2,432
JFL,2026-07-02,398.0,396.0,3236
SAPDBL,2026-07-02,789.0,786.5,17249
NMFBS,2026-07-02,1112.0,1116.0,2569
NABIL,2026-07-02,530.0,541.0,231443
VLUCL,2026-07-02,451.0,448.0,409
GSY,2026-07-02,10.0,9.86,24040
RSY,2026-07-02,10.04,10.3,2350
SBL,2026-07-02,391.0,393.8,47940
NSIF2,2026-07-02,11.0,10.74,15659
RMF2,2026-07-02,9.96,10.0,1200
MNMF1,2026-07-02,9.7,9.85,1950
KSY,2026-07-02,9.73,9.72,400
NABILD2089,2026-07-02,1122.7,1153.0,2
SAIL,2026-07-02,920.0,918.9,9359
HLBSL,2026-07-02,853.6,887.9,2262
RHGCL,2026-07-02,267.1,273.0,13359
NADEP,2026-07-02,735.0,725.0,777
NRN,2026-07-02,1400.0,1419.9,37733
MPFL,2026-07-02,600.0,612.0,3924
NSY,2026-07-02,9.55,9.31,2900
SPHL,2026-07-02,560.0,570.0,5667
SMHL,2026-07-02,475.0,473.8,9989
AKJCL,2026-07-02,370.0,362.0,231421
FMDBL,2026-07-02,763.6,763.0,12709
NICGF2,2026-07-02,9.2,9.3,13200
CHL,2026-07-02,270.0,267.1,6764
UMHL,2026-07-02,583.0,577.2,14624
UPPER,2026-07-02,194.5,194.0,41920
SONA,2026-07-02,451.5,425.2,5112
MHL,2026-07-02,470.0,476.0,3480
CBBL,2026-07-02,922.9,910.0,10348
HEI,2026-07-02,535.5,545.0,5623
SOHL,2026-07-02,612.1,617.8,19463
GVL,2026-07-02,475.0,475.0,5508
CHDC,2026-07-02,2130.0,2124.0,14787
LBBL,2026-07-02,494.9,488.0,19077
MBLPO,2026-07-02,132.0,132.0,2686
NUBL,2026-07-02,615.2,624.0,3517
HRL,2026-07-02,594.0,584.0,32398
KDL,2026-07-02,760.0,775.0,1010
HEIP,2026-07-02,320.0,320.0,60
MKHC,2026-07-02,303.0,301.5,8357
UHEWA,2026-07-02,619.0,587.0,26170
STC,2026-07-02,5235.0,5179.9,1250
NESDO,2026-07-02,1525.0,1545.0,170
KAHL,2026-07-02,295.4,339.7,200
SPIL,2026-07-02,713.8,691.0,2712
RBCL,2026-07-02,14305.0,14449.9,175
CITY,2026-07-02,403.0,401.8,173365
OHL,2026-07-02,682.0,680.0,245
NIMB,2026-07-02,200.0,197.9,122748
EBLD86,2026-07-02,1086.0,1086.0,25
NBLD85,2026-07-02,1065.0,1100.0,134
GMFIL,2026-07-02,441.0,469.0,8739
LLBS,2026-07-02,906.0,920.0,1075
RLEL,2026-07-02,848.0,858.0,4228
RBBF40,2026-07-02,9.1,9.2,2100
SAND2085,2026-07-02,1189.0,1190.0,6
NBL,2026-07-02,265.0,270.0,59762
SHINED,2026-07-02,1096.1,1097.0,120
NICAD2091,2026-07-02,1060.0,1070.0,210
MCHL,2026-07-02,303.5,304.8,1466
SIFC,2026-07-02,538.0,537.0,1125
KBLD90,2026-07-02,1249.0,1222.0,30165
PMHPL,2026-07-02,317.0,326.5,4482
CMF2,2026-07-02,9.44,9.9,3000
MLBL,2026-07-02,355.5,355.0,20147
KDBY,2026-07-02,10.89,11.08,115604
SNLI,2026-07-02,440.0,438.3,9847
SGHL,2026-07-02,299.3,344.1,410
MEN,2026-07-02,580.0,575.0,63345
NMBMF,2026-07-02,616.0,626.9,1543
SPDL,2026-07-02,387.0,368.0,8083
NIBLSTF,2026-07-02,9.22,9.01,1000
DOLTI,2026-07-02,353.0,345.0,22168
SJCL,2026-07-02,270.0,271.8,14454
RAWA,2026-07-02,448.0,446.0,15623
HBL,2026-07-02,194.0,200.0,48210
NIFRAGED,2026-07-02,1026.2,1042.0,93
SIPD,2026-07-02,648.0,640.0,3860
SLCF,2026-07-02,10.01,10.03,11100
PRVU,2026-07-02,191.0,197.0,141263
SBID2090,2026-07-02,1128.7,1162.4,5
CZBIL,2026-07-02,197.9,201.1,55214
NMBHF2,2026-07-02,9.5,9.7,3010
PMLI,2026-07-02,452.0,455.0,5021
SRLI,2026-07-02,379.1,380.4,8507
CHCL,2026-07-02,481.0,480.0,29848
NICFC,2026-07-02,9.3,9.45,4600
FOWAD,2026-07-02,979.9,970.0,1127
SCB,2026-07-02,645.0,647.0,13552
ADBL,2026-07-02,320.0,306.8,11685
NICA,2026-07-02,334.0,344.0,45178
EHPL,2026-07-02,371.2,371.0,9487
KHPL,2026-07-02,866.0,862.0,12345
SFEF,2026-07-02,9.9,10.02,500
SARBTM,2026-07-02,810.0,808.8,2378
LSL,2026-07-02,220.0,222.0,1917570
RBBD2088,2026-07-02,1055.5,1087.5,616
SMATA,2026-07-02,759.9,753.0,944
BJHL,2026-07-02,855.0,815.1,8238
GMFBS,2026-07-02,1200.1,1252.0,705
PBD88,2026-07-02,1256.5,1270.0,205
SANVI,2026-07-02,633.9,633.0,4798
ICFCD88,2026-07-02,1138.0,1138.0,25
HIDCLP,2026-07-02,190.0,189.9,118833
GBILD84/85,2026-07-02,1115.0,1115.0,23010
SLBSL,2026-07-02,1236.9,1200.0,2007
JHAPA,2026-07-02,1270.0,1268.9,10147
SRBLD83,2026-07-02,1075.0,1060.7,25
SBIBD86,2026-07-02,1139.8,1150.0,100
HFIN,2026-07-02,738.2,735.0,14536
H8020,2026-07-02,11.36,11.95,26777
NMB,2026-07-02,238.5,241.0,38113
ULHC,2026-07-02,420.0,496.8,31541
RIDI,2026-07-02,336.0,333.6,72024
SPC,2026-07-02,415.0,417.0,1139
TAMOR,2026-07-02,442.2,444.0,20600
BGWT,2026-07-02,597.9,586.2,343
ICFC,2026-07-02,617.0,615.0,2927
USLB,2026-07-02,1236.1,1230.0,1053
SPL,2026-07-02,675.0,668.0,924
PRSF,2026-07-02,12.85,12.9,130900
LEC,2026-07-02,215.4,212.0,25040
NICLBSL,2026-07-02,558.0,552.0,2646
RFPL,2026-07-02,342.0,343.0,24102
NICSF,2026-07-02,9.26,9.48,24800
MBL,2026-07-02,245.8,249.8,82504
API,2026-07-02,336.0,333.8,114229
WNLB,2026-07-02,1370.0,1353.0,180
HATHY,2026-07-02,715.0,705.0,2817
MAKAR,2026-07-02,465.7,473.1,321
MEL,2026-07-02,222.0,220.1,11142
HIDCL,2026-07-02,256.0,255.5,53596
ILBS,2026-07-02,900.0,896.8,1391
SWBBL,2026-07-02,693.1,697.8,13743
RMF2,2026-07-01,10.0,10.25,1000
MBJC,2026-07-01,272.0,277.0,9594
YMHL,2026-07-01,635.0,689.0,53491
NMBMF,2026-07-01,614.9,628.7,930
MFIL,2026-07-01,760.0,779.6,6891
SINDU,2026-07-01,662.2,706.1,5551
SMHL,2026-07-01,458.1,475.0,11823
SLBBL,2026-07-01,799.0,809.0,8489
IHL,2026-07-01,363.0,372.6,9407
EBLD86,2026-07-01,1090.0,1090.0,25
NRM,2026-07-01,315.5,329.0,8953
NABIL,2026-07-01,520.0,525.0,44906
KSBBL,2026-07-01,473.0,476.3,7679
AVYAN,2026-07-01,1053.8,1048.9,1277
NICFC,2026-07-01,8.99,9.35,3100
SBCF,2026-07-01,10.0,9.8,2900
PMHPL,2026-07-01,314.0,320.0,7480
CKHL,2026-07-01,615.0,610.0,3079
NMLBBL,2026-07-01,542.0,548.0,4556
NMBD87/88,2026-07-01,1110.0,1085.1,126
NIBLGF,2026-07-01,9.3,9.25,1300
GBBD85,2026-07-01,1070.4,1109.0,101
MEN,2026-07-01,578.0,578.0,32653
GRDBL,2026-07-01,1015.0,1038.8,4025
NBL,2026-07-01,260.1,265.0,25349
RAWA,2026-07-01,430.0,449.5,32411
MBLEF,2026-07-01,10.22,10.0,5100
SIPD,2026-07-01,610.0,648.4,14520
BBC,2026-07-01,4234.9,4279.0,375
PCBL,2026-07-01,231.5,233.9,64115
NIFRAGED,2026-07-01,1041.2,1041.2,50
MAKAR,2026-07-01,461.0,476.9,2856
NABILD2089,2026-07-01,1073.0,1122.7,8944
NIMB,2026-07-01,199.5,193.0,62331
RIDI,2026-07-01,325.0,336.0,193210
SFEF,2026-07-01,9.9,10.19,10595
SALICO,2026-07-01,613.5,604.0,2679
KBLD90,2026-07-01,1215.0,1215.0,25
GFCL,2026-07-01,682.5,631.0,32913
GIBF1,2026-07-01,10.56,10.59,6450
NMB,2026-07-01,230.0,238.2,24489
SEF,2026-07-01,10.2,10.25,46000
FMDBL,2026-07-01,779.0,764.5,13796
KBLD86,2026-07-01,1180.0,1215.0,7
CREST,2026-07-01,1158.0,1196.0,8432
MLBS,2026-07-01,1169.0,1162.0,890
SADBL,2026-07-01,404.0,407.0,199292
GLH,2026-07-01,251.0,257.0,19388
KKHC,2026-07-01,255.0,264.0,128603
KMCDB,2026-07-01,816.9,810.0,1970
BHDC,2026-07-01,440.0,443.2,4654
SKHL,2026-07-01,901.2,935.0,19269
LICN,2026-07-01,793.0,799.0,2859
RHPL,2026-07-01,260.0,264.0,9961
NHDL,2026-07-01,620.2,638.7,4465
SHEL,2026-07-01,295.0,300.0,37575
SSHL,2026-07-01,196.0,204.4,161143
SNLI,2026-07-01,430.1,440.6,9044
KHPL,2026-07-01,830.0,862.0,16525
NIL,2026-07-01,614.3,624.9,2153
SABBL,2026-07-01,970.0,1010.0,7525
DLBS,2026-07-01,1349.5,1295.0,1371
SKBBL,2026-07-01,751.0,752.0,5173
SHIVM,2026-07-01,624.0,632.0,96022
MFLD85,2026-07-01,1120.0,1115.0,300
RADHI,2026-07-01,680.0,722.0,119315
CBBL,2026-07-01,906.0,910.0,13798
PBLD87,2026-07-01,1091.0,1090.0,90
PFL,2026-07-01,369.8,360.0,7048
NHPC,2026-07-01,255.0,265.9,224002
HIDCL,2026-07-01,250.0,254.0,31442
GHL,2026-07-01,215.0,223.0,32901
SNORL,2026-07-01,467.8,522.3,130
SMJC,2026-07-01,445.5,450.0,9162
CLI,2026-07-01,440.0,448.0,8478
SHLB,2026-07-01,1479.3,1507.0,581
ALBSL,2026-07-01,1030.0,1077.0,3511
BHL,2026-07-01,209.0,210.9,67517
CZBIL,2026-07-01,199.0,196.1,32911
RBBD2088,2026-07-01,1056.1,1056.1,25
KDL,2026-07-01,749.1,765.0,1262
NIMBPO,2026-07-01,149.0,146.0,20
NBF3,2026-07-01,9.89,10.0,5300
SPHL,2026-07-01,560.0,577.0,25095
HEIP,2026-07-01,330.6,320.7,21
SAND2085,2026-07-01,1165.9,1189.0,20
PURE,2026-07-01,802.0,843.9,5242
ENL,2026-07-01,810.0,819.2,154
TSHL,2026-07-01,448.0,445.0,7925
UMHL,2026-07-01,576.0,580.0,46983
KBL,2026-07-01,205.9,210.1,140421
SHPC,2026-07-01,486.0,496.8,17449
SIGS3,2026-07-01,10.65,10.55,20090
MBLD2085,2026-07-01,1150.0,1184.5,5
APHL,2026-07-01,807.5,888.0,29517
ULHC,2026-07-01,417.0,432.0,10977
NADEP,2026-07-01,731.9,720.0,607
FOWAD,2026-07-01,970.0,979.9,1672
NLG,2026-07-01,576.3,590.0,3062
SGIC,2026-07-01,457.0,469.9,17746
RBBF40,2026-07-01,9.03,9.13,800
HFIN,2026-07-01,703.1,738.2,34966
GBILD86/87,2026-07-01,1108.0,1108.0,30
HPPL,2026-07-01,358.0,362.0,14075
LBBL,2026-07-01,471.0,485.0,19750
BNHC,2026-07-01,312.0,314.5,4489
CORBL,2026-07-01,1804.1,1800.0,36575
MSHL,2026-07-01,590.0,639.8,1982
HRL,2026-07-01,568.2,585.0,41670
GMFBS,2026-07-01,1190.0,1227.0,124
CFCL,2026-07-01,592.0,609.9,67593
UHEWA,2026-07-01,610.0,590.0,19750
PROFL,2026-07-01,437.0,439.0,2642
NSIF2,2026-07-01,10.54,10.79,10350
SANVI,2026-07-01,613.0,630.0,10963
UPCL,2026-07-01,341.5,354.9,43605
SWMF,2026-07-01,614.0,621.8,877
CGH,2026-07-01,764.0,774.0,37166
SBLD84,2026-07-01,1065.1,1065.0,50
SPL,2026-07-01,670.0,665.0,630
C30MF,2026-07-01,10.2,10.25,1940
EDBL,2026-07-01,565.0,565.0,2545
SIKLES,2026-07-01,559.9,561.8,4722
GBBL,2026-07-01,400.0,404.9,13064
NABBC,2026-07-01,789.0,772.0,3342
ANLB,2026-07-01,5707.0,6061.5,387
USHEC,2026-07-01,500.0,492.0,4548
SPIL,2026-07-01,699.0,700.0,2284
SKHEL,2026-07-01,933.0,980.1,4859
RHGCL,2026-07-01,270.7,273.0,37498
NICLBSL,2026-07-01,550.0,557.9,4761
ADBL,2026-07-01,300.0,305.0,11287
JHAPA,2026-07-01,1280.0,1280.0,14193
DOLTI,2026-07-01,335.0,345.9,69764
DHEL,2026-07-01,565.0,585.0,9790
CHL,2026-07-01,261.9,268.0,12315
BPCL,2026-07-01,637.0,642.6,35359
JOSHI,2026-07-01,252.0,267.5,6827
GSY,2026-07-01,9.7,10.0,14560
BNT,2026-07-01,11600.0,11600.0,10
SRBLD83,2026-07-01,1075.0,1075.0,10
MNBBLP,2026-07-01,236.2,236.2,46996
UPPER,2026-07-01,181.0,194.5,66171
HBL,2026-07-01,190.0,194.0,30343
PRVU,2026-07-01,187.1,191.5,76106
LSL,2026-07-01,215.5,219.0,1345112
RLEL,2026-07-01,830.0,860.1,4141
SMATA,2026-07-01,735.0,755.0,1702
SBL,2026-07-01,390.0,389.9,69857
SCB,2026-07-01,650.0,641.0,21494
SMB,2026-07-01,1983.9,2054.0,8874
NMFBS,2026-07-01,1111.0,1120.1,785
AKJCL,2026-07-01,361.0,366.0,472111
JBBL,2026-07-01,338.0,338.0,24688
OHL,2026-07-01,685.0,682.0,2830
HEI,2026-07-01,551.0,541.2,1744
DORDI,2026-07-01,245.0,254.8,27435
SYPNL,2026-07-01,1267.3,1357.0,45120
IGI,2026-07-01,441.0,438.0,4239
RBCLPO,2026-07-01,11424.3,11730.0,20
NTC,2026-07-01,848.0,847.9,4586
NUBL,2026-07-01,626.9,625.0,2566
ULBSL,2026-07-01,2762.0,2805.0,292
SMH,2026-07-01,530.0,536.0,9401
KBLPO,2026-07-01,100.0,100.0,373303
ACLBSL,2026-07-01,952.0,941.0,366
HLICF,2026-07-01,8.69,8.76,5500
SAIL,2026-07-01,834.1,919.9,23431
SAGAR,2026-07-01,1490.0,1589.9,4757
USLB,2026-07-01,1220.0,1245.0,1476
DHPL,2026-07-01,287.2,286.0,2955
SCBD,2026-07-01,1200.0,1200.0,1000
SWASTIK,2026-07-01,2100.0,2102.0,895
NICAD2091,2026-07-01,1061.0,1067.0,100
MEHL,2026-07-01,337.6,334.9,5573
MLBL,2026-07-01,354.8,355.5,15638
SAGF,2026-07-01,10.05,10.2,1950
NICL,2026-07-01,522.9,526.0,24242
BANDIPUR,2026-07-01,711.0,759.0,27614
PSF,2026-07-01,11.75,11.9,67218
BGWT,2026-07-01,599.2,597.0,632
CYCL,2026-07-01,1289.2,1550.0,3450
UNLB,2026-07-01,1318.0,1326.5,905
NBF2,2026-07-01,10.1,10.06,3000
BHPL,2026-07-01,490.0,500.0,6189
LEC,2026-07-01,209.0,212.5,50709
PCIL,2026-07-01,627.0,664.9,37225
ICFC,2026-07-01,612.0,613.2,5327
MLBLD89,2026-07-01,1258.0,1258.0,25
MBL,2026-07-01,243.9,243.0,54300
KPCL,2026-07-01,470.0,475.0,4462
RFPL,2026-07-01,320.0,346.0,11991
TVCL,2026-07-01,480.0,485.0,13262
SPDL,2026-07-01,362.0,368.6,21140
SOHL,2026-07-01,610.0,624.0,72848
BUNGAL,2026-07-01,639.0,637.0,26572
MNMF1,2026-07-01,9.5,9.81,6250
NIMBD90,2026-07-01,1275.0,1270.0,111230
RURU,2026-07-01,630.1,642.0,6461
PPCL,2026-07-01,343.7,359.0,17268
NICBF,2026-07-01,9.03,9.03,250
GCIL,2026-07-01,349.0,354.7,11186
SPC,2026-07-01,420.0,420.0,1355
NLIC,2026-07-01,740.0,745.0,7316
PCBLP,2026-07-01,105.0,105.0,8041
MKHC,2026-07-01,293.0,303.0,6715
NBLD82,2026-07-01,1060.0,1060.0,200
H8020,2026-07-01,11.35,11.35,1200
NICGF2,2026-07-01,9.01,9.42,10500
GBIME,2026-07-01,238.0,242.0,335428
DDBL,2026-07-01,820.0,830.0,41539
SONA,2026-07-01,416.0,430.0,9964
RBCL,2026-07-01,14300.0,14490.0,110
MKJC,2026-07-01,445.3,460.0,610
SJLIC,2026-07-01,415.0,425.0,5788
SARBTM,2026-07-01,816.8,814.0,3806
GVL,2026-07-01,467.0,475.0,5464
MHNL,2026-07-01,245.0,244.0,7320
ADBLD83,2026-07-01,1057.0,1056.4,25
OMPL,2026-07-01,975.0,1000.0,2999
NGPL,2026-07-01,404.0,414.9,106621
SGHC,2026-07-01,329.0,337.0,4461
BFC,2026-07-01,499.7,505.0,39789
RSDC,2026-07-01,627.0,648.0,3409
ILBSP,2026-07-01,485.0,485.0,9629
SJCL,2026-07-01,268.0,272.0,7392
NYADI,2026-07-01,358.0,381.3,4983
ALICL,2026-07-01,435.0,438.9,6732
NBLD87,2026-07-01,1084.5,1084.5,25
SICL,2026-07-01,612.3,624.0,1388
ICFCD89,2026-07-01,1094.1,1100.0,200
SLCF,2026-07-01,10.0,10.05,44000
HLI,2026-07-01,316.0,329.0,27314
SHINED,2026-07-01,1097.0,1100.3,195
LVF2,2026-07-01,9.91,10.0,1204
MNBBL,2026-07-01,362.0,367.9,13722
SLBSL,2026-07-01,1160.0,1302.0,4366
NICSF,2026-07-01,9.22,9.3,10700
PRSF,2026-07-01,12.79,12.75,119300
RNLI,2026-07-01,440.1,451.5,5521
TPKHL,2026-07-01,596.0,618.2,75170
EHPL,2026-07-01,391.6,373.0,19616
KSY,2026-07-01,9.7,9.99,3210
KBSH,2026-07-01,1300.0,1410.0,1044
JSLBB,2026-07-01,995.0,1015.0,129
SFCL,2026-07-01,371.0,373.9,5814
BJHL,2026-07-01,795.0,900.0,7876
NMBHF2,2026-07-01,9.53,9.78,16100
PRIN,2026-07-01,690.0,691.0,5819
SIGS2,2026-07-01,10.5,10.5,10000
SHINE,2026-07-01,398.1,403.0,11162
NMIC,2026-07-01,945.0,965.0,4494
EBLD91,2026-07-01,1090.0,1090.0,225
GBLBS,2026-07-01,750.0,754.0,1793
ILI,2026-07-01,410.0,423.0,6912
CITY,2026-07-01,420.0,403.0,159716
MSLB,2026-07-01,1244.0,1226.0,444
SANIMA,2026-07-01,354.0,351.9,98218
USHL,2026-07-01,585.7,538.1,3269
SAPDBL,2026-07-01,825.0,789.0,12900
MKHL,2026-07-01,470.0,485.0,2318
HLBSL,2026-07-01,879.9,875.5,172
TRH,2026-07-01,770.0,770.0,1595
BARUN,2026-07-01,316.0,321.0,31213
NWCL,2026-07-01,722.0,732.0,1320
MKCL,2026-07-01,1099.0,1104.0,2122
VLUCL,2026-07-01,436.1,451.9,4672
MHCL,2026-07-01,339.0,338.9,5068
MPFL,2026-07-01,590.0,610.0,7782
NIBLSTF,2026-07-01,9.05,9.08,2900
SBLD2091,2026-07-01,1084.9,1084.0,10150
MEL,2026-07-01,220.0,222.0,35696
MERO,2026-07-01,708.2,709.0,2905
TPC,2026-07-01,350.0,359.2,6577
MANDU,2026-07-01,786.0,806.3,778
UMRH,2026-07-01,520.0,522.9,6361
RSML,2026-07-01,3195.0,3400.0,54822
GBIMESY2,2026-07-01,9.25,9.5,2200
NESDO,2026-07-01,1510.0,1539.9,525
AHL,2026-07-01,471.0,449.0,6939
HATHY,2026-07-01,671.0,713.9,7042
SMPDA,2026-07-01,772.0,793.0,1219
SAHAS,2026-07-01,630.0,644.0,52403
SIFC,2026-07-01,538.9,540.0,2118
SMFBS,2026-07-01,1614.0,1682.0,9144
ICFCD88,2026-07-01,1130.1,1138.0,50
SLBBLP,2026-07-01,456.0,456.0,1038
CHCL,2026-07-01,477.0,481.0,14543
SBID2090,2026-07-01,1064.0,1128.7,13940
STC,2026-07-01,5150.0,5235.0,2596
BHCL,2026-07-01,529.2,546.0,25120
UAIL,2026-07-01,451.0,465.0,12842
SRLI,2026-07-01,375.1,382.0,11926
GLBSL,2026-07-01,1838.8,1838.8,1111
API,2026-07-01,333.0,334.8,170972
KDBY,2026-07-01,10.67,10.99,150202
UNHPL,2026-07-01,392.0,393.0,30215
NRN,2026-07-01,1440.0,1427.0,116706
JFL,2026-07-01,407.8,398.0,2276
NIFRA,2026-07-01,247.0,253.9,46129
HURJA,2026-07-01,231.0,237.0,47776
BEDC,2026-07-01,325.0,337.4,21748
NIBSF2,2026-07-01,9.0,9.02,1500
JBLB,2026-07-01,1236.0,1247.0,5400
HIMSTAR,2026-07-01,741.0,794.0,6088
HIDCLP,2026-07-01,186.0,189.0,138036
PBD88,2026-07-01,1255.0,1256.5,20
RMF1,2026-07-01,9.77,10.0,2070
SHL,2026-07-01,489.9,492.0,13270
RSY,2026-07-01,9.8,10.14,1100
NLICL,2026-07-01,565.0,583.0,3833
CHDC,2026-07-01,2125.0,2132.0,32955
MHL,2026-07-01,455.0,470.0,2817
LLBS,2026-07-01,920.0,934.0,1235
NMBD2085,2026-07-01,1135.0,1169.0,5
SBIBD86,2026-07-01,1175.0,1175.0,200
TTL,2026-07-01,721.0,750.0,9017
NRIC,2026-07-01,920.0,944.0,20583
KEF,2026-07-01,10.52,10.56,17980
WNLB,2026-07-01,1369.0,1370.0,320
CMF2,2026-07-01,10.15,9.69,5951
SRLIP,2026-07-01,208.0,208.0,88402
CBLD88,2026-07-01,1235.0,1270.0,87
MMKJL,2026-07-01,466.0,476.0,2297
VLBS,2026-07-01,678.0,685.1,1706
CIT,2026-07-01,1685.0,1705.0,3895
LBLD86,2026-07-01,1227.0,1227.0,20
NFS,2026-07-01,566.0,583.6,8380
NICA,2026-07-01,323.2,333.9,43504
SWBBL,2026-07-01,697.5,702.0,19669
CCBD88,2026-07-01,1297.0,1297.0,25
HDL,2026-07-01,1142.0,1147.0,13221
MDB,2026-07-01,597.4,582.0,6962
MCHL,2026-07-01,292.0,305.0,6437
GILB,2026-07-01,1103.0,1094.0,562
HHL,2026-07-01,330.0,340.0,14697
HDHPC,2026-07-01,202.0,208.5,103329
MATRI,2026-07-01,827.1,853.0,423
PHCL,2026-07-01,296.0,301.0,49012
PPL,2026-07-01,303.1,335.0,15666
GUFL,2026-07-01,550.1,558.0,6024
PMLI,2026-07-01,440.0,458.0,2777
EBL,2026-07-01,699.9,694.0,25799
MLBSL,2026-07-01,1713.0,1745.0,294
AHPC,2026-07-01,261.0,266.9,55140
GMFIL,2026-07-01,469.0,464.0,4875
NMB50,2026-07-01,10.35,10.35,500
MLBBL,2026-07-01,1140.0,1140.0,1016
MMF1,2026-07-01,9.71,9.65,20200
UNL,2026-07-01,46550.0,46505.0,40
GMLI,2026-07-01,1147.0,1178.5,510
TAMOR,2026-07-01,435.7,446.0,12768
LUK,2026-07-01,10.01,10.2,35250
RLFL,2026-07-01,461.1,475.0,67406
ILBS,2026-07-01,884.0,897.0,3317
SBI,2026-07-01,387.0,387.0,18166
MABEL,2026-07-01,630.0,657.0,9609
AKPL,2026-07-01,250.1,258.0,45072
NSY,2026-07-01,9.1,9.55,4000
SDBD87,2026-07-01,1115.0,1115.0,100
CSY,2026-07-01,9.07,9.25,8245
SOPL,2026-07-01,833.0,885.0,69314
MBL,2026-06-30,241.0,240.0,44137
SCBD,2026-06-30,1154.0,1208.1,38183
HBLD86,2026-06-30,1200.0,1200.0,245
OHL,2026-06-30,660.5,672.0,1518
SAIL,2026-06-30,913.0,878.0,28256
NLIC,2026-06-30,744.0,737.0,26169
MKHL,2026-06-30,468.1,467.0,4632
NIMBPO,2026-06-30,144.0,145.0,17026
NABILD87,2026-06-30,1125.1,1125.1,25
AHL,2026-06-30,470.0,448.8,4653
BUNGAL,2026-06-30,705.0,639.0,45755
NIBD84,2026-06-30,1051.3,1065.0,155
PPL,2026-06-30,311.6,319.0,15094
SFCL,2026-06-30,365.0,369.0,6196
RFPL,2026-06-30,346.1,336.6,20642
SHPC,2026-06-30,490.0,485.0,52274
UNHPL,2026-06-30,380.0,386.0,11561
HPPL,2026-06-30,355.0,358.0,31914
TAMOR,2026-06-30,441.0,438.6,36500
SHINE,2026-06-30,401.0,396.4,17234
FOWAD,2026-06-30,970.0,960.0,3275
SYPNL,2026-06-30,1350.0,1334.0,25410
VLUCL,2026-06-30,446.0,439.0,2488
USHEC,2026-06-30,500.0,485.7,5151
SLBBL,2026-06-30,810.0,799.0,4312
RADHI,2026-06-30,712.3,700.0,35098
HLBSL,2026-06-30,849.1,873.9,1743
PURE,2026-06-30,845.0,802.0,5000
PFL,2026-06-30,365.0,363.7,4839
SAGF,2026-06-30,10.05,10.07,1270
SAGAR,2026-06-30,1480.0,1526.0,3551
JSLBB,2026-06-30,1000.2,1011.0,311
RAWA,2026-06-30,430.0,446.6,26799
SHINED,2026-06-30,1097.0,1097.0,25
NWCL,2026-06-30,727.4,719.0,1919
NIL,2026-06-30,610.1,609.0,3689
NICFC,2026-06-30,9.02,9.1,2950
NHPC,2026-06-30,264.8,255.0,205607
PRSF,2026-06-30,12.5,12.47,3800
RLEL,2026-06-30,842.1,851.0,11107
GLBSL,2026-06-30,1798.0,1838.8,1770
PHCL,2026-06-30,296.0,292.1,49849
EBL,2026-06-30,700.0,694.0,28812
GRDBL,2026-06-30,972.0,1027.9,3045
BHPL,2026-06-30,503.0,490.0,9049
SNORL,2026-06-30,411.9,454.2,90
MLBL,2026-06-30,355.9,352.0,24329
CLI,2026-06-30,442.0,443.0,11086
NBF2,2026-06-30,9.9,10.05,1920
RHPL,2026-06-30,260.0,260.0,17229
NICL,2026-06-30,521.0,513.7,7677
KBLD90,2026-06-30,1203.2,1206.2,128
GLH,2026-06-30,250.0,248.1,23802
NIFRAGED,2026-06-30,1041.4,1041.1,80
SBCF,2026-06-30,10.0,10.0,20350
API,2026-06-30,333.0,331.7,190230
DHEL,2026-06-30,610.0,567.0,11477
WNLB,2026-06-30,1350.0,1330.0,100
RSML,2026-06-30,3110.0,3189.0,22936
HIDCL,2026-06-30,252.8,250.0,36176
OMPL,2026-06-30,1007.0,975.0,6112
SABBL,2026-06-30,956.3,979.0,4816
DDBL,2026-06-30,821.0,817.0,9727
SWMF,2026-06-30,619.0,614.9,5575
SAHAS,2026-06-30,641.9,630.2,99717
SANVI,2026-06-30,607.0,613.5,19886
UNL,2026-06-30,46990.0,46900.0,24
KDL,2026-06-30,763.5,750.1,2672
DHPL,2026-06-30,277.3,279.0,2677
ANLB,2026-06-30,5714.0,5882.0,372
CITY,2026-06-30,420.0,404.0,87210
SGIC,2026-06-30,460.0,457.0,11831
C30MF,2026-06-30,9.94,9.96,400
NBL,2026-06-30,265.0,262.2,38827
GBBL,2026-06-30,402.0,399.0,16329
BNHC,2026-06-30,306.1,312.0,2983
BBC,2026-06-30,4141.0,4162.0,193
RNLI,2026-06-30,444.6,444.1,9182
GMFBS,2026-06-30,1247.0,1218.0,236
NMB,2026-06-30,240.0,235.5,28083
GBBD85,2026-06-30,1070.1,1080.0,45
LBLD88,2026-06-30,1085.0,1085.0,25
SPDL,2026-06-30,356.6,357.0,32023
DLBS,2026-06-30,1349.0,1349.0,3324
PRVU,2026-06-30,189.0,187.2,55501
HDL,2026-06-30,1154.0,1141.0,18147
KBLD86,2026-06-30,1180.0,1180.0,50
IHL,2026-06-30,365.0,353.0,11861
GBIMESY2,2026-06-30,9.1,9.21,300
JOSHI,2026-06-30,259.0,259.6,10309
SFEF,2026-06-30,9.9,9.9,700
BANDIPUR,2026-06-30,710.6,722.0,19129
NIMB,2026-06-30,190.0,190.0,134717
ULHC,2026-06-30,420.0,421.1,16470
EBLD86,2026-06-30,1101.0,1101.0,25
APHL,2026-06-30,812.3,849.9,27374
PBLD84,2026-06-30,1093.1,1093.0,14365
SKHL,2026-06-30,925.0,915.0,7392
SIGS3,2026-06-30,10.41,10.65,12049
SALICO,2026-06-30,591.0,597.0,2528
CBBL,2026-06-30,910.0,906.5,20142
CSY,2026-06-30,9.12,9.35,5153
TRH,2026-06-30,760.0,765.0,1605
GBILD84/85,2026-06-30,1145.0,1128.0,1200
PBD85,2026-06-30,1069.1,1069.1,25
DORDI,2026-06-30,248.0,242.0,27955
HLICF,2026-06-30,8.7,8.69,2000
ULBSL,2026-06-30,2785.0,2799.0,183
MEHL,2026-06-30,330.0,327.9,2521
PRIN,2026-06-30,699.0,679.7,7156
SBID2090,2026-06-30,1101.0,1068.0,4
CHDC,2026-06-30,2164.9,2115.0,22019
ILI,2026-06-30,415.0,419.0,4671
SGHC,2026-06-30,329.0,328.0,8638
EBLD91,2026-06-30,1090.0,1090.0,50
UMRH,2026-06-30,525.0,515.0,9653
BHL,2026-06-30,209.9,206.2,74056
GMLI,2026-06-30,1146.7,1146.8,1238
CREST,2026-06-30,1256.7,1192.0,6097
SBL,2026-06-30,388.4,387.1,344827
LICN,2026-06-30,790.0,793.0,4015
MNMF1,2026-06-30,9.76,9.75,1100
SBLD89,2026-06-30,1287.0,1287.5,50
UHEWA,2026-06-30,582.0,581.9,31231
MSHL,2026-06-30,591.5,585.0,2129
NABILD2089,2026-06-30,1090.0,1060.0,27
NICD88,2026-06-30,1085.0,1079.0,155
IGI,2026-06-30,446.5,431.9,7898
NRIC,2026-06-30,935.0,919.0,25082
SJLICP,2026-06-30,240.1,240.1,300000
SPL,2026-06-30,655.0,670.0,935
SBLD84,2026-06-30,1065.0,1065.0,50
NMLBBL,2026-06-30,558.0,546.6,7457
MCHL,2026-06-30,288.1,288.2,5630
NIFRAUR85/86,2026-06-30,1065.0,1065.0,40
SIFC,2026-06-30,537.0,526.1,66995
CHL,2026-06-30,260.9,261.9,10171
DOLTI,2026-06-30,344.0,330.5,24835
GHL,2026-06-30,222.0,215.5,57759
HIDCLP,2026-06-30,186.0,185.1,122586
GVL,2026-06-30,471.0,465.8,6598
LBBL,2026-06-30,475.0,473.9,29360
BFC,2026-06-30,504.5,492.1,26201
NRN,2026-06-30,1485.7,1412.5,68301
HFIN,2026-06-30,729.0,721.0,20249
BJHL,2026-06-30,777.1,790.2,5826
SKHEL,2026-06-30,963.3,974.8,3796
JBLB,2026-06-30,1244.1,1236.0,5868
BPCL,2026-06-30,649.0,636.0,16893
NICSF,2026-06-30,9.3,9.3,32650
RSY,2026-06-30,9.71,10.0,2300
UPCL,2026-06-30,327.0,341.5,41053
NMBMF,2026-06-30,616.0,619.9,1101
NIBLGF,2026-06-30,9.5,9.31,1900
RBBD83,2026-06-30,1038.0,1038.0,40
MBLEF,2026-06-30,9.93,9.96,3100
HATHY,2026-06-30,720.0,687.0,9658
ICFC,2026-06-30,609.0,605.0,11261
KDBY,2026-06-30,10.78,10.79,734450
PROFL,2026-06-30,449.9,425.2,6503
NYADI,2026-06-30,370.2,376.0,3248
CZBIL,2026-06-30,194.0,194.0,30137
SJLIC,2026-06-30,410.0,418.0,6255
AKPL,2026-06-30,255.0,252.5,71324
NLICL,2026-06-30,567.0,574.0,7644
AHPC,2026-06-30,260.1,261.0,74273
CCBD88,2026-06-30,1265.0,1271.0,245
RHGCL,2026-06-30,257.1,263.9,14224
NICLBSL,2026-06-30,550.1,546.1,6071
USHL,2026-06-30,586.8,557.9,1038
MEL,2026-06-30,216.2,219.0,13520
SMH,2026-06-30,545.1,521.7,20317
PSF,2026-06-30,11.66,11.7,9900
ADBL,2026-06-30,302.0,302.0,14556
MBJC,2026-06-30,288.8,272.4,14315
MANDU,2026-06-30,810.0,805.0,2469
RSDC,2026-06-30,632.4,638.0,4298
SOHL,2026-06-30,618.0,612.1,47290
SARBTM,2026-06-30,810.0,804.0,6172
GWFD83,2026-06-30,1116.0,1117.0,150
NIFRA,2026-06-30,249.0,247.2,52807
KSBBL,2026-06-30,470.1,469.0,13598
CHCL,2026-06-30,477.0,472.5,11763
NSIF2,2026-06-30,10.57,10.65,62900
BOKD86,2026-06-30,1080.0,1085.0,60
MERO,2026-06-30,695.1,699.6,1409
ADBLD83,2026-06-30,1079.9,1079.9,25
HIMSTAR,2026-06-30,740.0,751.0,6351
SMB,2026-06-30,1860.7,1984.0,9919
SMPDA,2026-06-30,786.1,794.0,1803
SWASTIK,2026-06-30,2173.0,2071.0,1402
HRL,2026-06-30,610.0,571.0,60645
FMDBL,2026-06-30,767.0,762.8,5475
KKHC,2026-06-30,245.4,250.0,98170
EDBL,2026-06-30,558.0,553.4,5033
LSL,2026-06-30,222.1,213.6,84181
SIGS2,2026-06-30,10.45,10.5,500
GIBF1,2026-06-30,10.55,10.7,2900
NICA,2026-06-30,330.0,327.1,30707
CIT,2026-06-30,1700.0,1685.9,9520
TTL,2026-06-30,704.9,725.0,8021
ALBSL,2026-06-30,1040.0,1075.0,4809
SMATA,2026-06-30,750.0,743.0,1358
ALICL,2026-06-30,430.0,434.8,18840
MLBLD89,2026-06-30,1296.4,1296.4,10
SANIMA,2026-06-30,352.0,349.0,70248
KBLD89,2026-06-30,1287.0,1251.0,275
MKHC,2026-06-30,295.6,297.0,16151
NADEP,2026-06-30,710.1,711.0,967
MPFL,2026-06-30,600.0,605.0,29052
H8020,2026-06-30,11.11,11.35,502900
KBSH,2026-06-30,1295.0,1285.0,568
MFIL,2026-06-30,736.8,772.0,31384
AKJCL,2026-06-30,357.9,360.0,275111
LUK,2026-06-30,10.0,10.01,11900
SNLI,2026-06-30,430.1,431.5,9408
SBI,2026-06-30,390.1,385.1,22923
KMCDB,2026-06-30,823.0,816.9,6047
YMHL,2026-06-30,728.2,636.5,129250
SBLD2091,2026-06-30,1055.0,1080.0,125
HHL,2026-06-30,336.0,332.0,24009
MHL,2026-06-30,461.0,460.0,7842
SICL,2026-06-30,612.3,612.3,4351
SSHL,2026-06-30,197.0,193.9,77934
SPIL,2026-06-30,681.0,685.0,2790
MLBS,2026-06-30,1131.0,1169.5,177
GMFIL,2026-06-30,450.0,459.0,6735
GILB,2026-06-30,1110.0,1076.0,2053
NGPL,2026-06-30,408.0,402.9,84495
NFS,2026-06-30,579.9,566.0,4664
SHLB,2026-06-30,1401.0,1525.0,520
GBLBS,2026-06-30,740.1,748.8,4435
GUFL,2026-06-30,541.0,535.0,7443
KEF,2026-06-30,10.51,10.52,3500
SIPD,2026-06-30,648.0,620.0,12614
JHAPA,2026-06-30,1280.0,1287.0,2805
EHPL,2026-06-30,385.0,373.0,15024
NUBL,2026-06-30,635.0,617.0,3837
KHPL,2026-06-30,836.0,843.1,12498
MMF1,2026-06-30,9.35,9.7,10350
LVF2,2026-06-30,10.0,10.19,14940
JFL,2026-06-30,397.0,397.0,4720
HEIP,2026-06-30,320.7,321.0,540
NABIL,2026-06-30,526.0,521.9,24993
BHDC,2026-06-30,439.0,433.3,10529
ACLBSL,2026-06-30,938.0,930.0,1013
CKHL,2026-06-30,586.1,599.0,291
CFCL,2026-06-30,607.5,592.0,73934
SPHL,2026-06-30,585.0,577.0,8800
UNLB,2026-06-30,1326.0,1280.0,380
TVCL,2026-06-30,486.0,479.0,5195
BNL,2026-06-30,14301.8,14301.8,10
RBCLPO,2026-06-30,11225.0,11777.6,140
LEC,2026-06-30,211.0,207.5,72140
UMHL,2026-06-30,614.0,575.0,25628
ICFCD89,2026-06-30,1095.0,1098.3,565
RBCL,2026-06-30,14200.0,14200.0,35
NICGF2,2026-06-30,9.1,9.12,7900
NESDO,2026-06-30,1530.0,1528.0,644
GCIL,2026-06-30,355.0,349.0,20739
SHL,2026-06-30,490.0,487.0,21792
SHIVM,2026-06-30,633.0,624.0,68220
MEN,2026-06-30,574.5,570.0,68774
SLCF,2026-06-30,10.6,10.15,27750
NSY,2026-06-30,9.0,9.28,5940
SIKLES,2026-06-30,560.0,547.0,19300
SLBSL,2026-06-30,1160.0,1193.9,8624
GBIME,2026-06-30,246.0,238.0,117471
JBBD87,2026-06-30,1122.0,1122.0,100
NRM,2026-06-30,328.0,321.1,8787
JBBL,2026-06-30,336.0,334.8,16149
HBL,2026-06-30,192.0,191.1,25063
SMFBS,2026-06-30,1470.0,1611.0,15796
NMFBS,2026-06-30,1101.2,1114.0,2620
NBF3,2026-06-30,9.81,10.15,108340
SRLI,2026-06-30,380.0,379.0,13997
EBLD85,2026-06-30,1194.0,1160.0,190
LLBS,2026-06-30,920.0,920.0,10
AVYAN,2026-06-30,1043.0,1044.7,706
SBD87,2026-06-30,1088.1,1088.0,125
SJCL,2026-06-30,268.0,267.0,12324
UAIL,2026-06-30,450.0,448.1,5778
TSHL,2026-06-30,470.0,445.2,3447
MAKAR,2026-06-30,466.0,465.0,2007
NMB50,2026-06-30,10.18,10.18,100
PPCL,2026-06-30,356.3,337.0,19438
RMF2,2026-06-30,10.0,10.0,300
CORBL,2026-06-30,1660.0,1899.0,7961
HLI,2026-06-30,322.5,319.8,40405
CIZBD90,2026-06-30,1240.0,1202.8,150
UPPER,2026-06-30,192.0,190.5,81395
USLB,2026-06-30,1230.0,1213.0,1537
SBID83,2026-06-30,1085.0,1085.0,205
NABBC,2026-06-30,780.0,770.0,1550
MABEL,2026-06-30,643.5,630.0,9451
NTC,2026-06-30,843.0,843.0,6339
MLBSL,2026-06-30,1700.0,1713.0,374
PBD88,2026-06-30,1215.0,1220.0,75
PMLI,2026-06-30,450.2,444.0,9681
SEF,2026-06-30,10.16,10.2,3500
SFMF,2026-06-30,10.8,10.8,100
PCIL,2026-06-30,660.0,639.0,39939
MMKJL,2026-06-30,470.1,467.0,2150
KBL,2026-06-30,208.0,204.2,161059
NBLD87,2026-06-30,1120.0,1086.4,5
TPKHL,2026-06-30,728.2,596.3,179731
PMHPL,2026-06-30,311.2,314.0,2479
MLBBL,2026-06-30,1141.0,1135.0,2158
ICFCD88,2026-06-30,1143.0,1143.0,10
SPC,2026-06-30,420.0,411.0,4699
NHDL,2026-06-30,625.1,636.0,8364
ILBS,2026-06-30,871.0,884.0,2911
SONA,2026-06-30,416.1,416.1,11325
HEI,2026-06-30,525.0,535.0,8078
NMBHF2,2026-06-30,9.52,9.74,7100
SADBL,2026-06-30,402.0,398.0,115722
NLG,2026-06-30,582.0,580.0,6598
HDHPC,2026-06-30,206.0,202.5,74856
CYCL,2026-06-30,1385.0,1357.0,862
ENL,2026-06-30,830.0,820.0,230
CMF2,2026-06-30,9.87,9.87,5100
CBLD88,2026-06-30,1200.0,1200.0,25
KSY,2026-06-30,9.65,9.65,500
SMJC,2026-06-30,455.0,441.1,9934
PCBL,2026-06-30,231.0,232.4,34867
MATRI,2026-06-30,850.0,850.0,702
NIBLSTF,2026-06-30,8.89,9.31,1200
MHCL,2026-06-30,330.0,330.0,4110
RIDI,2026-06-30,313.5,326.9,97236
SHEL,2026-06-30,298.0,294.8,43653
STC,2026-06-30,5165.0,5199.0,483
HURJA,2026-06-30,226.1,229.0,33676
MNBBL,2026-06-30,365.0,362.5,24239
LBBLD89,2026-06-30,1302.9,1302.9,25
GFCL,2026-06-30,622.1,650.0,20482
SKBBL,2026-06-30,751.0,748.0,14427
SMHL,2026-06-30,470.0,469.0,16069
VLBS,2026-06-30,680.0,678.0,2585
CGH,2026-06-30,765.0,764.0,7118
TPC,2026-06-30,345.0,350.3,14174
SCB,2026-06-30,641.0,641.0,14142
BGWT,2026-06-30,604.0,587.1,1429
BHCL,2026-06-30,545.0,536.0,21900
GSY,2026-06-30,9.8,9.8,21500
NICBF,2026-06-30,9.08,9.08,200
NMIC,2026-06-30,952.0,945.0,1528
MSLB,2026-06-30,1220.0,1245.0,578
RMF1,2026-06-30,9.71,9.8,1487
CIZBD86,2026-06-30,1214.6,1180.0,110
RLFL,2026-06-30,462.0,460.9,55032
MKJC,2026-06-30,462.0,456.1,4842
BEDC,2026-06-30,314.9,325.0,41942
KPCL,2026-06-30,471.2,465.0,6943
SAPDBL,2026-06-30,780.0,786.3,30782
NIBSF2,2026-06-30,9.0,9.2,7900
RURU,2026-06-30,639.0,637.0,3418
SOPL,2026-06-30,850.0,833.1,95026
SINDU,2026-06-30,692.4,697.0,5247
SWBBL,2026-06-30,690.2,697.7,5825
MKCL,2026-06-30,1090.0,1090.0,1191
BARUN,2026-06-30,319.5,314.0,20598
MHNL,2026-06-30,240.2,239.4,19091
RBBF40,2026-06-30,9.2,9.3,2100
MDB,2026-06-30,582.0,580.0,14151
NICAD2091,2026-06-30,1060.0,1061.0,225
PBLD84,2026-06-29,1072.2,1072.2,26
SGHC,2026-06-29,343.9,335.1,2790
KSBBL,2026-06-29,481.0,472.0,26250
SANIMA,2026-06-29,352.5,352.0,69295
MMF1,2026-06-29,9.87,9.6,27821
VLUCL,2026-06-29,450.6,450.1,2905
STC,2026-06-29,5190.0,5165.0,418
NMB50,2026-06-29,10.02,10.08,9200
LEC,2026-06-29,215.0,211.0,45182
GFCL,2026-06-29,623.0,627.0,13219
MLBSL,2026-06-29,1702.0,1710.0,748
NMIC,2026-06-29,973.0,952.0,2935
NMBMF,2026-06-29,620.0,616.1,917
HATHY,2026-06-29,722.0,711.0,6238
LBBL,2026-06-29,479.0,477.0,33789
TTL,2026-06-29,745.0,742.0,5430
GBBL,2026-06-29,405.0,402.0,25970
RLEL,2026-06-29,870.0,867.0,5587
NESDO,2026-06-29,1515.0,1530.0,813
GIBF1,2026-06-29,10.54,10.6,3200
TRH,2026-06-29,769.0,771.0,3051
BHDC,2026-06-29,422.0,440.0,8492
SHIVM,2026-06-29,634.0,624.1,75442
HIMSTAR,2026-06-29,712.5,745.0,5977
GBBD85,2026-06-29,1075.2,1075.3,50
EBLD85,2026-06-29,1155.0,1160.0,100
NLICL,2026-06-29,569.0,570.0,13416
KKHC,2026-06-29,244.5,239.0,45288
LUK,2026-06-29,10.0,10.05,7125
SAGF,2026-06-29,10.0,10.0,12000
DHPL,2026-06-29,285.0,281.5,2435
RBBF40,2026-06-29,9.18,9.25,700
NICSF,2026-06-29,9.25,9.35,12200
EHPL,2026-06-29,381.8,378.0,16196
MCHL,2026-06-29,302.0,293.0,6863
SHPC,2026-06-29,495.0,491.2,28983
UNL,2026-06-29,46601.0,46000.0,80
PHCL,2026-06-29,300.0,298.0,43846
PURE,2026-06-29,840.0,848.5,1052
ILI,2026-06-29,418.0,417.3,11216
NIFRAUR85/86,2026-06-29,1065.0,1065.0,200
RADHI,2026-06-29,729.0,717.8,46448
AHPC,2026-06-29,265.0,262.2,41458
CIZBD90,2026-06-29,1200.0,1210.0,35
OMPL,2026-06-29,1035.0,1007.0,3307
LICN,2026-06-29,793.0,798.6,5107
PCBL,2026-06-29,233.0,233.3,32246
LLBS,2026-06-29,965.0,920.0,2489
NICBF,2026-06-29,9.05,9.04,800
PBLD87,2026-06-29,1090.0,1090.0,50
RHGCL,2026-06-29,265.0,265.0,9392
NLIC,2026-06-29,746.5,741.0,16558
RURU,2026-06-29,640.0,639.0,620
SIGS2,2026-06-29,10.5,10.5,5100
SLCF,2026-06-29,9.83,10.3,12800
NRN,2026-06-29,1410.0,1415.0,61605
PPL,2026-06-29,317.3,327.9,9063
DORDI,2026-06-29,255.0,246.0,16160
NBBD2085,2026-06-29,1135.0,1135.0,32
BBC,2026-06-29,4279.9,4246.9,211
NABIL,2026-06-29,525.0,524.0,29220
TPKHL,2026-06-29,633.3,693.6,3620
ALICL,2026-06-29,440.0,436.9,17209
SKHL,2026-06-29,901.0,928.0,9780
MERO,2026-06-29,710.0,707.1,3115
YMHL,2026-06-29,603.2,693.6,1150
GWFD83,2026-06-29,1100.0,1100.0,120
AVYAN,2026-06-29,1041.0,1043.0,1444
DLBS,2026-06-29,1225.0,1420.0,1472
UNHPL,2026-06-29,397.4,395.4,13948
BARUN,2026-06-29,322.5,319.0,35284
MAKAR,2026-06-29,478.0,471.0,3242
NIFRAGED,2026-06-29,1041.5,1041.4,125
TAMOR,2026-06-29,443.0,441.4,12687
GBIMESY2,2026-06-29,9.0,9.27,1600
SBLD89,2026-06-29,1250.0,1250.0,138
NADEP,2026-06-29,722.0,722.0,466
KDBY,2026-06-29,10.89,10.8,71450
RIDI,2026-06-29,334.0,329.9,118762
RFPL,2026-06-29,350.0,351.0,15569
SWBBL,2026-06-29,667.0,698.0,2857
OHL,2026-06-29,675.0,668.4,1664
SLBBLP,2026-06-29,456.0,456.0,1038
PROFL,2026-06-29,440.1,438.3,3626
ANLB,2026-06-29,5722.6,5884.9,509
SWASTIK,2026-06-29,2180.0,2173.0,918
HEIP,2026-06-29,330.0,330.0,500
APHL,2026-06-29,831.3,855.0,31428
MEL,2026-06-29,226.0,220.0,10876
CHDC,2026-06-29,2145.0,2127.0,22383
GBILD86/87,2026-06-29,1141.8,1108.0,38742
KEF,2026-06-29,10.55,10.79,3050
SABBL,2026-06-29,970.0,969.4,6949
SMFBS,2026-06-29,1498.0,1454.0,173
JOSHI,2026-06-29,269.0,260.0,9097
PRVU,2026-06-29,191.8,189.0,89751
RNLI,2026-06-29,450.5,447.4,9263
CIT,2026-06-29,1690.0,1690.5,9804
ICFCD89,2026-06-29,1094.2,1096.5,110
CHL,2026-06-29,261.5,260.9,8654
MHL,2026-06-29,464.0,466.2,2627
DHEL,2026-06-29,624.0,582.0,10477
ILBS,2026-06-29,875.0,892.0,1016
GVL,2026-06-29,477.0,470.0,15207
SICL,2026-06-29,615.0,615.1,5274
UMRH,2026-06-29,525.1,525.1,4563
MBLEF,2026-06-29,9.86,9.95,25500
SYPNL,2026-06-29,1367.0,1343.0,37552
LVF2,2026-06-29,10.0,10.0,17220
TSHL,2026-06-29,467.6,467.9,1559
AKJCL,2026-06-29,346.0,357.9,222203
NWCL,2026-06-29,740.2,730.1,1943
KPCL,2026-06-29,475.0,470.3,7818
NBLD82,2026-06-29,1070.0,1070.0,25
SINDU,2026-06-29,700.0,704.0,3079
BANDIPUR,2026-06-29,767.0,748.0,22104
SEF,2026-06-29,10.49,10.47,225
SGIC,2026-06-29,468.2,462.3,9118
UNLB,2026-06-29,1320.0,1288.1,365
MDB,2026-06-29,587.5,582.9,5192
SNORL,2026-06-29,353.8,395.0,60
NICA,2026-06-29,330.1,328.3,36913
NABBC,2026-06-29,799.9,780.1,9295
JFL,2026-06-29,401.0,400.2,7025
SCB,2026-06-29,654.0,641.0,6638
NICFC,2026-06-29,9.1,9.07,3750
MMKJL,2026-06-29,479.0,473.0,485
UAIL,2026-06-29,456.0,450.0,14243
SANVI,2026-06-29,649.2,637.1,8800
WNLB,2026-06-29,1365.0,1350.0,630
AHL,2026-06-29,480.9,448.0,6301
SMHL,2026-06-29,466.4,470.0,15336
ACLBSL,2026-06-29,939.0,938.0,4085
ICFCD88,2026-06-29,1140.0,1140.0,50
KBL,2026-06-29,210.0,207.0,173277
SRLI,2026-06-29,381.0,380.0,15328
EDBL,2026-06-29,555.0,559.7,3256
MATRI,2026-06-29,845.1,854.1,1333
GMLI,2026-06-29,1148.0,1170.0,1996
HLI,2026-06-29,330.0,324.8,46741
NUBL,2026-06-29,635.9,626.0,1810
MHNL,2026-06-29,243.2,243.5,1922
FOWAD,2026-06-29,1000.0,980.1,4065
NYADI,2026-06-29,375.1,379.9,5066
UMHL,2026-06-29,582.0,584.8,30925
PFL,2026-06-29,367.0,365.0,3665
SHINED,2026-06-29,1097.1,1097.1,25
GBIME,2026-06-29,237.0,239.3,371470
NLG,2026-06-29,590.0,587.0,7543
SADBL,2026-06-29,400.0,399.9,11212
HPPL,2026-06-29,355.1,357.0,19196
USHEC,2026-06-29,486.3,487.0,4665
SIGS3,2026-06-29,10.55,10.6,52370
MBLD87,2026-06-29,1147.0,1147.0,20
CREST,2026-06-29,1185.0,1196.9,5673
SIKLES,2026-06-29,560.0,555.1,4341
BFC,2026-06-29,490.0,500.0,22822
SBCF,2026-06-29,9.8,10.0,5300
HEI,2026-06-29,532.1,537.0,5403
DDBL,2026-06-29,833.0,820.0,6313
UPPER,2026-06-29,192.0,191.4,63640
PCIL,2026-06-29,647.9,662.0,24776
CHCL,2026-06-29,477.0,476.0,30778
CFCL,2026-06-29,612.1,616.7,85647
GMFBS,2026-06-29,1260.0,1211.0,760
SPIL,2026-06-29,693.5,685.1,7502
GUFL,2026-06-29,546.0,540.0,8521
RAWA,2026-06-29,450.0,449.9,31734
RHPL,2026-06-29,262.1,259.5,17133
GBLBS,2026-06-29,767.6,750.0,2570
SHLB,2026-06-29,1412.0,1420.0,70
SMB,2026-06-29,1940.0,1955.2,8387
HURJA,2026-06-29,236.0,231.3,39810
SMJC,2026-06-29,450.0,445.0,7693
BEDC,2026-06-29,330.0,331.4,38469
SOPL,2026-06-29,920.0,885.3,98158
BNHC,2026-06-29,315.1,313.0,3074
MNMF1,2026-06-29,9.75,9.81,3000
BPCL,2026-06-29,654.9,642.0,33936
SJCL,2026-06-29,273.1,270.0,13928
SAIL,2026-06-29,955.0,929.0,11983
HIDCL,2026-06-29,254.0,252.8,49719
NSIF2,2026-06-29,10.52,10.57,2620
GLBSL,2026-06-29,1751.0,1798.0,642
NBF2,2026-06-29,9.87,10.16,2100
GLH,2026-06-29,249.1,251.0,22944
MABEL,2026-06-29,665.1,658.0,10688
RMF1,2026-06-29,10.05,9.75,68427
UPCL,2026-06-29,326.9,343.7,39684
CKHL,2026-06-29,610.0,600.0,1724
CLI,2026-06-29,447.5,445.0,6274
JSLBB,2026-06-29,1005.0,1029.9,180
BHL,2026-06-29,220.7,207.5,72705
SKBBL,2026-06-29,755.0,751.0,7296
PMLI,2026-06-29,455.3,450.1,6326
HIDCLP,2026-06-29,187.6,186.9,66313
CORBL,2026-06-29,1714.0,1680.0,3472
AKPL,2026-06-29,257.0,254.1,39337
LSL,2026-06-29,205.5,222.0,55272
SAPDBL,2026-06-29,854.7,798.0,10329
NICLBSL,2026-06-29,552.0,555.0,3859
BHCL,2026-06-29,586.6,545.0,45338
MKHL,2026-06-29,476.1,479.0,2870
H8020,2026-06-29,11.5,11.35,1036981
PRSF,2026-06-29,12.46,12.52,118631
NFS,2026-06-29,596.0,576.0,4524
SHINE,2026-06-29,402.6,400.0,24992
PRIN,2026-06-29,677.1,680.2,7216
CITY,2026-06-29,399.6,408.0,176446
MKCL,2026-06-29,1083.1,1095.0,2233
SPHL,2026-06-29,579.0,563.0,4978
SBI,2026-06-29,388.0,390.0,5742
NIBLSTF,2026-06-29,9.03,9.3,7807
RMF2,2026-06-29,10.1,10.1,6800
SARBTM,2026-06-29,811.0,809.0,2280
ALBSL,2026-06-29,1056.0,1063.0,865
BUNGAL,2026-06-29,662.0,671.5,43084
MSLB,2026-06-29,1228.0,1222.3,301
SOHL,2026-06-29,658.0,625.0,56202
CBLD88,2026-06-29,1200.0,1215.0,80
JBLB,2026-06-29,1261.0,1251.0,4376
FMDBL,2026-06-29,760.0,761.0,4951
MPFL,2026-06-29,610.0,613.9,9967
JBBL,2026-06-29,335.3,336.0,27449
KBSH,2026-06-29,1317.0,1321.0,266
GRDBL,2026-06-29,1021.1,1023.0,7234
CBBL,2026-06-29,906.1,910.6,11251
SBL,2026-06-29,392.0,387.5,49220
HDHPC,2026-06-29,197.5,204.0,103095
MEN,2026-06-29,580.0,574.2,25964
ULHC,2026-06-29,444.1,416.6,6385
NIFRA,2026-06-29,249.0,248.1,46385
MLBL,2026-06-29,351.2,353.0,21753
CSY,2026-06-29,9.0,9.12,6700
JHAPA,2026-06-29,1295.0,1299.9,8925
MBL,2026-06-29,243.0,240.5,62622
NBLD87,2026-06-29,1119.0,1120.0,90
IHL,2026-06-29,375.0,365.0,7366
NICL,2026-06-29,510.0,516.0,14087
BHPL,2026-06-29,505.5,505.0,4713
SALICO,2026-06-29,595.0,605.0,5565
SMH,2026-06-29,547.0,545.1,2130
SCBD,2026-06-29,1121.0,1121.0,25
SBLD2091,2026-06-29,1080.0,1080.0,25
API,2026-06-29,336.9,332.5,207481
MHCL,2026-06-29,350.0,330.0,2934
IGI,2026-06-29,431.0,435.0,5246
HDL,2026-06-29,1150.9,1143.5,16527
KDL,2026-06-29,798.9,759.1,5386
PBD88,2026-06-29,1215.0,1215.0,25
GCIL,2026-06-29,345.0,352.3,16173
HBL,2026-06-29,193.0,192.7,22982
SBID89,2026-06-29,1131.6,1220.0,360
NBF3,2026-06-29,9.78,10.0,39750
SSHL,2026-06-29,199.9,196.4,59038
MLBLD89,2026-06-29,1258.0,1260.0,50
SPDL,2026-06-29,370.0,363.0,10438
NRM,2026-06-29,317.0,329.0,16080
KSY,2026-06-29,9.8,9.8,3010
NRIC,2026-06-29,940.0,942.0,29106
NBL,2026-06-29,263.0,262.5,25405
EBL,2026-06-29,700.0,698.0,22267
GILB,2026-06-29,1071.5,1095.0,2352
NGPL,2026-06-29,405.2,408.0,75939
HLBSL,2026-06-29,875.0,874.5,830
SPL,2026-06-29,650.1,665.9,1539
NBLD85,2026-06-29,1065.0,1065.0,30
RLFL,2026-06-29,488.0,469.0,45312
SAHAS,2026-06-29,641.0,641.9,92824
NIBSF2,2026-06-29,9.01,9.06,10600
VLBS,2026-06-29,690.0,685.3,1803
USHL,2026-06-29,579.7,558.9,1956
NIL,2026-06-29,615.1,617.0,4997
MBJC,2026-06-29,273.0,275.1,14472
RBCLPO,2026-06-29,11200.0,11549.9,60
RSDC,2026-06-29,640.2,640.0,1964
NMLBBL,2026-06-29,559.0,550.4,6402
MEHL,2026-06-29,333.8,335.0,4013
NIBLGF,2026-06-29,9.53,9.5,1300
KMCDB,2026-06-29,797.2,823.0,2052
NMFBS,2026-06-29,1098.1,1115.0,1809
PMHPL,2026-06-29,318.0,317.9,9468
KBLD90,2026-06-29,1216.0,1206.1,75
MKJC,2026-06-29,462.0,462.0,2226
SFEF,2026-06-29,9.85,10.0,259035
RSY,2026-06-29,10.15,10.01,18800
RBBD2088,2026-06-29,1072.2,1059.3,81
SMPDA,2026-06-29,814.0,806.0,1339
CZBIL,2026-06-29,198.0,196.0,23539
SIPD,2026-06-29,707.0,648.0,16505
MNBBL,2026-06-29,370.0,365.0,20958
NMB,2026-06-29,238.0,237.9,33682
NHDL,2026-06-29,625.09,630.0,1927
NIMB,2026-06-29,184.0,190.0,63330
CGH,2026-06-29,775.0,768.0,21444
BGWT,2026-06-29,600.0,604.0,1038
SAGAR,2026-06-29,1550.0,1533.4,2527
NIMBPO,2026-06-29,145.0,145.0,6871
RSML,2026-06-29,3120.0,3247.0,25644
USLB,2026-06-29,1275.0,1255.8,2325
SMATA,2026-06-29,749.0,750.0,2647
CMF2,2026-06-29,9.84,10.1,5100
CYCL,2026-06-29,1395.2,1385.0,1355
SHEL,2026-06-29,298.0,294.0,71606
NHPC,2026-06-29,278.9,262.0,97288
GMFIL,2026-06-29,467.0,465.0,4481
MLBS,2026-06-29,1152.0,1163.9,260
DOLTI,2026-06-29,346.0,336.0,35735
RBCL,2026-06-29,14407.0,14251.0,120
SHL,2026-06-29,492.0,488.2,10113
HFIN,2026-06-29,750.0,730.1,28578
ULBSL,2026-06-29,2810.0,2805.0,874
SPC,2026-06-29,420.0,415.0,3389
NICGF2,2026-06-29,9.15,9.2,14600
GSY,2026-06-29,9.72,10.0,13200
EBLD91,2026-06-29,1090.0,1090.0,375
ENL,2026-06-29,824.0,843.9,60
PPCL,2026-06-29,346.1,346.0,5940
SIFC,2026-06-29,554.6,534.0,15032
ICFC,2026-06-29,623.0,615.0,7224
MLBBL,2026-06-29,1143.1,1160.0,636
SFCL,2026-06-29,366.1,366.0,5203
SKHEL,2026-06-29,1020.0,1014.0,1923
HLICF,2026-06-29,8.7,8.9,950
MSHL,2026-06-29,606.0,607.9,1285
SLBSL,2026-06-29,1172.1,1200.0,2168
MKHC,2026-06-29,305.0,302.0,11865
HRL,2026-06-29,586.0,581.0,56082
NTC,2026-06-29,848.0,843.0,8209
UHEWA,2026-06-29,580.0,590.0,26243
SWMF,2026-06-29,625.6,629.0,2206
KHPL,2026-06-29,890.1,880.0,13740
SFMF,2026-06-29,10.5,10.5,1000
BJHL,2026-06-29,800.0,818.0,5123
SNLI,2026-06-29,436.0,434.0,11496
SJLIC,2026-06-29,420.0,421.0,10086
HHL,2026-06-29,342.0,338.0,14576
TPC,2026-06-29,356.0,354.0,8611
BNT,2026-06-29,11600.0,11600.0,10
ADBL,2026-06-29,300.2,304.7,7222
C30MF,2026-06-29,9.9,9.94,7700
TVCL,2026-06-29,499.0,495.9,26670
SONA,2026-06-29,421.0,419.0,12403
MANDU,2026-06-29,810.0,812.0,1656
PSF,2026-06-29,11.65,11.76,86600
SBD89,2026-06-29,1236.0,1236.0,25
SLBBL,2026-06-29,810.0,810.0,2830
NSY,2026-06-29,9.2,9.3,5000
GHL,2026-06-29,220.0,222.0,31379
MFIL,2026-06-29,760.0,775.5,26549
NMBHF2,2026-06-29,9.56,9.65,3950
