Symbol,Date,Open,Close,Volume
YMHL,2026-08-19,620.0,634.7,13126
KHPL,2026-08-19,788.0,785.0,6170
JOSHI,2026-08-19,259.4,273.0,12225
JSLBB,2026-08-19,941.0,960.0,111
KAHL,2026-08-19,544.0,550.0,25463
KBL,2026-08-19,213.0,214.1,149187
KBSH,2026-08-19,920.0,937.0,7989
KDBY,2026-08-19,11.1,11.05,83390
KDL,2026-08-19,770.0,777.0,535
KEF,2026-08-19,11.23,11.0,177470
KKHC,2026-08-19,284.1,296.5,309415
JFL,2026-08-19,381.0,381.7,1949
KMCDB,2026-08-19,788.7,785.0,2713
KPCL,2026-08-19,460.0,461.0,2718
KSBBL,2026-08-19,476.9,479.0,10045
KSY,2026-08-19,9.16,9.17,300
LBBL,2026-08-19,477.0,480.0,15713
LBLD88,2026-08-19,1122.7,1122.7,49
LEC,2026-08-19,211.9,220.9,239048
LICN,2026-08-19,764.5,774.0,2552
JHAPA,2026-08-19,1065.0,1045.0,3586
JBLB,2026-08-19,1275.0,1273.2,3319
HEIP,2026-08-19,340.0,320.5,1260
HRL,2026-08-19,575.0,574.8,28865
HHL,2026-08-19,329.2,332.0,12993
HIDCL,2026-08-19,263.1,251.0,27953
HIDCLP,2026-08-19,185.0,185.9,50184
HIMSTAR,2026-08-19,680.1,686.4,2640
HLBSL,2026-08-19,875.0,875.0,82
HLI,2026-08-19,315.0,315.0,16202
HLICF,2026-08-19,8.44,8.61,2300
HPPL,2026-08-19,373.0,383.0,90182
HURJA,2026-08-19,235.6,235.5,39189
JBBL,2026-08-19,334.0,334.2,15663
ICFC,2026-08-19,591.0,593.0,5204
ICFCD83,2026-08-19,1035.0,983.3,1
ICFCD89,2026-08-19,1085.0,1085.0,20
IGI,2026-08-19,420.0,425.0,5470
IHL,2026-08-19,328.0,323.5,9623
ILBS,2026-08-19,850.0,860.0,2090
ILI,2026-08-19,415.0,413.0,3462
JBBD87,2026-08-19,1100.1,1100.1,25
LLBS,2026-08-19,895.0,862.1,2220
LSH12,2026-08-19,9.1,8.95,2700
LSL,2026-08-19,216.5,217.9,56190
MMKJL,2026-08-19,455.0,443.0,2685
MKHC,2026-08-19,252.0,261.0,12164
MKHL,2026-08-19,489.0,496.1,1521
MKJC,2026-08-19,419.9,440.0,1009
MLBBL,2026-08-19,1030.0,1029.9,1789
MLBL,2026-08-19,345.4,348.0,7870
MLBS,2026-08-19,1050.0,1080.0,671
MLBSL,2026-08-19,1220.0,1218.0,2428
MMF1,2026-08-19,8.64,8.67,8240
MNBBL,2026-08-19,361.9,361.0,33448
LUK,2026-08-19,9.9,9.99,400
MNMF1,2026-08-19,9.45,9.65,39850
MPFL,2026-08-19,614.0,615.0,11927
MSHL,2026-08-19,587.0,583.0,56
MSLB,2026-08-19,1215.1,1218.3,927
NABBC,2026-08-19,805.0,804.3,4919
NABIL,2026-08-19,556.0,548.0,95755
NABILD2089,2026-08-19,1087.3,1087.3,100
NADEP,2026-08-19,705.0,704.0,869
MKCL,2026-08-19,962.0,975.0,2376
MHNL,2026-08-19,236.6,242.4,11085
MHL,2026-08-19,462.0,465.0,3234
MHCL,2026-08-19,300.5,303.2,4832
LVF2,2026-08-19,9.38,9.86,3400
MABEL,2026-08-19,638.0,604.0,6437
MAKAR,2026-08-19,406.0,406.9,19213
MANDU,2026-08-19,817.4,801.0,3375
MATRI,2026-08-19,795.0,802.0,316
MBJC,2026-08-19,260.0,264.0,8272
MBL,2026-08-19,249.0,248.4,50466
MBLEF,2026-08-19,9.7,9.7,2750
MCHL,2026-08-19,277.0,282.0,5961
MDB,2026-08-19,568.0,570.5,3916
MEHL,2026-08-19,269.0,259.0,489292
MEL,2026-08-19,203.0,205.9,21347
MEN,2026-08-19,650.5,626.9,91146
MEPDL,2026-08-19,633.0,693.6,2880
MERO,2026-08-19,645.2,646.0,2309
MFIL,2026-08-19,760.0,747.9,20616
MFLD85,2026-08-19,1085.0,1085.0,25
HFIN,2026-08-19,680.0,679.1,13819
HEI,2026-08-19,529.0,529.0,412
NBL,2026-08-19,275.0,275.0,163307
CFCL,2026-08-19,587.0,600.0,40716
BJHL,2026-08-19,697.1,720.0,12715
BNHC,2026-08-19,266.0,280.0,5917
BNT,2026-08-19,11880.0,11620.0,61
BPCL,2026-08-19,640.0,641.0,4318
BUNGAL,2026-08-19,581.0,598.0,20116
C30MF,2026-08-19,10.0,10.0,800
CBBL,2026-08-19,934.0,935.0,15799
CCBD88,2026-08-19,1190.0,1190.0,25
CGH,2026-08-19,773.0,770.0,6679
BHL,2026-08-19,208.0,209.0,36974
CHCL,2026-08-19,480.0,479.0,7975
CHDC,2026-08-19,2179.3,2182.0,9140
CHL,2026-08-19,260.1,262.5,7682
CIT,2026-08-19,1705.0,1700.0,4292
CITY,2026-08-19,361.0,359.9,50429
CKHL,2026-08-19,582.0,595.0,130
CLI,2026-08-19,438.0,435.0,11805
CORBL,2026-08-19,1027.0,1028.0,15214
BHPL,2026-08-19,456.0,477.4,7699
BHDC,2026-08-19,425.0,426.7,16062
HDL,2026-08-19,1185.0,1178.2,17260
ANLB,2026-08-19,5100.0,5100.0,1800
ADBL,2026-08-19,302.0,300.9,25174
ADBLD83,2026-08-19,1041.0,1039.0,100
AHL,2026-08-19,387.6,400.0,2678
AHPC,2026-08-19,258.2,260.0,58501
AKJCL,2026-08-19,350.0,351.8,161396
AKPL,2026-08-19,246.0,249.0,30765
ALBSL,2026-08-19,1065.0,1099.8,9558
ALICL,2026-08-19,419.9,415.0,12451
APHL,2026-08-19,750.4,753.0,6427
BHCL,2026-08-19,560.0,568.0,122319
API,2026-08-19,329.0,330.0,112132
AVYAN,2026-08-19,1016.0,1035.0,383
BANDIPUR,2026-08-19,686.0,682.1,14248
BARUN,2026-08-19,323.9,316.8,16923
BBC,2026-08-19,4103.0,4140.0,79
BEDC,2026-08-19,329.0,311.9,9325
BFC,2026-08-19,485.0,476.2,22678
BGWT,2026-08-19,503.0,515.0,2590
CREST,2026-08-19,1155.0,1152.9,7972
CSY,2026-08-19,8.51,8.65,4150
CYCL,2026-08-19,1415.5,1500.0,11379
GMFIL,2026-08-19,446.1,448.9,5122
GCIL,2026-08-19,339.8,342.0,3060
GFCL,2026-08-19,590.0,591.5,3051
GHL,2026-08-19,247.3,239.0,218759
GIBF1,2026-08-19,10.62,10.76,15905
GILB,2026-08-19,1100.0,1096.3,3609
GLBSL,2026-08-19,1710.0,1742.0,906
GLH,2026-08-19,245.0,252.7,20506
GMFBS,2026-08-19,1160.0,1170.0,298
GMLI,2026-08-19,1050.0,1056.0,1430
CZBIL,2026-08-19,198.1,199.0,47556
GRDBL,2026-08-19,1030.0,1014.0,9113
GSY,2026-08-19,9.04,9.33,3150
GUFL,2026-08-19,534.0,536.0,8115
GVL,2026-08-19,470.0,472.0,8462
H8020,2026-08-19,11.79,11.79,200
HATHY,2026-08-19,618.5,603.2,22168
HBL,2026-08-19,196.0,191.5,24983
HDHPC,2026-08-19,207.5,207.9,61131
GBLBS,2026-08-19,690.0,702.5,1855
GBIMESY2,2026-08-19,8.94,8.95,600
GBIME,2026-08-19,252.0,247.9,94358
GBILD84/85,2026-08-19,1120.0,1123.0,148
DDBL,2026-08-19,840.0,842.9,8026
DHEL,2026-08-19,592.0,584.0,11574
DHPL,2026-08-19,285.0,281.0,2441
DLBS,2026-08-19,1154.0,1098.5,624
DOLTI,2026-08-19,314.0,310.0,18323
DORDI,2026-08-19,245.6,248.0,16593
EBL,2026-08-19,730.0,730.0,23601
EBLD85,2026-08-19,1100.1,1108.0,7
EBLD91,2026-08-19,1133.0,1100.0,123
ECL,2026-08-19,1397.0,1436.0,11764
EDBL,2026-08-19,584.5,584.0,10238
EHPL,2026-08-19,351.6,335.0,18402
ENL,2026-08-19,822.0,798.0,210
FMDBL,2026-08-19,723.0,769.8,12640
FOWAD,2026-08-19,921.0,926.0,1122
GBBD85,2026-08-19,1064.0,1064.0,25
GBBL,2026-08-19,420.0,423.0,27929
NBF3,2026-08-19,9.58,9.6,9050
NCCD86,2026-08-19,1096.9,1096.9,10
SALICO,2026-08-19,582.5,591.5,4381
SKHEL,2026-08-19,950.0,950.0,2527
SIFC,2026-08-19,497.0,499.0,7578
SIGS3,2026-08-19,10.99,11.0,207987
SIKLES,2026-08-19,553.1,554.9,4222
SINDU,2026-08-19,706.8,672.1,8256
SIPD,2026-08-19,612.5,645.1,28978
SJCL,2026-08-19,263.1,265.0,9118
SJLIC,2026-08-19,407.0,407.0,8478
SKBBL,2026-08-19,760.0,748.0,17757
SKHL,2026-08-19,871.5,808.0,20773
SHPC,2026-08-19,517.5,494.0,49022
SLBBL,2026-08-19,790.1,805.0,861
SLBSL,2026-08-19,892.2,907.0,1025
SLCF,2026-08-19,10.0,10.0,300
SMATA,2026-08-19,711.0,710.0,2851
SMB,2026-08-19,1721.0,1737.0,997
SMFBS,2026-08-19,1423.0,1443.0,493
SMH,2026-08-19,505.0,502.2,4138
SMHL,2026-08-19,498.0,502.0,40719
SICL,2026-08-19,605.1,609.0,6906
SHLB,2026-08-19,1360.0,1415.0,110
SANIMA,2026-08-19,369.0,370.1,87639
SEF,2026-08-19,9.75,9.34,72500
SAPDBL,2026-08-19,700.0,743.0,35089
SAPIL,2026-08-19,537.7,603.2,190
SARBTM,2026-08-19,802.9,779.9,15526
SBCF,2026-08-19,9.7,9.63,2900
SBI,2026-08-19,386.7,401.0,12380
SBL,2026-08-19,407.0,408.2,55032
SBLD2091,2026-08-19,1080.0,1080.0,300
SCB,2026-08-19,661.0,650.0,6223
SEF2,2026-08-19,9.01,9.02,7950
SHL,2026-08-19,498.0,498.0,24850
SFEF,2026-08-19,9.8,9.8,100
SFMF,2026-08-19,10.1,10.3,13500
SGHC,2026-08-19,304.5,298.1,20902
SGHL,2026-08-19,530.0,538.9,75638
SGIC,2026-08-19,444.1,449.4,4594
SHEL,2026-08-19,298.2,298.0,100380
SHINE,2026-08-19,410.5,412.0,12667
SHIVM,2026-08-19,623.5,627.4,71344
SMJC,2026-08-19,435.0,430.9,8778
SMPDA,2026-08-19,740.0,738.0,1146
SNLI,2026-08-19,387.6,404.1,9407
UNL,2026-08-19,46600.0,46600.0,10
TVCL,2026-08-19,463.0,472.0,8258
UAIL,2026-08-19,421.2,425.5,8610
UHEWA,2026-08-19,577.6,610.0,34954
ULBSL,2026-08-19,2546.6,2628.0,739
ULHC,2026-08-19,341.0,333.0,18304
UMHL,2026-08-19,590.0,598.8,102112
UMRH,2026-08-19,520.0,530.0,2056
UNHPL,2026-08-19,373.0,371.0,36636
UNLB,2026-08-19,1227.0,1249.9,219
SNORL,2026-08-19,903.0,915.0,18899
UPCL,2026-08-19,349.9,342.2,17262
UPPER,2026-08-19,190.1,191.5,62354
USHEC,2026-08-19,495.2,502.0,14971
USHL,2026-08-19,535.0,540.0,948
USLB,2026-08-19,1097.0,1075.0,2652
VLBS,2026-08-19,644.1,655.1,1244
VLUCL,2026-08-19,399.0,400.0,4923
WNLB,2026-08-19,1300.0,1325.0,157
TTL,2026-08-19,697.0,704.0,5467
TSHL,2026-08-19,360.0,365.9,4780
TRH,2026-08-19,808.0,802.0,970
TPKHL,2026-08-19,533.5,562.0,25681
SOHL,2026-08-19,687.8,682.1,247607
SONA,2026-08-19,402.0,400.0,20212
SOPL,2026-08-19,780.0,780.0,19566
SPC,2026-08-19,401.0,417.0,5275
SPDL,2026-08-19,360.5,366.9,13337
SPHL,2026-08-19,535.0,515.0,3294
SPIL,2026-08-19,681.0,680.0,4772
SPL,2026-08-19,633.2,659.0,1360
SRLI,2026-08-19,366.0,368.7,9087
SSHL,2026-08-19,200.1,200.8,36822
STC,2026-08-19,5250.0,5200.0,168
SWASTIK,2026-08-19,1952.0,1988.9,670
SWBBL,2026-08-19,675.0,667.0,15528
SWMF,2026-08-19,600.1,603.8,7552
SYPNL,2026-08-19,1225.5,1271.0,29613
TAMOR,2026-08-19,455.0,459.5,79851
TPC,2026-08-19,359.0,358.5,6105
SANVI,2026-08-19,592.0,590.0,4022
ACLBSL,2026-08-19,898.0,900.0,842
NESDO,2026-08-19,1407.0,1412.0,855
NMLBBL,2026-08-19,500.0,505.0,4874
NLIC,2026-08-19,722.0,718.9,30984
NLICL,2026-08-19,565.0,565.1,5191
NMB,2026-08-19,239.0,238.7,42441
NMB50,2026-08-19,9.8,9.81,344051
NMBHF2,2026-08-19,9.61,9.89,616880
NMBMF,2026-08-19,595.5,590.0,1250
NMFBS,2026-08-19,1120.0,1120.0,688
NMIC,2026-08-19,872.3,882.0,780
NRIC,2026-08-19,905.0,911.0,15465
NIMBPO,2026-08-19,141.0,140.0,6511
NRM,2026-08-19,296.0,301.0,6548
NRN,2026-08-19,1371.0,1379.0,30721
NSIF2,2026-08-19,10.97,11.0,102795
NSY,2026-08-19,9.0,9.3,3400
NTC,2026-08-19,871.0,888.0,6849
NUBL,2026-08-19,595.9,595.0,1883
NWCL,2026-08-19,670.0,672.0,1250
NYADI,2026-08-19,360.1,360.0,1532
NLG,2026-08-19,560.0,559.8,3620
NIMB,2026-08-19,187.0,188.0,93306
SAIL,2026-08-19,1040.5,1029.9,30039
NICAD2091,2026-08-19,1072.0,1073.6,36
NFS,2026-08-19,560.0,556.6,3714
NGPL,2026-08-19,412.0,407.0,129970
NHDL,2026-08-19,625.5,635.0,1301
NHPC,2026-08-19,248.9,263.0,169326
NIBLGF,2026-08-19,8.63,8.89,7680
NIBLSTF,2026-08-19,8.38,8.41,1500
NIBSF2,2026-08-19,8.79,8.8,950
NICA,2026-08-19,316.0,315.7,64786
NICAD85/86,2026-08-19,1140.0,1140.0,15
NIL,2026-08-19,599.0,602.0,5556
NICBF,2026-08-19,9.21,9.48,500
NICD83/84,2026-08-19,1003.0,1002.8,2345
NICFC,2026-08-19,8.83,9.0,1201
NICGF2,2026-08-19,9.0,8.97,1000
NICL,2026-08-19,509.9,494.8,2352
NICLBSL,2026-08-19,540.1,546.9,5413
NICSF,2026-08-19,8.3,8.3,1600
NIFRA,2026-08-19,240.0,244.2,29497
OHL,2026-08-19,647.2,653.9,462
OMPL,2026-08-19,880.0,900.0,1482
PBD88,2026-08-19,1175.0,1175.0,25
RSML,2026-08-19,2705.0,2710.0,57723
RHGCL,2026-08-19,250.1,253.0,11477
RHPL,2026-08-19,251.0,251.7,8864
RIDI,2026-08-19,357.0,361.3,234646
RLEL,2026-08-19,920.0,888.9,8109
RLFL,2026-08-19,419.9,443.0,8191
RMF1,2026-08-19,9.52,10.0,1800
RNLI,2026-08-19,426.0,421.4,12683
RSDC,2026-08-19,630.0,628.3,2279
RSY,2026-08-19,10.42,10.52,254400
PBLD84,2026-08-19,1070.0,1070.0,255
RSY2,2026-08-19,8.9,9.01,11350
RURU,2026-08-19,603.0,600.0,11931
SABBL,2026-08-19,900.0,940.0,11997
SADBL,2026-08-19,400.3,404.0,10013
SAEF2,2026-08-19,9.0,9.03,6370
SAGAR,2026-08-19,1491.5,1580.0,3732
SAGF,2026-08-19,10.0,9.98,10100
SAHAS,2026-08-19,684.6,701.0,253936
RFPL,2026-08-19,323.4,332.0,9294
RBCL,2026-08-19,14010.0,14049.9,180
RBBF40,2026-08-19,8.97,9.1,12450
RBBD2088,2026-08-19,1050.0,1050.0,25
PBLD87,2026-08-19,1070.1,1102.2,50
PCBL,2026-08-19,240.0,240.5,46783
PCBLP,2026-08-19,103.0,103.0,24779
PCIL,2026-08-19,616.0,621.0,13207
PHCL,2026-08-19,296.1,299.2,63011
PMHPL,2026-08-19,305.0,307.0,7696
PMLI,2026-08-19,407.9,425.0,4414
PPCL,2026-08-19,330.1,335.0,120724
PPL,2026-08-19,301.2,315.0,16689
PRIN,2026-08-19,652.2,656.0,2403
PROFL,2026-08-19,405.0,407.0,8569
PRSF,2026-08-19,12.9,12.91,2538
PRVU,2026-08-19,181.0,182.0,213491
PSF,2026-08-19,11.82,11.84,1654
PURE,2026-08-19,805.2,814.8,8313
RADHI,2026-08-19,712.0,708.0,45501
RAWA,2026-08-19,420.0,422.5,9202
YMHL,2026-08-18,635.1,637.0,41470
KMCDB,2026-08-18,761.0,783.0,1323
UPPER,2026-08-18,187.0,190.5,51486
KHPL,2026-08-18,800.0,786.1,8969
MKCL,2026-08-18,1005.6,985.0,3517
KPCL,2026-08-18,458.1,460.0,2697
KAHL,2026-08-18,550.0,548.9,76841
KBL,2026-08-18,216.0,212.1,240507
KBSH,2026-08-18,915.0,942.8,8785
KDBY,2026-08-18,10.91,11.05,59575
KDL,2026-08-18,770.0,768.0,332
KEF,2026-08-18,10.72,10.98,71300
KKHC,2026-08-18,340.0,299.0,814260
HURJA,2026-08-18,241.0,235.6,44585
JOSHI,2026-08-18,283.0,273.0,55188
JSLBB,2026-08-18,990.0,970.0,963
KSBBL,2026-08-18,474.1,475.0,21887
KSY,2026-08-18,9.23,9.43,11600
LBBL,2026-08-18,481.0,482.0,23734
LEC,2026-08-18,228.0,223.0,96115
LICN,2026-08-18,789.0,769.0,11301
LLBS,2026-08-18,862.1,870.0,155
JHAPA,2026-08-18,1071.0,1060.0,4788
JBLB,2026-08-18,1275.0,1275.0,2915
HEIP,2026-08-18,333.0,340.0,3200
HPPL,2026-08-18,376.0,380.0,80641
NESDO,2026-08-18,1416.1,1412.0,1040
ICFC,2026-08-18,595.0,593.8,4156
HIDCL,2026-08-18,254.0,251.0,60397
HIDCLP,2026-08-18,188.0,185.0,130806
HIMSTAR,2026-08-18,692.0,698.0,1146
HLBSL,2026-08-18,870.2,875.0,313
HLI,2026-08-18,317.0,315.5,23119
HLICF,2026-08-18,8.3,8.7,1000
HRL,2026-08-18,570.0,579.0,32717
JBBL,2026-08-18,336.5,334.5,11081
JFL,2026-08-18,390.0,383.9,4430
LVF2,2026-08-18,9.28,9.65,2600
ICFCD83,2026-08-18,1035.0,1035.0,10
ICFCD89,2026-08-18,1080.0,1083.0,75
IGI,2026-08-18,424.0,428.0,2695
IHL,2026-08-18,339.0,328.0,14020
ILBS,2026-08-18,885.0,860.5,2228
ILI,2026-08-18,415.0,413.0,9526
LSH12,2026-08-18,9.0,9.1,3900
LSL,2026-08-18,220.0,219.0,78182
LUK,2026-08-18,10.29,9.99,300
MNBBL,2026-08-18,364.0,361.0,32160
MKHL,2026-08-18,500.0,498.6,3850
MLBBL,2026-08-18,1040.0,1036.0,1482
NBLD85,2026-08-18,1051.0,1051.0,255
MLBL,2026-08-18,347.0,345.4,14415
MLBS,2026-08-18,1091.0,1080.0,420
MLBSL,2026-08-18,1195.0,1198.0,3974
MMF1,2026-08-18,9.0,8.9,2500
MMKJL,2026-08-18,435.0,455.0,3634
MNMF1,2026-08-18,9.5,9.46,6570
MABEL,2026-08-18,615.3,609.0,13422
MPFL,2026-08-18,627.0,622.0,4134
MSLB,2026-08-18,1208.0,1234.9,519
MKJC,2026-08-18,420.9,441.9,6429
NABBC,2026-08-18,815.0,802.1,12833
NABIL,2026-08-18,555.0,550.0,36097
NADEP,2026-08-18,703.1,714.0,1446
NBF2,2026-08-18,9.81,9.81,3300
NBF3,2026-08-18,9.59,9.58,14571
MAKAR,2026-08-18,410.0,407.1,11443
MHNL,2026-08-18,240.1,241.9,11983
MHL,2026-08-18,464.0,466.0,4368
MHCL,2026-08-18,305.0,305.0,7692
NFS,2026-08-18,556.0,560.0,4882
MDB,2026-08-18,570.2,579.0,2689
MEHL,2026-08-18,270.0,282.9,16784
MANDU,2026-08-18,815.0,817.4,1281
MATRI,2026-08-18,782.0,796.1,475
MBJC,2026-08-18,265.0,263.6,15221
MBL,2026-08-18,250.0,247.6,69046
MBLD87,2026-08-18,1126.2,1126.2,28
MBLEF,2026-08-18,10.14,9.92,56700
MCHL,2026-08-18,275.0,279.9,1023
MEL,2026-08-18,209.1,206.0,42359
MSHL,2026-08-18,587.0,586.0,468
MKHC,2026-08-18,266.0,265.0,21820
MEN,2026-08-18,615.0,619.6,94698
MEPDL,2026-08-18,540.3,603.2,970
MERO,2026-08-18,660.0,657.0,6174
MFIL,2026-08-18,735.0,748.0,20825
HHL,2026-08-18,335.0,332.9,10590
HBL,2026-08-18,195.0,192.9,60814
GBBL,2026-08-18,424.8,424.5,46867
BUNGAL,2026-08-18,601.0,594.9,26037
HFIN,2026-08-18,669.0,679.8,31276
CCBD88,2026-08-18,1190.0,1190.0,25
CFCL,2026-08-18,610.0,595.0,158580
BHPL,2026-08-18,510.3,479.0,2210
BJHL,2026-08-18,735.0,714.0,19120
BNHC,2026-08-18,282.3,280.0,23950
BNT,2026-08-18,11600.0,11600.0,20
BPCL,2026-08-18,644.0,638.0,7966
CBBL,2026-08-18,939.9,936.0,9843
HEI,2026-08-18,529.0,524.0,10697
CGH,2026-08-18,775.0,773.0,5743
CLI,2026-08-18,435.0,438.8,6645
BHDC,2026-08-18,424.0,424.2,5449
CHCL,2026-08-18,485.0,480.0,10977
CHDC,2026-08-18,2192.0,2196.0,10840
CHL,2026-08-18,279.8,262.9,13073
CIT,2026-08-18,1700.0,1703.0,4049
CITY,2026-08-18,365.0,358.2,70642
BHL,2026-08-18,218.0,207.6,67315
BEDC,2026-08-18,315.0,313.5,24233
HATHY,2026-08-18,658.0,618.9,34935
AKJCL,2026-08-18,360.0,349.1,355959
VLUCL,2026-08-18,407.0,397.0,10621
ALBSL,2026-08-18,1065.0,1101.9,8104
ALICL,2026-08-18,420.0,415.0,27054
ACLBSL,2026-08-18,915.0,901.2,1334
ADBL,2026-08-18,302.0,300.0,45445
ADBLB87,2026-08-18,1015.0,1012.0,500000
AHL,2026-08-18,415.0,408.0,2086
AHPC,2026-08-18,263.6,260.0,115810
AKPL,2026-08-18,251.6,249.0,96495
BBC,2026-08-18,4128.0,4108.0,220
ANLB,2026-08-18,5220.0,5225.0,2311
BHCL,2026-08-18,560.0,552.0,126207
BGWT,2026-08-18,522.0,500.0,3407
APHL,2026-08-18,775.0,750.4,26653
API,2026-08-18,333.0,330.0,117926
AVYAN,2026-08-18,1055.0,1023.5,5769
BANDIPUR,2026-08-18,700.8,686.0,22497
BARUN,2026-08-18,320.0,317.0,19590
CIZBD86,2026-08-18,1214.9,1214.9,10
CKHL,2026-08-18,595.0,599.0,1547
BFC,2026-08-18,479.0,485.0,43951
GLBSL,2026-08-18,1772.0,1701.0,484
GCIL,2026-08-18,340.1,340.0,8137
HDL,2026-08-18,1182.0,1180.9,22481
HDHPC,2026-08-18,197.9,207.5,59660
GMLI,2026-08-18,1040.0,1070.0,1892
GFCL,2026-08-18,600.0,594.0,7901
GHL,2026-08-18,254.6,235.6,260474
GIBF1,2026-08-18,11.05,10.8,22900
GILB,2026-08-18,1111.0,1105.8,4479
GLH,2026-08-18,257.0,256.0,36943
CORBL,2026-08-18,1030.0,1019.6,16496
GMFBS,2026-08-18,1170.0,1156.0,294
GMFIL,2026-08-18,444.6,445.0,24929
GRDBL,2026-08-18,1032.1,1046.1,19529
CYCL,2026-08-18,1387.0,1490.0,11092
GSY,2026-08-18,9.3,9.3,2800
GUFL,2026-08-18,535.0,536.3,13514
GVL,2026-08-18,472.2,470.2,7695
H8020,2026-08-18,11.78,12.0,2100
GBLBS,2026-08-18,703.0,698.0,4416
FOWAD,2026-08-18,921.1,934.0,849
FMDBL,2026-08-18,736.3,761.0,30170
ENL,2026-08-18,819.6,799.0,514
CREST,2026-08-18,1160.0,1159.9,4619
DORDI,2026-08-18,251.1,247.1,35653
GBIMESY2,2026-08-18,8.9,9.06,1150
GBIME,2026-08-18,251.0,245.0,229247
CZBIL,2026-08-18,201.6,199.6,18849
DDBL,2026-08-18,848.0,841.0,14141
DHEL,2026-08-18,620.3,595.0,11711
DHPL,2026-08-18,305.0,283.0,10778
DLBS,2026-08-18,1127.0,1125.0,621
DOLTI,2026-08-18,315.9,313.0,15229
EBL,2026-08-18,729.2,729.0,30911
CSY,2026-08-18,8.85,8.75,2080
EBLD85,2026-08-18,1095.2,1100.1,62
EBLD91,2026-08-18,1060.0,1100.0,218
ECL,2026-08-18,1510.0,1470.0,18483
EDBL,2026-08-18,577.0,583.1,15941
EHPL,2026-08-18,338.9,334.9,3869
NBL,2026-08-18,276.0,274.6,149166
NBLD82,2026-08-18,1021.2,1020.5,50
SBI,2026-08-18,397.0,407.0,18562
SIPD,2026-08-18,650.0,644.7,13959
SMB,2026-08-18,1830.0,1722.9,2754
SMATA,2026-08-18,715.0,710.0,5191
SKBBL,2026-08-18,770.0,753.0,12776
SIFC,2026-08-18,505.0,503.9,5486
SIGS2,2026-08-18,11.02,10.53,202700
SIGS3,2026-08-18,10.88,10.8,1883385
SIKLES,2026-08-18,557.0,553.6,10316
SINDU,2026-08-18,714.0,675.0,10761
SJCL,2026-08-18,262.0,266.7,12881
SICL,2026-08-18,610.4,608.0,3966
SJLIC,2026-08-18,407.5,407.0,11875
SKHEL,2026-08-18,958.5,954.9,2632
SHPC,2026-08-18,492.0,492.9,19002
SKHL,2026-08-18,875.8,830.0,20816
SLBBL,2026-08-18,800.0,808.0,1969
RHGCL,2026-08-18,257.9,254.7,20710
SLBBLP,2026-08-18,443.0,443.0,5000
SLBSL,2026-08-18,927.0,918.0,1493
SMFBS,2026-08-18,1422.1,1457.0,543
SHEL,2026-08-18,303.1,298.2,135658
NGPL,2026-08-18,410.2,409.9,166725
SBLD84,2026-08-18,1055.0,1055.0,127
RFPL,2026-08-18,331.0,333.3,20265
SCB,2026-08-18,660.0,650.0,5419
SHLB,2026-08-18,1400.0,1400.0,102
WNLB,2026-08-18,1300.0,1305.0,183
SEF2,2026-08-18,9.0,9.03,7350
SBID83,2026-08-18,1031.1,1031.1,25
SBL,2026-08-18,410.0,408.5,61570
SBLD2091,2026-08-18,1079.9,1082.5,686
SBLD89,2026-08-18,1266.0,1266.0,25
SGIC,2026-08-18,450.2,446.7,9145
SDBD87,2026-08-18,1149.0,1121.0,80
SHINED,2026-08-18,1090.0,1090.0,25
SEF,2026-08-18,9.93,9.5,535566
SFEF,2026-08-18,9.8,9.8,100
SHL,2026-08-18,500.2,502.9,27813
SFMF,2026-08-18,10.0,10.1,3170
SGHC,2026-08-18,303.0,302.0,52479
SGHL,2026-08-18,537.6,532.0,156945
SLCF,2026-08-18,10.4,9.82,5560
SHINE,2026-08-18,414.0,411.5,7035
SHIVM,2026-08-18,630.0,624.5,81985
UAIL,2026-08-18,427.0,426.9,28908
USHL,2026-08-18,535.2,540.0,575
USHEC,2026-08-18,505.0,500.0,21896
SMHL,2026-08-18,500.0,495.3,68336
SMJC,2026-08-18,456.0,429.0,32969
UMRH,2026-08-18,524.0,520.0,8915
TSHL,2026-08-18,370.5,361.0,4708
TTL,2026-08-18,710.0,705.0,9664
TVCL,2026-08-18,460.0,461.1,9472
UHEWA,2026-08-18,649.0,607.9,31320
SWBBL,2026-08-18,672.0,674.8,17952
ULBSL,2026-08-18,2707.0,2625.0,1553
ULHC,2026-08-18,341.5,341.0,7964
UMHL,2026-08-18,580.1,602.5,280487
UNHPL,2026-08-18,377.0,365.6,21954
SMPDA,2026-08-18,735.1,735.0,2050
UNL,2026-08-18,47000.0,46500.0,20
UNLB,2026-08-18,1233.0,1261.9,750
UPCL,2026-08-18,345.7,344.4,43705
USLB,2026-08-18,1116.0,1105.0,1024
VLBS,2026-08-18,658.9,663.0,3613
SWASTIK,2026-08-18,1950.0,1990.1,589
STC,2026-08-18,5300.0,5168.0,615
SOPL,2026-08-18,810.0,783.0,40742
TRH,2026-08-18,830.0,799.0,6363
TPKHL,2026-08-18,523.5,560.0,59865
TPC,2026-08-18,364.1,359.1,19589
TAMOR,2026-08-18,470.0,455.0,171974
SNLI,2026-08-18,408.3,407.9,7110
SNORL,2026-08-18,900.0,914.0,18187
SOHL,2026-08-18,700.0,687.8,553373
SONA,2026-08-18,405.0,401.1,22513
SPC,2026-08-18,414.0,409.2,3444
SMH,2026-08-18,506.1,505.0,6861
SPDL,2026-08-18,386.0,364.5,17086
SPHL,2026-08-18,513.1,524.0,8452
SPIL,2026-08-18,719.3,681.0,2964
SPL,2026-08-18,688.8,650.0,230
SRLI,2026-08-18,366.3,366.5,10513
SSHL,2026-08-18,213.0,200.0,109269
SWMF,2026-08-18,605.0,606.0,2126
RBCL,2026-08-18,13801.0,14000.0,94
SAIL,2026-08-18,1127.9,1025.0,52081
NMB50,2026-08-18,10.0,9.9,237712
NYADI,2026-08-18,362.1,361.6,2530
NWCL,2026-08-18,670.2,671.5,1168
NUBL,2026-08-18,600.0,599.9,5719
SBCF,2026-08-18,10.0,10.0,100
SARBTM,2026-08-18,805.0,782.1,1175
NRIC,2026-08-18,912.0,905.0,19895
NLO,2026-08-18,277.4,277.4,62
NMB,2026-08-18,241.0,239.0,37538
NMBHF2,2026-08-18,9.75,9.9,177644
SAHAS,2026-08-18,685.0,684.6,91815
NMBMF,2026-08-18,595.7,595.5,3198
NMFBS,2026-08-18,1128.5,1128.5,2833
NMIC,2026-08-18,916.0,887.0,1509
NMLBBL,2026-08-18,501.1,500.0,7092
NRM,2026-08-18,310.0,303.0,3177
PCBL,2026-08-18,244.0,240.3,53111
NRN,2026-08-18,1380.1,1373.0,46651
NSIF2,2026-08-18,10.9,11.0,208749
OHL,2026-08-18,651.1,652.0,1465
NIFRA,2026-08-18,247.0,244.8,52440
NICSF,2026-08-18,8.99,8.51,9800
NICLBSL,2026-08-18,547.9,546.0,3077
NHDL,2026-08-18,634.0,637.8,2012
NIBSF2,2026-08-18,8.8,8.8,14350
NLICL,2026-08-18,576.0,568.0,10536
NLIC,2026-08-18,729.0,722.0,19730
NLG,2026-08-18,560.1,559.9,7493
NIMBPO,2026-08-18,143.2,137.1,2430
NHPC,2026-08-18,252.7,261.9,195828
NIBD84,2026-08-18,1030.1,1030.1,25
NIBLGF,2026-08-18,8.6,8.64,36900
NIBLSTF,2026-08-18,8.25,8.38,930
NICA,2026-08-18,320.0,315.0,83475
NIL,2026-08-18,603.0,598.5,13513
NICAD2091,2026-08-18,1055.0,1062.0,555
NICAP,2026-08-18,179.0,179.0,9404
NICFC,2026-08-18,9.05,9.07,900
NICGF2,2026-08-18,8.95,9.0,900
NICL,2026-08-18,493.2,497.9,3133
NSY,2026-08-18,8.9,9.21,3500
NTC,2026-08-18,895.0,886.0,11423
NIFRAUR85/86,2026-08-18,1030.0,1030.0,25
RSDC,2026-08-18,650.0,633.0,2101
SANVI,2026-08-18,615.0,599.8,9944
SANIMA,2026-08-18,370.0,369.0,51973
SALICO,2026-08-18,588.0,583.9,10913
PCIL,2026-08-18,628.0,622.0,45986
SAPIL,2026-08-18,456.5,524.6,150
SADBL,2026-08-18,410.9,404.0,38397
RMF1,2026-08-18,9.7,9.7,200
RNLI,2026-08-18,429.0,426.0,14581
RSML,2026-08-18,2841.0,2725.0,60363
RBBF40,2026-08-18,8.97,9.05,8200
RSY,2026-08-18,10.41,10.5,44150
RSY2,2026-08-18,9.0,8.92,7350
RURU,2026-08-18,605.0,605.0,1933
SABBL,2026-08-18,880.0,946.0,23648
SAEF2,2026-08-18,8.9,9.07,6430
PHCL,2026-08-18,286.0,298.0,43964
SAGAR,2026-08-18,1600.1,1570.0,13175
SAGF,2026-08-18,9.92,9.92,9500
NIMB,2026-08-18,198.0,187.0,145659
SAPDBL,2026-08-18,782.0,730.0,89946
RBBD2088,2026-08-18,1053.0,1053.0,299
PPCL,2026-08-18,355.0,333.9,13405
SYPNL,2026-08-18,1295.0,1290.0,24651
PRIN,2026-08-18,658.1,660.0,4200
RLFL,2026-08-18,449.0,441.9,31193
RLEL,2026-08-18,899.7,920.0,23257
RIDI,2026-08-18,362.0,359.6,425770
RHPL,2026-08-18,252.0,252.1,8395
PMHPL,2026-08-18,306.1,309.8,6248
PMLI,2026-08-18,428.5,429.3,5566
PPL,2026-08-18,304.3,317.0,10130
PROFL,2026-08-18,410.0,408.9,9436
OMPL,2026-08-18,881.0,900.0,2865
PRSF,2026-08-18,12.75,12.8,979489
PRVU,2026-08-18,183.0,181.8,308824
PSF,2026-08-18,12.0,12.0,8756
PURE,2026-08-18,820.0,825.0,7304
RADHI,2026-08-18,708.0,712.0,58146
RAWA,2026-08-18,421.3,423.6,6039
SANIMA,2026-08-17,370.0,370.0,85099
RBBF40,2026-08-17,8.97,9.01,1350
UPPER,2026-08-17,192.0,192.5,66450
VLUCL,2026-08-17,410.0,410.0,5297
KDL,2026-08-17,775.0,773.9,2119
KDBY,2026-08-17,11.1,11.1,90055
KHPL,2026-08-17,805.0,798.0,4629
HLICF,2026-08-17,8.5,8.4,700
HDHPC,2026-08-17,201.4,208.3,62668
KKHC,2026-08-17,334.7,331.0,462907
JSLBB,2026-08-17,974.9,992.8,423
KAHL,2026-08-17,530.0,550.0,58046
KBL,2026-08-17,220.0,215.6,181521
KBSH,2026-08-17,935.0,920.1,17479
LSH12,2026-08-17,9.1,9.13,2600
LICN,2026-08-17,778.0,781.0,3884
HFIN,2026-08-17,675.0,670.1,12723
JBLB,2026-08-17,1270.0,1276.0,7778
KMCDB,2026-08-17,793.0,770.0,310
LLBS,2026-08-17,875.0,887.0,340
KPCL,2026-08-17,461.0,461.2,4250
KSBBL,2026-08-17,477.0,476.0,14115
KSBBLD87,2026-08-17,1100.0,1100.0,25
KSY,2026-08-17,9.02,9.25,2300
MEPDL,2026-08-17,435.0,524.6,460
HLI,2026-08-17,320.0,318.0,27559
BJHL,2026-08-17,696.0,737.0,23307
HLBSL,2026-08-17,870.0,894.9,2618
HPPL,2026-08-17,377.0,380.0,42112
CCBD88,2026-08-17,1170.0,1205.0,50
NBF3,2026-08-17,9.58,9.75,7300
HRL,2026-08-17,562.0,585.0,32184
HHL,2026-08-17,330.0,337.0,8981
HIDCL,2026-08-17,256.0,253.9,33360
HIDCLP,2026-08-17,188.1,188.0,26089
HIMSTAR,2026-08-17,690.0,692.0,2615
ILBS,2026-08-17,869.0,874.0,434
IHL,2026-08-17,349.9,339.0,12297
JFL,2026-08-17,390.0,384.0,3217
ILI,2026-08-17,417.0,416.4,3734
HURJA,2026-08-17,245.0,241.0,34390
HEIP,2026-08-17,329.6,339.5,2830
ICFC,2026-08-17,600.0,595.0,4909
ICFCD83,2026-08-17,1032.0,1040.0,15
ICFCD89,2026-08-17,1092.0,1082.0,50
IGI,2026-08-17,435.0,430.0,3265
LBBL,2026-08-17,483.5,482.9,25863
LEC,2026-08-17,230.7,228.0,121520
JBBL,2026-08-17,338.0,337.0,29227
MLBLD89,2026-08-17,1250.0,1250.0,25
LUK,2026-08-17,10.09,10.6,21050
NABIL,2026-08-17,549.9,551.5,30252
MBLEF,2026-08-17,10.8,10.45,46300
LSL,2026-08-17,208.1,220.4,57124
MHL,2026-08-17,465.2,468.0,2420
MKJC,2026-08-17,439.0,443.0,3072
MLBBL,2026-08-17,1062.0,1055.0,691
MLBL,2026-08-17,345.2,349.7,2477
MLBS,2026-08-17,1114.0,1100.1,419
YMHL,2026-08-17,615.1,637.0,49721
MMKJL,2026-08-17,445.0,439.0,1715
HEI,2026-08-17,531.0,529.6,12330
MHNL,2026-08-17,245.2,243.8,25236
MNBBL,2026-08-17,363.2,363.0,39694
MNMF1,2026-08-17,9.5,9.73,25300
MPFL,2026-08-17,637.0,627.0,7179
MSHL,2026-08-17,587.0,591.0,452
MSLB,2026-08-17,1219.0,1235.0,551
MFIL,2026-08-17,720.0,746.0,53994
HDL,2026-08-17,1175.0,1179.0,23412
MEN,2026-08-17,622.0,615.4,76475
MEL,2026-08-17,208.9,210.8,6083
MATRI,2026-08-17,800.1,800.4,68
MBJC,2026-08-17,265.0,265.0,23405
MMF1,2026-08-17,8.68,8.99,4500
MKHC,2026-08-17,268.5,268.2,30531
MHCL,2026-08-17,320.0,306.1,2593
LVF2,2026-08-17,9.13,9.41,400
MABEL,2026-08-17,604.0,619.0,22132
MAKAR,2026-08-17,420.0,412.9,20070
MANDU,2026-08-17,875.5,820.0,3558
MBL,2026-08-17,248.0,250.0,135367
MLBSL,2026-08-17,1279.1,1195.0,9186
MERO,2026-08-17,660.0,655.1,5752
MCHL,2026-08-17,281.0,278.0,2544
MDB,2026-08-17,575.0,572.0,936
MKHL,2026-08-17,491.0,500.0,3586
MDBPO,2026-08-17,318.0,318.0,26163
MEHL,2026-08-17,279.0,270.0,16056
NADEP,2026-08-17,702.7,710.1,233
HATHY,2026-08-17,677.0,652.6,15034
FMDBL,2026-08-17,805.1,775.0,41666
BUNGAL,2026-08-17,590.0,606.0,47698
C30MF,2026-08-17,10.0,10.0,100
CBBL,2026-08-17,935.0,935.0,15140
HBL,2026-08-17,194.0,193.9,88824
BHL,2026-08-17,210.0,208.4,53181
BNHC,2026-08-17,283.0,282.3,10333
BNL,2026-08-17,14900.0,14900.0,10
BNT,2026-08-17,11552.0,11552.0,10
BPCL,2026-08-17,645.0,644.0,13609
CFCL,2026-08-17,607.1,610.0,141158
CORBL,2026-08-17,1070.0,1040.0,17872
CIZBD90,2026-08-17,1244.0,1253.0,125
ADBL,2026-08-17,304.0,302.2,121643
CGH,2026-08-17,777.7,779.1,3664
BHDC,2026-08-17,428.0,427.0,6430
CHCL,2026-08-17,489.9,480.0,15729
CHDC,2026-08-17,2240.1,2213.0,5757
CHL,2026-08-17,274.0,266.5,12326
CIT,2026-08-17,1734.0,1701.0,3222
GBIMESY2,2026-08-17,8.91,8.96,700
H8020,2026-08-17,11.8,12.0,2305
GUFL,2026-08-17,551.2,538.0,48182
ALBSL,2026-08-17,1080.0,1094.5,3739
VLBS,2026-08-17,658.0,658.9,675
ALICL,2026-08-17,416.3,421.6,14256
BHCL,2026-08-17,530.0,554.0,219396
ADBLD83,2026-08-17,1030.0,1030.0,50
AHL,2026-08-17,415.0,419.0,738
AHPC,2026-08-17,266.0,263.4,47294
AKJCL,2026-08-17,345.0,355.5,188646
AKPL,2026-08-17,253.0,252.0,60461
APHL,2026-08-17,799.0,782.0,9719
BEDC,2026-08-17,317.0,316.9,8609
CLI,2026-08-17,440.0,439.4,6976
BGWT,2026-08-17,528.9,519.0,2196
API,2026-08-17,332.9,332.6,118215
ANLB,2026-08-17,5200.0,5310.0,699
AVYAN,2026-08-17,1075.0,1069.0,1685
BANDIPUR,2026-08-17,693.0,700.8,19050
BARUN,2026-08-17,320.0,316.2,20750
BBC,2026-08-17,4197.9,4089.0,210
CITY,2026-08-17,362.0,363.0,36591
BFC,2026-08-17,485.0,483.5,21487
CKHL,2026-08-17,583.0,596.6,970
GHL,2026-08-17,249.0,242.5,306371
GWFD83,2026-08-17,1065.0,1065.0,25
GVL,2026-08-17,470.0,472.1,8697
GLBSL,2026-08-17,1733.0,1740.0,293
CSY,2026-08-17,8.2,8.89,6000
GBLBS,2026-08-17,722.9,714.5,5674
GBIME,2026-08-17,252.0,249.0,342941
GCIL,2026-08-17,344.0,341.1,7928
GFCL,2026-08-17,603.0,597.5,3742
GIBF1,2026-08-17,10.64,10.77,1750
BHPL,2026-08-17,498.8,486.0,4584
GILB,2026-08-17,1130.0,1110.0,1571
GLH,2026-08-17,266.0,259.9,21441
GMFBS,2026-08-17,1175.0,1145.1,497
GMFIL,2026-08-17,450.5,447.0,3953
GMLI,2026-08-17,1120.0,1066.0,1241
GBILD86/87,2026-08-17,1061.3,1084.0,100
GRDBL,2026-08-17,1032.1,1048.9,20507
GSY,2026-08-17,9.4,9.3,2440
CYCL,2026-08-17,1300.0,1460.0,17996
NBF2,2026-08-17,9.8,9.8,300
ENL,2026-08-17,810.0,805.0,370
EHPL,2026-08-17,341.0,333.9,11058
DLBS,2026-08-17,1180.0,1150.0,319
GBBD85,2026-08-17,1064.0,1065.0,50
FOWAD,2026-08-17,940.0,940.0,1022
JHAPA,2026-08-17,1084.9,1080.0,3466
GBBL,2026-08-17,423.8,423.0,95705
CZBIL,2026-08-17,202.7,201.6,58967
DDBL,2026-08-17,855.0,848.0,9050
DHEL,2026-08-17,604.5,604.0,36822
DHPL,2026-08-17,287.1,290.5,12398
DOLTI,2026-08-17,316.0,318.4,7533
CREST,2026-08-17,1166.0,1169.7,6463
DORDI,2026-08-17,251.0,251.0,25445
EBLD85,2026-08-17,1091.8,1091.8,25
EBLD91,2026-08-17,1066.0,1070.0,279
EBL,2026-08-17,734.0,728.0,37932
ECL,2026-08-17,1510.0,1510.0,25444
EDBL,2026-08-17,590.0,582.0,8190
NABBC,2026-08-17,820.0,807.1,21725
MKCL,2026-08-17,1044.0,1016.0,2099
KEF,2026-08-17,10.9,11.0,82123
SIKLES,2026-08-17,536.3,560.0,21865
SINDU,2026-08-17,672.1,680.0,10870
SIPD,2026-08-17,669.0,658.0,20266
SHL,2026-08-17,503.0,505.0,11790
TAMOR,2026-08-17,456.0,469.0,126173
SKBBL,2026-08-17,748.0,749.9,11109
SIFC,2026-08-17,510.0,506.9,4544
SIGS2,2026-08-17,10.7,11.02,13900
SIGS3,2026-08-17,10.87,10.87,10338
RAWA,2026-08-17,427.0,426.0,10081
SDBD87,2026-08-17,1154.9,1155.0,143
SLCF,2026-08-17,9.42,10.4,21796
SHINE,2026-08-17,414.0,414.0,19043
SJCL,2026-08-17,265.0,268.7,5558
SHLB,2026-08-17,1400.0,1425.0,353
SHPC,2026-08-17,500.0,495.0,17984
SKHEL,2026-08-17,980.0,970.0,2303
SKHL,2026-08-17,827.0,834.1,51563
SLBBL,2026-08-17,761.9,807.0,17092
STC,2026-08-17,5280.0,5170.0,825
SAGF,2026-08-17,9.9,9.92,200
NBLD87,2026-08-17,1080.0,1080.0,25
SBD87,2026-08-17,1090.0,1090.0,25
SBI,2026-08-17,404.9,399.0,20000
SBL,2026-08-17,414.9,409.2,107185
SAPDBL,2026-08-17,773.0,782.0,25645
SICL,2026-08-17,610.1,610.4,7555
SEF,2026-08-17,9.76,10.23,79370
SAPIL,2026-08-17,404.2,456.2,160
SARBTM,2026-08-17,834.6,793.0,5300
SBCF,2026-08-17,9.2,10.15,62232
SBLD89,2026-08-17,1226.0,1230.0,125
SGHC,2026-08-17,301.0,300.0,63748
SHEL,2026-08-17,305.0,303.9,47317
SGIC,2026-08-17,450.5,452.0,7202
SCB,2026-08-17,659.9,649.0,7753
SHIVM,2026-08-17,599.5,629.7,72346
SMHL,2026-08-17,494.0,498.8,69353
SEF2,2026-08-17,9.05,9.1,6000
SFEF,2026-08-17,9.85,9.85,100
SFMF,2026-08-17,10.05,10.0,18000
SLBSL,2026-08-17,930.0,927.0,545
SGHL,2026-08-17,518.2,537.6,160716
SMATA,2026-08-17,725.0,724.0,1105
TVCL,2026-08-17,471.0,465.4,5679
USHL,2026-08-17,570.1,544.0,4633
USHEC,2026-08-17,501.2,505.0,12042
ULBSL,2026-08-17,2630.0,2710.0,607
SMPDA,2026-08-17,741.6,748.0,1791
TPKHL,2026-08-17,515.9,550.1,36340
TSHL,2026-08-17,369.0,362.0,3439
WNLB,2026-08-17,1301.0,1312.0,408
TTL,2026-08-17,714.0,710.0,9793
UAIL,2026-08-17,433.0,428.0,15116
SMB,2026-08-17,1810.0,1801.0,327
UHEWA,2026-08-17,647.0,620.0,39724
ULHC,2026-08-17,342.0,340.5,14754
UPCL,2026-08-17,350.0,346.5,22370
SMH,2026-08-17,515.9,507.6,3094
UMHL,2026-08-17,580.0,588.8,85030
UMRH,2026-08-17,526.6,524.0,9105
UNLB,2026-08-17,1298.0,1269.8,302
TRH,2026-08-17,816.0,825.0,17444
SYPNL,2026-08-17,1357.6,1296.0,30705
SWMF,2026-08-17,610.0,605.3,566
SSHL,2026-08-17,207.8,203.0,43538
SRLI,2026-08-17,369.0,369.0,9155
SOHL,2026-08-17,671.0,709.0,554842
SWBBL,2026-08-17,674.2,675.0,6584
SWASTIK,2026-08-17,2000.0,1971.0,455
SMJC,2026-08-17,432.0,480.0,18925
SANVI,2026-08-17,587.0,614.0,17410
SPHL,2026-08-17,558.0,526.5,5327
SPIL,2026-08-17,681.2,685.1,1359
SNLI,2026-08-17,412.0,408.3,8967
SNORL,2026-08-17,894.0,910.0,30927
SONA,2026-08-17,403.0,400.5,17974
SMFBS,2026-08-17,1550.8,1422.1,1037
SOPL,2026-08-17,790.0,795.0,30604
SPC,2026-08-17,407.4,414.0,2260
SPDL,2026-08-17,367.0,368.0,16229
SPL,2026-08-17,640.0,656.5,1022
UNHPL,2026-08-17,378.0,370.0,22611
TPC,2026-08-17,363.4,365.6,10731
NBL,2026-08-17,283.2,276.4,400533
JOSHI,2026-08-17,282.0,283.0,25583
USLB,2026-08-17,1101.0,1115.0,889
NLICL,2026-08-17,580.0,576.0,64587
NMB,2026-08-17,254.0,240.0,112321
NMB50,2026-08-17,10.35,10.0,303727
NIMBPO,2026-08-17,140.2,139.1,9506
ACLBSL,2026-08-17,915.2,919.0,357
NMBMF,2026-08-17,600.0,600.0,1194
NMFBS,2026-08-17,1135.0,1128.5,3849
NLG,2026-08-17,565.0,563.9,2939
NLIC,2026-08-17,731.9,727.0,18615
NMBD87/88,2026-08-17,1117.6,1117.6,50
NYADI,2026-08-17,365.0,362.2,3607
NRN,2026-08-17,1390.0,1385.0,37467
SAEF2,2026-08-17,9.1,9.09,6120
NMBHF2,2026-08-17,9.83,9.75,59956
NMIC,2026-08-17,941.1,890.0,2990
NUBL,2026-08-17,599.0,600.0,2656
NIMB,2026-08-17,192.0,188.9,370510
NMLBBL,2026-08-17,520.0,502.0,7815
NRIC,2026-08-17,916.4,912.0,15801
SAGAR,2026-08-17,1653.0,1610.0,9038
NICL,2026-08-17,496.0,496.0,5833
SABBL,2026-08-17,900.0,924.9,17985
NHDL,2026-08-17,635.0,635.0,345
NHPC,2026-08-17,265.0,266.0,221133
NICGF2,2026-08-17,9.22,9.22,300
SJLIC,2026-08-17,413.0,412.0,6152
NIBLSTF,2026-08-17,8.58,8.43,17974
NIBSF2,2026-08-17,8.79,8.82,500
NESDO,2026-08-17,1435.0,1416.0,926
NFS,2026-08-17,562.0,560.0,6699
NGPL,2026-08-17,415.0,411.0,98091
NIBD84,2026-08-17,1035.0,1035.0,25
NICFC,2026-08-17,9.1,9.1,2100
NICLBSL,2026-08-17,555.0,547.7,10574
NIBLGF,2026-08-17,8.83,8.85,1200
NICA,2026-08-17,320.0,320.0,64199
NIL,2026-08-17,609.0,606.0,11369
NIFRA,2026-08-17,247.0,247.0,26300
NICBF,2026-08-17,9.21,9.21,100
NICD83/84,2026-08-17,1011.0,1011.0,125
NICD88,2026-08-17,1100.0,1100.0,75
NRM,2026-08-17,300.0,304.0,8186
NSIF2,2026-08-17,10.67,10.98,433583
NSY,2026-08-17,9.17,9.17,4700
RLEL,2026-08-17,870.0,899.7,4660
RADHI,2026-08-17,700.0,717.0,58828
SADBL,2026-08-17,408.1,410.9,9857
RFPL,2026-08-17,330.0,334.9,13480
RHPL,2026-08-17,255.0,253.5,8723
SAIL,2026-08-17,1100.0,1075.0,18257
SAHAS,2026-08-17,676.0,684.0,113498
RSY,2026-08-17,10.36,10.45,180769
RIDI,2026-08-17,349.6,361.6,450230
RLFL,2026-08-17,455.0,442.0,13135
NTC,2026-08-17,893.0,895.0,28242
RMF2,2026-08-17,10.1,10.1,100
NICSF,2026-08-17,8.8,8.73,1900
RNLI,2026-08-17,428.0,426.2,13204
RSDC,2026-08-17,640.0,632.0,2044
RSML,2026-08-17,2570.0,2841.6,523651
RSY2,2026-08-17,9.0,9.0,46730
RHGCL,2026-08-17,262.7,257.9,15911
RURU,2026-08-17,611.0,610.0,5324
PURE,2026-08-17,815.0,827.5,3945
PSF,2026-08-17,12.0,12.05,23830
PROFL,2026-08-17,424.0,414.0,8777
RBCL,2026-08-17,14050.0,14100.0,70
PCBL,2026-08-17,243.3,244.6,80028
PRVU,2026-08-17,185.0,183.8,222553
NWCL,2026-08-17,680.2,687.0,3194
OHL,2026-08-17,656.0,650.0,3291
PMLI,2026-08-17,421.0,428.5,4599
OMPL,2026-08-17,900.0,896.0,1844
PPL,2026-08-17,309.0,320.3,17177
PBD85,2026-08-17,1100.0,1100.0,50
PBD88,2026-08-17,1165.0,1200.0,90
PCIL,2026-08-17,639.0,632.0,20764
RMF1,2026-08-17,9.5,10.0,91585
PHCL,2026-08-17,302.4,301.0,53829
PMHPL,2026-08-17,308.1,312.0,3138
PRSF,2026-08-17,12.75,12.75,236720
PPCL,2026-08-17,332.1,338.3,4043
SALICO,2026-08-17,588.0,588.0,11409
PRIN,2026-08-17,663.0,658.1,971
KHPL,2026-08-14,800.0,810.0,4369
YMHL,2026-08-14,615.0,623.0,17131
NICFC,2026-08-14,9.0,9.1,1300
LSL,2026-08-14,225.0,219.0,83780
JSLBB,2026-08-14,950.0,969.0,1685
KAHL,2026-08-14,530.0,536.0,21868
KBL,2026-08-14,225.0,216.8,155077
KBSH,2026-08-14,929.1,944.9,14920
KDBY,2026-08-14,10.92,11.1,115392
IHL,2026-08-14,344.1,343.0,9094
KDL,2026-08-14,775.0,770.1,336
KMCDB,2026-08-14,800.0,785.0,1672
JBLB,2026-08-14,1270.0,1263.4,5810
GBILD84/85,2026-08-14,1101.0,1101.1,40
KPCL,2026-08-14,474.5,463.2,4234
KSBBL,2026-08-14,478.0,479.4,6615
KSY,2026-08-14,9.11,9.11,200
LBBL,2026-08-14,487.0,483.5,23176
LEC,2026-08-14,213.4,230.7,723736
ILBS,2026-08-14,904.0,894.0,1655
FOWAD,2026-08-14,940.0,944.8,1813
HLICF,2026-08-14,8.5,8.6,1834
JFL,2026-08-14,391.0,380.3,4569
KKHC,2026-08-14,335.0,352.3,552452
SMPDA,2026-08-14,760.0,753.0,956
LICN,2026-08-14,775.0,778.0,1149
HHL,2026-08-14,340.1,343.5,24251
HIDCL,2026-08-14,245.9,256.0,66258
HIDCLP,2026-08-14,192.8,189.2,23278
HIMSTAR,2026-08-14,691.1,690.0,7840
HLBSL,2026-08-14,865.0,856.1,294
HLI,2026-08-14,319.9,320.8,21915
HRL,2026-08-14,590.0,579.0,26117
ILI,2026-08-14,413.1,417.0,3619
HURJA,2026-08-14,249.9,244.4,65095
HPPL,2026-08-14,373.0,383.5,126149
ICFC,2026-08-14,604.0,600.0,11549
ICFCD83,2026-08-14,1032.0,1032.0,26
ICFCD89,2026-08-14,1080.0,1092.0,100
IGI,2026-08-14,430.0,429.0,2259
NBLD87,2026-08-14,1080.0,1080.0,27
LUK,2026-08-14,10.0,9.8,800
HFIN,2026-08-14,679.0,680.0,16249
MKHL,2026-08-14,495.0,500.1,2856
MDB,2026-08-14,579.0,579.0,16567
JHAPA,2026-08-14,1080.0,1084.9,2426
MCHL,2026-08-14,280.0,280.0,4417
MKJC,2026-08-14,447.0,449.0,4278
LVF2,2026-08-14,9.13,9.13,700
MLBBL,2026-08-14,1047.1,1062.0,795
MLBL,2026-08-14,350.0,350.0,5948
MLBS,2026-08-14,1115.0,1116.1,150
LLBS,2026-08-14,890.0,889.9,519
MLBSL,2026-08-14,1310.0,1279.0,1892
MMKJL,2026-08-14,442.0,444.0,736
MABEL,2026-08-14,591.0,604.9,7838
HDL,2026-08-14,1120.0,1175.0,31231
MSHL,2026-08-14,592.0,594.0,639
MKHC,2026-08-14,271.0,268.5,16650
MSLB,2026-08-14,1225.1,1245.0,2468
NABBC,2026-08-14,802.5,811.0,4769
NABIL,2026-08-14,550.0,549.9,22999
MMF1,2026-08-14,8.73,8.94,3400
GBBL,2026-08-14,424.1,423.7,42406
CYCL,2026-08-14,1235.0,1355.0,8893
MNBBL,2026-08-14,365.0,363.2,22120
MKCL,2026-08-14,1046.0,1048.0,4710
MHL,2026-08-14,463.5,465.0,1564
NABILD2089,2026-08-14,1060.0,1070.0,1507
MEHL,2026-08-14,288.0,279.0,11581
MAKAR,2026-08-14,415.0,420.0,45197
MANDU,2026-08-14,815.5,833.9,6279
MATRI,2026-08-14,800.0,814.0,202
MBJC,2026-08-14,267.0,265.1,6137
MBL,2026-08-14,254.5,249.0,98080
MNMF1,2026-08-14,9.5,9.69,10400
MBLEF,2026-08-14,10.4,10.38,2000
HEIP,2026-08-14,320.1,320.1,10
MEL,2026-08-14,212.0,211.5,3652
MHNL,2026-08-14,242.1,244.9,20572
MEN,2026-08-14,618.1,615.0,92372
MEPDL,2026-08-14,400.0,456.2,220
MERO,2026-08-14,665.0,665.0,302
HEI,2026-08-14,532.0,535.0,681
NBF3,2026-08-14,9.72,9.72,14010
NADEP,2026-08-14,732.3,715.0,295
JBBL,2026-08-14,322.0,338.0,26308
LSH12,2026-08-14,9.0,9.38,6200
BHCL,2026-08-14,492.0,522.1,158720
CGH,2026-08-14,778.0,777.7,7520
CORBL,2026-08-14,1055.5,1058.0,24515
CFCL,2026-08-14,615.0,639.0,169405
BHPL,2026-08-14,479.0,489.9,13373
BJHL,2026-08-14,687.0,696.0,10979
BNHC,2026-08-14,300.3,282.9,13759
BNT,2026-08-14,11625.0,11625.0,10
BPCL,2026-08-14,650.1,644.9,9810
BUNGAL,2026-08-14,585.0,580.1,13721
BGWT,2026-08-14,530.0,514.1,4811
HATHY,2026-08-14,678.2,677.0,4648
BEDC,2026-08-14,322.7,319.4,8965
BFC,2026-08-14,494.0,485.0,24707
CHCL,2026-08-14,481.0,478.9,66504
CHDC,2026-08-14,2249.8,2228.0,7563
CHL,2026-08-14,279.0,269.0,11467
CITY,2026-08-14,370.0,365.0,150226
BANDIPUR,2026-08-14,685.0,693.5,20753
BARUN,2026-08-14,325.0,320.0,15063
CBBL,2026-08-14,936.0,933.5,6833
NESDO,2026-08-14,1425.0,1454.0,440
CIT,2026-08-14,1710.0,1700.0,3997
BBC,2026-08-14,4210.0,4080.0,823
AKPL,2026-08-14,255.1,253.2,39240
GBIMEP,2026-08-14,100.0,100.0,64721
ALICL,2026-08-14,419.0,420.0,7425
ANLB,2026-08-14,5200.0,5320.0,999
ADBLB87,2026-08-14,1000.0,1016.0,700000
ADBLD83,2026-08-14,1015.0,1015.0,49
AHL,2026-08-14,412.0,420.5,5152
AHPC,2026-08-14,270.8,264.9,74965
AKJCL,2026-08-14,361.0,360.0,161617
ALBSL,2026-08-14,1081.0,1122.9,6912
ADBL,2026-08-14,305.0,304.0,22448
APHL,2026-08-14,810.0,805.0,6512
HDHPC,2026-08-14,213.5,212.0,104124
ACLBSL,2026-08-14,943.0,937.0,26
API,2026-08-14,336.8,332.9,194581
CKHL,2026-08-14,581.0,600.6,2230
AVYAN,2026-08-14,1097.9,1075.0,4570
CLI,2026-08-14,433.0,440.0,14215
HBL,2026-08-14,200.0,194.8,47292
MFIL,2026-08-14,729.0,757.0,20384
GMFIL,2026-08-14,452.1,447.0,17149
GCIL,2026-08-14,342.1,344.0,7179
CSY,2026-08-14,9.0,8.25,78343
GFCL,2026-08-14,604.0,603.0,5290
GRDBL,2026-08-14,1030.0,1041.0,2140
GHL,2026-08-14,256.7,249.0,314454
SHPC,2026-08-14,504.9,495.1,36520
GIBF1,2026-08-14,10.5,10.69,1000
CREST,2026-08-14,1238.8,1179.0,3882
DDBL,2026-08-14,855.0,853.0,6500
GBIMESY2,2026-08-14,9.0,9.0,700
GMLI,2026-08-14,1070.0,1099.0,3071
BHDC,2026-08-14,432.0,428.0,3377
GSY,2026-08-14,9.22,9.6,3500
GBILD86/87,2026-08-14,1061.3,1060.9,150
GUFL,2026-08-14,565.3,551.0,28635
GILB,2026-08-14,1130.0,1133.7,1536
SICL,2026-08-14,614.0,613.0,2758
MHCL,2026-08-14,311.0,311.0,943
GLBSL,2026-08-14,1757.0,1732.0,275
BHL,2026-08-14,213.1,211.0,89659
GBIME,2026-08-14,251.0,252.9,97314
GVL,2026-08-14,474.6,477.0,4851
SJLIC,2026-08-14,412.0,414.5,3076
SANVI,2026-08-14,590.0,587.0,5206
EHPL,2026-08-14,351.3,337.0,9870
DHEL,2026-08-14,600.0,594.0,11873
DHPL,2026-08-14,289.9,286.0,3493
DOLTI,2026-08-14,328.0,319.9,13200
DORDI,2026-08-14,254.0,254.0,23277
EBL,2026-08-14,729.6,728.0,46601
EBLD91,2026-08-14,1065.0,1062.0,50
ECL,2026-08-14,1520.0,1534.1,11310
EDBL,2026-08-14,575.0,578.9,3124
ENL,2026-08-14,805.0,823.9,220
CZBIL,2026-08-14,205.0,202.7,37173
FMDBL,2026-08-14,790.0,830.0,43843
GMFBS,2026-08-14,1220.0,1158.0,140
GLH,2026-08-14,253.0,261.1,43273
H8020,2026-08-14,11.8,11.8,300
RBBD2088,2026-08-14,1053.0,1053.0,25
SAIL,2026-08-14,1080.0,1099.0,13813
NLG,2026-08-14,580.0,565.0,2330
SJCL,2026-08-14,269.0,269.9,4295
SHEL,2026-08-14,308.0,306.0,36730
SIFC,2026-08-14,510.1,512.0,5438
TSHL,2026-08-14,371.0,361.0,4819
SKHL,2026-08-14,948.1,870.0,61915
SAPIL,2026-08-14,348.4,396.7,60
SLBBL,2026-08-14,808.0,802.0,2156
SFEF,2026-08-14,9.61,10.1,1000
SINDU,2026-08-14,714.0,684.0,3985
SKBBL,2026-08-14,749.8,749.8,9853
SGIC,2026-08-14,450.0,453.9,4867
SHL,2026-08-14,511.9,504.4,6324
SKHEL,2026-08-14,950.5,980.0,3244
SLBSL,2026-08-14,948.0,945.9,1963
NMB50,2026-08-14,10.36,10.37,539
SHINED,2026-08-14,1081.0,1081.0,25
SLCF,2026-08-14,10.25,9.7,6977
SIPD,2026-08-14,661.0,669.0,20300
SWBBL,2026-08-14,690.0,674.2,3891
NBLD85,2026-08-14,1021.7,1021.7,50
C30MF,2026-08-14,10.0,10.03,200
SMATA,2026-08-14,728.0,722.0,927
SMB,2026-08-14,1800.0,1827.9,380
SBL,2026-08-14,414.0,411.0,54134
SAPDBL,2026-08-14,823.0,787.8,41272
SBCF,2026-08-14,9.67,9.41,2600
NFS,2026-08-14,561.1,565.0,5511
SMJC,2026-08-14,435.2,432.2,12656
JOSHI,2026-08-14,290.0,280.0,22086
WNLB,2026-08-14,1300.0,1301.0,293
SBI,2026-08-14,398.0,404.9,11184
SBID83,2026-08-14,1066.1,1050.0,47
SBLD2091,2026-08-14,1062.0,1062.0,25
SARBTM,2026-08-14,797.7,794.9,6582
SBLD83,2026-08-14,1007.0,1006.2,900
SCB,2026-08-14,655.0,659.9,5995
SDBD87,2026-08-14,1203.8,1167.7,12
SEF2,2026-08-14,9.0,9.32,12250
SHLB,2026-08-14,1392.0,1428.6,50
SMFBS,2026-08-14,1522.0,1477.0,234
SGHC,2026-08-14,308.0,299.0,112574
TRH,2026-08-14,838.0,840.0,9178
NGPL,2026-08-14,392.6,414.9,262237
ULHC,2026-08-14,341.1,342.0,63497
SHINE,2026-08-14,414.7,414.9,9260
SMH,2026-08-14,510.0,512.0,7123
TTL,2026-08-14,680.0,714.0,6817
TAMOR,2026-08-14,453.0,457.0,34204
TVCL,2026-08-14,486.2,475.0,942
UAIL,2026-08-14,435.1,435.6,10650
SGHL,2026-08-14,516.0,518.2,40393
UHEWA,2026-08-14,620.0,628.9,31432
UMHL,2026-08-14,575.0,585.0,120565
TPKHL,2026-08-14,535.0,542.0,23246
UNHPL,2026-08-14,380.0,374.0,13316
UMRH,2026-08-14,532.0,528.5,3423
UNL,2026-08-14,47400.0,47400.0,10
UNLB,2026-08-14,1270.1,1262.9,799
UPCL,2026-08-14,349.0,348.0,18118
UPPER,2026-08-14,193.5,193.5,45764
ULBSL,2026-08-14,2625.0,2745.0,200
MPFL,2026-08-14,638.0,633.3,19938
SANIMA,2026-08-14,371.0,370.0,66561
SMHL,2026-08-14,499.0,496.0,19492
USHEC,2026-08-14,491.1,501.2,7334
USHL,2026-08-14,523.0,543.0,3581
TPC,2026-08-14,368.0,363.4,8555
SIKLES,2026-08-14,560.0,564.5,9325
SNLI,2026-08-14,410.0,411.0,11916
SNORL,2026-08-14,880.0,895.0,5560
SOHL,2026-08-14,670.0,671.0,158405
SONA,2026-08-14,401.0,403.0,9083
SOPL,2026-08-14,800.0,796.0,21037
SPC,2026-08-14,415.0,418.5,1359
SPDL,2026-08-14,377.0,372.0,25744
SPHL,2026-08-14,520.0,532.0,3126
SPIL,2026-08-14,680.5,696.6,1870
SPL,2026-08-14,630.0,658.0,2860
SRLI,2026-08-14,369.1,370.5,5181
SSHL,2026-08-14,197.0,204.6,82517
STC,2026-08-14,5200.0,5200.0,767
VLBS,2026-08-14,653.4,658.0,948
USLB,2026-08-14,1121.0,1121.0,140
NBL,2026-08-14,271.0,269.8,78599
SHIVM,2026-08-14,627.7,631.0,82324
SWASTIK,2026-08-14,1984.6,2000.0,195
NMIC,2026-08-14,900.0,900.0,1831
OMPL,2026-08-14,956.5,908.0,2349
OHL,2026-08-14,660.1,669.0,990
NIMBPO,2026-08-14,140.0,143.9,1930
NLIC,2026-08-14,734.0,731.9,14910
SIGS3,2026-08-14,10.56,10.57,300
NICSF,2026-08-14,9.0,9.0,1790
NMBHF2,2026-08-14,9.53,9.65,3400
NMFBS,2026-08-14,1125.0,1135.0,6426
NMLBBL,2026-08-14,512.6,512.0,4769
SWMF,2026-08-14,607.2,615.0,4552
RHPL,2026-08-14,260.0,255.5,12280
PBD88,2026-08-14,1170.0,1170.0,25
NRN,2026-08-14,1400.0,1390.0,77887
NSIF2,2026-08-14,10.72,10.67,53199
NSY,2026-08-14,9.17,9.2,3400
NMBMF,2026-08-14,610.0,609.9,721
SYPNL,2026-08-14,1350.0,1293.0,17666
NIFRA,2026-08-14,250.2,248.1,54730
RSY2,2026-08-14,9.0,9.08,6150
KEF,2026-08-14,10.9,10.9,43800
NMB,2026-08-14,254.6,242.8,35249
NTC,2026-08-14,866.0,883.0,31170
NMBD2085,2026-08-14,1136.0,1136.0,25
PBLD86,2026-08-14,1131.0,1102.0,2
NHDL,2026-08-14,623.2,637.0,1000
NHPC,2026-08-14,258.4,268.0,219724
NIBD84,2026-08-14,1030.0,1034.1,50
NIBLGF,2026-08-14,9.05,8.86,700
NIBLSTF,2026-08-14,8.81,8.57,118351
NIBSF2,2026-08-14,9.05,9.0,1290
NICA,2026-08-14,325.0,324.4,34884
NICD83/84,2026-08-14,1015.0,1005.3,950
NICGF2,2026-08-14,9.01,9.5,700
NRIC,2026-08-14,930.0,918.0,17583
NICL,2026-08-14,500.6,500.0,2687
NICLBSL,2026-08-14,550.0,554.9,2571
NYADI,2026-08-14,365.0,365.0,3461
NWCL,2026-08-14,690.0,690.0,1256
NUBL,2026-08-14,595.4,602.0,6130
NIMB,2026-08-14,202.0,193.9,75805
PCIL,2026-08-14,653.0,639.0,31250
VLUCL,2026-08-14,410.2,413.0,7058
NRM,2026-08-14,305.0,302.0,8640
RSY,2026-08-14,10.39,10.5,1300
RIDI,2026-08-14,371.0,367.9,264116
RLEL,2026-08-14,853.0,890.0,10283
RHGCL,2026-08-14,269.7,266.7,26205
RLFL,2026-08-14,442.1,449.0,17082
NIL,2026-08-14,609.5,609.0,2400
RMF1,2026-08-14,9.6,9.6,23325
RNLI,2026-08-14,426.4,427.0,12809
RSDC,2026-08-14,637.1,632.0,3919
SALICO,2026-08-14,585.0,588.0,4437
RSML,2026-08-14,2420.0,2556.0,19819
PCBL,2026-08-14,239.2,241.9,29726
RURU,2026-08-14,610.0,610.6,1681
SABBL,2026-08-14,937.1,930.0,16593
SADBL,2026-08-14,415.0,413.5,6438
RMF2,2026-08-14,10.1,10.1,5300
RBBF40,2026-08-14,8.93,9.01,4150
NLICL,2026-08-14,566.0,575.0,12928
SAHAS,2026-08-14,675.0,677.0,47545
PRSF,2026-08-14,12.72,12.72,200
SAEF2,2026-08-14,9.0,9.13,8200
RBCLPO,2026-08-14,11195.0,11050.0,130
PHCL,2026-08-14,304.2,302.4,67340
PMHPL,2026-08-14,319.9,316.0,3281
PMLI,2026-08-14,430.1,431.1,4336
PPCL,2026-08-14,344.0,334.9,4269
PPL,2026-08-14,310.7,325.0,8400
PRIN,2026-08-14,665.0,662.0,5491
RBCL,2026-08-14,14200.0,14150.0,40
PROFL,2026-08-14,421.7,418.5,2414
PRVU,2026-08-14,187.0,187.0,348024
PSF,2026-08-14,12.0,12.01,2200
PURE,2026-08-14,803.1,819.0,707
RADHI,2026-08-14,712.0,724.0,118154
RAWA,2026-08-14,429.0,428.2,12202
RFPL,2026-08-14,353.0,339.2,17513
SAGF,2026-08-14,9.56,10.0,1200
SAGAR,2026-08-14,1662.0,1653.0,8483
GBLBS,2026-08-14,730.0,722.9,7026
SAGF,2026-08-13,10.0,9.8,800
PPL,2026-08-13,308.0,327.0,16807
BOKD86,2026-08-13,1111.0,1111.0,355
UMHL,2026-08-13,562.0,581.0,202657
TPKHL,2026-08-13,522.5,542.0,15904
UMRH,2026-08-13,525.6,532.0,2027
SNLI,2026-08-13,410.0,408.7,19401
USHL,2026-08-13,556.5,537.9,1502
SOHL,2026-08-13,690.0,680.0,228872
KDL,2026-08-13,799.0,775.0,225
UPPER,2026-08-13,191.5,193.5,74115
UAIL,2026-08-13,432.2,436.1,2909
SABBL,2026-08-13,935.0,951.0,14548
TRH,2026-08-13,825.0,835.0,7467
ULHC,2026-08-13,372.0,359.0,61187
SRLI,2026-08-13,370.0,371.9,15966
SLBBL,2026-08-13,800.0,810.0,5034
TSHL,2026-08-13,379.0,368.0,1375
ULBSL,2026-08-13,2625.0,2748.0,580
UHEWA,2026-08-13,600.0,633.0,87365
UPCL,2026-08-13,350.5,348.5,20243
SSHL,2026-08-13,200.0,206.4,207956
UNHPL,2026-08-13,380.0,379.0,17997
SWBBL,2026-08-13,663.0,672.0,3419
TTL,2026-08-13,700.0,712.8,4544
TVCL,2026-08-13,470.0,472.1,3089
VLBS,2026-08-13,650.3,658.1,2737
STC,2026-08-13,5271.0,5200.0,40
RAWA,2026-08-13,423.7,427.3,11088
SMPDA,2026-08-13,746.0,749.9,780
SWASTIK,2026-08-13,1980.0,2015.0,570
SHL,2026-08-13,508.0,509.0,14077
SWMF,2026-08-13,611.0,614.0,761
SOPL,2026-08-13,800.0,805.0,20489
RURU,2026-08-13,610.0,610.1,2093
VLUCL,2026-08-13,416.0,413.0,4982
SNORL,2026-08-13,895.0,898.0,12482
SARBTM,2026-08-13,790.0,797.7,6884
AHPC,2026-08-13,265.0,265.9,77596
HBL,2026-08-13,193.3,195.0,42981
SPDL,2026-08-13,377.9,375.0,54290
SPC,2026-08-13,411.1,418.0,1214
SONA,2026-08-13,402.0,406.0,15164
SKHEL,2026-08-13,956.3,970.0,2537
SPIL,2026-08-13,690.0,697.8,882
SMH,2026-08-13,507.5,510.0,3808
JHAPA,2026-08-13,1077.2,1092.8,4422
RNLI,2026-08-13,421.5,426.4,14413
SGHL,2026-08-13,520.0,516.0,57776
NCCD86,2026-08-13,1116.0,1065.0,2
NBL,2026-08-13,269.0,268.7,48880
SKHL,2026-08-13,840.0,998.0,51863
SYPNL,2026-08-13,1340.0,1300.0,30086
SMFBS,2026-08-13,1485.0,1450.0,2224
MFIL,2026-08-13,745.0,766.7,38185
SJCL,2026-08-13,269.0,270.1,6941
SGHC,2026-08-13,308.0,304.0,67846
SLBSL,2026-08-13,927.0,947.8,318
SHPC,2026-08-13,492.0,496.0,25281
SHIVM,2026-08-13,642.0,632.5,37300
SKBBL,2026-08-13,755.0,746.7,4097
SIGS3,2026-08-13,10.53,10.65,15300
SBLD2091,2026-08-13,1031.1,1031.1,25
SHEL,2026-08-13,303.5,306.7,89508
SIPD,2026-08-13,672.0,680.0,33117
NIBLSTF,2026-08-13,8.56,8.56,650
SINDU,2026-08-13,718.8,680.0,6512
SIFC,2026-08-13,500.3,509.8,5706
SICL,2026-08-13,619.0,614.0,1680
NLIC,2026-08-13,738.0,733.9,29188
SFEF,2026-08-13,9.85,9.81,23600
SMHL,2026-08-13,492.9,496.0,23987
SHLB,2026-08-13,1413.1,1390.0,291
SIKLES,2026-08-13,555.0,560.0,8363
SFMF,2026-08-13,10.2,10.2,8475
SADBL,2026-08-13,408.0,413.5,13051
SMB,2026-08-13,1893.3,1822.0,1325
SBI,2026-08-13,402.0,404.0,86849
SMATA,2026-08-13,720.1,728.0,1879
SMJC,2026-08-13,435.0,438.0,23536
SLCF,2026-08-13,9.8,10.0,6300
SCBD,2026-08-13,1133.0,1070.0,2
SHINE,2026-08-13,414.9,414.7,10351
SCB,2026-08-13,650.0,658.0,8897
SBL,2026-08-13,413.0,413.5,54402
SBID83,2026-08-13,1036.0,1035.1,25
SBCF,2026-08-13,9.32,9.39,2400
SAEF2,2026-08-13,9.0,9.02,8395
TPC,2026-08-13,344.9,362.2,15375
NICA,2026-08-13,326.0,325.0,30045
UNLB,2026-08-13,1275.0,1269.9,590
RHPL,2026-08-13,253.0,259.0,18313
PROFL,2026-08-13,415.0,421.7,2936
CZBIL,2026-08-13,205.1,204.9,32743
JFL,2026-08-13,385.0,386.9,7016
OHL,2026-08-13,660.0,668.0,1214
RSY2,2026-08-13,9.0,9.12,9241
SAGAR,2026-08-13,1596.0,1700.0,6433
NICL,2026-08-13,500.0,504.0,1969
RIDI,2026-08-13,393.7,371.0,260835
RSML,2026-08-13,2423.0,2546.1,21911
SAPDBL,2026-08-13,790.0,799.9,20299
SANVI,2026-08-13,590.0,595.0,8995
NLG,2026-08-13,571.0,571.0,3359
SAIL,2026-08-13,1080.0,1100.0,27795
RMF1,2026-08-13,9.61,9.57,500
RLFL,2026-08-13,426.5,449.0,16401
RLEL,2026-08-13,850.1,855.0,3485
RSY,2026-08-13,10.25,10.5,280158
PRSF,2026-08-13,12.78,12.82,11700
PRVU,2026-08-13,189.0,190.0,131968
PBD84,2026-08-13,1070.0,1070.0,25
RSDC,2026-08-13,655.5,645.0,1674
NTC,2026-08-13,892.5,865.0,7783
RMF2,2026-08-13,9.9,10.1,11200
SJLIC,2026-08-13,408.0,415.0,7379
PBD88,2026-08-13,1200.0,1200.0,60
PURE,2026-08-13,807.1,820.0,2680
NSIF2,2026-08-13,10.68,10.89,50500
PRIN,2026-08-13,656.0,664.5,1177
NICLBSL,2026-08-13,546.0,550.0,4625
PBLD86,2026-08-13,1263.0,1131.0,3
RBBF40,2026-08-13,9.1,9.19,12144
MSLB,2026-08-13,1252.4,1260.0,928
PPCL,2026-08-13,335.5,337.0,24770
PMLI,2026-08-13,430.1,431.0,1668
PMHPL,2026-08-13,310.0,315.9,3684
PHCL,2026-08-13,296.1,304.0,103060
PCIL,2026-08-13,622.0,650.9,116719
PCBL,2026-08-13,238.2,240.0,40163
RBCL,2026-08-13,14200.0,14200.0,10
OMPL,2026-08-13,896.1,911.0,1537
ACLBSL,2026-08-13,915.1,943.0,182
PBLD84,2026-08-13,1070.0,1070.0,100
NMBD2085,2026-08-13,1150.0,1134.0,1
SPHL,2026-08-13,520.0,530.7,11100
SEF2,2026-08-13,9.2,9.1,8545
NIFRA,2026-08-13,252.4,252.0,84245
NWCL,2026-08-13,680.4,690.0,740
NUBL,2026-08-13,600.1,601.2,1128
PSF,2026-08-13,11.84,12.0,6290
NSY,2026-08-13,9.16,9.21,1700
SPL,2026-08-13,637.0,638.6,145
NRN,2026-08-13,1501.5,1419.8,116925
AKJCL,2026-08-13,364.0,363.0,229686
NMIC,2026-08-13,944.4,907.0,5643
NIMBPO,2026-08-13,141.1,140.1,4909
SAHAS,2026-08-13,672.0,675.0,50827
NLICL,2026-08-13,567.7,568.0,2823
NMFBS,2026-08-13,1106.0,1108.8,2053
NMBMF,2026-08-13,600.1,605.0,51
NMBHF2,2026-08-13,9.55,9.75,1850
NMB,2026-08-13,243.0,242.5,24299
MSHL,2026-08-13,589.1,602.0,189
NYADI,2026-08-13,362.2,366.0,3860
NICGF2,2026-08-13,8.91,8.99,800
NRIC,2026-08-13,939.9,926.0,9394
APHL,2026-08-13,810.0,810.0,5280
SAPIL,2026-08-13,300.0,345.0,70
NIMB,2026-08-13,193.1,195.4,114884
NRM,2026-08-13,305.0,303.0,7655
NICSF,2026-08-13,8.6,8.89,1710
NICFC,2026-08-13,9.1,9.07,3500
NIL,2026-08-13,620.0,609.5,2408
MABEL,2026-08-13,590.09,590.6,5161
NIFRAGED,2026-08-13,1010.1,1010.1,25
TAMOR,2026-08-13,451.1,453.0,19705
NIBSF2,2026-08-13,8.8,8.85,1898
NIBLGF,2026-08-13,8.89,8.81,25750
NHPC,2026-08-13,271.9,271.9,241188
NHDL,2026-08-13,644.9,623.2,4798
NGPL,2026-08-13,416.7,413.2,126937
NFS,2026-08-13,575.0,562.1,3649
NESDO,2026-08-13,1451.0,1466.9,185
RADHI,2026-08-13,766.2,720.0,37315
MEHL,2026-08-13,287.0,288.7,3934
CHDC,2026-08-13,2216.1,2225.0,8348
YMHL,2026-08-13,626.0,623.0,13280
CFCL,2026-08-13,630.0,646.0,190495
MNBBL,2026-08-13,366.0,365.0,16506
NABIL,2026-08-13,550.0,550.0,20477
NABBC,2026-08-13,802.0,806.7,11357
SGIC,2026-08-13,453.0,457.0,4315
MMKJL,2026-08-13,449.0,446.0,1998
MATRI,2026-08-13,802.0,805.0,1018
LBBL,2026-08-13,484.1,487.0,14585
MHL,2026-08-13,462.2,470.0,4009
ECL,2026-08-13,1530.0,1559.9,14370
MLBL,2026-08-13,348.0,351.0,15180
MLBBL,2026-08-13,1070.0,1062.5,1969
MPFL,2026-08-13,610.0,632.5,26581
MNMF1,2026-08-13,9.5,9.5,800
MKHC,2026-08-13,269.0,271.0,22052
MKHL,2026-08-13,519.8,500.0,1664
MKJC,2026-08-13,440.6,450.0,5478
NBF3,2026-08-13,9.58,9.72,9140
MLBS,2026-08-13,1140.0,1138.0,285
GMLI,2026-08-13,1127.0,1098.0,1058
MERO,2026-08-13,660.2,662.0,2521
MBL,2026-08-13,254.0,254.8,43542
MEPDL,2026-08-13,355.3,396.7,220
MEN,2026-08-13,616.0,614.9,43318
MMF1,2026-08-13,8.8,9.0,1000
MDB,2026-08-13,575.0,583.7,864
SALICO,2026-08-13,602.9,598.9,2941
LUK,2026-08-13,10.1,9.73,69315
MBJC,2026-08-13,252.9,267.0,18648
DHEL,2026-08-13,598.0,600.0,17918
LSH12,2026-08-13,9.0,9.03,3950
MANDU,2026-08-13,802.0,811.9,5745
MAKAR,2026-08-13,412.0,411.0,42802
MHCL,2026-08-13,308.0,315.5,5244
MKCL,2026-08-13,1050.0,1052.0,625
LVF2,2026-08-13,9.1,9.11,400
HATHY,2026-08-13,676.0,677.0,1764
KMCDB,2026-08-13,795.0,780.0,4044
KPCL,2026-08-13,474.9,466.0,4254
ICFC,2026-08-13,595.0,603.0,4175
KBL,2026-08-13,219.0,218.0,170849
MLBSL,2026-08-13,1234.1,1310.0,3558
LEC,2026-08-13,207.0,224.5,266088
HHL,2026-08-13,332.0,339.0,16549
JBBD87,2026-08-13,1106.1,1106.1,25
MEL,2026-08-13,208.1,212.0,50473
KSBBL,2026-08-13,475.0,479.0,22050
GWFD83,2026-08-13,1054.3,1085.0,1
KSY,2026-08-13,9.1,9.3,500
ILBS,2026-08-13,888.0,893.0,5108
LICN,2026-08-13,774.0,775.5,3982
LBLD86,2026-08-13,1139.0,1083.0,2
KKHC,2026-08-13,327.0,320.0,343949
KHPL,2026-08-13,772.6,808.0,6003
JBBL,2026-08-13,337.9,338.1,9349
KEF,2026-08-13,10.84,10.97,353620
KDBY,2026-08-13,10.88,11.0,58048
KAHL,2026-08-13,508.0,539.0,23312
JOSHI,2026-08-13,279.0,284.9,36722
SANIMA,2026-08-13,366.0,371.8,107424
WNLB,2026-08-13,1316.0,1332.0,120
HFIN,2026-08-13,669.0,679.0,18355
HEIP,2026-08-13,318.2,330.0,26174
KBSH,2026-08-13,950.0,957.8,18544
HDHPC,2026-08-13,208.8,213.5,211893
MHNL,2026-08-13,228.0,244.0,18187
IHL,2026-08-13,346.0,344.4,7700
RFPL,2026-08-13,331.1,347.0,38665
KSBBLD87,2026-08-13,1100.0,1100.0,25
HLI,2026-08-13,317.0,319.9,14374
HLBSL,2026-08-13,887.0,879.0,262
HLICF,2026-08-13,8.78,8.41,700
HURJA,2026-08-13,240.0,245.8,158691
HRL,2026-08-13,581.1,583.0,37628
HDL,2026-08-13,1124.3,1166.0,11207
ILI,2026-08-13,413.0,416.0,5766
HPPL,2026-08-13,373.0,380.5,66373
HIMSTAR,2026-08-13,702.3,701.3,2030
GMFIL,2026-08-13,448.1,455.0,8448
IGI,2026-08-13,427.0,430.0,7975
ICFCD89,2026-08-13,1077.4,1092.0,275
NMLBBL,2026-08-13,519.0,520.0,2106
HEI,2026-08-13,537.0,532.0,7966
GBILD86/87,2026-08-13,1128.0,1065.1,3
ICFCD88,2026-08-13,1105.0,1125.0,50
RHGCL,2026-08-13,262.5,265.0,41238
JBLB,2026-08-13,1254.1,1260.0,2685
BJHL,2026-08-13,683.0,687.0,8562
GLBSL,2026-08-13,1735.0,1757.0,256
GBIME,2026-08-13,249.9,251.6,138101
LLBS,2026-08-13,860.0,885.0,443
CYCL,2026-08-13,1298.8,1300.0,5611
HIDCLP,2026-08-13,182.0,189.4,56677
GLH,2026-08-13,255.7,263.8,102439
GILB,2026-08-13,1090.0,1110.0,6744
NADEP,2026-08-13,710.0,711.0,556
RBCLPO,2026-08-13,11225.0,11225.0,40
GIBF1,2026-08-13,10.7,10.8,1900
GHL,2026-08-13,233.9,256.7,1184057
GSY,2026-08-13,9.5,9.35,2900
LSL,2026-08-13,217.7,220.6,36922
GBIMEP,2026-08-13,100.0,100.0,8622
CSY,2026-08-13,8.81,9.0,3429
BHDC,2026-08-13,422.2,431.0,5400
GMFBS,2026-08-13,1184.0,1180.0,397
BNT,2026-08-13,11500.0,11899.0,157
GUFL,2026-08-13,580.0,568.1,25728
EBL,2026-08-13,724.0,722.0,12437
GRDBL,2026-08-13,1034.0,1049.0,8894
BHPL,2026-08-13,495.0,490.0,2861
GBBL,2026-08-13,414.0,424.3,18886
FMDBL,2026-08-13,788.7,776.0,18971
ENL,2026-08-13,821.6,803.7,320
EHPL,2026-08-13,345.0,334.6,4543
EDBL,2026-08-13,585.0,587.0,7901
EBLD91,2026-08-13,1040.4,1051.1,75
MBLEF,2026-08-13,10.23,10.51,146895
GVL,2026-08-13,481.0,478.2,5081
DORDI,2026-08-13,248.5,254.0,25790
DOLTI,2026-08-13,318.0,318.7,22049
DLBS,2026-08-13,1150.0,1163.2,257
DHPL,2026-08-13,280.0,289.9,2039
GBIMESY2,2026-08-13,8.86,9.0,1938
DDBL,2026-08-13,848.0,855.0,7676
BNHC,2026-08-13,267.6,286.0,14315
GBBD85,2026-08-13,1061.2,1061.0,50
CHCL,2026-08-13,481.0,482.1,7613
USLB,2026-08-13,1135.0,1121.5,626
H8020,2026-08-13,11.71,11.8,700
ADBL,2026-08-13,302.0,304.8,70052
BHCL,2026-08-13,486.2,488.6,16230
CGH,2026-08-13,790.9,784.7,5159
CKHL,2026-08-13,595.0,610.0,3805
CIZBD90,2026-08-13,1220.0,1220.0,50
CITY,2026-08-13,372.0,370.3,39521
GCIL,2026-08-13,340.1,346.0,3656
GBLBS,2026-08-13,730.3,743.6,3087
CORBL,2026-08-13,1071.0,1055.1,24249
CREST,2026-08-13,1244.2,1179.9,2583
CHL,2026-08-13,260.0,272.0,26533
AHL,2026-08-13,415.0,413.0,1853
CCBD88,2026-08-13,1205.0,1175.0,25
CBBL,2026-08-13,933.0,935.0,7611
C30MF,2026-08-13,10.0,10.0,200
BUNGAL,2026-08-13,586.0,585.0,16109
CIT,2026-08-13,1707.0,1713.6,4278
GFCL,2026-08-13,598.0,603.9,6543
MCHL,2026-08-13,282.0,280.0,1799
JSLBB,2026-08-13,962.0,960.0,622
NBLD87,2026-08-13,1080.0,1080.0,25
BGWT,2026-08-13,528.0,530.0,3018
BPCL,2026-08-13,645.0,649.0,14205
BFC,2026-08-13,497.0,494.0,8753
BEDC,2026-08-13,314.0,319.0,22277
BBC,2026-08-13,4200.0,4200.0,102
BARUN,2026-08-13,318.1,323.0,27331
BANDIPUR,2026-08-13,678.0,685.5,18749
AVYAN,2026-08-13,1055.0,1089.0,10071
API,2026-08-13,333.9,331.6,164167
ANLB,2026-08-13,5200.0,5400.0,1587
CLI,2026-08-13,430.0,432.0,9320
ALICL,2026-08-13,422.0,419.0,5207
ALBSL,2026-08-13,1071.0,1125.0,13675
AKPL,2026-08-13,256.5,255.9,68380
BHL,2026-08-13,208.0,212.0,193280
HIDCL,2026-08-13,267.0,258.8,50911
NBF2,2026-08-13,10.05,9.88,1900
FOWAD,2026-08-13,944.0,939.0,532
USHEC,2026-08-13,469.3,500.0,12400
SEF,2026-08-12,10.2,10.05,16500
SAGAR,2026-08-12,1700.0,1680.0,7720
DORDI,2026-08-12,247.0,250.0,9600
UPPER,2026-08-12,192.0,191.5,47254
SGIC,2026-08-12,453.0,452.8,7484
SANVI,2026-08-12,570.0,599.5,6572
SPL,2026-08-12,630.0,640.0,380
TTL,2026-08-12,715.0,714.9,5674
USLB,2026-08-12,1105.0,1115.0,549
KEF,2026-08-12,10.59,10.83,366136
RADHI,2026-08-12,700.0,729.8,142030
TVCL,2026-08-12,475.1,474.0,2990
APHL,2026-08-12,830.0,815.0,11981
UHEWA,2026-08-12,661.0,610.0,34069
TSHL,2026-08-12,362.0,369.0,2458
SONA,2026-08-12,405.0,402.4,12928
SOHL,2026-08-12,670.0,690.0,319127
UAIL,2026-08-12,430.3,435.0,4591
UNL,2026-08-12,47700.0,47700.0,10
SIFC,2026-08-12,504.0,503.2,3182
SHPC,2026-08-12,498.0,494.9,10919
SRLI,2026-08-12,368.0,370.0,5232
UNHPL,2026-08-12,368.0,377.9,24865
UPCL,2026-08-12,354.8,350.0,18520
SMPDA,2026-08-12,748.0,746.0,833
SOPL,2026-08-12,810.0,801.1,21064
VLUCL,2026-08-12,411.0,414.9,1575
SWBBL,2026-08-12,701.0,676.0,1383
SWASTIK,2026-08-12,1980.0,2015.0,345
STC,2026-08-12,5210.0,5200.0,896
SSHL,2026-08-12,200.0,200.0,53949
SPIL,2026-08-12,677.0,694.0,3464
CORBLP,2026-08-12,100.0,100.0,56175
SICL,2026-08-12,612.4,615.0,5969
SHINE,2026-08-12,410.0,410.0,15638
ULHC,2026-08-12,425.0,371.2,45339
SCB,2026-08-12,650.0,650.0,4802
UMHL,2026-08-12,560.0,575.2,46874
NBLD87,2026-08-12,1080.0,1074.0,5
NBL,2026-08-12,264.0,267.0,40763
UMRH,2026-08-12,528.1,530.0,1642
YMHL,2026-08-12,612.0,626.0,22832
SNORL,2026-08-12,901.1,903.0,8916
VLBS,2026-08-12,650.1,662.0,1494
SHLB,2026-08-12,1430.0,1456.0,431
SMH,2026-08-12,512.0,509.4,7468
SBLD2091,2026-08-12,1041.8,1041.8,25
SMHL,2026-08-12,496.0,492.9,48400
WNLB,2026-08-12,1355.0,1315.0,255
SKBBL,2026-08-12,750.0,746.2,5261
SGHL,2026-08-12,498.0,519.0,55196
SINDU,2026-08-12,704.9,684.6,8940
NABILD2089,2026-08-12,1050.0,1068.1,531
SMB,2026-08-12,1855.7,1807.0,146
SLBBL,2026-08-12,794.0,797.0,3175
ACLBSL,2026-08-12,927.9,943.0,628
SNLI,2026-08-12,412.0,409.0,20127
SBLD84,2026-08-12,1045.1,1045.1,25
SKHEL,2026-08-12,975.0,970.0,1381
RHGCL,2026-08-12,260.0,257.0,13470
SJCL,2026-08-12,267.1,271.0,3396
SMATA,2026-08-12,720.6,724.5,799
SLCF,2026-08-12,9.21,9.72,8100
SIKLES,2026-08-12,553.1,555.9,3588
JSLBB,2026-08-12,977.9,967.1,58
NCCD86,2026-08-12,1185.0,1116.0,3
SHEL,2026-08-12,303.3,305.0,26751
TRH,2026-08-12,799.0,825.0,8206
SLBSL,2026-08-12,925.0,927.0,2356
NTC,2026-08-12,861.0,862.1,5408
SKHL,2026-08-12,870.2,883.0,8193
SIGS3,2026-08-12,10.6,10.6,1140
SGHC,2026-08-12,310.0,306.9,56056
PURE,2026-08-12,816.0,829.0,11760
SFEF,2026-08-12,10.0,9.8,49410
SMJC,2026-08-12,450.0,442.0,9512
SHIVM,2026-08-12,640.0,632.1,61657
SIPD,2026-08-12,678.0,675.0,7484
SBI,2026-08-12,401.0,404.0,23854
RLEL,2026-08-12,865.0,855.0,18108
SADBL,2026-08-12,413.0,409.9,25395
SFMF,2026-08-12,10.2,10.3,2519
SBCF,2026-08-12,9.6,9.36,170993
SEF2,2026-08-12,8.78,9.21,21470
ADBLD83,2026-08-12,1025.0,1025.0,100
USHEC,2026-08-12,497.1,494.0,10090
AKPL,2026-08-12,255.0,252.0,57770
SPHL,2026-08-12,517.0,519.9,3101
SYPNL,2026-08-12,1322.0,1298.0,32019
HLICF,2026-08-12,8.5,8.53,1500
NICLBSL,2026-08-12,540.0,548.5,5770
RMF1,2026-08-12,10.02,9.84,55300
SANIMA,2026-08-12,369.0,366.0,143595
RLFL,2026-08-12,452.9,448.9,27609
RSY2,2026-08-12,9.01,9.08,9600
RIDI,2026-08-12,377.0,375.0,275981
PBD88,2026-08-12,1172.0,1170.0,25
RSDC,2026-08-12,637.1,638.4,492
MLBSL,2026-08-12,1370.0,1299.0,7755
MMF1,2026-08-12,8.72,9.01,8950
RBCL,2026-08-12,14110.0,14025.0,100
PSF,2026-08-12,11.86,12.0,5400
RURU,2026-08-12,611.0,608.1,1239
NWCL,2026-08-12,684.0,690.0,1087
PCBL,2026-08-12,240.0,240.0,28515
PPL,2026-08-12,310.0,324.0,11444
CSY,2026-08-12,8.87,9.07,4000
SAHAS,2026-08-12,705.0,672.0,71678
SAGF,2026-08-12,10.0,10.2,8600
SBL,2026-08-12,411.0,410.9,44649
RNLI,2026-08-12,421.1,421.5,18238
TPKHL,2026-08-12,550.0,550.0,19197
PPCL,2026-08-12,321.0,335.5,6280
NYADI,2026-08-12,365.0,368.9,7375
SPDL,2026-08-12,360.9,370.5,31236
SALICO,2026-08-12,600.0,589.0,618
OMPL,2026-08-12,895.1,900.0,3540
PRVU,2026-08-12,190.0,189.4,58663
PRSF,2026-08-12,12.78,12.79,1100
PRIN,2026-08-12,669.5,666.9,4500
SJLIC,2026-08-12,405.2,412.0,14107
NMLBBL,2026-08-12,519.0,514.0,2671
RSY,2026-08-12,10.11,10.4,11300
PCIL,2026-08-12,620.0,623.0,26706
NMFBS,2026-08-12,1101.0,1115.0,3265
RSML,2026-08-12,2600.0,2550.1,23929
RHPL,2026-08-12,253.3,253.6,11184
SMFBS,2026-08-12,1603.3,1499.0,660
NIMBD90,2026-08-12,1217.0,1217.0,3000
SPC,2026-08-12,414.0,417.8,1106
PBLD86,2026-08-12,1383.2,1263.0,4
RBBF40,2026-08-12,9.2,9.1,32410
NIMBPO,2026-08-12,143.1,141.0,16572
NUBL,2026-08-12,603.0,600.1,4091
NIFRA,2026-08-12,244.0,252.4,83476
NICSF,2026-08-12,8.8,8.83,33117
NMBHF2,2026-08-12,9.5,9.55,1200
PHCL,2026-08-12,300.0,298.5,25852
NIMB,2026-08-12,201.0,193.1,47338
NLG,2026-08-12,559.0,571.0,13229
NMBMF,2026-08-12,600.0,599.0,1699
NRM,2026-08-12,304.0,303.3,4792
SHL,2026-08-12,502.0,508.0,23413
NRIC,2026-08-12,927.0,922.0,10977
JOSHI,2026-08-12,284.4,277.9,39905
RFPL,2026-08-12,342.5,336.5,9817
NICGF2,2026-08-12,9.01,9.08,1590
NIBD84,2026-08-12,1030.3,1030.3,25
NSY,2026-08-12,9.0,9.4,25500
NSIF2,2026-08-12,10.7,10.87,12306
ULBSL,2026-08-12,2625.0,2733.0,330
USHL,2026-08-12,509.0,530.0,2798
NICFC,2026-08-12,9.2,9.3,4529
NICL,2026-08-12,500.0,500.0,2876
SABBL,2026-08-12,930.0,955.0,11943
NRN,2026-08-12,1350.0,1430.0,224771
NIBLSTF,2026-08-12,8.5,8.55,8722
NHDL,2026-08-12,631.0,642.0,1749
NHPC,2026-08-12,260.3,271.9,123741
NLIC,2026-08-12,742.0,738.8,14922
NMIC,2026-08-12,915.0,901.0,1137
NICBF,2026-08-12,9.5,9.2,600
NICA,2026-08-12,330.0,325.1,31814
BHL,2026-08-12,208.0,207.7,23636
NIFRAGED,2026-08-12,1020.0,1020.0,25
NIL,2026-08-12,606.0,606.2,6410
NIBSF2,2026-08-12,8.87,8.83,800
NMB,2026-08-12,251.0,242.9,34208
NFS,2026-08-12,565.0,565.0,17373
SAIL,2026-08-12,1150.0,1093.0,15742
TAMOR,2026-08-12,451.1,451.0,46091
SWMF,2026-08-12,606.0,615.0,2435
SARBTM,2026-08-12,780.0,794.9,2771
NBF3,2026-08-12,9.57,9.59,3700
KMCDB,2026-08-12,800.0,796.3,6542
RMF2,2026-08-12,9.81,9.81,100
LSL,2026-08-12,221.1,220.9,70498
MKCL,2026-08-12,1060.0,1050.0,4366
CYCL,2026-08-12,1265.1,1237.0,2655
NABIL,2026-08-12,551.0,550.0,27049
HIDCL,2026-08-12,251.8,265.0,163995
NGPL,2026-08-12,441.0,415.0,255946
GBBL,2026-08-12,420.0,419.5,24874
MPFL,2026-08-12,618.0,624.0,15931
NABBC,2026-08-12,832.0,813.1,11627
NADEP,2026-08-12,701.3,720.0,209
MNMF1,2026-08-12,9.54,9.54,800
PMLI,2026-08-12,436.0,432.9,23192
KAHL,2026-08-12,539.0,532.0,46191
SBLD89,2026-08-12,1228.1,1228.1,20
MLBS,2026-08-12,1115.0,1144.0,115
NBF2,2026-08-12,9.85,9.84,220
MSLB,2026-08-12,1246.1,1252.4,313
MSHL,2026-08-12,600.0,601.0,288
MLBBL,2026-08-12,1085.0,1067.0,4754
LVF2,2026-08-12,9.43,9.31,8933
MABEL,2026-08-12,592.1,590.1,3649
GWFD83,2026-08-12,1085.0,1054.3,11
PMHPL,2026-08-12,314.0,315.0,2826
MEL,2026-08-12,208.6,208.1,37000
MEHL,2026-08-12,283.0,287.0,3555
GCIL,2026-08-12,346.0,342.0,11274
MFIL,2026-08-12,761.0,783.0,27501
MBL,2026-08-12,254.0,254.0,33624
MCHL,2026-08-12,280.0,280.0,2155
MERO,2026-08-12,663.0,663.1,1814
MEPDL,2026-08-12,300.0,345.0,150
MEN,2026-08-12,641.0,614.0,67448
MHL,2026-08-12,466.0,464.0,2741
MANDU,2026-08-12,796.0,802.0,1452
TPC,2026-08-12,368.0,363.0,12403
LSH12,2026-08-12,9.1,9.05,12750
MATRI,2026-08-12,815.0,801.1,349
LBBL,2026-08-12,485.0,485.0,17555
KBLD89,2026-08-12,1274.0,1257.0,1105
FOWAD,2026-08-12,930.0,935.0,1563
MND84/85,2026-08-12,1052.2,1052.2,100
MAKAR,2026-08-12,420.1,415.0,18753
HDHPC,2026-08-12,197.6,207.0,51851
MNBBL,2026-08-12,368.8,365.0,39825
MDB,2026-08-12,571.0,579.8,2881
JBLB,2026-08-12,1250.0,1270.0,1870
HURJA,2026-08-12,237.0,237.0,23768
LBLD86,2026-08-12,1210.0,1139.0,3
KSY,2026-08-12,9.6,9.36,2130
GMLI,2026-08-12,1105.0,1095.0,1005
MBJC,2026-08-12,261.0,265.5,11114
LLBS,2026-08-12,908.0,885.0,518
JHAPA,2026-08-12,1040.4,1087.9,3313
KPCL,2026-08-12,461.0,467.0,5337
LEC,2026-08-12,218.0,217.8,35487
GFCL,2026-08-12,603.0,598.0,4471
LUK,2026-08-12,10.28,10.15,13300
HRL,2026-08-12,596.3,581.0,32750
KSBBL,2026-08-12,468.0,474.9,26203
GRDBL,2026-08-12,1031.2,1050.0,4984
SAEF2,2026-08-12,9.0,9.08,8590
MHNL,2026-08-12,254.1,240.0,4858
KHPL,2026-08-12,823.7,800.1,6691
SAPDBL,2026-08-12,800.0,791.3,14082
KBL,2026-08-12,226.8,219.0,394307
ICFCD89,2026-08-12,1077.1,1077.4,50
LICN,2026-08-12,779.9,772.0,4221
RAWA,2026-08-12,429.0,423.8,9538
JFL,2026-08-12,385.0,388.0,4317
KBSH,2026-08-12,950.0,961.0,13364
PRVUPO,2026-08-12,104.0,104.0,13000
ILI,2026-08-12,407.0,413.0,3607
ILBS,2026-08-12,885.0,875.0,88
ICFC,2026-08-12,598.0,595.0,8451
KDBY,2026-08-12,10.83,10.98,139886
HFIN,2026-08-12,676.0,669.0,14769
ICFCD83,2026-08-12,1234.1,1049.0,42
KKHC,2026-08-12,316.0,324.0,341070
HIMSTAR,2026-08-12,724.9,715.0,3402
ICFCD88,2026-08-12,1115.0,1130.0,75
JBBL,2026-08-12,338.0,336.0,33905
HEI,2026-08-12,525.0,537.9,341
HPPL,2026-08-12,373.0,379.0,113217
IHL,2026-08-12,337.0,341.0,1410
HLI,2026-08-12,318.0,317.0,9096
FMDBL,2026-08-12,790.0,788.7,35577
NIBLGF,2026-08-12,8.9,8.89,201855
IGI,2026-08-12,428.0,427.1,2967
GILB,2026-08-12,1051.8,1078.0,89
ENL,2026-08-12,800.0,847.0,1388
CREST,2026-08-12,1247.4,1185.0,4136
GVL,2026-08-12,475.3,481.0,8931
GUFL,2026-08-12,575.0,576.0,14101
GMFBS,2026-08-12,1115.0,1152.0,222
ECL,2026-08-12,1530.0,1575.0,29731
GLBSL,2026-08-12,1740.0,1753.0,206
GMFIL,2026-08-12,452.0,449.1,13326
MKJC,2026-08-12,455.0,448.0,5717
HDL,2026-08-12,1120.0,1166.0,17422
CGH,2026-08-12,775.0,778.0,6251
GIBF1,2026-08-12,10.68,10.69,3400
GHL,2026-08-12,230.0,229.4,48393
MLBL,2026-08-12,330.7,346.5,9353
GBIMESY2,2026-08-12,9.06,9.11,600
HIDCLP,2026-08-12,188.1,187.5,26415
EBLD91,2026-08-12,1061.0,1061.0,25
MKHC,2026-08-12,275.0,267.0,25356
GLH,2026-08-12,258.0,257.2,13752
BGWT,2026-08-12,545.0,537.6,567
MKHL,2026-08-12,495.0,500.0,3148
CKHL,2026-08-12,582.0,609.0,1641
HEIP,2026-08-12,328.0,328.0,10
BEDC,2026-08-12,323.0,316.0,10321
CIT,2026-08-12,1709.9,1704.7,3114
EBL,2026-08-12,715.0,716.6,16152
CITY,2026-08-12,366.1,372.0,89313
GBIME,2026-08-12,238.2,250.0,189235
PROFL,2026-08-12,416.0,417.2,2175
HBL,2026-08-12,194.0,195.0,118391
DOLTI,2026-08-12,321.0,318.0,7455
GSY,2026-08-12,9.7,9.5,1150
DLBS,2026-08-12,1145.1,1147.0,408
DHPL,2026-08-12,282.1,283.0,3173
DHEL,2026-08-12,610.0,602.0,18205
DDBL,2026-08-12,850.0,850.0,15008
GBBD85,2026-08-12,1060.1,1061.0,35
H8020,2026-08-12,11.72,12.07,600
EBLD86,2026-08-12,1070.0,1070.0,25
BJHL,2026-08-12,681.0,684.0,7016
ANLB,2026-08-12,5200.0,5305.0,2070
KDL,2026-08-12,770.0,779.8,572
BUNGAL,2026-08-12,591.0,588.0,10866
CLI,2026-08-12,437.2,432.0,21143
BFC,2026-08-12,499.0,493.9,28745
HHL,2026-08-12,330.0,332.1,20260
BBC,2026-08-12,4181.0,4200.0,271
EDBL,2026-08-12,587.9,583.5,2655
EHPL,2026-08-12,345.5,336.0,24313
CHDC,2026-08-12,2180.0,2238.0,18189
CHL,2026-08-12,260.0,264.0,9457
HATHY,2026-08-12,681.0,676.0,4187
GBLBS,2026-08-12,729.3,749.9,989
BHDC,2026-08-12,433.0,428.5,2217
BANDIPUR,2026-08-12,700.0,685.0,7274
CBBL,2026-08-12,928.2,933.0,5915
C30MF,2026-08-12,10.0,10.0,120
BARUN,2026-08-12,319.1,317.5,16723
BPCL,2026-08-12,653.0,655.0,22253
MHCL,2026-08-12,314.0,312.0,1765
NLICL,2026-08-12,569.5,565.0,7501
CZBIL,2026-08-12,203.0,203.9,32544
MBLEF,2026-08-12,10.13,10.34,137100
API,2026-08-12,339.8,331.0,116519
NESDO,2026-08-12,1430.0,1450.0,917
BNHC,2026-08-12,290.0,281.6,12650
BNT,2026-08-12,11550.0,11600.0,110
UNLB,2026-08-12,1237.0,1269.8,51
AHPC,2026-08-12,267.0,264.0,62813
AHL,2026-08-12,410.0,416.5,1032
HLBSL,2026-08-12,863.0,875.0,737
CFCL,2026-08-12,625.1,650.0,343174
ALICL,2026-08-12,428.7,418.0,9785
ALBSL,2026-08-12,1070.0,1114.0,4715
OHL,2026-08-12,656.0,670.0,2724
CORBL,2026-08-12,1174.0,1086.0,38077
BHPL,2026-08-12,499.0,485.0,1640
AKJCL,2026-08-12,350.0,363.8,259591
AVYAN,2026-08-12,1043.0,1060.0,2924
BHCL,2026-08-12,466.0,493.0,12040
ADBL,2026-08-12,301.0,304.0,34081
MMKJL,2026-08-12,450.0,449.9,1475
CHCL,2026-08-12,482.1,481.0,9938
SHL,2026-08-11,502.0,503.0,19086
SBD87,2026-08-11,1080.0,1080.0,50
BFC,2026-08-11,502.9,492.0,33215
SLBSL,2026-08-11,962.1,949.0,5113
UNHPL,2026-08-11,368.0,375.0,13749
NHPC,2026-08-11,273.0,273.7,201232
TVCL,2026-08-11,470.0,480.0,3238
USLB,2026-08-11,1116.0,1120.0,1287
USHL,2026-08-11,523.0,535.0,1518
USHEC,2026-08-11,486.4,497.9,4333
UPCL,2026-08-11,345.0,349.0,33888
TRH,2026-08-11,783.1,795.1,11635
SKBBL,2026-08-11,745.0,747.1,8975
SHIVM,2026-08-11,603.5,636.0,46483
NIBSF2,2026-08-11,8.79,8.87,4100
FMDBL,2026-08-11,850.0,810.7,144234
ULHC,2026-08-11,365.0,436.6,74681
ULBSL,2026-08-11,2660.0,2744.2,450
UNLB,2026-08-11,1300.0,1271.9,1110
UPPER,2026-08-11,191.8,192.0,64653
UHEWA,2026-08-11,598.0,629.9,168927
SHLB,2026-08-11,1434.0,1474.0,150
MLBSL,2026-08-11,1560.0,1370.0,29670
SYPNL,2026-08-11,1277.0,1321.0,19605
TSHL,2026-08-11,363.5,361.7,8670
NESDO,2026-08-11,1450.0,1448.0,508
TTL,2026-08-11,726.3,720.0,8667
SPC,2026-08-11,417.0,416.2,3944
WNLB,2026-08-11,1370.0,1355.0,258
SOHL,2026-08-11,680.0,695.0,632667
SOPL,2026-08-11,792.0,814.0,34655
SBL,2026-08-11,405.0,410.0,74512
TPC,2026-08-11,361.5,361.3,11589
TAMOR,2026-08-11,440.1,449.2,21063
SWBBL,2026-08-11,672.0,670.0,7694
STC,2026-08-11,5151.0,5200.0,1402
SBLD89,2026-08-11,1225.1,1225.1,10
SMH,2026-08-11,514.0,511.9,4007
SWASTIK,2026-08-11,2023.0,1999.0,391
SSHL,2026-08-11,191.0,201.7,56990
SRLI,2026-08-11,368.0,370.0,12977
SPL,2026-08-11,606.4,636.1,1020
SPIL,2026-08-11,674.0,683.1,7935
SPHL,2026-08-11,506.0,521.7,6183
PCBL,2026-08-11,239.1,240.0,66626
SLBBL,2026-08-11,790.1,794.0,4911
NIBLGF,2026-08-11,8.81,8.88,2635
TPKHL,2026-08-11,532.5,556.8,38961
UMRH,2026-08-11,520.2,533.6,3520
MPFL,2026-08-11,615.0,623.6,8431
SMFBS,2026-08-11,1538.0,1527.0,607
SMB,2026-08-11,1825.0,1855.7,1579
SICL,2026-08-11,610.0,611.4,4788
SMATA,2026-08-11,730.0,729.0,775
UNL,2026-08-11,48300.0,48500.0,45
JOSHI,2026-08-11,278.0,283.0,28480
SONA,2026-08-11,403.0,403.1,13067
SMJC,2026-08-11,445.0,444.9,23322
SJLIC,2026-08-11,422.0,409.0,17436
KKHC,2026-08-11,331.0,317.5,433088
SJCL,2026-08-11,270.0,270.0,4195
SLCF,2026-08-11,9.22,9.33,1200
SBLD2091,2026-08-11,1055.0,1055.0,25
NLICL,2026-08-11,568.0,567.0,10114
SAGAR,2026-08-11,1700.0,1700.0,10002
NFS,2026-08-11,565.5,560.2,6032
RSY,2026-08-11,10.14,10.27,2650
SFMF,2026-08-11,10.02,10.3,11125
SFEF,2026-08-11,9.8,9.8,100
SMHL,2026-08-11,493.0,494.0,29826
SMPDA,2026-08-11,750.0,749.9,1220
SIGS2,2026-08-11,10.5,10.7,10800
SHEL,2026-08-11,309.0,305.9,44730
SGIC,2026-08-11,430.0,453.0,4655
SGHL,2026-08-11,527.0,523.4,83559
SGHC,2026-08-11,315.0,310.0,62019
SEF2,2026-08-11,9.0,9.05,8040
SIFC,2026-08-11,505.0,505.6,2727
SHPC,2026-08-11,495.0,498.0,32659
SEF,2026-08-11,10.0,10.25,33530
SCBD,2026-08-11,1133.0,1133.0,10
SCB,2026-08-11,653.0,649.3,12584
NRIC,2026-08-11,883.0,927.0,13077
UAIL,2026-08-11,432.0,434.0,7575
SNLI,2026-08-11,410.0,412.0,11999
NMIC,2026-08-11,919.0,906.0,4285
UMHL,2026-08-11,570.0,578.8,51862
SAIL,2026-08-11,1100.0,1100.0,56890
DOLTI,2026-08-11,320.0,319.0,11936
SALICO,2026-08-11,589.0,595.0,4039
MLBBL,2026-08-11,1110.0,1099.5,3056
PPL,2026-08-11,325.0,326.0,12624
SAHAS,2026-08-11,671.0,674.4,76201
NSY,2026-08-11,9.3,9.2,1700
SAGF,2026-08-11,10.11,10.0,400
RLFL,2026-08-11,457.9,446.0,11787
PPCL,2026-08-11,335.0,337.8,7123
SANVI,2026-08-11,580.0,598.9,9026
SIPD,2026-08-11,679.0,680.0,17493
NMLBBL,2026-08-11,520.0,519.0,5696
PMLI,2026-08-11,433.0,436.0,6097
RSML,2026-08-11,2502.0,2626.0,31269
NRN,2026-08-11,1377.1,1377.0,30644
SABBL,2026-08-11,970.0,957.2,16375
SAEF2,2026-08-11,9.1,9.07,11415
NMFBS,2026-08-11,1127.9,1104.0,1893
SBI,2026-08-11,401.0,405.0,22384
PSF,2026-08-11,11.8,11.84,4180
RURU,2026-08-11,610.0,607.0,3391
RSDC,2026-08-11,669.0,649.0,4373
KAHL,2026-08-11,537.0,542.0,47780
RNLI,2026-08-11,421.0,422.9,23788
SWMF,2026-08-11,649.9,612.0,1348
RLEL,2026-08-11,867.0,863.0,3805
RIDI,2026-08-11,375.0,377.0,879886
RHPL,2026-08-11,254.1,256.4,11892
RHGCL,2026-08-11,257.8,258.0,13517
RMF2,2026-08-11,9.82,9.82,100
PRIN,2026-08-11,668.0,669.3,1425
VLUCL,2026-08-11,435.7,411.2,2901
RMF1,2026-08-11,9.6,9.82,18100
VLBS,2026-08-11,655.1,663.0,1492
RADHI,2026-08-11,670.0,716.8,38611
RFPL,2026-08-11,332.5,336.5,25800
NLG,2026-08-11,575.0,566.0,9060
RBBD2088,2026-08-11,994.1,1053.0,52
PROFL,2026-08-11,425.0,416.0,4803
RBCL,2026-08-11,14399.0,14108.1,50
RBBF40,2026-08-11,9.1,9.01,25941
RAWA,2026-08-11,429.0,423.8,15504
RSY2,2026-08-11,8.58,9.01,18520
PRVU,2026-08-11,190.0,190.0,94685
NSIF2,2026-08-11,10.66,10.7,400
PCIL,2026-08-11,620.0,623.0,24243
PHCL,2026-08-11,292.0,300.0,35029
SARBTM,2026-08-11,783.0,788.0,9333
PMHPL,2026-08-11,312.1,318.5,5691
NUBL,2026-08-11,610.0,601.4,7597
NIMBPO,2026-08-11,144.0,144.0,1
NMBHF2,2026-08-11,9.56,9.57,2200
PBD88,2026-08-11,1170.0,1150.0,100
OMPL,2026-08-11,905.0,895.1,3388
OHL,2026-08-11,642.0,656.1,1562
NYADI,2026-08-11,365.0,369.9,3354
NWCL,2026-08-11,700.0,687.0,2268
SADBL,2026-08-11,415.0,410.0,19081
PBD85,2026-08-11,1091.8,1091.8,50
SAPDBL,2026-08-11,835.0,802.0,51797
NTC,2026-08-11,869.9,861.1,3042
NRM,2026-08-11,306.0,304.0,6042
NMBMF,2026-08-11,602.5,601.2,565
PRSF,2026-08-11,12.73,12.83,11855
NIBLSTF,2026-08-11,8.54,8.59,1200
SANIMA,2026-08-11,370.1,369.0,50047
NLIC,2026-08-11,738.0,738.0,28028
NMB,2026-08-11,243.0,243.3,19775
HEI,2026-08-11,542.9,534.7,5131
NICGF2,2026-08-11,9.0,9.01,1900
NICFC,2026-08-11,9.1,9.2,900
NIMB,2026-08-11,183.3,193.3,162254
NIL,2026-08-11,620.0,606.0,4496
NIFRAUR85/86,2026-08-11,1010.0,1010.0,50
NIFRA,2026-08-11,243.3,244.0,53381
NICSF,2026-08-11,8.6,8.66,200
NICLBSL,2026-08-11,547.0,545.2,3045
SBCF,2026-08-11,9.57,9.6,24150
NICBF,2026-08-11,9.3,9.3,300
KHPL,2026-08-11,806.2,805.3,9077
NICAD2091,2026-08-11,1022.3,1032.0,50
NICA,2026-08-11,325.0,326.0,25681
NICL,2026-08-11,509.9,500.2,14229
NMBD87/88,2026-08-11,1080.1,1085.1,50
MKCL,2026-08-11,1042.5,1064.0,3179
MBL,2026-08-11,250.5,253.0,52563
LSH12,2026-08-11,9.0,9.11,5800
MANDU,2026-08-11,798.0,802.0,6360
PURE,2026-08-11,815.0,826.0,1772
MNMF1,2026-08-11,9.51,9.51,117760
SHINE,2026-08-11,418.1,410.0,14469
NBF3,2026-08-11,9.65,9.6,4550
NBF2,2026-08-11,9.81,9.83,300
NADEP,2026-08-11,731.0,718.0,494
NABIL,2026-08-11,556.0,551.0,26088
HBL,2026-08-11,190.0,194.0,57231
ENL,2026-08-11,782.0,803.0,70
MSLB,2026-08-11,1229.0,1275.0,445
MNBBL,2026-08-11,365.0,366.8,17948
NBLD87,2026-08-11,1075.3,1080.0,50
EHPL,2026-08-11,355.9,336.2,4479
MMKJL,2026-08-11,440.1,443.0,1563
MKJC,2026-08-11,455.0,446.1,8538
MLBL,2026-08-11,348.0,348.0,9658
MABEL,2026-08-11,596.0,597.0,7416
MLBS,2026-08-11,1146.1,1145.0,602
MATRI,2026-08-11,800.0,808.0,197
SBLD84,2026-08-11,1050.0,1050.0,100
MBLEF,2026-08-11,10.21,10.32,30200
LVF2,2026-08-11,9.15,9.16,700
NHDL,2026-08-11,635.0,640.0,1118
NABBC,2026-08-11,806.2,817.0,11928
LUK,2026-08-11,10.1,10.59,22997
KBSH,2026-08-11,960.1,980.0,13243
MKHL,2026-08-11,472.0,493.1,964
MEHL,2026-08-11,288.5,282.8,9119
MHL,2026-08-11,464.1,466.1,1698
MMF1,2026-08-11,8.73,8.9,12930
MHCL,2026-08-11,307.5,310.0,1490
MERO,2026-08-11,664.0,663.0,2950
MEN,2026-08-11,609.0,610.8,113770
MEL,2026-08-11,198.7,208.5,11564
MDB,2026-08-11,570.0,576.0,1970
MBJC,2026-08-11,261.4,266.6,22212
MCHL,2026-08-11,275.0,282.0,2034
MFIL,2026-08-11,755.0,761.0,17264
HFIN,2026-08-11,687.0,679.5,19448
SNORL,2026-08-11,879.8,914.9,19214
HURJA,2026-08-11,240.5,238.0,33750
KPCL,2026-08-11,469.0,466.6,5489
LBBL,2026-08-11,485.1,484.0,26020
CYCL,2026-08-11,1271.0,1265.0,334
KSY,2026-08-11,9.19,9.33,6350
HDL,2026-08-11,1164.0,1162.0,17397
LLBS,2026-08-11,860.0,884.0,637
LICN,2026-08-11,770.0,770.0,3288
NBL,2026-08-11,266.0,265.9,38561
LEC,2026-08-11,220.9,219.0,64718
KDL,2026-08-11,777.0,768.0,382
JFL,2026-08-11,385.0,386.9,3250
HDHPC,2026-08-11,207.0,207.9,63863
GFCL,2026-08-11,605.0,602.0,8533
LSL,2026-08-11,219.0,221.0,23733
CORBL,2026-08-11,1150.0,1140.0,36057
KEF,2026-08-11,10.61,10.74,6760
MHNL,2026-08-11,238.0,242.0,7638
KBL,2026-08-11,215.0,216.0,181279
GMFIL,2026-08-11,457.0,457.0,3454
KDBY,2026-08-11,10.96,10.88,407193
IHL,2026-08-11,344.0,340.4,6470
SIKLES,2026-08-11,555.0,555.3,5433
HHL,2026-08-11,344.0,332.1,15566
IGI,2026-08-11,428.0,427.2,3218
ICFC,2026-08-11,614.9,597.0,10186
JBBL,2026-08-11,330.0,337.2,17103
MSHL,2026-08-11,606.0,604.0,360
ILBS,2026-08-11,840.0,878.0,1610
HLICF,2026-08-11,8.47,8.5,3200
HLBSL,2026-08-11,883.0,884.9,664
HIMSTAR,2026-08-11,682.1,718.9,5620
HIDCLP,2026-08-11,189.5,187.9,68190
HIDCL,2026-08-11,265.5,252.5,24870
HLI,2026-08-11,316.1,318.0,18830
HRL,2026-08-11,583.0,579.0,33470
GIBF1,2026-08-11,10.7,10.9,1300
HATHY,2026-08-11,646.0,680.0,7526
KMCDB,2026-08-11,807.9,800.0,2606
C30MF,2026-08-11,9.97,9.97,1000
H8020,2026-08-11,12.0,11.67,700
MAKAR,2026-08-11,446.2,419.5,29187
BNT,2026-08-11,11550.0,11550.0,40
GBIME,2026-08-11,238.5,250.7,211271
MKHC,2026-08-11,272.1,272.8,64787
BHPL,2026-08-11,475.0,499.0,6066
GHL,2026-08-11,233.9,230.0,72720
HPPL,2026-08-11,370.0,385.4,139819
GMLI,2026-08-11,1086.0,1103.0,3249
GMFBS,2026-08-11,1205.0,1133.0,850
GLH,2026-08-11,257.1,258.2,21008
GLBSL,2026-08-11,1755.0,1770.0,278
GILB,2026-08-11,1065.0,1070.4,459
GCIL,2026-08-11,344.0,347.1,12073
JHAPA,2026-08-11,1070.0,1095.1,5184
BANDIPUR,2026-08-11,675.0,686.1,20031
CHDC,2026-08-11,2170.0,2176.0,4674
DORDI,2026-08-11,250.0,251.0,12695
SKHL,2026-08-11,890.0,892.9,7045
CZBIL,2026-08-11,200.0,202.8,62919
ALICL,2026-08-11,418.0,420.0,11144
SIGS3,2026-08-11,10.95,10.85,20200
BHDC,2026-08-11,426.0,428.1,6859
SPDL,2026-08-11,368.0,379.8,47077
CLI,2026-08-11,435.2,437.2,6889
ANLB,2026-08-11,5300.0,5438.0,2026
EBL,2026-08-11,715.0,715.0,33873
ALBSL,2026-08-11,1055.0,1113.9,33881
NGPL,2026-08-11,409.8,421.0,427557
EDBL,2026-08-11,580.0,587.9,10182
EBLD91,2026-08-11,1060.0,1088.0,126
DLBS,2026-08-11,1160.0,1160.0,475
BNHC,2026-08-11,267.9,284.5,16371
BGWT,2026-08-11,535.0,545.0,666
DDBL,2026-08-11,840.0,840.0,6728
CGH,2026-08-11,779.9,776.3,3207
DHPL,2026-08-11,288.0,290.0,2686
DHEL,2026-08-11,608.2,615.0,29725
ECL,2026-08-11,1577.0,1529.9,33957
SKHEL,2026-08-11,960.0,971.1,2794
GUFL,2026-08-11,573.0,573.0,28519
GBLBS,2026-08-11,775.9,732.2,5345
CIT,2026-08-11,1700.0,1703.0,4433
CITY,2026-08-11,365.0,370.5,67765
CHL,2026-08-11,260.0,267.3,16580
AVYAN,2026-08-11,1042.0,1043.0,777
BEDC,2026-08-11,328.6,318.0,14377
CKHL,2026-08-11,565.0,599.0,21398
BHL,2026-08-11,196.6,208.0,50014
BBC,2026-08-11,4280.0,4209.9,174
EBLD86,2026-08-11,1050.8,1050.8,25
GBBD85,2026-08-11,1058.6,1058.6,25
GVL,2026-08-11,473.0,480.5,11966
BHCL,2026-08-11,490.0,490.0,15807
APHL,2026-08-11,820.0,830.0,11603
KSBBL,2026-08-11,464.0,470.8,45848
GSY,2026-08-11,9.5,9.5,4760
BUNGAL,2026-08-11,585.0,591.0,25797
CBBL,2026-08-11,934.0,930.0,10589
BPCL,2026-08-11,650.0,647.0,9518
CBLD88,2026-08-11,1238.0,1238.0,8075
SINDU,2026-08-11,666.0,686.0,6159
CHCL,2026-08-11,490.0,482.0,20777
CFCL,2026-08-11,648.1,658.0,76435
GBIMESY2,2026-08-11,9.0,9.1,5700
BARUN,2026-08-11,320.0,319.1,14010
CIZBD90,2026-08-11,1220.0,1220.0,25
GRDBL,2026-08-11,1090.0,1050.9,7748
JBLB,2026-08-11,1255.0,1255.2,2740
CSY,2026-08-11,8.9,8.87,4600
CCBD88,2026-08-11,1182.0,1182.0,25
AKPL,2026-08-11,252.5,254.3,39308
GBBL,2026-08-11,418.0,419.0,21129
AHPC,2026-08-11,265.0,264.2,59333
AHL,2026-08-11,410.0,417.0,544
ACLBSL,2026-08-11,915.0,927.9,433
API,2026-08-11,330.0,332.0,242144
AKJCL,2026-08-11,350.0,365.0,283588
ADBL,2026-08-11,302.1,302.5,71707
BJHL,2026-08-11,637.0,681.0,8696
ILI,2026-08-11,408.0,410.0,7939
CREST,2026-08-11,1172.0,1188.0,15159
YMHL,2026-08-11,620.0,625.0,18870
FOWAD,2026-08-11,950.0,930.0,1937
KBLD89,2026-08-10,1313.0,1313.2,79
SMFBS,2026-08-10,1493.1,1500.0,106
SLBSL,2026-08-10,965.0,970.0,4044
ULBSL,2026-08-10,2660.0,2749.0,807
NICAD2091,2026-08-10,1048.0,1049.0,54
LICN,2026-08-10,785.0,770.0,6970
SMB,2026-08-10,1820.0,1848.0,1003
PBD88,2026-08-10,1200.0,1200.0,30
HDHPC,2026-08-10,198.0,207.0,76396
KDBY,2026-08-10,11.05,11.0,1473490
RURU,2026-08-10,605.0,609.0,2780
PURE,2026-08-10,805.5,820.0,1858
RBBD2088,2026-08-10,1024.4,994.1,26
GBBD85,2026-08-10,1045.5,1045.5,30
SMHL,2026-08-10,494.0,493.0,34085
NIMB,2026-08-10,195.0,192.9,82067
GUFL,2026-08-10,564.0,560.4,13187
PPCL,2026-08-10,331.0,335.0,11404
GBILD84/85,2026-08-10,1102.0,1103.0,50
SCB,2026-08-10,648.1,643.2,7703
PCIL,2026-08-10,622.0,625.0,20718
SHINE,2026-08-10,408.0,407.0,13248
NRM,2026-08-10,305.5,306.4,5089
TRH,2026-08-10,789.0,792.0,2207
UMRH,2026-08-10,526.6,530.0,1454
VLBS,2026-08-10,655.0,661.0,1244
SPHL,2026-08-10,510.0,520.0,1328
PRIN,2026-08-10,664.0,668.0,941
SOHL,2026-08-10,688.0,711.0,651181
SPL,2026-08-10,632.6,638.3,1010
MLBL,2026-08-10,351.0,348.0,17511
SKHL,2026-08-10,880.0,896.0,13557
CREST,2026-08-10,1174.0,1179.7,4497
UNLB,2026-08-10,1260.0,1270.0,78
UNL,2026-08-10,48500.0,48500.0,10
SPDL,2026-08-10,358.0,372.0,54800
OMPL,2026-08-10,893.0,894.0,2196
SPC,2026-08-10,411.0,418.0,970
SOPL,2026-08-10,792.0,796.0,18146
UMHL,2026-08-10,570.0,579.5,13309
YMHL,2026-08-10,620.0,624.0,17066
SNLI,2026-08-10,414.0,412.0,11302
CSY,2026-08-10,8.6,8.88,12599
SAHAS,2026-08-10,671.9,670.3,58300
TTL,2026-08-10,710.0,731.0,9300
SBCF,2026-08-10,9.58,9.4,9685
SHEL,2026-08-10,305.1,304.2,40875
ACLBSL,2026-08-10,917.0,915.0,912
SMPDA,2026-08-10,767.3,750.0,830
SMJC,2026-08-10,450.0,445.0,23287
RLEL,2026-08-10,889.0,867.0,3697
PMLI,2026-08-10,434.0,433.0,20168
RMF1,2026-08-10,9.57,9.7,2500
SHINED,2026-08-10,1098.0,1090.0,130
NICFC,2026-08-10,9.1,9.2,6830
NICLBSL,2026-08-10,545.1,545.0,5117
SLBBL,2026-08-10,814.9,799.0,1206
NBF2,2026-08-10,9.85,9.86,8206
GLBSL,2026-08-10,1752.0,1785.0,75
SKHEL,2026-08-10,970.0,980.0,1155
SARBTM,2026-08-10,782.0,780.0,1989
SEF2,2026-08-10,9.0,9.25,32050
PCBL,2026-08-10,243.8,239.0,21138
PPL,2026-08-10,312.0,326.5,7936
MKCL,2026-08-10,1050.2,1051.0,944
VLUCL,2026-08-10,420.0,415.0,6412
NBL,2026-08-10,268.0,266.0,35349
PSF,2026-08-10,12.0,11.9,10855
SFMF,2026-08-10,10.01,10.01,150
NLG,2026-08-10,565.2,568.0,1499
SGHC,2026-08-10,315.0,312.5,41548
MSLB,2026-08-10,1260.0,1259.0,1305
NMFBS,2026-08-10,1098.0,1104.0,1058
BHDC,2026-08-10,421.4,426.0,1583
SEF,2026-08-10,9.91,9.9,11440
NCCD86,2026-08-10,1198.0,1185.0,21
SHIVM,2026-08-10,638.7,633.3,63736
AKPL,2026-08-10,254.0,254.7,57562
NIBD84,2026-08-10,1035.1,1035.0,100
ULHC,2026-08-10,380.0,379.7,20845
SLCF,2026-08-10,9.36,9.5,900
NTC,2026-08-10,864.0,860.0,17752
NMBD2085,2026-08-10,1150.0,1150.0,50
SAIL,2026-08-10,1050.0,1120.0,53380
SBI,2026-08-10,407.0,401.0,6504
SANIMA,2026-08-10,370.1,369.8,47600
SJLIC,2026-08-10,411.4,410.0,18094
SBL,2026-08-10,412.9,405.1,43011
BHL,2026-08-10,209.0,206.9,68161
NSIF2,2026-08-10,10.7,10.7,9200
UPCL,2026-08-10,350.0,345.0,35967
WNLB,2026-08-10,1351.0,1332.0,139
SGHL,2026-08-10,510.0,527.8,45869
HEI,2026-08-10,532.0,531.0,2214
UNHPL,2026-08-10,379.5,374.0,4858
SPIL,2026-08-10,685.0,685.5,358
MSHL,2026-08-10,608.0,606.0,485
SRLI,2026-08-10,370.1,368.6,36694
SWASTIK,2026-08-10,2010.0,2015.0,491
SAGAR,2026-08-10,1720.0,1730.0,5294
RLFL,2026-08-10,462.8,447.0,32466
RHPL,2026-08-10,259.0,260.0,26721
SIKLES,2026-08-10,559.0,555.2,2935
NICA,2026-08-10,326.0,325.0,25167
RHGCL,2026-08-10,251.3,257.0,13088
RFPL,2026-08-10,330.2,332.5,16227
NICL,2026-08-10,508.7,506.9,26927
OHL,2026-08-10,665.0,651.0,561
SADBL,2026-08-10,408.0,408.0,15687
RSDC,2026-08-10,636.0,657.0,8214
RBBF40,2026-08-10,9.0,9.12,3054
TPC,2026-08-10,377.4,361.5,29948
NICAP,2026-08-10,179.0,179.0,7981
SANVI,2026-08-10,560.5,587.0,4175
AKJCL,2026-08-10,355.0,366.9,237038
NICBF,2026-08-10,9.57,9.3,200
RIDI,2026-08-10,360.0,386.0,762163
SYPNL,2026-08-10,1219.8,1334.0,48549
NYADI,2026-08-10,366.0,365.0,1795
SSHL,2026-08-10,205.0,200.5,57281
UHEWA,2026-08-10,570.0,608.0,43239
RNLI,2026-08-10,431.7,424.0,21810
RADHI,2026-08-10,710.9,705.0,17998
USLB,2026-08-10,1128.0,1123.0,429
TPKHL,2026-08-10,527.0,560.0,39899
SONA,2026-08-10,405.0,407.0,8324
PBLD86,2026-08-10,1383.2,1383.2,10
LEC,2026-08-10,221.5,218.0,92850
USHL,2026-08-10,565.8,544.9,1586
USHEC,2026-08-10,490.0,497.0,7383
RAWA,2026-08-10,429.0,417.8,11780
RMF2,2026-08-10,9.63,9.73,5100
NWCL,2026-08-10,680.0,693.6,1090
UPPER,2026-08-10,192.0,191.8,43154
NIBSF2,2026-08-10,8.8,8.87,17400
NUBL,2026-08-10,600.0,610.0,2805
RBCL,2026-08-10,14000.0,14419.0,30
GRDBL,2026-08-10,1101.0,1059.0,6720
SMATA,2026-08-10,728.0,730.0,1719
PRSF,2026-08-10,12.91,12.85,9500
ALBSL,2026-08-10,1061.0,1090.0,3254
SWMF,2026-08-10,603.5,619.0,738
NIMBPO,2026-08-10,142.5,144.0,17955
NIBLGF,2026-08-10,9.0,8.8,450
SHLB,2026-08-10,1474.0,1434.0,49
NSY,2026-08-10,9.2,9.48,5320
HATHY,2026-08-10,705.0,680.0,7602
NICAD85/86,2026-08-10,1165.0,1166.0,191
SAEF2,2026-08-10,9.22,9.26,7350
SJCL,2026-08-10,270.0,270.0,6627
NBLD87,2026-08-10,1092.0,1092.0,25
RSML,2026-08-10,2489.0,2633.5,31036
NMBMF,2026-08-10,607.0,602.5,296
NESDO,2026-08-10,1429.0,1458.0,187
SALICO,2026-08-10,590.0,589.0,2932
NMBHF2,2026-08-10,9.6,9.54,1400
NMB,2026-08-10,243.1,243.0,21182
NLIC,2026-08-10,739.0,738.0,18658
SNORL,2026-08-10,951.3,926.1,48245
SAGF,2026-08-10,10.11,10.11,200
SIPD,2026-08-10,660.0,678.9,30604
PRVU,2026-08-10,200.5,188.5,267784
AHL,2026-08-10,415.0,410.0,1857
UAIL,2026-08-10,436.0,432.0,18300
NICSF,2026-08-10,9.0,8.64,15345
NMIC,2026-08-10,900.0,898.0,1819
NHPC,2026-08-10,260.0,272.2,227236
NHDL,2026-08-10,638.0,640.0,808
NGPL,2026-08-10,408.0,408.5,65637
NFS,2026-08-10,580.0,564.1,3855
NIBLSTF,2026-08-10,8.55,8.54,2610
NMB50,2026-08-10,10.38,10.41,435
HHL,2026-08-10,334.0,334.9,9345
HBL,2026-08-10,194.0,194.8,45300
TVCL,2026-08-10,483.0,468.1,27033
GILB,2026-08-10,1070.1,1088.0,1167
GBIME,2026-08-10,256.0,251.0,221487
TAMOR,2026-08-10,446.0,450.0,14927
TSHL,2026-08-10,378.0,363.0,8569
PMHPL,2026-08-10,313.0,318.9,1755
KKHC,2026-08-10,320.0,321.8,242978
LBLD86,2026-08-10,1208.0,1210.0,20
STC,2026-08-10,5170.0,5170.0,180
MAKAR,2026-08-10,430.0,425.0,18200
MKHC,2026-08-10,280.0,271.0,15787
MBL,2026-08-10,254.7,250.3,77384
NABILD2089,2026-08-10,1025.0,1055.7,104
MATRI,2026-08-10,809.0,802.1,240
MNMF1,2026-08-10,9.8,9.56,26200
EDBL,2026-08-10,578.0,580.0,4050
KEF,2026-08-10,10.5,10.8,830832
ICFC,2026-08-10,598.0,599.0,2931
JSLBB,2026-08-10,979.9,980.0,305
ENL,2026-08-10,786.0,797.9,451
KDL,2026-08-10,751.5,778.0,320
MLBSL,2026-08-10,1602.0,1610.0,399
NABIL,2026-08-10,556.0,549.4,44025
DLBS,2026-08-10,1165.0,1180.0,328
NIL,2026-08-10,616.0,612.0,4608
SHPC,2026-08-10,497.0,495.0,22792
DOLTI,2026-08-10,322.0,320.0,14161
MPFL,2026-08-10,610.0,616.0,9050
MLBS,2026-08-10,1130.0,1130.0,444
MBJC,2026-08-10,267.0,265.2,10879
GLH,2026-08-10,260.3,257.6,20175
JBLB,2026-08-10,1257.0,1255.0,2308
MERO,2026-08-10,661.2,672.0,3939
MEL,2026-08-10,214.0,209.1,34787
HDL,2026-08-10,1175.0,1165.1,16464
HLI,2026-08-10,319.0,317.0,24202
MEHL,2026-08-10,298.0,288.0,5220
NLICL,2026-08-10,563.0,567.0,8653
LSL,2026-08-10,222.5,220.0,56723
SHL,2026-08-10,499.0,498.0,12145
MHCL,2026-08-10,310.0,310.0,4149
MEN,2026-08-10,595.0,601.0,19092
MFIL,2026-08-10,755.0,772.0,19366
MABEL,2026-08-10,580.0,594.0,2799
SICL,2026-08-10,610.0,610.2,4185
NIFRA,2026-08-10,245.0,244.0,49286
HRL,2026-08-10,612.0,578.0,31026
RSY,2026-08-10,10.24,10.4,2600
NICGF2,2026-08-10,9.0,9.23,5970
RSY2,2026-08-10,10.0,9.03,17720
MNBBLP,2026-08-10,236.2,236.2,156283
DHEL,2026-08-10,561.0,620.0,73627
KPCL,2026-08-10,468.0,469.0,3191
KSBBL,2026-08-10,475.0,468.0,74163
KBSH,2026-08-10,965.0,966.0,14256
MHNL,2026-08-10,241.0,240.9,7666
ADBL,2026-08-10,311.0,305.0,41071
KHPL,2026-08-10,803.0,806.2,8628
SGIC,2026-08-10,452.1,450.4,5603
IGI,2026-08-10,430.0,428.0,5760
NABBC,2026-08-10,825.2,812.2,22306
LLBS,2026-08-10,885.0,866.0,683
ICFCD88,2026-08-10,1164.0,1134.9,175
JOSHI,2026-08-10,287.0,277.9,44277
KMCDB,2026-08-10,738.2,807.9,10382
CHDC,2026-08-10,2191.0,2165.5,5977
NBLD85,2026-08-10,1020.0,1025.0,200
LUK,2026-08-10,10.6,10.06,11530
SWBBL,2026-08-10,672.5,670.0,8339
ICFCD89,2026-08-10,1064.2,1064.2,25
ILBS,2026-08-10,851.0,865.0,1894
MCHL,2026-08-10,273.8,276.0,3409
LBBL,2026-08-10,485.1,485.0,20953
JHAPA,2026-08-10,1075.0,1070.0,5182
MBLEF,2026-08-10,10.29,10.28,581500
BEDC,2026-08-10,320.0,319.1,13199
NADEP,2026-08-10,729.0,711.2,626
NMLBBL,2026-08-10,540.8,519.9,5609
KSY,2026-08-10,9.49,9.47,7000
AHPC,2026-08-10,265.5,265.0,30498
FMDBL,2026-08-10,798.9,817.0,153815
HURJA,2026-08-10,239.7,239.0,28025
HIDCL,2026-08-10,252.6,253.0,45099
JFL,2026-08-10,385.0,388.0,4185
KBLPO,2026-08-10,100.0,100.0,16831
MMKJL,2026-08-10,454.9,450.0,1791
SKBBL,2026-08-10,753.9,747.0,8895
CGH,2026-08-10,778.0,779.9,5420
MNBBL,2026-08-10,367.0,366.8,9170
H8020,2026-08-10,12.0,12.01,1200
NRIC,2026-08-10,930.0,929.0,10394
LSH12,2026-08-10,9.0,9.05,5120
MANDU,2026-08-10,800.0,800.0,3342
GBBL,2026-08-10,418.0,418.6,21748
MDB,2026-08-10,571.2,578.0,3978
CZBIL,2026-08-10,202.0,200.2,39327
MND84/85,2026-08-10,1042.8,1042.8,150
ANLB,2026-08-10,5819.1,5467.0,2737
DORDI,2026-08-10,250.0,249.9,19961
GVL,2026-08-10,480.2,480.0,1588
SINDU,2026-08-10,691.0,691.0,8020
GHL,2026-08-10,225.2,229.8,29208
GSY,2026-08-10,9.51,9.51,3700
DDBL,2026-08-10,827.1,840.0,10615
SAPDBL,2026-08-10,825.0,835.0,116158
FOWAD,2026-08-10,957.8,945.0,2733
BBC,2026-08-10,4200.0,4249.0,272
LVF2,2026-08-10,9.06,9.1,1800
HFIN,2026-08-10,690.1,686.3,21606
MMF1,2026-08-10,8.9,8.98,9400
CITY,2026-08-10,370.0,367.0,60858
API,2026-08-10,330.1,328.5,127348
JBBL,2026-08-10,338.2,339.0,32729
BNT,2026-08-10,11645.0,11550.1,65
HIDCLP,2026-08-10,186.3,187.0,51015
ILI,2026-08-10,410.0,408.2,8756
GBLBS,2026-08-10,774.9,739.0,1293
C30MF,2026-08-10,10.15,9.91,300
APHL,2026-08-10,824.0,828.0,7668
HIMSTAR,2026-08-10,690.0,693.0,2624
GIBF1,2026-08-10,10.65,11.0,31300
ECL,2026-08-10,1650.0,1584.0,37178
PHCL,2026-08-10,293.1,293.7,25842
EBL,2026-08-10,730.0,715.0,34924
GMLI,2026-08-10,1086.5,1100.0,2828
CORBL,2026-08-10,1065.1,1155.2,67629
GFCL,2026-08-10,603.0,600.0,9296
SABBL,2026-08-10,930.1,980.9,11587
EBLD91,2026-08-10,1058.0,1088.0,175
SIFC,2026-08-10,504.1,503.0,9194
BNHC,2026-08-10,287.0,282.0,9682
SFEF,2026-08-10,9.91,9.91,100
JBBD87,2026-08-10,1140.0,1140.0,50
DHPL,2026-08-10,294.0,288.0,4003
EHPL,2026-08-10,361.2,339.0,20514
KBL,2026-08-10,220.0,215.0,166580
CLI,2026-08-10,442.0,440.0,4963
CIZBD90,2026-08-10,1225.0,1225.7,125
GMFBS,2026-08-10,1188.0,1174.0,997
CIT,2026-08-10,1710.1,1700.0,3577
BJHL,2026-08-10,694.0,670.0,8460
SIGS3,2026-08-10,10.6,10.89,26335
BGWT,2026-08-10,554.0,548.0,1602
BFC,2026-08-10,494.2,494.6,24740
LBLD88,2026-08-10,1090.0,1090.0,25
CHCL,2026-08-10,493.0,484.0,9921
BUNGAL,2026-08-10,581.0,584.0,18488
BHCL,2026-08-10,485.4,490.0,19700
HLICF,2026-08-10,9.0,8.72,5750
BANDIPUR,2026-08-10,685.0,680.0,30104
MHL,2026-08-10,463.0,468.0,700
CYCL,2026-08-10,1216.0,1278.0,1298
IHL,2026-08-10,350.0,345.0,4586
NBF3,2026-08-10,9.55,9.65,32350
CFCL,2026-08-10,639.0,656.5,79134
CBLD88,2026-08-10,1230.0,1250.0,26
HLBSL,2026-08-10,870.0,884.0,310
ALICL,2026-08-10,424.5,418.0,11884
AVYAN,2026-08-10,1060.0,1051.0,1960
NRN,2026-08-10,1360.0,1376.0,40092
CCBD88,2026-08-10,1165.0,1165.0,25
HPPL,2026-08-10,377.1,382.0,83031
MKJC,2026-08-10,450.2,455.0,2605
MKHL,2026-08-10,482.0,496.8,2570
GCIL,2026-08-10,340.0,345.1,5383
BARUN,2026-08-10,318.2,318.7,13245
GBIMESY2,2026-08-10,9.01,9.25,2600
BPCL,2026-08-10,650.0,649.8,17280
SMH,2026-08-10,503.7,507.0,9191
PROFL,2026-08-10,420.0,419.0,4235
CHL,2026-08-10,260.0,267.9,13425
CKHL,2026-08-10,593.9,581.0,16440
CBBL,2026-08-10,929.0,930.0,4726
MLBBL,2026-08-10,1120.0,1121.9,397
BHPL,2026-08-10,490.0,482.5,3914
KAHL,2026-08-10,533.1,542.0,28378
GMFIL,2026-08-10,460.0,457.0,10821
HEIP,2026-08-10,330.0,337.8,20
PBD84,2026-08-07,1069.0,1069.0,25
YMHL,2026-08-07,639.7,621.8,26605
ICFCD89,2026-08-07,1085.0,1092.0,222
BPCL,2026-08-07,648.0,650.0,3243
LSH12,2026-08-07,9.07,9.2,5900
ECL,2026-08-07,1532.0,1665.0,31215
LVF2,2026-08-07,9.1,9.06,5300
NBF2,2026-08-07,9.81,10.1,2280
KDBY,2026-08-07,11.11,11.09,29060
KBL,2026-08-07,218.0,215.0,187087
ICFC,2026-08-07,601.1,603.0,7627
GIBF1,2026-08-07,10.7,10.75,2100
RLEL,2026-08-07,928.0,890.0,4579
JBBL,2026-08-07,350.0,340.0,31771
SAHAS,2026-08-07,672.1,671.9,46722
KPCL,2026-08-07,468.1,468.0,3501
KMCDB,2026-08-07,771.8,777.0,5331
AHL,2026-08-07,413.0,414.0,2712
HIDCL,2026-08-07,252.1,254.0,20564
HLI,2026-08-07,319.0,319.7,14437
HIDCLP,2026-08-07,189.9,187.5,54196
HLICF,2026-08-07,8.25,8.94,2934
HDHPC,2026-08-07,210.0,208.0,71273
KDL,2026-08-07,780.0,774.0,567
GSY,2026-08-07,9.5,9.52,56540
HURJA,2026-08-07,238.0,238.0,29557
HPPL,2026-08-07,384.0,380.0,165076
NFS,2026-08-07,568.0,567.4,1379
CSY,2026-08-07,9.0,8.85,29643
DHPL,2026-08-07,307.0,290.0,1477
CGH,2026-08-07,778.0,785.1,60218
LEC,2026-08-07,235.2,221.2,76335
API,2026-08-07,331.0,330.0,82236
CHL,2026-08-07,265.0,268.0,23013
TPC,2026-08-07,357.0,359.5,10040
MKCL,2026-08-07,1041.0,1075.0,2299
GVL,2026-08-07,479.0,482.0,6322
GHL,2026-08-07,230.0,228.0,48820
GBIME,2026-08-07,252.3,251.0,157185
KSY,2026-08-07,9.23,9.52,43030
LLBS,2026-08-07,871.0,885.0,155
CBLD88,2026-08-07,1162.0,1230.0,8040
CORBL,2026-08-07,1035.0,1065.0,28501
CFCL,2026-08-07,642.0,660.0,45130
AVYAN,2026-08-07,1036.0,1053.0,6060
TVCL,2026-08-07,475.0,482.0,2631
UNLB,2026-08-07,1230.0,1275.9,658
SARBTM,2026-08-07,802.0,785.0,2373
SNORL,2026-08-07,837.6,906.0,22802
SWASTIK,2026-08-07,2020.0,2040.0,441
ULBSL,2026-08-07,2748.0,2738.0,586
SWBBL,2026-08-07,665.0,665.0,4356
SYPNL,2026-08-07,1242.0,1284.0,22646
SWMF,2026-08-07,606.0,619.0,7161
DORDI,2026-08-07,251.0,247.0,28902
VLUCL,2026-08-07,412.4,420.0,5158
DLBS,2026-08-07,1182.1,1165.0,223
TAMOR,2026-08-07,446.0,445.1,9540
NICGF2,2026-08-07,9.05,9.18,1010
ENL,2026-08-07,791.0,799.9,160
PRVU,2026-08-07,192.3,191.0,132896
NGPL,2026-08-07,413.7,408.7,74059
UAIL,2026-08-07,433.1,440.7,14840
CITY,2026-08-07,356.0,371.0,100371
GBBL,2026-08-07,419.1,419.0,23774
MABEL,2026-08-07,595.0,593.0,3650
ALBSL,2026-08-07,1050.0,1091.0,3178
BBC,2026-08-07,4208.0,4289.0,100
BNHC,2026-08-07,297.6,286.2,28624
CYCL,2026-08-07,1282.0,1280.0,1208
CZBIL,2026-08-07,203.0,202.0,26917
MLBBL,2026-08-07,1115.0,1119.0,306
PCIL,2026-08-07,630.0,622.3,23281
BUNGAL,2026-08-07,556.0,584.8,12856
SSHL,2026-08-07,205.0,200.3,78553
UPPER,2026-08-07,194.0,192.0,96273
MBLEF,2026-08-07,10.28,10.28,758456
SHL,2026-08-07,498.6,499.1,16785
GUFL,2026-08-07,570.0,569.9,10774
IHL,2026-08-07,348.0,346.0,4109
H8020,2026-08-07,11.9,12.2,3900
SIGS3,2026-08-07,10.5,10.55,535
UHEWA,2026-08-07,565.1,582.0,27628
MEN,2026-08-07,595.0,595.1,43063
HEIP,2026-08-07,337.9,332.0,3160
MEL,2026-08-07,212.0,214.9,17055
MFIL,2026-08-07,755.0,775.0,16576
NICL,2026-08-07,513.4,499.0,10404
CLI,2026-08-07,440.0,443.9,18558
SPHL,2026-08-07,520.0,524.0,8181
NIFRAGED,2026-08-07,1046.0,1030.0,1589
OMPL,2026-08-07,910.0,893.0,4184
NIL,2026-08-07,615.0,615.9,8458
SPL,2026-08-07,647.0,652.0,2378
KKHC,2026-08-07,320.0,323.0,425658
IGI,2026-08-07,429.0,430.0,7761
SHINE,2026-08-07,408.5,407.2,7440
WNLB,2026-08-07,1326.0,1351.0,166
KSBBL,2026-08-07,470.1,473.6,14143
NMBHF2,2026-08-07,9.53,9.7,16200
NMB,2026-08-07,242.0,243.1,49980
EBL,2026-08-07,734.0,723.0,23131
ANLB,2026-08-07,5360.0,5999.0,5041
SBID83,2026-08-07,1031.1,1031.0,100
NICFC,2026-08-07,9.1,9.37,4800
NRN,2026-08-07,1387.0,1371.0,51374
BHL,2026-08-07,210.0,208.9,44962
NIBLSTF,2026-08-07,8.6,8.79,6700
JBLB,2026-08-07,1260.1,1260.8,2340
MSHL,2026-08-07,608.0,608.0,1103
PPL,2026-08-07,313.5,328.4,9314
NLICL,2026-08-07,570.0,562.0,16965
MANDU,2026-08-07,802.0,798.0,5828
MAKAR,2026-08-07,435.0,429.8,31056
HFIN,2026-08-07,701.0,699.0,21761
PMLI,2026-08-07,431.1,437.5,1893
PPCL,2026-08-07,357.0,338.9,4212
KBSH,2026-08-07,950.0,980.0,22696
EHPL,2026-08-07,353.0,344.0,5513
UPCL,2026-08-07,346.1,350.0,17545
MNMF1,2026-08-07,9.53,9.8,13700
HHL,2026-08-07,340.0,337.0,8753
NHPC,2026-08-07,263.3,273.0,191698
HEI,2026-08-07,532.2,534.0,2186
NHDL,2026-08-07,635.0,640.0,3032
MBJC,2026-08-07,266.0,267.0,4538
ILI,2026-08-07,409.0,412.4,5178
KAHL,2026-08-07,554.5,542.2,31077
MNBBL,2026-08-07,368.0,366.3,17348
DOLTI,2026-08-07,316.0,320.0,6821
GCIL,2026-08-07,350.0,345.0,13380
CZBILP,2026-08-07,100.0,100.0,722042
GBLBS,2026-08-07,731.2,738.0,1327
DDBL,2026-08-07,825.0,829.0,3294
DHEL,2026-08-07,575.0,584.9,19481
FMDBL,2026-08-07,758.0,781.0,49122
MATRI,2026-08-07,815.0,811.0,488
BARUN,2026-08-07,321.1,321.2,16558
NADEP,2026-08-07,730.0,729.0,570
MDB,2026-08-07,576.2,578.2,3256
GLH,2026-08-07,255.0,256.9,15144
BOKD86KA,2026-08-07,1111.1,1111.1,50
HBL,2026-08-07,194.0,194.8,33399
PRSF,2026-08-07,12.91,12.91,9400
SMJC,2026-08-07,467.0,458.0,212329
HATHY,2026-08-07,681.2,693.0,4014
GFCL,2026-08-07,603.0,605.0,5011
LBBLD89,2026-08-07,1260.0,1260.0,50
HLBSL,2026-08-07,870.0,870.0,217
BHDC,2026-08-07,426.0,426.0,8716
KBLD89,2026-08-07,1290.0,1275.0,1200
EDBL,2026-08-07,575.0,584.0,1460
HRL,2026-08-07,604.3,583.0,32994
MMF1,2026-08-07,8.32,8.88,14980
LICN,2026-08-07,790.0,774.9,1328
RADHI,2026-08-07,719.0,711.0,64637
MMKJL,2026-08-07,455.0,454.9,6085
LBBL,2026-08-07,486.0,491.9,27592
GRDBL,2026-08-07,1030.0,1049.0,9453
MCHL,2026-08-07,285.0,282.0,4818
NYADI,2026-08-07,367.3,370.0,5382
BANDIPUR,2026-08-07,695.0,692.0,34855
SGHC,2026-08-07,321.1,315.3,38765
NLG,2026-08-07,551.0,570.0,1670
GMLI,2026-08-07,1106.0,1105.0,2767
SICL,2026-08-07,610.1,609.1,10149
SJLIC,2026-08-07,412.0,412.6,6494
RIDI,2026-08-07,384.9,375.0,606959
PSF,2026-08-07,11.8,12.0,3800
UNHPL,2026-08-07,381.5,375.0,7991
SCB,2026-08-07,663.9,648.0,8192
SGHL,2026-08-07,525.0,518.0,50921
JHAPA,2026-08-07,1086.0,1090.0,4949
SGIC,2026-08-07,455.4,452.0,10822
SHPC,2026-08-07,505.0,498.5,12536
SLCF,2026-08-07,9.25,9.52,325
SIKLES,2026-08-07,555.5,559.0,5586
SEF,2026-08-07,9.6,9.91,1410
TPKHL,2026-08-07,529.9,554.0,37966
TTL,2026-08-07,710.5,710.0,16478
NRIC,2026-08-07,935.0,932.0,7177
UNL,2026-08-07,48500.0,48500.0,13
SBCF,2026-08-07,9.4,9.45,10900
TSHL,2026-08-07,383.3,369.9,6016
SAGAR,2026-08-07,1725.0,1750.0,4058
RSDC,2026-08-07,630.1,638.0,2369
NABBC,2026-08-07,840.0,825.4,13163
SLBSL,2026-08-07,995.0,982.1,1298
SMHL,2026-08-07,499.0,494.0,19476
RSY,2026-08-07,10.31,10.26,5300
SAGF,2026-08-07,10.26,10.26,100
SFEF,2026-08-07,9.8,9.98,33700
NICA,2026-08-07,327.0,326.0,43627
NMB50,2026-08-07,10.7,10.38,7283
RAWA,2026-08-07,426.0,420.0,14270
NSY,2026-08-07,9.19,9.2,23000
RHPL,2026-08-07,244.4,259.0,4000
OHL,2026-08-07,652.0,665.0,2378
NLIC,2026-08-07,743.8,739.8,18768
PRIN,2026-08-07,670.5,666.0,3998
NIBSF2,2026-08-07,8.74,8.76,600
SIPD,2026-08-07,690.0,680.0,15418
PHCL,2026-08-07,294.2,296.0,27204
TRH,2026-08-07,792.0,790.0,2221
JSLBB,2026-08-07,980.0,980.0,200
NSIF2,2026-08-07,10.65,10.8,48900
NIMBPO,2026-08-07,145.9,145.0,27255
NMFBS,2026-08-07,1106.0,1101.4,7110
JFL,2026-08-07,385.0,384.5,6409
RURU,2026-08-07,604.0,614.0,10900
HDL,2026-08-07,1170.0,1167.0,12427
MBL,2026-08-07,253.0,255.0,87239
MLBSL,2026-08-07,1601.0,1620.0,445
NICLBSL,2026-08-07,545.2,547.0,7143
NRM,2026-08-07,308.1,305.1,4650
NABILD2089,2026-08-07,1040.0,1040.0,25
MHNL,2026-08-07,237.7,242.0,3176
CREST,2026-08-07,1253.7,1189.0,6706
KEF,2026-08-07,10.8,10.5,127690
MERO,2026-08-07,675.0,661.2,2700
MHL,2026-08-07,465.0,470.0,3960
MLBS,2026-08-07,1130.0,1152.5,158
MKHL,2026-08-07,483.2,494.9,829
NICBF,2026-08-07,9.1,9.57,1200
HIMSTAR,2026-08-07,696.0,696.0,4565
GILB,2026-08-07,1090.0,1070.0,498
ILBS,2026-08-07,878.9,876.9,1049
NABIL,2026-08-07,552.0,556.0,83780
LUK,2026-08-07,10.69,10.69,1300
MLBL,2026-08-07,353.8,350.9,19251
MKHC,2026-08-07,271.6,280.0,356138
SABBL,2026-08-07,985.0,979.0,24385
MHCL,2026-08-07,310.0,308.0,4148
SADBL,2026-08-07,411.0,408.4,3960
PROFL,2026-08-07,423.0,420.0,13809
RMF2,2026-08-07,9.73,9.79,300
MSLB,2026-08-07,1230.0,1258.0,909
KHPL,2026-08-07,810.0,816.0,6987
NICSF,2026-08-07,8.56,8.9,6700
SAIL,2026-08-07,1053.9,1090.0,28817
SHLB,2026-08-07,1451.0,1475.0,108
NBL,2026-08-07,265.1,269.9,72438
SOHL,2026-08-07,662.0,688.0,578177
MKJC,2026-08-07,455.8,453.0,6876
SBI,2026-08-07,401.0,405.9,10867
SHEL,2026-08-07,305.0,307.0,47541
RFPL,2026-08-07,333.0,334.7,15251
RSML,2026-08-07,2540.0,2620.0,27037
SNLI,2026-08-07,416.0,414.0,11773
BHCL,2026-08-07,486.0,489.0,16680
SAPDBL,2026-08-07,800.0,839.9,24319
NMLBBL,2026-08-07,525.6,515.1,6361
NMIC,2026-08-07,932.8,910.0,1872
AKJCL,2026-08-07,392.7,362.1,322090
ADBL,2026-08-07,309.0,307.9,45973
CIT,2026-08-07,1719.0,1709.9,5291
CHCL,2026-08-07,493.7,486.0,6116
LSL,2026-08-07,222.0,220.2,58669
GMFBS,2026-08-07,1218.0,1154.0,1933
FOWAD,2026-08-07,949.8,930.0,3506
AKPL,2026-08-07,256.1,256.6,40985
BFC,2026-08-07,502.0,494.0,30161
ACLBSL,2026-08-07,920.0,917.0,393
GMFIL,2026-08-07,457.2,456.3,5395
RMF1,2026-08-07,9.5,9.67,18250
GBIMESY2,2026-08-07,8.98,9.11,8000
AHPC,2026-08-07,268.8,265.9,37465
GLBSL,2026-08-07,1801.0,1795.9,279
RBCL,2026-08-07,14060.0,14210.0,40
SINDU,2026-08-07,690.1,691.0,9207
SPDL,2026-08-07,345.0,368.0,27048
ADBLD83,2026-08-07,1023.6,1023.6,25
ALICL,2026-08-07,424.8,422.0,5448
SMPDA,2026-08-07,755.0,745.0,564
BNT,2026-08-07,11645.0,11645.0,10
SMATA,2026-08-07,725.5,728.0,1029
SMB,2026-08-07,1830.0,1820.0,889
SBL,2026-08-07,411.0,410.0,86200
SMFBS,2026-08-07,1585.0,1493.1,374
SJCL,2026-08-07,269.0,273.5,6788
JOSHI,2026-08-07,288.0,283.0,73222
BHPL,2026-08-07,523.0,497.0,7298
SMH,2026-08-07,534.0,506.0,6919
NBF3,2026-08-07,9.51,9.55,4830
SONA,2026-08-07,401.2,408.0,23274
SHINED,2026-08-07,1095.0,1095.0,50
APHL,2026-08-07,825.8,828.0,10060
RNLI,2026-08-07,428.0,431.7,8967
SOPL,2026-08-07,760.0,792.0,33277
CKHL,2026-08-07,561.5,584.0,672
SHIVM,2026-08-07,646.0,637.7,44267
EBLD85,2026-08-07,1113.4,1060.0,2
UMHL,2026-08-07,570.0,583.0,28870
SPIL,2026-08-07,685.1,690.0,7183
SIFC,2026-08-07,510.0,505.5,7215
SRLI,2026-08-07,372.0,374.0,17635
NIFRA,2026-08-07,246.0,245.1,40495
MEHL,2026-08-07,294.1,296.0,3838
NESDO,2026-08-07,1455.0,1458.0,774
NTC,2026-08-07,870.9,863.9,8319
RHGCL,2026-08-07,259.0,258.1,12524
NWCL,2026-08-07,681.0,688.0,4545
RLFL,2026-08-07,465.0,452.6,10292
SKHL,2026-08-07,870.1,890.0,7040
SKHEL,2026-08-07,960.3,990.0,1482
PURE,2026-08-07,830.0,820.0,20112
PMHPL,2026-08-07,312.1,318.0,6014
PCBL,2026-08-07,244.5,240.0,41391
SPC,2026-08-07,411.0,419.0,3743
RBBF40,2026-08-07,9.49,9.01,1948
CHDC,2026-08-07,2207.0,2200.0,7774
BGWT,2026-08-07,542.0,556.0,501
SALICO,2026-08-07,586.0,589.0,4215
NUBL,2026-08-07,602.0,605.4,2996
SANIMA,2026-08-07,375.0,370.0,461280
SANVI,2026-08-07,595.1,590.0,10045
UMRH,2026-08-07,528.3,526.1,3386
SFMF,2026-08-07,10.2,10.2,1460
SLBBL,2026-08-07,793.0,802.0,1646
STC,2026-08-07,5250.0,5180.0,515
USHEC,2026-08-07,497.0,497.0,6636
USHL,2026-08-07,525.4,538.9,1505
USLB,2026-08-07,1125.0,1125.0,1018
VLBS,2026-08-07,655.0,666.0,1433
NIMB,2026-08-07,196.1,195.0,75911
SAEF2,2026-08-07,9.4,9.5,12800
NMBMF,2026-08-07,600.4,616.0,707
BEDC,2026-08-07,321.6,323.0,14378
MPFL,2026-08-07,601.1,613.0,7828
BJHL,2026-08-07,700.0,694.0,4666
ULHC,2026-08-07,388.0,379.0,124394
SEF2,2026-08-07,9.1,9.15,38577
SKBBL,2026-08-07,752.0,749.9,5056
CBBL,2026-08-07,929.9,929.0,7453
LVF2,2026-08-06,9.51,9.3,800
SBD89,2026-08-06,1200.0,1200.0,11
SFMF,2026-08-06,10.01,10.2,2345
SGIC,2026-08-06,456.7,456.3,9121
PROFLP,2026-08-06,236.0,236.0,106
NIBD84,2026-08-06,1035.3,1035.3,50
MKCL,2026-08-06,1075.0,1062.0,3386
SANIMA,2026-08-06,376.5,373.7,83168
KEF,2026-08-06,10.5,10.5,18171
UMHL,2026-08-06,560.0,582.1,149441
SADBL,2026-08-06,411.0,409.0,20287
MEL,2026-08-06,212.2,214.6,13496
CLI,2026-08-06,442.0,440.1,6652
AKJCL,2026-08-06,385.4,374.0,707966
TPKHL,2026-08-06,533.0,552.0,76497
ULBSL,2026-08-06,2720.2,2700.5,472
NMIC,2026-08-06,928.0,913.0,3014
SINDU,2026-08-06,700.0,700.0,12222
NIMB,2026-08-06,206.3,195.9,119875
TSHL,2026-08-06,372.0,372.2,7072
USLB,2026-08-06,1116.0,1138.7,432
SAHAS,2026-08-06,680.0,672.0,49816
CORBL,2026-08-06,990.0,1025.0,88936
BPCL,2026-08-06,645.0,653.0,31224
PRIN,2026-08-06,661.1,670.5,1869
AVYAN,2026-08-06,1055.7,1042.0,4987
LSL,2026-08-06,218.0,222.8,173938
NIMBPO,2026-08-06,144.0,142.0,27298
UAIL,2026-08-06,441.0,441.4,6261
TRH,2026-08-06,779.0,792.0,4398
NLIC,2026-08-06,747.0,743.8,31459
CBLD88,2026-08-06,1170.0,1150.0,6
BHDC,2026-08-06,424.7,429.5,7379
HURJA,2026-08-06,245.0,239.1,34513
SMHL,2026-08-06,500.0,493.1,62515
KBSH,2026-08-06,935.0,970.0,24488
ICFC,2026-08-06,606.1,605.0,3311
TTL,2026-08-06,715.2,716.1,6563
RBCLPO,2026-08-06,11380.0,11380.0,15
STC,2026-08-06,5200.0,5200.0,20
PMLI,2026-08-06,437.0,438.7,2069
NICSF,2026-08-06,8.6,8.56,500
NMBD87/88,2026-08-06,1100.0,1100.0,100
NICGF2,2026-08-06,8.85,9.18,2300
MAKAR,2026-08-06,459.0,435.0,14216
NICFC,2026-08-06,9.1,9.13,2100
NLICL,2026-08-06,562.0,570.0,7846
NADEP,2026-08-06,774.0,730.0,1051
GBIME,2026-08-06,265.8,252.3,246981
TPC,2026-08-06,363.0,360.3,44556
GBBL,2026-08-06,418.3,421.0,85460
FOWAD,2026-08-06,935.0,927.1,3048
SWASTIK,2026-08-06,2040.0,2025.0,190
HLBSL,2026-08-06,870.0,880.0,1816
NRN,2026-08-06,1382.0,1387.0,59207
SNORL,2026-08-06,916.0,881.6,20417
NFS,2026-08-06,570.0,568.0,1584
SOHL,2026-08-06,672.7,662.0,350719
SMJC,2026-08-06,418.0,449.9,17151
BNHC,2026-08-06,291.0,291.0,85327
SRBLD83,2026-08-06,1015.0,1015.0,25
CYCL,2026-08-06,1299.0,1290.0,389
SOPL,2026-08-06,807.2,800.0,36365
RURU,2026-08-06,615.0,612.1,4791
SPL,2026-08-06,680.0,663.0,700
RADHI,2026-08-06,745.0,715.0,25197
GSY,2026-08-06,9.51,9.51,3450
KHPL,2026-08-06,830.4,818.0,10504
NUBL,2026-08-06,602.0,613.0,2259
SONA,2026-08-06,403.0,403.0,18577
RBBF40,2026-08-06,9.02,9.04,14700
SMFBS,2026-08-06,1535.0,1525.0,390
SBCF,2026-08-06,9.3,9.5,9610
PBLD87,2026-08-06,1080.0,1080.0,100
LBBL,2026-08-06,504.0,491.0,94128
SKHL,2026-08-06,906.0,890.0,6582
HBL,2026-08-06,187.5,194.9,146075
SEF2,2026-08-06,9.2,9.16,26480
PPL,2026-08-06,309.3,330.0,19653
SHIVM,2026-08-06,646.0,645.0,46373
NLG,2026-08-06,575.0,567.0,8218
AHL,2026-08-06,410.4,413.1,248
SMPDA,2026-08-06,775.0,750.0,2936
NICLBSL,2026-08-06,546.1,549.0,999
BNL,2026-08-06,14500.0,14500.0,10
SKBBL,2026-08-06,755.0,750.5,6771
VLBS,2026-08-06,666.0,665.0,1848
SABBL,2026-08-06,980.2,985.0,15857
MLBBL,2026-08-06,1117.0,1121.0,1592
MEHL,2026-08-06,308.0,297.0,6632
MMKJL,2026-08-06,477.9,458.0,2213
CHCL,2026-08-06,494.0,492.0,9452
NESDO,2026-08-06,1489.0,1469.0,661
SPHL,2026-08-06,522.1,520.0,2656
NICA,2026-08-06,329.2,327.9,69912
UHEWA,2026-08-06,600.0,571.8,14399
ANLB,2026-08-06,5400.0,5524.0,1194
SHL,2026-08-06,500.0,498.6,16007
UAILPO,2026-08-06,251.0,251.0,38272
RMF2,2026-08-06,9.64,9.85,600
PRVU,2026-08-06,184.0,192.3,76081
NIFRAGED,2026-08-06,1028.0,1028.0,30
KMCDB,2026-08-06,757.6,760.2,1750
RSML,2026-08-06,2600.0,2541.6,49202
NMB50,2026-08-06,10.32,10.6,4900
PSF,2026-08-06,11.79,11.8,900
LLBS,2026-08-06,867.3,894.8,70
OMPL,2026-08-06,904.0,905.0,2078
SPDL,2026-08-06,389.0,362.4,34094
PCIL,2026-08-06,612.0,635.0,24618
HIMSTAR,2026-08-06,709.0,708.0,2781
MNBBL,2026-08-06,370.0,369.5,10573
KBL,2026-08-06,229.9,216.0,289577
RIDI,2026-08-06,385.0,384.9,1213509
UNHPL,2026-08-06,385.0,379.0,23316
CKHL,2026-08-06,575.2,578.2,633
NMB,2026-08-06,247.1,243.9,67206
NMBHF2,2026-08-06,9.53,9.6,2800
NICD88,2026-08-06,1100.0,1100.0,50
SAGAR,2026-08-06,1750.0,1750.0,11449
RSY,2026-08-06,10.4,10.25,11700
NIFRA,2026-08-06,245.0,246.0,26888
SGHL,2026-08-06,513.4,525.6,121282
BHPL,2026-08-06,521.0,499.0,5470
SAIL,2026-08-06,1085.0,1099.0,40111
ACLBSL,2026-08-06,930.0,920.0,423
PCBL,2026-08-06,242.5,240.1,44619
KKHC,2026-08-06,320.0,320.0,525282
MANDU,2026-08-06,810.0,806.0,1682
SPIL,2026-08-06,682.1,687.0,1689
LICN,2026-08-06,780.0,776.0,5452
ILBS,2026-08-06,870.0,879.0,1129
NTC,2026-08-06,860.0,862.0,4505
BFC,2026-08-06,513.9,502.0,25711
RBCL,2026-08-06,14211.0,14300.0,59
RMF1,2026-08-06,9.55,9.68,2950
KPCL,2026-08-06,475.0,468.1,6060
RFPL,2026-08-06,325.1,333.2,11147
OHL,2026-08-06,667.0,670.0,1730
MMF1,2026-08-06,9.24,8.75,1700
PURE,2026-08-06,825.0,825.5,2721
ENL,2026-08-06,815.0,791.0,580
NICL,2026-08-06,505.0,500.0,18496
PRSF,2026-08-06,12.9,12.89,2850
SGHC,2026-08-06,321.8,318.5,77022
NSIF2,2026-08-06,10.74,10.68,83800
USHEC,2026-08-06,493.0,496.1,2247
YMHL,2026-08-06,639.6,639.7,47920
SAPDBL,2026-08-06,818.9,817.0,18015
SNLI,2026-08-06,419.0,415.3,15725
PHCL,2026-08-06,299.0,297.5,28105
SALICO,2026-08-06,594.0,586.0,4260
NYADI,2026-08-06,363.3,372.2,6040
GHL,2026-08-06,231.0,228.5,38653
HDHPC,2026-08-06,213.9,209.9,80586
CHL,2026-08-06,266.0,270.0,26406
GRDBL,2026-08-06,1050.0,1047.8,24575
AHPC,2026-08-06,270.0,268.0,28461
SICL,2026-08-06,610.5,616.9,1397
GMLI,2026-08-06,1117.0,1104.0,3222
NWCL,2026-08-06,681.3,696.9,656
SHEL,2026-08-06,305.0,306.9,78427
UPCL,2026-08-06,355.0,351.0,22402
NBLD87,2026-08-06,1061.1,1061.1,10
NHDL,2026-08-06,644.0,641.0,2636
FMDBL,2026-08-06,759.0,758.0,6627
RHGCL,2026-08-06,262.9,261.0,16537
RLEL,2026-08-06,885.0,886.0,3583
NRM,2026-08-06,307.0,310.5,3279
SMH,2026-08-06,512.0,509.0,10300
UPPER,2026-08-06,197.0,194.1,47333
C30MF,2026-08-06,10.01,9.9,600
NIBLGF,2026-08-06,9.16,9.25,2800
TAMOR,2026-08-06,448.2,450.0,23440
NHPC,2026-08-06,282.8,277.1,683738
MHNL,2026-08-06,239.5,239.9,14350
ILI,2026-08-06,415.8,411.2,13476
SLBBL,2026-08-06,802.0,798.3,2203
CREST,2026-08-06,1254.6,1194.0,3873
RNLI,2026-08-06,416.0,432.5,27466
JBLB,2026-08-06,1260.0,1260.0,4808
RAWA,2026-08-06,432.0,425.9,10371
NSY,2026-08-06,9.03,9.2,4500
USHL,2026-08-06,565.9,539.0,675
API,2026-08-06,331.2,331.9,102691
BEDC,2026-08-06,318.1,322.0,13876
KAHL,2026-08-06,530.0,554.5,89655
MHL,2026-08-06,482.0,468.5,2541
HIDCL,2026-08-06,259.0,254.6,20967
EDBLPO,2026-08-06,324.0,324.0,84485
JSLBB,2026-08-06,1000.0,990.0,91
SBI,2026-08-06,388.5,406.4,2968
SRLI,2026-08-06,373.1,375.0,8668
EDBL,2026-08-06,594.0,587.9,645
MERO,2026-08-06,665.3,666.0,596
RSDC,2026-08-06,637.1,635.0,2729
HRL,2026-08-06,617.0,584.0,37238
JFL,2026-08-06,391.1,391.0,3205
NABIL,2026-08-06,568.0,552.0,53215
SJLIC,2026-08-06,412.5,414.2,8389
PPCL,2026-08-06,358.0,340.0,10682
RLFL,2026-08-06,469.0,457.0,13466
SWMF,2026-08-06,605.2,610.0,3929
NBF3,2026-08-06,9.58,9.51,26710
MATRI,2026-08-06,810.1,812.2,393
DDBL,2026-08-06,830.0,835.0,5724
LSH12,2026-08-06,10.0,9.35,11700
BARUN,2026-08-06,318.0,322.7,28888
NABILD2089,2026-08-06,1040.0,1040.0,25
IHL,2026-08-06,354.0,348.0,5844
WNLB,2026-08-06,1323.6,1335.0,49
HDL,2026-08-06,1174.0,1167.0,15131
MLBSL,2026-08-06,1635.0,1600.0,1081
JBBL,2026-08-06,350.1,343.0,46913
ECL,2026-08-06,1500.0,1612.0,74398
VLUCL,2026-08-06,415.1,419.0,874
SCB,2026-08-06,625.0,654.0,15658
GBIMEP,2026-08-06,101.6,101.6,22018
JHAPA,2026-08-06,1108.0,1098.0,2330
SEF,2026-08-06,9.8,9.81,4489
MABEL,2026-08-06,589.0,595.6,4965
UNLB,2026-08-06,1237.0,1257.9,1195
SAEF2,2026-08-06,10.0,9.5,26800
MLBL,2026-08-06,357.0,354.3,13045
CCBD88,2026-08-06,1177.0,1177.0,25
HPPL,2026-08-06,385.1,388.0,110658
HLI,2026-08-06,320.0,319.9,26906
CFCL,2026-08-06,646.0,675.0,182547
PMHPL,2026-08-06,312.0,319.0,11044
NRIC,2026-08-06,940.0,938.9,16972
CIT,2026-08-06,1711.0,1710.0,1738
SJCL,2026-08-06,274.0,272.5,4683
RHPL,2026-08-06,258.0,256.5,9346
CGH,2026-08-06,790.0,778.3,16702
GLH,2026-08-06,257.0,257.4,19944
HEI,2026-08-06,539.9,537.0,2732
NIBSF2,2026-08-06,8.6,9.0,52174
PROFL,2026-08-06,425.0,423.1,5125
NBF2,2026-08-06,9.94,9.9,3100
MBLD2085,2026-08-06,1188.3,1188.3,125
GBIMESY2,2026-08-06,8.93,9.2,2900
SFEF,2026-08-06,9.85,9.85,300
SHLB,2026-08-06,1440.0,1476.9,74
MLBLD89,2026-08-06,1279.0,1279.0,10
SMATA,2026-08-06,721.2,732.0,468
HLICF,2026-08-06,8.66,8.5,1770
SHINE,2026-08-06,410.2,408.2,20045
NMBMF,2026-08-06,601.0,614.7,96
NABBC,2026-08-06,829.9,843.0,34024
MNMF1,2026-08-06,9.6,9.6,2000
MPFL,2026-08-06,606.0,611.0,7322
MSHL,2026-08-06,606.0,609.0,189
GUFL,2026-08-06,561.0,575.9,28866
MEN,2026-08-06,600.0,600.1,36224
EHPL,2026-08-06,365.2,344.0,4094
BHL,2026-08-06,211.0,210.0,71067
NIL,2026-08-06,615.0,615.1,5407
SWBBL,2026-08-06,711.9,673.0,7175
ALICL,2026-08-06,423.0,424.8,6022
HEIP,2026-08-06,337.5,337.5,10
ADBL,2026-08-06,304.0,308.8,143216
JBBD87,2026-08-06,1108.0,1111.0,105
GBLBS,2026-08-06,743.9,737.0,749
MKHL,2026-08-06,480.2,495.3,6620
NMLBBL,2026-08-06,512.0,516.0,13451
SSHL,2026-08-06,205.0,202.5,71658
ALBSL,2026-08-06,1066.0,1085.0,4393
CBBL,2026-08-06,925.5,929.9,5944
DOLTI,2026-08-06,322.0,320.0,19633
MHCL,2026-08-06,321.0,312.1,5370
EBL,2026-08-06,730.0,725.0,27393
SLCF,2026-08-06,9.5,9.49,1488
JOSHI,2026-08-06,305.9,284.0,73622
SBL,2026-08-06,415.0,411.0,105901
SIPD,2026-08-06,681.0,690.0,16708
GLBSL,2026-08-06,1790.0,1801.0,123
MKJC,2026-08-06,455.7,457.0,2753
UMRH,2026-08-06,539.0,535.1,10683
EBLD85,2026-08-06,1127.0,1113.4,77
DORDI,2026-08-06,253.2,254.0,22370
SHPC,2026-08-06,501.0,499.9,12802
SIKLES,2026-08-06,558.3,560.0,8631
DHEL,2026-08-06,580.0,576.0,14035
SKHEL,2026-08-06,986.0,989.0,2791
GMFBS,2026-08-06,1200.0,1183.1,410
ULHC,2026-08-06,350.0,407.2,16882
MCHL,2026-08-06,282.0,280.1,4588
MFIL,2026-08-06,755.0,785.0,126180
CITY,2026-08-06,390.0,374.0,82999
DHPL,2026-08-06,307.6,293.0,6643
BNT,2026-08-06,11610.0,11610.0,25
MSLB,2026-08-06,1265.0,1255.0,2572
SLBSL,2026-08-06,990.0,999.1,1012
MBJC,2026-08-06,265.1,267.4,13296
NMFBS,2026-08-06,1105.1,1105.0,3282
SYPNL,2026-08-06,1251.2,1280.0,61852
MLBS,2026-08-06,1135.0,1119.0,425
MKHC,2026-08-06,285.0,285.8,12603
MDB,2026-08-06,588.0,578.0,1905
KSBBL,2026-08-06,473.1,472.0,18622
SARBTM,2026-08-06,781.0,783.0,2374
KDBY,2026-08-06,11.03,11.11,101050
CZBIL,2026-08-06,205.0,202.0,42559
HIDCLP,2026-08-06,191.4,189.9,33728
NGPL,2026-08-06,409.9,412.8,139627
GBBD85,2026-08-06,1050.0,1050.0,25
GILB,2026-08-06,1094.0,1090.0,1002
ICFCD89,2026-08-06,1081.1,1090.0,150
BHCL,2026-08-06,492.1,494.0,15068
NBL,2026-08-06,255.5,269.0,55321
NIBLSTF,2026-08-06,8.3,8.79,17927
IGI,2026-08-06,439.0,429.0,5369
GVL,2026-08-06,480.0,480.2,4787
SMB,2026-08-06,1800.0,1800.0,902
GMFIL,2026-08-06,472.0,455.3,6873
CHDC,2026-08-06,2228.0,2218.0,20810
DLBS,2026-08-06,1215.0,1182.1,1233
MBL,2026-08-06,243.5,253.0,57765
LEC,2026-08-06,229.9,224.0,105012
HFIN,2026-08-06,702.5,709.0,16550
BJHL,2026-08-06,670.0,704.0,6902
AKPL,2026-08-06,263.9,258.0,61982
KBLD86,2026-08-06,1125.0,1080.0,2
KSY,2026-08-06,9.47,9.5,973
GFCL,2026-08-06,604.0,603.0,6743
CSY,2026-08-06,9.0,9.02,5464
PBD85,2026-08-06,1060.0,1060.0,50
APHL,2026-08-06,830.0,828.0,10218
HHL,2026-08-06,344.9,336.4,31851
KDL,2026-08-06,774.0,780.0,1242
SIGS3,2026-08-06,10.65,10.5,400
SIFC,2026-08-06,503.0,510.0,5130
BBC,2026-08-06,4300.0,4278.0,505
GCIL,2026-08-06,353.0,350.0,9521
KBLD89,2026-08-06,1275.0,1275.0,100
NICBF,2026-08-06,9.07,9.1,600
HATHY,2026-08-06,681.0,685.9,2640
H8020,2026-08-06,11.75,12.2,10858
SANVI,2026-08-06,600.0,597.0,3408
GIBF1,2026-08-06,10.7,10.98,5300
SPC,2026-08-06,422.0,420.0,3894
MBLEF,2026-08-06,10.0,10.28,7210
BUNGAL,2026-08-06,588.0,585.1,20057
NBLD82,2026-08-06,1023.5,1023.1,50
TVCL,2026-08-06,471.0,475.1,10049
BGWT,2026-08-06,573.0,557.0,983
BANDIPUR,2026-08-06,709.0,697.0,28780
GRDBL,2026-08-05,1090.0,1072.0,48666
CHL,2026-08-05,280.0,274.5,29174
ADBLD83,2026-08-05,1025.0,1024.0,25
BHCL,2026-08-05,514.5,492.1,14333
RBCLPO,2026-08-05,11380.0,11662.0,70
KDBY,2026-08-05,10.88,11.3,88100
NADEP,2026-08-05,716.0,737.2,957
KEF,2026-08-05,10.46,10.51,2500
NTC,2026-08-05,870.0,865.8,31100
PPCL,2026-08-05,323.6,341.0,6384
API,2026-08-05,331.8,332.0,68858
MCHL,2026-08-05,287.0,286.7,5761
NICAD2091,2026-08-05,1050.0,1050.0,25
GBLBS,2026-08-05,732.3,743.9,1435
MBJC,2026-08-05,266.0,267.1,14108
SJCL,2026-08-05,272.0,277.8,5226
NICD83/84,2026-08-05,1029.0,1037.0,900
NIMBD90,2026-08-05,1253.3,1253.3,60
RBBF40,2026-08-05,9.0,9.15,24909
KSBBL,2026-08-05,473.1,475.0,15768
NRIC,2026-08-05,930.0,937.0,29051
SAGAR,2026-08-05,1760.0,1740.0,7443
MKHL,2026-08-05,504.5,495.0,3276
NWCL,2026-08-05,696.1,690.0,2631
RFPL,2026-08-05,333.8,330.5,13144
NESDO,2026-08-05,1460.0,1479.0,1037
RSML,2026-08-05,2650.0,2619.0,31835
NCCD86,2026-08-05,1164.0,1164.0,10
PPL,2026-08-05,320.0,325.5,5815
GLH,2026-08-05,255.4,258.0,19639
NFS,2026-08-05,579.9,570.0,2058
BBC,2026-08-05,4122.0,4250.0,275
NLG,2026-08-05,585.0,585.0,4054
YMHL,2026-08-05,602.0,639.6,21179
ILBS,2026-08-05,865.0,883.8,1029
MPFL,2026-08-05,600.0,615.0,8654
NHPC,2026-08-05,282.9,281.9,322098
NIMBPO,2026-08-05,143.3,143.6,1119
AHPC,2026-08-05,267.7,267.9,45466
NBLD82,2026-08-05,1055.0,1024.0,25
KHPL,2026-08-05,826.0,843.0,12729
SMB,2026-08-05,1820.0,1785.0,1215
EBLD85,2026-08-05,1154.7,1127.0,81
CSY,2026-08-05,9.05,9.06,5030
PMLI,2026-08-05,440.0,444.0,3569
NICBF,2026-08-05,9.15,9.2,10550
RMF2,2026-08-05,9.63,9.63,100
RLEL,2026-08-05,878.0,898.0,6282
WNLB,2026-08-05,1333.1,1340.0,163
SBLD2091,2026-08-05,1060.0,1073.5,175
MLBBL,2026-08-05,1140.0,1135.0,483
SAHAS,2026-08-05,675.0,675.0,71042
SWBBL,2026-08-05,705.0,678.0,9539
SWMF,2026-08-05,610.0,618.0,3820
PRVU,2026-08-05,193.0,193.0,104237
NUBL,2026-08-05,617.8,610.0,992
NRN,2026-08-05,1450.0,1394.0,77340
SALICO,2026-08-05,599.8,598.0,3879
NHDL,2026-08-05,643.0,644.0,1157
LSL,2026-08-05,228.5,224.7,110032
NABBC,2026-08-05,813.0,824.9,9349
GBBD85,2026-08-05,1056.0,1056.0,30
GCIL,2026-08-05,355.0,352.5,11113
SHPC,2026-08-05,500.0,502.0,21976
SHLB,2026-08-05,1446.0,1450.0,30
SJLIC,2026-08-05,411.5,413.0,12708
SWASTIK,2026-08-05,1985.0,2030.0,367
MLBSL,2026-08-05,1640.0,1635.1,497
UAIL,2026-08-05,442.0,444.9,6166
NMB,2026-08-05,252.0,246.5,31890
MNMF1,2026-08-05,9.55,9.6,600
BANDIPUR,2026-08-05,700.0,709.9,8876
CKHL,2026-08-05,575.8,592.9,1290
SOPL,2026-08-05,810.0,815.0,23188
MMKJL,2026-08-05,471.0,464.0,1803
BUNGAL,2026-08-05,599.0,588.0,14366
NLICL,2026-08-05,572.0,570.0,12252
SANVI,2026-08-05,591.0,605.0,7780
NRM,2026-08-05,310.0,312.5,4257
MHL,2026-08-05,467.1,469.5,1739
MLBS,2026-08-05,1123.3,1135.0,39
OHL,2026-08-05,662.0,660.5,1028
MMF1,2026-08-05,8.77,9.27,11500
CREST,2026-08-05,1199.0,1194.9,2332
EDBL,2026-08-05,591.0,590.9,3742
EBLD91,2026-08-05,1060.0,1058.0,100
RSY,2026-08-05,10.41,10.41,80490
JOSHI,2026-08-05,315.0,298.0,112792
GLBSL,2026-08-05,1710.0,1790.0,181
RLFL,2026-08-05,492.3,459.9,37185
PSF,2026-08-05,11.7,11.78,18300
SPC,2026-08-05,416.0,422.7,3826
SMFBS,2026-08-05,1581.0,1535.0,643
LUK,2026-08-05,10.7,10.7,330
HHL,2026-08-05,344.0,337.0,9684
MNBBL,2026-08-05,372.0,369.0,22207
NICA,2026-08-05,346.5,329.1,49029
MABEL,2026-08-05,585.1,599.0,4825
NIBLGF,2026-08-05,9.43,9.43,100
USHL,2026-08-05,567.0,539.0,1703
MATRI,2026-08-05,815.0,817.5,1308
HIDCL,2026-08-05,255.9,255.0,52595
MHCL,2026-08-05,310.0,312.1,1370
SIGS2,2026-08-05,10.8,10.8,200
NIMB,2026-08-05,206.0,196.5,98719
BGWT,2026-08-05,557.0,573.0,3687
MEHL,2026-08-05,300.0,299.9,5373
KDL,2026-08-05,799.6,774.0,891
NLIC,2026-08-05,749.0,748.7,10936
SPHL,2026-08-05,523.0,533.0,4656
LVF2,2026-08-05,9.8,9.8,200
RBBD2088,2026-08-05,1055.9,1056.0,50
LLBS,2026-08-05,890.0,889.0,138
HLBSL,2026-08-05,868.0,890.0,734
MKCL,2026-08-05,1054.0,1075.0,3781
KMCDB,2026-08-05,770.0,770.0,338
LBBL,2026-08-05,505.0,500.0,107373
GBIMESY2,2026-08-05,9.02,9.2,1250
GILB,2026-08-05,1095.0,1094.0,1243
NBF3,2026-08-05,9.6,9.65,12240
NIBLSTF,2026-08-05,8.55,8.55,690
LEC,2026-08-05,231.0,228.5,74078
MBLEF,2026-08-05,10.0,10.25,1300
SYPNL,2026-08-05,1254.0,1317.0,24063
MLBL,2026-08-05,355.2,357.0,17103
SBID2090,2026-08-05,1050.0,1050.0,25
MBL,2026-08-05,255.1,255.8,84844
TTL,2026-08-05,716.0,715.2,7076
SOHL,2026-08-05,585.0,672.7,909305
SHINED,2026-08-05,1084.0,1084.0,25
SMJC,2026-08-05,460.0,440.0,8526
NMIC,2026-08-05,901.2,928.9,550
SKHEL,2026-08-05,957.0,986.1,1492
NMBD2085,2026-08-05,1140.0,1140.0,100
NMBHF2,2026-08-05,9.7,9.65,7110
PRSF,2026-08-05,12.97,12.88,13500
HBL,2026-08-05,200.0,197.3,42244
RHPL,2026-08-05,256.0,258.0,6840
MEN,2026-08-05,600.0,600.0,40438
KSY,2026-08-05,9.47,9.75,530
PCBLP,2026-08-05,103.0,103.0,200000
NIBSF2,2026-08-05,8.78,8.65,5440
HLICF,2026-08-05,8.66,8.66,1300
TVCL,2026-08-05,473.0,473.1,2270
PRIN,2026-08-05,661.0,670.0,809
USLB,2026-08-05,1149.5,1127.0,1218
AHL,2026-08-05,409.0,415.0,2866
KBSH,2026-08-05,959.0,949.0,8584
NICSF,2026-08-05,8.8,8.8,5300
NIBD84,2026-08-05,1040.1,1040.1,25
SABBL,2026-08-05,980.0,990.0,6498
HDHPC,2026-08-05,213.8,211.5,96936
MSLB,2026-08-05,1285.0,1270.0,1365
JFL,2026-08-05,387.1,389.1,3630
SPL,2026-08-05,650.0,662.0,339
HIMSTAR,2026-08-05,721.0,727.0,2432
HRL,2026-08-05,615.0,588.0,48792
JHAPA,2026-08-05,1104.1,1112.0,4866
MKJC,2026-08-05,458.0,460.0,2086
PBD85,2026-08-05,1099.9,1077.0,80
SAIL,2026-08-05,1090.0,1125.8,24492
HEI,2026-08-05,544.9,538.8,4197
SKBBL,2026-08-05,765.0,752.0,9107
MHNL,2026-08-05,246.0,241.7,4821
JBBL,2026-08-05,342.3,345.0,18013
GHL,2026-08-05,214.8,231.0,38309
JBLB,2026-08-05,1260.0,1261.0,3508
NICGF2,2026-08-05,9.04,9.05,1600
ICFC,2026-08-05,606.0,609.5,5758
HDL,2026-08-05,1170.0,1172.0,15030
CIZBD90,2026-08-05,1190.0,1190.0,25
HURJA,2026-08-05,241.0,239.9,52381
HIDCLP,2026-08-05,188.5,189.0,41447
JSLBB,2026-08-05,985.0,985.0,50
NMB50,2026-08-05,10.5,10.43,7655
NMLBBL,2026-08-05,514.0,512.3,5250
KPCL,2026-08-05,466.1,469.0,4513
ICFCD89,2026-08-05,1082.0,1082.0,25
UPCL,2026-08-05,357.0,353.0,26089
IGI,2026-08-05,432.1,436.7,1664
ANLB,2026-08-05,5400.0,5544.0,1542
NICLBSL,2026-08-05,550.0,548.0,4346
NYADI,2026-08-05,361.5,367.0,1642
NIFRAGED,2026-08-05,1028.0,1028.0,25
SGIC,2026-08-05,458.0,459.8,1214
SFEF,2026-08-05,10.0,9.84,12620
ENL,2026-08-05,812.0,803.9,290
CGH,2026-08-05,782.0,778.5,5325
UMHL,2026-08-05,560.0,576.0,33291
ULHC,2026-08-05,367.0,354.1,5447
BEDC,2026-08-05,318.2,322.5,15567
KBL,2026-08-05,226.0,219.0,326366
APHL,2026-08-05,823.0,830.3,9248
GMLI,2026-08-05,1110.0,1117.0,2078
MERO,2026-08-05,656.1,665.3,2701
ACLBSL,2026-08-05,915.0,930.0,1642
UPPER,2026-08-05,194.0,195.0,54697
DHPL,2026-08-05,286.2,293.0,2593
SBL,2026-08-05,417.0,417.0,206225
UHEWA,2026-08-05,546.4,574.8,1781
GMFBS,2026-08-05,1215.0,1215.0,309
NMBMF,2026-08-05,610.0,617.9,1535
PURE,2026-08-05,827.0,837.6,1616
ALBSL,2026-08-05,1065.0,1102.0,12601
FOWAD,2026-08-05,931.1,943.0,3616
CFCL,2026-08-05,643.0,680.0,243275
BPCL,2026-08-05,647.1,654.0,14494
GSY,2026-08-05,9.51,9.69,7510
NABILD87,2026-08-05,1150.0,1116.0,1
GBBL,2026-08-05,412.6,415.0,52157
FMDBL,2026-08-05,769.0,760.0,4838
KAHL,2026-08-05,521.0,530.0,38622
SHIVM,2026-08-05,680.3,649.0,69463
PHCL,2026-08-05,297.0,299.0,42180
SMH,2026-08-05,497.1,514.0,10011
SNORL,2026-08-05,911.0,928.0,14428
KSBBLD87,2026-08-05,1190.0,1087.7,125
GUFL,2026-08-05,561.3,563.0,16819
NSIF2,2026-08-05,10.75,10.74,24700
VLUCL,2026-08-05,412.2,417.0,3234
DHEL,2026-08-05,569.0,581.0,17800
MFIL,2026-08-05,765.0,773.0,69920
CIT,2026-08-05,1720.0,1710.1,2849
SSHL,2026-08-05,205.0,203.0,74213
EHPL,2026-08-05,353.5,347.9,9751
NIFRA,2026-08-05,233.9,247.0,43465
SIGS3,2026-08-05,10.47,10.6,400
MKHC,2026-08-05,288.9,287.0,17057
DLBS,2026-08-05,1248.6,1208.0,237
SIKLES,2026-08-05,555.7,560.0,15123
AKPL,2026-08-05,265.0,260.7,40866
VLBS,2026-08-05,660.0,666.0,910
CZBIL,2026-08-05,206.0,204.9,50097
SAPDBL,2026-08-05,856.0,818.9,25175
PCBL,2026-08-05,242.2,242.5,39909
CITY,2026-08-05,348.8,378.9,121792
USHEC,2026-08-05,491.0,495.7,3346
CBBL,2026-08-05,940.0,930.0,6546
NABIL,2026-08-05,530.1,557.0,75852
GMFIL,2026-08-05,465.0,463.9,15219
SLBBL,2026-08-05,793.5,802.0,3877
MAKAR,2026-08-05,436.0,438.0,10730
GFCL,2026-08-05,610.0,604.1,10386
MSHL,2026-08-05,610.0,610.0,76
SNLI,2026-08-05,419.0,419.0,10385
CYCL,2026-08-05,1282.2,1308.0,1215
NBF2,2026-08-05,10.0,9.95,16600
PCIL,2026-08-05,670.0,644.0,39848
C30MF,2026-08-05,10.25,10.25,550
CHCL,2026-08-05,495.0,493.0,11531
GWFD83,2026-08-05,1030.2,1085.0,2
PMHPL,2026-08-05,322.5,320.0,1643
ECL,2026-08-05,1817.9,1575.0,106014
PBLD84,2026-08-05,1087.0,1057.2,30
NMFBS,2026-08-05,1110.0,1107.8,1913
ULBSL,2026-08-05,2749.9,2748.0,387
SBI,2026-08-05,403.0,408.7,12697
CHDC,2026-08-05,2104.2,2228.0,12535
RADHI,2026-08-05,710.0,716.0,71244
NBL,2026-08-05,269.0,268.7,31003
UMRH,2026-08-05,532.09,540.0,12664
MDB,2026-08-05,589.0,587.0,853
TPKHL,2026-08-05,520.6,545.0,28402
BNHC,2026-08-05,278.0,291.0,41465
PROFL,2026-08-05,429.9,430.0,8140
DOLTI,2026-08-05,324.8,322.0,16541
GVL,2026-08-05,481.0,482.0,4385
SMPDA,2026-08-05,747.0,755.0,2254
SHEL,2026-08-05,302.2,306.9,27377
AKJCL,2026-08-05,363.1,367.1,274641
DORDI,2026-08-05,254.0,254.0,17615
BJHL,2026-08-05,670.0,700.0,11305
SANIMA,2026-08-05,375.0,375.4,90544
SHINE,2026-08-05,415.0,411.5,22342
SRLI,2026-08-05,375.0,376.0,9359
SPDL,2026-08-05,362.0,371.0,98435
BHPL,2026-08-05,472.2,497.0,11994
BFC,2026-08-05,505.2,506.0,21575
ILI,2026-08-05,415.0,415.8,5145
KKHC,2026-08-05,331.6,325.0,863331
RHGCL,2026-08-05,257.1,262.0,9625
EBL,2026-08-05,729.0,730.0,34151
SMATA,2026-08-05,720.0,730.0,1225
HFIN,2026-08-05,700.1,712.0,20376
RAWA,2026-08-05,425.0,427.8,13750
SIFC,2026-08-05,517.0,510.0,5279
HLI,2026-08-05,323.0,321.8,19847
LICN,2026-08-05,790.0,784.5,12044
SMHL,2026-08-05,493.0,497.0,23996
STC,2026-08-05,5160.0,5200.0,230
NIL,2026-08-05,619.5,617.1,4926
CORBL,2026-08-05,1070.0,1035.0,48129
CCBD88,2026-08-05,1177.0,1177.0,25
ADBL,2026-08-05,325.0,320.0,40701
BHL,2026-08-05,212.0,211.0,41055
ALICL,2026-08-05,423.3,425.1,15400
RURU,2026-08-05,603.1,615.0,3419
SGHC,2026-08-05,312.0,318.0,25603
SIPD,2026-08-05,646.0,699.0,80355
IHL,2026-08-05,350.0,349.0,3162
MANDU,2026-08-05,801.3,810.0,1900
UNL,2026-08-05,47800.0,48000.0,20
SRBLD83,2026-08-05,1008.1,1008.1,25
NSY,2026-08-05,9.3,9.3,4200
GIBF1,2026-08-05,10.68,10.73,1000
KBLD86,2026-08-05,1180.0,1125.0,3
MFLD85,2026-08-05,1151.9,1116.0,176
SLCF,2026-08-05,9.6,9.7,15600
CBLD88,2026-08-05,1172.1,1170.0,54
OMPL,2026-08-05,904.0,924.9,1466
DDBL,2026-08-05,837.9,831.0,11008
SICL,2026-08-05,611.3,617.5,2144
SINDU,2026-08-05,717.0,704.0,9890
TRH,2026-08-05,784.8,789.0,3494
RIDI,2026-08-05,363.0,384.0,931453
H8020,2026-08-05,12.0,12.0,33705
BARUN,2026-08-05,322.0,324.0,6273
UNLB,2026-08-05,1312.3,1237.0,120
SONA,2026-08-05,405.0,405.0,21536
TPC,2026-08-05,370.0,369.6,19583
TSHL,2026-08-05,389.0,380.0,2204
SARBTM,2026-08-05,795.0,788.0,4010
CLI,2026-08-05,443.0,445.8,6235
SPIL,2026-08-05,695.0,693.9,653
AVYAN,2026-08-05,1010.0,1025.0,850
RNLI,2026-08-05,430.1,437.7,9514
SEF2,2026-08-05,10.0,9.45,42010
SLBSL,2026-08-05,1011.1,990.0,3276
SFMF,2026-08-05,10.15,10.11,31556
NGPL,2026-08-05,411.0,407.0,69796
RSDC,2026-08-05,640.0,637.1,2874
SBCF,2026-08-05,9.5,9.5,3135
SADBL,2026-08-05,413.8,411.0,9807
RBCL,2026-08-05,14230.0,14230.0,10
UNHPL,2026-08-05,388.0,379.9,9947
SGHL,2026-08-05,510.0,513.0,67404
BNT,2026-08-05,11670.0,11700.0,90
TAMOR,2026-08-05,446.0,453.0,12052
RMF1,2026-08-05,9.58,9.55,15880
SEF,2026-08-05,10.0,10.0,100
SCB,2026-08-05,662.0,655.9,8907
SHL,2026-08-05,499.0,501.0,10373
NICFC,2026-08-05,9.1,9.12,1599
BHDC,2026-08-05,425.0,428.5,7798
SKHL,2026-08-05,880.0,910.0,7276
HATHY,2026-08-05,726.0,696.0,4134
HPPL,2026-08-05,372.0,386.5,137172
GBIME,2026-08-05,270.6,253.2,290873
NICL,2026-08-05,528.1,503.0,4567
MEL,2026-08-05,215.6,215.0,8332
LBLD88,2026-08-04,1094.0,1090.0,25
NICFC,2026-08-04,9.1,9.12,800
YMHL,2026-08-04,627.1,617.0,24091
UPPER,2026-08-04,200.0,194.1,39751
CGH,2026-08-04,780.0,782.0,2937
MSLB,2026-08-04,1323.9,1292.0,2014
NMBMF,2026-08-04,607.1,619.0,760
EHPL,2026-08-04,363.6,344.0,4882
CREST,2026-08-04,1184.0,1199.7,15749
KKHC,2026-08-04,284.0,315.9,1321921
GWFD83,2026-08-04,1057.1,1030.2,125
SMFBS,2026-08-04,1544.0,1506.0,221
NLIC,2026-08-04,758.0,753.0,9845
TPKHL,2026-08-04,550.0,548.0,31301
CHDC,2026-08-04,2220.0,2214.9,6100
DLBS,2026-08-04,1160.0,1209.0,772
UPCL,2026-08-04,356.0,353.0,90447
SAGF,2026-08-04,10.4,10.57,10723
MPFL,2026-08-04,605.0,614.8,6922
SAGAR,2026-08-04,1780.0,1752.6,11671
GMLI,2026-08-04,1121.0,1131.9,776
RFPL,2026-08-04,332.0,331.8,19432
EBLD85,2026-08-04,1125.0,1121.1,50
SBL,2026-08-04,420.0,417.9,402168
NGPL,2026-08-04,405.6,406.0,95593
MLBL,2026-08-04,355.0,355.0,16382
MHCL,2026-08-04,310.6,315.0,1277
BNHC,2026-08-04,275.0,278.0,30086
JBBL,2026-08-04,344.0,347.5,58926
MLBSL,2026-08-04,1663.4,1680.0,457
RBBD2088,2026-08-04,1043.0,1026.7,150
CBBL,2026-08-04,934.0,935.0,10998
BHCL,2026-08-04,473.0,490.0,17762
USHL,2026-08-04,545.0,540.0,3008
NMLBBL,2026-08-04,515.6,515.0,15443
FMDBL,2026-08-04,760.0,769.0,4432
NTC,2026-08-04,873.9,865.1,16441
CZBILP,2026-08-04,100.0,100.0,722042
TPC,2026-08-04,358.0,368.0,25546
CSY,2026-08-04,9.03,9.05,5700
MHNL,2026-08-04,241.0,240.8,22641
RBBF40,2026-08-04,9.0,8.97,23100
SRLI,2026-08-04,370.0,377.8,14032
PURE,2026-08-04,828.1,849.5,4908
NADEP,2026-08-04,740.0,737.9,500
SICL,2026-08-04,617.0,611.1,5436
AVYAN,2026-08-04,1021.0,1011.0,4185
MBLEF,2026-08-04,10.26,10.25,155270
ALBSL,2026-08-04,1076.0,1089.0,2690
PRIN,2026-08-04,675.0,674.0,3819
ALICL,2026-08-04,430.0,425.9,12253
KDBY,2026-08-04,10.97,11.12,47874
BANDIPUR,2026-08-04,711.0,706.0,25586
NFS,2026-08-04,572.0,571.0,12522
MERO,2026-08-04,660.6,665.2,1709
LSL,2026-08-04,227.2,225.5,115489
SLBBL,2026-08-04,802.0,800.1,2668
AHPC,2026-08-04,273.0,267.7,37668
NRIC,2026-08-04,960.0,930.0,26361
LICN,2026-08-04,790.0,782.5,1883
PBLD87,2026-08-04,1085.0,1085.0,25
PSF,2026-08-04,12.0,11.74,3100
JSLBB,2026-08-04,965.0,988.8,957
GLH,2026-08-04,253.7,257.8,23281
VLBS,2026-08-04,668.0,665.0,3784
KBLD86,2026-08-04,1266.5,1180.0,47
GBIMESY2,2026-08-04,9.3,9.12,1600
MNMF1,2026-08-04,9.57,9.5,22400
SNLI,2026-08-04,424.5,420.0,16678
BFC,2026-08-04,503.2,510.0,49553
GBIMEP,2026-08-04,104.7,104.7,11396
NLICL,2026-08-04,565.0,571.3,15927
GHL,2026-08-04,227.0,226.1,48554
DHEL,2026-08-04,575.0,568.2,29341
LLBS,2026-08-04,881.0,890.0,120
ILBS,2026-08-04,871.0,890.0,1583
API,2026-08-04,333.0,331.8,80675
SAIL,2026-08-04,1112.0,1101.0,53622
RURU,2026-08-04,604.0,610.5,1958
GVL,2026-08-04,483.0,481.1,6158
HDL,2026-08-04,1170.0,1167.3,12403
GMFIL,2026-08-04,462.1,465.0,9678
RBCL,2026-08-04,14568.0,14450.0,30
TSHL,2026-08-04,385.0,378.3,4677
AKJCL,2026-08-04,362.0,361.0,183762
ENL,2026-08-04,805.0,810.0,210
PCIL,2026-08-04,640.0,638.1,30411
HLICF,2026-08-04,8.76,8.66,12475
NBF3,2026-08-04,9.9,9.75,10646
DDBL,2026-08-04,832.7,833.0,8928
MLBBL,2026-08-04,1129.0,1144.0,656
MKHC,2026-08-04,285.0,286.9,10976
C30MF,2026-08-04,10.01,10.09,4125
NRN,2026-08-04,1487.1,1396.0,44186
SPC,2026-08-04,419.0,424.9,1311
HIDCL,2026-08-04,250.0,255.9,48490
SPIL,2026-08-04,683.4,695.0,7943
HLBSL,2026-08-04,895.0,884.0,1052
KHPL,2026-08-04,817.0,834.0,13309
LBBL,2026-08-04,498.0,505.0,111896
GBBD85,2026-08-04,1050.1,1061.0,175
MCHL,2026-08-04,279.0,287.7,3284
MNBBL,2026-08-04,373.0,370.5,19767
NBF2,2026-08-04,10.1,9.99,13114
MBJC,2026-08-04,265.2,268.1,6011
LVF2,2026-08-04,10.14,10.0,14300
NIBLGF,2026-08-04,9.72,9.72,200
CITY,2026-08-04,366.0,367.1,124938
NWCL,2026-08-04,745.3,699.7,3204
EDBL,2026-08-04,583.0,591.0,13326
SMJC,2026-08-04,440.1,439.0,19614
SGHL,2026-08-04,525.0,513.4,54401
KAHL,2026-08-04,527.1,526.0,28617
GBBL,2026-08-04,415.4,417.5,32439
NYADI,2026-08-04,361.7,365.1,2390
MEHL,2026-08-04,300.0,300.0,2681
HHL,2026-08-04,335.0,334.0,11712
SHINE,2026-08-04,415.0,412.7,19847
RHGCL,2026-08-04,249.8,263.5,19930
HFIN,2026-08-04,761.2,710.0,20399
SHL,2026-08-04,500.0,500.0,5881
GBIME,2026-08-04,262.0,257.8,246287
MHL,2026-08-04,476.0,467.1,5004
MAKAR,2026-08-04,439.9,436.6,7692
BJHL,2026-08-04,699.0,705.0,6625
BHL,2026-08-04,215.0,211.5,40973
AKPL,2026-08-04,262.9,259.9,44118
ICFCD89,2026-08-04,1100.0,1092.0,50
GCIL,2026-08-04,355.0,352.1,6309
KEF,2026-08-04,10.45,10.46,10300
JOSHI,2026-08-04,278.2,300.0,224868
PMLI,2026-08-04,440.2,440.0,6886
GIBF1,2026-08-04,10.7,10.77,1900
CKHL,2026-08-04,579.1,593.3,715
HDHPC,2026-08-04,210.0,211.9,83757
GRDBL,2026-08-04,1120.0,1090.7,13157
IHL,2026-08-04,350.0,350.1,2277
BHPL,2026-08-04,470.0,483.0,9291
MMKJL,2026-08-04,475.0,474.0,280
CFCL,2026-08-04,650.0,676.0,222498
NICGF2,2026-08-04,9.02,9.12,2900
ILI,2026-08-04,415.0,418.0,7475
HIMSTAR,2026-08-04,737.0,730.0,3316
ICFC,2026-08-04,611.0,605.0,8100
ADBL,2026-08-04,325.0,323.0,78882
ACLBSL,2026-08-04,916.1,938.9,831
HLI,2026-08-04,320.3,321.1,19057
NRM,2026-08-04,310.0,314.0,2575
JBLB,2026-08-04,1274.0,1262.1,2190
ANLB,2026-08-04,5507.0,5578.0,862
ICFCD83,2026-08-04,1272.2,1234.1,1
BBC,2026-08-04,4289.0,4180.0,172
MKJC,2026-08-04,457.0,460.0,2060
SIPD,2026-08-04,731.0,660.0,10170
IGI,2026-08-04,432.0,438.0,4408
MMF1,2026-08-04,8.9,9.0,28000
EBL,2026-08-04,730.0,729.0,14377
CLI,2026-08-04,444.0,443.0,4862
PCBL,2026-08-04,246.0,242.6,48350
MANDU,2026-08-04,791.0,807.0,3776
CORBL,2026-08-04,1115.0,1070.5,41705
SHLB,2026-08-04,1445.3,1446.0,188
CZBIL,2026-08-04,211.0,206.5,35974
SJLIC,2026-08-04,412.2,413.2,6720
BPCL,2026-08-04,659.0,645.0,19339
AHL,2026-08-04,413.0,411.0,1596
MKHL,2026-08-04,495.0,493.5,1730
BARUN,2026-08-04,321.0,322.9,16510
SHIVM,2026-08-04,678.5,648.0,116651
FOWAD,2026-08-04,949.0,943.0,6459
ULHC,2026-08-04,383.0,361.0,3828
STC,2026-08-04,5160.0,5150.0,221
MKCL,2026-08-04,1105.0,1080.0,3493
NMB,2026-08-04,253.0,247.0,85512
NIL,2026-08-04,616.2,619.5,9650
TRH,2026-08-04,765.1,789.0,623
RLEL,2026-08-04,890.0,905.0,8017
NUBL,2026-08-04,620.0,610.0,2255
NSY,2026-08-04,9.35,9.31,3810
SHEL,2026-08-04,307.0,305.2,71014
NICSF,2026-08-04,9.0,8.8,2300
NICBF,2026-08-04,9.12,9.02,1500
SEF,2026-08-04,10.07,9.9,2200
SANVI,2026-08-04,600.1,599.9,2651
RNLI,2026-08-04,446.0,435.0,48579
MLBS,2026-08-04,1158.0,1158.0,296
OHL,2026-08-04,664.1,674.0,1492
JHAPA,2026-08-04,1125.0,1115.0,4736
NIBSF2,2026-08-04,9.07,8.67,5910
USLB,2026-08-04,1135.0,1149.5,223
UNLB,2026-08-04,1250.3,1250.0,676
SMPDA,2026-08-04,750.3,769.9,1885
SMB,2026-08-04,1835.1,1839.0,851
MABEL,2026-08-04,589.1,590.0,3923
HBL,2026-08-04,202.0,200.0,50421
NICA,2026-08-04,354.7,330.0,65240
NIMBD90,2026-08-04,1281.0,1292.0,65
RHPL,2026-08-04,258.0,256.2,6959
PPL,2026-08-04,320.0,326.9,14899
SOHL,2026-08-04,570.0,585.0,108738
NIFRA,2026-08-04,248.0,246.2,70806
SALICO,2026-08-04,593.0,599.6,5586
RADHI,2026-08-04,723.0,720.0,27910
SINDU,2026-08-04,716.1,701.0,19493
PHCL,2026-08-04,303.0,296.0,23005
SFEF,2026-08-04,9.8,9.85,6900
H8020,2026-08-04,12.05,12.24,22090
SNORL,2026-08-04,901.2,929.9,13212
PBD88,2026-08-04,1162.0,1170.0,50
MDB,2026-08-04,580.0,583.0,1746
GMFBS,2026-08-04,1200.0,1215.0,273
RMF2,2026-08-04,9.7,9.72,300
OMPL,2026-08-04,923.0,928.0,1360
RMF1,2026-08-04,9.55,9.61,24460
VLUCL,2026-08-04,419.0,422.0,5444
BGWT,2026-08-04,565.0,557.0,3649
SKHL,2026-08-04,885.0,904.0,17707
PRSF,2026-08-04,12.72,12.92,6115
UNHPL,2026-08-04,388.0,383.9,21045
HEI,2026-08-04,525.1,535.0,3773
NESDO,2026-08-04,1456.5,1475.0,505
SJCL,2026-08-04,271.0,272.0,5110
SWASTIK,2026-08-04,2070.0,2011.1,240
GLBSL,2026-08-04,1725.0,1796.0,283
SSHL,2026-08-04,205.0,203.4,58809
EBLD91,2026-08-04,1060.0,1060.0,25
GILB,2026-08-04,1087.0,1094.9,2997
LEC,2026-08-04,236.3,228.0,304860
NIMBPO,2026-08-04,145.0,144.0,43678
UMRH,2026-08-04,538.0,539.9,2871
NMBHF2,2026-08-04,9.5,9.65,900
RSY,2026-08-04,10.17,10.49,11600
UHEWA,2026-08-04,576.0,572.0,6806
NABBC,2026-08-04,783.0,813.2,26511
SABBL,2026-08-04,980.0,1010.0,38277
GSY,2026-08-04,9.63,9.59,2500
SPDL,2026-08-04,365.2,356.1,66102
NMB50,2026-08-04,10.5,10.6,20717
SARBTM,2026-08-04,790.1,785.0,11157
SRBLD83,2026-08-04,1020.0,1020.0,400
NMIC,2026-08-04,930.0,929.0,1517
SANIMA,2026-08-04,375.0,374.0,84739
SIGS3,2026-08-04,10.56,10.58,800
BEDC,2026-08-04,323.0,323.0,6228
SGIC,2026-08-04,458.2,460.0,7497
TTL,2026-08-04,730.0,720.0,14528
SOPL,2026-08-04,820.0,808.0,32485
SBID2090,2026-08-04,1050.0,1050.0,25
SBID83,2026-08-04,1055.0,1040.0,25
SIKLES,2026-08-04,560.0,561.0,6596
KSBBL,2026-08-04,475.5,476.0,15433
SHPC,2026-08-04,502.1,502.1,14913
HBLD83,2026-08-04,1019.9,1027.0,400
DORDI,2026-08-04,252.5,254.0,22255
BNT,2026-08-04,11000.5,11330.5,26
HRL,2026-08-04,605.0,586.0,50862
NMFBS,2026-08-04,1113.4,1110.0,1425
RLFL,2026-08-04,466.8,468.9,43231
RIDI,2026-08-04,368.9,363.0,363171
SAPDBL,2026-08-04,912.0,831.1,23862
JFL,2026-08-04,398.0,388.1,7031
ULBSL,2026-08-04,2749.0,2768.0,585
PPCL,2026-08-04,339.2,340.6,12527
HIDCLP,2026-08-04,191.0,189.0,62315
UNL,2026-08-04,47200.0,47200.0,10
SMH,2026-08-04,503.0,500.0,11461
SYPNL,2026-08-04,1381.0,1320.0,21415
SWMF,2026-08-04,619.0,619.0,4847
UMHL,2026-08-04,570.0,577.7,34116
SBCF,2026-08-04,9.51,9.68,18642
HPPL,2026-08-04,375.0,384.8,88753
SAHAS,2026-08-04,677.0,673.5,67438
SWBBL,2026-08-04,685.0,681.9,5629
RSDC,2026-08-04,641.0,640.0,1859
APHL,2026-08-04,826.1,828.6,10404
GFCL,2026-08-04,610.0,614.3,4301
NSIF2,2026-08-04,10.66,10.71,20100
NIMB,2026-08-04,200.0,198.5,69154
PROFL,2026-08-04,430.0,429.0,4689
MFIL,2026-08-04,783.0,773.5,45645
BNL,2026-08-04,14264.0,14264.0,10
SLBSL,2026-08-04,1081.0,1023.0,5021
KBL,2026-08-04,226.7,221.8,248870
NHPC,2026-08-04,273.2,279.0,594849
CHL,2026-08-04,260.2,277.8,72886
SADBL,2026-08-04,423.0,413.8,30192
SMATA,2026-08-04,735.0,731.0,1015
CIT,2026-08-04,1710.0,1714.9,2138
NICLBSL,2026-08-04,559.0,554.0,6498
SHINED,2026-08-04,1080.1,1076.2,150
UAIL,2026-08-04,441.0,442.5,6283
BHDC,2026-08-04,430.2,430.0,10461
SLCF,2026-08-04,9.89,9.6,4940
BUNGAL,2026-08-04,596.0,585.0,22883
SBLD89,2026-08-04,1221.0,1221.0,25
HURJA,2026-08-04,236.0,239.0,36183
KDL,2026-08-04,753.3,785.5,796
CYCL,2026-08-04,1295.0,1300.0,1353
RSML,2026-08-04,2780.0,2705.0,45708
PRVU,2026-08-04,195.0,193.2,105088
HATHY,2026-08-04,690.1,692.0,3739
SIFC,2026-08-04,521.0,517.0,5592
SMHL,2026-08-04,490.2,493.0,61525
DHPL,2026-08-04,281.2,295.0,7067
USHEC,2026-08-04,495.2,495.5,6649
SKHEL,2026-08-04,943.4,985.0,6012
NIBLSTF,2026-08-04,8.6,8.81,8480
MEL,2026-08-04,215.0,216.7,6226
WNLB,2026-08-04,1330.0,1340.0,477
GUFL,2026-08-04,570.0,568.9,37853
SBI,2026-08-04,402.0,409.0,11710
LUK,2026-08-04,10.5,10.5,18077
NHDL,2026-08-04,643.0,641.9,4127
DOLTI,2026-08-04,341.0,320.1,30386
GBILD84/85,2026-08-04,1111.0,1099.6,101
MATRI,2026-08-04,815.0,820.0,132
KSY,2026-08-04,9.6,9.75,500
SPHL,2026-08-04,522.0,539.0,4028
NABIL,2026-08-04,560.0,558.0,60087
SFMF,2026-08-04,10.28,10.25,5048
SONA,2026-08-04,400.0,405.0,26355
RAWA,2026-08-04,420.0,427.0,27600
TVCL,2026-08-04,470.1,473.2,590
TAMOR,2026-08-04,428.6,449.2,34970
NBL,2026-08-04,270.0,268.2,30005
SGHC,2026-08-04,314.0,313.3,34842
KPCL,2026-08-04,472.0,471.9,9209
MBL,2026-08-04,261.0,257.8,100019
ECL,2026-08-04,1580.8,1731.4,16900
MSHL,2026-08-04,612.0,612.0,144
SBD89,2026-08-04,1215.0,1200.0,50
CHCL,2026-08-04,500.0,495.0,37504
SKBBL,2026-08-04,765.0,753.3,4048
KBSH,2026-08-04,893.0,950.0,12502
PMHPL,2026-08-04,322.0,319.5,4674
KMCDB,2026-08-04,774.0,770.0,1947
SPL,2026-08-04,651.2,657.9,2022
NLG,2026-08-04,571.0,574.9,8567
GBLBS,2026-08-04,742.0,743.0,2302
NICL,2026-08-04,508.0,503.0,16874
CBLD88,2026-08-04,1196.6,1172.1,3
SCB,2026-08-04,665.0,652.6,19934
MEN,2026-08-04,595.2,599.0,50296
PCIL,2026-08-03,650.0,650.0,35221
SMATA,2026-08-03,731.0,735.0,1732
RMF2,2026-08-03,9.8,9.8,100
SIPD,2026-08-03,661.0,697.0,46085
CFCL,2026-08-03,629.0,660.0,133958
SFEF,2026-08-03,10.0,10.1,12300
BEDC,2026-08-03,324.9,325.0,18635
JBLB,2026-08-03,1260.0,1274.0,2776
LLBS,2026-08-03,900.0,893.0,170
NLIC,2026-08-03,751.0,759.9,22489
SMJC,2026-08-03,445.0,446.8,11665
MFIL,2026-08-03,762.0,784.8,16938
NLG,2026-08-03,567.3,579.0,3859
NICA,2026-08-03,320.0,337.9,49827
NHPC,2026-08-03,261.4,273.2,270002
NICGF2,2026-08-03,9.08,9.25,10900
RBCL,2026-08-03,14251.0,14590.0,50
STC,2026-08-03,5200.0,5160.0,195
SWBBL,2026-08-03,682.0,685.0,7632
SBLD2091,2026-08-03,1065.0,1065.0,25
SFMF,2026-08-03,10.25,10.25,4832
GBBD85,2026-08-03,1052.0,1080.0,215
NICLBSL,2026-08-03,560.0,559.0,8118
SLBBL,2026-08-03,815.0,809.0,3294
HIDCLP,2026-08-03,193.9,191.9,63867
NGPL,2026-08-03,400.0,407.2,56271
IGI,2026-08-03,448.0,432.0,3670
SONA,2026-08-03,408.0,405.0,15492
SKHEL,2026-08-03,965.0,993.0,1821
NESDO,2026-08-03,1470.0,1490.0,202
ILI,2026-08-03,418.0,416.3,5878
NLICL,2026-08-03,566.0,572.0,36736
NMB,2026-08-03,237.5,248.0,85413
GMFBS,2026-08-03,1249.0,1230.0,844
SJLIC,2026-08-03,412.0,417.0,14940
UNHPL,2026-08-03,389.0,384.8,8276
HURJA,2026-08-03,240.0,237.9,48508
SHL,2026-08-03,500.0,500.0,23716
CORBL,2026-08-03,1100.0,1115.0,33883
KMCDB,2026-08-03,750.1,777.9,1097
NIMBD90,2026-08-03,1266.0,1245.0,35
HIMSTAR,2026-08-03,760.5,738.7,2599
SKHL,2026-08-03,884.0,914.0,15442
LBBL,2026-08-03,499.0,497.0,19051
NIFRA,2026-08-03,248.1,247.0,76079
KHPL,2026-08-03,870.0,860.0,10196
PRSF,2026-08-03,12.73,12.88,300
SARBTM,2026-08-03,799.0,795.0,4484
MEL,2026-08-03,214.1,217.8,3248
USHEC,2026-08-03,492.1,498.0,12218
UAIL,2026-08-03,447.0,445.0,8733
NMFBS,2026-08-03,1120.0,1113.4,4457
KPCL,2026-08-03,472.0,472.0,6263
SAPDBL,2026-08-03,840.0,960.0,208760
NRM,2026-08-03,310.1,313.0,3250
SIGS3,2026-08-03,10.47,10.55,2056
KDBY,2026-08-03,11.12,11.29,71200
NICAD2091,2026-08-03,1031.0,1031.0,50
NSIF2,2026-08-03,10.67,10.67,1100
CHCL,2026-08-03,499.9,497.5,57188
NICD88,2026-08-03,1085.0,1100.0,75
SHLB,2026-08-03,1474.0,1489.8,1192
OMPL,2026-08-03,921.0,936.0,2422
PBD84,2026-08-03,1070.0,1102.0,125
OHL,2026-08-03,684.0,678.6,2620
PPCL,2026-08-03,328.7,348.0,23601
ICFCD89,2026-08-03,1095.0,1101.0,200
KKHC,2026-08-03,291.4,287.0,117485
APHL,2026-08-03,815.0,838.0,21739
SRLI,2026-08-03,379.4,381.9,10752
JOSHI,2026-08-03,283.0,285.0,80370
SINDU,2026-08-03,716.3,721.9,11190
SRBLD83,2026-08-03,1011.0,1020.0,210
HIDCL,2026-08-03,271.7,259.2,37351
TSHL,2026-08-03,380.0,385.1,9387
GMLI,2026-08-03,1177.0,1145.0,3513
MBL,2026-08-03,246.5,261.0,173570
RLEL,2026-08-03,865.0,909.9,17588
SMH,2026-08-03,509.9,505.5,15962
TPKHL,2026-08-03,542.0,550.0,31896
SMPDA,2026-08-03,775.0,760.0,1063
SLBSL,2026-08-03,1100.0,1060.0,2121
SIFC,2026-08-03,510.0,514.2,24228
DHPL,2026-08-03,290.1,289.0,10771
NTC,2026-08-03,870.0,860.0,27525
NWCL,2026-08-03,710.0,709.9,1543
SALICO,2026-08-03,611.0,600.0,4203
BHPL,2026-08-03,480.0,479.0,5595
NIBD84,2026-08-03,1040.0,1040.0,25
SBLD89,2026-08-03,1240.0,1240.0,25
HDL,2026-08-03,1170.0,1171.0,33432
SHEL,2026-08-03,307.0,307.0,45753
PBLD87,2026-08-03,1100.0,1100.0,25
NIFRAGED,2026-08-03,1026.0,1026.2,75
PRVU,2026-08-03,187.7,196.0,109428
RFPL,2026-08-03,340.0,334.9,19056
PSF,2026-08-03,12.0,12.0,19500
SPC,2026-08-03,419.0,427.0,4720
KAHL,2026-08-03,541.0,537.1,41714
SGIC,2026-08-03,469.0,463.0,8193
RBCLPO,2026-08-03,11410.0,11380.0,20
CBBL,2026-08-03,945.0,934.2,6023
PMHPL,2026-08-03,315.0,318.5,4488
IHL,2026-08-03,352.0,358.0,5772
RNLI,2026-08-03,430.0,442.9,9208
TVCL,2026-08-03,481.1,480.7,1410
RURU,2026-08-03,615.0,613.0,6021
MLBBL,2026-08-03,1150.0,1139.0,1217
EBLD86,2026-08-03,1081.0,1081.0,25
ALBSL,2026-08-03,1075.0,1107.7,18794
NHDL,2026-08-03,649.0,643.0,1093
SSHL,2026-08-03,208.0,205.0,72751
MBJC,2026-08-03,267.0,268.9,18771
SEF,2026-08-03,9.8,9.79,29870
GVL,2026-08-03,487.0,483.4,14857
TAMOR,2026-08-03,449.0,449.5,28438
RBBF40,2026-08-03,9.2,9.22,13150
JFL,2026-08-03,400.0,396.0,3464
NIBSF2,2026-08-03,8.8,8.81,2910
SCB,2026-08-03,618.5,651.0,17434
SBCF,2026-08-03,9.4,9.5,20630
SWMF,2026-08-03,586.2,627.0,4624
HFIN,2026-08-03,715.0,725.0,22860
USLB,2026-08-03,1135.0,1159.9,1423
LEC,2026-08-03,229.9,225.1,79082
KBLD89,2026-08-03,1292.6,1275.0,793
SHINE,2026-08-03,407.4,411.9,8517
VLBS,2026-08-03,670.0,670.3,1400
RADHI,2026-08-03,700.0,730.0,46959
PROFL,2026-08-03,430.0,432.0,2347
VLUCL,2026-08-03,440.0,429.0,2760
NUBL,2026-08-03,621.0,621.9,856
JHAPA,2026-08-03,1122.0,1139.0,3132
RMF1,2026-08-03,9.56,9.62,13900
SANIMA,2026-08-03,354.1,374.2,92433
SIKLES,2026-08-03,569.9,560.0,11913
NBL,2026-08-03,257.0,272.0,97552
NBF2,2026-08-03,9.92,10.14,400
ADBL,2026-08-03,306.5,325.0,134712
NYADI,2026-08-03,366.3,372.8,2444
LUK,2026-08-03,10.25,10.5,6100
TPC,2026-08-03,360.0,360.0,26328
CITY,2026-08-03,371.0,369.0,52443
WNLB,2026-08-03,1350.0,1355.0,337
HLI,2026-08-03,325.0,324.0,27460
ALICL,2026-08-03,431.7,432.0,6775
ADBLD83,2026-08-03,1028.9,1028.9,110
YMHL,2026-08-03,644.0,636.1,31529
LSL,2026-08-03,217.0,229.4,206249
EBLD91,2026-08-03,1050.0,1060.0,125
SOHL,2026-08-03,583.9,577.0,77231
NIMBPO,2026-08-03,143.0,145.5,91655
SGHL,2026-08-03,520.0,529.6,101464
LICN,2026-08-03,805.0,790.0,5019
RIDI,2026-08-03,370.2,367.8,560763
GBBL,2026-08-03,421.0,419.0,15862
SGHC,2026-08-03,317.0,316.9,49048
SYPNL,2026-08-03,1282.5,1342.1,52381
UPPER,2026-08-03,199.0,195.1,52674
NIBLGF,2026-08-03,9.65,9.75,55000
HBLD83,2026-08-03,1005.0,1007.2,65
BNHC,2026-08-03,282.0,281.0,13287
TTL,2026-08-03,730.0,730.0,14520
NRN,2026-08-03,1440.0,1417.0,108905
NMIC,2026-08-03,925.0,930.0,1902
RSY,2026-08-03,10.31,10.31,2000
BHCL,2026-08-03,504.0,497.0,18887
MLBLD89,2026-08-03,1242.0,1279.0,250
SAHAS,2026-08-03,670.0,677.7,173114
SNORL,2026-08-03,925.0,944.0,39699
MNMF1,2026-08-03,9.6,9.71,2900
SJCL,2026-08-03,272.0,273.0,4175
RHGCL,2026-08-03,258.3,262.9,17837
RLFL,2026-08-03,469.6,466.8,14449
SNLI,2026-08-03,428.0,424.1,14043
PRIN,2026-08-03,682.0,673.2,1453
AHL,2026-08-03,411.0,415.7,1270
RSML,2026-08-03,3148.0,2780.0,95826
MLBS,2026-08-03,1200.0,1158.0,260
GLH,2026-08-03,263.0,257.1,38705
TRH,2026-08-03,772.1,786.0,1446
MKHC,2026-08-03,285.0,286.0,2648
EDBL,2026-08-03,580.0,583.0,17637
BFC,2026-08-03,519.7,503.2,27985
ENL,2026-08-03,805.0,813.0,672
ANLB,2026-08-03,5500.0,5628.0,7546
ICFCD88,2026-08-03,1165.0,1170.0,125
MBLEF,2026-08-03,9.82,10.01,1700
MHL,2026-08-03,481.0,476.0,1866
SOPL,2026-08-03,825.0,823.1,28239
MKCL,2026-08-03,1100.0,1105.0,1754
BJHL,2026-08-03,731.0,719.0,10916
SADBL,2026-08-03,420.9,416.0,28169
SAIL,2026-08-03,1060.0,1144.4,132563
MNBBL,2026-08-03,375.0,371.3,25745
BHDC,2026-08-03,433.0,432.0,3579
SPHL,2026-08-03,525.0,539.5,5739
KSBBLD87,2026-08-03,1192.2,1192.2,200
KBL,2026-08-03,214.0,224.8,437791
SBL,2026-08-03,394.0,420.0,247131
NICFC,2026-08-03,9.02,9.34,11200
GFCL,2026-08-03,620.0,610.0,3702
KSY,2026-08-03,9.54,9.85,706646
MEHL,2026-08-03,304.0,299.9,2855
GIBF1,2026-08-03,10.86,10.9,12900
PMLI,2026-08-03,445.0,441.3,2835
JBBD87,2026-08-03,1111.0,1111.0,50
GCIL,2026-08-03,367.5,355.1,15333
NMBMF,2026-08-03,626.0,625.0,510
NABILD2089,2026-08-03,1025.0,1050.0,550
AVYAN,2026-08-03,1020.0,1021.0,1660
HLBSL,2026-08-03,900.0,894.0,2098
KEF,2026-08-03,10.34,10.4,90450
SAGF,2026-08-03,10.15,10.4,16700
GHL,2026-08-03,227.3,227.7,17585
NIL,2026-08-03,620.0,624.0,10157
SLCF,2026-08-03,9.6,9.61,26711
SHPC,2026-08-03,504.0,503.0,29198
HHL,2026-08-03,340.0,337.5,9114
NADEP,2026-08-03,748.8,740.0,749
DLBS,2026-08-03,1190.0,1190.0,164
NBF3,2026-08-03,9.62,9.93,20900
DOLTI,2026-08-03,325.0,324.9,23185
SABBL,2026-08-03,1085.0,1000.0,20763
C30MF,2026-08-03,10.1,10.1,289930
MHNL,2026-08-03,239.2,240.9,16325
EBLD85,2026-08-03,1130.0,1132.1,417
NMLBBL,2026-08-03,520.0,523.9,4606
MERO,2026-08-03,676.0,672.1,3192
MSLB,2026-08-03,1250.0,1317.0,22297
MLBL,2026-08-03,359.8,356.2,17873
KBLD86,2026-08-03,1387.5,1266.5,9
BGWT,2026-08-03,595.0,575.0,3913
HEI,2026-08-03,552.0,540.0,6507
NSY,2026-08-03,9.3,9.35,33000
MANDU,2026-08-03,815.0,801.0,2241
NIFRAUR85/86,2026-08-03,1033.0,1033.0,30
MLBSL,2026-08-03,1700.0,1615.0,607
EHPL,2026-08-03,348.9,346.3,8105
MAKAR,2026-08-03,443.0,439.9,9267
MHCL,2026-08-03,317.9,318.0,11004
MEN,2026-08-03,601.0,602.0,50652
CLI,2026-08-03,442.0,448.5,6668
CSY,2026-08-03,9.06,9.3,920
ICFC,2026-08-03,612.0,611.0,7604
CKHL,2026-08-03,604.0,597.0,12069
KBSH,2026-08-03,951.0,940.0,19203
ULHC,2026-08-03,350.0,369.1,18495
CYCL,2026-08-03,1301.0,1300.0,1959
PCBL,2026-08-03,247.5,246.5,71311
NMB50,2026-08-03,10.55,10.5,32115
PURE,2026-08-03,851.0,850.0,6331
LVF2,2026-08-03,9.57,10.14,1600
SBID83,2026-08-03,1055.0,1055.0,25
PHCL,2026-08-03,300.0,298.0,41767
BPCL,2026-08-03,636.1,656.5,12784
SIGS2,2026-08-03,10.8,10.81,10000
MPFL,2026-08-03,625.0,612.5,5730
BBC,2026-08-03,4380.0,4235.0,130
MKJC,2026-08-03,462.6,466.0,5108
HATHY,2026-08-03,701.0,705.0,5364
CREST,2026-08-03,1184.0,1195.0,12935
GUFL,2026-08-03,577.0,574.0,19694
USHL,2026-08-03,571.5,544.0,946
JBBL,2026-08-03,346.0,343.8,26528
ACLBSL,2026-08-03,921.1,939.9,572
CGH,2026-08-03,771.1,788.9,8121
CIT,2026-08-03,1700.0,1720.0,1698
GMFIL,2026-08-03,470.0,472.5,10160
GBLBS,2026-08-03,759.9,752.0,1930
CZBIL,2026-08-03,210.0,208.9,114286
SPL,2026-08-03,675.0,659.9,710
SWASTIK,2026-08-03,2052.0,2045.0,580
SPDL,2026-08-03,375.0,365.0,94413
SKBBL,2026-08-03,757.0,759.1,14511
HBL,2026-08-03,192.5,202.9,86099
FOWAD,2026-08-03,977.0,965.0,1326
NIBLSTF,2026-08-03,8.41,8.7,63800
EBL,2026-08-03,728.6,730.0,29414
MKHL,2026-08-03,495.0,502.0,5048
UNLB,2026-08-03,1243.0,1250.3,568
CHL,2026-08-03,268.0,266.0,13213
GRDBL,2026-08-03,1051.0,1100.3,70991
SMFBS,2026-08-03,1525.0,1544.0,299
NABBC,2026-08-03,799.0,795.4,30482
DDBL,2026-08-03,830.0,835.0,7033
JSLBB,2026-08-03,991.0,990.0,847
NRIC,2026-08-03,970.0,956.0,21392
NABIL,2026-08-03,528.2,557.1,53226
ECL,2026-08-03,1374.7,1505.6,73580
ULBSL,2026-08-03,2721.0,2774.0,337
UPCL,2026-08-03,357.0,365.0,50598
NFS,2026-08-03,600.0,571.6,5830
AHPC,2026-08-03,270.0,271.0,44826
SANVI,2026-08-03,596.0,605.0,6953
BHL,2026-08-03,212.4,212.9,55478
KSBBL,2026-08-03,480.0,475.0,30231
SBI,2026-08-03,388.0,408.0,12594
KDL,2026-08-03,790.0,775.0,1312
NICSF,2026-08-03,8.75,9.0,350000
MMKJL,2026-08-03,480.0,481.7,2117
HRL,2026-08-03,605.0,595.0,62706
SBD87,2026-08-03,1100.0,1080.0,100
PPL,2026-08-03,310.0,322.0,28178
SHIVM,2026-08-03,642.0,646.5,71310
DORDI,2026-08-03,253.0,254.9,26385
NIMB,2026-08-03,190.0,200.8,168350
UMHL,2026-08-03,570.0,577.6,39762
LBBLD89,2026-08-03,1251.4,1251.4,25
DHEL,2026-08-03,588.0,582.0,36329
BANDIPUR,2026-08-03,727.0,724.0,12012
MCHL,2026-08-03,280.0,283.9,974
BARUN,2026-08-03,332.6,325.1,16158
AKPL,2026-08-03,260.0,260.2,32452
MSHL,2026-08-03,607.0,612.0,577
GBIME,2026-08-03,250.0,262.2,738612
SICL,2026-08-03,620.0,617.0,11375
HPPL,2026-08-03,384.0,377.0,84917
SMHL,2026-08-03,507.0,492.0,39945
BUNGAL,2026-08-03,608.0,594.9,16454
UMRH,2026-08-03,548.8,537.0,1429
GSY,2026-08-03,9.56,9.92,3350
GLBSL,2026-08-03,1830.0,1780.0,97
UHEWA,2026-08-03,600.0,570.1,7581
CHDC,2026-08-03,2248.0,2225.0,11759
MMF1,2026-08-03,8.9,9.17,103081
FMDBL,2026-08-03,783.0,772.7,3091
SPIL,2026-08-03,715.0,700.0,883
API,2026-08-03,335.3,334.5,131466
NICBF,2026-08-03,9.4,9.4,500
HLICF,2026-08-03,8.43,8.51,2083
AKJCL,2026-08-03,368.5,362.0,238164
RAWA,2026-08-03,433.8,423.4,22450
SAGAR,2026-08-03,1700.0,1779.9,25363
HEIP,2026-08-03,332.0,338.0,694
ILBS,2026-08-03,860.0,898.0,895
SMB,2026-08-03,1860.0,1845.0,176
MABEL,2026-08-03,604.0,599.8,7224
HDHPC,2026-08-03,210.1,212.5,99278
RHPL,2026-08-03,255.5,257.3,16246
NMBHF2,2026-08-03,9.58,9.77,14041
GBIMESY2,2026-08-03,9.25,9.3,10600
NICL,2026-08-03,507.0,508.0,7848
GILB,2026-08-03,1105.1,1100.0,1993
CBLD88,2026-08-03,1187.0,1196.6,33
MDB,2026-08-03,595.0,588.5,2478
RSDC,2026-08-03,642.0,640.5,1446
H8020,2026-08-03,11.62,11.7,400
MATRI,2026-08-03,811.0,834.0,278
NICLBSL,2026-07-31,546.0,558.0,5387
CITY,2026-07-31,348.5,368.2,72331
SMATA,2026-07-31,732.0,731.0,3028
UNL,2026-07-31,48590.0,48590.0,10
SMPDA,2026-07-31,759.0,762.0,677
CBBL,2026-07-31,932.8,932.0,14110
SKBBL,2026-07-31,768.0,757.0,7076
SHINE,2026-07-31,410.0,413.0,10540
NLG,2026-07-31,571.1,584.0,11493
PBD88,2026-07-31,1156.1,1156.0,30
BJHL,2026-07-31,700.0,731.3,4577
BEDC,2026-07-31,317.4,318.1,25955
SIGS3,2026-07-31,10.71,10.42,4900
NIL,2026-07-31,618.1,620.0,1668
RLEL,2026-07-31,848.0,885.7,6130
USHL,2026-07-31,570.1,544.3,1246
SMB,2026-07-31,1817.1,1835.0,1046
PBD84,2026-07-31,1067.0,1067.0,100
SGIC,2026-07-31,465.0,465.0,8092
SAGAR,2026-07-31,1682.0,1710.0,10413
TAMOR,2026-07-31,448.1,449.3,27003
GMFBS,2026-07-31,1238.9,1215.0,263
UNLB,2026-07-31,1236.0,1259.0,246
NYADI,2026-07-31,360.1,370.0,1567
SONA,2026-07-31,405.0,410.0,14952
NMIC,2026-07-31,915.1,925.0,874
SJCL,2026-07-31,266.0,275.0,9243
UPCL,2026-07-31,349.0,362.0,68843
MBL,2026-07-31,257.9,259.2,54081
KDBY,2026-07-31,10.81,11.1,9500
GLBSL,2026-07-31,1845.0,1810.0,189
ULBSL,2026-07-31,2720.0,2775.0,433
SEF,2026-07-31,9.98,9.8,10497
UMRH,2026-07-31,531.0,537.2,4468
SHLB,2026-07-31,1460.0,1474.0,100
KPCL,2026-07-31,466.0,475.0,2716
SBCF,2026-07-31,9.5,9.6,11700
PHCL,2026-07-31,296.7,299.7,39916
CIT,2026-07-31,1726.0,1715.0,4400
MHNL,2026-07-31,248.0,242.0,14192
SRLI,2026-07-31,381.5,379.4,4482
NFS,2026-07-31,582.0,576.0,2941
TTL,2026-07-31,702.0,730.0,6475
BNT,2026-07-31,11300.0,11000.5,25
SMH,2026-07-31,515.0,498.0,13751
PCIL,2026-07-31,630.0,654.0,32107
NLIC,2026-07-31,754.0,759.8,11910
ULHC,2026-07-31,339.0,362.0,24501
MANDU,2026-07-31,825.0,815.0,6953
NICBF,2026-07-31,9.5,9.5,1400
MHL,2026-07-31,480.0,477.8,349
NIFRA,2026-07-31,246.2,249.1,43724
SADBLP,2026-07-31,220.0,220.0,13212
SAGF,2026-07-31,10.05,10.05,300
JOSHI,2026-07-31,262.6,283.0,94932
NSIF2,2026-07-31,10.66,10.66,500
NMBMF,2026-07-31,610.2,616.0,430
NICSF,2026-07-31,8.97,9.0,4420
WNLB,2026-07-31,1315.2,1345.0,122
SBL,2026-07-31,410.0,414.4,178151
GBIMEP,2026-07-31,105.9,104.7,386068
GBBL,2026-07-31,412.5,420.0,13519
BGWT,2026-07-31,581.0,595.0,1290
DHEL,2026-07-31,552.5,587.9,11475
GHL,2026-07-31,213.5,226.8,22211
NSY,2026-07-31,9.3,9.45,2700
UNHPL,2026-07-31,380.2,382.1,10081
NICL,2026-07-31,500.1,507.0,8107
SFEF,2026-07-31,10.0,10.0,500
VLUCL,2026-07-31,428.1,429.0,9513
NMB50,2026-07-31,10.69,10.39,7385
SWASTIK,2026-07-31,2023.0,2020.0,170
STC,2026-07-31,5200.0,5150.0,289
MKHC,2026-07-31,275.0,285.0,8370
NBF3,2026-07-31,9.75,9.88,2800
SPHL,2026-07-31,520.0,539.6,5770
SLCF,2026-07-31,9.7,9.89,500
SOPL,2026-07-31,783.8,827.0,31094
NMB,2026-07-31,250.0,249.9,31804
SLBSL,2026-07-31,1090.0,1085.0,2655
IHL,2026-07-31,350.0,350.0,2315
HATHY,2026-07-31,727.0,714.0,4107
SANVI,2026-07-31,586.0,604.0,6946
PROFL,2026-07-31,430.0,433.0,4539
GVL,2026-07-31,480.0,487.0,8364
PPCL,2026-07-31,321.1,345.9,10871
SADBL,2026-07-31,415.0,417.5,40797
CREST,2026-07-31,1252.6,1190.0,9053
MCHL,2026-07-31,280.0,283.8,1507
NIBLSTF,2026-07-31,8.89,8.62,4373
RFPL,2026-07-31,330.0,335.3,8669
SPC,2026-07-31,412.0,421.0,8408
FMDBL,2026-07-31,765.0,770.0,8394
VLBS,2026-07-31,667.0,670.0,961
GBLBS,2026-07-31,726.1,748.0,1829
TPKHL,2026-07-31,530.0,548.9,39253
GLH,2026-07-31,250.3,259.0,67704
SWMF,2026-07-31,616.0,617.0,3215
NRM,2026-07-31,304.0,315.0,2868
RIDI,2026-07-31,345.0,370.0,469740
KEF,2026-07-31,10.47,10.3,21200
PSF,2026-07-31,11.45,11.74,800
HIDCL,2026-07-31,260.0,258.8,17829
NIMBPO,2026-07-31,144.0,147.0,25555
NESDO,2026-07-31,1454.0,1495.0,436
RBCL,2026-07-31,14168.0,14206.0,60
GILB,2026-07-31,1105.9,1100.0,218
RMF1,2026-07-31,9.55,9.78,13100
SABBL,2026-07-31,1031.3,1045.0,22960
SANIMA,2026-07-31,370.8,372.7,63629
PPL,2026-07-31,311.6,326.0,25427
USLB,2026-07-31,1150.0,1135.0,2288
UMHL,2026-07-31,573.0,581.0,95992
TVCL,2026-07-31,476.0,489.0,2210
PCBL,2026-07-31,240.1,247.0,100424
RHGCL,2026-07-31,259.0,265.0,10433
RSDC,2026-07-31,642.1,638.2,4291
BHCL,2026-07-31,486.0,503.9,28242
SALICO,2026-07-31,593.0,602.7,2499
TRH,2026-07-31,770.1,782.0,1222
PURE,2026-07-31,833.0,863.0,6604
NRN,2026-07-31,1400.0,1420.0,55080
RHPL,2026-07-31,258.5,259.9,17625
KAHL,2026-07-31,534.0,544.0,37097
SOHL,2026-07-31,571.0,583.9,179906
SAHAS,2026-07-31,660.0,665.0,42628
RAWA,2026-07-31,420.1,430.0,9126
NMFBS,2026-07-31,1116.0,1120.0,2463
SPIL,2026-07-31,690.0,705.9,597
TPC,2026-07-31,363.8,358.5,5940
GSY,2026-07-31,9.53,9.65,900
RURU,2026-07-31,614.0,614.1,387
SSHL,2026-07-31,203.5,205.0,93044
ILI,2026-07-31,420.0,418.0,4115
SWBBL,2026-07-31,683.0,681.9,3994
TSHL,2026-07-31,381.0,374.0,3561
SHL,2026-07-31,496.0,501.0,9444
NIMBD90,2026-07-31,1266.0,1266.0,55
SHPC,2026-07-31,500.0,501.0,35056
SARBTM,2026-07-31,797.0,790.1,6077
NBL,2026-07-31,266.0,270.3,38421
CYCL,2026-07-31,1300.1,1310.0,857
SAIL,2026-07-31,1060.0,1099.0,44123
SAND2085,2026-07-31,1150.0,1150.0,50
NWCL,2026-07-31,692.1,714.3,2000
SAPDBL,2026-07-31,798.0,858.9,47605
RSML,2026-07-31,3175.0,2999.0,38722
NIBSF2,2026-07-31,9.0,8.8,8910
SICL,2026-07-31,605.5,613.0,2202
SCB,2026-07-31,657.9,651.0,10797
SBLD2091,2026-07-31,1065.0,1065.0,25
LUK,2026-07-31,10.15,10.2,2300
GFCL,2026-07-31,612.0,613.1,5156
RLFL,2026-07-31,460.0,465.0,11226
SIKLES,2026-07-31,558.6,559.0,9589
KSY,2026-07-31,9.61,9.79,3382
NMLBBL,2026-07-31,530.0,522.0,6495
PRSF,2026-07-31,12.9,12.93,2340
RNLI,2026-07-31,440.2,444.5,11354
SLBBL,2026-07-31,810.0,803.0,1894
NRIC,2026-07-31,950.0,970.0,41920
SIFC,2026-07-31,520.0,519.0,2223
LICN,2026-07-31,793.0,787.9,4020
RBBF40,2026-07-31,9.29,9.03,4000
NICGF2,2026-07-31,9.0,9.04,600
NUBL,2026-07-31,609.0,610.0,2862
EBL,2026-07-31,725.0,728.6,29334
RSY,2026-07-31,10.01,10.3,900
PMHPL,2026-07-31,320.0,315.0,3683
NICFC,2026-07-31,9.3,9.1,1850
NICD88,2026-07-31,1100.0,1100.0,25
SNORL,2026-07-31,925.0,926.1,23492
SHINED,2026-07-31,1092.0,1092.0,25
BPCL,2026-07-31,645.0,655.5,20139
MPFL,2026-07-31,607.0,619.7,3811
HPPL,2026-07-31,388.0,383.0,172178
MNBBL,2026-07-31,371.8,370.7,29292
OMPL,2026-07-31,916.0,940.0,3207
NABIL,2026-07-31,554.5,556.0,45634
MBJC,2026-07-31,264.2,267.0,19940
YMHL,2026-07-31,630.2,644.0,28063
SKHEL,2026-07-31,976.0,978.0,2859
BBC,2026-07-31,4201.0,4280.0,161
KSBBL,2026-07-31,475.1,478.0,18173
HEI,2026-07-31,543.9,539.0,3856
HRL,2026-07-31,597.0,603.0,69303
NTC,2026-07-31,850.0,861.0,6077
DOLTI,2026-07-31,320.0,325.0,19315
MHCL,2026-07-31,316.0,317.9,3275
ICFC,2026-07-31,610.1,613.0,3306
KKHC,2026-07-31,295.1,291.4,133825
JHAPA,2026-07-31,1111.0,1138.0,7234
AHL,2026-07-31,411.0,420.0,1619
JBLB,2026-07-31,1246.0,1282.0,1652
AKPL,2026-07-31,255.9,261.7,54673
BHPL,2026-07-31,450.0,480.0,4825
PRVU,2026-07-31,187.7,196.5,70601
NHPC,2026-07-31,260.0,269.4,164645
HURJA,2026-07-31,230.5,236.1,30589
MLBL,2026-07-31,352.9,357.0,10082
OHL,2026-07-31,675.0,678.0,2137
MMF1,2026-07-31,8.74,9.15,32800
BHL,2026-07-31,210.0,212.4,71648
NICA,2026-07-31,335.0,336.1,26479
ADBL,2026-07-31,318.2,322.5,147317
MDB,2026-07-31,580.0,586.0,4205
LEC,2026-07-31,224.0,225.9,78017
MABEL,2026-07-31,583.1,603.0,5395
AVYAN,2026-07-31,1002.1,1029.0,1441
KHPL,2026-07-31,890.0,870.0,51259
UHEWA,2026-07-31,564.0,572.1,13705
KMCDB,2026-07-31,779.0,766.4,2071
HLICF,2026-07-31,8.7,8.55,1800
MEL,2026-07-31,213.1,218.9,5108
IGI,2026-07-31,432.3,437.5,10048
ILBS,2026-07-31,850.0,883.8,3205
SFMF,2026-07-31,10.2,10.15,19920
MNMF1,2026-07-31,9.51,9.6,1050
PRIN,2026-07-31,671.3,680.0,931
MKJC,2026-07-31,456.0,462.6,6682
MMKJL,2026-07-31,471.5,484.0,2134
GCIL,2026-07-31,354.1,359.0,8094
NIBD84,2026-07-31,1050.0,1050.0,75
EBLD91,2026-07-31,1063.1,1064.0,75
JFL,2026-07-31,393.0,394.0,3470
EDBL,2026-07-31,574.1,579.0,6814
MAKAR,2026-07-31,438.0,440.0,7472
KDL,2026-07-31,765.2,785.0,2819
UAIL,2026-07-31,440.1,445.3,8209
SJLIC,2026-07-31,415.0,419.0,6837
KBL,2026-07-31,223.9,225.0,282557
MATRI,2026-07-31,810.2,830.0,326
GUFL,2026-07-31,570.0,572.0,32720
AKJCL,2026-07-31,360.0,366.0,223712
BHDC,2026-07-31,435.0,431.4,3261
NABILD2089,2026-07-31,1056.0,1056.0,25
HHL,2026-07-31,347.0,340.0,9428
NIBLGF,2026-07-31,9.03,9.6,12500
ILBSP,2026-07-31,470.5,470.5,750
USHEC,2026-07-31,490.0,492.0,4347
RADHI,2026-07-31,725.0,729.0,50725
NMBHF2,2026-07-31,9.58,9.59,8121
SPL,2026-07-31,651.0,663.4,1940
MSLB,2026-07-31,1200.0,1229.0,431
HLBSL,2026-07-31,880.0,881.9,274
HFIN,2026-07-31,668.8,720.0,22713
MKCL,2026-07-31,1100.0,1120.0,2255
BANDIPUR,2026-07-31,711.0,727.0,34075
SHIVM,2026-07-31,635.0,642.0,69233
GMFIL,2026-07-31,456.5,470.0,59668
KBSH,2026-07-31,905.1,956.0,23851
CBLD88,2026-07-31,1180.0,1187.0,50
PMLI,2026-07-31,440.0,442.2,2325
EBLD85,2026-07-31,1135.0,1130.0,123
SPDL,2026-07-31,370.1,372.1,34892
SMFBS,2026-07-31,1500.0,1539.0,357
UPPER,2026-07-31,194.0,195.5,73985
NIMB,2026-07-31,189.1,199.7,140620
HIMSTAR,2026-07-31,710.0,740.0,1586
SYPNL,2026-07-31,1264.5,1350.0,44453
HIDCLP,2026-07-31,189.0,192.8,70013
MEN,2026-07-31,594.9,595.5,38358
CHDC,2026-07-31,2170.0,2221.9,25958
CHCL,2026-07-31,495.0,494.1,20369
SGHC,2026-07-31,310.0,317.0,20293
NGPL,2026-07-31,425.0,408.1,148643
DORDI,2026-07-31,253.0,253.5,26615
SKHL,2026-07-31,870.0,884.0,29377
DLBS,2026-07-31,1165.0,1214.0,233
MEHL,2026-07-31,301.0,302.0,2369
SBI,2026-07-31,408.9,408.0,32635
HBL,2026-07-31,197.0,202.0,61738
BFC,2026-07-31,535.0,510.0,57251
GIBF1,2026-07-31,10.55,10.86,1300
GBIMESY2,2026-07-31,9.24,9.25,3900
NICAD2091,2026-07-31,1044.1,1044.1,25
DHPL,2026-07-31,286.5,294.0,749
NABBC,2026-07-31,790.0,785.2,2623
ECL,2026-07-31,1195.0,1309.3,13500
GMLI,2026-07-31,1130.1,1149.0,444
BUNGAL,2026-07-31,582.0,597.0,27776
HDHPC,2026-07-31,214.0,213.7,106601
MBLEF,2026-07-31,9.9,10.1,600
HBLD83,2026-07-31,1018.0,1013.1,155
MLBSL,2026-07-31,1675.0,1653.0,3046
DDBL,2026-07-31,835.0,836.5,3939
ENL,2026-07-31,795.1,814.5,330
H8020,2026-07-31,11.8,11.63,800
HDL,2026-07-31,1167.0,1164.0,18896
MKHL,2026-07-31,497.0,504.0,2237
LSL,2026-07-31,228.5,228.4,104988
NADEP,2026-07-31,749.0,727.0,277
API,2026-07-31,334.8,335.3,126694
GRDBL,2026-07-31,1083.0,1072.0,11399
MSHL,2026-07-31,604.0,620.5,373
LLBS,2026-07-31,880.0,895.0,767
EHPL,2026-07-31,349.0,340.1,15290
ALICL,2026-07-31,428.7,431.7,48252
ACLBSL,2026-07-31,930.0,934.0,502
ICFCD89,2026-07-31,1092.3,1093.2,60
SMHL,2026-07-31,493.0,498.9,42099
ADBLD83,2026-07-31,1029.7,1025.0,45
BNHC,2026-07-31,283.0,282.0,13889
SNLI,2026-07-31,428.0,428.0,4394
CZBIL,2026-07-31,203.1,207.9,36995
FOWAD,2026-07-31,977.9,964.9,2220
MERO,2026-07-31,670.0,671.2,4523
MLBBL,2026-07-31,1118.0,1142.0,1210
CKHL,2026-07-31,570.4,605.6,943
AHPC,2026-07-31,265.0,269.0,117686
MLBS,2026-07-31,1126.3,1159.0,362
GBIME,2026-07-31,254.0,262.0,588735
MFIL,2026-07-31,760.0,788.0,24102
BARUN,2026-07-31,321.0,323.0,21104
JBBL,2026-07-31,344.0,347.1,23080
LVF2,2026-07-31,9.04,9.86,4250
LBBL,2026-07-31,488.0,496.0,20417
NLICL,2026-07-31,587.0,560.1,52877
CLI,2026-07-31,441.0,448.0,9671
HLI,2026-07-31,324.0,325.0,25031
CORBL,2026-07-31,1150.0,1120.0,98227
NHDL,2026-07-31,630.0,647.0,5442
SINDU,2026-07-31,714.0,723.9,48851
SIPD,2026-07-31,661.0,680.0,22151
CHL,2026-07-31,262.6,268.0,15438
SMJC,2026-07-31,438.1,444.0,4112
CZBILP,2026-07-31,100.6,100.0,150000
ALBSL,2026-07-31,1051.0,1114.8,10020
CFCL,2026-07-31,627.1,662.0,223631
ANLB,2026-07-31,5500.0,5649.0,1810
CGH,2026-07-31,780.0,784.0,8571
SHEL,2026-07-31,305.0,307.7,49839
C30MF,2026-07-31,10.07,10.07,100
CSY,2026-07-31,9.1,9.34,24577
APHL,2026-07-31,820.8,839.0,15695
SGHL,2026-07-31,545.8,529.0,69102
GWFD83,2026-07-31,1123.3,1089.7,1
PCBLP,2026-07-30,102.0,102.0,46894
DHPL,2026-07-30,299.0,295.3,4398
KBL,2026-07-30,210.0,222.0,230853
MAKAR,2026-07-30,449.0,437.9,49623
SMJC,2026-07-30,444.6,442.0,7500
SEF,2026-07-30,9.75,9.81,41000
NLG,2026-07-30,580.0,584.0,5555
ILI,2026-07-30,415.5,420.0,4553
NMFBS,2026-07-30,1115.0,1116.0,1277
RBBF40,2026-07-30,9.27,9.02,1343
LLBS,2026-07-30,900.0,898.0,3094
CSY,2026-07-30,9.0,9.02,3750
MDB,2026-07-30,570.0,584.0,4005
SONA,2026-07-30,428.0,408.8,17828
AKJCL,2026-07-30,366.0,360.0,246031
MKJC,2026-07-30,465.0,468.0,3650
SWASTIK,2026-07-30,2011.1,2011.1,430
SGHC,2026-07-30,324.8,318.0,50539
GBBL,2026-07-30,420.0,419.0,11431
CIT,2026-07-30,1710.0,1716.0,1962
MSHL,2026-07-30,609.0,602.5,1445
PPCL,2026-07-30,349.0,338.0,12521
PBLD87,2026-07-30,1101.0,1101.0,40
NICLBSL,2026-07-30,556.0,552.0,6307
SADBL,2026-07-30,415.0,413.6,17721
RSY,2026-07-30,9.71,10.25,83208
SLCF,2026-07-30,9.75,9.99,16700
NIBD84,2026-07-30,1042.0,1042.0,25
PRVU,2026-07-30,186.0,195.4,87233
SIGS3,2026-07-30,10.7,10.7,8400
RHPL,2026-07-30,260.2,258.1,19919
KDBY,2026-07-30,11.16,11.1,7200
HLICF,2026-07-30,8.7,8.69,1300
RNLI,2026-07-30,440.3,441.9,8512
KSBBL,2026-07-30,484.9,479.0,20940
MNBBL,2026-07-30,372.0,370.0,22877
ANLB,2026-07-30,5500.0,5697.0,3867
SLBBL,2026-07-30,806.1,809.0,1495
SMH,2026-07-30,507.0,502.9,8196
SARBTM,2026-07-30,800.0,790.0,2268
SFMF,2026-07-30,10.15,10.15,905
BNHC,2026-07-30,280.3,283.7,10658
YMHL,2026-07-30,640.4,645.0,35977
SHEL,2026-07-30,304.0,305.0,57162
NRM,2026-07-30,312.1,313.0,10101
RLEL,2026-07-30,875.4,867.8,11208
NICFC,2026-07-30,9.05,9.28,3100
SBL,2026-07-30,392.3,410.7,99488
CHDC,2026-07-30,2231.0,2229.9,9047
NRIC,2026-07-30,950.0,945.0,13744
API,2026-07-30,339.0,333.0,88031
KHPL,2026-07-30,1008.0,902.0,31485
NIMBPO,2026-07-30,144.1,143.8,5000
MLBBL,2026-07-30,1140.0,1134.0,303
NMB,2026-07-30,246.0,248.6,29716
TAMOR,2026-07-30,449.2,451.0,34393
BJHL,2026-07-30,688.3,716.0,9417
VLUCL,2026-07-30,426.2,438.0,1238
EDBL,2026-07-30,573.0,574.0,5265
GLH,2026-07-30,253.6,252.0,24736
MEN,2026-07-30,598.9,595.8,22761
BHDC,2026-07-30,433.9,433.0,3106
TPKHL,2026-07-30,557.9,539.0,38317
NICL,2026-07-30,510.0,505.0,22144
CHCL,2026-07-30,494.0,495.0,63422
SAGF,2026-07-30,10.05,10.1,1400
KPCL,2026-07-30,470.0,473.0,3175
UPPER,2026-07-30,196.0,194.0,48682
SWBBL,2026-07-30,685.0,673.0,4763
GBIME,2026-07-30,244.1,256.0,286885
SHLB,2026-07-30,1458.0,1475.0,70
SKBBL,2026-07-30,769.0,757.9,7715
MMF1,2026-07-30,9.0,9.0,35440
GMLI,2026-07-30,1135.4,1137.1,851
RLFL,2026-07-30,470.9,465.0,13971
GWFD83,2026-07-30,1158.0,1123.3,1
SSHL,2026-07-30,205.0,203.0,49737
RFPL,2026-07-30,333.1,333.5,15140
MERO,2026-07-30,671.0,677.0,3566
USLB,2026-07-30,1152.1,1152.3,962
NIMB,2026-07-30,190.0,199.0,107356
NTC,2026-07-30,870.0,865.0,3581
HHL,2026-07-30,336.1,338.0,14272
NWCL,2026-07-30,703.0,712.0,3359
SAHAS,2026-07-30,664.0,661.0,41565
NIBLGF,2026-07-30,9.0,9.0,3150
VLBS,2026-07-30,670.2,671.0,684
PCBL,2026-07-30,230.0,241.5,40879
SAGAR,2026-07-30,1715.0,1704.0,8271
PROFL,2026-07-30,437.9,434.0,3009
SLBSL,2026-07-30,1131.1,1090.0,978
PMLI,2026-07-30,456.5,440.5,4163
SKHEL,2026-07-30,971.0,976.0,4074
H8020,2026-07-30,11.7,11.7,3700
BANDIPUR,2026-07-30,729.0,719.8,17645
GCIL,2026-07-30,360.0,359.8,15066
RMF1,2026-07-30,9.87,9.68,12930
PURE,2026-07-30,841.0,852.9,3160
HIMSTAR,2026-07-30,728.1,725.0,3315
NUBL,2026-07-30,605.8,611.0,2374
SANIMA,2026-07-30,375.0,370.9,58989
PPL,2026-07-30,325.0,328.0,20127
JFL,2026-07-30,402.9,393.0,3495
MATRI,2026-07-30,820.0,829.9,346
SYPNL,2026-07-30,1335.0,1331.0,30930
UPCL,2026-07-30,346.5,347.0,23902
NBF3,2026-07-30,10.09,9.85,4240
SABBL,2026-07-30,1066.1,1063.0,13608
SOPL,2026-07-30,794.2,825.0,59270
SBI,2026-07-30,389.5,406.9,4129
NMBMF,2026-07-30,622.0,627.9,279
UNL,2026-07-30,48200.0,48200.0,10
NYADI,2026-07-30,365.0,365.0,4104
ULHC,2026-07-30,345.0,340.1,4850
NHDL,2026-07-30,630.0,630.0,5389
PRSF,2026-07-30,12.77,12.77,100
SPIL,2026-07-30,699.0,700.0,2709
ADBL,2026-07-30,306.0,320.0,44241
NMBHF2,2026-07-30,9.58,9.75,1800
NIFRA,2026-07-30,250.0,248.0,27905
RMF2,2026-07-30,9.7,10.07,2600
KKHC,2026-07-30,295.0,296.0,354765
PSF,2026-07-30,11.74,11.8,13600
OMPL,2026-07-30,937.0,934.0,1695
HLBSL,2026-07-30,897.9,880.0,780
NIBLSTF,2026-07-30,8.73,8.77,1201
TRH,2026-07-30,771.2,785.9,788
NHPC,2026-07-30,260.0,265.0,147186
LUK,2026-07-30,10.47,10.46,6810
SBCF,2026-07-30,9.38,9.5,3700
SAIL,2026-07-30,1120.0,1075.0,40817
MHNL,2026-07-30,241.9,245.0,10825
CZBIL,2026-07-30,196.6,205.9,74445
PHCL,2026-07-30,302.0,300.0,35643
SAPDBL,2026-07-30,838.0,839.9,49040
USHL,2026-07-30,570.0,543.0,2165
SALICO,2026-07-30,606.5,593.0,5176
NIL,2026-07-30,636.0,618.1,1845
SMATA,2026-07-30,740.0,740.0,2496
RSML,2026-07-30,3051.0,3024.0,80858
NBLD87,2026-07-30,1090.0,1090.0,25
NBLD85,2026-07-30,1040.0,1045.0,1
MSLB,2026-07-30,1198.1,1220.0,753
NESDO,2026-07-30,1480.0,1495.0,972
UMHL,2026-07-30,570.0,586.7,30899
LVF2,2026-07-30,9.03,9.13,6390
OHL,2026-07-30,678.0,675.0,1025
ICFC,2026-07-30,618.0,613.0,1785
SHIVM,2026-07-30,626.4,636.0,71068
KDL,2026-07-30,766.2,770.0,3572
PCIL,2026-07-30,664.0,649.5,47211
MBJC,2026-07-30,269.0,266.5,33879
MBL,2026-07-30,246.1,257.0,95668
NICGF2,2026-07-30,9.0,9.2,1600
RAWA,2026-07-30,444.9,428.0,10012
HRL,2026-07-30,610.0,597.0,42529
PBD88,2026-07-30,1170.1,1181.0,75
KBSH,2026-07-30,959.0,931.0,23815
SBLD89,2026-07-30,1240.0,1240.0,25
NRN,2026-07-30,1419.0,1402.0,58834
ILBS,2026-07-30,842.7,883.9,812
JSLBB,2026-07-30,1000.0,999.0,264
PRIN,2026-07-30,680.0,679.0,1156
WNLB,2026-07-30,1339.0,1348.0,149
NSY,2026-07-30,9.22,9.3,3100
STC,2026-07-30,5190.0,5189.0,346
SGIC,2026-07-30,458.1,459.8,11872
JBBL,2026-07-30,345.1,345.5,23798
NMLBBL,2026-07-30,515.0,520.0,8584
HLI,2026-07-30,325.8,324.3,16248
BNT,2026-07-30,11750.0,11620.0,304
GVL,2026-07-30,476.1,484.5,12929
SMPDA,2026-07-30,770.0,768.9,450
MLBS,2026-07-30,1140.2,1158.0,59
MPFL,2026-07-30,610.0,618.3,3992
BHPL,2026-07-30,476.0,466.3,3538
ADBLD83,2026-07-30,1015.0,1020.0,225
ULBSL,2026-07-30,2700.0,2785.0,1153
MLBL,2026-07-30,355.1,352.9,8814
BARUN,2026-07-30,325.0,323.1,21015
IGI,2026-07-30,449.5,437.0,4283
SPL,2026-07-30,661.0,664.0,940
AHPC,2026-07-30,267.6,267.0,26286
BPCL,2026-07-30,693.0,650.0,22963
KSY,2026-07-30,9.9,9.9,1300
MLBSL,2026-07-30,1690.0,1690.0,1088
BEDC,2026-07-30,321.1,320.0,11462
JOSHI,2026-07-30,269.5,265.0,11532
GBLBS,2026-07-30,730.0,748.0,4525
JHAPA,2026-07-30,1131.0,1119.0,5278
RIDI,2026-07-30,368.6,363.0,294672
MNMF1,2026-07-30,9.51,9.58,101350
SICL,2026-07-30,620.0,613.0,6079
NIFRAGED,2026-07-30,1026.0,1026.0,25
LBBL,2026-07-30,488.3,490.2,36940
USHEC,2026-07-30,485.0,492.0,7284
IHL,2026-07-30,355.0,347.1,1314
MCHL,2026-07-30,296.2,282.0,3153
LEC,2026-07-30,238.2,224.8,127642
AKPL,2026-07-30,255.2,256.9,17297
ICFCD89,2026-07-30,1099.0,1092.3,225
TPC,2026-07-30,360.0,357.9,7495
GBIMEP,2026-07-30,114.8,111.4,47200
NGPL,2026-07-30,413.9,407.9,82194
HATHY,2026-07-30,726.0,712.0,3152
HFIN,2026-07-30,717.0,704.0,28853
CFCL,2026-07-30,611.0,660.1,133292
MEL,2026-07-30,218.0,217.0,30010
SBLD2091,2026-07-30,1079.4,1065.0,159
MKHC,2026-07-30,290.0,285.0,17333
GMFIL,2026-07-30,465.0,459.0,11836
SHINE,2026-07-30,410.0,410.0,13148
MKHL,2026-07-30,498.6,510.0,1482
JBLB,2026-07-30,1260.0,1255.1,2062
AHL,2026-07-30,417.0,420.0,1836
MABEL,2026-07-30,582.1,595.5,1818
MHCL,2026-07-30,323.0,315.2,3485
SHL,2026-07-30,500.0,500.0,6446
ACLBSL,2026-07-30,900.1,930.0,632
HDL,2026-07-30,1170.0,1161.2,17763
CORBL,2026-07-30,1382.8,1155.0,126446
UMRH,2026-07-30,538.0,539.5,10812
SANVI,2026-07-30,582.0,593.5,5263
SRLI,2026-07-30,380.0,381.5,7432
HEIP,2026-07-30,335.0,340.0,817
NIBSF2,2026-07-30,8.55,8.8,10800
RURU,2026-07-30,629.0,614.5,2379
NICSF,2026-07-30,9.0,8.8,6900
NMIC,2026-07-30,930.1,922.0,4048
SKHL,2026-07-30,885.0,871.0,11782
NICA,2026-07-30,322.0,339.9,40428
HPPL,2026-07-30,389.0,388.0,214904
KAHL,2026-07-30,548.0,536.0,40236
CCBD88,2026-07-30,1190.0,1190.0,10
SHPC,2026-07-30,506.0,505.0,22396
SJLIC,2026-07-30,415.0,417.7,3984
NABIL,2026-07-30,530.0,554.5,50772
CKHL,2026-07-30,585.0,588.0,273
TSHL,2026-07-30,375.5,372.0,5485
MEHL,2026-07-30,307.0,306.0,1805
CBBL,2026-07-30,938.0,928.2,10317
GIBF1,2026-07-30,10.66,10.66,20800
LSL,2026-07-30,230.0,226.8,180338
GHL,2026-07-30,230.0,224.7,21285
DORDI,2026-07-30,264.9,252.7,44798
NSIF2,2026-07-30,10.98,10.66,2793
CYCL,2026-07-30,1340.0,1300.0,1056
SNLI,2026-07-30,430.1,428.0,5359
RHGCL,2026-07-30,258.0,264.2,15550
MBLEF,2026-07-30,10.0,10.1,6350
GUFL,2026-07-30,576.4,575.0,19640
RBCL,2026-07-30,14500.0,14600.0,867
SWMF,2026-07-30,619.0,627.0,4664
ALICL,2026-07-30,436.0,428.7,14001
BFC,2026-07-30,485.0,509.8,34113
TTL,2026-07-30,735.0,720.4,8053
DHEL,2026-07-30,597.0,580.0,27695
KMCDB,2026-07-30,784.0,779.5,2158
HBL,2026-07-30,188.1,199.0,33687
SNORL,2026-07-30,972.0,938.0,31452
GMFBS,2026-07-30,1305.2,1222.2,201
CBLD88,2026-07-30,1201.0,1200.0,54
GRDBL,2026-07-30,1059.0,1063.0,15731
SPDL,2026-07-30,376.0,374.9,25621
HIDCL,2026-07-30,260.0,258.0,44775
ECL,2026-07-30,990.0,1138.6,2640
EBLD85,2026-07-30,1135.0,1135.0,10
SINDU,2026-07-30,700.1,701.0,16145
SMB,2026-07-30,1840.0,1816.0,750
NMB50,2026-07-30,10.75,10.69,1200
SMHL,2026-07-30,510.0,496.0,92151
GBBD85,2026-07-30,1062.1,1063.0,103
BGWT,2026-07-30,580.1,597.0,1583
TVCL,2026-07-30,477.5,476.2,1884
RADHI,2026-07-30,700.3,724.9,57946
NLIC,2026-07-30,760.0,752.0,9676
APHL,2026-07-30,846.0,834.0,15135
SIFC,2026-07-30,520.0,517.8,3324
GFCL,2026-07-30,624.7,612.0,5737
SIKLES,2026-07-30,556.0,558.6,29707
FOWAD,2026-07-30,960.0,952.0,2251
ALBSL,2026-07-30,1051.0,1087.6,4356
ENL,2026-07-30,814.0,806.0,410
SIPD,2026-07-30,682.0,678.9,24436
HURJA,2026-07-30,237.0,232.0,36584
C30MF,2026-07-30,9.8,10.07,10100
AVYAN,2026-07-30,1013.0,1015.0,3048
SMFBS,2026-07-30,1537.0,1500.0,458
MHL,2026-07-30,470.0,470.0,3265
HIDCLP,2026-07-30,193.9,189.5,51694
SPHL,2026-07-30,520.1,536.0,2890
KEF,2026-07-30,10.11,10.28,2900
CHL,2026-07-30,267.0,264.0,24389
UNLB,2026-07-30,1337.2,1265.0,745
CLI,2026-07-30,425.0,444.3,6750
GLBSL,2026-07-30,1815.0,1820.0,466
JBBD87,2026-07-30,1111.0,1111.0,25
BUNGAL,2026-07-30,593.0,587.0,17807
GSY,2026-07-30,9.5,9.8,2600
SCB,2026-07-30,660.8,652.0,3198
SPC,2026-07-30,427.9,415.0,2448
BHL,2026-07-30,213.0,210.5,56897
ICFCD88,2026-07-30,1140.0,1140.0,75
GBIMESY2,2026-07-30,9.3,9.04,400
SFEF,2026-07-30,10.0,10.0,41100
BBC,2026-07-30,4186.0,4280.0,706
NABBC,2026-07-30,776.5,780.2,7802
HEI,2026-07-30,533.0,536.0,4626
SOHL,2026-07-30,564.1,571.0,143962
MFIL,2026-07-30,772.0,788.0,31079
NLICL,2026-07-30,584.5,570.0,33209
DLBS,2026-07-30,1193.2,1190.0,1295
BHCL,2026-07-30,491.2,486.0,22600
UHEWA,2026-07-30,560.0,571.0,10430
CGH,2026-07-30,790.0,786.0,3690
HDHPC,2026-07-30,212.0,213.5,76132
SJCL,2026-07-30,270.0,274.0,4932
PMHPL,2026-07-30,321.0,320.0,2370
CREST,2026-07-30,1190.0,1193.0,3224
NADEP,2026-07-30,740.0,741.0,708
RSDC,2026-07-30,641.2,640.1,1502
DOLTI,2026-07-30,323.6,320.0,8810
MMKJL,2026-07-30,493.0,485.0,4894
CITY,2026-07-30,374.0,366.8,84701
MKCL,2026-07-30,1150.0,1120.0,660
UNHPL,2026-07-30,392.0,382.9,8263
SGHL,2026-07-30,535.0,519.9,54154
GILB,2026-07-30,1076.3,1105.9,965
MANDU,2026-07-30,830.0,816.0,1759
EBL,2026-07-30,727.0,724.0,10486
EHPL,2026-07-30,350.0,343.5,5136
UAIL,2026-07-30,455.0,448.0,12447
DDBL,2026-07-30,850.0,835.0,3545
NBL,2026-07-30,259.0,270.0,55675
NFS,2026-07-30,577.1,575.0,4385
FMDBL,2026-07-30,763.0,758.0,5111
LICN,2026-07-30,789.9,788.0,9579
SLBBL,2026-07-29,815.0,806.6,2899
SOHL,2026-07-29,605.0,593.7,73945
NSY,2026-07-29,9.4,9.5,19600
SKBBL,2026-07-29,768.0,758.0,5455
AHPC,2026-07-29,270.0,268.3,34746
FMDBL,2026-07-29,750.0,762.7,6080
PCIL,2026-07-29,625.0,664.0,34063
SPC,2026-07-29,420.0,417.1,2099
SNORL,2026-07-29,925.0,971.4,36032
CHCL,2026-07-29,496.1,494.0,79038
SMB,2026-07-29,1816.1,1849.9,952
GBIME,2026-07-29,253.5,256.9,375124
NUBL,2026-07-29,607.0,623.0,9183
CHDC,2026-07-29,2282.0,2243.0,20446
OMPL,2026-07-29,940.1,959.0,2090
NICFC,2026-07-29,9.2,9.12,4172
HHL,2026-07-29,339.0,340.0,22933
NMFBS,2026-07-29,1120.0,1120.0,2307
LEC,2026-07-29,229.5,226.9,200185
MHL,2026-07-29,470.0,474.0,7960
NICAD2091,2026-07-29,1041.0,1048.1,45
MNMF1,2026-07-29,9.65,9.75,84881
NYADI,2026-07-29,358.1,366.1,2032
NLG,2026-07-29,589.0,590.0,10656
NABILD2089,2026-07-29,1056.0,1056.0,10
NWCL,2026-07-29,707.7,716.8,2927
KHPL,2026-07-29,930.0,1061.0,25608
ACLBSL,2026-07-29,945.7,926.2,2437
NIBLGF,2026-07-29,9.11,9.11,150
BANDIPUR,2026-07-29,721.1,722.2,13667
JFL,2026-07-29,405.0,401.0,1989
GIBF1,2026-07-29,10.53,10.65,4600
MBJC,2026-07-29,268.3,269.0,37825
MLBBL,2026-07-29,1135.0,1134.0,1025
CIT,2026-07-29,1717.0,1720.0,2184
SAGAR,2026-07-29,1720.0,1724.0,4608
SNLI,2026-07-29,430.0,430.1,5050
ENL,2026-07-29,805.0,804.0,315
SHINED,2026-07-29,1105.6,1109.0,450
BUNGAL,2026-07-29,599.2,593.0,26816
BJHL,2026-07-29,746.0,724.5,12310
BHDC,2026-07-29,426.1,433.9,4335
GUFL,2026-07-29,584.0,579.0,24743
LBBL,2026-07-29,491.1,495.0,36458
EBLD86,2026-07-29,1120.0,1100.1,5135
SFEF,2026-07-29,10.0,10.02,1600
CGH,2026-07-29,789.0,790.0,12085
SHPC,2026-07-29,507.0,508.0,9281
BBC,2026-07-29,4210.0,4300.0,150
AKPL,2026-07-29,257.0,258.9,34071
BOKD86KA,2026-07-29,1145.4,1145.4,9
TVCL,2026-07-29,514.5,489.4,1028
OHL,2026-07-29,690.7,678.0,3429
KDL,2026-07-29,790.0,784.0,3248
ADBL,2026-07-29,323.0,321.1,114885
LVF2,2026-07-29,9.35,9.3,1500
ULBSL,2026-07-29,2735.5,2797.5,429
NICD88,2026-07-29,1100.0,1100.0,50
KPCL,2026-07-29,471.0,470.0,4940
SBD87,2026-07-29,1087.1,1087.0,254
BARUN,2026-07-29,325.0,325.9,14537
ILI,2026-07-29,415.0,418.0,3086
MLBL,2026-07-29,356.1,358.0,12719
PMLI,2026-07-29,444.4,444.1,5734
BPCL,2026-07-29,660.0,660.0,22240
ALICL,2026-07-29,455.7,436.0,7937
NMBMF,2026-07-29,630.0,631.0,228
UAIL,2026-07-29,450.0,447.2,4643
GILB,2026-07-29,1118.0,1107.0,75
MHNL,2026-07-29,237.0,243.0,7798
CKHL,2026-07-29,589.5,585.0,1497
LLBS,2026-07-29,900.0,910.0,2752
SIGS3,2026-07-29,10.63,10.77,10900
MANDU,2026-07-29,820.0,825.0,3558
DDBL,2026-07-29,842.0,836.7,4927
SBLD89,2026-07-29,1271.0,1236.0,4520
NICL,2026-07-29,520.0,510.0,24893
GLBSL,2026-07-29,1780.0,1810.0,479
JBBD87,2026-07-29,1113.0,1112.0,229
SGIC,2026-07-29,464.0,460.0,6341
HEIP,2026-07-29,341.9,341.9,10
PRSF,2026-07-29,12.71,12.95,700
SBL,2026-07-29,412.4,412.9,91431
TSHL,2026-07-29,379.0,383.0,4284
SEF,2026-07-29,9.9,9.75,49750
SBI,2026-07-29,408.1,409.9,14663
NBLD85,2026-07-29,1035.4,1040.0,75
SALICO,2026-07-29,585.0,589.0,15345
NMBHF2,2026-07-29,9.58,9.58,80624
CFCL,2026-07-29,686.0,642.5,258051
DORDI,2026-07-29,256.0,259.0,6738
MNBBL,2026-07-29,374.0,371.2,20289
MABEL,2026-07-29,593.0,600.0,7772
MBL,2026-07-29,263.0,259.0,79615
TPKHL,2026-07-29,560.0,557.9,24588
API,2026-07-29,336.5,335.0,110350
HLBSL,2026-07-29,890.0,880.0,719
HRL,2026-07-29,600.0,601.1,66078
MKHC,2026-07-29,288.6,290.1,7635
BEDC,2026-07-29,322.0,322.1,11327
SMH,2026-07-29,506.0,506.0,4422
CREST,2026-07-29,1190.0,1199.7,9303
MKCL,2026-07-29,1157.9,1143.9,459
NICLBSL,2026-07-29,555.0,558.0,4106
RBCL,2026-07-29,14575.0,14557.0,20
NICGF2,2026-07-29,9.05,9.14,700
GLH,2026-07-29,251.0,253.6,11310
KEF,2026-07-29,10.34,10.35,127716
NRM,2026-07-29,315.0,312.1,5945
SAGF,2026-07-29,10.05,10.35,700
KSBBL,2026-07-29,487.8,482.8,22894
KBSH,2026-07-29,1008.0,945.0,25870
ULHC,2026-07-29,346.0,345.0,4712
MSLB,2026-07-29,1201.0,1205.0,1042
MLBS,2026-07-29,1116.0,1172.0,212
SARBTM,2026-07-29,791.0,790.0,9288
BHL,2026-07-29,215.0,213.0,29236
MEN,2026-07-29,592.0,599.0,26078
NIBSF2,2026-07-29,8.75,8.75,9500
RLFL,2026-07-29,462.6,463.0,13545
NICA,2026-07-29,345.0,338.9,37161
SPHL,2026-07-29,522.5,528.0,1446
CITY,2026-07-29,357.4,370.0,69481
BGWT,2026-07-29,573.0,597.0,1589
NBLD87,2026-07-29,1100.0,1100.0,25
SWASTIK,2026-07-29,2070.0,2031.0,390
GMFIL,2026-07-29,479.9,464.9,12422
WNLB,2026-07-29,1353.1,1354.0,137
SWMF,2026-07-29,633.0,621.1,2606
MERO,2026-07-29,722.0,679.0,2158
GMLI,2026-07-29,1145.8,1155.0,1061
PMHPL,2026-07-29,326.0,321.0,7964
HIMSTAR,2026-07-29,722.7,742.9,4500
SAPDBL,2026-07-29,818.0,828.0,66416
NBF2,2026-07-29,9.92,9.9,7500
APHL,2026-07-29,825.6,846.0,17484
EHPL,2026-07-29,360.0,343.8,5950
VLBS,2026-07-29,670.0,683.0,683
HEI,2026-07-29,542.0,542.8,1764
MFIL,2026-07-29,777.0,791.8,64463
SIPD,2026-07-29,716.0,680.0,10073
DLBS,2026-07-29,1248.6,1201.0,241
KAHL,2026-07-29,579.0,549.0,48643
MEHL,2026-07-29,305.0,307.0,2393
MHCL,2026-07-29,328.5,314.1,2486
NSIF2,2026-07-29,10.84,10.75,15650
MEL,2026-07-29,218.0,217.9,22064
NMB50,2026-07-29,10.59,10.59,500
TTL,2026-07-29,724.0,730.0,9862
EDBL,2026-07-29,580.1,579.0,6434
IGI,2026-07-29,441.0,441.0,2536
GBLBS,2026-07-29,769.8,749.9,3675
VLUCL,2026-07-29,427.0,434.9,1378
SAIL,2026-07-29,1070.0,1080.0,27598
HURJA,2026-07-29,232.0,234.2,16960
NIBD84,2026-07-29,1045.0,1045.0,25
GBIMEP,2026-07-29,120.8,120.8,16479
BNT,2026-07-29,11750.0,11750.0,20
RHGCL,2026-07-29,258.3,265.0,7317
GBBL,2026-07-29,416.0,422.0,54582
AHL,2026-07-29,410.4,417.0,2839
AVYAN,2026-07-29,1037.2,1013.0,3775
SLCF,2026-07-29,9.8,10.05,4150
MPFL,2026-07-29,653.0,621.0,3483
SHEL,2026-07-29,307.0,305.0,48396
KBLD90,2026-07-29,1425.9,1383.2,1
CHL,2026-07-29,262.0,263.7,7782
CLI,2026-07-29,441.0,447.0,14371
GMFBS,2026-07-29,1273.0,1243.1,404
EBLD91,2026-07-29,1080.0,1080.0,25
NICSF,2026-07-29,9.0,8.95,6100
UPPER,2026-07-29,197.7,195.4,48699
PPL,2026-07-29,345.0,335.0,20801
UNLB,2026-07-29,1240.0,1274.0,365
DHPL,2026-07-29,295.0,292.0,3008
YMHL,2026-07-29,637.8,650.0,50496
HLICF,2026-07-29,8.43,8.69,4195
RNLI,2026-07-29,440.0,445.9,12355
ALBSL,2026-07-29,1050.0,1084.9,601
PSF,2026-07-29,11.79,11.85,4435
STC,2026-07-29,5130.0,5190.0,1491
NBL,2026-07-29,274.0,272.0,46665
USHEC,2026-07-29,486.0,491.0,3861
SIKLES,2026-07-29,555.0,557.0,8229
ICFCD89,2026-07-29,1092.7,1100.0,170
HDL,2026-07-29,1125.8,1165.0,12341
SKHL,2026-07-29,903.0,894.0,5088
SIFC,2026-07-29,505.1,518.1,3492
RURU,2026-07-29,620.0,618.0,1585
NABBC,2026-07-29,776.0,785.1,4249
NESDO,2026-07-29,1500.0,1500.0,371
SMFBS,2026-07-29,1515.2,1536.9,326
MDB,2026-07-29,570.0,590.0,2683
BFC,2026-07-29,489.0,509.0,29657
CSY,2026-07-29,9.01,9.01,5480
SICL,2026-07-29,614.0,611.1,9181
NMB,2026-07-29,247.0,248.0,45491
HIDCL,2026-07-29,260.1,260.0,31911
NFS,2026-07-29,572.1,578.5,7640
CBBL,2026-07-29,940.5,938.0,13735
NMLBBL,2026-07-29,531.0,530.1,6400
SANVI,2026-07-29,618.0,598.5,9226
NHDL,2026-07-29,633.0,630.0,6118
KBL,2026-07-29,234.1,221.0,259969
TPC,2026-07-29,360.3,359.0,10655
SPDL,2026-07-29,384.0,385.0,112049
MKHL,2026-07-29,488.3,514.0,3608
BHCL,2026-07-29,496.0,495.1,15748
NHPC,2026-07-29,260.0,267.6,131662
HDHPC,2026-07-29,217.7,214.5,77244
NRIC,2026-07-29,979.0,952.0,15261
RSDC,2026-07-29,643.5,643.0,5340
HFIN,2026-07-29,725.0,717.0,30574
EBL,2026-07-29,725.0,727.0,27058
HIDCLP,2026-07-29,203.7,190.8,56625
AKJCL,2026-07-29,355.0,365.0,235655
UMHL,2026-07-29,570.0,580.9,59984
JBLB,2026-07-29,1260.0,1262.0,3416
SADBL,2026-07-29,416.5,418.0,13565
ANLB,2026-07-29,5600.0,5658.0,2170
KKHC,2026-07-29,298.0,295.0,720327
GFCL,2026-07-29,626.8,613.0,5931
DHEL,2026-07-29,590.2,597.0,18392
CBLD88,2026-07-29,1274.6,1221.0,88
RBBF40,2026-07-29,9.27,9.27,53594
JSLBB,2026-07-29,985.0,1013.9,80
GBIMESY2,2026-07-29,9.11,9.39,2000
UPCL,2026-07-29,355.0,349.9,16979
MBLEF,2026-07-29,10.01,10.2,4900
KBLD89,2026-07-29,1285.0,1255.0,131
KDBY,2026-07-29,11.0,11.16,161350
CYCL,2026-07-29,1360.0,1327.0,664
SMJC,2026-07-29,461.0,444.6,19125
GHL,2026-07-29,230.0,227.6,19151
MSHL,2026-07-29,610.0,609.3,443
RSY,2026-07-29,10.2,10.22,6950
HATHY,2026-07-29,742.6,726.0,3398
EBLD85,2026-07-29,1123.7,1130.0,180
MAKAR,2026-07-29,440.1,440.0,70620
SBLD2091,2026-07-29,1048.1,1048.0,91
SGHL,2026-07-29,535.0,535.0,52308
PURE,2026-07-29,845.7,861.0,5344
NIFRA,2026-07-29,251.0,250.1,29582
SYPNL,2026-07-29,1350.0,1334.0,28991
MMKJL,2026-07-29,492.0,482.0,2585
LUK,2026-07-29,10.69,10.79,34610
HBL,2026-07-29,200.8,198.0,49632
MATRI,2026-07-29,834.5,820.0,1200
TRH,2026-07-29,780.0,770.4,544
NBF3,2026-07-29,9.6,10.09,16850
SHIVM,2026-07-29,641.5,639.2,40521
RAWA,2026-07-29,430.0,425.9,34600
IHL,2026-07-29,348.1,350.0,5569
SPIL,2026-07-29,697.0,700.0,17007
USLB,2026-07-29,1179.5,1182.0,281
NLIC,2026-07-29,748.1,750.0,5470
PCBLP,2026-07-29,102.0,102.0,200000
SMATA,2026-07-29,720.1,740.0,525
RADHI,2026-07-29,706.9,737.0,30721
LSL,2026-07-29,225.4,228.5,191885
RFPL,2026-07-29,330.1,335.0,20971
UNHPL,2026-07-29,386.0,389.5,19296
MCHL,2026-07-29,285.2,283.3,4227
PRVU,2026-07-29,207.0,195.7,130120
RSML,2026-07-29,3110.0,3118.0,57561
NBBD2085,2026-07-29,1160.7,1160.7,1000
NTC,2026-07-29,858.0,869.8,14738
GCIL,2026-07-29,354.4,358.0,15230
BHPL,2026-07-29,489.0,472.1,5072
SJLIC,2026-07-29,417.0,415.0,14893
SLBSL,2026-07-29,1075.0,1077.3,4347
GSY,2026-07-29,10.15,9.77,10800
NLICL,2026-07-29,606.9,580.0,5796
RLEL,2026-07-29,877.9,899.0,4575
PROFL,2026-07-29,437.0,432.0,5664
SHLB,2026-07-29,1468.5,1502.9,89
NMIC,2026-07-29,932.4,938.0,1591
KSY,2026-07-29,9.95,9.9,1100
SABBL,2026-07-29,1130.0,1099.0,21239
PRIN,2026-07-29,674.0,676.6,4698
MKJC,2026-07-29,470.9,465.2,3515
NRN,2026-07-29,1390.0,1398.0,90324
PHCL,2026-07-29,301.2,302.0,18759
RIDI,2026-07-29,365.0,369.9,389549
JHAPA,2026-07-29,1136.0,1134.9,3628
RBCLPO,2026-07-29,11593.0,11593.0,25
UMRH,2026-07-29,530.5,534.0,2783
SIGS2,2026-07-29,10.3,10.5,2350
DOLTI,2026-07-29,320.0,323.6,11484
LICN,2026-07-29,787.2,789.9,9285
USHL,2026-07-29,545.1,543.0,1136
NIMBPO,2026-07-29,145.9,143.4,8519
NICD83/84,2026-07-29,1027.1,1027.0,300
RMF1,2026-07-29,9.39,9.88,71860
SJCL,2026-07-29,270.8,275.0,4205
HLI,2026-07-29,327.9,325.8,13625
HPPL,2026-07-29,378.0,394.7,573369
MMF1,2026-07-29,9.0,9.2,38440
ICFC,2026-07-29,619.9,618.0,10039
PPCL,2026-07-29,355.0,346.9,7070
SMHL,2026-07-29,500.0,498.0,108803
FOWAD,2026-07-29,951.1,950.0,6796
SWBBL,2026-07-29,669.2,680.0,3942
SBCF,2026-07-29,9.8,9.66,4816
CZBIL,2026-07-29,218.4,206.9,82254
SOPL,2026-07-29,848.0,836.0,28683
SAHAS,2026-07-29,663.9,663.8,60637
NIBLSTF,2026-07-29,8.66,8.99,2627
MLBSL,2026-07-29,1727.0,1690.0,51
RMF2,2026-07-29,9.8,9.97,1400
SKHEL,2026-07-29,930.4,988.0,4249
GVL,2026-07-29,480.2,486.0,14838
ECL,2026-07-29,886.8,990.1,760
SSHL,2026-07-29,203.4,204.5,91386
SHINE,2026-07-29,414.5,412.4,6351
NADEP,2026-07-29,747.0,729.3,161
SCB,2026-07-29,650.1,657.0,12523
KMCDB,2026-07-29,787.0,784.0,4774
GRDBL,2026-07-29,1121.0,1071.9,4213
NGPL,2026-07-29,411.0,409.9,131658
H8020,2026-07-29,11.7,11.7,3200
SRLI,2026-07-29,380.5,381.2,7546
BNHC,2026-07-29,278.4,285.8,15053
CORBL,2026-07-29,1350.0,1317.0,137425
SMPDA,2026-07-29,757.1,770.0,523
SANIMA,2026-07-29,368.5,372.7,118077
RHPL,2026-07-29,260.1,262.2,7335
SINDU,2026-07-29,720.0,710.0,17345
NABIL,2026-07-29,558.0,557.5,58797
SGHC,2026-07-29,315.0,324.8,171460
JBBL,2026-07-29,345.4,347.2,26253
PBD84,2026-07-29,1100.0,1100.0,25
UHEWA,2026-07-29,606.9,579.6,8566
SHL,2026-07-29,499.0,500.0,10770
ILBS,2026-07-29,870.1,887.0,78
SPL,2026-07-29,658.7,650.0,5481
JOSHI,2026-07-29,260.1,264.0,7969
SONA,2026-07-29,407.2,407.7,15755
NIL,2026-07-29,622.0,617.5,3576
PBD88,2026-07-29,1182.0,1182.0,25
PCBL,2026-07-29,238.5,241.9,142194
NIMB,2026-07-29,203.0,199.5,129373
TAMOR,2026-07-29,451.0,453.9,24714
NABIL,2026-07-28,560.0,558.0,61497
MSLB,2026-07-28,1212.5,1220.0,140
BGWT,2026-07-28,588.0,590.0,1769
GFCL,2026-07-28,617.0,617.7,3144
DHEL,2026-07-28,605.0,597.1,19944
PBD88,2026-07-28,1193.0,1182.0,125
KMCDB,2026-07-28,761.0,787.0,2495
ALICL,2026-07-28,428.0,434.0,16079
ULBSL,2026-07-28,2721.0,2792.0,720
FMDBL,2026-07-28,765.2,765.2,5837
SMJC,2026-07-28,452.0,460.0,18320
ICFC,2026-07-28,615.0,613.1,3418
SJCL,2026-07-28,276.0,277.0,9773
MBJC,2026-07-28,270.6,273.4,9226
MEL,2026-07-28,220.0,220.0,15115
SIKLES,2026-07-28,558.1,559.1,31137
RSML,2026-07-28,3401.0,3185.0,51466
CHDC,2026-07-28,2287.1,2280.0,20017
NMBD87/88,2026-07-28,1110.0,1110.0,25
GLBSL,2026-07-28,1710.0,1795.0,163
RAWA,2026-07-28,430.0,426.6,21778
SNORL,2026-07-28,893.5,926.0,43061
GBIME,2026-07-28,255.0,259.4,648297
EHPL,2026-07-28,346.1,351.0,10871
IHL,2026-07-28,350.0,354.8,2786
NABILD87,2026-07-28,1150.0,1150.0,24
SLBBL,2026-07-28,818.0,815.0,2542
NLG,2026-07-28,571.7,592.0,5855
WNLB,2026-07-28,1363.0,1352.7,345
ILI,2026-07-28,423.0,419.0,9777
SPL,2026-07-28,665.0,678.9,500
SONA,2026-07-28,410.0,410.0,12499
RADHI,2026-07-28,777.0,744.0,29341
JSLBB,2026-07-28,1001.0,1010.0,440
PURE,2026-07-28,840.1,871.3,11502
HIMSTAR,2026-07-28,749.7,739.0,6080
KDBY,2026-07-28,11.0,11.05,29210
RMF2,2026-07-28,10.0,10.0,1100
MCHL,2026-07-28,280.0,277.1,5429
HPPL,2026-07-28,370.0,381.9,216411
OMPL,2026-07-28,947.0,955.0,3380
GBBL,2026-07-28,400.0,418.0,19611
KKHC,2026-07-28,283.0,284.7,142474
SMHL,2026-07-28,482.2,499.9,125870
MMKJL,2026-07-28,505.0,492.3,3759
TPKHL,2026-07-28,553.0,560.0,46693
NUBL,2026-07-28,633.0,617.0,5909
SABBL,2026-07-28,1055.0,1080.0,41057
LVF2,2026-07-28,9.32,9.35,1400
CIZBD90,2026-07-28,1211.0,1211.0,145
CITY,2026-07-28,372.0,369.0,103345
SGHC,2026-07-28,318.0,318.0,28212
PSF,2026-07-28,11.79,11.85,1700
CGH,2026-07-28,782.0,788.6,19197
CZBIL,2026-07-28,207.0,208.0,50968
SMATA,2026-07-28,742.0,742.0,544
HLICF,2026-07-28,8.35,8.41,500
ECL,2026-07-28,771.1,861.0,700
BHCL,2026-07-28,533.4,499.2,26681
GHL,2026-07-28,229.0,227.3,19202
ACLBSL,2026-07-28,922.0,945.7,1404
SMH,2026-07-28,506.0,511.0,6534
HATHY,2026-07-28,737.0,721.0,5096
SHL,2026-07-28,505.0,500.9,25363
GMFIL,2026-07-28,460.0,471.0,8641
TVCL,2026-07-28,483.2,490.0,3962
API,2026-07-28,335.0,336.5,115848
SHIVM,2026-07-28,642.0,641.0,77097
SCB,2026-07-28,656.0,655.0,5553
NMB50,2026-07-28,10.42,10.35,4450
EBLD85,2026-07-28,1148.0,1123.7,15
SAGAR,2026-07-28,1740.0,1755.0,23845
UPCL,2026-07-28,350.0,349.9,40013
TAMOR,2026-07-28,450.0,456.0,26914
JBBL,2026-07-28,352.0,349.6,28138
SGIC,2026-07-28,470.0,464.2,4839
NBLD87,2026-07-28,1087.1,1088.0,50
MAKAR,2026-07-28,445.0,442.5,24614
ILBS,2026-07-28,865.0,892.0,513
USHEC,2026-07-28,496.0,491.2,6608
NBLD85,2026-07-28,1046.0,1046.0,25
KBSH,2026-07-28,1000.0,960.0,31240
SBCF,2026-07-28,10.0,9.68,20950
NBL,2026-07-28,268.2,271.9,154284
HDL,2026-07-28,1177.9,1167.5,18727
UHEWA,2026-07-28,575.0,578.0,16358
MKCL,2026-07-28,1124.2,1139.0,2878
KHPL,2026-07-28,900.0,944.0,17005
SKHL,2026-07-28,890.1,905.0,5564
AHPC,2026-07-28,271.5,270.0,96286
GMLI,2026-07-28,1170.0,1164.0,1130
NICLBSL,2026-07-28,558.0,560.0,5273
HIDCLP,2026-07-28,192.9,194.0,43675
MANDU,2026-07-28,845.0,839.9,3309
USHL,2026-07-28,567.3,550.0,2929
SIGS3,2026-07-28,10.81,10.6,47650
JHAPA,2026-07-28,1199.2,1135.0,6428
GBIMESY2,2026-07-28,9.3,9.11,10700
SOPL,2026-07-28,901.0,848.0,45383
RBBF40,2026-07-28,9.05,9.0,411785
RIDI,2026-07-28,355.0,372.0,575325
SBLD89,2026-07-28,1270.0,1260.0,100
MHL,2026-07-28,473.0,470.0,9647
KAHL,2026-07-28,575.0,561.3,62096
BARUN,2026-07-28,323.1,324.2,26443
BFC,2026-07-28,513.1,514.0,68754
UMHL,2026-07-28,570.0,585.0,27504
AKPL,2026-07-28,258.2,258.5,31048
VLBS,2026-07-28,670.3,680.0,1138
MHNL,2026-07-28,236.5,242.9,8180
OHL,2026-07-28,689.0,689.0,1913
HLI,2026-07-28,328.0,328.0,22668
SBLD2091,2026-07-28,1080.0,1080.0,350
TTL,2026-07-28,750.0,731.0,10410
GLH,2026-07-28,255.0,253.0,11075
CSY,2026-07-28,9.05,9.25,2350
PRIN,2026-07-28,678.6,679.0,3693
SINDU,2026-07-28,702.0,709.5,7508
YMHL,2026-07-28,645.7,642.0,56073
SFMF,2026-07-28,10.06,10.11,600
EDBL,2026-07-28,573.0,580.0,21771
PPCL,2026-07-28,330.9,348.0,5849
GILB,2026-07-28,1100.0,1109.0,1071
MBL,2026-07-28,273.5,261.0,129578
HURJA,2026-07-28,237.0,234.1,56571
EBL,2026-07-28,726.0,725.0,23527
SBID83,2026-07-28,1055.0,1055.0,100
NFS,2026-07-28,584.0,586.0,18187
JFL,2026-07-28,400.0,400.0,895
FOWAD,2026-07-28,983.0,972.7,1175
LEC,2026-07-28,227.0,227.7,253807
PRSF,2026-07-28,12.75,12.85,43350
SBL,2026-07-28,405.1,412.5,105124
MERO,2026-07-28,686.0,687.7,3344
LICN,2026-07-28,795.0,786.3,10343
HHL,2026-07-28,354.6,340.0,24027
MDB,2026-07-28,595.0,593.0,4409
STC,2026-07-28,5200.0,5200.0,3227
UMRH,2026-07-28,530.0,538.7,3425
MKJC,2026-07-28,469.8,471.9,3503
SANIMA,2026-07-28,370.4,369.5,118951
NIFRA,2026-07-28,252.0,251.5,34669
GIBF1,2026-07-28,10.61,10.68,10900
MLBSL,2026-07-28,1729.9,1727.0,586
SMPDA,2026-07-28,783.0,766.8,1190
BNL,2026-07-28,14700.0,14700.0,10
NADEP,2026-07-28,750.0,747.0,1052
MHCL,2026-07-28,317.0,319.0,10653
SIPD,2026-07-28,715.0,696.0,30875
SPIL,2026-07-28,710.0,718.0,3006
SBI,2026-07-28,435.0,408.1,10946
NYADI,2026-07-28,365.1,361.2,6418
RBCLPO,2026-07-28,11450.0,11450.0,30
RNLI,2026-07-28,444.0,444.0,17410
KSBBL,2026-07-28,489.7,486.0,14418
MBLEF,2026-07-28,9.82,10.0,2800
HBL,2026-07-28,201.9,200.8,45079
MEN,2026-07-28,595.1,597.0,18948
HEI,2026-07-28,540.0,537.0,4498
PCIL,2026-07-28,697.2,655.0,33269
RSDC,2026-07-28,660.0,647.6,1371
DOLTI,2026-07-28,325.0,323.0,22565
ULHC,2026-07-28,350.0,348.0,4785
NBBD2085,2026-07-28,1160.0,1160.0,9501
DDBL,2026-07-28,835.5,842.0,2087
HRL,2026-07-28,601.0,596.0,95625
GSY,2026-07-28,9.8,10.46,12150
NLICL,2026-07-28,584.5,578.0,2003
MABEL,2026-07-28,604.5,606.0,6191
HLBSL,2026-07-28,899.8,887.0,1675
BHPL,2026-07-28,504.1,483.0,5349
SMFBS,2026-07-28,1560.0,1521.0,164
RFPL,2026-07-28,345.0,335.0,15924
RHPL,2026-07-28,251.3,262.0,6650
GCIL,2026-07-28,358.0,360.0,20728
BHDC,2026-07-28,440.0,435.0,4477
DHPL,2026-07-28,294.0,290.0,712
MATRI,2026-07-28,820.3,859.0,237
DORDI,2026-07-28,255.0,259.0,25989
HDHPC,2026-07-28,212.0,215.9,133774
APHL,2026-07-28,809.4,869.0,19141
NABILD2089,2026-07-28,1081.0,1081.0,7850
NRIC,2026-07-28,1016.4,953.0,15784
C30MF,2026-07-28,9.8,10.07,8500
PROFL,2026-07-28,437.0,437.0,8160
CORBL,2026-07-28,1380.0,1377.9,65277
JOSHI,2026-07-28,265.1,263.0,11562
UPPER,2026-07-28,198.9,195.5,56333
EBLD86,2026-07-28,1100.4,1100.0,75
GRDBL,2026-07-28,1050.0,1068.0,5015
TRH,2026-07-28,770.0,780.0,800
BNT,2026-07-28,11600.6,11620.1,59
AKJCL,2026-07-28,355.0,369.0,360028
SWBBL,2026-07-28,668.5,688.0,17148
SPC,2026-07-28,410.5,420.0,3222
KDL,2026-07-28,781.2,790.0,1967
BPCL,2026-07-28,665.0,660.0,9502
GVL,2026-07-28,485.0,487.9,17359
CBBL,2026-07-28,937.0,940.0,12282
HEIP,2026-07-28,347.0,332.0,2781
SKHEL,2026-07-28,999.9,979.3,5199
MEHL,2026-07-28,303.5,309.0,2144
GBLBS,2026-07-28,723.2,752.0,1587
SHEL,2026-07-28,307.9,306.5,110117
SHINE,2026-07-28,414.0,414.5,24040
SALICO,2026-07-28,603.5,601.0,1036
HIDCL,2026-07-28,260.0,260.0,28585
NICSF,2026-07-28,8.8,8.9,22080
NBF3,2026-07-28,9.61,9.71,2400
CHL,2026-07-28,267.0,262.0,11341
SAGF,2026-07-28,10.05,10.05,400
BHL,2026-07-28,211.5,214.8,66542
RSY,2026-07-28,9.91,10.2,77100
AHL,2026-07-28,415.0,420.0,3748
NWCL,2026-07-28,715.0,724.0,1274
BANDIPUR,2026-07-28,730.0,730.0,18696
SIGS2,2026-07-28,10.3,10.5,3000
IGI,2026-07-28,441.0,442.8,6866
KPCL,2026-07-28,470.0,472.9,5611
NLIC,2026-07-28,769.0,755.1,16667
ALBSL,2026-07-28,1060.0,1094.0,1130
NTC,2026-07-28,864.9,861.9,3201
SPHL,2026-07-28,520.1,536.9,18969
NMBMF,2026-07-28,624.0,633.9,910
RHGCL,2026-07-28,270.0,265.7,26229
ANLB,2026-07-28,5600.0,5735.0,3487
NGPL,2026-07-28,411.5,410.0,125424
NHDL,2026-07-28,625.0,639.9,629
MNMF1,2026-07-28,9.55,9.6,5800
SANVI,2026-07-28,600.2,605.3,12008
KBL,2026-07-28,223.2,223.0,413903
NSY,2026-07-28,9.36,9.6,1600
NMBHF2,2026-07-28,9.6,9.61,2300
CLI,2026-07-28,445.5,450.0,4683
NRN,2026-07-28,1499.0,1420.0,77185
SSHL,2026-07-28,207.9,205.0,105583
UNL,2026-07-28,48100.0,47998.0,20
NMFBS,2026-07-28,1130.0,1125.0,1845
LBBL,2026-07-28,498.0,499.9,27651
MLBL,2026-07-28,355.5,356.1,8796
MNBBL,2026-07-28,375.0,372.2,10581
NIMB,2026-07-28,203.0,202.8,98021
RMF1,2026-07-28,9.39,9.68,9190
AVYAN,2026-07-28,1055.0,1042.0,1314
CHCL,2026-07-28,490.5,497.0,39946
SYPNL,2026-07-28,1297.0,1360.0,42583
SAIL,2026-07-28,1045.0,1120.0,81614
NHPC,2026-07-28,283.0,268.0,255472
PRVU,2026-07-28,199.0,198.0,104849
KSY,2026-07-28,9.56,9.95,3700
LUK,2026-07-28,10.3,10.91,64605
PCBL,2026-07-28,243.0,242.0,66306
MSHL,2026-07-28,630.0,616.0,443
ICFCD89,2026-07-28,1086.0,1098.0,170
PMHPL,2026-07-28,323.9,318.0,8237
RLEL,2026-07-28,863.4,905.0,13773
SIFC,2026-07-28,520.0,520.0,7712
SPDL,2026-07-28,402.0,378.0,94930
BEDC,2026-07-28,330.0,325.0,11775
BBC,2026-07-28,4350.0,4300.0,224
H8020,2026-07-28,11.7,11.81,800
CKHL,2026-07-28,602.0,607.7,3742
SRLI,2026-07-28,381.0,382.6,5804
NABBC,2026-07-28,782.0,790.0,4612
SNLI,2026-07-28,436.0,431.7,15476
NMB,2026-07-28,237.9,249.2,33409
NICGF2,2026-07-28,9.05,9.3,1900
BJHL,2026-07-28,725.0,745.0,7654
GMFBS,2026-07-28,1212.5,1212.5,10
NESDO,2026-07-28,1500.0,1500.0,308
UNHPL,2026-07-28,390.0,389.9,11948
UAIL,2026-07-28,445.1,446.0,9356
BUNGAL,2026-07-28,602.5,599.5,43141
NSIF2,2026-07-28,10.63,10.89,10400
ADBL,2026-07-28,320.0,320.5,109926
PHCL,2026-07-28,305.2,302.0,61529
NICA,2026-07-28,340.0,340.0,89521
TPC,2026-07-28,354.0,360.0,15673
LLBS,2026-07-28,911.0,910.0,290
DLBS,2026-07-28,1220.3,1215.0,146
SHLB,2026-07-28,1435.0,1513.9,210
NMBD2085,2026-07-28,1140.0,1174.0,430
GBBD85,2026-07-28,1060.0,1062.1,75
NIL,2026-07-28,625.0,622.0,3171
SGHL,2026-07-28,515.0,535.0,85553
CYCL,2026-07-28,1391.0,1360.0,582
KEF,2026-07-28,10.4,10.54,7000
SAHAS,2026-07-28,662.1,663.9,45440
SOHL,2026-07-28,561.5,606.3,318237
NIBLGF,2026-07-28,9.22,9.22,400
PPL,2026-07-28,322.6,334.9,14416
PMLI,2026-07-28,447.0,444.3,3895
NICFC,2026-07-28,9.2,9.22,1700
SLCF,2026-07-28,9.99,9.97,13050
SCBD,2026-07-28,1100.0,1100.0,6166
VLUCL,2026-07-28,434.1,440.0,1907
JBLB,2026-07-28,1270.0,1267.1,1612
NRM,2026-07-28,314.0,319.0,6260
MKHC,2026-07-28,293.1,291.0,3889
BNHC,2026-07-28,286.7,287.0,16311
LSL,2026-07-28,228.9,227.5,147788
MKHL,2026-07-28,495.1,503.0,7193
EBLD91,2026-07-28,1070.0,1070.0,100
MPFL,2026-07-28,615.0,622.3,11471
SICL,2026-07-28,615.0,614.0,5788
SWMF,2026-07-28,627.2,635.0,2004
SJLIC,2026-07-28,419.0,417.9,7941
HFIN,2026-07-28,719.0,724.1,41783
MMF1,2026-07-28,9.22,9.12,31960
SMB,2026-07-28,1860.0,1835.0,1391
MLBS,2026-07-28,1136.6,1150.0,20
RLFL,2026-07-28,474.0,470.0,19694
ENL,2026-07-28,801.0,805.0,340
SADBL,2026-07-28,417.0,416.1,13423
TSHL,2026-07-28,390.0,382.0,8256
NICL,2026-07-28,520.0,510.9,12231
CREST,2026-07-28,1195.0,1197.9,3362
NIBSF2,2026-07-28,8.8,8.99,10650
NMIC,2026-07-28,940.0,941.5,4519
SHPC,2026-07-28,512.0,511.0,12002
GUFL,2026-07-28,588.0,584.0,66026
USLB,2026-07-28,1182.0,1178.7,117
NIFRAGED,2026-07-28,1026.0,1026.0,25
RBCL,2026-07-28,14575.0,14575.0,10
SFEF,2026-07-28,10.0,10.0,5990
ICFCD88,2026-07-28,1125.0,1140.0,50
NIMBPO,2026-07-28,144.4,142.7,1481
SARBTM,2026-07-28,793.0,791.0,7566
MFIL,2026-07-28,775.0,791.9,79785
NICD83/84,2026-07-28,1025.9,1026.0,600
MLBBL,2026-07-28,1140.0,1150.0,321
NMLBBL,2026-07-28,541.0,532.2,2189
SWASTIK,2026-07-28,2056.0,2080.0,499
SKBBL,2026-07-28,765.0,761.0,4245
UNLB,2026-07-28,1251.0,1269.0,237
SLBSL,2026-07-28,1090.0,1099.9,2210
CFCL,2026-07-28,627.0,654.2,413605
SEF,2026-07-28,10.1,9.79,18274
SAPDBL,2026-07-28,792.5,816.0,28841
RURU,2026-07-28,627.5,620.2,1643
NIBLSTF,2026-07-28,8.7,8.8,1000
CIT,2026-07-28,1720.0,1717.0,2704
PBD88,2026-07-27,1213.0,1193.0,9850
NUBL,2026-07-27,633.0,623.1,5929
SHPC,2026-07-27,515.0,509.0,18199
NIFRA,2026-07-27,256.0,254.0,64540
GLH,2026-07-27,257.1,254.0,24815
MFIL,2026-07-27,770.0,787.0,43541
MERO,2026-07-27,700.0,681.0,6806
PPCL,2026-07-27,353.9,348.0,8157
SNORL,2026-07-27,979.0,910.0,34165
LSL,2026-07-27,218.8,229.7,261979
HDL,2026-07-27,1199.0,1164.8,20739
ADBLB86,2026-07-27,1010.0,1010.0,50
PCIL,2026-07-27,660.0,664.0,44869
SRBLD83,2026-07-27,1024.3,1015.0,581
MBLEF,2026-07-27,9.9,10.1,2700
AHPC,2026-07-27,274.9,271.3,36752
HATHY,2026-07-27,750.0,737.0,10058
HFIN,2026-07-27,757.0,720.0,53676
SALICO,2026-07-27,603.0,599.3,8955
MLBL,2026-07-27,366.8,358.0,45835
IHL,2026-07-27,356.1,358.8,6088
GSY,2026-07-27,9.51,9.87,2100
KDBY,2026-07-27,10.9,11.03,63400
SMH,2026-07-27,517.1,510.0,15979
PHCL,2026-07-27,309.0,305.2,38880
MLBBL,2026-07-27,1168.5,1158.0,443
RLEL,2026-07-27,941.0,890.1,14627
NICD83/84,2026-07-27,1035.0,1029.1,99
HIDCL,2026-07-27,261.3,262.0,55059
PURE,2026-07-27,872.9,855.0,7627
ALBSL,2026-07-27,1051.0,1096.9,3280
MNMF1,2026-07-27,9.52,9.8,3401
MANDU,2026-07-27,858.0,839.0,678
GILB,2026-07-27,1119.9,1096.0,4945
NIMBPO,2026-07-27,149.2,144.4,3405
NCCD86,2026-07-27,1200.0,1200.0,22578
HDHPC,2026-07-27,220.6,214.0,180860
PRIN,2026-07-27,697.0,680.4,4966
SBD89,2026-07-27,1245.4,1250.0,5014
HLICF,2026-07-27,8.49,8.6,2750
NIBLGF,2026-07-27,9.65,9.22,27790
SLBBLP,2026-07-27,443.0,443.0,4314
NMB50,2026-07-27,10.74,10.42,619
APHL,2026-07-27,897.1,852.0,30226
MMF1,2026-07-27,9.19,9.5,4861
NMFBS,2026-07-27,1131.0,1126.0,4027
SAHAS,2026-07-27,664.6,662.1,88971
HPPL,2026-07-27,370.0,379.0,155350
HURJA,2026-07-27,241.3,237.0,71050
H8020,2026-07-27,11.8,11.81,1000
FOWAD,2026-07-27,997.0,955.0,6867
MATRI,2026-07-27,828.0,845.0,529
TPKHL,2026-07-27,570.0,553.0,55680
SGHL,2026-07-27,550.0,520.0,113444
SWMF,2026-07-27,635.0,631.0,1176
NFS,2026-07-27,581.0,585.0,10778
ECL,2026-07-27,670.6,748.7,530
BHDC,2026-07-27,432.0,438.1,6847
SBCF,2026-07-27,9.61,9.95,25450
NLICL,2026-07-27,588.0,581.3,31299
SRLI,2026-07-27,381.0,385.0,23129
SBID89,2026-07-27,1194.2,1194.2,3000
RHPL,2026-07-27,254.0,264.5,10714
GMFBS,2026-07-27,1220.0,1212.3,175
SMATA,2026-07-27,754.0,742.0,2471
NMIC,2026-07-27,961.0,940.0,3903
SLBBL,2026-07-27,822.0,818.0,2196
PROFL,2026-07-27,450.0,437.9,5805
CREST,2026-07-27,1290.3,1200.3,8738
ULBSL,2026-07-27,2742.8,2800.0,1152
UPPER,2026-07-27,200.0,197.0,106500
CYCL,2026-07-27,1345.0,1355.0,629
NIBLSTF,2026-07-27,8.8,8.8,10400
TRH,2026-07-27,785.0,771.0,767
RHGCL,2026-07-27,261.0,268.9,6812
ANLB,2026-07-27,6326.1,5768.0,3018
MKHC,2026-07-27,293.0,294.0,2973
SGHC,2026-07-27,329.0,320.0,39421
GHL,2026-07-27,234.0,231.0,45351
NRM,2026-07-27,324.0,317.0,10749
KBLD89,2026-07-27,1260.0,1250.0,81
SGIC,2026-07-27,475.1,468.2,5283
SPC,2026-07-27,424.0,418.0,3709
TSHL,2026-07-27,401.0,390.0,7554
KBSH,2026-07-27,1053.0,1022.0,17202
NICFC,2026-07-27,9.01,9.46,23850
SWBBL,2026-07-27,675.0,689.0,8391
PRSF,2026-07-27,12.9,12.9,148848
ICFCD89,2026-07-27,1100.0,1097.6,95
FMDBL,2026-07-27,780.2,765.0,7027
CFCL,2026-07-27,624.4,660.0,238752
SAIL,2026-07-27,1163.4,1093.0,76362
RADHI,2026-07-27,720.0,740.0,46649
ICFC,2026-07-27,628.0,613.0,4344
RBBD83,2026-07-27,1037.3,1037.3,3643
CSY,2026-07-27,9.06,9.05,18899
ALICL,2026-07-27,442.0,436.0,17605
SMPDA,2026-07-27,773.0,760.5,1588
JSLBB,2026-07-27,1045.0,1020.0,201
SMHL,2026-07-27,487.0,486.5,85568
UAIL,2026-07-27,460.0,448.5,8247
NICA,2026-07-27,344.0,340.0,138033
MKHL,2026-07-27,493.0,501.0,5754
JBBL,2026-07-27,360.1,348.0,79116
EHPL,2026-07-27,365.0,346.1,9591
NBF2,2026-07-27,10.0,10.2,2400
SAND2085,2026-07-27,1133.0,1150.0,45477
RFPL,2026-07-27,330.0,339.8,35602
CITY,2026-07-27,380.0,372.7,144143
UMHL,2026-07-27,587.5,590.0,37375
KSY,2026-07-27,9.5,9.83,701
NICAD2091,2026-07-27,1033.1,1055.0,300
SBIBD86,2026-07-27,1152.1,1152.1,1100
NBBD2085,2026-07-27,1165.0,1159.0,2503
MKCL,2026-07-27,1152.0,1158.9,1293
KPCL,2026-07-27,482.0,470.1,7212
BANDIPUR,2026-07-27,758.0,730.0,26143
TPC,2026-07-27,364.0,360.0,12855
NIMBD90,2026-07-27,1220.1,1266.2,1544
SLCF,2026-07-27,10.26,9.7,515
SIGS2,2026-07-27,10.1,10.5,1900
LLBS,2026-07-27,915.0,908.0,1360
NHDL,2026-07-27,645.5,639.0,2457
OMPL,2026-07-27,975.0,947.6,7255
SIPD,2026-07-27,725.0,681.0,35961
CHCL,2026-07-27,495.0,496.9,56689
SAPDBL,2026-07-27,845.0,810.0,35966
ACLBSL,2026-07-27,950.0,949.9,295
TVCL,2026-07-27,485.0,483.0,3550
PSF,2026-07-27,12.1,12.1,20935
DDBL,2026-07-27,853.0,844.0,3955
RURU,2026-07-27,649.0,627.5,8550
BEDC,2026-07-27,334.0,325.4,18773
SHINE,2026-07-27,420.9,415.0,23408
WNLB,2026-07-27,1405.0,1361.0,533
NIMB,2026-07-27,194.0,203.0,460463
AKJCL,2026-07-27,379.0,366.2,372666
NLIC,2026-07-27,769.0,758.0,19115
NHPC,2026-07-27,272.0,269.9,315028
SPIL,2026-07-27,704.5,705.0,5332
NBLD85,2026-07-27,1070.9,1070.9,25
DORDI,2026-07-27,260.1,257.0,16665
RSY,2026-07-27,10.05,10.2,13319
HIMSTAR,2026-07-27,748.0,728.0,7989
BARUN,2026-07-27,335.0,325.0,28368
SWASTIK,2026-07-27,2061.5,2098.0,857
NICSF,2026-07-27,8.93,9.0,1200
USHEC,2026-07-27,495.0,496.6,3925
AHL,2026-07-27,416.3,420.0,3400
BPCL,2026-07-27,645.1,665.0,17921
SKBBL,2026-07-27,770.1,765.0,10866
YMHL,2026-07-27,640.1,615.0,39992
SMB,2026-07-27,1915.0,1860.0,1626
PMLI,2026-07-27,442.0,447.4,3915
ADBL,2026-07-27,304.0,322.0,84053
MHL,2026-07-27,480.0,478.0,5142
SJCL,2026-07-27,270.8,276.4,8294
GRDBL,2026-07-27,1033.6,1074.0,6239
KHPL,2026-07-27,960.4,920.0,14408
OHL,2026-07-27,692.0,673.1,571
NSIF2,2026-07-27,10.68,10.8,12000
NLG,2026-07-27,603.0,589.0,8393
ULHC,2026-07-27,365.0,350.0,9670
MLBS,2026-07-27,1162.1,1162.0,525
HLBSL,2026-07-27,900.9,883.6,817
NICL,2026-07-27,521.0,513.0,7762
SICL,2026-07-27,635.0,618.0,6926
MKJC,2026-07-27,500.0,472.0,8224
UMRH,2026-07-27,537.0,536.0,6670
STC,2026-07-27,5210.0,5200.0,1345
HRL,2026-07-27,635.0,603.9,168162
GLBSL,2026-07-27,1710.0,1800.0,246
SADBL,2026-07-27,422.1,417.6,29119
NWCL,2026-07-27,721.1,724.0,5747
NICBF,2026-07-27,9.07,9.34,400
GUFL,2026-07-27,566.9,578.5,157711
HLI,2026-07-27,330.0,329.5,31849
MEHL,2026-07-27,315.1,312.0,4601
MSHL,2026-07-27,630.0,630.0,523
SHIVM,2026-07-27,655.0,643.5,88207
GCIL,2026-07-27,361.3,359.0,12425
ILBS,2026-07-27,860.0,883.9,2658
HEIP,2026-07-27,337.8,342.0,491
GBIME,2026-07-27,238.0,255.0,1089231
NADEP,2026-07-27,737.0,744.8,410
NICGF2,2026-07-27,9.55,9.27,5100
UNHPL,2026-07-27,400.0,392.0,22386
NMBMF,2026-07-27,625.0,636.0,747
SCB,2026-07-27,618.5,654.0,17457
SANVI,2026-07-27,635.0,616.0,11695
CLI,2026-07-27,450.3,453.0,29516
CBBL,2026-07-27,932.0,937.0,21752
BHL,2026-07-27,213.0,214.0,63844
BFC,2026-07-27,506.4,516.0,99008
MMKJL,2026-07-27,485.0,495.0,22732
JBLB,2026-07-27,1265.0,1280.0,2801
SHLB,2026-07-27,1467.7,1470.0,52
NBL,2026-07-27,258.4,270.0,107737
LVF2,2026-07-27,9.56,9.6,600
SBLD2091,2026-07-27,1082.9,1085.0,130
SBLD84,2026-07-27,1031.1,1031.1,25
SBLD89,2026-07-27,1270.0,1271.0,9726
GBILD84/85,2026-07-27,1133.4,1133.4,9485
GMLI,2026-07-27,1187.0,1175.0,853
LBBL,2026-07-27,510.0,502.9,57304
EBLD86,2026-07-27,1100.4,1100.4,300
RIDI,2026-07-27,355.0,366.0,598395
NTC,2026-07-27,864.1,862.0,8580
SIKLES,2026-07-27,565.0,563.9,8682
ENL,2026-07-27,845.0,824.0,309
API,2026-07-27,342.0,336.0,189693
SNLI,2026-07-27,433.0,437.0,7308
BOKD86KA,2026-07-27,1145.0,1145.4,4703
GMFIL,2026-07-27,482.0,469.9,30013
GFCL,2026-07-27,630.0,618.0,10108
KKHC,2026-07-27,282.3,283.0,297497
GBLBS,2026-07-27,750.0,761.2,2341
IGI,2026-07-27,455.0,443.0,6780
MCHL,2026-07-27,290.0,280.0,6107
GBBL,2026-07-27,405.0,419.0,68856
SIFC,2026-07-27,521.0,520.0,9051
BHCL,2026-07-27,520.0,508.0,36428
USLB,2026-07-27,1181.0,1170.0,1859
SFMF,2026-07-27,10.06,10.05,7500
HHL,2026-07-27,350.0,344.3,23699
GIBF1,2026-07-27,10.6,10.7,1900
USHL,2026-07-27,550.0,540.3,1440
MEN,2026-07-27,597.1,597.4,44849
SMJC,2026-07-27,473.9,458.9,33299
AKPL,2026-07-27,268.0,259.8,64949
SFEF,2026-07-27,10.16,10.16,12200
PMHPL,2026-07-27,320.0,327.0,6100
ADBLD83,2026-07-27,1034.3,1034.3,30
DOLTI,2026-07-27,335.0,325.0,24263
PCBL,2026-07-27,230.9,243.0,107176
SKHL,2026-07-27,907.1,915.0,10125
MLBSL,2026-07-27,1715.0,1735.0,568
CIT,2026-07-27,1734.0,1721.0,4295
SHINED,2026-07-27,1144.0,1079.1,101
SSHL,2026-07-27,212.0,205.0,83463
MDB,2026-07-27,601.0,595.0,6678
UNLB,2026-07-27,1265.1,1270.0,819
BJHL,2026-07-27,770.4,746.0,20654
SPHL,2026-07-27,533.0,535.0,4940
BGWT,2026-07-27,587.0,588.0,1440
CCBD88,2026-07-27,1326.0,1215.4,5001
NICLBSL,2026-07-27,560.0,562.0,9570
NIFRAGED,2026-07-27,1034.0,1034.0,50
ICFCD88,2026-07-27,1125.0,1125.0,25
AVYAN,2026-07-27,1061.0,1059.0,2659
SINDU,2026-07-27,754.9,710.0,20353
RBBF40,2026-07-27,9.07,9.29,49048
JFL,2026-07-27,404.0,400.0,5971
NMB,2026-07-27,235.0,250.2,178915
RMF2,2026-07-27,10.16,10.12,3350
NMBD89/90,2026-07-27,1328.9,1260.0,18315
SYPNL,2026-07-27,1352.8,1365.0,61654
SOHL,2026-07-27,600.0,591.0,94026
NABILD2089,2026-07-27,1080.0,1080.0,550
SANIMA,2026-07-27,390.6,373.0,225720
KEF,2026-07-27,10.4,10.68,8200
BNT,2026-07-27,11878.0,11652.0,80
NYADI,2026-07-27,368.0,368.0,3919
BHPL,2026-07-27,465.0,480.1,5423
HBL,2026-07-27,206.0,201.9,92763
NGPL,2026-07-27,416.1,413.0,140559
C30MF,2026-07-27,9.69,9.7,300
RBCL,2026-07-27,14600.0,14739.0,70
DHPL,2026-07-27,300.0,296.9,5135
SPDL,2026-07-27,396.5,383.0,44293
UHEWA,2026-07-27,580.0,582.1,18659
NIBD84,2026-07-27,1063.3,1063.3,30
MBL,2026-07-27,259.0,260.5,289999
NBF3,2026-07-27,9.7,9.9,9860
PPL,2026-07-27,328.9,339.5,19381
BUNGAL,2026-07-27,634.9,603.0,38521
PBLD84,2026-07-27,1147.9,1119.9,5
SJLIC,2026-07-27,421.5,419.0,13067
KAHL,2026-07-27,601.2,552.0,71399
SBL,2026-07-27,410.0,409.0,122070
NMBD87/88,2026-07-27,1174.7,1110.0,42279
BBC,2026-07-27,4349.0,4265.0,102
LBLD86,2026-07-27,1229.0,1200.0,5
EBLD85,2026-07-27,1121.9,1148.0,2525
ILI,2026-07-27,422.0,420.4,7541
RSDC,2026-07-27,668.0,642.0,6409
VLBS,2026-07-27,686.0,686.0,3398
SHL,2026-07-27,502.0,502.0,25899
MSLB,2026-07-27,1207.1,1212.5,652
SARBTM,2026-07-27,794.1,793.0,8689
TTL,2026-07-27,765.0,746.0,13884
SMFBS,2026-07-27,1545.1,1560.0,1085
CZBIL,2026-07-27,199.0,208.0,164940
NABIL,2026-07-27,553.0,560.0,155380
MAKAR,2026-07-27,460.0,445.0,53156
NABBC,2026-07-27,800.0,782.0,17891
GBBD85,2026-07-27,1070.0,1070.0,25
KDL,2026-07-27,793.0,796.2,527
LEC,2026-07-27,225.0,225.0,379290
HEI,2026-07-27,545.0,542.0,9478
SHEL,2026-07-27,310.0,305.0,73957
MNBBL,2026-07-27,365.0,375.0,25680
RNLI,2026-07-27,451.1,445.0,64248
SEF,2026-07-27,10.4,10.4,200
DHEL,2026-07-27,626.0,605.0,32479
NESDO,2026-07-27,1490.0,1505.0,552
CHDC,2026-07-27,2267.0,2300.0,51266
MABEL,2026-07-27,638.0,615.0,9624
SOPL,2026-07-27,893.0,858.9,79971
JHAPA,2026-07-27,1201.1,1157.0,13356
HIDCLP,2026-07-27,195.0,194.0,133068
VLUCL,2026-07-27,470.0,446.0,1857
NRN,2026-07-27,1435.0,1436.0,96305
DLBS,2026-07-27,1210.0,1258.0,4370
SKHEL,2026-07-27,1075.0,999.9,4178
NIFRAUR85/86,2026-07-27,1033.2,1033.2,25
BNHC,2026-07-27,305.9,289.9,20853
EBL,2026-07-27,732.9,726.0,58133
MHNL,2026-07-27,240.8,243.8,8338
TAMOR,2026-07-27,451.0,451.0,43431
SONA,2026-07-27,419.5,413.6,19252
NSY,2026-07-27,9.33,9.36,3200
SBI,2026-07-27,410.0,415.0,58278
RLFL,2026-07-27,484.0,469.0,52582
SPL,2026-07-27,665.0,665.0,4535
NBLD87,2026-07-27,1225.0,1120.0,9781
NMLBBL,2026-07-27,545.0,543.8,8804
PRVU,2026-07-27,200.0,198.0,274515
RAWA,2026-07-27,440.0,434.0,30785
CHL,2026-07-27,283.0,267.0,11615
LUK,2026-07-27,9.76,10.0,9600
KBL,2026-07-27,228.2,223.2,752797
CORBL,2026-07-27,1471.6,1399.9,69345
CGH,2026-07-27,785.0,782.0,63570
SAGF,2026-07-27,10.06,10.06,300
MHCL,2026-07-27,325.0,326.0,3106
RSML,2026-07-27,3320.0,3240.0,102801
NRIC,2026-07-27,986.0,968.0,39329
RMF1,2026-07-27,9.99,9.68,1950
LICN,2026-07-27,814.9,795.0,7761
SABBL,2026-07-27,1160.0,1065.0,50654
UPCL,2026-07-27,357.0,351.0,30144
SLBSL,2026-07-27,1103.0,1105.0,1920
MPFL,2026-07-27,610.0,624.7,22404
EDBL,2026-07-27,581.0,575.5,12084
MEL,2026-07-27,220.0,221.2,5825
SAGAR,2026-07-27,1750.0,1743.0,15108
NIL,2026-07-27,625.0,625.1,12368
MBJC,2026-07-27,276.0,273.1,13360
NMBHF2,2026-07-27,9.81,9.77,126205
NIBSF2,2026-07-27,9.1,8.87,4820
JOSHI,2026-07-27,276.9,267.0,9360
SIGS3,2026-07-27,10.36,10.5,600
EBLD91,2026-07-27,1058.0,1062.1,100
GVL,2026-07-27,482.4,485.0,11292
RBCLPO,2026-07-27,11670.2,11378.0,100
KSBBL,2026-07-27,489.0,485.1,13245
CKHL,2026-07-27,588.0,614.7,2395
KMCDB,2026-07-27,800.0,780.0,3094
GBIMESY2,2026-07-27,9.4,9.3,2200
SOPL,2026-07-24,905.0,893.0,93889
NICSF,2026-07-24,9.2,9.2,11980
LSL,2026-07-24,227.0,230.3,227090
NIBD84,2026-07-24,1066.1,1050.0,85
KEF,2026-07-24,10.25,10.69,24400
GCIL,2026-07-24,345.8,364.0,17122
SBI,2026-07-24,409.4,413.5,68167
SMFBS,2026-07-24,1535.0,1554.0,3316
SLBSL,2026-07-24,1082.0,1126.0,5231
CITY,2026-07-24,389.0,387.0,117929
MERO,2026-07-24,738.9,694.0,25005
SMATA,2026-07-24,741.0,754.0,2237
NBL,2026-07-24,271.0,272.0,72549
PRVU,2026-07-24,197.9,199.9,361992
RBBF40,2026-07-24,8.95,9.32,11700
CZBIL,2026-07-24,206.0,209.4,135021
PRSF,2026-07-24,13.17,12.77,1300
BANDIPUR,2026-07-24,759.0,763.0,59743
GRDBL,2026-07-24,1130.0,1088.0,14563
UAIL,2026-07-24,460.0,458.0,14460
GBILD84/85,2026-07-24,1145.0,1145.0,25
HFIN,2026-07-24,760.0,779.0,88069
RHPL,2026-07-24,263.2,267.0,11576
SONA,2026-07-24,422.0,419.9,18074
NHDL,2026-07-24,646.0,650.0,2976
NRM,2026-07-24,330.0,328.4,12102
NSY,2026-07-24,9.23,9.33,9600
MND84/85,2026-07-24,1070.0,1075.0,100
SMJC,2026-07-24,448.5,470.0,99658
PROFL,2026-07-24,441.0,444.0,8738
SAPDBL,2026-07-24,752.0,806.0,41139
BOKD86KA,2026-07-24,1133.0,1145.0,564
FMDBL,2026-07-24,780.0,780.0,5442
JBBD87,2026-07-24,1121.0,1121.0,25
KSBBL,2026-07-24,485.0,488.6,17265
SJLIC,2026-07-24,420.0,427.9,13468
AKJCL,2026-07-24,405.8,379.0,515226
CIT,2026-07-24,1724.0,1734.0,4293
MBJC,2026-07-24,273.2,276.1,8647
MKCL,2026-07-24,1150.0,1180.0,5080
CBBL,2026-07-24,932.0,938.0,7273
RADHI,2026-07-24,721.0,755.0,114801
SOHL,2026-07-24,627.0,605.0,135996
NMFBS,2026-07-24,1117.5,1131.0,1642
SBLD84,2026-07-24,1058.0,1058.0,75
CREST,2026-07-24,1195.0,1228.9,13501
SWASTIK,2026-07-24,2145.0,2098.0,845
SIPD,2026-07-24,750.0,727.0,51208
NRIC,2026-07-24,990.0,986.0,61419
JSLBB,2026-07-24,1026.7,1039.0,684
GBLBS,2026-07-24,756.0,761.0,3251
NESDO,2026-07-24,1516.0,1520.0,333
SMHL,2026-07-24,495.0,490.0,38221
NRN,2026-07-24,1413.0,1463.0,183860
BHDC,2026-07-24,440.0,445.2,4356
SPIL,2026-07-24,703.0,710.0,2443
SPL,2026-07-24,678.0,675.0,1481
BEDC,2026-07-24,313.5,334.0,32031
ICFC,2026-07-24,611.1,628.0,9051
NIL,2026-07-24,627.0,630.0,4967
ACLBSL,2026-07-24,967.0,945.0,670
TAMOR,2026-07-24,451.0,452.6,27528
GBILD86/87,2026-07-24,1202.0,1128.0,10003
API,2026-07-24,325.4,344.0,242798
SRLI,2026-07-24,385.0,386.0,10494
HLICF,2026-07-24,8.66,8.75,7601
NBLD85,2026-07-24,1071.0,1040.0,80
NIBSF2,2026-07-24,8.7,8.85,13030
JFL,2026-07-24,400.1,404.0,4548
HIMSTAR,2026-07-24,775.0,770.0,11420
PURE,2026-07-24,899.0,898.0,13573
MLBBL,2026-07-24,1131.2,1150.0,1507
SPHL,2026-07-24,538.3,544.0,7475
NADEP,2026-07-24,760.0,738.0,288
SAGF,2026-07-24,10.05,10.1,1250
SAIL,2026-07-24,1100.0,1108.0,91423
MCHL,2026-07-24,297.9,285.0,9930
SLBBL,2026-07-24,788.0,823.0,3942
MLBS,2026-07-24,1172.1,1193.0,506
DHPL,2026-07-24,290.0,300.0,5641
GHL,2026-07-24,244.1,234.0,40896
SHEL,2026-07-24,310.0,309.7,38004
ILI,2026-07-24,421.1,425.0,4515
MKJC,2026-07-24,471.0,487.0,12860
SGHC,2026-07-24,326.0,325.0,46724
H8020,2026-07-24,12.0,12.0,1530
BGWT,2026-07-24,610.0,600.1,5088
HIDCLP,2026-07-24,197.9,195.9,85315
SIGS2,2026-07-24,10.15,10.2,4100
MSLB,2026-07-24,1215.0,1244.0,354
HIDCL,2026-07-24,262.0,263.7,70195
NMIC,2026-07-24,970.0,984.0,5608
ULBSL,2026-07-24,2730.0,2760.0,484
SHIVM,2026-07-24,638.0,655.0,64040
RFPL,2026-07-24,350.0,345.9,18660
SCBD,2026-07-24,1101.0,1101.0,500
PBD84,2026-07-24,1100.0,1100.0,120
MMF1,2026-07-24,9.4,9.47,45580
BJHL,2026-07-24,780.5,793.0,28911
SHINE,2026-07-24,420.0,417.5,23905
MLBSL,2026-07-24,1740.0,1739.9,126
PPCL,2026-07-24,358.0,352.5,19158
JBBL,2026-07-24,354.0,364.1,96275
NLICL,2026-07-24,583.0,588.0,76294
UPPER,2026-07-24,200.0,200.2,85269
LBLD88,2026-07-24,1094.0,1094.0,15
RBCL,2026-07-24,14510.0,14600.2,100
PMLI,2026-07-24,452.0,454.0,7466
MABEL,2026-07-24,632.5,637.0,25642
VLUCL,2026-07-24,458.0,452.0,1250
NICL,2026-07-24,525.0,520.0,14533
TSHL,2026-07-24,385.0,400.0,23022
GUFL,2026-07-24,559.0,557.0,5322
CHCL,2026-07-24,494.0,494.2,35710
SLBBLP,2026-07-24,443.0,443.0,20000
MHNL,2026-07-24,240.0,241.5,9321
RBCLPO,2026-07-24,11710.0,11710.0,40
TPC,2026-07-24,370.0,369.5,9455
SKHEL,2026-07-24,1007.0,1077.9,8890
NICLBSL,2026-07-24,552.0,568.0,9403
OHL,2026-07-24,689.0,692.0,1236
NMBMF,2026-07-24,622.0,640.0,4969
STC,2026-07-24,5102.0,5175.0,1310
BHCL,2026-07-24,495.0,523.9,59608
C30MF,2026-07-24,9.92,9.96,600
NIMB,2026-07-24,198.0,204.2,461662
SFMF,2026-07-24,10.3,10.03,700
MPFL,2026-07-24,610.0,626.9,11805
SYPNL,2026-07-24,1360.0,1424.0,75872
HPPL,2026-07-24,370.0,380.0,127177
RMF1,2026-07-24,9.62,9.7,260327
USHL,2026-07-24,565.0,559.0,2854
RBBD83,2026-07-24,1037.0,1037.0,1371
RLEL,2026-07-24,930.0,970.0,28028
SAND2085,2026-07-24,1207.7,1100.0,25050
BHL,2026-07-24,225.9,217.0,92366
RNLI,2026-07-24,451.1,455.0,10240
NIMBD90,2026-07-24,1220.1,1220.1,25
SANIMA,2026-07-24,366.0,372.0,100183
MKHL,2026-07-24,498.3,507.0,3735
SABBL,2026-07-24,1063.1,1160.0,46161
BARUN,2026-07-24,318.3,334.0,24615
WNLB,2026-07-24,1398.0,1374.0,357
OMPL,2026-07-24,996.0,996.0,6488
NUBL,2026-07-24,623.0,640.6,8629
NABILD2089,2026-07-24,1056.0,1078.0,82
HATHY,2026-07-24,759.0,755.0,11987
KPCL,2026-07-24,475.0,482.0,4122
CLI,2026-07-24,443.3,454.0,11247
HEIP,2026-07-24,335.0,328.0,500
SHLB,2026-07-24,1453.2,1513.0,169
MEN,2026-07-24,595.0,597.0,43290
PCIL,2026-07-24,700.0,692.0,106254
SHL,2026-07-24,504.9,503.0,15100
SANVI,2026-07-24,665.7,643.0,34711
ENL,2026-07-24,855.0,849.0,240
GMFBS,2026-07-24,1220.2,1246.0,429
NIBLSTF,2026-07-24,8.85,8.8,3286
SPDL,2026-07-24,392.0,389.0,91184
RSY,2026-07-24,10.35,10.35,5150
ICFCD89,2026-07-24,1100.0,1101.0,99
SCB,2026-07-24,655.09,651.0,17211
BNL,2026-07-24,14744.0,14744.0,10
SICL,2026-07-24,639.8,633.7,3100
HURJA,2026-07-24,245.0,241.0,51790
HDHPC,2026-07-24,217.0,218.6,145917
KHPL,2026-07-24,990.0,990.0,31107
AHPC,2026-07-24,279.0,275.0,46828
TVCL,2026-07-24,486.0,485.0,8980
CHL,2026-07-24,266.2,270.0,10651
PCBL,2026-07-24,239.0,243.0,92403
KKHC,2026-07-24,266.5,282.3,368499
UNLB,2026-07-24,1300.0,1279.0,712
KDBY,2026-07-24,11.0,11.0,8100
NMLBBL,2026-07-24,550.9,545.9,3140
NIFRA,2026-07-24,251.5,255.0,80303
RURU,2026-07-24,633.0,631.0,4884
BPCL,2026-07-24,660.2,665.0,34471
AHL,2026-07-24,434.0,428.0,3436
PSF,2026-07-24,11.65,12.1,27964
RAWA,2026-07-24,464.0,445.0,35112
SRBLD83,2026-07-24,1024.2,1024.2,6400
EBLD85,2026-07-24,1130.0,1130.0,15
NWCL,2026-07-24,705.8,739.9,3403
GBBL,2026-07-24,416.6,426.0,64896
SWBBL,2026-07-24,658.4,693.0,13156
GBIMESY2,2026-07-24,9.45,9.33,4700
RIDI,2026-07-24,360.0,370.0,824107
EBL,2026-07-24,725.0,724.0,84744
DORDI,2026-07-24,264.1,263.1,14614
IGI,2026-07-24,448.1,449.8,8830
LLBS,2026-07-24,920.0,935.0,235
PHCL,2026-07-24,310.1,309.0,121022
NBBD2085,2026-07-24,1100.0,1133.0,1
NICGF2,2026-07-24,9.28,9.38,12300
LVF2,2026-07-24,9.66,9.66,400
MMKJL,2026-07-24,475.0,496.0,6845
APHL,2026-07-24,930.0,905.0,35842
KBSH,2026-07-24,993.3,1050.0,148511
NGPL,2026-07-24,420.0,420.0,135494
MHCL,2026-07-24,323.0,330.0,5058
SADBL,2026-07-24,424.0,426.3,48901
SNLI,2026-07-24,438.1,441.0,5147
SBCF,2026-07-24,10.0,9.61,11100
RBBD2088,2026-07-24,1059.0,1075.0,535
GLH,2026-07-24,255.1,259.0,26654
RSDC,2026-07-24,641.3,670.1,4871
PMHPL,2026-07-24,328.0,324.0,4451
BFC,2026-07-24,533.0,533.0,74820
NMB50,2026-07-24,10.3,10.6,918
SAHAS,2026-07-24,661.0,662.3,46493
ALICL,2026-07-24,441.0,441.9,9351
SBID89,2026-07-24,1176.2,1185.0,246
SBL,2026-07-24,402.0,410.0,123839
NICA,2026-07-24,334.2,344.2,91081
SPC,2026-07-24,430.0,426.0,5197
IHL,2026-07-24,365.0,362.5,13063
NICBF,2026-07-24,9.12,9.12,100
ECL,2026-07-24,571.8,651.1,250
PPL,2026-07-24,335.0,339.0,17291
NMB,2026-07-24,241.8,247.1,60861
MNMF1,2026-07-24,9.8,9.7,172054
SMB,2026-07-24,1850.0,1915.0,4959
GVL,2026-07-24,482.0,485.0,15952
MSHL,2026-07-24,596.0,632.0,682
USLB,2026-07-24,1209.0,1181.0,3770
GRDBLP,2026-07-24,570.0,570.0,1998
SWMF,2026-07-24,625.1,642.0,4913
PBLD86,2026-07-24,1425.9,1425.9,20
NIBLGF,2026-07-24,8.99,9.22,800
BNHC,2026-07-24,297.0,297.0,25926
SALICO,2026-07-24,601.0,609.6,7035
SMPDA,2026-07-24,785.0,794.0,971
CKHL,2026-07-24,603.4,618.0,3274
ALBSL,2026-07-24,1045.0,1087.0,3859
ADBL,2026-07-24,317.0,320.0,113909
MFIL,2026-07-24,777.0,795.9,27905
SIGS3,2026-07-24,10.42,10.5,25177
UMHL,2026-07-24,570.0,594.8,86235
SMH,2026-07-24,511.1,517.1,31697
JBLB,2026-07-24,1255.0,1283.0,3348
BHPL,2026-07-24,490.0,486.6,5700
VLBS,2026-07-24,672.0,706.0,5121
MATRI,2026-07-24,886.0,843.0,1407
NSIF2,2026-07-24,10.67,10.68,200
MAKAR,2026-07-24,427.5,450.0,56320
MANDU,2026-07-24,816.2,857.9,5451
GIBF1,2026-07-24,10.41,10.55,3000
SGHL,2026-07-24,550.0,552.0,105483
GILB,2026-07-24,1090.1,1120.0,2229
HHL,2026-07-24,346.3,349.0,22309
PRIN,2026-07-24,697.0,695.0,8742
TTL,2026-07-24,756.0,773.0,28478
SINDU,2026-07-24,683.1,719.0,12801
LUK,2026-07-24,10.36,9.76,750
MDB,2026-07-24,612.0,602.0,29104
NABBC,2026-07-24,793.0,786.0,8899
SARBTM,2026-07-24,795.0,805.0,4017
MKHC,2026-07-24,297.1,297.2,7089
NIMBPO,2026-07-24,145.0,145.1,9857
RSML,2026-07-24,3471.0,3494.0,43204
SIKLES,2026-07-24,559.0,572.0,5993
MLBL,2026-07-24,365.0,364.0,29485
KDL,2026-07-24,791.0,813.9,1944
NTC,2026-07-24,875.0,864.0,7547
UHEWA,2026-07-24,598.0,592.0,48519
SKBBL,2026-07-24,755.1,766.0,9366
UPCL,2026-07-24,355.1,357.0,43678
HDL,2026-07-24,1180.0,1166.0,24277
MHL,2026-07-24,489.0,485.0,6501
EDBL,2026-07-24,586.9,581.5,13509
KMCDB,2026-07-24,800.0,806.0,1517
TPKHL,2026-07-24,581.0,574.0,57766
JHAPA,2026-07-24,1140.0,1211.1,22390
HLI,2026-07-24,330.2,333.5,25210
MBLEF,2026-07-24,10.02,10.2,1500
NHPC,2026-07-24,298.0,280.4,320535
PBLD87,2026-07-24,1119.6,1134.9,3151
RLFL,2026-07-24,500.0,471.0,46706
UMRH,2026-07-24,534.0,540.1,6744
SIFC,2026-07-24,530.0,529.0,6762
RMF2,2026-07-24,9.9,10.12,450
LICN,2026-07-24,800.1,804.0,9884
EBLD86,2026-07-24,1105.0,1105.0,57
CHDC,2026-07-24,2180.0,2254.0,34043
GMFIL,2026-07-24,479.9,473.0,14104
SKHL,2026-07-24,944.0,935.0,28833
MEL,2026-07-24,220.0,220.0,27150
CORBL,2026-07-24,1380.0,1549.0,124853
DDBL,2026-07-24,840.0,854.0,4706
CYCL,2026-07-24,1370.0,1376.0,1100
GFCL,2026-07-24,630.0,630.4,6717
CFCL,2026-07-24,627.0,657.2,182999
DOLTI,2026-07-24,312.7,331.9,18589
EHPL,2026-07-24,360.9,358.9,19434
NMBD2085,2026-07-24,1174.68,1174.68,25
SNORL,2026-07-24,989.0,979.0,41940
SEF,2026-07-24,10.35,10.11,5870
AVYAN,2026-07-24,1060.2,1089.0,8162
AKPL,2026-07-24,268.5,265.7,58703
ULHC,2026-07-24,367.0,359.5,7061
SFEF,2026-07-24,10.0,9.95,700
YMHL,2026-07-24,693.0,655.0,40127
GMLI,2026-07-24,1159.2,1186.5,4148
MEHL,2026-07-24,313.0,315.0,2623
NABIL,2026-07-24,550.0,553.1,91376
RHGCL,2026-07-24,265.1,273.7,18625
HRL,2026-07-24,641.0,629.0,98378
SJCL,2026-07-24,281.0,285.0,5913
GLBSL,2026-07-24,1793.0,1800.0,728
HLBSL,2026-07-24,905.0,900.9,3413
NBF2,2026-07-24,10.02,10.02,200
NFS,2026-07-24,585.0,582.0,13295
BUNGAL,2026-07-24,635.0,634.9,59530
NICFC,2026-07-24,9.1,9.2,10500
LBBL,2026-07-24,497.0,510.0,137489
GBIME,2026-07-24,247.9,249.5,177663
GSY,2026-07-24,9.93,9.42,6520
USHEC,2026-07-24,493.0,495.5,1594
TRH,2026-07-24,785.0,785.0,270
SSHL,2026-07-24,221.1,209.5,92395
CSY,2026-07-24,8.93,9.06,17602
SAGAR,2026-07-24,1800.0,1792.0,24706
NLG,2026-07-24,608.8,603.9,10772
UNHPL,2026-07-24,402.8,397.0,25227
JOSHI,2026-07-24,274.0,270.0,10071
HEI,2026-07-24,530.3,544.0,7482
ANLB,2026-07-24,5550.0,6659.0,3788
HBL,2026-07-24,192.7,206.0,144301
NMBHF2,2026-07-24,9.58,9.77,1973
CGH,2026-07-24,793.0,787.0,7873
DLBS,2026-07-24,1248.8,1220.1,150
GBBD85,2026-07-24,1066.0,1085.0,83
KAHL,2026-07-24,583.0,601.2,88604
BBC,2026-07-24,4310.0,4375.0,126
DHEL,2026-07-24,600.0,626.0,74284
NYADI,2026-07-24,397.9,371.0,8257
LEC,2026-07-24,224.9,224.0,140458
NABILD87,2026-07-24,1135.0,1135.0,25
MNBBL,2026-07-24,379.0,377.0,25623
SGIC,2026-07-24,478.0,478.0,8890
NBF3,2026-07-24,9.95,9.97,6600
MBL,2026-07-24,250.8,259.9,90145
KSY,2026-07-24,9.48,9.55,1200
SLCF,2026-07-24,10.0,10.2,3242
FOWAD,2026-07-24,1010.0,997.0,787
SHPC,2026-07-24,520.0,518.6,38788
ILBS,2026-07-24,850.0,884.0,1485
SBD87,2026-07-24,1122.0,1120.0,1026
KBL,2026-07-24,224.0,228.2,1129916
ADBLD83,2026-07-24,1034.0,1034.3,26406
NLIC,2026-07-24,766.8,769.0,32030
BNT,2026-07-24,11532.2,11532.2,19
EBL,2026-07-23,753.0,719.0,21235
SKBBL,2026-07-23,762.0,767.0,6698
GHL,2026-07-23,228.0,232.5,27581
BNT,2026-07-23,11578.1,11578.1,25
RSY,2026-07-23,10.03,10.35,1700
MBL,2026-07-23,242.0,255.0,70137
SMH,2026-07-23,515.0,514.9,22173
APHL,2026-07-23,837.0,930.0,64326
C30MF,2026-07-23,10.0,10.22,200
SHPC,2026-07-23,538.0,515.9,42994
MEL,2026-07-23,218.0,220.0,22908
CLI,2026-07-23,442.2,455.0,10896
SAGF,2026-07-23,10.05,10.2,2440
DORDI,2026-07-23,259.0,263.0,21010
NMIC,2026-07-23,950.0,970.0,2693
GMFBS,2026-07-23,1251.7,1246.0,145
CGH,2026-07-23,785.0,792.0,19050
RLEL,2026-07-23,867.1,940.0,19571
LSLPO,2026-07-23,123.0,123.0,8201
USLB,2026-07-23,1210.1,1200.0,673
BARUN,2026-07-23,331.0,335.0,27519
HLBSL,2026-07-23,899.9,903.0,1375
ECL,2026-07-23,507.1,566.2,120
SFMF,2026-07-23,10.5,10.5,11786
BPCL,2026-07-23,705.3,670.9,19529
NADEP,2026-07-23,747.0,760.0,386
BGWT,2026-07-23,609.0,610.0,1013
RSDC,2026-07-23,676.0,675.0,1340
NBF2,2026-07-23,10.08,10.31,4000
CZBIL,2026-07-23,193.0,204.5,17761
SNORL,2026-07-23,851.0,995.0,44496
KAHL,2026-07-23,550.0,583.0,75792
MEHL,2026-07-23,315.0,313.3,1520
KBLD89,2026-07-23,1260.0,1260.0,76
AVYAN,2026-07-23,1083.0,1079.0,2060
CFCL,2026-07-23,610.0,649.9,110432
RHGCL,2026-07-23,266.2,270.0,40902
CIT,2026-07-23,1739.9,1724.8,2666
NIBSF2,2026-07-23,8.57,8.89,2826
HLICF,2026-07-23,8.69,8.92,2320
NWCL,2026-07-23,721.9,742.9,1960
CHCL,2026-07-23,485.1,494.0,31454
KDL,2026-07-23,820.0,813.0,286
HDHPC,2026-07-23,218.1,220.8,123561
CKHL,2026-07-23,622.9,622.0,318
GBIMESY2,2026-07-23,9.3,9.5,500
LICN,2026-07-23,844.0,803.9,6839
SPIL,2026-07-23,715.0,710.0,533
HRL,2026-07-23,636.2,641.0,90968
MBLEF,2026-07-23,10.01,10.2,2000
CITY,2026-07-23,390.0,389.0,98452
ICFCD89,2026-07-23,1106.0,1120.0,385
HLI,2026-07-23,330.0,334.8,27177
YMHL,2026-07-23,620.3,660.0,42420
NIMB,2026-07-23,190.0,198.4,69542
ICFC,2026-07-23,611.5,620.0,5166
MKCL,2026-07-23,1160.0,1141.0,1005
SIFC,2026-07-23,520.0,533.0,7222
CHL,2026-07-23,268.1,266.1,14726
JBBL,2026-07-23,354.0,359.0,28328
SJLIC,2026-07-23,416.0,424.9,12230
GUFL,2026-07-23,575.0,564.0,10684
DLBS,2026-07-23,1264.0,1214.0,311
NMB,2026-07-23,232.0,243.1,26596
KBSH,2026-07-23,1175.0,1045.5,13394
SHL,2026-07-23,498.0,499.6,9794
NMBMF,2026-07-23,612.4,635.0,2174
ALICL,2026-07-23,435.1,441.0,7997
SMFBS,2026-07-23,1567.0,1578.0,735
MATRI,2026-07-23,848.5,864.0,768
LLBS,2026-07-23,910.0,937.0,70
KSY,2026-07-23,9.75,9.75,1400
MBJC,2026-07-23,270.1,278.1,9932
BHPL,2026-07-23,504.9,491.0,2567
CREST,2026-07-23,1205.0,1201.0,14145
BJHL,2026-07-23,719.0,790.0,33953
H8020,2026-07-23,12.3,12.0,4456
BFC,2026-07-23,526.0,533.0,64041
HURJA,2026-07-23,240.0,242.8,53462
KKHC,2026-07-23,265.0,266.5,42842
NSIF2,2026-07-23,10.61,10.67,7675
ANLB,2026-07-23,5600.0,5818.0,1113
HEIP,2026-07-23,335.0,335.0,500
AKJCL,2026-07-23,370.0,386.5,719259
HIDCLP,2026-07-23,193.5,197.5,63494
LSL,2026-07-23,214.0,227.0,259236
AKPL,2026-07-23,255.0,266.0,68149
SBI,2026-07-23,392.0,409.0,7387
SOHL,2026-07-23,584.0,623.0,284258
NBL,2026-07-23,268.9,269.0,28186
AHPC,2026-07-23,274.9,277.0,59319
MSHL,2026-07-23,666.7,627.3,1005
BBC,2026-07-23,4379.0,4390.0,397
SAPDBL,2026-07-23,754.8,791.5,27409
IHL,2026-07-23,370.0,367.5,3367
MNBBL,2026-07-23,370.0,377.0,25308
NGPL,2026-07-23,424.0,419.0,203489
SHIVM,2026-07-23,650.0,660.0,58438
SADBL,2026-07-23,425.0,427.0,21539
MHL,2026-07-23,483.0,489.8,3249
AHL,2026-07-23,425.5,432.0,1873
SAGAR,2026-07-23,1750.0,1820.0,29234
SWBBL,2026-07-23,676.0,693.0,65300
CYCL,2026-07-23,1397.9,1370.0,704
HHL,2026-07-23,342.0,350.5,46686
GMLI,2026-07-23,1201.0,1195.0,2062
MMF1,2026-07-23,9.4,9.5,5203
BHCL,2026-07-23,491.0,515.0,34661
USHL,2026-07-23,577.0,550.0,2354
HIMSTAR,2026-07-23,731.0,759.0,10128
GCIL,2026-07-23,365.0,364.0,16393
UPCL,2026-07-23,359.1,362.0,44974
HBL,2026-07-23,200.0,202.8,44740
CSY,2026-07-23,9.05,9.12,3950
SCBD,2026-07-23,1135.0,1135.0,33
BUNGAL,2026-07-23,669.8,635.0,191406
KEF,2026-07-23,10.58,10.5,4200
BHDC,2026-07-23,437.5,444.9,7813
TAMOR,2026-07-23,460.0,451.5,24468
NICD88,2026-07-23,1100.0,1100.0,25
PMLI,2026-07-23,443.0,465.0,7836
BOKD86KA,2026-07-23,1102.0,1100.0,25
NBBD2085,2026-07-23,1096.9,1100.0,10000
JBLB,2026-07-23,1270.0,1289.0,2765
UHEWA,2026-07-23,600.0,598.0,23374
ULHC,2026-07-23,379.8,362.2,10466
USHEC,2026-07-23,487.5,493.5,2945
EHPL,2026-07-23,363.9,355.3,8656
API,2026-07-23,340.0,342.5,255571
DOLTI,2026-07-23,328.1,329.1,28008
BHL,2026-07-23,217.0,215.2,62803
KDBY,2026-07-23,10.8,11.08,2000
KBL,2026-07-23,212.0,223.0,368248
GFCL,2026-07-23,633.0,636.0,7712
CIZBD90,2026-07-23,1215.0,1240.0,450
GLH,2026-07-23,255.1,260.8,37034
GRDBL,2026-07-23,1024.1,1085.0,10852
CBBL,2026-07-23,929.1,932.0,11789
BNHC,2026-07-23,296.9,295.0,39381
ACLBSL,2026-07-23,930.1,950.0,442
HPPL,2026-07-23,360.0,381.0,106938
DDBL,2026-07-23,841.0,849.9,2827
RAWA,2026-07-23,464.0,442.0,23955
SIPD,2026-07-23,668.1,745.0,51184
GILB,2026-07-23,1100.0,1110.0,520
SIKLES,2026-07-23,555.1,567.0,6009
UNLB,2026-07-23,1280.0,1276.0,888
MLBBL,2026-07-23,1147.1,1159.9,960
JHAPA,2026-07-23,1100.0,1148.0,12509
LBBL,2026-07-23,491.2,502.0,53082
MCHL,2026-07-23,290.1,290.0,5549
DHEL,2026-07-23,581.0,598.0,15918
LEC,2026-07-23,220.0,222.6,70351
FOWAD,2026-07-23,970.2,996.0,1235
SJCL,2026-07-23,276.3,284.0,9553
GIBF1,2026-07-23,10.3,10.41,300
SRBLD83,2026-07-23,1044.9,1044.9,10
GSY,2026-07-23,10.0,9.9,2800
PPL,2026-07-23,322.1,338.9,23596
RLFL,2026-07-23,490.0,479.0,32135
ILI,2026-07-23,420.1,425.0,8383
GBIME,2026-07-23,235.0,249.0,105646
VLUCL,2026-07-23,460.0,460.0,3640
DHPL,2026-07-23,303.79,298.0,2245
SAHAS,2026-07-23,666.0,664.0,65752
UNHPL,2026-07-23,403.0,400.0,12256
HFIN,2026-07-23,680.0,760.0,73698
ULBSL,2026-07-23,2722.0,2831.0,909
ICFCD88,2026-07-23,1125.0,1124.2,150
FMDBL,2026-07-23,765.2,780.0,4640
SOPL,2026-07-23,833.0,905.0,82670
HDL,2026-07-23,1189.0,1179.0,19870
IGI,2026-07-23,448.0,450.0,12648
HIDCL,2026-07-23,266.0,263.6,46621
NABILD2089,2026-07-23,1088.0,1056.0,125
CORBL,2026-07-23,1400.0,1440.0,99429
NIFRAGED,2026-07-23,1030.0,1030.0,25
SMJC,2026-07-23,438.0,440.0,9714
SALICO,2026-07-23,589.2,604.0,1399
NLG,2026-07-23,588.0,595.0,17184
SMATA,2026-07-23,740.0,759.7,572
NICL,2026-07-23,519.0,520.0,11905
RHPL,2026-07-23,268.0,267.0,9989
NIMBPO,2026-07-23,142.6,145.0,4030
PSF,2026-07-23,11.72,12.0,14800
SEF,2026-07-23,10.18,10.38,7200
UMHL,2026-07-23,570.0,590.5,23783
SRLI,2026-07-23,386.0,384.8,15884
MPFL,2026-07-23,610.0,625.0,22732
NHDL,2026-07-23,647.0,646.9,896
NRN,2026-07-23,1480.0,1487.1,108726
SPC,2026-07-23,425.5,430.0,3060
SFEF,2026-07-23,10.0,10.0,900
NABBC,2026-07-23,798.0,793.0,5634
HATHY,2026-07-23,767.0,757.9,3251
NHPC,2026-07-23,299.0,284.0,356524
LUK,2026-07-23,9.9,10.06,6820
SANIMA,2026-07-23,367.9,366.0,24603
MSLBP,2026-07-23,735.0,735.0,20000
RMF1,2026-07-23,10.15,9.9,245740
NMLBBL,2026-07-23,531.0,545.0,4896
SLBSL,2026-07-23,1100.0,1092.0,2568
SHLB,2026-07-23,1480.0,1498.0,70
SLCF,2026-07-23,9.95,10.24,400
SANVI,2026-07-23,595.0,634.0,16633
SWASTIK,2026-07-23,2130.0,2098.0,858
PCBL,2026-07-23,227.1,239.0,29928
SPHL,2026-07-23,520.0,553.7,12034
TPKHL,2026-07-23,565.0,590.0,62548
SBL,2026-07-23,380.4,406.0,113029
NSY,2026-07-23,9.21,9.5,13500
KHPL,2026-07-23,930.0,992.0,17900
WNLB,2026-07-23,1332.0,1368.0,529
SGIC,2026-07-23,470.0,478.8,6542
UNL,2026-07-23,47800.0,48000.0,60
GVL,2026-07-23,480.2,490.0,5271
UAIL,2026-07-23,448.1,456.1,16603
TRH,2026-07-23,793.0,791.7,827
NICSF,2026-07-23,8.9,9.2,824
PRVU,2026-07-23,186.0,195.9,72972
SWMF,2026-07-23,629.0,638.9,2596
NMBHF2,2026-07-23,9.84,9.7,3600
MANDU,2026-07-23,804.2,839.0,6108
NESDO,2026-07-23,1544.2,1516.0,431
SHEL,2026-07-23,306.0,312.5,58597
UMRH,2026-07-23,547.8,540.0,3102
BEDC,2026-07-23,340.0,330.0,23206
NIBLSTF,2026-07-23,8.6,8.85,6740
MERO,2026-07-23,725.0,703.8,3326
RFPL,2026-07-23,329.0,344.0,12529
SYPNL,2026-07-23,1400.0,1426.9,75287
RSML,2026-07-23,3510.0,3516.0,80405
SBID83,2026-07-23,1060.0,1060.0,20
SBLD89,2026-07-23,1260.0,1270.0,600
NTC,2026-07-23,860.0,859.0,3472
GLBSL,2026-07-23,1740.0,1793.0,239
TVCL,2026-07-23,495.0,486.5,2785
PROFL,2026-07-23,446.0,443.5,4575
NFS,2026-07-23,578.5,584.0,3795
SIGS3,2026-07-23,10.5,10.6,376585
ILBS,2026-07-23,850.0,891.9,1447
TPC,2026-07-23,357.0,361.0,12649
MKJC,2026-07-23,488.2,480.0,16210
NYADI,2026-07-23,367.1,379.0,2387
SGHL,2026-07-23,521.0,550.0,109172
SARBTM,2026-07-23,808.0,798.0,5592
SKHEL,2026-07-23,980.0,1060.0,12382
PMHPL,2026-07-23,321.5,328.9,2640
SNLI,2026-07-23,435.0,438.1,6454
ADBL,2026-07-23,310.0,317.0,19009
SPDL,2026-07-23,380.0,396.0,76025
NUBL,2026-07-23,636.0,634.4,2126
GBBD85,2026-07-23,1065.0,1065.0,50
SSHL,2026-07-23,211.0,211.7,91952
MEN,2026-07-23,595.0,594.8,41095
MDB,2026-07-23,600.5,593.9,2529
NICLBSL,2026-07-23,560.0,560.0,5822
NRM,2026-07-23,332.0,329.2,11195
JSLBB,2026-07-23,1010.0,1026.7,47
MSLB,2026-07-23,1220.0,1215.0,1110
ENL,2026-07-23,820.0,834.0,671
RBCL,2026-07-23,14900.0,14895.0,60
SBLD83,2026-07-23,1040.0,1038.0,93
UPPER,2026-07-23,200.0,200.1,54695
JFL,2026-07-23,400.1,400.0,5347
PCIL,2026-07-23,631.8,687.0,58160
SMHL,2026-07-23,481.1,488.0,24159
PURE,2026-07-23,840.8,890.0,5046
MLBS,2026-07-23,1160.6,1180.0,86
SPL,2026-07-23,677.0,680.0,4550
TSHL,2026-07-23,393.0,385.0,4613
NICA,2026-07-23,324.0,341.0,32463
KSBBL,2026-07-23,488.8,488.0,16398
JOSHI,2026-07-23,268.0,271.5,12059
STC,2026-07-23,5200.0,5200.0,1206
EDBL,2026-07-23,576.0,580.1,2458
NIFRA,2026-07-23,252.0,254.0,84407
RADHI,2026-07-23,720.0,754.0,65510
MLBSL,2026-07-23,1711.0,1738.0,317
MAKAR,2026-07-23,433.2,450.0,35324
SLBBL,2026-07-23,802.1,814.0,2409
MKHL,2026-07-23,501.0,512.0,3010
GBBL,2026-07-23,420.0,420.0,26242
ALBSL,2026-07-23,1070.0,1094.9,3151
MHNL,2026-07-23,242.5,245.0,12010
MNMF1,2026-07-23,9.8,9.87,2020
RNLI,2026-07-23,445.1,458.0,13601
MABEL,2026-07-23,621.0,630.9,12447
HEI,2026-07-23,533.0,535.9,2561
MHCL,2026-07-23,315.5,324.0,3903
SGHC,2026-07-23,330.0,325.0,61027
MMKJL,2026-07-23,456.0,475.0,6192
CHDC,2026-07-23,2200.5,2205.0,8086
OMPL,2026-07-23,960.0,996.1,5972
RBBF40,2026-07-23,9.07,9.19,176251
NICFC,2026-07-23,9.02,9.1,900
NBF3,2026-07-23,10.0,10.0,11871
NLICL,2026-07-23,580.6,583.0,6968
BANDIPUR,2026-07-23,723.0,760.0,30521
SABBL,2026-07-23,1020.3,1119.0,42190
SMPDA,2026-07-23,800.0,785.0,415
GBLBS,2026-07-23,768.8,759.0,1234
NIBLGF,2026-07-23,9.23,9.25,2150
SCB,2026-07-23,625.2,655.2,1974
MFIL,2026-07-23,775.0,797.0,11906
NABIL,2026-07-23,546.0,550.0,40281
NICD83/84,2026-07-23,1048.0,1048.0,20
SMB,2026-07-23,1878.8,1848.0,2058
MBLD2085,2026-07-23,1196.1,1225.0,75
VLBS,2026-07-23,670.1,685.0,992
PRIN,2026-07-23,685.0,688.0,5611
SINDU,2026-07-23,692.9,719.0,3025
SICL,2026-07-23,645.8,634.0,3608
MKHC,2026-07-23,294.0,299.0,6383
SAIL,2026-07-23,1050.0,1145.0,97608
NRIC,2026-07-23,1000.0,996.0,29266
SBCF,2026-07-23,9.66,10.18,6400
SBLD2091,2026-07-23,1060.0,1060.0,81
SKHL,2026-07-23,904.0,929.0,17258
KMCDB,2026-07-23,808.0,806.9,1276
NMFBS,2026-07-23,1125.0,1130.0,7064
NLIC,2026-07-23,802.0,763.0,21570
OHL,2026-07-23,680.0,688.5,605
GMFIL,2026-07-23,498.0,478.7,8225
NIL,2026-07-23,632.0,629.9,1431
PHCL,2026-07-23,304.1,306.0,24811
NIBD84,2026-07-23,1034.0,1036.0,75
RIDI,2026-07-23,380.0,378.1,658719
SHINE,2026-07-23,414.0,417.0,11786
NICGF2,2026-07-23,9.0,9.28,1200
PPCL,2026-07-23,355.5,353.0,7149
TTL,2026-07-23,726.7,756.0,10131
PRSF,2026-07-23,12.98,12.98,3890
RURU,2026-07-23,625.0,634.0,6452
SONA,2026-07-23,419.1,422.0,16385
MLBL,2026-07-23,355.7,360.0,13600
KPCL,2026-07-23,470.0,473.0,5890
LVF2,2026-07-23,9.8,9.81,1100
SKHL,2026-07-22,881.2,905.0,11903
RURU,2026-07-22,621.2,626.4,4499
NMBMF,2026-07-22,615.1,621.0,3344
GIBF1,2026-07-22,10.31,10.55,22650
OHL,2026-07-22,685.3,685.0,760
JSLBB,2026-07-22,1000.0,1027.0,1618
CSY,2026-07-22,9.1,9.32,12484
SLBBLP,2026-07-22,443.0,443.0,14000
SONA,2026-07-22,417.0,419.1,14123
SIGS3,2026-07-22,10.56,10.5,27008
SMHL,2026-07-22,491.0,484.5,19125
BOKD86KA,2026-07-22,1169.0,1134.0,136
MKCL,2026-07-22,1160.0,1160.0,2479
GMFBS,2026-07-22,1313.0,1251.7,1212
PSF,2026-07-22,12.3,12.0,18715
KBLD90,2026-07-22,1470.0,1425.9,5
BNT,2026-07-22,11573.0,11571.0,30
NMBHF2,2026-07-22,9.52,9.6,2250
SMATA,2026-07-22,748.2,751.1,446
BHL,2026-07-22,220.0,215.5,77294
NMB50,2026-07-22,10.7,10.43,10200
JFL,2026-07-22,403.0,405.5,7555
SSHL,2026-07-22,210.2,211.0,117892
SAGF,2026-07-22,10.49,10.12,3790
SBL,2026-07-22,400.2,400.4,77485
SMH,2026-07-22,518.0,514.0,12605
CYCL,2026-07-22,1356.0,1375.0,400
SPIL,2026-07-22,715.0,715.0,12469
SPHL,2026-07-22,535.0,546.0,5232
NGPL,2026-07-22,404.0,423.4,167493
ENL,2026-07-22,863.0,825.0,1366
PPCL,2026-07-22,348.6,349.0,28952
GVL,2026-07-22,486.0,490.0,12399
SRLI,2026-07-22,385.3,386.7,5898
DHPL,2026-07-22,299.0,296.5,8229
UAIL,2026-07-22,460.0,456.0,9253
HDL,2026-07-22,1181.0,1178.0,30326
TRH,2026-07-22,799.0,793.0,2520
SMJC,2026-07-22,439.1,449.8,21736
NRN,2026-07-22,1459.7,1519.9,185785
RIDI,2026-07-22,390.0,386.0,1107447
SHINE,2026-07-22,415.9,414.0,22529
BGWT,2026-07-22,601.0,613.0,3182
SANVI,2026-07-22,601.0,607.0,15700
C30MF,2026-07-22,10.0,10.09,13380
ILBS,2026-07-22,840.0,890.0,1399
H8020,2026-07-22,11.97,12.3,469
SYPNL,2026-07-22,1334.8,1408.9,69705
ACLBSL,2026-07-22,960.9,952.0,541
PCBL,2026-07-22,243.0,239.0,19541
NBLD85,2026-07-22,1050.1,1050.1,25
GBBL,2026-07-22,420.0,421.5,32780
CBBL,2026-07-22,936.0,933.5,19042
GFCL,2026-07-22,615.1,633.0,32871
NICLBSL,2026-07-22,559.0,564.9,3933
UMHL,2026-07-22,580.0,596.4,101286
MLBLD89,2026-07-22,1280.4,1280.4,25
RHGCL,2026-07-22,266.0,272.2,12577
RBBF40,2026-07-22,9.21,9.34,49105
MLBBL,2026-07-22,1176.5,1147.1,589
NMFBS,2026-07-22,1130.0,1130.0,2452
CLI,2026-07-22,429.0,450.0,5568
SGIC,2026-07-22,471.3,472.0,4866
LEC,2026-07-22,224.8,220.0,70637
SPC,2026-07-22,425.4,434.7,2086
NICBF,2026-07-22,9.1,9.1,400
MBJC,2026-07-22,270.0,275.0,8848
LLBS,2026-07-22,915.0,920.0,78
SAHAS,2026-07-22,665.0,662.0,73205
CHCL,2026-07-22,493.0,495.2,44279
NMBD89/90,2026-07-22,1415.0,1370.0,71
NICL,2026-07-22,525.0,519.0,11570
RFPL,2026-07-22,342.0,345.0,28089
SICL,2026-07-22,635.0,635.0,8698
NTC,2026-07-22,875.0,857.1,12970
RLEL,2026-07-22,888.1,893.9,14317
NYADI,2026-07-22,375.0,372.0,8179
RSY,2026-07-22,10.02,10.29,64700
VLUCL,2026-07-22,469.0,460.0,2349
OMPL,2026-07-22,960.0,978.0,2656
SAGAR,2026-07-22,1720.0,1795.0,23162
DORDI,2026-07-22,260.3,262.0,14235
NIFRAGED,2026-07-22,1030.0,1030.0,487
MMKJL,2026-07-22,442.0,463.4,2554
UNHPL,2026-07-22,395.1,400.0,14951
SABBL,2026-07-22,963.3,1074.0,38533
KSBBL,2026-07-22,494.0,486.0,10178
ULHC,2026-07-22,382.0,372.0,13376
FMDBL,2026-07-22,780.6,773.0,8719
IGI,2026-07-22,444.4,450.0,16061
USHL,2026-07-22,514.0,550.0,2309
ALBSL,2026-07-22,1060.0,1101.0,2604
ANLB,2026-07-22,5650.0,5841.0,1491
NABBC,2026-07-22,750.5,792.0,10657
NRM,2026-07-22,323.1,325.0,8796
MNBBL,2026-07-22,376.5,372.0,28844
CZBIL,2026-07-22,200.5,203.0,29829
SANIMA,2026-07-22,365.0,367.3,59752
SEF,2026-07-22,9.95,10.18,20177
MKJC,2026-07-22,473.0,465.0,1770
TPKHL,2026-07-22,561.0,565.0,44494
KAHL,2026-07-22,547.0,560.0,52360
MEL,2026-07-22,235.0,224.6,24096
SWMF,2026-07-22,643.0,639.0,4912
KHPL,2026-07-22,942.4,960.0,5111
LBBLD89,2026-07-22,1329.9,1290.1,372
SWASTIK,2026-07-22,2120.0,2105.0,956
NESDO,2026-07-22,1502.0,1503.1,314
NABIL,2026-07-22,550.0,546.8,48017
SJLIC,2026-07-22,418.0,421.9,10327
ECL,2026-07-22,441.0,492.4,100
GBLBS,2026-07-22,746.1,762.0,1366
RHPL,2026-07-22,271.0,265.1,11656
SLCF,2026-07-22,10.0,10.1,1700
TPC,2026-07-22,358.2,363.0,11270
KDL,2026-07-22,822.0,812.0,2798
SCB,2026-07-22,661.0,658.1,3467
RBBD2088,2026-07-22,1050.0,1050.0,765
TVCL,2026-07-22,475.3,495.0,17705
MLBSL,2026-07-22,1740.0,1711.0,210
KSY,2026-07-22,10.0,9.76,10300
MLBL,2026-07-22,364.9,358.9,10084
USLB,2026-07-22,1200.0,1210.0,179
DLBS,2026-07-22,1200.0,1249.0,5635
SLBBL,2026-07-22,820.0,811.3,3364
NHDL,2026-07-22,626.0,646.0,38264
PRSF,2026-07-22,12.95,12.68,600
NSIF2,2026-07-22,10.97,10.65,18533
SHPC,2026-07-22,517.1,512.6,14476
SINDU,2026-07-22,683.1,729.3,18145
SNLI,2026-07-22,433.1,440.0,3703
SBI,2026-07-22,412.0,412.0,50503
CITY,2026-07-22,375.6,390.0,399404
UNLB,2026-07-22,1305.0,1287.9,280
HURJA,2026-07-22,245.1,240.0,62330
RNLI,2026-07-22,450.1,456.7,15294
RAWA,2026-07-22,448.9,442.0,51392
SFEF,2026-07-22,10.0,10.0,1860
UNL,2026-07-22,47800.0,47800.0,10
SADBL,2026-07-22,423.1,425.0,60018
SRBLD83,2026-07-22,1098.9,1059.9,2
ULBSL,2026-07-22,2753.8,2775.0,984
SAPDBL,2026-07-22,750.5,794.5,15003
SNORL,2026-07-22,860.0,875.0,24582
NMLBBL,2026-07-22,537.0,545.0,5611
KKHC,2026-07-22,267.9,268.5,51773
NBL,2026-07-22,269.0,268.9,29103
ALICL,2026-07-22,440.0,438.0,13723
HHL,2026-07-22,340.0,352.0,56199
HRL,2026-07-22,677.2,636.2,151511
NFS,2026-07-22,582.0,582.6,10990
PMLI,2026-07-22,441.1,445.0,4821
SBCF,2026-07-22,9.9,9.65,6850
GCIL,2026-07-22,360.0,365.0,22329
RBBD83,2026-07-22,1010.9,1010.9,25
SHEL,2026-07-22,311.0,308.9,90562
SIKLES,2026-07-22,573.0,564.0,15618
ADBL,2026-07-22,314.0,318.9,79891
JBBL,2026-07-22,355.0,349.0,36222
NIFRA,2026-07-22,259.9,255.0,46525
SLBSL,2026-07-22,1110.0,1109.0,1975
NRIC,2026-07-22,1000.0,1007.1,34488
RMF1,2026-07-22,9.85,9.67,335310
RSDC,2026-07-22,672.0,677.0,6228
KDBY,2026-07-22,10.8,11.08,5300
DOLTI,2026-07-22,338.9,334.9,26029
NICD88,2026-07-22,1115.0,1115.0,25
SOPL,2026-07-22,845.0,842.1,41452
SJCL,2026-07-22,285.0,283.0,7046
SPL,2026-07-22,660.3,677.9,3050
PPL,2026-07-22,324.5,339.0,12678
JOSHI,2026-07-22,270.0,267.8,4831
NBF2,2026-07-22,9.81,10.09,2880
STC,2026-07-22,5250.0,5200.0,1220
SMPDA,2026-07-22,800.0,792.0,716
NMIC,2026-07-22,934.0,977.0,2126
NICAD2091,2026-07-22,1025.7,1045.0,430
KEF,2026-07-22,10.26,10.63,33350
GRDBL,2026-07-22,1030.0,1078.0,16288
KPCL,2026-07-22,480.0,476.8,5024
MDB,2026-07-22,590.0,587.0,2717
SIPD,2026-07-22,670.0,686.9,29651
NIBLGF,2026-07-22,9.49,9.5,6100
NLG,2026-07-22,600.0,594.0,18309
HFIN,2026-07-22,685.0,706.9,33081
WNLB,2026-07-22,1369.0,1368.0,154
SHL,2026-07-22,505.0,502.0,18022
NLIC,2026-07-22,772.0,764.0,13922
NHPC,2026-07-22,297.0,285.4,559326
CIT,2026-07-22,1730.5,1724.0,4080
ICFC,2026-07-22,620.0,618.0,5520
NBF3,2026-07-22,10.0,10.01,23750
SHLB,2026-07-22,1495.0,1524.0,295
RADHI,2026-07-22,745.0,745.1,114815
PCIL,2026-07-22,650.0,665.0,42196
LUK,2026-07-22,9.76,9.76,100
DDBL,2026-07-22,850.0,842.1,4449
HLI,2026-07-22,334.0,335.0,43991
SGHL,2026-07-22,539.0,528.0,89670
HBL,2026-07-22,199.2,200.9,29548
KBL,2026-07-22,218.5,219.0,208940
CGH,2026-07-22,794.8,785.0,6372
MHCL,2026-07-22,334.9,321.0,1792
GBIMESY2,2026-07-22,9.3,9.4,3350
AVYAN,2026-07-22,1076.3,1074.0,4771
GMLI,2026-07-22,1215.0,1200.0,5648
MLBS,2026-07-22,1224.0,1190.0,120
SIFC,2026-07-22,522.0,527.0,18006
BANDIPUR,2026-07-22,740.0,739.1,20471
PBD85,2026-07-22,1110.0,1110.0,50
EHPL,2026-07-22,370.0,356.8,15190
MPFL,2026-07-22,600.0,621.8,13077
MSHL,2026-07-22,650.0,635.0,735
NICGF2,2026-07-22,9.02,9.11,1000
KBSH,2026-07-22,1171.0,1230.0,782
SKHEL,2026-07-22,970.3,1008.0,2903
MBL,2026-07-22,254.3,254.0,71269
EBLD86,2026-07-22,1095.0,1095.0,25
HIDCLP,2026-07-22,198.0,195.0,89847
RSML,2026-07-22,3450.0,3681.0,75158
HATHY,2026-07-22,770.0,755.0,9728
NBBD2085,2026-07-22,1115.0,1065.0,5
SBLD89,2026-07-22,1250.0,1251.0,750
USHEC,2026-07-22,500.0,495.2,5757
CREST,2026-07-22,1220.0,1222.0,10216
AHL,2026-07-22,445.0,430.8,1222
MEN,2026-07-22,600.0,595.0,161649
SGHC,2026-07-22,316.0,333.0,69010
NMB,2026-07-22,243.0,243.9,31540
MERO,2026-07-22,739.0,708.0,7631
BNHC,2026-07-22,290.4,296.9,26437
NIBSF2,2026-07-22,8.81,8.82,21918
AKPL,2026-07-22,263.0,267.0,135933
APHL,2026-07-22,827.1,837.5,19020
LVF2,2026-07-22,9.81,9.75,16000
UPCL,2026-07-22,360.0,365.0,58012
SOHL,2026-07-22,600.0,584.0,64375
NLICL,2026-07-22,594.0,589.0,2245
GHL,2026-07-22,232.1,231.0,46936
GILB,2026-07-22,1115.0,1120.8,3591
BHPL,2026-07-22,490.0,495.9,7959
MABEL,2026-07-22,643.7,625.0,4641
NIMB,2026-07-22,196.0,197.0,61972
HPPL,2026-07-22,360.0,370.0,91191
YMHL,2026-07-22,602.7,633.3,33068
BNL,2026-07-22,15200.0,15200.0,30
ICFCD89,2026-07-22,1090.0,1091.0,491
PROFL,2026-07-22,448.7,444.0,6781
FOWAD,2026-07-22,1000.0,997.0,5433
RLFL,2026-07-22,470.0,473.0,57262
MKHL,2026-07-22,510.1,514.5,17642
SMFBS,2026-07-22,1621.0,1575.0,845
HIDCL,2026-07-22,262.6,266.0,64784
MHL,2026-07-22,480.3,485.0,5344
SMB,2026-07-22,1895.0,1844.1,1353
TAMOR,2026-07-22,447.0,452.0,22745
MANDU,2026-07-22,801.1,824.0,2016
TSHL,2026-07-22,390.0,392.9,7781
GMFIL,2026-07-22,472.9,475.0,39826
MEHL,2026-07-22,310.1,315.0,4823
BHDC,2026-07-22,437.4,445.0,5850
LICN,2026-07-22,805.0,804.4,6504
RMF2,2026-07-22,10.25,10.12,1100
EDBL,2026-07-22,586.0,583.0,5908
BBC,2026-07-22,4300.0,4268.0,545
IHL,2026-07-22,360.0,366.0,2901
MBLEF,2026-07-22,10.0,10.2,900
NSY,2026-07-22,9.2,9.38,2700
LBLD88,2026-07-22,1118.5,1118.5,60
AHPC,2026-07-22,278.0,275.0,53003
MSLB,2026-07-22,1225.0,1221.0,157
API,2026-07-22,340.0,343.5,229342
GUFL,2026-07-22,560.0,565.0,11325
CKHL,2026-07-22,607.1,604.9,15236
CFCL,2026-07-22,602.0,641.3,113396
HDHPC,2026-07-22,218.0,221.0,181769
SARBTM,2026-07-22,814.0,790.0,25694
KMCDB,2026-07-22,792.0,803.0,3285
PMHPL,2026-07-22,330.0,328.0,3522
UMRH,2026-07-22,536.0,540.5,5162
EBL,2026-07-22,720.0,718.0,12550
GLH,2026-07-22,260.0,258.9,29543
MCHL,2026-07-22,293.0,293.0,7589
SKBBL,2026-07-22,769.0,767.5,2377
LSL,2026-07-22,220.0,225.0,138502
MATRI,2026-07-22,890.2,874.0,2579
NIMBPO,2026-07-22,148.7,147.0,27505
ILI,2026-07-22,404.0,424.0,3020
BPCL,2026-07-22,640.0,671.8,24712
BEDC,2026-07-22,330.0,330.1,17694
MAKAR,2026-07-22,460.0,456.0,47797
NICFC,2026-07-22,9.0,9.27,1600
MNMF1,2026-07-22,9.8,9.85,50221
HEI,2026-07-22,535.0,532.0,8219
MKHC,2026-07-22,291.9,300.0,6464
PRIN,2026-07-22,685.1,685.0,4288
ICFCD88,2026-07-22,1123.0,1121.0,75
SWBBL,2026-07-22,694.0,690.0,17605
JBBD87,2026-07-22,1111.2,1111.2,25
SAIL,2026-07-22,1000.0,1083.8,88041
GSY,2026-07-22,10.0,9.9,75400
MFIL,2026-07-22,772.0,800.0,41644
VLBS,2026-07-22,672.0,684.3,3007
AKJCL,2026-07-22,385.0,388.0,599402
LBBL,2026-07-22,494.2,495.5,37047
SHIVM,2026-07-22,657.1,656.0,112792
HLICF,2026-07-22,8.48,8.95,1300
PHCL,2026-07-22,305.0,305.9,29640
GLBSL,2026-07-22,1799.9,1813.0,499
NADEP,2026-07-22,735.0,747.0,3070
MHNL,2026-07-22,237.3,242.9,16493
NIL,2026-07-22,639.9,631.1,13854
GBIME,2026-07-22,245.0,247.2,136705
JHAPA,2026-07-22,1126.0,1111.0,11465
BJHL,2026-07-22,794.0,756.1,8067
CHL,2026-07-22,273.0,268.0,12159
PURE,2026-07-22,842.0,885.0,24572
NUBL,2026-07-22,628.0,629.0,7278
JBLB,2026-07-22,1255.1,1275.3,2109
SPDL,2026-07-22,398.0,399.9,130096
NICA,2026-07-22,342.0,340.9,45184
SIGS2,2026-07-22,10.04,10.04,100
NCCD86,2026-07-22,1299.0,1206.0,231
BHCL,2026-07-22,510.0,499.0,39493
BFC,2026-07-22,530.0,535.1,289485
UPPER,2026-07-22,190.5,199.0,110414
EBLD91,2026-07-22,1090.0,1090.0,125
DHEL,2026-07-22,590.0,595.0,18488
PRVU,2026-07-22,194.0,195.0,111920
CHDC,2026-07-22,2160.0,2219.0,10269
UHEWA,2026-07-22,582.0,598.8,13045
BARUN,2026-07-22,330.0,335.0,29119
CORBL,2026-07-22,1390.0,1439.0,80525
HIMSTAR,2026-07-22,755.0,751.0,8786
NIBD84,2026-07-22,1069.0,1040.0,80
MMF1,2026-07-22,9.18,9.69,16100
NICSF,2026-07-22,9.01,9.0,7300
PBLD87,2026-07-22,1087.0,1087.0,25
BUNGAL,2026-07-22,607.0,705.0,65595
NIBLSTF,2026-07-22,8.7,8.6,11900
HLBSL,2026-07-22,890.0,900.0,259
EBLD85,2026-07-22,1150.0,1150.0,25
SALICO,2026-07-22,610.0,599.0,14126
TTL,2026-07-22,747.0,735.0,10097
NWCL,2026-07-22,731.0,733.9,1771
RBCL,2026-07-22,14590.0,14474.0,40
SNLI,2026-07-21,442.5,445.0,16324
RURU,2026-07-21,625.0,633.0,7037
NICAD2091,2026-07-21,1057.3,1057.3,20
RBCL,2026-07-21,14898.0,14898.0,10
RAWA,2026-07-21,453.5,447.0,43852
MBJC,2026-07-21,275.1,277.5,18521
PHCL,2026-07-21,310.0,307.0,91387
SWMF,2026-07-21,647.0,644.9,5096
NIFRA,2026-07-21,257.0,256.9,90157
NIBLSTF,2026-07-21,8.66,8.67,1500
ICFC,2026-07-21,619.1,622.0,7446
PMLI,2026-07-21,454.4,450.0,8197
EBLD85,2026-07-21,1131.0,1131.0,25
UNL,2026-07-21,47040.0,47040.0,10
CGH,2026-07-21,786.0,783.2,6576
MLBL,2026-07-21,366.9,361.0,25201
SLBBL,2026-07-21,810.0,820.1,2773
SGIC,2026-07-21,480.0,480.0,17911
HIMSTAR,2026-07-21,770.0,774.9,15018
CKHL,2026-07-21,635.0,620.1,3014
PROFL,2026-07-21,441.0,440.0,7800
GBIMESY2,2026-07-21,9.26,9.3,400
NBL,2026-07-21,272.0,269.0,27376
SHIVM,2026-07-21,666.0,663.1,152420
NMFBS,2026-07-21,1140.0,1130.0,1814
CHDC,2026-07-21,2250.0,2209.0,39734
KBSH,2026-07-21,1250.0,1200.0,963
NMBD89/90,2026-07-21,1460.0,1415.0,11
HEIP,2026-07-21,330.0,340.0,3747
CSY,2026-07-21,9.03,9.1,9948
NTC,2026-07-21,875.0,864.9,6076
PCIL,2026-07-21,665.0,665.0,71400
HLICF,2026-07-21,8.74,8.73,1525
SAHAS,2026-07-21,670.0,665.0,138790
HBL,2026-07-21,200.0,202.0,74503
NABILD2089,2026-07-21,1107.8,1057.0,38810
RLFL,2026-07-21,470.0,465.2,50923
NMBHF2,2026-07-21,9.58,9.7,26800
SWBBL,2026-07-21,690.0,688.0,23136
HIDCLP,2026-07-21,209.4,198.0,126820
MFIL,2026-07-21,780.0,793.9,31009
SBCF,2026-07-21,10.0,10.0,400
RSML,2026-07-21,3460.0,3545.0,77289
SHL,2026-07-21,503.9,505.0,31042
JHAPA,2026-07-21,1083.0,1148.0,11053
RHPL,2026-07-21,265.0,271.8,24913
NABIL,2026-07-21,552.0,549.0,102884
CFCL,2026-07-21,605.0,633.0,110669
SADBL,2026-07-21,422.8,425.0,36314
ICFCD89,2026-07-21,1100.0,1090.0,634
MEL,2026-07-21,226.0,225.0,22998
VLBS,2026-07-21,703.0,692.0,2949
RADHI,2026-07-21,764.9,762.5,121806
ENL,2026-07-21,830.1,851.9,329
MPFL,2026-07-21,626.0,622.0,11756
BJHL,2026-07-21,808.0,771.0,13838
JOSHI,2026-07-21,274.0,272.0,24021
DORDI,2026-07-21,270.0,266.7,32342
FOWAD,2026-07-21,1029.9,1005.0,1406
SABBL,2026-07-21,996.0,1014.0,46712
SPIL,2026-07-21,725.0,715.0,2068
AHL,2026-07-21,436.0,435.0,7840
SFMF,2026-07-21,10.3,10.3,91560
KMCDB,2026-07-21,802.0,815.0,609
BHDC,2026-07-21,447.6,447.1,17153
DLBS,2026-07-21,1200.0,1216.0,219
SPL,2026-07-21,695.0,679.0,2290
SBL,2026-07-21,405.0,399.0,116064
SHLB,2026-07-21,1472.0,1540.0,430
SHINE,2026-07-21,416.0,415.9,22547
SWASTIK,2026-07-21,2145.0,2142.0,882
DHPL,2026-07-21,330.0,307.8,19679
SJCL,2026-07-21,280.0,285.0,12773
NYADI,2026-07-21,383.0,377.0,6280
HHL,2026-07-21,350.0,350.0,39913
NIBSF2,2026-07-21,8.73,9.0,23000
SGHC,2026-07-21,339.0,332.0,67420
NLICL,2026-07-21,590.0,594.0,11954
AKJCL,2026-07-21,360.0,385.0,822835
NICBF,2026-07-21,9.08,9.1,2200
SICL,2026-07-21,639.9,638.0,4345
KSY,2026-07-21,9.75,10.0,29495
ILBS,2026-07-21,935.0,883.0,1208
RBBF40,2026-07-21,9.1,9.18,6700
USLB,2026-07-21,1205.1,1205.0,2368
UNLB,2026-07-21,1304.0,1292.0,1323
SKHEL,2026-07-21,1028.0,999.8,5627
GUFL,2026-07-21,572.0,565.0,15007
NADEP,2026-07-21,743.0,740.0,289
GFCL,2026-07-21,630.0,628.9,12435
JBLB,2026-07-21,1281.0,1289.0,4138
SAIL,2026-07-21,1069.0,1038.9,59912
UHEWA,2026-07-21,593.0,600.0,58298
TAMOR,2026-07-21,456.0,454.0,50356
SHPC,2026-07-21,522.0,517.0,26580
SMJC,2026-07-21,429.4,450.0,11674
PMHPL,2026-07-21,325.1,330.0,18414
CITY,2026-07-21,389.0,377.0,207128
TTL,2026-07-21,758.0,754.0,20306
NIFRAGED,2026-07-21,1023.1,1030.0,130
SRLI,2026-07-21,394.9,390.0,18697
KEF,2026-07-21,10.3,10.4,14590
VLUCL,2026-07-21,445.0,469.0,9872
KBLD89,2026-07-21,1228.0,1226.0,168
GBBL,2026-07-21,421.0,423.9,78160
NBF3,2026-07-21,9.95,10.0,23354
MND84/85,2026-07-21,1070.0,1070.0,155
EHPL,2026-07-21,370.0,361.6,17531
HIDCL,2026-07-21,280.3,268.8,75633
SBLD89,2026-07-21,1215.0,1235.0,425
SMH,2026-07-21,519.0,521.9,75905
UMRH,2026-07-21,543.9,549.9,10942
KSBBL,2026-07-21,488.0,490.0,69100
NLIC,2026-07-21,806.0,773.9,26947
SGHL,2026-07-21,505.0,536.0,129965
MMKJL,2026-07-21,456.0,465.0,4295
TPKHL,2026-07-21,536.1,563.0,72970
SMHL,2026-07-21,498.5,491.0,34365
PPCL,2026-07-21,378.0,359.0,11606
PURE,2026-07-21,872.0,841.0,8595
SBLD2091,2026-07-21,1055.0,1079.3,25866
SMPDA,2026-07-21,775.0,800.0,1767
EDBL,2026-07-21,588.0,578.0,8979
GMFIL,2026-07-21,470.0,469.9,26242
PPL,2026-07-21,324.0,341.5,49192
SOHL,2026-07-21,570.0,592.0,135872
ACLBSL,2026-07-21,920.0,966.8,786
RMF1,2026-07-21,10.0,9.9,62025
RHGCL,2026-07-21,277.0,280.0,24789
NIMBPO,2026-07-21,145.5,146.0,794
MDB,2026-07-21,594.0,594.2,8366
SSHL,2026-07-21,223.6,214.0,178577
OHL,2026-07-21,703.4,698.8,4353
CORBL,2026-07-21,1450.0,1400.0,110145
SIKLES,2026-07-21,576.0,570.0,16584
PCBL,2026-07-21,243.0,242.7,47015
NGPL,2026-07-21,435.0,425.0,174734
CZBIL,2026-07-21,195.0,203.5,52657
MERO,2026-07-21,730.0,703.9,8476
MKHL,2026-07-21,512.0,519.0,14809
NICA,2026-07-21,325.0,342.0,56528
API,2026-07-21,346.0,344.0,409983
RLEL,2026-07-21,940.0,905.0,19232
ECL,2026-07-21,376.1,428.2,160
GBBD85,2026-07-21,1067.0,1067.0,25
NESDO,2026-07-21,1548.0,1519.0,897
TRH,2026-07-21,788.1,788.0,3391
SANVI,2026-07-21,640.0,618.1,22751
SIFC,2026-07-21,532.0,527.9,10811
NRN,2026-07-21,1425.0,1495.0,147423
CIZBD90,2026-07-21,1177.0,1215.0,75
KKHC,2026-07-21,271.9,268.0,70435
PRSF,2026-07-21,12.75,12.89,147584
SARBTM,2026-07-21,813.0,814.0,8330
UPPER,2026-07-21,202.5,200.5,101133
ULBSL,2026-07-21,2750.0,2839.0,480
NICGF2,2026-07-21,9.1,9.1,900
SLCF,2026-07-21,10.0,9.95,11920
HRL,2026-07-21,624.0,645.0,341552
USHL,2026-07-21,567.0,540.8,8194
GVL,2026-07-21,496.0,492.0,21058
JBBL,2026-07-21,357.0,354.0,32674
ULHC,2026-07-21,365.2,371.0,18169
SNORL,2026-07-21,850.0,880.0,45822
MABEL,2026-07-21,611.0,635.9,14570
GILB,2026-07-21,1111.1,1115.0,1536
SPC,2026-07-21,417.9,436.3,5319
NABBC,2026-07-21,811.0,790.0,16399
NMBMF,2026-07-21,620.0,629.0,1560
NIBLGF,2026-07-21,10.24,9.78,9000
MNMF1,2026-07-21,9.8,9.85,117930
SYPNL,2026-07-21,1327.7,1405.0,96349
BNHC,2026-07-21,299.0,294.0,61070
DHEL,2026-07-21,580.0,600.0,29310
TPC,2026-07-21,372.5,366.8,10638
SKHL,2026-07-21,892.4,899.0,22590
NMIC,2026-07-21,979.9,959.0,6113
NFS,2026-07-21,588.0,580.0,11307
TVCL,2026-07-21,481.1,489.9,8013
MSLB,2026-07-21,1221.0,1248.0,1124
MCHL,2026-07-21,302.1,301.3,7178
NIL,2026-07-21,645.0,635.0,6177
NLG,2026-07-21,600.0,598.0,21712
LLBS,2026-07-21,955.0,938.0,695
DOLTI,2026-07-21,334.0,339.0,44808
SJLIC,2026-07-21,426.0,424.9,12357
SANIMA,2026-07-21,363.0,368.0,112394
HDHPC,2026-07-21,222.0,220.5,351246
EBL,2026-07-21,718.1,720.5,34312
GBLBS,2026-07-21,793.8,759.0,3843
NSY,2026-07-21,9.41,9.42,7100
LUK,2026-07-21,10.2,9.99,13850
MBL,2026-07-21,250.0,255.5,83782
SIGS2,2026-07-21,10.35,10.35,1000
SCB,2026-07-21,665.0,663.9,8964
SONA,2026-07-21,424.0,425.0,22728
HLBSL,2026-07-21,899.6,905.9,2614
PSF,2026-07-21,11.94,12.0,116749
BFC,2026-07-21,513.0,530.0,106044
SMB,2026-07-21,1900.0,1890.0,559
MEHL,2026-07-21,330.0,315.0,6814
SFEF,2026-07-21,10.0,10.1,1400
CIT,2026-07-21,1715.0,1730.1,5887
MATRI,2026-07-21,889.9,865.0,1130
ICFCD88,2026-07-21,1123.0,1123.0,25
BUNGAL,2026-07-21,638.0,638.0,74590
GCIL,2026-07-21,373.0,368.9,25472
STC,2026-07-21,5378.0,5250.0,481
GIBF1,2026-07-21,10.41,10.52,7070
NRIC,2026-07-21,1030.0,1018.0,82944
SEF,2026-07-21,10.2,10.1,11000
PBD88,2026-07-21,1250.0,1250.0,20
DDBL,2026-07-21,811.8,850.0,5247
ALICL,2026-07-21,451.9,442.0,17026
NBLD85,2026-07-21,1067.0,1080.0,29980
BHL,2026-07-21,222.0,217.5,118595
NMB50,2026-07-21,10.56,10.66,25612
PRIN,2026-07-21,709.8,692.0,6285
BARUN,2026-07-21,335.1,339.0,33137
HFIN,2026-07-21,722.0,721.0,47746
SINDU,2026-07-21,703.0,719.0,7424
H8020,2026-07-21,11.56,11.97,2300
BBC,2026-07-21,4299.7,4390.0,1912
HDL,2026-07-21,1180.0,1188.5,48777
IGI,2026-07-21,444.1,452.7,13205
C30MF,2026-07-21,10.0,10.01,11100
MBLD87,2026-07-21,1161.0,1161.0,5
SPDL,2026-07-21,412.9,402.0,140886
NICL,2026-07-21,538.4,525.9,13979
NIMB,2026-07-21,201.0,198.5,169137
HLI,2026-07-21,331.5,334.0,41122
NRM,2026-07-21,322.0,330.0,25233
KPCL,2026-07-21,490.0,480.2,13052
NICSF,2026-07-21,9.01,9.0,5550
LEC,2026-07-21,228.5,222.3,117551
BNT,2026-07-21,11800.0,11621.0,20
ANLB,2026-07-21,5640.0,5845.0,2620
FMDBL,2026-07-21,760.0,780.5,15195
KDL,2026-07-21,824.0,816.0,2299
LBBL,2026-07-21,510.0,498.0,56618
NHPC,2026-07-21,285.0,282.9,659711
RSY,2026-07-21,9.95,10.1,50908
MBLEF,2026-07-21,10.0,10.0,800
NUBL,2026-07-21,635.0,632.0,2532
UMHL,2026-07-21,570.0,600.0,35927
GLH,2026-07-21,263.1,263.9,62887
MHCL,2026-07-21,335.0,328.0,9465
HPPL,2026-07-21,382.0,371.5,116926
JBBD87,2026-07-21,1140.0,1105.8,49010
NMB,2026-07-21,246.0,244.9,45808
ALBSL,2026-07-21,1045.0,1099.1,6135
SOPL,2026-07-21,848.0,845.0,70713
KAHL,2026-07-21,510.0,546.1,78927
YMHL,2026-07-21,623.0,630.0,46790
NWCL,2026-07-21,759.9,742.0,3496
MHNL,2026-07-21,247.0,244.5,33353
SIGS3,2026-07-21,10.37,10.5,102400
SPHL,2026-07-21,550.0,545.0,9824
NBF2,2026-07-21,10.1,9.81,7200
KDBY,2026-07-21,10.86,11.11,6710
GRDBL,2026-07-21,1055.5,1077.0,6926
GMFBS,2026-07-21,1206.1,1251.0,1000
CREST,2026-07-21,1205.0,1239.7,13937
MKJC,2026-07-21,470.0,464.0,10602
WNLB,2026-07-21,1380.0,1378.1,965
LSL,2026-07-21,223.0,223.6,333917
EBLD86,2026-07-21,1085.0,1100.0,105
KBLD90,2026-07-21,1470.0,1470.0,57
SHEL,2026-07-21,316.0,311.0,92747
BHPL,2026-07-21,510.0,504.0,18593
NICLBSL,2026-07-21,577.0,564.7,5863
BNL,2026-07-21,14500.0,15200.0,60
RMF2,2026-07-21,9.77,10.3,8210
UNHPL,2026-07-21,400.0,404.8,49748
LICN,2026-07-21,806.0,796.5,13352
MLBBL,2026-07-21,1124.3,1176.5,1594
BEDC,2026-07-21,334.0,334.5,39992
HEI,2026-07-21,541.0,539.9,6688
ILI,2026-07-21,427.7,424.3,13660
MLBS,2026-07-21,1175.0,1166.0,652
RFPL,2026-07-21,369.6,350.0,24743
BPCL,2026-07-21,663.0,673.0,41027
BANDIPUR,2026-07-21,746.0,745.0,44061
GLBSL,2026-07-21,1900.0,1766.1,236
MNBBL,2026-07-21,376.8,376.0,41586
SAGAR,2026-07-21,1726.9,1768.1,20809
CHCL,2026-07-21,496.0,495.9,70099
MEN,2026-07-21,610.0,600.0,51644
KBL,2026-07-21,223.9,220.9,294583
SIPD,2026-07-21,675.0,685.0,37278
ADBL,2026-07-21,314.9,314.0,39052
MKCL,2026-07-21,1136.0,1164.0,1669
NICFC,2026-07-21,9.5,9.03,68780
UPCL,2026-07-21,365.0,365.9,92193
JSLBB,2026-07-21,1001.5,1010.0,785
MAKAR,2026-07-21,446.7,460.0,43388
UAIL,2026-07-21,470.2,468.7,12044
SBI,2026-07-21,407.0,410.0,63183
MKHC,2026-07-21,300.1,300.9,10735
TSHL,2026-07-21,412.0,398.0,13800
AHPC,2026-07-21,280.0,278.0,112300
NMLBBL,2026-07-21,562.5,552.0,5746
HURJA,2026-07-21,253.0,245.1,64980
CHL,2026-07-21,277.0,273.5,23160
CYCL,2026-07-21,1337.0,1385.0,1045
RSDC,2026-07-21,679.0,668.0,16999
RBBD2088,2026-07-21,1032.0,1032.1,826
MMF1,2026-07-21,10.0,9.46,80084
HATHY,2026-07-21,785.0,770.0,30191
JFL,2026-07-21,402.0,403.9,6318
GBIME,2026-07-21,248.5,246.9,119856
SKBBL,2026-07-21,803.2,769.0,7696
MANDU,2026-07-21,801.1,805.1,3008
BHCL,2026-07-21,500.0,505.0,53742
GSY,2026-07-21,10.0,10.0,23120
MSHL,2026-07-21,655.0,636.4,327
IHL,2026-07-21,362.2,370.0,10216
SAPDBL,2026-07-21,800.0,790.0,18231
GHL,2026-07-21,237.0,232.0,57541
NICD88,2026-07-21,1085.0,1095.0,110
RNLI,2026-07-21,460.5,458.9,34536
LVF2,2026-07-21,9.85,9.88,7720
NHDL,2026-07-21,647.0,644.1,4863
MHL,2026-07-21,490.0,490.0,9016
CLI,2026-07-21,464.6,451.5,13496
AKPL,2026-07-21,280.8,265.0,67613
APHL,2026-07-21,832.0,840.2,46207
GMLI,2026-07-21,1286.9,1248.9,450
SALICO,2026-07-21,610.0,610.4,9246
BGWT,2026-07-21,607.0,614.9,7510
RBCLPO,2026-07-21,12150.0,11999.0,30
AVYAN,2026-07-21,1075.6,1096.0,6512
NSIF2,2026-07-21,10.7,10.88,23350
OMPL,2026-07-21,989.0,989.0,6207
USHEC,2026-07-21,502.0,506.0,13653
PRVU,2026-07-21,208.0,197.2,159581
KHPL,2026-07-21,997.0,992.0,11513
SMATA,2026-07-21,775.0,760.5,2083
SLBSL,2026-07-21,1150.0,1120.0,4265
CBBL,2026-07-21,936.0,935.0,27633
SMFBS,2026-07-21,1555.0,1543.9,820
MLBSL,2026-07-21,1780.0,1767.0,352
RIDI,2026-07-21,350.0,378.9,1497165
NMB50,2026-07-20,10.89,10.88,45355
NHDL,2026-07-20,649.0,650.0,4401
RBCL,2026-07-20,14631.0,14627.0,100
ENL,2026-07-20,858.0,851.0,541
NYADI,2026-07-20,386.2,385.0,8259
MPFL,2026-07-20,620.0,626.8,5810
APHL,2026-07-20,830.0,843.9,31993
AVYAN,2026-07-20,1055.1,1098.0,5813
DHPL,2026-07-20,294.9,315.0,9646
BGWT,2026-07-20,560.0,590.0,5118
NMLBBL,2026-07-20,557.0,553.0,4360
KPCL,2026-07-20,475.0,485.0,7702
SMJC,2026-07-20,449.9,452.0,17260
GBIME,2026-07-20,246.0,245.0,82844
NUBL,2026-07-20,645.0,630.6,3349
RNLI,2026-07-20,455.0,459.5,9225
USHEC,2026-07-20,501.0,500.1,8723
PPCL,2026-07-20,363.3,360.0,17235
NICGF2,2026-07-20,9.22,9.35,2000
UAIL,2026-07-20,469.9,474.0,20357
EBLEB89,2026-07-20,1100.0,1100.0,50
BPCL,2026-07-20,679.8,675.0,43844
MNBBL,2026-07-20,373.0,376.0,25911
CREST,2026-07-20,1198.0,1219.8,25368
TPKHL,2026-07-20,516.0,536.1,44722
NESDO,2026-07-20,1520.0,1524.0,765
MCHL,2026-07-20,294.5,302.0,10307
SPIL,2026-07-20,710.0,724.0,4367
GUFL,2026-07-20,560.0,572.1,15009
MHCL,2026-07-20,330.0,331.9,5805
MLBBL,2026-07-20,1179.5,1166.0,1699
SONA,2026-07-20,418.0,425.0,25975
RLFL,2026-07-20,470.0,475.0,42873
BARUN,2026-07-20,330.8,338.0,58226
HIMSTAR,2026-07-20,714.0,762.0,10958
TTL,2026-07-20,736.0,758.0,11720
EHPL,2026-07-20,360.0,367.9,22973
FMDBL,2026-07-20,747.0,790.0,11115
UNHPL,2026-07-20,398.0,405.0,48188
SOPL,2026-07-20,823.1,848.0,49405
DORDI,2026-07-20,261.0,266.6,31821
SMH,2026-07-20,518.0,513.2,35811
SWASTIK,2026-07-20,2090.0,2180.0,960
BHDC,2026-07-20,436.0,447.5,13904
SARBTM,2026-07-20,800.0,813.0,4981
NICL,2026-07-20,523.0,532.0,15876
DOLTI,2026-07-20,348.8,333.1,32042
MLBS,2026-07-20,1157.0,1175.5,892
HIDCLP,2026-07-20,198.0,199.5,212296
BUNGAL,2026-07-20,594.0,667.0,92800
SLBSL,2026-07-20,1138.0,1104.5,1622
SADBL,2026-07-20,413.9,422.0,27336
GLBSL,2026-07-20,1780.1,1815.0,291
ADBL,2026-07-20,296.0,312.8,11892
OHL,2026-07-20,690.0,704.8,2595
NMFBS,2026-07-20,1140.0,1139.0,4192
MMF1,2026-07-20,10.0,9.75,7704
SANIMA,2026-07-20,361.0,362.5,46296
KBSH,2026-07-20,1180.0,1219.0,513
NIBSF2,2026-07-20,8.7,9.0,13750
SBL,2026-07-20,381.0,400.0,138847
CIZBD86,2026-07-20,1177.0,1185.0,20
MBLEF,2026-07-20,10.0,10.05,2000
NMBHF2,2026-07-20,9.5,9.77,8620
KBL,2026-07-20,209.0,220.0,273423
SEF,2026-07-20,9.99,10.2,41510
HFIN,2026-07-20,730.0,725.0,48601
NABILD87,2026-07-20,1158.0,1122.4,130
EBLD86,2026-07-20,1099.0,1100.0,575
SMPDA,2026-07-20,803.0,795.0,1646
NBL,2026-07-20,253.3,269.0,30541
MBJC,2026-07-20,275.0,277.0,11193
LSL,2026-07-20,212.0,224.0,137613
ICFCD83,2026-07-20,1211.7,1272.2,1
DHEL,2026-07-20,572.0,599.0,16294
HEIP,2026-07-20,340.0,340.0,23
HURJA,2026-07-20,239.0,247.4,89500
HDHPC,2026-07-20,215.0,222.0,259206
SAND2085,2026-07-20,1245.0,1207.7,502
IGI,2026-07-20,450.0,457.0,18566
RSML,2026-07-20,3150.0,3498.0,73255
ICFC,2026-07-20,609.0,619.5,4928
BBC,2026-07-20,4101.0,4250.0,291
GBIMESY2,2026-07-20,9.5,9.5,2400
MDB,2026-07-20,600.0,600.0,8917
RBBD2088,2026-07-20,1050.6,1032.0,200
NRN,2026-07-20,1449.0,1470.0,85891
GFCL,2026-07-20,620.0,627.9,10603
CZBIL,2026-07-20,193.0,204.9,41197
SIPD,2026-07-20,625.0,675.0,27332
BHCL,2026-07-20,490.0,499.0,33458
SPL,2026-07-20,692.0,684.0,3997
JBLB,2026-07-20,1278.0,1299.8,4938
GBLBS,2026-07-20,753.0,756.0,1424
RHPL,2026-07-20,263.0,267.0,11309
SAGAR,2026-07-20,1719.9,1780.3,13838
BJHL,2026-07-20,762.9,808.0,7678
NICLBSL,2026-07-20,556.2,569.0,5880
UMHL,2026-07-20,585.0,600.0,47646
SKHEL,2026-07-20,1000.0,1029.8,5311
SPC,2026-07-20,446.0,439.8,5615
CLI,2026-07-20,450.0,457.5,10614
EDBL,2026-07-20,577.0,584.0,2464
CKHL,2026-07-20,630.0,648.9,2519
MEHL,2026-07-20,311.0,324.4,8859
ICFCD89,2026-07-20,1090.1,1100.0,200
PMHPL,2026-07-20,316.1,328.0,8635
NICBF,2026-07-20,9.05,9.1,1500
JSLBB,2026-07-20,994.1,1020.0,993
ULHC,2026-07-20,375.0,370.1,12330
UMRH,2026-07-20,545.0,543.0,5520
PPL,2026-07-20,323.0,341.0,36655
GBBL,2026-07-20,412.0,421.0,59719
CITY,2026-07-20,390.0,386.0,207043
SMATA,2026-07-20,760.0,761.0,2029
MMKJL,2026-07-20,440.0,455.0,910
KDBY,2026-07-20,10.76,11.1,53300
RSDC,2026-07-20,666.0,673.9,5985
NMIC,2026-07-20,932.0,964.0,5428
NICFC,2026-07-20,9.1,9.3,1500
KMCDB,2026-07-20,809.0,802.0,1073
KDL,2026-07-20,816.0,822.0,2426
RSY,2026-07-20,9.95,10.1,12000
KSBBL,2026-07-20,490.0,488.4,53127
RBBF40,2026-07-20,9.38,9.18,91250
LICN,2026-07-20,805.0,804.5,5279
SIGS2,2026-07-20,10.5,10.5,300
WNLB,2026-07-20,1360.0,1370.0,343
PRSF,2026-07-20,12.79,12.75,67600
PMLI,2026-07-20,449.0,454.4,7024
BNT,2026-07-20,11701.0,11800.0,85
HBL,2026-07-20,190.0,200.7,28825
GMLI,2026-07-20,1267.9,1253.9,2413
SJLIC,2026-07-20,424.0,426.0,22968
GBILD84/85,2026-07-20,1150.0,1150.0,25
HLICF,2026-07-20,8.42,8.74,10620
MKJC,2026-07-20,461.0,464.0,7396
KAHL,2026-07-20,497.0,508.0,51475
NLIC,2026-07-20,760.0,768.2,25005
PHCL,2026-07-20,303.0,309.9,81908
KBLD89,2026-07-20,1255.0,1255.0,32
SHINE,2026-07-20,414.0,419.0,33213
RLEL,2026-07-20,820.0,916.0,31692
LBLD88,2026-07-20,1153.0,1153.0,20
CHCL,2026-07-20,491.0,496.0,80871
SPHL,2026-07-20,550.0,554.0,6374
MABEL,2026-07-20,602.0,625.0,11311
HHL,2026-07-20,341.0,349.0,23637
JBBD87,2026-07-20,1162.0,1150.0,55
MSHL,2026-07-20,693.0,658.0,1030
NSIF2,2026-07-20,10.4,10.46,780
ULBSL,2026-07-20,2765.0,2888.9,617
UNL,2026-07-20,47010.1,47015.0,20
AKPL,2026-07-20,274.7,267.5,74585
TVCL,2026-07-20,510.0,490.0,4323
MERO,2026-07-20,749.7,712.0,5599
SANVI,2026-07-20,635.0,633.0,20856
HLBSL,2026-07-20,899.0,895.0,1241
CGH,2026-07-20,772.0,785.0,11799
NIBLGF,2026-07-20,10.59,10.55,530
SKBBL,2026-07-20,760.0,765.0,7794
AHL,2026-07-20,428.0,439.9,4046
NLICL,2026-07-20,585.0,590.0,9262
YMHL,2026-07-20,588.0,623.0,31396
RAWA,2026-07-20,440.0,453.0,80265
GVL,2026-07-20,495.0,497.0,12533
NBBD2085,2026-07-20,1130.1,1115.0,11100
NIFRA,2026-07-20,254.0,257.9,52428
SAPDBL,2026-07-20,732.2,797.0,18862
VLUCL,2026-07-20,443.0,452.5,3180
KHPL,2026-07-20,998.0,999.1,13133
GSY,2026-07-20,10.0,10.0,95600
ALBSL,2026-07-20,1030.0,1083.9,2929
CORBL,2026-07-20,1490.0,1498.0,129543
SNLI,2026-07-20,433.0,442.5,8954
DDBL,2026-07-20,861.0,854.5,8964
RHGCL,2026-07-20,283.5,277.0,17559
GILB,2026-07-20,1062.3,1110.1,3093
PRVU,2026-07-20,197.0,198.5,168988
SBID2090,2026-07-20,1067.0,1067.0,25
SBI,2026-07-20,380.0,409.0,40616
MFIL,2026-07-20,800.0,802.0,65980
LEC,2026-07-20,219.0,225.4,168116
SALICO,2026-07-20,606.0,610.0,4862
MHL,2026-07-20,489.9,492.0,10339
USLB,2026-07-20,1220.1,1229.0,657
KKHC,2026-07-20,260.0,267.0,66730
SIGS3,2026-07-20,10.38,10.37,1900
TAMOR,2026-07-20,455.2,452.1,21223
KSY,2026-07-20,9.75,9.75,800
SGHC,2026-07-20,338.0,338.8,44352
MKHC,2026-07-20,293.0,301.4,12896
C30MF,2026-07-20,10.0,10.02,6200
SABBL,2026-07-20,914.0,973.0,15428
HBLD83,2026-07-20,1019.0,1019.0,100
NMB,2026-07-20,233.0,246.0,52880
NTC,2026-07-20,880.0,869.0,9133
AHPC,2026-07-20,275.0,279.1,148502
RMF1,2026-07-20,9.62,9.75,41738
BEDC,2026-07-20,346.5,334.0,18469
RBCLPO,2026-07-20,12100.0,12100.0,50
BFC,2026-07-20,562.0,539.8,54997
GIBF1,2026-07-20,10.45,10.5,2200
SHEL,2026-07-20,312.0,316.0,68754
SHPC,2026-07-20,515.0,522.9,30319
GMFIL,2026-07-20,468.0,470.0,13779
PSF,2026-07-20,11.87,12.0,2200
GRDBL,2026-07-20,1110.0,1088.0,34396
NABIL,2026-07-20,550.0,550.0,100779
NIMBD90,2026-07-20,1290.0,1251.3,145
SAIL,2026-07-20,980.0,1069.2,78017
API,2026-07-20,339.0,346.0,374987
SOHL,2026-07-20,544.0,596.0,130044
MKHL,2026-07-20,518.0,527.3,13017
JOSHI,2026-07-20,269.8,274.0,9640
PCIL,2026-07-20,650.0,665.0,50863
CIT,2026-07-20,1698.0,1710.0,4561
NFS,2026-07-20,585.0,585.0,11713
VLBS,2026-07-20,680.0,692.0,1900
GWFD83,2026-07-20,1160.0,1158.0,2
UNLB,2026-07-20,1310.0,1304.0,199
MLBSL,2026-07-20,1780.0,1780.0,46
SBCF,2026-07-20,10.11,10.15,9100
EBL,2026-07-20,720.0,717.5,39264
SHL,2026-07-20,499.0,503.8,15033
BHL,2026-07-20,211.3,218.1,215139
MLBL,2026-07-20,360.0,364.6,28740
TSHL,2026-07-20,413.0,411.0,21029
CFCL,2026-07-20,601.0,636.0,69994
NRIC,2026-07-20,913.0,1000.0,62179
CYCL,2026-07-20,1378.9,1360.0,956
HPPL,2026-07-20,360.0,373.1,139567
NIMB,2026-07-20,187.0,198.0,138065
ECL,2026-07-20,333.6,372.4,80
SIKLES,2026-07-20,565.0,576.0,6941
SIFC,2026-07-20,525.0,533.9,13965
PURE,2026-07-20,870.0,872.0,5091
JHAPA,2026-07-20,1120.0,1140.0,17738
LUK,2026-07-20,10.25,9.95,400
LBBL,2026-07-20,494.9,500.0,57160
SSHL,2026-07-20,207.0,213.0,161561
BHPL,2026-07-20,489.0,486.1,4788
AKJCL,2026-07-20,362.9,374.4,785535
HEI,2026-07-20,523.0,540.0,4950
LLBS,2026-07-20,940.9,930.2,1821
NGPL,2026-07-20,419.9,428.8,251112
NICA,2026-07-20,323.0,342.1,73386
NBF2,2026-07-20,10.0,10.1,2800
SRLI,2026-07-20,386.0,391.4,15067
KEF,2026-07-20,10.4,10.5,19800
ANLB,2026-07-20,5814.0,5700.0,4326
IHL,2026-07-20,369.0,367.0,15807
SHIVM,2026-07-20,653.5,663.0,150670
GHL,2026-07-20,237.3,233.9,57167
NLG,2026-07-20,589.9,603.0,20230
SCB,2026-07-20,664.0,665.0,4716
CHL,2026-07-20,269.0,274.0,30428
NIMBPO,2026-07-20,149.0,141.3,20147
SBLD89,2026-07-20,1265.0,1240.0,45
RADHI,2026-07-20,753.0,764.9,120520
PCBL,2026-07-20,230.0,242.5,33893
SMHL,2026-07-20,495.0,497.0,30292
NMBMF,2026-07-20,630.0,629.0,896
NIBLSTF,2026-07-20,8.91,8.91,59800
MBLD87,2026-07-20,1161.0,1161.0,25
NBF3,2026-07-20,9.95,10.0,31580
UPPER,2026-07-20,200.0,202.5,158748
UHEWA,2026-07-20,560.0,597.5,82480
RURU,2026-07-20,632.0,634.0,12374
MHNL,2026-07-20,240.0,246.9,18310
PRIN,2026-07-20,698.0,702.4,5527
SWBBL,2026-07-20,688.0,682.9,18663
ILI,2026-07-20,423.1,427.7,10159
RFPL,2026-07-20,344.0,352.0,35490
MATRI,2026-07-20,851.0,865.0,1550
RIDI,2026-07-20,332.1,359.7,576803
CHDC,2026-07-20,2179.0,2218.0,19524
SAHAS,2026-07-20,665.0,666.5,124831
HRL,2026-07-20,582.0,616.0,185510
NWCL,2026-07-20,731.3,750.0,2744
UPCL,2026-07-20,352.0,370.0,78562
SICL,2026-07-20,620.0,634.0,5785
SWMF,2026-07-20,640.0,644.9,4457
SMB,2026-07-20,1947.0,1900.0,3048
CSY,2026-07-20,8.78,9.3,4900
SKHL,2026-07-20,931.3,920.0,18051
USHL,2026-07-20,540.0,540.0,4097
ILBS,2026-07-20,917.0,891.0,2345
PROFL,2026-07-20,444.0,449.4,6463
MEN,2026-07-20,595.0,600.0,88947
TRH,2026-07-20,768.0,789.9,1480
SYPNL,2026-07-20,1350.0,1397.5,108582
HDL,2026-07-20,1191.0,1179.9,32918
SLBBL,2026-07-20,826.0,820.0,2183
JFL,2026-07-20,399.0,401.9,4910
SPDL,2026-07-20,394.7,393.3,37456
MAKAR,2026-07-20,491.0,470.2,15690
NIL,2026-07-20,620.0,635.4,7086
SGHL,2026-07-20,481.0,503.0,101629
NMBD87/88,2026-07-20,1249.0,1211.0,42
NIFRAGED,2026-07-20,1033.0,1020.8,205
MANDU,2026-07-20,790.1,801.1,3691
SFEF,2026-07-20,9.96,10.0,500
GLH,2026-07-20,255.0,265.0,40366
BANDIPUR,2026-07-20,740.0,744.0,39527
MBL,2026-07-20,262.0,258.1,97419
HATHY,2026-07-20,720.0,782.0,11632
SHLB,2026-07-20,1520.0,1475.1,70
NRM,2026-07-20,330.0,322.0,7132
STC,2026-07-20,5279.0,5295.0,359
OMPL,2026-07-20,943.0,989.0,6316
GCIL,2026-07-20,385.3,372.0,31484
HLI,2026-07-20,344.4,335.5,46358
SGIC,2026-07-20,475.0,485.0,9884
CBBL,2026-07-20,928.0,935.0,14360
JBBL,2026-07-20,350.0,357.0,62902
MSLB,2026-07-20,1216.2,1248.9,694
SMFBS,2026-07-20,1643.2,1555.0,532
HIDCL,2026-07-20,265.0,267.0,109486
SJCL,2026-07-20,285.0,285.3,10633
NHPC,2026-07-20,272.0,280.0,571209
LVF2,2026-07-20,9.8,9.81,1500
TPC,2026-07-20,368.0,367.0,10946
EBLD85,2026-07-20,1160.0,1160.4,120
SLCF,2026-07-20,10.2,10.0,3038
BNHC,2026-07-20,284.0,298.0,48388
SFMF,2026-07-20,10.5,10.5,150
H8020,2026-07-20,11.55,11.62,800
NABBC,2026-07-20,800.2,815.0,100977
SBD87,2026-07-20,1150.0,1150.0,10
SINDU,2026-07-20,700.0,716.0,10748
GMFBS,2026-07-20,1220.0,1215.0,647
RMF2,2026-07-20,9.65,9.99,2600
ACLBSL,2026-07-20,930.0,945.0,618
MNMF1,2026-07-20,9.6,9.9,7500
NADEP,2026-07-20,750.0,759.8,1460
DLBS,2026-07-20,1240.0,1219.0,216
SNORL,2026-07-20,810.0,830.0,26070
ALICL,2026-07-20,440.0,442.5,18488
MEL,2026-07-20,231.0,226.0,36999
MKCL,2026-07-20,1090.0,1149.0,2110
NICSF,2026-07-20,9.0,9.27,1855
FOWAD,2026-07-20,1004.0,1000.0,1214
SOPL,2026-07-17,780.0,823.1,56949
SHLB,2026-07-17,1500.0,1500.0,490
MHNL,2026-07-17,227.0,244.5,33394
VLBS,2026-07-17,650.0,680.0,2096
SJLIC,2026-07-17,395.0,425.0,12428
WNLB,2026-07-17,1350.0,1381.0,281
SGHC,2026-07-17,328.0,330.0,31842
NABBC,2026-07-17,814.0,825.0,9854
CKHL,2026-07-17,618.9,614.0,5357
H8020,2026-07-17,11.35,11.72,550
MAKAR,2026-07-17,473.4,478.9,27092
GBBL,2026-07-17,406.0,411.0,21076
MPFL,2026-07-17,607.9,619.9,8140
EHPL,2026-07-17,338.0,350.0,24582
AHPC,2026-07-17,266.9,272.0,77148
JBLB,2026-07-17,1250.0,1296.9,6153
GMFIL,2026-07-17,447.0,468.0,16105
ACLBSL,2026-07-17,932.0,935.0,611
MBJC,2026-07-17,266.6,275.0,10788
KEF,2026-07-17,10.05,10.34,3500
TRH,2026-07-17,767.1,780.0,2081
NICLBSL,2026-07-17,554.9,572.6,7397
BFC,2026-07-17,509.0,537.9,80119
KSBBL,2026-07-17,475.0,485.8,12637
BBC,2026-07-17,4260.0,4199.9,80
BJHL,2026-07-17,700.0,754.0,9376
HEI,2026-07-17,534.9,535.0,7861
GVL,2026-07-17,474.3,491.3,14130
HDHPC,2026-07-17,206.0,216.1,208257
MKHL,2026-07-17,513.0,518.9,15530
MKHC,2026-07-17,275.0,296.0,2731
API,2026-07-17,305.0,339.9,217252
HBL,2026-07-17,192.5,199.5,56571
MNMF1,2026-07-17,9.61,9.61,1100
DORDI,2026-07-17,253.0,261.9,39350
MEN,2026-07-17,573.0,588.0,43312
MNBBL,2026-07-17,369.8,370.0,23996
GUFL,2026-07-17,555.5,559.0,15375
UPPER,2026-07-17,200.8,199.0,130802
SMPDA,2026-07-17,735.0,780.0,2093
NIBLSTF,2026-07-17,8.8,9.18,24400
LSL,2026-07-17,216.1,222.8,156215
SRLI,2026-07-17,375.0,386.9,11142
C30MF,2026-07-17,10.2,10.2,15000
SIGS2,2026-07-17,10.67,10.67,110
PROFL,2026-07-17,438.0,444.0,6840
FOWAD,2026-07-17,965.0,1004.4,2646
GFCL,2026-07-17,600.0,619.6,7728
DHEL,2026-07-17,542.0,572.0,26156
MDB,2026-07-17,583.0,596.6,5260
PRSF,2026-07-17,12.72,12.79,2800
JFL,2026-07-17,394.0,399.0,4090
LBBL,2026-07-17,485.0,495.0,23295
NGPL,2026-07-17,417.0,418.2,360263
HURJA,2026-07-17,229.0,238.0,54855
TVCL,2026-07-17,461.0,490.0,3133
RLEL,2026-07-17,740.0,799.0,20326
TTL,2026-07-17,714.9,736.0,12846
EDBL,2026-07-17,578.0,577.0,2872
AVYAN,2026-07-17,1020.0,1075.0,1529
MBL,2026-07-17,249.9,255.0,113446
CORBL,2026-07-17,1516.7,1530.0,119131
SHEL,2026-07-17,308.5,311.8,105952
RFPL,2026-07-17,331.8,335.1,34545
JBBL,2026-07-17,336.0,349.7,23039
MBLEF,2026-07-17,9.84,10.05,7970
SMB,2026-07-17,1869.0,1890.0,2351
CBBL,2026-07-17,918.0,929.0,12245
CREST,2026-07-17,1150.0,1214.7,11484
NRN,2026-07-17,1280.0,1462.6,83472
VLUCL,2026-07-17,436.0,444.0,3539
SPHL,2026-07-17,547.0,560.8,11799
LVF2,2026-07-17,9.7,10.0,900
DDBL,2026-07-17,840.0,852.0,5052
NLIC,2026-07-17,745.0,769.9,16890
SJCL,2026-07-17,279.0,284.1,12448
ENL,2026-07-17,827.0,848.0,828
BHCL,2026-07-17,463.0,482.0,23309
BNT,2026-07-17,11650.0,11650.0,70
NICL,2026-07-17,520.0,524.8,9270
HLI,2026-07-17,323.0,328.0,30096
LLBS,2026-07-17,930.0,923.9,200
KBSH,2026-07-17,1235.9,1194.0,1744
HLICF,2026-07-17,8.7,8.64,800
RIDI,2026-07-17,309.7,349.5,447865
GBIMESY2,2026-07-17,9.69,9.69,910
NLICL,2026-07-17,565.1,588.0,15841
SGHL,2026-07-17,462.0,481.0,55633
MANDU,2026-07-17,819.0,800.0,593
SOHL,2026-07-17,500.1,544.0,66962
MMF1,2026-07-17,9.46,9.87,5700
BHDC,2026-07-17,421.3,435.9,9988
SLBBL,2026-07-17,800.0,817.0,2386
SHL,2026-07-17,492.0,499.5,17187
CHDC,2026-07-17,2160.0,2154.9,19790
MLBLD89,2026-07-17,1280.4,1280.4,10
NHDL,2026-07-17,635.0,649.0,5959
MLBSL,2026-07-17,1730.8,1759.0,292
BGWT,2026-07-17,562.3,560.0,2281
GMLI,2026-07-17,1140.0,1231.0,6158
HDL,2026-07-17,1148.0,1163.0,20089
RBCL,2026-07-17,14893.0,14894.0,30
AKPL,2026-07-17,252.0,261.7,65963
SBCF,2026-07-17,9.75,10.19,66369
UHEWA,2026-07-17,550.0,572.0,37884
KBL,2026-07-17,215.0,220.0,368801
SCB,2026-07-17,664.5,662.9,7453
ANLB,2026-07-17,7560.0,6120.0,267
NMB,2026-07-17,241.6,245.0,24088
APHL,2026-07-17,800.1,828.1,22129
MEHL,2026-07-17,304.9,311.0,4355
USHEC,2026-07-17,482.2,501.7,3542
ALBSL,2026-07-17,1021.0,1075.0,7868
SIPD,2026-07-17,574.9,626.0,25904
CSY,2026-07-17,9.0,9.03,2300
MHL,2026-07-17,480.0,489.9,6720
RLFL,2026-07-17,462.0,470.0,31609
GBIME,2026-07-17,242.8,246.0,98871
GILB,2026-07-17,1070.0,1100.0,1060
KSY,2026-07-17,10.0,9.75,700
HEIP,2026-07-17,366.7,342.0,550
OMPL,2026-07-17,905.5,943.0,4239
ILI,2026-07-17,408.0,424.0,5127
MERO,2026-07-17,690.1,714.0,18615
NICSF,2026-07-17,9.1,9.26,2900
GRDBL,2026-07-17,1059.8,1058.0,6687
HLBSL,2026-07-17,882.9,883.0,274
NMB50,2026-07-17,10.45,10.6,23850
NADEP,2026-07-17,739.0,750.0,611
NICD88,2026-07-17,1095.0,1092.1,900
GHL,2026-07-17,219.0,226.0,45081
SMH,2026-07-17,509.0,512.0,36777
NBL,2026-07-17,265.3,266.6,42394
CITY,2026-07-17,346.0,382.0,216050
PMHPL,2026-07-17,320.29,325.0,6382
RNLI,2026-07-17,436.0,451.8,9257
HIMSTAR,2026-07-17,653.0,714.0,8444
SAGF,2026-07-17,10.49,10.49,100
GIBF1,2026-07-17,10.27,10.45,14450
SWBBL,2026-07-17,655.0,677.0,9522
NMBHF2,2026-07-17,9.93,9.56,8650
SBLD2091,2026-07-17,1080.0,1080.0,10
CYCL,2026-07-17,1328.0,1360.0,1228
KDL,2026-07-17,795.0,816.0,2593
HPPL,2026-07-17,349.9,364.8,123594
CIZBD90,2026-07-17,1175.0,1175.0,1900
KAHL,2026-07-17,473.0,497.0,33606
CGH,2026-07-17,765.0,773.0,7342
ECL,2026-07-17,296.6,323.9,50
AHL,2026-07-17,425.0,430.0,4378
DLBS,2026-07-17,1215.0,1235.0,139
EBLD85,2026-07-17,1155.0,1153.0,90
SLBSL,2026-07-17,1123.69,1115.0,7854
MLBL,2026-07-17,353.0,360.5,20242
CHCL,2026-07-17,484.5,487.0,16591
HFIN,2026-07-17,650.0,696.2,44863
JOSHI,2026-07-17,260.0,269.8,18183
NWCL,2026-07-17,734.8,749.0,1592
ICFCD88,2026-07-17,1164.0,1155.0,25
UMRH,2026-07-17,525.0,540.0,11625
SIGS3,2026-07-17,10.25,10.7,460
UNHPL,2026-07-17,389.0,396.1,20665
ICFCD89,2026-07-17,1105.0,1106.0,619
BARUN,2026-07-17,322.0,334.1,36444
GCIL,2026-07-17,341.0,367.0,38512
BNHC,2026-07-17,286.0,289.9,26202
MHCL,2026-07-17,312.0,329.0,3917
TPC,2026-07-17,357.0,360.0,16713
BHPL,2026-07-17,471.0,489.0,8419
GWFD83,2026-07-17,1153.0,1160.0,46
SKHEL,2026-07-17,900.5,1004.0,14021
HHL,2026-07-17,330.0,346.0,44564
MFIL,2026-07-17,789.0,800.0,116210
RSY,2026-07-17,10.2,10.0,46100
SNLI,2026-07-17,423.0,436.0,7675
SGIC,2026-07-17,469.5,485.0,23801
RHPL,2026-07-17,253.0,263.6,8545
PPL,2026-07-17,304.0,340.0,33445
NMLBBL,2026-07-17,535.0,544.0,8160
SFEF,2026-07-17,9.95,9.95,200
CLI,2026-07-17,435.1,451.0,4003
NIMB,2026-07-17,195.0,196.4,93380
ULHC,2026-07-17,366.9,373.0,11147
JHAPA,2026-07-17,1015.0,1111.0,19345
NFS,2026-07-17,571.0,577.7,5529
MABEL,2026-07-17,567.0,602.0,10093
RBCLPO,2026-07-17,12443.2,12100.0,75
NRM,2026-07-17,305.1,321.0,18927
NABIL,2026-07-17,539.0,542.7,66735
SHINE,2026-07-17,412.5,413.9,18100
LICN,2026-07-17,795.0,798.0,15549
SKBBL,2026-07-17,758.0,763.8,5098
NICGF2,2026-07-17,9.3,9.5,52027
SCBD,2026-07-17,1130.0,1130.0,88
MCHL,2026-07-17,283.0,290.0,13687
UAIL,2026-07-17,445.5,475.9,52661
PCIL,2026-07-17,595.0,652.0,103764
NICFC,2026-07-17,8.8,9.1,900
NBF3,2026-07-17,9.7,10.0,4920
RADHI,2026-07-17,735.0,737.5,88960
USLB,2026-07-17,1159.0,1220.0,1411
NTC,2026-07-17,860.0,862.0,13997
NSIF2,2026-07-17,10.53,10.53,670
SANVI,2026-07-17,565.0,607.7,19363
SIKLES,2026-07-17,555.0,570.0,11901
MSLB,2026-07-17,1240.0,1239.8,991
SWASTIK,2026-07-17,1950.0,2075.0,578
YMHL,2026-07-17,550.0,588.1,22304
MKCL,2026-07-17,1110.0,1119.0,2010
TAMOR,2026-07-17,441.0,448.1,14552
RURU,2026-07-17,636.5,619.0,5670
HIDCLP,2026-07-17,190.9,195.3,105167
SPIL,2026-07-17,719.0,725.0,448
NLG,2026-07-17,565.0,578.1,37975
RBBF40,2026-07-17,9.7,9.38,15441
SAHAS,2026-07-17,667.8,658.9,87081
IHL,2026-07-17,354.0,359.0,19613
CIT,2026-07-17,1679.0,1697.0,4443
OHL,2026-07-17,696.5,690.0,2558
SHPC,2026-07-17,499.0,513.0,55253
SMHL,2026-07-17,485.0,492.0,43806
LEC,2026-07-17,208.8,218.8,125636
NMFBS,2026-07-17,1105.1,1128.0,3343
SALICO,2026-07-17,610.0,620.0,4612
ADBLD83,2026-07-17,1062.2,1062.2,46
ILBS,2026-07-17,825.0,874.0,1332
KPCL,2026-07-17,460.0,478.7,7411
MSHL,2026-07-17,581.0,660.0,249
MLBBL,2026-07-17,1137.0,1149.0,3543
SLCF,2026-07-17,10.54,10.24,8100
BHL,2026-07-17,200.0,212.0,119440
NIBSF2,2026-07-17,8.84,8.85,3920
SBI,2026-07-17,394.9,399.9,34768
RSDC,2026-07-17,649.8,664.0,4400
NIFRA,2026-07-17,247.0,254.9,72653
KMCDB,2026-07-17,782.0,797.9,2603
SHIVM,2026-07-17,600.0,652.0,108959
NIL,2026-07-17,621.9,632.0,5801
FMDBL,2026-07-17,817.0,785.0,37212
AKJCL,2026-07-17,352.0,363.0,619740
SANIMA,2026-07-17,350.1,361.0,54196
EBL,2026-07-17,703.5,718.0,25601
SAIL,2026-07-17,796.1,963.7,67127
HRL,2026-07-17,568.0,581.9,93740
USHL,2026-07-17,518.7,515.0,3832
RMF1,2026-07-17,9.76,9.76,11300
SINDU,2026-07-17,688.9,700.0,12796
SYPNL,2026-07-17,1192.3,1338.0,56308
IGI,2026-07-17,435.6,445.1,19263
LUK,2026-07-17,10.19,10.49,7820
NYADI,2026-07-17,369.7,375.0,4002
NSY,2026-07-17,9.46,9.7,2500
SMFBS,2026-07-17,1524.4,1565.0,879
PRIN,2026-07-17,701.4,690.0,6967
CHL,2026-07-17,259.0,265.2,21363
SKHL,2026-07-17,858.9,887.0,26143
MKJC,2026-07-17,458.0,461.0,4530
NESDO,2026-07-17,1509.9,1525.0,231
MATRI,2026-07-17,840.0,874.0,152
PMLI,2026-07-17,435.9,454.9,2637
NRIC,2026-07-17,950.0,961.0,35033
SADBL,2026-07-17,410.0,413.7,25726
NBF2,2026-07-17,9.61,9.8,500
SAGAR,2026-07-17,1590.0,1719.9,19486
DOLTI,2026-07-17,315.0,332.2,30006
SARBTM,2026-07-17,779.0,795.0,5780
SFMF,2026-07-17,10.2,10.2,5000
MLBS,2026-07-17,1150.0,1190.0,348
FOWADP,2026-07-17,550.0,550.0,4350
SPC,2026-07-17,425.9,435.0,7389
PHCL,2026-07-17,298.0,306.8,61395
UPCL,2026-07-17,348.0,352.0,61680
SEF,2026-07-17,9.96,9.98,8497
SMJC,2026-07-17,428.1,449.0,10557
NHPC,2026-07-17,245.9,269.0,426685
SIFC,2026-07-17,523.0,525.0,8988
SNORL,2026-07-17,779.1,803.0,25341
SBL,2026-07-17,397.0,401.0,106926
BUNGAL,2026-07-17,576.0,625.2,55241
HIDCL,2026-07-17,254.0,264.8,61980
PSF,2026-07-17,12.0,11.92,12716
SAPDBL,2026-07-17,766.6,770.7,14186
GBLBS,2026-07-17,747.5,753.0,2686
ULBSL,2026-07-17,2878.0,2845.0,849
NMBMF,2026-07-17,605.0,626.0,4156
JSLBB,2026-07-17,1009.9,1020.0,748
ACLBSLP,2026-07-17,512.0,512.0,6960
NUBL,2026-07-17,636.0,635.0,2774
ICFCD83,2026-07-17,1154.0,1211.7,1
BANDIPUR,2026-07-17,666.0,705.0,23565
CZBIL,2026-07-17,200.0,203.0,66602
ADBL,2026-07-17,309.0,311.0,29794
TPKHL,2026-07-17,494.0,516.0,44421
RHGCL,2026-07-17,246.6,270.0,27112
SONA,2026-07-17,401.5,417.1,23789
BEDC,2026-07-17,317.0,330.0,41743
RMF2,2026-07-17,9.9,9.92,400
DHPL,2026-07-17,283.0,290.0,6368
NIMBPO,2026-07-17,146.0,147.0,3520
HATHY,2026-07-17,675.0,720.0,10866
UMHL,2026-07-17,555.0,591.0,125723
NMIC,2026-07-17,913.0,939.8,2382
MMKJL,2026-07-17,442.9,449.0,1413
PCBL,2026-07-17,238.8,242.0,32748
MEL,2026-07-17,214.0,220.0,27167
TSHL,2026-07-17,365.0,405.0,33801
SMATA,2026-07-17,729.0,754.9,2137
UNLB,2026-07-17,1282.0,1300.0,339
NICA,2026-07-17,331.0,339.7,43198
SWMF,2026-07-17,629.0,638.0,6117
SBLD89,2026-07-17,1261.0,1261.0,10
KBLD89,2026-07-17,1300.0,1260.0,1409
EBLD86,2026-07-17,1091.3,1091.3,25
GMFBS,2026-07-17,1222.0,1200.0,1033
NBBD2085,2026-07-17,1165.0,1165.0,40
PURE,2026-07-17,821.8,870.0,10043
GLBSL,2026-07-17,1798.9,1765.5,579
PRVU,2026-07-17,191.1,197.0,146628
SSHL,2026-07-17,199.0,207.5,191735
ICFC,2026-07-17,605.0,608.5,10767
STC,2026-07-17,5249.0,5259.0,657
SPL,2026-07-17,673.0,674.0,1282
CFCL,2026-07-17,614.7,631.6,123942
BPCL,2026-07-17,650.0,671.0,31635
KKHC,2026-07-17,254.0,260.0,39565
KDBY,2026-07-17,10.74,10.87,7300
PPCL,2026-07-17,338.0,346.0,14383
RAWA,2026-07-17,419.0,437.6,57692
ALICL,2026-07-17,426.9,433.7,12498
GLH,2026-07-17,250.2,254.1,55312
SPDL,2026-07-17,372.0,394.7,117709
KHPL,2026-07-17,920.0,998.0,24893
RSML,2026-07-17,2940.0,3200.0,49947
SICL,2026-07-17,625.0,629.0,6446
SABBL,2026-07-17,850.0,914.0,13371
TVCL,2026-07-16,465.0,469.0,3379
NYADI,2026-07-16,358.1,359.0,4799
NHDL,2026-07-16,639.0,630.9,17638
KBSH,2026-07-16,1215.0,1200.1,322
USHL,2026-07-16,516.0,494.0,3800
RIDI,2026-07-16,328.0,326.0,494227
NICFC,2026-07-16,9.5,9.06,2340
MLBS,2026-07-16,1151.0,1149.4,465
UMHL,2026-07-16,571.7,572.0,123162
PURE,2026-07-16,753.0,865.0,8388
SRBLD83,2026-07-16,1099.0,1098.9,20217
API,2026-07-16,325.1,320.7,143676
SKHEL,2026-07-16,868.1,874.3,1920
BPCL,2026-07-16,612.0,668.0,37996
GCIL,2026-07-16,323.0,340.0,28976
NRN,2026-07-16,1423.8,1344.0,169919
PPL,2026-07-16,307.0,320.0,9133
GUFL,2026-07-16,545.0,540.0,2429
GBIME,2026-07-16,242.0,240.0,55035
RMF2,2026-07-16,10.0,10.0,3100
JFL,2026-07-16,390.0,383.0,3435
JBBL,2026-07-16,343.0,339.0,8028
BNL,2026-07-16,14100.0,14150.0,20
SMHL,2026-07-16,474.0,485.0,68832
SCB,2026-07-16,639.0,666.1,14522
CZBIL,2026-07-16,197.9,196.9,30884
EBL,2026-07-16,697.0,695.0,33249
NABIL,2026-07-16,535.5,534.9,28326
JHAPA,2026-07-16,1000.0,1015.0,6912
HIDCL,2026-07-16,250.0,250.0,62953
LICN,2026-07-16,782.0,789.8,6429
SIGS3,2026-07-16,10.2,10.5,1830
SAIL,2026-07-16,893.5,838.0,11597
PROFL,2026-07-16,451.5,433.0,3120
SPHL,2026-07-16,515.4,575.3,12638
ACLBSL,2026-07-16,905.0,932.0,609
GBIMESY2,2026-07-16,9.97,9.98,16750
GWFD83,2026-07-16,1140.8,1153.0,6
SHEL,2026-07-16,299.0,302.9,821873
KMCDB,2026-07-16,761.0,772.6,857
EBLD85,2026-07-16,1160.0,1160.0,25
HFIN,2026-07-16,650.0,644.0,20044
GLH,2026-07-16,244.0,243.0,21079
GBBL,2026-07-16,403.0,403.8,19856
SABBL,2026-07-16,830.1,835.0,9425
NIFRA,2026-07-16,244.0,245.6,39713
TSHL,2026-07-16,367.9,365.0,22855
MKCL,2026-07-16,1070.0,1101.0,1594
RMF1,2026-07-16,10.05,10.05,49324
MMKJL,2026-07-16,440.0,430.0,2110
PRIN,2026-07-16,676.1,668.1,1666
SOHL,2026-07-16,520.0,509.0,107520
NIL,2026-07-16,609.0,610.0,3627
NHPC,2026-07-16,257.0,243.0,169424
NSY,2026-07-16,10.09,9.75,19800
CYCL,2026-07-16,1320.0,1328.0,384
SADBL,2026-07-16,420.0,404.0,9045
NMBMF,2026-07-16,606.6,593.0,1175
NESDO,2026-07-16,1480.0,1466.0,334
SONA,2026-07-16,401.0,401.3,11930
KSBBL,2026-07-16,470.4,474.0,65907
TAMOR,2026-07-16,458.3,437.0,35199
SHINED,2026-07-16,1145.0,1144.0,7
SICL,2026-07-16,613.0,615.0,3805
SHPC,2026-07-16,489.0,490.0,44711
GBBD85,2026-07-16,1065.2,1100.0,106
PCIL,2026-07-16,590.0,595.0,43238
NBBD2085,2026-07-16,1140.0,1140.0,142
UNLB,2026-07-16,1338.6,1275.0,375
PMLI,2026-07-16,463.0,433.1,3461
NBLD82,2026-07-16,1086.0,1086.0,10000
PMLIP,2026-07-16,255.0,255.0,13000
ICFCD83,2026-07-16,1140.0,1154.0,6
NMBHF2,2026-07-16,9.5,10.13,79180
MKHC,2026-07-16,289.0,283.3,5751
MEHL,2026-07-16,301.0,298.0,1755
SBLD84,2026-07-16,1090.0,1090.0,48769
ULHC,2026-07-16,366.5,358.2,10191
BUNGAL,2026-07-16,571.9,585.0,40201
H8020,2026-07-16,11.65,11.65,10000
UHEWA,2026-07-16,578.0,553.0,28801
ADBLD83,2026-07-16,1075.1,1095.0,200
MFLD85,2026-07-16,1180.0,1187.5,25
ILI,2026-07-16,401.2,408.0,6793
EBLD86,2026-07-16,1125.0,1125.0,10
SBIBD86,2026-07-16,1175.0,1161.0,500
GLBSL,2026-07-16,1770.0,1763.9,257
MNBBL,2026-07-16,362.4,362.9,12086
CHL,2026-07-16,259.0,256.0,14841
SGIC,2026-07-16,497.4,469.0,13349
DHEL,2026-07-16,550.0,540.1,20078
MNMF1,2026-07-16,10.2,9.9,2500
RBCL,2026-07-16,14797.0,14879.0,60
NICAD85/86,2026-07-16,1140.0,1174.0,100225
SGHC,2026-07-16,330.0,320.0,16020
BFC,2026-07-16,509.0,514.5,24660
RURU,2026-07-16,603.2,618.0,8361
MSHL,2026-07-16,585.0,589.0,899
NMBD89/90,2026-07-16,1424.0,1460.0,70
KPCL,2026-07-16,455.3,459.0,12862
GSY,2026-07-16,9.91,10.3,32000
KBLD89,2026-07-16,1309.0,1314.0,777
MEL,2026-07-16,210.2,214.5,3110
DHPL,2026-07-16,270.0,275.0,1171
CREST,2026-07-16,1186.9,1174.7,6005
NMFBS,2026-07-16,1109.0,1102.0,1333
VLBS,2026-07-16,652.0,650.0,2590
GHL,2026-07-16,219.9,215.0,31722
RFPL,2026-07-16,315.0,326.0,32454
NICD88,2026-07-16,1125.0,1125.0,54
SKHL,2026-07-16,844.0,818.0,7013
HDHPC,2026-07-16,206.0,203.0,91767
ICFC,2026-07-16,592.0,589.0,9136
CIZBD90,2026-07-16,1225.0,1210.0,101780
RBCLPO,2026-07-16,11350.0,12828.0,350
MHCL,2026-07-16,307.0,309.0,1625
KKHC,2026-07-16,254.0,249.0,22390
APHL,2026-07-16,800.0,819.0,9640
SMFBS,2026-07-16,1520.0,1480.0,2147
SARBTM,2026-07-16,780.0,772.0,15491
PBLD87,2026-07-16,1120.0,1120.0,10
GILB,2026-07-16,1078.8,1060.0,2608
SBCF,2026-07-16,9.37,9.75,12790
UMRH,2026-07-16,515.0,517.0,5017
PSF,2026-07-16,11.71,11.8,6100
CIT,2026-07-16,1689.0,1670.0,3427
MAKAR,2026-07-16,452.1,488.0,14572
SMH,2026-07-16,507.0,504.8,8435
DORDI,2026-07-16,252.0,247.0,6530
MANDU,2026-07-16,800.0,800.0,3127
SPDL,2026-07-16,367.0,382.9,62421
SLBSL,2026-07-16,1103.0,1100.0,1986
EHPL,2026-07-16,318.3,328.3,18118
NFS,2026-07-16,575.0,555.0,11531
SHINE,2026-07-16,417.3,415.0,22436
GBLBS,2026-07-16,734.0,730.1,211
MLBLD89,2026-07-16,1320.0,1320.0,380
MCHL,2026-07-16,269.7,275.1,1917
SBD87,2026-07-16,1166.0,1150.0,200005
SJCL,2026-07-16,269.0,272.9,8303
CLI,2026-07-16,435.0,435.1,4932
SINDU,2026-07-16,714.0,670.0,6146
HEI,2026-07-16,526.0,520.0,7317
NLG,2026-07-16,603.0,558.0,9654
LVF2,2026-07-16,9.75,9.77,12500
LBBLD89,2026-07-16,1305.0,1308.0,205
NIBLGF,2026-07-16,9.21,10.91,39150
PCBL,2026-07-16,231.0,239.9,64646
SFEF,2026-07-16,9.95,10.19,12800
HBL,2026-07-16,193.0,194.5,24590
UPPER,2026-07-16,192.0,191.3,44003
HHL,2026-07-16,332.0,323.0,16728
MSLB,2026-07-16,1193.2,1230.0,246
NIBSF2,2026-07-16,8.85,9.1,72200
GMFBS,2026-07-16,1170.0,1188.0,207
MBJC,2026-07-16,275.0,266.5,4372
HURJA,2026-07-16,229.0,226.5,24506
NWCL,2026-07-16,693.0,723.0,3898
NRM,2026-07-16,295.1,300.0,7884
KBL,2026-07-16,212.0,210.0,128012
ICFCD89,2026-07-16,1108.3,1119.0,128
NTC,2026-07-16,853.0,857.5,3418
MDB,2026-07-16,568.0,582.0,7145
NLIC,2026-07-16,781.0,749.8,18816
AHL,2026-07-16,414.0,414.0,1528
SLBBL,2026-07-16,781.0,788.9,787
MLBSL,2026-07-16,1734.0,1734.0,76
MBLEF,2026-07-16,9.88,10.0,1600
SPC,2026-07-16,410.1,420.9,1085
RLEL,2026-07-16,743.8,713.0,7825
ENL,2026-07-16,817.0,805.0,764
GIBF1,2026-07-16,10.5,10.5,12150
BHPL,2026-07-16,469.2,458.3,5513
JOSHI,2026-07-16,252.0,255.9,14122
BARUN,2026-07-16,314.1,319.9,18636
MKJC,2026-07-16,468.3,445.0,2259
SBI,2026-07-16,385.1,392.9,10894
KEF,2026-07-16,10.02,10.16,2200
NBF3,2026-07-16,9.7,9.93,22870
USLB,2026-07-16,1163.0,1125.6,804
SBLD89,2026-07-16,1273.0,1300.0,425
LBLD86,2026-07-16,1151.0,1229.0,216
BHCL,2026-07-16,463.3,450.0,25338
TRH,2026-07-16,760.1,785.0,1675
RHPL,2026-07-16,267.7,253.0,11999
NIBLSTF,2026-07-16,8.92,9.04,36531
CIZBD86,2026-07-16,1177.0,1177.0,1
ICFCD88,2026-07-16,1178.6,1164.0,30
GMLI,2026-07-16,1173.0,1169.9,934
GFCL,2026-07-16,601.1,590.1,7913
HBLD86,2026-07-16,1215.0,1220.0,65
BNT,2026-07-16,11750.0,11610.0,120
PRSF,2026-07-16,12.41,12.35,153828
TTL,2026-07-16,700.0,696.5,7422
NIMBD90,2026-07-16,1271.0,1272.0,30951
RHGCL,2026-07-16,251.0,249.9,14851
NBF2,2026-07-16,9.9,9.9,6311
SMATA,2026-07-16,720.0,730.0,1828
NSIF2,2026-07-16,10.23,10.23,100
UAIL,2026-07-16,431.1,433.0,3229
BBC,2026-07-16,4239.0,4169.0,60
NICGF2,2026-07-16,9.9,9.49,2680
CSY,2026-07-16,9.06,9.02,8920
RSY,2026-07-16,9.76,10.24,8910
SWBBL,2026-07-16,651.0,643.0,53284
SBID2090,2026-07-16,1100.0,1100.0,21633
SALICO,2026-07-16,597.9,605.0,11795
HLICF,2026-07-16,8.7,8.7,4360
MPFL,2026-07-16,600.0,594.0,2831
RBBD2088,2026-07-16,1083.0,1083.0,24176
SBLD2091,2026-07-16,1090.0,1090.0,15000
PRVU,2026-07-16,190.0,189.6,55989
SCBD,2026-07-16,1137.0,1145.0,31008
NLICL,2026-07-16,609.0,579.0,68074
HLBSL,2026-07-16,836.1,869.4,61
NMB,2026-07-16,241.5,239.5,13630
EDBL,2026-07-16,578.0,561.3,2995
NMB50,2026-07-16,10.19,10.18,14700
PPCL,2026-07-16,340.8,330.0,5691
CBLD88,2026-07-16,1305.0,1314.0,5
LBBL,2026-07-16,508.2,483.4,31140
SMB,2026-07-16,1800.0,1827.0,3704
BNHC,2026-07-16,293.4,278.0,33568
CCBD88,2026-07-16,1290.0,1326.0,151035
MERO,2026-07-16,663.0,670.0,5384
SMJC,2026-07-16,439.9,426.3,20465
MBLD2085,2026-07-16,1132.7,1233.0,33
SFMF,2026-07-16,10.1,10.0,10000
BEDC,2026-07-16,315.0,308.0,11679
KSY,2026-07-16,9.75,10.03,300
ULBSL,2026-07-16,2729.4,2800.0,1693
HEIP,2026-07-16,325.0,378.0,7180
MATRI,2026-07-16,808.1,839.0,289
AKPL,2026-07-16,264.0,249.0,48150
SIGS2,2026-07-16,10.4,11.0,7000
SNLI,2026-07-16,419.0,422.1,4151
YMHL,2026-07-16,546.1,556.0,17544
NICLBSL,2026-07-16,560.0,542.0,4464
SWASTIK,2026-07-16,1950.2,1960.0,384
SANIMA,2026-07-16,352.9,350.0,50971
JBLB,2026-07-16,1230.0,1250.0,1473
HDL,2026-07-16,1143.2,1140.0,36014
CHDC,2026-07-16,2173.5,2060.2,18516
MLBBL,2026-07-16,1139.0,1117.0,2227
SIFC,2026-07-16,505.0,509.0,2114
SAHAS,2026-07-16,637.1,636.0,64937
SHLB,2026-07-16,1479.0,1479.0,10
SBID89,2026-07-16,1149.5,1150.0,125
SIPD,2026-07-16,565.0,558.9,10156
NADEP,2026-07-16,708.0,739.5,2760
KBLD90,2026-07-16,1320.0,1488.0,246
UNHPL,2026-07-16,402.0,378.0,16510
SOPL,2026-07-16,732.5,780.0,51223
SKBBL,2026-07-16,745.0,751.9,14872
CKHL,2026-07-16,531.0,638.0,32751
ALBSL,2026-07-16,1020.0,1050.0,3421
GMFIL,2026-07-16,452.0,450.0,12841
SHIVM,2026-07-16,627.5,621.0,58274
PBLD86,2026-07-16,1328.0,1470.0,39
LLBS,2026-07-16,939.3,919.9,511
SPIL,2026-07-16,690.1,741.0,7889
MABEL,2026-07-16,560.0,552.0,7084
MHNL,2026-07-16,233.0,235.0,7796
DLBS,2026-07-16,1133.0,1209.0,495
MEN,2026-07-16,560.0,568.9,27746
SSHL,2026-07-16,190.0,194.9,74593
NICL,2026-07-16,534.4,512.9,10117
GRDBL,2026-07-16,1000.4,1038.9,4462
CHCL,2026-07-16,477.2,475.1,14892
GVL,2026-07-16,468.0,480.0,18946
NIBD84,2026-07-16,1096.0,1102.0,48315
NCCD86,2026-07-16,1225.6,1299.0,220
BGWT,2026-07-16,546.0,546.0,1434
SNORL,2026-07-16,771.0,779.0,16511
RADHI,2026-07-16,708.0,700.0,24647
LSL,2026-07-16,212.1,215.1,81383
SPL,2026-07-16,618.0,662.0,6146
ADBL,2026-07-16,303.1,309.0,21483
NMLBBL,2026-07-16,520.0,534.9,9491
SMBPO,2026-07-16,986.0,986.0,7661
RSDC,2026-07-16,661.0,649.8,841
SAPDBL,2026-07-16,720.1,730.1,17409
BHL,2026-07-16,210.0,204.0,31388
DDBL,2026-07-16,839.9,850.0,10041
PBD84,2026-07-16,1085.0,1085.0,25
BJHL,2026-07-16,702.0,681.0,3138
RLFL,2026-07-16,459.0,450.0,31854
CGH,2026-07-16,808.5,755.2,6674
RBBF40,2026-07-16,9.71,9.99,12450
MLBL,2026-07-16,355.8,346.0,4387
LEC,2026-07-16,209.9,203.0,64279
HATHY,2026-07-16,675.0,672.9,6428
VLUCL,2026-07-16,422.1,428.0,1680
NGPL,2026-07-16,406.0,398.0,228603
SGHL,2026-07-16,470.0,462.0,36739
BANDIPUR,2026-07-16,708.1,661.0,16750
SLCF,2026-07-16,9.7,10.55,5500
NUBL,2026-07-16,601.0,635.0,13871
PMHPL,2026-07-16,325.0,315.8,1472
CITY,2026-07-16,352.0,341.1,96039
SRLI,2026-07-16,370.0,378.8,10384
SBL,2026-07-16,390.0,395.0,284325
SEF,2026-07-16,10.0,10.02,10400
OMPL,2026-07-16,895.0,880.0,3590
RAWA,2026-07-16,408.4,411.8,16584
FMDBL,2026-07-16,760.0,860.0,30074
OHL,2026-07-16,683.4,682.0,2134
C30MF,2026-07-16,9.75,10.2,740
MHL,2026-07-16,475.0,469.0,11462
HPPL,2026-07-16,344.0,344.0,92919
NBL,2026-07-16,264.0,261.6,38995
AHPC,2026-07-16,265.3,262.1,37523
ALICL,2026-07-16,428.0,419.0,13271
CORBL,2026-07-16,1662.5,1596.5,89801
GBILD84/85,2026-07-16,1172.0,1173.0,175
RSML,2026-07-16,2970.0,2970.0,29513
DOLTI,2026-07-16,318.1,317.9,23852
SANVI,2026-07-16,570.0,565.0,6167
SIKLES,2026-07-16,553.1,554.9,5087
HIDCLP,2026-07-16,197.4,188.0,133299
BHDC,2026-07-16,422.0,423.0,6296
WNLB,2026-07-16,1395.0,1350.1,610
SJLIC,2026-07-16,418.0,413.0,5855
KDBY,2026-07-16,10.69,10.74,61620
MMF1,2026-07-16,9.8,9.75,26000
SAGAR,2026-07-16,1570.0,1618.0,14532
KAHL,2026-07-16,480.0,473.0,20278
FOWADP,2026-07-16,550.0,550.0,5324
SHL,2026-07-16,496.0,489.5,14876
HIMSTAR,2026-07-16,634.0,648.5,3549
NRIC,2026-07-16,971.0,923.0,22497
NICAD2091,2026-07-16,1090.0,1090.0,49040
NICD83/84,2026-07-16,1079.9,1079.9,10
AVYAN,2026-07-16,1029.9,1042.0,9282
ILBS,2026-07-16,817.0,864.0,481
NIMB,2026-07-16,190.0,190.0,94936
SAGF,2026-07-16,10.01,10.45,300
SMPDA,2026-07-16,755.0,748.9,1270
CFCL,2026-07-16,604.0,608.9,36063
KBLD86,2026-07-16,1359.0,1387.5,5
TPKHL,2026-07-16,496.0,494.8,29596
KHPL,2026-07-16,920.0,916.0,14177
MBL,2026-07-16,247.0,248.0,40714
MKHL,2026-07-16,457.0,540.0,18305
NMIC,2026-07-16,880.0,889.9,3020
IHL,2026-07-16,340.0,343.8,5430
SWMF,2026-07-16,629.0,618.0,3436
MFIL,2026-07-16,750.0,772.0,13195
IGI,2026-07-16,449.4,449.0,12210
NABBC,2026-07-16,821.0,795.0,15387
UPCL,2026-07-16,355.0,342.0,78956
KDL,2026-07-16,760.2,784.0,1487
AKJCL,2026-07-16,344.0,337.0,403201
RNLI,2026-07-16,437.1,440.0,6013
JSLBB,2026-07-16,970.0,999.0,1396
GUFLPO,2026-07-16,298.0,298.0,2000
ANLB,2026-07-16,7200.0,7200.0,10
NICA,2026-07-16,330.0,325.1,21138
EBLD91,2026-07-16,1100.0,1120.0,14520
FOWAD,2026-07-16,1000.0,979.0,1764
NICSF,2026-07-16,9.0,9.1,2800
PBD88,2026-07-16,1250.0,1250.0,25
NBLD85,2026-07-16,1100.0,1100.0,20
USHEC,2026-07-16,483.1,489.0,2081
TPC,2026-07-16,357.0,349.0,11409
PHCL,2026-07-16,306.7,290.0,141142
CBBL,2026-07-16,916.0,922.0,18030
HLI,2026-07-16,333.9,321.8,113119
HRL,2026-07-16,584.8,553.0,43458
SYPNL,2026-07-16,1282.0,1255.0,37066
STC,2026-07-16,5100.0,5169.0,56
CHL,2026-07-15,256.0,257.0,9126
MNMF1,2026-07-15,9.6,9.9,7300
SANVI,2026-07-15,552.0,569.0,3637
HFIN,2026-07-15,650.0,650.0,15443
NHPC,2026-07-15,254.9,249.9,132466
NICD83/84,2026-07-15,1057.0,1052.0,208100
PCIL,2026-07-15,580.0,594.0,18338
SIFC,2026-07-15,520.0,510.0,5368
DDBL,2026-07-15,825.0,825.0,5868
ILI,2026-07-15,410.0,401.0,14014
ENL,2026-07-15,784.6,795.0,480
NICLBSL,2026-07-15,552.0,544.0,1272
NSY,2026-07-15,9.2,9.61,26340
NMFBSP,2026-07-15,610.0,610.0,3400
NICA,2026-07-15,330.0,329.9,29988
SMB,2026-07-15,1837.7,1794.0,1191
PCBLP,2026-07-15,105.0,105.0,12603
ALICL,2026-07-15,420.0,422.0,7934
EHPL,2026-07-15,342.4,335.0,11299
MKCL,2026-07-15,1065.0,1070.0,1581
SBLD84,2026-07-15,1079.0,1110.0,1
SHIVM,2026-07-15,630.0,620.8,87046
DHPL,2026-07-15,271.9,275.9,2733
KBLD90,2026-07-15,1250.0,1325.0,134
JHAPA,2026-07-15,1040.0,1048.0,11369
NSIF2,2026-07-15,10.21,10.4,27040
EBL,2026-07-15,700.0,693.1,58660
HLICF,2026-07-15,8.75,8.7,700
SKHL,2026-07-15,847.3,820.0,9333
MBL,2026-07-15,244.8,246.9,30575
EBLD85,2026-07-15,1169.0,1151.0,131
BHDC,2026-07-15,427.0,422.1,6019
PBD84,2026-07-15,1110.0,1110.0,20
GILB,2026-07-15,1045.7,1078.8,5142
NADEP,2026-07-15,701.0,705.0,167
SADBL,2026-07-15,397.0,400.0,6211
MBLEF,2026-07-15,9.88,10.14,6200
SFMF,2026-07-15,10.1,10.18,5700
STC,2026-07-15,5155.0,5170.0,5240
CZBIL,2026-07-15,199.0,196.8,21740
SPDL,2026-07-15,369.0,361.0,27047
ULBSL,2026-07-15,3100.0,2873.0,220
PPL,2026-07-15,306.0,323.1,18740
NTC,2026-07-15,859.9,853.0,6065
SMATA,2026-07-15,716.1,726.2,1380
IGI,2026-07-15,429.9,428.0,5084
SONA,2026-07-15,404.0,407.0,13686
RMF1,2026-07-15,9.66,9.9,575
SOHL,2026-07-15,530.0,523.4,43571
AVYAN,2026-07-15,1030.0,1030.0,2731
BNHC,2026-07-15,271.3,284.0,31776
CIZBD90,2026-07-15,1224.0,1230.0,215
UNHPL,2026-07-15,383.0,383.0,13025
NABBC,2026-07-15,740.0,799.9,23899
KBL,2026-07-15,209.7,212.0,121821
BANDIPUR,2026-07-15,655.0,675.0,25458
NICGF2,2026-07-15,9.1,9.43,605
NICBF,2026-07-15,9.24,9.24,800
MFLD85,2026-07-15,1090.3,1155.5,182
PSF,2026-07-15,11.51,11.7,16630
PRIN,2026-07-15,680.0,676.1,5128
JBLB,2026-07-15,1245.0,1250.0,1411
SWMF,2026-07-15,612.0,628.8,6442
SPC,2026-07-15,408.0,420.0,2500
GRDBL,2026-07-15,1010.1,1053.0,21518
RBBF40,2026-07-15,9.3,9.25,38301
GSY,2026-07-15,10.0,10.0,9550
ACLBSL,2026-07-15,905.0,905.0,127
RSY,2026-07-15,9.74,10.01,2105
DOLTI,2026-07-15,320.0,317.9,17213
RHGCL,2026-07-15,256.0,251.0,9624
GBBLPO,2026-07-15,238.0,238.0,7300
TVCL,2026-07-15,476.1,469.9,1420
KBSH,2026-07-15,1280.0,1245.0,258
NLG,2026-07-15,575.0,574.5,4425
HATHY,2026-07-15,699.0,672.2,6928
RSML,2026-07-15,2981.0,3000.0,27505
SEF,2026-07-15,10.0,9.96,34060
MHL,2026-07-15,466.4,478.0,1159
ILBS,2026-07-15,815.0,840.1,1182
MKHL,2026-07-15,466.0,479.9,3491
MKJC,2026-07-15,442.2,446.0,1916
DLBS,2026-07-15,1200.0,1165.0,476
PBLD86,2026-07-15,1289.0,1328.0,21
NGPL,2026-07-15,403.1,402.0,117905
GUFL,2026-07-15,550.0,543.0,5311
ANLB,2026-07-15,7425.0,6860.9,20
VLUCL,2026-07-15,422.1,431.9,3992
YMHL,2026-07-15,555.0,558.0,15696
NBL,2026-07-15,265.0,259.9,31214
SRLI,2026-07-15,366.5,373.0,13193
SGIC,2026-07-15,457.1,473.8,14485
NIFRAGED,2026-07-15,1041.1,1043.3,75
BJHL,2026-07-15,679.0,712.0,8116
RFPL,2026-07-15,330.0,328.0,13611
SFEF,2026-07-15,10.0,10.0,700
KPCL,2026-07-15,458.0,455.0,5657
JSLBB,2026-07-15,980.0,970.0,5689
SAGAR,2026-07-15,1505.0,1620.0,21862
CKHL,2026-07-15,542.5,558.0,904
HBLD83,2026-07-15,1052.0,1050.1,420000
AHPC,2026-07-15,264.8,264.3,57964
NRIC,2026-07-15,965.0,925.0,36726
NIFRA,2026-07-15,248.9,245.0,32021
GWFD83,2026-07-15,1120.0,1140.8,11
MBJC,2026-07-15,267.0,268.4,6765
TTL,2026-07-15,695.0,700.0,7627
NLICL,2026-07-15,579.0,580.0,8530
DORDI,2026-07-15,245.0,246.0,10773
NICSF,2026-07-15,9.07,9.0,1600
LLBS,2026-07-15,919.0,894.6,318
BPCL,2026-07-15,649.0,643.0,12870
TSHL,2026-07-15,339.8,350.5,19262
SPHL,2026-07-15,526.0,530.0,4451
CIZBD86,2026-07-15,1173.7,1177.0,48064
GMLI,2026-07-15,1145.5,1173.0,598
SHLB,2026-07-15,1445.0,1436.0,200
NCCD86,2026-07-15,1190.0,1225.5,10
NFS,2026-07-15,574.0,569.0,10136
ICFC,2026-07-15,600.0,600.0,5568
SGHC,2026-07-15,320.3,334.0,14648
CHCL,2026-07-15,482.0,476.1,20387
KDBY,2026-07-15,10.7,10.77,23905
NIMBPO,2026-07-15,143.0,143.0,5043
MAKAR,2026-07-15,460.1,460.0,6986
SHL,2026-07-15,496.0,487.0,21524
OHL,2026-07-15,676.0,683.4,590
SHINE,2026-07-15,397.5,397.5,14499
PRSF,2026-07-15,12.61,12.37,103850
TPC,2026-07-15,344.2,349.0,4312
PRVU,2026-07-15,188.0,189.5,70069
SIKLES,2026-07-15,559.0,552.0,3028
RBCL,2026-07-15,14699.0,14699.0,10
SAIL,2026-07-15,833.0,851.0,16305
LSL,2026-07-15,217.0,215.0,53731
MERO,2026-07-15,684.9,663.0,6576
BUNGAL,2026-07-15,562.0,560.0,50118
BHCL,2026-07-15,447.0,463.3,9551
NMBD87/88,2026-07-15,1208.0,1249.0,40
HLI,2026-07-15,321.0,318.0,14073
RHPL,2026-07-15,253.1,255.0,8784
NESDO,2026-07-15,1520.0,1499.8,221
LBBLD89,2026-07-15,1305.0,1305.0,5
HDL,2026-07-15,1145.0,1143.0,23382
MMKJL,2026-07-15,438.0,438.0,1657
BARUN,2026-07-15,318.9,316.0,32991
SYPNL,2026-07-15,1301.0,1299.8,31623
SHPC,2026-07-15,495.0,489.0,21804
LBBL,2026-07-15,482.0,484.0,23861
ALBSL,2026-07-15,1015.0,1052.0,812
H8020,2026-07-15,11.55,12.0,3060
NHDL,2026-07-15,645.0,639.0,2660
PMLIP,2026-07-15,255.0,255.0,20349
C30MF,2026-07-15,9.73,9.75,21920
KDL,2026-07-15,760.0,765.1,812
RURU,2026-07-15,623.0,603.0,3491
SMHL,2026-07-15,474.9,472.9,15425
RBBD2088,2026-07-15,1065.0,1070.0,312949
HPPL,2026-07-15,346.3,343.1,88643
SIPD,2026-07-15,597.0,565.0,6589
UAIL,2026-07-15,422.0,434.0,6438
EBLD86,2026-07-15,1095.0,1100.0,5025
APHL,2026-07-15,809.1,820.0,16019
MSHL,2026-07-15,617.0,600.0,856
FOWAD,2026-07-15,979.0,978.8,728
CFCL,2026-07-15,634.7,609.9,49009
GCIL,2026-07-15,322.5,323.7,22389
SIGS2,2026-07-15,10.2,10.1,1500
GBBD85,2026-07-15,1085.0,1085.0,25
MABEL,2026-07-15,553.0,558.0,6930
UMRH,2026-07-15,520.0,521.9,8661
NYADI,2026-07-15,356.0,367.0,8066
NIMB,2026-07-15,193.0,191.0,109105
MSLB,2026-07-15,1185.0,1219.0,1209
PMHPL,2026-07-15,310.1,315.0,3240
SBCF,2026-07-15,9.65,9.65,92960
MLBS,2026-07-15,1161.0,1160.0,130
SRBLD83,2026-07-15,1099.7,1099.0,21010
MBLD2085,2026-07-15,1132.7,1132.7,25
RSDC,2026-07-15,638.0,645.9,560
MLBBL,2026-07-15,1120.0,1109.0,1191
UPPER,2026-07-15,198.0,192.0,47635
RADHI,2026-07-15,695.0,708.0,53843
ADBL,2026-07-15,306.0,303.0,27903
MMF1,2026-07-15,9.51,9.75,28597
SBID83,2026-07-15,1088.4,1088.4,26
LICN,2026-07-15,765.0,783.0,4568
USHL,2026-07-15,511.4,492.3,1342
AKPL,2026-07-15,250.0,251.5,35137
ICFCD89,2026-07-15,1120.0,1108.3,133
CLI,2026-07-15,434.1,438.9,11976
EBLD91,2026-07-15,1083.0,1100.0,4260
SPL,2026-07-15,637.3,650.0,5000
CITY,2026-07-15,349.8,346.0,90311
TPKHL,2026-07-15,494.0,494.0,17167
SLCF,2026-07-15,10.0,10.0,147419
GBIME,2026-07-15,240.0,239.7,64301
SIGS3,2026-07-15,10.5,10.5,100
GMFBS,2026-07-15,1253.0,1199.0,80
SMJC,2026-07-15,425.0,440.0,7898
HEIP,2026-07-15,311.0,329.0,54
GVL,2026-07-15,466.0,470.0,3334
AHL,2026-07-15,413.0,415.2,1950
BEDC,2026-07-15,315.0,312.0,13993
NWCL,2026-07-15,724.9,705.0,2274
RAWA,2026-07-15,404.0,415.0,17890
TAMOR,2026-07-15,431.3,436.5,8678
USLB,2026-07-15,1169.0,1142.0,281
NBF2,2026-07-15,9.91,9.91,7100
MEN,2026-07-15,560.0,559.0,57939
MLBL,2026-07-15,350.0,350.0,7687
MLBSL,2026-07-15,1740.8,1735.0,118
SABBL,2026-07-15,866.0,840.0,7655
AKJCL,2026-07-15,336.0,343.7,323715
HEI,2026-07-15,512.0,510.9,6421
HHL,2026-07-15,309.0,332.8,23305
NICFC,2026-07-15,9.17,9.49,17270
DHEL,2026-07-15,569.9,560.0,8650
MEL,2026-07-15,216.0,216.0,4840
CSY,2026-07-15,9.0,9.06,7300
CIT,2026-07-15,1680.0,1670.1,5708
MNBBL,2026-07-15,361.1,362.4,15584
HDHPC,2026-07-15,195.7,206.0,74341
HIDCL,2026-07-15,253.0,248.0,42075
UMHL,2026-07-15,555.0,573.0,29612
NMIC,2026-07-15,872.0,899.0,1427
KAHL,2026-07-15,479.0,479.9,22727
HBL,2026-07-15,190.0,193.0,27955
LBLD86,2026-07-15,1180.0,1151.0,20010
MHCL,2026-07-15,305.1,308.5,3580
MANDU,2026-07-15,799.0,791.1,1119
NIL,2026-07-15,600.1,609.0,1697
HRL,2026-07-15,560.0,557.0,33156
SAND2085,2026-07-15,1170.0,1245.0,472
SAPDBL,2026-07-15,708.0,733.0,8980
MCHL,2026-07-15,273.0,278.0,8866
NMFBS,2026-07-15,1145.0,1107.0,1724
BFC,2026-07-15,535.5,507.4,18175
CGH,2026-07-15,770.0,770.0,68796
GLH,2026-07-15,245.0,244.9,28160
JOSHI,2026-07-15,250.1,252.0,6015
SKBBL,2026-07-15,755.0,745.0,15390
BHL,2026-07-15,205.5,207.3,113620
MEHL,2026-07-15,292.0,297.0,3479
NRN,2026-07-15,1300.0,1356.0,41928
GMFIL,2026-07-15,459.0,454.0,11606
SAHAS,2026-07-15,648.0,638.3,65747
SLBBL,2026-07-15,786.0,794.5,7943
PHCL,2026-07-15,290.0,292.1,27475
RLFL,2026-07-15,440.0,454.9,25070
NIBLSTF,2026-07-15,8.9,8.5,93040
HURJA,2026-07-15,229.9,227.0,18128
MDB,2026-07-15,578.3,575.0,4181
CREST,2026-07-15,1150.0,1186.9,6693
GLBSL,2026-07-15,1732.0,1770.0,169
UHEWA,2026-07-15,560.0,573.0,91472
UNL,2026-07-15,47899.9,47200.0,20
FMDBL,2026-07-15,766.0,750.0,3751
NBLD85,2026-07-15,1050.4,1088.0,100050
VLBS,2026-07-15,651.2,652.0,752
NABIL,2026-07-15,515.0,534.0,57577
SLBSL,2026-07-15,1110.0,1103.0,3478
SAGF,2026-07-15,10.0,10.3,5790
SGHL,2026-07-15,460.0,470.0,53760
SNLI,2026-07-15,416.0,424.0,4205
RBCLPO,2026-07-15,11380.0,11690.0,240
HLBSL,2026-07-15,868.9,855.0,828
BHPL,2026-07-15,471.0,469.2,2163
GIBF1,2026-07-15,10.27,10.5,22945
SSHL,2026-07-15,195.0,195.3,69210
PCBL,2026-07-15,231.0,232.0,25011
NIBLGF,2026-07-15,9.22,9.49,200
KSY,2026-07-15,9.75,9.75,6044
PURE,2026-07-15,732.2,759.0,3238
CBBL,2026-07-15,918.0,916.0,16222
WNLB,2026-07-15,1321.0,1380.0,175
RNLI,2026-07-15,440.0,441.8,5624
SINDU,2026-07-15,670.1,680.0,4847
RIDI,2026-07-15,301.0,322.0,174573
GHL,2026-07-15,219.9,217.5,18462
HIDCLP,2026-07-15,186.0,188.0,135821
SBID2090,2026-07-15,1100.0,1100.0,1500
MHNL,2026-07-15,227.5,231.0,10896
KMCDB,2026-07-15,739.2,760.0,1322
NIBSF2,2026-07-15,8.9,9.1,39455
HIMSTAR,2026-07-15,650.0,649.9,3845
SCB,2026-07-15,649.0,643.5,7822
PROFL,2026-07-15,426.0,430.0,10047
KHPL,2026-07-15,902.0,925.3,6883
LVF2,2026-07-15,10.0,9.95,10850
SHEL,2026-07-15,293.0,298.9,185382
SICL,2026-07-15,608.6,610.0,10214
BBC,2026-07-15,4126.9,4154.0,277
NMBHF2,2026-07-15,9.5,9.4,1800
NICD88,2026-07-15,1133.0,1133.0,20010
OMPL,2026-07-15,878.1,888.0,5908
SWBBL,2026-07-15,643.0,650.0,12841
SBI,2026-07-15,390.0,387.0,20827
RMF2,2026-07-15,9.64,9.93,214700
JFL,2026-07-15,388.0,385.0,3719
NMLBBL,2026-07-15,533.0,527.0,935
BNT,2026-07-15,11699.9,11700.0,20
MPFL,2026-07-15,606.2,600.0,3665
CHDC,2026-07-15,2118.0,2070.0,22240
NICL,2026-07-15,515.0,509.0,9816
SJCL,2026-07-15,264.0,269.0,12158
SMH,2026-07-15,490.5,502.0,7303
NBBD2085,2026-07-15,1170.0,1170.0,20
NIFRAUR85/86,2026-07-15,1065.0,1065.0,25
UNLB,2026-07-15,1359.8,1275.9,241
NMBMF,2026-07-15,582.0,595.3,808
SKHEL,2026-07-15,898.5,889.0,3328
SBLD83,2026-07-15,1070.0,1070.0,22526
SNORL,2026-07-15,769.0,771.0,12249
GBBL,2026-07-15,402.0,400.0,37105
IHL,2026-07-15,345.0,345.2,5293
CYCL,2026-07-15,1335.0,1310.5,674
PBLD84,2026-07-15,1147.9,1147.9,10
ADBLD83,2026-07-15,1085.0,1076.0,105
BGWT,2026-07-15,555.0,545.0,2037
SALICO,2026-07-15,580.0,592.9,1290
NRM,2026-07-15,296.0,301.0,12001
FOWADP,2026-07-15,550.0,550.0,17232
PMLI,2026-07-15,424.2,441.0,2198
ULHC,2026-07-15,358.0,358.0,7237
MKHC,2026-07-15,279.1,289.0,9099
SMFBS,2026-07-15,1529.0,1520.0,538
SANIMA,2026-07-15,348.0,350.5,43142
RLEL,2026-07-15,733.0,743.8,8733
KKHC,2026-07-15,250.0,247.3,14165
USHEC,2026-07-15,483.0,485.0,2546
MFIL,2026-07-15,730.0,777.0,47072
SPIL,2026-07-15,684.0,700.0,15422
SOPL,2026-07-15,765.0,771.0,36729
NMB,2026-07-15,237.0,236.6,115664
KEF,2026-07-15,10.2,10.32,15750
NUBL,2026-07-15,596.0,600.1,7036
LEC,2026-07-15,211.0,205.0,40082
JBBL,2026-07-15,339.0,342.2,33725
NBF3,2026-07-15,9.95,10.0,39300
NMBD89/90,2026-07-15,1304.0,1424.0,75
KSBBL,2026-07-15,480.0,470.0,11263
NLIC,2026-07-15,740.1,743.9,43876
KBLD86,2026-07-15,1302.0,1359.0,24
API,2026-07-15,322.1,323.8,121842
GBIMESY2,2026-07-15,9.97,9.5,9700
KBLD89,2026-07-15,1275.1,1310.1,1805
GFCL,2026-07-15,610.0,600.0,7926
ICFCD83,2026-07-15,1100.0,1140.0,51
GBLBS,2026-07-15,734.0,734.0,533
MATRI,2026-07-15,818.0,815.2,21
SHINED,2026-07-15,1138.0,1145.0,185
UPCL,2026-07-15,345.0,354.0,118476
PPCL,2026-07-15,334.7,334.0,2437
SBL,2026-07-15,386.0,387.9,400291
SARBTM,2026-07-15,775.0,774.9,13769
SJLIC,2026-07-15,410.0,410.0,4925
HBLD86,2026-07-15,1193.0,1193.0,50000
SWASTIK,2026-07-15,1934.1,1997.0,573
SMPDA,2026-07-15,770.0,740.0,1853
CORBL,2026-07-15,1627.5,1750.0,60676
EDBL,2026-07-15,573.0,561.5,880
MHNL,2026-07-14,229.0,226.0,44919
PHCL,2026-07-14,287.5,289.9,52684
HLI,2026-07-14,317.0,318.0,21753
NBLD82,2026-07-14,1089.9,1095.0,20205
GBLBS,2026-07-14,718.0,735.0,2730
NICA,2026-07-14,329.0,324.2,24358
ANLB,2026-07-14,7073.0,7073.0,10
ICFCD88,2026-07-14,1165.0,1178.6,120550
SBID2090,2026-07-14,1131.1,1084.0,345730
SMH,2026-07-14,489.0,497.0,8245
PRIN,2026-07-14,676.8,678.0,2449
SINDU,2026-07-14,639.5,678.9,5350
GLBSL,2026-07-14,1754.9,1780.0,505
CGH,2026-07-14,751.1,762.9,13989
APHL,2026-07-14,824.5,835.0,17614
KDL,2026-07-14,733.0,759.0,2771
NYADI,2026-07-14,358.9,356.0,4478
PBD85,2026-07-14,1121.0,1125.0,80
NBLD85,2026-07-14,1079.0,1079.0,200000
CIZBD90,2026-07-14,1175.0,1210.0,3920
MSHL,2026-07-14,585.0,599.9,559
OHL,2026-07-14,670.0,670.0,1696
GBBL,2026-07-14,395.3,396.0,20111
SRBLD83,2026-07-14,1082.0,1099.7,56850
YMHL,2026-07-14,555.0,555.0,19747
GLH,2026-07-14,237.2,244.9,28785
NICL,2026-07-14,503.0,505.0,6228
TPKHL,2026-07-14,500.0,496.0,31104
HHL,2026-07-14,326.0,325.0,28026
VLUCL,2026-07-14,420.1,429.5,2184
BHPL,2026-07-14,480.0,479.0,10369
BNL,2026-07-14,13875.0,13872.8,120
UAIL,2026-07-14,427.0,433.0,9723
CIT,2026-07-14,1680.0,1681.9,4503
UPPER,2026-07-14,189.1,191.3,130297
RAWA,2026-07-14,426.0,411.9,27656
MLBLD89,2026-07-14,1234.3,1325.0,27346
RSDC,2026-07-14,620.0,632.0,3869
NMIC,2026-07-14,881.0,887.0,3254
SHINED,2026-07-14,1105.8,1105.0,35611
HBLD83,2026-07-14,1051.0,1050.0,69125
ICFC,2026-07-14,588.0,596.6,10105
GCIL,2026-07-14,321.0,322.5,17134
SCB,2026-07-14,635.0,635.5,22831
MKHL,2026-07-14,458.1,466.0,1254
SAIL,2026-07-14,829.0,841.0,15602
JOSHI,2026-07-14,250.0,252.4,17207
NRM,2026-07-14,305.0,301.1,14261
NIFRA,2026-07-14,240.0,244.5,37484
NWCL,2026-07-14,691.0,705.0,420
EHPL,2026-07-14,345.0,332.5,18974
SBLD84,2026-07-14,1060.0,1079.0,189908
SIGS3,2026-07-14,10.19,10.49,505100
TPC,2026-07-14,342.0,344.0,15155
RADHI,2026-07-14,705.0,695.0,34937
KHPL,2026-07-14,870.0,902.0,14147
MLBSL,2026-07-14,1633.0,1703.8,242
HFIN,2026-07-14,605.0,643.0,24763
PROFL,2026-07-14,422.5,425.0,5510
KEF,2026-07-14,10.36,10.5,4100
NSIF2,2026-07-14,10.87,10.4,52099
NMBD87/88,2026-07-14,1105.0,1215.0,11898
RURU,2026-07-14,591.0,615.0,3316
NBF3,2026-07-14,9.98,9.95,53691
ULHC,2026-07-14,367.0,357.0,23153
MLBL,2026-07-14,340.1,344.5,9655
NFS,2026-07-14,561.0,565.8,11494
MFIL,2026-07-14,760.0,767.8,46256
NMLBBL,2026-07-14,528.0,526.0,9110
SPHL,2026-07-14,520.0,534.0,17583
AHL,2026-07-14,407.2,410.1,2490
EBLD85,2026-07-14,1150.0,1150.0,411
BJHL,2026-07-14,650.0,679.9,10135
STC,2026-07-14,5052.0,5150.0,1487
DHPL,2026-07-14,257.0,264.0,7478
KBLD89,2026-07-14,1290.0,1299.8,2025
SLBBL,2026-07-14,794.0,783.2,3962
SIPD,2026-07-14,575.0,569.9,9433
CREST,2026-07-14,1200.0,1174.9,10925
SHLB,2026-07-14,1400.0,1445.0,610
SALICO,2026-07-14,626.8,580.0,32695
GBIMESY2,2026-07-14,9.4,9.5,300
HRL,2026-07-14,555.0,554.0,61911
NABILD87,2026-07-14,1125.0,1158.0,168554
ADBLD83,2026-07-14,1075.2,1085.0,261617
SPC,2026-07-14,420.0,420.0,5399
LBLD86,2026-07-14,1173.0,1180.0,50101
API,2026-07-14,322.0,321.9,187891
DHEL,2026-07-14,560.0,560.0,13237
PBD88,2026-07-14,1270.0,1285.0,26686
SOHL,2026-07-14,501.6,530.0,49488
SHPC,2026-07-14,482.1,484.5,25857
KBLD90,2026-07-14,1261.0,1250.0,420602
MBJC,2026-07-14,265.0,269.4,32860
PMHPL,2026-07-14,304.0,309.0,6800
CHL,2026-07-14,253.0,254.7,20813
EBLD91,2026-07-14,1119.0,1082.0,331624
NBBD2085,2026-07-14,1138.0,1138.0,50
HEIP,2026-07-14,311.0,320.0,35
ACLBSL,2026-07-14,900.0,910.0,2303
NABILD2089,2026-07-14,1135.0,1142.0,3175
SMFBS,2026-07-14,1635.3,1529.0,1009
NIBLGF,2026-07-14,8.99,9.5,7300
ILI,2026-07-14,409.0,411.2,6293
FMDBL,2026-07-14,750.0,745.0,10067
USLB,2026-07-14,1140.0,1141.6,989
NGPL,2026-07-14,404.0,400.3,138225
CCBD88,2026-07-14,1256.0,1313.0,4726
ALBSL,2026-07-14,1015.0,1049.0,8124
MERO,2026-07-14,665.0,667.2,2053
GBIME,2026-07-14,238.0,237.2,201957
C30MF,2026-07-14,10.01,10.02,3020
HIDCL,2026-07-14,249.4,250.0,62329
CLI,2026-07-14,436.0,436.0,10212
UNHPL,2026-07-14,380.0,382.0,23132
PBD84,2026-07-14,1082.0,1082.0,50
SPDL,2026-07-14,364.0,359.2,22838
MEL,2026-07-14,203.8,211.0,9125
DOLTI,2026-07-14,310.8,315.1,29017
AHPC,2026-07-14,257.1,262.4,65032
NBF2,2026-07-14,10.0,10.0,4700
LLBS,2026-07-14,892.4,914.0,148
BUNGAL,2026-07-14,575.0,575.0,48150
SABBL,2026-07-14,806.1,841.5,12078
BNHC,2026-07-14,261.3,277.0,84847
SSHL,2026-07-14,185.0,195.0,103608
KSBBL,2026-07-14,463.0,470.0,22414
LEC,2026-07-14,203.0,205.3,97031
PMLI,2026-07-14,430.0,436.0,8135
CBBL,2026-07-14,910.0,914.9,12815
NICAD85/86,2026-07-14,1139.0,1130.0,10050
ICFCD89,2026-07-14,1110.0,1120.0,636
UMRH,2026-07-14,521.8,519.9,5515
SONA,2026-07-14,399.0,400.0,29034
SNORL,2026-07-14,770.0,769.0,26377
NMBD2085,2026-07-14,1143.0,1211.0,34030
RSML,2026-07-14,2980.0,3025.0,41025
BPCL,2026-07-14,680.0,638.0,27855
PRVU,2026-07-14,190.0,188.0,86426
MBL,2026-07-14,246.0,244.8,47568
KSBBLD87,2026-07-14,1148.0,1229.0,9857
SAHAS,2026-07-14,636.0,635.3,133886
GVL,2026-07-14,463.0,466.0,10331
MEHL,2026-07-14,291.6,292.0,9684
NICD88,2026-07-14,1109.0,1100.0,153199
HPPL,2026-07-14,342.1,350.9,85585
SHL,2026-07-14,486.5,486.0,45360
CSY,2026-07-14,9.0,9.12,3900
RLFL,2026-07-14,450.0,451.0,12621
SWASTIK,2026-07-14,2000.0,1980.0,704
SMJC,2026-07-14,425.0,436.0,6399
ADBL,2026-07-14,305.0,303.0,23635
NRIC,2026-07-14,921.0,924.0,19799
CHDC,2026-07-14,1967.0,2070.0,10537
SEF,2026-07-14,9.95,10.0,30632
BBC,2026-07-14,4053.7,4128.0,240
KBLD86,2026-07-14,1195.0,1302.0,9459
RBBD83,2026-07-14,1036.2,1036.2,51
NESDO,2026-07-14,1442.0,1495.0,976
HBLD86,2026-07-14,1197.0,1197.0,30000
RBBD2088,2026-07-14,1060.0,1065.0,147008
GBILD84/85,2026-07-14,1145.0,1179.0,41070
GRDBL,2026-07-14,1027.0,1020.0,11619
EDBL,2026-07-14,560.0,560.5,49491
NIBD84,2026-07-14,1082.0,1064.1,134
SIFC,2026-07-14,501.0,507.0,5153
NABIL,2026-07-14,525.1,530.1,76835
MKHC,2026-07-14,290.0,284.6,12308
SGHL,2026-07-14,462.5,461.5,56112
PSF,2026-07-14,11.02,11.8,4695
HATHY,2026-07-14,665.1,690.0,3689
SBID83,2026-07-14,1094.0,1122.0,11450
BANDIPUR,2026-07-14,652.5,668.0,28561
CZBIL,2026-07-14,195.8,195.0,25872
SAGAR,2026-07-14,1500.0,1528.0,5425
TVCL,2026-07-14,451.0,462.3,6338
KPCL,2026-07-14,451.6,454.0,4346
MLBBL,2026-07-14,1076.7,1114.0,1066
GHL,2026-07-14,216.0,216.1,39776
RBCLPO,2026-07-14,11100.0,11729.0,311
MPFL,2026-07-14,605.0,594.8,17189
SMHL,2026-07-14,455.0,466.2,22459
EBL,2026-07-14,695.0,692.6,44101
SBLD2091,2026-07-14,1048.9,1080.0,113047
BOKD86,2026-07-14,1139.0,1145.0,22458
CFCL,2026-07-14,610.0,604.5,47824
SFEF,2026-07-14,10.05,10.0,18560
SDBD87,2026-07-14,1159.0,1241.0,17610
BHCL,2026-07-14,470.0,459.0,32984
ICFCD83,2026-07-14,1100.0,1100.0,50
MLBS,2026-07-14,1125.0,1184.3,600
SLCF,2026-07-14,9.9,10.0,365650
KBSH,2026-07-14,1226.0,1261.0,366
FOWAD,2026-07-14,946.0,951.0,2571
MBLD87,2026-07-14,1145.18,1171.0,32669
RSY,2026-07-14,9.7,10.0,1200
BHL,2026-07-14,201.0,205.5,78551
USHEC,2026-07-14,476.0,484.0,3552
HEI,2026-07-14,507.0,512.9,33367
MNMF1,2026-07-14,9.8,9.6,104945
EBLEB89,2026-07-14,1100.0,1133.0,445
BEDC,2026-07-14,306.0,309.0,28196
PPCL,2026-07-14,327.0,325.0,26018
HDL,2026-07-14,1149.0,1145.0,31356
HURJA,2026-07-14,224.0,226.0,43280
JBLB,2026-07-14,1220.0,1245.0,5613
NIL,2026-07-14,602.09,614.0,4501
NBL,2026-07-14,267.9,260.0,91968
WNLB,2026-07-14,1300.3,1358.0,105
RIDI,2026-07-14,301.0,316.0,235844
MEN,2026-07-14,553.0,565.0,43912
BFC,2026-07-14,512.5,510.0,58912
LBBLD89,2026-07-14,1318.0,1305.0,60966
TSHL,2026-07-14,324.1,330.0,26493
SBD87,2026-07-14,1164.0,1202.0,12485
USHL,2026-07-14,504.0,487.1,6905
NHPC,2026-07-14,251.9,247.5,262303
LICN,2026-07-14,803.0,772.0,7717
MANDU,2026-07-14,790.0,804.0,2059
MABEL,2026-07-14,546.0,553.0,7324
BGWT,2026-07-14,534.5,550.0,2957
KDBY,2026-07-14,10.53,10.83,79445
RBCL,2026-07-14,14399.9,14399.0,105
CHCL,2026-07-14,499.8,477.9,8353
GWFD83,2026-07-14,1114.0,1120.0,302
MNBBL,2026-07-14,362.8,360.0,31081
MDB,2026-07-14,561.0,583.5,6030
SAGF,2026-07-14,10.0,10.05,300
GFCL,2026-07-14,595.1,600.0,8806
GMFBS,2026-07-14,1232.0,1196.0,351
GSY,2026-07-14,9.95,10.1,6800
SJLIC,2026-07-14,404.0,407.2,10119
GBBLPO,2026-07-14,238.0,238.0,49031
NIMB,2026-07-14,188.5,189.1,118057
BHDC,2026-07-14,420.0,425.0,4600
RHPL,2026-07-14,252.0,255.1,16053
CKHL,2026-07-14,525.0,542.5,915
GMFIL,2026-07-14,448.0,449.0,10299
NMB,2026-07-14,235.0,235.0,29198
NTC,2026-07-14,846.0,850.9,11091
HLBSL,2026-07-14,841.0,853.0,558
MMKJL,2026-07-14,447.7,438.0,2861
NICSF,2026-07-14,9.35,9.35,125000
UMHL,2026-07-14,551.0,575.0,34964
JHAPA,2026-07-14,1021.1,1020.0,12719
SBI,2026-07-14,385.0,388.9,14388
SWBBL,2026-07-14,655.4,630.5,140967
TAMOR,2026-07-14,430.1,435.1,17543
GIBF1,2026-07-14,10.27,10.3,21150
RMF1,2026-07-14,9.6,9.69,1127140
SMB,2026-07-14,1775.0,1784.3,2043
BARUN,2026-07-14,308.0,312.0,20668
H8020,2026-07-14,11.5,11.55,3030
RBBF40,2026-07-14,9.15,9.3,2451040
GUFL,2026-07-14,530.0,546.9,10963
MHL,2026-07-14,462.3,470.0,2932
SBLD89,2026-07-14,1274.2,1236.0,72102
SBID89,2026-07-14,1200.0,1185.0,7649
SKBBL,2026-07-14,742.1,745.0,20634
BOKD86KA,2026-07-14,1174.0,1169.0,120058
HIMSTAR,2026-07-14,625.0,644.0,8078
AKJCL,2026-07-14,326.0,340.0,496164
SPIL,2026-07-14,685.0,684.1,12308
JFL,2026-07-14,381.0,383.2,5939
NLG,2026-07-14,580.0,575.0,11306
SJCL,2026-07-14,268.0,266.0,12572
NMBHF2,2026-07-14,9.51,9.55,1910
ILBS,2026-07-14,816.0,840.0,1517
NIMBPO,2026-07-14,139.7,141.0,5761
MAKAR,2026-07-14,456.0,460.0,4172
MATRI,2026-07-14,815.0,815.0,674
ENL,2026-07-14,800.0,762.0,1295
CIZBD86,2026-07-14,1172.0,1210.0,37174
LSL,2026-07-14,216.0,214.9,212116
JBBD87,2026-07-14,1143.3,1195.0,8769
UNLB,2026-07-14,1348.4,1297.5,1981
HLICF,2026-07-14,8.7,8.75,1082
SCBD,2026-07-14,1149.9,1149.9,100
ALICL,2026-07-14,418.0,419.0,13641
PBLD87,2026-07-14,1110.0,1150.0,35380
NHDL,2026-07-14,620.0,631.0,471
TRH,2026-07-14,752.0,766.0,10226
DORDI,2026-07-14,245.0,245.5,11909
VLBS,2026-07-14,650.2,645.0,4691
NLICL,2026-07-14,570.0,571.0,7835
IGI,2026-07-14,424.0,425.0,4666
RFPL,2026-07-14,322.4,321.7,24382
KMCDB,2026-07-14,787.5,760.0,4432
CYCL,2026-07-14,1300.1,1344.0,1319
HDHPC,2026-07-14,192.8,206.0,74524
SMATA,2026-07-14,727.0,730.0,2620
SIKLES,2026-07-14,541.3,544.0,14937
SARBTM,2026-07-14,770.1,774.9,8401
MSLB,2026-07-14,1194.1,1219.0,461
SBL,2026-07-14,386.0,386.0,104653
KBL,2026-07-14,209.8,208.7,151445
HBL,2026-07-14,195.0,191.8,35099
RLEL,2026-07-14,720.1,733.0,9458
LBBL,2026-07-14,480.0,479.9,21468
GMLI,2026-07-14,1125.1,1170.0,3443
RHGCL,2026-07-14,253.0,249.0,44550
MHCL,2026-07-14,314.1,305.2,5302
SANVI,2026-07-14,542.5,569.0,16369
KSY,2026-07-14,9.22,9.8,3550
MMF1,2026-07-14,9.59,9.8,584880
SANIMA,2026-07-14,345.0,345.0,109853
SWMF,2026-07-14,608.9,612.4,2456
NMBD89/90,2026-07-14,1298.0,1304.0,112226
UHEWA,2026-07-14,565.9,557.0,24127
CORBL,2026-07-14,1550.0,1550.0,37992
SHEL,2026-07-14,290.0,292.0,378434
SAND2085,2026-07-14,1170.0,1170.0,10
UNL,2026-07-14,46555.0,46505.0,20
PRSF,2026-07-14,12.45,12.6,1500
NMFBS,2026-07-14,1100.0,1107.0,6851
AKPL,2026-07-14,247.0,249.9,67980
NBLD87,2026-07-14,1151.0,1225.0,167905
KKHC,2026-07-14,245.0,250.0,33672
NIBLSTF,2026-07-14,8.67,9.07,28000
MBLEF,2026-07-14,9.91,10.07,16500
PURE,2026-07-14,723.0,740.0,8693
AVYAN,2026-07-14,971.9,1031.0,975
NMBMF,2026-07-14,588.0,599.9,900
GBILD86/87,2026-07-14,1166.9,1202.0,54091
OMPL,2026-07-14,861.0,871.9,2940
UPCL,2026-07-14,365.0,354.9,56649
MKJC,2026-07-14,436.1,448.9,4334
PCIL,2026-07-14,585.1,589.7,33962
SAPDBL,2026-07-14,698.3,720.0,29571
SBD89,2026-07-14,1236.0,1236.0,25
SNLI,2026-07-14,420.0,422.0,9739
TTL,2026-07-14,700.0,700.0,14606
SKHL,2026-07-14,845.0,807.0,26367
SICL,2026-07-14,605.0,608.6,3257
SYPNL,2026-07-14,1224.6,1277.0,46271
SRLI,2026-07-14,367.0,370.9,21876
SPL,2026-07-14,630.4,641.1,1488
PCBL,2026-07-14,231.0,229.2,46844
SGHC,2026-07-14,316.0,328.0,8951
KAHL,2026-07-14,472.0,479.0,44088
SMPDA,2026-07-14,735.2,749.0,3875
NIBSF2,2026-07-14,8.71,8.7,37595
PPL,2026-07-14,302.1,321.9,22088
NICAD2091,2026-07-14,1074.0,1106.0,98598
SFMF,2026-07-14,10.5,10.3,3800
MKCL,2026-07-14,1043.0,1065.0,699
NIFRAUR85/86,2026-07-14,1050.0,1065.0,35
JSLBB,2026-07-14,1011.0,989.8,755
RNLI,2026-07-14,439.0,440.0,12497
CITY,2026-07-14,327.8,343.0,190162
SADBL,2026-07-14,378.1,396.1,11565
NLIC,2026-07-14,775.0,740.2,14987
NICGF2,2026-07-14,9.0,9.38,8200
GILB,2026-07-14,1045.0,1065.0,2478
DDBL,2026-07-14,820.0,818.6,8333
NICLBSL,2026-07-14,543.1,541.0,7772
NICFC,2026-07-14,9.17,9.17,2600
HIDCLP,2026-07-14,182.8,185.4,109196
SHINE,2026-07-14,397.0,396.9,21030
SBCF,2026-07-14,9.7,9.65,189932
LUK,2026-07-14,10.0,9.9,1100
DLBS,2026-07-14,1167.0,1200.0,755
ULBSL,2026-07-14,2710.0,3100.0,4467
NRN,2026-07-14,1300.0,1346.1,63631
NMFBSP,2026-07-14,610.0,610.0,10000
IHL,2026-07-14,329.0,340.0,4313
SHIVM,2026-07-14,625.0,619.0,134658
SOPL,2026-07-14,750.0,765.0,45784
NUBL,2026-07-14,590.5,595.0,2612
RMF2,2026-07-14,9.42,9.7,2100
NIFRAGED,2026-07-14,1040.0,1040.5,50
LVF2,2026-07-14,9.76,10.0,1600
SKHEL,2026-07-14,845.0,873.9,7591
NADEP,2026-07-14,700.2,700.2,1811
NSY,2026-07-14,9.08,9.2,9760
MCHL,2026-07-14,275.0,272.5,6724
SGIC,2026-07-14,450.0,455.4,4344
NABBC,2026-07-14,720.0,737.9,116099
PBLD86,2026-07-14,1218.4,1289.0,20986
JBBL,2026-07-14,335.0,337.5,23179
SLBSL,2026-07-14,1161.1,1100.0,2776
SBLD83,2026-07-14,1054.0,1048.0,44000
NIMBD90,2026-07-14,1274.0,1250.0,310519
MMKJL,2026-07-13,447.0,449.0,1754
NGPL,2026-07-13,403.0,399.0,129307
SHPC,2026-07-13,500.0,485.0,29983
NLIC,2026-07-13,758.0,739.0,18141
GHL,2026-07-13,218.1,216.0,22203
BFC,2026-07-13,514.0,508.0,65267
CHCL,2026-07-13,478.0,476.0,12296
MCHL,2026-07-13,282.7,275.0,7761
NBLD85,2026-07-13,1099.0,1081.0,35030
MKHC,2026-07-13,294.1,286.0,16302
SPHL,2026-07-13,540.0,534.8,3561
RLEL,2026-07-13,738.0,735.0,15101
TSHL,2026-07-13,350.0,329.0,18504
SJCL,2026-07-13,263.2,268.0,6577
STC,2026-07-13,5150.0,5050.0,1060
SBLD84,2026-07-13,1037.0,1037.0,69
IGI,2026-07-13,440.0,417.2,8425
UHEWA,2026-07-13,536.8,555.0,8159
MLBSL,2026-07-13,1700.0,1665.0,307
NRIC,2026-07-13,957.0,925.0,37262
SKHEL,2026-07-13,924.0,862.0,6452
SMPDA,2026-07-13,752.0,748.9,1810
SRBLD83,2026-07-13,1065.0,1082.0,80010
MLBS,2026-07-13,1134.0,1149.9,672
KSY,2026-07-13,9.5,9.5,2450
NIBLSTF,2026-07-13,8.72,8.42,151627
SIKLES,2026-07-13,545.2,545.0,3923
MKHL,2026-07-13,467.0,465.0,3640
ENL,2026-07-13,776.0,784.0,185
HBLD83,2026-07-13,1022.0,1052.0,40025
SIPD,2026-07-13,596.0,574.8,11523
KBLD89,2026-07-13,1299.8,1262.0,2
NICBF,2026-07-13,9.01,8.98,3000
NHDL,2026-07-13,631.0,627.0,11015
BARUN,2026-07-13,317.0,308.7,31972
ADBLD83,2026-07-13,1090.0,1076.0,78729
LICN,2026-07-13,794.0,765.0,25030
NICLBSL,2026-07-13,560.0,545.0,4919
MDB,2026-07-13,566.2,572.5,5241
RSDC,2026-07-13,632.1,627.0,4118
GLH,2026-07-13,247.0,240.9,50363
JBLB,2026-07-13,1230.0,1226.0,4029
PURE,2026-07-13,730.1,723.0,3641
NIFRA,2026-07-13,245.0,244.0,50878
SMHL,2026-07-13,460.0,455.0,69229
NHPC,2026-07-13,255.0,248.0,163376
SPL,2026-07-13,669.9,649.8,19435
USLB,2026-07-13,1152.3,1169.0,914
SAGF,2026-07-13,9.95,9.95,1100
NICFC,2026-07-13,9.32,9.16,1800
UAIL,2026-07-13,429.2,427.0,5172
MHCL,2026-07-13,312.0,305.0,5193
NICSF,2026-07-13,9.36,9.2,3062450
SEF,2026-07-13,10.1,10.0,15500
LBLD86,2026-07-13,1228.0,1156.3,199
EBL,2026-07-13,695.1,694.0,49185
MNMF1,2026-07-13,9.8,9.8,12150
SANIMA,2026-07-13,350.0,344.0,124457
ADBL,2026-07-13,301.0,302.5,24807
SALICO,2026-07-13,592.0,597.0,9011
SABBL,2026-07-13,860.0,818.0,13736
RBBF40,2026-07-13,9.5,9.15,2652000
NCCD86,2026-07-13,1187.0,1190.0,112239
BNT,2026-07-13,11551.0,11551.0,20
SYPNL,2026-07-13,1330.0,1289.0,54123
SIGS3,2026-07-13,10.5,10.5,67791
ALBSL,2026-07-13,1029.0,1041.0,6282
RBCLPO,2026-07-13,11153.0,11397.0,70
DLBS,2026-07-13,1200.0,1199.9,751
KBSH,2026-07-13,1285.0,1262.0,474
CCBD88,2026-07-13,1230.0,1220.0,75
ILI,2026-07-13,413.1,409.0,15316
SNLI,2026-07-13,422.0,422.0,7977
ALICL,2026-07-13,420.2,418.0,15570
MLBLD89,2026-07-13,1270.7,1270.7,35
GBLBS,2026-07-13,746.0,739.0,2541
SHIVM,2026-07-13,629.0,619.9,67449
GMLI,2026-07-13,1145.0,1150.0,1473
UNHPL,2026-07-13,385.0,383.9,16037
CGH,2026-07-13,778.0,760.0,10461
NSY,2026-07-13,9.09,9.31,21950
BOKD86,2026-07-13,1103.0,1136.0,49614
GMFBS,2026-07-13,1163.1,1174.0,833
BANDIPUR,2026-07-13,705.0,665.0,36952
SAIL,2026-07-13,850.0,826.0,18333
NICD83/84,2026-07-13,1045.0,1050.0,8480
CHDC,2026-07-13,2092.0,2070.0,64512
TPC,2026-07-13,363.5,346.2,10784
LBBL,2026-07-13,481.3,470.2,36405
LSL,2026-07-13,216.5,215.1,67861
NICA,2026-07-13,330.0,323.4,41983
HATHY,2026-07-13,681.0,679.9,4910
AKJCL,2026-07-13,358.0,343.0,277593
UPPER,2026-07-13,191.0,189.1,104329
NICL,2026-07-13,520.0,503.0,15007
SAND2085,2026-07-13,1142.5,1139.0,244975
SHL,2026-07-13,490.5,486.4,29566
HHL,2026-07-13,330.2,328.0,25692
SINDU,2026-07-13,683.1,673.1,2675
EBLD85,2026-07-13,1140.0,1120.0,29325
CIZBD86,2026-07-13,1130.0,1190.0,28563
NMLBBL,2026-07-13,522.1,528.0,5471
CSY,2026-07-13,9.01,9.01,1700
FOWAD,2026-07-13,960.0,960.0,2967
NWCL,2026-07-13,705.2,695.0,2008
HFIN,2026-07-13,654.0,635.0,19731
LLBS,2026-07-13,932.0,920.0,222
NSIF2,2026-07-13,10.54,10.56,2000
HIDCLP,2026-07-13,186.0,183.0,137569
SGIC,2026-07-13,455.0,452.1,4331
WNLB,2026-07-13,1320.0,1340.0,181
RMF2,2026-07-13,9.9,9.71,570
KMCDB,2026-07-13,808.0,766.0,7732
SAPDBL,2026-07-13,775.0,735.0,31862
UNLB,2026-07-13,1335.5,1286.9,816
SMJC,2026-07-13,440.1,429.9,10403
BBC,2026-07-13,4091.0,4070.0,272
KAHL,2026-07-13,510.0,486.0,38258
HRL,2026-07-13,561.0,556.0,45767
ICFCD89,2026-07-13,1113.0,1112.0,158
SMB,2026-07-13,1854.0,1800.0,1557
AHL,2026-07-13,430.0,411.0,2368
GBBL,2026-07-13,397.3,396.1,30805
JHAPA,2026-07-13,1045.0,1039.1,10573
MLBBL,2026-07-13,1115.0,1110.0,390
RBCL,2026-07-13,14252.0,14450.0,30
NIBSF2,2026-07-13,8.86,8.46,3702321
SWBBL,2026-07-13,662.1,660.0,9075
SFMF,2026-07-13,10.2,10.2,30740
MSHL,2026-07-13,605.0,596.0,866
SBI,2026-07-13,390.0,389.8,32122
NIL,2026-07-13,620.0,605.0,12438
NBL,2026-07-13,266.9,261.0,40020
CKHL,2026-07-13,577.0,539.0,18075
NYADI,2026-07-13,359.0,349.5,5622
CREST,2026-07-13,1175.0,1175.0,7105
ANLB,2026-07-13,6736.8,6736.8,10
JOSHI,2026-07-13,258.0,250.1,9270
AKPL,2026-07-13,255.0,248.0,56210
MFLD85,2026-07-13,1090.3,1090.3,25
NRM,2026-07-13,316.0,304.0,9356
BPCL,2026-07-13,650.0,647.9,29331
SMATA,2026-07-13,730.0,732.0,2347
VLBS,2026-07-13,666.1,657.1,1860
SDBD87,2026-07-13,1130.0,1130.0,30
SBIBD86,2026-07-13,1182.0,1182.0,30000
NMBD87/88,2026-07-13,1155.0,1135.0,423278
NICAD85/86,2026-07-13,1131.0,1154.0,409900
SLCF,2026-07-13,10.0,9.9,21000
GBILD84/85,2026-07-13,1119.0,1145.0,5945
SWASTIK,2026-07-13,1992.5,1986.0,245
NADEP,2026-07-13,726.0,719.9,870
PBLD84,2026-07-13,1127.0,1127.0,57459
JBBD87,2026-07-13,1135.0,1110.0,59400
UMHL,2026-07-13,580.0,573.9,74747
NMB50,2026-07-13,10.49,10.49,3100
MBL,2026-07-13,245.0,243.8,76458
MBLEF,2026-07-13,10.0,9.91,510600
PCBL,2026-07-13,232.0,231.6,54916
ULHC,2026-07-13,373.1,368.9,8160
GILB,2026-07-13,1090.0,1065.0,424
PMHPL,2026-07-13,322.4,304.0,5233
MLBL,2026-07-13,345.1,343.0,13825
RNLI,2026-07-13,440.5,439.9,17502
PROFL,2026-07-13,430.0,423.0,5570
GBIMESY2,2026-07-13,9.09,9.5,2005175
PPCL,2026-07-13,325.0,324.0,32459
NMBD2085,2026-07-13,1150.0,1150.0,40000
SNORL,2026-07-13,810.0,780.0,28359
OHL,2026-07-13,667.0,665.1,1251
CZBIL,2026-07-13,195.0,193.5,39954
GRDBL,2026-07-13,1049.0,1027.0,10975
LUK,2026-07-13,10.3,10.0,1800
TRH,2026-07-13,783.0,774.0,1982
PCIL,2026-07-13,609.0,590.0,35156
RADHI,2026-07-13,705.0,693.3,43019
HIMSTAR,2026-07-13,680.0,627.0,8541
GBIME,2026-07-13,239.3,237.5,137598
PBD85,2026-07-13,1112.0,1112.0,30000
NMBHF2,2026-07-13,9.58,9.51,10001600
ULBSL,2026-07-13,3360.0,2839.0,3316
NICGF2,2026-07-13,9.2,9.15,700
MKCL,2026-07-13,1070.0,1074.0,1943
KKHC,2026-07-13,256.0,245.0,37314
RURU,2026-07-13,610.0,602.5,4144
VLUCL,2026-07-13,429.0,424.0,2129
BHDC,2026-07-13,442.0,425.0,5296
SANVI,2026-07-13,570.0,571.0,14705
EBLD91,2026-07-13,1119.0,1119.0,331559
GLBSL,2026-07-13,1770.0,1754.9,253
EDBL,2026-07-13,585.0,560.0,131010
HIDCL,2026-07-13,247.0,246.6,32749
GBILD86/87,2026-07-13,1144.0,1167.0,30535
HURJA,2026-07-13,226.0,222.1,52638
KDBY,2026-07-13,10.68,10.7,57045
APHL,2026-07-13,858.0,849.9,18305
SPDL,2026-07-13,365.0,360.0,18675
LBLD88,2026-07-13,1125.0,1150.0,43150
HEIP,2026-07-13,319.0,311.1,711
SBCF,2026-07-13,9.66,9.6,3015900
USHL,2026-07-13,517.6,480.0,950
SICL,2026-07-13,612.0,608.0,4332
CORBL,2026-07-13,1600.0,1600.0,23018
GWFD83,2026-07-13,1072.5,1114.0,199
DOLTI,2026-07-13,323.0,309.0,37230
NMBD89/90,2026-07-13,1311.0,1305.0,204330
GFCL,2026-07-13,605.0,595.1,7347
SMFBS,2026-07-13,1646.4,1580.0,3061
DHEL,2026-07-13,560.1,570.0,6557
MABEL,2026-07-13,585.0,562.0,5550
RMF1,2026-07-13,9.7,9.79,28500
BGWT,2026-07-13,517.0,520.0,843
SGHC,2026-07-13,325.0,322.0,1690
MHL,2026-07-13,467.0,468.0,3478
PHCL,2026-07-13,307.9,289.5,63709
ACLBSL,2026-07-13,893.0,908.9,615
BEDC,2026-07-13,315.0,310.1,26916
NBF3,2026-07-13,9.95,9.98,14000
RSML,2026-07-13,3000.0,3029.0,23433
MHNL,2026-07-13,228.1,229.0,20459
RHGCL,2026-07-13,255.5,253.0,17073
CFCL,2026-07-13,607.0,600.1,156070
NRN,2026-07-13,1350.0,1346.0,53243
DHPL,2026-07-13,275.0,257.1,11997
SHINE,2026-07-13,398.0,397.0,15517
HLICF,2026-07-13,8.73,8.75,1700
SCB,2026-07-13,638.0,637.0,20869
SSHL,2026-07-13,195.0,192.2,78046
RBBD83,2026-07-13,1068.0,1068.0,32445
IHL,2026-07-13,340.1,337.5,8814
MBJC,2026-07-13,265.1,270.0,11742
GMFIL,2026-07-13,450.2,448.0,7829
CYCL,2026-07-13,1301.1,1330.0,1819
BHL,2026-07-13,205.0,201.0,60335
NABBC,2026-07-13,720.0,713.3,5620
SFEF,2026-07-13,10.0,10.0,6000
TPKHL,2026-07-13,520.0,493.0,25046
SPIL,2026-07-13,685.0,689.8,11675
UMRH,2026-07-13,513.5,516.2,4452
NIBLGF,2026-07-13,9.22,9.0,2350
SADBL,2026-07-13,397.4,398.0,8990
RHPL,2026-07-13,260.2,255.1,13507
C30MF,2026-07-13,10.1,9.93,30100
BUNGAL,2026-07-13,616.9,575.0,36819
HLBSL,2026-07-13,852.0,863.0,2172
PBLD87,2026-07-13,1122.0,1140.0,150354
BOKD86KA,2026-07-13,1146.5,1140.0,9
BHPL,2026-07-13,481.0,467.5,7903
SHEL,2026-07-13,295.0,290.0,70178
PMLI,2026-07-13,440.0,434.1,5913
KBLD86,2026-07-13,1144.6,1195.0,40285
SJLIC,2026-07-13,415.0,405.2,33043
BNHC,2026-07-13,282.4,275.0,83916
AVYAN,2026-07-13,1040.0,1023.0,2923
KBLD90,2026-07-13,1225.0,1225.0,100000
GCIL,2026-07-13,325.2,327.0,21175
SKBBL,2026-07-13,746.0,744.0,24433
MBLD2085,2026-07-13,1171.0,1163.0,50000
LVF2,2026-07-13,9.76,9.77,700
NBF2,2026-07-13,9.7,10.03,27011
ICFC,2026-07-13,592.0,588.0,10251
SBL,2026-07-13,386.7,386.0,92383
NMFBS,2026-07-13,1110.0,1104.1,966
AHPC,2026-07-13,261.5,261.0,71919
PSF,2026-07-13,11.52,11.6,1470600
FMDBL,2026-07-13,798.0,755.0,5000
RLFL,2026-07-13,464.0,450.0,19127
CHL,2026-07-13,252.0,253.0,14166
JFL,2026-07-13,387.0,381.0,6869
RFPL,2026-07-13,330.0,322.4,27601
MPFL,2026-07-13,600.0,599.9,6143
SLBSL,2026-07-13,1100.0,1197.0,10929
TTL,2026-07-13,715.1,699.0,14760
JSLBB,2026-07-13,997.2,1015.0,343
SHINED,2026-07-13,1140.0,1140.0,10000
LEC,2026-07-13,211.0,203.3,69241
GBBD85,2026-07-13,1075.2,1115.0,1026
MAKAR,2026-07-13,455.0,457.0,1300
KHPL,2026-07-13,896.0,885.0,14721
NLICL,2026-07-13,582.0,570.0,46092
SBLD89,2026-07-13,1260.0,1237.1,170682
NMB,2026-07-13,240.0,235.9,24649
NLG,2026-07-13,570.0,565.0,56368
MSLB,2026-07-13,1269.0,1209.0,2535
MEHL,2026-07-13,302.0,300.0,4388
MEL,2026-07-13,225.5,210.0,11814
UNL,2026-07-13,47000.0,46555.0,30
TVCL,2026-07-13,484.0,461.1,3239
NUBL,2026-07-13,608.0,590.2,9618
OMPL,2026-07-13,881.2,866.0,2601
NMBMF,2026-07-13,595.0,595.0,1265
MANDU,2026-07-13,796.2,787.0,1440
PRSF,2026-07-13,12.62,12.6,85300
NIBD84,2026-07-13,1077.0,1055.0,48399
TAMOR,2026-07-13,439.0,432.0,25691
MMF1,2026-07-13,9.6,9.7,457040
RSY,2026-07-13,9.81,10.0,5700
NMIC,2026-07-13,900.1,885.0,5163
PPL,2026-07-13,306.0,318.0,15639
SGHL,2026-07-13,490.0,462.5,56722
PRVU,2026-07-13,180.0,188.0,87711
KPCL,2026-07-13,464.0,458.0,7794
SKHL,2026-07-13,883.0,837.6,12275
CIZBD90,2026-07-13,1188.3,1175.0,1295
SWMF,2026-07-13,603.0,608.9,1412
NABIL,2026-07-13,530.0,526.3,48177
MKJC,2026-07-13,449.0,447.0,2482
CITY,2026-07-13,353.1,345.0,160589
HLI,2026-07-13,322.8,317.0,18680
HEI,2026-07-13,509.0,510.0,19501
KEF,2026-07-13,10.83,10.66,2408770
H8020,2026-07-13,11.45,11.7,1220
RIDI,2026-07-13,309.0,315.9,210156
NESDO,2026-07-13,1480.0,1485.0,1324
ILBS,2026-07-13,821.0,843.5,2867
KSBBL,2026-07-13,468.5,468.0,21045
NFS,2026-07-13,566.5,560.1,13966
DDBL,2026-07-13,813.0,816.0,2518
SLBBL,2026-07-13,780.2,786.0,3918
SHLB,2026-07-13,1405.0,1409.7,90
MEN,2026-07-13,561.0,552.8,130618
GSY,2026-07-13,10.0,9.95,24850
UPCL,2026-07-13,361.0,359.0,32636
NIMB,2026-07-13,199.8,188.1,166988
GIBF1,2026-07-13,10.21,10.35,1001600
USHEC,2026-07-13,480.0,481.0,10014
SBLD83,2026-07-13,1045.0,1045.0,22166
SRLI,2026-07-13,373.0,367.0,38900
SAGAR,2026-07-13,1530.0,1535.0,4633
SBD87,2026-07-13,1165.0,1199.0,65
MNBBL,2026-07-13,362.0,360.0,33147
HDHPC,2026-07-13,205.3,202.9,92734
GUFL,2026-07-13,546.0,538.5,6731
SPC,2026-07-13,412.0,415.0,1000
CIT,2026-07-13,1680.1,1675.0,4296
SMH,2026-07-13,498.0,490.0,13845
SBLD2091,2026-07-13,1070.0,1080.0,10100
NIMBPO,2026-07-13,139.1,143.1,327
KDL,2026-07-13,776.0,755.0,1857
MFIL,2026-07-13,770.0,769.8,20676
SIFC,2026-07-13,511.1,500.0,11936
HDL,2026-07-13,1145.0,1142.0,34920
SAHAS,2026-07-13,649.0,636.9,165275
GVL,2026-07-13,462.0,470.0,9604
PRIN,2026-07-13,683.8,676.8,3349
BJHL,2026-07-13,705.0,657.0,8913
MATRI,2026-07-13,837.5,813.0,278
SARBTM,2026-07-13,787.0,772.0,19557
SOHL,2026-07-13,526.0,528.0,66804
HPPL,2026-07-13,356.0,348.5,168161
MERO,2026-07-13,680.0,673.0,6275
CBBL,2026-07-13,920.0,910.0,15967
NABILD2089,2026-07-13,1075.0,1140.0,81874
YMHL,2026-07-13,584.0,556.1,16850
SCBD,2026-07-13,1115.0,1132.0,113521
SONA,2026-07-13,405.2,400.1,26467
HBL,2026-07-13,192.8,190.8,60904
DORDI,2026-07-13,248.0,245.7,24377
CLI,2026-07-13,444.0,436.0,17029
EHPL,2026-07-13,329.0,339.0,17190
JBBL,2026-07-13,340.0,333.0,31072
API,2026-07-13,326.0,322.0,230835
BHCL,2026-07-13,488.0,457.0,36748
KBL,2026-07-13,211.3,208.0,138333
RAWA,2026-07-13,426.9,406.0,35619
NTC,2026-07-13,845.0,846.0,6841
PBD88,2026-07-13,1240.0,1270.0,19876
SOPL,2026-07-13,790.0,751.0,49560
DDBL,2026-07-10,829.0,820.0,6310
UAIL,2026-07-10,434.0,433.0,11356
CGH,2026-07-10,775.0,775.0,113957
NIFRAGED,2026-07-10,1040.0,1050.0,163
SKHL,2026-07-10,871.0,883.0,13080
RNLI,2026-07-10,449.7,444.0,15966
SIGS2,2026-07-10,10.25,10.2,10000
DHEL,2026-07-10,557.0,575.0,12300
NHPC,2026-07-10,256.0,253.0,148326
CSY,2026-07-10,9.02,9.05,3500
JBBL,2026-07-10,335.0,335.7,8670
PRVU,2026-07-10,181.0,189.0,77579
UPCL,2026-07-10,377.0,361.0,38248
AVYAN,2026-07-10,1040.0,1041.0,1386
GBIMESY2,2026-07-10,9.31,9.09,1600
MAKAR,2026-07-10,455.8,463.0,1536
KDBY,2026-07-10,10.6,10.68,6650
CYCL,2026-07-10,1348.8,1320.0,1615
LBBLD89,2026-07-10,1320.0,1315.0,307
SJCL,2026-07-10,275.0,269.0,6988
NMBD2085,2026-07-10,1131.0,1131.0,15
GIBF1,2026-07-10,10.3,10.5,1300
UNHPL,2026-07-10,390.0,386.0,14789
PBD88,2026-07-10,1265.0,1265.0,200
HEI,2026-07-10,518.0,510.0,16277
KSBBL,2026-07-10,470.0,468.5,26190
NMLBBL,2026-07-10,535.0,531.2,6390
BJHL,2026-07-10,740.0,699.8,5344
NBL,2026-07-10,251.0,264.5,32108
MEL,2026-07-10,211.2,214.8,8809
MDB,2026-07-10,573.0,567.0,3392
KHPL,2026-07-10,892.9,897.9,6756
RIDI,2026-07-10,325.1,324.5,143335
BNHC,2026-07-10,300.1,297.2,4076
HHL,2026-07-10,333.2,333.8,21448
BANDIPUR,2026-07-10,701.0,701.1,22188
SHLB,2026-07-10,1413.3,1417.1,132
NLIC,2026-07-10,750.0,741.0,24299
CFCL,2026-07-10,622.5,610.0,41982
KDL,2026-07-10,771.0,775.1,2429
OHL,2026-07-10,669.0,684.5,940
MHNL,2026-07-10,226.0,235.0,39780
CBBL,2026-07-10,910.0,911.0,10358
SOHL,2026-07-10,560.0,553.6,45294
UHEWA,2026-07-10,535.6,565.0,23678
MKHL,2026-07-10,490.0,477.0,5085
CKHL,2026-07-10,570.0,562.0,310
DLBS,2026-07-10,1169.0,1200.0,279
NABILD2089,2026-07-10,1090.3,1090.3,25
SARBTM,2026-07-10,796.0,793.0,7314
SPHL,2026-07-10,540.0,546.0,2284
SWASTIK,2026-07-10,1970.1,2034.0,244
HRL,2026-07-10,561.1,561.0,36765
LBBL,2026-07-10,484.0,477.9,9726
SICL,2026-07-10,611.0,612.0,3769
STC,2026-07-10,5179.0,5145.0,1427
GMFBS,2026-07-10,1220.0,1199.0,388
SGHC,2026-07-10,320.0,327.0,6565
RSDC,2026-07-10,654.0,643.0,3140
GBILD86/87,2026-07-10,1120.0,1140.0,90
GSY,2026-07-10,10.1,10.0,4500
AKPL,2026-07-10,247.0,252.4,33869
NMB,2026-07-10,240.0,236.5,19929
NHDL,2026-07-10,631.0,641.0,33801
NMBD89/90,2026-07-10,1313.0,1313.0,139614
PSF,2026-07-10,11.27,11.85,6700
MEHL,2026-07-10,312.4,310.0,4569
SPL,2026-07-10,650.0,651.0,762
BARUN,2026-07-10,310.0,314.0,23299
NLICL,2026-07-10,580.0,573.0,74867
SKHEL,2026-07-10,899.0,893.4,11603
ICFC,2026-07-10,605.0,598.0,8273
NMBMF,2026-07-10,596.4,599.0,266
NLG,2026-07-10,575.0,569.8,4916
SRLI,2026-07-10,376.9,376.9,22469
LICN,2026-07-10,779.7,776.0,12912
EBLD85,2026-07-10,1104.0,1147.0,331
FOWAD,2026-07-10,988.0,960.0,1475
BUNGAL,2026-07-10,571.1,600.1,39341
MKHC,2026-07-10,295.2,294.7,6432
SPDL,2026-07-10,370.0,367.9,15833
CORBL,2026-07-10,1690.0,1647.0,73552
SFEF,2026-07-10,9.95,10.0,300
SGHL,2026-07-10,455.0,487.0,69740
MKCL,2026-07-10,1082.0,1083.0,1863
KSY,2026-07-10,9.7,9.7,1500
MHL,2026-07-10,475.0,471.9,1377
GRDBL,2026-07-10,1015.3,1039.0,4683
SHINED,2026-07-10,1140.0,1140.0,10000
USHL,2026-07-10,496.8,493.0,2502
SLBSL,2026-07-10,1101.9,1136.0,3863
MMF1,2026-07-10,9.7,9.6,34230
RLFL,2026-07-10,467.7,459.7,25717
ADBLD83,2026-07-10,1090.0,1090.0,10
VLBS,2026-07-10,664.1,666.1,941
SBID83,2026-07-10,1087.0,1090.0,35475
MLBL,2026-07-10,351.0,345.4,15835
SMPDA,2026-07-10,765.0,772.0,747
HDHPC,2026-07-10,203.1,205.0,87148
SAIL,2026-07-10,901.9,850.0,8462
SABBL,2026-07-10,875.0,860.0,10053
SHEL,2026-07-10,297.8,295.0,36321
MNBBL,2026-07-10,366.7,362.0,36985
KMCDB,2026-07-10,813.6,800.0,1186
SPC,2026-07-10,400.0,420.0,752
KKHC,2026-07-10,256.0,249.0,25227
HURJA,2026-07-10,230.0,226.0,56263
NICSF,2026-07-10,9.3,9.35,39725
PMLI,2026-07-10,444.5,442.1,2051
BOKD86KA,2026-07-10,1142.0,1146.5,145730
ILI,2026-07-10,415.9,415.0,8894
SCB,2026-07-10,650.0,638.0,18019
IGI,2026-07-10,440.0,427.8,8062
NMBHF2,2026-07-10,9.39,9.78,3799
KBSH,2026-07-10,1339.0,1319.0,214
BHPL,2026-07-10,499.0,489.0,2432
NICL,2026-07-10,505.0,509.1,20350
ICFCD89,2026-07-10,1113.0,1113.0,25
GHL,2026-07-10,215.4,218.9,13133
GFCL,2026-07-10,603.0,605.0,8569
CCBD88,2026-07-10,1211.0,1230.0,10010
NICAD85/86,2026-07-10,1125.2,1150.0,75
VLUCL,2026-07-10,424.0,429.0,3444
TTL,2026-07-10,680.7,715.0,6656
ANLB,2026-07-10,5676.0,6416.0,1203
GMLI,2026-07-10,1116.0,1149.0,356
SMB,2026-07-10,1730.9,1854.0,1107
WNLB,2026-07-10,1330.0,1335.0,499
SNLI,2026-07-10,421.0,425.0,6562
CHL,2026-07-10,254.0,255.1,8310
BGWT,2026-07-10,532.0,516.1,5738
NADEP,2026-07-10,725.0,724.9,618
GBBD85,2026-07-10,1090.0,1090.0,25
MSLB,2026-07-10,1201.0,1232.6,1798
RADHI,2026-07-10,670.0,710.0,52400
NMFBSP,2026-07-10,610.0,610.0,8130
EHPL,2026-07-10,369.6,346.0,20219
RHPL,2026-07-10,261.0,260.3,9772
EBLD86,2026-07-10,1095.0,1100.0,45
PPCL,2026-07-10,330.0,329.0,14785
RBCL,2026-07-10,14250.0,14492.0,100
DHPL,2026-07-10,281.0,275.0,945
LUK,2026-07-10,10.0,10.0,1600
HLI,2026-07-10,320.0,318.2,20729
NBF3,2026-07-10,9.7,10.1,47740
SKBBL,2026-07-10,745.0,746.0,22695
RAWA,2026-07-10,441.0,418.8,20450
SOPL,2026-07-10,792.6,790.0,33604
NYADI,2026-07-10,374.0,349.0,22407
AKJCL,2026-07-10,330.0,348.7,296296
GVL,2026-07-10,461.0,469.8,4931
NICLBSL,2026-07-10,552.6,551.0,3126
ULHC,2026-07-10,380.0,384.5,17510
BHCL,2026-07-10,474.0,474.0,35162
SAGAR,2026-07-10,1560.0,1569.7,3185
SPIL,2026-07-10,694.0,686.5,787
SAHAS,2026-07-10,645.2,642.1,151731
SFMF,2026-07-10,10.2,10.2,980
NSY,2026-07-10,9.3,9.37,35400
SMJC,2026-07-10,440.0,437.0,13024
SBI,2026-07-10,392.0,390.9,9092
EDBL,2026-07-10,567.0,558.0,1120
SIPD,2026-07-10,619.5,595.1,9535
NMBD87/88,2026-07-10,1120.0,1155.0,340
NFS,2026-07-10,575.0,567.1,10979
CIZBD86,2026-07-10,1178.6,1130.0,38024
RSY,2026-07-10,9.95,10.1,3200
JBLB,2026-07-10,1240.0,1235.0,3574
RHGCL,2026-07-10,255.0,260.0,14385
NRN,2026-07-10,1371.0,1376.0,63259
NICA,2026-07-10,313.5,326.7,65546
NIMB,2026-07-10,198.1,190.3,91492
SCBD,2026-07-10,1141.0,1115.0,181424
NICGF2,2026-07-10,9.12,9.1,6950
TAMOR,2026-07-10,439.1,439.0,26113
MSHL,2026-07-10,587.0,610.0,703
GCIL,2026-07-10,329.0,334.7,20772
NRM,2026-07-10,320.0,318.0,6711
RMF2,2026-07-10,9.95,9.95,100
AHPC,2026-07-10,263.0,261.5,34581
USHEC,2026-07-10,479.4,483.2,6585
NMFBS,2026-07-10,1104.2,1106.1,4215
BPCL,2026-07-10,653.0,650.0,19571
HPPL,2026-07-10,363.0,365.0,29137
UNL,2026-07-10,47000.0,46550.1,20
SINDU,2026-07-10,686.0,693.0,9583
SHPC,2026-07-10,497.0,490.0,40738
BHDC,2026-07-10,434.9,430.0,11509
GBILD84/85,2026-07-10,1125.0,1120.0,130017
HDL,2026-07-10,1145.0,1142.6,17488
CLI,2026-07-10,441.0,444.9,3912
NICBF,2026-07-10,9.12,9.1,3000
HIDCLP,2026-07-10,186.6,184.5,103028
ULBSL,2026-07-10,3200.0,3200.0,10
LBLD86,2026-07-10,1202.8,1228.0,49862
LEC,2026-07-10,196.5,206.6,57416
PURE,2026-07-10,755.0,744.0,3562
MBL,2026-07-10,233.0,245.3,81586
SADBLP,2026-07-10,220.0,220.0,149638
RBBD83,2026-07-10,1061.0,1062.0,657906
KEF,2026-07-10,10.14,11.16,20500
NABBC,2026-07-10,712.0,720.0,21002
MLBLPO,2026-07-10,201.0,201.0,10454
GUFL,2026-07-10,544.0,545.0,6630
CHDC,2026-07-10,2110.0,2117.0,11804
SADBL,2026-07-10,408.0,399.0,12586
NBLD87,2026-07-10,1125.0,1174.5,781151
SYPNL,2026-07-10,1300.0,1359.0,22494
API,2026-07-10,329.0,325.5,258635
MATRI,2026-07-10,825.0,820.1,381
JOSHI,2026-07-10,261.0,256.0,6106
SWBBL,2026-07-10,680.0,671.3,19495
NMB50,2026-07-10,10.25,10.25,2986
NIBLSTF,2026-07-10,9.5,8.47,120850
ALBSL,2026-07-10,1031.0,1061.0,8403
PRIN,2026-07-10,681.0,683.0,17699
NGPL,2026-07-10,409.8,406.9,115383
SALICO,2026-07-10,609.7,591.9,4171
NABIL,2026-07-10,534.0,527.8,53475
KBLD89,2026-07-10,1255.0,1299.8,147306
NUBL,2026-07-10,617.0,608.0,1771
NWCL,2026-07-10,705.0,706.5,2365
SJLIC,2026-07-10,414.0,415.0,7543
GBLBS,2026-07-10,730.0,737.0,1305
MBLD87,2026-07-10,1136.0,1145.1,100003
HLICF,2026-07-10,8.49,8.73,2832
SLCF,2026-07-10,10.0,10.0,28100
NRIC,2026-07-10,940.0,937.9,15390
GLH,2026-07-10,246.1,247.2,33842
RMF1,2026-07-10,9.68,9.8,7600
CIT,2026-07-10,1700.0,1684.0,5398
CHCL,2026-07-10,477.0,478.0,37671
PCIL,2026-07-10,606.0,609.9,60547
SBLD89,2026-07-10,1270.68,1282.0,177290
GMFIL,2026-07-10,456.0,455.0,15923
EBLD91,2026-07-10,1090.0,1110.0,26
MHCL,2026-07-10,317.1,317.0,1410
SIFC,2026-07-10,520.0,520.0,5616
GBIME,2026-07-10,242.0,239.5,206018
NSIF2,2026-07-10,10.6,10.65,800
RSML,2026-07-10,2940.0,3034.9,41428
ADBL,2026-07-10,288.8,303.2,17742
MLBSL,2026-07-10,1686.2,1700.0,301
UMHL,2026-07-10,551.0,576.0,21273
SBD87,2026-07-10,1127.0,1150.0,251385
SIKLES,2026-07-10,555.0,550.0,8446
OMPL,2026-07-10,900.0,900.0,3327
H8020,2026-07-10,11.65,11.8,22706
SANIMA,2026-07-10,353.0,350.0,173609
SRBLD83,2026-07-10,1060.0,1052.1,100000
FMDBL,2026-07-10,760.0,760.0,6910
CIZBD90,2026-07-10,1210.0,1225.0,4705
NMIC,2026-07-10,906.0,912.0,2998
LLBS,2026-07-10,892.0,918.3,54
UPPER,2026-07-10,192.0,190.9,55084
C30MF,2026-07-10,10.01,10.01,200
MFIL,2026-07-10,771.0,775.0,30764
SBLD84,2026-07-10,1056.0,1056.0,43600
RBBD2088,2026-07-10,1062.0,1060.0,48377
MKJC,2026-07-10,448.0,449.8,2568
NIBD84,2026-07-10,1062.0,1062.0,48206
NIBLGF,2026-07-10,9.02,9.5,500
PROFL,2026-07-10,430.0,433.0,4948
TPC,2026-07-10,355.8,353.0,9618
HLBSL,2026-07-10,865.0,871.9,311
JFL,2026-07-10,396.0,376.2,6866
PRSF,2026-07-10,12.58,12.7,19785
HATHY,2026-07-10,675.0,689.8,3429
MCHL,2026-07-10,276.0,274.6,3577
AHL,2026-07-10,420.0,421.0,2658
SSHL,2026-07-10,195.5,195.0,93126
GLBSL,2026-07-10,1739.0,1770.0,53
SHIVM,2026-07-10,620.0,621.5,66153
SMHL,2026-07-10,470.0,460.0,34062
MABEL,2026-07-10,575.0,584.0,5674
MLBBL,2026-07-10,1125.3,1129.9,486
MNMF1,2026-07-10,9.8,9.85,85300
NTC,2026-07-10,850.0,847.0,4449
ENL,2026-07-10,785.0,800.0,566
SEF,2026-07-10,9.96,10.22,5300
SBCF,2026-07-10,9.65,9.66,31200
LVF2,2026-07-10,9.75,9.75,700
RFPL,2026-07-10,331.0,330.0,40662
PHCL,2026-07-10,291.1,295.0,50003
PPL,2026-07-10,315.0,322.0,18095
RURU,2026-07-10,620.0,612.0,4126
HIDCL,2026-07-10,246.8,247.4,72974
NBBD2085,2026-07-10,1105.1,1105.0,16800
JHAPA,2026-07-10,1094.2,1077.0,8329
SGIC,2026-07-10,461.0,460.0,16129
SNORL,2026-07-10,881.0,820.0,38755
TPKHL,2026-07-10,496.0,525.8,31763
MLBLD89,2026-07-10,1310.0,1310.0,100
NIMBPO,2026-07-10,141.2,139.0,6314
TVCL,2026-07-10,482.0,470.0,3094
SMH,2026-07-10,508.2,497.0,9549
MLBS,2026-07-10,1135.0,1169.0,30
JBBD87,2026-07-10,1130.0,1130.0,10000
SBLD83,2026-07-10,1052.0,1038.0,52820
MPFL,2026-07-10,591.0,609.9,12428
EBL,2026-07-10,705.0,695.0,34233
MBJC,2026-07-10,264.0,270.0,5027
BBC,2026-07-10,4195.0,4168.0,205
KBL,2026-07-10,210.0,210.4,81682
CZBIL,2026-07-10,186.0,196.2,18811
SONA,2026-07-10,407.0,409.0,14322
SANVI,2026-07-10,602.0,588.0,8342
BEDC,2026-07-10,318.0,318.1,14329
CREST,2026-07-10,1180.0,1189.8,6962
NIL,2026-07-10,625.0,614.9,4517
BFC,2026-07-10,544.1,512.3,45872
KAHL,2026-07-10,477.0,510.0,51203
RLEL,2026-07-10,768.0,755.0,5519
DORDI,2026-07-10,246.0,250.0,20947
SWMF,2026-07-10,620.0,615.9,1832
NESDO,2026-07-10,1500.0,1509.1,1175
CITY,2026-07-10,345.8,356.8,192387
TSHL,2026-07-10,355.0,340.0,19296
KPCL,2026-07-10,467.5,461.2,8910
HEIP,2026-07-10,336.7,328.3,1846
GILB,2026-07-10,1114.9,1090.0,1741
GBBL,2026-07-10,402.0,398.0,29466
PMHPL,2026-07-10,310.0,313.1,2283
BHL,2026-07-10,207.0,203.0,86456
SLBBL,2026-07-10,793.8,790.0,3592
NICAD2091,2026-07-10,1060.1,1074.0,200
MBLEF,2026-07-10,9.83,10.0,1000
YMHL,2026-07-10,545.0,584.0,27399
IHL,2026-07-10,350.0,345.0,6784
DOLTI,2026-07-10,320.5,323.0,17925
ACLBSL,2026-07-10,920.5,905.0,667
HFIN,2026-07-10,658.9,654.0,22186
NBF2,2026-07-10,9.99,9.9,12315
MND84/85,2026-07-10,1090.0,1100.0,88579
UNLB,2026-07-10,1260.1,1272.8,115
MEN,2026-07-10,568.0,560.0,96493
APHL,2026-07-10,850.0,879.9,45663
TRH,2026-07-10,780.0,775.0,16690
SMATA,2026-07-10,734.0,736.0,850
MERO,2026-07-10,690.0,683.0,7572
MANDU,2026-07-10,800.0,809.0,910
SAPDBL,2026-07-10,765.0,763.0,11763
NIBSF2,2026-07-10,8.87,8.86,20300
NICFC,2026-07-10,9.14,9.6,2750
PBLD87,2026-07-10,1095.0,1090.0,358
NIMBD90,2026-07-10,1248.3,1248.3,300
SHINE,2026-07-10,402.0,398.0,14060
HBLD86,2026-07-10,1210.0,1210.0,170
JSLBB,2026-07-10,999.0,1028.0,271
UMRH,2026-07-10,523.8,518.0,10160
SIGS3,2026-07-10,10.43,10.6,13150
SBL,2026-07-10,390.0,389.9,76400
SHL,2026-07-10,497.8,490.5,16511
SAGF,2026-07-10,10.1,10.25,1400
HBLD83,2026-07-10,1021.0,1017.0,620
RBBF40,2026-07-10,9.25,9.26,2400
SMFBS,2026-07-10,1619.9,1568.0,232
HBL,2026-07-10,190.0,192.8,42614
MMKJL,2026-07-10,454.0,455.0,1633
GWFD83,2026-07-10,1100.0,1072.5,300
ALICL,2026-07-10,430.0,422.4,52075
HIMSTAR,2026-07-10,677.9,670.0,2758
ILBS,2026-07-10,900.0,847.0,3353
LSL,2026-07-10,227.8,218.0,100709
USLB,2026-07-10,1175.0,1169.0,844
NIFRA,2026-07-10,244.0,246.0,30253
PCBL,2026-07-10,240.0,231.0,50684
RNLI,2026-07-09,445.5,449.7,14625
NIFRA,2026-07-09,250.0,244.0,66307
MSLB,2026-07-09,1230.0,1235.0,369
NHPC,2026-07-09,257.9,253.0,135613
NMBD87/88,2026-07-09,1133.0,1133.0,127155
TPC,2026-07-09,355.5,350.0,9168
SOHL,2026-07-09,577.0,570.0,74396
LICN,2026-07-09,776.0,779.7,9199
SCB,2026-07-09,645.0,642.0,14689
PCBL,2026-07-09,231.2,231.0,54301
SPHL,2026-07-09,545.0,545.9,3068
SBLD2091,2026-07-09,1082.0,1082.0,14
SJCL,2026-07-09,267.2,272.3,4770
PSF,2026-07-09,11.95,11.6,58350
USHEC,2026-07-09,481.1,483.0,2656
GCIL,2026-07-09,336.0,328.1,25487
PRVU,2026-07-09,190.0,190.0,70993
NICGF2,2026-07-09,9.0,9.12,15800
CYCL,2026-07-09,1351.1,1379.9,1969
SBL,2026-07-09,392.0,388.3,59169
NABIL,2026-07-09,532.0,528.6,42398
CHDC,2026-07-09,2112.0,2109.0,10953
GBILD86/87,2026-07-09,1131.0,1119.0,315600
MLBSL,2026-07-09,1739.0,1729.9,308
MERO,2026-07-09,710.0,690.0,12563
GBBL,2026-07-09,401.1,398.5,27617
HDHPC,2026-07-09,206.7,205.8,67537
SOPL,2026-07-09,827.0,792.6,39702
MBLEF,2026-07-09,10.0,10.1,4450
NSIF2,2026-07-09,10.6,10.6,750
SPL,2026-07-09,655.0,659.0,1875
NLICL,2026-07-09,573.7,570.2,15725
RLEL,2026-07-09,800.0,768.0,5453
NLIC,2026-07-09,740.0,739.9,17824
RHGCL,2026-07-09,259.7,257.9,12540
BANDIPUR,2026-07-09,721.0,713.0,12877
SMHL,2026-07-09,466.1,470.0,52642
EHPL,2026-07-09,359.9,352.0,3829
SKBBL,2026-07-09,749.0,743.0,9757
NADEP,2026-07-09,710.1,726.9,827
MKJC,2026-07-09,445.1,446.1,4777
CBBL,2026-07-09,919.9,912.0,25423
HHL,2026-07-09,330.6,335.9,13407
LSL,2026-07-09,217.0,217.1,61732
KDL,2026-07-09,794.7,774.9,585
NICL,2026-07-09,513.0,513.0,15359
NICA,2026-07-09,330.0,329.9,32553
SIKLES,2026-07-09,550.0,551.9,3189
ALICL,2026-07-09,430.0,420.0,20644
CKHL,2026-07-09,572.4,582.4,1060
KSBBL,2026-07-09,475.0,470.0,20163
IGI,2026-07-09,427.2,429.5,6957
SMPDA,2026-07-09,803.0,785.0,1126
BBC,2026-07-09,4115.0,4101.0,155
MNMF1,2026-07-09,9.56,9.8,54620
NMLBBL,2026-07-09,549.0,525.0,7387
MCHL,2026-07-09,293.0,274.1,9006
SHL,2026-07-09,492.9,492.0,33083
SANVI,2026-07-09,597.0,594.0,10254
GUFL,2026-07-09,545.5,544.0,6888
NRIC,2026-07-09,940.0,940.0,19948
TSHL,2026-07-09,375.0,349.0,25691
SAGF,2026-07-09,10.0,10.25,600
NMFBS,2026-07-09,1108.0,1104.2,6014
SIPD,2026-07-09,600.0,590.0,10144
HIDCL,2026-07-09,250.2,248.2,33072
RBCLPO,2026-07-09,11125.0,11399.0,60
NMBMF,2026-07-09,601.0,608.0,1163
SARBTM,2026-07-09,805.0,793.0,9174
FMDBL,2026-07-09,767.0,760.0,10388
KAHL,2026-07-09,480.0,477.0,55910
MEL,2026-07-09,214.0,213.7,23778
RAWA,2026-07-09,427.0,420.0,23760
ICFCD88,2026-07-09,1120.0,1150.0,175
GILB,2026-07-09,1071.6,1100.0,2022
SJLIC,2026-07-09,413.0,414.0,17500
NHDL,2026-07-09,644.0,631.0,1413
MMF1,2026-07-09,9.5,9.5,65000
SHPC,2026-07-09,491.0,489.0,35609
HURJA,2026-07-09,230.0,227.4,32493
KBL,2026-07-09,212.0,209.0,107075
SIFC,2026-07-09,521.0,515.0,3474
JOSHI,2026-07-09,259.0,254.0,9239
RFPL,2026-07-09,333.0,333.8,13606
NMBD2085,2026-07-09,1160.0,1130.0,79985
RSY,2026-07-09,9.8,9.95,1100
NICAD85/86,2026-07-09,1160.0,1160.0,10
BHL,2026-07-09,206.0,205.0,51839
UHEWA,2026-07-09,577.0,563.7,16623
SALICO,2026-07-09,605.0,592.0,26233
SAIL,2026-07-09,824.0,859.0,21914
JBBL,2026-07-09,335.0,335.0,29143
NMIC,2026-07-09,920.0,924.0,1941
SHINE,2026-07-09,403.0,399.9,26083
MAKAR,2026-07-09,455.3,458.0,775
RBCL,2026-07-09,14300.0,14201.0,160
MND84/85,2026-07-09,1080.0,1080.0,25
HFIN,2026-07-09,650.2,658.9,16585
HPPL,2026-07-09,352.5,365.1,54567
DHEL,2026-07-09,568.0,573.9,10667
NIBLGF,2026-07-09,9.29,9.29,521
AHPC,2026-07-09,261.0,260.1,49995
RMF2,2026-07-09,10.0,10.0,800
SINDU,2026-07-09,690.0,695.0,4152
NICFC,2026-07-09,9.26,9.37,12800
NESDO,2026-07-09,1499.0,1477.0,881
EBLD85,2026-07-09,1116.0,1107.1,30491
NIMB,2026-07-09,193.0,191.0,125288
UMHL,2026-07-09,551.0,575.0,19766
KMCDB,2026-07-09,779.0,790.0,1876
KHPL,2026-07-09,884.0,892.9,10580
SWMF,2026-07-09,615.0,607.9,2531
GSY,2026-07-09,9.95,9.95,7155
RMF1,2026-07-09,9.61,9.7,6200
SMJC,2026-07-09,447.0,440.0,8475
GBIMESY2,2026-07-09,9.0,9.04,1600
HATHY,2026-07-09,691.0,689.9,6267
NSY,2026-07-09,9.29,9.47,8900
KKHC,2026-07-09,245.0,249.8,24532
TVCL,2026-07-09,458.5,482.0,8782
GVL,2026-07-09,466.2,470.0,6136
GHL,2026-07-09,216.8,216.4,36008
JHAPA,2026-07-09,1083.0,1127.0,31997
EDBL,2026-07-09,555.0,561.0,1390
SHEL,2026-07-09,295.0,293.7,30995
MBL,2026-07-09,242.4,245.0,57546
OHL,2026-07-09,670.0,669.0,232
TAMOR,2026-07-09,439.0,439.2,11639
NWCL,2026-07-09,714.1,723.5,1120
MPFL,2026-07-09,610.0,605.0,7597
MHL,2026-07-09,472.0,464.0,1844
VLBS,2026-07-09,670.0,664.0,1867
HEIP,2026-07-09,337.0,327.0,55
SGIC,2026-07-09,468.0,460.1,4460
LBBLD89,2026-07-09,1282.0,1282.0,13
BHCL,2026-07-09,481.0,474.0,45833
PURE,2026-07-09,780.0,749.9,8519
SMFBS,2026-07-09,1650.0,1589.9,1719
NMB50,2026-07-09,10.4,10.21,9359
SONA,2026-07-09,411.0,406.3,35598
GBBLPO,2026-07-09,238.0,238.0,5000
NICAD2091,2026-07-09,1070.0,1070.0,40
KBLD89,2026-07-09,1262.0,1262.0,1520
NGPL,2026-07-09,402.1,409.0,100458
MHNL,2026-07-09,239.0,233.0,12347
RLFL,2026-07-09,439.9,463.3,20070
MEHL,2026-07-09,324.0,314.0,4543
SIGS2,2026-07-09,10.3,10.25,1900
USLB,2026-07-09,1210.0,1170.0,2206
SNLI,2026-07-09,427.5,423.1,9490
SWBBL,2026-07-09,670.0,669.9,43664
EBL,2026-07-09,700.0,697.0,12059
CZBIL,2026-07-09,192.1,195.5,42909
PROFL,2026-07-09,430.0,432.9,2307
BJHL,2026-07-09,784.0,740.0,6061
SANIMA,2026-07-09,353.8,352.1,55167
MKHL,2026-07-09,475.0,474.5,8217
HLICF,2026-07-09,9.16,8.75,4200
BGWT,2026-07-09,562.9,560.0,1165
SHLB,2026-07-09,1430.0,1436.0,130
MLBL,2026-07-09,349.5,348.0,13077
OMPL,2026-07-09,955.0,900.0,5739
SFEF,2026-07-09,10.0,10.0,17860
CFCL,2026-07-09,611.3,614.0,144859
CIT,2026-07-09,1685.1,1683.0,3820
ILI,2026-07-09,413.6,415.9,3206
SBCF,2026-07-09,9.7,9.6,70281
NRN,2026-07-09,1380.1,1372.0,38347
SGHC,2026-07-09,325.0,331.0,4000
MSHL,2026-07-09,605.0,600.0,2065
ACLBSL,2026-07-09,925.0,920.0,477
NBL,2026-07-09,266.0,264.0,31375
MLBS,2026-07-09,1145.0,1144.0,100
HLBSL,2026-07-09,850.0,869.0,4231
EBLD91,2026-07-09,1090.0,1090.0,40
PFL,2026-07-09,358.0,364.0,4397
MEN,2026-07-09,565.1,564.0,56042
NBBD2085,2026-07-09,1120.1,1112.0,20700
ADBLD83,2026-07-09,1084.0,1084.0,130728
ADBL,2026-07-09,303.5,304.0,13934
CZBILP,2026-07-09,105.8,105.8,75000
CREST,2026-07-09,1189.0,1196.1,7972
RADHI,2026-07-09,702.9,705.0,16347
BARUN,2026-07-09,315.2,312.0,32332
MFIL,2026-07-09,770.0,772.0,48827
SLCF,2026-07-09,10.0,10.08,10600
LLBS,2026-07-09,900.0,915.9,186
SICL,2026-07-09,615.0,611.0,5014
MABEL,2026-07-09,600.0,578.0,8069
NIMBPO,2026-07-09,142.0,142.0,3937
VLUCL,2026-07-09,431.0,429.0,2520
NBF2,2026-07-09,9.8,9.7,1000
UNLB,2026-07-09,1332.5,1299.0,585
PHCL,2026-07-09,293.0,293.8,31375
NYADI,2026-07-09,373.0,374.0,4846
SABBL,2026-07-09,950.0,875.0,29111
AKJCL,2026-07-09,343.0,347.0,297549
GFCL,2026-07-09,615.1,609.0,12646
UAIL,2026-07-09,433.1,433.0,5873
BUNGAL,2026-07-09,600.0,585.0,42423
SAGAR,2026-07-09,1541.0,1578.0,4389
KSY,2026-07-09,9.65,9.94,36900
ULBSL,2026-07-09,2780.0,3200.0,2381
SFCL,2026-07-09,375.0,370.0,5290
SMH,2026-07-09,513.0,508.2,4815
NTC,2026-07-09,844.0,847.0,5465
NFS,2026-07-09,575.5,567.0,6360
NBLD87,2026-07-09,1093.0,1093.0,25
CGH,2026-07-09,766.0,775.0,3628
CLI,2026-07-09,444.0,444.0,8752
ANLB,2026-07-09,5600.0,5798.0,1731
BHDC,2026-07-09,431.0,429.0,10402
JBLB,2026-07-09,1225.0,1231.0,3616
PBD84,2026-07-09,1120.0,1115.0,16530
LUK,2026-07-09,10.0,10.03,12920
LVF2,2026-07-09,9.7,9.95,21800
BOKD86KA,2026-07-09,1209.6,1139.0,40
SFMF,2026-07-09,10.2,10.17,10000
SHINED,2026-07-09,1107.0,1107.2,55
TTL,2026-07-09,711.3,716.5,6306
ICFC,2026-07-09,604.2,605.0,9895
SLBBL,2026-07-09,798.0,793.8,6026
ENL,2026-07-09,800.2,800.1,780
UPCL,2026-07-09,349.2,359.9,50083
BNT,2026-07-09,11600.0,11550.0,40
RIDI,2026-07-09,327.0,326.5,130033
RBBD83,2026-07-09,1036.6,1036.6,25
ILBS,2026-07-09,831.3,865.0,1053
SIGS3,2026-07-09,10.6,10.45,17900
SWASTIK,2026-07-09,2050.0,2030.0,587
SMB,2026-07-09,1810.0,1822.0,2096
ULHC,2026-07-09,393.0,381.0,9055
PRIN,2026-07-09,680.0,680.1,4913
FOWAD,2026-07-09,990.0,960.0,1341
GBIME,2026-07-09,243.5,242.0,132974
MMKJL,2026-07-09,470.0,459.0,1752
CHCL,2026-07-09,475.1,477.0,21633
LEC,2026-07-09,211.9,206.8,52689
GLBSL,2026-07-09,1780.0,1740.0,598
NRM,2026-07-09,313.2,316.2,2781
RSDC,2026-07-09,645.9,643.0,4094
MBJC,2026-07-09,268.1,268.5,8913
BOKD86,2026-07-09,1126.0,1103.0,185318
TRH,2026-07-09,780.1,770.0,1951
NIL,2026-07-09,606.0,611.2,2434
RSML,2026-07-09,3000.0,2999.0,53793
SHIVM,2026-07-09,640.0,622.9,85479
BHPL,2026-07-09,478.2,489.0,5962
USHL,2026-07-09,505.3,482.5,5723
HBLD86,2026-07-09,1205.0,1205.0,50
GLH,2026-07-09,247.0,248.9,18441
NIFRAGED,2026-07-09,1044.6,1054.9,82
SNORL,2026-07-09,770.0,879.0,29352
NIMBD90,2026-07-09,1212.0,1212.0,50
MLBBL,2026-07-09,1140.0,1140.0,20
BEDC,2026-07-09,319.0,317.9,9244
UMRH,2026-07-09,516.0,514.1,4878
SADBL,2026-07-09,400.0,400.5,10933
PMLI,2026-07-09,445.0,444.5,1509
CORBL,2026-07-09,1700.0,1710.0,24208
NICBF,2026-07-09,9.33,9.33,900
UNHPL,2026-07-09,387.0,385.0,12508
DORDI,2026-07-09,246.1,246.5,16707
AVYAN,2026-07-09,1030.2,1040.0,567
HEI,2026-07-09,530.1,518.0,21577
NICD83/84,2026-07-09,1045.0,1075.0,115
SKHL,2026-07-09,955.0,875.2,10327
PMHPL,2026-07-09,300.3,315.0,5825
MDB,2026-07-09,571.0,573.0,6090
NICSF,2026-07-09,9.35,9.1,52784
DHPL,2026-07-09,285.0,275.9,3308
KEF,2026-07-09,10.3,10.23,62450
GMLI,2026-07-09,1142.0,1149.9,849
GMFIL,2026-07-09,460.0,454.3,4410
PBD88,2026-07-09,1241.0,1278.0,1
UNL,2026-07-09,46600.0,46600.0,10
HLI,2026-07-09,318.0,320.0,21648
TPKHL,2026-07-09,500.1,496.0,27489
GRDBL,2026-07-09,1021.1,1025.1,4343
MNBBL,2026-07-09,365.0,363.0,50083
MKCL,2026-07-09,1070.0,1082.0,2262
AHL,2026-07-09,415.1,421.0,4736
SAHAS,2026-07-09,660.0,644.9,117331
SLBSL,2026-07-09,1099.0,1159.8,5638
JSLBB,2026-07-09,970.0,1000.0,70
CHL,2026-07-09,255.1,256.0,4946
SSHL,2026-07-09,198.0,195.5,63363
AKPL,2026-07-09,252.0,250.0,72613
SRLI,2026-07-09,375.3,376.9,19247
RBBF40,2026-07-09,9.79,9.5,2700
MKHC,2026-07-09,301.2,297.0,6796
SPIL,2026-07-09,688.0,694.0,6962
SBLD89,2026-07-09,1273.0,1271.0,225110
CSY,2026-07-09,9.01,9.02,3600
UPPER,2026-07-09,192.0,191.7,58806
PRSF,2026-07-09,12.59,12.58,26077
MATRI,2026-07-09,824.1,826.0,333
ALBSL,2026-07-09,1058.0,1064.8,1015
NABILD2089,2026-07-09,1153.0,1124.0,2
RURU,2026-07-09,621.1,621.0,1667
GBILD84/85,2026-07-09,1100.0,1120.0,181135
PCIL,2026-07-09,618.0,609.0,20390
RHPL,2026-07-09,260.0,260.2,14193
KPCL,2026-07-09,460.3,467.5,2623
API,2026-07-09,333.8,328.0,138762
JFL,2026-07-09,390.0,385.1,2671
SBD87,2026-07-09,1116.0,1115.0,10730
SPDL,2026-07-09,365.8,369.9,18187
PPL,2026-07-09,314.0,323.0,15131
SKHEL,2026-07-09,920.0,901.0,4535
IHL,2026-07-09,350.0,348.0,10822
DOLTI,2026-07-09,337.9,321.0,22656
DLBS,2026-07-09,1220.0,1200.0,245
NMBHF2,2026-07-09,9.5,9.4,1650
ALICLP,2026-07-09,239.0,239.0,498960
BFC,2026-07-09,518.0,523.0,148814
CCBD88,2026-07-09,1228.0,1228.0,25
NBF3,2026-07-09,10.0,9.99,49490
BPCL,2026-07-09,641.0,650.0,12759
SEF,2026-07-09,10.0,9.96,21400
KBLPO,2026-07-09,100.0,100.0,3041
WNLB,2026-07-09,1321.0,1326.0,67
SAPDBL,2026-07-09,770.5,769.5,9473
APHL,2026-07-09,850.0,871.6,31890
STC,2026-07-09,5060.0,5190.0,2159
NIBSF2,2026-07-09,8.75,9.1,4999
LBBL,2026-07-09,473.1,479.0,47958
MHCL,2026-07-09,312.2,316.5,4637
NIBLSTF,2026-07-09,9.17,9.17,2350
PPCL,2026-07-09,329.0,328.7,5566
SMATA,2026-07-09,760.0,734.0,1945
GBLBS,2026-07-09,748.0,731.6,1831
KBSH,2026-07-09,1349.3,1301.0,269
CITY,2026-07-09,371.3,363.9,169114
LBLD86,2026-07-09,1240.0,1202.8,1
HDL,2026-07-09,1148.0,1144.0,25218
SGHL,2026-07-09,471.1,458.8,83860
KDBY,2026-07-09,10.5,10.67,16710
ICFCD89,2026-07-09,1100.5,1113.0,80
NUBL,2026-07-09,601.6,606.0,6643
GIBF1,2026-07-09,10.5,10.33,11200
SPC,2026-07-09,420.0,420.0,1969
NLG,2026-07-09,580.0,575.0,6286
HIDCLP,2026-07-09,185.9,184.4,107229
YMHL,2026-07-09,562.0,552.0,24730
HRL,2026-07-09,564.0,560.0,48029
HBLD83,2026-07-09,1030.7,1030.0,39380
HIMSTAR,2026-07-09,712.0,678.0,9538
SBLD84,2026-07-09,1060.0,1029.0,5100
JBBD87,2026-07-09,1132.0,1131.0,20050
SYPNL,2026-07-09,1310.0,1340.0,44444
GMFBS,2026-07-09,1240.0,1195.0,592
MANDU,2026-07-09,780.0,800.0,4232
HBL,2026-07-09,191.1,194.0,29763
NABBC,2026-07-09,693.1,694.4,7341
SBI,2026-07-09,388.1,388.3,21382
NICLBSL,2026-07-09,551.0,552.0,3694
BNHC,2026-07-09,304.1,300.1,5676
H8020,2026-07-09,11.76,11.65,700
DDBL,2026-07-09,815.2,819.1,6318
NMB,2026-07-09,235.0,235.6,38267
SCBD,2026-07-08,1105.0,1108.1,60974
FOWAD,2026-07-08,980.0,992.0,4176
GUFL,2026-07-08,550.1,548.0,9564
KMCDB,2026-07-08,794.0,794.9,1303
API,2026-07-08,334.0,331.0,119506
CKHL,2026-07-08,576.0,590.0,1190
NICGF2,2026-07-08,9.2,9.2,500
NADEP,2026-07-08,720.0,730.0,938
NLG,2026-07-08,581.0,574.0,65302
UNL,2026-07-08,47200.0,47200.0,10
MMF1,2026-07-08,9.9,9.79,17730
MANDU,2026-07-08,803.0,790.0,3483
NMB,2026-07-08,237.2,237.0,15811
DHEL,2026-07-08,575.0,585.0,7177
NRM,2026-07-08,320.2,320.0,3666
NICFC,2026-07-08,9.24,9.36,5500
PHCL,2026-07-08,300.0,293.0,52473
LLBS,2026-07-08,924.9,912.0,417
NUBL,2026-07-08,615.0,615.0,11164
CITY,2026-07-08,359.9,370.0,180593
LSL,2026-07-08,218.0,218.0,32918
SPIL,2026-07-08,688.9,689.0,4704
SOHL,2026-07-08,575.0,582.0,52845
MKHC,2026-07-08,295.0,299.9,6188
KBLD89,2026-07-08,1255.0,1290.0,497041
GIBF1,2026-07-08,10.46,10.81,2600
MLBBL,2026-07-08,1084.9,1137.0,346
TPKHL,2026-07-08,530.0,510.0,38135
NMBMF,2026-07-08,601.2,611.0,718
CIT,2026-07-08,1700.0,1688.2,3454
RBBD2088,2026-07-08,1083.0,1061.0,131
NICLBSL,2026-07-08,553.0,554.0,3998
TVCL,2026-07-08,466.0,469.0,2740
MATRI,2026-07-08,865.3,840.0,1474
MFIL,2026-07-08,770.0,769.8,46320
SCB,2026-07-08,642.0,640.0,11710
LBBL,2026-07-08,484.9,477.5,25335
NIFRAUR85/86,2026-07-08,1050.0,1050.0,45
ICFCD88,2026-07-08,1140.0,1140.0,25
SPDL,2026-07-08,386.0,375.1,17802
GMFIL,2026-07-08,467.4,456.0,22158
SAGF,2026-07-08,9.95,9.95,300
LBBLD89,2026-07-08,1335.0,1300.0,200
GBILD84/85,2026-07-08,1111.0,1100.1,88895
MEL,2026-07-08,219.0,214.0,19721
BHCL,2026-07-08,510.0,490.0,29957
PRIN,2026-07-08,692.0,685.0,6422
NSIF2,2026-07-08,10.55,10.6,400
AHL,2026-07-08,437.9,415.1,7024
SANVI,2026-07-08,609.1,603.9,10510
MAKAR,2026-07-08,460.2,455.3,2460
NIFRAGED,2026-07-08,1044.6,1044.6,25
UPCL,2026-07-08,350.0,360.0,62094
AVYAN,2026-07-08,1050.5,1052.0,1229
BPCL,2026-07-08,650.0,646.9,20052
SIGS2,2026-07-08,10.31,10.31,150
KDBY,2026-07-08,10.48,10.5,225650
NRN,2026-07-08,1370.0,1395.0,67400
SHL,2026-07-08,494.0,493.0,18401
UNHPL,2026-07-08,387.1,387.0,16650
PMLI,2026-07-08,454.0,445.0,2180
MDB,2026-07-08,588.0,575.0,5930
UMHL,2026-07-08,572.1,580.0,40260
SICL,2026-07-08,629.0,619.0,2716
SBI,2026-07-08,387.1,388.7,7856
SMH,2026-07-08,520.0,514.0,8555
GVL,2026-07-08,467.3,473.0,4501
CSY,2026-07-08,9.01,9.05,7000
KBLD90,2026-07-08,1251.4,1202.0,250
FMDBL,2026-07-08,757.0,749.1,8071
NBL,2026-07-08,257.0,265.0,39787
KAHL,2026-07-08,542.2,487.0,142982
SRBLD83,2026-07-08,1099.0,1078.0,10026
CFCL,2026-07-08,636.0,617.9,68234
NMLBBL,2026-07-08,545.0,541.0,8458
HFIN,2026-07-08,700.0,669.1,25742
VLUCL,2026-07-08,441.0,435.0,4346
NYADI,2026-07-08,371.1,375.0,3384
JOSHI,2026-07-08,260.0,259.6,5384
UPPER,2026-07-08,199.0,192.9,66987
SLCF,2026-07-08,10.0,10.01,3300
ULHC,2026-07-08,401.0,391.3,11015
PMHPL,2026-07-08,320.0,316.1,1667
NSY,2026-07-08,9.19,9.57,5400
GRDBL,2026-07-08,1028.1,1043.9,6327
NBF2,2026-07-08,10.1,9.81,19500
NIBD84,2026-07-08,1077.0,1077.0,10962
TSHL,2026-07-08,395.0,379.0,8952
SNORL,2026-07-08,750.0,786.5,31280
RBBD83,2026-07-08,1038.1,1042.0,36571
RLFL,2026-07-08,470.9,463.0,22973
NCCD86,2026-07-08,1125.1,1185.0,373575
MBLD2085,2026-07-08,1165.0,1165.0,80000
NMBD2085,2026-07-08,1164.0,1194.0,5
MPFL,2026-07-08,620.0,619.7,17295
PRSF,2026-07-08,12.65,12.59,163123
RLEL,2026-07-08,860.0,809.0,7238
SIPD,2026-07-08,601.1,600.0,12126
GBIME,2026-07-08,249.0,244.0,90962
PBD84,2026-07-08,1088.0,1088.0,13500
RAWA,2026-07-08,431.0,427.0,16193
NICSF,2026-07-08,9.2,9.4,45900
MKCL,2026-07-08,1080.0,1087.9,960
SIKLES,2026-07-08,547.5,549.0,5403
SBLD84,2026-07-08,1089.0,1089.0,12832
SAND2085,2026-07-08,1156.0,1140.0,55287
SHIVM,2026-07-08,628.0,623.0,66713
BHDC,2026-07-08,438.0,432.0,9081
SPL,2026-07-08,697.1,665.0,1027
GILB,2026-07-08,1108.9,1104.0,268
KPCL,2026-07-08,470.0,465.0,5310
RSY,2026-07-08,10.01,10.1,66505
RBBF40,2026-07-08,10.05,9.83,10481
SAIL,2026-07-08,893.5,867.0,15715
KBLD86,2026-07-08,1180.0,1180.0,69815
ICFCD89,2026-07-08,1101.0,1115.0,470
NBF3,2026-07-08,9.7,10.0,14250
SBID83,2026-07-08,1085.0,1085.0,10000
NHDL,2026-07-08,637.0,644.6,1987
SAHAS,2026-07-08,654.5,648.0,74375
SKHEL,2026-07-08,937.8,912.0,5265
SMPDA,2026-07-08,777.0,782.0,1153
HIDCL,2026-07-08,250.0,252.4,45619
AKPL,2026-07-08,244.1,252.0,33244
NICA,2026-07-08,336.0,332.0,55337
MSLB,2026-07-08,1249.9,1242.0,967
LEC,2026-07-08,200.5,209.8,36498
NTC,2026-07-08,850.0,847.0,4358
MLBL,2026-07-08,350.5,352.0,21816
GBILD86/87,2026-07-08,1088.0,1109.9,30055
SGIC,2026-07-08,466.0,467.9,13329
NICD83/84,2026-07-08,1045.0,1045.0,1870
MCHL,2026-07-08,290.0,285.0,9671
KHPL,2026-07-08,880.0,889.0,17680
BFC,2026-07-08,529.0,518.0,76074
ANLB,2026-07-08,5685.0,5869.0,380
NICBF,2026-07-08,9.6,9.6,7300
SAGAR,2026-07-08,1540.1,1587.0,6611
MFLD85,2026-07-08,1102.0,1103.1,50
EBLD85,2026-07-08,1115.0,1107.1,32615
JBLB,2026-07-08,1235.7,1239.5,2922
ACLBSL,2026-07-08,900.0,925.0,954
CGH,2026-07-08,776.5,776.4,3919
SYPNL,2026-07-08,1300.0,1354.0,36378
EHPL,2026-07-08,386.0,360.0,15712
HDL,2026-07-08,1150.0,1147.0,20807
BEDC,2026-07-08,327.0,321.1,21763
KBL,2026-07-08,215.0,211.8,85303
NIMBPO,2026-07-08,143.5,145.0,2191
SARBTM,2026-07-08,801.0,803.9,11845
PPCL,2026-07-08,333.0,333.0,12285
BARUN,2026-07-08,319.1,317.0,22653
IGI,2026-07-08,430.0,430.0,6707
ALBSL,2026-07-08,1032.0,1066.9,1748
CYCL,2026-07-08,1400.0,1380.0,896
USLB,2026-07-08,1218.0,1210.0,1170
STC,2026-07-08,5100.0,5150.0,1686
GHL,2026-07-08,221.0,218.9,15552
JSLBB,2026-07-08,986.0,970.0,1176
MHL,2026-07-08,483.0,474.9,3811
VLBS,2026-07-08,675.0,672.5,3793
NMBD89/90,2026-07-08,1322.2,1312.0,18188
DHPL,2026-07-08,284.0,281.3,2184
NIBLGF,2026-07-08,9.2,9.29,13900
BBC,2026-07-08,4112.0,4215.0,223
SFEF,2026-07-08,9.95,9.95,200
DLBS,2026-07-08,1186.1,1201.0,1638
ADBL,2026-07-08,307.0,304.9,24412
MKJC,2026-07-08,475.0,447.0,6303
HLI,2026-07-08,329.4,322.0,22294
MNBBL,2026-07-08,363.0,365.0,21812
JHAPA,2026-07-08,1180.0,1140.0,13188
NBLD85,2026-07-08,1094.0,1096.0,12369
CLI,2026-07-08,458.0,449.0,9139
PROFL,2026-07-08,433.1,440.0,3509
SJCL,2026-07-08,268.1,273.9,9131
BANDIPUR,2026-07-08,726.0,727.0,10025
SWMF,2026-07-08,610.0,619.8,2445
RSDC,2026-07-08,640.5,645.9,3429
MEHL,2026-07-08,318.1,324.0,550
SKBBL,2026-07-08,745.1,744.2,11241
SHINE,2026-07-08,410.0,403.0,22401
GCIL,2026-07-08,343.0,336.0,21772
NRIC,2026-07-08,945.0,935.1,16006
SEF,2026-07-08,10.0,9.91,6501
SPHL,2026-07-08,550.0,554.9,12168
NABILD87,2026-07-08,1125.0,1125.0,25
SBD87,2026-07-08,1096.7,1116.0,200035
NABIL,2026-07-08,534.0,532.0,32674
NIMB,2026-07-08,195.0,192.6,58091
MERO,2026-07-08,676.0,695.0,1574
UMRH,2026-07-08,539.0,515.0,9160
SGHC,2026-07-08,338.0,332.2,6473
NMIC,2026-07-08,943.0,938.0,3178
SHEL,2026-07-08,295.2,297.0,35370
SSHL,2026-07-08,211.0,197.5,64288
MBJC,2026-07-08,276.0,271.2,6739
RIDI,2026-07-08,342.0,324.0,145830
NIFRA,2026-07-08,247.0,247.0,38174
GBLBS,2026-07-08,740.0,748.0,3394
BNHC,2026-07-08,307.0,304.0,6162
TTL,2026-07-08,757.0,728.5,13612
RURU,2026-07-08,635.0,625.0,2498
NGPL,2026-07-08,408.0,405.9,65121
ALICL,2026-07-08,435.0,432.0,7935
SALICO,2026-07-08,593.0,598.0,3711
NMFBS,2026-07-08,1129.5,1110.1,3268
SINDU,2026-07-08,677.0,701.0,3824
TAMOR,2026-07-08,440.0,439.0,24035
HLBSL,2026-07-08,882.0,875.0,1764
BGWT,2026-07-08,553.0,562.9,3167
NLIC,2026-07-08,745.5,739.9,20922
HRL,2026-07-08,585.0,569.5,39826
ILBS,2026-07-08,896.1,875.0,799
NLICL,2026-07-08,571.0,577.0,7823
RBCLPO,2026-07-08,11140.0,11444.0,45
ULBSL,2026-07-08,3180.0,2840.0,624
PRVU,2026-07-08,193.7,190.2,79604
SONA,2026-07-08,418.0,414.6,28253
DOLTI,2026-07-08,336.0,330.0,33112
HBLD86,2026-07-08,1210.0,1210.0,15
PBD88,2026-07-08,1241.0,1241.0,9976
CHDC,2026-07-08,2120.9,2099.0,8414
BUNGAL,2026-07-08,635.0,600.5,84365
RNLI,2026-07-08,448.0,448.5,13422
USHEC,2026-07-08,475.3,485.0,7304
NESDO,2026-07-08,1515.0,1518.0,710
SIGS3,2026-07-08,10.48,10.47,2500
GSY,2026-07-08,10.0,9.95,1700
CORBL,2026-07-08,1947.5,1775.0,24658
MBL,2026-07-08,250.0,245.0,67349
NICAD2091,2026-07-08,1070.0,1070.0,120
PURE,2026-07-08,800.0,770.2,7384
SAPDBL,2026-07-08,820.0,778.0,8941
SOPL,2026-07-08,855.0,827.0,48156
SMATA,2026-07-08,747.0,743.0,1542
ILI,2026-07-08,399.0,418.0,7754
RADHI,2026-07-08,720.0,703.0,29386
OMPL,2026-07-08,1007.0,955.0,4020
GMLI,2026-07-08,1150.0,1173.9,858
GBIMESY2,2026-07-08,9.05,9.2,2800
NMBD87/88,2026-07-08,1117.0,1145.0,42215
NWCL,2026-07-08,705.1,713.4,2322
SHLB,2026-07-08,1514.8,1453.3,307
TRH,2026-07-08,772.1,776.0,1503
CZBIL,2026-07-08,190.0,195.7,28568
SHPC,2026-07-08,492.6,492.9,19830
BJHL,2026-07-08,780.0,766.1,6462
HEI,2026-07-08,526.0,530.5,30261
ICFC,2026-07-08,605.5,608.0,5875
PSF,2026-07-08,11.42,11.95,18100
NIL,2026-07-08,616.8,616.5,4219
APHL,2026-07-08,860.0,857.0,28726
RFPL,2026-07-08,345.0,337.0,19620
UHEWA,2026-07-08,551.0,563.0,41611
BHL,2026-07-08,210.0,205.1,86329
RBCL,2026-07-08,14480.0,14210.0,240
SWBBL,2026-07-08,680.0,683.9,11096
SMB,2026-07-08,1880.2,1808.0,3745
MABEL,2026-07-08,605.0,600.0,7412
GMFBS,2026-07-08,1236.0,1206.0,150
GLH,2026-07-08,251.0,249.0,21341
SFMF,2026-07-08,10.47,10.47,100
PFL,2026-07-08,364.0,364.0,6597
MHCL,2026-07-08,328.0,318.2,4284
SLBBL,2026-07-08,798.0,798.0,7861
DDBL,2026-07-08,825.0,821.1,2707
NHPC,2026-07-08,260.0,255.0,136233
RHGCL,2026-07-08,261.1,262.0,17038
RMF2,2026-07-08,9.81,10.1,1100
GLBSL,2026-07-08,1822.0,1780.0,702
JFL,2026-07-08,396.0,390.0,8190
SBCF,2026-07-08,9.5,9.6,3850
SRLI,2026-07-08,380.0,379.9,12441
DORDI,2026-07-08,250.0,247.0,20342
LVF2,2026-07-08,9.71,10.0,31733
SLBSL,2026-07-08,1120.0,1130.0,2081
KBSH,2026-07-08,1300.0,1310.0,166
OHL,2026-07-08,696.9,670.0,310
SMFBS,2026-07-08,1700.0,1597.9,5309
ENL,2026-07-08,840.0,823.0,2109
BNT,2026-07-08,11600.0,11600.0,36
RHPL,2026-07-08,260.1,261.1,13970
SMJC,2026-07-08,445.0,447.0,11914
HBL,2026-07-08,200.0,196.0,47539
NMB50,2026-07-08,10.37,10.39,15830
SWASTIK,2026-07-08,2040.0,2057.9,567
EBLD86,2026-07-08,1080.3,1080.3,25
WNLB,2026-07-08,1328.1,1346.0,88
AKJCL,2026-07-08,360.0,343.0,385593
KDL,2026-07-08,770.0,784.6,1761
NABBC,2026-07-08,736.0,710.0,5619
HDHPC,2026-07-08,198.6,206.7,84690
GBBL,2026-07-08,409.9,405.0,17879
SPC,2026-07-08,420.0,422.3,6404
CREST,2026-07-08,1276.8,1208.5,7080
CHL,2026-07-08,261.0,258.0,13321
SGHL,2026-07-08,505.0,471.1,164060
USHL,2026-07-08,490.0,481.3,3240
MKHL,2026-07-08,493.9,478.0,3101
HLICF,2026-07-08,9.16,9.16,3400
HIDCLP,2026-07-08,188.0,185.9,87706
SBL,2026-07-08,391.0,389.1,49525
NBLD87,2026-07-08,1085.0,1085.0,25
SNLI,2026-07-08,431.0,427.5,15909
CBBL,2026-07-08,915.1,919.9,11723
UAIL,2026-07-08,436.5,436.0,11592
LUK,2026-07-08,10.3,10.3,6000
SFCL,2026-07-08,367.6,375.0,7839
NFS,2026-07-08,581.0,575.5,13065
RSML,2026-07-08,3020.0,3040.0,16075
BHPL,2026-07-08,496.0,492.0,6292
SADBL,2026-07-08,400.0,400.0,12300
HIMSTAR,2026-07-08,724.0,713.1,3085
SIFC,2026-07-08,539.9,524.0,3009
MBLEF,2026-07-08,9.95,10.0,800
MEN,2026-07-08,585.0,569.0,44649
PCIL,2026-07-08,640.0,623.0,23862
YMHL,2026-07-08,590.0,564.2,36973
SKHL,2026-07-08,971.0,910.0,7251
C30MF,2026-07-08,9.93,10.24,1360
HPPL,2026-07-08,358.0,362.0,23084
TPC,2026-07-08,352.5,352.1,7716
JBBL,2026-07-08,338.5,339.0,27611
AHPC,2026-07-08,265.0,260.6,42066
NIMBD90,2026-07-08,1248.9,1212.2,35
MHNL,2026-07-08,235.9,234.0,7885
NMFBSP,2026-07-08,610.0,610.0,9258
PPL,2026-07-08,320.1,329.7,5108
PCBL,2026-07-08,237.0,234.0,40443
PBLD84,2026-07-08,1125.0,1144.0,5653
MNMF1,2026-07-08,9.85,9.85,38385
MMKJL,2026-07-08,466.0,466.5,2537
KSY,2026-07-08,9.01,9.57,1200
MLBS,2026-07-08,1155.1,1179.0,165
EBL,2026-07-08,707.0,698.1,19412
MLBSL,2026-07-08,1700.0,1739.0,120
NIBLSTF,2026-07-08,9.34,8.91,9100
H8020,2026-07-08,11.65,12.12,2264
CIZBD90,2026-07-08,1139.1,1204.1,93146
NICL,2026-07-08,519.0,519.9,23010
KSBBL,2026-07-08,470.1,475.0,7425
HURJA,2026-07-08,229.1,230.0,37804
SANIMA,2026-07-08,355.0,353.8,70394
SABBL,2026-07-08,980.0,954.0,5107
HEIP,2026-07-08,329.0,329.0,35
NMBHF2,2026-07-08,9.6,9.79,3180
KEF,2026-07-08,10.29,10.33,16700
EDBL,2026-07-08,560.2,564.9,11660
MSHL,2026-07-08,595.0,600.0,1374
UNLB,2026-07-08,1337.0,1299.0,278
HHL,2026-07-08,339.0,336.5,19983
CHCL,2026-07-08,485.0,475.1,19146
BOKD86,2026-07-08,1095.0,1119.0,15027
LICN,2026-07-08,780.0,779.0,4590
KKHC,2026-07-08,266.79,250.0,37237
RMF1,2026-07-08,9.52,9.78,4700
GFCL,2026-07-08,607.0,615.0,8112
HATHY,2026-07-08,700.0,703.0,8237
SJLIC,2026-07-08,418.6,416.3,17668
IHL,2026-07-08,358.0,357.2,10481
SMHL,2026-07-08,479.0,473.0,26066
MSLB,2026-07-07,1238.0,1240.0,322
SBLD89,2026-07-07,1309.7,1310.0,60
KEF,2026-07-07,10.5,10.3,35780
SFCL,2026-07-07,396.9,386.9,4897
NIBLSTF,2026-07-07,8.61,9.07,12750
APHL,2026-07-07,850.0,870.0,20186
HRL,2026-07-07,575.0,579.0,50356
KMCDB,2026-07-07,809.0,818.0,413
CHDC,2026-07-07,2090.0,2098.1,8200
PBD84,2026-07-07,1085.5,1085.1,125
MBLD87,2026-07-07,1117.0,1117.0,10000
SDBD87,2026-07-07,1115.0,1112.1,6
SWMF,2026-07-07,614.0,622.0,3164
HBL,2026-07-07,196.0,200.0,40248
SSHL,2026-07-07,199.0,201.0,101125
SMFBS,2026-07-07,1620.5,1644.0,448
MATRI,2026-07-07,870.0,865.2,148
LICN,2026-07-07,778.0,787.9,6043
VLBS,2026-07-07,681.1,685.1,4299
SMATA,2026-07-07,750.0,746.2,1307
PCIL,2026-07-07,602.3,639.8,20793
NIMBPO,2026-07-07,146.0,147.9,1384
JHAPA,2026-07-07,1200.0,1181.0,12000
GLH,2026-07-07,250.0,254.0,8267
TVCL,2026-07-07,475.0,478.1,7896
HEI,2026-07-07,536.0,541.0,8569
ACLBSL,2026-07-07,920.0,925.0,584
HPPL,2026-07-07,359.0,361.9,24662
NMFBS,2026-07-07,1119.0,1114.0,2844
ICFC,2026-07-07,615.3,616.0,1063
HLBSL,2026-07-07,858.1,880.0,1335
JBBL,2026-07-07,339.0,345.0,26329
KBLD90,2026-07-07,1225.0,1215.0,169867
FMDBL,2026-07-07,759.0,764.0,5944
UMRH,2026-07-07,520.0,525.0,3483
ICFCD89,2026-07-07,1100.3,1100.3,25
PROFL,2026-07-07,442.0,439.0,2904
SKHEL,2026-07-07,931.0,957.0,3825
BOKD86KA,2026-07-07,1247.0,1247.0,10
ALBSL,2026-07-07,1060.0,1069.9,8085
CZBIL,2026-07-07,187.2,199.5,66542
GFCL,2026-07-07,615.0,620.0,10612
VLUCL,2026-07-07,441.0,449.9,600
UAIL,2026-07-07,440.0,442.7,10953
GLBSL,2026-07-07,1745.5,1770.0,222
NUBL,2026-07-07,616.0,623.0,6328
MANDU,2026-07-07,812.0,806.2,455
NICGF2,2026-07-07,8.99,9.15,1500
NRIC,2026-07-07,930.0,953.0,31322
PRIN,2026-07-07,683.0,692.0,2927
SAIL,2026-07-07,870.0,895.9,16220
TSHL,2026-07-07,394.0,395.0,5944
KBSH,2026-07-07,1370.4,1330.0,1066
CKHL,2026-07-07,570.0,593.0,1000
BJHL,2026-07-07,791.0,800.0,5412
USHEC,2026-07-07,483.2,488.2,6300
SIGS3,2026-07-07,10.44,10.6,900
SPC,2026-07-07,415.0,418.0,3415
NMBHF2,2026-07-07,9.51,9.57,4500
MLBL,2026-07-07,357.9,356.8,4977
MLBBL,2026-07-07,1137.0,1142.0,2270
EBLD85,2026-07-07,1132.0,1097.0,129936
SGIC,2026-07-07,468.0,472.0,11447
RIDI,2026-07-07,307.8,335.5,233464
NIBSF2,2026-07-07,8.8,8.98,14314
RFPL,2026-07-07,340.0,345.0,21636
BUNGAL,2026-07-07,630.0,635.0,79467
SLBSL,2026-07-07,1179.3,1154.0,4163
SABBL,2026-07-07,980.1,989.8,3573
PURE,2026-07-07,791.0,814.0,3076
GMLI,2026-07-07,1190.7,1185.0,550
NICL,2026-07-07,514.0,520.9,23477
UPPER,2026-07-07,190.2,194.0,74050
HLICF,2026-07-07,9.0,8.9,700
RHPL,2026-07-07,260.0,263.0,8851
CITY,2026-07-07,363.9,378.8,241373
MKHC,2026-07-07,302.0,298.0,13908
NTC,2026-07-07,848.0,848.0,4249
SBL,2026-07-07,393.9,389.7,95185
RNLI,2026-07-07,455.0,449.3,13131
CHCL,2026-07-07,480.0,479.1,11937
ADBL,2026-07-07,290.0,308.0,25330
KHPL,2026-07-07,846.5,885.0,15086
HLI,2026-07-07,325.0,324.0,17720
NFS,2026-07-07,604.9,597.0,12159
ANLB,2026-07-07,7136.0,5860.0,1841
NICAD85/86,2026-07-07,1126.0,1131.0,40201
PHCL,2026-07-07,281.7,299.9,26636
RMF1,2026-07-07,9.81,9.81,1550
PMLI,2026-07-07,430.0,450.0,3726
SNLI,2026-07-07,446.0,433.8,7392
SWBBL,2026-07-07,680.0,688.0,14440
SEF,2026-07-07,9.99,10.0,16100
HHL,2026-07-07,335.0,345.0,24816
KSY,2026-07-07,9.4,9.2,28400
HIMSTAR,2026-07-07,721.1,740.0,3798
GRDBL,2026-07-07,1021.1,1044.8,6744
BBC,2026-07-07,4238.0,4223.0,623
AHPC,2026-07-07,261.2,264.8,72802
OMPL,2026-07-07,995.0,988.0,2921
LEC,2026-07-07,208.2,211.0,33106
SBCF,2026-07-07,9.5,9.75,55946
CREST,2026-07-07,1199.0,1216.0,19652
SHPC,2026-07-07,499.9,493.6,73448
NHDL,2026-07-07,633.0,637.0,218
DORDI,2026-07-07,248.0,252.0,16049
SBLD2091,2026-07-07,1090.0,1090.0,25
NYADI,2026-07-07,378.0,377.1,5218
CGH,2026-07-07,778.0,780.0,45335
MMF1,2026-07-07,9.75,9.68,40360
JOSHI,2026-07-07,261.0,265.0,7356
NGPL,2026-07-07,410.0,413.0,99920
NLIC,2026-07-07,751.5,746.9,23714
UNHPL,2026-07-07,371.0,392.0,26969
MABEL,2026-07-07,610.0,623.0,4815
JFL,2026-07-07,396.0,396.9,2444
MBL,2026-07-07,245.0,248.0,67777
IGI,2026-07-07,430.3,434.0,2905
RURU,2026-07-07,636.0,637.0,6337
NADEP,2026-07-07,720.0,720.0,720
LBBL,2026-07-07,476.0,482.0,19959
GBBL,2026-07-07,383.8,405.0,49746
SBI,2026-07-07,393.8,392.0,27535
SPIL,2026-07-07,690.0,693.9,7589
RBCL,2026-07-07,14500.0,14500.0,90
NABILD87,2026-07-07,1140.0,1140.0,27548
NABBC,2026-07-07,750.0,750.0,7985
SARBTM,2026-07-07,804.0,808.0,4377
FOWAD,2026-07-07,980.0,1000.0,1753
NBLD87,2026-07-07,1095.0,1095.0,35
NLG,2026-07-07,570.0,583.0,6055
NICA,2026-07-07,334.0,340.0,50145
SHIVM,2026-07-07,626.2,629.0,92320
SBID83,2026-07-07,1063.6,1085.0,5100
SALICO,2026-07-07,596.3,602.6,4340
NSY,2026-07-07,9.24,9.41,23490
GHL,2026-07-07,221.9,222.0,25964
GBBD85,2026-07-07,1091.0,1098.0,152892
SKBBL,2026-07-07,753.0,751.0,35157
RHGCL,2026-07-07,268.0,269.0,15663
MDB,2026-07-07,579.0,584.0,4752
CHL,2026-07-07,261.0,261.0,7942
NMBMF,2026-07-07,611.0,609.0,2227
ADBLD83,2026-07-07,1070.0,1084.9,167046
SIGS2,2026-07-07,10.5,10.6,3000
SNORL,2026-07-07,833.8,753.4,81130
MBLEF,2026-07-07,9.97,9.95,2650
AKJCL,2026-07-07,345.2,355.0,349480
IHL,2026-07-07,370.0,358.0,3395
ALICL,2026-07-07,442.8,435.0,16956
SMHL,2026-07-07,465.0,479.0,57575
CIT,2026-07-07,1695.0,1695.0,4851
MERO,2026-07-07,699.9,690.0,7813
SLBBL,2026-07-07,802.1,805.0,2627
NICLBSL,2026-07-07,560.0,555.9,1703
DOLTI,2026-07-07,330.0,336.0,15917
BOKD86,2026-07-07,1072.3,1095.0,91
PRSF,2026-07-07,12.55,12.58,76900
MEN,2026-07-07,572.0,574.0,111938
SAHAS,2026-07-07,640.1,655.0,52775
NBF2,2026-07-07,10.3,10.0,2000
NIFRA,2026-07-07,248.0,249.0,35502
AKPL,2026-07-07,255.0,256.9,42004
USLB,2026-07-07,1200.0,1218.7,1162
PCBL,2026-07-07,235.0,236.7,25718
MFIL,2026-07-07,771.0,774.5,70988
KBL,2026-07-07,213.8,214.8,154693
GSY,2026-07-07,9.9,10.1,344290
MFLD85,2026-07-07,1101.7,1101.7,15
SHL,2026-07-07,499.8,496.0,54285
DDBL,2026-07-07,826.2,825.0,6858
NICD88,2026-07-07,1077.3,1077.0,50
BFC,2026-07-07,525.09,529.0,38489
CORBL,2026-07-07,1881.0,2050.0,88493
GCIL,2026-07-07,346.0,343.0,18615
LUK,2026-07-07,10.71,10.4,5200
C30MF,2026-07-07,9.81,10.2,25050
NABIL,2026-07-07,527.0,534.0,192322
BANDIPUR,2026-07-07,725.0,737.9,10249
H8020,2026-07-07,11.04,11.9,1650
GBILD84/85,2026-07-07,1123.0,1125.0,2483
CIZBD90,2026-07-07,1215.0,1106.0,12270
DLBS,2026-07-07,1237.0,1216.1,923
PRVU,2026-07-07,190.5,193.7,116751
GVL,2026-07-07,472.0,475.0,15252
CYCL,2026-07-07,1300.0,1400.0,1064
AHL,2026-07-07,433.0,425.6,8109
HBLD86,2026-07-07,1205.0,1205.0,25
GILB,2026-07-07,1083.1,1108.9,479
UNLB,2026-07-07,1374.3,1299.0,463
NHPC,2026-07-07,255.0,260.0,155050
PPL,2026-07-07,320.1,336.9,7212
SINDU,2026-07-07,663.1,712.0,3399
NIMB,2026-07-07,193.0,195.9,74983
TPKHL,2026-07-07,540.0,530.5,57686
SAGAR,2026-07-07,1550.0,1585.0,10864
SMB,2026-07-07,1930.1,1930.0,1616
LLBS,2026-07-07,928.9,924.9,452
HURJA,2026-07-07,228.0,231.9,28024
SIPD,2026-07-07,600.0,609.0,14593
API,2026-07-07,330.0,334.9,146305
JSLBB,2026-07-07,1025.0,985.6,476
RSML,2026-07-07,3001.0,3097.0,36795
NCCD86,2026-07-07,1180.0,1144.6,3
BNHC,2026-07-07,309.8,307.0,2928
GMFIL,2026-07-07,450.0,465.0,6263
NICSF,2026-07-07,9.2,9.16,1700
RLFL,2026-07-07,464.1,467.9,19594
BNT,2026-07-07,11650.0,11650.0,20
SPHL,2026-07-07,551.0,546.3,2120
SJCL,2026-07-07,268.1,275.5,9410
ENL,2026-07-07,850.0,820.0,869
UHEWA,2026-07-07,570.0,580.0,33996
MCHL,2026-07-07,282.0,290.0,5362
SADBL,2026-07-07,405.0,403.5,27263
MNMF1,2026-07-07,9.6,9.85,3610
SLCF,2026-07-07,10.0,10.1,2400
SFEF,2026-07-07,9.95,9.95,400
MHNL,2026-07-07,240.9,235.5,12325
MKHL,2026-07-07,467.9,480.1,3825
MPFL,2026-07-07,607.0,622.8,5306
WNLB,2026-07-07,1350.0,1352.2,116
HDL,2026-07-07,1147.1,1150.0,19454
KSBBL,2026-07-07,474.0,476.0,25657
SMPDA,2026-07-07,780.0,789.9,1291
SMJC,2026-07-07,444.0,448.0,18170
YMHL,2026-07-07,600.0,595.0,34422
STC,2026-07-07,5177.0,5175.0,2316
EBLD91,2026-07-07,1100.0,1100.0,18420
TTL,2026-07-07,700.2,737.0,4646
RSDC,2026-07-07,669.0,647.0,2326
MLBLD89,2026-07-07,1272.1,1272.1,25
SCBD,2026-07-07,1103.0,1103.0,25
MHCL,2026-07-07,318.1,334.0,4162
SWASTIK,2026-07-07,2062.0,2066.1,160
OHL,2026-07-07,690.0,689.9,304
NBF3,2026-07-07,10.0,10.0,19400
BHL,2026-07-07,209.9,210.0,42951
BARUN,2026-07-07,322.0,322.0,20307
KDBY,2026-07-07,10.31,10.48,326800
EBLD86,2026-07-07,1089.9,1082.0,70
KAHL,2026-07-07,462.5,516.4,2530
DHPL,2026-07-07,290.4,292.0,3589
GMFBS,2026-07-07,1212.0,1209.0,314
TRH,2026-07-07,772.0,780.0,447
USHL,2026-07-07,525.0,498.3,3515
MEHL,2026-07-07,311.5,326.0,1887
UNL,2026-07-07,47300.0,47300.0,10
SAGF,2026-07-07,10.2,10.2,3680
GBLBS,2026-07-07,759.5,751.9,551
RSY,2026-07-07,9.81,10.19,51410
BHDC,2026-07-07,457.0,437.9,4794
NESDO,2026-07-07,1500.0,1532.0,1281
NWCL,2026-07-07,742.4,723.0,927
ULHC,2026-07-07,403.1,410.0,5387
NICFC,2026-07-07,9.17,9.35,14000
KKHC,2026-07-07,267.8,259.4,28052
MEL,2026-07-07,218.0,219.9,9433
HDHPC,2026-07-07,193.8,209.0,188012
SOHL,2026-07-07,603.1,604.8,43835
GBILD86/87,2026-07-07,1088.1,1087.2,77515
BHCL,2026-07-07,515.0,516.0,16873
MLBS,2026-07-07,1204.0,1184.9,167
GBIMESY2,2026-07-07,9.2,9.04,2525
SAPDBL,2026-07-07,773.0,786.0,15386
SICL,2026-07-07,629.0,621.1,2246
RADHI,2026-07-07,680.0,710.0,41487
HIDCL,2026-07-07,251.1,253.0,35413
RAWA,2026-07-07,431.0,436.0,23723
NIMBD90,2026-07-07,1287.5,1287.5,67
SPL,2026-07-07,673.0,664.0,1550
CBBL,2026-07-07,912.1,923.0,21087
NBLD82,2026-07-07,1056.3,1094.0,14905
NMB50,2026-07-07,10.49,10.69,4500
CFCL,2026-07-07,602.0,628.0,96032
LSL,2026-07-07,218.0,220.4,76065
SGHL,2026-07-07,477.0,503.1,156960
SRLI,2026-07-07,375.5,381.5,18795
SANIMA,2026-07-07,358.0,355.0,98731
NSIF2,2026-07-07,10.54,10.54,100
GBIME,2026-07-07,240.0,248.5,689108
MKJC,2026-07-07,462.0,462.0,6136
BHPL,2026-07-07,510.0,508.0,2803
SKHL,2026-07-07,920.0,925.0,9076
PPCL,2026-07-07,342.0,336.0,9415
TPC,2026-07-07,353.0,359.2,33897
SHLB,2026-07-07,1532.0,1520.0,125
RLEL,2026-07-07,830.0,840.0,3582
NMB,2026-07-07,238.0,239.0,60096
NRN,2026-07-07,1399.0,1405.0,30251
ULBSL,2026-07-07,2755.0,3180.0,3314
NBL,2026-07-07,265.0,269.9,40931
ILBS,2026-07-07,895.0,870.0,869
HFIN,2026-07-07,700.0,700.0,24822
SPDL,2026-07-07,377.0,376.0,43346
CLI,2026-07-07,445.0,458.0,7869
DHEL,2026-07-07,573.0,592.0,19267
NBLD85,2026-07-07,1075.0,1086.9,4965
TAMOR,2026-07-07,442.0,445.0,49043
KDL,2026-07-07,770.1,783.0,938
SIFC,2026-07-07,540.0,539.7,2635
SHEL,2026-07-07,295.0,299.4,51973
PSF,2026-07-07,11.51,11.76,1800
BPCL,2026-07-07,648.0,653.9,9422
JBLB,2026-07-07,1249.9,1240.0,4173
GIBF1,2026-07-07,10.69,10.69,500
NICBF,2026-07-07,9.36,9.36,600
MBJC,2026-07-07,265.1,274.0,16244
NLICL,2026-07-07,574.0,576.1,7316
MLBSL,2026-07-07,1754.0,1750.0,527
LBLD88,2026-07-07,1095.0,1100.0,75
MMKJL,2026-07-07,465.0,466.0,1809
SANVI,2026-07-07,588.4,620.0,6841
UMHL,2026-07-07,582.0,575.0,13721
RBBF40,2026-07-07,9.2,10.36,10150
SGHC,2026-07-07,340.0,338.0,3496
SJLIC,2026-07-07,427.0,421.0,25062
SIKLES,2026-07-07,560.0,555.0,10935
BGWT,2026-07-07,560.0,569.1,2621
SYPNL,2026-07-07,1283.5,1367.5,28176
AVYAN,2026-07-07,1049.0,1061.3,1833
SONA,2026-07-07,417.2,420.0,8814
PMHPL,2026-07-07,305.0,325.7,3020
NICAD2091,2026-07-07,1055.1,1056.1,50
EDBL,2026-07-07,560.0,567.5,3810
MKCL,2026-07-07,1098.0,1097.0,2259
GUFL,2026-07-07,545.0,556.9,2660
HIDCLP,2026-07-07,188.0,188.9,117104
LVF2,2026-07-07,9.75,10.0,26300
NMIC,2026-07-07,950.0,942.2,3384
NIBLGF,2026-07-07,9.46,9.3,2750
SCB,2026-07-07,649.9,646.0,20745
HATHY,2026-07-07,700.0,703.0,5570
EHPL,2026-07-07,355.6,367.8,6355
NMLBBL,2026-07-07,545.0,553.9,5680
MHL,2026-07-07,459.0,491.0,26619
SHINE,2026-07-07,400.1,407.8,12086
MSHL,2026-07-07,592.0,595.0,67
SMH,2026-07-07,521.1,523.0,9468
SOPL,2026-07-07,835.1,855.0,38411
MNBBL,2026-07-07,358.0,364.0,34542
ILI,2026-07-07,415.0,420.0,6687
CSY,2026-07-07,9.2,9.01,11132
NIL,2026-07-07,629.9,616.8,6442
CCBD88,2026-07-07,1295.0,1265.0,60
PFL,2026-07-07,362.0,366.0,3451
BEDC,2026-07-07,332.9,331.1,17683
NRM,2026-07-07,326.9,323.0,3776
KPCL,2026-07-07,474.9,469.9,10988
EBL,2026-07-07,700.0,707.0,117031
MAKAR,2026-07-07,464.0,467.0,1070
UPCL,2026-07-07,351.5,360.0,47764
SRLI,2026-07-06,380.0,378.9,17040
ENL,2026-07-06,820.0,828.0,440
SOHL,2026-07-06,610.0,603.1,55530
BJHL,2026-07-06,810.0,805.0,5654
HBL,2026-07-06,198.3,196.5,34660
NICAD2091,2026-07-06,1065.1,1065.1,25
SHL,2026-07-06,500.0,493.0,27533
UAIL,2026-07-06,435.0,438.0,9696
BBC,2026-07-06,4192.0,4136.0,351
ADBLD83,2026-07-06,1077.2,1070.0,585
RAWA,2026-07-06,446.9,435.0,30044
NADEP,2026-07-06,721.0,716.0,826
CITY,2026-07-06,397.9,383.0,182994
NBLD82,2026-07-06,1056.4,1056.3,50
SMB,2026-07-06,1962.0,1921.0,4014
BHCL,2026-07-06,522.0,520.0,34509
NICBF,2026-07-06,9.06,9.09,6100
SMATA,2026-07-06,749.0,744.0,758
KDBY,2026-07-06,11.0,10.85,478100
AKJCL,2026-07-06,358.2,345.0,280889
KAHL,2026-07-06,410.1,449.1,470
SINDU,2026-07-06,696.0,698.0,2973
TVCL,2026-07-06,499.0,475.2,5127
ANLB,2026-07-06,7356.0,6796.5,26
PRVU,2026-07-06,204.1,190.5,90106
BOKD86KA,2026-07-06,1211.1,1211.0,75
LVF2,2026-07-06,9.7,9.75,820
MCHL,2026-07-06,297.0,289.0,4749
GBIMESY2,2026-07-06,9.2,9.2,1100
NLIC,2026-07-06,745.0,743.9,16536
HIDCLP,2026-07-06,189.6,185.7,92367
TAMOR,2026-07-06,439.0,439.0,26105
SFCL,2026-07-06,382.0,378.0,15378
NBLD85,2026-07-06,1075.0,1087.0,105
SBLD89,2026-07-06,1256.6,1293.0,5050
LEC,2026-07-06,211.0,209.0,22975
GRDBL,2026-07-06,1018.1,1029.0,3402
KBLD89,2026-07-06,1285.0,1292.8,145
ADBL,2026-07-06,307.0,303.5,8251
MHL,2026-07-06,463.0,465.2,1043
SONA,2026-07-06,423.0,417.5,15241
NICL,2026-07-06,514.1,519.0,7975
MFIL,2026-07-06,770.0,773.0,38800
GMLI,2026-07-06,1158.0,1157.0,755
SFEF,2026-07-06,10.02,10.0,1800
ACLBSL,2026-07-06,922.1,916.0,1645
NSIF2,2026-07-06,10.54,10.79,17100
SYPNL,2026-07-06,1358.0,1351.0,41930
NABILD87,2026-07-06,1125.0,1125.0,24155
NRM,2026-07-06,335.0,323.0,6814
MSHL,2026-07-06,587.2,610.0,200
CORBL,2026-07-06,1750.0,1980.0,31645
GLBSL,2026-07-06,1825.0,1761.0,1451
SABBL,2026-07-06,1030.0,983.0,3739
NMBMF,2026-07-06,606.1,610.0,2838
WNLB,2026-07-06,1370.0,1350.0,127
NMBHF2,2026-07-06,9.6,9.8,3905
SBID2090,2026-07-06,1166.0,1166.0,444
BEDC,2026-07-06,350.7,329.9,21623
CKHL,2026-07-06,600.0,582.5,893
CREST,2026-07-06,1306.7,1214.9,5233
BNHC,2026-07-06,305.0,306.2,1635
SHIVM,2026-07-06,633.0,625.1,102859
NGPL,2026-07-06,416.9,408.3,74380
RNLI,2026-07-06,452.0,452.0,8176
NTC,2026-07-06,850.0,847.0,4024
SCB,2026-07-06,645.0,641.0,6074
SHEL,2026-07-06,300.0,296.0,36907
RSDC,2026-07-06,670.0,650.0,3177
MEN,2026-07-06,575.0,570.0,64267
SNORL,2026-07-06,725.1,794.1,12640
KKHC,2026-07-06,273.6,260.0,83612
NESDO,2026-07-06,1550.0,1529.9,596
USLB,2026-07-06,1215.0,1205.2,1030
NICFC,2026-07-06,9.4,9.39,32500
IGI,2026-07-06,430.0,428.2,4065
SICL,2026-07-06,618.0,620.0,3416
MLBBL,2026-07-06,1149.0,1136.5,601
NIBD84,2026-07-06,1079.9,1109.9,486043
CHCL,2026-07-06,482.0,479.0,7045
UMHL,2026-07-06,575.0,582.7,60550
SJCL,2026-07-06,267.5,267.0,13102
ICFC,2026-07-06,614.0,611.0,3761
NBF2,2026-07-06,10.09,10.3,24200
RADHI,2026-07-06,701.0,706.0,44897
RLFL,2026-07-06,475.9,472.0,31089
KSBBL,2026-07-06,477.0,475.0,13948
MLBL,2026-07-06,356.0,354.0,11054
GLH,2026-07-06,251.0,250.0,26111
SANIMA,2026-07-06,362.0,353.2,41339
PMLI,2026-07-06,441.5,446.0,4130
JFL,2026-07-06,400.0,395.1,4189
SBIBD86,2026-07-06,1184.5,1184.5,10
MPFL,2026-07-06,605.0,617.6,13469
USHEC,2026-07-06,498.7,486.1,3054
MKCL,2026-07-06,1080.0,1086.0,1387
MSLB,2026-07-06,1235.0,1238.0,514
STC,2026-07-06,5071.0,5177.0,1263
OHL,2026-07-06,671.1,690.0,375
FOWAD,2026-07-06,1000.0,985.0,2052
ILBS,2026-07-06,850.0,870.0,2153
NIBLGF,2026-07-06,9.02,9.5,6800
MATRI,2026-07-06,888.0,865.1,314
HURJA,2026-07-06,231.0,230.4,25766
MKHL,2026-07-06,490.0,482.0,2881
AVYAN,2026-07-06,1070.0,1059.9,2230
MANDU,2026-07-06,811.0,810.0,1931
SHPC,2026-07-06,505.0,494.1,18504
SMFBS,2026-07-06,1698.0,1644.0,6697
LUK,2026-07-06,10.01,10.5,24447
VLBS,2026-07-06,681.1,683.1,1018
NICGF2,2026-07-06,9.45,9.2,7700
ICFCD89,2026-07-06,1091.2,1100.0,650
MBLEF,2026-07-06,9.98,10.0,3400
SADBL,2026-07-06,388.0,401.5,8689
NICLBSL,2026-07-06,550.0,553.0,3029
DORDI,2026-07-06,250.0,248.0,21033
ALBSL,2026-07-06,1060.0,1066.1,1385
NIBLSTF,2026-07-06,9.5,8.6,3700
BANDIPUR,2026-07-06,737.1,727.0,10680
UHEWA,2026-07-06,570.0,573.0,43284
SMH,2026-07-06,540.0,522.0,3982
AHL,2026-07-06,450.0,435.0,5780
SHINE,2026-07-06,401.5,400.0,12241
TRH,2026-07-06,770.0,772.5,765
NLG,2026-07-06,577.1,577.7,640
MDB,2026-07-06,572.1,577.9,6231
GMFIL,2026-07-06,465.5,464.8,10107
HEI,2026-07-06,559.0,540.1,7969
MLBLD89,2026-07-06,1295.7,1235.1,380
RLEL,2026-07-06,850.0,845.0,4841
CBBL,2026-07-06,920.0,915.5,15681
GBBL,2026-07-06,404.1,404.0,14528
PCIL,2026-07-06,645.6,634.0,31985
TPC,2026-07-06,360.0,354.0,32375
SHLB,2026-07-06,1488.0,1514.9,60
HIMSTAR,2026-07-06,761.0,743.0,7139
BPCL,2026-07-06,652.0,648.0,31858
NHPC,2026-07-06,255.0,254.5,110741
PSF,2026-07-06,11.8,11.76,36300
BHPL,2026-07-06,510.0,518.0,4523
MLBS,2026-07-06,1155.0,1187.0,285
BFC,2026-07-06,561.7,528.0,95344
MBJC,2026-07-06,274.0,271.0,13199
NFS,2026-07-06,649.9,592.0,51456
MHCL,2026-07-06,325.0,321.2,1568
PPL,2026-07-06,318.3,336.9,14845
CHDC,2026-07-06,2080.1,2088.0,7881
HPPL,2026-07-06,357.0,358.8,23643
CLI,2026-07-06,444.0,451.9,5660
SAIL,2026-07-06,900.0,887.0,9888
DOLTI,2026-07-06,339.9,335.0,21405
HLI,2026-07-06,322.0,320.3,24197
SWBBL,2026-07-06,718.4,692.0,7833
BNT,2026-07-06,11898.9,11600.0,20
SMJC,2026-07-06,450.0,447.0,9906
DDBL,2026-07-06,831.0,825.1,4611
SBCF,2026-07-06,9.53,9.66,10400
GIBF1,2026-07-06,10.62,11.02,1900
BARUN,2026-07-06,324.0,319.0,18658
RMF1,2026-07-06,9.8,9.94,9100
HDL,2026-07-06,1153.7,1146.0,17396
SCBD,2026-07-06,1126.5,1126.5,75
MHNL,2026-07-06,240.0,236.0,14910
ILI,2026-07-06,420.0,417.1,7305
MAKAR,2026-07-06,475.0,464.0,3150
SPC,2026-07-06,410.1,410.0,3743
PCBL,2026-07-06,233.0,234.0,36817
IHL,2026-07-06,368.0,364.0,3997
GBIME,2026-07-06,243.0,241.0,75273
TTL,2026-07-06,740.3,737.0,4461
DHEL,2026-07-06,594.0,589.0,10719
LSL,2026-07-06,219.0,215.0,99155
BHDC,2026-07-06,438.0,436.1,5889
OMPL,2026-07-06,995.0,990.0,4349
CHL,2026-07-06,270.0,261.0,5118
RIDI,2026-07-06,331.1,324.0,191773
SNLI,2026-07-06,440.0,433.1,5255
GUFL,2026-07-06,557.0,550.0,8436
NMB50,2026-07-06,10.19,10.19,7500
MLBSL,2026-07-06,1715.0,1740.0,258
NABIL,2026-07-06,530.0,526.0,37851
NYADI,2026-07-06,360.0,380.0,4715
PBLD87,2026-07-06,1085.0,1085.0,25
JBBL,2026-07-06,340.0,335.0,25632
AHPC,2026-07-06,261.0,261.3,58403
NICA,2026-07-06,343.0,334.0,40166
SPL,2026-07-06,652.1,659.0,2330
CSY,2026-07-06,9.2,9.19,13983
KSY,2026-07-06,9.51,9.67,600
NIMB,2026-07-06,198.0,193.0,33185
UNLB,2026-07-06,1381.0,1311.0,628
HIDCL,2026-07-06,253.0,250.9,38105
C30MF,2026-07-06,9.92,9.92,600
SKHL,2026-07-06,976.5,918.0,10287
PROFL,2026-07-06,440.0,439.0,6688
TSHL,2026-07-06,434.2,394.0,78499
MBL,2026-07-06,250.5,245.6,65861
SWMF,2026-07-06,614.0,613.0,1879
MNBBL,2026-07-06,366.0,364.0,38117
RFPL,2026-07-06,333.0,337.1,20047
NUBL,2026-07-06,626.0,618.0,982
NSY,2026-07-06,9.23,9.3,1900
KMCDB,2026-07-06,797.0,809.0,1915
KDL,2026-07-06,770.0,784.0,1721
MABEL,2026-07-06,640.0,615.0,7996
SOPL,2026-07-06,875.0,852.0,46845
HLBSL,2026-07-06,856.0,860.0,859
RMF2,2026-07-06,10.2,10.1,7350
GFCL,2026-07-06,627.0,605.7,24735
TPKHL,2026-07-06,554.8,555.0,51401
SIGS2,2026-07-06,10.8,10.5,2350
SANVI,2026-07-06,635.0,619.3,3978
UNL,2026-07-06,47799.9,47799.9,10
RSML,2026-07-06,3360.0,3070.0,18466
SLCF,2026-07-06,10.02,10.01,85450
LLBS,2026-07-06,914.0,924.0,801
PRSF,2026-07-06,12.61,12.54,51500
PBD88,2026-07-06,1270.0,1241.6,760
NMIC,2026-07-06,953.0,950.0,1535
NMB,2026-07-06,241.5,236.4,16948
MEL,2026-07-06,218.0,219.8,10956
MMKJL,2026-07-06,471.5,465.0,1625
SEF,2026-07-06,9.98,10.0,20300
RSY,2026-07-06,10.2,10.0,79800
NRIC,2026-07-06,940.0,932.1,7402
SSHL,2026-07-06,201.9,196.8,67341
SAND2085,2026-07-06,1154.3,1154.3,25
RBBF40,2026-07-06,9.2,9.1,7700
PFL,2026-07-06,360.0,362.0,8394
SIKLES,2026-07-06,555.1,552.0,6863
SKHEL,2026-07-06,1029.0,950.0,3750
SPHL,2026-07-06,601.6,560.0,6586
EBLD91,2026-07-06,1100.0,1100.0,110
NIMBD90,2026-07-06,1274.0,1250.0,49344
BUNGAL,2026-07-06,690.0,630.0,85489
SRBLD83,2026-07-06,1091.9,1099.0,5
CGH,2026-07-06,774.9,772.0,11818
CYCL,2026-07-06,1400.0,1348.4,2525
LICN,2026-07-06,786.1,777.4,8150
NLICL,2026-07-06,590.0,572.0,24807
SGHL,2026-07-06,396.7,455.0,1260
RBCL,2026-07-06,14599.0,14200.0,281
HHL,2026-07-06,348.1,333.0,13285
JBLB,2026-07-06,1234.1,1236.0,3827
HLICF,2026-07-06,9.06,8.9,3584
PMHPL,2026-07-06,334.1,317.0,3657
HDHPC,2026-07-06,209.0,204.0,73594
GBILD86/87,2026-07-06,1100.0,1080.0,80390
NWCL,2026-07-06,711.1,721.0,659
EBL,2026-07-06,702.0,696.0,34303
HRL,2026-07-06,578.1,578.5,29470
DHPL,2026-07-06,282.1,282.0,1260
MEHL,2026-07-06,327.0,321.0,1280
NHDL,2026-07-06,625.0,640.0,14681
API,2026-07-06,332.0,330.0,182193
HEIP,2026-07-06,325.0,338.2,3010
PRIN,2026-07-06,701.0,689.9,17880
SWASTIK,2026-07-06,2105.0,2062.0,596
HATHY,2026-07-06,701.0,697.0,8560
NIBSF2,2026-07-06,8.91,9.02,9950
LBBL,2026-07-06,459.0,478.9,32227
H8020,2026-07-06,11.62,11.62,200
RURU,2026-07-06,659.9,636.1,1336
CCBD88,2026-07-06,1289.0,1258.1,10430
NABBC,2026-07-06,740.0,745.0,4552
SAGAR,2026-07-06,1599.0,1535.0,3429
NIFRA,2026-07-06,250.0,247.6,40432
ULBSL,2026-07-06,3255.0,2899.9,266
APHL,2026-07-06,853.1,887.0,26917
MNBBLP,2026-07-06,236.2,236.2,40000
NBF3,2026-07-06,9.7,10.0,11775
SPDL,2026-07-06,383.0,367.9,36969
NMLBBL,2026-07-06,542.0,543.0,4025
SMPDA,2026-07-06,804.0,780.0,918
MKJC,2026-07-06,465.0,462.0,5234
FMDBL,2026-07-06,763.0,761.0,5022
GMFBS,2026-07-06,1198.1,1215.0,542
CIT,2026-07-06,1692.0,1693.0,3211
GVL,2026-07-06,474.0,473.1,3052
DLBS,2026-07-06,1299.0,1240.0,400
JSLBB,2026-07-06,1000.0,1025.0,113
CBLD88,2026-07-06,1285.0,1305.0,5
SLBSL,2026-07-06,1177.2,1160.0,2968
SGHC,2026-07-06,359.9,338.7,5152
SBL,2026-07-06,394.8,388.4,53220
HFIN,2026-07-06,722.0,700.0,27090
VLUCL,2026-07-06,454.0,447.0,1065
NMFBS,2026-07-06,1106.0,1119.0,1503
RHPL,2026-07-06,262.0,262.0,6623
UNHPL,2026-07-06,391.0,386.0,9846
SIGS3,2026-07-06,10.7,10.6,2800
SBI,2026-07-06,389.0,393.9,16623
JOSHI,2026-07-06,265.0,262.9,7473
SLBBL,2026-07-06,806.0,802.1,3489
BGWT,2026-07-06,575.0,560.0,2225
CIZBD90,2026-07-06,1202.0,1202.0,50
GBLBS,2026-07-06,742.2,741.2,2433
SPIL,2026-07-06,675.0,690.0,8180
EDBL,2026-07-06,560.0,560.0,8890
NRN,2026-07-06,1455.0,1407.0,91268
YMHL,2026-07-06,640.0,606.5,40245
SGIC,2026-07-06,465.0,468.0,4811
SALICO,2026-07-06,591.2,598.3,31753
ICFCD88,2026-07-06,1132.0,1132.0,25
GBBD85,2026-07-06,1082.2,1065.2,371
UMRH,2026-07-06,531.9,524.4,10131
SAPDBL,2026-07-06,821.1,775.1,11713
KBL,2026-07-06,225.6,209.1,110715
SIPD,2026-07-06,621.4,613.0,8457
EBLD85,2026-07-06,1150.0,1150.1,100
KEF,2026-07-06,10.57,10.65,2900
ALICL,2026-07-06,437.0,432.0,14023
GILB,2026-07-06,1119.0,1113.0,5829
CIZBD86,2026-07-06,1215.0,1215.0,25
MERO,2026-07-06,705.0,690.1,5348
NBLD87,2026-07-06,1095.0,1095.0,25
KBSH,2026-07-06,1430.0,1330.5,222
NMBD2085,2026-07-06,1195.0,1164.0,41
NBL,2026-07-06,270.0,265.5,29755
PURE,2026-07-06,810.0,813.0,5840
USHL,2026-07-06,557.5,500.0,7063
SKBBL,2026-07-06,755.0,749.0,12088
SJLIC,2026-07-06,417.5,420.0,10206
UPPER,2026-07-06,192.2,190.2,61064
NICSF,2026-07-06,9.24,9.35,18300
MNMF1,2026-07-06,9.58,9.67,6150
GSY,2026-07-06,9.7,9.9,3300
MKHC,2026-07-06,296.0,297.0,7828
GHL,2026-07-06,218.1,220.0,13060
GCIL,2026-07-06,372.7,345.6,16154
SMHL,2026-07-06,470.0,465.0,12898
KBLD90,2026-07-06,1225.0,1225.0,25
SARBTM,2026-07-06,818.0,803.5,10113
EHPL,2026-07-06,374.0,364.0,9317
CZBIL,2026-07-06,199.0,197.0,28624
RHGCL,2026-07-06,275.0,262.0,22726
SHINED,2026-07-06,1125.0,1125.0,50
MMF1,2026-07-06,9.75,9.47,11150
ULHC,2026-07-06,422.3,414.0,6826
PPCL,2026-07-06,340.0,342.0,7065
BHL,2026-07-06,213.9,207.9,53963
KHPL,2026-07-06,855.0,869.9,13938
AKPL,2026-07-06,243.3,255.0,29032
NIMBPO,2026-07-06,149.3,149.2,274
NIL,2026-07-06,624.0,622.0,3105
ILBSP,2026-07-06,470.5,470.5,24000
UPCL,2026-07-06,350.1,348.0,21176
PHCL,2026-07-06,296.1,296.5,48714
KPCL,2026-07-06,472.8,469.0,3597
JHAPA,2026-07-06,1260.0,1231.0,13018
LBBLD89,2026-07-06,1320.0,1320.0,200
SAHAS,2026-07-06,644.0,645.0,50593
CFCL,2026-07-06,589.0,633.6,245145
SIFC,2026-07-06,523.1,533.0,5236
SAGF,2026-07-06,10.18,10.29,8075
TPC,2026-07-03,364.8,355.0,8174
SIFC,2026-07-03,540.0,535.0,14480
SINDU,2026-07-03,701.1,710.0,4171
HDL,2026-07-03,1160.0,1153.0,20232
GWFD83,2026-07-03,1100.0,1100.0,78
BHCL,2026-07-03,535.0,526.2,53824
NIBLSTF,2026-07-03,9.12,9.3,10180
GMLI,2026-07-03,1155.0,1180.0,814
KHPL,2026-07-03,905.1,865.0,15475
DHEL,2026-07-03,571.0,594.0,17508
YMHL,2026-07-03,660.0,640.0,36650
MFIL,2026-07-03,736.0,774.0,54721
UAIL,2026-07-03,457.4,441.0,26768
SIKLES,2026-07-03,561.0,557.0,4499
SADBL,2026-07-03,420.0,408.0,15582
ICFC,2026-07-03,629.0,615.0,11779
ULHC,2026-07-03,497.0,429.0,99792
AKPL,2026-07-03,259.7,256.1,26934
CIT,2026-07-03,1700.0,1700.0,3365
SFCL,2026-07-03,375.0,376.0,9691
TAMOR,2026-07-03,446.0,440.5,24496
DHPL,2026-07-03,300.0,286.0,2875
KDL,2026-07-03,760.1,770.0,1320
CITY,2026-07-03,404.9,392.5,137190
MCHL,2026-07-03,300.0,296.0,3468
RBCLPO,2026-07-03,11450.0,11450.0,20
NICD88,2026-07-03,1100.0,1100.0,30
BEDC,2026-07-03,340.0,334.0,21770
RHPL,2026-07-03,259.0,264.0,3399
NIFRAUR85/86,2026-07-03,1065.0,1065.0,30
AKJCL,2026-07-03,363.9,358.0,230860
DOLTI,2026-07-03,341.0,339.9,15371
NIL,2026-07-03,636.0,624.0,31359
NBLD82,2026-07-03,1066.0,1060.0,15000
CKHL,2026-07-03,622.0,600.0,336
SHEL,2026-07-03,300.0,301.9,42721
SHL,2026-07-03,490.0,491.2,7613
C30MF,2026-07-03,10.0,10.18,2400
MABEL,2026-07-03,635.2,640.0,5973
CLI,2026-07-03,445.3,448.9,6174
GLBSL,2026-07-03,1820.0,1803.0,348
UHEWA,2026-07-03,580.0,580.0,33789
MHCL,2026-07-03,335.0,326.5,3413
PURE,2026-07-03,830.0,826.0,2856
PROFL,2026-07-03,443.0,440.0,11845
NMIC,2026-07-03,950.0,969.0,1629
BFC,2026-07-03,497.8,535.0,187575
CYCL,2026-07-03,1400.1,1430.0,1236
PFL,2026-07-03,365.0,360.0,8158
SLBSL,2026-07-03,1160.0,1143.0,10001
JBBL,2026-07-03,340.0,343.0,17138
PCIL,2026-07-03,651.0,654.0,20256
CZBIL,2026-07-03,210.0,199.0,21922
PRIN,2026-07-03,697.0,700.0,7843
LBBL,2026-07-03,480.2,482.9,35483
LICN,2026-07-03,838.0,790.0,10271
RMF1,2026-07-03,9.81,9.8,1500
SFEF,2026-07-03,10.02,10.02,100
NICFC,2026-07-03,9.17,9.4,1430
MEHL,2026-07-03,339.0,327.0,2740
NICL,2026-07-03,535.0,522.8,22952
NBF2,2026-07-03,9.8,9.87,61300
SALICO,2026-07-03,597.0,609.0,3815
JHAPA,2026-07-03,1250.0,1269.0,10537
RSY,2026-07-03,10.0,10.01,400
SHLB,2026-07-03,1503.5,1488.0,267
GMFBS,2026-07-03,1240.0,1235.0,526
USHEC,2026-07-03,490.0,498.0,3809
ALBSL,2026-07-03,1065.0,1098.0,9852
SANIMA,2026-07-03,359.5,357.0,99362
HATHY,2026-07-03,705.0,701.0,4617
HFIN,2026-07-03,771.7,727.0,24307
SAIL,2026-07-03,900.0,905.3,13555
SCB,2026-07-03,647.0,648.0,6192
SPL,2026-07-03,652.0,662.0,1996
PBD85,2026-07-03,1101.1,1101.1,53
LSL,2026-07-03,230.0,221.0,292521
SJLIC,2026-07-03,418.0,420.5,5891
AVYAN,2026-07-03,1096.0,1067.0,4295
GLH,2026-07-03,256.8,253.9,10118
SOPL,2026-07-03,865.0,881.0,57306
HRL,2026-07-03,570.0,583.0,27782
H8020,2026-07-03,11.65,11.95,400
SMH,2026-07-03,536.0,531.0,7404
SANVI,2026-07-03,617.0,635.0,6005
SBIBD86,2026-07-03,1150.0,1150.0,20000
PPCL,2026-07-03,360.0,347.8,22279
ACLBSL,2026-07-03,916.0,925.0,512
SOHL,2026-07-03,615.0,610.0,43111
MLBSL,2026-07-03,1705.2,1712.0,57
SMJC,2026-07-03,455.0,455.0,30998
SFMF,2026-07-03,10.5,10.79,9686
NABBC,2026-07-03,760.0,754.0,14853
GRDBL,2026-07-03,1023.0,1040.0,3077
NYADI,2026-07-03,381.1,378.2,11494
UMRH,2026-07-03,520.0,521.5,5524
GMFIL,2026-07-03,478.9,468.0,20807
JSLBB,2026-07-03,991.0,1016.0,238
SICL,2026-07-03,630.0,623.0,5933
NHPC,2026-07-03,270.0,261.9,84513
GSY,2026-07-03,9.75,9.78,5900
MNBBL,2026-07-03,368.9,366.0,31153
BHPL,2026-07-03,512.8,498.0,4400
BPCL,2026-07-03,692.8,665.0,18917
BHDC,2026-07-03,441.0,443.0,6224
NIMB,2026-07-03,205.0,195.9,94278
KMCDB,2026-07-03,816.6,815.0,1864
MKHC,2026-07-03,300.0,299.0,9706
NIMBPO,2026-07-03,145.4,145.5,12423
GILB,2026-07-03,1102.0,1119.0,3452
OHL,2026-07-03,695.0,680.1,3742
MANDU,2026-07-03,806.5,811.0,410
UNLB,2026-07-03,1324.9,1319.0,4470
MKCL,2026-07-03,1088.0,1097.9,2106
MBL,2026-07-03,257.0,247.7,85765
USHL,2026-07-03,560.7,531.0,4787
TTL,2026-07-03,755.0,750.2,13586
SBID89,2026-07-03,1230.0,1230.0,225
KPCL,2026-07-03,470.0,472.8,4638
LLBS,2026-07-03,932.0,942.0,573
SMB,2026-07-03,2008.0,1970.0,3231
KDBY,2026-07-03,11.1,11.07,65627
MBJC,2026-07-03,275.0,275.1,9993
HDHPC,2026-07-03,197.2,206.3,84162
SWASTIK,2026-07-03,2040.0,2060.0,438
DLBS,2026-07-03,1398.4,1307.0,2110
MHNL,2026-07-03,242.0,241.0,19546
NUBL,2026-07-03,620.1,626.0,2493
PMLI,2026-07-03,468.0,450.0,5531
BBC,2026-07-03,4298.9,4286.0,127
GBBL,2026-07-03,409.5,404.1,24226
GHL,2026-07-03,224.7,223.0,19747
KAHL,2026-07-03,349.8,390.6,150
SYPNL,2026-07-03,1355.0,1359.0,27554
GVL,2026-07-03,476.0,476.9,3925
SNLI,2026-07-03,435.3,439.0,11316
MPFL,2026-07-03,602.0,619.0,8351
MSLB,2026-07-03,1235.0,1235.0,1211
UMHL,2026-07-03,577.0,585.0,54077
HLICF,2026-07-03,8.66,8.8,4400
FMDBL,2026-07-03,760.0,761.0,8871
HURJA,2026-07-03,234.9,233.3,22810
NRIC,2026-07-03,948.0,940.0,40862
AHPC,2026-07-03,266.0,264.0,87859
GIBF1,2026-07-03,10.53,10.62,600
ICFCD89,2026-07-03,1116.0,1110.0,20658
GCIL,2026-07-03,337.2,355.0,10360
BNT,2026-07-03,11510.2,11600.1,40
ENL,2026-07-03,845.0,838.0,465
NLICL,2026-07-03,594.3,573.0,18259
MHL,2026-07-03,471.0,476.8,9499
MATRI,2026-07-03,880.0,888.0,2884
JOSHI,2026-07-03,269.0,267.1,5599
NIFRA,2026-07-03,250.0,249.2,56485
HBLD86,2026-07-03,1183.0,1183.0,19975
PSF,2026-07-03,11.8,11.82,4500
PRVU,2026-07-03,205.0,194.4,96361
SPDL,2026-07-03,386.4,372.0,47415
SKBBL,2026-07-03,752.9,751.0,16576
SKHL,2026-07-03,920.9,930.0,13126
UPPER,2026-07-03,194.0,194.0,57257
NESDO,2026-07-03,1531.0,1525.0,1898
EBL,2026-07-03,704.0,700.0,14095
IGI,2026-07-03,432.0,430.0,6848
SBID2090,2026-07-03,1166.0,1166.0,13880
WNLB,2026-07-03,1353.0,1370.0,45
CHL,2026-07-03,268.0,267.0,5273
UNHPL,2026-07-03,386.1,392.9,14430
NWCL,2026-07-03,726.0,727.1,1504
ADBLB,2026-07-03,1000.0,1000.0,430000
MERO,2026-07-03,702.1,705.0,5810
GBBLPO,2026-07-03,238.0,238.0,4787
NICSF,2026-07-03,9.21,9.24,6300
MLBBL,2026-07-03,1151.0,1150.0,372
CGH,2026-07-03,776.0,772.2,7038
SABBL,2026-07-03,1015.0,1015.0,5615
TVCL,2026-07-03,485.0,485.1,3115
NMBHF2,2026-07-03,9.5,9.78,2122
MAKAR,2026-07-03,487.0,479.0,4529
ALICL,2026-07-03,436.5,437.1,24533
RBCL,2026-07-03,14300.0,14400.0,150
BUNGAL,2026-07-03,652.0,665.1,33322
CSY,2026-07-03,9.03,9.2,1950
CBBL,2026-07-03,918.7,917.8,16357
NICLBSL,2026-07-03,552.0,554.0,6482
HHL,2026-07-03,335.0,338.0,10272
MNMF1,2026-07-03,9.56,9.85,25700
SBL,2026-07-03,390.0,390.1,151305
EBLD86,2026-07-03,1081.0,1085.0,55
MBLEF,2026-07-03,10.2,10.0,300
SMATA,2026-07-03,760.0,749.0,2391
SBCF,2026-07-03,9.61,9.8,9600
HLBSL,2026-07-03,861.3,869.0,1733
SKHEL,2026-07-03,980.1,989.9,5605
CFCL,2026-07-03,615.0,620.0,143035
NTC,2026-07-03,849.9,846.0,7001
PCBL,2026-07-03,233.0,236.0,58482
SAHAS,2026-07-03,642.0,645.0,67212
SLBBL,2026-07-03,808.0,805.0,3167
BJHL,2026-07-03,775.0,832.0,7754
SAGAR,2026-07-03,1540.0,1599.8,7327
RBBF40,2026-07-03,9.12,9.25,1550
NLIC,2026-07-03,781.0,744.5,17656
RHGCL,2026-07-03,267.5,272.0,9099
ADBLD83,2026-07-03,1056.2,1070.0,10526
EHPL,2026-07-03,370.1,369.2,16268
ILBS,2026-07-03,875.9,886.3,467
NICBF,2026-07-03,9.3,9.3,1200
PHCL,2026-07-03,298.5,298.9,42156
RFPL,2026-07-03,335.1,343.1,15850
HEIP,2026-07-03,321.0,328.7,475
KKHC,2026-07-03,246.0,288.0,194041
GFCL,2026-07-03,631.0,627.0,13123
ILI,2026-07-03,417.0,422.0,4982
HIMSTAR,2026-07-03,761.0,773.0,3050
API,2026-07-03,333.0,334.9,139836
EDBL,2026-07-03,558.2,569.5,5924
SBID83,2026-07-03,1099.0,1063.3,10509
PMHPL,2026-07-03,327.0,325.9,4824
NMB,2026-07-03,240.0,239.2,27440
SAPDBL,2026-07-03,785.0,782.0,13244
HPPL,2026-07-03,360.0,362.9,11019
STC,2026-07-03,5162.1,5170.0,2478
NLG,2026-07-03,590.0,590.0,7141
SMFBS,2026-07-03,1650.0,1651.1,8375
VLUCL,2026-07-03,448.1,454.0,935
BANDIPUR,2026-07-03,749.0,746.0,12987
SJCL,2026-07-03,268.0,272.0,34152
UNL,2026-07-03,47000.0,46600.0,100
VLBS,2026-07-03,700.0,690.0,4259
NICGF2,2026-07-03,9.1,9.21,900
NIFRAGED,2026-07-03,1044.4,1044.4,75
NMLBBL,2026-07-03,552.0,552.0,7023
SPHL,2026-07-03,555.0,573.0,11542
RLFL,2026-07-03,469.1,474.9,71755
JFL,2026-07-03,406.0,398.5,2478
DORDI,2026-07-03,254.0,252.0,15560
NIBSF2,2026-07-03,9.1,9.1,2813
SONA,2026-07-03,422.0,423.0,15593
FOWAD,2026-07-03,970.0,990.0,649
USLB,2026-07-03,1230.0,1237.0,815
SHINE,2026-07-03,404.9,402.0,13565
BOKD86,2026-07-03,1088.1,1086.5,9600
PPL,2026-07-03,330.0,335.0,14720
SEF,2026-07-03,9.95,9.95,1000
RURU,2026-07-03,640.1,641.2,4841
SIGS3,2026-07-03,10.46,10.6,800
ADBL,2026-07-03,310.0,307.0,10218
NSY,2026-07-03,9.31,9.5,1700
HBL,2026-07-03,200.0,198.3,26139
MKHL,2026-07-03,475.1,504.7,7838
NADEP,2026-07-03,720.1,721.3,391
BGWT,2026-07-03,585.4,559.0,4345
SSHL,2026-07-03,200.0,200.0,102291
RNLI,2026-07-03,446.0,452.0,4195
IHL,2026-07-03,373.0,373.0,5349
SGIC,2026-07-03,463.6,467.9,6992
KBLD89,2026-07-03,1231.1,1255.2,315825
SLCF,2026-07-03,10.1,10.05,7610
NHDL,2026-07-03,622.8,637.0,2589
SIPD,2026-07-03,640.0,630.0,5312
HIDCL,2026-07-03,255.6,253.0,36904
MDB,2026-07-03,580.4,579.3,25608
SBD87,2026-07-03,1100.0,1096.6,20105
PRSF,2026-07-03,13.0,12.61,160200
KEF,2026-07-03,10.52,10.79,44852
NBF3,2026-07-03,9.9,10.0,19450
MSHL,2026-07-03,602.0,604.0,409
NICAD2091,2026-07-03,1052.1,1052.1,25
SNORL,2026-07-03,618.6,690.6,920
NBL,2026-07-03,267.1,267.7,16153
DDBL,2026-07-03,834.0,830.0,4198
SWBBL,2026-07-03,697.8,684.2,16081
SMHL,2026-07-03,469.1,472.0,15617
KBLD90,2026-07-03,1219.0,1219.0,40000
KSY,2026-07-03,9.6,9.75,6890
SIGS2,2026-07-03,10.48,10.95,7150
SWMF,2026-07-03,620.0,627.0,2469
LEC,2026-07-03,222.6,211.0,41787
SHPC,2026-07-03,493.0,495.0,26410
BHL,2026-07-03,208.1,210.0,49877
RIDI,2026-07-03,333.9,331.0,106358
HEI,2026-07-03,554.0,543.0,7399
NMFBS,2026-07-03,1116.0,1116.0,4895
GUFL,2026-07-03,558.0,557.0,7420
GBIMESY2,2026-07-03,9.2,9.22,1150
CREST,2026-07-03,1244.5,1244.9,14906
NGPL,2026-07-03,410.0,412.2,94433
APHL,2026-07-03,859.8,898.0,25254
RAWA,2026-07-03,441.3,444.9,15448
AHL,2026-07-03,435.5,437.0,2107
NMBMF,2026-07-03,610.0,617.0,1248
SMPDA,2026-07-03,785.0,795.0,1212
LUK,2026-07-03,10.01,10.01,15310
NABIL,2026-07-03,540.0,530.0,114343
KSBBL,2026-07-03,475.0,477.0,10575
TRH,2026-07-03,770.0,783.0,465
SCBD,2026-07-03,1164.0,1160.0,38108
NRM,2026-07-03,325.0,335.0,8736
ULBSL,2026-07-03,2710.0,3100.0,2201
HLI,2026-07-03,326.0,324.0,18804
KBSH,2026-07-03,1449.9,1405.0,1133
NICA,2026-07-03,340.0,335.1,32743
JBLB,2026-07-03,1240.0,1245.0,6043
OMPL,2026-07-03,1010.0,997.1,3267
LVF2,2026-07-03,9.9,10.0,6640
GBIME,2026-07-03,249.0,243.0,324953
CHCL,2026-07-03,480.0,482.0,8055
SBI,2026-07-03,398.9,393.9,142560
KBL,2026-07-03,226.0,214.9,193594
CORBL,2026-07-03,1775.0,1775.0,2314
TPKHL,2026-07-03,566.8,584.0,44285
MNBBLP,2026-07-03,236.2,236.2,20000
MEL,2026-07-03,220.2,218.0,27636
MEN,2026-07-03,575.0,574.0,44432
MMF1,2026-07-03,9.7,9.75,5300
MLBS,2026-07-03,1179.0,1189.9,923
RADHI,2026-07-03,720.0,720.0,44335
NFS,2026-07-03,580.0,670.0,74156
SHIVM,2026-07-03,640.0,627.1,109957
SGHC,2026-07-03,354.1,342.9,8016
SRBLD83,2026-07-03,1060.7,1091.9,5
RSML,2026-07-03,3437.0,3200.0,21379
HIDCLP,2026-07-03,191.7,189.3,69977
NSIF2,2026-07-03,10.56,10.79,40300
SRLI,2026-07-03,380.0,381.1,8865
SGHL,2026-07-03,359.5,395.7,230
NICAD85/86,2026-07-03,1130.0,1130.0,39165
TSHL,2026-07-03,423.0,457.0,4108
MLBL,2026-07-03,352.1,356.0,14719
NRN,2026-07-03,1413.0,1433.0,122303
SARBTM,2026-07-03,810.1,804.0,5595
GBLBS,2026-07-03,756.0,759.0,1615
NICD83/84,2026-07-03,1045.0,1045.0,100
UPCL,2026-07-03,364.0,355.0,140909
RLEL,2026-07-03,850.0,860.0,7183
BARUN,2026-07-03,323.0,323.5,12129
SPIL,2026-07-03,682.0,695.0,1588
MKJC,2026-07-03,458.0,461.0,3103
CHDC,2026-07-03,2109.0,2110.0,33496
MMKJL,2026-07-03,489.0,470.3,1905
SPC,2026-07-03,410.0,416.0,4014
BNHC,2026-07-03,308.0,311.0,9307
ANLB,2026-07-03,7006.6,7006.6,10
RSDC,2026-07-03,670.0,658.0,4700
SMHL,2026-07-02,475.0,473.8,9989
KBLD90,2026-07-02,1249.0,1222.0,30165
KHPL,2026-07-02,866.0,862.0,12345
SWMF,2026-07-02,615.1,628.0,1581
FMDBL,2026-07-02,763.6,763.0,12709
MBLEF,2026-07-02,10.0,10.0,2750
GRDBL,2026-07-02,1030.0,1048.9,1900
JOSHI,2026-07-02,261.5,269.1,7924
JBBD87,2026-07-02,1118.0,1118.0,50
BHDC,2026-07-02,443.0,442.9,2966
BARUN,2026-07-02,323.0,322.0,12825
ULHC,2026-07-02,420.0,496.8,31541
PPL,2026-07-02,318.3,337.0,20382
CSY,2026-07-02,9.12,9.3,2700
NIFRAGED,2026-07-02,1026.2,1042.0,93
NIBLGF,2026-07-02,9.5,9.25,9900
KAHL,2026-07-02,295.4,339.7,200
SPC,2026-07-02,415.0,417.0,1139
OHL,2026-07-02,682.0,680.0,245
LEC,2026-07-02,215.4,212.0,25040
CKHL,2026-07-02,601.0,609.0,375
BPCL,2026-07-02,674.7,659.9,15303
NMFBS,2026-07-02,1112.0,1116.0,2569
HATHY,2026-07-02,715.0,705.0,2817
CORBL,2026-07-02,1833.0,1700.0,27014
MBL,2026-07-02,245.8,249.8,82504
NICAD2091,2026-07-02,1060.0,1070.0,210
HFIN,2026-07-02,738.2,735.0,14536
SMATA,2026-07-02,759.9,753.0,944
AHL,2026-07-02,450.9,447.3,5792
GBILD86/87,2026-07-02,1108.0,1108.0,25
MKHL,2026-07-02,495.0,479.0,3726
MMF1,2026-07-02,9.93,9.7,12700
MSHL,2026-07-02,626.0,619.8,370
VLBS,2026-07-02,685.0,696.0,2609
JHAPA,2026-07-02,1270.0,1268.9,10147
NIBSF2,2026-07-02,9.02,9.1,400
RSY,2026-07-02,10.04,10.3,2350
GUFL,2026-07-02,562.9,558.0,8092
ULBSL,2026-07-02,2725.0,2798.0,210
SAIL,2026-07-02,920.0,918.9,9359
GVL,2026-07-02,475.0,475.0,5508
MANDU,2026-07-02,766.0,820.0,1230
SBCF,2026-07-02,9.8,9.9,7400
SJLIC,2026-07-02,430.0,424.8,8089
SFCL,2026-07-02,370.0,375.8,6971
RSDC,2026-07-02,664.0,652.0,2719
NICGF2,2026-07-02,9.2,9.3,13200
MBLPO,2026-07-02,132.0,132.0,2686
MNBBL,2026-07-02,363.0,367.8,10559
HEI,2026-07-02,535.5,545.0,5623
AKJCL,2026-07-02,370.0,362.0,231421
LVF2,2026-07-02,9.99,9.87,600
PCIL,2026-07-02,634.7,661.0,33466
SGIC,2026-07-02,475.0,465.8,5755
LSL,2026-07-02,220.0,222.0,1917570
SPL,2026-07-02,675.0,668.0,924
BNT,2026-07-02,11650.0,11700.0,30
SBL,2026-07-02,391.0,393.8,47940
MSLB,2026-07-02,1239.0,1240.0,454
RBCLPO,2026-07-02,11730.0,11730.0,3
RFPL,2026-07-02,342.0,343.0,24102
JSLBB,2026-07-02,995.0,1019.0,408
SGHC,2026-07-02,347.1,338.0,8417
NSIF2,2026-07-02,11.0,10.74,15659
UMHL,2026-07-02,583.0,577.2,14624
RHGCL,2026-07-02,267.1,273.0,13359
ILBS,2026-07-02,900.0,896.8,1391
SAHAS,2026-07-02,655.9,642.0,122806
KSBBL,2026-07-02,475.0,474.0,6323
RHPL,2026-07-02,262.0,261.9,5280
APHL,2026-07-02,888.0,905.0,27833
ICFCD83,2026-07-02,1086.4,1086.4,190
HLBSL,2026-07-02,853.6,887.9,2262
SMJC,2026-07-02,472.4,453.0,13738
NBF2,2026-07-02,10.36,10.06,2700
RMF2,2026-07-02,9.96,10.0,1200
PPCL,2026-07-02,376.9,347.0,14226
MHL,2026-07-02,470.0,476.0,3480
NIBD84,2026-07-02,1075.0,1085.0,14178
NHPC,2026-07-02,265.9,264.7,105470
HIMSTAR,2026-07-02,816.0,780.0,5357
MLBSL,2026-07-02,1711.0,1740.0,550
NWCL,2026-07-02,732.1,730.0,360
RSML,2026-07-02,3230.0,3274.0,79286
CFCL,2026-07-02,605.6,617.9,66859
PURE,2026-07-02,843.9,840.3,1130
USHEC,2026-07-02,487.0,500.0,3544
NMBD2085,2026-07-02,1169.0,1195.0,20
MMKJL,2026-07-02,476.2,477.0,1507
VLUCL,2026-07-02,451.0,448.0,409
SANVI,2026-07-02,633.9,633.0,4798
BHPL,2026-07-02,500.0,504.9,3220
SHPC,2026-07-02,502.0,495.0,16601
NRN,2026-07-02,1400.0,1419.9,37733
HBL,2026-07-02,194.0,200.0,48210
SWBBL,2026-07-02,693.1,697.8,13743
HRL,2026-07-02,594.0,584.0,32398
PFL,2026-07-02,351.6,364.9,3357
YMHL,2026-07-02,715.0,663.2,35070
SALICO,2026-07-02,605.0,614.0,4987
SHINED,2026-07-02,1096.1,1097.0,120
SMB,2026-07-02,2001.0,2008.0,9043
SOHL,2026-07-02,612.1,617.8,19463
KEF,2026-07-02,10.75,10.61,2700
SADBL,2026-07-02,403.1,409.9,8023
EBLD85,2026-07-02,1135.0,1120.0,151305
BUNGAL,2026-07-02,650.0,652.0,33044
TVCL,2026-07-02,485.0,494.8,4235
SYPNL,2026-07-02,1289.2,1355.0,14413
KDBY,2026-07-02,10.89,11.08,115604
IGI,2026-07-02,438.0,431.1,10304
HDL,2026-07-02,1150.0,1150.0,16574
GHL,2026-07-02,223.0,223.0,13820
SINDU,2026-07-02,703.2,721.9,2180
USLB,2026-07-02,1236.1,1230.0,1053
NICL,2026-07-02,512.4,520.0,10810
GBLBS,2026-07-02,745.3,750.0,1791
UAIL,2026-07-02,452.5,463.9,19610
EBLD86,2026-07-02,1086.0,1086.0,25
MERO,2026-07-02,709.1,707.8,2306
HIDCLP,2026-07-02,190.0,189.9,118833
MFIL,2026-07-02,755.0,774.0,18220
HIDCL,2026-07-02,256.0,255.5,53596
MLBBL,2026-07-02,1140.0,1150.0,684
UHEWA,2026-07-02,619.0,587.0,26170
BHCL,2026-07-02,540.0,534.0,22899
JFL,2026-07-02,398.0,396.0,3236
TSHL,2026-07-02,435.0,435.1,2126
SBD87,2026-07-02,1087.0,1087.0,30
GBIME,2026-07-02,250.0,249.0,364120
SAPDBL,2026-07-02,789.0,786.5,17249
NICBF,2026-07-02,9.3,9.3,500
NHDL,2026-07-02,638.0,641.0,5658
NICD88,2026-07-02,1077.1,1077.1,25
SFEF,2026-07-02,9.9,10.02,500
NMB,2026-07-02,238.5,241.0,38113
SHINE,2026-07-02,415.6,403.0,8973
MHCL,2026-07-02,331.2,333.0,1017
RBBF40,2026-07-02,9.1,9.2,2100
CIZBD90,2026-07-02,1202.0,1202.0,25
CIT,2026-07-02,1700.1,1704.0,4129
GMLI,2026-07-02,1210.0,1180.0,563
BJHL,2026-07-02,855.0,815.1,8238
BBC,2026-07-02,4160.3,4260.0,150
SBID83,2026-07-02,1083.0,1096.0,70350
NIMBPO,2026-07-02,142.0,145.2,6010
HBLD86,2026-07-02,1200.0,1183.0,50025
SHL,2026-07-02,498.0,493.0,6333
STC,2026-07-02,5235.0,5179.9,1250
MKCL,2026-07-02,1104.0,1088.0,650
UPPER,2026-07-02,194.5,194.0,41920
MNMF1,2026-07-02,9.7,9.85,1950
DOLTI,2026-07-02,353.0,345.0,22168
NABIL,2026-07-02,530.0,541.0,231443
NIBLSTF,2026-07-02,9.22,9.01,1000
SAND2085,2026-07-02,1189.0,1190.0,6
GBBL,2026-07-02,402.1,405.0,8510
SFMF,2026-07-02,10.6,10.8,1100
HPPL,2026-07-02,366.0,363.8,9926
CBBL,2026-07-02,922.9,910.0,10348
MEN,2026-07-02,580.0,575.0,63345
SKHL,2026-07-02,981.7,920.9,7336
CGH,2026-07-02,766.0,768.4,19565
SNLI,2026-07-02,440.0,438.3,9847
GILB,2026-07-02,1094.0,1070.1,1289
NABBC,2026-07-02,777.0,752.0,2959
DDBL,2026-07-02,839.9,822.2,5344
SMFBS,2026-07-02,1682.0,1670.0,6190
SIPD,2026-07-02,648.0,640.0,3860
BNHC,2026-07-02,314.9,314.7,6063
MKJC,2026-07-02,460.0,456.1,1718
NYADI,2026-07-02,376.1,381.5,720
SKBBL,2026-07-02,751.5,752.9,13105
SEF,2026-07-02,10.25,9.95,22300
IHL,2026-07-02,367.1,373.5,3021
RLFL,2026-07-02,467.3,469.7,45907
PBD88,2026-07-02,1256.5,1270.0,205
HHL,2026-07-02,340.0,339.8,11457
NMBMF,2026-07-02,616.0,626.9,1543
CHDC,2026-07-02,2130.0,2124.0,14787
NLICL,2026-07-02,590.0,594.3,8212
USHL,2026-07-02,565.0,534.1,3840
GFCL,2026-07-02,639.0,631.6,7906
NUBL,2026-07-02,615.2,624.0,3517
NBLD85,2026-07-02,1065.0,1100.0,134
AKPL,2026-07-02,258.0,257.7,23956
SANIMA,2026-07-02,352.0,357.0,25904
PHCL,2026-07-02,303.0,299.9,26756
SMH,2026-07-02,543.9,531.0,5724
GCIL,2026-07-02,357.0,354.9,15266
HEIP,2026-07-02,320.0,320.0,60
RIDI,2026-07-02,336.0,333.6,72024
SLBBL,2026-07-02,805.0,808.0,8632
PRVU,2026-07-02,191.0,197.0,141263
NABILD2089,2026-07-02,1122.7,1153.0,2
KMCDB,2026-07-02,832.9,815.5,2168
SBID2090,2026-07-02,1128.7,1162.4,5
GBILD84/85,2026-07-02,1115.0,1115.0,23010
NICLBSL,2026-07-02,558.0,552.0,2646
CHL,2026-07-02,270.0,267.1,6764
C30MF,2026-07-02,10.15,10.18,1500
KBSH,2026-07-02,1390.0,1410.0,181
SIGS2,2026-07-02,10.8,10.8,10500
NICD83/84,2026-07-02,1043.0,1036.0,50
NESDO,2026-07-02,1525.0,1545.0,170
HLI,2026-07-02,331.0,326.6,26346
MHNL,2026-07-02,243.0,245.6,18888
PMLI,2026-07-02,452.0,455.0,5021
PROFL,2026-07-02,433.0,439.5,5616
AHPC,2026-07-02,269.0,264.0,51227
SMPDA,2026-07-02,816.0,801.0,1018
MPFL,2026-07-02,600.0,612.0,3924
HDHPC,2026-07-02,209.0,207.5,90283
EDBL,2026-07-02,555.3,568.9,7240
SRBLD83,2026-07-02,1075.0,1060.7,25
RURU,2026-07-02,656.0,644.9,5276
CZBIL,2026-07-02,197.9,201.1,55214
GIBF1,2026-07-02,10.53,10.6,68597
SPDL,2026-07-02,387.0,368.0,8083
SGHL,2026-07-02,299.3,344.1,410
SHIVM,2026-07-02,639.9,632.0,52384
NFS,2026-07-02,584.0,583.0,5796
MATRI,2026-07-02,853.0,862.0,1414
UPCL,2026-07-02,362.0,372.6,74910
NRIC,2026-07-02,955.0,939.0,10924
BHL,2026-07-02,214.0,210.0,28827
KBL,2026-07-02,212.0,215.3,220816
NMB50,2026-07-02,10.49,10.5,5200
ADBL,2026-07-02,320.0,306.8,11685
SAGF,2026-07-02,10.2,10.49,2200
SRLI,2026-07-02,379.1,380.4,8507
SWASTIK,2026-07-02,2050.0,2040.0,1241
SLBSL,2026-07-02,1236.9,1200.0,2007
SARBTM,2026-07-02,810.0,808.8,2378
FOWAD,2026-07-02,979.9,970.0,1127
ICFC,2026-07-02,617.0,615.0,2927
GMFBS,2026-07-02,1200.1,1252.0,705
EHPL,2026-07-02,371.2,371.0,9487
LBLD86,2026-07-02,1225.0,1240.0,15
RAWA,2026-07-02,448.0,446.0,15623
GLBSL,2026-07-02,1838.8,1835.8,539
SIKLES,2026-07-02,557.1,561.8,4491
CBLD88,2026-07-02,1270.0,1285.0,5
NADEP,2026-07-02,735.0,725.0,777
BFC,2026-07-02,507.9,524.0,78781
WNLB,2026-07-02,1370.0,1353.0,180
SLCF,2026-07-02,10.01,10.03,11100
PRIN,2026-07-02,682.0,689.0,1837
SPIL,2026-07-02,713.8,691.0,2712
NICAD85/86,2026-07-02,1226.1,1130.0,360836
API,2026-07-02,336.0,333.8,114229
OMPL,2026-07-02,1024.4,1010.0,1043
BGWT,2026-07-02,597.9,586.2,343
GSY,2026-07-02,10.0,9.86,24040
SONA,2026-07-02,451.5,425.2,5112
BEDC,2026-07-02,338.0,340.0,18690
CLI,2026-07-02,448.0,451.0,7338
NIFRA,2026-07-02,255.0,254.0,25838
UMRH,2026-07-02,520.5,517.8,8505
LUK,2026-07-02,9.9,10.0,7485
DLBS,2026-07-02,1235.0,1472.0,5030
NSY,2026-07-02,9.55,9.31,2900
PSF,2026-07-02,11.9,11.88,35000
LICN,2026-07-02,838.9,799.0,7799
NLG,2026-07-02,578.0,586.0,3855
ALICL,2026-07-02,438.9,436.5,12803
NMLBBL,2026-07-02,545.0,552.0,6560
NIMB,2026-07-02,200.0,197.9,122748
SOPL,2026-07-02,885.0,865.0,48210
HLICF,2026-07-02,8.76,8.92,900
NGPL,2026-07-02,409.1,411.8,50388
ICFCD88,2026-07-02,1138.0,1138.0,25
CMF2,2026-07-02,9.44,9.9,3000
NMIC,2026-07-02,965.0,958.0,1927
SPHL,2026-07-02,560.0,570.0,5667
SBI,2026-07-02,386.0,392.2,1984
NICSF,2026-07-02,9.26,9.48,24800
NRM,2026-07-02,329.0,330.0,6301
EBLD91,2026-07-02,1090.0,1090.0,25
GMFIL,2026-07-02,441.0,469.0,8739
MDB,2026-07-02,593.4,582.0,8404
MKHC,2026-07-02,303.0,301.5,8357
CYCL,2026-07-02,1503.5,1437.9,1969
RMF1,2026-07-02,9.83,9.86,200
SIFC,2026-07-02,538.0,537.0,1125
ALBSL,2026-07-02,1040.0,1099.6,12674
SDBD87,2026-07-02,1120.0,1115.0,75
SHEL,2026-07-02,300.0,299.0,47708
HURJA,2026-07-02,237.0,234.2,31435
ANLB,2026-07-02,5761.0,6673.0,10311
NMBHF2,2026-07-02,9.5,9.7,3010
KBLD89,2026-07-02,1231.3,1231.1,25
RBCL,2026-07-02,14305.0,14449.9,175
NICA,2026-07-02,334.0,344.0,45178
PRSF,2026-07-02,12.85,12.9,130900
NTC,2026-07-02,848.0,849.0,5018
JBLB,2026-07-02,1247.0,1253.0,2293
SIGS3,2026-07-02,10.65,10.6,59750
NLIC,2026-07-02,782.2,744.0,19400
SABBL,2026-07-02,1000.0,1023.0,5440
KPCL,2026-07-02,475.0,471.5,3912
MCHL,2026-07-02,303.5,304.8,1466
CHCL,2026-07-02,481.0,480.0,29848
SNORL,2026-07-02,537.9,600.6,180
AVYAN,2026-07-02,1043.0,1044.0,310
CREST,2026-07-02,1161.0,1310.0,18471
MABEL,2026-07-02,657.0,654.8,8415
RADHI,2026-07-02,722.0,720.0,29147
PCBL,2026-07-02,232.1,236.4,30982
LLBS,2026-07-02,906.0,920.0,1075
SKHEL,2026-07-02,980.0,985.0,4181
TTL,2026-07-02,750.0,750.0,4615
RBBD2088,2026-07-02,1055.5,1087.5,616
SSHL,2026-07-02,203.0,201.1,81816
SBIBD86,2026-07-02,1139.8,1150.0,100
H8020,2026-07-02,11.36,11.95,26777
GLH,2026-07-02,252.1,254.8,6509
SJCL,2026-07-02,270.0,271.8,14454
TAMOR,2026-07-02,442.2,444.0,20600
SCB,2026-07-02,645.0,647.0,13552
BANDIPUR,2026-07-02,770.0,753.0,11214
NBF3,2026-07-02,9.82,10.0,33900
ILI,2026-07-02,424.0,421.0,4849
MBJC,2026-07-02,275.0,275.0,4623
KSY,2026-07-02,9.73,9.72,400
DHPL,2026-07-02,300.3,287.6,1208
TPC,2026-07-02,365.0,360.0,1178
UNHPL,2026-07-02,393.0,388.0,8405
CITY,2026-07-02,403.0,401.8,173365
SBLD84,2026-07-02,1085.0,1085.0,82764
NIL,2026-07-02,620.0,621.1,3150
RLEL,2026-07-02,848.0,858.0,4228
PMHPL,2026-07-02,317.0,326.5,4482
MAKAR,2026-07-02,465.7,473.1,321
EBL,2026-07-02,695.6,704.0,96493
NBL,2026-07-02,265.0,270.0,59762
TPKHL,2026-07-02,618.0,596.6,41840
DORDI,2026-07-02,257.0,252.5,7997
MEL,2026-07-02,222.0,220.1,11142
ACLBSL,2026-07-02,930.0,942.2,432
NICFC,2026-07-02,9.3,9.45,4600
SAGAR,2026-07-02,1587.1,1541.1,1813
LBBL,2026-07-02,494.9,488.0,19077
JBBL,2026-07-02,336.0,339.0,17044
MLBL,2026-07-02,355.5,355.0,20147
MLBS,2026-07-02,1168.0,1166.0,530
MEHL,2026-07-02,325.2,332.0,456
RNLI,2026-07-02,451.5,449.0,5246
UNLB,2026-07-02,1287.0,1324.9,453
SHLB,2026-07-02,1461.8,1550.0,345
KDL,2026-07-02,760.0,775.0,1010
GBIMESY2,2026-07-02,9.3,9.35,1000
SBLD89,2026-07-02,1287.5,1220.0,95840
DHEL,2026-07-02,585.0,577.7,10885
ENL,2026-07-02,815.0,831.0,590
ICFCD89,2026-07-02,1086.1,1109.0,375
KKHC,2026-07-02,260.0,258.0,36977
SICL,2026-07-02,618.0,625.9,2980
SEF,2026-07-01,10.2,10.25,46000
SRBLD83,2026-07-01,1075.0,1075.0,10
MBLEF,2026-07-01,10.22,10.0,5100
MKCL,2026-07-01,1099.0,1104.0,2122
SAHAS,2026-07-01,630.0,644.0,52403
FOWAD,2026-07-01,970.0,979.9,1672
SPC,2026-07-01,420.0,420.0,1355
SPHL,2026-07-01,560.0,577.0,25095
RADHI,2026-07-01,680.0,722.0,119315
HIDCLP,2026-07-01,186.0,189.0,138036
SPL,2026-07-01,670.0,665.0,630
NMBD87/88,2026-07-01,1110.0,1085.1,126
SIGS2,2026-07-01,10.5,10.5,10000
BNHC,2026-07-01,312.0,314.5,4489
NESDO,2026-07-01,1510.0,1539.9,525
NIMBPO,2026-07-01,149.0,146.0,20
VLBS,2026-07-01,678.0,685.1,1706
BNT,2026-07-01,11600.0,11600.0,10
MFIL,2026-07-01,760.0,779.6,6891
STC,2026-07-01,5150.0,5235.0,2596
NIFRAGED,2026-07-01,1041.2,1041.2,50
BHDC,2026-07-01,440.0,443.2,4654
SMH,2026-07-01,530.0,536.0,9401
NIFRA,2026-07-01,247.0,253.9,46129
C30MF,2026-07-01,10.2,10.25,1940
AKPL,2026-07-01,250.1,258.0,45072
SHPC,2026-07-01,486.0,496.8,17449
ICFCD88,2026-07-01,1130.1,1138.0,50
PCBLP,2026-07-01,105.0,105.0,8041
SANIMA,2026-07-01,354.0,351.9,98218
BANDIPUR,2026-07-01,711.0,759.0,27614
PPCL,2026-07-01,343.7,359.0,17268
MKHC,2026-07-01,293.0,303.0,6715
ULBSL,2026-07-01,2762.0,2805.0,292
SDBD87,2026-07-01,1115.0,1115.0,100
SBCF,2026-07-01,10.0,9.8,2900
GBBL,2026-07-01,400.0,404.9,13064
EBL,2026-07-01,699.9,694.0,25799
NSIF2,2026-07-01,10.54,10.79,10350
SBLD84,2026-07-01,1065.1,1065.0,50
NBL,2026-07-01,260.1,265.0,25349
PMLI,2026-07-01,440.0,458.0,2777
CBLD88,2026-07-01,1235.0,1270.0,87
CREST,2026-07-01,1158.0,1196.0,8432
UPPER,2026-07-01,181.0,194.5,66171
GBIMESY2,2026-07-01,9.25,9.5,2200
SCBD,2026-07-01,1200.0,1200.0,1000
NICL,2026-07-01,522.9,526.0,24242
GMLI,2026-07-01,1147.0,1178.5,510
SMATA,2026-07-01,735.0,755.0,1702
KBLPO,2026-07-01,100.0,100.0,373303
SFCL,2026-07-01,371.0,373.9,5814
MMF1,2026-07-01,9.71,9.65,20200
NICBF,2026-07-01,9.03,9.03,250
HHL,2026-07-01,330.0,340.0,14697
RAWA,2026-07-01,430.0,449.5,32411
NICSF,2026-07-01,9.22,9.3,10700
RSDC,2026-07-01,627.0,648.0,3409
JOSHI,2026-07-01,252.0,267.5,6827
UMHL,2026-07-01,576.0,580.0,46983
RFPL,2026-07-01,320.0,346.0,11991
CLI,2026-07-01,440.0,448.0,8478
LVF2,2026-07-01,9.91,10.0,1204
NHDL,2026-07-01,620.2,638.7,4465
HEIP,2026-07-01,330.6,320.7,21
NWCL,2026-07-01,722.0,732.0,1320
SRLI,2026-07-01,375.1,382.0,11926
CYCL,2026-07-01,1289.2,1550.0,3450
SABBL,2026-07-01,970.0,1010.0,7525
RLFL,2026-07-01,461.1,475.0,67406
SHINE,2026-07-01,398.1,403.0,11162
USHEC,2026-07-01,500.0,492.0,4548
SHEL,2026-07-01,295.0,300.0,37575
NMLBBL,2026-07-01,542.0,548.0,4556
OMPL,2026-07-01,975.0,1000.0,2999
USLB,2026-07-01,1220.0,1245.0,1476
CGH,2026-07-01,764.0,774.0,37166
PMHPL,2026-07-01,314.0,320.0,7480
ACLBSL,2026-07-01,952.0,941.0,366
PRSF,2026-07-01,12.79,12.75,119300
NLICL,2026-07-01,565.0,583.0,3833
GHL,2026-07-01,215.0,223.0,32901
RLEL,2026-07-01,830.0,860.1,4141
NLG,2026-07-01,576.3,590.0,3062
MPFL,2026-07-01,590.0,610.0,7782
SONA,2026-07-01,416.0,430.0,9964
BUNGAL,2026-07-01,639.0,637.0,26572
SAPDBL,2026-07-01,825.0,789.0,12900
NUBL,2026-07-01,626.9,625.0,2566
LICN,2026-07-01,793.0,799.0,2859
SKHEL,2026-07-01,933.0,980.1,4859
HRL,2026-07-01,568.2,585.0,41670
PHCL,2026-07-01,296.0,301.0,49012
NABILD2089,2026-07-01,1073.0,1122.7,8944
IGI,2026-07-01,441.0,438.0,4239
KBL,2026-07-01,205.9,210.1,140421
GMFBS,2026-07-01,1190.0,1227.0,124
MSHL,2026-07-01,590.0,639.8,1982
KDBY,2026-07-01,10.67,10.99,150202
CCBD88,2026-07-01,1297.0,1297.0,25
BARUN,2026-07-01,316.0,321.0,31213
JBLB,2026-07-01,1236.0,1247.0,5400
LEC,2026-07-01,209.0,212.5,50709
AHL,2026-07-01,471.0,449.0,6939
SOPL,2026-07-01,833.0,885.0,69314
MANDU,2026-07-01,786.0,806.3,778
CHL,2026-07-01,261.9,268.0,12315
HBL,2026-07-01,190.0,194.0,30343
SMFBS,2026-07-01,1614.0,1682.0,9144
PBD88,2026-07-01,1255.0,1256.5,20
SMJC,2026-07-01,445.5,450.0,9162
EHPL,2026-07-01,391.6,373.0,19616
GBLBS,2026-07-01,750.0,754.0,1793
SICL,2026-07-01,612.3,624.0,1388
JFL,2026-07-01,407.8,398.0,2276
JSLBB,2026-07-01,995.0,1015.0,129
KSBBL,2026-07-01,473.0,476.3,7679
BJHL,2026-07-01,795.0,900.0,7876
BEDC,2026-07-01,325.0,337.4,21748
GILB,2026-07-01,1103.0,1094.0,562
YMHL,2026-07-01,635.0,689.0,53491
DOLTI,2026-07-01,335.0,345.9,69764
SLBSL,2026-07-01,1160.0,1302.0,4366
TPKHL,2026-07-01,596.0,618.2,75170
UNHPL,2026-07-01,392.0,393.0,30215
NIBLGF,2026-07-01,9.3,9.25,1300
RHGCL,2026-07-01,270.7,273.0,37498
AHPC,2026-07-01,261.0,266.9,55140
SPDL,2026-07-01,362.0,368.6,21140
ADBL,2026-07-01,300.0,305.0,11287
MCHL,2026-07-01,292.0,305.0,6437
ICFC,2026-07-01,612.0,613.2,5327
NIL,2026-07-01,614.3,624.9,2153
MLBL,2026-07-01,354.8,355.5,15638
SYPNL,2026-07-01,1267.3,1357.0,45120
NFS,2026-07-01,566.0,583.6,8380
MATRI,2026-07-01,827.1,853.0,423
RURU,2026-07-01,630.1,642.0,6461
TAMOR,2026-07-01,435.7,446.0,12768
SAGF,2026-07-01,10.05,10.2,1950
LSL,2026-07-01,215.5,219.0,1345112
SIKLES,2026-07-01,559.9,561.8,4722
SIPD,2026-07-01,610.0,648.4,14520
CSY,2026-07-01,9.07,9.25,8245
GRDBL,2026-07-01,1015.0,1038.8,4025
HLBSL,2026-07-01,879.9,875.5,172
CKHL,2026-07-01,615.0,610.0,3079
NYADI,2026-07-01,358.0,381.3,4983
KSY,2026-07-01,9.7,9.99,3210
KBSH,2026-07-01,1300.0,1410.0,1044
HIDCL,2026-07-01,250.0,254.0,31442
RMF1,2026-07-01,9.77,10.0,2070
SHL,2026-07-01,489.9,492.0,13270
CITY,2026-07-01,420.0,403.0,159716
ALBSL,2026-07-01,1030.0,1077.0,3511
ILBSP,2026-07-01,485.0,485.0,9629
TTL,2026-07-01,721.0,750.0,9017
SBI,2026-07-01,387.0,387.0,18166
MBL,2026-07-01,243.9,243.0,54300
NBF2,2026-07-01,10.1,10.06,3000
RHPL,2026-07-01,260.0,264.0,9961
CHDC,2026-07-01,2125.0,2132.0,32955
NBLD87,2026-07-01,1084.5,1084.5,25
GBIME,2026-07-01,238.0,242.0,335428
NABBC,2026-07-01,789.0,772.0,3342
PRIN,2026-07-01,690.0,691.0,5819
SMHL,2026-07-01,458.1,475.0,11823
NSY,2026-07-01,9.1,9.55,4000
HPPL,2026-07-01,358.0,362.0,14075
BHCL,2026-07-01,529.2,546.0,25120
RBCL,2026-07-01,14300.0,14490.0,110
PRVU,2026-07-01,187.1,191.5,76106
ICFCD89,2026-07-01,1094.1,1100.0,200
NMFBS,2026-07-01,1111.0,1120.1,785
SHINED,2026-07-01,1097.0,1100.3,195
NTC,2026-07-01,848.0,847.9,4586
SFEF,2026-07-01,9.9,10.19,10595
SBID2090,2026-07-01,1064.0,1128.7,13940
MDB,2026-07-01,597.4,582.0,6962
SHIVM,2026-07-01,624.0,632.0,96022
HURJA,2026-07-01,231.0,237.0,47776
RNLI,2026-07-01,440.1,451.5,5521
KPCL,2026-07-01,470.0,475.0,4462
SALICO,2026-07-01,613.5,604.0,2679
SMPDA,2026-07-01,772.0,793.0,1219
DORDI,2026-07-01,245.0,254.8,27435
MAKAR,2026-07-01,461.0,476.9,2856
SJCL,2026-07-01,268.0,272.0,7392
LBBL,2026-07-01,471.0,485.0,19750
GFCL,2026-07-01,682.5,631.0,32913
RBBF40,2026-07-01,9.03,9.13,800
HATHY,2026-07-01,671.0,713.9,7042
KMCDB,2026-07-01,816.9,810.0,1970
ILI,2026-07-01,410.0,423.0,6912
MBJC,2026-07-01,272.0,277.0,9594
MNBBL,2026-07-01,362.0,367.9,13722
ADBLD83,2026-07-01,1057.0,1056.4,25
NICAD2091,2026-07-01,1061.0,1067.0,100
MLBSL,2026-07-01,1713.0,1745.0,294
GBILD86/87,2026-07-01,1108.0,1108.0,30
KHPL,2026-07-01,830.0,862.0,16525
UAIL,2026-07-01,451.0,465.0,12842
HDHPC,2026-07-01,202.0,208.5,103329
NGPL,2026-07-01,404.0,414.9,106621
SAIL,2026-07-01,834.1,919.9,23431
BBC,2026-07-01,4234.9,4279.0,375
SLBBLP,2026-07-01,456.0,456.0,1038
GUFL,2026-07-01,550.1,558.0,6024
RMF2,2026-07-01,10.0,10.25,1000
SIGS3,2026-07-01,10.65,10.55,20090
FMDBL,2026-07-01,779.0,764.5,13796
NICLBSL,2026-07-01,550.0,557.9,4761
RSML,2026-07-01,3195.0,3400.0,54822
SRLIP,2026-07-01,208.0,208.0,88402
CIT,2026-07-01,1685.0,1705.0,3895
TRH,2026-07-01,770.0,770.0,1595
BFC,2026-07-01,499.7,505.0,39789
KDL,2026-07-01,749.1,765.0,1262
KKHC,2026-07-01,255.0,264.0,128603
NICA,2026-07-01,323.2,333.9,43504
UNL,2026-07-01,46550.0,46505.0,40
UMRH,2026-07-01,520.0,522.9,6361
MKJC,2026-07-01,445.3,460.0,610
SANVI,2026-07-01,613.0,630.0,10963
BGWT,2026-07-01,599.2,597.0,632
NMB,2026-07-01,230.0,238.2,24489
TVCL,2026-07-01,480.0,485.0,13262
MLBBL,2026-07-01,1140.0,1140.0,1016
SNORL,2026-07-01,467.8,522.3,130
APHL,2026-07-01,807.5,888.0,29517
MFLD85,2026-07-01,1120.0,1115.0,300
ANLB,2026-07-01,5707.0,6061.5,387
GLH,2026-07-01,251.0,257.0,19388
NMBMF,2026-07-01,614.9,628.7,930
NADEP,2026-07-01,731.9,720.0,607
SWASTIK,2026-07-01,2100.0,2102.0,895
PBLD87,2026-07-01,1091.0,1090.0,90
SLCF,2026-07-01,10.0,10.05,44000
SPIL,2026-07-01,699.0,700.0,2284
NICFC,2026-07-01,8.99,9.35,3100
NIMBD90,2026-07-01,1275.0,1270.0,111230
SSHL,2026-07-01,196.0,204.4,161143
JHAPA,2026-07-01,1280.0,1280.0,14193
NRIC,2026-07-01,920.0,944.0,20583
NMBHF2,2026-07-01,9.53,9.78,16100
NIBLSTF,2026-07-01,9.05,9.08,2900
NIMB,2026-07-01,199.5,193.0,62331
BPCL,2026-07-01,637.0,642.6,35359
HLICF,2026-07-01,8.69,8.76,5500
PPL,2026-07-01,303.1,335.0,15666
CFCL,2026-07-01,592.0,609.9,67593
MKHL,2026-07-01,470.0,485.0,2318
SBL,2026-07-01,390.0,389.9,69857
SIFC,2026-07-01,538.9,540.0,2118
OHL,2026-07-01,685.0,682.0,2830
DDBL,2026-07-01,820.0,830.0,41539
CMF2,2026-07-01,10.15,9.69,5951
NRN,2026-07-01,1440.0,1427.0,116706
WNLB,2026-07-01,1369.0,1370.0,320
HEI,2026-07-01,551.0,541.2,1744
BHPL,2026-07-01,490.0,500.0,6189
SBLD2091,2026-07-01,1084.9,1084.0,10150
PURE,2026-07-01,802.0,843.9,5242
KBLD90,2026-07-01,1215.0,1215.0,25
NABIL,2026-07-01,520.0,525.0,44906
MLBLD89,2026-07-01,1258.0,1258.0,25
GBBD85,2026-07-01,1070.4,1109.0,101
SJLIC,2026-07-01,415.0,425.0,5788
SOHL,2026-07-01,610.0,624.0,72848
DHEL,2026-07-01,565.0,585.0,9790
SINDU,2026-07-01,662.2,706.1,5551
PCIL,2026-07-01,627.0,664.9,37225
EDBL,2026-07-01,565.0,565.0,2545
MEN,2026-07-01,578.0,578.0,32653
ENL,2026-07-01,810.0,819.2,154
SKHL,2026-07-01,901.2,935.0,19269
ALICL,2026-07-01,435.0,438.9,6732
MABEL,2026-07-01,630.0,657.0,9609
NMBD2085,2026-07-01,1135.0,1169.0,5
MERO,2026-07-01,708.2,709.0,2905
CHCL,2026-07-01,477.0,481.0,14543
TSHL,2026-07-01,448.0,445.0,7925
DHPL,2026-07-01,287.2,286.0,2955
H8020,2026-07-01,11.35,11.35,1200
SAGAR,2026-07-01,1490.0,1589.9,4757
NBF3,2026-07-01,9.89,10.0,5300
ILBS,2026-07-01,884.0,897.0,3317
GSY,2026-07-01,9.7,10.0,14560
SARBTM,2026-07-01,816.8,814.0,3806
NHPC,2026-07-01,255.0,265.9,224002
SWBBL,2026-07-01,697.5,702.0,19669
SKBBL,2026-07-01,751.0,752.0,5173
SMB,2026-07-01,1983.9,2054.0,8874
AKJCL,2026-07-01,361.0,366.0,472111
ULHC,2026-07-01,417.0,432.0,10977
RSY,2026-07-01,9.8,10.14,1100
GMFIL,2026-07-01,469.0,464.0,4875
NICGF2,2026-07-01,9.01,9.42,10500
MEHL,2026-07-01,337.6,334.9,5573
MBLD2085,2026-07-01,1150.0,1184.5,5
MHL,2026-07-01,455.0,470.0,2817
RBCLPO,2026-07-01,11424.3,11730.0,20
SADBL,2026-07-01,404.0,407.0,199292
IHL,2026-07-01,363.0,372.6,9407
MNMF1,2026-07-01,9.5,9.81,6250
CBBL,2026-07-01,906.0,910.0,13798
PSF,2026-07-01,11.75,11.9,67218
JBBL,2026-07-01,338.0,338.0,24688
SWMF,2026-07-01,614.0,621.8,877
LLBS,2026-07-01,920.0,934.0,1235
GCIL,2026-07-01,349.0,354.7,11186
GVL,2026-07-01,467.0,475.0,5464
GIBF1,2026-07-01,10.56,10.59,6450
NMB50,2026-07-01,10.35,10.35,500
NBLD82,2026-07-01,1060.0,1060.0,200
DLBS,2026-07-01,1349.5,1295.0,1371
PROFL,2026-07-01,437.0,439.0,2642
HLI,2026-07-01,316.0,329.0,27314
API,2026-07-01,333.0,334.8,170972
MHNL,2026-07-01,245.0,244.0,7320
MSLB,2026-07-01,1244.0,1226.0,444
UHEWA,2026-07-01,610.0,590.0,19750
TPC,2026-07-01,350.0,359.2,6577
NIBSF2,2026-07-01,9.0,9.02,1500
SAND2085,2026-07-01,1165.9,1189.0,20
MHCL,2026-07-01,339.0,338.9,5068
RBBD2088,2026-07-01,1056.1,1056.1,25
GLBSL,2026-07-01,1838.8,1838.8,1111
AVYAN,2026-07-01,1053.8,1048.9,1277
MLBS,2026-07-01,1169.0,1162.0,890
VLUCL,2026-07-01,436.1,451.9,4672
EBLD86,2026-07-01,1090.0,1090.0,25
EBLD91,2026-07-01,1090.0,1090.0,225
SNLI,2026-07-01,430.1,440.6,9044
UPCL,2026-07-01,341.5,354.9,43605
NLIC,2026-07-01,740.0,745.0,7316
MEL,2026-07-01,220.0,222.0,35696
RIDI,2026-07-01,325.0,336.0,193210
KBLD86,2026-07-01,1180.0,1215.0,7
LUK,2026-07-01,10.01,10.2,35250
UNLB,2026-07-01,1318.0,1326.5,905
CORBL,2026-07-01,1804.1,1800.0,36575
SBIBD86,2026-07-01,1175.0,1175.0,200
BHL,2026-07-01,209.0,210.9,67517
HDL,2026-07-01,1142.0,1147.0,13221
KEF,2026-07-01,10.52,10.56,17980
MMKJL,2026-07-01,466.0,476.0,2297
USHL,2026-07-01,585.7,538.1,3269
NMIC,2026-07-01,945.0,965.0,4494
SGIC,2026-07-01,457.0,469.9,17746
CZBIL,2026-07-01,199.0,196.1,32911
PFL,2026-07-01,369.8,360.0,7048
SLBBL,2026-07-01,799.0,809.0,8489
SGHC,2026-07-01,329.0,337.0,4461
PCBL,2026-07-01,231.5,233.9,64115
SCB,2026-07-01,650.0,641.0,21494
MNBBLP,2026-07-01,236.2,236.2,46996
NRM,2026-07-01,315.5,329.0,8953
SHLB,2026-07-01,1479.3,1507.0,581
LBLD86,2026-07-01,1227.0,1227.0,20
HFIN,2026-07-01,703.1,738.2,34966
HIMSTAR,2026-07-01,741.0,794.0,6088
SRLI,2026-06-30,380.0,379.0,13997
TAMOR,2026-06-30,441.0,438.6,36500
PPCL,2026-06-30,356.3,337.0,19438
MFIL,2026-06-30,736.8,772.0,31384
GVL,2026-06-30,471.0,465.8,6598
UNHPL,2026-06-30,380.0,386.0,11561
MLBS,2026-06-30,1131.0,1169.5,177
NIFRAGED,2026-06-30,1041.4,1041.1,80
BUNGAL,2026-06-30,705.0,639.0,45755
IGI,2026-06-30,446.5,431.9,7898
USHEC,2026-06-30,500.0,485.7,5151
NIFRA,2026-06-30,249.0,247.2,52807
LLBS,2026-06-30,920.0,920.0,10
SBID2090,2026-06-30,1101.0,1068.0,4
JHAPA,2026-06-30,1280.0,1287.0,2805
UAIL,2026-06-30,450.0,448.1,5778
SMATA,2026-06-30,750.0,743.0,1358
SMH,2026-06-30,545.1,521.7,20317
NGPL,2026-06-30,408.0,402.9,84495
NIBLSTF,2026-06-30,8.89,9.31,1200
MATRI,2026-06-30,850.0,850.0,702
SPHL,2026-06-30,585.0,577.0,8800
EBLD91,2026-06-30,1090.0,1090.0,50
SFEF,2026-06-30,9.9,9.9,700
SGIC,2026-06-30,460.0,457.0,11831
HDHPC,2026-06-30,206.0,202.5,74856
NBF2,2026-06-30,9.9,10.05,1920
NWCL,2026-06-30,727.4,719.0,1919
SMB,2026-06-30,1860.7,1984.0,9919
MKHL,2026-06-30,468.1,467.0,4632
TPC,2026-06-30,345.0,350.3,14174
SWBBL,2026-06-30,690.2,697.7,5825
MABEL,2026-06-30,643.5,630.0,9451
UMRH,2026-06-30,525.0,515.0,9653
AVYAN,2026-06-30,1043.0,1044.7,706
BHL,2026-06-30,209.9,206.2,74056
LBBL,2026-06-30,475.0,473.9,29360
MNMF1,2026-06-30,9.76,9.75,1100
MCHL,2026-06-30,288.1,288.2,5630
GBIME,2026-06-30,246.0,238.0,117471
KSY,2026-06-30,9.65,9.65,500
SAIL,2026-06-30,913.0,878.0,28256
GLH,2026-06-30,250.0,248.1,23802
SONA,2026-06-30,416.1,416.1,11325
AKJCL,2026-06-30,357.9,360.0,275111
USLB,2026-06-30,1230.0,1213.0,1537
SKHEL,2026-06-30,963.3,974.8,3796
NLG,2026-06-30,582.0,580.0,6598
NMBMF,2026-06-30,616.0,619.9,1101
LICN,2026-06-30,790.0,793.0,4015
MANDU,2026-06-30,810.0,805.0,2469
NIMB,2026-06-30,190.0,190.0,134717
SBLD89,2026-06-30,1287.0,1287.5,50
NIFRAUR85/86,2026-06-30,1065.0,1065.0,40
NABBC,2026-06-30,780.0,770.0,1550
H8020,2026-06-30,11.11,11.35,502900
JOSHI,2026-06-30,259.0,259.6,10309
SIGS3,2026-06-30,10.41,10.65,12049
SJLIC,2026-06-30,410.0,418.0,6255
GCIL,2026-06-30,355.0,349.0,20739
KPCL,2026-06-30,471.2,465.0,6943
BBC,2026-06-30,4141.0,4162.0,193
RSML,2026-06-30,3110.0,3189.0,22936
APHL,2026-06-30,812.3,849.9,27374
NICD88,2026-06-30,1085.0,1079.0,155
UPPER,2026-06-30,192.0,190.5,81395
SBID83,2026-06-30,1085.0,1085.0,205
GMFBS,2026-06-30,1247.0,1218.0,236
RBBD83,2026-06-30,1038.0,1038.0,40
MERO,2026-06-30,695.1,699.6,1409
GILB,2026-06-30,1110.0,1076.0,2053
BFC,2026-06-30,504.5,492.1,26201
SIKLES,2026-06-30,560.0,547.0,19300
JSLBB,2026-06-30,1000.2,1011.0,311
SLBBL,2026-06-30,810.0,799.0,4312
SADBL,2026-06-30,402.0,398.0,115722
KEF,2026-06-30,10.51,10.52,3500
ULBSL,2026-06-30,2785.0,2799.0,183
BNL,2026-06-30,14301.8,14301.8,10
SHINED,2026-06-30,1097.0,1097.0,25
SJCL,2026-06-30,268.0,267.0,12324
MBLEF,2026-06-30,9.93,9.96,3100
CIZBD86,2026-06-30,1214.6,1180.0,110
JBBD87,2026-06-30,1122.0,1122.0,100
BOKD86,2026-06-30,1080.0,1085.0,60
RADHI,2026-06-30,712.3,700.0,35098
PRSF,2026-06-30,12.5,12.47,3800
UPCL,2026-06-30,327.0,341.5,41053
JFL,2026-06-30,397.0,397.0,4720
GWFD83,2026-06-30,1116.0,1117.0,150
VLBS,2026-06-30,680.0,678.0,2585
GIBF1,2026-06-30,10.55,10.7,2900
SHPC,2026-06-30,490.0,485.0,52274
UNLB,2026-06-30,1326.0,1280.0,380
SOPL,2026-06-30,850.0,833.1,95026
JBLB,2026-06-30,1244.1,1236.0,5868
SNORL,2026-06-30,411.9,454.2,90
NRN,2026-06-30,1485.7,1412.5,68301
PCBL,2026-06-30,231.0,232.4,34867
GMFIL,2026-06-30,450.0,459.0,6735
BPCL,2026-06-30,649.0,636.0,16893
MKHC,2026-06-30,295.6,297.0,16151
PSF,2026-06-30,11.66,11.7,9900
KBL,2026-06-30,208.0,204.2,161059
SHIVM,2026-06-30,633.0,624.0,68220
ADBLD83,2026-06-30,1079.9,1079.9,25
DHPL,2026-06-30,277.3,279.0,2677
KDL,2026-06-30,763.5,750.1,2672
CMF2,2026-06-30,9.87,9.87,5100
SBL,2026-06-30,388.4,387.1,344827
SKHL,2026-06-30,925.0,915.0,7392
NMB50,2026-06-30,10.18,10.18,100
CYCL,2026-06-30,1385.0,1357.0,862
RBBF40,2026-06-30,9.2,9.3,2100
NBLD87,2026-06-30,1120.0,1086.4,5
WNLB,2026-06-30,1350.0,1330.0,100
SAGF,2026-06-30,10.05,10.07,1270
PRIN,2026-06-30,699.0,679.7,7156
ADBL,2026-06-30,302.0,302.0,14556
LUK,2026-06-30,10.0,10.01,11900
CGH,2026-06-30,765.0,764.0,7118
NLIC,2026-06-30,744.0,737.0,26169
SAHAS,2026-06-30,641.9,630.2,99717
NMLBBL,2026-06-30,558.0,546.6,7457
CFCL,2026-06-30,607.5,592.0,73934
MEHL,2026-06-30,330.0,327.9,2521
RNLI,2026-06-30,444.6,444.1,9182
NIMBPO,2026-06-30,144.0,145.0,17026
SANVI,2026-06-30,607.0,613.5,19886
SMHL,2026-06-30,470.0,469.0,16069
JBBL,2026-06-30,336.0,334.8,16149
EBL,2026-06-30,700.0,694.0,28812
NIBLGF,2026-06-30,9.5,9.31,1900
MLBL,2026-06-30,355.9,352.0,24329
NESDO,2026-06-30,1530.0,1528.0,644
DOLTI,2026-06-30,344.0,330.5,24835
BARUN,2026-06-30,319.5,314.0,20598
MEN,2026-06-30,574.5,570.0,68774
CBLD88,2026-06-30,1200.0,1200.0,25
ICFCD89,2026-06-30,1095.0,1098.3,565
NMIC,2026-06-30,952.0,945.0,1528
NSIF2,2026-06-30,10.57,10.65,62900
KMCDB,2026-06-30,823.0,816.9,6047
GLBSL,2026-06-30,1798.0,1838.8,1770
SWMF,2026-06-30,619.0,614.9,5575
GBBD85,2026-06-30,1070.1,1080.0,45
GMLI,2026-06-30,1146.7,1146.8,1238
HDL,2026-06-30,1154.0,1141.0,18147
SBLD84,2026-06-30,1065.0,1065.0,50
ANLB,2026-06-30,5714.0,5882.0,372
CIT,2026-06-30,1700.0,1685.9,9520
MDB,2026-06-30,582.0,580.0,14151
HEIP,2026-06-30,320.7,321.0,540
MMKJL,2026-06-30,470.1,467.0,2150
MKCL,2026-06-30,1090.0,1090.0,1191
KBLD89,2026-06-30,1287.0,1251.0,275
AHPC,2026-06-30,260.1,261.0,74273
MSLB,2026-06-30,1220.0,1245.0,578
NIBSF2,2026-06-30,9.0,9.2,7900
AKPL,2026-06-30,255.0,252.5,71324
SHINE,2026-06-30,401.0,396.4,17234
GUFL,2026-06-30,541.0,535.0,7443
BANDIPUR,2026-06-30,710.6,722.0,19129
HLICF,2026-06-30,8.7,8.69,2000
ENL,2026-06-30,830.0,820.0,230
HRL,2026-06-30,610.0,571.0,60645
SBLD2091,2026-06-30,1055.0,1080.0,125
BNHC,2026-06-30,306.1,312.0,2983
HURJA,2026-06-30,226.1,229.0,33676
ACLBSL,2026-06-30,938.0,930.0,1013
NUBL,2026-06-30,635.0,617.0,3837
OMPL,2026-06-30,1007.0,975.0,6112
HPPL,2026-06-30,355.0,358.0,31914
HFIN,2026-06-30,729.0,721.0,20249
FMDBL,2026-06-30,767.0,762.8,5475
GBLBS,2026-06-30,740.1,748.8,4435
KBLD90,2026-06-30,1203.2,1206.2,128
CCBD88,2026-06-30,1265.0,1271.0,245
HIDCLP,2026-06-30,186.0,185.1,122586
PURE,2026-06-30,845.0,802.0,5000
GBILD84/85,2026-06-30,1145.0,1128.0,1200
EDBL,2026-06-30,558.0,553.4,5033
CITY,2026-06-30,420.0,404.0,87210
NICBF,2026-06-30,9.08,9.08,200
MLBBL,2026-06-30,1141.0,1135.0,2158
NADEP,2026-06-30,710.1,711.0,967
SHEL,2026-06-30,298.0,294.8,43653
SPL,2026-06-30,655.0,670.0,935
TPKHL,2026-06-30,728.2,596.3,179731
DLBS,2026-06-30,1349.0,1349.0,3324
NIL,2026-06-30,610.1,609.0,3689
SGHC,2026-06-30,329.0,328.0,8638
LVF2,2026-06-30,10.0,10.19,14940
BHDC,2026-06-30,439.0,433.3,10529
RMF2,2026-06-30,10.0,10.0,300
SPIL,2026-06-30,681.0,685.0,2790
NFS,2026-06-30,579.9,566.0,4664
NBF3,2026-06-30,9.81,10.15,108340
NICFC,2026-06-30,9.02,9.1,2950
NMBHF2,2026-06-30,9.52,9.74,7100
NHPC,2026-06-30,264.8,255.0,205607
NICL,2026-06-30,521.0,513.7,7677
ILBS,2026-06-30,871.0,884.0,2911
MPFL,2026-06-30,600.0,605.0,29052
CREST,2026-06-30,1256.7,1192.0,6097
CHDC,2026-06-30,2164.9,2115.0,22019
CKHL,2026-06-30,586.1,599.0,291
EHPL,2026-06-30,385.0,373.0,15024
RIDI,2026-06-30,313.5,326.9,97236
NABIL,2026-06-30,526.0,521.9,24993
NYADI,2026-06-30,370.2,376.0,3248
SIFC,2026-06-30,537.0,526.1,66995
PRVU,2026-06-30,189.0,187.2,55501
CHL,2026-06-30,260.9,261.9,10171
HBL,2026-06-30,192.0,191.1,25063
SPC,2026-06-30,420.0,411.0,4699
SWASTIK,2026-06-30,2173.0,2071.0,1402
ALICL,2026-06-30,430.0,434.8,18840
KKHC,2026-06-30,245.4,250.0,98170
SARBTM,2026-06-30,810.0,804.0,6172
YMHL,2026-06-30,728.2,636.5,129250
MEL,2026-06-30,216.2,219.0,13520
SNLI,2026-06-30,430.1,431.5,9408
ALBSL,2026-06-30,1040.0,1075.0,4809
GRDBL,2026-06-30,972.0,1027.9,3045
BHPL,2026-06-30,503.0,490.0,9049
TTL,2026-06-30,704.9,725.0,8021
RFPL,2026-06-30,346.1,336.6,20642
SAGAR,2026-06-30,1480.0,1526.0,3551
NMFBS,2026-06-30,1101.2,1114.0,2620
ICFC,2026-06-30,609.0,605.0,11261
USHL,2026-06-30,586.8,557.9,1038
MHL,2026-06-30,461.0,460.0,7842
RSY,2026-06-30,9.71,10.0,2300
HIDCL,2026-06-30,252.8,250.0,36176
ULHC,2026-06-30,420.0,421.1,16470
NLICL,2026-06-30,567.0,574.0,7644
RAWA,2026-06-30,430.0,446.6,26799
MKJC,2026-06-30,462.0,456.1,4842
OHL,2026-06-30,660.5,672.0,1518
RURU,2026-06-30,639.0,637.0,3418
NICLBSL,2026-06-30,550.1,546.1,6071
C30MF,2026-06-30,9.94,9.96,400
HBLD86,2026-06-30,1200.0,1200.0,245
SINDU,2026-06-30,692.4,697.0,5247
NICA,2026-06-30,330.0,327.1,30707
LSL,2026-06-30,222.1,213.6,84181
RLFL,2026-06-30,462.0,460.9,55032
GBBL,2026-06-30,402.0,399.0,16329
GSY,2026-06-30,9.8,9.8,21500
NABILD2089,2026-06-30,1090.0,1060.0,27
MLBSL,2026-06-30,1700.0,1713.0,374
CORBL,2026-06-30,1660.0,1899.0,7961
KBLD86,2026-06-30,1180.0,1180.0,50
SPDL,2026-06-30,356.6,357.0,32023
NMB,2026-06-30,240.0,235.5,28083
RBCL,2026-06-30,14200.0,14200.0,35
RBCLPO,2026-06-30,11225.0,11777.6,140
PMHPL,2026-06-30,311.2,314.0,2479
API,2026-06-30,333.0,331.7,190230
ICFCD88,2026-06-30,1143.0,1143.0,10
PCIL,2026-06-30,660.0,639.0,39939
TVCL,2026-06-30,486.0,479.0,5195
HATHY,2026-06-30,720.0,687.0,9658
SLBSL,2026-06-30,1160.0,1193.9,8624
CBBL,2026-06-30,910.0,906.5,20142
RHGCL,2026-06-30,257.1,263.9,14224
SALICO,2026-06-30,591.0,597.0,2528
HLI,2026-06-30,322.5,319.8,40405
DHEL,2026-06-30,610.0,567.0,11477
SLCF,2026-06-30,10.6,10.15,27750
SBD87,2026-06-30,1088.1,1088.0,125
BJHL,2026-06-30,777.1,790.2,5826
SCB,2026-06-30,641.0,641.0,14142
MSHL,2026-06-30,591.5,585.0,2129
MMF1,2026-06-30,9.35,9.7,10350
RHPL,2026-06-30,260.0,260.0,17229
PFL,2026-06-30,365.0,363.7,4839
AHL,2026-06-30,470.0,448.8,4653
PROFL,2026-06-30,449.9,425.2,6503
SSHL,2026-06-30,197.0,193.9,77934
SABBL,2026-06-30,956.3,979.0,4816
NHDL,2026-06-30,625.1,636.0,8364
GBIMESY2,2026-06-30,9.1,9.21,300
SANIMA,2026-06-30,352.0,349.0,70248
MBJC,2026-06-30,288.8,272.4,14315
NICGF2,2026-06-30,9.1,9.12,7900
NABILD87,2026-06-30,1125.1,1125.1,25
SICL,2026-06-30,612.3,612.3,4351
NICSF,2026-06-30,9.3,9.3,32650
SIPD,2026-06-30,648.0,620.0,12614
IHL,2026-06-30,365.0,353.0,11861
TSHL,2026-06-30,470.0,445.2,3447
SHLB,2026-06-30,1401.0,1525.0,520
PBLD84,2026-06-30,1093.1,1093.0,14365
PHCL,2026-06-30,296.0,292.1,49849
NRIC,2026-06-30,935.0,919.0,25082
HHL,2026-06-30,336.0,332.0,24009
FOWAD,2026-06-30,970.0,960.0,3275
CSY,2026-06-30,9.12,9.35,5153
DDBL,2026-06-30,821.0,817.0,9727
BHCL,2026-06-30,545.0,536.0,21900
NBL,2026-06-30,265.0,262.2,38827
GFCL,2026-06-30,622.1,650.0,20482
UNL,2026-06-30,46990.0,46900.0,24
LBLD88,2026-06-30,1085.0,1085.0,25
SKBBL,2026-06-30,751.0,748.0,14427
LEC,2026-06-30,211.0,207.5,72140
PBD88,2026-06-30,1215.0,1220.0,75
MAKAR,2026-06-30,466.0,465.0,2007
SFMF,2026-06-30,10.8,10.8,100
SBI,2026-06-30,390.1,385.1,22923
UMHL,2026-06-30,614.0,575.0,25628
GHL,2026-06-30,222.0,215.5,57759
CHCL,2026-06-30,477.0,472.5,11763
EBLD86,2026-06-30,1101.0,1101.0,25
BEDC,2026-06-30,314.9,325.0,41942
NTC,2026-06-30,843.0,843.0,6339
ILI,2026-06-30,415.0,419.0,4671
SBCF,2026-06-30,10.0,10.0,20350
KHPL,2026-06-30,836.0,843.1,12498
STC,2026-06-30,5165.0,5199.0,483
MHNL,2026-06-30,240.2,239.4,19091
SFCL,2026-06-30,365.0,369.0,6196
SJLICP,2026-06-30,240.1,240.1,300000
RMF1,2026-06-30,9.71,9.8,1487
MLBLD89,2026-06-30,1296.4,1296.4,10
RLEL,2026-06-30,842.1,851.0,11107
CZBIL,2026-06-30,194.0,194.0,30137
CLI,2026-06-30,442.0,443.0,11086
SOHL,2026-06-30,618.0,612.1,47290
KBSH,2026-06-30,1295.0,1285.0,568
KDBY,2026-06-30,10.78,10.79,734450
SAPDBL,2026-06-30,780.0,786.3,30782
LBBLD89,2026-06-30,1302.9,1302.9,25
PPL,2026-06-30,311.6,319.0,15094
DORDI,2026-06-30,248.0,242.0,27955
VLUCL,2026-06-30,446.0,439.0,2488
BGWT,2026-06-30,604.0,587.1,1429
RSDC,2026-06-30,632.4,638.0,4298
SMJC,2026-06-30,455.0,441.1,9934
TRH,2026-06-30,760.0,765.0,1605
PBD85,2026-06-30,1069.1,1069.1,25
NIBD84,2026-06-30,1051.3,1065.0,155
HIMSTAR,2026-06-30,740.0,751.0,6351
UHEWA,2026-06-30,582.0,581.9,31231
NSY,2026-06-30,9.0,9.28,5940
PMLI,2026-06-30,450.2,444.0,9681
CIZBD90,2026-06-30,1240.0,1202.8,150
NICAD2091,2026-06-30,1060.0,1061.0,225
SIGS2,2026-06-30,10.45,10.5,500
HLBSL,2026-06-30,849.1,873.9,1743
MNBBL,2026-06-30,365.0,362.5,24239
MBL,2026-06-30,241.0,240.0,44137
SMPDA,2026-06-30,786.1,794.0,1803
EBLD85,2026-06-30,1194.0,1160.0,190
MHCL,2026-06-30,330.0,330.0,4110
HEI,2026-06-30,525.0,535.0,8078
NRM,2026-06-30,328.0,321.1,8787
SYPNL,2026-06-30,1350.0,1334.0,25410
SEF,2026-06-30,10.16,10.2,3500
SCBD,2026-06-30,1154.0,1208.1,38183
SMFBS,2026-06-30,1470.0,1611.0,15796
KSBBL,2026-06-30,470.1,469.0,13598
SHL,2026-06-30,490.0,487.0,21792
SLCF,2026-06-29,9.83,10.3,12800
ENL,2026-06-29,824.0,843.9,60
GMFBS,2026-06-29,1260.0,1211.0,760
SJLIC,2026-06-29,420.0,421.0,10086
UNL,2026-06-29,46601.0,46000.0,80
GMFIL,2026-06-29,467.0,465.0,4481
PFL,2026-06-29,367.0,365.0,3665
NYADI,2026-06-29,375.1,379.9,5066
ACLBSL,2026-06-29,939.0,938.0,4085
IGI,2026-06-29,431.0,435.0,5246
RMF2,2026-06-29,10.1,10.1,6800
BNHC,2026-06-29,315.1,313.0,3074
BJHL,2026-06-29,800.0,818.0,5123
SLBBLP,2026-06-29,456.0,456.0,1038
SOPL,2026-06-29,920.0,885.3,98158
SWBBL,2026-06-29,667.0,698.0,2857
GUFL,2026-06-29,546.0,540.0,8521
BHL,2026-06-29,220.7,207.5,72705
SBCF,2026-06-29,9.8,10.0,5300
SARBTM,2026-06-29,811.0,809.0,2280
MANDU,2026-06-29,810.0,812.0,1656
UNHPL,2026-06-29,397.4,395.4,13948
SGIC,2026-06-29,468.2,462.3,9118
MKHL,2026-06-29,476.1,479.0,2870
FOWAD,2026-06-29,1000.0,980.1,4065
SICL,2026-06-29,615.0,615.1,5274
LBBL,2026-06-29,479.0,477.0,33789
NWCL,2026-06-29,740.2,730.1,1943
NIFRAUR85/86,2026-06-29,1065.0,1065.0,200
MLBLD89,2026-06-29,1258.0,1260.0,50
PPL,2026-06-29,317.3,327.9,9063
NMLBBL,2026-06-29,559.0,550.4,6402
TPKHL,2026-06-29,633.3,693.6,3620
MNBBL,2026-06-29,370.0,365.0,20958
AVYAN,2026-06-29,1041.0,1043.0,1444
AKPL,2026-06-29,257.0,254.1,39337
SOHL,2026-06-29,658.0,625.0,56202
GLBSL,2026-06-29,1751.0,1798.0,642
UAIL,2026-06-29,456.0,450.0,14243
SIPD,2026-06-29,707.0,648.0,16505
DDBL,2026-06-29,833.0,820.0,6313
PRVU,2026-06-29,191.8,189.0,89751
MAKAR,2026-06-29,478.0,471.0,3242
SMB,2026-06-29,1940.0,1955.2,8387
JFL,2026-06-29,401.0,400.2,7025
MKJC,2026-06-29,462.0,462.0,2226
SBID89,2026-06-29,1131.6,1220.0,360
EDBL,2026-06-29,555.0,559.7,3256
SPHL,2026-06-29,579.0,563.0,4978
LICN,2026-06-29,793.0,798.6,5107
HDL,2026-06-29,1150.9,1143.5,16527
NIFRAGED,2026-06-29,1041.5,1041.4,125
SALICO,2026-06-29,595.0,605.0,5565
GBBD85,2026-06-29,1075.2,1075.3,50
MEL,2026-06-29,226.0,220.0,10876
PBD88,2026-06-29,1215.0,1215.0,25
RLFL,2026-06-29,488.0,469.0,45312
HDHPC,2026-06-29,197.5,204.0,103095
EBLD91,2026-06-29,1090.0,1090.0,375
NLG,2026-06-29,590.0,587.0,7543
USLB,2026-06-29,1275.0,1255.8,2325
RBBF40,2026-06-29,9.18,9.25,700
SBD89,2026-06-29,1236.0,1236.0,25
ILI,2026-06-29,418.0,417.3,11216
ALBSL,2026-06-29,1056.0,1063.0,865
TPC,2026-06-29,356.0,354.0,8611
ILBS,2026-06-29,875.0,892.0,1016
GSY,2026-06-29,9.72,10.0,13200
MCHL,2026-06-29,302.0,293.0,6863
SAGAR,2026-06-29,1550.0,1533.4,2527
SMATA,2026-06-29,749.0,750.0,2647
GBILD86/87,2026-06-29,1141.8,1108.0,38742
LVF2,2026-06-29,10.0,10.0,17220
ICFCD89,2026-06-29,1094.2,1096.5,110
CYCL,2026-06-29,1395.2,1385.0,1355
SGHC,2026-06-29,343.9,335.1,2790
NMB,2026-06-29,238.0,237.9,33682
SLBSL,2026-06-29,1172.1,1200.0,2168
NSY,2026-06-29,9.2,9.3,5000
SMHL,2026-06-29,466.4,470.0,15336
BUNGAL,2026-06-29,662.0,671.5,43084
SAGF,2026-06-29,10.0,10.0,12000
MSLB,2026-06-29,1228.0,1222.3,301
TAMOR,2026-06-29,443.0,441.4,12687
SNORL,2026-06-29,353.8,395.0,60
AKJCL,2026-06-29,346.0,357.9,222203
KBLD90,2026-06-29,1216.0,1206.1,75
SFCL,2026-06-29,366.1,366.0,5203
H8020,2026-06-29,11.5,11.35,1036981
KHPL,2026-06-29,890.1,880.0,13740
HPPL,2026-06-29,355.1,357.0,19196
IHL,2026-06-29,375.0,365.0,7366
SBI,2026-06-29,388.0,390.0,5742
MBLD87,2026-06-29,1147.0,1147.0,20
MLBSL,2026-06-29,1702.0,1710.0,748
FMDBL,2026-06-29,760.0,761.0,4951
NBF2,2026-06-29,9.87,10.16,2100
NBLD85,2026-06-29,1065.0,1065.0,30
BHDC,2026-06-29,422.0,440.0,8492
SFMF,2026-06-29,10.5,10.5,1000
NIBSF2,2026-06-29,9.01,9.06,10600
HLI,2026-06-29,330.0,324.8,46741
BEDC,2026-06-29,330.0,331.4,38469
SBLD89,2026-06-29,1250.0,1250.0,138
NBF3,2026-06-29,9.78,10.0,39750
OHL,2026-06-29,675.0,668.4,1664
TSHL,2026-06-29,467.6,467.9,1559
UMHL,2026-06-29,582.0,584.8,30925
NICL,2026-06-29,510.0,516.0,14087
SSHL,2026-06-29,199.9,196.4,59038
SCB,2026-06-29,654.0,641.0,6638
MFIL,2026-06-29,760.0,775.5,26549
SWMF,2026-06-29,625.6,629.0,2206
MSHL,2026-06-29,606.0,607.9,1285
MEHL,2026-06-29,333.8,335.0,4013
NABBC,2026-06-29,799.9,780.1,9295
SHPC,2026-06-29,495.0,491.2,28983
MNMF1,2026-06-29,9.75,9.81,3000
GMLI,2026-06-29,1148.0,1170.0,1996
NUBL,2026-06-29,635.9,626.0,1810
GBLBS,2026-06-29,767.6,750.0,2570
RBCLPO,2026-06-29,11200.0,11549.9,60
CBBL,2026-06-29,906.1,910.6,11251
NRN,2026-06-29,1410.0,1415.0,61605
NSIF2,2026-06-29,10.52,10.57,2620
EHPL,2026-06-29,381.8,378.0,16196
DHEL,2026-06-29,624.0,582.0,10477
SHINE,2026-06-29,402.6,400.0,24992
NIL,2026-06-29,615.1,617.0,4997
KBL,2026-06-29,210.0,207.0,173277
VLUCL,2026-06-29,450.6,450.1,2905
SAPDBL,2026-06-29,854.7,798.0,10329
CGH,2026-06-29,775.0,768.0,21444
RLEL,2026-06-29,870.0,867.0,5587
GILB,2026-06-29,1071.5,1095.0,2352
KSY,2026-06-29,9.8,9.8,3010
SANVI,2026-06-29,649.2,637.1,8800
MMF1,2026-06-29,9.87,9.6,27821
MPFL,2026-06-29,610.0,613.9,9967
MBL,2026-06-29,243.0,240.5,62622
ALICL,2026-06-29,440.0,436.9,17209
SHEL,2026-06-29,298.0,294.0,71606
NMFBS,2026-06-29,1098.1,1115.0,1809
BARUN,2026-06-29,322.5,319.0,35284
NGPL,2026-06-29,405.2,408.0,75939
NLIC,2026-06-29,746.5,741.0,16558
MKHC,2026-06-29,305.0,302.0,11865
NESDO,2026-06-29,1515.0,1530.0,813
CMF2,2026-06-29,9.84,10.1,5100
SNLI,2026-06-29,436.0,434.0,11496
NIBLSTF,2026-06-29,9.03,9.3,7807
PROFL,2026-06-29,440.1,438.3,3626
GFCL,2026-06-29,623.0,627.0,13219
NIMB,2026-06-29,184.0,190.0,63330
HATHY,2026-06-29,722.0,711.0,6238
MATRI,2026-06-29,845.1,854.1,1333
EBL,2026-06-29,700.0,698.0,22267
JOSHI,2026-06-29,269.0,260.0,9097
SBLD2091,2026-06-29,1080.0,1080.0,25
SMJC,2026-06-29,450.0,445.0,7693
DLBS,2026-06-29,1225.0,1420.0,1472
GBIMESY2,2026-06-29,9.0,9.27,1600
C30MF,2026-06-29,9.9,9.94,7700
GWFD83,2026-06-29,1100.0,1100.0,120
GLH,2026-06-29,249.1,251.0,22944
KKHC,2026-06-29,244.5,239.0,45288
SMH,2026-06-29,547.0,545.1,2130
SKBBL,2026-06-29,755.0,751.0,7296
PRIN,2026-06-29,677.1,680.2,7216
BGWT,2026-06-29,600.0,604.0,1038
CLI,2026-06-29,447.5,445.0,6274
SANIMA,2026-06-29,352.5,352.0,69295
HIDCLP,2026-06-29,187.6,186.9,66313
SWASTIK,2026-06-29,2180.0,2173.0,918
SKHEL,2026-06-29,1020.0,1014.0,1923
RADHI,2026-06-29,729.0,717.8,46448
JBLB,2026-06-29,1261.0,1251.0,4376
RSDC,2026-06-29,640.2,640.0,1964
RNLI,2026-06-29,450.5,447.4,9263
BANDIPUR,2026-06-29,767.0,748.0,22104
CITY,2026-06-29,399.6,408.0,176446
HEIP,2026-06-29,330.0,330.0,500
SINDU,2026-06-29,700.0,704.0,3079
PBLD84,2026-06-29,1072.2,1072.2,26
SAIL,2026-06-29,955.0,929.0,11983
MBLEF,2026-06-29,9.86,9.95,25500
HURJA,2026-06-29,236.0,231.3,39810
NICBF,2026-06-29,9.05,9.04,800
PMLI,2026-06-29,455.3,450.1,6326
RBBD2088,2026-06-29,1072.2,1059.3,81
LUK,2026-06-29,10.0,10.05,7125
SAHAS,2026-06-29,641.0,641.9,92824
DORDI,2026-06-29,255.0,246.0,16160
NRM,2026-06-29,317.0,329.0,16080
NICSF,2026-06-29,9.25,9.35,12200
MABEL,2026-06-29,665.1,658.0,10688
HFIN,2026-06-29,750.0,730.1,28578
HIMSTAR,2026-06-29,712.5,745.0,5977
NIFRA,2026-06-29,249.0,248.1,46385
UHEWA,2026-06-29,580.0,590.0,26243
NBL,2026-06-29,263.0,262.5,25405
RHPL,2026-06-29,262.1,259.5,17133
MKCL,2026-06-29,1083.1,1095.0,2233
GHL,2026-06-29,220.0,222.0,31379
MMKJL,2026-06-29,479.0,473.0,485
NFS,2026-06-29,596.0,576.0,4524
CZBIL,2026-06-29,198.0,196.0,23539
BBC,2026-06-29,4279.9,4246.9,211
MERO,2026-06-29,710.0,707.1,3115
MHCL,2026-06-29,350.0,330.0,2934
CIZBD90,2026-06-29,1200.0,1210.0,35
NMBMF,2026-06-29,620.0,616.1,917
NBLD87,2026-06-29,1119.0,1120.0,90
SIGS2,2026-06-29,10.5,10.5,5100
SIFC,2026-06-29,554.6,534.0,15032
RSML,2026-06-29,3120.0,3247.0,25644
GBBL,2026-06-29,405.0,402.0,25970
UNLB,2026-06-29,1320.0,1288.1,365
CHDC,2026-06-29,2145.0,2127.0,22383
GIBF1,2026-06-29,10.54,10.6,3200
NRIC,2026-06-29,940.0,942.0,29106
SKHL,2026-06-29,901.0,928.0,9780
SPIL,2026-06-29,693.5,685.1,7502
LLBS,2026-06-29,965.0,920.0,2489
RAWA,2026-06-29,450.0,449.9,31734
UPCL,2026-06-29,326.9,343.7,39684
TRH,2026-06-29,769.0,771.0,3051
USHEC,2026-06-29,486.3,487.0,4665
SEF,2026-06-29,10.49,10.47,225
APHL,2026-06-29,831.3,855.0,31428
SPC,2026-06-29,420.0,415.0,3389
UMRH,2026-06-29,525.1,525.1,4563
LSL,2026-06-29,205.5,222.0,55272
AHPC,2026-06-29,265.0,262.2,41458
KDBY,2026-06-29,10.89,10.8,71450
SABBL,2026-06-29,970.0,969.4,6949
SCBD,2026-06-29,1121.0,1121.0,25
RHGCL,2026-06-29,265.0,265.0,9392
KEF,2026-06-29,10.55,10.79,3050
SMFBS,2026-06-29,1498.0,1454.0,173
RBCL,2026-06-29,14407.0,14251.0,120
NIMBPO,2026-06-29,145.0,145.0,6871
ICFC,2026-06-29,623.0,615.0,7224
NMIC,2026-06-29,973.0,952.0,2935
NLICL,2026-06-29,569.0,570.0,13416
NHPC,2026-06-29,278.9,262.0,97288
RURU,2026-06-29,640.0,639.0,620
GCIL,2026-06-29,345.0,352.3,16173
MHL,2026-06-29,464.0,466.2,2627
LEC,2026-06-29,215.0,211.0,45182
PCBL,2026-06-29,233.0,233.3,32246
CORBL,2026-06-29,1714.0,1680.0,3472
UPPER,2026-06-29,192.0,191.4,63640
SIKLES,2026-06-29,560.0,555.1,4341
VLBS,2026-06-29,690.0,685.3,1803
DHPL,2026-06-29,285.0,281.5,2435
NADEP,2026-06-29,722.0,722.0,466
NICFC,2026-06-29,9.1,9.07,3750
TVCL,2026-06-29,499.0,495.9,26670
SLBBL,2026-06-29,810.0,810.0,2830
RSY,2026-06-29,10.15,10.01,18800
MLBL,2026-06-29,351.2,353.0,21753
CSY,2026-06-29,9.0,9.12,6700
SADBL,2026-06-29,400.0,399.9,11212
SMPDA,2026-06-29,814.0,806.0,1339
NICGF2,2026-06-29,9.15,9.2,14600
MEN,2026-06-29,580.0,574.2,25964
KBSH,2026-06-29,1317.0,1321.0,266
AHL,2026-06-29,480.9,448.0,6301
CKHL,2026-06-29,610.0,600.0,1724
JHAPA,2026-06-29,1295.0,1299.9,8925
NICA,2026-06-29,330.1,328.3,36913
NICLBSL,2026-06-29,552.0,555.0,3859
KSBBL,2026-06-29,481.0,472.0,26250
HBL,2026-06-29,193.0,192.7,22982
KMCDB,2026-06-29,797.2,823.0,2052
BHPL,2026-06-29,505.5,505.0,4713
STC,2026-06-29,5190.0,5165.0,418
PBLD87,2026-06-29,1090.0,1090.0,50
NHDL,2026-06-29,625.09,630.0,1927
BNT,2026-06-29,11600.0,11600.0,10
CREST,2026-06-29,1185.0,1196.9,5673
PCIL,2026-06-29,647.9,662.0,24776
GRDBL,2026-06-29,1021.1,1023.0,7234
BFC,2026-06-29,490.0,500.0,22822
SRLI,2026-06-29,381.0,380.0,15328
SHL,2026-06-29,492.0,488.2,10113
PURE,2026-06-29,840.0,848.5,1052
CBLD88,2026-06-29,1200.0,1215.0,80
ICFCD88,2026-06-29,1140.0,1140.0,50
EBLD85,2026-06-29,1155.0,1160.0,100
USHL,2026-06-29,579.7,558.9,1956
PRSF,2026-06-29,12.46,12.52,118631
MBJC,2026-06-29,273.0,275.1,14472
ULHC,2026-06-29,444.1,416.6,6385
HEI,2026-06-29,532.1,537.0,5403
HLBSL,2026-06-29,875.0,874.5,830
HRL,2026-06-29,586.0,581.0,56082
HIDCL,2026-06-29,254.0,252.8,49719
API,2026-06-29,336.9,332.5,207481
GVL,2026-06-29,477.0,470.0,15207
ADBL,2026-06-29,300.2,304.7,7222
CHCL,2026-06-29,477.0,476.0,30778
ANLB,2026-06-29,5722.6,5884.9,509
JSLBB,2026-06-29,1005.0,1029.9,180
RMF1,2026-06-29,10.05,9.75,68427
CFCL,2026-06-29,612.1,616.7,85647
ULBSL,2026-06-29,2810.0,2805.0,874
KPCL,2026-06-29,475.0,470.3,7818
SHINED,2026-06-29,1097.1,1097.1,25
SPL,2026-06-29,650.1,665.9,1539
JBBL,2026-06-29,335.3,336.0,27449
NBLD82,2026-06-29,1070.0,1070.0,25
PSF,2026-06-29,11.65,11.76,86600
TTL,2026-06-29,745.0,742.0,5430
MLBS,2026-06-29,1152.0,1163.9,260
SBL,2026-06-29,392.0,387.5,49220
NMB50,2026-06-29,10.02,10.08,9200
BHCL,2026-06-29,586.6,545.0,45338
SHIVM,2026-06-29,634.0,624.1,75442
BPCL,2026-06-29,654.9,642.0,33936
RIDI,2026-06-29,334.0,329.9,118762
CIT,2026-06-29,1690.0,1690.5,9804
SONA,2026-06-29,421.0,419.0,12403
HLICF,2026-06-29,8.7,8.9,950
CHL,2026-06-29,261.5,260.9,8654
KDL,2026-06-29,798.9,759.1,5386
NABIL,2026-06-29,525.0,524.0,29220
NMBHF2,2026-06-29,9.56,9.65,3950
PMHPL,2026-06-29,318.0,317.9,9468
MDB,2026-06-29,587.5,582.9,5192
SPDL,2026-06-29,370.0,363.0,10438
MLBBL,2026-06-29,1143.1,1160.0,636
RFPL,2026-06-29,350.0,351.0,15569
MHNL,2026-06-29,243.2,243.5,1922
SHLB,2026-06-29,1412.0,1420.0,70
YMHL,2026-06-29,603.2,693.6,1150
NTC,2026-06-29,848.0,843.0,8209
NIBLGF,2026-06-29,9.53,9.5,1300
PHCL,2026-06-29,300.0,298.0,43846
NBBD2085,2026-06-29,1135.0,1135.0,32
PPCL,2026-06-29,346.1,346.0,5940
GBIME,2026-06-29,237.0,239.3,371470
SYPNL,2026-06-29,1367.0,1343.0,37552
WNLB,2026-06-29,1365.0,1350.0,630
SFEF,2026-06-29,9.85,10.0,259035
SJCL,2026-06-29,273.1,270.0,13928
OMPL,2026-06-29,1035.0,1007.0,3307
HHL,2026-06-29,342.0,338.0,14576
DOLTI,2026-06-29,346.0,336.0,35735
SIGS3,2026-06-29,10.55,10.6,52370
APHL,2026-06-26,880.0,875.0,25803
NIMBPO,2026-06-26,146.9,146.9,20
MDB,2026-06-26,590.0,587.0,5400
SPDL,2026-06-26,374.5,362.5,35362
MATRI,2026-06-26,860.0,850.0,604
AVYAN,2026-06-26,1040.1,1060.0,1451
HHL,2026-06-26,324.9,342.0,29544
BBC,2026-06-26,4290.0,4260.0,254
ICFCD88,2026-06-26,1140.0,1140.0,25
TTL,2026-06-26,754.0,752.0,7567
RSML,2026-06-26,3160.0,3248.0,31125
NIMBD90,2026-06-26,1230.8,1280.0,31041
SMFBS,2026-06-26,1518.0,1544.0,100
CZBIL,2026-06-26,197.7,198.0,29095
SHEL,2026-06-26,300.4,299.1,52824
SMJC,2026-06-26,455.0,450.0,12906
USHEC,2026-06-26,493.0,491.3,2230
SANIMA,2026-06-26,359.0,352.3,30855
HATHY,2026-06-26,740.0,722.0,6784
LSL,2026-06-26,218.6,216.3,151428
CHL,2026-06-26,275.0,265.0,7045
LBBLD89,2026-06-26,1255.0,1265.0,255
SMB,2026-06-26,1940.2,1930.0,2529
NIBSF2,2026-06-26,9.01,9.0,42291
MHCL,2026-06-26,339.0,335.0,2364
NLG,2026-06-26,600.0,594.9,5560
RAWA,2026-06-26,457.0,454.5,41827
NLIC,2026-06-26,745.5,747.5,11174
NSY,2026-06-26,9.28,9.42,6250
UMRH,2026-06-26,540.0,528.1,5827
JBLB,2026-06-26,1257.0,1261.0,2726
PRVU,2026-06-26,189.0,190.0,52160
SAPDBL,2026-06-26,854.1,814.0,103495
HRL,2026-06-26,585.0,586.0,38211
MBLEF,2026-06-26,10.0,9.98,66900
GBILD84/85,2026-06-26,1129.7,1128.0,254207
SMHL,2026-06-26,486.4,472.9,30264
EHPL,2026-06-26,402.1,381.7,7095
IHL,2026-06-26,375.0,375.0,3804
UMHL,2026-06-26,590.0,588.6,39800
CREST,2026-06-26,1198.8,1198.9,12425
SBI,2026-06-26,390.8,393.9,61114
DHEL,2026-06-26,586.1,595.0,9290
HLICF,2026-06-26,9.0,8.92,942
SBID89,2026-06-26,1132.1,1132.1,100
SWBBL,2026-06-26,693.0,701.0,13604
BNHC,2026-06-26,320.0,315.1,3805
DORDI,2026-06-26,252.0,248.0,30374
RHPL,2026-06-26,260.5,262.0,10324
KKHC,2026-06-26,244.0,240.9,50669
AKPL,2026-06-26,269.8,256.8,43756
ANLB,2026-06-26,5725.1,5894.0,333
BUNGAL,2026-06-26,669.9,662.0,59751
GRDBL,2026-06-26,1054.0,1048.0,3317
SLBBL,2026-06-26,810.0,811.0,1929
LVF2,2026-06-26,9.6,9.8,400
JBBL,2026-06-26,343.0,338.0,28817
UNLB,2026-06-26,1330.0,1315.0,780
SLCF,2026-06-26,9.9,10.1,11600
MHNL,2026-06-26,247.0,250.0,3731
BHL,2026-06-26,221.5,210.2,27113
ALICL,2026-06-26,435.1,440.1,13287
NIBLGF,2026-06-26,9.45,9.82,1800
FOWAD,2026-06-26,1020.0,990.0,1406
SHINE,2026-06-26,406.0,404.0,13241
OMPL,2026-06-26,1080.0,1035.0,3699
NMIC,2026-06-26,918.9,973.0,1759
CFCL,2026-06-26,593.6,619.5,62869
EBL,2026-06-26,701.5,700.0,20087
UNHPL,2026-06-26,380.0,397.3,49117
GBBL,2026-06-26,404.9,405.8,18698
GLBSL,2026-06-26,1835.0,1800.0,1021
NIL,2026-06-26,620.0,620.0,2316
PMHPL,2026-06-26,324.0,322.0,2268
HURJA,2026-06-26,235.0,234.3,25750
MFIL,2026-06-26,740.0,790.0,87081
NICSF,2026-06-26,9.2,9.44,4040
DHPL,2026-06-26,280.3,285.0,1797
MABEL,2026-06-26,669.4,670.0,4876
KDBY,2026-06-26,10.87,10.95,4500
SADBL,2026-06-26,408.0,403.0,18749
CBBL,2026-06-26,911.0,910.7,12223
VLUCL,2026-06-26,456.0,458.5,452
KPCL,2026-06-26,480.0,475.0,4498
MKHC,2026-06-26,305.0,308.5,9291
MNBBL,2026-06-26,369.0,366.9,51617
USHL,2026-06-26,576.8,562.9,1426
SJCL,2026-06-26,270.1,273.1,3304
SEF,2026-06-26,10.16,10.35,2300
LICN,2026-06-26,791.1,804.9,6708
NICFC,2026-06-26,9.14,9.26,600
TPC,2026-06-26,376.9,356.0,21922
MBL,2026-06-26,247.7,243.0,32449
BANDIPUR,2026-06-26,762.0,770.0,10998
HIMSTAR,2026-06-26,753.1,750.0,3483
NICAD2091,2026-06-26,1055.7,1056.1,50
RBBF40,2026-06-26,9.11,9.18,2100
OHL,2026-06-26,681.0,683.0,506
SARBTM,2026-06-26,830.0,811.0,19562
MBJC,2026-06-26,275.8,277.0,20247
CGH,2026-06-26,770.0,764.0,6617
SAGF,2026-06-26,10.0,10.01,400
NYADI,2026-06-26,385.0,380.0,2050
CZBILP,2026-06-26,105.8,105.8,14825
NIMB,2026-06-26,191.0,191.8,55008
KHPL,2026-06-26,950.0,914.0,14555
DLBS,2026-06-26,1238.9,1235.0,740
ACLBSL,2026-06-26,945.0,939.0,1611
CHDC,2026-06-26,2209.0,2165.3,9754
RURU,2026-06-26,644.0,643.1,7158
BHDC,2026-06-26,426.0,444.0,6232
MKHL,2026-06-26,485.0,480.2,3680
SFCL,2026-06-26,371.0,366.1,8049
SPIL,2026-06-26,704.0,705.0,2552
RADHI,2026-06-26,726.0,729.0,22868
SINDU,2026-06-26,699.1,709.0,4945
GBLBS,2026-06-26,769.0,767.6,782
MSLB,2026-06-26,1219.0,1253.0,736
MLBBL,2026-06-26,1184.0,1167.9,313
NRIC,2026-06-26,955.0,947.8,18724
GMFIL,2026-06-26,482.9,471.4,10003
NHDL,2026-06-26,642.0,640.0,1402
SPHL,2026-06-26,570.0,569.7,7074
NICA,2026-06-26,333.0,331.9,25518
BNL,2026-06-26,14744.0,14744.0,10
JOSHI,2026-06-26,265.0,267.0,2649
NIFRA,2026-06-26,251.4,250.0,46482
WNLB,2026-06-26,1370.2,1360.0,11
SLBSL,2026-06-26,1222.6,1207.0,4088
TVCL,2026-06-26,510.7,493.9,6299
MSLBP,2026-06-26,735.0,735.0,7087
ILI,2026-06-26,423.0,421.0,12328
SPC,2026-06-26,448.0,428.0,9345
GUFL,2026-06-26,551.0,545.0,8169
GLH,2026-06-26,256.9,252.6,27963
NMBD87/88,2026-06-26,1118.7,1135.0,25405
CHCL,2026-06-26,483.0,477.0,12562
CITY,2026-06-26,391.0,407.9,287346
SIGS2,2026-06-26,10.26,10.25,9000
IGI,2026-06-26,447.5,439.9,2990
MNMF1,2026-06-26,9.76,9.85,52750
PFL,2026-06-26,364.0,366.0,5346
RIDI,2026-06-26,338.5,334.0,146337
BHCL,2026-06-26,552.0,558.7,82999
ADBL,2026-06-26,308.0,305.0,8138
SIKLES,2026-06-26,566.0,561.0,8085
RSDC,2026-06-26,655.0,640.2,5284
MLBSL,2026-06-26,1721.0,1731.0,1054
KSBBL,2026-06-26,475.4,475.0,12549
MMKJL,2026-06-26,471.0,479.0,1405
KBLD90,2026-06-26,1224.0,1224.0,4953
GSY,2026-06-26,9.8,10.0,2300
GCIL,2026-06-26,373.0,362.5,18881
HDHPC,2026-06-26,209.0,207.8,86401
NWCL,2026-06-26,745.0,746.0,660
LBLD88,2026-06-26,1088.5,1088.0,25
AKJCL,2026-06-26,363.3,362.6,419420
ICFCD89,2026-06-26,1100.0,1113.8,218
NMBMF,2026-06-26,622.3,622.0,1722
MERO,2026-06-26,702.5,710.9,3438
PHCL,2026-06-26,300.0,300.0,58394
NTC,2026-06-26,850.0,845.0,6192
SMPDA,2026-06-26,829.0,807.0,2914
JSLBB,2026-06-26,1048.5,1031.0,469
GMFBS,2026-06-26,1270.0,1226.2,575
PBD88,2026-06-26,1220.0,1215.0,150
KBLD86,2026-06-26,1200.0,1166.7,1
MSHL,2026-06-26,635.1,619.0,2309
PBD85,2026-06-26,1077.2,1077.0,25
BEDC,2026-06-26,354.0,342.5,21011
RFPL,2026-06-26,349.9,350.0,16243
KBL,2026-06-26,210.5,208.0,67682
MPFL,2026-06-26,602.0,615.5,5759
RMF1,2026-06-26,10.0,10.05,10000
GIBF1,2026-06-26,10.53,10.53,510
EBLD86,2026-06-26,1100.0,1100.0,300
RSY,2026-06-26,10.12,10.13,2900
RHGCL,2026-06-26,273.6,269.0,29347
CORBL,2026-06-26,1700.0,1714.0,2695
RLEL,2026-06-26,862.0,870.0,3663
SFMF,2026-06-26,10.67,10.67,7335
BOKD86,2026-06-26,1136.4,1105.0,98799
MLBL,2026-06-26,356.0,354.9,11205
SWMF,2026-06-26,648.5,640.0,1250
SALICO,2026-06-26,591.0,612.5,6280
PRIN,2026-06-26,691.1,680.1,7689
LBBL,2026-06-26,477.4,479.9,121893
NMFBS,2026-06-26,1115.0,1115.0,3526
RMF2,2026-06-26,10.0,10.41,200
NHPC,2026-06-26,266.0,265.7,141420
NICBF,2026-06-26,9.3,9.3,100
KMCDB,2026-06-26,892.4,821.0,2723
USLB,2026-06-26,1285.0,1274.5,713
ULHC,2026-06-26,417.0,423.0,6563
CLI,2026-06-26,448.2,447.5,7226
BPCL,2026-06-26,617.5,654.9,44676
SONA,2026-06-26,424.0,420.0,12008
MNBBLP,2026-06-26,236.2,236.2,22995
HBLD86,2026-06-26,1200.0,1200.0,15
HIDCL,2026-06-26,253.0,254.9,47991
SHPC,2026-06-26,506.9,495.9,24737
MEN,2026-06-26,586.0,579.0,31724
PROFL,2026-06-26,454.0,443.3,3309
GBILD86/87,2026-06-26,1141.8,1141.8,290470
SBD87,2026-06-26,1072.1,1072.1,10
ICFCD83,2026-06-26,1120.0,1120.0,333
BHPL,2026-06-26,519.9,505.5,1342
STC,2026-06-26,5154.0,5190.0,98
TRH,2026-06-26,766.0,766.0,491
NFS,2026-06-26,599.8,580.0,7882
SGHC,2026-06-26,335.0,336.0,8294
BGWT,2026-06-26,597.0,598.9,4420
HEI,2026-06-26,553.0,538.0,3859
PBLD84,2026-06-26,1070.1,1075.1,1
MEL,2026-06-26,213.8,225.0,8157
JHAPA,2026-06-26,1250.0,1308.0,13500
BNT,2026-06-26,11739.9,11740.0,50
SOHL,2026-06-26,612.0,627.0,54287
GMLI,2026-06-26,1148.0,1167.0,936
RNLI,2026-06-26,452.0,451.0,13883
MHL,2026-06-26,490.0,476.0,9577
NLICL,2026-06-26,565.5,567.1,11537
NRN,2026-06-26,1411.0,1418.0,52433
GBIME,2026-06-26,237.0,236.7,44620
VLBS,2026-06-26,691.0,695.0,2944
AHPC,2026-06-26,265.1,264.3,49651
MEHL,2026-06-26,342.2,344.0,5828
SPL,2026-06-26,670.0,665.0,494
GWFD83,2026-06-26,1078.6,1071.0,200
SMATA,2026-06-26,751.0,750.0,3960
DDBL,2026-06-26,840.0,830.0,6800
ULBSL,2026-06-26,2800.0,2790.0,215
SKHL,2026-06-26,907.0,928.0,8912
LEC,2026-06-26,214.0,212.6,45241
SMH,2026-06-26,554.0,545.0,5188
API,2026-06-26,338.9,336.9,185402
NMBHF2,2026-06-26,9.61,9.62,3200
MBLD87,2026-06-26,1147.0,1147.0,20
BARUN,2026-06-26,322.0,325.0,12410
KBSH,2026-06-26,1352.3,1357.0,418
TAMOR,2026-06-26,444.1,445.0,11929
SBLD84,2026-06-26,1050.0,1050.0,25
SYPNL,2026-06-26,1325.3,1367.0,27629
SAGAR,2026-06-26,1517.0,1570.0,8412
GBIMESY2,2026-06-26,9.23,9.25,500
FMDBL,2026-06-26,810.6,770.0,8921
NSIF2,2026-06-26,10.62,10.67,61400
KDL,2026-06-26,790.0,780.0,3102
NMB,2026-06-26,241.5,237.9,9709
TPKHL,2026-06-26,540.3,603.2,630
CKHL,2026-06-26,627.0,620.0,597
SHLB,2026-06-26,1410.0,1449.0,20
UNL,2026-06-26,47350.0,46700.1,50
PPCL,2026-06-26,346.0,353.9,7483
NABBC,2026-06-26,787.0,788.0,22160
MLBS,2026-06-26,1179.9,1169.0,285
CMF2,2026-06-26,9.66,9.86,1700
C30MF,2026-06-26,10.0,10.0,100
PPL,2026-06-26,333.0,334.0,12894
SAHAS,2026-06-26,648.0,647.0,61540
SBID83,2026-06-26,1070.0,1093.3,850
NIBLSTF,2026-06-26,9.5,9.3,13100
NMB50,2026-06-26,10.2,10.2,100
SICL,2026-06-26,617.0,618.0,7909
SIPD,2026-06-26,662.0,673.5,15727
SIFC,2026-06-26,559.8,540.0,10518
SHIVM,2026-06-26,638.0,628.6,130169
SNORL,2026-06-26,298.7,343.5,70
SIGS3,2026-06-26,10.8,10.84,74110
UHEWA,2026-06-26,615.0,590.0,23880
SFEF,2026-06-26,10.0,10.0,130300
NABIL,2026-06-26,523.0,525.0,47709
HDL,2026-06-26,1147.0,1147.0,17608
SGIC,2026-06-26,475.0,473.0,9210
NBLD87,2026-06-26,1109.4,1130.0,195244
SKBBL,2026-06-26,760.0,752.0,12823
EBLEB89,2026-06-26,1079.9,1080.0,60
MAKAR,2026-06-26,480.0,478.2,2550
SKHEL,2026-06-26,1097.0,1035.0,2390
H8020,2026-06-26,11.5,11.5,11499
MCHL,2026-06-26,301.1,302.0,8061
NMLBBL,2026-06-26,574.0,560.0,2854
HLBSL,2026-06-26,884.0,875.0,1808
SCB,2026-06-26,659.0,641.8,6161
KEF,2026-06-26,10.4,10.71,149500
ALBSL,2026-06-26,1067.0,1070.0,14709
PRSF,2026-06-26,12.51,12.5,97790
SHL,2026-06-26,492.1,492.0,8477
NIFRAGED,2026-06-26,1041.2,1041.2,75
NICD88,2026-06-26,1106.3,1085.1,60
NUBL,2026-06-26,632.0,635.0,367
SHINEP,2026-06-26,222.0,222.0,10282
EDBL,2026-06-26,560.1,555.6,5152
UPPER,2026-06-26,195.0,194.0,66357
HFIN,2026-06-26,755.0,755.0,27566
GVL,2026-06-26,477.3,477.6,13040
JFL,2026-06-26,401.2,401.0,6612
NABILD2089,2026-06-26,1090.0,1090.0,34
MKJC,2026-06-26,483.0,465.1,2564
PCIL,2026-06-26,680.0,682.0,18481
HIDCLP,2026-06-26,191.8,189.0,82361
SSHL,2026-06-26,200.0,198.9,69601
CIT,2026-06-26,1729.0,1702.0,8228
SBL,2026-06-26,392.0,388.0,49450
NBF3,2026-06-26,9.7,10.03,31589
BJHL,2026-06-26,839.0,825.0,3860
NMBD89/90,2026-06-26,1266.9,1363.0,27958
SWASTIK,2026-06-26,2200.0,2201.0,253
SABBL,2026-06-26,963.0,976.0,5918
CIZBD90,2026-06-26,1223.0,1223.0,2647
GILB,2026-06-26,1101.0,1102.0,182
HBL,2026-06-26,193.0,193.0,25765
NICL,2026-06-26,527.0,516.5,18181
DOLTI,2026-06-26,351.0,346.0,24507
PURE,2026-06-26,845.0,848.0,4735
HLI,2026-06-26,334.6,328.9,14972
HEIP,2026-06-26,344.0,327.9,2045
ICFC,2026-06-26,617.0,625.0,2028
NGPL,2026-06-26,410.0,410.0,51286
KSY,2026-06-26,9.75,9.65,4000
NICGF2,2026-06-26,9.27,9.17,1800
MMF1,2026-06-26,9.72,9.6,57800
NADEP,2026-06-26,730.5,730.0,948
TSHL,2026-06-26,480.0,475.0,3754
PSF,2026-06-26,11.75,11.75,12000
LUK,2026-06-26,10.25,10.25,1000
SNLI,2026-06-26,433.3,438.0,10082
YMHL,2026-06-26,540.3,603.2,350
SAIL,2026-06-26,964.0,955.0,12236
NICLBSL,2026-06-26,560.1,553.1,4535
HPPL,2026-06-26,365.0,360.5,23227
MKCL,2026-06-26,1104.0,1112.0,1796
NRM,2026-06-26,311.0,321.0,5813
GFCL,2026-06-26,636.0,630.0,5026
SRLI,2026-06-26,383.1,383.0,18936
GHL,2026-06-26,223.8,222.0,16233
RBCLPO,2026-06-26,11300.0,11300.0,70
SANVI,2026-06-26,657.0,650.5,10305
UAIL,2026-06-26,470.0,456.0,6678
NBF2,2026-06-26,10.15,10.15,6924
RBCL,2026-06-26,14360.0,14645.0,50
CYCL,2026-06-26,1420.0,1432.9,2241
CSY,2026-06-26,9.0,9.2,6100
PMLI,2026-06-26,458.4,455.3,9073
ILBS,2026-06-26,901.0,890.1,643
NBLD85,2026-06-26,1074.6,1074.6,50000
BFC,2026-06-26,519.0,513.0,44614
SOPL,2026-06-26,920.0,927.0,102340
SJLIC,2026-06-26,422.0,423.0,7751
MANDU,2026-06-26,812.6,823.0,631
LLBS,2026-06-26,923.0,923.0,18
AHL,2026-06-26,493.0,468.6,9472
NBL,2026-06-26,267.7,263.0,15814
RLFL,2026-06-26,489.0,481.9,53781
SBCF,2026-06-26,9.8,9.9,3100
UPCL,2026-06-26,350.0,344.1,37778
ENL,2026-06-26,826.0,846.5,293
NESDO,2026-06-26,1530.0,1540.0,2812
PCBL,2026-06-26,235.9,233.0,30850
NICA,2026-06-24,330.5,331.0,62959
HRL,2026-06-24,577.0,594.0,111805
PPL,2026-06-24,324.8,334.0,16636
NMFBS,2026-06-24,1130.0,1106.2,6881
SWBBL,2026-06-24,731.0,710.0,23699
MLBL,2026-06-24,356.1,355.0,20668
BANDIPUR,2026-06-24,800.0,779.5,40626
BEDC,2026-06-24,359.0,346.0,30077
NBF2,2026-06-24,9.9,9.91,400
DORDI,2026-06-24,258.0,254.9,24443
RSY,2026-06-24,10.16,10.16,5200
MKHL,2026-06-24,482.1,493.9,7940
CKHL,2026-06-24,621.0,630.0,252
BUNGAL,2026-06-24,700.0,669.0,36626
SMFBS,2026-06-24,1501.2,1525.0,258
NTC,2026-06-24,849.0,844.0,10354
CLI,2026-06-24,450.1,447.7,18636
MHNL,2026-06-24,252.0,251.0,13999
CSY,2026-06-24,9.02,9.15,8450
SGIC,2026-06-24,468.3,473.5,10307
SMH,2026-06-24,560.0,562.0,4092
UNHPL,2026-06-24,380.0,397.0,27215
HPPL,2026-06-24,358.0,364.0,16382
GSY,2026-06-24,9.9,10.0,3750
HATHY,2026-06-24,754.0,737.0,5757
NBF3,2026-06-24,9.81,9.99,42190
GBIME,2026-06-24,239.0,240.0,139676
MKHC,2026-06-24,311.0,304.0,16651
CITY,2026-06-24,379.1,395.0,75525
NIBLSTF,2026-06-24,9.5,9.25,1223
UPPER,2026-06-24,187.0,194.1,75504
GRDBL,2026-06-24,1037.0,1054.0,8782
LICN,2026-06-24,798.3,804.0,17191
OHL,2026-06-24,682.0,698.9,2080
BNT,2026-06-24,11525.0,11525.0,10
USHEC,2026-06-24,485.0,488.0,5125
MSLB,2026-06-24,1265.0,1231.1,393
SJLIC,2026-06-24,429.0,422.6,23840
NICSF,2026-06-24,9.2,9.3,14500
UAIL,2026-06-24,456.0,462.0,9730
EBL,2026-06-24,699.0,699.0,33095
H8020,2026-06-24,12.0,11.53,2600
CYCL,2026-06-24,1400.0,1606.8,3422
CFCL,2026-06-24,591.9,624.0,99615
CGH,2026-06-24,770.2,764.1,22504
PCIL,2026-06-24,705.0,690.0,63460
SGHC,2026-06-24,355.0,343.9,14055
SAHAS,2026-06-24,650.0,642.8,171685
SHINED,2026-06-24,1100.0,1100.0,200
VLBS,2026-06-24,702.2,705.0,3609
RBBF40,2026-06-24,9.48,9.2,3750
USHL,2026-06-24,549.0,564.0,3557
NICLBSL,2026-06-24,561.1,561.5,5054
RBCL,2026-06-24,14301.0,14399.0,50
BHDC,2026-06-24,425.1,445.0,8193
SSHL,2026-06-24,203.0,200.0,160577
JBLB,2026-06-24,1220.0,1260.0,3544
KSY,2026-06-24,9.65,9.75,970
MNBBL,2026-06-24,368.0,370.0,42135
PMLI,2026-06-24,460.0,460.0,6233
AKJCL,2026-06-24,368.5,371.5,815172
NHDL,2026-06-24,626.0,633.9,4898
TPKHL,2026-06-24,408.6,456.2,240
PURE,2026-06-24,861.0,867.0,5401
HDL,2026-06-24,1146.0,1140.2,28211
MFIL,2026-06-24,780.0,774.0,35561
SICL,2026-06-24,619.0,615.7,2823
HDHPC,2026-06-24,213.1,211.5,191131
DHEL,2026-06-24,595.1,598.9,19213
NIFRA,2026-06-24,254.5,252.0,81241
SMPDA,2026-06-24,801.0,812.0,964
DDBL,2026-06-24,841.5,836.1,9898
SPL,2026-06-24,671.0,679.0,1900
NYADI,2026-06-24,377.1,381.0,3993
NIL,2026-06-24,621.0,620.9,5593
LLBS,2026-06-24,925.0,944.0,20
NIMB,2026-06-24,194.0,192.0,102159
MLBBL,2026-06-24,1155.0,1160.0,840
API,2026-06-24,337.0,337.8,219330
KMCDB,2026-06-24,820.0,815.3,1040
PMHPL,2026-06-24,324.0,325.9,10119
SADBL,2026-06-24,405.0,403.6,31613
SMJC,2026-06-24,437.0,455.0,20456
GBBL,2026-06-24,405.5,406.0,55111
GHL,2026-06-24,226.0,221.0,59237
SHIVM,2026-06-24,666.0,630.0,166650
TPC,2026-06-24,382.2,358.0,26103
RLFL,2026-06-24,462.7,499.0,200470
SMATA,2026-06-24,750.2,753.3,3523
ICFCD88,2026-06-24,1115.1,1148.0,75
C30MF,2026-06-24,9.81,10.0,300
HLBSL,2026-06-24,856.0,865.0,280
SOPL,2026-06-24,1041.0,988.4,172660
KPCL,2026-06-24,484.0,477.0,8420
FMDBL,2026-06-24,733.0,768.0,16136
NABILD2089,2026-06-24,1090.0,1081.0,55
USLB,2026-06-24,1322.0,1300.0,2925
GUFL,2026-06-24,549.0,551.0,7166
CZBIL,2026-06-24,197.0,196.3,43194
PRVU,2026-06-24,191.4,190.8,90641
NSY,2026-06-24,9.58,9.35,8500
SHINE,2026-06-24,405.0,405.5,20104
NICGF2,2026-06-24,9.12,9.25,2926
SAGAR,2026-06-24,1580.0,1593.0,17989
LUK,2026-06-24,10.7,10.79,1800
CIT,2026-06-24,1630.3,1712.1,7008
SHEL,2026-06-24,316.0,302.0,74968
SIFC,2026-06-24,547.0,552.9,21188
RSDC,2026-06-24,655.0,652.9,8568
KEF,2026-06-24,10.38,10.54,17300
MLBSL,2026-06-24,1720.1,1772.0,394
ALBSL,2026-06-24,1090.0,1080.0,4470
PHCL,2026-06-24,314.9,303.0,64154
NBL,2026-06-24,265.0,263.5,44282
MCHL,2026-06-24,302.0,303.0,10467
GIBF1,2026-06-24,10.53,10.55,700
ILI,2026-06-24,426.1,424.0,28992
NIFRAGED,2026-06-24,1050.0,1060.0,76
JSLBB,2026-06-24,1012.1,1045.0,562
SBLD84,2026-06-24,1068.0,1068.0,22
NADEP,2026-06-24,752.9,739.8,2872
LBLD88,2026-06-24,1088.4,1088.7,7
PBD88,2026-06-24,1217.0,1217.0,25
MERO,2026-06-24,707.5,710.0,6968
FOWAD,2026-06-24,1000.0,996.0,2021
AHPC,2026-06-24,279.9,266.9,150040
SLBBL,2026-06-24,815.2,815.0,6331
NHPC,2026-06-24,272.0,271.7,306086
MPFL,2026-06-24,585.0,615.0,25176
HLI,2026-06-24,333.8,329.5,28924
JBBL,2026-06-24,347.5,341.0,25321
SOHL,2026-06-24,631.0,617.0,105967
RAWA,2026-06-24,458.1,455.3,72751
ACLBSL,2026-06-24,940.0,955.0,1035
SLBSL,2026-06-24,1180.0,1220.0,1475
SIKLES,2026-06-24,597.0,561.3,12090
IHL,2026-06-24,375.0,372.0,18578
SHLB,2026-06-24,1436.0,1435.0,565
LEC,2026-06-24,213.1,214.0,50896
EBLD86,2026-06-24,1081.1,1082.0,50
ANLB,2026-06-24,5899.0,5875.0,161
APHL,2026-06-24,860.0,875.0,39477
HHL,2026-06-24,345.0,342.9,31585
LSL,2026-06-24,227.8,216.4,53842
CHL,2026-06-24,270.1,266.0,13333
DHPL,2026-06-24,304.0,289.0,5226
MSHL,2026-06-24,665.0,667.0,678
CREST,2026-06-24,1225.0,1208.0,8168
BFC,2026-06-24,486.7,520.1,87068
SPIL,2026-06-24,694.1,708.9,2230
BHCL,2026-06-24,525.0,547.0,65740
HFIN,2026-06-24,761.1,756.0,51168
NICAD2091,2026-06-24,1055.0,1055.0,49040
SARBTM,2026-06-24,820.0,816.2,8690
SIPD,2026-06-24,680.0,690.0,21774
SANVI,2026-06-24,655.1,673.9,15193
EHPL,2026-06-24,381.2,383.5,14174
NLIC,2026-06-24,749.2,744.9,43879
NRIC,2026-06-24,918.0,958.5,27800
ICFC,2026-06-24,621.0,619.0,20016
HEI,2026-06-24,547.0,543.0,12780
GVL,2026-06-24,484.0,476.5,13248
MEL,2026-06-24,226.0,226.6,22951
RURU,2026-06-24,640.0,642.5,3642
NMB50,2026-06-24,10.21,10.19,400
GMFBS,2026-06-24,1265.0,1252.0,151
HLICF,2026-06-24,8.88,8.88,4100
UNLB,2026-06-24,1327.1,1350.3,265
GBBD85,2026-06-24,1090.0,1100.0,50
TTL,2026-06-24,767.0,756.0,15947
SALICO,2026-06-24,591.1,599.0,3261
JFL,2026-06-24,405.0,403.0,7024
CBLD88,2026-06-24,1215.4,1215.4,50
GCIL,2026-06-24,368.0,367.0,22636
UHEWA,2026-06-24,630.0,620.0,40623
RFPL,2026-06-24,351.2,353.0,32084
NSIF2,2026-06-24,10.56,10.53,9900
PFL,2026-06-24,366.1,365.0,7337
NGPL,2026-06-24,420.0,415.0,185220
ALICL,2026-06-24,441.1,440.1,29108
SRLI,2026-06-24,388.0,385.9,22186
SBL,2026-06-24,394.5,391.5,134543
MBL,2026-06-24,248.6,244.9,57549
MBLEF,2026-06-24,9.84,10.0,65670
MLBS,2026-06-24,1175.0,1197.0,465
SLCF,2026-06-24,10.0,10.09,10300
VLUCL,2026-06-24,474.0,473.0,2795
NABIL,2026-06-24,529.0,524.5,68419
NABBC,2026-06-24,813.9,777.0,5857
BJHL,2026-06-24,800.0,943.0,8327
TSHL,2026-06-24,501.0,503.0,2662
STC,2026-06-24,5261.0,5250.0,289
MEHL,2026-06-24,344.1,350.0,4536
YMHL,2026-06-24,408.6,456.2,190
ICFCD83,2026-06-24,1119.9,1120.0,100
UMRH,2026-06-24,533.0,532.0,5971
GBLBS,2026-06-24,760.0,767.0,2151
PBLD84,2026-06-24,1077.2,1076.0,200
MDB,2026-06-24,627.9,590.0,7458
RHGCL,2026-06-24,270.1,269.9,33761
GLH,2026-06-24,255.3,253.0,67845
NLG,2026-06-24,619.8,602.9,6332
MKCL,2026-06-24,1130.0,1111.0,3212
NICL,2026-06-24,535.0,521.0,15913
BGWT,2026-06-24,671.3,616.0,1829
EDBL,2026-06-24,569.9,558.2,5351
NMIC,2026-06-24,1005.0,980.0,3147
ENL,2026-06-24,864.0,849.0,480
SWMF,2026-06-24,649.0,649.8,3827
KHPL,2026-06-24,930.0,899.9,30181
BNHC,2026-06-24,327.0,317.5,2621
BPCL,2026-06-24,666.0,657.0,32236
LBBL,2026-06-24,489.6,482.0,45004
NMBHF2,2026-06-24,9.56,9.7,2220
BARUN,2026-06-24,337.0,329.0,38770
MEN,2026-06-24,587.0,583.3,49776
MNBBLP,2026-06-24,236.2,236.2,5000
SANIMA,2026-06-24,354.5,349.4,121598
SONA,2026-06-24,421.0,424.0,18897
SCB,2026-06-24,644.3,640.1,46033
GMLI,2026-06-24,1200.0,1180.0,2726
PSF,2026-06-24,11.8,11.81,57800
TVCL,2026-06-24,487.0,484.1,5597
CHCL,2026-06-24,481.0,479.0,20045
NIBLGF,2026-06-24,9.35,9.5,5800
SABBL,2026-06-24,986.0,967.7,13935
CHDC,2026-06-24,2219.1,2188.9,19112
MKJC,2026-06-24,470.6,475.0,4467
SPDL,2026-06-24,399.0,373.9,46128
SBI,2026-06-24,405.0,391.7,26633
MBJC,2026-06-24,279.1,278.0,17102
ILBS,2026-06-24,895.0,909.8,2458
BHPL,2026-06-24,492.0,519.9,7740
HBL,2026-06-24,205.6,193.8,48449
RMF2,2026-06-24,9.82,9.82,100
SPC,2026-06-24,438.0,438.0,6831
TRH,2026-06-24,761.5,760.7,2586
SHPC,2026-06-24,527.0,495.3,29751
RLEL,2026-06-24,880.0,887.0,10346
AHL,2026-06-24,460.0,470.0,2505
SIGS2,2026-06-24,10.25,10.22,1000
MATRI,2026-06-24,860.0,864.0,427
SNLI,2026-06-24,441.6,439.3,14283
NRM,2026-06-24,325.0,317.5,16378
UMHL,2026-06-24,581.0,591.0,199398
BBC,2026-06-24,4123.0,4298.0,602
SAIL,2026-06-24,1020.0,971.0,31648
SMHL,2026-06-24,475.0,475.0,24205
DLBS,2026-06-24,1237.0,1275.0,2295
MHCL,2026-06-24,349.0,335.8,4259
SKHL,2026-06-24,900.0,937.0,34743
SJCL,2026-06-24,279.0,278.0,16705
HIDCL,2026-06-24,255.1,256.0,84472
ADBL,2026-06-24,302.1,307.7,17126
CBBL,2026-06-24,912.0,910.5,15062
JHAPA,2026-06-24,1250.0,1258.9,13865
CORBL,2026-06-24,1766.0,1712.2,2603
MAKAR,2026-06-24,480.1,481.2,3841
NWCL,2026-06-24,746.0,747.0,2695
MANDU,2026-06-24,815.0,821.0,2000
HIMSTAR,2026-06-24,810.0,793.0,8482
NUBL,2026-06-24,632.3,636.0,5983
KSBBL,2026-06-24,479.2,475.0,26732
SMB,2026-06-24,1850.0,1959.0,12201
SINDU,2026-06-24,710.0,708.0,5360
SYPNL,2026-06-24,1311.0,1399.9,45410
AVYAN,2026-06-24,1055.0,1055.0,4154
NMLBBL,2026-06-24,565.1,565.0,3778
SPHL,2026-06-24,551.0,581.0,18082
NLICL,2026-06-24,577.2,572.9,5840
NESDO,2026-06-24,1576.0,1570.0,1512
GBIMESY2,2026-06-24,9.42,9.42,1600
SBCF,2026-06-24,9.79,10.0,32900
RBCLPO,2026-06-24,11350.0,11400.0,110
KDBY,2026-06-24,10.87,10.95,906700
KKHC,2026-06-24,242.1,239.1,38024
RSML,2026-06-24,3358.0,3100.0,23942
JOSHI,2026-06-24,265.0,265.0,9345
RHPL,2026-06-24,258.1,264.1,20376
PROFL,2026-06-24,452.4,453.0,22598
KDL,2026-06-24,801.4,799.0,2593
TAMOR,2026-06-24,449.0,444.7,29611
NRN,2026-06-24,1350.0,1429.9,71317
SHL,2026-06-24,490.0,494.9,18141
SWASTIK,2026-06-24,2321.9,2200.0,864
CORBLP,2026-06-24,100.0,100.0,10000
RMF1,2026-06-24,10.0,10.0,5510
GFCL,2026-06-24,620.0,632.9,6701
SEF,2026-06-24,10.3,10.3,3221
SBID89,2026-06-24,1138.18,1138.18,10
SFEF,2026-06-24,10.0,10.1,20800
DOLTI,2026-06-24,351.0,349.0,34591
KBL,2026-06-24,209.2,211.0,222033
GILB,2026-06-24,1093.3,1116.0,941
SAGF,2026-06-24,10.1,10.01,6200
ULHC,2026-06-24,412.0,414.0,6973
SDBD87,2026-06-24,1116.0,1115.0,55
AKPL,2026-06-24,259.5,262.6,87384
NICFC,2026-06-24,8.97,9.27,1900
UNL,2026-06-24,47000.0,47000.0,80
ULBSL,2026-06-24,2805.0,2830.0,550
NIMBPO,2026-06-24,147.0,145.0,974
HEIP,2026-06-24,333.0,333.0,51
MMKJL,2026-06-24,480.0,480.0,5922
MHL,2026-06-24,484.1,480.6,3313
RIDI,2026-06-24,319.0,342.0,241933
PRIN,2026-06-24,682.1,686.0,9834
IGI,2026-06-24,439.0,436.0,11010
BHL,2026-06-24,213.5,210.0,114607
EBLD91,2026-06-24,1090.0,1090.0,675
NIBSF2,2026-06-24,9.07,9.08,800
WNLB,2026-06-24,1350.1,1390.0,83
SFCL,2026-06-24,375.0,371.0,6501
RNLI,2026-06-24,456.0,454.8,25513
MABEL,2026-06-24,671.0,684.0,15423
SKHEL,2026-06-24,1005.0,1038.0,3042
NMBMF,2026-06-24,633.0,636.9,1395
HURJA,2026-06-24,241.0,237.7,52364
RADHI,2026-06-24,727.6,729.0,56919
UPCL,2026-06-24,335.0,352.1,40943
CMF2,2026-06-24,9.62,9.89,22000
GLBSL,2026-06-24,1790.0,1860.0,1513
OMPL,2026-06-24,1082.0,1066.0,5185
MMF1,2026-06-24,9.79,9.63,28430
GMFIL,2026-06-24,492.0,481.9,21510
NFS,2026-06-24,595.1,591.0,8565
KBSH,2026-06-24,1391.0,1370.1,332
MNMF1,2026-06-24,9.76,9.88,40277
ICFCD89,2026-06-24,1095.1,1114.9,930
NMB,2026-06-24,241.0,239.3,31810
PPCL,2026-06-24,381.5,364.5,7636
LVF2,2026-06-24,9.71,9.75,500
NICBF,2026-06-24,9.22,9.22,100
HIDCLP,2026-06-24,190.0,189.2,159694
SKBBL,2026-06-24,757.5,756.8,15361
SAPDBL,2026-06-24,830.0,854.9,134189
PRSF,2026-06-24,12.78,12.6,49261
PCBL,2026-06-24,234.0,234.6,30395
NRIC,2026-06-23,969.0,965.3,19252
NRM,2026-06-23,331.0,323.0,15594
HDHPC,2026-06-23,216.3,213.1,156533
NICAD2091,2026-06-23,1055.0,1055.0,98079
NRN,2026-06-23,1450.0,1421.0,119650
PROFL,2026-06-23,455.9,445.0,5933
PCBL,2026-06-23,234.0,236.9,56305
SMB,2026-06-23,1900.0,1850.0,2723
HHL,2026-06-23,350.1,347.0,39758
SIPD,2026-06-23,725.0,695.0,17245
HLI,2026-06-23,333.0,334.0,16010
MHCL,2026-06-23,353.9,343.9,5168
BANDIPUR,2026-06-23,805.0,800.2,19377
UMHL,2026-06-23,651.0,602.0,124598
NIFRAUR85/86,2026-06-23,1065.0,1065.0,25
ENL,2026-06-23,855.0,864.4,336
CIT,2026-06-23,1723.0,1716.0,5038
PBLD84,2026-06-23,1154.0,1100.0,20808
TAMOR,2026-06-23,432.1,449.8,30768
BNHC,2026-06-23,332.0,323.7,4536
SARBTM,2026-06-23,835.0,817.9,34982
KDL,2026-06-23,801.4,810.0,452
BGWT,2026-06-23,626.1,639.4,845
KSBBL,2026-06-23,481.1,480.0,26442
YMHL,2026-06-23,355.3,396.7,120
SPHL,2026-06-23,575.0,580.0,10551
MKHC,2026-06-23,300.0,313.5,8265
TPKHL,2026-06-23,346.1,396.7,220
CHDC,2026-06-23,2220.0,2197.0,21092
NMFBS,2026-06-23,1148.5,1126.0,5458
NICBF,2026-06-23,9.12,9.16,2400
SBL,2026-06-23,391.2,393.0,60030
KMCDB,2026-06-23,825.0,830.3,2018
SAGAR,2026-06-23,1625.0,1575.0,10512
BBC,2026-06-23,4250.0,4250.1,280
SANVI,2026-06-23,676.0,665.2,11906
SAIL,2026-06-23,1000.0,1002.0,19673
SIKLES,2026-06-23,570.0,569.3,9219
SFCL,2026-06-23,374.0,370.0,8237
NBF2,2026-06-23,10.1,9.9,1626
NIBLGF,2026-06-23,9.36,9.35,575
AKJCL,2026-06-23,390.0,368.5,913650
C30MF,2026-06-23,10.25,10.1,263188
HFIN,2026-06-23,806.0,775.0,48894
BHL,2026-06-23,214.0,213.5,59370
MLBBL,2026-06-23,1160.0,1155.0,1849
SPDL,2026-06-23,387.0,380.0,62513
RBBD2088,2026-06-23,1065.0,1070.0,503
HURJA,2026-06-23,240.1,241.0,37267
CCBD88,2026-06-23,1260.0,1235.0,2
GCIL,2026-06-23,390.6,366.9,23818
API,2026-06-23,340.1,339.0,164146
NIFRAGED,2026-06-23,1039.4,1039.4,15
NIBSF2,2026-06-23,9.25,9.35,29250
NMIC,2026-06-23,1004.9,991.1,4383
RBCL,2026-06-23,14450.0,14360.0,147
RNLI,2026-06-23,456.5,456.5,14678
GBIME,2026-06-23,238.5,239.0,218419
DHPL,2026-06-23,297.7,290.0,5823
NWCL,2026-06-23,765.2,764.0,1372
ADBL,2026-06-23,305.1,307.5,82207
CGH,2026-06-23,780.0,770.2,20085
NABILD87,2026-06-23,1125.0,1114.0,6
NFS,2026-06-23,595.0,595.3,6724
SMHL,2026-06-23,490.0,481.0,29393
LLBS,2026-06-23,931.0,949.9,170
SBLD89,2026-06-23,1228.0,1260.0,50
EBLD85,2026-06-23,1135.0,1150.0,75
PMHPL,2026-06-23,333.0,329.0,9080
KBLD89,2026-06-23,1240.0,1251.0,11
EBLEB89,2026-06-23,1060.1,1065.0,50
AVYAN,2026-06-23,1020.0,1055.0,1907
RBBF40,2026-06-23,9.2,9.21,6549
SMH,2026-06-23,578.0,560.0,3860
GUFL,2026-06-23,554.0,549.4,5475
RBCLPO,2026-06-23,11160.1,11494.9,100
SOPL,2026-06-23,1120.0,1041.0,178175
CHL,2026-06-23,278.0,273.0,32206
GSY,2026-06-23,9.8,9.9,4260
CITY,2026-06-23,410.0,399.0,142681
STC,2026-06-23,5270.0,5360.0,50
MSHL,2026-06-23,711.7,670.5,568
BJHL,2026-06-23,835.5,822.2,5888
SAHAS,2026-06-23,660.5,652.0,125092
SRLI,2026-06-23,386.3,387.9,6651
BPCL,2026-06-23,675.0,666.0,14215
RHPL,2026-06-23,261.0,263.2,15769
SFMF,2026-06-23,10.4,11.0,3400
SINDU,2026-06-23,720.1,718.9,6609
JHAPA,2026-06-23,1249.0,1296.9,5596
GHL,2026-06-23,228.1,225.9,58172
PRIN,2026-06-23,695.6,699.0,14791
RADHI,2026-06-23,731.1,734.9,20050
KBLD86,2026-06-23,1236.0,1200.0,6
PPCL,2026-06-23,363.1,363.4,10992
SKBBL,2026-06-23,760.0,757.5,29039
MEL,2026-06-23,232.0,229.5,5885
SPIL,2026-06-23,730.0,710.3,777
MLBL,2026-06-23,358.1,356.0,29145
SBI,2026-06-23,388.0,393.9,20669
SIGS2,2026-06-23,10.48,10.4,9215
NSIF2,2026-06-23,10.55,10.56,1200
USHL,2026-06-23,573.1,577.0,2846
RURU,2026-06-23,645.0,646.0,2279
UAIL,2026-06-23,472.0,462.0,11767
NICLBSL,2026-06-23,565.0,563.3,3723
PBD88,2026-06-23,1215.0,1215.0,5
SANIMA,2026-06-23,359.0,354.0,54483
HLBSL,2026-06-23,872.0,880.0,1631
SWMF,2026-06-23,648.0,649.0,2103
PCIL,2026-06-23,720.0,705.0,54451
SLCF,2026-06-23,9.79,10.01,15310
CFCL,2026-06-23,599.0,623.0,73937
RAWA,2026-06-23,481.8,467.8,162666
GWFD83,2026-06-23,1085.0,1077.3,100
NIFRA,2026-06-23,250.0,251.9,208307
SOHL,2026-06-23,640.0,631.4,69366
MMF1,2026-06-23,9.75,9.6,34862
MKCL,2026-06-23,1164.0,1138.0,2133
SWASTIK,2026-06-23,2345.0,2255.0,372
CORBL,2026-06-23,1710.0,1734.8,3944
UNLB,2026-06-23,1368.0,1360.0,247
GLBSL,2026-06-23,1858.5,1832.0,389
OMPL,2026-06-23,1115.0,1098.0,4439
ILBS,2026-06-23,922.0,908.0,1333
HIDCLP,2026-06-23,194.5,190.8,193563
UPPER,2026-06-23,197.0,196.0,88087
BFC,2026-06-23,515.2,512.3,61936
KPCL,2026-06-23,478.5,482.0,8158
SEF,2026-06-23,10.14,10.39,53300
SJCL,2026-06-23,281.0,284.0,5983
JBLB,2026-06-23,1261.0,1264.0,2017
LVF2,2026-06-23,9.81,9.8,12127
PPL,2026-06-23,332.5,341.8,16061
SMATA,2026-06-23,752.3,757.0,3007
HDL,2026-06-23,1150.0,1145.5,20850
SMFBS,2026-06-23,1512.3,1535.3,72
CKHL,2026-06-23,626.0,639.9,2601
NABIL,2026-06-23,531.0,529.0,33271
OHL,2026-06-23,681.0,686.0,228
DHEL,2026-06-23,608.0,607.2,17083
MSLB,2026-06-23,1250.1,1273.9,989
PFL,2026-06-23,355.5,368.0,3606
FMDBL,2026-06-23,779.0,771.0,17885
NIL,2026-06-23,633.0,630.0,2694
NMB,2026-06-23,241.0,240.5,24656
MFIL,2026-06-23,793.0,785.0,26848
SALICO,2026-06-23,629.9,603.1,5256
NSY,2026-06-23,9.39,9.5,9700
KSY,2026-06-23,9.75,9.78,3711
DDBL,2026-06-23,842.0,839.2,9455
SKHL,2026-06-23,955.0,911.0,21246
NBLD87,2026-06-23,1074.6,1074.6,25
RIDI,2026-06-23,326.8,335.0,233798
PMLI,2026-06-23,460.0,463.0,6121
MABEL,2026-06-23,695.0,675.0,11846
CZBIL,2026-06-23,199.5,198.9,45064
SYPNL,2026-06-23,1362.3,1380.0,45547
CIZBD90,2026-06-23,1241.0,1241.0,15
ACLBSL,2026-06-23,950.0,945.2,880
UNHPL,2026-06-23,400.1,400.0,27345
SBLD84,2026-06-23,1067.1,1067.1,22
HLICF,2026-06-23,8.6,8.88,4895
SKHEL,2026-06-23,1101.0,1057.0,10367
LUK,2026-06-23,10.5,10.81,35365
NHPC,2026-06-23,278.2,271.0,306360
NMBMF,2026-06-23,635.0,640.0,128
HBL,2026-06-23,200.0,195.9,50965
NIMB,2026-06-23,195.0,194.0,117442
PHCL,2026-06-23,294.5,306.2,64327
PRSF,2026-06-23,12.61,12.78,133710
NLG,2026-06-23,607.5,610.0,4224
SAPDBL,2026-06-23,836.0,839.8,36332
FOWAD,2026-06-23,1006.9,999.8,2244
SCB,2026-06-23,646.2,645.5,3759
BHPL,2026-06-23,545.0,517.1,3159
AHL,2026-06-23,451.3,474.9,3081
SBCF,2026-06-23,9.55,10.09,6017
SONA,2026-06-23,447.4,421.0,23040
BEDC,2026-06-23,379.9,351.0,39263
SFEF,2026-06-23,10.08,10.0,13020
MCHL,2026-06-23,300.0,308.7,31429
GLH,2026-06-23,260.0,255.3,50203
SPL,2026-06-23,673.0,689.0,1105
IHL,2026-06-23,384.1,383.0,12655
NMB50,2026-06-23,10.2,10.21,6420
GFCL,2026-06-23,648.0,624.0,14409
SWBBL,2026-06-23,743.3,731.0,8829
HEI,2026-06-23,565.0,550.0,15597
GMFBS,2026-06-23,1265.0,1265.0,777
KDBY,2026-06-23,10.86,10.88,58350
USHEC,2026-06-23,491.3,492.6,6494
MATRI,2026-06-23,880.0,864.0,290
MAKAR,2026-06-23,481.0,480.1,10042
NICSF,2026-06-23,9.2,9.38,30895
CBBL,2026-06-23,911.0,913.1,7543
JFL,2026-06-23,403.0,405.0,4033
KSBBLD87,2026-06-23,1114.0,1115.0,2
RSDC,2026-06-23,651.0,655.0,1396
KKHC,2026-06-23,250.0,244.0,40607
NBF3,2026-06-23,9.7,10.0,91550
HPPL,2026-06-23,360.1,369.0,17289
SHIVM,2026-06-23,645.0,635.0,172817
SLBSL,2026-06-23,1200.0,1220.0,930
UHEWA,2026-06-23,642.0,631.0,27695
NLICL,2026-06-23,579.0,573.5,22860
LEC,2026-06-23,219.5,215.9,53952
NICA,2026-06-23,318.2,332.0,64306
NESDO,2026-06-23,1565.0,1577.0,6036
AHPC,2026-06-23,271.0,268.1,100879
ALICL,2026-06-23,442.1,443.0,13512
DLBS,2026-06-23,1260.0,1237.0,104
MANDU,2026-06-23,815.0,835.0,2112
GVL,2026-06-23,487.0,482.0,4255
SABBL,2026-06-23,1008.0,986.0,13388
ULBSL,2026-06-23,2815.0,2810.0,206
SSHL,2026-06-23,205.0,203.0,103712
TRH,2026-06-23,772.3,768.1,3924
TPC,2026-06-23,370.0,364.0,11711
GRDBL,2026-06-23,1042.1,1049.0,7128
PRVU,2026-06-23,200.0,192.4,54390
MHNL,2026-06-23,255.0,250.4,15635
NIMBPO,2026-06-23,145.1,142.9,10206
MEN,2026-06-23,590.0,590.0,33784
PURE,2026-06-23,885.1,874.9,6743
MLBS,2026-06-23,1210.0,1187.1,537
HIMSTAR,2026-06-23,805.2,807.0,8001
HRL,2026-06-23,623.0,607.0,118257
PSF,2026-06-23,11.67,12.15,9560
NABBC,2026-06-23,790.0,801.0,6525
NIMBD90,2026-06-23,1195.0,1195.0,30
NICGF2,2026-06-23,9.22,9.31,34299
GIBF1,2026-06-23,10.54,10.85,3800
SBLD2091,2026-06-23,1076.0,1076.0,50
HIDCL,2026-06-23,258.1,258.0,23664
MPFL,2026-06-23,592.0,612.9,24064
NGPL,2026-06-23,420.1,420.0,133657
SIFC,2026-06-23,560.0,554.0,9907
UMRH,2026-06-23,530.0,534.0,2470
RSML,2026-06-23,3190.0,3199.0,53883
NTC,2026-06-23,850.4,849.0,15314
CREST,2026-06-23,1240.0,1229.9,5002
NIBLSTF,2026-06-23,9.0,9.29,16403
JOSHI,2026-06-23,272.9,265.0,23616
NICFC,2026-06-23,9.3,9.23,2600
CHCL,2026-06-23,486.0,485.0,26166
SLBBL,2026-06-23,820.0,815.2,5542
TVCL,2026-06-23,487.0,490.2,22198
NMLBBL,2026-06-23,570.0,570.0,1836
BHCL,2026-06-23,530.0,527.0,20608
SADBL,2026-06-23,408.0,408.0,9533
RBBD83,2026-06-23,1041.1,1042.1,12
NYADI,2026-06-23,370.0,382.0,5950
JSLBB,2026-06-23,1035.1,1030.0,686
ULHC,2026-06-23,421.0,422.0,5418
UNL,2026-06-23,47399.9,47000.0,60
GBLBS,2026-06-23,763.3,775.0,4743
SGHC,2026-06-23,350.0,347.0,16575
SMJC,2026-06-23,498.7,460.0,11725
KEF,2026-06-23,10.52,10.38,24400
SHEL,2026-06-23,303.0,301.4,83812
MNMF1,2026-06-23,9.78,9.83,77200
BARUN,2026-06-23,331.0,330.0,46750
ICFC,2026-06-23,617.0,622.0,11468
MBL,2026-06-23,248.0,245.8,37699
EBLD91,2026-06-23,1090.1,1090.0,630
MDB,2026-06-23,629.0,598.0,4470
DORDI,2026-06-23,263.0,258.2,24909
ALBSL,2026-06-23,1071.1,1085.0,3002
LSL,2026-06-23,219.9,217.0,105770
CLI,2026-06-23,445.0,450.9,8913
GMLI,2026-06-23,1212.5,1200.1,3546
TTL,2026-06-23,780.0,769.0,13917
GILB,2026-06-23,1103.0,1118.0,4119
LBBL,2026-06-23,486.0,486.9,19154
KBSH,2026-06-23,1450.0,1408.0,252
ILI,2026-06-23,430.0,426.0,9083
APHL,2026-06-23,950.0,857.0,54588
NUBL,2026-06-23,631.5,639.9,2036
RMF2,2026-06-23,9.71,10.0,400
NMBD89/90,2026-06-23,1228.0,1230.0,55
SIGS3,2026-06-23,10.36,11.1,600
SHINE,2026-06-23,408.0,404.9,21540
NMBD87/88,2026-06-23,1086.2,1086.2,25
CSY,2026-06-23,9.03,9.12,7500
SHPC,2026-06-23,505.0,502.0,31825
RMF1,2026-06-23,10.08,10.02,12875
UPCL,2026-06-23,350.0,352.0,46738
NICL,2026-06-23,535.0,527.2,22480
MFLD85,2026-06-23,1119.0,1120.0,50
JBBL,2026-06-23,327.8,345.0,19777
SJLIC,2026-06-23,420.0,421.0,12882
MBJC,2026-06-23,280.6,279.8,19093
RFPL,2026-06-23,373.6,351.2,19470
GBBL,2026-06-23,405.5,405.9,22385
VLBS,2026-06-23,710.0,710.0,2180
NADEP,2026-06-23,750.1,753.9,226
MNBBL,2026-06-23,368.2,370.0,32212
LICN,2026-06-23,803.4,799.0,16328
MEHL,2026-06-23,350.1,354.0,2031
NLIC,2026-06-23,752.0,750.0,23914
WNLB,2026-06-23,1385.0,1390.0,116
ICFCD89,2026-06-23,1095.0,1087.0,300
GMFIL,2026-06-23,457.0,479.0,26846
BHDC,2026-06-23,452.0,447.4,16046
SMPDA,2026-06-23,801.6,819.0,1074
GBIMEP,2026-06-23,127.1,127.1,43115
MERO,2026-06-23,711.5,716.0,2473
NMBHF2,2026-06-23,9.6,9.75,44490
ANLB,2026-06-23,5777.0,5899.0,627
CYCL,2026-06-23,1425.0,1462.0,3798
KBL,2026-06-23,212.0,209.2,189015
HATHY,2026-06-23,793.8,745.0,7392
DOLTI,2026-06-23,383.2,353.0,47127
TSHL,2026-06-23,528.0,509.0,2395
SHL,2026-06-23,500.0,492.3,20291
SPC,2026-06-23,447.0,445.0,4321
GBIMESY2,2026-06-23,9.3,9.42,3700
MHL,2026-06-23,492.2,489.0,6664
HBLD86,2026-06-23,1166.0,1166.0,11
MKJC,2026-06-23,480.0,479.9,4001
MBLEF,2026-06-23,9.94,10.14,4200
SICL,2026-06-23,624.2,619.0,9427
KHPL,2026-06-23,936.5,930.1,21145
SNLI,2026-06-23,443.0,441.5,9635
H8020,2026-06-23,11.95,12.0,1910
NHDL,2026-06-23,656.0,632.5,6387
HBLD83,2026-06-23,1050.0,1035.0,2
RSY,2026-06-23,10.16,10.15,3560
EHPL,2026-06-23,404.2,383.5,12604
VLUCL,2026-06-23,475.0,475.0,4441
NBL,2026-06-23,265.0,265.0,67555
EBLD86,2026-06-23,1090.0,1082.1,65
EBL,2026-06-23,700.0,699.9,92815
RHGCL,2026-06-23,271.1,273.9,16566
BUNGAL,2026-06-23,769.5,688.5,185057
RLEL,2026-06-23,900.1,890.0,8594
GBBD85,2026-06-23,1090.0,1117.0,385
SAGF,2026-06-23,9.95,10.11,5900
MMKJL,2026-06-23,490.0,480.0,7311
MLBSL,2026-06-23,1750.0,1742.0,439
SBID2090,2026-06-23,1132.0,1135.0,275
EDBL,2026-06-23,570.0,570.0,24273
USLB,2026-06-23,1300.0,1315.0,3542
CBLD88,2026-06-23,1180.0,1180.0,33
MKHL,2026-06-23,501.0,497.0,7940
SGIC,2026-06-23,474.2,470.2,19135
AKPL,2026-06-23,261.5,259.5,60055
IGI,2026-06-23,440.1,442.5,13639
PBLD87,2026-06-23,1075.0,1075.0,25
SHLB,2026-06-23,1450.0,1469.0,210
RLFL,2026-06-23,504.0,487.0,83792
BNT,2026-06-23,11889.0,11760.0,37
NSIF2,2026-06-22,10.6,10.55,17200
SIGS3,2026-06-22,10.5,10.53,800
RBBF40,2026-06-22,9.5,9.34,1100
RNLI,2026-06-22,456.3,459.0,10002
KBLD89,2026-06-22,1240.0,1240.0,25
PRVU,2026-06-22,193.7,193.9,47020
MKHC,2026-06-22,316.0,314.9,6603
RBBD2088,2026-06-22,1061.5,1061.5,100
UMRH,2026-06-22,539.0,534.0,11928
HIMSTAR,2026-06-22,840.0,818.3,2189
USLB,2026-06-22,1260.0,1311.0,5496
KBLD90,2026-06-22,1223.0,1223.0,50
OHL,2026-06-22,689.0,700.0,832
SJLIC,2026-06-22,425.5,425.0,8199
H8020,2026-06-22,11.96,12.31,3840
SAPDBL,2026-06-22,810.0,879.9,45910
CSY,2026-06-22,9.2,9.29,24340
BHDC,2026-06-22,455.0,450.2,16721
PMLI,2026-06-22,460.0,469.9,3185
PBD88,2026-06-22,1240.0,1215.0,125
MSLB,2026-06-22,1215.0,1268.0,3774
LVF2,2026-06-22,9.81,9.81,1310
MSHL,2026-06-22,660.1,677.9,663
NBLD87,2026-06-22,1132.0,1100.0,371
SWMF,2026-06-22,650.0,658.9,1928
HEI,2026-06-22,565.0,551.0,7666
AHPC,2026-06-22,275.0,271.5,29501
ICFCD89,2026-06-22,1100.0,1098.1,680
KSBBLD87,2026-06-22,1114.0,1114.0,50
UAIL,2026-06-22,468.0,472.0,2787
NMIC,2026-06-22,1017.0,1005.0,2519
SHIVM,2026-06-22,645.1,645.9,61465
NICSF,2026-06-22,9.23,9.28,6610
SAHAS,2026-06-22,695.7,661.1,114497
NABIL,2026-06-22,535.0,531.0,34257
SRLI,2026-06-22,390.0,389.2,8225
BHCL,2026-06-22,555.0,540.0,47153
GRDBL,2026-06-22,1023.0,1054.3,7297
SPL,2026-06-22,665.2,688.8,1130
CHL,2026-06-22,291.8,278.0,17990
SGHC,2026-06-22,357.0,353.2,4292
LLBS,2026-06-22,950.0,955.0,1120
GCIL,2026-06-22,358.2,372.0,17137
RAWA,2026-06-22,486.0,482.8,25551
MCHL,2026-06-22,317.0,310.7,13624
NLIC,2026-06-22,774.0,758.0,16370
GLBSL,2026-06-22,1840.0,1858.1,1650
BJHL,2026-06-22,893.0,860.0,8671
SDBD87,2026-06-22,1111.3,1120.0,110
PBD84,2026-06-22,1080.0,1080.0,30
JOSHI,2026-06-22,280.0,272.9,18451
BBC,2026-06-22,4349.0,4325.0,694
MERO,2026-06-22,710.0,724.0,2121
KMCDB,2026-06-22,789.0,844.9,2288
NMBD89/90,2026-06-22,1226.0,1225.0,25
SKHEL,2026-06-22,1113.0,1115.0,4844
RMF1,2026-06-22,9.32,10.05,16910
PFL,2026-06-22,366.0,373.0,2903
SWBBL,2026-06-22,763.0,740.5,290832
ADBLD83,2026-06-22,1075.0,1075.0,20917
DHEL,2026-06-22,605.0,615.0,6364
SYPNL,2026-06-22,1371.8,1433.9,30269
LICN,2026-06-22,810.0,805.1,5140
SIKLES,2026-06-22,574.0,576.8,2931
NABBC,2026-06-22,825.0,805.0,3770
HBLD83,2026-06-22,1050.0,1050.0,10075
RSY,2026-06-22,10.2,10.2,5200
SICL,2026-06-22,624.8,624.2,4751
PHCL,2026-06-22,309.0,310.0,75139
SFMF,2026-06-22,10.7,10.7,570
SLCF,2026-06-22,10.1,9.97,39300
RBCLPO,2026-06-22,11500.0,11365.0,130
ANLB,2026-06-22,5780.0,5900.0,172
NHDL,2026-06-22,635.0,640.0,2430
MABEL,2026-06-22,704.0,698.0,5897
GMLI,2026-06-22,1250.0,1246.9,5889
RLFL,2026-06-22,470.0,480.0,43187
NIL,2026-06-22,625.0,632.0,1200
NICAD2091,2026-06-22,1052.4,1052.4,25
SAGAR,2026-06-22,1650.0,1650.0,5887
SKBBL,2026-06-22,761.1,759.0,13930
KEF,2026-06-22,10.71,10.51,17500
NWCL,2026-06-22,731.8,770.0,900
FMDBL,2026-06-22,770.0,778.0,5081
CBBL,2026-06-22,915.0,916.0,15609
HBLD86,2026-06-22,1164.0,1164.0,28
LUK,2026-06-22,10.01,10.2,2600
NYADI,2026-06-22,375.3,389.0,4891
CLI,2026-06-22,450.0,450.2,13646
ULBSL,2026-06-22,2815.0,2867.0,266
CREST,2026-06-22,1274.0,1248.0,8369
WNLB,2026-06-22,1370.0,1390.0,163
NABILD2089,2026-06-22,1147.9,1092.0,13615
PCBL,2026-06-22,240.0,235.5,39949
TTL,2026-06-22,792.0,785.0,7156
KDBY,2026-06-22,10.92,11.0,100590
HIDCLP,2026-06-22,196.1,195.0,58645
NICA,2026-06-22,337.8,334.9,42306
GBLBS,2026-06-22,733.4,771.0,1351
CZBIL,2026-06-22,197.0,199.0,21511
GBBD85,2026-06-22,1085.1,1085.2,90
NICFC,2026-06-22,9.21,9.33,2750
YMHL,2026-06-22,300.0,345.0,140
LBBL,2026-06-22,489.9,485.5,18701
ULHC,2026-06-22,420.9,424.0,10465
SOPL,2026-06-22,1060.0,1120.0,354195
ILBS,2026-06-22,900.0,919.8,1898
SCB,2026-06-22,655.0,646.2,3446
BANDIPUR,2026-06-22,810.5,807.0,15196
DOLTI,2026-06-22,346.7,365.0,41167
GVL,2026-06-22,483.5,483.1,6993
SBI,2026-06-22,400.0,393.0,12975
SBCF,2026-06-22,9.5,9.6,13500
HATHY,2026-06-22,760.0,756.0,4939
BHPL,2026-06-22,525.0,530.0,6221
SINDU,2026-06-22,720.2,720.1,5705
SLBBL,2026-06-22,820.1,822.3,4137
SAIL,2026-06-22,1000.0,1029.9,20799
APHL,2026-06-22,961.8,964.2,81620
RLEL,2026-06-22,910.0,923.6,8263
EBLD91,2026-06-22,1090.0,1099.9,501
ALBSL,2026-06-22,1075.0,1095.9,3163
USHEC,2026-06-22,496.0,500.0,10000
NMB,2026-06-22,246.4,241.8,15677
NIMBPO,2026-06-22,148.4,147.0,2978
UHEWA,2026-06-22,630.0,643.0,79696
PRIN,2026-06-22,708.0,707.0,5609
HLBSL,2026-06-22,895.0,894.5,224
SPHL,2026-06-22,585.0,590.0,4809
NADEP,2026-06-22,736.0,747.6,473
CKHL,2026-06-22,622.8,645.0,215
LEC,2026-06-22,221.0,218.0,48824
BNHC,2026-06-22,322.1,326.9,2153
SFEF,2026-06-22,10.08,10.08,500
NHPC,2026-06-22,284.0,279.3,195439
GMFBS,2026-06-22,1274.5,1265.0,342
SFCL,2026-06-22,372.1,375.0,7145
HURJA,2026-06-22,243.3,243.0,23429
NLG,2026-06-22,610.0,619.9,5653
JBLB,2026-06-22,1266.3,1271.0,3762
HPPL,2026-06-22,370.0,369.0,19508
SHINE,2026-06-22,409.9,408.2,16065
SGIC,2026-06-22,484.9,480.5,9600
SIGS2,2026-06-22,10.5,10.5,2000
ILI,2026-06-22,430.0,430.0,9432
NMBD2085,2026-06-22,1140.0,1135.0,90
PRSF,2026-06-22,12.53,12.61,87778
SJCL,2026-06-22,290.0,285.0,10344
NFS,2026-06-22,620.0,607.0,4529
EBL,2026-06-22,729.7,697.0,48925
RADHI,2026-06-22,745.0,745.0,33028
AVYAN,2026-06-22,1044.0,1070.0,2230
BFC,2026-06-22,474.1,518.0,107252
ENL,2026-06-22,865.0,869.0,629
GHL,2026-06-22,232.0,229.0,19227
NBL,2026-06-22,266.0,266.3,101867
SMHL,2026-06-22,495.0,486.0,14094
DDBL,2026-06-22,836.0,842.0,6869
CHCL,2026-06-22,500.0,486.0,13823
NMBHF2,2026-06-22,9.6,9.61,66330
SSHL,2026-06-22,196.0,206.0,68285
AHL,2026-06-22,484.0,475.0,24030
NIBD84,2026-06-22,1060.0,1065.0,50
KHPL,2026-06-22,986.2,985.7,22983
RIDI,2026-06-22,360.1,344.0,200895
CORBL,2026-06-22,1679.0,1717.0,2909
SBID83,2026-06-22,1061.5,1061.5,50
RFPL,2026-06-22,362.0,355.9,15302
SABBL,2026-06-22,1030.0,1030.0,8666
VLUCL,2026-06-22,473.0,475.0,1606
NICBF,2026-06-22,9.69,9.18,3600
RHGCL,2026-06-22,278.5,274.2,25900
HIDCL,2026-06-22,262.0,260.0,27460
MFIL,2026-06-22,740.0,813.7,103834
HFIN,2026-06-22,815.3,815.0,25638
EDBL,2026-06-22,570.0,577.5,3657
JSLBB,2026-06-22,1055.0,1050.1,308
JBBL,2026-06-22,346.0,345.0,20468
TRH,2026-06-22,761.0,772.2,2271
MNMF1,2026-06-22,9.78,9.86,9100
SBL,2026-06-22,400.0,393.5,33718
SHL,2026-06-22,494.0,493.0,29833
TAMOR,2026-06-22,462.4,453.0,42549
GBIMESY2,2026-06-22,9.3,9.42,2180
C30MF,2026-06-22,9.9,10.1,200
BARUN,2026-06-22,336.4,333.6,19940
ACLBSL,2026-06-22,953.0,964.9,712
SOHL,2026-06-22,630.0,649.0,85505
MKJC,2026-06-22,460.4,481.5,1780
CFCL,2026-06-22,598.5,630.0,159138
NICL,2026-06-22,540.0,535.1,13638
EBLD86,2026-06-22,1078.0,1068.2,200
AKJCL,2026-06-22,396.1,380.2,450266
NRM,2026-06-22,335.0,332.0,11855
TPKHL,2026-06-22,300.0,345.0,260
MBL,2026-06-22,248.0,247.0,54486
ICFC,2026-06-22,622.1,621.5,9895
NIFRA,2026-06-22,258.0,255.1,48315
GBIME,2026-06-22,240.0,239.0,110533
MEHL,2026-06-22,349.1,359.0,1387
UNLB,2026-06-22,1351.0,1368.0,962
NESDO,2026-06-22,1525.0,1575.0,4910
CYCL,2026-06-22,1400.0,1484.9,3473
SHEL,2026-06-22,306.0,306.0,72269
SMATA,2026-06-22,760.0,760.0,3346
BUNGAL,2026-06-22,754.2,810.0,123995
NICGF2,2026-06-22,9.27,9.5,1700
BHL,2026-06-22,216.0,214.3,70379
GILB,2026-06-22,1124.0,1129.9,5078
MATRI,2026-06-22,875.0,882.7,302
PPL,2026-06-22,330.6,350.0,15511
MKHL,2026-06-22,508.0,503.0,4168
NBF3,2026-06-22,10.0,9.9,102090
API,2026-06-22,345.0,341.5,77278
HLI,2026-06-22,319.2,335.0,14024
IHL,2026-06-22,392.0,389.0,8069
NIBSF2,2026-06-22,9.0,9.52,3823
UMHL,2026-06-22,618.0,621.0,103071
CIZBD90,2026-06-22,1205.0,1205.0,25
GUFL,2026-06-22,555.0,550.1,9519
MHCL,2026-06-22,343.0,344.0,2788
UNHPL,2026-06-22,404.0,406.0,18957
GSY,2026-06-22,10.0,10.0,11800
KKHC,2026-06-22,252.0,250.0,22518
KDL,2026-06-22,810.1,820.0,2555
RMF2,2026-06-22,10.2,10.0,300
OMPL,2026-06-22,1115.0,1119.0,4232
GMFIL,2026-06-22,480.0,481.0,17445
SMH,2026-06-22,566.0,570.0,2240
DHPL,2026-06-22,295.0,294.0,3750
PSF,2026-06-22,11.84,11.99,4150
RHPL,2026-06-22,268.1,265.0,23810
SADBL,2026-06-22,408.0,407.4,4561
MKCL,2026-06-22,1207.5,1151.0,1125
USHL,2026-06-22,578.0,589.9,1151
MANDU,2026-06-22,871.3,827.0,1429
GLH,2026-06-22,275.0,262.0,13379
SHLB,2026-06-22,1462.2,1478.9,286
MLBSL,2026-06-22,1745.0,1794.0,583
SKHL,2026-06-22,1002.0,958.1,41837
BNT,2026-06-22,11800.0,11800.0,10
NUBL,2026-06-22,640.0,640.0,3398
SMFBS,2026-06-22,1489.0,1559.0,1172
MBJC,2026-06-22,280.6,282.0,14135
CGH,2026-06-22,795.0,780.0,12020
UNL,2026-06-22,46501.0,47000.0,40
LSL,2026-06-22,220.0,219.0,37030
PCIL,2026-06-22,700.0,725.0,43974
PMHPL,2026-06-22,331.1,333.0,5519
SMB,2026-06-22,1900.0,1886.1,8420
MDB,2026-06-22,600.0,602.0,9993
NIBLSTF,2026-06-22,9.39,8.95,1200
TPC,2026-06-22,366.0,366.2,4211
MHNL,2026-06-22,258.0,257.0,7557
MMKJL,2026-06-22,495.0,499.9,1545
TVCL,2026-06-22,516.6,495.0,5449
MLBS,2026-06-22,1235.0,1232.9,455
ALICL,2026-06-22,444.0,445.0,5297
CMF2,2026-06-22,9.88,9.85,8088
NICLBSL,2026-06-22,565.0,573.1,3964
PPCL,2026-06-22,384.3,372.7,15565
NRIC,2026-06-22,980.0,969.0,25264
SIPD,2026-06-22,691.6,716.2,15332
HRL,2026-06-22,661.0,622.0,63187
MND84/85,2026-06-22,1073.0,1072.6,50
NABILD87,2026-06-22,1125.0,1125.0,25
IGI,2026-06-22,452.9,443.0,14563
KBSH,2026-06-22,1460.5,1460.0,132
MHL,2026-06-22,492.2,494.5,886
HHL,2026-06-22,354.0,357.0,31471
JHAPA,2026-06-22,1300.0,1305.0,22415
NGPL,2026-06-22,429.0,423.0,104124
UPPER,2026-06-22,209.1,198.0,64536
RSML,2026-06-22,3250.0,3291.0,38904
CHDC,2026-06-22,2237.9,2236.0,7802
BNL,2026-06-22,15200.0,15200.0,30
UPCL,2026-06-22,344.9,359.9,20799
MEN,2026-06-22,587.0,589.7,34148
FOWAD,2026-06-22,1000.0,1007.5,1549
MAKAR,2026-06-22,502.0,490.0,2960
DORDI,2026-06-22,268.0,264.5,22832
KSBBL,2026-06-22,481.0,482.4,4101
SPC,2026-06-22,451.0,448.0,7955
BEDC,2026-06-22,360.0,361.9,25876
HDHPC,2026-06-22,220.0,216.3,127934
MEL,2026-06-22,230.1,232.7,1141
NTC,2026-06-22,891.4,848.7,7815
SLBSL,2026-06-22,1220.0,1238.0,1567
CITY,2026-06-22,413.5,403.9,128241
MNBBL,2026-06-22,371.5,370.0,20128
NMBMF,2026-06-22,609.9,642.0,383
CIT,2026-06-22,1730.0,1722.0,5813
AKPL,2026-06-22,265.0,261.5,77065
ICFCD88,2026-06-22,1140.0,1121.0,40
NSY,2026-06-22,9.38,9.66,4600
HLICF,2026-06-22,8.7,8.73,2700
GBILD84/85,2026-06-22,1110.0,1100.0,145000
SMPDA,2026-06-22,832.0,813.9,1911
NCCD86,2026-06-22,1210.0,1180.0,102
NMB50,2026-06-22,10.4,10.45,3420
NBBD2085,2026-06-22,1170.0,1170.0,247164
KPCL,2026-06-22,485.0,486.0,10166
NIBLGF,2026-06-22,9.36,9.35,300
SALICO,2026-06-22,609.0,615.0,3581
SBID89,2026-06-22,1138.2,1138.2,20
BGWT,2026-06-22,665.0,635.0,919
BPCL,2026-06-22,666.3,671.0,9452
NMFBS,2026-06-22,1117.0,1128.0,4591
SANIMA,2026-06-22,365.0,358.0,51905
MLBL,2026-06-22,361.1,358.0,37025
MPFL,2026-06-22,600.0,610.0,8788
RSDC,2026-06-22,660.0,665.0,5137
HDL,2026-06-22,1153.0,1150.5,16820
NMLBBL,2026-06-22,575.0,576.0,1445
EHPL,2026-06-22,398.9,385.0,21374
MBLEF,2026-06-22,10.0,9.95,28700
HEIP,2026-06-22,316.0,325.0,500
SWASTIK,2026-06-22,2277.2,2277.0,524
SHPC,2026-06-22,504.0,504.5,7962
EBLD85,2026-06-22,1200.0,1170.0,75
GFCL,2026-06-22,628.0,643.0,9361
ADBL,2026-06-22,316.0,307.9,40052
DLBS,2026-06-22,1260.0,1260.0,179
SEF,2026-06-22,10.52,10.3,23898
JFL,2026-06-22,405.1,409.7,6532
NBF2,2026-06-22,10.0,9.91,1200
SPDL,2026-06-22,389.0,392.0,36884
SONA,2026-06-22,408.4,426.1,16617
NRN,2026-06-22,1400.0,1469.9,210431
MLBBL,2026-06-22,1160.0,1179.0,836
NLICL,2026-06-22,583.0,580.0,16773
CBLD88,2026-06-22,1185.0,1185.0,25
KBL,2026-06-22,212.0,211.3,92720
GIBF1,2026-06-22,10.54,10.55,2700
KSY,2026-06-22,9.82,9.91,1300
MMF1,2026-06-22,9.73,9.58,63550
HBL,2026-06-22,186.2,195.5,34276
GBBL,2026-06-22,408.0,405.5,21243
RURU,2026-06-22,645.0,646.0,8203
SMJC,2026-06-22,452.0,475.0,67876
VLBS,2026-06-22,710.0,715.1,3201
SANVI,2026-06-22,675.2,676.5,14032
RBCL,2026-06-22,14500.0,14490.0,70
SPIL,2026-06-22,722.0,711.6,3340
SARBTM,2026-06-22,820.1,835.0,9509
SNLI,2026-06-22,443.0,444.4,11253
PURE,2026-06-22,910.0,892.0,3004
NIMB,2026-06-22,205.4,195.0,58568
STC,2026-06-22,5326.0,5368.0,51
PROFL,2026-06-22,463.0,455.9,5490
SAGF,2026-06-22,10.3,10.2,6500
TSHL,2026-06-22,543.9,529.0,2084
SIFC,2026-06-22,551.1,565.0,20172
HLICF,2026-06-19,8.82,8.83,961
NMBHF2,2026-06-19,9.7,9.71,31740
PROFL,2026-06-19,469.2,450.0,8507
PBD88,2026-06-19,1215.0,1215.0,25
NIFRA,2026-06-19,256.5,257.0,37117
NABIL,2026-06-19,536.0,531.0,37753
JFL,2026-06-19,390.0,405.2,5665
CLI,2026-06-19,450.2,452.0,13767
ICFC,2026-06-19,627.0,623.0,3285
MMF1,2026-06-19,9.58,9.45,35590
BJHL,2026-06-19,869.0,887.0,21008
BHL,2026-06-19,215.0,214.7,44369
MLBBL,2026-06-19,1170.0,1169.0,787
OMPL,2026-06-19,1111.0,1114.0,4000
SMJC,2026-06-19,455.0,452.0,6306
KDL,2026-06-19,816.2,814.0,1310
EBLD86,2026-06-19,1100.0,1100.0,105
CHDC,2026-06-19,2259.9,2237.9,1792
SFMF,2026-06-19,11.01,11.01,1000
CZBIL,2026-06-19,200.0,198.0,22883
MDB,2026-06-19,604.0,600.0,5179
LUK,2026-06-19,10.0,10.0,11300
SIFC,2026-06-19,560.0,559.0,10540
UAIL,2026-06-19,475.0,473.0,10562
NSY,2026-06-19,9.45,9.66,5950
SMPDA,2026-06-19,838.0,814.9,3798
MBLD87,2026-06-19,1148.0,1148.0,5000
WNLB,2026-06-19,1366.0,1404.0,170
ALICL,2026-06-19,442.0,444.0,6231
BNT,2026-06-19,11740.0,11899.9,57
SOPL,2026-06-19,950.0,1060.0,190900
SINDU,2026-06-19,747.1,732.3,4472
KSY,2026-06-19,9.66,9.9,2400
USHEC,2026-06-19,497.0,498.0,7515
RURU,2026-06-19,642.1,646.5,6811
NICA,2026-06-19,349.7,337.8,70436
NIMBPO,2026-06-19,148.0,144.2,4124
DOLTI,2026-06-19,364.0,364.9,53718
CYCL,2026-06-19,1390.2,1429.6,813
NWCL,2026-06-19,735.0,768.4,1360
NICSF,2026-06-19,9.22,9.23,4150
ENL,2026-06-19,860.0,873.6,315
MCHL,2026-06-19,320.0,318.0,8160
SLCF,2026-06-19,9.9,10.1,13920
PURE,2026-06-19,888.4,889.0,3138
SCB,2026-06-19,648.7,649.1,12222
PRVU,2026-06-19,193.3,193.7,48358
MHNL,2026-06-19,245.9,257.0,9338
NESDO,2026-06-19,1525.0,1525.0,331
KEF,2026-06-19,10.72,10.75,2600
EBL,2026-06-19,670.0,695.0,51877
SAHAS,2026-06-19,697.2,662.6,52464
EDBL,2026-06-19,584.9,571.5,3335
MLBSL,2026-06-19,1750.0,1764.0,353
BEDC,2026-06-19,363.9,360.0,54811
TTL,2026-06-19,794.0,795.0,9608
KHPL,2026-06-19,989.1,998.0,15157
SLBBL,2026-06-19,820.0,819.9,6998
BUNGAL,2026-06-19,843.6,777.4,148991
MLBS,2026-06-19,1200.0,1228.9,785
PSF,2026-06-19,12.01,12.2,288200
MPFL,2026-06-19,610.0,612.0,10824
MKCL,2026-06-19,1179.0,1150.0,3946
TPC,2026-06-19,365.0,366.0,15736
HATHY,2026-06-19,774.5,763.0,2955
GBILD84/85,2026-06-19,1129.7,1129.7,290000
NIBLGF,2026-06-19,9.35,9.35,2020
GLH,2026-06-19,264.0,262.3,12924
HBL,2026-06-19,196.0,196.0,17160
MNBBL,2026-06-19,372.0,371.5,30138
SAPDBL,2026-06-19,820.0,819.9,15380
HFIN,2026-06-19,815.0,815.3,19548
ILI,2026-06-19,432.0,432.8,8516
TRH,2026-06-19,770.0,765.7,2216
SANIMA,2026-06-19,377.8,359.0,72922
AKPL,2026-06-19,260.1,263.2,27451
LLBS,2026-06-19,953.0,950.0,150
LBLD88,2026-06-19,1088.4,1088.4,25
LVF2,2026-06-19,9.87,9.87,450
LICN,2026-06-19,847.3,809.9,16666
CIZBD86,2026-06-19,1145.0,1145.0,1
VLUCL,2026-06-19,475.0,482.0,3837
BNL,2026-06-19,14679.1,15200.0,20
SFEF,2026-06-19,10.1,10.1,900
SIGS2,2026-06-19,10.8,10.8,200
NIBSF2,2026-06-19,9.1,9.27,14600
NRM,2026-06-19,335.0,331.6,17517
SMFBS,2026-06-19,1460.1,1489.0,891
GSY,2026-06-19,9.63,10.0,7820
RSY,2026-06-19,10.18,10.25,2100
H8020,2026-06-19,11.96,11.96,1350
PRIN,2026-06-19,743.4,703.0,9210
CITY,2026-06-19,433.6,413.5,201704
DHPL,2026-06-19,307.0,299.0,2177
RBBD2088,2026-06-19,1082.2,1082.2,29011
TSHL,2026-06-19,528.0,528.1,1368
NYADI,2026-06-19,385.2,395.0,6016
MKHL,2026-06-19,505.0,507.0,7999
CHL,2026-06-19,279.0,278.0,7347
ULBSL,2026-06-19,2847.1,2836.0,253
BNHC,2026-06-19,321.4,325.7,437
ACLBSL,2026-06-19,938.0,950.6,688
MNMF1,2026-06-19,9.77,9.86,1700
LEC,2026-06-19,220.0,218.5,56091
KBLD89,2026-06-19,1260.0,1260.0,1000
NICLBSL,2026-06-19,565.1,570.0,1705
BPCL,2026-06-19,704.5,670.0,10718
MMKJL,2026-06-19,517.6,494.8,3923
KBLD90,2026-06-19,1259.8,1259.8,50000
MABEL,2026-06-19,706.0,711.9,18113
GILB,2026-06-19,1100.1,1124.0,1055
STC,2026-06-19,5290.0,5325.0,250
NIMB,2026-06-19,204.9,195.7,71455
GBBL,2026-06-19,412.0,408.0,10468
C30MF,2026-06-19,10.0,10.05,277200
MAKAR,2026-06-19,482.1,488.0,895
BHPL,2026-06-19,548.6,523.9,3692
BBC,2026-06-19,4285.0,4285.0,496
NMIC,2026-06-19,1020.0,1017.0,1575
NMB,2026-06-19,244.5,241.2,18075
SOHL,2026-06-19,609.0,655.3,133448
RLEL,2026-06-19,894.7,910.0,6632
CBBL,2026-06-19,911.0,912.5,11568
UMRH,2026-06-19,535.1,539.0,3215
HDL,2026-06-19,1154.0,1151.0,15403
MATRI,2026-06-19,865.0,875.0,572
VLBS,2026-06-19,732.0,724.0,2610
SBCF,2026-06-19,9.66,9.77,11501
HIDCLP,2026-06-19,197.0,195.5,80162
SARBTM,2026-06-19,831.0,831.0,4118
SIGS3,2026-06-19,11.0,10.51,1001170
SPDL,2026-06-19,390.0,389.0,11285
SWASTIK,2026-06-19,2210.0,2277.2,715
GVL,2026-06-19,484.0,483.5,12913
SHIVM,2026-06-19,651.0,644.2,98640
SKBBL,2026-06-19,760.0,760.0,20661
GMFIL,2026-06-19,471.2,479.8,16506
SHLB,2026-06-19,1420.0,1460.0,690
NIBD84,2026-06-19,1055.8,1055.8,50
JBLB,2026-06-19,1264.0,1265.0,2741
PHCL,2026-06-19,312.0,310.2,73933
SPIL,2026-06-19,712.1,722.0,629
SNLI,2026-06-19,448.0,443.8,13935
RFPL,2026-06-19,364.0,355.3,28876
MFIL,2026-06-19,730.0,777.0,19001
NUBL,2026-06-19,646.0,646.0,996
SSHL,2026-06-19,212.0,206.0,99303
TVCL,2026-06-19,500.0,492.0,6867
UPPER,2026-06-19,198.0,199.2,54529
SJCL,2026-06-19,285.0,284.5,8140
NLICL,2026-06-19,576.2,583.0,9424
NIL,2026-06-19,640.0,639.9,2025
NABILD87,2026-06-19,1157.9,1157.9,33708
PFL,2026-06-19,366.0,370.0,7118
HIMSTAR,2026-06-19,823.2,833.8,1771
NBLD85,2026-06-19,1074.6,1050.0,80125
SBLD84,2026-06-19,1067.3,1067.3,9754
MEHL,2026-06-19,356.4,358.0,2271
SAIL,2026-06-19,1023.1,1014.6,20056
SEF,2026-06-19,10.3,10.3,200
KPCL,2026-06-19,487.0,486.1,7172
RLFL,2026-06-19,437.0,490.8,113279
DDBL,2026-06-19,835.0,836.0,6612
RBCL,2026-06-19,14521.0,14500.0,176
NICAD2091,2026-06-19,1045.3,1045.3,25
EBLD91,2026-06-19,1137.8,1090.0,50075
SMB,2026-06-19,1750.0,1910.0,17489
NABBC,2026-06-19,822.5,828.0,20184
MHL,2026-06-19,498.0,493.5,2482
HEI,2026-06-19,565.0,550.0,13499
NGPL,2026-06-19,445.0,423.1,48788
SIKLES,2026-06-19,584.1,570.0,28726
ICFCD88,2026-06-19,1140.0,1140.0,10
SFCL,2026-06-19,380.9,373.4,7471
GIBF1,2026-06-19,10.54,10.59,1250
PPCL,2026-06-19,384.3,366.9,6890
PCBL,2026-06-19,233.9,235.5,52013
NICL,2026-06-19,536.0,538.0,19550
SKHL,2026-06-19,942.5,955.0,32681
SBL,2026-06-19,390.0,394.0,51314
RAWA,2026-06-19,459.0,484.0,113928
MLBL,2026-06-19,357.0,359.1,6906
KSBBL,2026-06-19,489.8,482.0,26913
HHL,2026-06-19,359.1,352.8,23024
NBL,2026-06-19,265.7,265.3,37753
KBSH,2026-06-19,1525.0,1460.5,210
SLBSL,2026-06-19,1185.0,1228.0,2770
RSDC,2026-06-19,655.3,658.0,811
NBF3,2026-06-19,9.94,9.95,63940
GUFL,2026-06-19,564.9,555.0,8383
OHL,2026-06-19,686.0,687.8,983
LSL,2026-06-19,218.0,218.0,64574
GLBSL,2026-06-19,1760.0,1840.0,4266
SALICO,2026-06-19,624.9,618.0,2167
KDBY,2026-06-19,11.13,11.24,901850
SBD87,2026-06-19,1137.5,1137.5,20000
GHL,2026-06-19,230.0,229.1,15028
USHL,2026-06-19,590.2,593.0,3023
KBL,2026-06-19,210.4,212.0,115955
UMHL,2026-06-19,602.0,618.5,233033
NICFC,2026-06-19,9.39,9.32,14450
NRIC,2026-06-19,975.0,968.0,38289
NMLBBL,2026-06-19,605.0,576.0,6002
JBBL,2026-06-19,349.0,346.0,34317
NSIF2,2026-06-19,10.53,10.6,50810
LBBL,2026-06-19,490.8,486.0,13061
NICBF,2026-06-19,9.41,9.41,600
GCIL,2026-06-19,375.2,375.0,15008
PMLIP,2026-06-19,255.0,255.0,130442
JHAPA,2026-06-19,1305.0,1300.7,9426
API,2026-06-19,344.0,343.0,185863
ADBLD83,2026-06-19,1083.0,1083.0,50
KMCDB,2026-06-19,831.0,830.0,1507
NFS,2026-06-19,596.0,604.0,13730
CFCL,2026-06-19,594.0,629.9,128671
SMATA,2026-06-19,757.0,760.0,2310
ANLB,2026-06-19,6933.0,5929.0,913
SHL,2026-06-19,498.0,494.0,13969
HLBSL,2026-06-19,860.1,895.0,1409
PCIL,2026-06-19,730.0,719.0,34513
HPPL,2026-06-19,371.0,367.0,15080
NHDL,2026-06-19,634.0,636.5,6528
PPL,2026-06-19,329.8,348.0,21424
SGHC,2026-06-19,354.0,357.0,5659
CSY,2026-06-19,9.1,9.3,41400
PMLI,2026-06-19,460.0,479.8,6948
RHPL,2026-06-19,269.0,268.1,9138
MEN,2026-06-19,589.0,585.5,59654
RHGCL,2026-06-19,283.0,278.1,17622
PMHPL,2026-06-19,332.0,335.0,6140
SONA,2026-06-19,430.1,429.9,15493
MKJC,2026-06-19,490.0,484.6,2421
GFCL,2026-06-19,640.0,631.0,7559
BFC,2026-06-19,504.0,499.0,26338
KBLD86,2026-06-19,1236.0,1236.0,10
EHPL,2026-06-19,392.0,391.0,4269
CREST,2026-06-19,1279.0,1258.0,6659
RMF2,2026-06-19,10.2,10.2,400
JOSHI,2026-06-19,281.0,277.0,12831
RMF1,2026-06-19,10.05,9.81,600
PRSF,2026-06-19,12.71,12.61,398700
SIPD,2026-06-19,720.0,728.0,13271
DHEL,2026-06-19,624.0,612.0,10475
MANDU,2026-06-19,826.1,830.0,800
CORBL,2026-06-19,1711.2,1715.0,7302
CHCL,2026-06-19,508.2,487.0,26489
HLI,2026-06-19,335.0,336.0,24461
AHPC,2026-06-19,273.0,272.5,29888
GBIME,2026-06-19,240.0,240.0,60695
GBIMESY2,2026-06-19,9.4,9.51,1100
ADBL,2026-06-19,307.2,309.0,9697
SYPNL,2026-06-19,1368.0,1444.0,40340
UHEWA,2026-06-19,625.0,645.0,99560
NRN,2026-06-19,1405.0,1404.0,51874
DORDI,2026-06-19,266.0,267.0,7442
NLG,2026-06-19,624.0,604.0,7455
SADBL,2026-06-19,406.0,408.0,22587
NLIC,2026-06-19,796.9,759.0,14613
UNLB,2026-06-19,1365.9,1369.0,185
MBLEF,2026-06-19,10.2,10.1,2800
BANDIPUR,2026-06-19,807.9,810.5,15587
NMBMF,2026-06-19,627.4,642.0,2313
NIBLSTF,2026-06-19,9.3,9.12,7070
GRDBL,2026-06-19,1061.7,1069.9,7362
NICGF2,2026-06-19,9.55,9.55,15900
PBLD87,2026-06-19,1100.0,1095.0,50
AVYAN,2026-06-19,997.5,1043.1,1685
RNLI,2026-06-19,458.5,459.0,17620
SABBL,2026-06-19,1020.0,1030.1,8282
ICFCD89,2026-06-19,1087.5,1086.5,75
NIMBD90,2026-06-19,1208.0,1207.0,3000
SJLIC,2026-06-19,424.0,425.5,13506
FOWAD,2026-06-19,1007.5,1010.0,1443
GBILD86/87,2026-06-19,1141.8,1141.8,290000
CGH,2026-06-19,780.2,781.0,9319
MSLB,2026-06-19,1215.0,1234.0,241
SHINE,2026-06-19,410.0,409.9,14959
AKJCL,2026-06-19,381.0,377.3,514715
ALBSL,2026-06-19,1070.0,1097.9,15624
RBBF40,2026-06-19,9.45,9.45,500
NABILD2089,2026-06-19,1092.0,1124.7,35
RBBD83,2026-06-19,1060.6,1060.6,36424
SANVI,2026-06-19,681.0,680.0,6571
CBLD88,2026-06-19,1180.0,1175.3,17
NHPC,2026-06-19,295.0,280.3,225907
MATRIP,2026-06-19,523.5,523.5,3400
SPC,2026-06-19,464.0,452.3,1047
HRL,2026-06-19,630.0,630.0,51618
JSLBB,2026-06-19,1057.1,1067.0,1451
SGIC,2026-06-19,473.0,478.0,6363
NBLD82,2026-06-19,1080.0,1080.0,50
MBL,2026-06-19,248.0,247.5,52168
NBLD87,2026-06-19,1144.3,1144.3,117068
BARUN,2026-06-19,335.0,333.9,14469
NTC,2026-06-19,851.0,849.0,6752
NBF2,2026-06-19,9.95,10.1,6800
SHPC,2026-06-19,505.1,508.0,34672
IHL,2026-06-19,392.0,392.0,8372
HIDCL,2026-06-19,260.3,260.5,40945
BHCL,2026-06-19,510.2,547.6,32379
SAGF,2026-06-19,10.05,10.0,10675
MSHL,2026-06-19,666.0,679.9,121
SPL,2026-06-19,710.0,693.9,934
GBBD85,2026-06-19,1102.0,1085.1,40025
SMH,2026-06-19,577.0,571.5,2812
NMFBS,2026-06-19,1110.3,1120.1,9102
NADEP,2026-06-19,750.0,755.0,715
BHDC,2026-06-19,450.4,454.0,8107
HDHPC,2026-06-19,220.0,217.2,100976
UNL,2026-06-19,47399.9,47399.9,2
CKHL,2026-06-19,630.0,642.0,729
RIDI,2026-06-19,344.0,343.2,106890
RADHI,2026-06-19,740.0,745.0,17332
GMLI,2026-06-19,1251.0,1286.0,1406
SRLI,2026-06-19,388.3,390.0,9109
SPHL,2026-06-19,585.0,599.8,18271
RSML,2026-06-19,3517.0,3350.0,13837
SKHEL,2026-06-19,1104.0,1129.0,4448
LBBLD89,2026-06-19,1260.0,1260.0,75
MBJC,2026-06-19,282.29,282.0,17914
UPCL,2026-06-19,342.1,363.0,22351
SWMF,2026-06-19,652.0,651.6,1392
GBLBS,2026-06-19,775.9,771.5,825
USLB,2026-06-19,1227.2,1259.8,1061
CIT,2026-06-19,1730.1,1729.0,4848
APHL,2026-06-19,836.0,916.0,1380
SWBBL,2026-06-19,770.7,740.0,2331
MKHC,2026-06-19,318.1,315.5,7735
SAGAR,2026-06-19,1665.0,1660.0,3819
CIZBD90,2026-06-19,1258.0,1203.0,10355
SMHL,2026-06-19,495.0,486.0,13804
DLBS,2026-06-19,1240.0,1255.6,130
SDBD87,2026-06-19,1125.0,1125.0,25
SBI,2026-06-19,387.1,394.0,12502
KKHC,2026-06-19,255.0,252.8,24985
RBCLPO,2026-06-19,11552.0,11550.0,50
SICL,2026-06-19,624.0,624.8,2256
MHCL,2026-06-19,340.0,343.0,3802
UNHPL,2026-06-19,400.0,405.2,13476
HEIP,2026-06-19,316.0,316.0,23
MERO,2026-06-19,710.0,719.9,2890
JBBD87,2026-06-19,1109.7,1109.7,25
TAMOR,2026-06-19,449.0,452.9,51252
FMDBL,2026-06-19,785.0,776.5,5745
GMFBS,2026-06-19,1251.0,1250.0,332
BGWT,2026-06-19,650.0,648.7,4132
MEL,2026-06-19,235.0,235.0,9993
AHL,2026-06-19,454.0,470.0,3325
ILBS,2026-06-19,920.0,915.0,927
HURJA,2026-06-19,245.0,243.0,40313
IGI,2026-06-19,455.0,449.8,2489
ULHC,2026-06-19,423.0,420.9,7644
SHEL,2026-06-19,308.0,306.4,86057
BUNGAL,2026-06-18,777.1,888.0,161716
SJCL,2026-06-18,289.0,285.6,2784
BHPL,2026-06-18,554.4,522.5,3138
RHGCL,2026-06-18,281.0,282.0,8412
HURJA,2026-06-18,247.0,245.0,29344
NTC,2026-06-18,848.6,849.0,6115
MBLD87,2026-06-18,1107.0,1107.0,5
GILB,2026-06-18,1111.0,1112.2,473
MHNL,2026-06-18,256.2,258.8,5044
SMHL,2026-06-18,495.0,492.9,22120
JBBL,2026-06-18,351.0,347.0,25192
AHL,2026-06-18,474.0,477.0,5986
SWBBL,2026-06-18,733.0,734.0,7749
ENL,2026-06-18,865.0,874.6,319
IHL,2026-06-18,393.4,395.9,8810
GBIME,2026-06-18,238.0,240.5,92241
SMFBS,2026-06-18,1505.0,1486.0,854
BFC,2026-06-18,490.0,504.0,24304
SNLI,2026-06-18,449.0,444.1,26602
MKJC,2026-06-18,480.0,485.0,4004
GLH,2026-06-18,269.0,264.0,14493
MBLEF,2026-06-18,9.93,10.15,175700
TRH,2026-06-18,770.0,770.0,658
KPCL,2026-06-18,492.5,484.5,3721
SGIC,2026-06-18,479.1,480.9,18810
NMFBS,2026-06-18,1130.0,1124.0,3395
SIFC,2026-06-18,550.0,553.9,8732
ILBS,2026-06-18,905.0,909.0,929
NHPC,2026-06-18,280.1,281.0,229727
ULBSL,2026-06-18,2825.0,2838.0,760
BNT,2026-06-18,11850.0,11898.9,40
NMBD2085,2026-06-18,1160.0,1160.0,25
ACLBSL,2026-06-18,944.2,957.7,350
NIFRA,2026-06-18,257.5,256.5,45354
DHPL,2026-06-18,315.0,299.9,1496
NUBL,2026-06-18,649.8,645.0,2128
SPHL,2026-06-18,588.4,599.7,24694
ANLB,2026-06-18,5580.0,6603.0,1107
GBLBS,2026-06-18,767.0,772.0,3017
MLBSL,2026-06-18,1810.0,1745.0,635
BBC,2026-06-18,4270.0,4254.0,348
LICN,2026-06-18,812.0,807.0,7018
NABIL,2026-06-18,505.4,532.0,23502
DHEL,2026-06-18,613.1,622.0,7590
MLBS,2026-06-18,1237.9,1231.0,312
USHL,2026-06-18,590.2,594.0,3250
LVF2,2026-06-18,9.85,10.14,2200
MHL,2026-06-18,503.9,492.1,7170
NSY,2026-06-18,9.79,9.5,2850
MLBBL,2026-06-18,1184.0,1170.0,516
AKJCL,2026-06-18,416.7,381.0,829827
AKPL,2026-06-18,269.0,265.0,65911
HPPL,2026-06-18,370.0,371.0,26816
NLG,2026-06-18,649.0,612.0,6673
MATRI,2026-06-18,860.0,885.0,122
HLICF,2026-06-18,8.76,8.82,3200
NRIC,2026-06-18,1001.0,974.0,56050
NIBLGF,2026-06-18,9.35,9.5,8720
TVCL,2026-06-18,540.7,506.0,12334
SINDU,2026-06-18,698.3,730.0,2910
EDBL,2026-06-18,577.0,578.9,1321
SGHC,2026-06-18,352.1,354.0,5061
PBD88,2026-06-18,1179.3,1201.0,51
VLUCL,2026-06-18,470.0,477.0,2192
MNBBL,2026-06-18,373.9,371.5,6663
RSDC,2026-06-18,656.5,660.0,2167
OMPL,2026-06-18,1131.0,1133.0,7282
SPC,2026-06-18,450.0,455.0,1169
SMJC,2026-06-18,460.0,454.1,14800
RLFL,2026-06-18,455.0,459.9,13939
EBLD91,2026-06-18,1090.0,1090.0,25
SHIVM,2026-06-18,646.0,647.1,120221
MSHL,2026-06-18,667.5,680.0,452
ADBLD83,2026-06-18,1055.0,1055.0,50
ILI,2026-06-18,428.9,432.0,5087
MKCL,2026-06-18,1192.0,1182.0,1892
KDL,2026-06-18,806.1,816.1,160
JBLB,2026-06-18,1270.0,1263.0,3010
CKHL,2026-06-18,629.3,642.0,740
NBF2,2026-06-18,10.0,10.2,850
CGH,2026-06-18,780.0,784.0,4916
GBIMESY2,2026-06-18,9.2,9.33,1700
SKHL,2026-06-18,940.0,942.5,11201
LEC,2026-06-18,220.0,219.0,36231
PBLD87,2026-06-18,1095.0,1095.0,50
CSY,2026-06-18,9.0,9.25,3150
BJHL,2026-06-18,809.0,860.0,25262
SLCF,2026-06-18,10.37,10.2,30467
GFCL,2026-06-18,594.8,633.0,9883
NICFC,2026-06-18,9.39,9.39,2100
UAIL,2026-06-18,470.0,470.4,10019
NBLD85,2026-06-18,1045.9,1053.4,60
SFCL,2026-06-18,385.0,375.0,4181
RURU,2026-06-18,646.0,645.0,2493
SPL,2026-06-18,712.0,699.0,564
USLB,2026-06-18,1230.5,1249.0,551
NMBMF,2026-06-18,635.0,635.3,229
NCCD86,2026-06-18,1210.0,1210.0,88
MSLB,2026-06-18,1215.0,1224.0,668
MLBL,2026-06-18,360.0,357.6,13856
DLBS,2026-06-18,1230.0,1256.1,485
AHPC,2026-06-18,272.4,273.0,31535
UPCL,2026-06-18,360.0,360.1,20151
ULHC,2026-06-18,437.5,423.0,7715
HIDCL,2026-06-18,260.0,260.4,28866
RHPL,2026-06-18,265.0,269.4,12451
RMF2,2026-06-18,10.2,10.3,4700
NLICL,2026-06-18,578.0,580.0,1706
SIGS2,2026-06-18,11.06,11.06,1206
HDL,2026-06-18,1155.0,1152.1,15769
SAGF,2026-06-18,10.0,10.2,500
SWMF,2026-06-18,658.9,655.0,1296
SSHL,2026-06-18,209.5,208.5,70770
RBCL,2026-06-18,14700.0,14790.0,70
BEDC,2026-06-18,375.0,365.5,67618
ALICL,2026-06-18,442.0,444.1,4851
CORBL,2026-06-18,1750.0,1735.0,6019
NMIC,2026-06-18,1013.1,1015.0,4712
GRDBL,2026-06-18,1070.0,1077.0,7446
RNLI,2026-06-18,457.3,458.7,8074
NMB50,2026-06-18,10.7,10.7,1500
PMHPL,2026-06-18,335.0,332.0,7475
CITY,2026-06-18,402.3,413.0,181547
NBL,2026-06-18,254.0,265.7,29487
UPPER,2026-06-18,210.0,199.7,56890
BNHC,2026-06-18,320.1,325.0,5071
HDHPC,2026-06-18,220.0,217.9,105932
CYCL,2026-06-18,1425.0,1425.0,1588
VLBS,2026-06-18,730.0,732.0,2365
BANDIPUR,2026-06-18,800.0,811.0,10416
RIDI,2026-06-18,349.0,344.0,140339
KSBBL,2026-06-18,492.0,482.0,12686
GBBL,2026-06-18,414.9,410.0,9470
UNLB,2026-06-18,1350.0,1368.8,166
SANVI,2026-06-18,690.0,680.9,5585
NIBSF2,2026-06-18,9.03,9.1,4800
SAHAS,2026-06-18,695.0,664.0,55858
NICL,2026-06-18,539.9,531.0,22503
NMLBBL,2026-06-18,575.1,576.8,4371
NWCL,2026-06-18,770.0,770.3,2889
GMFBS,2026-06-18,1245.0,1262.0,28
TPC,2026-06-18,371.9,365.7,7595
SOPL,2026-06-18,848.0,929.7,1730
ICFC,2026-06-18,629.9,626.9,3104
PMLI,2026-06-18,460.0,464.0,5906
KSY,2026-06-18,9.65,9.83,900
SBL,2026-06-18,414.6,394.0,313284
SBID83,2026-06-18,1061.0,1061.0,25
SONA,2026-06-18,430.0,429.3,15724
MKHC,2026-06-18,315.5,318.5,14268
MNBBLP,2026-06-18,236.2,236.2,12005
HIMSTAR,2026-06-18,830.0,837.9,1649
HIDCLP,2026-06-18,192.0,196.0,109542
ICFCD88,2026-06-18,1115.5,1115.5,25
FOWAD,2026-06-18,1012.0,1007.0,2890
TTL,2026-06-18,796.0,794.0,6140
NRM,2026-06-18,338.0,335.0,8074
SICL,2026-06-18,625.6,624.0,7552
KMCDB,2026-06-18,835.0,837.0,1620
PRVU,2026-06-18,194.0,193.3,53852
NICD83/84,2026-06-18,1050.0,1050.0,25
ICFCD89,2026-06-18,1087.2,1087.2,25
KKHC,2026-06-18,255.9,253.0,23937
MPFL,2026-06-18,610.0,613.0,6491
SHINE,2026-06-18,409.0,406.9,8070
NICA,2026-06-18,336.0,333.1,40859
MHCL,2026-06-18,343.5,344.0,15331
MFIL,2026-06-18,764.0,768.0,55136
NIFRAGED,2026-06-18,1039.2,1039.2,50
LSL,2026-06-18,217.3,219.0,84752
SAPDBL,2026-06-18,810.0,807.0,18433
SBLD2091,2026-06-18,1076.0,1076.0,25
BHCL,2026-06-18,541.0,537.0,17134
DORDI,2026-06-18,266.0,266.5,5981
SMB,2026-06-18,1715.0,1751.0,3369
PSF,2026-06-18,12.16,12.14,7700
BHDC,2026-06-18,451.0,453.3,7932
KBLD89,2026-06-18,1280.0,1280.0,12
SJLIC,2026-06-18,427.0,426.0,7485
JHAPA,2026-06-18,1370.0,1308.0,7853
NIBLSTF,2026-06-18,9.35,9.33,9160
MFLD85,2026-06-18,1102.0,1102.0,30
MNMF1,2026-06-18,9.76,9.98,2900
GMFIL,2026-06-18,471.3,477.0,9835
MMF1,2026-06-18,9.45,9.58,33464
LBBL,2026-06-18,485.4,485.0,29682
SMATA,2026-06-18,769.9,763.0,891
SPIL,2026-06-18,724.4,716.4,1517
SYPNL,2026-06-18,1375.6,1440.0,33697
PCBL,2026-06-18,225.0,236.3,18640
GHL,2026-06-18,232.0,230.0,42040
KBSH,2026-06-18,1481.2,1485.0,113
NMB,2026-06-18,230.0,242.9,26596
HFIN,2026-06-18,815.1,820.0,25099
SLBBL,2026-06-18,815.0,817.9,2540
NRN,2026-06-18,1499.4,1399.0,50365
NICAD85/86,2026-06-18,1264.0,1264.0,200
STC,2026-06-18,5280.0,5271.0,180
NESDO,2026-06-18,1525.0,1525.0,1227
JSLBB,2026-06-18,1059.0,1061.0,300
PBLD84,2026-06-18,1103.9,1154.0,20965
SAIL,2026-06-18,1075.0,1023.0,10313
HLI,2026-06-18,334.0,335.0,17356
ADBL,2026-06-18,293.0,309.0,8649
RSML,2026-06-18,3331.0,3350.0,14771
TAMOR,2026-06-18,449.0,450.9,78701
NFS,2026-06-18,614.0,595.0,12481
LUK,2026-06-18,10.0,10.0,100
EBL,2026-06-18,695.0,695.6,37630
NBLD82,2026-06-18,1060.0,1080.0,30304
SHPC,2026-06-18,505.4,503.8,26480
SBID89,2026-06-18,1141.0,1138.18,25
MEL,2026-06-18,235.0,237.9,9641
CHDC,2026-06-18,2221.0,2210.0,63957
SALICO,2026-06-18,612.0,617.6,2686
SRLI,2026-06-18,390.0,390.0,12160
CZBIL,2026-06-18,198.1,198.0,14433
KEF,2026-06-18,11.3,11.0,22896
LLBS,2026-06-18,942.0,950.0,1925
NIMB,2026-06-18,200.0,195.2,83902
SABBL,2026-06-18,1035.8,1065.0,6872
UMHL,2026-06-18,586.0,608.0,382108
MDB,2026-06-18,603.0,595.0,6281
SOHL,2026-06-18,639.0,640.9,45198
JBBD87,2026-06-18,1119.0,1118.0,75
SBCF,2026-06-18,9.8,9.95,1800
MBL,2026-06-18,248.0,248.0,15920
ALBSL,2026-06-18,1043.0,1097.8,2918
MAKAR,2026-06-18,480.2,488.0,1263
SIKLES,2026-06-18,580.0,583.9,6156
MCHL,2026-06-18,343.3,320.0,8332
PHCL,2026-06-18,315.0,313.1,80074
NGPL,2026-06-18,449.9,424.0,92554
SBLD84,2026-06-18,1047.5,1047.5,50
GCIL,2026-06-18,386.7,377.0,28614
GSY,2026-06-18,9.7,9.9,2500
UHEWA,2026-06-18,630.0,635.0,74648
NYADI,2026-06-18,396.0,397.0,2080
NIL,2026-06-18,663.0,640.0,5473
NHDL,2026-06-18,648.0,634.0,4794
OHL,2026-06-18,693.0,699.9,1593
SKBBL,2026-06-18,760.1,759.8,5116
FMDBL,2026-06-18,770.6,776.0,6139
DDBL,2026-06-18,845.0,835.0,4222
SAGAR,2026-06-18,1700.0,1666.0,2941
USHEC,2026-06-18,493.0,496.5,9320
CLI,2026-06-18,451.2,453.0,2482
SBID2090,2026-06-18,1166.0,1166.0,16085
NIMBPO,2026-06-18,147.0,146.1,1010
MBJC,2026-06-18,280.2,282.5,12800
SARBTM,2026-06-18,844.0,832.0,9718
AVYAN,2026-06-18,997.5,1049.9,801
CIT,2026-06-18,1733.0,1730.1,4742
PPCL,2026-06-18,374.0,366.0,5166
H8020,2026-06-18,11.63,12.32,1100
SFEF,2026-06-18,10.1,10.1,300
RAWA,2026-06-18,502.0,483.0,67332
NICLBSL,2026-06-18,566.0,570.0,2794
RLEL,2026-06-18,901.1,905.0,4634
SEF,2026-06-18,10.9,10.41,49175
KDBY,2026-06-18,11.2,11.23,55000
IGI,2026-06-18,450.0,451.0,5177
HEI,2026-06-18,569.8,549.0,19580
SLBSL,2026-06-18,1209.0,1195.0,905
EHPL,2026-06-18,416.8,392.8,12645
MEHL,2026-06-18,356.1,356.4,7141
CHL,2026-06-18,285.0,280.0,46976
SWASTIK,2026-06-18,2216.0,2230.0,311
BGWT,2026-06-18,682.5,650.8,1555
MMKJL,2026-06-18,498.0,493.0,880
SHLB,2026-06-18,1445.0,1442.0,50
RSY,2026-06-18,10.21,10.22,5060
SHEL,2026-06-18,308.0,307.8,50347
NADEP,2026-06-18,749.0,749.0,1671
WNLB,2026-06-18,1420.0,1405.0,222
CBBL,2026-06-18,911.0,912.5,10266
SKHEL,2026-06-18,1085.0,1118.0,2363
PBD84,2026-06-18,1079.0,1079.0,25
SIGS3,2026-06-18,10.85,11.01,10400
EBLEB89,2026-06-18,1065.0,1065.0,25
RFPL,2026-06-18,359.0,360.0,10267
PROFL,2026-06-18,448.0,446.9,3876
BARUN,2026-06-18,336.9,334.0,36220
GLBSL,2026-06-18,1762.0,1760.0,73
BNL,2026-06-18,15133.0,15133.0,10
NABILD2089,2026-06-18,1092.0,1124.7,15
SADBL,2026-06-18,412.0,410.0,12856
RBCLPO,2026-06-18,11700.0,11700.0,28
PFL,2026-06-18,374.0,373.9,3251
PRIN,2026-06-18,700.5,708.0,14920
NIMBD90,2026-06-18,1204.0,1205.0,75
BHL,2026-06-18,215.0,215.0,52219
SMPDA,2026-06-18,838.0,822.2,1954
PURE,2026-06-18,910.0,892.0,5520
SCB,2026-06-18,615.0,648.8,6832
CBLD88,2026-06-18,1210.0,1210.0,100
CFCL,2026-06-18,611.3,625.2,110155
SPDL,2026-06-18,409.5,387.0,17351
NIFRAUR85/86,2026-06-18,1065.0,1060.0,50
GMLI,2026-06-18,1266.0,1278.9,3283
SMH,2026-06-18,575.0,570.0,3014
HATHY,2026-06-18,765.0,765.0,3707
GUFL,2026-06-18,551.1,552.0,6265
MANDU,2026-06-18,829.0,826.1,1625
PRSF,2026-06-18,12.77,12.8,118307
PCIL,2026-06-18,740.0,740.0,27384
GIBF1,2026-06-18,10.79,10.61,1300
TSHL,2026-06-18,526.0,529.1,80
KBL,2026-06-18,209.8,210.4,117096
RADHI,2026-06-18,780.0,738.0,43219
UMRH,2026-06-18,535.0,535.1,2771
DOLTI,2026-06-18,372.0,363.0,79660
SIPD,2026-06-18,730.0,720.0,22121
BPCL,2026-06-18,650.0,671.0,25745
HRL,2026-06-18,632.0,630.2,38234
NICGF2,2026-06-18,9.22,9.5,9508
NICAD2091,2026-06-18,1050.0,1050.0,25
NMBHF2,2026-06-18,9.64,9.73,32810
PPL,2026-06-18,332.5,347.1,12302
APHL,2026-06-18,700.0,796.6,398
MEN,2026-06-18,585.6,590.0,36726
SHL,2026-06-18,492.3,494.8,35377
RMF1,2026-06-18,10.0,10.05,5135
KHPL,2026-06-18,995.0,1010.0,26798
SBI,2026-06-18,373.0,393.4,88211
MABEL,2026-06-18,695.0,706.0,6952
API,2026-06-18,343.7,342.0,145538
GVL,2026-06-18,480.0,484.0,5013
NLIC,2026-06-18,759.0,759.0,24217
HHL,2026-06-18,365.8,357.8,17302
JOSHI,2026-06-18,280.0,279.0,2705
NABBC,2026-06-18,852.7,838.0,4795
CMF2,2026-06-18,10.2,10.09,1910
CREST,2026-06-18,1328.1,1259.9,4356
NBF3,2026-06-18,10.05,9.95,34400
HBL,2026-06-18,196.0,196.0,18322
NICSF,2026-06-18,9.3,9.3,7150
RBBF40,2026-06-18,9.4,9.52,2200
HLBSL,2026-06-18,880.0,883.9,630
JFL,2026-06-18,415.0,408.9,6150
NSIF2,2026-06-18,10.8,10.81,2400
MKHL,2026-06-18,500.0,505.0,28999
UNHPL,2026-06-18,409.0,405.8,26379
CHCL,2026-06-18,482.0,484.0,28058
SANIMA,2026-06-18,359.5,359.9,31367
C30MF,2026-06-18,10.25,10.24,144461
MERO,2026-06-18,719.9,713.0,2729
HURJA,2026-06-17,246.5,246.9,24156
MNMF1,2026-06-17,9.75,10.0,4250
NIMBPO,2026-06-17,144.1,147.0,9250
HLICF,2026-06-17,9.2,9.0,11000
H8020,2026-06-17,11.75,11.97,332421
RSML,2026-06-17,3230.0,3399.0,55293
MLBSL,2026-06-17,1757.0,1769.9,996
NICD83/84,2026-06-17,1042.8,1042.8,12
MSHL,2026-06-17,662.2,688.0,273
SAIL,2026-06-17,1000.0,1035.0,7939
UPCL,2026-06-17,380.0,364.8,33602
HIDCLP,2026-06-17,207.1,197.8,72200
AKPL,2026-06-17,268.0,266.1,27604
MHNL,2026-06-17,260.0,259.0,9316
LVF2,2026-06-17,9.76,9.85,1870
DHEL,2026-06-17,622.0,620.0,7689
SEF,2026-06-17,10.2,10.41,54400
LSL,2026-06-17,208.0,218.0,437436
NHDL,2026-06-17,628.0,632.0,2999
JBBL,2026-06-17,351.6,349.6,19893
GUFL,2026-06-17,567.0,550.0,7735
SFMF,2026-06-17,10.9,10.7,700
EBLD85,2026-06-17,1151.0,1180.0,150
IHL,2026-06-17,402.0,396.5,8545
PURE,2026-06-17,895.0,910.0,3699
MAKAR,2026-06-17,485.1,490.0,3090
ICFCD89,2026-06-17,1090.1,1099.0,100
BGWT,2026-06-17,677.3,650.0,812
CLI,2026-06-17,450.0,452.5,7237
GMFIL,2026-06-17,468.1,474.0,9251
HLBSL,2026-06-17,888.0,876.1,672
SLCF,2026-06-17,10.21,10.07,20655
MND84/85,2026-06-17,1070.6,1075.0,80
NMLBBL,2026-06-17,580.0,578.0,2806
JSLBB,2026-06-17,1067.0,1067.0,65
LBBLD89,2026-06-17,1240.0,1240.0,25
PMHPL,2026-06-17,330.0,334.0,5224
PRIN,2026-06-17,700.5,702.4,8960
KEF,2026-06-17,10.74,10.85,3650
NTC,2026-06-17,850.0,848.5,4090
MPFL,2026-06-17,600.0,618.8,36424
DORDI,2026-06-17,270.0,268.5,17550
DLBS,2026-06-17,1250.0,1272.0,313
PRSF,2026-06-17,12.72,12.77,170600
NIBD84,2026-06-17,1074.0,1075.0,75
MSLB,2026-06-17,1221.0,1223.3,755
MDB,2026-06-17,590.0,603.0,3681
SARBTM,2026-06-17,823.0,832.0,5922
USHL,2026-06-17,596.1,598.0,4027
SPHL,2026-06-17,585.0,606.0,25498
NHPC,2026-06-17,294.0,280.0,136759
PBD88,2026-06-17,1190.0,1145.0,10025
MKHC,2026-06-17,316.0,322.5,25056
NWCL,2026-06-17,760.0,769.0,601
HPPL,2026-06-17,367.0,371.7,36621
EBLD86,2026-06-17,1125.0,1125.0,90000
SWBBL,2026-06-17,727.0,735.0,2590
SBL,2026-06-17,395.1,394.9,62233
MLBS,2026-06-17,1197.0,1202.0,160
PRVU,2026-06-17,193.0,193.2,56603
DHPL,2026-06-17,315.0,300.0,2840
AKJCL,2026-06-17,376.0,396.9,402291
GCIL,2026-06-17,389.0,386.7,12786
MFIL,2026-06-17,731.0,766.2,25523
MEHL,2026-06-17,363.0,359.0,1720
ADBL,2026-06-17,294.0,308.4,10225
SINDU,2026-06-17,727.0,735.0,19036
API,2026-06-17,345.0,343.7,85029
NGPL,2026-06-17,447.0,428.5,66331
RBCLPO,2026-06-17,11700.0,11600.2,20
NUBL,2026-06-17,650.0,641.1,5656
KKHC,2026-06-17,259.7,255.9,17365
UAIL,2026-06-17,467.1,469.0,5143
CGH,2026-06-17,781.0,780.5,9882
SLBBL,2026-06-17,810.0,815.0,3824
NBF3,2026-06-17,10.0,10.05,94600
SGIC,2026-06-17,481.0,482.3,12720
ILBS,2026-06-17,900.3,916.9,136
RLEL,2026-06-17,905.0,903.8,7163
MEN,2026-06-17,590.3,594.0,42847
MNBBL,2026-06-17,370.0,372.1,13568
CZBIL,2026-06-17,197.0,198.1,12269
SAGF,2026-06-17,10.1,10.1,300
CBBL,2026-06-17,915.0,913.5,14144
MHCL,2026-06-17,342.3,344.7,2058
JFL,2026-06-17,414.0,405.0,7995
GIBF1,2026-06-17,10.8,11.12,3400
EBL,2026-06-17,698.0,697.0,23597
VLBS,2026-06-17,720.2,735.0,8826
TSHL,2026-06-17,530.0,535.0,1531
APHL,2026-06-17,620.4,692.7,250
EBLD91,2026-06-17,1090.0,1090.0,100
NICAD2091,2026-06-17,1060.0,1060.0,50
NIFRAGED,2026-06-17,1035.0,1039.0,55
SONA,2026-06-17,455.9,431.0,22786
ALBSL,2026-06-17,1060.0,1097.6,5769
LUK,2026-06-17,9.9,9.87,800
GILB,2026-06-17,1109.0,1111.0,1281
IGI,2026-06-17,451.0,450.0,39325
NMBHF2,2026-06-17,9.51,9.64,7620
SBLD2091,2026-06-17,1076.1,1095.0,2
NICLBSL,2026-06-17,569.9,570.0,4831
SPDL,2026-06-17,407.0,390.0,25243
NIL,2026-06-17,661.0,648.0,1782
SKHL,2026-06-17,926.0,940.0,13761
GLH,2026-06-17,264.0,264.0,17599
NIBLGF,2026-06-17,9.35,9.35,1300
SMHL,2026-06-17,469.0,492.3,23250
GLBSL,2026-06-17,1762.0,1762.0,6
RBCL,2026-06-17,14606.6,14700.0,137
USHEC,2026-06-17,502.5,501.1,11411
CFCL,2026-06-17,622.0,617.0,270479
OMPL,2026-06-17,1135.0,1149.0,2422
SGHC,2026-06-17,352.0,359.0,6574
CBLD88,2026-06-17,1225.0,1225.0,50
NMFBS,2026-06-17,1125.3,1130.0,1586
SYPNL,2026-06-17,1387.1,1448.0,37448
BNHC,2026-06-17,324.0,322.8,28916
SBID2090,2026-06-17,1100.0,1166.0,35
SABBL,2026-06-17,1080.1,1090.3,6186
CHL,2026-06-17,285.1,282.7,10577
NADEP,2026-06-17,750.0,743.5,744
CMF2,2026-06-17,9.9,10.0,980
SHLB,2026-06-17,1440.1,1470.0,110
LEC,2026-06-17,223.0,219.8,50521
UPPER,2026-06-17,209.6,200.0,62687
MABEL,2026-06-17,703.0,706.5,11208
SMPDA,2026-06-17,874.6,838.0,1487
SIPD,2026-06-17,733.0,728.0,13451
RHPL,2026-06-17,265.6,266.7,10867
MERO,2026-06-17,713.1,719.9,2512
ICFCD83,2026-06-17,1103.0,1120.0,138
MKHL,2026-06-17,505.0,509.9,23663
LBBL,2026-06-17,463.0,486.0,28831
JOSHI,2026-06-17,284.5,279.9,4802
SAHAS,2026-06-17,660.0,662.6,53981
SAGAR,2026-06-17,1603.0,1689.0,1938
SOHL,2026-06-17,640.0,639.0,52703
SICL,2026-06-17,628.0,628.4,6628
HBLD86,2026-06-17,1198.0,1200.0,70
GMFBS,2026-06-17,1302.0,1245.0,891
ALICL,2026-06-17,450.0,448.2,26729
ULBSL,2026-06-17,2850.0,2853.0,310
SHINE,2026-06-17,410.0,405.0,40361
FOWAD,2026-06-17,970.0,1015.0,3771
NICGF2,2026-06-17,9.19,9.5,5820
BNT,2026-06-17,11611.2,11555.6,75
PCBL,2026-06-17,239.0,236.0,46650
ACLBSL,2026-06-17,965.0,958.9,814
SIGS3,2026-06-17,11.04,11.15,2200
MATRI,2026-06-17,865.0,865.0,100
PBLD87,2026-06-17,1099.0,1095.0,75
NMB50,2026-06-17,10.4,10.46,700
SPL,2026-06-17,665.1,699.0,1637
NIFRA,2026-06-17,258.0,258.6,39333
RSDC,2026-06-17,656.0,655.1,2369
TRH,2026-06-17,734.0,773.1,2006
HEI,2026-06-17,550.0,554.0,14855
LLBS,2026-06-17,924.2,926.5,33
NMB,2026-06-17,242.0,242.1,17486
AVYAN,2026-06-17,1003.7,1050.0,2219
VLUCL,2026-06-17,484.9,484.0,3218
NFS,2026-06-17,595.0,605.0,9748
EBLEB89,2026-06-17,1060.1,1060.1,50
SMH,2026-06-17,565.1,574.5,21727
KBL,2026-06-17,211.4,209.8,341350
ICFCD88,2026-06-17,1150.0,1150.0,25
SAPDBL,2026-06-17,810.0,825.0,19193
SIKLES,2026-06-17,588.0,580.0,12098
NICL,2026-06-17,535.0,531.0,12642
PSF,2026-06-17,11.86,12.19,12750
OHL,2026-06-17,691.1,692.0,4643
BHPL,2026-06-17,526.0,528.0,3365
CSY,2026-06-17,9.16,9.19,13200
HDHPC,2026-06-17,220.0,219.3,257957
SNLI,2026-06-17,445.4,446.5,9453
GBILD84/85,2026-06-17,1160.0,1160.0,51
GHL,2026-06-17,235.0,233.0,12271
KHPL,2026-06-17,984.4,1008.0,31840
LICN,2026-06-17,806.1,808.9,4971
EDBL,2026-06-17,575.0,577.0,1218
NABILD2089,2026-06-17,1105.0,1125.0,9555
NBBD2085,2026-06-17,1184.0,1186.9,150
SJLIC,2026-06-17,428.5,427.9,15377
HLI,2026-06-17,335.6,335.4,28805
BEDC,2026-06-17,385.0,375.0,94723
SFEF,2026-06-17,10.06,10.08,700
MBJC,2026-06-17,280.2,283.0,14178
NLG,2026-06-17,615.0,618.9,8621
NIBSF2,2026-06-17,8.99,9.06,37150
SIGS2,2026-06-17,11.29,11.06,6000
TPC,2026-06-17,365.0,365.3,16230
PFL,2026-06-17,373.0,375.0,2520
MMKJL,2026-06-17,505.0,498.0,720
BHDC,2026-06-17,455.0,457.0,5335
PPL,2026-06-17,330.6,350.0,31646
UNLB,2026-06-17,1365.0,1368.0,825
PHCL,2026-06-17,316.1,318.6,34595
PROFL,2026-06-17,458.0,448.0,4067
MEL,2026-06-17,234.6,239.9,12944
MLBBL,2026-06-17,1180.0,1178.0,1141
RMF1,2026-06-17,10.09,9.81,3635
RAWA,2026-06-17,500.0,494.0,64841
SPC,2026-06-17,455.0,450.7,6446
NBL,2026-06-17,256.5,267.0,76859
SLBSL,2026-06-17,1200.0,1208.0,1123
MHL,2026-06-17,494.0,501.9,8506
SFCL,2026-06-17,375.0,379.0,6007
NICBF,2026-06-17,9.42,9.41,14600
HATHY,2026-06-17,766.0,765.0,3129
RHGCL,2026-06-17,286.6,281.5,9171
SMFBS,2026-06-17,1501.9,1497.0,59
NBF2,2026-06-17,10.1,9.85,2200
RMF2,2026-06-17,10.0,10.2,300
SRLI,2026-06-17,388.4,390.6,7142
CORBL,2026-06-17,1740.0,1750.0,4481
SKBBL,2026-06-17,765.0,761.0,7231
BANDIPUR,2026-06-17,811.2,817.1,10101
NABIL,2026-06-17,532.0,532.0,20805
SBI,2026-06-17,399.8,392.0,42784
PMLI,2026-06-17,460.0,460.7,12603
NICA,2026-06-17,320.0,335.0,63723
NRM,2026-06-17,335.0,337.0,14466
MMF1,2026-06-17,9.55,9.58,22200
BHCL,2026-06-17,551.0,541.0,53344
NRIC,2026-06-17,1050.0,996.0,29438
UNHPL,2026-06-17,406.9,409.0,18054
SMJC,2026-06-17,453.1,460.0,25609
SHINED,2026-06-17,1095.0,1095.0,100
RADHI,2026-06-17,740.0,742.9,37147
NABBC,2026-06-17,831.0,852.0,5094
RURU,2026-06-17,648.0,646.0,11547
GWFD83,2026-06-17,1085.0,1085.0,25
NMBD89/90,2026-06-17,1325.0,1206.0,18608
MBLEF,2026-06-17,9.9,10.15,8800
MCHL,2026-06-17,328.0,327.1,131869
EHPL,2026-06-17,387.0,397.0,38731
SOPL,2026-06-17,724.1,808.5,860
SMATA,2026-06-17,750.1,764.0,2949
CHCL,2026-06-17,480.1,482.0,20472
BJHL,2026-06-17,772.0,809.0,5603
NMIC,2026-06-17,1012.0,1027.0,1790
NIBLSTF,2026-06-17,9.25,9.35,4420
C30MF,2026-06-17,10.15,10.0,1300
SHPC,2026-06-17,509.0,504.4,40534
BHL,2026-06-17,220.0,216.0,65703
SHL,2026-06-17,500.0,495.8,48298
AHPC,2026-06-17,273.1,274.8,114103
HDL,2026-06-17,1155.0,1154.0,13923
SBLD89,2026-06-17,1225.7,1260.0,211
SCB,2026-06-17,655.0,647.0,7445
HBL,2026-06-17,187.3,197.0,41380
SWASTIK,2026-06-17,2200.0,2235.2,414
SMB,2026-06-17,1720.0,1725.0,278
ENL,2026-06-17,870.0,878.7,321
CIT,2026-06-17,1700.0,1732.0,4128
PPCL,2026-06-17,387.2,365.0,20753
JBLB,2026-06-17,1260.0,1270.0,2190
CHDC,2026-06-17,2114.0,2280.0,12853
RFPL,2026-06-17,364.9,361.5,10580
KMCDB,2026-06-17,860.0,846.0,746
GBIMESY2,2026-06-17,9.37,9.3,2350
ICFC,2026-06-17,629.9,628.0,1067
FMDBL,2026-06-17,733.0,776.4,7298
GSY,2026-06-17,9.86,9.88,13950
NESDO,2026-06-17,1540.0,1525.2,606
USLB,2026-06-17,1225.0,1239.6,206
GFCL,2026-06-17,626.0,626.1,16059
BBC,2026-06-17,4100.0,4240.0,160
RBBF40,2026-06-17,9.3,9.36,1350
NBLD85,2026-06-17,1060.0,1065.0,75
GBLBS,2026-06-17,758.0,775.0,3393
KDL,2026-06-17,815.0,824.7,1374
GRDBL,2026-06-17,1069.4,1099.9,5670
CYCL,2026-06-17,1375.0,1425.0,545
RLFL,2026-06-17,487.0,458.8,30160
GVL,2026-06-17,489.0,482.6,10580
HIMSTAR,2026-06-17,830.0,840.0,3023
KBLD86,2026-06-17,1144.1,1200.0,60
NYADI,2026-06-17,391.1,398.0,7886
DOLTI,2026-06-17,388.9,375.0,100538
UHEWA,2026-06-17,615.0,642.5,94836
AHL,2026-06-17,479.0,478.9,14931
NMBMF,2026-06-17,636.0,640.0,858
BUNGAL,2026-06-17,750.0,818.0,232796
SADBL,2026-06-17,412.0,410.9,6120
SBLD84,2026-06-17,1070.0,1017.0,1
PCIL,2026-06-17,740.0,740.0,24500
UMRH,2026-06-17,540.0,536.0,3470
TAMOR,2026-06-17,451.0,452.4,10787
NSY,2026-06-17,9.3,9.6,2750
RSY,2026-06-17,10.21,10.22,4500
KSBBL,2026-06-17,482.0,487.0,5458
SJCL,2026-06-17,285.1,286.3,4919
NIMB,2026-06-17,205.1,195.5,98933
HEIP,2026-06-17,328.0,319.0,1020
NSIF2,2026-06-17,10.8,10.7,14948
KBSH,2026-06-17,1550.0,1527.0,174
SSHL,2026-06-17,211.1,209.5,48081
NRN,2026-06-17,1370.0,1428.0,149723
HFIN,2026-06-17,836.0,823.0,20375
SIFC,2026-06-17,550.0,555.0,10186
GBBD85,2026-06-17,1085.0,1085.0,25
HHL,2026-06-17,377.0,364.0,39137
NLICL,2026-06-17,577.0,579.0,13241
SALICO,2026-06-17,615.2,619.6,5167
SHEL,2026-06-17,308.0,308.0,34651
MKCL,2026-06-17,1199.0,1199.0,2307
WNLB,2026-06-17,1400.0,1420.0,186
CKHL,2026-06-17,621.0,647.5,382
TTL,2026-06-17,800.0,796.0,6061
KSY,2026-06-17,9.5,9.75,1400
SANIMA,2026-06-17,362.0,360.0,28139
SANVI,2026-06-17,703.4,688.0,5000
PBD85,2026-06-17,1069.2,1075.0,55
MBL,2026-06-17,247.3,248.0,58200
SPIL,2026-06-17,711.8,724.4,1027
ULHC,2026-06-17,426.0,428.0,7636
GBBL,2026-06-17,409.0,410.0,24163
SWMF,2026-06-17,657.0,659.0,1290
PBLD84,2026-06-17,1129.9,1138.0,435
JHAPA,2026-06-17,1315.0,1311.0,8872
HIDCL,2026-06-17,261.0,260.9,32297
UMHL,2026-06-17,565.0,585.6,52599
KDBY,2026-06-17,11.21,11.26,101600
BFC,2026-06-17,515.5,492.0,32217
CITY,2026-06-17,435.0,423.1,229225
RIDI,2026-06-17,327.0,345.0,119134
RNLI,2026-06-17,459.2,459.6,7078
DDBL,2026-06-17,842.0,835.0,5861
ILI,2026-06-17,428.1,432.0,5199
SBCF,2026-06-17,9.89,10.0,18832
MANDU,2026-06-17,820.0,821.1,1089
TVCL,2026-06-17,486.0,515.0,12471
BARUN,2026-06-17,336.3,335.0,32750
MKJC,2026-06-17,485.1,486.0,5106
KPCL,2026-06-17,485.0,483.4,5508
GBIME,2026-06-17,241.5,239.6,49302
JBBD87,2026-06-17,1120.0,1108.8,50
SHIVM,2026-06-17,664.8,645.7,168999
MLBL,2026-06-17,361.7,362.0,16732
ANLB,2026-06-17,5707.0,5868.0,128
STC,2026-06-17,5257.0,5261.0,118
HRL,2026-06-17,658.0,632.0,49120
GMLI,2026-06-17,1271.0,1295.9,1030
BPCL,2026-06-17,646.0,677.0,7929
NICSF,2026-06-17,9.4,9.3,9789
SKHEL,2026-06-17,1113.0,1135.0,3008
NICFC,2026-06-17,9.39,9.45,6870
NLIC,2026-06-17,797.0,759.0,20163
SBID83,2026-06-17,1072.0,1072.0,85
CREST,2026-06-17,1240.0,1264.9,13159
CFCL,2026-06-16,589.0,611.0,141008
SKHL,2026-06-16,940.0,925.7,13980
SHL,2026-06-16,500.0,498.0,14809
NMLBBL,2026-06-16,580.0,580.0,2238
NGPL,2026-06-16,450.9,425.9,51445
MABEL,2026-06-16,666.0,703.5,18931
LLBS,2026-06-16,926.0,925.1,64
MSHL,2026-06-16,675.0,679.0,339
HLICF,2026-06-16,8.87,9.2,11600
NICA,2026-06-16,337.5,335.9,43787
SBL,2026-06-16,398.5,395.1,461883
AKJCL,2026-06-16,395.0,394.8,814194
HEIP,2026-06-16,329.7,328.9,672
TAMOR,2026-06-16,450.0,450.6,37822
KDL,2026-06-16,811.0,823.5,1201
SRLI,2026-06-16,391.0,391.0,11183
SJLIC,2026-06-16,429.0,428.5,5756
LEC,2026-06-16,220.2,220.0,31657
KKHC,2026-06-16,260.9,254.0,32889
MMF1,2026-06-16,9.5,9.56,37206
NCCD86,2026-06-16,1121.0,1154.0,22563
SMJC,2026-06-16,452.2,452.0,10938
BOKD86,2026-06-16,1090.0,1090.0,30
SHLB,2026-06-16,1427.7,1440.9,100
SAIL,2026-06-16,1004.2,1039.0,11247
SAPDBL,2026-06-16,830.0,822.9,22262
JSLBB,2026-06-16,1090.7,1065.0,336
GMFBS,2026-06-16,1245.0,1269.8,24
RSML,2026-06-16,3410.0,3342.0,44416
NMB50,2026-06-16,10.38,10.38,100
MLBL,2026-06-16,361.0,361.7,16049
BPCL,2026-06-16,646.0,680.0,33643
SGIC,2026-06-16,493.0,481.7,10831
RFPL,2026-06-16,360.6,359.0,28085
PHCL,2026-06-16,302.3,316.5,99802
BNHC,2026-06-16,321.1,325.0,1618
EBLD86,2026-06-16,1123.0,1123.7,275
RLEL,2026-06-16,937.9,906.3,6077
NIBSF2,2026-06-16,8.99,9.1,11350
PBD88,2026-06-16,1205.0,1205.0,25
SLBSL,2026-06-16,1175.2,1200.0,242
NHPC,2026-06-16,282.0,280.0,232398
CIZBD86,2026-06-16,1145.0,1145.0,15
HBL,2026-06-16,197.2,197.1,26019
SEF,2026-06-16,10.2,10.16,36790
NIMBD90,2026-06-16,1223.0,1169.0,49409
JBBD87,2026-06-16,1125.0,1125.0,25
RSDC,2026-06-16,658.2,656.0,1732
SABBL,2026-06-16,1099.0,1085.4,7400
EHPL,2026-06-16,381.0,387.0,11907
CYCL,2026-06-16,1395.0,1413.0,755
CREST,2026-06-16,1250.0,1250.5,6425
NIFRAGED,2026-06-16,1018.5,1035.0,40
SINDU,2026-06-16,730.0,740.0,3916
SHINED,2026-06-16,1098.0,1095.0,455
NICL,2026-06-16,508.3,535.0,23361
RHPL,2026-06-16,265.5,268.0,11848
OHL,2026-06-16,684.1,696.0,1277
SONA,2026-06-16,456.0,434.2,45537
NICFC,2026-06-16,9.4,9.39,15930
UPCL,2026-06-16,383.2,362.0,33708
KPCL,2026-06-16,486.0,485.0,5827
GMFIL,2026-06-16,470.0,476.0,9773
MATRI,2026-06-16,853.6,866.0,422
ILI,2026-06-16,431.6,433.0,6811
NBLD82,2026-06-16,1056.0,1056.0,30154
NIFRAUR85/86,2026-06-16,1040.1,1041.1,35
NMB,2026-06-16,244.9,242.3,22188
PROFL,2026-06-16,451.0,446.2,8691
PURE,2026-06-16,910.0,897.0,6010
SANVI,2026-06-16,680.0,683.0,10002
NICLBSL,2026-06-16,570.0,571.0,2206
AVYAN,2026-06-16,1007.0,1056.5,2029
MKCL,2026-06-16,1202.0,1199.0,2512
SPIL,2026-06-16,710.0,725.0,8484
DHEL,2026-06-16,607.0,622.0,10095
SIKLES,2026-06-16,619.5,586.0,3204
CGH,2026-06-16,783.1,783.5,4547
ALICL,2026-06-16,442.0,450.2,9889
LBBL,2026-06-16,485.0,487.2,45634
NLICL,2026-06-16,576.6,579.9,3668
NMBD87/88,2026-06-16,1090.0,1100.0,155
NIL,2026-06-16,647.0,646.0,9615
SFMF,2026-06-16,10.9,10.9,2000
SICL,2026-06-16,634.0,630.0,2237
VLUCL,2026-06-16,475.0,481.0,3331
SBLD84,2026-06-16,1070.0,1070.0,50
CORBL,2026-06-16,1820.0,1785.9,16529
TSHL,2026-06-16,520.0,533.0,1786
RURU,2026-06-16,645.0,646.0,5014
GBBD85,2026-06-16,1085.0,1081.1,50
UNLB,2026-06-16,1454.1,1330.2,900
KSBBL,2026-06-16,484.9,485.0,6556
NADEP,2026-06-16,742.0,750.9,2268
CIT,2026-06-16,1749.0,1734.7,4992
DHPL,2026-06-16,311.0,300.0,1872
DORDI,2026-06-16,268.0,267.5,11707
BHPL,2026-06-16,540.0,520.0,5017
RSY,2026-06-16,10.25,10.23,612800
HURJA,2026-06-16,247.0,247.0,30125
KDBY,2026-06-16,11.28,11.25,1063850
SIGS3,2026-06-16,11.23,11.36,2700
SBI,2026-06-16,396.9,395.0,19466
SMHL,2026-06-16,491.1,492.7,31734
NLIC,2026-06-16,798.4,759.8,10634
CSY,2026-06-16,9.12,9.16,16250
SALICO,2026-06-16,627.1,620.0,3116
SHPC,2026-06-16,506.0,505.5,42995
APHL,2026-06-16,550.0,602.4,260
MCHL,2026-06-16,315.0,324.0,47852
DLBS,2026-06-16,1253.0,1245.1,742
NIBLGF,2026-06-16,9.35,9.36,3000
NABILD2089,2026-06-16,1124.0,1124.0,10
KBLD86,2026-06-16,1131.6,1179.3,45
RBCL,2026-06-16,14723.0,14945.0,210
SANIMA,2026-06-16,376.0,362.0,51931
MERO,2026-06-16,711.3,720.0,4546
NABBC,2026-06-16,836.0,855.0,38661
MPFL,2026-06-16,620.0,618.0,28459
SWASTIK,2026-06-16,2250.0,2225.0,450
MLBSL,2026-06-16,1760.0,1757.0,152
GLBSL,2026-06-16,1765.0,1762.0,98
ICFC,2026-06-16,622.0,625.0,7727
MNBBL,2026-06-16,372.0,370.0,32262
PCBL,2026-06-16,235.3,237.0,26361
KHPL,2026-06-16,1041.0,1035.0,33110
HDHPC,2026-06-16,218.9,218.5,75100
PBLD87,2026-06-16,1065.0,1090.0,225
PRVU,2026-06-16,194.0,193.9,42334
KBSH,2026-06-16,1503.0,1506.0,47
DDBL,2026-06-16,833.0,836.0,3367
MHCL,2026-06-16,350.0,342.3,7494
SARBTM,2026-06-16,836.0,833.0,9420
LUK,2026-06-16,10.04,10.2,7920
NRIC,2026-06-16,990.0,1000.0,38436
DOLTI,2026-06-16,363.0,388.0,271512
NIBD84,2026-06-16,1048.0,1047.3,50
NRM,2026-06-16,350.0,335.5,23268
ICFCD89,2026-06-16,1087.0,1095.0,125
JBLB,2026-06-16,1268.0,1269.0,4187
PBD84,2026-06-16,1079.0,1079.0,25
GSY,2026-06-16,10.0,9.86,23800
MBLEF,2026-06-16,9.97,10.0,64100
JHAPA,2026-06-16,1280.0,1322.0,6211
SMATA,2026-06-16,763.2,761.6,1635
NICAD2091,2026-06-16,1050.0,1060.0,50
SJCL,2026-06-16,283.1,287.1,9490
GVL,2026-06-16,484.0,485.2,6644
KSY,2026-06-16,9.65,9.65,1720
GUFL,2026-06-16,560.0,555.0,7454
BBC,2026-06-16,4400.0,4269.0,220
OMPL,2026-06-16,1150.0,1149.0,2209
RBBF40,2026-06-16,9.5,9.5,10650
SKBBL,2026-06-16,762.2,763.0,10859
BHDC,2026-06-16,457.0,454.7,2012
KMCDB,2026-06-16,848.2,849.0,3271
HLI,2026-06-16,336.0,336.0,20287
NIBLSTF,2026-06-16,9.8,9.4,4610
GIBF1,2026-06-16,10.73,10.8,2900
BGWT,2026-06-16,649.0,645.1,1004
GCIL,2026-06-16,387.0,389.0,30777
NBL,2026-06-16,270.0,269.9,26472
HIDCL,2026-06-16,262.0,260.6,53425
SWBBL,2026-06-16,732.0,735.0,3756
BARUN,2026-06-16,336.5,336.0,36785
NSIF2,2026-06-16,10.6,10.82,13000
BJHL,2026-06-16,805.1,812.0,4775
UMHL,2026-06-16,591.7,591.0,27475
SMPDA,2026-06-16,827.5,833.0,1526
GBBL,2026-06-16,410.0,407.0,47276
GBIMESY2,2026-06-16,9.37,9.4,12800
RLFL,2026-06-16,460.0,463.9,21446
GRDBL,2026-06-16,1080.0,1113.8,38763
NIBD2082,2026-06-16,1041.5,1040.0,195
SOPL,2026-06-16,629.5,703.1,780
MBJC,2026-06-16,280.1,283.5,18477
UPPER,2026-06-16,203.0,199.7,93985
NIFRA,2026-06-16,258.0,258.0,59587
MAKAR,2026-06-16,490.0,488.0,3732
HIMSTAR,2026-06-16,834.0,845.0,6313
MLBBL,2026-06-16,1183.0,1165.0,838
MSLB,2026-06-16,1220.0,1236.0,628
NHDL,2026-06-16,648.0,634.9,2856
BHL,2026-06-16,216.0,215.8,53970
MBL,2026-06-16,247.1,247.3,28049
LVF2,2026-06-16,9.5,9.67,700
C30MF,2026-06-16,10.11,10.11,900
NICGF2,2026-06-16,9.4,9.22,3500
GBLBS,2026-06-16,770.0,764.0,2874
ULBSL,2026-06-16,2885.0,2878.0,916
NBF3,2026-06-16,9.7,9.99,86480
WNLB,2026-06-16,1420.0,1420.0,85
SBLPO,2026-06-16,210.0,210.0,244164
PFL,2026-06-16,374.3,374.0,3107
GFCL,2026-06-16,644.7,627.9,16687
ULHC,2026-06-16,437.0,429.0,10206
BANDIPUR,2026-06-16,809.0,820.0,51334
IGI,2026-06-16,458.0,451.0,5915
SBID2090,2026-06-16,1050.0,1102.1,16240
SPC,2026-06-16,452.0,454.9,5019
MKHC,2026-06-16,314.0,316.0,34494
NRN,2026-06-16,1393.0,1371.8,22896
SHEL,2026-06-16,309.0,308.0,47890
NYADI,2026-06-16,386.3,398.0,7593
RBCLPO,2026-06-16,11750.0,11750.0,10
NICSF,2026-06-16,9.8,9.53,31040
RHGCL,2026-06-16,293.0,280.1,11911
JOSHI,2026-06-16,270.0,280.5,29043
EDBL,2026-06-16,575.0,575.0,1648
KBLD90,2026-06-16,1222.6,1222.6,25
SIFC,2026-06-16,560.0,545.0,13784
STC,2026-06-16,5305.0,5257.0,275
SFCL,2026-06-16,378.0,375.0,6427
ENL,2026-06-16,873.0,876.5,600
SADBL,2026-06-16,429.0,409.0,14738
SIPD,2026-06-16,736.0,732.0,16910
NMIC,2026-06-16,1025.0,1038.0,3198
API,2026-06-16,348.9,343.2,120794
RADHI,2026-06-16,787.5,740.0,35337
HDL,2026-06-16,1097.7,1151.5,15106
ICFCD83,2026-06-16,1103.0,1103.0,100
NIMB,2026-06-16,194.9,195.4,65057
MDB,2026-06-16,634.0,601.9,13870
H8020,2026-06-16,11.6,11.75,5251
TPC,2026-06-16,363.1,365.2,13322
RNLI,2026-06-16,459.4,459.2,19061
MHNL,2026-06-16,256.5,258.3,6823
BUNGAL,2026-06-16,745.3,747.9,164406
SNLI,2026-06-16,445.0,445.5,11061
VLBS,2026-06-16,745.6,727.0,15209
ILBS,2026-06-16,929.0,916.8,2293
LICN,2026-06-16,853.1,806.4,7619
RMF2,2026-06-16,10.0,10.19,14499
EBLD91,2026-06-16,1090.0,1090.0,160
MEL,2026-06-16,232.2,235.9,5357
JBBL,2026-06-16,355.8,351.6,12121
GHL,2026-06-16,234.1,233.0,15737
GLH,2026-06-16,261.3,264.0,15013
FOWAD,2026-06-16,1017.0,1020.0,1184
RBBD2088,2026-06-16,1079.9,1065.0,61422
HATHY,2026-06-16,775.0,763.1,5290
HRL,2026-06-16,663.0,630.0,55529
SPDL,2026-06-16,411.6,388.3,24132
SOHL,2026-06-16,666.6,635.9,50127
PSF,2026-06-16,12.02,12.22,205498
BNT,2026-06-16,11619.1,11619.1,10
SAGAR,2026-06-16,1678.3,1687.0,2706
HLBSL,2026-06-16,895.0,888.0,604
SBID89,2026-06-16,1141.0,1141.0,25
RAWA,2026-06-16,498.5,496.8,282879
SLCF,2026-06-16,9.87,9.92,8000
IHL,2026-06-16,393.0,399.0,18035
UNHPL,2026-06-16,407.3,406.6,20412
CHL,2026-06-16,281.0,283.9,7703
NLG,2026-06-16,625.0,622.0,9683
BFC,2026-06-16,497.0,491.0,46240
AHL,2026-06-16,479.0,479.0,2828
PBLD86,2026-06-16,1170.4,1183.0,25000
MLBS,2026-06-16,1194.0,1230.0,395
GMLI,2026-06-16,1270.0,1296.0,1530
JFL,2026-06-16,426.2,407.9,5123
CITY,2026-06-16,412.6,431.8,181170
NSY,2026-06-16,9.3,9.41,8426
RMF1,2026-06-16,9.68,9.8,1200
MEHL,2026-06-16,375.0,364.0,7394
HEI,2026-06-16,563.0,560.0,3771
CKHL,2026-06-16,640.0,640.0,663
PMHPL,2026-06-16,336.0,333.1,6499
NMBD89/90,2026-06-16,1355.4,1320.0,62
PCIL,2026-06-16,741.0,742.0,28987
ADBL,2026-06-16,312.5,309.0,14647
MHL,2026-06-16,496.0,497.8,5668
CHCL,2026-06-16,484.0,481.9,12988
UMRH,2026-06-16,533.0,535.0,3280
SWMF,2026-06-16,660.0,657.0,563
NBF2,2026-06-16,10.01,9.86,1000
SLBBL,2026-06-16,816.4,819.7,5802
FMDBL,2026-06-16,812.0,771.5,22041
UNL,2026-06-16,47399.9,47399.9,10
USHL,2026-06-16,597.0,604.9,4665
SBD87,2026-06-16,1122.0,1130.0,50020
UHEWA,2026-06-16,631.0,642.0,78639
SMB,2026-06-16,1711.0,1720.0,379
ANLB,2026-06-16,5846.0,5843.0,272
HFIN,2026-06-16,830.0,839.0,32869
SYPNL,2026-06-16,1389.9,1460.1,68568
PPL,2026-06-16,330.6,348.0,13315
EBLD85,2026-06-16,1151.1,1151.1,100
SHINE,2026-06-16,410.0,407.5,20767
KSBBLD87,2026-06-16,1125.0,1125.0,25
GBIME,2026-06-16,240.0,240.0,103889
NFS,2026-06-16,606.0,600.0,9080
NWCL,2026-06-16,775.0,766.0,2604
MKHL,2026-06-16,510.0,500.0,2555
GILB,2026-06-16,1111.0,1109.0,1220
SPHL,2026-06-16,620.0,602.0,70422
SMFBS,2026-06-16,1483.0,1501.9,477
HHL,2026-06-16,363.0,369.0,13573
NESDO,2026-06-16,1526.1,1559.9,363
SFEF,2026-06-16,10.2,10.06,21250
NMBMF,2026-06-16,640.0,636.0,1006
HIDCLP,2026-06-16,198.5,197.3,96630
AKPL,2026-06-16,268.9,268.0,49007
SBD89,2026-06-16,1236.0,1236.0,25
SHIVM,2026-06-16,623.2,651.0,111072
MEN,2026-06-16,597.0,594.2,21295
SBID83,2026-06-16,1071.0,1071.0,200
BHCL,2026-06-16,560.0,550.0,77140
SBLD2091,2026-06-16,1076.0,1076.1,379
USHEC,2026-06-16,505.0,502.5,13108
BEDC,2026-06-16,362.0,377.0,182697
SCB,2026-06-16,655.0,650.0,2142
SPL,2026-06-16,700.0,699.0,2822
SAGF,2026-06-16,10.17,10.17,200
NMFBS,2026-06-16,1137.0,1133.0,5709
PRIN,2026-06-16,709.0,704.7,21023
EBL,2026-06-16,699.8,696.1,35104
TRH,2026-06-16,780.0,772.3,2585
KBL,2026-06-16,213.0,212.0,100950
HPPL,2026-06-16,366.5,367.0,17970
NUBL,2026-06-16,655.0,643.0,5697
ALBSL,2026-06-16,1080.0,1100.0,7350
KEF,2026-06-16,10.84,10.8,18410
CLI,2026-06-16,450.2,452.0,9140
AHPC,2026-06-16,275.0,274.5,77199
SMH,2026-06-16,565.0,580.0,10444
NMBHF2,2026-06-16,9.5,9.8,4050
MFIL,2026-06-16,768.2,769.0,19810
SKHEL,2026-06-16,1100.0,1123.0,8247
TVCL,2026-06-16,481.0,486.2,1841
SGHC,2026-06-16,354.5,355.5,6902
USLB,2026-06-16,1250.0,1246.9,640
PPCL,2026-06-16,393.5,368.8,12780
TTL,2026-06-16,795.0,799.8,5892
UAIL,2026-06-16,480.0,471.0,8925
CHDC,2026-06-16,2221.0,2224.9,8159
LBBLD89,2026-06-16,1232.0,1232.0,300
RIDI,2026-06-16,360.0,343.5,190745
MMKJL,2026-06-16,502.0,505.0,2475
NIMBPO,2026-06-16,143.6,146.0,11987
CBBL,2026-06-16,916.0,915.0,12234
SSHL,2026-06-16,214.8,210.0,65639
NABIL,2026-06-16,532.0,532.0,30151
PRSF,2026-06-16,12.92,12.81,153173
MANDU,2026-06-16,821.0,821.2,2097
CZBIL,2026-06-16,200.0,197.0,82925
MND84/85,2026-06-16,1070.2,1070.2,20
SBCF,2026-06-16,9.47,9.61,1487
NTC,2026-06-16,849.0,849.0,9317
LSL,2026-06-16,229.0,217.0,66256
ACLBSL,2026-06-16,945.0,950.0,359
SAHAS,2026-06-16,659.4,661.0,48659
MNMF1,2026-06-16,9.81,10.0,4750
PMLI,2026-06-16,463.0,465.0,3453
MKJC,2026-06-16,500.0,482.1,5884
LBBLD89,2026-06-15,1251.0,1251.0,25
UPPER,2026-06-15,201.0,200.2,83915
BEDC,2026-06-15,360.0,363.0,45145
GMLI,2026-06-15,1276.3,1298.7,2115
LVF2,2026-06-15,9.61,9.76,1300
NLIC,2026-06-15,760.5,760.4,22801
UNLB,2026-06-15,1445.0,1386.0,1550
NIL,2026-06-15,649.1,649.9,7613
ICFCD89,2026-06-15,1087.3,1087.0,100
API,2026-06-15,349.0,347.3,164989
MAKAR,2026-06-15,492.0,491.0,2338
SLCF,2026-06-15,10.0,9.95,18150
NESDO,2026-06-15,1550.0,1555.0,1080
JBBL,2026-06-15,351.2,352.0,36234
EBLD91,2026-06-15,1090.0,1090.0,350
EBLD86,2026-06-15,1091.0,1091.0,50
SLBBL,2026-06-15,815.2,816.4,1773
SGIC,2026-06-15,488.0,486.7,24744
NICAD85/86,2026-06-15,1204.0,1217.9,82
NICA,2026-06-15,340.0,338.3,41635
LLBS,2026-06-15,931.4,947.0,885
BNHC,2026-06-15,325.0,326.0,4325
SANIMA,2026-06-15,357.1,360.0,51672
SABBL,2026-06-15,1116.2,1099.0,10550
HURJA,2026-06-15,249.6,247.9,34018
KBSH,2026-06-15,1505.6,1549.0,110
PSF,2026-06-15,12.0,12.3,19500
MCHL,2026-06-15,308.0,308.0,6989
NICLBSL,2026-06-15,567.0,573.9,2713
SHINED,2026-06-15,1100.0,1100.0,25
VLBS,2026-06-15,710.2,710.1,2519
CHCL,2026-06-15,483.0,482.0,34538
MLBL,2026-06-15,367.0,360.7,37156
LICN,2026-06-15,808.3,812.5,10849
KHPL,2026-06-15,1066.0,1073.0,36390
NMFBS,2026-06-15,1135.0,1134.3,2771
IHL,2026-06-15,401.0,399.0,26334
OHL,2026-06-15,702.0,705.0,1059
MFIL,2026-06-15,760.0,774.0,87753
RBBD2088,2026-06-15,1040.6,1065.0,150
NBLD87,2026-06-15,1100.0,1135.0,39005
RAWA,2026-06-15,511.1,500.0,152128
JBLB,2026-06-15,1290.0,1269.0,3797
SONA,2026-06-15,434.1,436.1,29582
HLBSL,2026-06-15,851.5,895.9,223
SICL,2026-06-15,629.0,634.0,6220
NLICL,2026-06-15,581.2,581.5,11993
NGPL,2026-06-15,439.0,429.5,63887
SBLD2091,2026-06-15,1076.1,1076.1,75
RLFL,2026-06-15,450.0,455.0,34195
MLBSL,2026-06-15,1780.0,1790.0,100
MERO,2026-06-15,740.0,714.0,2723
NIBLSTF,2026-06-15,9.2,9.35,4700
TRH,2026-06-15,777.0,774.0,1301
SALICO,2026-06-15,628.1,626.9,6341
JSLBB,2026-06-15,1089.6,1059.0,48
NMIC,2026-06-15,1040.0,1025.0,2542
MANDU,2026-06-15,820.0,821.0,1505
RHGCL,2026-06-15,275.0,280.9,13436
NBBD2085,2026-06-15,1106.1,1158.7,247986
RBCL,2026-06-15,14801.0,14806.0,20
NHPC,2026-06-15,283.5,282.0,245858
SNLI,2026-06-15,447.0,448.0,10124
MMKJL,2026-06-15,494.7,509.0,1662
NICFC,2026-06-15,9.0,9.4,3205
MSLB,2026-06-15,1248.0,1230.0,920
MEN,2026-06-15,600.1,596.5,27087
HIMSTAR,2026-06-15,837.0,834.0,4786
NABILD2089,2026-06-15,1092.0,1092.0,100
JFL,2026-06-15,425.2,406.0,9095
JOSHI,2026-06-15,280.0,278.0,7532
NMLBBL,2026-06-15,575.1,581.8,4056
GBLBS,2026-06-15,761.2,764.0,1427
MHNL,2026-06-15,257.0,258.8,6114
NICSF,2026-06-15,9.25,9.4,23600
UNL,2026-06-15,46201.0,46200.0,100
NIMBPO,2026-06-15,145.3,143.6,5132
WNLB,2026-06-15,1402.0,1421.0,241
SCBD,2026-06-15,1155.0,1155.0,10
BNL,2026-06-15,15600.0,15600.0,10
SHPC,2026-06-15,534.4,509.7,23568
KSBBL,2026-06-15,481.1,483.0,5249
MBLEF,2026-06-15,9.99,10.0,4000
SWASTIK,2026-06-15,2230.1,2264.9,460
SHIVM,2026-06-15,670.0,656.0,103286
SSHL,2026-06-15,222.4,212.0,60648
SAGAR,2026-06-15,1656.0,1694.0,8069
MKCL,2026-06-15,1210.1,1202.0,1814
NMBMF,2026-06-15,630.0,638.0,272
NIBLGF,2026-06-15,9.22,9.23,600
NRN,2026-06-15,1388.0,1371.0,31493
NMB,2026-06-15,245.0,244.5,22375
KKHC,2026-06-15,257.1,255.0,29920
NTC,2026-06-15,859.8,848.0,10695
BJHL,2026-06-15,837.0,825.0,5661
SIGS3,2026-06-15,10.94,11.57,12055
DDBL,2026-06-15,865.0,832.1,5219
BHPL,2026-06-15,499.0,529.4,5570
HATHY,2026-06-15,775.0,775.0,2472
HEI,2026-06-15,569.0,563.0,5031
UAIL,2026-06-15,489.0,480.0,14456
NLG,2026-06-15,636.0,625.0,10421
UMHL,2026-06-15,595.0,591.7,55361
KPCL,2026-06-15,485.0,485.0,4817
PURE,2026-06-15,905.0,908.0,6072
NYADI,2026-06-15,388.0,396.4,8902
DHEL,2026-06-15,629.0,619.0,9796
NICL,2026-06-15,514.9,535.0,22638
EDBL,2026-06-15,576.2,574.5,6294
PCIL,2026-06-15,730.0,741.0,40066
NABBC,2026-06-15,909.9,880.0,8100
DLBS,2026-06-15,1288.0,1252.0,121
NBLD85,2026-06-15,1070.0,1050.0,25
HLI,2026-06-15,336.9,336.0,44820
NSY,2026-06-15,9.5,9.5,27775
BGWT,2026-06-15,645.9,665.0,744
SAPDBL,2026-06-15,833.7,840.0,35490
CIZBD86,2026-06-15,1145.0,1145.0,25
CITY,2026-06-15,423.0,434.3,312259
GCIL,2026-06-15,369.2,387.0,26346
GBIMESY2,2026-06-15,9.37,9.41,1600
SBL,2026-06-15,400.0,398.5,50132
ALBSL,2026-06-15,1081.0,1105.0,5480
RMF1,2026-06-15,9.58,9.86,700
HPPL,2026-06-15,366.9,367.2,11383
MBL,2026-06-15,248.1,249.8,48268
SCB,2026-06-15,650.0,650.0,2646
RHPL,2026-06-15,268.0,267.0,16780
NBF2,2026-06-15,9.7,9.72,2700
RFPL,2026-06-15,353.0,362.2,6273
ICFCD88,2026-06-15,1150.1,1150.1,25
SWBBL,2026-06-15,744.9,734.0,1741
SPIL,2026-06-15,744.0,731.7,3023
HDL,2026-06-15,1097.6,1154.0,19152
NADEP,2026-06-15,745.0,742.0,369
UMRH,2026-06-15,540.0,535.0,4415
PCBL,2026-06-15,241.9,239.0,46539
SIFC,2026-06-15,589.5,556.0,14879
TSHL,2026-06-15,525.0,525.0,3498
SPHL,2026-06-15,590.0,633.0,62512
MPFL,2026-06-15,620.0,632.2,30907
VLUCL,2026-06-15,475.0,484.9,1000
GHL,2026-06-15,233.8,234.0,21105
MMF1,2026-06-15,9.3,9.55,53100
SYPNL,2026-06-15,1475.0,1463.0,142843
KDL,2026-06-15,820.0,817.0,2141
STC,2026-06-15,5350.0,5305.0,574
ILBS,2026-06-15,926.0,917.0,239
NRIC,2026-06-15,989.9,999.0,116397
FMDBL,2026-06-15,782.0,776.9,13851
MKHL,2026-06-15,500.0,505.0,19777
SWMF,2026-06-15,664.0,659.7,3119
LBBL,2026-06-15,493.0,492.9,21722
CLI,2026-06-15,455.0,451.0,16823
CFCL,2026-06-15,689.0,620.0,210126
ACLBSL,2026-06-15,955.0,948.0,547
GILB,2026-06-15,1111.0,1111.1,1152
AVYAN,2026-06-15,1007.0,1060.0,1471
RMF2,2026-06-15,9.97,9.99,200
AKPL,2026-06-15,269.0,268.0,42492
MKJC,2026-06-15,489.0,486.1,2411
PROFL,2026-06-15,450.2,449.0,8398
SEF,2026-06-15,10.48,10.19,26725
GFCL,2026-06-15,675.1,635.0,10844
CBBL,2026-06-15,926.0,916.0,29099
PMLI,2026-06-15,488.7,463.1,2620
PPL,2026-06-15,331.6,348.0,14038
BHL,2026-06-15,220.0,215.0,66647
EHPL,2026-06-15,395.0,384.0,7047
CYCL,2026-06-15,1400.0,1392.0,2972
SMB,2026-06-15,1716.0,1715.0,726
GMFIL,2026-06-15,476.0,478.0,28854
KBL,2026-06-15,212.2,213.0,128612
CKHL,2026-06-15,630.0,646.0,710
NMB50,2026-06-15,10.9,10.7,9560
SPDL,2026-06-15,400.0,392.0,34179
TTL,2026-06-15,799.1,795.0,11608
GRDBL,2026-06-15,1148.6,1113.0,26401
SKHEL,2026-06-15,1140.0,1145.0,7016
ANLB,2026-06-15,5800.0,5819.9,205
RADHI,2026-06-15,746.1,750.0,35087
MSHL,2026-06-15,670.2,687.0,434
SPL,2026-06-15,688.7,690.0,2055
IGI,2026-06-15,452.1,456.0,9870
FOWAD,2026-06-15,1012.0,1013.0,2405
CIT,2026-06-15,1745.0,1736.9,10630
SMJC,2026-06-15,453.0,454.0,6596
NBLD82,2026-06-15,1053.1,1053.1,50
SHEL,2026-06-15,313.9,308.2,45917
GLH,2026-06-15,262.0,264.0,26849
BUNGAL,2026-06-15,700.1,709.9,36086
MNBBL,2026-06-15,374.0,373.0,17978
UPCL,2026-06-15,362.1,365.0,25829
CZBIL,2026-06-15,202.0,200.0,21011
PBD88,2026-06-15,1215.0,1200.0,115
RBBF40,2026-06-15,9.2,9.25,900
SKHL,2026-06-15,949.0,950.0,14871
BARUN,2026-06-15,340.0,337.0,24208
MFLD85,2026-06-15,1102.0,1102.0,50
C30MF,2026-06-15,9.92,10.01,7450
BFC,2026-06-15,513.9,493.0,77404
HIDCL,2026-06-15,262.5,261.0,46623
BANDIPUR,2026-06-15,815.5,815.0,14558
MHL,2026-06-15,493.0,496.0,1447
SINDU,2026-06-15,724.0,746.9,5862
NIFRA,2026-06-15,260.0,259.7,39271
LEC,2026-06-15,223.0,223.0,39364
SRLI,2026-06-15,413.7,392.6,11057
NBF3,2026-06-15,10.0,10.0,19314
BHCL,2026-06-15,569.0,560.0,42137
MEL,2026-06-15,235.0,236.4,4913
KDBY,2026-06-15,11.25,11.28,5060
GBIME,2026-06-15,240.0,240.0,125450
MBJC,2026-06-15,282.0,283.2,15151
MDB,2026-06-15,600.3,606.0,3750
MLBS,2026-06-15,1276.1,1230.0,1597
MNMF1,2026-06-15,9.82,10.0,2250
NICBF,2026-06-15,9.15,9.15,300
UHEWA,2026-06-15,630.0,657.0,119349
CHDC,2026-06-15,2250.0,2215.0,13619
GBILD86/87,2026-06-15,1125.0,1125.0,39669
EBL,2026-06-15,709.0,698.0,26134
TVCL,2026-06-15,485.1,490.0,1608
SPC,2026-06-15,450.4,455.0,2311
JBBD87,2026-06-15,1135.0,1135.0,30
PHCL,2026-06-15,337.5,318.0,93063
SIKLES,2026-06-15,591.0,590.0,10459
EBLEB89,2026-06-15,1059.4,1059.4,50
USHL,2026-06-15,614.0,607.0,3164
GUFL,2026-06-15,572.0,560.0,10056
PMHPL,2026-06-15,330.2,331.5,2605
NMBHF2,2026-06-15,9.6,9.7,10310
SFCL,2026-06-15,378.0,378.0,5320
HHL,2026-06-15,357.0,370.0,30692
RBCLPO,2026-06-15,11700.0,11700.0,60
NBL,2026-06-15,269.0,270.0,79847
SBID89,2026-06-15,1140.19,1140.19,25
APHL,2026-06-15,469.2,523.9,210
HFIN,2026-06-15,830.0,839.0,32534
RLEL,2026-06-15,920.0,924.0,8698
PFL,2026-06-15,398.0,379.4,6700
SARBTM,2026-06-15,838.0,835.0,6266
SOHL,2026-06-15,630.0,634.9,63114
GMFBS,2026-06-15,1300.0,1271.9,95
GSY,2026-06-15,9.93,9.95,5700
GBILD84/85,2026-06-15,1135.0,1135.0,25
DHPL,2026-06-15,295.0,297.0,4577
SJLIC,2026-06-15,431.0,429.0,7185
LSL,2026-06-15,217.0,219.5,1054017
USHEC,2026-06-15,515.0,505.5,9241
RNLI,2026-06-15,462.1,463.8,9858
NIBD84,2026-06-15,1050.4,1050.4,25
ULHC,2026-06-15,440.5,437.0,7006
ADBL,2026-06-15,310.0,311.0,14590
RSDC,2026-06-15,657.0,658.3,1459
PRIN,2026-06-15,710.0,710.0,9145
NUBL,2026-06-15,647.0,649.3,988
ALICL,2026-06-15,452.0,449.0,14690
NICGF2,2026-06-15,9.2,9.26,3900
ULBSL,2026-06-15,2830.0,2900.0,536
NSIF2,2026-06-15,10.7,10.79,43700
SMH,2026-06-15,567.0,565.0,3806
CSY,2026-06-15,9.22,9.4,7400
KBLD86,2026-06-15,1146.0,1145.0,30
DOLTI,2026-06-15,354.0,363.0,183189
SBID83,2026-06-15,1063.5,1070.0,113
HDHPC,2026-06-15,227.6,218.9,92621
NABIL,2026-06-15,533.0,531.5,39328
BBC,2026-06-15,4310.0,4250.0,140
PRVU,2026-06-15,194.0,194.0,55287
MEHL,2026-06-15,368.0,365.0,3911
JHAPA,2026-06-15,1273.0,1345.0,12556
MATRI,2026-06-15,875.0,880.0,427
PRSF,2026-06-15,12.83,12.95,130620
NIBSF2,2026-06-15,9.02,9.12,5300
SMHL,2026-06-15,488.7,494.0,14548
SBLD84,2026-06-15,1078.0,1078.0,16043
RSY,2026-06-15,10.25,10.26,7400
SADBL,2026-06-15,415.0,410.3,8219
MABEL,2026-06-15,720.0,685.0,9641
CORBL,2026-06-15,1840.0,1795.2,4893
TPC,2026-06-15,348.0,364.0,14664
SLBSL,2026-06-15,1220.0,1189.1,1277
HEIP,2026-06-15,320.5,320.1,390
AHPC,2026-06-15,294.0,276.0,61256
HBL,2026-06-15,200.0,197.1,36992
BNT,2026-06-15,11800.0,11850.0,30
GIBF1,2026-06-15,10.8,10.8,2400
KSBBLD87,2026-06-15,1125.0,1125.0,50
TAMOR,2026-06-15,455.0,450.0,39090
NFS,2026-06-15,624.0,606.0,6481
NIFRAGED,2026-06-15,1050.0,1050.0,25
SOPL,2026-06-15,550.0,611.4,610
SMATA,2026-06-15,780.0,763.2,2124
NWCL,2026-06-15,780.1,772.0,5167
SBI,2026-06-15,397.0,396.9,41601
SANVI,2026-06-15,681.2,682.9,11808
SAHAS,2026-06-15,660.0,659.5,52248
CREST,2026-06-15,1341.0,1259.8,2895
SHLB,2026-06-15,1453.0,1453.0,20
MHCL,2026-06-15,347.0,344.9,1197
AHL,2026-06-15,508.5,483.0,4895
KEF,2026-06-15,10.75,10.9,7810
MLBBL,2026-06-15,1190.0,1183.0,895
GBBD85,2026-06-15,1085.0,1085.0,70
BHDC,2026-06-15,457.0,457.0,4948
SGHC,2026-06-15,360.0,355.2,13849
HLICF,2026-06-15,8.75,9.0,7700
LUK,2026-06-15,10.0,10.04,1740
RIDI,2026-06-15,330.5,344.9,175295
CHL,2026-06-15,282.5,280.7,14230
NRM,2026-06-15,346.0,340.0,21970
PPCL,2026-06-15,375.0,374.8,26314
AKJCL,2026-06-15,429.5,397.0,963808
UNHPL,2026-06-15,417.9,412.0,15177
USLB,2026-06-15,1225.0,1254.9,1558
CMF2,2026-06-15,9.9,9.9,8600
H8020,2026-06-15,11.58,11.7,1352532
SFEF,2026-06-15,10.08,10.11,4500
DORDI,2026-06-15,269.9,268.0,12959
HIDCLP,2026-06-15,200.6,198.3,111450
SMFBS,2026-06-15,1481.2,1498.8,113
HRL,2026-06-15,633.0,633.0,47015
ILI,2026-06-15,438.0,431.6,8642
RSML,2026-06-15,3420.0,3460.0,47155
KMCDB,2026-06-15,854.5,847.9,3946
SHINE,2026-06-15,408.6,408.0,14801
SMPDA,2026-06-15,824.1,830.0,635
MBLD87,2026-06-15,1107.0,1107.0,25
CGH,2026-06-15,748.0,783.1,7700
SBCF,2026-06-15,9.9,9.76,4000
GLBSL,2026-06-15,1768.1,1765.0,239
SAIL,2026-06-15,1059.0,1057.0,24689
SIPD,2026-06-15,753.0,742.4,14877
NHDL,2026-06-15,633.0,630.0,2023
OMPL,2026-06-15,1125.0,1144.0,3131
KSY,2026-06-15,9.69,9.76,4200
NIMB,2026-06-15,194.2,194.9,64357
BPCL,2026-06-15,680.0,679.5,14092
SJCL,2026-06-15,290.4,289.9,33664
GVL,2026-06-15,485.1,486.5,20007
ICFC,2026-06-15,630.0,621.1,6650
SKBBL,2026-06-15,765.0,764.0,10047
ENL,2026-06-15,856.5,873.6,334
SHL,2026-06-15,500.0,500.0,14410
RURU,2026-06-15,640.0,648.0,12826
BOKD86,2026-06-15,1098.0,1098.0,25
MKHC,2026-06-15,313.0,311.7,22925
GBBL,2026-06-15,411.0,407.3,40925
SAGF,2026-06-15,10.11,10.2,1400
SYPNL,2026-06-12,1328.1,1405.0,36743
MABEL,2026-06-12,705.0,705.0,6558
DORDI,2026-06-12,274.0,270.0,19150
NIMBPO,2026-06-12,145.1,145.0,9000
RLEL,2026-06-12,901.0,922.0,6556
GCIL,2026-06-12,400.0,388.5,113123
USLB,2026-06-12,1260.0,1250.0,1596
FOWAD,2026-06-12,1012.1,1016.0,1855
SBID83,2026-06-12,1062.5,1062.0,50
RSML,2026-06-12,3748.5,3517.9,36704
NLICL,2026-06-12,580.2,581.7,2177
NLIC,2026-06-12,770.0,760.5,12083
KBLD89,2026-06-12,1243.0,1243.0,29
IGI,2026-06-12,452.2,459.8,10427
MBLEF,2026-06-12,10.0,10.2,72210
PRIN,2026-06-12,702.0,710.0,25328
SMFBS,2026-06-12,1491.0,1503.9,277
SABBL,2026-06-12,1120.0,1116.2,5068
RADHI,2026-06-12,792.6,746.0,10648
SAGF,2026-06-12,10.1,10.1,1100
MHCL,2026-06-12,355.0,347.0,1730
CITY,2026-06-12,438.0,430.1,559005
MLBBL,2026-06-12,1177.1,1189.8,2984
CHL,2026-06-12,279.6,282.5,11612
MERO,2026-06-12,716.0,722.0,2336
NMBHF2,2026-06-12,9.68,9.7,148300
LEC,2026-06-12,209.8,223.0,93449
HEI,2026-06-12,553.4,569.0,18277
DHEL,2026-06-12,667.6,629.0,14215
USHL,2026-06-12,635.0,609.7,2090
KEF,2026-06-12,10.7,10.85,12400
AKJCL,2026-06-12,383.0,409.1,553119
NRM,2026-06-12,346.0,345.3,19281
RFPL,2026-06-12,353.0,362.7,19540
GMFBS,2026-06-12,1245.1,1277.8,696
RBBF40,2026-06-12,9.25,9.47,800
PURE,2026-06-12,900.2,914.9,7370
KPCL,2026-06-12,486.0,484.5,3844
NIL,2026-06-12,653.0,649.1,6892
LSL,2026-06-12,217.0,218.0,34629
BHPL,2026-06-12,561.2,525.0,7485
SINDU,2026-06-12,759.0,741.2,7070
GBILD84/85,2026-06-12,1154.9,1154.9,25
NMIC,2026-06-12,1040.0,1038.0,1765
NICGF2,2026-06-12,10.13,9.36,1600
HFIN,2026-06-12,899.8,842.0,35600
PSF,2026-06-12,11.9,12.25,53373
SBI,2026-06-12,390.2,395.5,21974
DOLTI,2026-06-12,345.2,349.9,12697
TTL,2026-06-12,771.1,802.5,8192
HEIP,2026-06-12,337.0,327.9,1015
JHAPA,2026-06-12,1335.0,1340.0,10332
ILI,2026-06-12,431.3,431.5,10503
SAHAS,2026-06-12,661.0,660.0,91642
ILBS,2026-06-12,908.1,918.9,2692
AKPL,2026-06-12,265.0,269.8,152184
SAGAR,2026-06-12,1678.0,1659.9,10081
SRLI,2026-06-12,391.6,394.0,14409
KMCDB,2026-06-12,845.0,854.0,426
RHGCL,2026-06-12,286.0,280.5,26760
MHNL,2026-06-12,263.0,259.0,5740
SWBBL,2026-06-12,745.0,737.9,2867
NIBLSTF,2026-06-12,9.56,9.4,3050
SADBL,2026-06-12,410.6,410.0,26539
PCBL,2026-06-12,238.5,238.6,38035
MCHL,2026-06-12,310.0,312.0,3163
HLICF,2026-06-12,8.75,9.01,800
SJLIC,2026-06-12,426.3,431.0,9274
SOHL,2026-06-12,639.0,641.0,60673
SBLD84,2026-06-12,1050.0,1047.0,4
RAWA,2026-06-12,520.0,538.0,8354
BUNGAL,2026-06-12,694.5,710.0,35379
SICL,2026-06-12,635.0,634.0,10386
SMJC,2026-06-12,457.1,453.0,11149
SAND2085,2026-06-12,1127.0,1165.9,54802
ACLBSL,2026-06-12,955.0,945.0,364
MLBSL,2026-06-12,1750.0,1780.0,222
UNLB,2026-06-12,1350.0,1380.0,655
MAKAR,2026-06-12,489.1,497.0,1710
KSY,2026-06-12,9.67,9.69,600
SWMF,2026-06-12,652.0,661.7,1222
NICAD85/86,2026-06-12,1169.0,1169.0,25
SHLB,2026-06-12,1452.0,1453.0,1370
BARUN,2026-06-12,340.0,339.0,23856
BNHC,2026-06-12,325.0,326.0,2780
GHL,2026-06-12,233.9,233.9,26555
ULBSL,2026-06-12,2870.0,2910.0,790
ANLB,2026-06-12,5750.0,5800.0,127
PFL,2026-06-12,373.0,379.8,4024
SLBBL,2026-06-12,857.9,815.2,7579
SIKLES,2026-06-12,591.1,593.0,3912
GBLBS,2026-06-12,765.0,761.2,3552
SPC,2026-06-12,453.0,459.8,5638
UNHPL,2026-06-12,407.0,413.8,20288
EBLD86,2026-06-12,1112.4,1112.4,55
PPL,2026-06-12,330.6,349.0,17181
RBCL,2026-06-12,15138.0,15049.9,70
NIBLGF,2026-06-12,9.22,9.22,200
TSHL,2026-06-12,542.1,535.0,2063
HDHPC,2026-06-12,215.0,223.6,604139
JBBL,2026-06-12,351.0,353.9,11765
MEL,2026-06-12,240.0,235.6,6314
SLCF,2026-06-12,10.0,10.01,12100
NICL,2026-06-12,515.4,541.9,25222
SKHL,2026-06-12,925.0,949.8,16716
WNLB,2026-06-12,1402.0,1402.0,379
SGHC,2026-06-12,355.3,363.0,7036
KBL,2026-06-12,221.9,212.2,86576
NSIF2,2026-06-12,10.52,10.7,10700
GMLI,2026-06-12,1242.0,1304.9,1500
NMLBBL,2026-06-12,580.0,580.5,4009
SOPL,2026-06-12,471.3,531.7,380
MPFL,2026-06-12,621.0,630.0,31170
NICFC,2026-06-12,9.25,9.26,2400
HLBSL,2026-06-12,876.1,870.0,764
BEDC,2026-06-12,355.0,359.0,5863
NRN,2026-06-12,1372.0,1370.0,39022
VLBS,2026-06-12,710.1,714.0,2865
SAIL,2026-06-12,1118.2,1040.0,18353
KHPL,2026-06-12,1252.8,1066.0,66840
NIBSF2,2026-06-12,9.01,9.03,1500
TAMOR,2026-06-12,453.5,458.0,37499
GIBF1,2026-06-12,10.71,11.02,10300
AHL,2026-06-12,481.8,484.4,4230
SHIVM,2026-06-12,660.0,658.9,92448
MATRI,2026-06-12,890.0,899.0,438
HIMSTAR,2026-06-12,850.0,847.9,2649
SHL,2026-06-12,500.0,505.0,20365
SFMF,2026-06-12,10.81,10.81,7615
MBL,2026-06-12,250.0,247.5,68798
SHINE,2026-06-12,430.5,408.6,7850
GLBSL,2026-06-12,1795.0,1756.0,102
NESDO,2026-06-12,1568.0,1560.0,1419
SHEL,2026-06-12,309.1,310.3,62584
BBC,2026-06-12,4300.0,4310.0,341
KDBY,2026-06-12,11.2,11.29,3660
ICFC,2026-06-12,596.6,626.6,5961
SLBSL,2026-06-12,1187.0,1220.0,289
SPL,2026-06-12,694.0,700.0,1495
HRL,2026-06-12,638.0,636.9,69283
MLBL,2026-06-12,360.5,364.0,25509
PMLI,2026-06-12,460.0,465.5,5675
KBSH,2026-06-12,1602.0,1552.0,190
SKHEL,2026-06-12,1150.0,1170.0,9082
NRIC,2026-06-12,1040.0,1042.0,72632
SIGS3,2026-06-12,11.0,11.25,22900
VLUCL,2026-06-12,477.0,485.0,5443
RLFL,2026-06-12,471.0,465.3,27977
TPC,2026-06-12,361.0,366.0,12771
SSHL,2026-06-12,210.9,211.9,150799
SIFC,2026-06-12,560.0,561.5,24366
CIT,2026-06-12,1741.0,1741.0,5783
NFS,2026-06-12,623.0,627.9,24938
UMHL,2026-06-12,581.0,593.0,52803
SONA,2026-06-12,456.7,437.0,24294
SHPC,2026-06-12,512.3,509.0,70004
OMPL,2026-06-12,1136.0,1142.9,1815
NIFRA,2026-06-12,258.5,260.0,54024
SANVI,2026-06-12,699.0,689.0,17862
NBF2,2026-06-12,9.91,9.94,1100
MATRIP,2026-06-12,523.5,523.5,3400
RSDC,2026-06-12,660.0,657.0,3001
DDBL,2026-06-12,835.0,835.0,3333
SIPD,2026-06-12,758.1,753.0,9839
MKHL,2026-06-12,500.0,509.9,10764
MANDU,2026-06-12,825.0,835.0,3063
MEHL,2026-06-12,361.2,368.0,2560
H8020,2026-06-12,11.5,11.6,60400
ICFCD89,2026-06-12,1100.0,1086.2,125
RURU,2026-06-12,645.1,649.8,15100
PMHPL,2026-06-12,330.1,331.0,8089
CFCL,2026-06-12,625.1,659.0,380639
APHL,2026-06-12,413.0,455.6,100
MMF1,2026-06-12,9.59,9.55,10800
RHPL,2026-06-12,268.5,265.4,44030
JFL,2026-06-12,415.0,405.0,8238
SCB,2026-06-12,651.0,649.1,2434
NICLBSL,2026-06-12,567.1,568.3,3241
GRDBL,2026-06-12,1055.1,1209.0,47207
MMKJL,2026-06-12,510.0,510.0,3525
MFIL,2026-06-12,760.0,770.0,13855
PBLD84,2026-06-12,1100.0,1133.0,270
SMATA,2026-06-12,760.5,769.0,1136
ADBL,2026-06-12,308.0,309.9,23091
NBLD85,2026-06-12,1080.0,1080.0,190
GFCL,2026-06-12,644.7,643.0,13818
MHL,2026-06-12,473.0,496.9,2040
C30MF,2026-06-12,10.0,9.92,49100
SMB,2026-06-12,1715.1,1730.0,336
NMBMF,2026-06-12,622.0,639.0,1141
LVF2,2026-06-12,9.6,9.82,500
NABILD2089,2026-06-12,1093.1,1093.0,13545
SWASTIK,2026-06-12,2250.0,2279.0,1470
EBLD85,2026-06-12,1150.0,1150.0,10
BANDIPUR,2026-06-12,861.0,815.5,12826
LBBL,2026-06-12,492.0,493.0,38237
BHCL,2026-06-12,577.0,574.0,51883
SBCF,2026-06-12,9.61,9.89,12150
EBLD91,2026-06-12,1090.0,1090.0,64
NUBL,2026-06-12,646.2,654.0,1782
CBBL,2026-06-12,917.0,911.1,21920
FMDBL,2026-06-12,781.0,760.0,18769
BHDC,2026-06-12,450.1,459.2,8021
PRVU,2026-06-12,194.9,194.3,50526
API,2026-06-12,340.0,346.9,197228
NSY,2026-06-12,9.43,9.51,8650
TRH,2026-06-12,762.1,780.0,5295
STC,2026-06-12,5400.0,5397.0,311
SEF,2026-06-12,10.2,10.18,97065
NYADI,2026-06-12,401.0,400.0,11283
MNBBL,2026-06-12,374.0,375.0,25419
UPPER,2026-06-12,200.0,201.0,91701
UAIL,2026-06-12,456.9,490.9,54513
PCIL,2026-06-12,755.9,744.0,34937
MKCL,2026-06-12,1222.1,1214.0,1896
CGH,2026-06-12,780.0,787.2,49408
PBD88,2026-06-12,1225.0,1225.0,50
GBBL,2026-06-12,410.0,408.8,30347
RNLI,2026-06-12,466.0,465.4,9608
HLI,2026-06-12,337.5,338.0,20691
HBL,2026-06-12,197.6,198.1,22061
HIDCL,2026-06-12,262.0,262.5,53874
MBJC,2026-06-12,280.0,285.0,31518
PROFL,2026-06-12,455.0,450.0,10688
RIDI,2026-06-12,343.0,347.8,156511
LLBS,2026-06-12,935.0,931.4,250
EDBL,2026-06-12,580.0,575.5,1664
MKHC,2026-06-12,299.6,315.0,22261
AHPC,2026-06-12,289.8,280.0,42429
SIGS2,2026-06-12,11.33,11.4,60000
SHINEP,2026-06-12,222.0,222.0,94115
NADEP,2026-06-12,765.0,745.0,1997
ALICL,2026-06-12,449.0,452.0,8160
SMPDA,2026-06-12,844.0,835.0,1750
SBL,2026-06-12,400.0,399.0,25197
RMF1,2026-06-12,10.0,9.8,70840
PHCL,2026-06-12,342.3,321.5,237998
NWCL,2026-06-12,794.2,791.9,429
KSBBL,2026-06-12,488.0,482.0,13132
LUK,2026-06-12,10.0,10.0,34675
SFEF,2026-06-12,10.05,10.08,6400
SPHL,2026-06-12,587.0,603.9,27471
JBLB,2026-06-12,1265.0,1275.0,4966
SANIMA,2026-06-12,361.0,361.9,40695
HIDCLP,2026-06-12,200.0,200.6,76267
CIZBD90,2026-06-12,1261.0,1315.0,100933
CHDC,2026-06-12,2211.1,2255.0,3934
BNT,2026-06-12,11749.9,11700.0,20
SALICO,2026-06-12,654.0,635.0,5269
MSHL,2026-06-12,671.0,690.0,520
KBLD90,2026-06-12,1201.0,1187.0,50000
SMHL,2026-06-12,503.8,494.0,35767
NMB,2026-06-12,245.0,245.4,14771
MSLB,2026-06-12,1225.0,1248.0,841
RSY,2026-06-12,10.23,10.33,6000
HATHY,2026-06-12,770.0,773.1,4697
NLG,2026-06-12,622.0,636.0,3357
NGPL,2026-06-12,420.0,431.0,88157
HPPL,2026-06-12,363.1,367.0,15077
CHCL,2026-06-12,489.0,483.4,13066
RBBD2088,2026-06-12,1058.1,1058.1,25
PBD84,2026-06-12,1074.1,1075.5,50
UHEWA,2026-06-12,625.0,656.0,126474
SJCL,2026-06-12,287.2,290.3,8207
ULHC,2026-06-12,454.0,450.0,9750
HDL,2026-06-12,1160.1,1155.3,19450
TVCL,2026-06-12,506.8,496.0,4125
SKBBL,2026-06-12,757.0,765.0,16111
DHPL,2026-06-12,310.0,299.8,5473
HURJA,2026-06-12,248.0,249.6,33699
LICN,2026-06-12,818.0,810.5,7751
AVYAN,2026-06-12,1055.0,1060.0,2990
CLI,2026-06-12,452.0,455.0,13285
NICSF,2026-06-12,9.5,9.4,25500
GBIMESY2,2026-06-12,9.85,9.42,10450
GILB,2026-06-12,1106.0,1111.0,576
HBLD86,2026-06-12,1164.0,1164.0,29957
CORBL,2026-06-12,1788.1,1800.0,19669
KKHC,2026-06-12,256.0,257.9,42350
NBL,2026-06-12,269.0,269.2,37475
PBLD87,2026-06-12,1070.0,1086.6,945
SNLI,2026-06-12,446.0,447.2,12310
SGIC,2026-06-12,486.2,490.9,22007
BFC,2026-06-12,484.5,506.0,44504
MKJC,2026-06-12,488.1,490.0,6888
GBIME,2026-06-12,240.0,240.0,91855
BGWT,2026-06-12,650.0,664.0,1943
EHPL,2026-06-12,387.0,384.0,16402
SARBTM,2026-06-12,837.1,837.0,10644
GSY,2026-06-12,9.93,9.96,2300
SMH,2026-06-12,577.0,572.0,6922
UPCL,2026-06-12,360.0,365.0,24732
NMFBS,2026-06-12,1135.0,1135.0,2796
PPCL,2026-06-12,399.0,378.0,10603
KDL,2026-06-12,811.5,818.1,991
SBID2090,2026-06-12,1088.0,1060.0,7020
MNMF1,2026-06-12,9.82,10.0,28045
JSLBB,2026-06-12,1058.0,1089.6,1819
OHL,2026-06-12,710.0,702.0,1504
MDB,2026-06-12,606.0,606.9,3507
SPIL,2026-06-12,739.0,730.0,3877
CREST,2026-06-12,1260.0,1278.0,10233
ICFCD88,2026-06-12,1160.0,1150.0,75
NABIL,2026-06-12,533.1,533.0,27399
BHL,2026-06-12,215.0,215.6,66132
NBF3,2026-06-12,10.0,10.0,68454
UMRH,2026-06-12,540.0,543.0,8353
USHEC,2026-06-12,539.1,515.0,21924
MEN,2026-06-12,626.8,599.0,67808
GUFL,2026-06-12,564.5,569.0,15178
CZBIL,2026-06-12,199.2,200.0,32483
GWFD83,2026-06-12,1085.0,1085.0,125
NICA,2026-06-12,341.9,340.0,36575
GLH,2026-06-12,266.0,264.8,16737
IHL,2026-06-12,391.0,406.0,22640
GVL,2026-06-12,483.2,489.0,8656
CYCL,2026-06-12,1418.0,1418.2,873
SFCL,2026-06-12,380.0,379.0,8482
MLBS,2026-06-12,1224.0,1239.0,160
CKHL,2026-06-12,639.0,647.0,835
CSY,2026-06-12,9.26,9.22,7050
SBLD89,2026-06-12,1275.0,1190.0,97156
GMFIL,2026-06-12,475.0,479.0,25999
SAPDBL,2026-06-12,860.0,839.0,40423
NIMB,2026-06-12,186.9,195.0,87687
PRSF,2026-06-12,12.9,12.83,277100
BPCL,2026-06-12,709.9,679.9,23427
NABBC,2026-06-12,916.0,885.0,13829
JOSHI,2026-06-12,270.5,276.0,12645
NHPC,2026-06-12,283.0,283.1,267800
GBBD85,2026-06-12,1081.0,1113.4,839
MFLD85,2026-06-12,1100.0,1100.0,25
ENL,2026-06-12,856.1,880.0,288
SPDL,2026-06-12,417.0,393.6,15738
BJHL,2026-06-12,855.0,838.0,5544
ALBSL,2026-06-12,1082.0,1081.0,950
NTC,2026-06-12,857.6,851.9,14621
NHDL,2026-06-12,624.0,633.0,3576
DLBS,2026-06-12,1263.5,1250.5,56
HHL,2026-06-12,367.0,375.0,117476
NICAD2091,2026-06-12,1055.6,1057.6,50
EBL,2026-06-12,704.0,699.9,22381
USLB,2026-06-11,1251.0,1260.0,529
GLBSL,2026-06-11,1800.0,1795.0,718
MLBL,2026-06-11,361.7,361.0,36641
RBCLPO,2026-06-11,11713.2,11715.5,20
TVCL,2026-06-11,495.0,492.1,6723
NGPL,2026-06-11,439.5,431.5,130103
BNL,2026-06-11,14832.0,15600.0,35
HIDCL,2026-06-11,263.0,263.5,30657
SMPDA,2026-06-11,844.0,828.2,418
GBBL,2026-06-11,412.3,410.9,48433
SEF,2026-06-11,10.0,10.0,93450
TAMOR,2026-06-11,455.0,456.5,17926
SARBTM,2026-06-11,855.0,844.0,9023
SONA,2026-06-11,438.0,435.0,21949
AKJCL,2026-06-11,384.8,403.0,385504
MNBBL,2026-06-11,376.0,375.0,32275
SIGS2,2026-06-11,10.81,11.0,10100
NBBD2085,2026-06-11,1152.4,1123.0,30
SKBBL,2026-06-11,807.0,764.0,4899
DORDI,2026-06-11,270.0,270.0,12766
EBLD85,2026-06-11,1150.0,1151.0,125
ANLB,2026-06-11,5751.0,5775.0,178
GVL,2026-06-11,485.3,489.8,8603
UMHL,2026-06-11,599.9,595.0,37925
SFCL,2026-06-11,365.8,382.1,8545
SBID83,2026-06-11,1061.5,1060.0,522
NBF2,2026-06-11,9.88,9.88,4200
MABEL,2026-06-11,713.5,725.0,22503
MNMF1,2026-06-11,9.81,10.0,138895
SBLD89,2026-06-11,1275.0,1280.0,120
NIL,2026-06-11,659.1,652.0,6313
PRVU,2026-06-11,195.0,194.9,40007
EBLD86,2026-06-11,1050.0,1080.0,40
SWBBL,2026-06-11,734.0,739.9,4480
PBD88,2026-06-11,1225.0,1211.0,75
NWCL,2026-06-11,780.0,793.0,2977
SGHC,2026-06-11,355.2,359.9,4951
SGIC,2026-06-11,487.1,494.0,21979
LICN,2026-06-11,808.0,812.0,4763
ULHC,2026-06-11,440.8,454.0,16809
HIMSTAR,2026-06-11,852.0,861.0,2716
NSY,2026-06-11,9.36,9.45,12200
LVF2,2026-06-11,10.0,9.75,450
SLCF,2026-06-11,9.9,10.0,39900
RHGCL,2026-06-11,283.2,284.0,51160
RBBF40,2026-06-11,9.3,9.25,610
KPCL,2026-06-11,514.5,487.0,6137
JFL,2026-06-11,416.0,414.5,4568
SKHEL,2026-06-11,1150.0,1178.0,3703
CMF2,2026-06-11,9.9,9.9,100
KHPL,2026-06-11,1200.0,1193.2,110575
MMF1,2026-06-11,9.6,9.52,21700
HIDCLP,2026-06-11,199.6,199.7,47436
SMFBS,2026-06-11,1534.8,1527.0,358
HATHY,2026-06-11,774.0,770.0,4910
TRH,2026-06-11,770.0,769.0,300
RNLI,2026-06-11,465.0,466.0,11621
API,2026-06-11,352.0,349.9,131419
SMB,2026-06-11,1759.9,1725.0,258
GSY,2026-06-11,9.96,9.96,2900
GHL,2026-06-11,236.9,232.2,39231
KEF,2026-06-11,10.75,10.72,9800
BGWT,2026-06-11,645.09,655.0,667
BEDC,2026-06-11,360.0,357.0,8261
DLBS,2026-06-11,1263.0,1263.5,95
SAPDBL,2026-06-11,1065.7,877.9,123235
NIMBPO,2026-06-11,147.0,145.0,475
PPL,2026-06-11,332.4,348.0,15617
SLBSL,2026-06-11,1170.0,1210.0,3393
PSF,2026-06-11,12.03,12.2,352348
SHINED,2026-06-11,1093.1,1093.1,25
MAKAR,2026-06-11,493.1,489.2,6778
CKHL,2026-06-11,655.0,649.0,552
AVYAN,2026-06-11,1080.0,1069.0,3767
NICA,2026-06-11,343.0,342.0,29425
LLBS,2026-06-11,930.0,946.0,1250
PBLD87,2026-06-11,1087.0,1055.0,510
CYCL,2026-06-11,1435.0,1418.0,1617
MBL,2026-06-11,247.0,248.0,47923
OMPL,2026-06-11,1148.0,1149.9,2816
NYADI,2026-06-11,405.0,407.8,3783
SJLIC,2026-06-11,431.0,433.0,8843
CREST,2026-06-11,1260.0,1285.0,9746
SWMF,2026-06-11,662.0,662.0,2331
HDHPC,2026-06-11,216.2,215.0,124804
NLIC,2026-06-11,758.0,761.0,19198
NIFRA,2026-06-11,260.1,259.6,59763
BHPL,2026-06-11,561.6,534.5,7188
SAHAS,2026-06-11,665.0,662.0,64067
APHL,2026-06-11,331.7,396.2,100
BANDIPUR,2026-06-11,815.1,820.0,14667
GUFL,2026-06-11,560.0,571.4,11679
NICGF2,2026-06-11,9.33,9.65,8200
GILB,2026-06-11,1111.0,1119.0,704
PCIL,2026-06-11,770.0,755.9,37639
DHPL,2026-06-11,300.0,295.3,619
ENL,2026-06-11,917.0,875.0,1567
MLBBL,2026-06-11,1190.0,1192.0,259
AHPC,2026-06-11,289.0,276.0,44738
MMKJL,2026-06-11,502.2,510.0,860
HFIN,2026-06-11,882.0,857.0,26041
NMFBS,2026-06-11,1140.0,1138.0,1369
MDB,2026-06-11,605.1,608.0,3794
CZBIL,2026-06-11,200.0,201.0,32138
SBD87,2026-06-11,1090.0,1090.0,40
RLEL,2026-06-11,995.2,925.0,9729
MCHL,2026-06-11,311.0,311.1,4130
NICL,2026-06-11,529.0,542.5,34370
SIPD,2026-06-11,770.0,760.0,12395
ALICL,2026-06-11,450.0,450.0,31401
MKCL,2026-06-11,1215.0,1227.3,1055
MBLEF,2026-06-11,10.0,10.01,900
SBID89,2026-06-11,1124.0,1136.0,51
VLUCL,2026-06-11,486.0,485.0,6073
AKPL,2026-06-11,265.1,265.0,41977
SJCL,2026-06-11,291.0,292.2,6742
PFL,2026-06-11,385.0,378.0,4818
GLH,2026-06-11,265.0,263.5,16724
NRM,2026-06-11,355.0,346.3,21551
SIFC,2026-06-11,573.5,559.0,13033
SHEL,2026-06-11,310.0,310.0,88958
OHL,2026-06-11,701.1,714.0,2000
BARUN,2026-06-11,342.0,340.0,15415
STC,2026-06-11,5444.0,5400.0,230
SSHL,2026-06-11,212.0,210.9,88785
NMBHF2,2026-06-11,9.7,9.68,32140
SMJC,2026-06-11,465.0,456.2,19479
PBLD84,2026-06-11,1105.0,1100.0,126
NLICL,2026-06-11,588.1,582.6,10352
SADBL,2026-06-11,419.0,412.9,23259
BPCL,2026-06-11,676.0,681.1,37655
NIBLSTF,2026-06-11,9.08,9.11,11180
NBF3,2026-06-11,9.8,10.0,23800
PPCL,2026-06-11,373.0,380.0,2002
DDBL,2026-06-11,840.0,837.0,6176
VLBS,2026-06-11,715.0,716.0,3234
PURE,2026-06-11,921.0,905.5,6699
SINDU,2026-06-11,712.5,759.9,31161
SBI,2026-06-11,393.0,393.9,23338
GMFIL,2026-06-11,483.2,482.1,36820
UMRH,2026-06-11,540.0,545.0,6556
SRLI,2026-06-11,400.0,397.0,19064
PRSF,2026-06-11,13.0,12.9,110200
SFMF,2026-06-11,10.5,10.5,3300
NABBC,2026-06-11,843.0,895.0,7920
RFPL,2026-06-11,365.0,366.0,15515
MSLB,2026-06-11,1245.0,1249.0,920
SBCF,2026-06-11,9.8,9.7,51756
SMHL,2026-06-11,493.1,492.1,27938
BJHL,2026-06-11,885.8,855.0,4490
HRL,2026-06-11,644.0,638.7,57304
HEIP,2026-06-11,342.0,338.0,2028
RSDC,2026-06-11,665.0,660.0,2556
CHL,2026-06-11,294.0,284.0,14647
SPC,2026-06-11,452.0,455.5,1668
NMLBBL,2026-06-11,586.0,586.8,4686
JBLB,2026-06-11,1274.0,1278.0,2834
MKHL,2026-06-11,520.0,504.5,19175
IHL,2026-06-11,393.0,392.5,12090
JBBL,2026-06-11,353.0,354.0,36745
MLBS,2026-06-11,1264.9,1260.0,130
FMDBL,2026-06-11,797.0,781.0,6924
NRIC,2026-06-11,1060.0,1038.1,27860
NICLBSL,2026-06-11,566.1,569.0,1732
LBBL,2026-06-11,495.0,493.0,25743
KDBY,2026-06-11,11.21,11.26,3900
NADEP,2026-06-11,736.0,750.0,910
NMB,2026-06-11,245.0,245.9,36015
NIBSF2,2026-06-11,9.1,9.25,5200
GMFBS,2026-06-11,1293.0,1278.0,546
NMBMF,2026-06-11,640.0,635.9,2130
MANDU,2026-06-11,806.5,828.6,1580
SABBL,2026-06-11,1145.0,1130.1,6707
PHCL,2026-06-11,310.0,326.0,494194
LEC,2026-06-11,222.0,220.8,52843
UAIL,2026-06-11,485.0,480.9,28710
KSBBL,2026-06-11,485.2,487.0,14287
HEI,2026-06-11,590.1,561.5,6505
SIGS3,2026-06-11,10.7,10.8,300
HDL,2026-06-11,1165.0,1158.0,20611
TTL,2026-06-11,810.0,810.0,6716
USHL,2026-06-11,609.0,605.0,3480
MEHL,2026-06-11,365.0,370.0,1011
BNHC,2026-06-11,334.1,327.0,2151
SANIMA,2026-06-11,365.0,362.9,69096
HURJA,2026-06-11,254.0,249.7,38778
PMHPL,2026-06-11,336.0,333.9,6126
MEL,2026-06-11,235.0,237.7,5456
SCB,2026-06-11,659.0,650.0,6996
ICFC,2026-06-11,638.0,628.0,5068
SAGAR,2026-06-11,1669.1,1665.0,2997
SLBBLP,2026-06-11,456.0,456.0,2000
MKJC,2026-06-11,487.1,496.0,5455
SIKLES,2026-06-11,603.0,596.0,4795
CGH,2026-06-11,780.0,785.0,9103
SAGF,2026-06-11,10.13,10.2,700
SHIVM,2026-06-11,665.0,665.0,96593
DOLTI,2026-06-11,353.0,348.0,25760
MKHC,2026-06-11,313.6,313.7,15873
MPFL,2026-06-11,643.1,640.0,25586
HBLD86,2026-06-11,1132.2,1132.1,25
KSY,2026-06-11,9.64,9.77,800
RMF2,2026-06-11,9.99,9.99,250
NABILD2089,2026-06-11,1120.0,1120.0,25
UNL,2026-06-11,46750.1,47000.0,150
BUNGAL,2026-06-11,730.9,731.0,222281
RBBD2088,2026-06-11,1060.0,1057.3,200
NICSF,2026-06-11,9.25,9.45,18600
GFCL,2026-06-11,616.0,639.9,12764
GBBD85,2026-06-11,1100.0,1081.0,50
RIDI,2026-06-11,332.5,345.0,221893
H8020,2026-06-11,11.65,11.75,261800
NBL,2026-06-11,269.0,268.0,57135
CITY,2026-06-11,417.0,439.0,556409
MEN,2026-06-11,603.0,597.0,45905
MLBSL,2026-06-11,1780.0,1800.0,549
NRN,2026-06-11,1320.0,1374.9,33258
LBLD88,2026-06-11,1117.0,1117.0,30
JHAPA,2026-06-11,1310.0,1385.0,15182
KDL,2026-06-11,869.4,830.0,5560
SMATA,2026-06-11,757.1,768.6,1458
RSY,2026-06-11,10.21,10.25,116160
JOSHI,2026-06-11,281.2,278.0,17553
DHEL,2026-06-11,632.9,635.9,27967
MFIL,2026-06-11,750.0,775.2,27116
PMLI,2026-06-11,460.0,468.0,1884
UPPER,2026-06-11,201.0,201.9,49837
RSML,2026-06-11,3500.0,3570.0,29675
KKHC,2026-06-11,262.0,258.0,35557
MHCL,2026-06-11,359.0,346.0,3774
NFS,2026-06-11,623.0,623.0,9878
NICBF,2026-06-11,9.2,9.2,100
MHL,2026-06-11,475.0,497.0,12778
SPIL,2026-06-11,714.1,730.0,4068
SOPL,2026-06-11,422.2,462.4,300
RBBD83,2026-06-11,1056.4,1035.0,75
MERO,2026-06-11,707.0,722.0,1795
C30MF,2026-06-11,9.99,10.0,7350
HBLD83,2026-06-11,1037.0,1034.5,100
SOHL,2026-06-11,635.0,645.0,61599
PCBL,2026-06-11,239.0,237.4,27764
RHPL,2026-06-11,272.0,270.0,27969
GCIL,2026-06-11,410.0,401.0,50982
PRIN,2026-06-11,695.0,703.0,28027
RURU,2026-06-11,647.0,648.0,3923
RADHI,2026-06-11,760.0,754.9,35806
ADBL,2026-06-11,324.4,310.0,17589
ILI,2026-06-11,454.9,431.3,21274
SPL,2026-06-11,700.0,704.9,230
RLFL,2026-06-11,480.0,471.0,36801
CIT,2026-06-11,1744.9,1741.0,6155
CSY,2026-06-11,9.25,9.26,2220
BBC,2026-06-11,4310.0,4292.0,266
MSHL,2026-06-11,670.1,690.0,180
ACLBSL,2026-06-11,953.1,955.0,1426
GBIMEP,2026-06-11,131.0,131.0,15000
ILBS,2026-06-11,900.0,915.0,1263
GBIMESY2,2026-06-11,9.32,9.58,20150
SHPC,2026-06-11,490.2,515.9,17936
GBILD84/85,2026-06-11,1120.0,1150.0,45
AHL,2026-06-11,477.2,487.0,4017
BFC,2026-06-11,523.0,510.0,52426
NABIL,2026-06-11,536.0,533.1,31193
SPHL,2026-06-11,582.0,609.9,66593
CFCL,2026-06-11,688.0,658.0,265582
ICFCD89,2026-06-11,1098.0,1085.1,125
PROFL,2026-06-11,441.8,455.0,5739
EDBL,2026-06-11,574.0,583.0,2478
SBID2090,2026-06-11,1180.0,1121.0,2
UPCL,2026-06-11,350.0,365.0,26735
SYPNL,2026-06-11,1400.0,1398.0,18258
RMF1,2026-06-11,9.9,9.77,6350
SNLI,2026-06-11,450.0,450.0,11346
BHL,2026-06-11,215.0,215.0,64684
SICL,2026-06-11,644.9,631.0,6682
RBCL,2026-06-11,15390.0,14910.0,200
LSL,2026-06-11,222.2,217.4,27806
NHDL,2026-06-11,637.5,638.0,1777
SBL,2026-06-11,403.0,400.0,40760
NIBLGF,2026-06-11,9.4,9.4,700
WNLB,2026-06-11,1401.0,1420.0,267
HLICF,2026-06-11,9.0,9.0,1850
RAWA,2026-06-11,539.0,525.0,8427
ICFCD88,2026-06-11,1165.0,1150.0,75
SPDL,2026-06-11,403.0,397.9,25122
NICFC,2026-06-11,9.35,9.25,3300
MATRI,2026-06-11,916.0,890.0,221
SMH,2026-06-11,568.1,569.5,1469
GBLBS,2026-06-11,774.0,778.5,2832
GIBF1,2026-06-11,10.7,10.73,86400
GMLI,2026-06-11,1286.0,1307.0,808
SAIL,2026-06-11,1131.9,1065.0,11124
CHDC,2026-06-11,2240.0,2255.0,6005
SWASTIK,2026-06-11,2320.0,2285.5,505
KBSH,2026-06-11,1539.0,1568.0,326
BNT,2026-06-11,11600.0,11699.9,34
NIFRAGED,2026-06-11,1050.0,1050.0,25
EBLD91,2026-06-11,1062.0,1090.0,127625
IGI,2026-06-11,451.0,458.0,16280
ALBSL,2026-06-11,1080.0,1104.0,14425
HPPL,2026-06-11,366.0,366.5,22293
CORBL,2026-06-11,1760.0,1825.0,5996
PBLD86,2026-06-11,1135.0,1136.4,100
NMIC,2026-06-11,1047.0,1051.0,3812
NIMB,2026-06-11,198.0,196.7,50490
EBL,2026-06-11,705.5,702.0,34885
ICFCD83,2026-06-11,1078.4,1100.0,50
SKHL,2026-06-11,965.5,939.0,31939
BHDC,2026-06-11,454.0,457.0,3525
KBL,2026-06-11,214.0,212.5,99551
SHINE,2026-06-11,411.0,410.0,10821
HLI,2026-06-11,338.0,339.0,16832
CHCL,2026-06-11,486.0,484.9,10549
NLG,2026-06-11,636.1,636.8,9962
NTC,2026-06-11,847.0,848.0,16863
NUBL,2026-06-11,658.0,652.7,2754
SBLD2091,2026-06-11,1061.2,1076.6,55
NMBD89/90,2026-06-11,1316.0,1316.0,80
CLI,2026-06-11,455.0,454.2,14763
HHL,2026-06-11,364.0,367.5,26077
SFEF,2026-06-11,10.06,10.08,55500
TSHL,2026-06-11,550.0,550.1,1592
UNHPL,2026-06-11,405.1,414.0,19018
MHNL,2026-06-11,260.0,260.0,6508
UNLB,2026-06-11,1450.0,1350.0,914
NHPC,2026-06-11,287.7,282.0,154586
GBIME,2026-06-11,242.0,240.0,94795
SHL,2026-06-11,507.0,505.0,31145
JSLBB,2026-06-11,1061.0,1090.0,281
KMCDB,2026-06-11,843.0,847.1,1117
EHPL,2026-06-11,382.0,382.1,11115
NESDO,2026-06-11,1550.0,1550.1,1910
LUK,2026-06-11,10.0,9.9,11000
NSIF2,2026-06-11,10.75,10.84,69195
SANVI,2026-06-11,700.0,697.0,8545
SALICO,2026-06-11,648.9,636.0,25162
FOWAD,2026-06-11,1000.1,1029.9,9600
TPC,2026-06-11,365.0,365.7,17621
USHEC,2026-06-11,518.0,513.5,14566
MBJC,2026-06-11,282.3,284.9,19219
UHEWA,2026-06-11,615.0,655.0,145208
HLBSL,2026-06-11,887.0,876.1,3402
CBBL,2026-06-11,918.1,915.0,13034
BHCL,2026-06-11,571.3,584.0,86681
NBLD87,2026-06-11,1100.0,1100.0,50
SLBBL,2026-06-11,820.1,817.1,10817
HBL,2026-06-11,199.0,198.5,34989
ULBSL,2026-06-11,2835.0,2940.0,1756
SHLB,2026-06-11,1480.0,1476.0,335
GRDBL,2026-06-11,1050.0,1067.0,11820
BJHL,2026-06-10,844.0,870.0,10926
KHPL,2026-06-10,1051.8,1152.0,12420
MDB,2026-06-10,603.0,605.1,2743
AVYAN,2026-06-10,1068.0,1074.0,1831
CLI,2026-06-10,454.3,455.0,16135
CKHL,2026-06-10,638.0,651.0,1405
OHL,2026-06-10,684.1,710.0,6302
RLEL,2026-06-10,910.0,947.9,10719
CHCL,2026-06-10,490.0,483.1,22811
TAMOR,2026-06-10,468.0,459.0,52330
EBLD86,2026-06-10,1050.0,1085.0,85
SLBBL,2026-06-10,821.0,820.1,1495
RHGCL,2026-06-10,288.0,282.5,42612
HRL,2026-06-10,645.0,644.0,42478
DOLTI,2026-06-10,335.0,349.0,25897
NMB50,2026-06-10,10.7,11.02,1100
ULHC,2026-06-10,450.0,428.0,48476
MBLEF,2026-06-10,10.0,10.2,6600
LBBLD89,2026-06-10,1262.0,1262.0,677
AHPC,2026-06-10,273.0,277.0,61990
RMF1,2026-06-10,9.69,9.85,12500
CHL,2026-06-10,280.0,286.9,8824
SMATA,2026-06-10,770.0,773.8,2890
MKHC,2026-06-10,320.0,315.0,13525
LICN,2026-06-10,819.9,813.0,7671
ALICL,2026-06-10,450.0,453.0,6454
AKPL,2026-06-10,263.0,267.0,25345
HBL,2026-06-10,195.0,199.0,31083
PPCL,2026-06-10,373.1,384.0,3491
BHCL,2026-06-10,579.0,584.0,60896
MBJC,2026-06-10,282.0,282.4,18480
MFIL,2026-06-10,780.1,785.8,22017
SIFC,2026-06-10,570.0,565.0,35315
MBL,2026-06-10,237.0,250.0,26681
GRDBL,2026-06-10,1040.1,1062.4,3699
MEL,2026-06-10,239.0,240.5,2294
HURJA,2026-06-10,248.0,250.0,26793
HATHY,2026-06-10,776.0,774.0,2349
RBCLPO,2026-06-10,11885.0,11885.0,10
WNLB,2026-06-10,1401.0,1427.0,165
UPCL,2026-06-10,367.0,364.9,9313
SFEF,2026-06-10,10.06,10.1,1300
RSDC,2026-06-10,675.0,665.0,3920
MLBL,2026-06-10,363.9,363.2,19936
NIMB,2026-06-10,188.0,196.0,81587
ACLBSL,2026-06-10,950.0,959.0,972
CFCL,2026-06-10,630.8,656.0,179057
SARBTM,2026-06-10,850.0,855.0,9309
BFC,2026-06-10,523.0,529.0,173251
HEI,2026-06-10,570.0,562.0,3787
GLBSL,2026-06-10,1751.0,1770.0,104
GCIL,2026-06-10,411.0,412.0,32304
MNMF1,2026-06-10,9.8,10.0,1600
MEHL,2026-06-10,379.7,367.2,2764
NIBSF2,2026-06-10,9.05,9.24,5100
NICFC,2026-06-10,9.22,9.35,3650
HIDCLP,2026-06-10,201.0,200.2,119049
SABBL,2026-06-10,1132.0,1152.0,6277
GBBL,2026-06-10,413.0,412.3,35051
FMDBL,2026-06-10,785.0,779.9,17658
BHPL,2026-06-10,512.8,534.9,14063
BBC,2026-06-10,4261.0,4350.0,198
RBBD2088,2026-06-10,1072.6,1052.0,60866
GIBF1,2026-06-10,10.8,10.72,2000
SALICO,2026-06-10,630.0,630.0,2367
SRLI,2026-06-10,400.0,399.6,35595
PRSF,2026-06-10,12.64,13.1,58034
PCBL,2026-06-10,227.0,239.0,29651
SMPDA,2026-06-10,857.0,833.0,1599
ICFCD88,2026-06-10,1155.0,1165.0,50
SHLB,2026-06-10,1490.0,1495.0,100
RURU,2026-06-10,646.0,650.1,3269
GMFBS,2026-06-10,1306.0,1287.0,130
NBF3,2026-06-10,10.0,9.94,25560
GLH,2026-06-10,262.0,264.9,18741
HLBSL,2026-06-10,899.0,887.0,1100
NGPL,2026-06-10,449.0,437.9,113472
BNT,2026-06-10,11650.0,11600.0,30
UHEWA,2026-06-10,605.0,644.0,222441
BGWT,2026-06-10,653.0,659.9,1254
NICGF2,2026-06-10,9.78,9.61,12600
NIBLSTF,2026-06-10,9.28,9.36,13400
FOWAD,2026-06-10,1049.9,1030.5,5798
SHEL,2026-06-10,315.0,311.0,31633
NTC,2026-06-10,855.0,847.0,11049
HHL,2026-06-10,359.0,365.8,33618
SMB,2026-06-10,1730.0,1730.0,322
NIMBPO,2026-06-10,147.0,148.1,6715
CITY,2026-06-10,403.0,417.0,406705
SBLD89,2026-06-10,1287.5,1287.5,25
NIMBD90,2026-06-10,1223.0,1215.7,59877
RAWA,2026-06-10,537.0,549.0,3208
NIBLGF,2026-06-10,9.39,9.39,16400
NICAD85/86,2026-06-10,1180.1,1205.0,27
KBLD89,2026-06-10,1244.0,1281.0,23746
SHINE,2026-06-10,408.4,411.1,7047
SHPC,2026-06-10,510.0,515.9,26573
SICL,2026-06-10,637.5,640.0,2762
RSY,2026-06-10,10.17,10.36,12700
SPL,2026-06-10,700.0,707.0,370
NESDO,2026-06-10,1567.0,1555.0,153
GBBD85,2026-06-10,1110.0,1110.0,25
CGH,2026-06-10,796.0,782.0,48057
PSF,2026-06-10,11.96,12.1,10800
LUK,2026-06-10,10.1,10.1,200
NABBC,2026-06-10,874.0,860.0,4611
SAIL,2026-06-10,1066.0,1078.0,40725
DHPL,2026-06-10,300.0,300.0,3455
SJLIC,2026-06-10,429.0,431.0,16149
API,2026-06-10,347.0,349.0,217481
NICBF,2026-06-10,9.2,9.2,16500
SKHEL,2026-06-10,1150.0,1175.0,3605
SLBSL,2026-06-10,1224.0,1217.0,662
SSHL,2026-06-10,215.0,212.1,46455
PFL,2026-06-10,363.9,385.0,4832
SAGAR,2026-06-10,1672.0,1669.0,3642
USHEC,2026-06-10,509.0,509.0,11726
SIGS2,2026-06-10,10.49,10.81,18295
MLBBL,2026-06-10,1180.0,1189.0,369
NSIF2,2026-06-10,10.75,10.75,1200
BHL,2026-06-10,217.5,215.7,140401
DORDI,2026-06-10,271.0,273.0,14387
SMHL,2026-06-10,500.0,494.0,22137
KSY,2026-06-10,9.8,9.93,1000
GUFL,2026-06-10,570.2,574.8,15907
BPCL,2026-06-10,675.0,676.0,22161
MATRI,2026-06-10,895.0,890.0,418
RFPL,2026-06-10,362.0,365.0,17388
RHPL,2026-06-10,273.2,271.1,27772
PCBLP,2026-06-10,108.1,108.1,586187
HLICF,2026-06-10,9.0,9.0,3686
GILB,2026-06-10,1111.0,1120.0,728
NIFRA,2026-06-10,262.1,261.0,48460
PHCL,2026-06-10,308.0,309.5,81955
RMF2,2026-06-10,10.14,10.14,400
SJCL,2026-06-10,292.0,292.8,8552
SHIVM,2026-06-10,673.0,665.0,83231
NICAD2091,2026-06-10,1069.1,1075.0,50
KDBY,2026-06-10,11.25,11.3,4300
DLBS,2026-06-10,1250.1,1290.0,218
NRIC,2026-06-10,1056.0,1060.0,51840
NRM,2026-06-10,360.0,355.0,12959
SPIL,2026-06-10,734.6,734.4,5321
SADBL,2026-06-10,412.5,411.5,12040
SANIMA,2026-06-10,364.6,363.0,31381
SLCF,2026-06-10,10.0,10.03,1700
GBLBS,2026-06-10,766.0,774.0,1758
KEF,2026-06-10,10.74,10.79,39600
PCIL,2026-06-10,765.0,774.0,39370
BUNGAL,2026-06-10,688.1,733.1,92750
H8020,2026-06-10,11.63,11.65,1000
HFIN,2026-06-10,829.0,880.0,28533
ALBSL,2026-06-10,1155.0,1110.0,3122
CIZBD90,2026-06-10,1300.0,1300.0,10
SBLD83,2026-06-10,1053.0,1042.0,1
NBBD2085,2026-06-10,1185.0,1188.0,50
VLBS,2026-06-10,700.0,717.0,5436
BANDIPUR,2026-06-10,816.0,825.0,23168
NLICL,2026-06-10,586.2,588.2,4486
MHCL,2026-06-10,349.1,350.0,5746
NLG,2026-06-10,640.0,636.0,6837
CSY,2026-06-10,9.2,9.3,4140
SMH,2026-06-10,583.5,570.0,4556
NIL,2026-06-10,664.9,654.0,2379
CIT,2026-06-10,1747.0,1744.9,3565
PROFL,2026-06-10,475.0,465.0,11336
MANDU,2026-06-10,808.0,813.1,742
DDBL,2026-06-10,842.1,836.2,5752
SBLD2091,2026-06-10,1061.4,1045.3,15224
NFS,2026-06-10,620.0,629.4,62624
MSLB,2026-06-10,1210.1,1250.0,1166
MERO,2026-06-10,724.0,720.0,4405
STC,2026-06-10,5410.0,5420.0,1290
JBBL,2026-06-10,352.1,354.0,18696
MCHL,2026-06-10,315.0,317.9,3689
UAIL,2026-06-10,475.2,487.5,24033
SANVI,2026-06-10,690.2,700.0,16508
VLUCL,2026-06-10,500.0,495.0,1687
ICFC,2026-06-10,645.0,636.0,5607
SWASTIK,2026-06-10,2350.0,2320.0,365
RIDI,2026-06-10,334.5,350.0,284467
RNLI,2026-06-10,469.9,468.0,7862
SWBBL,2026-06-10,740.0,737.5,1557
SONA,2026-06-10,440.0,438.2,11280
ULBSL,2026-06-10,3100.0,2979.0,2069
GHL,2026-06-10,237.9,234.0,21866
HIDCL,2026-06-10,265.5,263.6,22769
TRH,2026-06-10,761.0,770.0,1882
PBLD86,2026-06-10,1203.0,1132.0,25000
UMRH,2026-06-10,545.0,540.0,6632
IGI,2026-06-10,473.9,457.0,7422
NMBHF2,2026-06-10,9.7,9.66,51500
SRBLD83,2026-06-10,1064.0,1064.0,60000
PPL,2026-06-10,332.2,349.8,19441
NMLBBL,2026-06-10,580.0,589.0,3876
SNLI,2026-06-10,447.0,450.0,10953
GWFD83,2026-06-10,1085.0,1085.0,160
SPDL,2026-06-10,399.9,396.9,33479
RSML,2026-06-10,3500.0,3584.0,13911
CYCL,2026-06-10,1441.1,1443.0,768
DHEL,2026-06-10,619.0,632.9,26798
LBBL,2026-06-10,494.2,493.4,45764
SPHL,2026-06-10,590.0,592.0,15510
PRVU,2026-06-10,186.0,195.0,68092
GBILD86/87,2026-06-10,1100.0,1100.0,35
PMHPL,2026-06-10,331.0,334.6,3830
SCB,2026-06-10,655.0,658.0,3081
BARUN,2026-06-10,345.0,340.0,28899
JSLBB,2026-06-10,1086.0,1086.0,29
MKJC,2026-06-10,488.6,489.0,4264
JFL,2026-06-10,425.0,421.0,7459
HDHPC,2026-06-10,218.0,216.1,81589
LEC,2026-06-10,219.2,222.9,65712
EHPL,2026-06-10,390.8,385.0,8990
SFCL,2026-06-10,365.9,385.0,10487
NICA,2026-06-10,327.0,343.0,34778
SINDU,2026-06-10,727.0,750.0,12722
JOSHI,2026-06-10,275.2,281.2,8471
EDBL,2026-06-10,579.1,583.2,3706
MAKAR,2026-06-10,496.0,494.1,3486
JBLB,2026-06-10,1289.9,1276.0,9902
UNLB,2026-06-10,1357.0,1381.0,401
ICFCD89,2026-06-10,1090.0,1090.0,50
ENL,2026-06-10,861.2,875.0,796
SPC,2026-06-10,460.0,457.0,1999
NABIL,2026-06-10,535.0,536.0,29859
USLB,2026-06-10,1257.0,1253.0,720
CREST,2026-06-10,1289.0,1279.9,10090
NYADI,2026-06-10,405.0,406.0,18784
PRIN,2026-06-10,706.9,697.0,10986
NBF2,2026-06-10,9.85,9.85,100
BNHC,2026-06-10,332.9,330.0,7736
APHL,2026-06-10,299.7,344.6,110
SIKLES,2026-06-10,587.0,599.0,14021
NMBD87/88,2026-06-10,1096.9,1096.9,25
GVL,2026-06-10,490.0,492.0,17557
NMBD89/90,2026-06-10,1322.0,1351.0,157
CZBIL,2026-06-10,204.7,201.5,29054
SMFBS,2026-06-10,1527.0,1533.0,94
HIMSTAR,2026-06-10,835.0,860.0,5020
PURE,2026-06-10,910.0,921.0,6924
CMF2,2026-06-10,9.88,9.9,700
SMJC,2026-06-10,474.9,465.0,20845
RADHI,2026-06-10,764.0,749.0,59224
NMIC,2026-06-10,1040.0,1059.9,4684
OMPL,2026-06-10,1140.0,1148.0,1685
SOHL,2026-06-10,660.4,649.7,112204
KKHC,2026-06-10,259.1,258.8,46049
IHL,2026-06-10,400.0,400.0,23802
NSY,2026-06-10,9.22,9.59,22600
NUBL,2026-06-10,660.0,658.8,1339
MKCL,2026-06-10,1222.1,1240.0,1578
NICSF,2026-06-10,9.6,9.49,34650
TPC,2026-06-10,362.0,366.9,9173
KBL,2026-06-10,213.6,213.1,143604
PBD88,2026-06-10,1221.0,1221.0,10
LSL,2026-06-10,208.0,217.5,38113
NICL,2026-06-10,542.0,538.7,25219
MNBBL,2026-06-10,373.5,374.5,27215
ANLB,2026-06-10,5751.0,5874.9,182
PMLI,2026-06-10,465.0,469.0,3562
ADBL,2026-06-10,297.0,309.0,20348
NBL,2026-06-10,254.2,267.0,31800
CORBL,2026-06-10,1850.0,1809.0,31866
NMB,2026-06-10,242.0,245.0,14769
TSHL,2026-06-10,542.7,560.0,557
AKJCL,2026-06-10,417.0,405.0,680111
RLFL,2026-06-10,505.0,490.0,97594
MKHL,2026-06-10,496.1,510.0,4319
UPPER,2026-06-10,200.7,201.9,76917
GBIME,2026-06-10,235.0,239.8,138940
KDL,2026-06-10,815.0,828.0,455
SOPL,2026-06-10,351.5,402.1,340
SAHAS,2026-06-10,660.5,665.0,45824
LBLD86,2026-06-10,1200.0,1200.0,10
KSBBL,2026-06-10,503.0,489.0,34624
HEIP,2026-06-10,340.0,338.0,474
SBLD84,2026-06-10,1050.0,1050.0,16043
KPCL,2026-06-10,488.0,490.0,5635
KMCDB,2026-06-10,850.2,856.1,303
SAGF,2026-06-10,10.16,10.13,1600
EBLD85,2026-06-10,1160.0,1160.0,40
EBLD91,2026-06-10,1080.1,1062.0,80025
LVF2,2026-06-10,10.1,9.8,900
SWMF,2026-06-10,666.0,664.9,2059
NBLD87,2026-06-10,1094.0,1098.0,35
UNHPL,2026-06-10,416.0,412.0,21637
USHL,2026-06-10,635.2,603.0,1114
MMKJL,2026-06-10,520.0,514.0,2666
BEDC,2026-06-10,350.0,362.0,10057
MPFL,2026-06-10,640.0,648.0,38667
HPPL,2026-06-10,365.0,368.2,20529
EBL,2026-06-10,705.0,705.0,11211
NIBD84,2026-06-10,1052.0,1052.0,25
MSHL,2026-06-10,671.0,689.8,652
CHDC,2026-06-10,2260.0,2250.0,7705
MABEL,2026-06-10,675.0,721.0,50219
NLIC,2026-06-10,765.0,759.0,17199
NHDL,2026-06-10,629.0,633.2,2687
GMFIL,2026-06-10,509.9,491.0,28265
CBBL,2026-06-10,929.0,917.0,18844
NMFBS,2026-06-10,1125.2,1140.0,4059
RBBF40,2026-06-10,9.3,9.3,700
GMLI,2026-06-10,1310.0,1312.2,1036
SGHC,2026-06-10,352.0,358.6,7495
MLBS,2026-06-10,1220.0,1245.0,282
MEN,2026-06-10,607.0,599.0,49078
NMBMF,2026-06-10,650.9,636.8,711
UNL,2026-06-10,46650.1,46800.0,110
ILBS,2026-06-10,924.5,922.9,1220
SAPDBL,2026-06-10,874.0,1015.0,234489
NWCL,2026-06-10,781.3,793.0,1551
UMHL,2026-06-10,577.1,594.9,102353
TTL,2026-06-10,814.0,817.0,11273
KBSH,2026-06-10,1532.0,1585.9,810
NBLD82,2026-06-10,1080.0,1054.1,160
TVCL,2026-06-10,518.7,495.0,3900
SBD89,2026-06-10,1201.0,1200.0,28
BHDC,2026-06-10,454.0,456.2,6467
LLBS,2026-06-10,933.7,947.0,338
SGIC,2026-06-10,491.0,490.2,15143
SBI,2026-06-10,395.0,396.0,21810
C30MF,2026-06-10,10.05,9.96,97500
SEF,2026-06-10,10.29,10.1,18000
MLBSL,2026-06-10,1770.0,1800.0,364
HDL,2026-06-10,1176.9,1161.1,15623
NRN,2026-06-10,1362.0,1374.9,22226
MFLD85,2026-06-10,1105.0,1075.1,150
SIGS3,2026-06-10,10.98,10.98,127000
ILI,2026-06-10,431.0,433.3,19635
SBL,2026-06-10,396.1,402.0,31016
GFCL,2026-06-10,650.0,648.1,12620
SYPNL,2026-06-10,1387.0,1405.0,35428
SBCF,2026-06-10,9.58,9.85,20500
SHL,2026-06-10,494.1,500.0,3657
NHPC,2026-06-10,287.0,285.0,179341
AHL,2026-06-10,489.9,487.0,2598
SBD87,2026-06-10,1093.0,1100.0,50025
SKBBL,2026-06-10,762.5,768.6,18034
NICLBSL,2026-06-10,565.4,570.0,2999
HLI,2026-06-10,340.0,340.9,25874
MMF1,2026-06-10,9.4,9.45,24945
KBLD90,2026-06-10,1211.0,1230.0,55
SBID89,2026-06-10,1130.0,1135.0,2856
SKHL,2026-06-10,900.0,965.0,38504
JHAPA,2026-06-10,1300.0,1378.0,15651
SFMF,2026-06-10,10.2,10.24,2100
MHL,2026-06-10,495.1,499.7,3122
RBCL,2026-06-10,15000.1,14981.0,160
NADEP,2026-06-10,754.0,746.0,1031
MLBLD89,2026-06-10,1276.0,1258.7,399
SIPD,2026-06-10,770.0,770.0,23656
MHNL,2026-06-10,254.0,259.0,5509
EBLEB89,2026-06-10,1060.1,1068.9,1042
GBIMESY2,2026-06-10,9.3,9.35,1559
GSY,2026-06-10,9.93,9.96,4900
MANDU,2026-06-09,810.0,812.1,1033
MBJC,2026-06-09,282.0,283.0,15836
SBLD2091,2026-06-09,1080.0,1080.0,50
BANDIPUR,2026-06-09,814.0,820.0,35953
RBCLPO,2026-06-09,11885.0,11885.0,10
LEC,2026-06-09,227.5,224.0,98707
RSY,2026-06-09,10.15,10.2,7000
SNLI,2026-06-09,450.3,447.7,25704
EBLD86,2026-06-09,1100.0,1100.0,25
PRSF,2026-06-09,13.0,12.92,37500
SHIVM,2026-06-09,670.0,669.5,173528
SIKLES,2026-06-09,591.0,592.0,14408
NYADI,2026-06-09,405.2,404.0,17188
PPCL,2026-06-09,373.4,384.0,6848
NESDO,2026-06-09,1525.1,1564.0,1841
SHEL,2026-06-09,312.0,310.9,122295
PBD84,2026-06-09,1080.0,1071.0,100
EBLD91,2026-06-09,1065.1,1085.1,75
KSBBLD87,2026-06-09,1130.0,1125.0,30
HEI,2026-06-09,550.0,564.0,15779
SDBD87,2026-06-09,1132.0,1132.0,50
PHCL,2026-06-09,306.0,308.0,68374
GMLI,2026-06-09,1283.1,1310.0,1602
LUK,2026-06-09,10.6,10.3,235
SINDU,2026-06-09,728.0,735.0,12625
ALICL,2026-06-09,451.1,457.9,15983
ILBS,2026-06-09,927.0,906.0,2916
SALICO,2026-06-09,648.0,630.0,18479
GBIMESY2,2026-06-09,9.28,9.29,830
GBILD86/87,2026-06-09,1090.0,1068.0,40045
MERO,2026-06-09,718.0,723.5,2901
USLB,2026-06-09,1242.0,1257.0,468
SAIL,2026-06-09,1054.8,1049.0,21995
MKHL,2026-06-09,505.0,510.9,4758
RLFL,2026-06-09,491.0,494.0,73944
IHL,2026-06-09,396.2,400.0,27493
CHDC,2026-06-09,2241.2,2260.0,8110
EBLD85,2026-06-09,1165.0,1165.0,70
MBLD87,2026-06-09,1127.0,1127.0,40
ILI,2026-06-09,435.2,435.0,25994
CREST,2026-06-09,1419.0,1289.0,15289
OHL,2026-06-09,697.0,698.0,3794
PRVU,2026-06-09,197.0,195.6,100310
PMHPL,2026-06-09,331.0,334.0,8615
SBID89,2026-06-09,1140.0,1140.0,25
SARBTM,2026-06-09,853.0,860.0,27692
AKJCL,2026-06-09,425.0,409.1,638777
BNHC,2026-06-09,326.0,324.0,5604
LBBL,2026-06-09,494.0,493.0,61938
MEL,2026-06-09,239.3,239.0,3954
SMJC,2026-06-09,466.0,466.0,21012
KEF,2026-06-09,10.84,10.75,5100
BUNGAL,2026-06-09,686.0,688.1,36335
PCBL,2026-06-09,238.3,238.5,45960
SMHL,2026-06-09,496.0,498.0,33417
SWBBL,2026-06-09,738.0,740.0,6079
ACLBSL,2026-06-09,950.0,951.0,1256
DORDI,2026-06-09,267.0,271.0,27055
SMB,2026-06-09,1740.0,1735.0,1218
MMF1,2026-06-09,9.35,9.41,40400
SAGAR,2026-06-09,1675.5,1670.0,9883
BJHL,2026-06-09,830.0,838.0,8945
MNMF1,2026-06-09,9.72,9.97,13320
RSML,2026-06-09,3500.0,3590.0,18308
RADHI,2026-06-09,788.5,755.0,129519
UNLB,2026-06-09,1375.0,1357.0,210
GHL,2026-06-09,236.0,236.0,38084
CORBL,2026-06-09,1900.1,1850.0,23254
RNLI,2026-06-09,470.0,469.0,22953
SGHC,2026-06-09,360.0,358.1,16043
NBF3,2026-06-09,9.83,9.97,4400
SBD87,2026-06-09,1100.0,1100.0,40
SMH,2026-06-09,587.5,579.0,8966
ICFCD89,2026-06-09,1080.1,1085.5,270
NMLBBL,2026-06-09,580.0,585.0,5884
SHPC,2026-06-09,511.2,514.0,41944
ADBL,2026-06-09,310.0,312.0,25126
NABIL,2026-06-09,531.0,533.0,49834
KPCL,2026-06-09,511.9,488.0,9910
HPPL,2026-06-09,378.0,373.9,19676
LVF2,2026-06-09,9.8,9.86,650
HFIN,2026-06-09,850.0,865.9,47734
NICFC,2026-06-09,9.57,9.5,3900
MSHL,2026-06-09,690.0,689.9,534
NLICL,2026-06-09,586.2,588.0,6721
BOKD86,2026-06-09,1130.6,1130.6,3
JFL,2026-06-09,425.1,418.0,9410
NSY,2026-06-09,9.52,9.5,5700
GMFBS,2026-06-09,1250.0,1270.0,1273
HBL,2026-06-09,202.0,201.0,42099
RBCL,2026-06-09,15000.0,15049.9,160
KBSH,2026-06-09,1482.0,1489.1,260
SABBL,2026-06-09,1156.0,1150.0,17153
NICBF,2026-06-09,9.18,9.18,400
RSDC,2026-06-09,655.1,664.0,3823
SADBL,2026-06-09,412.0,412.5,18852
MEN,2026-06-09,614.0,603.0,96362
NMFBS,2026-06-09,1140.0,1130.2,9187
CSY,2026-06-09,9.19,9.4,3000
DOLTI,2026-06-09,348.0,352.0,44246
MLBS,2026-06-09,1249.0,1220.0,925
C30MF,2026-06-09,10.0,10.01,600
WNLB,2026-06-09,1435.0,1433.5,104
RHGCL,2026-06-09,282.0,288.5,26873
SCB,2026-06-09,653.0,655.0,10104
NRM,2026-06-09,354.2,359.0,13893
OMPL,2026-06-09,1145.0,1143.0,5108
HBLD86,2026-06-09,1207.9,1120.0,30002
PBD85,2026-06-09,1080.0,1080.0,25
NMBMF,2026-06-09,639.0,636.3,1207
UPCL,2026-06-09,365.0,366.0,36103
SKBBL,2026-06-09,760.0,762.5,14602
HLI,2026-06-09,339.0,340.0,37199
RHPL,2026-06-09,275.0,272.3,17253
KDL,2026-06-09,840.0,828.7,1478
EBL,2026-06-09,706.0,704.5,34807
MABEL,2026-06-09,672.0,680.0,14304
CLI,2026-06-09,457.1,455.5,13863
NICA,2026-06-09,343.0,344.0,65374
SYPNL,2026-06-09,1403.0,1387.0,38613
HIDCL,2026-06-09,250.0,264.5,61597
SHL,2026-06-09,503.0,502.7,39630
TAMOR,2026-06-09,460.0,459.9,40586
SONA,2026-06-09,437.0,440.0,37215
SWMF,2026-06-09,656.0,664.0,3626
GBLBS,2026-06-09,764.2,769.0,2427
MKJC,2026-06-09,488.1,493.0,1860
NBF2,2026-06-09,10.09,10.09,400
MKHC,2026-06-09,315.0,315.0,35074
BGWT,2026-06-09,698.0,653.5,827
NBLD85,2026-06-09,1067.0,1080.0,85
NABILD2089,2026-06-09,1154.0,1154.0,100
AHPC,2026-06-09,275.1,274.8,124679
UPPER,2026-06-09,202.0,201.4,133876
CHL,2026-06-09,290.0,284.9,29306
TPC,2026-06-09,365.0,366.0,24738
SBL,2026-06-09,397.0,399.9,50502
NBL,2026-06-09,268.9,267.5,39209
SPHL,2026-06-09,585.0,602.0,13157
ADBLD83,2026-06-09,1052.2,1052.1,50
TVCL,2026-06-09,490.1,494.0,11703
SANIMA,2026-06-09,362.5,363.8,64326
RMF2,2026-06-09,10.14,10.14,550
SOHL,2026-06-09,640.1,629.0,113334
SCBD,2026-06-09,1181.0,1181.0,40
DHEL,2026-06-09,625.0,619.0,15537
ANLB,2026-06-09,5750.1,5874.0,854
USHL,2026-06-09,609.9,605.0,2240
NMIC,2026-06-09,1061.0,1062.9,4575
PCIL,2026-06-09,750.0,768.0,84796
SPC,2026-06-09,453.0,459.0,8336
JSLBB,2026-06-09,1082.0,1086.0,1991
JOSHI,2026-06-09,277.0,280.0,16614
BHCL,2026-06-09,601.0,573.5,61405
DDBL,2026-06-09,842.0,841.6,5263
MEHL,2026-06-09,375.1,368.7,2730
UHEWA,2026-06-09,593.0,635.0,271099
SHINED,2026-06-09,1092.5,1100.0,550
SMATA,2026-06-09,773.0,770.0,6599
SBID2090,2026-06-09,1180.0,1180.0,50
ULBSL,2026-06-09,2900.0,3250.0,3701
KDBY,2026-06-09,11.17,11.25,4700
GLBSL,2026-06-09,1825.0,1772.0,319
CIT,2026-06-09,1748.0,1747.0,10830
BHDC,2026-06-09,454.5,455.0,25469
SFMF,2026-06-09,10.51,10.51,100
NMBHF2,2026-06-09,9.57,9.85,41850
NBBD2085,2026-06-09,1182.0,1182.0,264820
NICL,2026-06-09,538.1,542.0,71868
GRDBL,2026-06-09,1030.1,1056.0,12174
CBBL,2026-06-09,920.0,916.0,11894
SAND2085,2026-06-09,1122.7,1095.0,54990
BBC,2026-06-09,4425.0,4370.0,1549
SEF,2026-06-09,10.0,10.0,1500
MFIL,2026-06-09,775.0,790.0,44172
MMKJL,2026-06-09,505.0,509.0,3625
SAGF,2026-06-09,10.15,10.2,1200
NHPC,2026-06-09,283.9,287.0,347718
EHPL,2026-06-09,393.9,381.2,14682
LICN,2026-06-09,820.0,814.5,21015
MBLEF,2026-06-09,10.0,10.0,2400
MPFL,2026-06-09,650.0,645.0,51450
BARUN,2026-06-09,337.9,341.0,36592
NMBD87/88,2026-06-09,1110.0,1065.0,42365
BFC,2026-06-09,510.0,520.0,129327
BNT,2026-06-09,11600.0,11566.0,60
ENL,2026-06-09,880.0,879.9,551
UNHPL,2026-06-09,422.0,412.0,90064
PRIN,2026-06-09,703.0,695.0,9400
VLUCL,2026-06-09,473.1,497.0,3490
HATHY,2026-06-09,777.0,773.1,15109
BPCL,2026-06-09,710.9,674.1,20640
NLG,2026-06-09,640.0,640.0,25799
NHDL,2026-06-09,635.0,629.0,2786
GSY,2026-06-09,10.0,10.0,7450
MLBSL,2026-06-09,1771.0,1760.2,551
ADBLB86,2026-06-09,1000.0,1000.0,570000
API,2026-06-09,346.7,347.8,219669
HURJA,2026-06-09,238.3,250.0,81152
SBID83,2026-06-09,1075.0,1075.0,100
ICFCD88,2026-06-09,1160.0,1161.0,100
MNBBL,2026-06-09,377.9,374.0,48308
TRH,2026-06-09,760.0,761.0,8796
SLCF,2026-06-09,10.0,10.1,6050
SBCF,2026-06-09,9.63,9.67,9632
CITY,2026-06-09,409.0,399.0,228348
SBLD83,2026-06-09,1053.0,1053.0,49995
MHNL,2026-06-09,258.0,261.0,17841
NIBLSTF,2026-06-09,9.38,9.28,19195
NICSF,2026-06-09,9.26,9.44,45346
MCHL,2026-06-09,307.1,313.0,7984
NSIF2,2026-06-09,10.74,10.85,7900
KBL,2026-06-09,213.0,213.5,253507
PMLI,2026-06-09,472.0,470.0,3727
NIBLGF,2026-06-09,9.5,9.39,7500
NWCL,2026-06-09,782.0,781.3,1399
CHCL,2026-06-09,490.0,489.0,15728
SIGS3,2026-06-09,11.33,11.0,7810
HIDCLP,2026-06-09,210.0,200.0,314193
H8020,2026-06-09,11.54,11.88,1970
NABBC,2026-06-09,876.0,866.0,9672
GBIMEP,2026-06-09,131.0,131.0,20851
SMPDA,2026-06-09,822.0,840.0,4820
GBBD85,2026-06-09,1090.0,1110.0,135
MLBBL,2026-06-09,1190.0,1189.0,1939
MATRI,2026-06-09,882.0,895.0,662
NMB50,2026-06-09,11.0,10.88,12930
ALBSL,2026-06-09,1081.1,1100.0,5062
BEDC,2026-06-09,359.0,358.8,12824
LLBS,2026-06-09,932.1,948.0,147
TTL,2026-06-09,800.0,814.0,17493
SMFBS,2026-06-09,1539.9,1527.0,235
HRL,2026-06-09,646.0,646.0,110360
TSHL,2026-06-09,543.0,542.0,2126
NIMBPO,2026-06-09,156.4,151.4,3708
NIBSF2,2026-06-09,9.14,9.2,3937
GIBF1,2026-06-09,11.11,10.8,850
BHPL,2026-06-09,513.0,539.7,19279
MKCL,2026-06-09,1235.1,1237.0,1570
NIFRA,2026-06-09,260.1,261.1,84878
DHPL,2026-06-09,305.0,302.0,5457
NBLD87,2026-06-09,1105.0,1072.0,39033
SIGS2,2026-06-09,10.79,10.78,29125
SAPDBL,2026-06-09,870.4,920.0,102078
MSLB,2026-06-09,1220.1,1240.0,720
LSL,2026-06-09,230.6,218.9,106957
SANVI,2026-06-09,680.0,690.0,21286
SBLD84,2026-06-09,1120.0,1080.0,11117
NBLD82,2026-06-09,1080.0,1080.0,10
JBBL,2026-06-09,355.0,357.0,36878
RBBD2088,2026-06-09,1070.1,1070.1,25
NADEP,2026-06-09,755.0,753.8,2193
RURU,2026-06-09,680.0,650.1,9052
MAKAR,2026-06-09,507.0,495.0,5380
NICLBSL,2026-06-09,566.3,574.0,3566
GVL,2026-06-09,485.0,492.9,15877
IGI,2026-06-09,452.1,461.5,39852
SPL,2026-06-09,688.8,700.0,4875
MHCL,2026-06-09,336.0,352.0,4703
AHL,2026-06-09,486.1,489.0,3366
PSF,2026-06-09,12.66,12.25,1700
FOWAD,2026-06-09,1038.0,1040.0,2965
HIMSTAR,2026-06-09,840.4,849.0,4585
ICFC,2026-06-09,643.0,637.0,18814
SOPL,2026-06-09,306.8,349.7,200
HDHPC,2026-06-09,219.0,218.0,197780
BHL,2026-06-09,218.0,216.0,211079
AKPL,2026-06-09,269.0,266.5,99593
AVYAN,2026-06-09,1072.1,1068.0,6929
EDBL,2026-06-09,580.0,576.0,5750
PFL,2026-06-09,393.0,383.0,7596
CKHL,2026-06-09,637.0,647.5,1295
NIFRAGED,2026-06-09,1040.7,1040.7,25
GCIL,2026-06-09,413.3,415.0,11087
PURE,2026-06-09,892.9,910.0,6158
GUFL,2026-06-09,576.0,574.9,49287
RAWA,2026-06-09,541.2,547.0,3042
RIDI,2026-06-09,328.9,352.1,347758
NFS,2026-06-09,610.0,614.5,53078
HDL,2026-06-09,1223.2,1162.0,33038
PPL,2026-06-09,332.5,349.6,19785
KMCDB,2026-06-09,854.0,850.4,2596
GMFIL,2026-06-09,511.0,498.0,59030
SJCL,2026-06-09,290.0,294.0,14950
UNL,2026-06-09,47000.0,47100.0,120
FMDBL,2026-06-09,781.0,780.0,11168
SICL,2026-06-09,658.0,637.5,7945
KHPL,2026-06-09,914.7,1001.8,3380
UAIL,2026-06-09,470.0,480.0,33403
MDB,2026-06-09,611.0,608.0,19248
RLEL,2026-06-09,882.3,910.0,16963
VLBS,2026-06-09,705.0,713.0,5562
SSHL,2026-06-09,213.0,213.6,158656
GBBLPO,2026-06-09,238.0,238.0,60000
NRN,2026-06-09,1446.0,1362.2,61735
SKHL,2026-06-09,927.0,912.9,18510
NTC,2026-06-09,853.0,850.7,14927
NIL,2026-06-09,647.0,658.7,7799
SHINE,2026-06-09,412.0,412.0,17268
GILB,2026-06-09,1111.2,1121.5,1462
KMCDBP,2026-06-09,587.0,587.0,10501
CGH,2026-06-09,790.0,790.0,16666
GBIME,2026-06-09,238.0,239.0,206778
SPDL,2026-06-09,396.9,399.8,14933
CFCL,2026-06-09,612.8,664.0,545952
NUBL,2026-06-09,657.0,660.0,786
LBLD86,2026-06-09,1198.5,1198.5,173004
NIMB,2026-06-09,198.0,196.1,102629
DLBS,2026-06-09,1252.0,1270.1,519
SLBSL,2026-06-09,1250.2,1219.0,2733
RMF1,2026-06-09,9.72,9.9,2100
SGIC,2026-06-09,500.0,496.0,37947
CYCL,2026-06-09,1450.1,1441.3,837
SBI,2026-06-09,398.0,397.0,11800
SIPD,2026-06-09,758.0,769.0,19013
SLBBL,2026-06-09,821.0,822.0,6623
SKHEL,2026-06-09,1155.0,1162.0,10482
STC,2026-06-09,5438.0,5430.0,825
GLH,2026-06-09,264.0,264.0,36427
PROFL,2026-06-09,470.0,463.0,15014
HEIP,2026-06-09,340.0,340.0,847
KSBBL,2026-06-09,487.0,490.0,55117
NICAD2091,2026-06-09,1061.0,1072.0,100
NGPL,2026-06-09,454.0,433.0,207057
MHL,2026-06-09,500.0,497.5,4062
NICGF2,2026-06-09,9.32,9.62,1700
SFEF,2026-06-09,10.05,10.05,400
ULHC,2026-06-09,450.2,459.0,8836
NLIC,2026-06-09,798.0,765.0,22997
JBLB,2026-06-09,1260.0,1289.9,3705
HHL,2026-06-09,351.0,359.0,37778
MBL,2026-06-09,248.6,249.0,92619
GFCL,2026-06-09,667.0,650.0,26236
NMB,2026-06-09,241.2,244.8,29019
HLICF,2026-06-09,9.0,9.0,605
RFPL,2026-06-09,381.1,362.0,16966
CZBIL,2026-06-09,200.1,202.0,62748
JHAPA,2026-06-09,1309.5,1339.0,12839
KSY,2026-06-09,9.75,9.82,5000
SPIL,2026-06-09,730.0,734.6,12224
SRLI,2026-06-09,395.1,402.8,23033
USHEC,2026-06-09,503.0,509.0,11313
SJLIC,2026-06-09,430.0,433.6,9661
HLBSL,2026-06-09,870.1,892.9,736
UMRH,2026-06-09,544.0,544.7,9490
UMHL,2026-06-09,576.1,579.7,19859
MLBL,2026-06-09,374.0,363.9,14380
NRIC,2026-06-09,1040.0,1056.9,124219
SIFC,2026-06-09,557.0,558.4,38138
KKHC,2026-06-09,255.0,259.1,80534
SHLB,2026-06-09,1470.0,1500.0,458
RBBF40,2026-06-09,9.3,9.3,400
SWASTIK,2026-06-09,2302.1,2338.9,750
GBBL,2026-06-09,413.0,413.0,23044
SAHAS,2026-06-09,663.0,661.1,125484
NMBD89/90,2026-06-09,1322.0,1322.0,100
SFCL,2026-06-09,402.0,385.1,13579
GCIL,2026-06-08,416.0,416.0,9822
ADBLD83,2026-06-08,1052.0,1052.0,25
IGI,2026-06-08,470.0,459.0,20584
HLI,2026-06-08,341.9,341.0,40920
API,2026-06-08,348.0,346.7,154559
KKHC,2026-06-08,251.0,257.0,91150
HDHPC,2026-06-08,218.9,216.4,125996
UMRH,2026-06-08,541.0,543.8,3391
CYCL,2026-06-08,1450.0,1450.1,511
HPPL,2026-06-08,386.0,375.0,30809
STC,2026-06-08,5479.0,5438.0,964
SAPDBL,2026-06-08,890.0,829.0,37248
LLBS,2026-06-08,930.0,930.2,505
TAMOR,2026-06-08,458.1,460.0,42385
MLBSL,2026-06-08,1789.9,1781.0,1081
UNHPL,2026-06-08,429.8,417.1,32888
CBLD88,2026-06-08,1225.7,1255.7,252
KSBBL,2026-06-08,490.0,491.9,21172
SIFC,2026-06-08,572.0,573.8,30889
HURJA,2026-06-08,250.0,250.8,44563
GUFL,2026-06-08,586.0,577.0,46581
LEC,2026-06-08,234.2,222.0,67230
EBLD91,2026-06-08,1072.1,1098.0,36
RAWA,2026-06-08,550.5,555.0,3053
CKHL,2026-06-08,652.0,655.0,290
HBLD83,2026-06-08,1036.2,1036.2,25
GLH,2026-06-08,272.0,264.3,24726
NIBD2082,2026-06-08,1017.0,1017.0,46
PRIN,2026-06-08,710.0,704.9,8610
SHL,2026-06-08,502.3,503.1,5320
NICD83/84,2026-06-08,1075.0,1075.0,25
CORBL,2026-06-08,1950.0,1935.0,5788
CIT,2026-06-08,1750.0,1750.0,7762
RIDI,2026-06-08,335.0,346.2,238849
NSIF2,2026-06-08,10.73,10.73,3300
KSBBLD87,2026-06-08,1130.0,1111.6,31
HRL,2026-06-08,661.0,647.0,102326
MSLB,2026-06-08,1230.0,1249.0,991
MPFL,2026-06-08,645.0,655.0,37528
SPC,2026-06-08,452.0,456.0,3714
MLBL,2026-06-08,366.7,363.5,20853
SONA,2026-06-08,448.0,438.0,23572
NCCD86,2026-06-08,1146.2,1146.2,90
PHCL,2026-06-08,308.0,308.0,55186
SAGAR,2026-06-08,1660.0,1656.5,5423
MHL,2026-06-08,500.0,500.0,4201
RURU,2026-06-08,656.0,656.0,5476
NICSF,2026-06-08,9.37,9.31,90353
GBIMESY2,2026-06-08,9.12,9.4,3300
VLBS,2026-06-08,705.3,713.9,6932
NBLD85,2026-06-08,1100.0,1067.0,5
ILI,2026-06-08,440.1,438.0,6534
MBJC,2026-06-08,283.0,283.0,22421
SHEL,2026-06-08,316.0,312.1,82608
SWMF,2026-06-08,656.0,668.0,1243
SCBD,2026-06-08,1160.0,1180.0,75
HATHY,2026-06-08,781.0,777.0,4999
SMJC,2026-06-08,475.0,465.1,11866
NICGF2,2026-06-08,9.6,9.6,3200
AHL,2026-06-08,495.0,490.3,12120
GSY,2026-06-08,10.0,10.01,9300
SPDL,2026-06-08,418.0,396.9,20571
MKHC,2026-06-08,320.0,316.0,15071
BJHL,2026-06-08,835.0,838.0,14599
SALICO,2026-06-08,649.9,639.9,8447
GBBD85,2026-06-08,1110.0,1110.0,25
PBD88,2026-06-08,1192.68,1186.1,75
NSY,2026-06-08,9.41,9.52,5700
RBBF40,2026-06-08,9.22,9.5,3280
UHEWA,2026-06-08,594.0,598.1,28632
PMHPL,2026-06-08,340.0,335.0,4037
ILBS,2026-06-08,915.0,916.3,1875
NABBC,2026-06-08,914.0,888.7,5108
BANDIPUR,2026-06-08,815.0,814.0,27535
GBBL,2026-06-08,416.0,415.9,24559
RSDC,2026-06-08,665.0,665.0,4248
HLBSL,2026-06-08,881.0,890.0,1253
OHL,2026-06-08,711.0,701.6,320
MNBBL,2026-06-08,373.0,370.0,35044
SBCF,2026-06-08,9.61,9.62,6800
KMCDB,2026-06-08,865.0,859.0,1833
USHL,2026-06-08,592.0,606.7,642
DLBS,2026-06-08,1263.0,1262.0,185
BGWT,2026-06-08,675.0,664.8,409
FOWAD,2026-06-08,1020.3,1038.0,5035
DOLTI,2026-06-08,333.0,351.5,24415
NIL,2026-06-08,645.3,658.7,7320
RLFL,2026-06-08,500.0,499.0,153342
KBLD90,2026-06-08,1242.1,1242.1,25
DHPL,2026-06-08,310.0,299.3,2239
BARUN,2026-06-08,338.0,339.0,22442
AKPL,2026-06-08,253.7,266.0,70412
MEL,2026-06-08,237.0,241.0,14472
SBID2090,2026-06-08,1184.0,1184.0,171
NABILD2089,2026-06-08,1154.0,1150.0,1845
SMATA,2026-06-08,771.5,779.9,3335
RSML,2026-06-08,3480.0,3598.8,28775
PBLD87,2026-06-08,1120.0,1120.0,50
GMLI,2026-06-08,1340.0,1319.9,1715
HIMSTAR,2026-06-08,835.1,847.9,3244
NABIL,2026-06-08,536.0,533.0,52406
PBLD84,2026-06-08,1090.0,1083.0,550
NIMB,2026-06-08,199.0,196.7,73750
LUK,2026-06-08,9.9,10.3,28700
NMFBS,2026-06-08,1146.0,1136.0,3963
ALICL,2026-06-08,459.8,457.6,17392
MEN,2026-06-08,612.0,606.6,41620
MKJC,2026-06-08,495.1,498.7,3918
HHL,2026-06-08,355.3,353.0,32346
SBID89,2026-06-08,1145.18,1145.0,50
SIKLES,2026-06-08,590.0,596.9,4092
SCB,2026-06-08,650.6,653.0,6816
DHEL,2026-06-08,621.5,615.0,23642
GILB,2026-06-08,1115.2,1125.0,1642
MNMF1,2026-06-08,9.8,9.8,13350
PURE,2026-06-08,895.0,909.8,13195
BHL,2026-06-08,208.1,216.9,77832
NIBSF2,2026-06-08,9.0,9.28,21953
SFCL,2026-06-08,402.0,398.0,31376
DORDI,2026-06-08,273.0,270.0,26563
MKHL,2026-06-08,490.0,510.2,16944
AKJCL,2026-06-08,393.0,404.8,341678
TVCL,2026-06-08,495.0,490.0,6275
SBI,2026-06-08,399.9,396.9,13931
HFIN,2026-06-08,875.0,859.0,54037
SAGF,2026-06-08,10.1,10.12,1200
NBL,2026-06-08,268.0,268.0,36264
ALBSL,2026-06-08,1079.0,1101.1,2564
HEI,2026-06-08,555.3,560.0,27228
DDBL,2026-06-08,845.1,846.2,10604
EHPL,2026-06-08,407.2,383.0,14825
MHNL,2026-06-08,263.0,258.0,7345
H8020,2026-06-08,11.87,11.88,250
SOHL,2026-06-08,655.0,642.0,79755
TTL,2026-06-08,800.0,798.0,18087
EDBL,2026-06-08,582.6,580.0,3230
GBLBS,2026-06-08,770.7,766.5,2790
SICL,2026-06-08,652.2,645.1,11468
MEHL,2026-06-08,366.3,375.0,2545
SHIVM,2026-06-08,680.0,669.0,68490
CZBIL,2026-06-08,202.0,203.0,68799
MERO,2026-06-08,720.0,719.2,4278
CSY,2026-06-08,9.41,9.47,20197
KBLD89,2026-06-08,1235.0,1235.0,50
SARBTM,2026-06-08,861.0,853.0,6985
MDB,2026-06-08,618.5,611.0,10168
NMB,2026-06-08,243.0,244.0,55117
CLI,2026-06-08,460.0,457.3,13332
KPCL,2026-06-08,490.0,487.6,10209
GLBSL,2026-06-08,1814.0,1812.0,336
SBID83,2026-06-08,1065.0,1075.0,500
NFS,2026-06-08,640.0,616.0,15303
MKCL,2026-06-08,1240.0,1241.0,2125
GIBF1,2026-06-08,11.0,10.81,31400
SPHL,2026-06-08,613.0,594.0,15298
RNLI,2026-06-08,473.4,470.1,28793
CITY,2026-06-08,382.3,403.9,288442
NRM,2026-06-08,360.0,358.7,21499
NICA,2026-06-08,328.7,341.5,62930
MLBS,2026-06-08,1240.1,1248.5,965
LBBL,2026-06-08,501.0,495.9,125457
SLBSL,2026-06-08,1170.0,1316.0,2648
GRDBL,2026-06-08,1050.1,1052.0,8597
NICL,2026-06-08,567.0,546.0,62575
BNHC,2026-06-08,336.0,325.3,5475
SYPNL,2026-06-08,1351.0,1385.0,44644
JOSHI,2026-06-08,278.0,277.0,12822
PFL,2026-06-08,392.0,386.9,13425
CHL,2026-06-08,287.2,285.2,9879
HEIP,2026-06-08,341.5,341.5,20
PSF,2026-06-08,12.23,12.3,67350
KBL,2026-06-08,215.0,213.4,255043
SAHAS,2026-06-08,663.0,663.9,94412
CREST,2026-06-08,1230.0,1419.0,18086
GVL,2026-06-08,488.0,490.0,13485
NMLBBL,2026-06-08,587.0,590.0,2032
GBIME,2026-06-08,239.5,238.0,83481
HDL,2026-06-08,1184.0,1165.0,29919
NIMBPO,2026-06-08,146.0,149.0,2386
NBF2,2026-06-08,10.1,10.4,5300
NMIC,2026-06-08,1042.2,1062.9,3732
PRSF,2026-06-08,12.95,13.0,585
NBF3,2026-06-08,9.74,10.03,23150
CFCL,2026-06-08,598.5,645.0,318817
GHL,2026-06-08,246.7,235.4,31687
HBL,2026-06-08,200.0,200.4,33623
SAND2085,2026-06-08,1117.5,1090.0,45010
TSHL,2026-06-08,565.0,554.0,1193
JSLBB,2026-06-08,1078.0,1085.5,253
NICBF,2026-06-08,9.46,9.46,1000
PPCL,2026-06-08,376.1,384.0,4016
NADEP,2026-06-08,738.0,755.0,3610
SSHL,2026-06-08,216.3,212.7,101778
SMHL,2026-06-08,500.0,496.0,26074
RMF2,2026-06-08,10.14,10.14,100
RHGCL,2026-06-08,285.0,284.0,34749
PROFL,2026-06-08,473.0,470.0,34082
SANVI,2026-06-08,676.0,692.0,13786
UNLB,2026-06-08,1399.9,1375.0,1533
SIGS2,2026-06-08,10.8,10.8,400
RSY,2026-06-08,10.2,10.21,40900
RBCLPO,2026-06-08,12250.0,11885.0,25
NIBLGF,2026-06-08,9.4,9.39,1297
MHCL,2026-06-08,336.3,346.0,4856
SGIC,2026-06-08,502.0,498.7,29718
SMFBS,2026-06-08,1503.0,1539.9,986
CMF2,2026-06-08,10.01,10.01,2025
UPCL,2026-06-08,370.0,365.0,27491
NTC,2026-06-08,857.0,853.5,15429
SADBL,2026-06-08,423.7,412.5,21794
NICLBSL,2026-06-08,573.5,569.1,5034
RADHI,2026-06-08,785.0,751.0,40115
NUBL,2026-06-08,655.0,661.0,5171
MCHL,2026-06-08,315.0,307.6,3400
SRBLD83,2026-06-08,1051.0,1051.0,60000
JBLB,2026-06-08,1248.0,1290.0,4512
RBBD2088,2026-06-08,1070.0,1070.0,25
MSHL,2026-06-08,670.1,690.0,262
HIDCL,2026-06-08,270.8,262.9,54591
NIBLSTF,2026-06-08,9.2,9.42,52350
HIDCLP,2026-06-08,201.0,200.0,106336
KSY,2026-06-08,9.7,9.76,900
NIFRA,2026-06-08,262.0,261.7,61215
UNL,2026-06-08,46625.0,47590.0,70
AVYAN,2026-06-08,1100.0,1090.0,5309
MFIL,2026-06-08,790.0,790.0,32601
SWASTIK,2026-06-08,2342.0,2346.0,396
SBLD89,2026-06-08,1241.0,1250.0,150
EBL,2026-06-08,710.0,705.0,31398
USLB,2026-06-08,1255.0,1269.9,480
AHPC,2026-06-08,277.0,276.0,89266
LICN,2026-06-08,815.0,814.0,19130
MBL,2026-06-08,253.0,248.6,57568
KEF,2026-06-08,10.86,10.86,10350
NLG,2026-06-08,625.0,640.0,24097
CBBL,2026-06-08,929.0,920.0,13313
NMBHF2,2026-06-08,9.6,9.65,2900
VLUCL,2026-06-08,480.1,485.0,8897
NLICL,2026-06-08,600.0,592.8,6837
SMH,2026-06-08,591.6,579.0,10591
BNT,2026-06-08,11600.0,11615.0,50
IHL,2026-06-08,400.0,398.5,19108
KDBY,2026-06-08,11.21,11.21,255600
MAKAR,2026-06-08,492.9,492.3,8107
NMBD89/90,2026-06-08,1315.0,1315.0,5
MMF1,2026-06-08,9.6,9.5,116300
GFCL,2026-06-08,656.0,662.0,30653
SPIL,2026-06-08,735.5,736.9,9788
MANDU,2026-06-08,816.0,818.0,707
UAIL,2026-06-08,478.9,479.9,33169
ACLBSL,2026-06-08,955.0,957.0,1135
SLBBL,2026-06-08,833.9,823.0,3969
SOPL,2026-06-08,276.5,304.1,390
USHEC,2026-06-08,500.2,505.5,9009
EBLD86,2026-06-08,1137.0,1105.0,221
SJCL,2026-06-08,294.0,292.0,8828
FMDBL,2026-06-08,780.6,784.9,16788
ICFCD89,2026-06-08,1084.0,1088.5,185
SBL,2026-06-08,398.1,400.0,30014
SJLIC,2026-06-08,431.0,432.8,10086
SINDU,2026-06-08,733.0,749.9,5619
BHCL,2026-06-08,594.0,573.0,79958
SMPDA,2026-06-08,831.0,834.9,1877
KDL,2026-06-08,870.0,826.0,2812
SBLD83,2026-06-08,1045.0,1042.0,4
SEF,2026-06-08,9.98,9.93,54760
UMHL,2026-06-08,575.0,580.0,12801
RMF1,2026-06-08,9.6,9.71,70400
SLCF,2026-06-08,9.87,10.02,45300
TPC,2026-06-08,365.6,365.0,9330
BHDC,2026-06-08,460.0,456.0,11381
RFPL,2026-06-08,360.0,363.0,23928
NMBMF,2026-06-08,641.1,645.0,1216
RLEL,2026-06-08,970.0,899.0,14681
ULBSL,2026-06-08,3381.0,2990.0,1036
LVF2,2026-06-08,9.76,9.9,10110
ICFC,2026-06-08,658.8,643.5,9048
GMFIL,2026-06-08,490.0,517.0,146396
SIPD,2026-06-08,745.0,758.0,17834
NICFC,2026-06-08,9.26,9.3,600
SANIMA,2026-06-08,365.1,365.5,38492
MLBBL,2026-06-08,1149.9,1197.9,784
BHPL,2026-06-08,560.0,539.7,8784
OMPL,2026-06-08,1160.0,1145.6,3344
SGHC,2026-06-08,361.0,363.0,9038
SWBBL,2026-06-08,736.5,741.9,2659
NHDL,2026-06-08,630.0,637.0,8945
C30MF,2026-06-08,10.01,10.0,1900
ICFCD83,2026-06-08,1094.3,1079.6,105
JHAPA,2026-06-08,1360.0,1349.9,13812
BEDC,2026-06-08,360.0,359.0,17576
GBILD84/85,2026-06-08,1150.0,1150.0,12
MABEL,2026-06-08,676.0,677.0,14891
SKHL,2026-06-08,912.0,909.9,21271
SHLB,2026-06-08,1528.0,1500.0,375
NGPL,2026-06-08,443.9,432.5,113737
NICAD85/86,2026-06-08,1180.1,1180.1,100
SIGS3,2026-06-08,11.0,11.0,3900
MBLEF,2026-06-08,10.01,10.2,6610
MFLD85,2026-06-08,1102.1,1101.0,125
MATRI,2026-06-08,885.0,890.0,144
CCBD88,2026-06-08,1227.0,1260.0,130
SABBL,2026-06-08,1185.0,1165.3,7517
LBLD88,2026-06-08,1144.8,1144.8,150000
ENL,2026-06-08,870.0,878.6,406
NWCL,2026-06-08,771.2,783.4,565
SKBBL,2026-06-08,765.0,762.0,12993
BBC,2026-06-08,4388.1,4388.0,1266
KHPL,2026-06-08,780.3,871.2,990
ANLB,2026-06-08,5780.1,5870.0,401
ADBL,2026-06-08,316.6,314.5,39867
RHPL,2026-06-08,274.0,272.4,18662
NESDO,2026-06-08,1540.0,1548.0,850
BFC,2026-06-08,520.0,526.3,165982
MMKJL,2026-06-08,510.0,507.5,2833
TRH,2026-06-08,770.0,755.1,85
CHCL,2026-06-08,496.0,490.0,25729
PMLI,2026-06-08,470.0,475.0,6397
BUNGAL,2026-06-08,735.1,686.0,24953
NIBD84,2026-06-08,1057.3,1052.0,230
ULHC,2026-06-08,458.0,460.0,10453
NRN,2026-06-08,1312.0,1380.0,23373
PRVU,2026-06-08,196.0,196.4,75722
SDBD87,2026-06-08,1132.0,1132.0,20
RBCL,2026-06-08,15310.0,15116.0,192
SHINE,2026-06-08,414.0,413.0,15516
SMB,2026-06-08,1736.0,1740.0,662
SHPC,2026-06-08,515.6,514.0,38259
NIFRAGED,2026-06-08,1038.8,1038.8,25
GMFBS,2026-06-08,1278.0,1273.5,930
SFEF,2026-06-08,10.02,10.03,12118
BPCL,2026-06-08,680.0,679.0,9447
SBD89,2026-06-08,1225.0,1225.0,25
HLICF,2026-06-08,9.6,9.04,3150
WNLB,2026-06-08,1430.0,1436.0,144
CHDC,2026-06-08,2269.0,2262.7,5057
SAIL,2026-06-08,1030.0,1036.9,27452
ICFCD88,2026-06-08,1160.0,1160.0,50
LSL,2026-06-08,220.3,219.7,106328
JFL,2026-06-08,433.5,427.9,13831
EBLEB89,2026-06-08,1080.0,1080.0,50
UPPER,2026-06-08,203.0,202.0,55579
SNLI,2026-06-08,450.3,451.0,18222
PCIL,2026-06-08,770.0,758.0,49322
SPL,2026-06-08,691.0,707.9,5454
PPL,2026-06-08,333.5,350.0,15343
SRLI,2026-06-08,400.0,400.0,11474
SKHEL,2026-06-08,1190.0,1155.5,8496
NYADI,2026-06-08,419.9,410.0,27414
JBBL,2026-06-08,342.0,358.0,29279
CGH,2026-06-08,803.0,790.0,8391
PCBL,2026-06-08,238.4,237.8,43555
NRIC,2026-06-08,1070.0,1044.0,67366
NHPC,2026-06-08,280.0,281.0,323318
KBSH,2026-06-08,1498.3,1500.0,424
NLIC,2026-06-08,770.0,760.0,26395
MAKAR,2026-06-05,500.0,496.6,4590
ILBS,2026-06-05,915.1,916.0,6592
KBL,2026-06-05,217.5,215.4,215732
HBLD83,2026-06-05,1035.0,1036.1,3
NMBMF,2026-06-05,641.1,642.0,2065
NWCL,2026-06-05,806.0,790.0,3205
NIBLGF,2026-06-05,9.39,9.4,4500
DDBL,2026-06-05,845.0,850.0,7093
HLI,2026-06-05,344.0,341.9,38829
NRM,2026-06-05,365.0,361.5,13099
MABEL,2026-06-05,705.0,689.0,28051
UMHL,2026-06-05,575.1,584.0,28643
NBL,2026-06-05,270.0,268.0,103366
AKPL,2026-06-05,269.0,267.0,62142
GILB,2026-06-05,1111.1,1130.0,363
SADBL,2026-06-05,443.6,420.0,18508
GMFIL,2026-06-05,459.0,495.5,69243
NMBHF2,2026-06-05,9.56,9.71,16200
SALICO,2026-06-05,628.1,645.0,13156
CCBD88,2026-06-05,1262.9,1262.4,25
SPIL,2026-06-05,700.0,740.7,6116
HEIP,2026-06-05,360.0,352.0,20
EBLD91,2026-06-05,1100.0,1099.0,170
JHAPA,2026-06-05,1320.4,1380.0,19631
TVCL,2026-06-05,499.0,503.0,6799
ULHC,2026-06-05,462.9,463.5,6424
SOHL,2026-06-05,655.09,655.0,107890
NMB,2026-06-05,244.0,243.2,16458
MLBSL,2026-06-05,1770.0,1790.0,121
LUK,2026-06-05,9.92,9.94,300
SGHC,2026-06-05,370.0,365.5,12646
MMKJL,2026-06-05,525.0,518.0,3598
NHPC,2026-06-05,275.0,283.5,255608
BARUN,2026-06-05,347.8,340.0,41713
BHCL,2026-06-05,629.4,594.0,110562
SMATA,2026-06-05,777.7,779.6,4232
SGIC,2026-06-05,510.0,501.0,29736
NLICL,2026-06-05,585.3,595.0,4289
NYADI,2026-06-05,435.0,421.0,12782
MEHL,2026-06-05,370.0,377.6,5385
BPCL,2026-06-05,696.0,679.9,14756
BHL,2026-06-05,221.0,219.0,109602
CMF2,2026-06-05,10.0,10.0,100
GMLI,2026-06-05,1353.0,1329.0,2542
SMJC,2026-06-05,475.0,475.0,50830
KBLD86,2026-06-05,1180.0,1180.0,10
GVL,2026-06-05,489.0,490.0,15808
TAMOR,2026-06-05,470.0,464.0,53854
EBLD85,2026-06-05,1160.1,1160.0,30
H8020,2026-06-05,11.8,12.16,1300
SAGAR,2026-06-05,1670.0,1672.1,3190
HIDCLP,2026-06-05,202.0,201.4,114201
NABILD87,2026-06-05,1152.0,1152.1,28374
RURU,2026-06-05,657.0,656.0,2808
VLBS,2026-06-05,702.7,705.3,1919
MHL,2026-06-05,498.1,500.0,6285
NGPL,2026-06-05,442.9,439.9,167326
NRN,2026-06-05,1306.0,1381.0,49503
MSHL,2026-06-05,689.9,690.0,144
HBL,2026-06-05,201.0,201.0,54217
CORBL,2026-06-05,2026.0,1966.1,8899
NICBF,2026-06-05,9.5,9.75,3400
TRH,2026-06-05,741.0,770.0,2202
SLBBL,2026-06-05,817.0,830.0,6521
NICGF2,2026-06-05,9.65,9.36,12100
SICL,2026-06-05,645.1,656.6,38555
IHL,2026-06-05,402.0,402.0,17286
MNMF1,2026-06-05,9.82,9.85,7300
PBD84,2026-06-05,1110.0,1110.0,25
OMPL,2026-06-05,1154.0,1155.0,1304
RSY,2026-06-05,10.25,10.33,39000
AHL,2026-06-05,485.4,496.5,3440
GSY,2026-06-05,10.0,10.02,2600
UNL,2026-06-05,46900.0,46725.0,60
MBJC,2026-06-05,285.0,286.0,11708
NCCD86,2026-06-05,1162.1,1181.5,23399
GBIMESY2,2026-06-05,9.22,9.4,1200
GBILD86/87,2026-06-05,1121.0,1121.0,15
GBIME,2026-06-05,239.0,238.1,89456
SIPD,2026-06-05,748.2,773.0,13831
HFIN,2026-06-05,925.0,886.0,97790
AVYAN,2026-06-05,1110.0,1114.9,4489
CZBIL,2026-06-05,205.0,202.5,44123
HDHPC,2026-06-05,224.0,218.9,151845
RHGCL,2026-06-05,287.0,285.9,46868
BGWT,2026-06-05,650.1,656.0,2110
SFCL,2026-06-05,377.1,396.1,36487
HATHY,2026-06-05,791.0,787.0,4509
NBBD2085,2026-06-05,1115.4,1150.0,173120
SBI,2026-06-05,396.5,399.0,45011
MDB,2026-06-05,618.4,620.4,6507
NIMB,2026-06-05,207.9,197.3,46402
KHPL,2026-06-05,691.7,757.6,440
SAHAS,2026-06-05,667.2,664.3,87518
MLBBL,2026-06-05,1200.0,1209.5,1538
SBLD89,2026-06-05,1241.0,1241.0,25
RBBD2088,2026-06-05,1069.3,1075.0,28
MBL,2026-06-05,253.9,249.7,84623
SHIVM,2026-06-05,680.0,673.0,92974
GIBF1,2026-06-05,10.8,11.0,2000
SWBBL,2026-06-05,744.0,743.9,2142
RMF2,2026-06-05,10.15,10.35,500
NHDL,2026-06-05,636.3,637.9,753
GLH,2026-06-05,270.9,265.0,35034
JSLBB,2026-06-05,1096.0,1095.0,70
NICFC,2026-06-05,9.5,9.54,3450
KEF,2026-06-05,10.84,10.9,7000
KDBY,2026-06-05,11.11,11.4,248500
CHL,2026-06-05,288.0,291.0,10312
NIFRAUR85/86,2026-06-05,1040.2,1071.0,60
KSBBLD87,2026-06-05,1132.0,1132.0,20
PPCL,2026-06-05,389.0,386.0,16054
JOSHI,2026-06-05,283.0,278.0,11088
GUFL,2026-06-05,578.0,581.0,57334
SBL,2026-06-05,405.9,401.0,71065
PBLD84,2026-06-05,1085.1,1076.0,2
SBD89,2026-06-05,1200.0,1190.0,40
UNLB,2026-06-05,1366.0,1399.9,1331
C30MF,2026-06-05,10.01,10.01,400
NIFRA,2026-06-05,261.79,261.5,70391
JBBL,2026-06-05,355.0,359.9,38973
CGH,2026-06-05,795.0,792.0,14122
UPPER,2026-06-05,203.1,203.0,71513
KPCL,2026-06-05,491.5,495.0,8160
CYCL,2026-06-05,1455.0,1455.0,933
SARBTM,2026-06-05,870.0,865.2,4844
SIFC,2026-06-05,550.0,572.6,83612
SJLIC,2026-06-05,417.1,438.0,15819
ICFCD89,2026-06-05,1095.0,1105.0,50
BHPL,2026-06-05,565.0,548.6,11242
BANDIPUR,2026-06-05,825.1,820.0,23830
HPPL,2026-06-05,373.0,374.2,32920
NICL,2026-06-05,565.0,563.0,99249
GFCL,2026-06-05,660.0,669.0,49787
RFPL,2026-06-05,353.0,364.9,30584
SABBL,2026-06-05,1195.0,1185.0,10226
MCHL,2026-06-05,313.4,315.3,3943
SBD87,2026-06-05,1131.6,1131.6,50116
SMH,2026-06-05,615.0,585.3,10247
SHINED,2026-06-05,1100.0,1096.0,200
MSLB,2026-06-05,1222.0,1228.0,663
ANLB,2026-06-05,5801.0,5940.0,865
GHL,2026-06-05,240.0,235.0,44218
SANIMA,2026-06-05,370.0,368.0,136061
DLBS,2026-06-05,1269.0,1266.0,403
RBCLPO,2026-06-05,11990.0,11900.0,110
UAIL,2026-06-05,482.0,478.0,35445
NLG,2026-06-05,650.0,647.0,30358
SMB,2026-06-05,1760.0,1750.0,1146
CIT,2026-06-05,1770.0,1755.0,11075
NMIC,2026-06-05,1137.1,1067.8,4641
PCBL,2026-06-05,240.0,240.0,33577
KBLD90,2026-06-05,1210.0,1206.0,8
GBBL,2026-06-05,415.2,416.0,19964
MND84/85,2026-06-05,1069.9,1076.1,50
RIDI,2026-06-05,355.1,352.0,430825
CBBL,2026-06-05,926.6,921.0,22138
UMRH,2026-06-05,544.0,547.9,5636
OHL,2026-06-05,702.4,709.0,2042
SPDL,2026-06-05,405.0,398.3,45051
SPHL,2026-06-05,600.0,632.0,84628
ALBSL,2026-06-05,1090.0,1106.0,2039
RLFL,2026-06-05,470.0,494.5,202534
SAPDBL,2026-06-05,872.0,848.0,66426
GBBD85,2026-06-05,1110.0,1115.0,40
DHPL,2026-06-05,300.0,302.0,8941
GRDBL,2026-06-05,1060.0,1065.0,8262
NRIC,2026-06-05,1085.0,1070.0,59901
PRIN,2026-06-05,720.0,703.0,30446
BBC,2026-06-05,4482.1,4475.0,493
BFC,2026-06-05,465.0,514.0,264073
HIMSTAR,2026-06-05,860.0,846.0,6098
AHPC,2026-06-05,279.0,277.0,92890
EBLD86,2026-06-05,1142.0,1145.0,110185
SBLD2091,2026-06-05,1090.2,1092.0,425
NLIC,2026-06-05,770.0,767.6,26083
HIDCL,2026-06-05,265.5,265.0,61544
LVF2,2026-06-05,9.72,9.96,1700
MFIL,2026-06-05,778.1,804.9,120817
RBBF40,2026-06-05,9.5,9.42,2100
GLBSL,2026-06-05,1761.1,1813.9,278
RAWA,2026-06-05,567.9,562.0,1611
IGI,2026-06-05,461.0,460.7,14420
SWASTIK,2026-06-05,2380.0,2379.0,874
SRLI,2026-06-05,395.4,410.0,29563
NFS,2026-06-05,592.6,620.0,96231
MPFL,2026-06-05,634.0,642.0,70599
PURE,2026-06-05,917.0,910.0,6565
EHPL,2026-06-05,388.0,387.9,22626
HLICF,2026-06-05,9.0,9.35,17100
SSHL,2026-06-05,215.0,214.0,109902
USHEC,2026-06-05,507.0,505.0,4007
KBSH,2026-06-05,1550.0,1543.0,30
SIKLES,2026-06-05,595.0,602.9,4051
ADBL,2026-06-05,312.4,317.0,36488
NABBC,2026-06-05,905.0,916.9,1314
NIBSF2,2026-06-05,9.2,9.22,2200
SMPDA,2026-06-05,838.0,833.0,1949
PROFL,2026-06-05,457.9,466.0,55291
STC,2026-06-05,5400.3,5450.0,550
SAND2085,2026-06-05,1152.0,1152.0,25
PMHPL,2026-06-05,338.0,338.0,7155
TSHL,2026-06-05,563.0,560.0,2245
VLUCL,2026-06-05,481.1,490.0,2483
SBCF,2026-06-05,9.6,9.59,29300
CBLD88,2026-06-05,1190.0,1190.0,10
SPL,2026-06-05,691.3,711.0,1220
SMHL,2026-06-05,504.0,501.0,32616
MERO,2026-06-05,734.0,730.7,4901
ICFCD88,2026-06-05,1157.0,1157.0,25
SFEF,2026-06-05,10.14,10.14,39109
HURJA,2026-06-05,255.1,252.5,42526
RNLI,2026-06-05,470.0,474.5,22198
FOWAD,2026-06-05,1059.0,1039.0,4170
CKHL,2026-06-05,665.5,665.0,2230
SHL,2026-06-05,505.0,503.1,18018
CIZBD86,2026-06-05,1180.0,1180.0,25
MHNL,2026-06-05,267.0,262.0,21350
SBLD84,2026-06-05,1178.0,1120.0,1
SPC,2026-06-05,457.1,459.9,14607
NBF2,2026-06-05,10.69,10.37,229
MEN,2026-06-05,620.0,612.0,43425
PMLI,2026-06-05,469.1,481.0,12122
SMFBS,2026-06-05,1535.0,1520.0,711
NMB50,2026-06-05,10.99,10.99,10828
NTC,2026-06-05,851.1,857.0,15647
EDBL,2026-06-05,583.5,588.2,2565
SCB,2026-06-05,655.1,657.1,8064
MANDU,2026-06-05,802.1,820.0,1060
CFCL,2026-06-05,584.0,630.0,294495
MNBBL,2026-06-05,376.0,375.0,21423
NUBL,2026-06-05,661.0,666.0,3740
UHEWA,2026-06-05,586.3,590.1,16361
WNLB,2026-06-05,1430.0,1451.0,95
SFMF,2026-06-05,10.21,10.21,1000
SKHL,2026-06-05,926.0,916.9,22720
GBLBS,2026-06-05,786.0,780.0,3775
MMF1,2026-06-05,9.53,9.45,13360
SEF,2026-06-05,10.0,9.97,9070
UNHPL,2026-06-05,425.0,424.0,41850
SLCF,2026-06-05,10.15,10.0,1150
SAIL,2026-06-05,1088.0,1057.0,36384
HRL,2026-06-05,631.1,661.0,79072
NABIL,2026-06-05,537.0,535.0,38895
CITY,2026-06-05,376.1,402.0,502123
CHDC,2026-06-05,2262.0,2269.0,8660
EBLEB89,2026-06-05,1080.0,1080.0,25
RBCL,2026-06-05,15206.0,15310.0,106
SWMF,2026-06-05,664.1,665.0,1918
SHPC,2026-06-05,524.5,516.0,27399
NIMBPO,2026-06-05,150.0,145.5,10794
JBLB,2026-06-05,1300.0,1297.0,2616
DHEL,2026-06-05,620.0,621.0,18100
BNHC,2026-06-05,328.2,333.8,2594
NIBLSTF,2026-06-05,9.2,9.2,18350
RHPL,2026-06-05,280.0,274.0,12576
CHCL,2026-06-05,500.0,495.4,33537
AKJCL,2026-06-05,428.0,413.0,1350660
NICA,2026-06-05,347.2,346.0,63840
MEL,2026-06-05,250.0,240.0,7592
HLBSL,2026-06-05,887.0,899.9,125
ACLBSL,2026-06-05,950.0,960.0,1177
SIGS2,2026-06-05,10.55,10.8,6740
DORDI,2026-06-05,278.0,273.8,28296
SANVI,2026-06-05,693.0,689.5,16254
RMF1,2026-06-05,9.55,9.66,26600
LBBL,2026-06-05,505.0,500.0,19221
ENL,2026-06-05,891.0,880.0,795
MKHC,2026-06-05,324.0,321.0,15537
NBF3,2026-06-05,9.75,10.03,74484
MLBS,2026-06-05,1255.0,1275.0,363
ICFC,2026-06-05,642.9,649.0,45301
PSF,2026-06-05,12.16,12.5,431984
BEDC,2026-06-05,362.0,361.0,19261
SINDU,2026-06-05,725.1,754.0,35919
NSY,2026-06-05,9.79,9.69,13865
BHDC,2026-06-05,465.0,463.0,14806
RLEL,2026-06-05,965.0,928.0,25466
PRSF,2026-06-05,12.96,12.99,536428
SBID89,2026-06-05,1147.0,1147.0,19
API,2026-06-05,359.0,348.0,264603
EBL,2026-06-05,709.0,709.4,23119
ALICL,2026-06-05,460.0,459.0,7346
SHINE,2026-06-05,416.0,417.0,16756
SIGS3,2026-06-05,11.01,11.25,2300
DOLTI,2026-06-05,345.5,350.0,27819
NMFBS,2026-06-05,1140.0,1146.0,6038
RADHI,2026-06-05,778.0,774.0,35238
JFL,2026-06-05,422.0,428.6,19852
GCIL,2026-06-05,418.0,418.0,15879
RSML,2026-06-05,3449.5,3580.0,41801
MKJC,2026-06-05,492.1,503.5,4804
NADEP,2026-06-05,762.0,755.2,2211
SDBD87,2026-06-05,1164.9,1132.0,18
PBD88,2026-06-05,1207.0,1195.0,54
PCIL,2026-06-05,749.8,780.0,39256
LBLD88,2026-06-05,1063.0,1144.8,64355
PHCL,2026-06-05,310.0,307.7,63990
NIL,2026-06-05,663.0,656.2,14349
LEC,2026-06-05,223.6,223.1,55344
MLBL,2026-06-05,351.5,367.5,13150
HEI,2026-06-05,570.0,565.0,13972
SBID2090,2026-06-05,1118.0,1151.5,2
UPCL,2026-06-05,360.0,370.5,34891
SHLB,2026-06-05,1501.0,1528.0,135
NICLBSL,2026-06-05,572.0,578.0,3084
TPC,2026-06-05,370.0,367.9,24941
ILI,2026-06-05,448.9,441.5,8650
HHL,2026-06-05,360.0,358.3,38690
ULBSL,2026-06-05,2800.0,3220.0,5000
MKCL,2026-06-05,1260.0,1267.0,1601
CSY,2026-06-05,9.21,9.7,6200
MKHL,2026-06-05,510.0,515.0,9562
KSY,2026-06-05,9.99,9.75,1900
MATRI,2026-06-05,904.0,902.0,901
LICN,2026-06-05,820.1,818.0,38457
USLB,2026-06-05,1250.0,1255.0,553
PFL,2026-06-05,374.0,390.0,26462
BUNGAL,2026-06-05,684.0,700.1,59295
MBLEF,2026-06-05,10.0,10.2,42700
HDL,2026-06-05,1175.0,1168.0,20224
KDL,2026-06-05,840.0,834.0,1597
NICSF,2026-06-05,9.4,9.35,2700
SLBSL,2026-06-05,1230.0,1209.0,591
PRVU,2026-06-05,187.2,197.0,72911
RSDC,2026-06-05,698.0,671.0,1971
SONA,2026-06-05,440.0,448.0,66955
BJHL,2026-06-05,900.0,867.9,8293
MHCL,2026-06-05,350.6,354.0,10306
KMCDB,2026-06-05,872.0,871.0,496
SAGF,2026-06-05,10.1,10.1,1350
NMLBBL,2026-06-05,583.1,595.9,4295
KSBBL,2026-06-05,499.9,491.0,49124
CREST,2026-06-05,1260.0,1254.5,7665
SHEL,2026-06-05,322.0,314.3,114094
SNLI,2026-06-05,458.0,454.0,12193
SKBBL,2026-06-05,775.0,765.8,4189
SYPNL,2026-06-05,1352.8,1405.0,38626
NSIF2,2026-06-05,10.75,10.85,58400
USHL,2026-06-05,621.0,610.0,936
CLI,2026-06-05,464.7,465.5,14320
LSL,2026-06-05,227.0,221.2,70936
SJCL,2026-06-05,300.0,296.0,11328
TTL,2026-06-05,811.3,808.0,11437
SKHEL,2026-06-05,1221.1,1200.0,7416
GMFBS,2026-06-05,1299.0,1297.9,49
KKHC,2026-06-05,282.9,264.0,59787
PPL,2026-06-05,332.5,351.0,29679
LLBS,2026-06-05,948.0,945.0,107
FMDBL,2026-06-05,800.0,788.8,6620
NESDO,2026-06-05,1550.0,1540.0,351
NBLD87,2026-06-04,1138.4,1138.4,671
SARBTM,2026-06-04,880.0,870.0,4283
AHL,2026-06-04,473.1,493.1,7926
BOKD86KA,2026-06-04,1203.9,1240.0,55
SGHC,2026-06-04,369.0,373.8,5901
KBSH,2026-06-04,1598.5,1505.5,61
EDBL,2026-06-04,605.0,588.8,6055
MLBL,2026-06-04,370.0,369.9,11598
BNHC,2026-06-04,339.6,333.0,5000
DORDI,2026-06-04,276.0,278.0,29154
C30MF,2026-06-04,10.1,10.1,300
HPPL,2026-06-04,380.0,379.5,35336
CHL,2026-06-04,291.0,294.0,14513
OMPL,2026-06-04,1165.0,1165.0,1699
RSDC,2026-06-04,680.0,678.6,2683
PPL,2026-06-04,348.0,350.0,13979
FOWAD,2026-06-04,1066.9,1059.0,1112
PFL,2026-06-04,387.8,374.0,7800
STC,2026-06-04,5400.0,5499.5,826
SWASTIK,2026-06-04,2400.0,2372.0,265
NABIL,2026-06-04,563.0,538.8,35729
MKJC,2026-06-04,495.0,504.7,7890
FMDBL,2026-06-04,790.0,790.0,13225
LEC,2026-06-04,229.4,225.9,101877
HBL,2026-06-04,200.0,201.0,42303
SHINE,2026-06-04,415.1,416.0,8415
KBLD86,2026-06-04,1212.4,1212.4,2527
IGI,2026-06-04,470.0,461.0,47486
NLG,2026-06-04,650.0,660.0,67893
DHPL,2026-06-04,302.0,302.2,980
HIDCL,2026-06-04,270.0,266.2,42315
SKHEL,2026-06-04,1190.0,1237.0,4643
SIPD,2026-06-04,776.1,787.0,13445
AHPC,2026-06-04,281.0,279.0,50608
UHEWA,2026-06-04,585.0,586.2,5888
UNLB,2026-06-04,1450.0,1400.0,565
NMBD87/88,2026-06-04,1086.0,1138.5,310
SINDU,2026-06-04,729.0,738.0,10757
NIBLGF,2026-06-04,9.25,9.4,2137
SPL,2026-06-04,705.0,700.4,973
SBID89,2026-06-04,1145.2,1145.2,25
SEF,2026-06-04,10.0,10.1,4000
AKJCL,2026-06-04,418.0,424.9,747700
PURE,2026-06-04,922.1,923.0,6596
KEF,2026-06-04,10.83,10.91,10550
MATRI,2026-06-04,895.0,904.0,925
SALICO,2026-06-04,645.0,632.0,28005
NICFC,2026-06-04,9.5,9.5,3900
MMKJL,2026-06-04,537.0,527.1,7252
GMFBS,2026-06-04,1320.0,1299.0,734
PCIL,2026-06-04,800.0,789.2,40923
HLBSL,2026-06-04,914.0,887.0,925
PMLI,2026-06-04,476.1,480.9,10363
SIFC,2026-06-04,550.0,560.0,26960
SICL,2026-06-04,675.0,648.0,13489
MNMF1,2026-06-04,9.82,9.99,35750
PBD88,2026-06-04,1207.0,1207.0,1135
RMF1,2026-06-04,10.0,9.8,8500
NRM,2026-06-04,365.0,365.0,13477
SBL,2026-06-04,404.0,403.9,50784
CCBD88,2026-06-04,1262.9,1262.9,1100
H8020,2026-06-04,11.59,12.1,275300
SCB,2026-06-04,663.0,658.5,15797
GCIL,2026-06-04,428.6,423.5,16636
API,2026-06-04,357.0,351.5,234515
GBIME,2026-06-04,240.0,238.7,30702
GILB,2026-06-04,1137.0,1136.0,2114
LICN,2026-06-04,821.0,820.0,17844
RBBD83,2026-06-04,1088.0,1089.0,76
NIBSF2,2026-06-04,9.15,9.32,11300
BHPL,2026-06-04,526.4,552.0,54544
NSIF2,2026-06-04,10.73,10.75,2000
MAKAR,2026-06-04,498.1,500.0,5745
BANDIPUR,2026-06-04,875.0,825.1,24769
SONA,2026-06-04,449.0,444.0,26213
SBLD84,2026-06-04,1201.0,1178.0,20043
SGIC,2026-06-04,516.0,503.5,53285
SMH,2026-06-04,587.0,588.0,4779
SAGAR,2026-06-04,1697.0,1689.0,7274
HFIN,2026-06-04,960.1,925.0,64479
KSBBL,2026-06-04,495.0,490.0,15941
BOKD86,2026-06-04,1085.0,1130.6,470
PHCL,2026-06-04,312.0,310.7,53142
JBBD87,2026-06-04,1165.1,1165.1,416
VLBS,2026-06-04,747.0,712.0,7549
KMCDB,2026-06-04,865.0,872.0,1223
AKPL,2026-06-04,272.0,269.7,67222
CBBL,2026-06-04,928.3,927.0,10409
GMLI,2026-06-04,1375.0,1354.0,3432
CHDC,2026-06-04,2268.0,2266.2,4914
NABBC,2026-06-04,892.0,919.0,4693
BHL,2026-06-04,222.0,220.5,53363
GIBF1,2026-06-04,11.1,10.84,11300
NIFRA,2026-06-04,264.0,263.0,51670
SPIL,2026-06-04,730.1,736.0,8177
MEN,2026-06-04,618.0,614.0,55059
GRDBL,2026-06-04,1081.1,1070.0,3981
KHPL,2026-06-04,601.5,658.8,170
KDL,2026-06-04,815.2,826.0,728
GUFL,2026-06-04,579.0,564.0,30474
JOSHI,2026-06-04,280.0,281.6,14936
NTC,2026-06-04,865.0,859.7,16416
CMF2,2026-06-04,9.87,10.0,3875
NIMBPO,2026-06-04,147.1,150.8,3647
DLBS,2026-06-04,1299.2,1269.0,996
SAPDBL,2026-06-04,795.0,830.5,170863
USHL,2026-06-04,580.0,610.0,2296
SMATA,2026-06-04,780.0,779.0,5095
NADEP,2026-06-04,760.0,760.0,855
TAMOR,2026-06-04,460.2,470.0,45326
ANLB,2026-06-04,5800.0,5965.0,179
CLI,2026-06-04,470.0,466.0,23485
NGPL,2026-06-04,467.7,441.7,140797
PPCL,2026-06-04,380.4,390.0,6277
KBL,2026-06-04,218.7,216.9,147983
MBJC,2026-06-04,284.8,286.1,11254
KKHC,2026-06-04,275.0,269.9,68375
SFEF,2026-06-04,10.01,10.19,28762
MEL,2026-06-04,246.0,246.0,8435
SHIVM,2026-06-04,675.1,677.6,65064
ALBSL,2026-06-04,1101.0,1107.9,2259
CZBIL,2026-06-04,213.0,203.4,60548
NICAD2091,2026-06-04,1047.5,1078.0,50
BJHL,2026-06-04,907.0,891.1,6799
BHCL,2026-06-04,571.0,599.5,138661
SIGS3,2026-06-04,11.01,11.01,700
NICLBSL,2026-06-04,587.9,578.0,2876
RADHI,2026-06-04,780.0,778.0,61846
BBC,2026-06-04,4570.0,4482.1,258
SAND2085,2026-06-04,1158.3,1158.3,130
NBF2,2026-06-04,10.7,10.69,200
CHCL,2026-06-04,492.5,500.0,30010
ENL,2026-06-04,894.0,884.6,987
RHPL,2026-06-04,283.0,276.0,82964
UNHPL,2026-06-04,436.9,430.5,32808
PBD84,2026-06-04,1110.0,1110.0,75
SPHL,2026-06-04,613.0,630.0,80156
JBBL,2026-06-04,380.0,361.0,18172
RHGCL,2026-06-04,292.0,291.5,52259
WNLB,2026-06-04,1429.0,1430.0,41
CKHL,2026-06-04,660.0,665.5,301
NBL,2026-06-04,271.0,269.8,73653
NICSF,2026-06-04,9.4,9.29,9050
NICA,2026-06-04,354.9,350.3,32020
NMB50,2026-06-04,11.0,11.06,5200
ICFCD89,2026-06-04,1095.0,1097.0,290
RIDI,2026-06-04,375.0,358.4,393409
ULHC,2026-06-04,465.5,465.0,7618
NBF3,2026-06-04,9.74,10.02,13191
PSF,2026-06-04,12.14,12.3,21800
NIFRAUR85/86,2026-06-04,1061.0,1065.0,20
KSY,2026-06-04,9.51,9.7,600
HURJA,2026-06-04,256.0,255.0,42604
RBBF40,2026-06-04,9.29,9.36,2000
SAHAS,2026-06-04,672.0,667.0,92877
SIKLES,2026-06-04,595.0,599.0,2955
NRN,2026-06-04,1388.9,1374.0,30230
NYADI,2026-06-04,392.0,429.0,118780
SKBBL,2026-06-04,768.0,767.0,5317
NFS,2026-06-04,609.0,606.0,20678
NICBF,2026-06-04,9.42,9.5,1100
TVCL,2026-06-04,510.0,508.0,25663
KBLD90,2026-06-04,1205.0,1210.0,55
RLFL,2026-06-04,475.0,465.4,70172
BUNGAL,2026-06-04,736.0,720.0,87099
SLCF,2026-06-04,9.91,10.15,9400
NMLBBL,2026-06-04,581.5,592.0,6055
SOHL,2026-06-04,665.0,660.0,71943
NIL,2026-06-04,656.0,663.0,15404
GBLBS,2026-06-04,780.1,786.0,4926
MHNL,2026-06-04,280.0,266.8,14747
DHEL,2026-06-04,644.0,630.0,17005
JBLB,2026-06-04,1301.0,1300.0,11598
MHCL,2026-06-04,346.0,355.0,3358
CYCL,2026-06-04,1466.0,1469.9,256
NMBMF,2026-06-04,650.0,653.9,2402
MERO,2026-06-04,771.7,734.0,5462
SWMF,2026-06-04,666.0,671.0,2377
HEI,2026-06-04,585.0,570.0,26991
LSL,2026-06-04,226.8,222.0,90368
SHEL,2026-06-04,315.0,316.0,102477
NICGF2,2026-06-04,9.13,9.37,1600
MFIL,2026-06-04,798.9,790.0,24394
MBL,2026-06-04,254.0,253.9,63029
SMJC,2026-06-04,495.6,475.0,30874
MMF1,2026-06-04,9.23,9.42,9940
SLBBL,2026-06-04,820.2,830.0,4804
BPCL,2026-06-04,697.0,688.9,14555
MSHL,2026-06-04,670.0,689.0,310
PRIN,2026-06-04,719.0,709.0,34446
SNLI,2026-06-04,463.0,460.4,18703
MPFL,2026-06-04,641.0,634.0,44967
TRH,2026-06-04,756.0,763.0,570
MHL,2026-06-04,529.0,506.0,9206
JFL,2026-06-04,427.0,415.0,9167
NUBL,2026-06-04,660.0,662.4,957
MLBBL,2026-06-04,1190.0,1209.9,1088
LLBS,2026-06-04,935.0,949.9,580
ICFCD88,2026-06-04,1156.0,1160.0,75
RAWA,2026-06-04,553.0,567.9,710
CSY,2026-06-04,9.12,9.39,4400
SCBD,2026-06-04,1170.0,1194.8,50
GVL,2026-06-04,504.7,492.0,13236
PBLD87,2026-06-04,1128.0,1119.4,290
NIFRAGED,2026-06-04,1064.0,1070.0,401
SJCL,2026-06-04,297.0,300.0,5388
MDB,2026-06-04,615.0,618.4,5765
MEHL,2026-06-04,389.0,379.0,2341
HHL,2026-06-04,365.7,364.8,32599
NESDO,2026-06-04,1530.0,1535.0,47
SRLI,2026-06-04,406.4,399.9,18538
MCHL,2026-06-04,312.1,317.0,4459
MKCL,2026-06-04,1283.9,1260.1,2509
EHPL,2026-06-04,395.0,390.0,18476
NMB,2026-06-04,248.9,245.9,33438
SYPNL,2026-06-04,1430.0,1424.0,29822
CIT,2026-06-04,1761.0,1763.9,2708
MLBSL,2026-06-04,1817.0,1780.0,76
RSY,2026-06-04,10.11,10.25,27816
SKHL,2026-06-04,930.0,926.0,13324
PCBL,2026-06-04,239.2,241.0,24205
MKHL,2026-06-04,518.5,517.0,9583
ADBL,2026-06-04,318.0,317.9,29880
SWBBL,2026-06-04,741.0,744.9,4413
PRVU,2026-06-04,198.1,197.0,92364
NHDL,2026-06-04,650.0,636.0,9286
SADBL,2026-06-04,420.0,422.5,25264
VLUCL,2026-06-04,481.0,487.0,2850
EBL,2026-06-04,714.9,709.0,17746
SSHL,2026-06-04,216.0,215.6,104003
RLEL,2026-06-04,982.2,965.0,15794
HATHY,2026-06-04,798.5,791.0,2787
SAGF,2026-06-04,10.5,10.11,17975
SMB,2026-06-04,1725.0,1745.0,1181
SANIMA,2026-06-04,370.0,368.4,31066
HRL,2026-06-04,670.0,664.3,81024
CREST,2026-06-04,1344.0,1268.0,9029
KPCL,2026-06-04,508.0,495.0,6770
BEDC,2026-06-04,374.0,364.0,18181
UAIL,2026-06-04,485.0,482.0,35504
MLBS,2026-06-04,1239.1,1292.0,110
SHINED,2026-06-04,1097.6,1090.0,100
GBIMESY2,2026-06-04,9.5,9.45,6900
SAIL,2026-06-04,1108.0,1088.0,35771
EBLD91,2026-06-04,1080.0,1100.0,275
SLBSL,2026-06-04,1182.0,1207.0,1438
SPC,2026-06-04,470.0,461.0,6573
NICL,2026-06-04,559.1,565.0,185261
HLI,2026-06-04,348.6,345.0,27787
MBLEF,2026-06-04,9.97,10.15,3300
ULBSL,2026-06-04,2805.0,2935.0,1728
NSY,2026-06-04,9.33,9.51,19550
USHEC,2026-06-04,515.0,507.0,8212
PROFL,2026-06-04,460.0,452.0,9001
ILI,2026-06-04,448.0,444.1,7710
SIGS2,2026-06-04,10.54,10.55,1100
IHL,2026-06-04,410.5,409.9,31370
LBBL,2026-06-04,508.8,500.0,84649
OHL,2026-06-04,701.0,702.4,547
NICD88,2026-06-04,1110.3,1140.5,1020
HDL,2026-06-04,1170.0,1176.0,9882
SFCL,2026-06-04,390.0,386.0,8847
MNBBL,2026-06-04,379.5,375.5,16634
GBBL,2026-06-04,417.1,417.9,15097
ILBS,2026-06-04,930.0,926.5,977
MBLD87,2026-06-04,1142.1,1142.1,188
GSY,2026-06-04,10.02,10.03,686600
HIMSTAR,2026-06-04,865.0,860.0,5220
USLB,2026-06-04,1272.0,1261.1,521
HBLD83,2026-06-04,1034.1,1035.0,30
HIDCLP,2026-06-04,204.4,202.6,112345
NMBHF2,2026-06-04,9.7,9.71,1400
GHL,2026-06-04,243.4,236.2,22630
SMHL,2026-06-04,504.0,504.0,28399
SMFBS,2026-06-04,1534.0,1535.0,814
BFC,2026-06-04,467.0,477.9,14496
PMHPL,2026-06-04,349.0,342.6,4512
NLIC,2026-06-04,779.8,777.0,22920
TSHL,2026-06-04,565.1,570.0,913
SJLIC,2026-06-04,435.0,439.0,14001
SDBD87,2026-06-04,1164.0,1164.9,988
SBIBD86,2026-06-04,1127.4,1208.7,128
EBLD86,2026-06-04,1100.0,1145.0,302314
CFCL,2026-06-04,557.0,613.9,305818
BGWT,2026-06-04,666.0,650.0,5398
GFCL,2026-06-04,677.0,660.0,60268
UMHL,2026-06-04,575.1,582.0,16832
JHAPA,2026-06-04,1400.0,1389.8,19972
NRIC,2026-06-04,1040.0,1085.0,158253
CITY,2026-06-04,375.2,375.5,196377
RURU,2026-06-04,655.2,657.0,3145
SMPDA,2026-06-04,840.0,838.0,2087
BNT,2026-06-04,11980.0,11600.0,183
NMFBS,2026-06-04,1134.1,1140.0,1060
NLICL,2026-06-04,600.0,594.9,17573
SHLB,2026-06-04,1520.5,1516.1,365
BHDC,2026-06-04,460.7,464.9,12020
NIMB,2026-06-04,197.9,198.0,29227
NHPC,2026-06-04,296.9,286.3,267468
SHL,2026-06-04,505.7,503.7,10883
SHPC,2026-06-04,518.0,515.9,28370
CBLD88,2026-06-04,1202.0,1214.0,1834
MKHC,2026-06-04,324.2,320.5,14789
SABBL,2026-06-04,1200.1,1201.0,7344
SBI,2026-06-04,399.4,398.9,26896
HBLD86,2026-06-04,1199.7,1207.9,23310
CGH,2026-06-04,800.9,791.1,52985
BARUN,2026-06-04,349.0,345.0,17770
LVF2,2026-06-04,10.0,10.01,1300
ICFC,2026-06-04,643.0,640.0,7878
TPC,2026-06-04,370.0,371.9,17671
GLBSL,2026-06-04,1795.0,1790.0,396
RBBD2088,2026-06-04,1065.6,1069.3,24226
GLH,2026-06-04,270.3,269.1,17135
SPDL,2026-06-04,390.0,401.0,67909
DOLTI,2026-06-04,349.0,354.0,26189
NWCL,2026-06-04,785.0,793.0,781
ACLBSL,2026-06-04,955.1,957.1,1617
UPPER,2026-06-04,203.0,203.0,111818
MBLD2085,2026-06-04,1150.0,1150.0,100
NBLD85,2026-06-04,1070.0,1100.0,65
ALICL,2026-06-04,462.9,460.0,15715
AVYAN,2026-06-04,1125.0,1113.0,4369
UMRH,2026-06-04,543.3,541.1,11074
RBCL,2026-06-04,15449.0,15122.0,131
PRSF,2026-06-04,12.99,13.0,131000
CIZBD86,2026-06-04,1202.5,1202.5,33
CORBL,2026-06-04,1933.6,1999.0,8636
LUK,2026-06-04,10.29,10.15,800
TTL,2026-06-04,821.4,815.5,9013
GBILD86/87,2026-06-04,1135.9,1135.9,953
MANDU,2026-06-04,824.0,822.7,1596
GBBD85,2026-06-04,1118.0,1118.0,1150
HLICF,2026-06-04,8.8,9.18,11000
SBCF,2026-06-04,9.63,9.85,13954
RNLI,2026-06-04,478.2,476.0,16395
NIBLSTF,2026-06-04,9.2,9.18,11450
SANVI,2026-06-04,724.0,693.0,12032
MSLB,2026-06-04,1244.2,1245.0,367
NMIC,2026-06-04,1100.0,1083.0,6745
RSML,2026-06-04,3685.0,3631.0,12521
NABILD2089,2026-06-04,1130.0,1130.0,125
HDHPC,2026-06-04,212.4,221.0,205035
GMFIL,2026-06-04,484.0,483.0,16410
DDBL,2026-06-04,840.0,847.8,4993
JSLBB,2026-06-04,1120.0,1095.0,64
PBD85,2026-06-04,1081.0,1113.0,100
MABEL,2026-06-04,735.0,719.0,16144
KDBY,2026-06-04,11.17,11.4,103300
UPCL,2026-06-04,389.5,369.0,32426
RFPL,2026-06-04,353.0,367.0,17658
KSBBLD87,2026-06-04,1155.9,1155.9,1062
HEIP,2026-06-04,357.4,358.0,14909
MMKJL,2026-06-03,538.0,538.0,17936
SMB,2026-06-03,1711.0,1730.0,416
MNMF1,2026-06-03,9.82,10.0,4700
RIDI,2026-06-03,370.0,364.0,556015
NBF3,2026-06-03,9.7,10.04,53845
GIBF1,2026-06-03,11.0,10.85,4600
MMF1,2026-06-03,9.22,9.49,16597
SCBD,2026-06-03,1160.0,1160.0,25
BHL,2026-06-03,222.0,222.2,66445
DDBL,2026-06-03,840.2,850.3,2447
LVF2,2026-06-03,9.72,10.3,2675
UNL,2026-06-03,46800.0,46700.0,40
SBI,2026-06-03,398.0,398.9,28874
NMIC,2026-06-03,1112.0,1118.0,11050
SHL,2026-06-03,509.9,505.7,18437
SBL,2026-06-03,405.0,404.0,77358
MERO,2026-06-03,730.0,735.0,5090
SHINE,2026-06-03,432.0,419.0,13958
NGPL,2026-06-03,445.8,445.5,93169
SLCF,2026-06-03,10.0,10.0,2700
RBBD2088,2026-06-03,1070.0,1085.0,77
USLB,2026-06-03,1252.0,1270.0,1288
RLEL,2026-06-03,1000.0,990.0,18986
SBLD84,2026-06-03,1075.0,1201.0,108910
CLI,2026-06-03,455.0,466.9,36787
SFMF,2026-06-03,10.21,10.21,600
PURE,2026-06-03,935.0,933.5,8213
JBLB,2026-06-03,1295.0,1308.9,3324
RMF2,2026-06-03,10.4,10.14,1400
OHL,2026-06-03,697.5,708.4,1948
SCB,2026-06-03,656.0,657.0,7361
DHEL,2026-06-03,640.0,644.0,24039
MEL,2026-06-03,244.0,246.0,9845
SALICO,2026-06-03,619.0,640.8,33051
JFL,2026-06-03,425.0,419.9,6454
SWBBL,2026-06-03,773.8,739.0,6976
SMH,2026-06-03,591.1,592.0,3827
HURJA,2026-06-03,257.7,257.2,30098
CREST,2026-06-03,1262.0,1280.0,25910
EHPL,2026-06-03,399.0,392.1,13040
GBILD84/85,2026-06-03,1150.0,1150.0,25
MKHL,2026-06-03,545.0,527.6,45258
SAGAR,2026-06-03,1725.0,1697.0,7147
KMCDB,2026-06-03,867.0,863.0,1642
ENL,2026-06-03,871.5,870.0,2350
HFIN,2026-06-03,958.0,960.1,23972
RBCL,2026-06-03,15201.0,15399.0,457
BHPL,2026-06-03,499.8,530.0,8017
GBBD85,2026-06-03,1086.0,1086.0,25
RADHI,2026-06-03,780.0,777.9,106089
STC,2026-06-03,5475.0,5485.0,735
CZBIL,2026-06-03,207.0,203.6,22917
FMDBL,2026-06-03,791.0,793.0,11018
HLI,2026-06-03,342.0,348.6,77619
AKJCL,2026-06-03,441.7,440.0,988677
MLBS,2026-06-03,1254.3,1277.0,290
NIBLGF,2026-06-03,9.24,9.2,5400
RURU,2026-06-03,651.0,658.0,2267
NESDO,2026-06-03,1532.0,1540.0,1108
CHL,2026-06-03,296.0,293.9,23979
ICFC,2026-06-03,645.1,643.0,13324
USHL,2026-06-03,618.5,607.0,4325
NBL,2026-06-03,270.0,270.0,123346
BANDIPUR,2026-06-03,830.0,835.9,28798
CGH,2026-06-03,790.3,797.0,13423
NCCD86,2026-06-03,1128.4,1128.3,41
BNHC,2026-06-03,328.6,332.0,4070
SGHC,2026-06-03,369.0,374.0,9024
PFL,2026-06-03,390.9,384.0,6647
BNL,2026-06-03,14400.0,14400.0,25
SPDL,2026-06-03,404.0,409.5,63536
SIGS3,2026-06-03,10.96,11.28,1900
HLBSL,2026-06-03,880.0,894.1,395
SMJC,2026-06-03,488.2,472.0,121646
USHEC,2026-06-03,503.0,512.0,6267
NICBF,2026-06-03,9.7,9.43,1000
NUBL,2026-06-03,661.1,663.0,3064
CHCL,2026-06-03,505.0,499.0,74150
ANLB,2026-06-03,5815.0,5934.8,564
PRIN,2026-06-03,692.0,719.0,70734
MKCL,2026-06-03,1231.0,1283.0,580
SHINED,2026-06-03,1097.0,1093.0,25
MEHL,2026-06-03,379.0,382.0,4532
KEF,2026-06-03,10.82,11.0,31340
IGI,2026-06-03,455.2,470.0,76760
KBLPO,2026-06-03,100.0,100.0,5254
ICFCD88,2026-06-03,1150.5,1156.0,90
NMBHF2,2026-06-03,9.61,9.72,3850
HDHPC,2026-06-03,213.0,223.5,215551
GLH,2026-06-03,270.5,272.5,23789
SBID83,2026-06-03,1064.5,1064.5,25
GHL,2026-06-03,242.0,241.5,35029
SHLB,2026-06-03,1508.0,1477.0,1190
VLBS,2026-06-03,680.2,747.0,11054
NADEP,2026-06-03,741.0,763.0,870
ALICL,2026-06-03,451.2,464.0,42645
ULHC,2026-06-03,460.1,465.5,18512
HLICF,2026-06-03,8.74,9.05,93710
NFS,2026-06-03,619.5,609.0,28161
SADBL,2026-06-03,416.0,417.9,35217
NABIL,2026-06-03,536.0,536.5,36962
NABILD2089,2026-06-03,1128.0,1130.0,195
SINDU,2026-06-03,726.0,749.9,7803
PRSF,2026-06-03,13.04,13.09,214500
ALBSL,2026-06-03,1101.0,1114.0,1784
NBBD2085,2026-06-03,1130.0,1083.0,92326
SIKLES,2026-06-03,590.1,604.0,5743
UNLB,2026-06-03,1383.0,1401.9,263
NICAD2091,2026-06-03,1065.0,1065.0,25
KSBBL,2026-06-03,486.5,491.0,32131
SWMF,2026-06-03,674.0,674.8,2461
SFCL,2026-06-03,400.0,390.0,12598
GBIME,2026-06-03,240.4,240.0,132145
SGIC,2026-06-03,495.0,516.0,141815
NSIF2,2026-06-03,10.7,10.73,750
MKJC,2026-06-03,506.0,500.0,6179
SSHL,2026-06-03,215.0,216.8,147761
RBBF40,2026-06-03,9.17,9.29,7800
SANVI,2026-06-03,702.5,710.0,12509
SYPNL,2026-06-03,1440.1,1440.0,40088
EDBL,2026-06-03,604.0,594.4,13294
SHIVM,2026-06-03,636.5,675.1,89107
MHCL,2026-06-03,355.0,351.9,7160
FOWAD,2026-06-03,1053.0,1060.0,3673
MANDU,2026-06-03,820.0,824.0,385
GBLBS,2026-06-03,789.8,787.5,8935
SPL,2026-06-03,715.0,709.0,735
PCBL,2026-06-03,241.9,242.0,29234
SARBTM,2026-06-03,870.0,875.3,41274
SMHL,2026-06-03,504.0,504.0,21029
SBLPO,2026-06-03,216.4,216.4,450000
CITY,2026-06-03,393.1,379.5,93512
GBIMESY2,2026-06-03,9.24,9.5,9100
NRIC,2026-06-03,1180.0,1087.1,195104
ILI,2026-06-03,440.3,448.4,30806
SBCF,2026-06-03,9.75,9.8,4800
NHPC,2026-06-03,309.6,293.5,431485
PBD84,2026-06-03,1100.0,1110.0,50
KDBY,2026-06-03,11.45,11.49,930900
HBLPO,2026-06-03,111.6,111.6,29625
CMF2,2026-06-03,9.94,9.94,450
AKPL,2026-06-03,287.4,271.4,71523
SPHL,2026-06-03,567.0,619.7,94653
CORBL,2026-06-03,2000.0,2034.5,7476
NSY,2026-06-03,9.42,9.47,4600
JHAPA,2026-06-03,1418.0,1420.0,16999
LLBS,2026-06-03,932.1,932.1,10
NIMBPO,2026-06-03,147.0,149.9,15560
MATRI,2026-06-03,900.0,884.5,226
MAKAR,2026-06-03,476.0,500.8,7195
SWASTIK,2026-06-03,2405.0,2375.1,326
MEN,2026-06-03,617.0,612.3,37032
ADBL,2026-06-03,316.0,317.4,48420
MBJC,2026-06-03,298.0,286.9,18429
NWCL,2026-06-03,788.0,794.1,1433
JOSHI,2026-06-03,285.0,283.0,9278
LBBL,2026-06-03,502.0,504.0,99843
LEC,2026-06-03,225.0,226.9,72406
HIMSTAR,2026-06-03,856.0,865.0,5234
RBCLPO,2026-06-03,12000.0,12360.0,580
GVL,2026-06-03,490.0,490.0,16752
JBBL,2026-06-03,371.0,365.0,98385
NMBMF,2026-06-03,642.0,645.0,1226
DOLTI,2026-06-03,336.0,356.9,55063
VLUCL,2026-06-03,491.0,495.0,3337
MABEL,2026-06-03,722.0,728.0,20647
HIDCL,2026-06-03,270.0,269.5,54895
SICL,2026-06-03,639.5,657.6,31583
AHL,2026-06-03,496.4,498.0,5028
KHPL,2026-06-03,497.1,572.9,200
RHPL,2026-06-03,280.0,279.1,15436
NRN,2026-06-03,1420.0,1388.9,88927
PMHPL,2026-06-03,341.0,343.0,2920
SLBBL,2026-06-03,828.9,832.0,5417
RLFL,2026-06-03,480.0,468.0,64984
KDL,2026-06-03,830.0,837.0,2461
HIDCLP,2026-06-03,205.0,205.0,103824
NHDL,2026-06-03,635.0,641.3,4647
SFEF,2026-06-03,10.01,10.05,8200
TPC,2026-06-03,372.0,370.0,12230
GBBL,2026-06-03,418.1,418.2,37860
TTL,2026-06-03,821.0,822.0,12320
API,2026-06-03,361.0,356.6,325966
ULBSL,2026-06-03,2814.0,2895.7,581
GCIL,2026-06-03,428.0,428.6,23232
NBF2,2026-06-03,10.35,10.39,4330
SNLI,2026-06-03,453.0,463.2,64561
SPC,2026-06-03,462.0,465.0,9517
UAIL,2026-06-03,471.0,483.5,104278
RNLI,2026-06-03,467.0,478.2,67095
MNBBL,2026-06-03,378.0,377.5,31663
BHCL,2026-06-03,580.0,600.8,136440
KPCL,2026-06-03,517.7,496.0,12569
NIFRA,2026-06-03,263.0,264.0,98654
RAWA,2026-06-03,600.6,567.0,2509
CBLD88,2026-06-03,1227.0,1229.0,125
EBLD86,2026-06-03,1086.1,1086.1,30
EBLD91,2026-06-03,1070.0,1076.2,55
RMF1,2026-06-03,9.69,9.8,2100
DLBS,2026-06-03,1305.0,1299.2,640
NTC,2026-06-03,874.0,870.0,17123
NICAD85/86,2026-06-03,1190.0,1190.0,400
KKHC,2026-06-03,274.0,279.0,300040
NIMBD90,2026-06-03,1254.0,1260.7,63
NMLBBL,2026-06-03,565.0,599.0,9033
SKBBL,2026-06-03,777.0,768.0,5553
MLBSL,2026-06-03,1771.0,1817.0,435
MSHL,2026-06-03,724.5,688.0,679
SMPDA,2026-06-03,855.0,839.0,2119
GUFL,2026-06-03,578.0,564.0,39413
HPPL,2026-06-03,379.0,376.0,24879
SIPD,2026-06-03,792.0,783.0,17641
PRVU,2026-06-03,198.5,197.6,98667
GSY,2026-06-03,10.0,10.02,12400
LICN,2026-06-03,817.0,820.0,47272
SKHEL,2026-06-03,1215.0,1240.0,5553
C30MF,2026-06-03,10.05,10.15,13100
HHL,2026-06-03,358.2,365.6,37024
BARUN,2026-06-03,345.0,348.0,42909
SMATA,2026-06-03,769.9,777.0,4665
KBL,2026-06-03,217.2,216.5,147832
HRL,2026-06-03,693.0,669.5,138255
PSF,2026-06-03,12.4,12.2,8800
NRM,2026-06-03,362.0,365.0,30128
HEIP,2026-06-03,340.0,347.0,2992
SBLD2091,2026-06-03,1061.0,1061.0,25
SONA,2026-06-03,444.0,449.0,23712
SRLI,2026-06-03,390.2,406.4,70732
AHPC,2026-06-03,283.0,281.9,61704
NICGF2,2026-06-03,9.32,9.4,1100
MKHC,2026-06-03,322.2,324.9,8883
UMRH,2026-06-03,541.2,545.0,13548
HDL,2026-06-03,1175.0,1179.0,35741
MPFL,2026-06-03,643.0,650.0,33610
TVCL,2026-06-03,525.6,513.0,11258
SJCL,2026-06-03,299.0,300.0,20842
ACLBSL,2026-06-03,950.0,955.0,752
BFC,2026-06-03,484.9,475.0,13542
LUK,2026-06-03,9.86,10.0,2100
HBL,2026-06-03,200.0,200.6,55348
TRH,2026-06-03,769.0,767.5,1922
NMFBSP,2026-06-03,628.0,628.0,48656
NICLBSL,2026-06-03,578.0,580.0,10802
MHNL,2026-06-03,268.0,267.0,16659
NLICL,2026-06-03,590.0,599.0,24051
GFCL,2026-06-03,680.0,662.0,43642
PMLI,2026-06-03,465.0,479.0,16103
SHPC,2026-06-03,528.8,519.4,41982
MLBL,2026-06-03,375.0,372.9,35658
PCIL,2026-06-03,793.0,800.0,43504
SKHL,2026-06-03,950.0,937.1,16220
SPIL,2026-06-03,745.0,745.1,32211
AVYAN,2026-06-03,1115.0,1111.5,3411
ICFCD89,2026-06-03,1080.0,1098.0,395
CBBL,2026-06-03,920.0,928.3,12440
ILBS,2026-06-03,947.6,928.8,3000
MDB,2026-06-03,611.0,618.1,20486
RHGCL,2026-06-03,294.8,294.9,31929
GRDBL,2026-06-03,1055.0,1099.8,31827
BJHL,2026-06-03,860.0,906.1,11067
CKHL,2026-06-03,695.2,675.0,230
SIFC,2026-06-03,550.0,566.0,21601
GILB,2026-06-03,1120.0,1140.0,718
SOHL,2026-06-03,650.0,669.8,72638
TAMOR,2026-06-03,472.0,463.3,55118
LSL,2026-06-03,226.9,223.0,81665
BHDC,2026-06-03,468.0,469.0,98405
BPCL,2026-06-03,680.0,690.0,17813
KSY,2026-06-03,9.65,9.72,1100
SAHAS,2026-06-03,670.0,667.1,84281
GMFIL,2026-06-03,488.9,481.0,18787
NABBC,2026-06-03,919.0,914.9,10137
BBC,2026-06-03,4444.0,4570.0,480
KBLD90,2026-06-03,1227.0,1227.0,25
MLBBL,2026-06-03,1195.0,1209.0,2335
HATHY,2026-06-03,790.0,788.0,7939
SMFBS,2026-06-03,1505.0,1514.0,345
SLBSL,2026-06-03,1219.0,1212.0,2201
NICFC,2026-06-03,9.22,9.5,6550
SEF,2026-06-03,10.0,9.96,6100
SAIL,2026-06-03,1135.0,1108.9,16434
BUNGAL,2026-06-03,663.0,732.0,68798
OMPL,2026-06-03,1180.0,1170.0,2162
JSLBB,2026-06-03,1080.0,1101.0,244
WNLB,2026-06-03,1432.0,1450.0,158
MHL,2026-06-03,499.0,503.9,4072
NIBLSTF,2026-06-03,9.4,9.1,23615
NMB,2026-06-03,245.0,244.0,30657
UNHPL,2026-06-03,458.0,430.9,61307
SAGF,2026-06-03,10.1,10.2,1520
CIZBD90,2026-06-03,1266.9,1266.9,25
MBL,2026-06-03,255.0,252.0,53553
GWFD83,2026-06-03,1072.6,1072.1,70
NLG,2026-06-03,620.0,650.0,87258
RSDC,2026-06-03,665.0,680.0,13250
H8020,2026-06-03,11.99,11.87,11586
NLIC,2026-06-03,762.0,777.2,42809
UMHL,2026-06-03,570.1,580.0,20673
SAPDBL,2026-06-03,808.0,809.0,18445
DORDI,2026-06-03,280.0,276.0,48359
UHEWA,2026-06-03,582.0,594.0,4389
MCHL,2026-06-03,324.9,320.0,4404
TSHL,2026-06-03,570.2,576.1,1035
CFCL,2026-06-03,620.0,585.9,109945
IHL,2026-06-03,408.0,409.0,19600
NIMB,2026-06-03,199.0,199.7,115358
MFIL,2026-06-03,780.0,792.8,34098
NICL,2026-06-03,526.6,559.1,274336
PPL,2026-06-03,370.0,352.5,17324
NIL,2026-06-03,655.0,669.0,32384
NICA,2026-06-03,363.4,353.2,61136
MBLEF,2026-06-03,10.0,10.2,84600
SHEL,2026-06-03,315.1,317.0,66690
CIT,2026-06-03,1785.0,1769.0,4610
UPCL,2026-06-03,373.5,371.0,38044
GMFBS,2026-06-03,1272.0,1297.9,471
HEI,2026-06-03,590.0,586.0,89400
SABBL,2026-06-03,1264.0,1206.0,11291
NMFBS,2026-06-03,1162.9,1145.0,2340
RSML,2026-06-03,3468.0,3652.0,25239
MSLB,2026-06-03,1242.0,1252.0,290
PHCL,2026-06-03,327.1,312.0,87750
MBLD87,2026-06-03,1127.0,1127.0,40
JBBD87,2026-06-03,1135.0,1135.0,25
PROFL,2026-06-03,460.0,454.0,12275
CSY,2026-06-03,9.2,9.3,6400
NYADI,2026-06-03,390.0,393.0,4708
BNT,2026-06-03,11650.0,11650.0,10
PPCL,2026-06-03,391.0,389.0,6559
NIBSF2,2026-06-03,9.0,9.3,15150
RSY,2026-06-03,10.12,10.21,155900
UPPER,2026-06-03,204.0,204.1,95060
BEDC,2026-06-03,380.0,368.0,24743
KBSH,2026-06-03,1600.0,1552.0,145
NIFRAUR85/86,2026-06-03,1043.4,1043.4,10
CHDC,2026-06-03,2287.0,2268.5,8388
GMLI,2026-06-03,1400.0,1370.0,4459
EBL,2026-06-03,709.0,709.5,33402
PBLD87,2026-06-03,1129.0,1129.0,25
SJLIC,2026-06-03,430.0,440.8,24764
NICSF,2026-06-03,9.4,9.32,2600
GLBSL,2026-06-03,1770.0,1790.0,329
SANIMA,2026-06-03,370.0,366.5,52943
BGWT,2026-06-03,660.0,679.0,1725
CYCL,2026-06-03,1455.0,1463.0,641
RFPL,2026-06-03,353.0,368.0,31675
DHPL,2026-06-03,303.0,306.0,5237
HBL,2026-06-02,200.0,201.2,48899
RHPL,2026-06-02,275.5,280.0,13310
SRLI,2026-06-02,390.0,397.0,21704
SAGF,2026-06-02,10.15,10.15,2800
SMH,2026-06-02,586.0,600.0,5772
ICFC,2026-06-02,630.9,645.0,45620
KEF,2026-06-02,10.77,10.87,37030
CSY,2026-06-02,9.2,9.4,7680
RSY,2026-06-02,10.1,10.26,4290
FOWAD,2026-06-02,1041.0,1053.5,2565
CFCL,2026-06-02,560.7,607.0,383099
AVYAN,2026-06-02,1137.8,1111.1,4790
SANIMA,2026-06-02,369.0,370.0,90625
MLBBL,2026-06-02,1180.0,1195.0,739
SEF,2026-06-02,9.97,10.0,22672
SAHAS,2026-06-02,676.0,670.0,108061
TVCL,2026-06-02,551.2,531.0,22275
MKHC,2026-06-02,319.1,324.5,12773
HIDCL,2026-06-02,268.0,269.0,53695
GILB,2026-06-02,1122.8,1128.0,1331
LSL,2026-06-02,222.0,226.9,111592
MSHL,2026-06-02,715.0,690.0,644
EBLD91,2026-06-02,1082.2,1075.0,125
MATRI,2026-06-02,896.5,899.9,79
H8020,2026-06-02,12.0,11.99,6900
AHL,2026-06-02,489.1,496.4,3420
DHEL,2026-06-02,623.0,629.9,21582
SLCF,2026-06-02,9.75,10.0,3985
JFL,2026-06-02,404.3,423.0,22709
SBL,2026-06-02,402.9,404.9,58504
GFCL,2026-06-02,630.0,672.9,92147
NYADI,2026-06-02,392.0,395.0,2210
SKBBL,2026-06-02,755.0,769.8,10585
NABIL,2026-06-02,540.0,536.9,43239
IHL,2026-06-02,409.0,414.0,13062
PFL,2026-06-02,375.0,386.0,17933
GVL,2026-06-02,485.0,490.0,7503
HEIP,2026-06-02,340.0,340.0,20
NICGF2,2026-06-02,9.3,9.32,1500
HLBSL,2026-06-02,890.0,901.0,507
CGH,2026-06-02,793.3,799.4,24875
NIBSF2,2026-06-02,9.09,9.2,1800
JSLBB,2026-06-02,1080.0,1080.0,131
SARBTM,2026-06-02,859.0,865.0,5711
SBLD84,2026-06-02,1050.0,1045.0,21245
NLIC,2026-06-02,762.0,765.1,21261
PRSF,2026-06-02,12.94,12.99,287750
NBLD85,2026-06-02,1060.0,1040.0,18925
SGHC,2026-06-02,364.0,368.1,5414
PBD84,2026-06-02,1100.0,1100.0,75
CLI,2026-06-02,452.4,454.3,18928
SHPC,2026-06-02,517.6,523.0,29273
PCIL,2026-06-02,763.6,793.0,59979
BANDIPUR,2026-06-02,825.0,835.0,27939
SWBBL,2026-06-02,745.0,737.0,2309
NIFRA,2026-06-02,264.0,264.9,54166
OMPL,2026-06-02,1154.0,1178.0,1760
SMJC,2026-06-02,465.0,465.0,14116
NGPL,2026-06-02,447.0,445.8,139294
STC,2026-06-02,5454.2,5510.0,777
NWCL,2026-06-02,788.0,785.0,2624
SICL,2026-06-02,639.9,639.5,9219
SIFC,2026-06-02,542.0,574.0,81152
SHLB,2026-06-02,1438.0,1508.0,440
GMFIL,2026-06-02,470.0,489.9,65083
HURJA,2026-06-02,256.0,257.7,23981
RLEL,2026-06-02,1020.0,1010.0,21448
NBL,2026-06-02,273.0,270.9,45177
MEHL,2026-06-02,386.2,379.0,3012
NBF2,2026-06-02,10.39,10.39,6691
TTL,2026-06-02,819.0,828.5,9364
HRL,2026-06-02,675.0,693.0,223778
MNBBL,2026-06-02,373.0,374.1,33473
CHDC,2026-06-02,2250.0,2288.0,3747
NSY,2026-06-02,9.44,9.7,6200
CHL,2026-06-02,295.0,296.0,16067
NICFC,2026-06-02,9.2,9.3,2250
RMF1,2026-06-02,9.99,9.8,5900
SHL,2026-06-02,508.0,506.5,20630
HDHPC,2026-06-02,224.2,224.0,171384
GBIME,2026-06-02,241.0,240.4,66716
ILI,2026-06-02,438.0,443.0,5268
NIL,2026-06-02,647.7,653.0,8104
MEN,2026-06-02,617.0,617.0,52750
PSF,2026-06-02,12.01,12.3,1100
ICFCD89,2026-06-02,1088.0,1098.0,280
HIMSTAR,2026-06-02,855.0,863.2,2551
LUK,2026-06-02,10.0,10.0,300
NICAD2091,2026-06-02,1060.0,1060.0,25
JHAPA,2026-06-02,1407.0,1418.0,28133
RAWA,2026-06-02,600.6,572.0,3103
ULBSL,2026-06-02,2800.0,2900.0,1233
BARUN,2026-06-02,341.0,345.0,29470
CITY,2026-06-02,375.0,374.4,112955
AKPL,2026-06-02,271.9,273.8,88025
SAPDBL,2026-06-02,810.0,803.8,13491
MBL,2026-06-02,253.8,252.6,41975
TRH,2026-06-02,751.5,770.0,665
DLBS,2026-06-02,1250.1,1275.0,545
NMBD87/88,2026-06-02,1081.1,1081.1,25
SPDL,2026-06-02,408.0,404.0,57248
SPL,2026-06-02,707.0,700.9,2744
RURU,2026-06-02,675.0,655.0,7273
PMLI,2026-06-02,462.0,465.0,1527
BHCL,2026-06-02,655.2,609.0,145445
NIBD84,2026-06-02,1084.0,1090.0,610
MFLD85,2026-06-02,1128.0,1133.0,44
NIMB,2026-06-02,197.8,198.9,68421
SIGS2,2026-06-02,10.5,10.81,3900
KSY,2026-06-02,9.58,9.8,5300
DORDI,2026-06-02,276.0,276.9,22964
NMBMF,2026-06-02,635.0,647.9,307
HLICF,2026-06-02,8.75,8.99,8925
UMHL,2026-06-02,571.2,579.8,58787
DOLTI,2026-06-02,333.0,353.0,29162
KBL,2026-06-02,219.3,217.1,152155
HEI,2026-06-02,545.0,563.9,38402
NICAD85/86,2026-06-02,1158.8,1190.0,1387
KDL,2026-06-02,812.2,821.1,1771
NICSF,2026-06-02,9.37,9.13,5247
RIDI,2026-06-02,347.0,369.0,703779
PHCL,2026-06-02,309.1,311.6,47889
BBC,2026-06-02,4500.0,4580.0,3117
LLBS,2026-06-02,962.0,959.0,323
NFS,2026-06-02,570.0,616.0,83641
HATHY,2026-06-02,825.0,791.0,5322
NESDO,2026-06-02,1525.0,1575.0,255
MEL,2026-06-02,243.0,244.1,9398
LVF2,2026-06-02,9.7,9.9,1430
BHDC,2026-06-02,458.1,466.0,25353
ENL,2026-06-02,895.0,890.6,1200
MKCL,2026-06-02,1261.0,1265.0,972
NLG,2026-06-02,593.5,614.0,21096
LBBL,2026-06-02,491.0,494.0,33492
HDL,2026-06-02,1165.0,1167.0,15844
TSHL,2026-06-02,562.59,583.0,1972
EDBL,2026-06-02,578.0,588.9,13846
SWASTIK,2026-06-02,2318.3,2430.0,720
SJLIC,2026-06-02,430.2,435.0,9539
RHGCL,2026-06-02,294.1,294.8,66389
SNLI,2026-06-02,451.1,453.0,5595
MMKJL,2026-06-02,525.3,535.0,5973
GUFL,2026-06-02,540.0,576.8,80640
SABBL,2026-06-02,1236.2,1206.0,11169
NIBLSTF,2026-06-02,9.35,9.13,5830
SADBL,2026-06-02,416.0,412.9,30281
RBBF40,2026-06-02,9.3,9.45,2500
TPC,2026-06-02,367.0,371.0,16434
API,2026-06-02,355.5,357.0,318836
ICFCD88,2026-06-02,1130.2,1150.0,100
CHCL,2026-06-02,491.0,501.0,92972
GBBL,2026-06-02,420.0,418.1,28700
UNHPL,2026-06-02,425.0,436.9,34291
SSHL,2026-06-02,225.9,218.4,117336
MBJC,2026-06-02,283.0,286.2,12184
MLBSL,2026-06-02,1786.9,1801.1,1154
WNLB,2026-06-02,1431.0,1437.1,472
BOKD86,2026-06-02,1085.0,1085.0,25
SMFBS,2026-06-02,1502.0,1504.0,146
LICN,2026-06-02,827.9,814.5,13147
IGI,2026-06-02,459.0,455.1,24862
SLBBL,2026-06-02,817.0,821.8,2975
KBSH,2026-06-02,1553.0,1560.0,249
HFIN,2026-06-02,955.0,958.0,30739
KSBBL,2026-06-02,490.0,490.0,51196
UPCL,2026-06-02,360.0,373.6,45671
KMCDB,2026-06-02,859.0,860.0,538
NABBC,2026-06-02,920.0,925.0,2443
MLBL,2026-06-02,360.0,375.0,82564
MHNL,2026-06-02,260.0,269.0,22416
PROFL,2026-06-02,449.9,460.0,33782
NIFRAUR85/86,2026-06-02,1045.0,1072.0,100
SIPD,2026-06-02,795.0,796.6,18633
MAKAR,2026-06-02,500.0,501.0,13744
MHL,2026-06-02,500.0,502.9,6700
SAIL,2026-06-02,1117.0,1116.9,26219
RNLI,2026-06-02,466.0,467.9,8457
SPIL,2026-06-02,687.8,724.0,15328
GHL,2026-06-02,237.0,241.6,41985
GLH,2026-06-02,266.1,273.0,33621
RBCL,2026-06-02,15050.0,15200.0,180
GWFD83,2026-06-02,1074.0,1061.0,70
EHPL,2026-06-02,390.1,394.5,9882
C30MF,2026-06-02,10.1,10.05,500
RSML,2026-06-02,3685.0,3640.0,30424
NICL,2026-06-02,527.0,526.6,35177
DHPL,2026-06-02,303.0,305.0,3911
SLBSL,2026-06-02,1216.0,1205.0,990
CBLD88,2026-06-02,1192.0,1192.0,50
MABEL,2026-06-02,725.1,715.0,19422
SIGS3,2026-06-02,10.93,11.25,3000
SYPNL,2026-06-02,1454.0,1440.1,56668
JBLB,2026-06-02,1282.0,1295.0,3053
AKJCL,2026-06-02,410.0,439.9,1081313
AHPC,2026-06-02,295.0,280.0,92518
LBBLD89,2026-06-02,1300.0,1261.0,60
HPPL,2026-06-02,375.1,379.5,25297
BUNGAL,2026-06-02,730.0,697.2,92390
SOHL,2026-06-02,654.0,669.0,134779
RSDC,2026-06-02,659.2,665.0,4630
ILBS,2026-06-02,910.0,920.0,974
SBCF,2026-06-02,9.74,9.78,460
SMHL,2026-06-02,502.6,504.0,25803
GSY,2026-06-02,9.8,10.1,62001
CYCL,2026-06-02,1478.0,1465.0,489
USHL,2026-06-02,638.0,620.0,7933
UMRH,2026-06-02,540.6,547.0,7807
EBLD85,2026-06-02,1140.0,1140.0,25
MNMF1,2026-06-02,9.73,9.85,36800
SHINED,2026-06-02,1110.0,1110.0,50
GBIMESY2,2026-06-02,9.2,9.4,1710
MCHL,2026-06-02,311.2,318.3,7145
MHCL,2026-06-02,350.0,353.9,8121
GRDBL,2026-06-02,1053.0,1069.8,7383
NMB,2026-06-02,244.7,245.4,41711
VLUCL,2026-06-02,485.0,497.5,1730
SHINE,2026-06-02,415.0,417.7,18724
JBBL,2026-06-02,350.1,364.0,35724
PCBL,2026-06-02,241.0,243.4,37249
BHL,2026-06-02,210.9,222.0,84456
HBLD83,2026-06-02,1036.0,1036.0,25
SIKLES,2026-06-02,618.0,600.0,8233
UNLB,2026-06-02,1380.0,1400.0,423
SGIC,2026-06-02,479.0,490.0,34366
CCBD88,2026-06-02,1227.0,1227.0,25
LEC,2026-06-02,224.4,227.7,62439
NRN,2026-06-02,1410.0,1396.0,65054
RBCLPO,2026-06-02,11995.0,12000.0,30
NMB50,2026-06-02,10.58,10.8,6570
NTC,2026-06-02,860.0,868.0,26550
RLFL,2026-06-02,439.0,469.0,101831
ANLB,2026-06-02,5681.0,5800.0,1616
PPCL,2026-06-02,394.5,386.0,5342
ADBL,2026-06-02,330.9,316.8,10742
NIBLGF,2026-06-02,9.0,9.21,4300
NICA,2026-06-02,348.0,346.1,47782
SKHEL,2026-06-02,1180.0,1238.0,4473
SHEL,2026-06-02,318.0,316.0,85997
BNHC,2026-06-02,326.0,335.0,3400
MSLB,2026-06-02,1238.0,1241.2,375
SPC,2026-06-02,449.0,462.9,2905
SBI,2026-06-02,396.5,398.7,13006
NMFBS,2026-06-02,1133.0,1141.0,9325
BJHL,2026-06-02,911.0,900.1,9476
MPFL,2026-06-02,615.0,660.1,123061
NMBHF2,2026-06-02,9.52,9.83,13400
ALBSL,2026-06-02,1070.0,1119.0,16412
RMF2,2026-06-02,10.11,10.41,700
MMF1,2026-06-02,9.76,9.45,2800
CZBIL,2026-06-02,203.0,204.9,29660
MERO,2026-06-02,715.0,731.8,5928
CKHL,2026-06-02,656.0,675.0,710
MFIL,2026-06-02,818.0,797.0,112800
GBBD85,2026-06-02,1086.0,1118.0,255
NADEP,2026-06-02,745.0,753.0,1102
NBLD82,2026-06-02,1060.0,1060.1,127
SONA,2026-06-02,445.0,447.0,23475
GCIL,2026-06-02,425.0,426.0,15713
NICLBSL,2026-06-02,565.3,577.0,3202
PMHPL,2026-06-02,337.0,341.0,2020
RSDCP,2026-06-02,366.0,366.0,2385
GBLBS,2026-06-02,770.0,782.0,1987
SCB,2026-06-02,663.9,656.0,8914
BNT,2026-06-02,11479.0,11900.0,30
PRVU,2026-06-02,198.0,197.9,75370
RADHI,2026-06-02,760.1,775.0,35420
NIMBPO,2026-06-02,149.0,151.0,27712
SKHL,2026-06-02,930.0,950.0,21008
OHL,2026-06-02,690.1,696.1,2238
CMF2,2026-06-02,10.1,9.9,5428
BGWT,2026-06-02,660.0,672.0,3485
VLBS,2026-06-02,715.0,687.0,1293
ALICL,2026-06-02,478.5,456.0,20378
UHEWA,2026-06-02,584.1,587.1,10712
CBBL,2026-06-02,924.0,925.9,11455
SMATA,2026-06-02,765.1,769.9,3604
SBID2090,2026-06-02,1150.0,1118.0,125
GMFBS,2026-06-02,1265.0,1296.9,805
KPCL,2026-06-02,517.6,495.0,4627
NRM,2026-06-02,355.0,362.0,59470
GIBF1,2026-06-02,11.0,11.0,1500
USHEC,2026-06-02,512.0,511.0,16882
JOSHI,2026-06-02,289.0,284.5,7773
MANDU,2026-06-02,830.0,833.0,2256
PURE,2026-06-02,924.0,935.0,7431
HHL,2026-06-02,364.1,363.8,31824
PRIN,2026-06-02,691.0,688.8,10356
KKHC,2026-06-02,260.0,274.0,163228
SINDU,2026-06-02,734.8,739.9,7839
HLI,2026-06-02,344.9,343.5,36187
CIZBD90,2026-06-02,1230.0,1230.0,25
SMPDA,2026-06-02,855.0,831.0,1650
BPCL,2026-06-02,685.0,688.8,20980
MKHL,2026-06-02,550.0,539.0,2429
BHPL,2026-06-02,516.1,526.1,5308
NHDL,2026-06-02,630.2,635.1,441
BEDC,2026-06-02,387.3,370.0,13299
TAMOR,2026-06-02,460.0,468.0,57798
ULHC,2026-06-02,464.1,462.9,15594
SWMF,2026-06-02,660.0,675.0,3088
RFPL,2026-06-02,360.0,370.0,58368
NUBL,2026-06-02,655.0,660.0,992
HBLD86,2026-06-02,1188.9,1188.9,25
BNL,2026-06-02,14118.2,14118.2,10
SFEF,2026-06-02,10.0,10.01,1666
CIT,2026-06-02,1760.0,1770.0,5463
KDBY,2026-06-02,11.35,11.53,174600
SAGAR,2026-06-02,1650.0,1700.0,8829
FMDBL,2026-06-02,827.4,787.0,12419
NSIF2,2026-06-02,10.66,10.7,600
UNL,2026-06-02,46925.0,47000.0,80
MBLEF,2026-06-02,10.15,10.2,129550
EBL,2026-06-02,709.0,708.0,16729
GLBSL,2026-06-02,1791.2,1822.0,416
SHIVM,2026-06-02,674.8,670.0,178812
NLICL,2026-06-02,588.0,591.0,12940
SPHL,2026-06-02,540.0,578.9,25949
GMLI,2026-06-02,1268.7,1370.0,7970
MKJC,2026-06-02,493.1,503.0,8397
SAND2085,2026-06-02,1155.0,1155.0,215
NBF3,2026-06-02,10.0,9.99,13990
NMLBBL,2026-06-02,585.0,594.0,13801
SJCL,2026-06-02,294.0,299.0,9683
UPPER,2026-06-02,204.0,205.5,89472
SMB,2026-06-02,1702.0,1725.0,777
ACLBSL,2026-06-02,969.0,955.0,881
MDB,2026-06-02,605.1,610.0,5709
NHPC,2026-06-02,299.0,294.9,297400
NMIC,2026-06-02,1035.1,1093.0,12005
CREST,2026-06-02,1247.0,1226.2,19323
DDBL,2026-06-02,840.0,847.1,6714
BFC,2026-06-02,462.0,478.2,56361
SANVI,2026-06-02,710.0,709.0,10483
NRIC,2026-06-02,1047.6,1146.5,239257
HIDCLP,2026-06-02,205.8,204.1,166497
CORBL,2026-06-02,1977.1,2000.1,3345
SFCL,2026-06-02,366.0,394.0,45083
UAIL,2026-06-02,463.0,468.5,27933
ICFCD83,2026-06-02,1126.0,1128.0,211
NABILD2089,2026-06-02,1102.0,1110.0,445
USLB,2026-06-02,1268.0,1276.0,911
ADBLD83,2026-06-02,1051.9,1083.4,1
MLBS,2026-06-02,1239.0,1293.0,40
PPL,2026-06-02,336.1,355.0,22106
SALICO,2026-06-02,612.0,615.0,10678
KHPL,2026-06-02,446.2,498.2,130
JSLBB,2026-06-01,1076.2,1078.1,126
GUFL,2026-06-01,543.1,527.9,7670
SMJC,2026-06-01,497.7,465.0,15141
MLBS,2026-06-01,1255.0,1276.0,90
SBID89,2026-06-01,1150.0,1150.0,25
MKCL,2026-06-01,1275.0,1280.0,1462
PBD88,2026-06-01,1200.0,1200.0,75
AHL,2026-06-01,508.0,500.0,7729
HBL,2026-06-01,200.0,200.5,56188
MERO,2026-06-01,729.0,719.0,1845
CMF2,2026-06-01,9.91,9.91,300
MBL,2026-06-01,257.0,251.0,95972
TAMOR,2026-06-01,508.2,466.0,89177
SIFC,2026-06-01,543.0,534.9,9153
SANIMA,2026-06-01,368.0,369.0,87556
PCBL,2026-06-01,250.0,240.9,37497
SJLIC,2026-06-01,437.0,432.1,12456
LBBL,2026-06-01,491.0,486.0,29017
BNHC,2026-06-01,335.0,330.1,1831
GBIMESY2,2026-06-01,9.35,9.4,20000
BOKD86,2026-06-01,1086.0,1086.0,25
KMCDB,2026-06-01,861.5,863.9,775
RMF2,2026-06-01,10.1,10.11,600
STC,2026-06-01,5548.0,5497.9,1142
API,2026-06-01,370.0,355.4,405037
NMLBBL,2026-06-01,595.0,585.0,4054
UAIL,2026-06-01,447.0,464.0,58509
ILI,2026-06-01,445.0,444.0,5253
SMHL,2026-06-01,510.0,504.9,36963
LSL,2026-06-01,225.0,222.6,153894
KKHC,2026-06-01,267.0,267.5,55382
NRIC,2026-06-01,956.5,1047.6,361857
BARUN,2026-06-01,353.0,343.1,33356
SAGAR,2026-06-01,1700.0,1678.1,6467
HIDCL,2026-06-01,270.0,266.2,114009
ADBL,2026-06-01,320.0,315.2,17306
MFLD85,2026-06-01,1064.0,1100.0,21
H8020,2026-06-01,12.0,11.99,19550
SAHAS,2026-06-01,687.0,672.0,227667
SGIC,2026-06-01,465.0,479.9,86103
RADHI,2026-06-01,772.0,770.0,49919
SPL,2026-06-01,700.2,708.9,876
CZBIL,2026-06-01,206.0,202.4,62548
NMBHF2,2026-06-01,9.6,9.64,2000
SRLI,2026-06-01,390.0,393.9,18486
CIZBD90,2026-06-01,1210.0,1266.9,110
NICA,2026-06-01,348.0,344.1,111231
AHPC,2026-06-01,290.0,281.5,113904
GBBL,2026-06-01,433.0,419.0,27973
MHCL,2026-06-01,360.0,350.0,3797
LEC,2026-06-01,233.0,224.1,125776
OMPL,2026-06-01,1185.0,1161.0,1798
NBF3,2026-06-01,9.7,9.99,6401
UNLB,2026-06-01,1446.9,1400.0,1556
RFPL,2026-06-01,400.0,375.0,47616
SPC,2026-06-01,479.7,456.0,9611
MHNL,2026-06-01,275.0,268.0,24317
MLBSL,2026-06-01,1819.0,1805.0,1485
RMF1,2026-06-01,9.85,9.85,600
RBCL,2026-06-01,15555.0,15205.1,496
NADEP,2026-06-01,756.0,752.6,1421
NICGF2,2026-06-01,9.43,9.58,4137
NICFC,2026-06-01,9.35,9.34,1600
IGI,2026-06-01,450.0,449.5,44348
NIFRAGED,2026-06-01,1050.0,1050.0,25
SBCF,2026-06-01,9.83,9.8,6625
NFS,2026-06-01,572.0,570.0,8873
CREST,2026-06-01,1400.0,1256.2,11858
SHINED,2026-06-01,1106.0,1106.0,25
GBILD84/85,2026-06-01,1155.0,1155.0,25
NLIC,2026-06-01,774.0,763.0,25151
MAKAR,2026-06-01,510.0,499.0,9064
HRL,2026-06-01,645.0,674.4,379125
GLBSL,2026-06-01,1800.0,1791.2,367
SBLD84,2026-06-01,1067.0,1045.0,109020
HATHY,2026-06-01,804.0,786.0,2931
BHPL,2026-06-01,538.0,523.3,6044
SIGS3,2026-06-01,11.2,11.2,1100
JOSHI,2026-06-01,284.29,282.0,11960
GBIME,2026-06-01,242.0,240.6,100395
GBBD85,2026-06-01,1080.0,1085.0,50
EDBL,2026-06-01,572.2,579.0,3805
EBLD86,2026-06-01,1091.8,1091.8,25
UPPER,2026-06-01,210.0,204.5,111220
CCBD88,2026-06-01,1250.0,1250.0,100
PHCL,2026-06-01,319.0,310.2,72404
HIDCLP,2026-06-01,210.0,205.0,243393
SLCF,2026-06-01,10.2,10.0,5550
CFCL,2026-06-01,513.0,534.0,48603
JHAPA,2026-06-01,1525.0,1480.0,15545
NESDO,2026-06-01,1526.1,1560.0,236
SMFBS,2026-06-01,1505.0,1519.0,348
FMDBL,2026-06-01,831.6,788.0,12912
MSLB,2026-06-01,1250.0,1240.0,446
CGH,2026-06-01,803.0,797.0,22363
CYCL,2026-06-01,1495.0,1478.0,165
NMBD89/90,2026-06-01,1315.0,1315.0,20
NHPC,2026-06-01,299.0,295.0,552680
SHL,2026-06-01,506.0,510.0,22177
NMIC,2026-06-01,1040.0,1053.9,6354
SMATA,2026-06-01,780.1,764.0,2941
NABIL,2026-06-01,537.0,534.0,44350
SARBTM,2026-06-01,855.1,868.0,7386
ANLB,2026-06-01,5900.0,5980.0,157
EHPL,2026-06-01,410.1,390.1,14043
MMF1,2026-06-01,9.6,9.48,18920
NGPL,2026-06-01,455.0,447.0,206497
KSBBL,2026-06-01,494.1,491.0,26761
MEL,2026-06-01,248.0,242.0,9787
UNL,2026-06-01,46600.0,46600.0,10
CSY,2026-06-01,9.14,9.4,6930
NRM,2026-06-01,397.5,373.0,28761
NBLD82,2026-06-01,1060.0,1065.0,300
MABEL,2026-06-01,773.0,731.0,29594
RHPL,2026-06-01,295.0,277.5,18505
RSDC,2026-06-01,650.1,659.2,4612
KBLD90,2026-06-01,1235.0,1235.0,25
MFIL,2026-06-01,786.0,783.0,45070
MLBLPO,2026-06-01,201.0,201.0,33138
SMPDA,2026-06-01,849.0,844.9,384
IHL,2026-06-01,428.0,410.9,36340
DHPL,2026-06-01,312.0,308.0,11323
KBLD86,2026-06-01,1222.1,1222.1,25
BBC,2026-06-01,4600.0,4515.0,2775
BHDC,2026-06-01,461.0,463.9,49026
BHCL,2026-06-01,601.1,624.0,206078
CHL,2026-06-01,290.1,292.0,15736
SABBL,2026-06-01,1250.0,1196.0,13618
SHLB,2026-06-01,1480.0,1465.0,628
NIMBD90,2026-06-01,1225.0,1224.0,50
BANDIPUR,2026-06-01,850.0,825.0,37590
NRN,2026-06-01,1397.0,1385.0,33522
SLBSL,2026-06-01,1182.1,1185.1,433
ILBS,2026-06-01,900.0,924.9,1842
MNBBL,2026-06-01,378.0,375.0,15713
MHL,2026-06-01,496.0,499.9,4455
NIBSF2,2026-06-01,9.31,9.04,10400
GMLI,2026-06-01,1282.0,1307.9,3393
KPCL,2026-06-01,500.9,493.0,5835
RLFL,2026-06-01,443.8,432.0,2109
SPDL,2026-06-01,426.3,403.0,20927
HPPL,2026-06-01,383.9,376.5,26528
CBBL,2026-06-01,940.0,923.9,16794
NICD88,2026-06-01,1078.1,1078.0,25
CHCL,2026-06-01,507.6,491.9,68793
HEI,2026-06-01,540.0,548.0,31857
DLBS,2026-06-01,1276.0,1275.5,113
NMBMF,2026-06-01,637.0,648.2,938
NIBD84,2026-06-01,1079.4,1083.0,96667
TRH,2026-06-01,768.0,767.0,5898
SBLD89,2026-06-01,1235.0,1272.0,26
MATRI,2026-06-01,882.0,896.5,1325
MKHL,2026-06-01,548.0,539.9,5370
PRVU,2026-06-01,200.0,197.6,82894
CITY,2026-06-01,390.0,371.0,165567
HURJA,2026-06-01,260.0,255.3,102023
MMKJL,2026-06-01,530.0,510.0,7398
KSY,2026-06-01,9.56,9.67,2200
AKJCL,2026-06-01,440.0,431.0,997531
RHGCL,2026-06-01,306.6,298.0,37848
EBLD91,2026-06-01,1065.1,1070.1,50
NICLBSL,2026-06-01,590.0,576.0,7986
JBBL,2026-06-01,360.0,357.9,32012
GHL,2026-06-01,238.0,239.0,57563
NUBL,2026-06-01,669.0,655.0,2429
PMLI,2026-06-01,471.0,464.0,4629
SONA,2026-06-01,451.0,449.2,43057
SAPDBL,2026-06-01,786.1,798.0,17383
BFC,2026-06-01,458.0,455.9,10202
GRDBL,2026-06-01,1070.0,1068.9,5267
SINDU,2026-06-01,734.3,730.0,12057
SANVI,2026-06-01,705.0,706.0,15053
MLBBL,2026-06-01,1200.0,1198.0,492
JFL,2026-06-01,410.0,410.0,1067
ADBLD83,2026-06-01,1051.9,1051.9,25
RSML,2026-06-01,3745.0,3670.0,26045
HLBSL,2026-06-01,860.0,890.0,1248
DHEL,2026-06-01,630.0,623.0,36183
NIBLSTF,2026-06-01,9.13,9.34,4600
SICL,2026-06-01,635.0,635.5,11535
NBL,2026-06-01,260.1,268.0,63826
PROFL,2026-06-01,450.0,440.0,4075
BJHL,2026-06-01,936.0,911.0,13674
PURE,2026-06-01,959.0,924.0,17923
GMFBS,2026-06-01,1272.1,1295.0,851
RBCLPO,2026-06-01,11800.1,11900.1,65
BPCL,2026-06-01,700.0,681.9,23940
SBL,2026-06-01,406.0,402.9,109086
NWCL,2026-06-01,851.0,792.0,2188
NSY,2026-06-01,9.69,9.65,14500
ENL,2026-06-01,910.0,895.0,1252
GILB,2026-06-01,1147.0,1122.8,184
SWMF,2026-06-01,653.8,665.0,2202
SIPD,2026-06-01,825.0,797.0,26402
HEIP,2026-06-01,332.5,337.7,1638
ICFC,2026-06-01,631.0,622.0,8303
NLICL,2026-06-01,564.3,588.7,16137
RIDI,2026-06-01,376.0,365.0,481734
PSF,2026-06-01,12.5,12.01,27900
UMRH,2026-06-01,555.0,544.0,6599
NIMBPO,2026-06-01,149.0,149.0,1845
KBSH,2026-06-01,1650.0,1601.0,22
MSHL,2026-06-01,673.2,681.0,624
UPCL,2026-06-01,360.0,367.7,53077
PRSF,2026-06-01,13.4,12.97,86300
MCHL,2026-06-01,319.0,316.9,5113
EBL,2026-06-01,715.0,709.5,15926
AVYAN,2026-06-01,1167.8,1115.0,2427
PBD84,2026-06-01,1070.2,1070.2,30
ICFCD83,2026-06-01,1114.0,1114.0,27
RSY,2026-06-01,10.03,10.17,3600
SIKLES,2026-06-01,610.0,600.0,7434
MEN,2026-06-01,625.0,618.0,81327
USLB,2026-06-01,1285.0,1268.0,321
HDHPC,2026-06-01,231.0,224.2,272012
SFCL,2026-06-01,376.0,370.0,7788
GFCL,2026-06-01,623.0,620.5,16053
NBLD85,2026-06-01,1085.0,1090.0,125
SHPC,2026-06-01,521.1,517.2,40799
CKHL,2026-06-01,729.7,675.0,1706
LLBS,2026-06-01,1002.0,963.0,254
KDL,2026-06-01,836.0,823.5,930
KBL,2026-06-01,225.0,218.0,298425
SBI,2026-06-01,401.0,396.5,22036
NYADI,2026-06-01,393.0,392.0,8295
NHDL,2026-06-01,661.0,637.0,8782
SJCL,2026-06-01,300.6,296.2,17520
RNLI,2026-06-01,468.0,466.0,8701
NICL,2026-06-01,510.0,524.7,69095
CHDC,2026-06-01,2360.0,2285.0,5932
OHL,2026-06-01,700.0,690.0,302
USHEC,2026-06-01,520.0,511.5,27002
PPCL,2026-06-01,409.5,386.4,23230
SALICO,2026-06-01,590.0,607.2,11785
NICSF,2026-06-01,9.4,9.1,16000
BGWT,2026-06-01,657.0,658.0,72
BHL,2026-06-01,220.0,222.0,120478
VLUCL,2026-06-01,484.2,485.0,2730
NBBD2085,2026-06-01,1123.0,1123.0,25
RBBF40,2026-06-01,9.5,9.35,2400
SADBL,2026-06-01,417.4,412.0,16579
LVF2,2026-06-01,9.71,10.0,2205
HFIN,2026-06-01,988.1,955.0,51409
BUNGAL,2026-06-01,799.0,730.0,104206
BNT,2026-06-01,11895.0,11834.0,30
NICAD2091,2026-06-01,1060.0,1065.0,60
ALBSL,2026-06-01,1100.0,1093.0,6984
SPIL,2026-06-01,700.0,724.0,6721
SEF,2026-06-01,9.97,10.2,2980
GIBF1,2026-06-01,10.56,11.0,36300
ICFCD88,2026-06-01,1145.0,1145.0,25
ULHC,2026-06-01,476.0,467.0,18226
SMH,2026-06-01,602.0,592.0,6959
NMB,2026-06-01,249.4,246.0,56086
MNMF1,2026-06-01,9.75,9.99,4050
PFL,2026-06-01,380.1,369.0,4840
DOLTI,2026-06-01,362.0,349.9,40257
NBF2,2026-06-01,9.98,10.1,11592
NIMB,2026-06-01,200.0,197.8,112367
HDL,2026-06-01,1175.0,1165.0,24220
CIT,2026-06-01,1860.0,1778.7,4718
SBID83,2026-06-01,1062.2,1062.2,25
SPHL,2026-06-01,543.0,544.0,18151
MPFL,2026-06-01,609.0,610.2,17162
SHIVM,2026-06-01,686.0,671.1,184121
MDB,2026-06-01,602.0,603.8,3224
LICN,2026-06-01,818.0,813.0,3769
AKPL,2026-06-01,279.0,271.9,106989
GVL,2026-06-01,491.0,490.7,7253
SHEL,2026-06-01,323.0,316.0,121580
TSHL,2026-06-01,632.1,578.0,3609
BEDC,2026-06-01,380.0,368.9,30421
KHPL,2026-06-01,375.3,433.3,150
NABBC,2026-06-01,935.0,921.0,3963
PPL,2026-06-01,342.8,353.7,20191
SIGS2,2026-06-01,10.6,10.5,35000
SWASTIK,2026-06-01,2380.0,2390.0,550
RURU,2026-06-01,660.0,657.0,5524
UMHL,2026-06-01,593.0,577.0,15649
UNHPL,2026-06-01,439.0,436.8,29503
SSHL,2026-06-01,220.0,215.2,153154
ULBSL,2026-06-01,2827.5,2898.8,507
MKHC,2026-06-01,328.0,326.0,13292
CLI,2026-06-01,450.0,455.0,16729
PMHPL,2026-06-01,347.9,344.0,6492
NSIF2,2026-06-01,11.1,10.8,1400
SKHEL,2026-06-01,1290.0,1239.9,10425
HLI,2026-06-01,343.0,341.0,29026
SAGF,2026-06-01,10.0,10.15,2360
CBLD88,2026-06-01,1194.8,1225.0,50
C30MF,2026-06-01,10.2,10.1,673658
SKHL,2026-06-01,975.1,930.1,22605
MLBL,2026-06-01,370.0,364.0,15487
SMB,2026-06-01,1792.0,1702.0,2609
NIFRAUR85/86,2026-06-01,1041.8,1041.7,50
GLH,2026-06-01,271.0,268.0,29317
NIL,2026-06-01,650.0,647.7,30818
USHL,2026-06-01,642.0,625.0,674
NIBLGF,2026-06-01,9.24,9.12,850
NMFBS,2026-06-01,1149.0,1136.0,3711
GCIL,2026-06-01,439.0,430.0,25974
SGHC,2026-06-01,386.9,373.0,14252
HLICF,2026-06-01,9.0,8.9,7200
SOHL,2026-06-01,670.0,660.0,126440
MANDU,2026-06-01,830.0,820.0,1598
MBJC,2026-06-01,292.0,284.1,15878
CORBL,2026-06-01,1991.0,2037.0,10784
TTL,2026-06-01,849.7,819.0,18527
SFEF,2026-06-01,10.0,10.12,800
MKJC,2026-06-01,509.0,501.0,6898
GSY,2026-06-01,9.93,10.02,9250
GBLBS,2026-06-01,772.1,773.9,3722
RAWA,2026-06-01,613.2,572.0,1005
NMB50,2026-06-01,10.84,10.86,505
SYPNL,2026-06-01,1480.0,1454.0,58496
PCIL,2026-06-01,815.0,803.7,63106
SLBBL,2026-06-01,830.0,816.0,7545
TVCL,2026-06-01,540.0,525.0,2472
HHL,2026-06-01,365.0,364.0,35351
ALICL,2026-06-01,462.4,455.8,23886
ICFCD89,2026-06-01,1085.0,1098.0,375
UHEWA,2026-06-01,597.0,589.5,8739
ACLBSL,2026-06-01,975.0,950.0,663
NLG,2026-06-01,580.0,600.0,44349
FOWAD,2026-06-01,1063.0,1036.0,4090
SNLI,2026-06-01,457.0,456.5,27334
SAIL,2026-06-01,1183.0,1117.0,26494
MBLEF,2026-06-01,9.95,10.04,11200
NIFRA,2026-06-01,269.0,264.0,63393
VLBS,2026-06-01,685.0,684.0,3036
NTC,2026-06-01,855.0,864.0,111256
TPC,2026-06-01,378.0,372.0,30407
HIMSTAR,2026-06-01,858.4,860.0,5836
SWBBL,2026-06-01,785.4,733.0,18489
GMFIL,2026-06-01,469.0,467.9,17696
DDBL,2026-06-01,847.0,850.0,4954
JBLB,2026-06-01,1320.0,1295.0,5971
SCB,2026-06-01,658.0,656.0,7325
SKBBL,2026-06-01,780.0,768.0,3719
RLEL,2026-06-01,1075.0,1025.0,18907
PRIN,2026-06-01,700.0,682.9,25728
DORDI,2026-06-01,284.0,276.0,38922
KDBY,2026-06-01,11.51,11.5,17400
EBLD85,2026-06-01,1140.1,1153.1,50
SHINE,2026-06-01,410.0,414.0,14589
KEF,2026-06-01,10.97,10.9,818052
EBLEB89,2026-06-01,1082.0,1080.0,55
WNLB,2026-06-01,1470.0,1431.0,153
MEHL,2026-06-01,380.0,375.0,4117
EBLD86,2026-05-27,1090.0,1060.0,3162
BANDIPUR,2026-05-27,905.0,854.7,34430
KEF,2026-05-27,10.98,11.0,263899
VLUCL,2026-05-27,513.0,499.0,9721
BOKD86,2026-05-27,1086.0,1086.0,175
SBI,2026-05-27,396.5,400.0,64515
SGIC,2026-05-27,442.7,465.4,22687
UHEWA,2026-05-27,607.0,602.1,17143
JBBL,2026-05-27,380.0,363.0,39504
SMPDA,2026-05-27,840.0,845.0,2676
CZBIL,2026-05-27,194.0,206.0,131100
GUFL,2026-05-27,544.0,538.0,6920
TVCL,2026-05-27,560.0,540.0,21242
MDB,2026-05-27,610.0,612.4,4898
HDHPC,2026-05-27,228.1,230.8,337758
MPFL,2026-05-27,616.2,620.9,9601
KHPL,2026-05-27,326.7,376.8,60
NLIC,2026-05-27,770.1,774.2,11818
SCB,2026-05-27,664.9,658.9,7085
SOHL,2026-05-27,690.0,676.0,203385
NIFRA,2026-05-27,269.9,269.0,93897
GBLBS,2026-05-27,776.0,784.0,4096
PURE,2026-05-27,980.0,969.0,11438
CIT,2026-05-27,1777.0,1779.0,6163
SLBSL,2026-05-27,1210.0,1216.5,131
NADEP,2026-05-27,745.0,756.0,1017
NICLBSL,2026-05-27,580.0,579.9,8337
PSF,2026-05-27,12.3,12.54,14250
TTL,2026-05-27,844.1,851.6,18948
KDL,2026-05-27,835.0,835.5,1405
HLBSL,2026-05-27,889.0,881.0,197
KBSH,2026-05-27,1637.0,1617.9,520
NFS,2026-05-27,572.2,570.0,6610
MLBSL,2026-05-27,1830.0,1819.0,462
MSHL,2026-05-27,707.0,694.0,1422
SJCL,2026-05-27,300.0,300.6,36963
NLICL,2026-05-27,591.0,594.0,20475
NIBLSTF,2026-05-27,9.16,9.33,3810
LBBLD89,2026-05-27,1245.0,1280.0,51
NBLD87,2026-05-27,1110.1,1110.1,80
SIGS3,2026-05-27,11.11,11.2,29832
SARBTM,2026-05-27,875.0,869.0,11757
NTC,2026-05-27,904.0,900.0,14697
ADBL,2026-05-27,322.29,320.0,50166
SBLD89,2026-05-27,1255.0,1255.0,25
ICFCD88,2026-05-27,1145.0,1145.0,25
MLBL,2026-05-27,366.0,369.9,15867
AKJCL,2026-05-27,422.9,440.0,1635606
BEDC,2026-05-27,395.0,378.6,23336
IHL,2026-05-27,447.0,428.0,57727
EBLD91,2026-05-27,1100.0,1090.0,165
BBC,2026-05-27,4879.0,4836.0,391
KBL,2026-05-27,209.4,221.3,261078
BFC,2026-05-27,463.9,459.4,5074
PBD88,2026-05-27,1215.0,1215.0,25
BHL,2026-05-27,238.1,227.0,116141
SAGAR,2026-05-27,1720.0,1702.1,9335
C30MF,2026-05-27,9.92,10.19,1900
SYPNL,2026-05-27,1460.0,1490.0,50124
MANDU,2026-05-27,820.0,830.0,687
LUK,2026-05-27,10.3,10.15,6700
RLEL,2026-05-27,1027.1,1075.0,12266
SAPDBL,2026-05-27,780.6,808.3,27880
PPL,2026-05-27,360.0,360.8,50534
RHGCL,2026-05-27,312.0,306.6,50694
CBLD88,2026-05-27,1213.0,1160.0,2084
SBIBD86,2026-05-27,1127.5,1127.4,35
KDBY,2026-05-27,11.47,11.51,477100
TSHL,2026-05-27,610.0,602.5,2333
NBBD2085,2026-05-27,1127.0,1103.0,425
NMB50,2026-05-27,10.57,10.84,600
ACLBSL,2026-05-27,945.1,966.6,279
UPPER,2026-05-27,199.0,207.7,173321
SHINE,2026-05-27,419.0,418.0,21104
CREST,2026-05-27,1234.0,1350.0,26431
PMHPL,2026-05-27,358.5,349.0,9150
SABBL,2026-05-27,1291.0,1220.0,10696
WNLB,2026-05-27,1451.0,1470.0,555
MHCL,2026-05-27,358.5,360.0,2517
JFL,2026-05-27,405.2,412.0,2094
SHPC,2026-05-27,514.5,528.7,76745
PBD84,2026-05-27,1140.0,1084.0,225
MFLD85,2026-05-27,1120.7,1064.0,10697
JOSHI,2026-05-27,289.9,288.0,8464
PMLI,2026-05-27,462.3,469.6,1759
MLBBL,2026-05-27,1195.0,1200.0,1014
SFEF,2026-05-27,10.2,10.1,2221
SKBBL,2026-05-27,767.3,770.0,7661
PHCL,2026-05-27,308.0,311.0,65556
RFPL,2026-05-27,380.0,381.0,22090
BPCL,2026-05-27,731.0,696.9,27370
NIL,2026-05-27,633.4,632.0,5380
CFCL,2026-05-27,512.0,504.9,9756
NMBHF2,2026-05-27,9.6,9.64,155600
NSIF2,2026-05-27,10.73,10.83,143680
NICGF2,2026-05-27,9.8,9.72,1600
SHEL,2026-05-27,320.9,322.8,139850
HEIP,2026-05-27,323.0,323.0,80
UMRH,2026-05-27,559.0,555.0,14968
SRLI,2026-05-27,397.3,393.0,27121
BNL,2026-05-27,14551.0,14551.0,10
SICL,2026-05-27,609.1,619.9,5296
SMJC,2026-05-27,480.0,474.0,40229
NRM,2026-05-27,390.0,393.3,35938
FMDBL,2026-05-27,789.1,792.0,18532
HBL,2026-05-27,202.1,204.9,42132
MBLD2085,2026-05-27,1164.0,1129.1,25
AVYAN,2026-05-27,1136.0,1135.0,5837
RBBF40,2026-05-27,9.3,9.61,10000
HPPL,2026-05-27,389.5,385.0,34466
LBLD86,2026-05-27,1144.0,1208.0,16
ILI,2026-05-27,440.0,447.0,13287
SMB,2026-05-27,1746.0,1749.0,424
BNHC,2026-05-27,343.4,338.2,5946
ICFCD89,2026-05-27,1095.0,1090.0,80
NBF3,2026-05-27,9.98,9.98,8050
UPCL,2026-05-27,378.0,375.8,66741
LVF2,2026-05-27,10.0,10.0,3900
ICFC,2026-05-27,623.0,629.7,8482
SBL,2026-05-27,400.0,405.0,123803
HIMSTAR,2026-05-27,894.0,884.9,7842
SIFC,2026-05-27,548.0,543.0,8283
NRN,2026-05-27,1409.0,1397.0,52693
SBD89,2026-05-27,1242.0,1195.0,90
PCBL,2026-05-27,246.0,247.0,49594
SEF,2026-05-27,10.3,10.2,57000
CHL,2026-05-27,298.0,298.0,37409
NMIC,2026-05-27,1065.0,1049.8,4242
CKHL,2026-05-27,674.0,695.0,1620
UNHPL,2026-05-27,430.0,440.1,88413
USHL,2026-05-27,660.0,634.6,1697
NICFC,2026-05-27,9.35,9.59,12400
MNMF1,2026-05-27,9.73,10.01,30730
BUNGAL,2026-05-27,702.0,841.0,197734
ALBSL,2026-05-27,1108.0,1128.9,6799
HEI,2026-05-27,547.6,536.0,8271
RMF1,2026-05-27,10.0,9.85,14610
NUBL,2026-05-27,658.0,665.0,2990
NSY,2026-05-27,9.46,9.69,5000
SAHAS,2026-05-27,716.6,687.0,198887
NICL,2026-05-27,501.1,510.0,10260
STC,2026-05-27,5587.3,5569.0,2908
UAIL,2026-05-27,440.0,445.0,7626
NABBC,2026-05-27,960.0,960.0,4892
BHCL,2026-05-27,620.0,600.0,159635
MHL,2026-05-27,504.0,506.5,10989
KKHC,2026-05-27,282.4,267.0,41702
SAGF,2026-05-27,10.2,10.2,3300
USHEC,2026-05-27,524.0,524.0,42197
GHL,2026-05-27,257.0,245.0,49929
SBCF,2026-05-27,9.77,9.83,7450
SKHL,2026-05-27,942.4,975.1,36368
CITY,2026-05-27,390.0,384.9,161793
SPIL,2026-05-27,718.5,720.0,4061
SIPD,2026-05-27,791.1,830.0,22973
PRIN,2026-05-27,669.0,667.8,4490
NMLBBL,2026-05-27,586.1,590.0,7313
MBJC,2026-05-27,284.1,291.9,19196
BGWT,2026-05-27,657.0,673.0,1531
RADHI,2026-05-27,795.0,785.0,91971
GBIME,2026-05-27,239.0,240.4,79208
BHPL,2026-05-27,521.1,538.7,15374
GFCL,2026-05-27,622.1,623.0,11040
ALICL,2026-05-27,455.0,454.0,14187
TRH,2026-05-27,751.0,761.0,2428
NICSF,2026-05-27,9.07,9.32,4925
MKJC,2026-05-27,509.5,512.6,9478
HRL,2026-05-27,659.8,650.0,66358
MKHL,2026-05-27,559.0,552.0,3047
SANIMA,2026-05-27,368.0,368.0,192221
NIBSF2,2026-05-27,9.19,9.58,5950
SIKLES,2026-05-27,600.0,609.0,14149
JBBLPO,2026-05-27,181.4,181.4,12516
H8020,2026-05-27,11.75,12.25,37450
GSY,2026-05-27,9.99,9.99,2600
UNLB,2026-05-27,1400.0,1405.0,1478
HIDCLP,2026-05-27,207.0,208.8,135621
MATRI,2026-05-27,890.0,882.0,829
SKHEL,2026-05-27,1280.0,1270.0,11714
SHIVM,2026-05-27,695.0,685.0,105545
IGI,2026-05-27,444.0,440.0,11046
HATHY,2026-05-27,800.0,800.0,5632
ADBLD83,2026-05-27,1050.7,1051.8,125
DLBS,2026-05-27,1313.0,1315.0,1900
SSHL,2026-05-27,224.8,222.3,162919
NIBLGF,2026-05-27,9.78,9.32,3150
ULHC,2026-05-27,478.0,475.1,11843
PRVU,2026-05-27,200.0,200.4,69059
BHDC,2026-05-27,471.0,475.0,53466
FOWAD,2026-05-27,1041.0,1062.0,1114
HFIN,2026-05-27,1010.0,988.1,41839
CHCL,2026-05-27,510.3,483.6,61148
SGHC,2026-05-27,379.0,380.0,10937
BARUN,2026-05-27,353.0,352.0,49801
MND84/85,2026-05-27,1075.0,1061.0,804
SADBL,2026-05-27,432.0,414.9,35172
SBID89,2026-05-27,1145.2,1150.0,65
MABEL,2026-05-27,740.0,736.4,37564
GIBF1,2026-05-27,10.8,10.87,19450
TAMOR,2026-05-27,476.0,484.0,123162
DORDI,2026-05-27,285.0,284.0,35516
BJHL,2026-05-27,971.0,936.0,13194
KMCDB,2026-05-27,850.0,874.9,316
KSBBL,2026-05-27,482.2,493.0,65923
SMH,2026-05-27,604.0,602.0,13224
PRSF,2026-05-27,12.92,13.05,149815
HHL,2026-05-27,351.5,369.0,56335
JSLBB,2026-05-27,1080.2,1085.1,386
CSY,2026-05-27,9.31,9.35,1710
LBBL,2026-05-27,491.0,490.8,54662
MSLB,2026-05-27,1235.0,1256.0,1124
KPCL,2026-05-27,509.1,501.4,4194
EBLD85,2026-05-27,1160.0,1160.0,50
NHDL,2026-05-27,651.7,642.2,1195
GCIL,2026-05-27,431.0,439.0,79744
HLI,2026-05-27,342.0,342.6,30755
MCHL,2026-05-27,318.4,322.9,8972
SPDL,2026-05-27,405.0,406.0,47517
DOLTI,2026-05-27,357.5,362.0,87464
OHL,2026-05-27,692.5,699.0,804
SLBBL,2026-05-27,826.9,833.9,2191
ILBS,2026-05-27,938.0,938.0,8101
NICAD2091,2026-05-27,1051.5,1065.0,50
MHNL,2026-05-27,274.0,273.9,11115
LEC,2026-05-27,242.2,233.5,124707
JHAPA,2026-05-27,1480.0,1525.0,22792
NMFBS,2026-05-27,1155.0,1140.0,3403
MEL,2026-05-27,235.0,248.0,19013
OMPL,2026-05-27,1175.0,1195.0,2328
AHL,2026-05-27,530.2,507.7,4640
SNLI,2026-05-27,455.0,456.8,19993
CYCL,2026-05-27,1480.0,1470.0,714
CBBL,2026-05-27,923.0,929.0,15992
RURU,2026-05-27,650.0,669.9,11618
KSY,2026-05-27,9.74,9.83,8050
NGPL,2026-05-27,455.0,455.5,345642
NIFRAGED,2026-05-27,1062.0,1054.0,213
NWCL,2026-05-27,805.7,811.1,885
GILB,2026-05-27,1132.0,1140.0,475
GRDBL,2026-05-27,1062.0,1086.0,7912
SMHL,2026-05-27,506.0,510.0,81252
SPHL,2026-05-27,520.0,547.0,7082
NIMBD90,2026-05-27,1223.0,1218.0,53
PROFL,2026-05-27,454.9,441.0,3077
GVL,2026-05-27,502.0,499.6,23220
MBLEF,2026-05-27,10.0,10.23,121600
NBLD85,2026-05-27,1084.0,1085.0,40125
PFL,2026-05-27,382.9,376.5,3344
NLG,2026-05-27,574.0,574.0,29737
VLBS,2026-05-27,685.0,690.0,2734
RSDC,2026-05-27,675.2,665.0,3529
CLI,2026-05-27,456.8,458.0,10262
SANVI,2026-05-27,695.4,724.9,26684
NMBMF,2026-05-27,635.0,637.0,2557
CHDC,2026-05-27,2290.0,2314.0,12374
CMF2,2026-05-27,10.24,10.2,5009
NHPC,2026-05-27,280.0,301.0,1073288
RSY,2026-05-27,10.26,10.22,38847
NBL,2026-05-27,257.5,273.7,59175
GMFBS,2026-05-27,1346.9,1308.9,580
JBLB,2026-05-27,1374.4,1313.8,3953
SIGS2,2026-05-27,10.9,10.71,23015
MAKAR,2026-05-27,482.5,510.0,9660
DDBL,2026-05-27,845.0,852.0,7913
UMHL,2026-05-27,592.0,587.0,37948
RNLI,2026-05-27,465.0,468.2,9758
NBF2,2026-05-27,10.0,10.19,66915
AKPL,2026-05-27,259.6,276.5,113753
HIDCL,2026-05-27,275.0,274.0,92338
SBLD2091,2026-05-27,1066.0,1061.0,50
SONA,2026-05-27,445.0,463.1,49677
GBILD84/85,2026-05-27,1155.0,1155.0,25
RMF2,2026-05-27,9.81,10.4,900
AHPC,2026-05-27,284.5,287.5,120647
LBLD88,2026-05-27,1087.4,1063.0,359
CIZBD90,2026-05-27,1191.7,1195.0,1444
SPC,2026-05-27,462.0,468.8,6865
SWBBL,2026-05-27,780.0,748.0,3812
RLFL,2026-05-27,444.9,436.2,10965
SFCL,2026-05-27,379.9,377.5,3397
MBL,2026-05-27,254.0,253.2,135690
GBBL,2026-05-27,419.0,421.0,28276
RHPL,2026-05-27,285.0,283.0,17437
ENL,2026-05-27,855.0,894.0,891
LSL,2026-05-27,226.9,225.0,124190
NIMB,2026-05-27,210.0,200.6,132132
EBL,2026-05-27,714.0,712.0,23103
PBLD87,2026-05-27,1120.0,1120.0,50
CCBD88,2026-05-27,1253.0,1253.0,25
NABILD87,2026-05-27,1133.1,1133.1,25
NICBF,2026-05-27,9.7,9.7,5365
NESDO,2026-05-27,1565.0,1563.0,386
SAIL,2026-05-27,1083.0,1139.0,23109
TPC,2026-05-27,382.6,379.9,36065
MLBS,2026-05-27,1289.0,1290.0,320
CORBL,2026-05-27,2000.0,1991.0,17133
PPCL,2026-05-27,395.0,390.0,27569
LLBS,2026-05-27,936.0,955.0,168
GBBD85,2026-05-27,1085.0,1085.0,10
PCIL,2026-05-27,800.0,820.0,66085
RAWA,2026-05-27,580.0,584.0,789
NMB,2026-05-27,251.0,249.4,43585
DHPL,2026-05-27,309.0,306.0,2313
GBIMESY2,2026-05-27,9.3,9.35,13000
ULBSL,2026-05-27,2823.0,2914.9,666
RSML,2026-05-27,3969.0,3745.0,22770
SPL,2026-05-27,696.0,714.0,1279
MMKJL,2026-05-27,520.0,531.0,20298
HDL,2026-05-27,1173.8,1175.0,25377
HBLD86,2026-05-27,1177.0,1154.3,5380
GLH,2026-05-27,278.0,276.1,44978
SHL,2026-05-27,508.0,511.0,20202
RBCL,2026-05-27,15300.0,15635.0,640
SMFBS,2026-05-27,1510.0,1520.0,490
SMATA,2026-05-27,795.0,773.0,5730
HLICF,2026-05-27,8.8,9.0,24670
SWMF,2026-05-27,670.0,674.0,3538
SLCF,2026-05-27,10.05,10.17,30400
NICA,2026-05-27,354.0,350.5,56407
RBCLPO,2026-05-27,11990.0,12162.0,200
PBD85,2026-05-27,1082.0,1063.0,650
CGH,2026-05-27,800.0,804.9,18478
GMLI,2026-05-27,1322.9,1282.0,1267
USLB,2026-05-27,1280.0,1299.0,205
MMF1,2026-05-27,9.32,9.48,15997
MKHC,2026-05-27,337.0,334.4,27800
EHPL,2026-05-27,405.0,402.0,12909
ANLB,2026-05-27,5760.0,5969.9,154
NYADI,2026-05-27,398.6,395.2,5751
MEHL,2026-05-27,385.0,380.0,3553
EDBL,2026-05-27,578.9,582.8,6023
SINDU,2026-05-27,718.0,750.0,35691
MNBBL,2026-05-27,376.5,376.0,33110
NABIL,2026-05-27,538.7,537.0,68884
LICN,2026-05-27,815.0,818.0,7644
NRIC,2026-05-27,922.0,911.0,16816
DHEL,2026-05-27,693.0,640.0,39042
SJLIC,2026-05-27,433.1,436.0,14913
HURJA,2026-05-27,262.1,262.4,78902
MEN,2026-05-27,613.0,620.0,146579
MERO,2026-05-27,717.0,729.0,4120
NABILD2089,2026-05-27,1102.0,1102.0,25
SWASTIK,2026-05-27,2399.0,2390.0,324
MKCL,2026-05-27,1295.0,1296.0,1071
GLBSL,2026-05-27,1832.0,1822.0,132
KBLD86,2026-05-27,1185.0,1257.0,10
API,2026-05-27,360.0,364.0,577850
MFIL,2026-05-27,780.0,791.0,18374
RIDI,2026-05-27,365.0,376.0,1144591
UNL,2026-05-27,47250.0,47100.0,20
SHLB,2026-05-27,1549.0,1472.7,242
NMBD2085,2026-05-27,1160.0,1160.0,50
GMFIL,2026-05-27,475.0,464.5,4605
SALICO,2026-05-27,597.0,598.0,1492
SIKLES,2026-05-26,580.0,603.2,13387
RIDI,2026-05-26,385.0,364.9,455186
NICBF,2026-05-26,9.75,9.75,12300
HRL,2026-05-26,659.9,653.9,44432
RSML,2026-05-26,3849.9,3780.0,18745
LUK,2026-05-26,10.3,10.2,1860
MLBBL,2026-05-26,1190.0,1196.0,700
RBCLPO,2026-05-26,11895.0,11895.0,20
CGH,2026-05-26,800.7,802.4,24069
SAGAR,2026-05-26,1740.0,1720.1,7836
ALICL,2026-05-26,458.5,449.3,37205
HEIP,2026-05-26,317.0,331.0,530
GBIME,2026-05-26,238.0,239.0,70690
ADBL,2026-05-26,318.0,316.7,14963
NFS,2026-05-26,584.9,573.0,3355
DHPL,2026-05-26,309.0,306.0,5291
SBL,2026-05-26,395.1,400.0,68773
USHL,2026-05-26,625.0,629.9,1650
NIMBPO,2026-05-26,150.5,152.9,9224
MLBS,2026-05-26,1289.0,1289.0,120
MLBL,2026-05-26,367.5,367.0,8922
UMRH,2026-05-26,554.5,552.0,13924
CIT,2026-05-26,1772.0,1765.1,10803
CHL,2026-05-26,296.0,296.8,12688
UHEWA,2026-05-26,599.8,606.0,25026
ENL,2026-05-26,881.2,899.9,115
PPCL,2026-05-26,386.0,384.4,3473
NMB,2026-05-26,248.0,248.0,138942
SMB,2026-05-26,1752.0,1746.0,493
SOHL,2026-05-26,699.0,692.8,115317
SMH,2026-05-26,600.0,601.7,12535
GLBSL,2026-05-26,1815.0,1832.0,734
GRDBL,2026-05-26,1081.0,1075.0,12950
GHL,2026-05-26,248.7,245.0,57043
RHPL,2026-05-26,290.0,284.0,15293
NIFRAGED,2026-05-26,1050.0,1094.8,38
SDBD87,2026-05-26,1125.0,1132.0,50
MSLB,2026-05-26,1227.2,1243.5,603
SADBL,2026-05-26,440.0,414.0,40333
NRN,2026-05-26,1400.0,1400.0,33074
BHL,2026-05-26,239.5,226.8,80660
SKHL,2026-05-26,1040.0,992.0,27924
ICFCD88,2026-05-26,1134.0,1135.0,50
NMLBBL,2026-05-26,585.0,588.0,5150
NABBC,2026-05-26,948.0,941.9,3407
HFIN,2026-05-26,971.0,1008.7,63585
HIDCLP,2026-05-26,209.0,207.0,240707
GILB,2026-05-26,1130.8,1132.0,115
IGI,2026-05-26,440.0,438.5,6083
SHLB,2026-05-26,1457.0,1549.0,340
SIPD,2026-05-26,848.0,832.0,15181
SCB,2026-05-26,664.8,659.8,12930
MHNL,2026-05-26,275.0,274.0,3364
MNBBL,2026-05-26,376.0,375.0,12520
PPL,2026-05-26,370.0,365.8,29222
SSHL,2026-05-26,225.5,222.5,111832
CBLD88,2026-05-26,1195.0,1195.0,25
MBL,2026-05-26,255.0,254.0,97437
GUFL,2026-05-26,532.0,539.0,6438
MANDU,2026-05-26,840.0,830.0,2377
SFEF,2026-05-26,10.15,10.38,5350
BUNGAL,2026-05-26,730.0,732.1,101332
OHL,2026-05-26,700.0,696.0,2144
GMLI,2026-05-26,1280.0,1298.0,2115
SMFBS,2026-05-26,1515.1,1510.0,777
NMBD87/88,2026-05-26,1106.5,1106.5,15
SWMF,2026-05-26,665.0,670.0,2765
DDBL,2026-05-26,877.9,853.0,5810
NRM,2026-05-26,361.0,399.9,67307
HHL,2026-05-26,375.1,370.0,46235
SBI,2026-05-26,400.0,403.0,89264
HDHPC,2026-05-26,234.0,227.7,182820
SMATA,2026-05-26,775.0,782.0,2649
ALBSL,2026-05-26,1125.0,1127.0,2556
ANLB,2026-05-26,5899.0,5890.0,358
HURJA,2026-05-26,269.0,262.1,97135
SAPDBL,2026-05-26,804.0,792.0,6441
NBF3,2026-05-26,9.93,9.98,13955
JSLBB,2026-05-26,1084.0,1100.0,150
SLBSL,2026-05-26,1208.0,1210.0,357
NIBSF2,2026-05-26,9.15,9.46,6920
LBBLD89,2026-05-26,1260.0,1260.0,30
STC,2026-05-26,5975.0,5939.9,1740
MKHC,2026-05-26,340.0,337.0,40054
MERO,2026-05-26,723.0,717.0,3550
SBCF,2026-05-26,9.71,9.98,9300
GBILD84/85,2026-05-26,1155.0,1155.0,150
UMHL,2026-05-26,575.0,583.0,73502
SGHC,2026-05-26,389.0,379.0,17759
NBF2,2026-05-26,10.15,10.0,5750
SICL,2026-05-26,622.0,615.1,7896
KSY,2026-05-26,9.61,9.74,400
GFCL,2026-05-26,628.2,625.2,4957
NMBMF,2026-05-26,640.0,647.0,1407
ILBS,2026-05-26,900.0,938.0,408
NICLBSL,2026-05-26,588.0,588.5,3821
RURU,2026-05-26,668.0,667.0,7814
SWBBL,2026-05-26,780.0,743.0,4238
IHL,2026-05-26,448.0,443.0,32222
SJLIC,2026-05-26,430.2,436.0,8334
NLG,2026-05-26,585.0,583.9,3948
EBLD86,2026-05-26,1077.3,1105.0,75
JHAPA,2026-05-26,1425.0,1500.0,23956
H8020,2026-05-26,11.84,12.0,20900
LICN,2026-05-26,815.1,815.0,12084
NLIC,2026-05-26,776.0,768.2,44776
MHCL,2026-05-26,360.0,362.0,5393
HBLPO,2026-05-26,115.0,115.0,217473
NSIF2,2026-05-26,10.8,10.72,2424
BNHC,2026-05-26,342.0,338.0,2178
SBD87,2026-05-26,1110.0,1115.0,80
HLICF,2026-05-26,8.96,8.9,5450
MNMF1,2026-05-26,9.72,9.8,35610
OMPL,2026-05-26,1162.1,1185.0,3124
RLFL,2026-05-26,454.9,442.5,3991
FOWAD,2026-05-26,1067.5,1047.2,2165
NICFC,2026-05-26,9.27,9.55,4000
NIBLSTF,2026-05-26,9.0,9.34,2150
CYCL,2026-05-26,1450.1,1470.0,518
EBL,2026-05-26,719.0,712.6,21211
MMKJL,2026-05-26,519.9,513.0,5590
SLCF,2026-05-26,10.01,10.05,2190
CFCL,2026-05-26,499.1,505.0,5191
PCBL,2026-05-26,244.9,245.7,41581
HBL,2026-05-26,202.0,204.9,264075
GVL,2026-05-26,491.1,497.0,17789
NIL,2026-05-26,616.1,627.0,11040
SMHL,2026-05-26,504.6,505.0,83084
WNLB,2026-05-26,1454.0,1495.0,556
CHDC,2026-05-26,2360.2,2292.0,13128
NIMB,2026-05-26,200.1,200.7,77904
GCIL,2026-05-26,426.5,431.0,24661
PRSF,2026-05-26,12.86,12.92,455400
DHEL,2026-05-26,670.0,660.0,26478
KBSH,2026-05-26,1500.0,1590.0,1184
PHCL,2026-05-26,312.0,310.0,49170
SINDU,2026-05-26,720.0,739.0,9112
NICGF2,2026-05-26,9.28,9.69,1800
EBLD91,2026-05-26,1100.0,1098.0,105
NESDO,2026-05-26,1540.0,1557.0,1766
NBLD85,2026-05-26,1085.0,1085.0,40000
MCHL,2026-05-26,324.0,322.0,4763
ACLBSL,2026-05-26,979.0,950.0,1549
SNLI,2026-05-26,450.0,452.0,5464
ULHC,2026-05-26,485.0,478.1,16295
BPCL,2026-05-26,704.0,697.0,22562
RBBF40,2026-05-26,9.4,9.31,9900
PCIL,2026-05-26,854.0,839.9,41783
SALICO,2026-05-26,592.0,596.0,2774
AKPL,2026-05-26,277.0,273.2,88036
PRVU,2026-05-26,202.0,200.0,237650
SFMF,2026-05-26,10.12,10.2,900
SBID83,2026-05-26,1063.9,1063.8,80
SIFC,2026-05-26,545.0,546.9,9847
RADHI,2026-05-26,800.0,792.0,54061
TRH,2026-05-26,763.0,765.0,2471
RFPL,2026-05-26,375.0,379.8,16879
LEC,2026-05-26,238.0,233.4,47866
GIBF1,2026-05-26,11.0,11.0,1000
NRIC,2026-05-26,921.0,916.8,14196
RLEL,2026-05-26,1080.0,1080.0,25424
SPIL,2026-05-26,706.1,718.5,2916
LSL,2026-05-26,228.0,225.8,80122
TSHL,2026-05-26,630.0,604.8,6333
KDBY,2026-05-26,11.5,11.47,66860
BFC,2026-05-26,469.0,461.0,5324
HPPL,2026-05-26,387.0,384.9,17119
PMHPL,2026-05-26,350.0,351.0,4201
HIMSTAR,2026-05-26,900.0,894.0,7204
API,2026-05-26,360.0,358.8,367226
MABEL,2026-05-26,745.0,739.0,31141
SHPC,2026-05-26,524.2,525.0,33398
CREST,2026-05-26,1238.0,1244.0,5460
BHCL,2026-05-26,600.0,614.0,180134
CORBL,2026-05-26,2000.0,2082.0,33497
TAMOR,2026-05-26,461.0,476.0,200081
ICFC,2026-05-26,640.0,632.0,10589
NABILD87,2026-05-26,1130.0,1150.0,50
RAWA,2026-05-26,614.3,580.5,1542
KDL,2026-05-26,826.0,835.0,2064
SMJC,2026-05-26,465.7,488.0,98560
NHDL,2026-05-26,660.0,633.0,4275
HDL,2026-05-26,1170.0,1173.8,21622
DORDI,2026-05-26,283.3,283.0,27315
CLI,2026-05-26,455.0,457.0,20764
NMIC,2026-05-26,1111.9,1045.0,2240
SLBBL,2026-05-26,838.0,826.9,2886
PMLI,2026-05-26,471.0,465.2,4393
SANIMA,2026-05-26,372.9,367.0,39300
FMDBL,2026-05-26,803.8,786.1,26463
PRIN,2026-05-26,665.0,664.9,7881
NABILD2089,2026-05-26,1100.0,1135.0,280
LLBS,2026-05-26,931.2,936.2,635
NYADI,2026-05-26,400.0,398.3,2982
SHINE,2026-05-26,418.0,416.5,7355
PURE,2026-05-26,950.0,973.0,7675
SPDL,2026-05-26,413.8,406.8,60503
NIBD84,2026-05-26,1051.1,1048.0,96803
NTC,2026-05-26,900.0,900.0,9795
CKHL,2026-05-26,675.0,694.0,1585
BHPL,2026-05-26,543.8,528.3,4341
MKJC,2026-05-26,499.0,505.9,3932
RMF1,2026-05-26,9.8,10.05,3727
SIGS3,2026-05-26,10.8,11.11,6820
GBILD86/87,2026-05-26,1100.0,1125.0,1222
SONA,2026-05-26,457.1,467.0,41145
GBIMESY2,2026-05-26,9.41,9.35,7399
KSBBL,2026-05-26,498.9,490.0,80891
SIGS2,2026-05-26,10.49,10.82,18972
UPPER,2026-05-26,212.0,207.7,105888
GMFIL,2026-05-26,480.0,469.0,539
RSY,2026-05-26,10.3,10.4,4600
RHGCL,2026-05-26,307.0,313.9,185454
NICAD2091,2026-05-26,1061.0,1084.0,264
SWASTIK,2026-05-26,2401.0,2400.0,440
NMB50,2026-05-26,10.62,10.84,425
NHPC,2026-05-26,297.0,293.0,269806
ICFCD89,2026-05-26,1090.0,1100.0,350
NADEP,2026-05-26,740.0,745.0,1440
HATHY,2026-05-26,816.0,800.0,5323
KMCDB,2026-05-26,884.0,872.0,2007
UNHPL,2026-05-26,425.0,439.0,122081
SKHEL,2026-05-26,1342.0,1303.9,6669
SPHL,2026-05-26,508.0,547.1,34218
TVCL,2026-05-26,514.0,560.0,16170
RNLI,2026-05-26,465.5,469.4,18142
NBL,2026-05-26,273.8,271.0,65939
NICL,2026-05-26,514.7,506.0,7308
C30MF,2026-05-26,10.1,10.0,200330
BBC,2026-05-26,4800.0,4810.0,200
MBLEF,2026-05-26,9.97,10.03,23445
GSY,2026-05-26,9.93,9.99,9120
BJHL,2026-05-26,961.0,971.0,8638
SGIC,2026-05-26,462.0,466.0,6406
BHDC,2026-05-26,480.0,474.0,38693
GBBD85,2026-05-26,1080.2,1100.0,55
SANVI,2026-05-26,725.0,732.0,24076
LVF2,2026-05-26,10.2,9.92,18733
NGPL,2026-05-26,460.0,453.5,302816
MKHL,2026-05-26,555.0,558.0,1566
KHPL,2026-05-26,300.0,327.7,40
MEHL,2026-05-26,384.5,380.1,3498
GLH,2026-05-26,278.9,277.0,22676
MSHL,2026-05-26,743.4,708.0,595
SEF,2026-05-26,9.91,10.19,24500
MKCL,2026-05-26,1291.0,1290.0,1302
SHIVM,2026-05-26,692.0,689.0,136734
RMF2,2026-05-26,10.2,10.1,1900
MEL,2026-05-26,252.2,242.0,13513
HLBSL,2026-05-26,883.1,887.0,146
MBJC,2026-05-26,287.0,288.0,15357
NUBL,2026-05-26,659.0,658.0,1467
NMBHF2,2026-05-26,9.68,9.64,5250
CMF2,2026-05-26,10.0,10.24,15578
NICSF,2026-05-26,9.3,9.3,1310
JOSHI,2026-05-26,293.8,286.0,12959
AKJCL,2026-05-26,413.0,422.9,1118022
UNLB,2026-05-26,1395.0,1405.0,690
MLBSL,2026-05-26,1810.0,1801.0,825
MAKAR,2026-05-26,485.5,507.8,10497
MMF1,2026-05-26,9.29,9.55,12200
TTL,2026-05-26,870.0,856.0,17174
VLUCL,2026-05-26,500.0,498.2,1260
SAHAS,2026-05-26,671.5,682.5,209280
NLICL,2026-05-26,586.0,591.0,8136
BANDIPUR,2026-05-26,864.0,862.0,46976
JBLB,2026-05-26,1310.0,1309.0,2993
JBBL,2026-05-26,380.0,364.9,22270
UNL,2026-05-26,47000.0,47100.0,50
VLBS,2026-05-26,690.0,695.0,2576
MEN,2026-05-26,609.9,607.9,80421
JBLBP,2026-05-26,716.0,716.0,1140
HLI,2026-05-26,345.0,341.8,24916
GMFBS,2026-05-26,1342.9,1311.0,1027
BNL,2026-05-26,14400.0,14832.0,40
SARBTM,2026-05-26,874.1,865.1,10195
NABIL,2026-05-26,540.0,537.0,59432
CITY,2026-05-26,382.0,389.0,120258
BEDC,2026-05-26,400.0,376.9,27283
SABBL,2026-05-26,1255.0,1230.0,12515
PROFL,2026-05-26,445.0,443.0,2330
HEI,2026-05-26,535.0,532.8,3179
GBLBS,2026-05-26,781.0,780.9,2309
BGWT,2026-05-26,670.0,669.0,1685
ULBSL,2026-05-26,2870.1,2880.0,387
NMFBS,2026-05-26,1150.0,1140.2,7426
RBCL,2026-05-26,15200.0,15347.7,885
MPFL,2026-05-26,628.9,619.9,7880
SYPNL,2026-05-26,1530.0,1495.0,35370
UAIL,2026-05-26,450.0,446.9,10757
EHPL,2026-05-26,403.0,405.0,26657
CSY,2026-05-26,9.39,9.31,3500
MLBLPO,2026-05-26,201.0,201.0,59800
MATRI,2026-05-26,892.0,892.0,260
MDB,2026-05-26,611.2,611.0,2527
SJCL,2026-05-26,305.0,303.0,21787
SPL,2026-05-26,718.0,710.0,940
SHL,2026-05-26,508.0,508.0,34537
SPC,2026-05-26,469.0,467.0,1899
USHEC,2026-05-26,522.8,524.0,31109
BNT,2026-05-26,11700.0,11889.0,24
PFL,2026-05-26,386.9,378.0,2310
AHPC,2026-05-26,275.0,284.2,82531
KPCL,2026-05-26,504.9,500.0,4935
USLB,2026-05-26,1270.0,1280.0,1024
BARUN,2026-05-26,357.2,352.1,29521
SMPDA,2026-05-26,855.0,846.0,1332
UPCL,2026-05-26,378.0,375.0,37681
NWCL,2026-05-26,820.0,810.2,895
DOLTI,2026-05-26,343.9,358.0,26644
HIDCL,2026-05-26,272.0,272.9,51063
TPC,2026-05-26,382.0,381.0,16826
SHEL,2026-05-26,326.9,320.9,128101
SKBBL,2026-05-26,777.0,769.0,6556
ILI,2026-05-26,438.3,442.0,19235
JFL,2026-05-26,413.2,408.0,4388
SRLI,2026-05-26,397.0,392.6,102945
PBD88,2026-05-26,1209.0,1212.0,75
AVYAN,2026-05-26,1090.6,1139.0,3573
AHL,2026-05-26,505.0,505.0,3165
KEF,2026-05-26,10.72,10.99,140850
SAIL,2026-05-26,1150.0,1140.0,23069
NBLD87,2026-05-26,1123.9,1130.0,125
CBBL,2026-05-26,925.0,923.0,20524
MFIL,2026-05-26,780.0,794.0,40934
CZBIL,2026-05-26,208.0,204.0,155590
SFCL,2026-05-26,378.0,378.0,2281
EDBL,2026-05-26,590.9,584.9,3740
PSF,2026-05-26,12.2,12.3,2400
NIBLGF,2026-05-26,9.4,9.5,13350
GBBL,2026-05-26,417.1,419.0,18498
KBL,2026-05-26,223.0,220.4,151759
CHCL,2026-05-26,491.8,486.0,39399
RSDC,2026-05-26,670.0,675.0,3200
MHL,2026-05-26,512.0,505.1,7260
LBBL,2026-05-26,498.7,490.5,45007
NSY,2026-05-26,9.44,9.53,6100
DLBS,2026-05-26,1314.0,1313.0,670
NIFRA,2026-05-26,255.5,266.7,65680
NICA,2026-05-26,358.9,347.3,108822
KKHC,2026-05-26,285.6,269.0,30801
SAGF,2026-05-26,10.25,10.2,600
MLBSL,2026-05-25,1800.0,1820.0,634
ADBLD83,2026-05-25,1051.9,1051.9,25
SPIL,2026-05-25,707.2,715.9,6148
HEI,2026-05-25,535.0,535.0,8439
PCBL,2026-05-25,240.5,244.9,63543
PFL,2026-05-25,379.0,380.0,4238
MLBS,2026-05-25,1250.0,1290.0,200
NIMB,2026-05-25,199.0,201.8,140625
SBLD89,2026-05-25,1296.0,1291.0,125
EBL,2026-05-25,719.9,711.0,34410
HBL,2026-05-25,202.0,206.0,60732
NSY,2026-05-25,9.44,9.53,8470
ILI,2026-05-25,437.0,441.3,8064
SMB,2026-05-25,1788.0,1762.0,605
HFIN,2026-05-25,985.0,1022.1,81719
FOWAD,2026-05-25,1068.9,1055.0,2686
TRH,2026-05-25,753.0,762.0,726
PPL,2026-05-25,357.0,367.0,70085
NICSF,2026-05-25,9.39,9.2,2500
NYADI,2026-05-25,399.9,400.0,4920
OHL,2026-05-25,708.0,701.0,3256
MKHC,2026-05-25,320.0,337.1,65113
MPFL,2026-05-25,624.9,625.0,5617
NMB,2026-05-25,248.0,248.2,18784
NBLD87,2026-05-25,1091.3,1091.3,25
NWCL,2026-05-25,803.0,818.9,1320
NIMBPO,2026-05-25,151.5,155.0,4268
AVYAN,2026-05-25,1082.1,1148.0,5884
SOHL,2026-05-25,685.0,700.5,175599
TPC,2026-05-25,389.0,382.0,48898
RLEL,2026-05-25,1026.0,1080.2,28764
BJHL,2026-05-25,952.0,980.0,16247
HEIP,2026-05-25,328.9,326.0,599
CSY,2026-05-25,9.17,9.4,6100
SGIC,2026-05-25,471.0,469.0,5934
SCB,2026-05-25,664.3,659.9,16845
PBD85,2026-05-25,1081.0,1081.0,25
SHEL,2026-05-25,315.0,323.8,209293
RSY,2026-05-25,10.04,10.3,23100
KSBBLD87,2026-05-25,1132.0,1132.0,25
SMATA,2026-05-25,770.0,775.0,5643
UNL,2026-05-25,47102.0,47000.0,30
GLH,2026-05-25,274.0,276.0,58442
MAKAR,2026-05-25,535.1,511.0,15963
DDBL,2026-05-25,859.0,855.0,7795
SKHEL,2026-05-25,1290.0,1320.0,18880
BNL,2026-05-25,14818.7,14819.0,20
SLBBL,2026-05-25,825.0,831.5,6640
RHPL,2026-05-25,279.0,283.0,23511
GFCL,2026-05-25,635.0,627.3,10256
PRSF,2026-05-25,13.0,12.95,323300
NIBLSTF,2026-05-25,9.13,9.32,2780
DORDI,2026-05-25,277.1,283.1,60697
WNLB,2026-05-25,1499.0,1496.5,403
SHLB,2026-05-25,1480.0,1466.1,50
RSML,2026-05-25,3700.0,3825.0,37741
SRLI,2026-05-25,389.3,396.0,21636
KSY,2026-05-25,9.8,9.9,21900
JSLBB,2026-05-25,1078.5,1115.9,168
SNLI,2026-05-25,455.0,451.0,23128
GMFIL,2026-05-25,479.9,474.6,2875
ADBL,2026-05-25,317.9,317.0,45333
SADBL,2026-05-25,416.0,420.9,19441
MNBBL,2026-05-25,374.3,376.0,32172
PBLD84,2026-05-25,1085.1,1085.1,50
MDB,2026-05-25,615.0,614.0,13010
HLICF,2026-05-25,9.1,8.96,50360
SONA,2026-05-25,475.0,469.0,66228
FMDBL,2026-05-25,792.0,799.0,14697
NMBHF2,2026-05-25,9.6,9.7,22100
BUNGAL,2026-05-25,773.3,730.0,113158
SFCL,2026-05-25,371.0,379.0,13008
NICAD2091,2026-05-25,1053.6,1053.6,25
SIFC,2026-05-25,540.0,545.0,6519
BGWT,2026-05-25,665.0,671.8,1159
SBCF,2026-05-25,9.65,9.98,2800
NIMBD90,2026-05-25,1245.0,1245.0,25
RAWA,2026-05-25,613.0,585.1,2564
DLBS,2026-05-25,1275.0,1314.0,526
SAIL,2026-05-25,1148.0,1150.0,33871
BHDC,2026-05-25,461.2,478.0,50689
HLI,2026-05-25,344.0,344.0,44591
UPCL,2026-05-25,377.0,375.0,52302
SMHL,2026-05-25,500.1,504.2,38419
RHGCL,2026-05-25,295.1,304.8,44896
MEN,2026-05-25,610.0,607.9,70845
STC,2026-05-25,5863.0,5958.0,964
SBL,2026-05-25,402.0,399.9,105729
NICLBSL,2026-05-25,574.0,595.0,8807
RMF1,2026-05-25,9.85,10.05,9900
NLIC,2026-05-25,770.0,776.0,11959
SGHC,2026-05-25,382.0,381.1,11775
BPCL,2026-05-25,699.0,704.0,58233
SFEF,2026-05-25,10.13,10.3,3400
SPDL,2026-05-25,427.0,411.0,54833
NMIC,2026-05-25,1040.0,1059.0,7700
SBI,2026-05-25,396.0,400.0,17582
TSHL,2026-05-25,550.0,605.0,11137
SHPC,2026-05-25,533.0,524.0,61857
JBBL,2026-05-25,343.5,367.6,36372
CHCL,2026-05-25,482.5,489.0,73257
NABILD2089,2026-05-25,1125.0,1095.1,335
DHEL,2026-05-25,650.0,670.0,52384
UNHPL,2026-05-25,420.0,430.1,78249
LBBL,2026-05-25,498.1,494.5,40816
NICA,2026-05-25,365.0,356.0,37190
KBSH,2026-05-25,1470.2,1500.0,282
BHCL,2026-05-25,566.0,593.0,121172
SKHL,2026-05-25,970.0,1029.0,59202
SAGF,2026-05-25,10.15,10.2,1400
DOLTI,2026-05-25,341.0,362.0,59866
TTL,2026-05-25,898.8,857.0,31924
KBL,2026-05-25,220.0,222.0,292389
GVL,2026-05-25,492.0,499.0,18429
HHL,2026-05-25,396.9,378.0,72116
NUBL,2026-05-25,665.0,659.0,3971
CMF2,2026-05-25,10.0,10.01,2620
MSLB,2026-05-25,1272.0,1258.0,1480
RADHI,2026-05-25,785.0,803.1,63113
BFC,2026-05-25,464.0,460.0,15835
AHPC,2026-05-25,275.0,287.8,106730
SMH,2026-05-25,594.0,597.2,8992
UAIL,2026-05-25,437.0,446.0,9889
GBIMESY2,2026-05-25,9.31,9.41,5000
SSHL,2026-05-25,220.0,225.5,331041
GCIL,2026-05-25,418.2,435.5,68609
NMBD87/88,2026-05-25,1090.5,1090.5,25
USHEC,2026-05-25,508.0,521.0,62362
UNLB,2026-05-25,1385.0,1394.0,1120
NLG,2026-05-25,582.0,586.0,8202
UPPER,2026-05-25,197.5,209.9,186381
GILB,2026-05-25,1125.0,1155.0,992
SANIMA,2026-05-25,370.0,368.9,154310
SARBTM,2026-05-25,858.8,866.0,11708
PURE,2026-05-25,1030.0,986.0,20423
SALICO,2026-05-25,595.0,591.0,9050
RBBD2088,2026-05-25,1056.7,1070.0,75
CKHL,2026-05-25,658.0,695.4,8006
HRL,2026-05-25,641.0,653.8,111322
LEC,2026-05-25,222.0,236.0,131055
NBLD85,2026-05-25,1079.5,1105.9,40905
MFIL,2026-05-25,785.0,798.0,20443
MBLD2085,2026-05-25,1200.0,1200.0,100
UMHL,2026-05-25,550.0,575.8,22352
RSDC,2026-05-25,674.0,681.0,4363
ANLB,2026-05-25,5901.0,6038.0,1185
EDBL,2026-05-25,583.0,586.1,6117
SYPNL,2026-05-25,1459.0,1520.0,65193
PPCL,2026-05-25,380.0,390.0,13693
CORBL,2026-05-25,2050.0,2049.9,16617
GBILD86/87,2026-05-25,1086.0,1086.0,25
MHNL,2026-05-25,268.0,274.0,6517
KEF,2026-05-25,10.75,11.0,163100
BNHC,2026-05-25,333.1,338.9,9993
MMF1,2026-05-25,9.7,9.57,5205
SAHAS,2026-05-25,664.0,671.5,215947
AHL,2026-05-25,505.0,508.9,19181
GMFBS,2026-05-25,1261.0,1306.0,1312
SANVI,2026-05-25,702.1,742.0,31996
ULHC,2026-05-25,478.1,481.0,18055
ICFC,2026-05-25,631.0,635.0,7574
SKBBL,2026-05-25,791.0,771.0,23660
SICL,2026-05-25,624.0,622.0,8941
NMFBS,2026-05-25,1117.0,1150.0,8343
TAMOR,2026-05-25,456.0,461.9,134249
GIBF1,2026-05-25,10.9,11.0,6200
SLBSL,2026-05-25,1180.0,1208.0,1577
CYCL,2026-05-25,1482.0,1470.0,843
CBBL,2026-05-25,924.3,923.0,18301
NRM,2026-05-25,345.9,380.0,43698
H8020,2026-05-25,12.33,11.83,231835
HIDCLP,2026-05-25,209.2,209.0,196436
NIBLGF,2026-05-25,9.62,9.43,1100
HATHY,2026-05-25,810.9,805.7,4445
MEHL,2026-05-25,379.0,384.5,4231
GRDBL,2026-05-25,1061.1,1109.9,16102
MLBL,2026-05-25,369.9,370.9,21133
NBF3,2026-05-25,9.95,9.96,4700
C30MF,2026-05-25,9.89,10.0,11600
NADEP,2026-05-25,741.0,745.0,2425
GHL,2026-05-25,245.0,246.0,77898
LLBS,2026-05-25,958.0,957.0,2069
EHPL,2026-05-25,395.0,402.0,28087
VLBS,2026-05-25,691.2,703.0,2724
NABIL,2026-05-25,530.0,535.4,59099
MBL,2026-05-25,253.7,254.5,92780
VLUCL,2026-05-25,514.7,507.0,3173
NICFC,2026-05-25,9.17,9.5,2250
GBBL,2026-05-25,421.0,421.0,36985
MATRI,2026-05-25,881.0,892.0,539
NRN,2026-05-25,1425.0,1401.0,58203
LVF2,2026-05-25,9.8,9.95,4700
MEL,2026-05-25,238.0,245.0,27440
TVCL,2026-05-25,509.1,529.0,19928
PROFL,2026-05-25,456.0,445.0,4657
JBLB,2026-05-25,1305.0,1310.0,4118
NRIC,2026-05-25,914.1,920.5,10494
PMLI,2026-05-25,470.0,470.3,3094
BBC,2026-05-25,4818.9,4815.0,215
MSHL,2026-05-25,695.0,708.0,812
NIFRA,2026-05-25,266.1,268.9,118696
BANDIPUR,2026-05-25,910.0,866.5,64333
LSL,2026-05-25,215.0,225.6,89425
NBF2,2026-05-25,9.95,9.96,7950
MNMF1,2026-05-25,9.9,9.96,22506
RMF2,2026-05-25,10.2,10.2,2700
EBLD91,2026-05-25,1081.1,1082.1,125
NABBC,2026-05-25,930.0,950.0,6692
NIL,2026-05-25,610.0,622.0,6315
BHPL,2026-05-25,530.1,534.8,7086
RLFL,2026-05-25,430.0,444.9,16231
PBD84,2026-05-25,1140.0,1140.0,35
HBLD83,2026-05-25,1036.0,1065.0,45
RURU,2026-05-25,670.0,666.0,5280
GUFL,2026-05-25,520.0,541.5,9426
PSF,2026-05-25,12.01,12.3,62650
KDBY,2026-05-25,11.41,11.67,329500
SJCL,2026-05-25,302.0,307.8,64750
HLBSL,2026-05-25,910.0,905.0,632
MMKJL,2026-05-25,494.0,508.0,2734
SAGAR,2026-05-25,1722.0,1741.0,6951
GMLI,2026-05-25,1270.0,1293.0,3436
DHPL,2026-05-25,303.0,302.5,13951
MKCL,2026-05-25,1290.0,1297.0,3077
CFCL,2026-05-25,510.0,509.0,5923
KKHC,2026-05-25,273.5,272.0,60919
CIT,2026-05-25,1767.0,1772.0,4996
CGH,2026-05-25,799.0,804.0,35737
NICL,2026-05-25,500.0,506.4,14146
SHINE,2026-05-25,414.9,415.0,14265
ULBSL,2026-05-25,2850.0,2949.0,866
NBL,2026-05-25,252.1,273.8,145742
SLCF,2026-05-25,10.3,10.01,3550
SEF,2026-05-25,10.11,10.09,51850
NICGF2,2026-05-25,9.92,9.5,1700
SIGS3,2026-05-25,10.66,10.8,1300
NTC,2026-05-25,890.0,898.5,14947
PHCL,2026-05-25,308.0,312.0,58934
KDL,2026-05-25,850.0,830.1,1675
SWBBL,2026-05-25,778.1,753.9,5582
JOSHI,2026-05-25,282.1,288.1,16430
JHAPA,2026-05-25,1480.0,1499.9,24488
API,2026-05-25,359.0,359.8,510631
OMPL,2026-05-25,1190.0,1185.0,5752
KMCDB,2026-05-25,860.0,875.0,2633
CHL,2026-05-25,288.1,296.0,49410
GBBD85,2026-05-25,1120.0,1100.0,50
UHEWA,2026-05-25,583.5,615.0,64537
NHDL,2026-05-25,636.9,641.1,204
MANDU,2026-05-25,815.0,827.0,1208
ENL,2026-05-25,912.3,902.0,653
PCIL,2026-05-25,827.0,852.8,66607
GSY,2026-05-25,9.99,10.0,73300
UMRH,2026-05-25,537.2,555.0,37996
USLB,2026-05-25,1260.0,1288.0,2939
NMBMF,2026-05-25,633.1,650.0,2747
SMPDA,2026-05-25,838.0,843.0,1634
NICD88,2026-05-25,1110.0,1110.0,25
SAND2085,2026-05-25,1124.0,1124.3,3
NESDO,2026-05-25,1535.1,1550.0,1243
BARUN,2026-05-25,352.0,357.5,38509
GBIME,2026-05-25,236.0,237.9,70596
SINDU,2026-05-25,713.1,733.9,6351
HURJA,2026-05-25,262.0,267.0,89844
RNLI,2026-05-25,466.0,469.4,34869
IHL,2026-05-25,442.0,447.0,129656
HDHPC,2026-05-25,230.7,232.0,252594
MERO,2026-05-25,732.9,725.0,4980
MKJC,2026-05-25,500.0,501.0,5447
KSBBL,2026-05-25,484.0,487.0,39948
SHIVM,2026-05-25,684.0,693.0,159487
BNT,2026-05-25,11590.0,11700.0,60
SWMF,2026-05-25,670.0,675.0,9326
BEDC,2026-05-25,395.7,381.1,46312
SAPDBL,2026-05-25,795.0,804.2,19362
NICBF,2026-05-25,9.68,9.68,100
ICFCD89,2026-05-25,1081.0,1099.0,200
MKHL,2026-05-25,523.1,553.0,7613
MBLEF,2026-05-25,9.93,10.08,6309
LICN,2026-05-25,829.0,820.0,6162
NHPC,2026-05-25,309.7,297.0,507480
NIBD84,2026-05-25,1052.1,1052.1,25
HIMSTAR,2026-05-25,900.0,910.0,10076
IGI,2026-05-25,439.9,439.8,11345
ALICL,2026-05-25,459.9,455.2,8712
CITY,2026-05-25,374.0,379.0,127419
SBID83,2026-05-25,1065.3,1063.6,1056
MCHL,2026-05-25,323.0,323.0,26885
PMHPL,2026-05-25,343.9,350.5,18298
GLBSL,2026-05-25,1830.0,1825.0,621
SPC,2026-05-25,455.2,469.0,4692
MABEL,2026-05-25,760.0,745.0,36530
NFS,2026-05-25,584.0,574.1,9552
SWASTIK,2026-05-25,2415.0,2449.0,1046
HIDCL,2026-05-25,270.0,276.0,85842
CREST,2026-05-25,1252.1,1244.9,22878
KPCL,2026-05-25,490.0,501.0,9819
SPL,2026-05-25,705.0,718.0,5149
GBLBS,2026-05-25,788.0,781.0,3536
SJLIC,2026-05-25,429.0,438.0,15537
MHCL,2026-05-25,370.0,367.0,6214
RBCLPO,2026-05-25,11705.0,11700.0,100
RBBF40,2026-05-25,9.33,9.41,2300
SABBL,2026-05-25,1250.0,1260.0,10734
RIDI,2026-05-25,368.0,367.0,809824
HPPL,2026-05-25,381.3,386.0,16114
LUK,2026-05-25,9.95,10.0,5825
SMFBS,2026-05-25,1513.3,1530.0,1763
BHL,2026-05-25,237.0,228.1,188158
HDL,2026-05-25,1180.0,1168.0,27247
MHL,2026-05-25,500.0,508.0,11038
SMJC,2026-05-25,463.6,490.2,56992
ALBSL,2026-05-25,1086.0,1148.0,9899
ICFCD88,2026-05-25,1145.0,1145.0,25
JFL,2026-05-25,409.0,413.1,3350
CZBIL,2026-05-25,197.2,208.4,50741
SPHL,2026-05-25,500.0,533.9,8585
SIPD,2026-05-25,815.0,848.2,41090
NMLBBL,2026-05-25,571.0,594.0,5948
SIKLES,2026-05-25,605.0,609.0,13642
NIFRAGED,2026-05-25,1035.5,1064.0,76
CHDC,2026-05-25,2300.0,2324.0,11811
SHL,2026-05-25,501.5,508.0,37226
PRVU,2026-05-25,188.1,202.6,127588
NGPL,2026-05-25,435.0,459.0,319573
NSIF2,2026-05-25,10.6,10.72,3100
NLICL,2026-05-25,595.8,594.0,5680
EBLD85,2026-05-25,1197.0,1170.0,40
USHL,2026-05-25,630.0,625.0,618
ILBS,2026-05-25,935.0,928.0,3308
MLBBL,2026-05-25,1220.0,1198.0,2789
RBCL,2026-05-25,14994.0,15002.0,100
KSBBLP,2026-05-25,269.0,269.0,14079
RFPL,2026-05-25,360.0,381.9,28134
CLI,2026-05-25,452.0,456.2,20675
PRIN,2026-05-25,669.9,665.0,4007
SIGS2,2026-05-25,10.5,10.5,1000
NIBSF2,2026-05-25,9.14,9.25,4710
MBJC,2026-05-25,286.0,289.0,26624
AKJCL,2026-05-25,402.0,418.0,1451995
ACLBSL,2026-05-25,977.4,960.0,740
AKPL,2026-05-25,275.0,276.5,217426
