Symbol,Date,Open,Close,Volume
YMHL,2026-07-24,693.0,655.0,40127
NBL,2026-07-24,271.0,272.0,72549
JHAPA,2026-07-24,1140.0,1211.1,22390
JOSHI,2026-07-24,274.0,270.0,10071
JSLBB,2026-07-24,1026.7,1039.0,684
KAHL,2026-07-24,583.0,601.2,88604
KBL,2026-07-24,224.0,228.2,1129916
KBSH,2026-07-24,993.3,1050.0,148511
KDBY,2026-07-24,11.0,11.0,8100
KDL,2026-07-24,791.0,813.9,1944
KEF,2026-07-24,10.25,10.69,24400
KHPL,2026-07-24,990.0,990.0,31107
KKHC,2026-07-24,266.5,282.3,368499
KMCDB,2026-07-24,800.0,806.0,1517
KPCL,2026-07-24,475.0,482.0,4122
KSBBL,2026-07-24,485.0,488.6,17265
KSY,2026-07-24,9.48,9.55,1200
LBBL,2026-07-24,497.0,510.0,137489
LBLD88,2026-07-24,1094.0,1094.0,15
LEC,2026-07-24,224.9,224.0,140458
LICN,2026-07-24,800.1,804.0,9884
JFL,2026-07-24,400.1,404.0,4548
JBLB,2026-07-24,1255.0,1283.0,3348
JBBL,2026-07-24,354.0,364.1,96275
HLICF,2026-07-24,8.66,8.75,7601
HEIP,2026-07-24,335.0,328.0,500
HFIN,2026-07-24,760.0,779.0,88069
HHL,2026-07-24,346.3,349.0,22309
HIDCL,2026-07-24,262.0,263.7,70195
HIDCLP,2026-07-24,197.9,195.9,85315
HIMSTAR,2026-07-24,775.0,770.0,11420
HLBSL,2026-07-24,905.0,900.9,3413
HLI,2026-07-24,330.2,333.5,25210
HPPL,2026-07-24,370.0,380.0,127177
JBBD87,2026-07-24,1121.0,1121.0,25
HRL,2026-07-24,641.0,629.0,98378
HURJA,2026-07-24,245.0,241.0,51790
ICFC,2026-07-24,611.1,628.0,9051
ICFCD89,2026-07-24,1100.0,1101.0,99
IGI,2026-07-24,448.1,449.8,8830
IHL,2026-07-24,365.0,362.5,13063
ILBS,2026-07-24,850.0,884.0,1485
ILI,2026-07-24,421.1,425.0,4515
LLBS,2026-07-24,920.0,935.0,235
LSL,2026-07-24,227.0,230.3,227090
LUK,2026-07-24,10.36,9.76,750
MPFL,2026-07-24,610.0,626.9,11805
MLBL,2026-07-24,365.0,364.0,29485
MLBS,2026-07-24,1172.1,1193.0,506
MLBSL,2026-07-24,1740.0,1739.9,126
MMF1,2026-07-24,9.4,9.47,45580
MMKJL,2026-07-24,475.0,496.0,6845
MNBBL,2026-07-24,379.0,377.0,25623
MND84/85,2026-07-24,1070.0,1075.0,100
MNMF1,2026-07-24,9.8,9.7,172054
MSHL,2026-07-24,596.0,632.0,682
MKJC,2026-07-24,471.0,487.0,12860
MSLB,2026-07-24,1215.0,1244.0,354
NABBC,2026-07-24,793.0,786.0,8899
NABIL,2026-07-24,550.0,553.1,91376
NABILD2089,2026-07-24,1056.0,1078.0,82
NABILD87,2026-07-24,1135.0,1135.0,25
NADEP,2026-07-24,760.0,738.0,288
NBBD2085,2026-07-24,1100.0,1133.0,1
NBF2,2026-07-24,10.02,10.02,200
MLBBL,2026-07-24,1131.2,1150.0,1507
MKHL,2026-07-24,498.3,507.0,3735
LVF2,2026-07-24,9.66,9.66,400
MDB,2026-07-24,612.0,602.0,29104
MABEL,2026-07-24,632.5,637.0,25642
MAKAR,2026-07-24,427.5,450.0,56320
MANDU,2026-07-24,816.2,857.9,5451
MATRI,2026-07-24,886.0,843.0,1407
MBJC,2026-07-24,273.2,276.1,8647
MBL,2026-07-24,250.8,259.9,90145
MBLEF,2026-07-24,10.02,10.2,1500
MCHL,2026-07-24,297.9,285.0,9930
MEHL,2026-07-24,313.0,315.0,2623
MKHC,2026-07-24,297.1,297.2,7089
MEL,2026-07-24,220.0,220.0,27150
MEN,2026-07-24,595.0,597.0,43290
MERO,2026-07-24,738.9,694.0,25005
MFIL,2026-07-24,777.0,795.9,27905
MHCL,2026-07-24,323.0,330.0,5058
MHL,2026-07-24,489.0,485.0,6501
MHNL,2026-07-24,240.0,241.5,9321
MKCL,2026-07-24,1150.0,1180.0,5080
HEI,2026-07-24,530.3,544.0,7482
HDL,2026-07-24,1180.0,1166.0,24277
HDHPC,2026-07-24,217.0,218.6,145917
CBBL,2026-07-24,932.0,938.0,7273
BJHL,2026-07-24,780.5,793.0,28911
BNHC,2026-07-24,297.0,297.0,25926
BNL,2026-07-24,14744.0,14744.0,10
BNT,2026-07-24,11532.2,11532.2,19
BOKD86KA,2026-07-24,1133.0,1145.0,564
BPCL,2026-07-24,660.2,665.0,34471
BUNGAL,2026-07-24,635.0,634.9,59530
C30MF,2026-07-24,9.92,9.96,600
CFCL,2026-07-24,627.0,657.2,182999
BHL,2026-07-24,225.9,217.0,92366
CGH,2026-07-24,793.0,787.0,7873
CHCL,2026-07-24,494.0,494.2,35710
CHDC,2026-07-24,2180.0,2254.0,34043
CHL,2026-07-24,266.2,270.0,10651
CIT,2026-07-24,1724.0,1734.0,4293
CITY,2026-07-24,389.0,387.0,117929
CKHL,2026-07-24,603.4,618.0,3274
CLI,2026-07-24,443.3,454.0,11247
BHPL,2026-07-24,490.0,486.6,5700
BHDC,2026-07-24,440.0,445.2,4356
CREST,2026-07-24,1195.0,1228.9,13501
ANLB,2026-07-24,5550.0,6659.0,3788
ADBL,2026-07-24,317.0,320.0,113909
ADBLD83,2026-07-24,1034.0,1034.3,26406
AHL,2026-07-24,434.0,428.0,3436
AHPC,2026-07-24,279.0,275.0,46828
AKJCL,2026-07-24,405.8,379.0,515226
AKPL,2026-07-24,268.5,265.7,58703
ALBSL,2026-07-24,1045.0,1087.0,3859
ALICL,2026-07-24,441.0,441.9,9351
APHL,2026-07-24,930.0,905.0,35842
BHCL,2026-07-24,495.0,523.9,59608
API,2026-07-24,325.4,344.0,242798
AVYAN,2026-07-24,1060.2,1089.0,8162
BANDIPUR,2026-07-24,759.0,763.0,59743
BARUN,2026-07-24,318.3,334.0,24615
BBC,2026-07-24,4310.0,4375.0,126
BEDC,2026-07-24,313.5,334.0,32031
BFC,2026-07-24,533.0,533.0,74820
BGWT,2026-07-24,610.0,600.1,5088
CORBL,2026-07-24,1380.0,1549.0,124853
CSY,2026-07-24,8.93,9.06,17602
HBL,2026-07-24,192.7,206.0,144301
GMFBS,2026-07-24,1220.2,1246.0,429
GBLBS,2026-07-24,756.0,761.0,3251
GCIL,2026-07-24,345.8,364.0,17122
GFCL,2026-07-24,630.0,630.4,6717
GHL,2026-07-24,244.1,234.0,40896
GIBF1,2026-07-24,10.41,10.55,3000
GILB,2026-07-24,1090.1,1120.0,2229
GLBSL,2026-07-24,1793.0,1800.0,728
GLH,2026-07-24,255.1,259.0,26654
GMFIL,2026-07-24,479.9,473.0,14104
GBIME,2026-07-24,247.9,249.5,177663
GMLI,2026-07-24,1159.2,1186.5,4148
GRDBL,2026-07-24,1130.0,1088.0,14563
GRDBLP,2026-07-24,570.0,570.0,1998
GSY,2026-07-24,9.93,9.42,6520
GUFL,2026-07-24,559.0,557.0,5322
GVL,2026-07-24,482.0,485.0,15952
H8020,2026-07-24,12.0,12.0,1530
HATHY,2026-07-24,759.0,755.0,11987
GBIMESY2,2026-07-24,9.45,9.33,4700
GBILD86/87,2026-07-24,1202.0,1128.0,10003
CYCL,2026-07-24,1370.0,1376.0,1100
EBLD85,2026-07-24,1130.0,1130.0,15
CZBIL,2026-07-24,206.0,209.4,135021
DDBL,2026-07-24,840.0,854.0,4706
DHEL,2026-07-24,600.0,626.0,74284
DHPL,2026-07-24,290.0,300.0,5641
DLBS,2026-07-24,1248.8,1220.1,150
DOLTI,2026-07-24,312.7,331.9,18589
DORDI,2026-07-24,264.1,263.1,14614
EBL,2026-07-24,725.0,724.0,84744
EBLD86,2026-07-24,1105.0,1105.0,57
GBILD84/85,2026-07-24,1145.0,1145.0,25
ECL,2026-07-24,571.8,651.1,250
EDBL,2026-07-24,586.9,581.5,13509
EHPL,2026-07-24,360.9,358.9,19434
ENL,2026-07-24,855.0,849.0,240
FMDBL,2026-07-24,780.0,780.0,5442
FOWAD,2026-07-24,1010.0,997.0,787
GBBD85,2026-07-24,1066.0,1085.0,83
GBBL,2026-07-24,416.6,426.0,64896
NBF3,2026-07-24,9.95,9.97,6600
NBLD85,2026-07-24,1071.0,1040.0,80
SANIMA,2026-07-24,366.0,372.0,100183
SANVI,2026-07-24,665.7,643.0,34711
SIFC,2026-07-24,530.0,529.0,6762
SIGS2,2026-07-24,10.15,10.2,4100
SIGS3,2026-07-24,10.42,10.5,25177
SIKLES,2026-07-24,559.0,572.0,5993
SINDU,2026-07-24,683.1,719.0,12801
SIPD,2026-07-24,750.0,727.0,51208
SJCL,2026-07-24,281.0,285.0,5913
SJLIC,2026-07-24,420.0,427.9,13468
SKBBL,2026-07-24,755.1,766.0,9366
SKHEL,2026-07-24,1007.0,1077.9,8890
SKHL,2026-07-24,944.0,935.0,28833
SLBBL,2026-07-24,788.0,823.0,3942
SLBBLP,2026-07-24,443.0,443.0,20000
SLBSL,2026-07-24,1082.0,1126.0,5231
SLCF,2026-07-24,10.0,10.2,3242
SMATA,2026-07-24,741.0,754.0,2237
SMB,2026-07-24,1850.0,1915.0,4959
SMFBS,2026-07-24,1535.0,1554.0,3316
SMH,2026-07-24,511.1,517.1,31697
SICL,2026-07-24,639.8,633.7,3100
SHPC,2026-07-24,520.0,518.6,38788
SHLB,2026-07-24,1453.2,1513.0,169
SCBD,2026-07-24,1101.0,1101.0,500
SARBTM,2026-07-24,795.0,805.0,4017
SBCF,2026-07-24,10.0,9.61,11100
SBD87,2026-07-24,1122.0,1120.0,1026
SBI,2026-07-24,409.4,413.5,68167
SBID89,2026-07-24,1176.2,1185.0,246
SBL,2026-07-24,402.0,410.0,123839
SBLD84,2026-07-24,1058.0,1058.0,75
SCB,2026-07-24,655.09,651.0,17211
SEF,2026-07-24,10.35,10.11,5870
SHL,2026-07-24,504.9,503.0,15100
SFEF,2026-07-24,10.0,9.95,700
SFMF,2026-07-24,10.3,10.03,700
SGHC,2026-07-24,326.0,325.0,46724
SGHL,2026-07-24,550.0,552.0,105483
SGIC,2026-07-24,478.0,478.0,8890
SHEL,2026-07-24,310.0,309.7,38004
SHINE,2026-07-24,420.0,417.5,23905
SHIVM,2026-07-24,638.0,655.0,64040
SMHL,2026-07-24,495.0,490.0,38221
SMJC,2026-07-24,448.5,470.0,99658
SMPDA,2026-07-24,785.0,794.0,971
UNHPL,2026-07-24,402.8,397.0,25227
TTL,2026-07-24,756.0,773.0,28478
TVCL,2026-07-24,486.0,485.0,8980
UAIL,2026-07-24,460.0,458.0,14460
UHEWA,2026-07-24,598.0,592.0,48519
ULBSL,2026-07-24,2730.0,2760.0,484
ULHC,2026-07-24,367.0,359.5,7061
UMHL,2026-07-24,570.0,594.8,86235
UMRH,2026-07-24,534.0,540.1,6744
UNLB,2026-07-24,1300.0,1279.0,712
TRH,2026-07-24,785.0,785.0,270
UPCL,2026-07-24,355.1,357.0,43678
UPPER,2026-07-24,200.0,200.2,85269
USHEC,2026-07-24,493.0,495.5,1594
USHL,2026-07-24,565.0,559.0,2854
USLB,2026-07-24,1209.0,1181.0,3770
VLBS,2026-07-24,672.0,706.0,5121
VLUCL,2026-07-24,458.0,452.0,1250
WNLB,2026-07-24,1398.0,1374.0,357
TSHL,2026-07-24,385.0,400.0,23022
TPKHL,2026-07-24,581.0,574.0,57766
SNLI,2026-07-24,438.1,441.0,5147
SPL,2026-07-24,678.0,675.0,1481
SNORL,2026-07-24,989.0,979.0,41940
SOHL,2026-07-24,627.0,605.0,135996
SONA,2026-07-24,422.0,419.9,18074
SOPL,2026-07-24,905.0,893.0,93889
SPC,2026-07-24,430.0,426.0,5197
SPDL,2026-07-24,392.0,389.0,91184
SPHL,2026-07-24,538.3,544.0,7475
SPIL,2026-07-24,703.0,710.0,2443
SRBLD83,2026-07-24,1024.2,1024.2,6400
TPC,2026-07-24,370.0,369.5,9455
SRLI,2026-07-24,385.0,386.0,10494
SSHL,2026-07-24,221.1,209.5,92395
STC,2026-07-24,5102.0,5175.0,1310
SWASTIK,2026-07-24,2145.0,2098.0,845
SWBBL,2026-07-24,658.4,693.0,13156
SWMF,2026-07-24,625.1,642.0,4913
SYPNL,2026-07-24,1360.0,1424.0,75872
TAMOR,2026-07-24,451.0,452.6,27528
SAPDBL,2026-07-24,752.0,806.0,41139
ACLBSL,2026-07-24,967.0,945.0,670
NESDO,2026-07-24,1516.0,1520.0,333
SAND2085,2026-07-24,1207.7,1100.0,25050
NLICL,2026-07-24,583.0,588.0,76294
NMB,2026-07-24,241.8,247.1,60861
NMB50,2026-07-24,10.3,10.6,918
NMBD2085,2026-07-24,1174.68,1174.68,25
NMBHF2,2026-07-24,9.58,9.77,1973
NMBMF,2026-07-24,622.0,640.0,4969
NMFBS,2026-07-24,1117.5,1131.0,1642
NMIC,2026-07-24,970.0,984.0,5608
NMLBBL,2026-07-24,550.9,545.9,3140
NRIC,2026-07-24,990.0,986.0,61419
NRM,2026-07-24,330.0,328.4,12102
NRN,2026-07-24,1413.0,1463.0,183860
NSIF2,2026-07-24,10.67,10.68,200
NSY,2026-07-24,9.23,9.33,9600
NTC,2026-07-24,875.0,864.0,7547
NUBL,2026-07-24,623.0,640.6,8629
NWCL,2026-07-24,705.8,739.9,3403
NYADI,2026-07-24,397.9,371.0,8257
OHL,2026-07-24,689.0,692.0,1236
NLIC,2026-07-24,766.8,769.0,32030
NLG,2026-07-24,608.8,603.9,10772
NIMBPO,2026-07-24,145.0,145.1,9857
NICA,2026-07-24,334.2,344.2,91081
NFS,2026-07-24,585.0,582.0,13295
NGPL,2026-07-24,420.0,420.0,135494
NHDL,2026-07-24,646.0,650.0,2976
NHPC,2026-07-24,298.0,280.4,320535
NIBD84,2026-07-24,1066.1,1050.0,85
NIBLGF,2026-07-24,8.99,9.22,800
NIBLSTF,2026-07-24,8.85,8.8,3286
NIBSF2,2026-07-24,8.7,8.85,13030
NICBF,2026-07-24,9.12,9.12,100
NIMBD90,2026-07-24,1220.1,1220.1,25
NICFC,2026-07-24,9.1,9.2,10500
NICGF2,2026-07-24,9.28,9.38,12300
NICL,2026-07-24,525.0,520.0,14533
NICLBSL,2026-07-24,552.0,568.0,9403
NICSF,2026-07-24,9.2,9.2,11980
NIFRA,2026-07-24,251.5,255.0,80303
NIL,2026-07-24,627.0,630.0,4967
NIMB,2026-07-24,198.0,204.2,461662
OMPL,2026-07-24,996.0,996.0,6488
PBD84,2026-07-24,1100.0,1100.0,120
PBLD86,2026-07-24,1425.9,1425.9,20
RSML,2026-07-24,3471.0,3494.0,43204
RHPL,2026-07-24,263.2,267.0,11576
RIDI,2026-07-24,360.0,370.0,824107
RLEL,2026-07-24,930.0,970.0,28028
RLFL,2026-07-24,500.0,471.0,46706
RMF1,2026-07-24,9.62,9.7,260327
RMF2,2026-07-24,9.9,10.12,450
RNLI,2026-07-24,451.1,455.0,10240
RSDC,2026-07-24,641.3,670.1,4871
RSY,2026-07-24,10.35,10.35,5150
RFPL,2026-07-24,350.0,345.9,18660
RURU,2026-07-24,633.0,631.0,4884
SABBL,2026-07-24,1063.1,1160.0,46161
SADBL,2026-07-24,424.0,426.3,48901
SAGAR,2026-07-24,1800.0,1792.0,24706
SAGF,2026-07-24,10.05,10.1,1250
SAHAS,2026-07-24,661.0,662.3,46493
SAIL,2026-07-24,1100.0,1108.0,91423
SALICO,2026-07-24,601.0,609.6,7035
RHGCL,2026-07-24,265.1,273.7,18625
RBCLPO,2026-07-24,11710.0,11710.0,40
PBLD87,2026-07-24,1119.6,1134.9,3151
PROFL,2026-07-24,441.0,444.0,8738
PCBL,2026-07-24,239.0,243.0,92403
PCIL,2026-07-24,700.0,692.0,106254
PHCL,2026-07-24,310.1,309.0,121022
PMHPL,2026-07-24,328.0,324.0,4451
PMLI,2026-07-24,452.0,454.0,7466
PPCL,2026-07-24,358.0,352.5,19158
PPL,2026-07-24,335.0,339.0,17291
PRIN,2026-07-24,697.0,695.0,8742
PRSF,2026-07-24,13.17,12.77,1300
RBCL,2026-07-24,14510.0,14600.2,100
PRVU,2026-07-24,197.9,199.9,361992
PSF,2026-07-24,11.65,12.1,27964
PURE,2026-07-24,899.0,898.0,13573
RADHI,2026-07-24,721.0,755.0,114801
RAWA,2026-07-24,464.0,445.0,35112
RBBD2088,2026-07-24,1059.0,1075.0,535
RBBD83,2026-07-24,1037.0,1037.0,1371
RBBF40,2026-07-24,8.95,9.32,11700
KEF,2026-07-23,10.58,10.5,4200
YMHL,2026-07-23,620.3,660.0,42420
SKHEL,2026-07-23,980.0,1060.0,12382
MKHC,2026-07-23,294.0,299.0,6383
BHL,2026-07-23,217.0,215.2,62803
APHL,2026-07-23,837.0,930.0,64326
MHL,2026-07-23,483.0,489.8,3249
ACLBSL,2026-07-23,930.1,950.0,442
BANDIPUR,2026-07-23,723.0,760.0,30521
JOSHI,2026-07-23,268.0,271.5,12059
AKPL,2026-07-23,255.0,266.0,68149
ALBSL,2026-07-23,1070.0,1094.9,3151
ALICL,2026-07-23,435.1,441.0,7997
ANLB,2026-07-23,5600.0,5818.0,1113
API,2026-07-23,340.0,342.5,255571
CREST,2026-07-23,1205.0,1201.0,14145
AVYAN,2026-07-23,1083.0,1079.0,2060
BARUN,2026-07-23,331.0,335.0,27519
GHL,2026-07-23,228.0,232.5,27581
BBC,2026-07-23,4379.0,4390.0,397
BEDC,2026-07-23,340.0,330.0,23206
BFC,2026-07-23,526.0,533.0,64041
CLI,2026-07-23,442.2,455.0,10896
GBLBS,2026-07-23,768.8,759.0,1234
AHPC,2026-07-23,274.9,277.0,59319
CIZBD90,2026-07-23,1215.0,1240.0,450
BPCL,2026-07-23,705.3,670.9,19529
CYCL,2026-07-23,1397.9,1370.0,704
C30MF,2026-07-23,10.0,10.22,200
BHCL,2026-07-23,491.0,515.0,34661
HDL,2026-07-23,1189.0,1179.0,19870
DHEL,2026-07-23,581.0,598.0,15918
CHCL,2026-07-23,485.1,494.0,31454
AHL,2026-07-23,425.5,432.0,1873
CHL,2026-07-23,268.1,266.1,14726
BUNGAL,2026-07-23,669.8,635.0,191406
CITY,2026-07-23,390.0,389.0,98452
CFCL,2026-07-23,610.0,649.9,110432
GIBF1,2026-07-23,10.3,10.41,300
CGH,2026-07-23,785.0,792.0,19050
BHDC,2026-07-23,437.5,444.9,7813
CHDC,2026-07-23,2200.5,2205.0,8086
AKJCL,2026-07-23,370.0,386.5,719259
CIT,2026-07-23,1739.9,1724.8,2666
ADBL,2026-07-23,310.0,317.0,19009
CORBL,2026-07-23,1400.0,1440.0,99429
CKHL,2026-07-23,622.9,622.0,318
GFCL,2026-07-23,633.0,636.0,7712
EDBL,2026-07-23,576.0,580.1,2458
EHPL,2026-07-23,363.9,355.3,8656
GILB,2026-07-23,1100.0,1110.0,520
FMDBL,2026-07-23,765.2,780.0,4640
FOWAD,2026-07-23,970.2,996.0,1235
GLH,2026-07-23,255.1,260.8,37034
GBBL,2026-07-23,420.0,420.0,26242
EBL,2026-07-23,753.0,719.0,21235
ECL,2026-07-23,507.1,566.2,120
ENL,2026-07-23,820.0,834.0,671
SINDU,2026-07-23,692.9,719.0,3025
SIKLES,2026-07-23,555.1,567.0,6009
GBBD85,2026-07-23,1065.0,1065.0,50
SJLIC,2026-07-23,416.0,424.9,12230
SJCL,2026-07-23,276.3,284.0,9553
NADEP,2026-07-23,747.0,760.0,386
DOLTI,2026-07-23,328.1,329.1,28008
NBBD2085,2026-07-23,1096.9,1100.0,10000
NBF3,2026-07-23,10.0,10.0,11871
BGWT,2026-07-23,609.0,610.0,1013
DLBS,2026-07-23,1264.0,1214.0,311
GBIME,2026-07-23,235.0,249.0,105646
GRDBL,2026-07-23,1024.1,1085.0,10852
GSY,2026-07-23,10.0,9.9,2800
DDBL,2026-07-23,841.0,849.9,2827
GVL,2026-07-23,480.2,490.0,5271
H8020,2026-07-23,12.3,12.0,4456
GMFBS,2026-07-23,1251.7,1246.0,145
HBL,2026-07-23,200.0,202.8,44740
GMFIL,2026-07-23,498.0,478.7,8225
GMLI,2026-07-23,1201.0,1195.0,2062
GUFL,2026-07-23,575.0,564.0,10684
CSY,2026-07-23,9.05,9.12,3950
GLBSL,2026-07-23,1740.0,1793.0,239
HATHY,2026-07-23,767.0,757.9,3251
CZBIL,2026-07-23,193.0,204.5,17761
DORDI,2026-07-23,259.0,263.0,21010
HDHPC,2026-07-23,218.1,220.8,123561
DHPL,2026-07-23,303.79,298.0,2245
GCIL,2026-07-23,365.0,364.0,16393
GBIMESY2,2026-07-23,9.3,9.5,500
BOKD86KA,2026-07-23,1102.0,1100.0,25
BNT,2026-07-23,11578.1,11578.1,25
HFIN,2026-07-23,680.0,760.0,73698
HIDCLP,2026-07-23,193.5,197.5,63494
ILBS,2026-07-23,850.0,891.9,1447
HLBSL,2026-07-23,899.9,903.0,1375
CBBL,2026-07-23,929.1,932.0,11789
HLICF,2026-07-23,8.69,8.92,2320
LSLPO,2026-07-23,123.0,123.0,8201
HRL,2026-07-23,636.2,641.0,90968
BNHC,2026-07-23,296.9,295.0,39381
ICFC,2026-07-23,611.5,620.0,5166
HIMSTAR,2026-07-23,731.0,759.0,10128
JHAPA,2026-07-23,1100.0,1148.0,12509
HLI,2026-07-23,330.0,334.8,27177
IHL,2026-07-23,370.0,367.5,3367
HPPL,2026-07-23,360.0,381.0,106938
JBBL,2026-07-23,354.0,359.0,28328
HURJA,2026-07-23,240.0,242.8,53462
LSL,2026-07-23,214.0,227.0,259236
ICFCD88,2026-07-23,1125.0,1124.2,150
HHL,2026-07-23,342.0,350.5,46686
HIDCL,2026-07-23,266.0,263.6,46621
LBBL,2026-07-23,491.2,502.0,53082
IGI,2026-07-23,448.0,450.0,12648
KBLD89,2026-07-23,1260.0,1260.0,76
SIPD,2026-07-23,668.1,745.0,51184
LLBS,2026-07-23,910.0,937.0,70
KDL,2026-07-23,820.0,813.0,286
SKBBL,2026-07-23,762.0,767.0,6698
MKHL,2026-07-23,501.0,512.0,3010
KKHC,2026-07-23,265.0,266.5,42842
KAHL,2026-07-23,550.0,583.0,75792
KBL,2026-07-23,212.0,223.0,368248
KBSH,2026-07-23,1175.0,1045.5,13394
KSY,2026-07-23,9.75,9.75,1400
KDBY,2026-07-23,10.8,11.08,2000
KHPL,2026-07-23,930.0,992.0,17900
LICN,2026-07-23,844.0,803.9,6839
HEIP,2026-07-23,335.0,335.0,500
KMCDB,2026-07-23,808.0,806.9,1276
JBLB,2026-07-23,1270.0,1289.0,2765
KPCL,2026-07-23,470.0,473.0,5890
KSBBL,2026-07-23,488.8,488.0,16398
ICFCD89,2026-07-23,1106.0,1120.0,385
LEC,2026-07-23,220.0,222.6,70351
MHCL,2026-07-23,315.5,324.0,3903
MBL,2026-07-23,242.0,255.0,70137
NBF2,2026-07-23,10.08,10.31,4000
MBLEF,2026-07-23,10.01,10.2,2000
MCHL,2026-07-23,290.1,290.0,5549
BJHL,2026-07-23,719.0,790.0,33953
MEHL,2026-07-23,315.0,313.3,1520
MEL,2026-07-23,218.0,220.0,22908
MATRI,2026-07-23,848.5,864.0,768
MBJC,2026-07-23,270.1,278.1,9932
MBLD2085,2026-07-23,1196.1,1225.0,75
MKCL,2026-07-23,1160.0,1141.0,1005
MDB,2026-07-23,600.5,593.9,2529
HEI,2026-07-23,533.0,535.9,2561
MLBBL,2026-07-23,1147.1,1159.9,960
MEN,2026-07-23,595.0,594.8,41095
BHPL,2026-07-23,504.9,491.0,2567
MAKAR,2026-07-23,433.2,450.0,35324
MERO,2026-07-23,725.0,703.8,3326
MFIL,2026-07-23,775.0,797.0,11906
MANDU,2026-07-23,804.2,839.0,6108
NABILD2089,2026-07-23,1088.0,1056.0,125
ILI,2026-07-23,420.1,425.0,8383
MLBSL,2026-07-23,1711.0,1738.0,317
JFL,2026-07-23,400.1,400.0,5347
MMKJL,2026-07-23,456.0,475.0,6192
MNBBL,2026-07-23,370.0,377.0,25308
MKJC,2026-07-23,488.2,480.0,16210
MPFL,2026-07-23,610.0,625.0,22732
MSHL,2026-07-23,666.7,627.3,1005
MLBL,2026-07-23,355.7,360.0,13600
MLBS,2026-07-23,1160.6,1180.0,86
MMF1,2026-07-23,9.4,9.5,5203
NABIL,2026-07-23,546.0,550.0,40281
MNMF1,2026-07-23,9.8,9.87,2020
LUK,2026-07-23,9.9,10.06,6820
MHNL,2026-07-23,242.5,245.0,12010
MSLB,2026-07-23,1220.0,1215.0,1110
MABEL,2026-07-23,621.0,630.9,12447
LVF2,2026-07-23,9.8,9.81,1100
MSLBP,2026-07-23,735.0,735.0,20000
NABBC,2026-07-23,798.0,793.0,5634
SLBBL,2026-07-23,802.1,814.0,2409
JSLBB,2026-07-23,1010.0,1026.7,47
NICSF,2026-07-23,8.9,9.2,824
OMPL,2026-07-23,960.0,996.1,5972
NICL,2026-07-23,519.0,520.0,11905
NHPC,2026-07-23,299.0,284.0,356524
OHL,2026-07-23,680.0,688.5,605
NYADI,2026-07-23,367.1,379.0,2387
NIBLSTF,2026-07-23,8.6,8.85,6740
NLG,2026-07-23,588.0,595.0,17184
NFS,2026-07-23,578.5,584.0,3795
NGPL,2026-07-23,424.0,419.0,203489
NHDL,2026-07-23,647.0,646.9,896
NIBD84,2026-07-23,1034.0,1036.0,75
NICGF2,2026-07-23,9.0,9.28,1200
NIBLGF,2026-07-23,9.23,9.25,2150
NIBSF2,2026-07-23,8.57,8.89,2826
NWCL,2026-07-23,721.9,742.9,1960
NICA,2026-07-23,324.0,341.0,32463
NICD83/84,2026-07-23,1048.0,1048.0,20
NICD88,2026-07-23,1100.0,1100.0,25
NESDO,2026-07-23,1544.2,1516.0,431
NBL,2026-07-23,268.9,269.0,28186
NSY,2026-07-23,9.21,9.5,13500
SGHL,2026-07-23,521.0,550.0,109172
NICLBSL,2026-07-23,560.0,560.0,5822
NIL,2026-07-23,632.0,629.9,1431
NMIC,2026-07-23,950.0,970.0,2693
RIDI,2026-07-23,380.0,378.1,658719
SFEF,2026-07-23,10.0,10.0,900
NRIC,2026-07-23,1000.0,996.0,29266
NLICL,2026-07-23,580.6,583.0,6968
NMBHF2,2026-07-23,9.84,9.7,3600
SAIL,2026-07-23,1050.0,1145.0,97608
NMBMF,2026-07-23,612.4,635.0,2174
SLBSL,2026-07-23,1100.0,1092.0,2568
SANVI,2026-07-23,595.0,634.0,16633
NMLBBL,2026-07-23,531.0,545.0,4896
NRM,2026-07-23,332.0,329.2,11195
NIFRA,2026-07-23,252.0,254.0,84407
NRN,2026-07-23,1480.0,1487.1,108726
NICFC,2026-07-23,9.02,9.1,900
NTC,2026-07-23,860.0,859.0,3472
NSIF2,2026-07-23,10.61,10.67,7675
PMLI,2026-07-23,443.0,465.0,7836
RBBF40,2026-07-23,9.07,9.19,176251
PPL,2026-07-23,322.1,338.9,23596
PRIN,2026-07-23,685.0,688.0,5611
SAPDBL,2026-07-23,754.8,791.5,27409
PCIL,2026-07-23,631.8,687.0,58160
PHCL,2026-07-23,304.1,306.0,24811
RADHI,2026-07-23,720.0,754.0,65510
PMHPL,2026-07-23,321.5,328.9,2640
RHPL,2026-07-23,268.0,267.0,9989
PPCL,2026-07-23,355.5,353.0,7149
RLFL,2026-07-23,490.0,479.0,32135
PRSF,2026-07-23,12.98,12.98,3890
RFPL,2026-07-23,329.0,344.0,12529
PRVU,2026-07-23,186.0,195.9,72972
PSF,2026-07-23,11.72,12.0,14800
PURE,2026-07-23,840.8,890.0,5046
RAWA,2026-07-23,464.0,442.0,23955
PROFL,2026-07-23,446.0,443.5,4575
NIFRAGED,2026-07-23,1030.0,1030.0,25
RNLI,2026-07-23,445.1,458.0,13601
RSDC,2026-07-23,676.0,675.0,1340
NUBL,2026-07-23,636.0,634.4,2126
RSY,2026-07-23,10.03,10.35,1700
RURU,2026-07-23,625.0,634.0,6452
RLEL,2026-07-23,867.1,940.0,19571
SADBL,2026-07-23,425.0,427.0,21539
RMF1,2026-07-23,10.15,9.9,245740
RSML,2026-07-23,3510.0,3516.0,80405
SAHAS,2026-07-23,666.0,664.0,65752
RBCL,2026-07-23,14900.0,14895.0,60
SABBL,2026-07-23,1020.3,1119.0,42190
SANIMA,2026-07-23,367.9,366.0,24603
PCBL,2026-07-23,227.1,239.0,29928
SAGAR,2026-07-23,1750.0,1820.0,29234
RHGCL,2026-07-23,266.2,270.0,40902
SAGF,2026-07-23,10.05,10.2,2440
SARBTM,2026-07-23,808.0,798.0,5592
SALICO,2026-07-23,589.2,604.0,1399
TPKHL,2026-07-23,565.0,590.0,62548
SBL,2026-07-23,380.4,406.0,113029
TTL,2026-07-23,726.7,756.0,10131
SKHL,2026-07-23,904.0,929.0,17258
ULBSL,2026-07-23,2722.0,2831.0,909
SEF,2026-07-23,10.18,10.38,7200
SHINE,2026-07-23,414.0,417.0,11786
SHIVM,2026-07-23,650.0,660.0,58438
NMB,2026-07-23,232.0,243.1,26596
SFMF,2026-07-23,10.5,10.5,11786
SGHC,2026-07-23,330.0,325.0,61027
SGIC,2026-07-23,470.0,478.8,6542
SBI,2026-07-23,392.0,409.0,7387
SHEL,2026-07-23,306.0,312.5,58597
SHL,2026-07-23,498.0,499.6,9794
UHEWA,2026-07-23,600.0,598.0,23374
SCBD,2026-07-23,1135.0,1135.0,33
TPC,2026-07-23,357.0,361.0,12649
SNLI,2026-07-23,435.0,438.1,6454
SCB,2026-07-23,625.2,655.2,1974
ULHC,2026-07-23,379.8,362.2,10466
SHPC,2026-07-23,538.0,515.9,42994
SMATA,2026-07-23,740.0,759.7,572
NIMBPO,2026-07-23,142.6,145.0,4030
SBLD83,2026-07-23,1040.0,1038.0,93
SMH,2026-07-23,515.0,514.9,22173
NLIC,2026-07-23,802.0,763.0,21570
SMJC,2026-07-23,438.0,440.0,9714
SBCF,2026-07-23,9.66,10.18,6400
SLCF,2026-07-23,9.95,10.24,400
SMB,2026-07-23,1878.8,1848.0,2058
SICL,2026-07-23,645.8,634.0,3608
SMFBS,2026-07-23,1567.0,1578.0,735
SMHL,2026-07-23,481.1,488.0,24159
SBLD2091,2026-07-23,1060.0,1060.0,81
SMPDA,2026-07-23,800.0,785.0,415
SBLD89,2026-07-23,1260.0,1270.0,600
SIGS3,2026-07-23,10.5,10.6,376585
SIFC,2026-07-23,520.0,533.0,7222
SNORL,2026-07-23,851.0,995.0,44496
NIMB,2026-07-23,190.0,198.4,69542
UAIL,2026-07-23,448.1,456.1,16603
SRBLD83,2026-07-23,1044.9,1044.9,10
SOHL,2026-07-23,584.0,623.0,284258
SSHL,2026-07-23,211.0,211.7,91952
UMRH,2026-07-23,547.8,540.0,3102
UMHL,2026-07-23,570.0,590.5,23783
SWBBL,2026-07-23,676.0,693.0,65300
SPIL,2026-07-23,715.0,710.0,533
SPL,2026-07-23,677.0,680.0,4550
SRLI,2026-07-23,386.0,384.8,15884
VLBS,2026-07-23,670.1,685.0,992
SWASTIK,2026-07-23,2130.0,2098.0,858
SBID83,2026-07-23,1060.0,1060.0,20
SPC,2026-07-23,425.5,430.0,3060
SWMF,2026-07-23,629.0,638.9,2596
NMFBS,2026-07-23,1125.0,1130.0,7064
SYPNL,2026-07-23,1400.0,1426.9,75287
TAMOR,2026-07-23,460.0,451.5,24468
SPHL,2026-07-23,520.0,553.7,12034
SHLB,2026-07-23,1480.0,1498.0,70
SONA,2026-07-23,419.1,422.0,16385
TRH,2026-07-23,793.0,791.7,827
UPPER,2026-07-23,200.0,200.1,54695
USHEC,2026-07-23,487.5,493.5,2945
USHL,2026-07-23,577.0,550.0,2354
USLB,2026-07-23,1210.1,1200.0,673
UNHPL,2026-07-23,403.0,400.0,12256
TSHL,2026-07-23,393.0,385.0,4613
UNLB,2026-07-23,1280.0,1276.0,888
SOPL,2026-07-23,833.0,905.0,82670
UPCL,2026-07-23,359.1,362.0,44974
SPDL,2026-07-23,380.0,396.0,76025
UNL,2026-07-23,47800.0,48000.0,60
STC,2026-07-23,5200.0,5200.0,1206
VLUCL,2026-07-23,460.0,460.0,3640
WNLB,2026-07-23,1332.0,1368.0,529
TVCL,2026-07-23,495.0,486.5,2785
HHL,2026-07-22,340.0,352.0,56199
PRSF,2026-07-22,12.95,12.68,600
KBSH,2026-07-22,1171.0,1230.0,782
KBLD90,2026-07-22,1470.0,1425.9,5
KBL,2026-07-22,218.5,219.0,208940
LICN,2026-07-22,805.0,804.4,6504
JSLBB,2026-07-22,1000.0,1027.0,1618
KHPL,2026-07-22,942.4,960.0,5111
KAHL,2026-07-22,547.0,560.0,52360
PPL,2026-07-22,324.5,339.0,12678
KDBY,2026-07-22,10.8,11.08,5300
UPCL,2026-07-22,360.0,365.0,58012
RAWA,2026-07-22,448.9,442.0,51392
PURE,2026-07-22,842.0,885.0,24572
KDL,2026-07-22,822.0,812.0,2798
JHAPA,2026-07-22,1126.0,1111.0,11465
GVL,2026-07-22,486.0,490.0,12399
KEF,2026-07-22,10.26,10.63,33350
JBBL,2026-07-22,355.0,349.0,36222
KSBBL,2026-07-22,494.0,486.0,10178
SPIL,2026-07-22,715.0,715.0,12469
SPL,2026-07-22,660.3,677.9,3050
SRLI,2026-07-22,385.3,386.7,5898
UMHL,2026-07-22,580.0,596.4,101286
ULHC,2026-07-22,382.0,372.0,13376
ULBSL,2026-07-22,2753.8,2775.0,984
UHEWA,2026-07-22,582.0,598.8,13045
UAIL,2026-07-22,460.0,456.0,9253
TVCL,2026-07-22,475.3,495.0,17705
UNL,2026-07-22,47800.0,47800.0,10
SNORL,2026-07-22,860.0,875.0,24582
SNLI,2026-07-22,433.1,440.0,3703
SMPDA,2026-07-22,800.0,792.0,716
SHPC,2026-07-22,517.1,512.6,14476
VLUCL,2026-07-22,469.0,460.0,2349
SHLB,2026-07-22,1495.0,1524.0,295
NBL,2026-07-22,269.0,268.9,29103
UPPER,2026-07-22,190.5,199.0,110414
SLBSL,2026-07-22,1110.0,1109.0,1975
SLCF,2026-07-22,10.0,10.1,1700
JOSHI,2026-07-22,270.0,267.8,4831
SHINE,2026-07-22,415.9,414.0,22529
TPC,2026-07-22,358.2,363.0,11270
NBBD2085,2026-07-22,1115.0,1065.0,5
RLFL,2026-07-22,470.0,473.0,57262
RMF2,2026-07-22,10.25,10.12,1100
SPHL,2026-07-22,535.0,546.0,5232
VLBS,2026-07-22,672.0,684.3,3007
USHL,2026-07-22,514.0,550.0,2309
SPDL,2026-07-22,398.0,399.9,130096
SONA,2026-07-22,417.0,419.1,14123
TPKHL,2026-07-22,561.0,565.0,44494
TRH,2026-07-22,799.0,793.0,2520
TSHL,2026-07-22,390.0,392.9,7781
TTL,2026-07-22,747.0,735.0,10097
WNLB,2026-07-22,1369.0,1368.0,154
SPC,2026-07-22,425.4,434.7,2086
SOPL,2026-07-22,845.0,842.1,41452
LEC,2026-07-22,224.8,220.0,70637
SHL,2026-07-22,505.0,502.0,18022
SBL,2026-07-22,400.2,400.4,77485
SMJC,2026-07-22,439.1,449.8,21736
SSHL,2026-07-22,210.2,211.0,117892
SWASTIK,2026-07-22,2120.0,2105.0,956
SWMF,2026-07-22,643.0,639.0,4912
RSDC,2026-07-22,672.0,677.0,6228
SCB,2026-07-22,661.0,658.1,3467
SEF,2026-07-22,9.95,10.18,20177
KMCDB,2026-07-22,792.0,803.0,3285
SHEL,2026-07-22,311.0,308.9,90562
SKHL,2026-07-22,881.2,905.0,11903
SKHEL,2026-07-22,970.3,1008.0,2903
SKBBL,2026-07-22,769.0,767.5,2377
SJLIC,2026-07-22,418.0,421.9,10327
SJCL,2026-07-22,285.0,283.0,7046
SIPD,2026-07-22,670.0,686.9,29651
SINDU,2026-07-22,683.1,729.3,18145
SIKLES,2026-07-22,573.0,564.0,15618
RMF1,2026-07-22,9.85,9.67,335310
USHEC,2026-07-22,500.0,495.2,5757
USLB,2026-07-22,1200.0,1210.0,179
GBBL,2026-07-22,420.0,421.5,32780
SLBBL,2026-07-22,820.0,811.3,3364
NRM,2026-07-22,323.1,325.0,8796
SRBLD83,2026-07-22,1098.9,1059.9,2
SIGS2,2026-07-22,10.04,10.04,100
SLBBLP,2026-07-22,443.0,443.0,14000
NSY,2026-07-22,9.2,9.38,2700
NGPL,2026-07-22,404.0,423.4,167493
STC,2026-07-22,5250.0,5200.0,1220
SBI,2026-07-22,412.0,412.0,50503
SARBTM,2026-07-22,814.0,790.0,25694
NRN,2026-07-22,1459.7,1519.9,185785
SAPDBL,2026-07-22,750.5,794.5,15003
SFEF,2026-07-22,10.0,10.0,1860
SANIMA,2026-07-22,365.0,367.3,59752
SIFC,2026-07-22,522.0,527.0,18006
SIGS3,2026-07-22,10.56,10.5,27008
SMHL,2026-07-22,491.0,484.5,19125
SBCF,2026-07-22,9.9,9.65,6850
UNHPL,2026-07-22,395.1,400.0,14951
NIFRAGED,2026-07-22,1030.0,1030.0,487
SBLD89,2026-07-22,1250.0,1251.0,750
RSML,2026-07-22,3450.0,3681.0,75158
PCIL,2026-07-22,650.0,665.0,42196
NMIC,2026-07-22,934.0,977.0,2126
PHCL,2026-07-22,305.0,305.9,29640
PMLI,2026-07-22,441.1,445.0,4821
RIDI,2026-07-22,390.0,386.0,1107447
NICD88,2026-07-22,1115.0,1115.0,25
RHGCL,2026-07-22,266.0,272.2,12577
OMPL,2026-07-22,960.0,978.0,2656
NIMB,2026-07-22,196.0,197.0,61972
OHL,2026-07-22,685.3,685.0,760
NYADI,2026-07-22,375.0,372.0,8179
NWCL,2026-07-22,731.0,733.9,1771
NIFRA,2026-07-22,259.9,255.0,46525
NICSF,2026-07-22,9.01,9.0,7300
NICLBSL,2026-07-22,559.0,564.9,3933
NICL,2026-07-22,525.0,519.0,11570
RFPL,2026-07-22,342.0,345.0,28089
RNLI,2026-07-22,450.1,456.7,15294
RSY,2026-07-22,10.02,10.29,64700
RHPL,2026-07-22,271.0,265.1,11656
PBLD87,2026-07-22,1087.0,1087.0,25
RBBD2088,2026-07-22,1050.0,1050.0,765
PCBL,2026-07-22,243.0,239.0,19541
RBBD83,2026-07-22,1010.9,1010.9,25
PBD85,2026-07-22,1110.0,1110.0,50
UNLB,2026-07-22,1305.0,1287.9,280
UMRH,2026-07-22,536.0,540.5,5162
KKHC,2026-07-22,267.9,268.5,51773
SAHAS,2026-07-22,665.0,662.0,73205
SAGF,2026-07-22,10.49,10.12,3790
RBBF40,2026-07-22,9.21,9.34,49105
NICFC,2026-07-22,9.0,9.27,1600
RBCL,2026-07-22,14590.0,14474.0,40
SAGAR,2026-07-22,1720.0,1795.0,23162
SADBL,2026-07-22,423.1,425.0,60018
SABBL,2026-07-22,963.3,1074.0,38533
NICBF,2026-07-22,9.1,9.1,400
NICGF2,2026-07-22,9.02,9.11,1000
NRIC,2026-07-22,1000.0,1007.1,34488
PRVU,2026-07-22,194.0,195.0,111920
NHDL,2026-07-22,626.0,646.0,38264
ENL,2026-07-22,863.0,825.0,1366
NIBLGF,2026-07-22,9.49,9.5,6100
NIBLSTF,2026-07-22,8.7,8.6,11900
NIBSF2,2026-07-22,8.81,8.82,21918
NICAD2091,2026-07-22,1025.7,1045.0,430
NMB50,2026-07-22,10.7,10.43,10200
NMB,2026-07-22,243.0,243.9,31540
NLICL,2026-07-22,594.0,589.0,2245
NLIC,2026-07-22,772.0,764.0,13922
NLG,2026-07-22,600.0,594.0,18309
NMFBS,2026-07-22,1130.0,1130.0,2452
NESDO,2026-07-22,1502.0,1503.1,314
ACLBSL,2026-07-22,960.9,952.0,541
RLEL,2026-07-22,888.1,893.9,14317
SANVI,2026-07-22,601.0,607.0,15700
TAMOR,2026-07-22,447.0,452.0,22745
NMLBBL,2026-07-22,537.0,545.0,5611
SWBBL,2026-07-22,694.0,690.0,17605
RURU,2026-07-22,621.2,626.4,4499
PPCL,2026-07-22,348.6,349.0,28952
NFS,2026-07-22,582.0,582.6,10990
PMHPL,2026-07-22,330.0,328.0,3522
NMBMF,2026-07-22,615.1,621.0,3344
NMBHF2,2026-07-22,9.52,9.6,2250
NMBD89/90,2026-07-22,1415.0,1370.0,71
NIBD84,2026-07-22,1069.0,1040.0,80
NHPC,2026-07-22,297.0,285.4,559326
FOWAD,2026-07-22,1000.0,997.0,5433
PRIN,2026-07-22,685.1,685.0,4288
SYPNL,2026-07-22,1334.8,1408.9,69705
NICA,2026-07-22,342.0,340.9,45184
SAIL,2026-07-22,1000.0,1083.8,88041
NIL,2026-07-22,639.9,631.1,13854
NIMBPO,2026-07-22,148.7,147.0,27505
NUBL,2026-07-22,628.0,629.0,7278
NTC,2026-07-22,875.0,857.1,12970
NSIF2,2026-07-22,10.97,10.65,18533
NCCD86,2026-07-22,1299.0,1206.0,231
SHIVM,2026-07-22,657.1,656.0,112792
SMATA,2026-07-22,748.2,751.1,446
MBLEF,2026-07-22,10.0,10.2,900
MAKAR,2026-07-22,460.0,456.0,47797
MABEL,2026-07-22,643.7,625.0,4641
MKCL,2026-07-22,1160.0,1160.0,2479
MKHC,2026-07-22,291.9,300.0,6464
MKJC,2026-07-22,473.0,465.0,1770
LSL,2026-07-22,220.0,225.0,138502
LLBS,2026-07-22,915.0,920.0,78
JBLB,2026-07-22,1255.1,1275.3,2109
MEN,2026-07-22,600.0,595.0,161649
HLICF,2026-07-22,8.48,8.95,1300
MERO,2026-07-22,739.0,708.0,7631
MHCL,2026-07-22,334.9,321.0,1792
MSLB,2026-07-22,1225.0,1221.0,157
MSHL,2026-07-22,650.0,635.0,735
LVF2,2026-07-22,9.81,9.75,16000
MPFL,2026-07-22,600.0,621.8,13077
MCHL,2026-07-22,293.0,293.0,7589
MNBBL,2026-07-22,376.5,372.0,28844
MMF1,2026-07-22,9.18,9.69,16100
BNHC,2026-07-22,290.4,296.9,26437
MANDU,2026-07-22,801.1,824.0,2016
MATRI,2026-07-22,890.2,874.0,2579
BNL,2026-07-22,15200.0,15200.0,30
CFCL,2026-07-22,602.0,641.3,113396
NBLD85,2026-07-22,1050.1,1050.1,25
CKHL,2026-07-22,607.1,604.9,15236
CLI,2026-07-22,429.0,450.0,5568
CORBL,2026-07-22,1390.0,1439.0,80525
H8020,2026-07-22,11.97,12.3,469
BJHL,2026-07-22,794.0,756.1,8067
BEDC,2026-07-22,330.0,330.1,17694
EBLD86,2026-07-22,1095.0,1095.0,25
SMFBS,2026-07-22,1621.0,1575.0,845
SMB,2026-07-22,1895.0,1844.1,1353
MEL,2026-07-22,235.0,224.6,24096
MEHL,2026-07-22,310.1,315.0,4823
MDB,2026-07-22,590.0,587.0,2717
MBJC,2026-07-22,270.0,275.0,8848
NABIL,2026-07-22,550.0,546.8,48017
MMKJL,2026-07-22,442.0,463.4,2554
MLBSL,2026-07-22,1740.0,1711.0,210
SGHC,2026-07-22,316.0,333.0,69010
BNT,2026-07-22,11573.0,11571.0,30
MKHL,2026-07-22,510.1,514.5,17642
MLBS,2026-07-22,1224.0,1190.0,120
HLI,2026-07-22,334.0,335.0,43991
HLBSL,2026-07-22,890.0,900.0,259
HIMSTAR,2026-07-22,755.0,751.0,8786
HIDCLP,2026-07-22,198.0,195.0,89847
ICFC,2026-07-22,620.0,618.0,5520
HURJA,2026-07-22,245.1,240.0,62330
FMDBL,2026-07-22,780.6,773.0,8719
MHNL,2026-07-22,237.3,242.9,16493
HFIN,2026-07-22,685.0,706.9,33081
IHL,2026-07-22,360.0,366.0,2901
ILBS,2026-07-22,840.0,890.0,1399
ILI,2026-07-22,404.0,424.0,3020
JBBD87,2026-07-22,1111.2,1111.2,25
KSY,2026-07-22,10.0,9.76,10300
PROFL,2026-07-22,448.7,444.0,6781
KPCL,2026-07-22,480.0,476.8,5024
SICL,2026-07-22,635.0,635.0,8698
NBF3,2026-07-22,10.0,10.01,23750
MFIL,2026-07-22,772.0,800.0,41644
MLBLD89,2026-07-22,1280.4,1280.4,25
MLBL,2026-07-22,364.9,358.9,10084
MLBBL,2026-07-22,1176.5,1147.1,589
MNMF1,2026-07-22,9.8,9.85,50221
NBF2,2026-07-22,9.81,10.09,2880
LUK,2026-07-22,9.76,9.76,100
ICFCD88,2026-07-22,1123.0,1121.0,75
HPPL,2026-07-22,360.0,370.0,91191
HRL,2026-07-22,677.2,636.2,151511
LBLD88,2026-07-22,1118.5,1118.5,60
LBBLD89,2026-07-22,1329.9,1290.1,372
LBBL,2026-07-22,494.2,495.5,37047
IGI,2026-07-22,444.4,450.0,16061
ICFCD89,2026-07-22,1090.0,1091.0,491
JFL,2026-07-22,403.0,405.5,7555
MHL,2026-07-22,480.3,485.0,5344
MBL,2026-07-22,254.3,254.0,71269
GUFL,2026-07-22,560.0,565.0,11325
GFCL,2026-07-22,615.1,633.0,32871
HDHPC,2026-07-22,218.0,221.0,181769
BHCL,2026-07-22,510.0,499.0,39493
BGWT,2026-07-22,601.0,613.0,3182
BFC,2026-07-22,530.0,535.1,289485
EBLD91,2026-07-22,1090.0,1090.0,125
BOKD86KA,2026-07-22,1169.0,1134.0,136
ECL,2026-07-22,441.0,492.4,100
EHPL,2026-07-22,370.0,356.8,15190
CZBIL,2026-07-22,200.5,203.0,29829
GRDBL,2026-07-22,1030.0,1078.0,16288
GMFIL,2026-07-22,472.9,475.0,39826
GMFBS,2026-07-22,1313.0,1251.7,1212
GLH,2026-07-22,260.0,258.9,29543
GLBSL,2026-07-22,1799.9,1813.0,499
GILB,2026-07-22,1115.0,1120.8,3591
GIBF1,2026-07-22,10.31,10.55,22650
DDBL,2026-07-22,850.0,842.1,4449
CITY,2026-07-22,375.6,390.0,399404
GHL,2026-07-22,232.1,231.0,46936
GCIL,2026-07-22,360.0,365.0,22329
NABBC,2026-07-22,750.5,792.0,10657
SMH,2026-07-22,518.0,514.0,12605
SGIC,2026-07-22,471.3,472.0,4866
SGHL,2026-07-22,539.0,528.0,89670
SALICO,2026-07-22,610.0,599.0,14126
SOHL,2026-07-22,600.0,584.0,64375
NADEP,2026-07-22,735.0,747.0,3070
GBIMESY2,2026-07-22,9.3,9.4,3350
GBIME,2026-07-22,245.0,247.2,136705
GBLBS,2026-07-22,746.1,762.0,1366
EBL,2026-07-22,720.0,718.0,12550
DORDI,2026-07-22,260.3,262.0,14235
DOLTI,2026-07-22,338.9,334.9,26029
DLBS,2026-07-22,1200.0,1249.0,5635
DHPL,2026-07-22,299.0,296.5,8229
DHEL,2026-07-22,590.0,595.0,18488
EBLD85,2026-07-22,1150.0,1150.0,25
GSY,2026-07-22,10.0,9.9,75400
GMLI,2026-07-22,1215.0,1200.0,5648
ADBL,2026-07-22,314.0,318.9,79891
BBC,2026-07-22,4300.0,4268.0,545
BHL,2026-07-22,220.0,215.5,77294
ALBSL,2026-07-22,1060.0,1101.0,2604
PSF,2026-07-22,12.3,12.0,18715
YMHL,2026-07-22,602.7,633.3,33068
RADHI,2026-07-22,745.0,745.1,114815
AVYAN,2026-07-22,1076.3,1074.0,4771
BANDIPUR,2026-07-22,740.0,739.1,20471
APHL,2026-07-22,827.1,837.5,19020
HEI,2026-07-22,535.0,532.0,8219
CHCL,2026-07-22,493.0,495.2,44279
AHL,2026-07-22,445.0,430.8,1222
CGH,2026-07-22,794.8,785.0,6372
CBBL,2026-07-22,936.0,933.5,19042
C30MF,2026-07-22,10.0,10.09,13380
BUNGAL,2026-07-22,607.0,705.0,65595
BPCL,2026-07-22,640.0,671.8,24712
BARUN,2026-07-22,330.0,335.0,29119
AHPC,2026-07-22,278.0,275.0,53003
CYCL,2026-07-22,1356.0,1375.0,400
HDL,2026-07-22,1181.0,1178.0,30326
BHPL,2026-07-22,490.0,495.9,7959
CSY,2026-07-22,9.1,9.32,12484
HATHY,2026-07-22,770.0,755.0,9728
HBL,2026-07-22,199.2,200.9,29548
CIT,2026-07-22,1730.5,1724.0,4080
CHL,2026-07-22,273.0,268.0,12159
CREST,2026-07-22,1220.0,1222.0,10216
EDBL,2026-07-22,586.0,583.0,5908
HIDCL,2026-07-22,262.6,266.0,64784
AKPL,2026-07-22,263.0,267.0,135933
BHDC,2026-07-22,437.4,445.0,5850
AKJCL,2026-07-22,385.0,388.0,599402
ANLB,2026-07-22,5650.0,5841.0,1491
CHDC,2026-07-22,2160.0,2219.0,10269
ALICL,2026-07-22,440.0,438.0,13723
API,2026-07-22,340.0,343.5,229342
HEIP,2026-07-21,330.0,340.0,3747
HEI,2026-07-21,541.0,539.9,6688
KDL,2026-07-21,824.0,816.0,2299
IHL,2026-07-21,362.2,370.0,10216
MHNL,2026-07-21,247.0,244.5,33353
HRL,2026-07-21,624.0,645.0,341552
MHCL,2026-07-21,335.0,328.0,9465
MKCL,2026-07-21,1136.0,1164.0,1669
UNHPL,2026-07-21,400.0,404.8,49748
HIDCL,2026-07-21,280.3,268.8,75633
KBSH,2026-07-21,1250.0,1200.0,963
NABILD2089,2026-07-21,1107.8,1057.0,38810
PRVU,2026-07-21,208.0,197.2,159581
ICFCD88,2026-07-21,1123.0,1123.0,25
ICFCD89,2026-07-21,1100.0,1090.0,634
KKHC,2026-07-21,271.9,268.0,70435
JHAPA,2026-07-21,1083.0,1148.0,11053
KBLD89,2026-07-21,1228.0,1226.0,168
JBLB,2026-07-21,1281.0,1289.0,4138
KHPL,2026-07-21,997.0,992.0,11513
KAHL,2026-07-21,510.0,546.1,78927
KBL,2026-07-21,223.9,220.9,294583
KBLD90,2026-07-21,1470.0,1470.0,57
JOSHI,2026-07-21,274.0,272.0,24021
HIMSTAR,2026-07-21,770.0,774.9,15018
CORBL,2026-07-21,1450.0,1400.0,110145
HIDCLP,2026-07-21,209.4,198.0,126820
JSLBB,2026-07-21,1001.5,1010.0,785
UPPER,2026-07-21,202.5,200.5,101133
SHEL,2026-07-21,316.0,311.0,92747
SHINE,2026-07-21,416.0,415.9,22547
SICL,2026-07-21,639.9,638.0,4345
USHEC,2026-07-21,502.0,506.0,13653
TPKHL,2026-07-21,536.1,563.0,72970
TRH,2026-07-21,788.1,788.0,3391
TSHL,2026-07-21,412.0,398.0,13800
SHIVM,2026-07-21,666.0,663.1,152420
CIZBD90,2026-07-21,1177.0,1215.0,75
SNLI,2026-07-21,442.5,445.0,16324
UNLB,2026-07-21,1304.0,1292.0,1323
SOPL,2026-07-21,848.0,845.0,70713
PSF,2026-07-21,11.94,12.0,116749
PROFL,2026-07-21,441.0,440.0,7800
UAIL,2026-07-21,470.2,468.7,12044
VLUCL,2026-07-21,445.0,469.0,9872
UMRH,2026-07-21,543.9,549.9,10942
SGIC,2026-07-21,480.0,480.0,17911
SGHC,2026-07-21,339.0,332.0,67420
NIFRAGED,2026-07-21,1023.1,1030.0,130
SMHL,2026-07-21,498.5,491.0,34365
SIFC,2026-07-21,532.0,527.9,10811
VLBS,2026-07-21,703.0,692.0,2949
NICA,2026-07-21,325.0,342.0,56528
NIMB,2026-07-21,201.0,198.5,169137
NMBHF2,2026-07-21,9.58,9.7,26800
NMBMF,2026-07-21,620.0,629.0,1560
SOHL,2026-07-21,570.0,592.0,135872
USHL,2026-07-21,567.0,540.8,8194
SPL,2026-07-21,695.0,679.0,2290
SPIL,2026-07-21,725.0,715.0,2068
SPDL,2026-07-21,412.9,402.0,140886
SGHL,2026-07-21,505.0,536.0,129965
SONA,2026-07-21,424.0,425.0,22728
SSHL,2026-07-21,223.6,214.0,178577
SRLI,2026-07-21,394.9,390.0,18697
SPC,2026-07-21,417.9,436.3,5319
UMHL,2026-07-21,570.0,600.0,35927
ULBSL,2026-07-21,2750.0,2839.0,480
ECL,2026-07-21,376.1,428.2,160
SAPDBL,2026-07-21,800.0,790.0,18231
SEF,2026-07-21,10.2,10.1,11000
FOWAD,2026-07-21,1029.9,1005.0,1406
SBL,2026-07-21,405.0,399.0,116064
SBI,2026-07-21,407.0,410.0,63183
SBCF,2026-07-21,10.0,10.0,400
SARBTM,2026-07-21,813.0,814.0,8330
NHDL,2026-07-21,647.0,644.1,4863
GBBD85,2026-07-21,1067.0,1067.0,25
NBL,2026-07-21,272.0,269.0,27376
SIKLES,2026-07-21,576.0,570.0,16584
SBLD89,2026-07-21,1215.0,1235.0,425
MND84/85,2026-07-21,1070.0,1070.0,155
NBF3,2026-07-21,9.95,10.0,23354
SWASTIK,2026-07-21,2145.0,2142.0,882
SLBBL,2026-07-21,810.0,820.1,2773
NHPC,2026-07-21,285.0,282.9,659711
GUFL,2026-07-21,572.0,565.0,15007
SNORL,2026-07-21,850.0,880.0,45822
UHEWA,2026-07-21,593.0,600.0,58298
SANVI,2026-07-21,640.0,618.1,22751
SMJC,2026-07-21,429.4,450.0,11674
CLI,2026-07-21,464.6,451.5,13496
TVCL,2026-07-21,481.1,489.9,8013
USLB,2026-07-21,1205.1,1205.0,2368
UNL,2026-07-21,47040.0,47040.0,10
RADHI,2026-07-21,764.9,762.5,121806
SBLD2091,2026-07-21,1055.0,1079.3,25866
WNLB,2026-07-21,1380.0,1378.1,965
NIMBPO,2026-07-21,145.5,146.0,794
TTL,2026-07-21,758.0,754.0,20306
SFEF,2026-07-21,10.0,10.1,1400
UPCL,2026-07-21,365.0,365.9,92193
FMDBL,2026-07-21,760.0,780.5,15195
SLBSL,2026-07-21,1150.0,1120.0,4265
SLCF,2026-07-21,10.0,9.95,11920
SCB,2026-07-21,665.0,663.9,8964
SPHL,2026-07-21,550.0,545.0,9824
ULHC,2026-07-21,365.2,371.0,18169
SMATA,2026-07-21,775.0,760.5,2083
SWBBL,2026-07-21,690.0,688.0,23136
EHPL,2026-07-21,370.0,361.6,17531
RSDC,2026-07-21,679.0,668.0,16999
NTC,2026-07-21,875.0,864.9,6076
RBBD2088,2026-07-21,1032.0,1032.1,826
SMFBS,2026-07-21,1555.0,1543.9,820
STC,2026-07-21,5378.0,5250.0,481
RHGCL,2026-07-21,277.0,280.0,24789
NYADI,2026-07-21,383.0,377.0,6280
PMHPL,2026-07-21,325.1,330.0,18414
PCIL,2026-07-21,665.0,665.0,71400
NICLBSL,2026-07-21,577.0,564.7,5863
RNLI,2026-07-21,460.5,458.9,34536
RLFL,2026-07-21,470.0,465.2,50923
SALICO,2026-07-21,610.0,610.4,9246
RLEL,2026-07-21,940.0,905.0,19232
RFPL,2026-07-21,369.6,350.0,24743
SMB,2026-07-21,1900.0,1890.0,559
RIDI,2026-07-21,350.0,378.9,1497165
SHLB,2026-07-21,1472.0,1540.0,430
SABBL,2026-07-21,996.0,1014.0,46712
NLIC,2026-07-21,806.0,773.9,26947
PRSF,2026-07-21,12.75,12.89,147584
NMB,2026-07-21,246.0,244.9,45808
PPL,2026-07-21,324.0,341.5,49192
CKHL,2026-07-21,635.0,620.1,3014
NICGF2,2026-07-21,9.1,9.1,900
NICFC,2026-07-21,9.5,9.03,68780
RSY,2026-07-21,9.95,10.1,50908
NLICL,2026-07-21,590.0,594.0,11954
RHPL,2026-07-21,265.0,271.8,24913
RAWA,2026-07-21,453.5,447.0,43852
OHL,2026-07-21,703.4,698.8,4353
OMPL,2026-07-21,989.0,989.0,6207
RBCL,2026-07-21,14898.0,14898.0,10
PPCL,2026-07-21,378.0,359.0,11606
RSML,2026-07-21,3460.0,3545.0,77289
PHCL,2026-07-21,310.0,307.0,91387
RBCLPO,2026-07-21,12150.0,11999.0,30
PCBL,2026-07-21,243.0,242.7,47015
NMBD89/90,2026-07-21,1460.0,1415.0,11
SAIL,2026-07-21,1069.0,1038.9,59912
NICD88,2026-07-21,1085.0,1095.0,110
NIFRA,2026-07-21,257.0,256.9,90157
TPC,2026-07-21,372.5,366.8,10638
ACLBSL,2026-07-21,920.0,966.8,786
SKHEL,2026-07-21,1028.0,999.8,5627
RURU,2026-07-21,625.0,633.0,7037
NICAD2091,2026-07-21,1057.3,1057.3,20
NMB50,2026-07-21,10.56,10.66,25612
NESDO,2026-07-21,1548.0,1519.0,897
NWCL,2026-07-21,759.9,742.0,3496
SWMF,2026-07-21,647.0,644.9,5096
NLG,2026-07-21,600.0,598.0,21712
NMFBS,2026-07-21,1140.0,1130.0,1814
NUBL,2026-07-21,635.0,632.0,2532
PBD88,2026-07-21,1250.0,1250.0,20
NICBF,2026-07-21,9.08,9.1,2200
SMH,2026-07-21,519.0,521.9,75905
SADBL,2026-07-21,422.8,425.0,36314
RMF2,2026-07-21,9.77,10.3,8210
NICSF,2026-07-21,9.01,9.0,5550
NFS,2026-07-21,588.0,580.0,11307
PMLI,2026-07-21,454.4,450.0,8197
SAHAS,2026-07-21,670.0,665.0,138790
SAGAR,2026-07-21,1726.9,1768.1,20809
TAMOR,2026-07-21,456.0,454.0,50356
SYPNL,2026-07-21,1327.7,1405.0,96349
NMIC,2026-07-21,979.9,959.0,6113
NMLBBL,2026-07-21,562.5,552.0,5746
NRIC,2026-07-21,1030.0,1018.0,82944
NRM,2026-07-21,322.0,330.0,25233
NIBSF2,2026-07-21,8.73,9.0,23000
NIBLSTF,2026-07-21,8.66,8.67,1500
NIBLGF,2026-07-21,10.24,9.78,9000
RMF1,2026-07-21,10.0,9.9,62025
SKHL,2026-07-21,892.4,899.0,22590
KEF,2026-07-21,10.3,10.4,14590
SIPD,2026-07-21,675.0,685.0,37278
SKBBL,2026-07-21,803.2,769.0,7696
ILI,2026-07-21,427.7,424.3,13660
MSLB,2026-07-21,1221.0,1248.0,1124
NABBC,2026-07-21,811.0,790.0,16399
NABIL,2026-07-21,552.0,549.0,102884
JBBL,2026-07-21,357.0,354.0,32674
MCHL,2026-07-21,302.1,301.3,7178
MDB,2026-07-21,594.0,594.2,8366
MBL,2026-07-21,250.0,255.5,83782
SJCL,2026-07-21,280.0,285.0,12773
MBJC,2026-07-21,275.1,277.5,18521
MATRI,2026-07-21,889.9,865.0,1130
MANDU,2026-07-21,801.1,805.1,3008
MAKAR,2026-07-21,446.7,460.0,43388
MBLEF,2026-07-21,10.0,10.0,800
MBLD87,2026-07-21,1161.0,1161.0,5
NBLD85,2026-07-21,1067.0,1080.0,29980
LEC,2026-07-21,228.5,222.3,117551
NGPL,2026-07-21,435.0,425.0,174734
MLBBL,2026-07-21,1124.3,1176.5,1594
LLBS,2026-07-21,955.0,938.0,695
CHL,2026-07-21,277.0,273.5,23160
CHCL,2026-07-21,496.0,495.9,70099
HDHPC,2026-07-21,222.0,220.5,351246
GBIME,2026-07-21,248.5,246.9,119856
SMPDA,2026-07-21,775.0,800.0,1767
HBL,2026-07-21,200.0,202.0,74503
CREST,2026-07-21,1205.0,1239.7,13937
BNT,2026-07-21,11800.0,11621.0,20
MABEL,2026-07-21,611.0,635.9,14570
BNL,2026-07-21,14500.0,15200.0,60
BNHC,2026-07-21,299.0,294.0,61070
BHPL,2026-07-21,510.0,504.0,18593
CGH,2026-07-21,786.0,783.2,6576
BUNGAL,2026-07-21,638.0,638.0,74590
BPCL,2026-07-21,663.0,673.0,41027
CBBL,2026-07-21,936.0,935.0,27633
MMKJL,2026-07-21,456.0,465.0,4295
IGI,2026-07-21,444.1,452.7,13205
NBF2,2026-07-21,10.1,9.81,7200
KSBBL,2026-07-21,488.0,490.0,69100
YMHL,2026-07-21,623.0,630.0,46790
LICN,2026-07-21,806.0,796.5,13352
RBBF40,2026-07-21,9.1,9.18,6700
KMCDB,2026-07-21,802.0,815.0,609
HHL,2026-07-21,350.0,350.0,39913
LUK,2026-07-21,10.2,9.99,13850
KPCL,2026-07-21,490.0,480.2,13052
KDBY,2026-07-21,10.86,11.11,6710
MKHC,2026-07-21,300.1,300.9,10735
HURJA,2026-07-21,253.0,245.1,64980
HPPL,2026-07-21,382.0,371.5,116926
HLICF,2026-07-21,8.74,8.73,1525
HLI,2026-07-21,331.5,334.0,41122
KSY,2026-07-21,9.75,10.0,29495
ICFC,2026-07-21,619.1,622.0,7446
MSHL,2026-07-21,655.0,636.4,327
MHL,2026-07-21,490.0,490.0,9016
ILBS,2026-07-21,935.0,883.0,1208
NSY,2026-07-21,9.41,9.42,7100
MKJC,2026-07-21,470.0,464.0,10602
NRN,2026-07-21,1425.0,1495.0,147423
ENL,2026-07-21,830.1,851.9,329
PRIN,2026-07-21,709.8,692.0,6285
MEHL,2026-07-21,330.0,315.0,6814
MKHL,2026-07-21,512.0,519.0,14809
NSIF2,2026-07-21,10.7,10.88,23350
MLBL,2026-07-21,366.9,361.0,25201
LSL,2026-07-21,223.0,223.6,333917
HLBSL,2026-07-21,899.6,905.9,2614
MNBBL,2026-07-21,376.8,376.0,41586
MMF1,2026-07-21,10.0,9.46,80084
MLBSL,2026-07-21,1780.0,1767.0,352
MLBS,2026-07-21,1175.0,1166.0,652
LVF2,2026-07-21,9.85,9.88,7720
MNMF1,2026-07-21,9.8,9.85,117930
MPFL,2026-07-21,626.0,622.0,11756
NICL,2026-07-21,538.4,525.9,13979
AVYAN,2026-07-21,1075.6,1096.0,6512
C30MF,2026-07-21,10.0,10.01,11100
GFCL,2026-07-21,630.0,628.9,12435
EBL,2026-07-21,718.1,720.5,34312
DORDI,2026-07-21,270.0,266.7,32342
DOLTI,2026-07-21,334.0,339.0,44808
DLBS,2026-07-21,1200.0,1216.0,219
GSY,2026-07-21,10.0,10.0,23120
H8020,2026-07-21,11.56,11.97,2300
DHPL,2026-07-21,330.0,307.8,19679
BFC,2026-07-21,513.0,530.0,106044
GCIL,2026-07-21,373.0,368.9,25472
BHL,2026-07-21,222.0,217.5,118595
CSY,2026-07-21,9.03,9.1,9948
HDL,2026-07-21,1180.0,1188.5,48777
JFL,2026-07-21,402.0,403.9,6318
DDBL,2026-07-21,811.8,850.0,5247
CZBIL,2026-07-21,195.0,203.5,52657
GHL,2026-07-21,237.0,232.0,57541
EBLD85,2026-07-21,1131.0,1131.0,25
MEN,2026-07-21,610.0,600.0,51644
MEL,2026-07-21,226.0,225.0,22998
EBLD86,2026-07-21,1085.0,1100.0,105
SINDU,2026-07-21,703.0,719.0,7424
SIGS3,2026-07-21,10.37,10.5,102400
SFMF,2026-07-21,10.3,10.3,91560
SIGS2,2026-07-21,10.35,10.35,1000
SHL,2026-07-21,503.9,505.0,31042
SANIMA,2026-07-21,363.0,368.0,112394
SJLIC,2026-07-21,426.0,424.9,12357
SHPC,2026-07-21,522.0,517.0,26580
BHCL,2026-07-21,500.0,505.0,53742
NIL,2026-07-21,645.0,635.0,6177
BEDC,2026-07-21,334.0,334.5,39992
BBC,2026-07-21,4299.7,4390.0,1912
GVL,2026-07-21,496.0,492.0,21058
LBBL,2026-07-21,510.0,498.0,56618
DHEL,2026-07-21,580.0,600.0,29310
GMLI,2026-07-21,1286.9,1248.9,450
EDBL,2026-07-21,588.0,578.0,8979
BJHL,2026-07-21,808.0,771.0,13838
AHPC,2026-07-21,280.0,278.0,112300
ANLB,2026-07-21,5640.0,5845.0,2620
ALICL,2026-07-21,451.9,442.0,17026
ALBSL,2026-07-21,1045.0,1099.1,6135
AKPL,2026-07-21,280.8,265.0,67613
GRDBL,2026-07-21,1055.5,1077.0,6926
GBBL,2026-07-21,421.0,423.9,78160
AKJCL,2026-07-21,360.0,385.0,822835
PURE,2026-07-21,872.0,841.0,8595
CIT,2026-07-21,1715.0,1730.1,5887
BHDC,2026-07-21,447.6,447.1,17153
BGWT,2026-07-21,607.0,614.9,7510
HFIN,2026-07-21,722.0,721.0,47746
CFCL,2026-07-21,605.0,633.0,110669
AHL,2026-07-21,436.0,435.0,7840
ADBL,2026-07-21,314.9,314.0,39052
BANDIPUR,2026-07-21,746.0,745.0,44061
GLH,2026-07-21,263.1,263.9,62887
APHL,2026-07-21,832.0,840.2,46207
BARUN,2026-07-21,335.1,339.0,33137
GMFBS,2026-07-21,1206.1,1251.0,1000
GLBSL,2026-07-21,1900.0,1766.1,236
MFIL,2026-07-21,780.0,793.9,31009
CHDC,2026-07-21,2250.0,2209.0,39734
API,2026-07-21,346.0,344.0,409983
NADEP,2026-07-21,743.0,740.0,289
CITY,2026-07-21,389.0,377.0,207128
GBIMESY2,2026-07-21,9.26,9.3,400
MERO,2026-07-21,730.0,703.9,8476
JBBD87,2026-07-21,1140.0,1105.8,49010
GMFIL,2026-07-21,470.0,469.9,26242
GBLBS,2026-07-21,793.8,759.0,3843
GILB,2026-07-21,1111.1,1115.0,1536
CYCL,2026-07-21,1337.0,1385.0,1045
GIBF1,2026-07-21,10.41,10.52,7070
HATHY,2026-07-21,785.0,770.0,30191
OHL,2026-07-20,690.0,704.8,2595
RLFL,2026-07-20,470.0,475.0,42873
NGPL,2026-07-20,419.9,428.8,251112
SAPDBL,2026-07-20,732.2,797.0,18862
NYADI,2026-07-20,386.2,385.0,8259
SNORL,2026-07-20,810.0,830.0,26070
PCBL,2026-07-20,230.0,242.5,33893
USHEC,2026-07-20,501.0,500.1,8723
AHL,2026-07-20,428.0,439.9,4046
CKHL,2026-07-20,630.0,648.9,2519
SWMF,2026-07-20,640.0,644.9,4457
SAND2085,2026-07-20,1245.0,1207.7,502
NMLBBL,2026-07-20,557.0,553.0,4360
RSDC,2026-07-20,666.0,673.9,5985
SMJC,2026-07-20,449.9,452.0,17260
SKHEL,2026-07-20,1000.0,1029.8,5311
ICFCD89,2026-07-20,1090.1,1100.0,200
HURJA,2026-07-20,239.0,247.4,89500
SEF,2026-07-20,9.99,10.2,41510
HPPL,2026-07-20,360.0,373.1,139567
HLICF,2026-07-20,8.42,8.74,10620
HLI,2026-07-20,344.4,335.5,46358
HLBSL,2026-07-20,899.0,895.0,1241
HIMSTAR,2026-07-20,714.0,762.0,10958
HIDCLP,2026-07-20,198.0,199.5,212296
LICN,2026-07-20,805.0,804.5,5279
JFL,2026-07-20,399.0,401.9,4910
LLBS,2026-07-20,940.9,930.2,1821
MFIL,2026-07-20,800.0,802.0,65980
MERO,2026-07-20,749.7,712.0,5599
KPCL,2026-07-20,475.0,485.0,7702
KMCDB,2026-07-20,809.0,802.0,1073
KKHC,2026-07-20,260.0,267.0,66730
LEC,2026-07-20,219.0,225.4,168116
ICFC,2026-07-20,609.0,619.5,4928
SICL,2026-07-20,620.0,634.0,5785
NRN,2026-07-20,1449.0,1470.0,85891
NMBMF,2026-07-20,630.0,629.0,896
TAMOR,2026-07-20,455.2,452.1,21223
UMHL,2026-07-20,585.0,600.0,47646
SPC,2026-07-20,446.0,439.8,5615
SADBL,2026-07-20,413.9,422.0,27336
SGHL,2026-07-20,481.0,503.0,101629
SIKLES,2026-07-20,565.0,576.0,6941
PRVU,2026-07-20,197.0,198.5,168988
DDBL,2026-07-20,861.0,854.5,8964
NABIL,2026-07-20,550.0,550.0,100779
TPC,2026-07-20,368.0,367.0,10946
TSHL,2026-07-20,413.0,411.0,21029
SAHAS,2026-07-20,665.0,666.5,124831
VLBS,2026-07-20,680.0,692.0,1900
SJCL,2026-07-20,285.0,285.3,10633
SMH,2026-07-20,518.0,513.2,35811
GMFIL,2026-07-20,468.0,470.0,13779
NIL,2026-07-20,620.0,635.4,7086
SHEL,2026-07-20,312.0,316.0,68754
KBLD89,2026-07-20,1255.0,1255.0,32
NBF2,2026-07-20,10.0,10.1,2800
WNLB,2026-07-20,1360.0,1370.0,343
RHGCL,2026-07-20,283.5,277.0,17559
PCIL,2026-07-20,650.0,665.0,50863
PHCL,2026-07-20,303.0,309.9,81908
SALICO,2026-07-20,606.0,610.0,4862
PMHPL,2026-07-20,316.1,328.0,8635
SLCF,2026-07-20,10.2,10.0,3038
PRIN,2026-07-20,698.0,702.4,5527
PURE,2026-07-20,870.0,872.0,5091
OMPL,2026-07-20,943.0,989.0,6316
ACLBSL,2026-07-20,930.0,945.0,618
NMB,2026-07-20,233.0,246.0,52880
NTC,2026-07-20,880.0,869.0,9133
RMF2,2026-07-20,9.65,9.99,2600
SARBTM,2026-07-20,800.0,813.0,4981
NICL,2026-07-20,523.0,532.0,15876
RLEL,2026-07-20,820.0,916.0,31692
SBCF,2026-07-20,10.11,10.15,9100
RHPL,2026-07-20,263.0,267.0,11309
RIDI,2026-07-20,332.1,359.7,576803
HEIP,2026-07-20,340.0,340.0,23
GMLI,2026-07-20,1267.9,1253.9,2413
SJLIC,2026-07-20,424.0,426.0,22968
NMFBS,2026-07-20,1140.0,1139.0,4192
NIFRAGED,2026-07-20,1033.0,1020.8,205
SWASTIK,2026-07-20,2090.0,2180.0,960
ENL,2026-07-20,858.0,851.0,541
GFCL,2026-07-20,620.0,627.9,10603
SONA,2026-07-20,418.0,425.0,25975
NABBC,2026-07-20,800.2,815.0,100977
MEN,2026-07-20,595.0,600.0,88947
HBLD83,2026-07-20,1019.0,1019.0,100
SWBBL,2026-07-20,688.0,682.9,18663
GBIME,2026-07-20,246.0,245.0,82844
MMF1,2026-07-20,10.0,9.75,7704
UPCL,2026-07-20,352.0,370.0,78562
ICFCD83,2026-07-20,1211.7,1272.2,1
MLBBL,2026-07-20,1179.5,1166.0,1699
SNLI,2026-07-20,433.0,442.5,8954
SIGS2,2026-07-20,10.5,10.5,300
SLBSL,2026-07-20,1138.0,1104.5,1622
KBL,2026-07-20,209.0,220.0,273423
ALICL,2026-07-20,440.0,442.5,18488
BHPL,2026-07-20,489.0,486.1,4788
AKPL,2026-07-20,274.7,267.5,74585
AKJCL,2026-07-20,362.9,374.4,785535
NIBLSTF,2026-07-20,8.91,8.91,59800
BUNGAL,2026-07-20,594.0,667.0,92800
DHEL,2026-07-20,572.0,599.0,16294
C30MF,2026-07-20,10.0,10.02,6200
GCIL,2026-07-20,385.3,372.0,31484
HBL,2026-07-20,190.0,200.7,28825
MNMF1,2026-07-20,9.6,9.9,7500
CLI,2026-07-20,450.0,457.5,10614
BBC,2026-07-20,4101.0,4250.0,291
ALBSL,2026-07-20,1030.0,1083.9,2929
BANDIPUR,2026-07-20,740.0,744.0,39527
BARUN,2026-07-20,330.8,338.0,58226
API,2026-07-20,339.0,346.0,374987
APHL,2026-07-20,830.0,843.9,31993
NLICL,2026-07-20,585.0,590.0,9262
NMB50,2026-07-20,10.89,10.88,45355
NABILD87,2026-07-20,1158.0,1122.4,130
AHPC,2026-07-20,275.0,279.1,148502
NMBHF2,2026-07-20,9.5,9.77,8620
NBF3,2026-07-20,9.95,10.0,31580
SANIMA,2026-07-20,361.0,362.5,46296
UNHPL,2026-07-20,398.0,405.0,48188
SBI,2026-07-20,380.0,409.0,40616
PPL,2026-07-20,323.0,341.0,36655
NRIC,2026-07-20,913.0,1000.0,62179
FOWAD,2026-07-20,1004.0,1000.0,1214
NMIC,2026-07-20,932.0,964.0,5428
NIBSF2,2026-07-20,8.7,9.0,13750
NICBF,2026-07-20,9.05,9.1,1500
RSY,2026-07-20,9.95,10.1,12000
ILBS,2026-07-20,917.0,891.0,2345
RURU,2026-07-20,632.0,634.0,12374
RBCL,2026-07-20,14631.0,14627.0,100
AVYAN,2026-07-20,1055.1,1098.0,5813
SPL,2026-07-20,692.0,684.0,3997
SLBBL,2026-07-20,826.0,820.0,2183
NICFC,2026-07-20,9.1,9.3,1500
MBLD87,2026-07-20,1161.0,1161.0,25
MBL,2026-07-20,262.0,258.1,97419
MBJC,2026-07-20,275.0,277.0,11193
SKBBL,2026-07-20,760.0,765.0,7794
MANDU,2026-07-20,790.1,801.1,3691
MAKAR,2026-07-20,491.0,470.2,15690
LVF2,2026-07-20,9.8,9.81,1500
MHNL,2026-07-20,240.0,246.9,18310
MKCL,2026-07-20,1090.0,1149.0,2110
MKHC,2026-07-20,293.0,301.4,12896
MKHL,2026-07-20,518.0,527.3,13017
MLBSL,2026-07-20,1780.0,1780.0,46
GBBL,2026-07-20,412.0,421.0,59719
HATHY,2026-07-20,720.0,782.0,11632
H8020,2026-07-20,11.55,11.62,800
MCHL,2026-07-20,294.5,302.0,10307
HIDCL,2026-07-20,265.0,267.0,109486
MBLEF,2026-07-20,10.0,10.05,2000
CHCL,2026-07-20,491.0,496.0,80871
NWCL,2026-07-20,731.3,750.0,2744
GVL,2026-07-20,495.0,497.0,12533
SBD87,2026-07-20,1150.0,1150.0,10
SBID2090,2026-07-20,1067.0,1067.0,25
NIMB,2026-07-20,187.0,198.0,138065
TVCL,2026-07-20,510.0,490.0,4323
UNL,2026-07-20,47010.1,47015.0,20
MSHL,2026-07-20,693.0,658.0,1030
SFEF,2026-07-20,9.96,10.0,500
NBBD2085,2026-07-20,1130.1,1115.0,11100
KBSH,2026-07-20,1180.0,1219.0,513
TRH,2026-07-20,768.0,789.9,1480
GRDBL,2026-07-20,1110.0,1088.0,34396
FMDBL,2026-07-20,747.0,790.0,11115
RNLI,2026-07-20,455.0,459.5,9225
BFC,2026-07-20,562.0,539.8,54997
GLH,2026-07-20,255.0,265.0,40366
NSIF2,2026-07-20,10.4,10.46,780
CITY,2026-07-20,390.0,386.0,207043
BPCL,2026-07-20,679.8,675.0,43844
BNHC,2026-07-20,284.0,298.0,48388
JOSHI,2026-07-20,269.8,274.0,9640
SIGS3,2026-07-20,10.38,10.37,1900
SBLD89,2026-07-20,1265.0,1240.0,45
SKHL,2026-07-20,931.3,920.0,18051
SCB,2026-07-20,664.0,665.0,4716
SHLB,2026-07-20,1520.0,1475.1,70
SFMF,2026-07-20,10.5,10.5,150
SGHC,2026-07-20,338.0,338.8,44352
SGIC,2026-07-20,475.0,485.0,9884
SMATA,2026-07-20,760.0,761.0,2029
SMFBS,2026-07-20,1643.2,1555.0,532
UMRH,2026-07-20,545.0,543.0,5520
KSBBL,2026-07-20,490.0,488.4,53127
SHIVM,2026-07-20,653.5,663.0,150670
SMPDA,2026-07-20,803.0,795.0,1646
VLUCL,2026-07-20,443.0,452.5,3180
SIPD,2026-07-20,625.0,675.0,27332
TPKHL,2026-07-20,516.0,536.1,44722
SINDU,2026-07-20,700.0,716.0,10748
SOHL,2026-07-20,544.0,596.0,130044
KEF,2026-07-20,10.4,10.5,19800
LSL,2026-07-20,212.0,224.0,137613
JBLB,2026-07-20,1278.0,1299.8,4938
LBLD88,2026-07-20,1153.0,1153.0,20
SHPC,2026-07-20,515.0,522.9,30319
MKJC,2026-07-20,461.0,464.0,7396
BHCL,2026-07-20,490.0,499.0,33458
LUK,2026-07-20,10.25,9.95,400
MEHL,2026-07-20,311.0,324.4,8859
JHAPA,2026-07-20,1120.0,1140.0,17738
BHDC,2026-07-20,436.0,447.5,13904
MHCL,2026-07-20,330.0,331.9,5805
PROFL,2026-07-20,444.0,449.4,6463
NADEP,2026-07-20,750.0,759.8,1460
UPPER,2026-07-20,200.0,202.5,158748
IGI,2026-07-20,450.0,457.0,18566
STC,2026-07-20,5279.0,5295.0,359
ILI,2026-07-20,423.1,427.7,10159
CFCL,2026-07-20,601.0,636.0,69994
KDL,2026-07-20,816.0,822.0,2426
MMKJL,2026-07-20,440.0,455.0,910
KDBY,2026-07-20,10.76,11.1,53300
EHPL,2026-07-20,360.0,367.9,22973
EBL,2026-07-20,720.0,717.5,39264
MSLB,2026-07-20,1216.2,1248.9,694
BJHL,2026-07-20,762.9,808.0,7678
BGWT,2026-07-20,560.0,590.0,5118
GLBSL,2026-07-20,1780.1,1815.0,291
GILB,2026-07-20,1062.3,1110.1,3093
GIBF1,2026-07-20,10.45,10.5,2200
GHL,2026-07-20,237.3,233.9,57167
CORBL,2026-07-20,1490.0,1498.0,129543
DORDI,2026-07-20,261.0,266.6,31821
CYCL,2026-07-20,1378.9,1360.0,956
EBLD85,2026-07-20,1160.0,1160.4,120
SAIL,2026-07-20,980.0,1069.2,78017
RAWA,2026-07-20,440.0,453.0,80265
EDBL,2026-07-20,577.0,584.0,2464
NICLBSL,2026-07-20,556.2,569.0,5880
HFIN,2026-07-20,730.0,725.0,48601
MPFL,2026-07-20,620.0,626.8,5810
ECL,2026-07-20,333.6,372.4,80
RBBD2088,2026-07-20,1050.6,1032.0,200
PRSF,2026-07-20,12.79,12.75,67600
IHL,2026-07-20,369.0,367.0,15807
GBILD84/85,2026-07-20,1150.0,1150.0,25
JSLBB,2026-07-20,994.1,1020.0,993
NICGF2,2026-07-20,9.22,9.35,2000
NIFRA,2026-07-20,254.0,257.9,52428
GUFL,2026-07-20,560.0,572.1,15009
HDL,2026-07-20,1191.0,1179.9,32918
NMBD87/88,2026-07-20,1249.0,1211.0,42
SIFC,2026-07-20,525.0,533.9,13965
HRL,2026-07-20,582.0,616.0,185510
USHL,2026-07-20,540.0,540.0,4097
MEL,2026-07-20,231.0,226.0,36999
BHL,2026-07-20,211.3,218.1,215139
BNT,2026-07-20,11701.0,11800.0,85
SYPNL,2026-07-20,1350.0,1397.5,108582
MLBL,2026-07-20,360.0,364.6,28740
CZBIL,2026-07-20,193.0,204.9,41197
CGH,2026-07-20,772.0,785.0,11799
SANVI,2026-07-20,635.0,633.0,20856
EBLD86,2026-07-20,1099.0,1100.0,575
RMF1,2026-07-20,9.62,9.75,41738
SAGAR,2026-07-20,1719.9,1780.3,13838
NICSF,2026-07-20,9.0,9.27,1855
NUBL,2026-07-20,645.0,630.6,3349
RBCLPO,2026-07-20,12100.0,12100.0,50
NLIC,2026-07-20,760.0,768.2,25005
NLG,2026-07-20,589.9,603.0,20230
NIMBPO,2026-07-20,149.0,141.3,20147
NIMBD90,2026-07-20,1290.0,1251.3,145
NBL,2026-07-20,253.3,269.0,30541
NESDO,2026-07-20,1520.0,1524.0,765
NRM,2026-07-20,330.0,322.0,7132
NHDL,2026-07-20,649.0,650.0,4401
ADBL,2026-07-20,296.0,312.8,11892
NHPC,2026-07-20,272.0,280.0,571209
NICA,2026-07-20,323.0,342.1,73386
MLBS,2026-07-20,1157.0,1175.5,892
NIBLGF,2026-07-20,10.59,10.55,530
CHL,2026-07-20,269.0,274.0,30428
RADHI,2026-07-20,753.0,764.9,120520
CSY,2026-07-20,8.78,9.3,4900
DOLTI,2026-07-20,348.8,333.1,32042
SMHL,2026-07-20,495.0,497.0,30292
DHPL,2026-07-20,294.9,315.0,9646
GBIMESY2,2026-07-20,9.5,9.5,2400
USLB,2026-07-20,1220.1,1229.0,657
HEI,2026-07-20,523.0,540.0,4950
GBLBS,2026-07-20,753.0,756.0,1424
GSY,2026-07-20,10.0,10.0,95600
BEDC,2026-07-20,346.5,334.0,18469
KSY,2026-07-20,9.75,9.75,800
PSF,2026-07-20,11.87,12.0,2200
SMB,2026-07-20,1947.0,1900.0,3048
CIZBD86,2026-07-20,1177.0,1185.0,20
JBBL,2026-07-20,350.0,357.0,62902
CIT,2026-07-20,1698.0,1710.0,4561
NFS,2026-07-20,585.0,585.0,11713
CHDC,2026-07-20,2179.0,2218.0,19524
KHPL,2026-07-20,998.0,999.1,13133
ANLB,2026-07-20,5814.0,5700.0,4326
JBBD87,2026-07-20,1162.0,1150.0,55
ULHC,2026-07-20,375.0,370.1,12330
ULBSL,2026-07-20,2765.0,2888.9,617
UHEWA,2026-07-20,560.0,597.5,82480
UAIL,2026-07-20,469.9,474.0,20357
SPDL,2026-07-20,394.7,393.3,37456
SPHL,2026-07-20,550.0,554.0,6374
SHL,2026-07-20,499.0,503.8,15033
SPIL,2026-07-20,710.0,724.0,4367
SRLI,2026-07-20,386.0,391.4,15067
SSHL,2026-07-20,207.0,213.0,161561
SOPL,2026-07-20,823.1,848.0,49405
RFPL,2026-07-20,344.0,352.0,35490
SBL,2026-07-20,381.0,400.0,138847
SABBL,2026-07-20,914.0,973.0,15428
LBBL,2026-07-20,494.9,500.0,57160
UNLB,2026-07-20,1310.0,1304.0,199
YMHL,2026-07-20,588.0,623.0,31396
PMLI,2026-07-20,449.0,454.4,7024
KAHL,2026-07-20,497.0,508.0,51475
MHL,2026-07-20,489.9,492.0,10339
HDHPC,2026-07-20,215.0,222.0,259206
CBBL,2026-07-20,928.0,935.0,14360
TTL,2026-07-20,736.0,758.0,11720
HHL,2026-07-20,341.0,349.0,23637
MDB,2026-07-20,600.0,600.0,8917
MABEL,2026-07-20,602.0,625.0,11311
SHINE,2026-07-20,414.0,419.0,33213
EBLEB89,2026-07-20,1100.0,1100.0,50
MNBBL,2026-07-20,373.0,376.0,25911
RBBF40,2026-07-20,9.38,9.18,91250
GWFD83,2026-07-20,1160.0,1158.0,2
CREST,2026-07-20,1198.0,1219.8,25368
MATRI,2026-07-20,851.0,865.0,1550
RSML,2026-07-20,3150.0,3498.0,73255
GMFBS,2026-07-20,1220.0,1215.0,647
DLBS,2026-07-20,1240.0,1219.0,216
PPCL,2026-07-20,363.3,360.0,17235
SHINE,2026-07-17,412.5,413.9,18100
NICFC,2026-07-17,8.8,9.1,900
SPL,2026-07-17,673.0,674.0,1282
NICD88,2026-07-17,1095.0,1092.1,900
SPIL,2026-07-17,719.0,725.0,448
GLH,2026-07-17,250.2,254.1,55312
ADBLD83,2026-07-17,1062.2,1062.2,46
TRH,2026-07-17,767.1,780.0,2081
ACLBSLP,2026-07-17,512.0,512.0,6960
AKPL,2026-07-17,252.0,261.7,65963
ANLB,2026-07-17,7560.0,6120.0,267
UPPER,2026-07-17,200.8,199.0,130802
TTL,2026-07-17,714.9,736.0,12846
VLUCL,2026-07-17,436.0,444.0,3539
UHEWA,2026-07-17,550.0,572.0,37884
USHL,2026-07-17,518.7,515.0,3832
USHEC,2026-07-17,482.2,501.7,3542
UPCL,2026-07-17,348.0,352.0,61680
AHL,2026-07-17,425.0,430.0,4378
SFEF,2026-07-17,9.95,9.95,200
SHEL,2026-07-17,308.5,311.8,105952
USLB,2026-07-17,1159.0,1220.0,1411
SMB,2026-07-17,1869.0,1890.0,2351
UMHL,2026-07-17,555.0,591.0,125723
AKJCL,2026-07-17,352.0,363.0,619740
UNHPL,2026-07-17,389.0,396.1,20665
SPDL,2026-07-17,372.0,394.7,117709
SJLIC,2026-07-17,395.0,425.0,12428
WNLB,2026-07-17,1350.0,1381.0,281
SINDU,2026-07-17,688.9,700.0,12796
ULHC,2026-07-17,366.9,373.0,11147
SNORL,2026-07-17,779.1,803.0,25341
SYPNL,2026-07-17,1192.3,1338.0,56308
SWMF,2026-07-17,629.0,638.0,6117
SWBBL,2026-07-17,655.0,677.0,9522
SWASTIK,2026-07-17,1950.0,2075.0,578
STC,2026-07-17,5249.0,5259.0,657
SSHL,2026-07-17,199.0,207.5,191735
SRLI,2026-07-17,375.0,386.9,11142
TSHL,2026-07-17,365.0,405.0,33801
SMPDA,2026-07-17,735.0,780.0,2093
UMRH,2026-07-17,525.0,540.0,11625
ADBL,2026-07-17,309.0,311.0,29794
NESDO,2026-07-17,1509.9,1525.0,231
SNLI,2026-07-17,423.0,436.0,7675
SBLD2091,2026-07-17,1080.0,1080.0,10
SGIC,2026-07-17,469.5,485.0,23801
SPC,2026-07-17,425.9,435.0,7389
SARBTM,2026-07-17,779.0,795.0,5780
SIFC,2026-07-17,523.0,525.0,8988
SMH,2026-07-17,509.0,512.0,36777
NICGF2,2026-07-17,9.3,9.5,52027
SMFBS,2026-07-17,1524.4,1565.0,879
SLCF,2026-07-17,10.54,10.24,8100
SLBSL,2026-07-17,1123.69,1115.0,7854
SPHL,2026-07-17,547.0,560.8,11799
APHL,2026-07-17,800.1,828.1,22129
SIPD,2026-07-17,574.9,626.0,25904
SONA,2026-07-17,401.5,417.1,23789
SIKLES,2026-07-17,555.0,570.0,11901
SMJC,2026-07-17,428.1,449.0,10557
EDBL,2026-07-17,578.0,577.0,2872
SIGS3,2026-07-17,10.25,10.7,460
NBBD2085,2026-07-17,1165.0,1165.0,40
UAIL,2026-07-17,445.5,475.9,52661
FOWAD,2026-07-17,965.0,1004.4,2646
CREST,2026-07-17,1150.0,1214.7,11484
NIMBPO,2026-07-17,146.0,147.0,3520
TPKHL,2026-07-17,494.0,516.0,44421
SKBBL,2026-07-17,758.0,763.8,5098
SMHL,2026-07-17,485.0,492.0,43806
SHPC,2026-07-17,499.0,513.0,55253
SHIVM,2026-07-17,600.0,652.0,108959
SGHL,2026-07-17,462.0,481.0,55633
SGHC,2026-07-17,328.0,330.0,31842
SHL,2026-07-17,492.0,499.5,17187
SKHL,2026-07-17,858.9,887.0,26143
SLBBL,2026-07-17,800.0,817.0,2386
TPC,2026-07-17,357.0,360.0,16713
GHL,2026-07-17,219.0,226.0,45081
NLG,2026-07-17,565.0,578.1,37975
NBF3,2026-07-17,9.7,10.0,4920
PSF,2026-07-17,12.0,11.92,12716
TAMOR,2026-07-17,441.0,448.1,14552
NRIC,2026-07-17,950.0,961.0,35033
CHL,2026-07-17,259.0,265.2,21363
SBLD89,2026-07-17,1261.0,1261.0,10
PPL,2026-07-17,304.0,340.0,33445
SCB,2026-07-17,664.5,662.9,7453
SABBL,2026-07-17,850.0,914.0,13371
SICL,2026-07-17,625.0,629.0,6446
SHLB,2026-07-17,1500.0,1500.0,490
NMBHF2,2026-07-17,9.93,9.56,8650
SCBD,2026-07-17,1130.0,1130.0,88
RHPL,2026-07-17,253.0,263.6,8545
SAIL,2026-07-17,796.1,963.7,67127
SAHAS,2026-07-17,667.8,658.9,87081
SAGF,2026-07-17,10.49,10.49,100
SAGAR,2026-07-17,1590.0,1719.9,19486
SADBL,2026-07-17,410.0,413.7,25726
RBCL,2026-07-17,14893.0,14894.0,30
RBCLPO,2026-07-17,12443.2,12100.0,75
RURU,2026-07-17,636.5,619.0,5670
RMF2,2026-07-17,9.9,9.92,400
FOWADP,2026-07-17,550.0,550.0,4350
RAWA,2026-07-17,419.0,437.6,57692
SEF,2026-07-17,9.96,9.98,8497
HDHPC,2026-07-17,206.0,216.1,208257
NRM,2026-07-17,305.1,321.0,18927
FMDBL,2026-07-17,817.0,785.0,37212
PRIN,2026-07-17,701.4,690.0,6967
NBL,2026-07-17,265.3,266.6,42394
SBCF,2026-07-17,9.75,10.19,66369
RMF1,2026-07-17,9.76,9.76,11300
RFPL,2026-07-17,331.8,335.1,34545
RLEL,2026-07-17,740.0,799.0,20326
RHGCL,2026-07-17,246.6,270.0,27112
PRSF,2026-07-17,12.72,12.79,2800
RSY,2026-07-17,10.2,10.0,46100
KBL,2026-07-17,215.0,220.0,368801
NBF2,2026-07-17,9.61,9.8,500
RLFL,2026-07-17,462.0,470.0,31609
RADHI,2026-07-17,735.0,737.5,88960
PRVU,2026-07-17,191.1,197.0,146628
RIDI,2026-07-17,309.7,349.5,447865
RBBF40,2026-07-17,9.7,9.38,15441
RSML,2026-07-17,2940.0,3200.0,49947
UNLB,2026-07-17,1282.0,1300.0,339
NRN,2026-07-17,1280.0,1462.6,83472
TVCL,2026-07-17,461.0,490.0,3133
GILB,2026-07-17,1070.0,1100.0,1060
SOHL,2026-07-17,500.1,544.0,66962
SJCL,2026-07-17,279.0,284.1,12448
SBL,2026-07-17,397.0,401.0,106926
SOPL,2026-07-17,780.0,823.1,56949
PHCL,2026-07-17,298.0,306.8,61395
RSDC,2026-07-17,649.8,664.0,4400
SBI,2026-07-17,394.9,399.9,34768
PROFL,2026-07-17,438.0,444.0,6840
NYADI,2026-07-17,369.7,375.0,4002
NABIL,2026-07-17,539.0,542.7,66735
NUBL,2026-07-17,636.0,635.0,2774
NTC,2026-07-17,860.0,862.0,13997
NSY,2026-07-17,9.46,9.7,2500
NSIF2,2026-07-17,10.53,10.53,670
GLBSL,2026-07-17,1798.9,1765.5,579
ULBSL,2026-07-17,2878.0,2845.0,849
SFMF,2026-07-17,10.2,10.2,5000
NMFBS,2026-07-17,1105.1,1128.0,3343
SALICO,2026-07-17,610.0,620.0,4612
SANIMA,2026-07-17,350.1,361.0,54196
PCBL,2026-07-17,238.8,242.0,32748
SKHEL,2026-07-17,900.5,1004.0,14021
PURE,2026-07-17,821.8,870.0,10043
NMB,2026-07-17,241.6,245.0,24088
PPCL,2026-07-17,338.0,346.0,14383
NLICL,2026-07-17,565.1,588.0,15841
OMPL,2026-07-17,905.5,943.0,4239
NMIC,2026-07-17,913.0,939.8,2382
SANVI,2026-07-17,565.0,607.7,19363
NLIC,2026-07-17,745.0,769.9,16890
NWCL,2026-07-17,734.8,749.0,1592
NIFRA,2026-07-17,247.0,254.9,72653
OHL,2026-07-17,696.5,690.0,2558
NICLBSL,2026-07-17,554.9,572.6,7397
NICL,2026-07-17,520.0,524.8,9270
NMBMF,2026-07-17,605.0,626.0,4156
GBIMESY2,2026-07-17,9.69,9.69,910
NMLBBL,2026-07-17,535.0,544.0,8160
GMFBS,2026-07-17,1222.0,1200.0,1033
LLBS,2026-07-17,930.0,923.9,200
AHPC,2026-07-17,266.9,272.0,77148
MLBS,2026-07-17,1150.0,1190.0,348
NABBC,2026-07-17,814.0,825.0,9854
HPPL,2026-07-17,349.9,364.8,123594
MCHL,2026-07-17,283.0,290.0,13687
NADEP,2026-07-17,739.0,750.0,611
KBLD89,2026-07-17,1300.0,1260.0,1409
BEDC,2026-07-17,317.0,330.0,41743
NGPL,2026-07-17,417.0,418.2,360263
MFIL,2026-07-17,789.0,800.0,116210
MKHC,2026-07-17,275.0,296.0,2731
LUK,2026-07-17,10.19,10.49,7820
LSL,2026-07-17,216.1,222.8,156215
ENL,2026-07-17,827.0,848.0,828
KPCL,2026-07-17,460.0,478.7,7411
ICFCD88,2026-07-17,1164.0,1155.0,25
ECL,2026-07-17,296.6,323.9,50
ICFCD83,2026-07-17,1154.0,1211.7,1
NHPC,2026-07-17,245.9,269.0,426685
PCIL,2026-07-17,595.0,652.0,103764
MMKJL,2026-07-17,442.9,449.0,1413
MHL,2026-07-17,480.0,489.9,6720
EBLD86,2026-07-17,1091.3,1091.3,25
MEN,2026-07-17,573.0,588.0,43312
EHPL,2026-07-17,338.0,350.0,24582
MEHL,2026-07-17,304.9,311.0,4355
MLBSL,2026-07-17,1730.8,1759.0,292
MDB,2026-07-17,583.0,596.6,5260
MMF1,2026-07-17,9.46,9.87,5700
MNMF1,2026-07-17,9.61,9.61,1100
NHDL,2026-07-17,635.0,649.0,5959
MKHL,2026-07-17,513.0,518.9,15530
JSLBB,2026-07-17,1009.9,1020.0,748
MHNL,2026-07-17,227.0,244.5,33394
JHAPA,2026-07-17,1015.0,1111.0,19345
SAPDBL,2026-07-17,766.6,770.7,14186
SIGS2,2026-07-17,10.67,10.67,110
GWFD83,2026-07-17,1153.0,1160.0,46
MKCL,2026-07-17,1110.0,1119.0,2010
HURJA,2026-07-17,229.0,238.0,54855
KAHL,2026-07-17,473.0,497.0,33606
MBLEF,2026-07-17,9.84,10.05,7970
NICA,2026-07-17,331.0,339.7,43198
ACLBSL,2026-07-17,932.0,935.0,611
ALICL,2026-07-17,426.9,433.7,12498
MPFL,2026-07-17,607.9,619.9,8140
YMHL,2026-07-17,550.0,588.1,22304
LVF2,2026-07-17,9.7,10.0,900
JOSHI,2026-07-17,260.0,269.8,18183
MABEL,2026-07-17,567.0,602.0,10093
MANDU,2026-07-17,819.0,800.0,593
NFS,2026-07-17,571.0,577.7,5529
VLBS,2026-07-17,650.0,680.0,2096
KSBBL,2026-07-17,475.0,485.8,12637
MSLB,2026-07-17,1240.0,1239.8,991
KMCDB,2026-07-17,782.0,797.9,2603
MSHL,2026-07-17,581.0,660.0,249
KHPL,2026-07-17,920.0,998.0,24893
MNBBL,2026-07-17,369.8,370.0,23996
NIBLSTF,2026-07-17,8.8,9.18,24400
KDL,2026-07-17,795.0,816.0,2593
KKHC,2026-07-17,254.0,260.0,39565
KDBY,2026-07-17,10.74,10.87,7300
NIBSF2,2026-07-17,8.84,8.85,3920
KEF,2026-07-17,10.05,10.34,3500
MBJC,2026-07-17,266.6,275.0,10788
MATRI,2026-07-17,840.0,874.0,152
MAKAR,2026-07-17,473.4,478.9,27092
MKJC,2026-07-17,458.0,461.0,4530
MLBBL,2026-07-17,1137.0,1149.0,3543
MLBL,2026-07-17,353.0,360.5,20242
LICN,2026-07-17,795.0,798.0,15549
JBBL,2026-07-17,336.0,349.7,23039
JBLB,2026-07-17,1250.0,1296.9,6153
IGI,2026-07-17,435.6,445.1,19263
IHL,2026-07-17,354.0,359.0,19613
ICFC,2026-07-17,605.0,608.5,10767
HDL,2026-07-17,1148.0,1163.0,20089
KBSH,2026-07-17,1235.9,1194.0,1744
NICSF,2026-07-17,9.1,9.26,2900
ILBS,2026-07-17,825.0,874.0,1332
MBL,2026-07-17,249.9,255.0,113446
ILI,2026-07-17,408.0,424.0,5127
KSY,2026-07-17,10.0,9.75,700
GMLI,2026-07-17,1140.0,1231.0,6158
EBLD85,2026-07-17,1155.0,1153.0,90
DORDI,2026-07-17,253.0,261.9,39350
C30MF,2026-07-17,10.2,10.2,15000
HHL,2026-07-17,330.0,346.0,44564
BUNGAL,2026-07-17,576.0,625.2,55241
HIDCL,2026-07-17,254.0,264.8,61980
HIMSTAR,2026-07-17,653.0,714.0,8444
GCIL,2026-07-17,341.0,367.0,38512
HFIN,2026-07-17,650.0,696.2,44863
CSY,2026-07-17,9.0,9.03,2300
LEC,2026-07-17,208.8,218.8,125636
MHCL,2026-07-17,312.0,329.0,3917
MERO,2026-07-17,690.1,714.0,18615
JFL,2026-07-17,394.0,399.0,4090
DLBS,2026-07-17,1215.0,1235.0,139
ICFCD89,2026-07-17,1105.0,1106.0,619
GIBF1,2026-07-17,10.27,10.45,14450
HLI,2026-07-17,323.0,328.0,30096
GVL,2026-07-17,474.3,491.3,14130
API,2026-07-17,305.0,339.9,217252
CKHL,2026-07-17,618.9,614.0,5357
GMFIL,2026-07-17,447.0,468.0,16105
GRDBL,2026-07-17,1059.8,1058.0,6687
HLBSL,2026-07-17,882.9,883.0,274
HIDCLP,2026-07-17,190.9,195.3,105167
BPCL,2026-07-17,650.0,671.0,31635
BNT,2026-07-17,11650.0,11650.0,70
BNHC,2026-07-17,286.0,289.9,26202
RNLI,2026-07-17,436.0,451.8,9257
CYCL,2026-07-17,1328.0,1360.0,1228
GBLBS,2026-07-17,747.5,753.0,2686
GBIME,2026-07-17,242.8,246.0,98871
GFCL,2026-07-17,600.0,619.6,7728
CHCL,2026-07-17,484.5,487.0,16591
NIL,2026-07-17,621.9,632.0,5801
DHPL,2026-07-17,283.0,290.0,6368
BHCL,2026-07-17,463.0,482.0,23309
HATHY,2026-07-17,675.0,720.0,10866
BANDIPUR,2026-07-17,666.0,705.0,23565
GUFL,2026-07-17,555.5,559.0,15375
CBBL,2026-07-17,918.0,929.0,12245
H8020,2026-07-17,11.35,11.72,550
ALBSL,2026-07-17,1021.0,1075.0,7868
AVYAN,2026-07-17,1020.0,1075.0,1529
BJHL,2026-07-17,700.0,754.0,9376
HLICF,2026-07-17,8.7,8.64,800
HRL,2026-07-17,568.0,581.9,93740
MLBLD89,2026-07-17,1280.4,1280.4,10
HBL,2026-07-17,192.5,199.5,56571
CZBIL,2026-07-17,200.0,203.0,66602
DDBL,2026-07-17,840.0,852.0,5052
DHEL,2026-07-17,542.0,572.0,26156
CORBL,2026-07-17,1516.7,1530.0,119131
BHPL,2026-07-17,471.0,489.0,8419
HEI,2026-07-17,534.9,535.0,7861
BFC,2026-07-17,509.0,537.9,80119
CITY,2026-07-17,346.0,382.0,216050
CIT,2026-07-17,1679.0,1697.0,4443
PMLI,2026-07-17,435.9,454.9,2637
CIZBD90,2026-07-17,1175.0,1175.0,1900
NIMB,2026-07-17,195.0,196.4,93380
PMHPL,2026-07-17,320.29,325.0,6382
BHDC,2026-07-17,421.3,435.9,9988
EBL,2026-07-17,703.5,718.0,25601
BBC,2026-07-17,4260.0,4199.9,80
CFCL,2026-07-17,614.7,631.6,123942
CHDC,2026-07-17,2160.0,2154.9,19790
DOLTI,2026-07-17,315.0,332.2,30006
CGH,2026-07-17,765.0,773.0,7342
BARUN,2026-07-17,322.0,334.1,36444
SMATA,2026-07-17,729.0,754.9,2137
GBBL,2026-07-17,406.0,411.0,21076
BHL,2026-07-17,200.0,212.0,119440
MEL,2026-07-17,214.0,220.0,27167
LBBL,2026-07-17,485.0,495.0,23295
HEIP,2026-07-17,366.7,342.0,550
BGWT,2026-07-17,562.3,560.0,2281
NMB50,2026-07-17,10.45,10.6,23850
CLI,2026-07-17,435.1,451.0,4003
NSIF2,2026-07-16,10.23,10.23,100
CFCL,2026-07-16,604.0,608.9,36063
PURE,2026-07-16,753.0,865.0,8388
KDBY,2026-07-16,10.69,10.74,61620
KAHL,2026-07-16,480.0,473.0,20278
ULHC,2026-07-16,366.5,358.2,10191
GBBL,2026-07-16,403.0,403.8,19856
PRVU,2026-07-16,190.0,189.6,55989
CHCL,2026-07-16,477.2,475.1,14892
ACLBSL,2026-07-16,905.0,932.0,609
MBLEF,2026-07-16,9.88,10.0,1600
GMFBS,2026-07-16,1170.0,1188.0,207
MDB,2026-07-16,568.0,582.0,7145
CREST,2026-07-16,1186.9,1174.7,6005
ICFC,2026-07-16,592.0,589.0,9136
NICA,2026-07-16,330.0,325.1,21138
CITY,2026-07-16,352.0,341.1,96039
HRL,2026-07-16,584.8,553.0,43458
MMKJL,2026-07-16,440.0,430.0,2110
TRH,2026-07-16,760.1,785.0,1675
RADHI,2026-07-16,708.0,700.0,24647
PMLI,2026-07-16,463.0,433.1,3461
DHPL,2026-07-16,270.0,275.0,1171
WNLB,2026-07-16,1395.0,1350.1,610
MKHL,2026-07-16,457.0,540.0,18305
MKHC,2026-07-16,289.0,283.3,5751
BANDIPUR,2026-07-16,708.1,661.0,16750
SPL,2026-07-16,618.0,662.0,6146
RBCL,2026-07-16,14797.0,14879.0,60
NLG,2026-07-16,603.0,558.0,9654
NBLD82,2026-07-16,1086.0,1086.0,10000
TTL,2026-07-16,700.0,696.5,7422
JSLBB,2026-07-16,970.0,999.0,1396
SJCL,2026-07-16,269.0,272.9,8303
TVCL,2026-07-16,465.0,469.0,3379
KBL,2026-07-16,212.0,210.0,128012
SIFC,2026-07-16,505.0,509.0,2114
OHL,2026-07-16,683.4,682.0,2134
LEC,2026-07-16,209.9,203.0,64279
SMJC,2026-07-16,439.9,426.3,20465
SKHEL,2026-07-16,868.1,874.3,1920
PPCL,2026-07-16,340.8,330.0,5691
GMLI,2026-07-16,1173.0,1169.9,934
HLBSL,2026-07-16,836.1,869.4,61
SABBL,2026-07-16,830.1,835.0,9425
NIBLGF,2026-07-16,9.21,10.91,39150
MLBS,2026-07-16,1151.0,1149.4,465
DLBS,2026-07-16,1133.0,1209.0,495
NABBC,2026-07-16,821.0,795.0,15387
SALICO,2026-07-16,597.9,605.0,11795
SLCF,2026-07-16,9.7,10.55,5500
NICD88,2026-07-16,1125.0,1125.0,54
NICGF2,2026-07-16,9.9,9.49,2680
NRIC,2026-07-16,971.0,923.0,22497
RHGCL,2026-07-16,251.0,249.9,14851
RLEL,2026-07-16,743.8,713.0,7825
MBLD2085,2026-07-16,1132.7,1233.0,33
SLBSL,2026-07-16,1103.0,1100.0,1986
MEN,2026-07-16,560.0,568.9,27746
SAHAS,2026-07-16,637.1,636.0,64937
SNLI,2026-07-16,419.0,422.1,4151
PRIN,2026-07-16,676.1,668.1,1666
PCBL,2026-07-16,231.0,239.9,64646
LLBS,2026-07-16,939.3,919.9,511
GSY,2026-07-16,9.91,10.3,32000
MLBL,2026-07-16,355.8,346.0,4387
SPIL,2026-07-16,690.1,741.0,7889
SBD87,2026-07-16,1166.0,1150.0,200005
SOHL,2026-07-16,520.0,509.0,107520
JHAPA,2026-07-16,1000.0,1015.0,6912
MATRI,2026-07-16,808.1,839.0,289
NICAD2091,2026-07-16,1090.0,1090.0,49040
SAPDBL,2026-07-16,720.1,730.1,17409
IGI,2026-07-16,449.4,449.0,12210
NSY,2026-07-16,10.09,9.75,19800
GUFL,2026-07-16,545.0,540.0,2429
RBBF40,2026-07-16,9.71,9.99,12450
HLI,2026-07-16,333.9,321.8,113119
CHL,2026-07-16,259.0,256.0,14841
PBD88,2026-07-16,1250.0,1250.0,25
NFS,2026-07-16,575.0,555.0,11531
GLH,2026-07-16,244.0,243.0,21079
CCBD88,2026-07-16,1290.0,1326.0,151035
HATHY,2026-07-16,675.0,672.9,6428
JFL,2026-07-16,390.0,383.0,3435
MLBLD89,2026-07-16,1320.0,1320.0,380
CYCL,2026-07-16,1320.0,1328.0,384
SWMF,2026-07-16,629.0,618.0,3436
RIDI,2026-07-16,328.0,326.0,494227
SFEF,2026-07-16,9.95,10.19,12800
LBBL,2026-07-16,508.2,483.4,31140
HBL,2026-07-16,193.0,194.5,24590
NMBD89/90,2026-07-16,1424.0,1460.0,70
PCIL,2026-07-16,590.0,595.0,43238
SMBPO,2026-07-16,986.0,986.0,7661
CZBIL,2026-07-16,197.9,196.9,30884
SYPNL,2026-07-16,1282.0,1255.0,37066
NICD83/84,2026-07-16,1079.9,1079.9,10
ICFCD89,2026-07-16,1108.3,1119.0,128
MHNL,2026-07-16,233.0,235.0,7796
SHINE,2026-07-16,417.3,415.0,22436
MFLD85,2026-07-16,1180.0,1187.5,25
NIBSF2,2026-07-16,8.85,9.1,72200
ANLB,2026-07-16,7200.0,7200.0,10
SKHL,2026-07-16,844.0,818.0,7013
HHL,2026-07-16,332.0,323.0,16728
KPCL,2026-07-16,455.3,459.0,12862
RBCLPO,2026-07-16,11350.0,12828.0,350
SAGAR,2026-07-16,1570.0,1618.0,14532
NMB50,2026-07-16,10.19,10.18,14700
DDBL,2026-07-16,839.9,850.0,10041
MHCL,2026-07-16,307.0,309.0,1625
KBLD90,2026-07-16,1320.0,1488.0,246
GBIME,2026-07-16,242.0,240.0,55035
KBLD89,2026-07-16,1309.0,1314.0,777
MANDU,2026-07-16,800.0,800.0,3127
SBLD84,2026-07-16,1090.0,1090.0,48769
SSHL,2026-07-16,190.0,194.9,74593
SCBD,2026-07-16,1137.0,1145.0,31008
SEF,2026-07-16,10.0,10.02,10400
GBLBS,2026-07-16,734.0,730.1,211
SONA,2026-07-16,401.0,401.3,11930
SBL,2026-07-16,390.0,395.0,284325
SIPD,2026-07-16,565.0,558.9,10156
NIBLSTF,2026-07-16,8.92,9.04,36531
NMIC,2026-07-16,880.0,889.9,3020
SHIVM,2026-07-16,627.5,621.0,58274
SCB,2026-07-16,639.0,666.1,14522
HIDCL,2026-07-16,250.0,250.0,62953
NMB,2026-07-16,241.5,239.5,13630
EBLD86,2026-07-16,1125.0,1125.0,10
RBBD2088,2026-07-16,1083.0,1083.0,24176
RFPL,2026-07-16,315.0,326.0,32454
AKPL,2026-07-16,264.0,249.0,48150
NICFC,2026-07-16,9.5,9.06,2340
NGPL,2026-07-16,406.0,398.0,228603
RMF1,2026-07-16,10.05,10.05,49324
DHEL,2026-07-16,550.0,540.1,20078
PROFL,2026-07-16,451.5,433.0,3120
SBID89,2026-07-16,1149.5,1150.0,125
NIL,2026-07-16,609.0,610.0,3627
GBILD84/85,2026-07-16,1172.0,1173.0,175
EBLD91,2026-07-16,1100.0,1120.0,14520
HEI,2026-07-16,526.0,520.0,7317
VLBS,2026-07-16,652.0,650.0,2590
RSY,2026-07-16,9.76,10.24,8910
SBID2090,2026-07-16,1100.0,1100.0,21633
SBCF,2026-07-16,9.37,9.75,12790
RSML,2026-07-16,2970.0,2970.0,29513
CBLD88,2026-07-16,1305.0,1314.0,5
EHPL,2026-07-16,318.3,328.3,18118
SBLD2091,2026-07-16,1090.0,1090.0,15000
LSL,2026-07-16,212.1,215.1,81383
HEIP,2026-07-16,325.0,378.0,7180
SBLD89,2026-07-16,1273.0,1300.0,425
CLI,2026-07-16,435.0,435.1,4932
OMPL,2026-07-16,895.0,880.0,3590
CGH,2026-07-16,808.5,755.2,6674
C30MF,2026-07-16,9.75,10.2,740
NYADI,2026-07-16,358.1,359.0,4799
SPDL,2026-07-16,367.0,382.9,62421
MBJC,2026-07-16,275.0,266.5,4372
SPC,2026-07-16,410.1,420.9,1085
RSDC,2026-07-16,661.0,649.8,841
BGWT,2026-07-16,546.0,546.0,1434
NCCD86,2026-07-16,1225.6,1299.0,220
HDHPC,2026-07-16,206.0,203.0,91767
NHDL,2026-07-16,639.0,630.9,17638
SPHL,2026-07-16,515.4,575.3,12638
JOSHI,2026-07-16,252.0,255.9,14122
API,2026-07-16,325.1,320.7,143676
SMB,2026-07-16,1800.0,1827.0,3704
BFC,2026-07-16,509.0,514.5,24660
SWBBL,2026-07-16,651.0,643.0,53284
NICAD85/86,2026-07-16,1140.0,1174.0,100225
GCIL,2026-07-16,323.0,340.0,28976
NUBL,2026-07-16,601.0,635.0,13871
NESDO,2026-07-16,1480.0,1466.0,334
NMFBS,2026-07-16,1109.0,1102.0,1333
SADBL,2026-07-16,420.0,404.0,9045
ADBLD83,2026-07-16,1075.1,1095.0,200
TAMOR,2026-07-16,458.3,437.0,35199
GUFLPO,2026-07-16,298.0,298.0,2000
MEL,2026-07-16,210.2,214.5,3110
ILI,2026-07-16,401.2,408.0,6793
UNHPL,2026-07-16,402.0,378.0,16510
NIFRA,2026-07-16,244.0,245.6,39713
NTC,2026-07-16,853.0,857.5,3418
PMLIP,2026-07-16,255.0,255.0,13000
AKJCL,2026-07-16,344.0,337.0,403201
HIDCLP,2026-07-16,197.4,188.0,133299
BJHL,2026-07-16,702.0,681.0,3138
SMH,2026-07-16,507.0,504.8,8435
SOPL,2026-07-16,732.5,780.0,51223
CHDC,2026-07-16,2173.5,2060.2,18516
LBBLD89,2026-07-16,1305.0,1308.0,205
NBF3,2026-07-16,9.7,9.93,22870
NLIC,2026-07-16,781.0,749.8,18816
ENL,2026-07-16,817.0,805.0,764
FOWAD,2026-07-16,1000.0,979.0,1764
MPFL,2026-07-16,600.0,594.0,2831
NMBHF2,2026-07-16,9.5,10.13,79180
BHL,2026-07-16,210.0,204.0,31388
GHL,2026-07-16,219.9,215.0,31722
SGIC,2026-07-16,497.4,469.0,13349
NRN,2026-07-16,1423.8,1344.0,169919
PPL,2026-07-16,307.0,320.0,9133
PSF,2026-07-16,11.71,11.8,6100
ADBL,2026-07-16,303.1,309.0,21483
SIKLES,2026-07-16,553.1,554.9,5087
NWCL,2026-07-16,693.0,723.0,3898
NBLD85,2026-07-16,1100.0,1100.0,20
HFIN,2026-07-16,650.0,644.0,20044
UPPER,2026-07-16,192.0,191.3,44003
MHL,2026-07-16,475.0,469.0,11462
HLICF,2026-07-16,8.7,8.7,4360
NRM,2026-07-16,295.1,300.0,7884
TPC,2026-07-16,357.0,349.0,11409
MKCL,2026-07-16,1070.0,1101.0,1594
EDBL,2026-07-16,578.0,561.3,2995
UNLB,2026-07-16,1338.6,1275.0,375
SRLI,2026-07-16,370.0,378.8,10384
SFMF,2026-07-16,10.1,10.0,10000
BUNGAL,2026-07-16,571.9,585.0,40201
SGHL,2026-07-16,470.0,462.0,36739
ALICL,2026-07-16,428.0,419.0,13271
FOWADP,2026-07-16,550.0,550.0,5324
PBLD86,2026-07-16,1328.0,1470.0,39
BNHC,2026-07-16,293.4,278.0,33568
SINDU,2026-07-16,714.0,670.0,6146
NABIL,2026-07-16,535.5,534.9,28326
UHEWA,2026-07-16,578.0,553.0,28801
GILB,2026-07-16,1078.8,1060.0,2608
BEDC,2026-07-16,315.0,308.0,11679
H8020,2026-07-16,11.65,11.65,10000
GBBD85,2026-07-16,1065.2,1100.0,106
SWASTIK,2026-07-16,1950.2,1960.0,384
EBLD85,2026-07-16,1160.0,1160.0,25
HIMSTAR,2026-07-16,634.0,648.5,3549
MNBBL,2026-07-16,362.4,362.9,12086
PMHPL,2026-07-16,325.0,315.8,1472
NHPC,2026-07-16,257.0,243.0,169424
RHPL,2026-07-16,267.7,253.0,11999
USHL,2026-07-16,516.0,494.0,3800
HPPL,2026-07-16,344.0,344.0,92919
NIMBD90,2026-07-16,1271.0,1272.0,30951
KSBBL,2026-07-16,470.4,474.0,65907
CBBL,2026-07-16,916.0,922.0,18030
SIGS2,2026-07-16,10.4,11.0,7000
ILBS,2026-07-16,817.0,864.0,481
AHPC,2026-07-16,265.3,262.1,37523
PRSF,2026-07-16,12.41,12.35,153828
KSY,2026-07-16,9.75,10.03,300
ALBSL,2026-07-16,1020.0,1050.0,3421
BPCL,2026-07-16,612.0,668.0,37996
FMDBL,2026-07-16,760.0,860.0,30074
CIZBD90,2026-07-16,1225.0,1210.0,101780
RURU,2026-07-16,603.2,618.0,8361
GLBSL,2026-07-16,1770.0,1763.9,257
MKJC,2026-07-16,468.3,445.0,2259
GIBF1,2026-07-16,10.5,10.5,12150
IHL,2026-07-16,340.0,343.8,5430
SBIBD86,2026-07-16,1175.0,1161.0,500
SANVI,2026-07-16,570.0,565.0,6167
DORDI,2026-07-16,252.0,247.0,6530
UPCL,2026-07-16,355.0,342.0,78956
KKHC,2026-07-16,254.0,249.0,22390
NMBMF,2026-07-16,606.6,593.0,1175
NADEP,2026-07-16,708.0,739.5,2760
LBLD86,2026-07-16,1151.0,1229.0,216
SIGS3,2026-07-16,10.2,10.5,1830
AVYAN,2026-07-16,1029.9,1042.0,9282
STC,2026-07-16,5100.0,5169.0,56
GWFD83,2026-07-16,1140.8,1153.0,6
CKHL,2026-07-16,531.0,638.0,32751
MSHL,2026-07-16,585.0,589.0,899
DOLTI,2026-07-16,318.1,317.9,23852
KBLD86,2026-07-16,1359.0,1387.5,5
BNT,2026-07-16,11750.0,11610.0,120
LVF2,2026-07-16,9.75,9.77,12500
SHL,2026-07-16,496.0,489.5,14876
MABEL,2026-07-16,560.0,552.0,7084
JBLB,2026-07-16,1230.0,1250.0,1473
CIZBD86,2026-07-16,1177.0,1177.0,1
MMF1,2026-07-16,9.8,9.75,26000
SKBBL,2026-07-16,745.0,751.9,14872
HDL,2026-07-16,1143.2,1140.0,36014
NICSF,2026-07-16,9.0,9.1,2800
SGHC,2026-07-16,330.0,320.0,16020
NIBD84,2026-07-16,1096.0,1102.0,48315
SHPC,2026-07-16,489.0,490.0,44711
UMRH,2026-07-16,515.0,517.0,5017
SMATA,2026-07-16,720.0,730.0,1828
PBLD87,2026-07-16,1120.0,1120.0,10
SMPDA,2026-07-16,755.0,748.9,1270
MERO,2026-07-16,663.0,670.0,5384
SMHL,2026-07-16,474.0,485.0,68832
MAKAR,2026-07-16,452.1,488.0,14572
UAIL,2026-07-16,431.1,433.0,3229
BARUN,2026-07-16,314.1,319.9,18636
GBIMESY2,2026-07-16,9.97,9.98,16750
SHEL,2026-07-16,299.0,302.9,821873
USHEC,2026-07-16,483.1,489.0,2081
BHCL,2026-07-16,463.3,450.0,25338
BHDC,2026-07-16,422.0,423.0,6296
TPKHL,2026-07-16,496.0,494.8,29596
BBC,2026-07-16,4239.0,4169.0,60
UMHL,2026-07-16,571.7,572.0,123162
SARBTM,2026-07-16,780.0,772.0,15491
USLB,2026-07-16,1163.0,1125.6,804
CIT,2026-07-16,1689.0,1670.0,3427
CSY,2026-07-16,9.06,9.02,8920
EBL,2026-07-16,697.0,695.0,33249
GFCL,2026-07-16,601.1,590.1,7913
ICFCD88,2026-07-16,1178.6,1164.0,30
JBBL,2026-07-16,343.0,339.0,8028
RLFL,2026-07-16,459.0,450.0,31854
NBBD2085,2026-07-16,1140.0,1140.0,142
TSHL,2026-07-16,367.9,365.0,22855
LICN,2026-07-16,782.0,789.8,6429
NBL,2026-07-16,264.0,261.6,38995
NMLBBL,2026-07-16,520.0,534.9,9491
MEHL,2026-07-16,301.0,298.0,1755
MNMF1,2026-07-16,10.2,9.9,2500
SRBLD83,2026-07-16,1099.0,1098.9,20217
MLBBL,2026-07-16,1139.0,1117.0,2227
MCHL,2026-07-16,269.7,275.1,1917
NIMB,2026-07-16,190.0,190.0,94936
BNL,2026-07-16,14100.0,14150.0,20
ICFCD83,2026-07-16,1140.0,1154.0,6
SANIMA,2026-07-16,352.9,350.0,50971
KDL,2026-07-16,760.2,784.0,1487
AHL,2026-07-16,414.0,414.0,1528
SHINED,2026-07-16,1145.0,1144.0,7
KHPL,2026-07-16,920.0,916.0,14177
YMHL,2026-07-16,546.1,556.0,17544
MBL,2026-07-16,247.0,248.0,40714
SICL,2026-07-16,613.0,615.0,3805
ULBSL,2026-07-16,2729.4,2800.0,1693
BHPL,2026-07-16,469.2,458.3,5513
GRDBL,2026-07-16,1000.4,1038.9,4462
NLICL,2026-07-16,609.0,579.0,68074
GMFIL,2026-07-16,452.0,450.0,12841
MFIL,2026-07-16,750.0,772.0,13195
GVL,2026-07-16,468.0,480.0,18946
HBLD86,2026-07-16,1215.0,1220.0,65
VLUCL,2026-07-16,422.1,428.0,1680
RNLI,2026-07-16,437.1,440.0,6013
PHCL,2026-07-16,306.7,290.0,141142
NBF2,2026-07-16,9.9,9.9,6311
HURJA,2026-07-16,229.0,226.5,24506
SNORL,2026-07-16,771.0,779.0,16511
SJLIC,2026-07-16,418.0,413.0,5855
RAWA,2026-07-16,408.4,411.8,16584
CORBL,2026-07-16,1662.5,1596.5,89801
SAIL,2026-07-16,893.5,838.0,11597
SHLB,2026-07-16,1479.0,1479.0,10
MSLB,2026-07-16,1193.2,1230.0,246
PBD84,2026-07-16,1085.0,1085.0,25
SMFBS,2026-07-16,1520.0,1480.0,2147
KMCDB,2026-07-16,761.0,772.6,857
SBI,2026-07-16,385.1,392.9,10894
KEF,2026-07-16,10.02,10.16,2200
APHL,2026-07-16,800.0,819.0,9640
SLBBL,2026-07-16,781.0,788.9,787
MLBSL,2026-07-16,1734.0,1734.0,76
KBSH,2026-07-16,1215.0,1200.1,322
RMF2,2026-07-16,10.0,10.0,3100
NICLBSL,2026-07-16,560.0,542.0,4464
SAGF,2026-07-16,10.01,10.45,300
NICL,2026-07-16,534.4,512.9,10117
SKHL,2026-07-15,847.3,820.0,9333
DHEL,2026-07-15,569.9,560.0,8650
NIMBPO,2026-07-15,143.0,143.0,5043
NMIC,2026-07-15,872.0,899.0,1427
KBLD86,2026-07-15,1302.0,1359.0,24
HDL,2026-07-15,1145.0,1143.0,23382
HBLD83,2026-07-15,1052.0,1050.1,420000
SMFBS,2026-07-15,1529.0,1520.0,538
FOWAD,2026-07-15,979.0,978.8,728
MLBL,2026-07-15,350.0,350.0,7687
SADBL,2026-07-15,397.0,400.0,6211
NIFRAUR85/86,2026-07-15,1065.0,1065.0,25
NRN,2026-07-15,1300.0,1356.0,41928
NIL,2026-07-15,600.1,609.0,1697
NLIC,2026-07-15,740.1,743.9,43876
NGPL,2026-07-15,403.1,402.0,117905
MKHL,2026-07-15,466.0,479.9,3491
SANIMA,2026-07-15,348.0,350.5,43142
SICL,2026-07-15,608.6,610.0,10214
ICFC,2026-07-15,600.0,600.0,5568
NBF3,2026-07-15,9.95,10.0,39300
GMFBS,2026-07-15,1253.0,1199.0,80
SFEF,2026-07-15,10.0,10.0,700
ULBSL,2026-07-15,3100.0,2873.0,220
GUFL,2026-07-15,550.0,543.0,5311
BNT,2026-07-15,11699.9,11700.0,20
PRVU,2026-07-15,188.0,189.5,70069
NLICL,2026-07-15,579.0,580.0,8530
KBSH,2026-07-15,1280.0,1245.0,258
MFIL,2026-07-15,730.0,777.0,47072
ACLBSL,2026-07-15,905.0,905.0,127
RSY,2026-07-15,9.74,10.01,2105
MPFL,2026-07-15,606.2,600.0,3665
JHAPA,2026-07-15,1040.0,1048.0,11369
ALBSL,2026-07-15,1015.0,1052.0,812
NHDL,2026-07-15,645.0,639.0,2660
RLEL,2026-07-15,733.0,743.8,8733
NMBMF,2026-07-15,582.0,595.3,808
SLCF,2026-07-15,10.0,10.0,147419
HLICF,2026-07-15,8.75,8.7,700
YMHL,2026-07-15,555.0,558.0,15696
JBLB,2026-07-15,1245.0,1250.0,1411
BHL,2026-07-15,205.5,207.3,113620
PCBL,2026-07-15,231.0,232.0,25011
SHPC,2026-07-15,495.0,489.0,21804
SCB,2026-07-15,649.0,643.5,7822
AVYAN,2026-07-15,1030.0,1030.0,2731
CLI,2026-07-15,434.1,438.9,11976
SAPDBL,2026-07-15,708.0,733.0,8980
SWBBL,2026-07-15,643.0,650.0,12841
MCHL,2026-07-15,273.0,278.0,8866
VLBS,2026-07-15,651.2,652.0,752
SPL,2026-07-15,637.3,650.0,5000
GLH,2026-07-15,245.0,244.9,28160
GBIME,2026-07-15,240.0,239.7,64301
CITY,2026-07-15,349.8,346.0,90311
ILI,2026-07-15,410.0,401.0,14014
HATHY,2026-07-15,699.0,672.2,6928
MSHL,2026-07-15,617.0,600.0,856
HIDCLP,2026-07-15,186.0,188.0,135821
HBL,2026-07-15,190.0,193.0,27955
LBBL,2026-07-15,482.0,484.0,23861
GBIMESY2,2026-07-15,9.97,9.5,9700
HPPL,2026-07-15,346.3,343.1,88643
MBLD2085,2026-07-15,1132.7,1132.7,25
SBID83,2026-07-15,1088.4,1088.4,26
MLBBL,2026-07-15,1120.0,1109.0,1191
NMLBBL,2026-07-15,533.0,527.0,935
GWFD83,2026-07-15,1120.0,1140.8,11
CHL,2026-07-15,256.0,257.0,9126
NRIC,2026-07-15,965.0,925.0,36726
CYCL,2026-07-15,1335.0,1310.5,674
RAWA,2026-07-15,404.0,415.0,17890
NICSF,2026-07-15,9.07,9.0,1600
GSY,2026-07-15,10.0,10.0,9550
CBBL,2026-07-15,918.0,916.0,16222
NRM,2026-07-15,296.0,301.0,12001
SJLIC,2026-07-15,410.0,410.0,4925
KBLD89,2026-07-15,1275.1,1310.1,1805
MKHC,2026-07-15,279.1,289.0,9099
BNHC,2026-07-15,271.3,284.0,31776
DOLTI,2026-07-15,320.0,317.9,17213
CIZBD86,2026-07-15,1173.7,1177.0,48064
KEF,2026-07-15,10.2,10.32,15750
PCBLP,2026-07-15,105.0,105.0,12603
HURJA,2026-07-15,229.9,227.0,18128
MMF1,2026-07-15,9.51,9.75,28597
PCIL,2026-07-15,580.0,594.0,18338
MLBS,2026-07-15,1161.0,1160.0,130
IGI,2026-07-15,429.9,428.0,5084
NMFBSP,2026-07-15,610.0,610.0,3400
MERO,2026-07-15,684.9,663.0,6576
ADBLD83,2026-07-15,1085.0,1076.0,105
MHL,2026-07-15,466.4,478.0,1159
CSY,2026-07-15,9.0,9.06,7300
PBD84,2026-07-15,1110.0,1110.0,20
SMJC,2026-07-15,425.0,440.0,7898
MKJC,2026-07-15,442.2,446.0,1916
UPPER,2026-07-15,198.0,192.0,47635
JOSHI,2026-07-15,250.1,252.0,6015
CIT,2026-07-15,1680.0,1670.1,5708
IHL,2026-07-15,345.0,345.2,5293
CHDC,2026-07-15,2118.0,2070.0,22240
DDBL,2026-07-15,825.0,825.0,5868
EBL,2026-07-15,700.0,693.1,58660
GCIL,2026-07-15,322.5,323.7,22389
MKCL,2026-07-15,1065.0,1070.0,1581
BARUN,2026-07-15,318.9,316.0,32991
USHEC,2026-07-15,483.0,485.0,2546
CHCL,2026-07-15,482.0,476.1,20387
NBL,2026-07-15,265.0,259.9,31214
RFPL,2026-07-15,330.0,328.0,13611
DORDI,2026-07-15,245.0,246.0,10773
APHL,2026-07-15,809.1,820.0,16019
BPCL,2026-07-15,649.0,643.0,12870
RIDI,2026-07-15,301.0,322.0,174573
NYADI,2026-07-15,356.0,367.0,8066
AKPL,2026-07-15,250.0,251.5,35137
MHNL,2026-07-15,227.5,231.0,10896
UMRH,2026-07-15,520.0,521.9,8661
HIMSTAR,2026-07-15,650.0,649.9,3845
GIBF1,2026-07-15,10.27,10.5,22945
SNORL,2026-07-15,769.0,771.0,12249
MNMF1,2026-07-15,9.6,9.9,7300
RHPL,2026-07-15,253.1,255.0,8784
NICFC,2026-07-15,9.17,9.49,17270
TPKHL,2026-07-15,494.0,494.0,17167
UHEWA,2026-07-15,560.0,573.0,91472
KSY,2026-07-15,9.75,9.75,6044
GFCL,2026-07-15,610.0,600.0,7926
SWASTIK,2026-07-15,1934.1,1997.0,573
NICA,2026-07-15,330.0,329.9,29988
RBCL,2026-07-15,14699.0,14699.0,10
KMCDB,2026-07-15,739.2,760.0,1322
SHINED,2026-07-15,1138.0,1145.0,185
NICLBSL,2026-07-15,552.0,544.0,1272
NBBD2085,2026-07-15,1170.0,1170.0,20
ULHC,2026-07-15,358.0,358.0,7237
GLBSL,2026-07-15,1732.0,1770.0,169
SIPD,2026-07-15,597.0,565.0,6589
SBLD83,2026-07-15,1070.0,1070.0,22526
EBLD91,2026-07-15,1083.0,1100.0,4260
KSBBL,2026-07-15,480.0,470.0,11263
GMLI,2026-07-15,1145.5,1173.0,598
ALICL,2026-07-15,420.0,422.0,7934
BBC,2026-07-15,4126.9,4154.0,277
KPCL,2026-07-15,458.0,455.0,5657
JFL,2026-07-15,388.0,385.0,3719
KHPL,2026-07-15,902.0,925.3,6883
CZBIL,2026-07-15,199.0,196.8,21740
MLBSL,2026-07-15,1740.8,1735.0,118
SRLI,2026-07-15,366.5,373.0,13193
SEF,2026-07-15,10.0,9.96,34060
SANVI,2026-07-15,552.0,569.0,3637
FOWADP,2026-07-15,550.0,550.0,17232
BEDC,2026-07-15,315.0,312.0,13993
SARBTM,2026-07-15,775.0,774.9,13769
KBL,2026-07-15,209.7,212.0,121821
BHDC,2026-07-15,427.0,422.1,6019
LEC,2026-07-15,211.0,205.0,40082
ICFCD89,2026-07-15,1120.0,1108.3,133
MNBBL,2026-07-15,361.1,362.4,15584
SPC,2026-07-15,408.0,420.0,2500
PRSF,2026-07-15,12.61,12.37,103850
SMPDA,2026-07-15,770.0,740.0,1853
NWCL,2026-07-15,724.9,705.0,2274
KDBY,2026-07-15,10.7,10.77,23905
HBLD86,2026-07-15,1193.0,1193.0,50000
HDHPC,2026-07-15,195.7,206.0,74341
SLBSL,2026-07-15,1110.0,1103.0,3478
PBLD84,2026-07-15,1147.9,1147.9,10
DHPL,2026-07-15,271.9,275.9,2733
GVL,2026-07-15,466.0,470.0,3334
KAHL,2026-07-15,479.0,479.9,22727
NIFRAGED,2026-07-15,1041.1,1043.3,75
SWMF,2026-07-15,612.0,628.8,6442
MSLB,2026-07-15,1185.0,1219.0,1209
GBLBS,2026-07-15,734.0,734.0,533
FMDBL,2026-07-15,766.0,750.0,3751
SMH,2026-07-15,490.5,502.0,7303
MATRI,2026-07-15,818.0,815.2,21
NFS,2026-07-15,574.0,569.0,10136
MEN,2026-07-15,560.0,559.0,57939
NIFRA,2026-07-15,248.9,245.0,32021
RSDC,2026-07-15,638.0,645.9,560
NIBSF2,2026-07-15,8.9,9.1,39455
HRL,2026-07-15,560.0,557.0,33156
EDBL,2026-07-15,573.0,561.5,880
AKJCL,2026-07-15,336.0,343.7,323715
HLBSL,2026-07-15,868.9,855.0,828
NABIL,2026-07-15,515.0,534.0,57577
TPC,2026-07-15,344.2,349.0,4312
SKHEL,2026-07-15,898.5,889.0,3328
MBJC,2026-07-15,267.0,268.4,6765
HEI,2026-07-15,512.0,510.9,6421
KDL,2026-07-15,760.0,765.1,812
SPIL,2026-07-15,684.0,700.0,15422
NBLD85,2026-07-15,1050.4,1088.0,100050
EBLD85,2026-07-15,1169.0,1151.0,131
GMFIL,2026-07-15,459.0,454.0,11606
SONA,2026-07-15,404.0,407.0,13686
SALICO,2026-07-15,580.0,592.9,1290
SPHL,2026-07-15,526.0,530.0,4451
AHPC,2026-07-15,264.8,264.3,57964
RBBD2088,2026-07-15,1065.0,1070.0,312949
HHL,2026-07-15,309.0,332.8,23305
KBLD90,2026-07-15,1250.0,1325.0,134
OMPL,2026-07-15,878.1,888.0,5908
SABBL,2026-07-15,866.0,840.0,7655
LBLD86,2026-07-15,1180.0,1151.0,20010
NMBD89/90,2026-07-15,1304.0,1424.0,75
UNHPL,2026-07-15,383.0,383.0,13025
CGH,2026-07-15,770.0,770.0,68796
PSF,2026-07-15,11.51,11.7,16630
BHPL,2026-07-15,471.0,469.2,2163
NICGF2,2026-07-15,9.1,9.43,605
GBBLPO,2026-07-15,238.0,238.0,7300
SGIC,2026-07-15,457.1,473.8,14485
SKBBL,2026-07-15,755.0,745.0,15390
SIGS3,2026-07-15,10.5,10.5,100
RBCLPO,2026-07-15,11380.0,11690.0,240
LLBS,2026-07-15,919.0,894.6,318
SINDU,2026-07-15,670.1,680.0,4847
NABBC,2026-07-15,740.0,799.9,23899
CORBL,2026-07-15,1627.5,1750.0,60676
UAIL,2026-07-15,422.0,434.0,6438
HEIP,2026-07-15,311.0,329.0,54
CFCL,2026-07-15,634.7,609.9,49009
MANDU,2026-07-15,799.0,791.1,1119
SHL,2026-07-15,496.0,487.0,21524
SHLB,2026-07-15,1445.0,1436.0,200
MFLD85,2026-07-15,1090.3,1155.5,182
NSY,2026-07-15,9.2,9.61,26340
SMB,2026-07-15,1837.7,1794.0,1191
MMKJL,2026-07-15,438.0,438.0,1657
USLB,2026-07-15,1169.0,1142.0,281
SMHL,2026-07-15,474.9,472.9,15425
SIKLES,2026-07-15,559.0,552.0,3028
NIBLSTF,2026-07-15,8.9,8.5,93040
GBBL,2026-07-15,402.0,400.0,37105
RADHI,2026-07-15,695.0,708.0,53843
TVCL,2026-07-15,476.1,469.9,1420
NADEP,2026-07-15,701.0,705.0,167
WNLB,2026-07-15,1321.0,1380.0,175
GBBD85,2026-07-15,1085.0,1085.0,25
LBBLD89,2026-07-15,1305.0,1305.0,5
LVF2,2026-07-15,10.0,9.95,10850
SSHL,2026-07-15,195.0,195.3,69210
NBF2,2026-07-15,9.91,9.91,7100
NSIF2,2026-07-15,10.21,10.4,27040
NHPC,2026-07-15,254.9,249.9,132466
SAHAS,2026-07-15,648.0,638.3,65747
NIMB,2026-07-15,193.0,191.0,109105
AHL,2026-07-15,413.0,415.2,1950
UNL,2026-07-15,47899.9,47200.0,20
MBL,2026-07-15,244.8,246.9,30575
PHCL,2026-07-15,290.0,292.1,27475
SAGF,2026-07-15,10.0,10.3,5790
NTC,2026-07-15,859.9,853.0,6065
JSLBB,2026-07-15,980.0,970.0,5689
SPDL,2026-07-15,369.0,361.0,27047
MBLEF,2026-07-15,9.88,10.14,6200
NMFBS,2026-07-15,1145.0,1107.0,1724
NUBL,2026-07-15,596.0,600.1,7036
SHIVM,2026-07-15,630.0,620.8,87046
GRDBL,2026-07-15,1010.1,1053.0,21518
PRIN,2026-07-15,680.0,676.1,5128
BJHL,2026-07-15,679.0,712.0,8116
ICFCD83,2026-07-15,1100.0,1140.0,51
SGHC,2026-07-15,320.3,334.0,14648
MEL,2026-07-15,216.0,216.0,4840
MHCL,2026-07-15,305.1,308.5,3580
NICD88,2026-07-15,1133.0,1133.0,20010
TAMOR,2026-07-15,431.3,436.5,8678
RMF1,2026-07-15,9.66,9.9,575
JBBL,2026-07-15,339.0,342.2,33725
STC,2026-07-15,5155.0,5170.0,5240
NLG,2026-07-15,575.0,574.5,4425
BUNGAL,2026-07-15,562.0,560.0,50118
NESDO,2026-07-15,1520.0,1499.8,221
ILBS,2026-07-15,815.0,840.1,1182
NICD83/84,2026-07-15,1057.0,1052.0,208100
NMBHF2,2026-07-15,9.5,9.4,1800
SAIL,2026-07-15,833.0,851.0,16305
RSML,2026-07-15,2981.0,3000.0,27505
HIDCL,2026-07-15,253.0,248.0,42075
H8020,2026-07-15,11.55,12.0,3060
HFIN,2026-07-15,650.0,650.0,15443
RMF2,2026-07-15,9.64,9.93,214700
SFMF,2026-07-15,10.1,10.18,5700
MEHL,2026-07-15,292.0,297.0,3479
ADBL,2026-07-15,306.0,303.0,27903
ANLB,2026-07-15,7425.0,6860.9,20
UNLB,2026-07-15,1359.8,1275.9,241
SBL,2026-07-15,386.0,387.9,400291
TTL,2026-07-15,695.0,700.0,7627
NMB,2026-07-15,237.0,236.6,115664
LICN,2026-07-15,765.0,783.0,4568
SHINE,2026-07-15,397.5,397.5,14499
CIZBD90,2026-07-15,1224.0,1230.0,215
RBBF40,2026-07-15,9.3,9.25,38301
KKHC,2026-07-15,250.0,247.3,14165
UMHL,2026-07-15,555.0,573.0,29612
BGWT,2026-07-15,555.0,545.0,2037
UPCL,2026-07-15,345.0,354.0,118476
BHCL,2026-07-15,447.0,463.3,9551
MAKAR,2026-07-15,460.1,460.0,6986
SBCF,2026-07-15,9.65,9.65,92960
C30MF,2026-07-15,9.73,9.75,21920
SNLI,2026-07-15,416.0,424.0,4205
API,2026-07-15,322.1,323.8,121842
SOHL,2026-07-15,530.0,523.4,43571
EBLD86,2026-07-15,1095.0,1100.0,5025
BANDIPUR,2026-07-15,655.0,675.0,25458
PMHPL,2026-07-15,310.1,315.0,3240
HLI,2026-07-15,321.0,318.0,14073
DLBS,2026-07-15,1200.0,1165.0,476
SJCL,2026-07-15,264.0,269.0,12158
OHL,2026-07-15,676.0,683.4,590
PMLI,2026-07-15,424.2,441.0,2198
NCCD86,2026-07-15,1190.0,1225.5,10
MABEL,2026-07-15,553.0,558.0,6930
SBI,2026-07-15,390.0,387.0,20827
NMBD87/88,2026-07-15,1208.0,1249.0,40
PPL,2026-07-15,306.0,323.1,18740
VLUCL,2026-07-15,422.1,431.9,3992
SIGS2,2026-07-15,10.2,10.1,1500
SBID2090,2026-07-15,1100.0,1100.0,1500
SIFC,2026-07-15,520.0,510.0,5368
RNLI,2026-07-15,440.0,441.8,5624
SYPNL,2026-07-15,1301.0,1299.8,31623
RURU,2026-07-15,623.0,603.0,3491
SAGAR,2026-07-15,1505.0,1620.0,21862
EHPL,2026-07-15,342.4,335.0,11299
CREST,2026-07-15,1150.0,1186.9,6693
PMLIP,2026-07-15,255.0,255.0,20349
SBLD84,2026-07-15,1079.0,1110.0,1
SMATA,2026-07-15,716.1,726.2,1380
USHL,2026-07-15,511.4,492.3,1342
SOPL,2026-07-15,765.0,771.0,36729
SAND2085,2026-07-15,1170.0,1245.0,472
PURE,2026-07-15,732.2,759.0,3238
SLBBL,2026-07-15,786.0,794.5,7943
GHL,2026-07-15,219.9,217.5,18462
RHGCL,2026-07-15,256.0,251.0,9624
GILB,2026-07-15,1045.7,1078.8,5142
PBLD86,2026-07-15,1289.0,1328.0,21
NICL,2026-07-15,515.0,509.0,9816
ENL,2026-07-15,784.6,795.0,480
TSHL,2026-07-15,339.8,350.5,19262
MDB,2026-07-15,578.3,575.0,4181
RLFL,2026-07-15,440.0,454.9,25070
SRBLD83,2026-07-15,1099.7,1099.0,21010
CKHL,2026-07-15,542.5,558.0,904
PROFL,2026-07-15,426.0,430.0,10047
BFC,2026-07-15,535.5,507.4,18175
PPCL,2026-07-15,334.7,334.0,2437
NIBLGF,2026-07-15,9.22,9.49,200
SHEL,2026-07-15,293.0,298.9,185382
NICBF,2026-07-15,9.24,9.24,800
LSL,2026-07-15,217.0,215.0,53731
SGHL,2026-07-15,460.0,470.0,53760
GBLBS,2026-07-14,718.0,735.0,2730
IGI,2026-07-14,424.0,425.0,4666
HDHPC,2026-07-14,192.8,206.0,74524
SHINED,2026-07-14,1105.8,1105.0,35611
CYCL,2026-07-14,1300.1,1344.0,1319
GFCL,2026-07-14,595.1,600.0,8806
ILI,2026-07-14,409.0,411.2,6293
MERO,2026-07-14,665.0,667.2,2053
SLBBL,2026-07-14,794.0,783.2,3962
MANDU,2026-07-14,790.0,804.0,2059
NHDL,2026-07-14,620.0,631.0,471
BNL,2026-07-14,13875.0,13872.8,120
UMRH,2026-07-14,521.8,519.9,5515
NBLD87,2026-07-14,1151.0,1225.0,167905
AHPC,2026-07-14,257.1,262.4,65032
HLBSL,2026-07-14,841.0,853.0,558
RBBF40,2026-07-14,9.15,9.3,2451040
HIMSTAR,2026-07-14,625.0,644.0,8078
SPC,2026-07-14,420.0,420.0,5399
TPKHL,2026-07-14,500.0,496.0,31104
FOWAD,2026-07-14,946.0,951.0,2571
NIMBPO,2026-07-14,139.7,141.0,5761
SHPC,2026-07-14,482.1,484.5,25857
BUNGAL,2026-07-14,575.0,575.0,48150
SPL,2026-07-14,630.4,641.1,1488
MNMF1,2026-07-14,9.8,9.6,104945
NIBSF2,2026-07-14,8.71,8.7,37595
SMPDA,2026-07-14,735.2,749.0,3875
HBL,2026-07-14,195.0,191.8,35099
HATHY,2026-07-14,665.1,690.0,3689
SARBTM,2026-07-14,770.1,774.9,8401
CBBL,2026-07-14,910.0,914.9,12815
PMLI,2026-07-14,430.0,436.0,8135
MPFL,2026-07-14,605.0,594.8,17189
KAHL,2026-07-14,472.0,479.0,44088
UNHPL,2026-07-14,380.0,382.0,23132
NABILD2089,2026-07-14,1135.0,1142.0,3175
SICL,2026-07-14,605.0,608.6,3257
PBD84,2026-07-14,1082.0,1082.0,50
SAGAR,2026-07-14,1500.0,1528.0,5425
NICAD2091,2026-07-14,1074.0,1106.0,98598
SBLD84,2026-07-14,1060.0,1079.0,189908
ANLB,2026-07-14,7073.0,7073.0,10
JFL,2026-07-14,381.0,383.2,5939
GIBF1,2026-07-14,10.27,10.3,21150
HFIN,2026-07-14,605.0,643.0,24763
MLBL,2026-07-14,340.1,344.5,9655
KSBBLD87,2026-07-14,1148.0,1229.0,9857
JBBD87,2026-07-14,1143.3,1195.0,8769
DORDI,2026-07-14,245.0,245.5,11909
SYPNL,2026-07-14,1224.6,1277.0,46271
CITY,2026-07-14,327.8,343.0,190162
JBBL,2026-07-14,335.0,337.5,23179
JHAPA,2026-07-14,1021.1,1020.0,12719
KKHC,2026-07-14,245.0,250.0,33672
NMBHF2,2026-07-14,9.51,9.55,1910
JOSHI,2026-07-14,250.0,252.4,17207
GVL,2026-07-14,463.0,466.0,10331
MHNL,2026-07-14,229.0,226.0,44919
RSY,2026-07-14,9.7,10.0,1200
GLH,2026-07-14,237.2,244.9,28785
GWFD83,2026-07-14,1114.0,1120.0,302
MAKAR,2026-07-14,456.0,460.0,4172
NLIC,2026-07-14,775.0,740.2,14987
NICFC,2026-07-14,9.17,9.17,2600
GBIME,2026-07-14,238.0,237.2,201957
BHL,2026-07-14,201.0,205.5,78551
SALICO,2026-07-14,626.8,580.0,32695
BOKD86KA,2026-07-14,1174.0,1169.0,120058
UHEWA,2026-07-14,565.9,557.0,24127
NBF2,2026-07-14,10.0,10.0,4700
SIKLES,2026-07-14,541.3,544.0,14937
CIZBD86,2026-07-14,1172.0,1210.0,37174
SGHC,2026-07-14,316.0,328.0,8951
TAMOR,2026-07-14,430.1,435.1,17543
CLI,2026-07-14,436.0,436.0,10212
OMPL,2026-07-14,861.0,871.9,2940
LSL,2026-07-14,216.0,214.9,212116
HEIP,2026-07-14,311.0,320.0,35
HURJA,2026-07-14,224.0,226.0,43280
RHPL,2026-07-14,252.0,255.1,16053
DHEL,2026-07-14,560.0,560.0,13237
CFCL,2026-07-14,610.0,604.5,47824
PMHPL,2026-07-14,304.0,309.0,6800
STC,2026-07-14,5052.0,5150.0,1487
GHL,2026-07-14,216.0,216.1,39776
ADBLD83,2026-07-14,1075.2,1085.0,261617
EBLD85,2026-07-14,1150.0,1150.0,411
NBLD85,2026-07-14,1079.0,1079.0,200000
NIFRAUR85/86,2026-07-14,1050.0,1065.0,35
SWASTIK,2026-07-14,2000.0,1980.0,704
SAIL,2026-07-14,829.0,841.0,15602
ACLBSL,2026-07-14,900.0,910.0,2303
MBL,2026-07-14,246.0,244.8,47568
MKHC,2026-07-14,290.0,284.6,12308
PPCL,2026-07-14,327.0,325.0,26018
CSY,2026-07-14,9.0,9.12,3900
SADBL,2026-07-14,378.1,396.1,11565
SMH,2026-07-14,489.0,497.0,8245
NUBL,2026-07-14,590.5,595.0,2612
HEI,2026-07-14,507.0,512.9,33367
HDL,2026-07-14,1149.0,1145.0,31356
KMCDB,2026-07-14,787.5,760.0,4432
PBD88,2026-07-14,1270.0,1285.0,26686
CGH,2026-07-14,751.1,762.9,13989
BOKD86,2026-07-14,1139.0,1145.0,22458
SPHL,2026-07-14,520.0,534.0,17583
GLBSL,2026-07-14,1754.9,1780.0,505
MATRI,2026-07-14,815.0,815.0,674
NRM,2026-07-14,305.0,301.1,14261
NMBD89/90,2026-07-14,1298.0,1304.0,112226
HBLD83,2026-07-14,1051.0,1050.0,69125
SKBBL,2026-07-14,742.1,745.0,20634
MCHL,2026-07-14,275.0,272.5,6724
UPCL,2026-07-14,365.0,354.9,56649
RMF1,2026-07-14,9.6,9.69,1127140
SKHEL,2026-07-14,845.0,873.9,7591
NMBMF,2026-07-14,588.0,599.9,900
NIMB,2026-07-14,188.5,189.1,118057
UNL,2026-07-14,46555.0,46505.0,20
SWMF,2026-07-14,608.9,612.4,2456
SOHL,2026-07-14,501.6,530.0,49488
EBLD91,2026-07-14,1119.0,1082.0,331624
AVYAN,2026-07-14,971.9,1031.0,975
SGHL,2026-07-14,462.5,461.5,56112
KBSH,2026-07-14,1226.0,1261.0,366
MLBLD89,2026-07-14,1234.3,1325.0,27346
MLBS,2026-07-14,1125.0,1184.3,600
RAWA,2026-07-14,426.0,411.9,27656
NSY,2026-07-14,9.08,9.2,9760
GCIL,2026-07-14,321.0,322.5,17134
MBJC,2026-07-14,265.0,269.4,32860
SAND2085,2026-07-14,1170.0,1170.0,10
MLBBL,2026-07-14,1076.7,1114.0,1066
EBL,2026-07-14,695.0,692.6,44101
ALICL,2026-07-14,418.0,419.0,13641
LBLD86,2026-07-14,1173.0,1180.0,50101
DOLTI,2026-07-14,310.8,315.1,29017
PBLD86,2026-07-14,1218.4,1289.0,20986
HRL,2026-07-14,555.0,554.0,61911
MBLEF,2026-07-14,9.91,10.07,16500
AKPL,2026-07-14,247.0,249.9,67980
ULHC,2026-07-14,367.0,357.0,23153
UMHL,2026-07-14,551.0,575.0,34964
SIPD,2026-07-14,575.0,569.9,9433
SBD89,2026-07-14,1236.0,1236.0,25
LUK,2026-07-14,10.0,9.9,1100
RBCL,2026-07-14,14399.9,14399.0,105
GBIMESY2,2026-07-14,9.4,9.5,300
TVCL,2026-07-14,451.0,462.3,6338
SDBD87,2026-07-14,1159.0,1241.0,17610
NWCL,2026-07-14,691.0,705.0,420
LLBS,2026-07-14,892.4,914.0,148
MKCL,2026-07-14,1043.0,1065.0,699
SMFBS,2026-07-14,1635.3,1529.0,1009
RNLI,2026-07-14,439.0,440.0,12497
SMATA,2026-07-14,727.0,730.0,2620
SMJC,2026-07-14,425.0,436.0,6399
PROFL,2026-07-14,422.5,425.0,5510
LBBLD89,2026-07-14,1318.0,1305.0,60966
DLBS,2026-07-14,1167.0,1200.0,755
API,2026-07-14,322.0,321.9,187891
ADBL,2026-07-14,305.0,303.0,23635
NBBD2085,2026-07-14,1138.0,1138.0,50
SNLI,2026-07-14,420.0,422.0,9739
GMLI,2026-07-14,1125.1,1170.0,3443
PBD85,2026-07-14,1121.0,1125.0,80
NABILD87,2026-07-14,1125.0,1158.0,168554
NIMBD90,2026-07-14,1274.0,1250.0,310519
NTC,2026-07-14,846.0,850.9,11091
JSLBB,2026-07-14,1011.0,989.8,755
NMB,2026-07-14,235.0,235.0,29198
GSY,2026-07-14,9.95,10.1,6800
NLICL,2026-07-14,570.0,571.0,7835
MABEL,2026-07-14,546.0,553.0,7324
RLEL,2026-07-14,720.1,733.0,9458
CREST,2026-07-14,1200.0,1174.9,10925
USLB,2026-07-14,1140.0,1141.6,989
NMFBS,2026-07-14,1100.0,1107.0,6851
DDBL,2026-07-14,820.0,818.6,8333
MHL,2026-07-14,462.3,470.0,2932
RBBD2088,2026-07-14,1060.0,1065.0,147008
SHL,2026-07-14,486.5,486.0,45360
SBLD83,2026-07-14,1054.0,1048.0,44000
SEF,2026-07-14,9.95,10.0,30632
NABIL,2026-07-14,525.1,530.1,76835
BANDIPUR,2026-07-14,652.5,668.0,28561
BARUN,2026-07-14,308.0,312.0,20668
SFEF,2026-07-14,10.05,10.0,18560
NIFRA,2026-07-14,240.0,244.5,37484
LICN,2026-07-14,803.0,772.0,7717
NIL,2026-07-14,602.09,614.0,4501
RIDI,2026-07-14,301.0,316.0,235844
LVF2,2026-07-14,9.76,10.0,1600
SONA,2026-07-14,399.0,400.0,29034
CHCL,2026-07-14,499.8,477.9,8353
MHCL,2026-07-14,314.1,305.2,5302
KBLD86,2026-07-14,1195.0,1302.0,9459
GBILD86/87,2026-07-14,1166.9,1202.0,54091
CZBIL,2026-07-14,195.8,195.0,25872
KBLD90,2026-07-14,1261.0,1250.0,420602
APHL,2026-07-14,824.5,835.0,17614
SRLI,2026-07-14,367.0,370.9,21876
SSHL,2026-07-14,185.0,195.0,103608
KSBBL,2026-07-14,463.0,470.0,22414
BHDC,2026-07-14,420.0,425.0,4600
NMLBBL,2026-07-14,528.0,526.0,9110
PURE,2026-07-14,723.0,740.0,8693
PHCL,2026-07-14,287.5,289.9,52684
KHPL,2026-07-14,870.0,902.0,14147
ALBSL,2026-07-14,1015.0,1049.0,8124
SRBLD83,2026-07-14,1082.0,1099.7,56850
NHPC,2026-07-14,251.9,247.5,262303
BJHL,2026-07-14,650.0,679.9,10135
KBLD89,2026-07-14,1290.0,1299.8,2025
NLG,2026-07-14,580.0,575.0,11306
NIFRAGED,2026-07-14,1040.0,1040.5,50
BHPL,2026-07-14,480.0,479.0,10369
SHEL,2026-07-14,290.0,292.0,378434
SBLD2091,2026-07-14,1048.9,1080.0,113047
NICLBSL,2026-07-14,543.1,541.0,7772
NICSF,2026-07-14,9.35,9.35,125000
PCBL,2026-07-14,231.0,229.2,46844
OHL,2026-07-14,670.0,670.0,1696
RLFL,2026-07-14,450.0,451.0,12621
MKHL,2026-07-14,458.1,466.0,1254
SAPDBL,2026-07-14,698.3,720.0,29571
SANIMA,2026-07-14,345.0,345.0,109853
SLCF,2026-07-14,9.9,10.0,365650
HIDCL,2026-07-14,249.4,250.0,62329
VLUCL,2026-07-14,420.1,429.5,2184
BBC,2026-07-14,4053.7,4128.0,240
ILBS,2026-07-14,816.0,840.0,1517
ULBSL,2026-07-14,2710.0,3100.0,4467
PBLD87,2026-07-14,1110.0,1150.0,35380
GBILD84/85,2026-07-14,1145.0,1179.0,41070
ICFCD88,2026-07-14,1165.0,1178.6,120550
NMFBSP,2026-07-14,610.0,610.0,10000
SHINE,2026-07-14,397.0,396.9,21030
SOPL,2026-07-14,750.0,765.0,45784
SCBD,2026-07-14,1149.9,1149.9,100
NESDO,2026-07-14,1442.0,1495.0,976
PRIN,2026-07-14,676.8,678.0,2449
MEHL,2026-07-14,291.6,292.0,9684
LEC,2026-07-14,203.0,205.3,97031
SIGS3,2026-07-14,10.19,10.49,505100
SGIC,2026-07-14,450.0,455.4,4344
UAIL,2026-07-14,427.0,433.0,9723
PSF,2026-07-14,11.02,11.8,4695
NMBD87/88,2026-07-14,1105.0,1215.0,11898
MKJC,2026-07-14,436.1,448.9,4334
SANVI,2026-07-14,542.5,569.0,16369
NRN,2026-07-14,1300.0,1346.1,63631
RURU,2026-07-14,591.0,615.0,3316
CHL,2026-07-14,253.0,254.7,20813
HPPL,2026-07-14,342.1,350.9,85585
SPIL,2026-07-14,685.0,684.1,12308
RBCLPO,2026-07-14,11100.0,11729.0,311
NMBD2085,2026-07-14,1143.0,1211.0,34030
TRH,2026-07-14,752.0,766.0,10226
NIBLGF,2026-07-14,8.99,9.5,7300
ENL,2026-07-14,800.0,762.0,1295
EBLEB89,2026-07-14,1100.0,1133.0,445
MDB,2026-07-14,561.0,583.5,6030
ICFCD83,2026-07-14,1100.0,1100.0,50
RBBD83,2026-07-14,1036.2,1036.2,51
ICFC,2026-07-14,588.0,596.6,10105
HLI,2026-07-14,317.0,318.0,21753
JBLB,2026-07-14,1220.0,1245.0,5613
EDBL,2026-07-14,560.0,560.5,49491
SJCL,2026-07-14,268.0,266.0,12572
KSY,2026-07-14,9.22,9.8,3550
SBLD89,2026-07-14,1274.2,1236.0,72102
HLICF,2026-07-14,8.7,8.75,1082
BFC,2026-07-14,512.5,510.0,58912
NIBLSTF,2026-07-14,8.67,9.07,28000
LBBL,2026-07-14,480.0,479.9,21468
KPCL,2026-07-14,451.6,454.0,4346
NYADI,2026-07-14,358.9,356.0,4478
UNLB,2026-07-14,1348.4,1297.5,1981
MMKJL,2026-07-14,447.7,438.0,2861
PRVU,2026-07-14,190.0,188.0,86426
HBLD86,2026-07-14,1197.0,1197.0,30000
CIT,2026-07-14,1680.0,1681.9,4503
SHLB,2026-07-14,1400.0,1445.0,610
PCIL,2026-07-14,585.1,589.7,33962
KBL,2026-07-14,209.8,208.7,151445
MBLD87,2026-07-14,1145.18,1171.0,32669
AKJCL,2026-07-14,326.0,340.0,496164
EHPL,2026-07-14,345.0,332.5,18974
VLBS,2026-07-14,650.2,645.0,4691
CKHL,2026-07-14,525.0,542.5,915
NSIF2,2026-07-14,10.87,10.4,52099
SMB,2026-07-14,1775.0,1784.3,2043
UPPER,2026-07-14,189.1,191.3,130297
MNBBL,2026-07-14,362.8,360.0,31081
SBID83,2026-07-14,1094.0,1122.0,11450
GRDBL,2026-07-14,1027.0,1020.0,11619
RSML,2026-07-14,2980.0,3025.0,41025
SNORL,2026-07-14,770.0,769.0,26377
GILB,2026-07-14,1045.0,1065.0,2478
NBL,2026-07-14,267.9,260.0,91968
PPL,2026-07-14,302.1,321.9,22088
MLBSL,2026-07-14,1633.0,1703.8,242
TPC,2026-07-14,342.0,344.0,15155
CIZBD90,2026-07-14,1175.0,1210.0,3920
USHL,2026-07-14,504.0,487.1,6905
RHGCL,2026-07-14,253.0,249.0,44550
RSDC,2026-07-14,620.0,632.0,3869
SABBL,2026-07-14,806.1,841.5,12078
NABBC,2026-07-14,720.0,737.9,116099
NBF3,2026-07-14,9.98,9.95,53691
MMF1,2026-07-14,9.59,9.8,584880
SINDU,2026-07-14,639.5,678.9,5350
SAHAS,2026-07-14,636.0,635.3,133886
NICD88,2026-07-14,1109.0,1100.0,153199
USHEC,2026-07-14,476.0,484.0,3552
SBI,2026-07-14,385.0,388.9,14388
MEN,2026-07-14,553.0,565.0,43912
GUFL,2026-07-14,530.0,546.9,10963
SBD87,2026-07-14,1164.0,1202.0,12485
NADEP,2026-07-14,700.2,700.2,1811
NRIC,2026-07-14,921.0,924.0,19799
SPDL,2026-07-14,364.0,359.2,22838
H8020,2026-07-14,11.5,11.55,3030
WNLB,2026-07-14,1300.3,1358.0,105
KEF,2026-07-14,10.36,10.5,4100
MEL,2026-07-14,203.8,211.0,9125
NICL,2026-07-14,503.0,505.0,6228
HHL,2026-07-14,326.0,325.0,28026
NMIC,2026-07-14,881.0,887.0,3254
FMDBL,2026-07-14,750.0,745.0,10067
SLBSL,2026-07-14,1161.1,1100.0,2776
SFMF,2026-07-14,10.5,10.3,3800
SHIVM,2026-07-14,625.0,619.0,134658
AHL,2026-07-14,407.2,410.1,2490
NIBD84,2026-07-14,1082.0,1064.1,134
C30MF,2026-07-14,10.01,10.02,3020
IHL,2026-07-14,329.0,340.0,4313
NFS,2026-07-14,561.0,565.8,11494
GBBL,2026-07-14,395.3,396.0,20111
BNHC,2026-07-14,261.3,277.0,84847
GBBLPO,2026-07-14,238.0,238.0,49031
TTL,2026-07-14,700.0,700.0,14606
SBID2090,2026-07-14,1131.1,1084.0,345730
BHCL,2026-07-14,470.0,459.0,32984
SAGF,2026-07-14,10.0,10.05,300
HIDCLP,2026-07-14,182.8,185.4,109196
NBLD82,2026-07-14,1089.9,1095.0,20205
SBCF,2026-07-14,9.7,9.65,189932
SCB,2026-07-14,635.0,635.5,22831
PRSF,2026-07-14,12.45,12.6,1500
CHDC,2026-07-14,1967.0,2070.0,10537
NICAD85/86,2026-07-14,1139.0,1130.0,10050
GMFBS,2026-07-14,1232.0,1196.0,351
SWBBL,2026-07-14,655.4,630.5,140967
RFPL,2026-07-14,322.4,321.7,24382
SBL,2026-07-14,386.0,386.0,104653
SKHL,2026-07-14,845.0,807.0,26367
MFIL,2026-07-14,760.0,767.8,46256
SBID89,2026-07-14,1200.0,1185.0,7649
SJLIC,2026-07-14,404.0,407.2,10119
RADHI,2026-07-14,705.0,695.0,34937
RMF2,2026-07-14,9.42,9.7,2100
ICFCD89,2026-07-14,1110.0,1120.0,636
BEDC,2026-07-14,306.0,309.0,28196
CCBD88,2026-07-14,1256.0,1313.0,4726
NGPL,2026-07-14,404.0,400.3,138225
YMHL,2026-07-14,555.0,555.0,19747
BGWT,2026-07-14,534.5,550.0,2957
DHPL,2026-07-14,257.0,264.0,7478
TSHL,2026-07-14,324.1,330.0,26493
BPCL,2026-07-14,680.0,638.0,27855
NICA,2026-07-14,329.0,324.2,24358
KDBY,2026-07-14,10.53,10.83,79445
MSHL,2026-07-14,585.0,599.9,559
SMHL,2026-07-14,455.0,466.2,22459
MSLB,2026-07-14,1194.1,1219.0,461
SIFC,2026-07-14,501.0,507.0,5153
CORBL,2026-07-14,1550.0,1550.0,37992
NICGF2,2026-07-14,9.0,9.38,8200
GMFIL,2026-07-14,448.0,449.0,10299
KDL,2026-07-14,733.0,759.0,2771
PBD85,2026-07-13,1112.0,1112.0,30000
CCBD88,2026-07-13,1230.0,1220.0,75
HIMSTAR,2026-07-13,680.0,627.0,8541
RBCL,2026-07-13,14252.0,14450.0,30
MBLD2085,2026-07-13,1171.0,1163.0,50000
RSML,2026-07-13,3000.0,3029.0,23433
RHGCL,2026-07-13,255.5,253.0,17073
NMBD87/88,2026-07-13,1155.0,1135.0,423278
SHL,2026-07-13,490.5,486.4,29566
APHL,2026-07-13,858.0,849.9,18305
MLBSL,2026-07-13,1700.0,1665.0,307
CYCL,2026-07-13,1301.1,1330.0,1819
PSF,2026-07-13,11.52,11.6,1470600
SMJC,2026-07-13,440.1,429.9,10403
MBLEF,2026-07-13,10.0,9.91,510600
SFMF,2026-07-13,10.2,10.2,30740
SYPNL,2026-07-13,1330.0,1289.0,54123
UNLB,2026-07-13,1335.5,1286.9,816
MNMF1,2026-07-13,9.8,9.8,12150
MCHL,2026-07-13,282.7,275.0,7761
HLICF,2026-07-13,8.73,8.75,1700
BPCL,2026-07-13,650.0,647.9,29331
RADHI,2026-07-13,705.0,693.3,43019
PBLD87,2026-07-13,1122.0,1140.0,150354
MEL,2026-07-13,225.5,210.0,11814
HDL,2026-07-13,1145.0,1142.0,34920
DLBS,2026-07-13,1200.0,1199.9,751
CZBIL,2026-07-13,195.0,193.5,39954
NYADI,2026-07-13,359.0,349.5,5622
OMPL,2026-07-13,881.2,866.0,2601
NBLD85,2026-07-13,1099.0,1081.0,35030
NBF2,2026-07-13,9.7,10.03,27011
KSY,2026-07-13,9.5,9.5,2450
CIZBD90,2026-07-13,1188.3,1175.0,1295
CKHL,2026-07-13,577.0,539.0,18075
HRL,2026-07-13,561.0,556.0,45767
PPCL,2026-07-13,325.0,324.0,32459
CREST,2026-07-13,1175.0,1175.0,7105
NIBSF2,2026-07-13,8.86,8.46,3702321
ANLB,2026-07-13,6736.8,6736.8,10
RBBD83,2026-07-13,1068.0,1068.0,32445
ICFCD89,2026-07-13,1113.0,1112.0,158
BANDIPUR,2026-07-13,705.0,665.0,36952
BBC,2026-07-13,4091.0,4070.0,272
CHCL,2026-07-13,478.0,476.0,12296
TRH,2026-07-13,783.0,774.0,1982
NMBD89/90,2026-07-13,1311.0,1305.0,204330
NTC,2026-07-13,845.0,846.0,6841
CIT,2026-07-13,1680.1,1675.0,4296
FOWAD,2026-07-13,960.0,960.0,2967
AHPC,2026-07-13,261.5,261.0,71919
RIDI,2026-07-13,309.0,315.9,210156
PMHPL,2026-07-13,322.4,304.0,5233
GRDBL,2026-07-13,1049.0,1027.0,10975
MEN,2026-07-13,561.0,552.8,130618
NIMBPO,2026-07-13,139.1,143.1,327
BFC,2026-07-13,514.0,508.0,65267
SKBBL,2026-07-13,746.0,744.0,24433
GUFL,2026-07-13,546.0,538.5,6731
NIMB,2026-07-13,199.8,188.1,166988
SBD87,2026-07-13,1165.0,1199.0,65
TTL,2026-07-13,715.1,699.0,14760
SMH,2026-07-13,498.0,490.0,13845
GBILD86/87,2026-07-13,1144.0,1167.0,30535
MHL,2026-07-13,467.0,468.0,3478
NRIC,2026-07-13,957.0,925.0,37262
STC,2026-07-13,5150.0,5050.0,1060
MKCL,2026-07-13,1070.0,1074.0,1943
DHEL,2026-07-13,560.1,570.0,6557
C30MF,2026-07-13,10.1,9.93,30100
BNHC,2026-07-13,282.4,275.0,83916
SBI,2026-07-13,390.0,389.8,32122
SBLD84,2026-07-13,1037.0,1037.0,69
NIBLGF,2026-07-13,9.22,9.0,2350
MKJC,2026-07-13,449.0,447.0,2482
JSLBB,2026-07-13,997.2,1015.0,343
BEDC,2026-07-13,315.0,310.1,26916
MSHL,2026-07-13,605.0,596.0,866
UPCL,2026-07-13,361.0,359.0,32636
RURU,2026-07-13,610.0,602.5,4144
BHPL,2026-07-13,481.0,467.5,7903
HIDCLP,2026-07-13,186.0,183.0,137569
VLBS,2026-07-13,666.1,657.1,1860
SHINED,2026-07-13,1140.0,1140.0,10000
ICFC,2026-07-13,592.0,588.0,10251
TPC,2026-07-13,363.5,346.2,10784
MHNL,2026-07-13,228.1,229.0,20459
KBL,2026-07-13,211.3,208.0,138333
GLH,2026-07-13,247.0,240.9,50363
JBBL,2026-07-13,340.0,333.0,31072
SANIMA,2026-07-13,350.0,344.0,124457
SONA,2026-07-13,405.2,400.1,26467
LSL,2026-07-13,216.5,215.1,67861
SNLI,2026-07-13,422.0,422.0,7977
SIKLES,2026-07-13,545.2,545.0,3923
NICBF,2026-07-13,9.01,8.98,3000
UNL,2026-07-13,47000.0,46555.0,30
HEIP,2026-07-13,319.0,311.1,711
ADBLD83,2026-07-13,1090.0,1076.0,78729
NSY,2026-07-13,9.09,9.31,21950
NMBHF2,2026-07-13,9.58,9.51,10001600
SGHC,2026-07-13,325.0,322.0,1690
MAKAR,2026-07-13,455.0,457.0,1300
SALICO,2026-07-13,592.0,597.0,9011
MFIL,2026-07-13,770.0,769.8,20676
SBLD83,2026-07-13,1045.0,1045.0,22166
MANDU,2026-07-13,796.2,787.0,1440
BHDC,2026-07-13,442.0,425.0,5296
H8020,2026-07-13,11.45,11.7,1220
BUNGAL,2026-07-13,616.9,575.0,36819
HBL,2026-07-13,192.8,190.8,60904
KBLD86,2026-07-13,1144.6,1195.0,40285
PRIN,2026-07-13,683.8,676.8,3349
PCIL,2026-07-13,609.0,590.0,35156
SARBTM,2026-07-13,787.0,772.0,19557
RSDC,2026-07-13,632.1,627.0,4118
GILB,2026-07-13,1090.0,1065.0,424
HURJA,2026-07-13,226.0,222.1,52638
KBLD90,2026-07-13,1225.0,1225.0,100000
SBL,2026-07-13,386.7,386.0,92383
UAIL,2026-07-13,429.2,427.0,5172
CHDC,2026-07-13,2092.0,2070.0,64512
JFL,2026-07-13,387.0,381.0,6869
ADBL,2026-07-13,301.0,302.5,24807
SLCF,2026-07-13,10.0,9.9,21000
SHINE,2026-07-13,398.0,397.0,15517
NLICL,2026-07-13,582.0,570.0,46092
HHL,2026-07-13,330.2,328.0,25692
NBL,2026-07-13,266.9,261.0,40020
SAGF,2026-07-13,9.95,9.95,1100
SCB,2026-07-13,638.0,637.0,20869
ILI,2026-07-13,413.1,409.0,15316
HDHPC,2026-07-13,205.3,202.9,92734
SAHAS,2026-07-13,649.0,636.9,165275
NWCL,2026-07-13,705.2,695.0,2008
BNT,2026-07-13,11551.0,11551.0,20
NMB,2026-07-13,240.0,235.9,24649
GHL,2026-07-13,218.1,216.0,22203
UMHL,2026-07-13,580.0,573.9,74747
MSLB,2026-07-13,1269.0,1209.0,2535
ALBSL,2026-07-13,1029.0,1041.0,6282
NICGF2,2026-07-13,9.2,9.15,700
EBLD85,2026-07-13,1140.0,1120.0,29325
SKHEL,2026-07-13,924.0,862.0,6452
HEI,2026-07-13,509.0,510.0,19501
SGHL,2026-07-13,490.0,462.5,56722
SHIVM,2026-07-13,629.0,619.9,67449
ACLBSL,2026-07-13,893.0,908.9,615
JBLB,2026-07-13,1230.0,1226.0,4029
LBBL,2026-07-13,481.3,470.2,36405
LEC,2026-07-13,211.0,203.3,69241
GFCL,2026-07-13,605.0,595.1,7347
BOKD86KA,2026-07-13,1146.5,1140.0,9
BHL,2026-07-13,205.0,201.0,60335
KPCL,2026-07-13,464.0,458.0,7794
KAHL,2026-07-13,510.0,486.0,38258
EBL,2026-07-13,695.1,694.0,49185
NICSF,2026-07-13,9.36,9.2,3062450
TPKHL,2026-07-13,520.0,493.0,25046
MLBBL,2026-07-13,1115.0,1110.0,390
LBLD86,2026-07-13,1228.0,1156.3,199
USHL,2026-07-13,517.6,480.0,950
SAIL,2026-07-13,850.0,826.0,18333
KDL,2026-07-13,776.0,755.0,1857
KBLD89,2026-07-13,1299.8,1262.0,2
HATHY,2026-07-13,681.0,679.9,4910
KSBBL,2026-07-13,468.5,468.0,21045
ILBS,2026-07-13,821.0,843.5,2867
JHAPA,2026-07-13,1045.0,1039.1,10573
JOSHI,2026-07-13,258.0,250.1,9270
NRN,2026-07-13,1350.0,1346.0,53243
MMKJL,2026-07-13,447.0,449.0,1754
DDBL,2026-07-13,813.0,816.0,2518
NICD83/84,2026-07-13,1045.0,1050.0,8480
SIFC,2026-07-13,511.1,500.0,11936
MERO,2026-07-13,680.0,673.0,6275
HPPL,2026-07-13,356.0,348.5,168161
MLBS,2026-07-13,1134.0,1149.9,672
BOKD86,2026-07-13,1103.0,1136.0,49614
UMRH,2026-07-13,513.5,516.2,4452
NICFC,2026-07-13,9.32,9.16,1800
SINDU,2026-07-13,683.1,673.1,2675
BARUN,2026-07-13,317.0,308.7,31972
LLBS,2026-07-13,932.0,920.0,222
NICL,2026-07-13,520.0,503.0,15007
CIZBD86,2026-07-13,1130.0,1190.0,28563
SDBD87,2026-07-13,1130.0,1130.0,30
NIFRA,2026-07-13,245.0,244.0,50878
HFIN,2026-07-13,654.0,635.0,19731
HBLD83,2026-07-13,1022.0,1052.0,40025
RLFL,2026-07-13,464.0,450.0,19127
SCBD,2026-07-13,1115.0,1132.0,113521
NBF3,2026-07-13,9.95,9.98,14000
MEHL,2026-07-13,302.0,300.0,4388
GBIME,2026-07-13,239.3,237.5,137598
NABILD2089,2026-07-13,1075.0,1140.0,81874
SBLD2091,2026-07-13,1070.0,1080.0,10100
CBBL,2026-07-13,920.0,910.0,15967
AVYAN,2026-07-13,1040.0,1023.0,2923
SAPDBL,2026-07-13,775.0,735.0,31862
SMFBS,2026-07-13,1646.4,1580.0,3061
USLB,2026-07-13,1152.3,1169.0,914
SKHL,2026-07-13,883.0,837.6,12275
NIBD84,2026-07-13,1077.0,1055.0,48399
NMBMF,2026-07-13,595.0,595.0,1265
PROFL,2026-07-13,430.0,423.0,5570
CGH,2026-07-13,778.0,760.0,10461
SMHL,2026-07-13,460.0,455.0,69229
AKJCL,2026-07-13,358.0,343.0,277593
ALICL,2026-07-13,420.2,418.0,15570
RNLI,2026-07-13,440.5,439.9,17502
SABBL,2026-07-13,860.0,818.0,13736
OHL,2026-07-13,667.0,665.1,1251
GMLI,2026-07-13,1145.0,1150.0,1473
KKHC,2026-07-13,256.0,245.0,37314
LUK,2026-07-13,10.3,10.0,1800
AKPL,2026-07-13,255.0,248.0,56210
CSY,2026-07-13,9.01,9.01,1700
MBJC,2026-07-13,265.1,270.0,11742
SBLD89,2026-07-13,1260.0,1237.1,170682
SGIC,2026-07-13,455.0,452.1,4331
NHDL,2026-07-13,631.0,627.0,11015
HLI,2026-07-13,322.8,317.0,18680
AHL,2026-07-13,430.0,411.0,2368
RBCLPO,2026-07-13,11153.0,11397.0,70
NMIC,2026-07-13,900.1,885.0,5163
GMFIL,2026-07-13,450.2,448.0,7829
KEF,2026-07-13,10.83,10.66,2408770
MKHL,2026-07-13,467.0,465.0,3640
RFPL,2026-07-13,330.0,322.4,27601
CFCL,2026-07-13,607.0,600.1,156070
ULHC,2026-07-13,373.1,368.9,8160
UNHPL,2026-07-13,385.0,383.9,16037
NICAD85/86,2026-07-13,1131.0,1154.0,409900
RAWA,2026-07-13,426.9,406.0,35619
GLBSL,2026-07-13,1770.0,1754.9,253
RSY,2026-07-13,9.81,10.0,5700
SFEF,2026-07-13,10.0,10.0,6000
RHPL,2026-07-13,260.2,255.1,13507
PMLI,2026-07-13,440.0,434.1,5913
SAGAR,2026-07-13,1530.0,1535.0,4633
SSHL,2026-07-13,195.0,192.2,78046
SBIBD86,2026-07-13,1182.0,1182.0,30000
NICLBSL,2026-07-13,560.0,545.0,4919
VLUCL,2026-07-13,429.0,424.0,2129
NSIF2,2026-07-13,10.54,10.56,2000
DORDI,2026-07-13,248.0,245.7,24377
NMBD2085,2026-07-13,1150.0,1150.0,40000
SPIL,2026-07-13,685.0,689.8,11675
UHEWA,2026-07-13,536.8,555.0,8159
SRBLD83,2026-07-13,1065.0,1082.0,80010
PRVU,2026-07-13,180.0,188.0,87711
GBLBS,2026-07-13,746.0,739.0,2541
NGPL,2026-07-13,403.0,399.0,129307
SPC,2026-07-13,412.0,415.0,1000
SHPC,2026-07-13,500.0,485.0,29983
KBSH,2026-07-13,1285.0,1262.0,474
MKHC,2026-07-13,294.1,286.0,16302
SANVI,2026-07-13,570.0,571.0,14705
CITY,2026-07-13,353.1,345.0,160589
GWFD83,2026-07-13,1072.5,1114.0,199
GBBD85,2026-07-13,1075.2,1115.0,1026
JBBD87,2026-07-13,1135.0,1110.0,59400
GCIL,2026-07-13,325.2,327.0,21175
SPHL,2026-07-13,540.0,534.8,3561
MABEL,2026-07-13,585.0,562.0,5550
PHCL,2026-07-13,307.9,289.5,63709
MDB,2026-07-13,566.2,572.5,5241
MHCL,2026-07-13,312.0,305.0,5193
GBIMESY2,2026-07-13,9.09,9.5,2005175
SEF,2026-07-13,10.1,10.0,15500
SRLI,2026-07-13,373.0,367.0,38900
SWASTIK,2026-07-13,1992.5,1986.0,245
GBILD84/85,2026-07-13,1119.0,1145.0,5945
SPDL,2026-07-13,365.0,360.0,18675
UPPER,2026-07-13,191.0,189.1,104329
MFLD85,2026-07-13,1090.3,1090.3,25
NADEP,2026-07-13,726.0,719.9,870
SOPL,2026-07-13,790.0,751.0,49560
EDBL,2026-07-13,585.0,560.0,131010
SMB,2026-07-13,1854.0,1800.0,1557
RBBF40,2026-07-13,9.5,9.15,2652000
NIBLSTF,2026-07-13,8.72,8.42,151627
HIDCL,2026-07-13,247.0,246.6,32749
TVCL,2026-07-13,484.0,461.1,3239
PCBL,2026-07-13,232.0,231.6,54916
NESDO,2026-07-13,1480.0,1485.0,1324
SIPD,2026-07-13,596.0,574.8,11523
RMF1,2026-07-13,9.7,9.79,28500
KHPL,2026-07-13,896.0,885.0,14721
SOHL,2026-07-13,526.0,528.0,66804
SBCF,2026-07-13,9.66,9.6,3015900
NLG,2026-07-13,570.0,565.0,56368
NHPC,2026-07-13,255.0,248.0,163376
SPL,2026-07-13,669.9,649.8,19435
SIGS3,2026-07-13,10.5,10.5,67791
MBL,2026-07-13,245.0,243.8,76458
WNLB,2026-07-13,1320.0,1340.0,181
NLIC,2026-07-13,758.0,739.0,18141
BHCL,2026-07-13,488.0,457.0,36748
MNBBL,2026-07-13,362.0,360.0,33147
NCCD86,2026-07-13,1187.0,1190.0,112239
IHL,2026-07-13,340.1,337.5,8814
PRSF,2026-07-13,12.62,12.6,85300
TSHL,2026-07-13,350.0,329.0,18504
DHPL,2026-07-13,275.0,257.1,11997
IGI,2026-07-13,440.0,417.2,8425
KMCDB,2026-07-13,808.0,766.0,7732
RLEL,2026-07-13,738.0,735.0,15101
NMB50,2026-07-13,10.49,10.49,3100
NIL,2026-07-13,620.0,605.0,12438
FMDBL,2026-07-13,798.0,755.0,5000
HLBSL,2026-07-13,852.0,863.0,2172
GVL,2026-07-13,462.0,470.0,9604
NICA,2026-07-13,330.0,323.4,41983
NABBC,2026-07-13,720.0,713.3,5620
PBD88,2026-07-13,1240.0,1270.0,19876
SADBL,2026-07-13,397.4,398.0,8990
RMF2,2026-07-13,9.9,9.71,570
GMFBS,2026-07-13,1163.1,1174.0,833
BGWT,2026-07-13,517.0,520.0,843
PPL,2026-07-13,306.0,318.0,15639
ULBSL,2026-07-13,3360.0,2839.0,3316
SICL,2026-07-13,612.0,608.0,4332
SJCL,2026-07-13,263.2,268.0,6577
PURE,2026-07-13,730.1,723.0,3641
LVF2,2026-07-13,9.76,9.77,700
API,2026-07-13,326.0,322.0,230835
MLBLD89,2026-07-13,1270.7,1270.7,35
NUBL,2026-07-13,608.0,590.2,9618
ENL,2026-07-13,776.0,784.0,185
SHEL,2026-07-13,295.0,290.0,70178
YMHL,2026-07-13,584.0,556.1,16850
SAND2085,2026-07-13,1142.5,1139.0,244975
SNORL,2026-07-13,810.0,780.0,28359
SHLB,2026-07-13,1405.0,1409.7,90
MPFL,2026-07-13,600.0,599.9,6143
USHEC,2026-07-13,480.0,481.0,10014
MATRI,2026-07-13,837.5,813.0,278
NMFBS,2026-07-13,1110.0,1104.1,966
MMF1,2026-07-13,9.6,9.7,457040
EBLD91,2026-07-13,1119.0,1119.0,331559
BJHL,2026-07-13,705.0,657.0,8913
SMPDA,2026-07-13,752.0,748.9,1810
LICN,2026-07-13,794.0,765.0,25030
SWMF,2026-07-13,603.0,608.9,1412
TAMOR,2026-07-13,439.0,432.0,25691
GBBL,2026-07-13,397.3,396.1,30805
CORBL,2026-07-13,1600.0,1600.0,23018
CHL,2026-07-13,252.0,253.0,14166
GIBF1,2026-07-13,10.21,10.35,1001600
PBLD84,2026-07-13,1127.0,1127.0,57459
MLBL,2026-07-13,345.1,343.0,13825
LBLD88,2026-07-13,1125.0,1150.0,43150
DOLTI,2026-07-13,323.0,309.0,37230
KDBY,2026-07-13,10.68,10.7,57045
NMLBBL,2026-07-13,522.1,528.0,5471
NRM,2026-07-13,316.0,304.0,9356
SJLIC,2026-07-13,415.0,405.2,33043
NFS,2026-07-13,566.5,560.1,13966
SLBBL,2026-07-13,780.2,786.0,3918
SLBSL,2026-07-13,1100.0,1197.0,10929
SMATA,2026-07-13,730.0,732.0,2347
CLI,2026-07-13,444.0,436.0,17029
GSY,2026-07-13,10.0,9.95,24850
NABIL,2026-07-13,530.0,526.3,48177
EHPL,2026-07-13,329.0,339.0,17190
SWBBL,2026-07-13,662.1,660.0,9075
CFCL,2026-07-10,622.5,610.0,41982
GBBL,2026-07-10,402.0,398.0,29466
YMHL,2026-07-10,545.0,584.0,27399
NICAD2091,2026-07-10,1060.1,1074.0,200
SHIVM,2026-07-10,620.0,621.5,66153
NBL,2026-07-10,251.0,264.5,32108
API,2026-07-10,329.0,325.5,258635
USHEC,2026-07-10,479.4,483.2,6585
SALICO,2026-07-10,609.7,591.9,4171
MNMF1,2026-07-10,9.8,9.85,85300
MKJC,2026-07-10,448.0,449.8,2568
MND84/85,2026-07-10,1090.0,1100.0,88579
JBBL,2026-07-10,335.0,335.7,8670
CHDC,2026-07-10,2110.0,2117.0,11804
SHLB,2026-07-10,1413.3,1417.1,132
IHL,2026-07-10,350.0,345.0,6784
SMFBS,2026-07-10,1619.9,1568.0,232
BANDIPUR,2026-07-10,701.0,701.1,22188
NLIC,2026-07-10,750.0,741.0,24299
NMFBSP,2026-07-10,610.0,610.0,8130
RFPL,2026-07-10,331.0,330.0,40662
RLEL,2026-07-10,768.0,755.0,5519
STC,2026-07-10,5179.0,5145.0,1427
HDL,2026-07-10,1145.0,1142.6,17488
NBBD2085,2026-07-10,1105.1,1105.0,16800
NIMBD90,2026-07-10,1248.3,1248.3,300
MSLB,2026-07-10,1201.0,1232.6,1798
SKHEL,2026-07-10,899.0,893.4,11603
NTC,2026-07-10,850.0,847.0,4449
ADBL,2026-07-10,288.8,303.2,17742
SHPC,2026-07-10,497.0,490.0,40738
CYCL,2026-07-10,1348.8,1320.0,1615
MBLD87,2026-07-10,1136.0,1145.1,100003
HLICF,2026-07-10,8.49,8.73,2832
NIBLSTF,2026-07-10,9.5,8.47,120850
SJCL,2026-07-10,275.0,269.0,6988
GRDBL,2026-07-10,1015.3,1039.0,4683
EDBL,2026-07-10,567.0,558.0,1120
ULBSL,2026-07-10,3200.0,3200.0,10
ICFC,2026-07-10,605.0,598.0,8273
KBLD89,2026-07-10,1255.0,1299.8,147306
FOWAD,2026-07-10,988.0,960.0,1475
KAHL,2026-07-10,477.0,510.0,51203
LSL,2026-07-10,227.8,218.0,100709
CIT,2026-07-10,1700.0,1684.0,5398
UMHL,2026-07-10,551.0,576.0,21273
CKHL,2026-07-10,570.0,562.0,310
GBBD85,2026-07-10,1090.0,1090.0,25
NICA,2026-07-10,313.5,326.7,65546
SIKLES,2026-07-10,555.0,550.0,8446
MLBBL,2026-07-10,1125.3,1129.9,486
KSY,2026-07-10,9.7,9.7,1500
NIBD84,2026-07-10,1062.0,1062.0,48206
BUNGAL,2026-07-10,571.1,600.1,39341
NGPL,2026-07-10,409.8,406.9,115383
HRL,2026-07-10,561.1,561.0,36765
PBD88,2026-07-10,1265.0,1265.0,200
SOHL,2026-07-10,560.0,553.6,45294
UMRH,2026-07-10,523.8,518.0,10160
USHL,2026-07-10,496.8,493.0,2502
SLBSL,2026-07-10,1101.9,1136.0,3863
NMB,2026-07-10,240.0,236.5,19929
SEF,2026-07-10,9.96,10.22,5300
LBLD86,2026-07-10,1202.8,1228.0,49862
MHL,2026-07-10,475.0,471.9,1377
NIFRAGED,2026-07-10,1040.0,1050.0,163
NHDL,2026-07-10,631.0,641.0,33801
UAIL,2026-07-10,434.0,433.0,11356
RBCL,2026-07-10,14250.0,14492.0,100
LUK,2026-07-10,10.0,10.0,1600
SMATA,2026-07-10,734.0,736.0,850
BBC,2026-07-10,4195.0,4168.0,205
RBBF40,2026-07-10,9.25,9.26,2400
NIL,2026-07-10,625.0,614.9,4517
MAKAR,2026-07-10,455.8,463.0,1536
SIGS3,2026-07-10,10.43,10.6,13150
SBLD89,2026-07-10,1270.68,1282.0,177290
RSY,2026-07-10,9.95,10.1,3200
KKHC,2026-07-10,256.0,249.0,25227
DLBS,2026-07-10,1169.0,1200.0,279
BARUN,2026-07-10,310.0,314.0,23299
SHINE,2026-07-10,402.0,398.0,14060
TPKHL,2026-07-10,496.0,525.8,31763
TPC,2026-07-10,355.8,353.0,9618
GILB,2026-07-10,1114.9,1090.0,1741
HURJA,2026-07-10,230.0,226.0,56263
SPHL,2026-07-10,540.0,546.0,2284
SWASTIK,2026-07-10,1970.1,2034.0,244
HBLD86,2026-07-10,1210.0,1210.0,170
MEHL,2026-07-10,312.4,310.0,4569
AVYAN,2026-07-10,1040.0,1041.0,1386
SBD87,2026-07-10,1127.0,1150.0,251385
KDL,2026-07-10,771.0,775.1,2429
IGI,2026-07-10,440.0,427.8,8062
LLBS,2026-07-10,892.0,918.3,54
SPL,2026-07-10,650.0,651.0,762
SICL,2026-07-10,611.0,612.0,3769
FMDBL,2026-07-10,760.0,760.0,6910
GBILD86/87,2026-07-10,1120.0,1140.0,90
MKCL,2026-07-10,1082.0,1083.0,1863
MATRI,2026-07-10,825.0,820.1,381
SBID83,2026-07-10,1087.0,1090.0,35475
C30MF,2026-07-10,10.01,10.01,200
RSDC,2026-07-10,654.0,643.0,3140
PRVU,2026-07-10,181.0,189.0,77579
UNLB,2026-07-10,1260.1,1272.8,115
SNLI,2026-07-10,421.0,425.0,6562
RIDI,2026-07-10,325.1,324.5,143335
NMB50,2026-07-10,10.25,10.25,2986
TAMOR,2026-07-10,439.1,439.0,26113
MEN,2026-07-10,568.0,560.0,96493
LVF2,2026-07-10,9.75,9.75,700
SPDL,2026-07-10,370.0,367.9,15833
MNBBL,2026-07-10,366.7,362.0,36985
GHL,2026-07-10,215.4,218.9,13133
MLBSL,2026-07-10,1686.2,1700.0,301
NRIC,2026-07-10,940.0,937.9,15390
NMIC,2026-07-10,906.0,912.0,2998
RBBD2088,2026-07-10,1062.0,1060.0,48377
NICGF2,2026-07-10,9.12,9.1,6950
EBLD86,2026-07-10,1095.0,1100.0,45
NIMBPO,2026-07-10,141.2,139.0,6314
GFCL,2026-07-10,603.0,605.0,8569
SBCF,2026-07-10,9.65,9.66,31200
PHCL,2026-07-10,291.1,295.0,50003
RMF2,2026-07-10,9.95,9.95,100
KEF,2026-07-10,10.14,11.16,20500
SHL,2026-07-10,497.8,490.5,16511
UPCL,2026-07-10,377.0,361.0,38248
NBF3,2026-07-10,9.7,10.1,47740
BFC,2026-07-10,544.1,512.3,45872
SSHL,2026-07-10,195.5,195.0,93126
RMF1,2026-07-10,9.68,9.8,7600
SNORL,2026-07-10,881.0,820.0,38755
NLG,2026-07-10,575.0,569.8,4916
NMBD89/90,2026-07-10,1313.0,1313.0,139614
SADBL,2026-07-10,408.0,399.0,12586
ILI,2026-07-10,415.9,415.0,8894
UPPER,2026-07-10,192.0,190.9,55084
NBF2,2026-07-10,9.99,9.9,12315
DHPL,2026-07-10,281.0,275.0,945
SLCF,2026-07-10,10.0,10.0,28100
NWCL,2026-07-10,705.0,706.5,2365
SGIC,2026-07-10,461.0,460.0,16129
NICFC,2026-07-10,9.14,9.6,2750
NMBD87/88,2026-07-10,1120.0,1155.0,340
TSHL,2026-07-10,355.0,340.0,19296
CSY,2026-07-10,9.02,9.05,3500
SAGF,2026-07-10,10.1,10.25,1400
NICAD85/86,2026-07-10,1125.2,1150.0,75
TRH,2026-07-10,780.0,775.0,16690
AKPL,2026-07-10,247.0,252.4,33869
HEI,2026-07-10,518.0,510.0,16277
SWBBL,2026-07-10,680.0,671.3,19495
SONA,2026-07-10,407.0,409.0,14322
HPPL,2026-07-10,363.0,365.0,29137
NICL,2026-07-10,505.0,509.1,20350
NESDO,2026-07-10,1500.0,1509.1,1175
PRSF,2026-07-10,12.58,12.7,19785
BJHL,2026-07-10,740.0,699.8,5344
CITY,2026-07-10,345.8,356.8,192387
UNHPL,2026-07-10,390.0,386.0,14789
SKHL,2026-07-10,871.0,883.0,13080
BHL,2026-07-10,207.0,203.0,86456
NMBD2085,2026-07-10,1131.0,1131.0,15
GWFD83,2026-07-10,1100.0,1072.5,300
WNLB,2026-07-10,1330.0,1335.0,499
NUBL,2026-07-10,617.0,608.0,1771
PBLD87,2026-07-10,1095.0,1090.0,358
VLBS,2026-07-10,664.1,666.1,941
USLB,2026-07-10,1175.0,1169.0,844
NSY,2026-07-10,9.3,9.37,35400
SCBD,2026-07-10,1141.0,1115.0,181424
MLBL,2026-07-10,351.0,345.4,15835
DHEL,2026-07-10,557.0,575.0,12300
SOPL,2026-07-10,792.6,790.0,33604
EHPL,2026-07-10,369.6,346.0,20219
MLBLPO,2026-07-10,201.0,201.0,10454
NICLBSL,2026-07-10,552.6,551.0,3126
JBBD87,2026-07-10,1130.0,1130.0,10000
RHGCL,2026-07-10,255.0,260.0,14385
RLFL,2026-07-10,467.7,459.7,25717
NIBLGF,2026-07-10,9.02,9.5,500
MERO,2026-07-10,690.0,683.0,7572
SIGS2,2026-07-10,10.25,10.2,10000
AHPC,2026-07-10,263.0,261.5,34581
SBLD83,2026-07-10,1052.0,1038.0,52820
BOKD86KA,2026-07-10,1142.0,1146.5,145730
H8020,2026-07-10,11.65,11.8,22706
JOSHI,2026-07-10,261.0,256.0,6106
HLBSL,2026-07-10,865.0,871.9,311
KBSH,2026-07-10,1339.0,1319.0,214
KPCL,2026-07-10,467.5,461.2,8910
SARBTM,2026-07-10,796.0,793.0,7314
MCHL,2026-07-10,276.0,274.6,3577
RNLI,2026-07-10,449.7,444.0,15966
RSML,2026-07-10,2940.0,3034.9,41428
NIBSF2,2026-07-10,8.87,8.86,20300
HHL,2026-07-10,333.2,333.8,21448
MHCL,2026-07-10,317.1,317.0,1410
SCB,2026-07-10,650.0,638.0,18019
PRIN,2026-07-10,681.0,683.0,17699
CREST,2026-07-10,1180.0,1189.8,6962
SGHC,2026-07-10,320.0,327.0,6565
SANIMA,2026-07-10,353.0,350.0,173609
KBL,2026-07-10,210.0,210.4,81682
GSY,2026-07-10,10.1,10.0,4500
PCIL,2026-07-10,606.0,609.9,60547
UHEWA,2026-07-10,535.6,565.0,23678
GCIL,2026-07-10,329.0,334.7,20772
SMH,2026-07-10,508.2,497.0,9549
RBBD83,2026-07-10,1061.0,1062.0,657906
NLICL,2026-07-10,580.0,573.0,74867
KMCDB,2026-07-10,813.6,800.0,1186
SIFC,2026-07-10,520.0,520.0,5616
PMHPL,2026-07-10,310.0,313.1,2283
MFIL,2026-07-10,771.0,775.0,30764
KHPL,2026-07-10,892.9,897.9,6756
SAGAR,2026-07-10,1560.0,1569.7,3185
GMFIL,2026-07-10,456.0,455.0,15923
PSF,2026-07-10,11.27,11.85,6700
DORDI,2026-07-10,246.0,250.0,20947
MBL,2026-07-10,233.0,245.3,81586
NMLBBL,2026-07-10,535.0,531.2,6390
SHEL,2026-07-10,297.8,295.0,36321
LBBLD89,2026-07-10,1320.0,1315.0,307
ANLB,2026-07-10,5676.0,6416.0,1203
KDBY,2026-07-10,10.6,10.68,6650
CBBL,2026-07-10,910.0,911.0,10358
NADEP,2026-07-10,725.0,724.9,618
SYPNL,2026-07-10,1300.0,1359.0,22494
NBLD87,2026-07-10,1125.0,1174.5,781151
PMLI,2026-07-10,444.5,442.1,2051
CIZBD86,2026-07-10,1178.6,1130.0,38024
BPCL,2026-07-10,653.0,650.0,19571
MPFL,2026-07-10,591.0,609.9,12428
PCBL,2026-07-10,240.0,231.0,50684
HLI,2026-07-10,320.0,318.2,20729
SMPDA,2026-07-10,765.0,772.0,747
ULHC,2026-07-10,380.0,384.5,17510
EBLD85,2026-07-10,1104.0,1147.0,331
HEIP,2026-07-10,336.7,328.3,1846
ALICL,2026-07-10,430.0,422.4,52075
MKHL,2026-07-10,490.0,477.0,5085
CLI,2026-07-10,441.0,444.9,3912
GMFBS,2026-07-10,1220.0,1199.0,388
NSIF2,2026-07-10,10.6,10.65,800
ICFCD89,2026-07-10,1113.0,1113.0,25
PPL,2026-07-10,315.0,322.0,18095
MBJC,2026-07-10,264.0,270.0,5027
JFL,2026-07-10,396.0,376.2,6866
NABBC,2026-07-10,712.0,720.0,21002
GLBSL,2026-07-10,1739.0,1770.0,53
SMHL,2026-07-10,470.0,460.0,34062
CHL,2026-07-10,254.0,255.1,8310
CIZBD90,2026-07-10,1210.0,1225.0,4705
HBL,2026-07-10,190.0,192.8,42614
MMF1,2026-07-10,9.7,9.6,34230
SWMF,2026-07-10,620.0,615.9,1832
SRBLD83,2026-07-10,1060.0,1052.1,100000
MSHL,2026-07-10,587.0,610.0,703
SPIL,2026-07-10,694.0,686.5,787
DOLTI,2026-07-10,320.5,323.0,17925
CORBL,2026-07-10,1690.0,1647.0,73552
HFIN,2026-07-10,658.9,654.0,22186
NICBF,2026-07-10,9.12,9.1,3000
GBIMESY2,2026-07-10,9.31,9.09,1600
MBLEF,2026-07-10,9.83,10.0,1000
SRLI,2026-07-10,376.9,376.9,22469
SADBLP,2026-07-10,220.0,220.0,149638
CZBIL,2026-07-10,186.0,196.2,18811
NABILD2089,2026-07-10,1090.3,1090.3,25
UNL,2026-07-10,47000.0,46550.1,20
SINDU,2026-07-10,686.0,693.0,9583
PPCL,2026-07-10,330.0,329.0,14785
DDBL,2026-07-10,829.0,820.0,6310
NIFRA,2026-07-10,244.0,246.0,30253
RADHI,2026-07-10,670.0,710.0,52400
GIBF1,2026-07-10,10.3,10.5,1300
HIDCLP,2026-07-10,186.6,184.5,103028
SGHL,2026-07-10,455.0,487.0,69740
MMKJL,2026-07-10,454.0,455.0,1633
TVCL,2026-07-10,482.0,470.0,3094
NYADI,2026-07-10,374.0,349.0,22407
HBLD83,2026-07-10,1021.0,1017.0,620
BNHC,2026-07-10,300.1,297.2,4076
SLBBL,2026-07-10,793.8,790.0,3592
GVL,2026-07-10,461.0,469.8,4931
AKJCL,2026-07-10,330.0,348.7,296296
JSLBB,2026-07-10,999.0,1028.0,271
CGH,2026-07-10,775.0,775.0,113957
NMFBS,2026-07-10,1104.2,1106.1,4215
HIMSTAR,2026-07-10,677.9,670.0,2758
SMB,2026-07-10,1730.9,1854.0,1107
MEL,2026-07-10,211.2,214.8,8809
SMJC,2026-07-10,440.0,437.0,13024
NRM,2026-07-10,320.0,318.0,6711
NMBMF,2026-07-10,596.4,599.0,266
AHL,2026-07-10,420.0,421.0,2658
SIPD,2026-07-10,619.5,595.1,9535
JHAPA,2026-07-10,1094.2,1077.0,8329
SKBBL,2026-07-10,745.0,746.0,22695
HDHPC,2026-07-10,203.1,205.0,87148
SFEF,2026-07-10,9.95,10.0,300
ILBS,2026-07-10,900.0,847.0,3353
NFS,2026-07-10,575.0,567.1,10979
KSBBL,2026-07-10,470.0,468.5,26190
BEDC,2026-07-10,318.0,318.1,14329
HIDCL,2026-07-10,246.8,247.4,72974
GMLI,2026-07-10,1116.0,1149.0,356
PROFL,2026-07-10,430.0,433.0,4948
NMBHF2,2026-07-10,9.39,9.78,3799
LICN,2026-07-10,779.7,776.0,12912
MDB,2026-07-10,573.0,567.0,3392
RHPL,2026-07-10,261.0,260.3,9772
BHDC,2026-07-10,434.9,430.0,11509
TTL,2026-07-10,680.7,715.0,6656
LEC,2026-07-10,196.5,206.6,57416
SAPDBL,2026-07-10,765.0,763.0,11763
OMPL,2026-07-10,900.0,900.0,3327
RAWA,2026-07-10,441.0,418.8,20450
SPC,2026-07-10,400.0,420.0,752
NABIL,2026-07-10,534.0,527.8,53475
CCBD88,2026-07-10,1211.0,1230.0,10010
NRN,2026-07-10,1371.0,1376.0,63259
HATHY,2026-07-10,675.0,689.8,3429
NIMB,2026-07-10,198.1,190.3,91492
MLBLD89,2026-07-10,1310.0,1310.0,100
ENL,2026-07-10,785.0,800.0,566
ACLBSL,2026-07-10,920.5,905.0,667
CHCL,2026-07-10,477.0,478.0,37671
SANVI,2026-07-10,602.0,588.0,8342
OHL,2026-07-10,669.0,684.5,940
GBILD84/85,2026-07-10,1125.0,1120.0,130017
ALBSL,2026-07-10,1031.0,1061.0,8403
SAHAS,2026-07-10,645.2,642.1,151731
GUFL,2026-07-10,544.0,545.0,6630
SHINED,2026-07-10,1140.0,1140.0,10000
BGWT,2026-07-10,532.0,516.1,5738
SBL,2026-07-10,390.0,389.9,76400
GBIME,2026-07-10,242.0,239.5,206018
PURE,2026-07-10,755.0,744.0,3562
SBLD84,2026-07-10,1056.0,1056.0,43600
APHL,2026-07-10,850.0,879.9,45663
SBI,2026-07-10,392.0,390.9,9092
BHPL,2026-07-10,499.0,489.0,2432
MLBS,2026-07-10,1135.0,1169.0,30
SJLIC,2026-07-10,414.0,415.0,7543
MHNL,2026-07-10,226.0,235.0,39780
NHPC,2026-07-10,256.0,253.0,148326
GBLBS,2026-07-10,730.0,737.0,1305
EBL,2026-07-10,705.0,695.0,34233
BHCL,2026-07-10,474.0,474.0,35162
MANDU,2026-07-10,800.0,809.0,910
RURU,2026-07-10,620.0,612.0,4126
VLUCL,2026-07-10,424.0,429.0,3444
NICSF,2026-07-10,9.3,9.35,39725
SABBL,2026-07-10,875.0,860.0,10053
ADBLD83,2026-07-10,1090.0,1090.0,10
EBLD91,2026-07-10,1090.0,1110.0,26
GLH,2026-07-10,246.1,247.2,33842
SAIL,2026-07-10,901.9,850.0,8462
MKHC,2026-07-10,295.2,294.7,6432
JBLB,2026-07-10,1240.0,1235.0,3574
SFMF,2026-07-10,10.2,10.2,980
LBBL,2026-07-10,484.0,477.9,9726
MABEL,2026-07-10,575.0,584.0,5674
IGI,2026-07-09,427.2,429.5,6957
SNORL,2026-07-09,770.0,879.0,29352
NICL,2026-07-09,513.0,513.0,15359
SMFBS,2026-07-09,1650.0,1589.9,1719
MLBS,2026-07-09,1145.0,1144.0,100
OHL,2026-07-09,670.0,669.0,232
APHL,2026-07-09,850.0,871.6,31890
MBLEF,2026-07-09,10.0,10.1,4450
JHAPA,2026-07-09,1083.0,1127.0,31997
ICFCD89,2026-07-09,1100.5,1113.0,80
MHCL,2026-07-09,312.2,316.5,4637
UPCL,2026-07-09,349.2,359.9,50083
RMF2,2026-07-09,10.0,10.0,800
RIDI,2026-07-09,327.0,326.5,130033
DHPL,2026-07-09,285.0,275.9,3308
SPDL,2026-07-09,365.8,369.9,18187
NLICL,2026-07-09,573.7,570.2,15725
SHPC,2026-07-09,491.0,489.0,35609
BNT,2026-07-09,11600.0,11550.0,40
MSLB,2026-07-09,1230.0,1235.0,369
MEL,2026-07-09,214.0,213.7,23778
MABEL,2026-07-09,600.0,578.0,8069
STC,2026-07-09,5060.0,5190.0,2159
AVYAN,2026-07-09,1030.2,1040.0,567
USLB,2026-07-09,1210.0,1170.0,2206
UPPER,2026-07-09,192.0,191.7,58806
NIFRAGED,2026-07-09,1044.6,1054.9,82
RHGCL,2026-07-09,259.7,257.9,12540
PPCL,2026-07-09,329.0,328.7,5566
MEN,2026-07-09,565.1,564.0,56042
EBLD85,2026-07-09,1116.0,1107.1,30491
HBLD83,2026-07-09,1030.7,1030.0,39380
MBL,2026-07-09,242.4,245.0,57546
GBBL,2026-07-09,401.1,398.5,27617
SBI,2026-07-09,388.1,388.3,21382
USHEC,2026-07-09,481.1,483.0,2656
SAHAS,2026-07-09,660.0,644.9,117331
UNHPL,2026-07-09,387.0,385.0,12508
CFCL,2026-07-09,611.3,614.0,144859
ALICLP,2026-07-09,239.0,239.0,498960
SWBBL,2026-07-09,670.0,669.9,43664
MNMF1,2026-07-09,9.56,9.8,54620
BHL,2026-07-09,206.0,205.0,51839
ILI,2026-07-09,413.6,415.9,3206
SANVI,2026-07-09,597.0,594.0,10254
RFPL,2026-07-09,333.0,333.8,13606
PSF,2026-07-09,11.95,11.6,58350
ALICL,2026-07-09,430.0,420.0,20644
PURE,2026-07-09,780.0,749.9,8519
CHCL,2026-07-09,475.1,477.0,21633
SMJC,2026-07-09,447.0,440.0,8475
HIMSTAR,2026-07-09,712.0,678.0,9538
OMPL,2026-07-09,955.0,900.0,5739
PHCL,2026-07-09,293.0,293.8,31375
NIFRA,2026-07-09,250.0,244.0,66307
HURJA,2026-07-09,230.0,227.4,32493
HLICF,2026-07-09,9.16,8.75,4200
RADHI,2026-07-09,702.9,705.0,16347
UMHL,2026-07-09,551.0,575.0,19766
CREST,2026-07-09,1189.0,1196.1,7972
MND84/85,2026-07-09,1080.0,1080.0,25
MCHL,2026-07-09,293.0,274.1,9006
SONA,2026-07-09,411.0,406.3,35598
CYCL,2026-07-09,1351.1,1379.9,1969
LEC,2026-07-09,211.9,206.8,52689
NBF2,2026-07-09,9.8,9.7,1000
JSLBB,2026-07-09,970.0,1000.0,70
MFIL,2026-07-09,770.0,772.0,48827
TSHL,2026-07-09,375.0,349.0,25691
EHPL,2026-07-09,359.9,352.0,3829
MKJC,2026-07-09,445.1,446.1,4777
KDL,2026-07-09,794.7,774.9,585
HBLD86,2026-07-09,1205.0,1205.0,50
GBIME,2026-07-09,243.5,242.0,132974
NMLBBL,2026-07-09,549.0,525.0,7387
NMBHF2,2026-07-09,9.5,9.4,1650
ADBLD83,2026-07-09,1084.0,1084.0,130728
HLI,2026-07-09,318.0,320.0,21648
BNHC,2026-07-09,304.1,300.1,5676
LBLD86,2026-07-09,1240.0,1202.8,1
MAKAR,2026-07-09,455.3,458.0,775
HFIN,2026-07-09,650.2,658.9,16585
ADBL,2026-07-09,303.5,304.0,13934
PBD88,2026-07-09,1241.0,1278.0,1
CITY,2026-07-09,371.3,363.9,169114
SKHL,2026-07-09,955.0,875.2,10327
NIBLSTF,2026-07-09,9.17,9.17,2350
NWCL,2026-07-09,714.1,723.5,1120
SAPDBL,2026-07-09,770.5,769.5,9473
MHL,2026-07-09,472.0,464.0,1844
GVL,2026-07-09,466.2,470.0,6136
ULBSL,2026-07-09,2780.0,3200.0,2381
IHL,2026-07-09,350.0,348.0,10822
HDL,2026-07-09,1148.0,1144.0,25218
RSY,2026-07-09,9.8,9.95,1100
NMBD2085,2026-07-09,1160.0,1130.0,79985
SINDU,2026-07-09,690.0,695.0,4152
PRSF,2026-07-09,12.59,12.58,26077
CHL,2026-07-09,255.1,256.0,4946
H8020,2026-07-09,11.76,11.65,700
BGWT,2026-07-09,562.9,560.0,1165
SMATA,2026-07-09,760.0,734.0,1945
HIDCLP,2026-07-09,185.9,184.4,107229
BANDIPUR,2026-07-09,721.0,713.0,12877
CBBL,2026-07-09,919.9,912.0,25423
VLBS,2026-07-09,670.0,664.0,1867
NMBMF,2026-07-09,601.0,608.0,1163
API,2026-07-09,333.8,328.0,138762
YMHL,2026-07-09,562.0,552.0,24730
PBD84,2026-07-09,1120.0,1115.0,16530
NABBC,2026-07-09,693.1,694.4,7341
KKHC,2026-07-09,245.0,249.8,24532
PMHPL,2026-07-09,300.3,315.0,5825
LUK,2026-07-09,10.0,10.03,12920
SBLD84,2026-07-09,1060.0,1029.0,5100
GMLI,2026-07-09,1142.0,1149.9,849
SGHL,2026-07-09,471.1,458.8,83860
NIBLGF,2026-07-09,9.29,9.29,521
UHEWA,2026-07-09,577.0,563.7,16623
KBL,2026-07-09,212.0,209.0,107075
LSL,2026-07-09,217.0,217.1,61732
BJHL,2026-07-09,784.0,740.0,6061
KBSH,2026-07-09,1349.3,1301.0,269
HBL,2026-07-09,191.1,194.0,29763
CIT,2026-07-09,1685.1,1683.0,3820
NICBF,2026-07-09,9.33,9.33,900
SLBBL,2026-07-09,798.0,793.8,6026
SADBL,2026-07-09,400.0,400.5,10933
NSY,2026-07-09,9.29,9.47,8900
GMFIL,2026-07-09,460.0,454.3,4410
GLBSL,2026-07-09,1780.0,1740.0,598
RBBD83,2026-07-09,1036.6,1036.6,25
TVCL,2026-07-09,458.5,482.0,8782
RBBF40,2026-07-09,9.79,9.5,2700
NIMBD90,2026-07-09,1212.0,1212.0,50
SEF,2026-07-09,10.0,9.96,21400
NESDO,2026-07-09,1499.0,1477.0,881
JOSHI,2026-07-09,259.0,254.0,9239
NRN,2026-07-09,1380.1,1372.0,38347
LBBL,2026-07-09,473.1,479.0,47958
SOHL,2026-07-09,577.0,570.0,74396
MBJC,2026-07-09,268.1,268.5,8913
NIMBPO,2026-07-09,142.0,142.0,3937
TAMOR,2026-07-09,439.0,439.2,11639
HPPL,2026-07-09,352.5,365.1,54567
RURU,2026-07-09,621.1,621.0,1667
TRH,2026-07-09,780.1,770.0,1951
KSBBL,2026-07-09,475.0,470.0,20163
NICGF2,2026-07-09,9.0,9.12,15800
NBLD87,2026-07-09,1093.0,1093.0,25
ILBS,2026-07-09,831.3,865.0,1053
SICL,2026-07-09,615.0,611.0,5014
RAWA,2026-07-09,427.0,420.0,23760
SPC,2026-07-09,420.0,420.0,1969
VLUCL,2026-07-09,431.0,429.0,2520
SMPDA,2026-07-09,803.0,785.0,1126
MKHC,2026-07-09,301.2,297.0,6796
RLEL,2026-07-09,800.0,768.0,5453
SIKLES,2026-07-09,550.0,551.9,3189
RBCL,2026-07-09,14300.0,14201.0,160
NHPC,2026-07-09,257.9,253.0,135613
WNLB,2026-07-09,1321.0,1326.0,67
SAGF,2026-07-09,10.0,10.25,600
NFS,2026-07-09,575.5,567.0,6360
NICSF,2026-07-09,9.35,9.1,52784
SWASTIK,2026-07-09,2050.0,2030.0,587
ALBSL,2026-07-09,1058.0,1064.8,1015
MEHL,2026-07-09,324.0,314.0,4543
SMH,2026-07-09,513.0,508.2,4815
SJLIC,2026-07-09,413.0,414.0,17500
RLFL,2026-07-09,439.9,463.3,20070
NMFBS,2026-07-09,1108.0,1104.2,6014
TPKHL,2026-07-09,500.1,496.0,27489
NSIF2,2026-07-09,10.6,10.6,750
RBCLPO,2026-07-09,11125.0,11399.0,60
BOKD86,2026-07-09,1126.0,1103.0,185318
NICD83/84,2026-07-09,1045.0,1075.0,115
MNBBL,2026-07-09,365.0,363.0,50083
SPHL,2026-07-09,545.0,545.9,3068
CZBILP,2026-07-09,105.8,105.8,75000
DOLTI,2026-07-09,337.9,321.0,22656
CORBL,2026-07-09,1700.0,1710.0,24208
SIPD,2026-07-09,600.0,590.0,10144
PPL,2026-07-09,314.0,323.0,15131
CLI,2026-07-09,444.0,444.0,8752
GSY,2026-07-09,9.95,9.95,7155
MKHL,2026-07-09,475.0,474.5,8217
NICA,2026-07-09,330.0,329.9,32553
SNLI,2026-07-09,427.5,423.1,9490
JBBD87,2026-07-09,1132.0,1131.0,20050
GIBF1,2026-07-09,10.5,10.33,11200
SARBTM,2026-07-09,805.0,793.0,9174
AHL,2026-07-09,415.1,421.0,4736
ANLB,2026-07-09,5600.0,5798.0,1731
AHPC,2026-07-09,261.0,260.1,49995
BHPL,2026-07-09,478.2,489.0,5962
SANIMA,2026-07-09,353.8,352.1,55167
MSHL,2026-07-09,605.0,600.0,2065
MMKJL,2026-07-09,470.0,459.0,1752
TTL,2026-07-09,711.3,716.5,6306
JBLB,2026-07-09,1225.0,1231.0,3616
PFL,2026-07-09,358.0,364.0,4397
SHIVM,2026-07-09,640.0,622.9,85479
NABIL,2026-07-09,532.0,528.6,42398
SBL,2026-07-09,392.0,388.3,59169
BPCL,2026-07-09,641.0,650.0,12759
LICN,2026-07-09,776.0,779.7,9199
NABILD2089,2026-07-09,1153.0,1124.0,2
HIDCL,2026-07-09,250.2,248.2,33072
GHL,2026-07-09,216.8,216.4,36008
PRVU,2026-07-09,190.0,190.0,70993
HEI,2026-07-09,530.1,518.0,21577
KBLPO,2026-07-09,100.0,100.0,3041
NRIC,2026-07-09,940.0,940.0,19948
BARUN,2026-07-09,315.2,312.0,32332
AKPL,2026-07-09,252.0,250.0,72613
LVF2,2026-07-09,9.7,9.95,21800
NICAD85/86,2026-07-09,1160.0,1160.0,10
NYADI,2026-07-09,373.0,374.0,4846
RHPL,2026-07-09,260.0,260.2,14193
NIMB,2026-07-09,193.0,191.0,125288
DHEL,2026-07-09,568.0,573.9,10667
SHEL,2026-07-09,295.0,293.7,30995
SFMF,2026-07-09,10.2,10.17,10000
HRL,2026-07-09,564.0,560.0,48029
LBBLD89,2026-07-09,1282.0,1282.0,13
NIL,2026-07-09,606.0,611.2,2434
SOPL,2026-07-09,827.0,792.6,39702
SIGS2,2026-07-09,10.3,10.25,1900
KSY,2026-07-09,9.65,9.94,36900
ACLBSL,2026-07-09,925.0,920.0,477
DORDI,2026-07-09,246.1,246.5,16707
SIGS3,2026-07-09,10.6,10.45,17900
SFEF,2026-07-09,10.0,10.0,17860
EBLD91,2026-07-09,1090.0,1090.0,40
GCIL,2026-07-09,336.0,328.1,25487
NBBD2085,2026-07-09,1120.1,1112.0,20700
SLBSL,2026-07-09,1099.0,1159.8,5638
NTC,2026-07-09,844.0,847.0,5465
NMIC,2026-07-09,920.0,924.0,1941
NMBD87/88,2026-07-09,1133.0,1133.0,127155
MLBBL,2026-07-09,1140.0,1140.0,20
CCBD88,2026-07-09,1228.0,1228.0,25
SRLI,2026-07-09,375.3,376.9,19247
ICFCD88,2026-07-09,1120.0,1150.0,175
KPCL,2026-07-09,460.3,467.5,2623
NUBL,2026-07-09,601.6,606.0,6643
SPIL,2026-07-09,688.0,694.0,6962
HHL,2026-07-09,330.6,335.9,13407
NHDL,2026-07-09,644.0,631.0,1413
NIBSF2,2026-07-09,8.75,9.1,4999
SHL,2026-07-09,492.9,492.0,33083
SALICO,2026-07-09,605.0,592.0,26233
UAIL,2026-07-09,433.1,433.0,5873
NBF3,2026-07-09,10.0,9.99,49490
NBL,2026-07-09,266.0,264.0,31375
BBC,2026-07-09,4115.0,4101.0,155
SKBBL,2026-07-09,749.0,743.0,9757
SHLB,2026-07-09,1430.0,1436.0,130
BUNGAL,2026-07-09,600.0,585.0,42423
MHNL,2026-07-09,239.0,233.0,12347
SHINE,2026-07-09,403.0,399.9,26083
AKJCL,2026-07-09,343.0,347.0,297549
NICLBSL,2026-07-09,551.0,552.0,3694
SWMF,2026-07-09,615.0,607.9,2531
GBIMESY2,2026-07-09,9.0,9.04,1600
USHL,2026-07-09,505.3,482.5,5723
GLH,2026-07-09,247.0,248.9,18441
PCIL,2026-07-09,618.0,609.0,20390
PROFL,2026-07-09,430.0,432.9,2307
KEF,2026-07-09,10.3,10.23,62450
ICFC,2026-07-09,604.2,605.0,9895
KBLD89,2026-07-09,1262.0,1262.0,1520
SABBL,2026-07-09,950.0,875.0,29111
KDBY,2026-07-09,10.5,10.67,16710
NICAD2091,2026-07-09,1070.0,1070.0,40
SIFC,2026-07-09,521.0,515.0,3474
TPC,2026-07-09,355.5,350.0,9168
SGIC,2026-07-09,468.0,460.1,4460
FMDBL,2026-07-09,767.0,760.0,10388
PMLI,2026-07-09,445.0,444.5,1509
MKCL,2026-07-09,1070.0,1082.0,2262
HATHY,2026-07-09,691.0,689.9,6267
GILB,2026-07-09,1071.6,1100.0,2022
SHINED,2026-07-09,1107.0,1107.2,55
GBILD86/87,2026-07-09,1131.0,1119.0,315600
NMB50,2026-07-09,10.4,10.21,9359
LLBS,2026-07-09,900.0,915.9,186
GMFBS,2026-07-09,1240.0,1195.0,592
NLG,2026-07-09,580.0,575.0,6286
DLBS,2026-07-09,1220.0,1200.0,245
MATRI,2026-07-09,824.1,826.0,333
RNLI,2026-07-09,445.5,449.7,14625
CKHL,2026-07-09,572.4,582.4,1060
MPFL,2026-07-09,610.0,605.0,7597
RSML,2026-07-09,3000.0,2999.0,53793
GRDBL,2026-07-09,1021.1,1025.1,4343
SBD87,2026-07-09,1116.0,1115.0,10730
SBLD89,2026-07-09,1273.0,1271.0,225110
SKHEL,2026-07-09,920.0,901.0,4535
SBLD2091,2026-07-09,1082.0,1082.0,14
HEIP,2026-07-09,337.0,327.0,55
MLBL,2026-07-09,349.5,348.0,13077
SPL,2026-07-09,655.0,659.0,1875
GBLBS,2026-07-09,748.0,731.6,1831
SAIL,2026-07-09,824.0,859.0,21914
RSDC,2026-07-09,645.9,643.0,4094
UNLB,2026-07-09,1332.5,1299.0,585
BHCL,2026-07-09,481.0,474.0,45833
CHDC,2026-07-09,2112.0,2109.0,10953
MLBSL,2026-07-09,1739.0,1729.9,308
ULHC,2026-07-09,393.0,381.0,9055
CZBIL,2026-07-09,192.1,195.5,42909
BHDC,2026-07-09,431.0,429.0,10402
SLCF,2026-07-09,10.0,10.08,10600
MERO,2026-07-09,710.0,690.0,12563
NADEP,2026-07-09,710.1,726.9,827
BOKD86KA,2026-07-09,1209.6,1139.0,40
SJCL,2026-07-09,267.2,272.3,4770
PRIN,2026-07-09,680.0,680.1,4913
PCBL,2026-07-09,231.2,231.0,54301
DDBL,2026-07-09,815.2,819.1,6318
HLBSL,2026-07-09,850.0,869.0,4231
CSY,2026-07-09,9.01,9.02,3600
MMF1,2026-07-09,9.5,9.5,65000
JBBL,2026-07-09,335.0,335.0,29143
BFC,2026-07-09,518.0,523.0,148814
SBCF,2026-07-09,9.7,9.6,70281
SYPNL,2026-07-09,1310.0,1340.0,44444
GBBLPO,2026-07-09,238.0,238.0,5000
ENL,2026-07-09,800.2,800.1,780
UNL,2026-07-09,46600.0,46600.0,10
MANDU,2026-07-09,780.0,800.0,4232
KHPL,2026-07-09,884.0,892.9,10580
SSHL,2026-07-09,198.0,195.5,63363
JFL,2026-07-09,390.0,385.1,2671
NLIC,2026-07-09,740.0,739.9,17824
NMB,2026-07-09,235.0,235.6,38267
EBL,2026-07-09,700.0,697.0,12059
NICFC,2026-07-09,9.26,9.37,12800
HDHPC,2026-07-09,206.7,205.8,67537
NGPL,2026-07-09,402.1,409.0,100458
MDB,2026-07-09,571.0,573.0,6090
RMF1,2026-07-09,9.61,9.7,6200
GUFL,2026-07-09,545.5,544.0,6888
SFCL,2026-07-09,375.0,370.0,5290
SAGAR,2026-07-09,1541.0,1578.0,4389
GBILD84/85,2026-07-09,1100.0,1120.0,181135
GFCL,2026-07-09,615.1,609.0,12646
EDBL,2026-07-09,555.0,561.0,1390
FOWAD,2026-07-09,990.0,960.0,1341
BEDC,2026-07-09,319.0,317.9,9244
KAHL,2026-07-09,480.0,477.0,55910
CGH,2026-07-09,766.0,775.0,3628
KMCDB,2026-07-09,779.0,790.0,1876
NRM,2026-07-09,313.2,316.2,2781
SGHC,2026-07-09,325.0,331.0,4000
UMRH,2026-07-09,516.0,514.1,4878
SCB,2026-07-09,645.0,642.0,14689
SMB,2026-07-09,1810.0,1822.0,2096
SMHL,2026-07-09,466.1,470.0,52642
RSDC,2026-07-08,640.5,645.9,3429
SABBL,2026-07-08,980.0,954.0,5107
AVYAN,2026-07-08,1050.5,1052.0,1229
BNT,2026-07-08,11600.0,11600.0,36
NIBLGF,2026-07-08,9.2,9.29,13900
UAIL,2026-07-08,436.5,436.0,11592
NYADI,2026-07-08,371.1,375.0,3384
MKJC,2026-07-08,475.0,447.0,6303
JBBL,2026-07-08,338.5,339.0,27611
LLBS,2026-07-08,924.9,912.0,417
NMB50,2026-07-08,10.37,10.39,15830
NTC,2026-07-08,850.0,847.0,4358
CORBL,2026-07-08,1947.5,1775.0,24658
SBI,2026-07-08,387.1,388.7,7856
TSHL,2026-07-08,395.0,379.0,8952
SKHL,2026-07-08,971.0,910.0,7251
SHINE,2026-07-08,410.0,403.0,22401
NRN,2026-07-08,1370.0,1395.0,67400
SGHC,2026-07-08,338.0,332.2,6473
GBIME,2026-07-08,249.0,244.0,90962
AKJCL,2026-07-08,360.0,343.0,385593
RURU,2026-07-08,635.0,625.0,2498
RBBD83,2026-07-08,1038.1,1042.0,36571
SICL,2026-07-08,629.0,619.0,2716
RIDI,2026-07-08,342.0,324.0,145830
KEF,2026-07-08,10.29,10.33,16700
CIZBD90,2026-07-08,1139.1,1204.1,93146
SADBL,2026-07-08,400.0,400.0,12300
SFEF,2026-07-08,9.95,9.95,200
NBF3,2026-07-08,9.7,10.0,14250
MKHL,2026-07-08,493.9,478.0,3101
NLIC,2026-07-08,745.5,739.9,20922
NHPC,2026-07-08,260.0,255.0,136233
SMATA,2026-07-08,747.0,743.0,1542
HIDCL,2026-07-08,250.0,252.4,45619
SMB,2026-07-08,1880.2,1808.0,3745
NMBHF2,2026-07-08,9.6,9.79,3180
MEHL,2026-07-08,318.1,324.0,550
C30MF,2026-07-08,9.93,10.24,1360
GMFIL,2026-07-08,467.4,456.0,22158
NICAD2091,2026-07-08,1070.0,1070.0,120
NRM,2026-07-08,320.2,320.0,3666
SIGS3,2026-07-08,10.48,10.47,2500
SMPDA,2026-07-08,777.0,782.0,1153
EDBL,2026-07-08,560.2,564.9,11660
TTL,2026-07-08,757.0,728.5,13612
ADBL,2026-07-08,307.0,304.9,24412
SRBLD83,2026-07-08,1099.0,1078.0,10026
NLG,2026-07-08,581.0,574.0,65302
SJLIC,2026-07-08,418.6,416.3,17668
KAHL,2026-07-08,542.2,487.0,142982
MEL,2026-07-08,219.0,214.0,19721
NBL,2026-07-08,257.0,265.0,39787
GBILD86/87,2026-07-08,1088.0,1109.9,30055
BANDIPUR,2026-07-08,726.0,727.0,10025
BHDC,2026-07-08,438.0,432.0,9081
RLEL,2026-07-08,860.0,809.0,7238
SBD87,2026-07-08,1096.7,1116.0,200035
STC,2026-07-08,5100.0,5150.0,1686
HDL,2026-07-08,1150.0,1147.0,20807
SKBBL,2026-07-08,745.1,744.2,11241
RBCL,2026-07-08,14480.0,14210.0,240
MBJC,2026-07-08,276.0,271.2,6739
SMHL,2026-07-08,479.0,473.0,26066
SEF,2026-07-08,10.0,9.91,6501
ICFCD88,2026-07-08,1140.0,1140.0,25
BBC,2026-07-08,4112.0,4215.0,223
VLBS,2026-07-08,675.0,672.5,3793
HDHPC,2026-07-08,198.6,206.7,84690
GCIL,2026-07-08,343.0,336.0,21772
SPIL,2026-07-08,688.9,689.0,4704
MCHL,2026-07-08,290.0,285.0,9671
PMLI,2026-07-08,454.0,445.0,2180
DDBL,2026-07-08,825.0,821.1,2707
AHPC,2026-07-08,265.0,260.6,42066
MATRI,2026-07-08,865.3,840.0,1474
DLBS,2026-07-08,1186.1,1201.0,1638
ULBSL,2026-07-08,3180.0,2840.0,624
MNMF1,2026-07-08,9.85,9.85,38385
SNORL,2026-07-08,750.0,786.5,31280
JSLBB,2026-07-08,986.0,970.0,1176
BNHC,2026-07-08,307.0,304.0,6162
UMHL,2026-07-08,572.1,580.0,40260
NRIC,2026-07-08,945.0,935.1,16006
SGIC,2026-07-08,466.0,467.9,13329
HBL,2026-07-08,200.0,196.0,47539
SNLI,2026-07-08,431.0,427.5,15909
SALICO,2026-07-08,593.0,598.0,3711
HPPL,2026-07-08,358.0,362.0,23084
OHL,2026-07-08,696.9,670.0,310
NLICL,2026-07-08,571.0,577.0,7823
NICLBSL,2026-07-08,553.0,554.0,3998
KSBBL,2026-07-08,470.1,475.0,7425
NICL,2026-07-08,519.0,519.9,23010
VLUCL,2026-07-08,441.0,435.0,4346
RHPL,2026-07-08,260.1,261.1,13970
BOKD86,2026-07-08,1095.0,1119.0,15027
PMHPL,2026-07-08,320.0,316.1,1667
BPCL,2026-07-08,650.0,646.9,20052
LUK,2026-07-08,10.3,10.3,6000
WNLB,2026-07-08,1328.1,1346.0,88
KSY,2026-07-08,9.01,9.57,1200
SONA,2026-07-08,418.0,414.6,28253
MLBS,2026-07-08,1155.1,1179.0,165
SMJC,2026-07-08,445.0,447.0,11914
MHL,2026-07-08,483.0,474.9,3811
CSY,2026-07-08,9.01,9.05,7000
EHPL,2026-07-08,386.0,360.0,15712
SIGS2,2026-07-08,10.31,10.31,150
NGPL,2026-07-08,408.0,405.9,65121
MLBSL,2026-07-08,1700.0,1739.0,120
SIKLES,2026-07-08,547.5,549.0,5403
BGWT,2026-07-08,553.0,562.9,3167
KBLD90,2026-07-08,1251.4,1202.0,250
SIPD,2026-07-08,601.1,600.0,12126
SBCF,2026-07-08,9.5,9.6,3850
NICBF,2026-07-08,9.6,9.6,7300
GFCL,2026-07-08,607.0,615.0,8112
GLBSL,2026-07-08,1822.0,1780.0,702
MLBL,2026-07-08,350.5,352.0,21816
KPCL,2026-07-08,470.0,465.0,5310
GMLI,2026-07-08,1150.0,1173.9,858
SIFC,2026-07-08,539.9,524.0,3009
MEN,2026-07-08,585.0,569.0,44649
SPDL,2026-07-08,386.0,375.1,17802
RAWA,2026-07-08,431.0,427.0,16193
HLICF,2026-07-08,9.16,9.16,3400
EBLD85,2026-07-08,1115.0,1107.1,32615
USLB,2026-07-08,1218.0,1210.0,1170
HLI,2026-07-08,329.4,322.0,22294
AKPL,2026-07-08,244.1,252.0,33244
JFL,2026-07-08,396.0,390.0,8190
ULHC,2026-07-08,401.0,391.3,11015
PBD84,2026-07-08,1088.0,1088.0,13500
SJCL,2026-07-08,268.1,273.9,9131
NMBD87/88,2026-07-08,1117.0,1145.0,42215
MFLD85,2026-07-08,1102.0,1103.1,50
SCB,2026-07-08,642.0,640.0,11710
RSML,2026-07-08,3020.0,3040.0,16075
MDB,2026-07-08,588.0,575.0,5930
UPPER,2026-07-08,199.0,192.9,66987
HIMSTAR,2026-07-08,724.0,713.1,3085
H8020,2026-07-08,11.65,12.12,2264
TPC,2026-07-08,352.5,352.1,7716
NMFBS,2026-07-08,1129.5,1110.1,3268
USHEC,2026-07-08,475.3,485.0,7304
NIFRA,2026-07-08,247.0,247.0,38174
NMB,2026-07-08,237.2,237.0,15811
NESDO,2026-07-08,1515.0,1518.0,710
NABIL,2026-07-08,534.0,532.0,32674
ALICL,2026-07-08,435.0,432.0,7935
SWMF,2026-07-08,610.0,619.8,2445
NIL,2026-07-08,616.8,616.5,4219
JOSHI,2026-07-08,260.0,259.6,5384
RBCLPO,2026-07-08,11140.0,11444.0,45
CLI,2026-07-08,458.0,449.0,9139
SHEL,2026-07-08,295.2,297.0,35370
FOWAD,2026-07-08,980.0,992.0,4176
BHPL,2026-07-08,496.0,492.0,6292
LBBLD89,2026-07-08,1335.0,1300.0,200
SANVI,2026-07-08,609.1,603.9,10510
RLFL,2026-07-08,470.9,463.0,22973
NBF2,2026-07-08,10.1,9.81,19500
IHL,2026-07-08,358.0,357.2,10481
MNBBL,2026-07-08,363.0,365.0,21812
MMKJL,2026-07-08,466.0,466.5,2537
LBBL,2026-07-08,484.9,477.5,25335
MBLD2085,2026-07-08,1165.0,1165.0,80000
MSHL,2026-07-08,595.0,600.0,1374
SBLD84,2026-07-08,1089.0,1089.0,12832
JBLB,2026-07-08,1235.7,1239.5,2922
SAHAS,2026-07-08,654.5,648.0,74375
API,2026-07-08,334.0,331.0,119506
TPKHL,2026-07-08,530.0,510.0,38135
NBLD85,2026-07-08,1094.0,1096.0,12369
NMBD2085,2026-07-08,1164.0,1194.0,5
SCBD,2026-07-08,1105.0,1108.1,60974
YMHL,2026-07-08,590.0,564.2,36973
HFIN,2026-07-08,700.0,669.1,25742
MHCL,2026-07-08,328.0,318.2,4284
CZBIL,2026-07-08,190.0,195.7,28568
ANLB,2026-07-08,5685.0,5869.0,380
GSY,2026-07-08,10.0,9.95,1700
SHPC,2026-07-08,492.6,492.9,19830
PRVU,2026-07-08,193.7,190.2,79604
CIT,2026-07-08,1700.0,1688.2,3454
GBILD84/85,2026-07-08,1111.0,1100.1,88895
MERO,2026-07-08,676.0,695.0,1574
PBD88,2026-07-08,1241.0,1241.0,9976
TVCL,2026-07-08,466.0,469.0,2740
ENL,2026-07-08,840.0,823.0,2109
SAGAR,2026-07-08,1540.1,1587.0,6611
CGH,2026-07-08,776.5,776.4,3919
EBLD86,2026-07-08,1080.3,1080.3,25
GHL,2026-07-08,221.0,218.9,15552
MANDU,2026-07-08,803.0,790.0,3483
NIBLSTF,2026-07-08,9.34,8.91,9100
SAND2085,2026-07-08,1156.0,1140.0,55287
DHPL,2026-07-08,284.0,281.3,2184
BARUN,2026-07-08,319.1,317.0,22653
ILBS,2026-07-08,896.1,875.0,799
PROFL,2026-07-08,433.1,440.0,3509
RFPL,2026-07-08,345.0,337.0,19620
SFMF,2026-07-08,10.47,10.47,100
SHIVM,2026-07-08,628.0,623.0,66713
SFCL,2026-07-08,367.6,375.0,7839
LICN,2026-07-08,780.0,779.0,4590
RNLI,2026-07-08,448.0,448.5,13422
LVF2,2026-07-08,9.71,10.0,31733
GRDBL,2026-07-08,1028.1,1043.9,6327
FMDBL,2026-07-08,757.0,749.1,8071
SBID83,2026-07-08,1085.0,1085.0,10000
PRSF,2026-07-08,12.65,12.59,163123
HURJA,2026-07-08,229.1,230.0,37804
MBL,2026-07-08,250.0,245.0,67349
BUNGAL,2026-07-08,635.0,600.5,84365
RBBF40,2026-07-08,10.05,9.83,10481
NIMBD90,2026-07-08,1248.9,1212.2,35
TRH,2026-07-08,772.1,776.0,1503
SMFBS,2026-07-08,1700.0,1597.9,5309
HLBSL,2026-07-08,882.0,875.0,1764
NICGF2,2026-07-08,9.2,9.2,500
SYPNL,2026-07-08,1300.0,1354.0,36378
UNLB,2026-07-08,1337.0,1299.0,278
SMH,2026-07-08,520.0,514.0,8555
NMBD89/90,2026-07-08,1322.2,1312.0,18188
NIBD84,2026-07-08,1077.0,1077.0,10962
SLBSL,2026-07-08,1120.0,1130.0,2081
PHCL,2026-07-08,300.0,293.0,52473
HEI,2026-07-08,526.0,530.5,30261
MPFL,2026-07-08,620.0,619.7,17295
SPL,2026-07-08,697.1,665.0,1027
BFC,2026-07-08,529.0,518.0,76074
NICA,2026-07-08,336.0,332.0,55337
PBLD84,2026-07-08,1125.0,1144.0,5653
SPHL,2026-07-08,550.0,554.9,12168
KBSH,2026-07-08,1300.0,1310.0,166
NMIC,2026-07-08,943.0,938.0,3178
SPC,2026-07-08,420.0,422.3,6404
SLCF,2026-07-08,10.0,10.01,3300
PURE,2026-07-08,800.0,770.2,7384
AHL,2026-07-08,437.9,415.1,7024
UPCL,2026-07-08,350.0,360.0,62094
GBIMESY2,2026-07-08,9.05,9.2,2800
NICD83/84,2026-07-08,1045.0,1045.0,1870
LEC,2026-07-08,200.5,209.8,36498
SSHL,2026-07-08,211.0,197.5,64288
PPCL,2026-07-08,333.0,333.0,12285
NUBL,2026-07-08,615.0,615.0,11164
PCIL,2026-07-08,640.0,623.0,23862
TAMOR,2026-07-08,440.0,439.0,24035
GBLBS,2026-07-08,740.0,748.0,3394
SWASTIK,2026-07-08,2040.0,2057.9,567
GBBL,2026-07-08,409.9,405.0,17879
GUFL,2026-07-08,550.1,548.0,9564
PCBL,2026-07-08,237.0,234.0,40443
CREST,2026-07-08,1276.8,1208.5,7080
NCCD86,2026-07-08,1125.1,1185.0,373575
HEIP,2026-07-08,329.0,329.0,35
CHDC,2026-07-08,2120.9,2099.0,8414
ICFCD89,2026-07-08,1101.0,1115.0,470
UMRH,2026-07-08,539.0,515.0,9160
HIDCLP,2026-07-08,188.0,185.9,87706
SHL,2026-07-08,494.0,493.0,18401
RADHI,2026-07-08,720.0,703.0,29386
MHNL,2026-07-08,235.9,234.0,7885
PPL,2026-07-08,320.1,329.7,5108
NIFRAUR85/86,2026-07-08,1050.0,1050.0,45
KDL,2026-07-08,770.0,784.6,1761
GMFBS,2026-07-08,1236.0,1206.0,150
SANIMA,2026-07-08,355.0,353.8,70394
ACLBSL,2026-07-08,900.0,925.0,954
UNL,2026-07-08,47200.0,47200.0,10
NMLBBL,2026-07-08,545.0,541.0,8458
NICFC,2026-07-08,9.24,9.36,5500
MSLB,2026-07-08,1249.9,1242.0,967
CHCL,2026-07-08,485.0,475.1,19146
NABILD87,2026-07-08,1125.0,1125.0,25
SLBBL,2026-07-08,798.0,798.0,7861
OMPL,2026-07-08,1007.0,955.0,4020
SHLB,2026-07-08,1514.8,1453.3,307
GVL,2026-07-08,467.3,473.0,4501
HBLD86,2026-07-08,1210.0,1210.0,15
CYCL,2026-07-08,1400.0,1380.0,896
SKHEL,2026-07-08,937.8,912.0,5265
RMF1,2026-07-08,9.52,9.78,4700
NIMB,2026-07-08,195.0,192.6,58091
NICSF,2026-07-08,9.2,9.4,45900
MLBBL,2026-07-08,1084.9,1137.0,346
MKCL,2026-07-08,1080.0,1087.9,960
MABEL,2026-07-08,605.0,600.0,7412
HATHY,2026-07-08,700.0,703.0,8237
SAIL,2026-07-08,893.5,867.0,15715
UHEWA,2026-07-08,551.0,563.0,41611
DHEL,2026-07-08,575.0,585.0,7177
RBBD2088,2026-07-08,1083.0,1061.0,131
SRLI,2026-07-08,380.0,379.9,12441
EBL,2026-07-08,707.0,698.1,19412
PSF,2026-07-08,11.42,11.95,18100
NADEP,2026-07-08,720.0,730.0,938
ILI,2026-07-08,399.0,418.0,7754
DORDI,2026-07-08,250.0,247.0,20342
KDBY,2026-07-08,10.48,10.5,225650
BHCL,2026-07-08,510.0,490.0,29957
IGI,2026-07-08,430.0,430.0,6707
PFL,2026-07-08,364.0,364.0,6597
SGHL,2026-07-08,505.0,471.1,164060
SAGF,2026-07-08,9.95,9.95,300
CKHL,2026-07-08,576.0,590.0,1190
GLH,2026-07-08,251.0,249.0,21341
ICFC,2026-07-08,605.5,608.0,5875
NSY,2026-07-08,9.19,9.57,5400
KBL,2026-07-08,215.0,211.8,85303
NSIF2,2026-07-08,10.55,10.6,400
BEDC,2026-07-08,327.0,321.1,21763
NMBMF,2026-07-08,601.2,611.0,718
NMFBSP,2026-07-08,610.0,610.0,9258
NBLD87,2026-07-08,1085.0,1085.0,25
MBLEF,2026-07-08,9.95,10.0,800
ALBSL,2026-07-08,1032.0,1066.9,1748
NFS,2026-07-08,581.0,575.5,13065
BJHL,2026-07-08,780.0,766.1,6462
LSL,2026-07-08,218.0,218.0,32918
MAKAR,2026-07-08,460.2,455.3,2460
CBBL,2026-07-08,915.1,919.9,11723
NWCL,2026-07-08,705.1,713.4,2322
MMF1,2026-07-08,9.9,9.79,17730
USHL,2026-07-08,490.0,481.3,3240
MFIL,2026-07-08,770.0,769.8,46320
RSY,2026-07-08,10.01,10.1,66505
DOLTI,2026-07-08,336.0,330.0,33112
APHL,2026-07-08,860.0,857.0,28726
NABBC,2026-07-08,736.0,710.0,5619
GIBF1,2026-07-08,10.46,10.81,2600
KKHC,2026-07-08,266.79,250.0,37237
NIFRAGED,2026-07-08,1044.6,1044.6,25
CFCL,2026-07-08,636.0,617.9,68234
SARBTM,2026-07-08,801.0,803.9,11845
KBLD86,2026-07-08,1180.0,1180.0,69815
BHL,2026-07-08,210.0,205.1,86329
RMF2,2026-07-08,9.81,10.1,1100
CITY,2026-07-08,359.9,370.0,180593
SOHL,2026-07-08,575.0,582.0,52845
KBLD89,2026-07-08,1255.0,1290.0,497041
SINDU,2026-07-08,677.0,701.0,3824
UNHPL,2026-07-08,387.1,387.0,16650
KHPL,2026-07-08,880.0,889.0,17680
RHGCL,2026-07-08,261.1,262.0,17038
NIMBPO,2026-07-08,143.5,145.0,2191
JHAPA,2026-07-08,1180.0,1140.0,13188
HHL,2026-07-08,339.0,336.5,19983
MKHC,2026-07-08,295.0,299.9,6188
CHL,2026-07-08,261.0,258.0,13321
GILB,2026-07-08,1108.9,1104.0,268
PRIN,2026-07-08,692.0,685.0,6422
HRL,2026-07-08,585.0,569.5,39826
SWBBL,2026-07-08,680.0,683.9,11096
SAPDBL,2026-07-08,820.0,778.0,8941
SOPL,2026-07-08,855.0,827.0,48156
KMCDB,2026-07-08,794.0,794.9,1303
NHDL,2026-07-08,637.0,644.6,1987
SBL,2026-07-08,391.0,389.1,49525
SINDU,2026-07-07,663.1,712.0,3399
ADBL,2026-07-07,290.0,308.0,25330
MFLD85,2026-07-07,1101.7,1101.7,15
MLBLD89,2026-07-07,1272.1,1272.1,25
MERO,2026-07-07,699.9,690.0,7813
HDL,2026-07-07,1147.1,1150.0,19454
SNORL,2026-07-07,833.8,753.4,81130
KBL,2026-07-07,213.8,214.8,154693
MEHL,2026-07-07,311.5,326.0,1887
MEN,2026-07-07,572.0,574.0,111938
MCHL,2026-07-07,282.0,290.0,5362
RLFL,2026-07-07,464.1,467.9,19594
SADBL,2026-07-07,405.0,403.5,27263
HLBSL,2026-07-07,858.1,880.0,1335
C30MF,2026-07-07,9.81,10.2,25050
GBLBS,2026-07-07,759.5,751.9,551
AKPL,2026-07-07,255.0,256.9,42004
NMB,2026-07-07,238.0,239.0,60096
RSML,2026-07-07,3001.0,3097.0,36795
PMLI,2026-07-07,430.0,450.0,3726
ULBSL,2026-07-07,2755.0,3180.0,3314
UNLB,2026-07-07,1374.3,1299.0,463
GIBF1,2026-07-07,10.69,10.69,500
RADHI,2026-07-07,680.0,710.0,41487
HEI,2026-07-07,536.0,541.0,8569
SHIVM,2026-07-07,626.2,629.0,92320
MSHL,2026-07-07,592.0,595.0,67
LBBL,2026-07-07,476.0,482.0,19959
SLBSL,2026-07-07,1179.3,1154.0,4163
CKHL,2026-07-07,570.0,593.0,1000
MEL,2026-07-07,218.0,219.9,9433
BANDIPUR,2026-07-07,725.0,737.9,10249
AKJCL,2026-07-07,345.2,355.0,349480
CZBIL,2026-07-07,187.2,199.5,66542
SOHL,2026-07-07,603.1,604.8,43835
SFCL,2026-07-07,396.9,386.9,4897
SICL,2026-07-07,629.0,621.1,2246
NMBMF,2026-07-07,611.0,609.0,2227
NICA,2026-07-07,334.0,340.0,50145
ICFCD89,2026-07-07,1100.3,1100.3,25
SMH,2026-07-07,521.1,523.0,9468
UMHL,2026-07-07,582.0,575.0,13721
BARUN,2026-07-07,322.0,322.0,20307
PRSF,2026-07-07,12.55,12.58,76900
SJLIC,2026-07-07,427.0,421.0,25062
GCIL,2026-07-07,346.0,343.0,18615
IHL,2026-07-07,370.0,358.0,3395
SPL,2026-07-07,673.0,664.0,1550
NICFC,2026-07-07,9.17,9.35,14000
MKCL,2026-07-07,1098.0,1097.0,2259
MKHC,2026-07-07,302.0,298.0,13908
NGPL,2026-07-07,410.0,413.0,99920
SBID83,2026-07-07,1063.6,1085.0,5100
RIDI,2026-07-07,307.8,335.5,233464
GBBD85,2026-07-07,1091.0,1098.0,152892
NMFBS,2026-07-07,1119.0,1114.0,2844
SKBBL,2026-07-07,753.0,751.0,35157
BOKD86KA,2026-07-07,1247.0,1247.0,10
GBBL,2026-07-07,383.8,405.0,49746
DORDI,2026-07-07,248.0,252.0,16049
NRM,2026-07-07,326.9,323.0,3776
PPL,2026-07-07,320.1,336.9,7212
GMLI,2026-07-07,1190.7,1185.0,550
LLBS,2026-07-07,928.9,924.9,452
NBF2,2026-07-07,10.3,10.0,2000
SMB,2026-07-07,1930.1,1930.0,1616
BHDC,2026-07-07,457.0,437.9,4794
GFCL,2026-07-07,615.0,620.0,10612
NBLD87,2026-07-07,1095.0,1095.0,35
KKHC,2026-07-07,267.8,259.4,28052
ACLBSL,2026-07-07,920.0,925.0,584
NIBSF2,2026-07-07,8.8,8.98,14314
NABILD87,2026-07-07,1140.0,1140.0,27548
GHL,2026-07-07,221.9,222.0,25964
RHPL,2026-07-07,260.0,263.0,8851
KSY,2026-07-07,9.4,9.2,28400
MBL,2026-07-07,245.0,248.0,67777
NABBC,2026-07-07,750.0,750.0,7985
HDHPC,2026-07-07,193.8,209.0,188012
APHL,2026-07-07,850.0,870.0,20186
SGHL,2026-07-07,477.0,503.1,156960
GLH,2026-07-07,250.0,254.0,8267
HIMSTAR,2026-07-07,721.1,740.0,3798
BJHL,2026-07-07,791.0,800.0,5412
ALICL,2026-07-07,442.8,435.0,16956
HATHY,2026-07-07,700.0,703.0,5570
GLBSL,2026-07-07,1745.5,1770.0,222
KHPL,2026-07-07,846.5,885.0,15086
UPPER,2026-07-07,190.2,194.0,74050
RFPL,2026-07-07,340.0,345.0,21636
CHDC,2026-07-07,2090.0,2098.1,8200
EBLD86,2026-07-07,1089.9,1082.0,70
HBLD86,2026-07-07,1205.0,1205.0,25
MBLEF,2026-07-07,9.97,9.95,2650
DHPL,2026-07-07,290.4,292.0,3589
PURE,2026-07-07,791.0,814.0,3076
NLICL,2026-07-07,574.0,576.1,7316
MATRI,2026-07-07,870.0,865.2,148
SOPL,2026-07-07,835.1,855.0,38411
GILB,2026-07-07,1083.1,1108.9,479
SPHL,2026-07-07,551.0,546.3,2120
CHCL,2026-07-07,480.0,479.1,11937
CGH,2026-07-07,778.0,780.0,45335
BUNGAL,2026-07-07,630.0,635.0,79467
NMLBBL,2026-07-07,545.0,553.9,5680
NHPC,2026-07-07,255.0,260.0,155050
SHL,2026-07-07,499.8,496.0,54285
HLICF,2026-07-07,9.0,8.9,700
BGWT,2026-07-07,560.0,569.1,2621
SWBBL,2026-07-07,680.0,688.0,14440
NLG,2026-07-07,570.0,583.0,6055
SKHEL,2026-07-07,931.0,957.0,3825
GRDBL,2026-07-07,1021.1,1044.8,6744
MNMF1,2026-07-07,9.6,9.85,3610
UPCL,2026-07-07,351.5,360.0,47764
SWMF,2026-07-07,614.0,622.0,3164
AVYAN,2026-07-07,1049.0,1061.3,1833
SMJC,2026-07-07,444.0,448.0,18170
ULHC,2026-07-07,403.1,410.0,5387
YMHL,2026-07-07,600.0,595.0,34422
UAIL,2026-07-07,440.0,442.7,10953
NYADI,2026-07-07,378.0,377.1,5218
CYCL,2026-07-07,1300.0,1400.0,1064
DDBL,2026-07-07,826.2,825.0,6858
SSHL,2026-07-07,199.0,201.0,101125
BHPL,2026-07-07,510.0,508.0,2803
SMHL,2026-07-07,465.0,479.0,57575
SJCL,2026-07-07,268.1,275.5,9410
LICN,2026-07-07,778.0,787.9,6043
NMB50,2026-07-07,10.49,10.69,4500
OMPL,2026-07-07,995.0,988.0,2921
NICBF,2026-07-07,9.36,9.36,600
RSY,2026-07-07,9.81,10.19,51410
UNHPL,2026-07-07,371.0,392.0,26969
JOSHI,2026-07-07,261.0,265.0,7356
MHL,2026-07-07,459.0,491.0,26619
SEF,2026-07-07,9.99,10.0,16100
MHNL,2026-07-07,240.9,235.5,12325
NBLD82,2026-07-07,1056.3,1094.0,14905
GVL,2026-07-07,472.0,475.0,15252
GUFL,2026-07-07,545.0,556.9,2660
GBILD86/87,2026-07-07,1088.1,1087.2,77515
VLUCL,2026-07-07,441.0,449.9,600
DLBS,2026-07-07,1237.0,1216.1,923
SIPD,2026-07-07,600.0,609.0,14593
VLBS,2026-07-07,681.1,685.1,4299
MLBBL,2026-07-07,1137.0,1142.0,2270
SYPNL,2026-07-07,1283.5,1367.5,28176
GBILD84/85,2026-07-07,1123.0,1125.0,2483
SHINE,2026-07-07,400.1,407.8,12086
GSY,2026-07-07,9.9,10.1,344290
NBLD85,2026-07-07,1075.0,1086.9,4965
FOWAD,2026-07-07,980.0,1000.0,1753
KDBY,2026-07-07,10.31,10.48,326800
KAHL,2026-07-07,462.5,516.4,2530
HIDCL,2026-07-07,251.1,253.0,35413
LUK,2026-07-07,10.71,10.4,5200
DHEL,2026-07-07,573.0,592.0,19267
SANIMA,2026-07-07,358.0,355.0,98731
BHCL,2026-07-07,515.0,516.0,16873
MBLD87,2026-07-07,1117.0,1117.0,10000
PPCL,2026-07-07,342.0,336.0,9415
KBLD90,2026-07-07,1225.0,1215.0,169867
KEF,2026-07-07,10.5,10.3,35780
JBBL,2026-07-07,339.0,345.0,26329
NIFRA,2026-07-07,248.0,249.0,35502
SPC,2026-07-07,415.0,418.0,3415
HBL,2026-07-07,196.0,200.0,40248
JSLBB,2026-07-07,1025.0,985.6,476
GMFIL,2026-07-07,450.0,465.0,6263
MLBS,2026-07-07,1204.0,1184.9,167
SGIC,2026-07-07,468.0,472.0,11447
UMRH,2026-07-07,520.0,525.0,3483
LVF2,2026-07-07,9.75,10.0,26300
USHEC,2026-07-07,483.2,488.2,6300
TVCL,2026-07-07,475.0,478.1,7896
PBD84,2026-07-07,1085.5,1085.1,125
BBC,2026-07-07,4238.0,4223.0,623
SRLI,2026-07-07,375.5,381.5,18795
API,2026-07-07,330.0,334.9,146305
CIT,2026-07-07,1695.0,1695.0,4851
CSY,2026-07-07,9.2,9.01,11132
NSY,2026-07-07,9.24,9.41,23490
BNHC,2026-07-07,309.8,307.0,2928
NADEP,2026-07-07,720.0,720.0,720
SFEF,2026-07-07,9.95,9.95,400
EDBL,2026-07-07,560.0,567.5,3810
MLBSL,2026-07-07,1754.0,1750.0,527
UHEWA,2026-07-07,570.0,580.0,33996
NIMBD90,2026-07-07,1287.5,1287.5,67
SMATA,2026-07-07,750.0,746.2,1307
NSIF2,2026-07-07,10.54,10.54,100
CORBL,2026-07-07,1881.0,2050.0,88493
EBLD85,2026-07-07,1132.0,1097.0,129936
EHPL,2026-07-07,355.6,367.8,6355
MHCL,2026-07-07,318.1,334.0,4162
SANVI,2026-07-07,588.4,620.0,6841
SBLD2091,2026-07-07,1090.0,1090.0,25
PRVU,2026-07-07,190.5,193.7,116751
NICAD85/86,2026-07-07,1126.0,1131.0,40201
SBI,2026-07-07,393.8,392.0,27535
SCB,2026-07-07,649.9,646.0,20745
SAGF,2026-07-07,10.2,10.2,3680
MLBL,2026-07-07,357.9,356.8,4977
NIMB,2026-07-07,193.0,195.9,74983
CBBL,2026-07-07,912.1,923.0,21087
SCBD,2026-07-07,1103.0,1103.0,25
SMFBS,2026-07-07,1620.5,1644.0,448
SIKLES,2026-07-07,560.0,555.0,10935
MDB,2026-07-07,579.0,584.0,4752
CLI,2026-07-07,445.0,458.0,7869
JBLB,2026-07-07,1249.9,1240.0,4173
BHL,2026-07-07,209.9,210.0,42951
NICLBSL,2026-07-07,560.0,555.9,1703
PFL,2026-07-07,362.0,366.0,3451
MAKAR,2026-07-07,464.0,467.0,1070
NIBLGF,2026-07-07,9.46,9.3,2750
SKHL,2026-07-07,920.0,925.0,9076
SLBBL,2026-07-07,802.1,805.0,2627
SONA,2026-07-07,417.2,420.0,8814
NBF3,2026-07-07,10.0,10.0,19400
HIDCLP,2026-07-07,188.0,188.9,117104
EBL,2026-07-07,700.0,707.0,117031
CHL,2026-07-07,261.0,261.0,7942
HPPL,2026-07-07,359.0,361.9,24662
PHCL,2026-07-07,281.7,299.9,26636
TSHL,2026-07-07,394.0,395.0,5944
LEC,2026-07-07,208.2,211.0,33106
SHLB,2026-07-07,1532.0,1520.0,125
RLEL,2026-07-07,830.0,840.0,3582
SLCF,2026-07-07,10.0,10.1,2400
SAPDBL,2026-07-07,773.0,786.0,15386
BNT,2026-07-07,11650.0,11650.0,20
MKJC,2026-07-07,462.0,462.0,6136
NICL,2026-07-07,514.0,520.9,23477
TPC,2026-07-07,353.0,359.2,33897
NTC,2026-07-07,848.0,848.0,4249
JHAPA,2026-07-07,1200.0,1181.0,12000
NICGF2,2026-07-07,8.99,9.15,1500
SPIL,2026-07-07,690.0,693.9,7589
RBBF40,2026-07-07,9.2,10.36,10150
SALICO,2026-07-07,596.3,602.6,4340
CCBD88,2026-07-07,1295.0,1265.0,60
SMPDA,2026-07-07,780.0,789.9,1291
TRH,2026-07-07,772.0,780.0,447
NICD88,2026-07-07,1077.3,1077.0,50
MPFL,2026-07-07,607.0,622.8,5306
NICAD2091,2026-07-07,1055.1,1056.1,50
SHPC,2026-07-07,499.9,493.6,73448
STC,2026-07-07,5177.0,5175.0,2316
SABBL,2026-07-07,980.1,989.8,3573
LSL,2026-07-07,218.0,220.4,76065
GBIME,2026-07-07,240.0,248.5,689108
NRIC,2026-07-07,930.0,953.0,31322
NBL,2026-07-07,265.0,269.9,40931
RSDC,2026-07-07,669.0,647.0,2326
ANLB,2026-07-07,7136.0,5860.0,1841
CREST,2026-07-07,1199.0,1216.0,19652
NIL,2026-07-07,629.9,616.8,6442
BEDC,2026-07-07,332.9,331.1,17683
SBLD89,2026-07-07,1309.7,1310.0,60
AHL,2026-07-07,433.0,425.6,8109
HURJA,2026-07-07,228.0,231.9,28024
SAHAS,2026-07-07,640.1,655.0,52775
MSLB,2026-07-07,1238.0,1240.0,322
MABEL,2026-07-07,610.0,623.0,4815
SIGS2,2026-07-07,10.5,10.6,3000
NFS,2026-07-07,604.9,597.0,12159
NLIC,2026-07-07,751.5,746.9,23714
MFIL,2026-07-07,771.0,774.5,70988
MMF1,2026-07-07,9.75,9.68,40360
PRIN,2026-07-07,683.0,692.0,2927
SAIL,2026-07-07,870.0,895.9,16220
JFL,2026-07-07,396.0,396.9,2444
NICSF,2026-07-07,9.2,9.16,1700
FMDBL,2026-07-07,759.0,764.0,5944
SWASTIK,2026-07-07,2062.0,2066.1,160
NWCL,2026-07-07,742.4,723.0,927
PCIL,2026-07-07,602.3,639.8,20793
CIZBD90,2026-07-07,1215.0,1106.0,12270
RNLI,2026-07-07,455.0,449.3,13131
SIFC,2026-07-07,540.0,539.7,2635
RBCL,2026-07-07,14500.0,14500.0,90
ILBS,2026-07-07,895.0,870.0,869
UNL,2026-07-07,47300.0,47300.0,10
SAGAR,2026-07-07,1550.0,1585.0,10864
NRN,2026-07-07,1399.0,1405.0,30251
RMF1,2026-07-07,9.81,9.81,1550
WNLB,2026-07-07,1350.0,1352.2,116
SDBD87,2026-07-07,1115.0,1112.1,6
MNBBL,2026-07-07,358.0,364.0,34542
LBLD88,2026-07-07,1095.0,1100.0,75
BFC,2026-07-07,525.09,529.0,38489
DOLTI,2026-07-07,330.0,336.0,15917
KDL,2026-07-07,770.1,783.0,938
ICFC,2026-07-07,615.3,616.0,1063
NCCD86,2026-07-07,1180.0,1144.6,3
BPCL,2026-07-07,648.0,653.9,9422
SHEL,2026-07-07,295.0,299.4,51973
H8020,2026-07-07,11.04,11.9,1650
NIMBPO,2026-07-07,146.0,147.9,1384
USLB,2026-07-07,1200.0,1218.7,1162
MKHL,2026-07-07,467.9,480.1,3825
NMIC,2026-07-07,950.0,942.2,3384
ADBLD83,2026-07-07,1070.0,1084.9,167046
SNLI,2026-07-07,446.0,433.8,7392
OHL,2026-07-07,690.0,689.9,304
HFIN,2026-07-07,700.0,700.0,24822
CITY,2026-07-07,363.9,378.8,241373
NHDL,2026-07-07,633.0,637.0,218
NMBHF2,2026-07-07,9.51,9.57,4500
PMHPL,2026-07-07,305.0,325.7,3020
BOKD86,2026-07-07,1072.3,1095.0,91
KBSH,2026-07-07,1370.4,1330.0,1066
ALBSL,2026-07-07,1060.0,1069.9,8085
KSBBL,2026-07-07,474.0,476.0,25657
MBJC,2026-07-07,265.1,274.0,16244
TTL,2026-07-07,700.2,737.0,4646
CFCL,2026-07-07,602.0,628.0,96032
MMKJL,2026-07-07,465.0,466.0,1809
NABIL,2026-07-07,527.0,534.0,192322
RURU,2026-07-07,636.0,637.0,6337
SBCF,2026-07-07,9.5,9.75,55946
GBIMESY2,2026-07-07,9.2,9.04,2525
PROFL,2026-07-07,442.0,439.0,2904
EBLD91,2026-07-07,1100.0,1100.0,18420
NUBL,2026-07-07,616.0,623.0,6328
ENL,2026-07-07,850.0,820.0,869
GMFBS,2026-07-07,1212.0,1209.0,314
RAWA,2026-07-07,431.0,436.0,23723
PCBL,2026-07-07,235.0,236.7,25718
SBL,2026-07-07,393.9,389.7,95185
RHGCL,2026-07-07,268.0,269.0,15663
SIGS3,2026-07-07,10.44,10.6,900
AHPC,2026-07-07,261.2,264.8,72802
KPCL,2026-07-07,474.9,469.9,10988
ILI,2026-07-07,415.0,420.0,6687
SGHC,2026-07-07,340.0,338.0,3496
TAMOR,2026-07-07,442.0,445.0,49043
USHL,2026-07-07,525.0,498.3,3515
HRL,2026-07-07,575.0,579.0,50356
NESDO,2026-07-07,1500.0,1532.0,1281
HHL,2026-07-07,335.0,345.0,24816
PSF,2026-07-07,11.51,11.76,1800
SARBTM,2026-07-07,804.0,808.0,4377
IGI,2026-07-07,430.3,434.0,2905
KMCDB,2026-07-07,809.0,818.0,413
SPDL,2026-07-07,377.0,376.0,43346
MANDU,2026-07-07,812.0,806.2,455
HLI,2026-07-07,325.0,324.0,17720
TPKHL,2026-07-07,540.0,530.5,57686
NIBLSTF,2026-07-07,8.61,9.07,12750
SMPDA,2026-07-06,804.0,780.0,918
GRDBL,2026-07-06,1018.1,1029.0,3402
MDB,2026-07-06,572.1,577.9,6231
CIZBD90,2026-07-06,1202.0,1202.0,50
SKHL,2026-07-06,976.5,918.0,10287
GMFBS,2026-07-06,1198.1,1215.0,542
CHCL,2026-07-06,482.0,479.0,7045
C30MF,2026-07-06,9.92,9.92,600
KPCL,2026-07-06,472.8,469.0,3597
RLFL,2026-07-06,475.9,472.0,31089
UPCL,2026-07-06,350.1,348.0,21176
LEC,2026-07-06,211.0,209.0,22975
RHGCL,2026-07-06,275.0,262.0,22726
HATHY,2026-07-06,701.0,697.0,8560
SMATA,2026-07-06,749.0,744.0,758
SSHL,2026-07-06,201.9,196.8,67341
TAMOR,2026-07-06,439.0,439.0,26105
KBL,2026-07-06,225.6,209.1,110715
BHPL,2026-07-06,510.0,518.0,4523
NICGF2,2026-07-06,9.45,9.2,7700
MHNL,2026-07-06,240.0,236.0,14910
SABBL,2026-07-06,1030.0,983.0,3739
CIT,2026-07-06,1692.0,1693.0,3211
KKHC,2026-07-06,273.6,260.0,83612
PPCL,2026-07-06,340.0,342.0,7065
NICFC,2026-07-06,9.4,9.39,32500
KSBBL,2026-07-06,477.0,475.0,13948
GLBSL,2026-07-06,1825.0,1761.0,1451
SBCF,2026-07-06,9.53,9.66,10400
MATRI,2026-07-06,888.0,865.1,314
BOKD86KA,2026-07-06,1211.1,1211.0,75
BEDC,2026-07-06,350.7,329.9,21623
SFEF,2026-07-06,10.02,10.0,1800
PRSF,2026-07-06,12.61,12.54,51500
PHCL,2026-07-06,296.1,296.5,48714
SKBBL,2026-07-06,755.0,749.0,12088
DOLTI,2026-07-06,339.9,335.0,21405
ACLBSL,2026-07-06,922.1,916.0,1645
SANVI,2026-07-06,635.0,619.3,3978
RBBF40,2026-07-06,9.2,9.1,7700
NMFBS,2026-07-06,1106.0,1119.0,1503
BANDIPUR,2026-07-06,737.1,727.0,10680
WNLB,2026-07-06,1370.0,1350.0,127
SHINED,2026-07-06,1125.0,1125.0,50
GSY,2026-07-06,9.7,9.9,3300
KSY,2026-07-06,9.51,9.67,600
SWBBL,2026-07-06,718.4,692.0,7833
UHEWA,2026-07-06,570.0,573.0,43284
SHPC,2026-07-06,505.0,494.1,18504
PRVU,2026-07-06,204.1,190.5,90106
NIBSF2,2026-07-06,8.91,9.02,9950
SMB,2026-07-06,1962.0,1921.0,4014
USLB,2026-07-06,1215.0,1205.2,1030
YMHL,2026-07-06,640.0,606.5,40245
NIBLSTF,2026-07-06,9.5,8.6,3700
ADBL,2026-07-06,307.0,303.5,8251
RSDC,2026-07-06,670.0,650.0,3177
HIDCLP,2026-07-06,189.6,185.7,92367
NMBD2085,2026-07-06,1195.0,1164.0,41
SIGS3,2026-07-06,10.7,10.6,2800
KAHL,2026-07-06,410.1,449.1,470
HDHPC,2026-07-06,209.0,204.0,73594
MMKJL,2026-07-06,471.5,465.0,1625
MPFL,2026-07-06,605.0,617.6,13469
CHDC,2026-07-06,2080.1,2088.0,7881
ILI,2026-07-06,420.0,417.1,7305
H8020,2026-07-06,11.62,11.62,200
RADHI,2026-07-06,701.0,706.0,44897
MMF1,2026-07-06,9.75,9.47,11150
BNHC,2026-07-06,305.0,306.2,1635
IGI,2026-07-06,430.0,428.2,4065
HRL,2026-07-06,578.1,578.5,29470
RMF2,2026-07-06,10.2,10.1,7350
MLBLD89,2026-07-06,1295.7,1235.1,380
JOSHI,2026-07-06,265.0,262.9,7473
MHL,2026-07-06,463.0,465.2,1043
SFCL,2026-07-06,382.0,378.0,15378
NABILD87,2026-07-06,1125.0,1125.0,24155
HLI,2026-07-06,322.0,320.3,24197
SHL,2026-07-06,500.0,493.0,27533
PBLD87,2026-07-06,1085.0,1085.0,25
SLCF,2026-07-06,10.02,10.01,85450
NICAD2091,2026-07-06,1065.1,1065.1,25
GUFL,2026-07-06,557.0,550.0,8436
NIBLGF,2026-07-06,9.02,9.5,6800
CBBL,2026-07-06,920.0,915.5,15681
BPCL,2026-07-06,652.0,648.0,31858
PURE,2026-07-06,810.0,813.0,5840
UNL,2026-07-06,47799.9,47799.9,10
NRN,2026-07-06,1455.0,1407.0,91268
SICL,2026-07-06,618.0,620.0,3416
NIMB,2026-07-06,198.0,193.0,33185
UMHL,2026-07-06,575.0,582.7,60550
SGHC,2026-07-06,359.9,338.7,5152
SADBL,2026-07-06,388.0,401.5,8689
HDL,2026-07-06,1153.7,1146.0,17396
NIFRA,2026-07-06,250.0,247.6,40432
BHL,2026-07-06,213.9,207.9,53963
AKJCL,2026-07-06,358.2,345.0,280889
SRBLD83,2026-07-06,1091.9,1099.0,5
ILBSP,2026-07-06,470.5,470.5,24000
SHLB,2026-07-06,1488.0,1514.9,60
SPL,2026-07-06,652.1,659.0,2330
ULHC,2026-07-06,422.3,414.0,6826
MEN,2026-07-06,575.0,570.0,64267
SLBSL,2026-07-06,1177.2,1160.0,2968
RIDI,2026-07-06,331.1,324.0,191773
CFCL,2026-07-06,589.0,633.6,245145
MKHL,2026-07-06,490.0,482.0,2881
MSLB,2026-07-06,1235.0,1238.0,514
SYPNL,2026-07-06,1358.0,1351.0,41930
RLEL,2026-07-06,850.0,845.0,4841
NMLBBL,2026-07-06,542.0,543.0,4025
LVF2,2026-07-06,9.7,9.75,820
TTL,2026-07-06,740.3,737.0,4461
BUNGAL,2026-07-06,690.0,630.0,85489
SJCL,2026-07-06,267.5,267.0,13102
NICL,2026-07-06,514.1,519.0,7975
CREST,2026-07-06,1306.7,1214.9,5233
HURJA,2026-07-06,231.0,230.4,25766
CCBD88,2026-07-06,1289.0,1258.1,10430
ICFCD88,2026-07-06,1132.0,1132.0,25
JBBL,2026-07-06,340.0,335.0,25632
API,2026-07-06,332.0,330.0,182193
CITY,2026-07-06,397.9,383.0,182994
NHPC,2026-07-06,255.0,254.5,110741
BFC,2026-07-06,561.7,528.0,95344
NTC,2026-07-06,850.0,847.0,4024
KBLD89,2026-07-06,1285.0,1292.8,145
SWMF,2026-07-06,614.0,613.0,1879
LBBL,2026-07-06,459.0,478.9,32227
PCBL,2026-07-06,233.0,234.0,36817
SRLI,2026-07-06,380.0,378.9,17040
SOHL,2026-07-06,610.0,603.1,55530
KDBY,2026-07-06,11.0,10.85,478100
NUBL,2026-07-06,626.0,618.0,982
MFIL,2026-07-06,770.0,773.0,38800
DHPL,2026-07-06,282.1,282.0,1260
GBLBS,2026-07-06,742.2,741.2,2433
MBJC,2026-07-06,274.0,271.0,13199
APHL,2026-07-06,853.1,887.0,26917
LLBS,2026-07-06,914.0,924.0,801
SWASTIK,2026-07-06,2105.0,2062.0,596
NIL,2026-07-06,624.0,622.0,3105
HLICF,2026-07-06,9.06,8.9,3584
TPC,2026-07-06,360.0,354.0,32375
KBLD90,2026-07-06,1225.0,1225.0,25
NBL,2026-07-06,270.0,265.5,29755
HIMSTAR,2026-07-06,761.0,743.0,7139
ADBLD83,2026-07-06,1077.2,1070.0,585
NRIC,2026-07-06,940.0,932.1,7402
NMB,2026-07-06,241.5,236.4,16948
NWCL,2026-07-06,711.1,721.0,659
MLBS,2026-07-06,1155.0,1187.0,285
SKHEL,2026-07-06,1029.0,950.0,3750
SONA,2026-07-06,423.0,417.5,15241
MBLEF,2026-07-06,9.98,10.0,3400
ENL,2026-07-06,820.0,828.0,440
SIGS2,2026-07-06,10.8,10.5,2350
STC,2026-07-06,5071.0,5177.0,1263
DHEL,2026-07-06,594.0,589.0,10719
DDBL,2026-07-06,831.0,825.1,4611
NABIL,2026-07-06,530.0,526.0,37851
RAWA,2026-07-06,446.9,435.0,30044
BNT,2026-07-06,11898.9,11600.0,20
SALICO,2026-07-06,591.2,598.3,31753
MKHC,2026-07-06,296.0,297.0,7828
LICN,2026-07-06,786.1,777.4,8150
PRIN,2026-07-06,701.0,689.9,17880
MKJC,2026-07-06,465.0,462.0,5234
NYADI,2026-07-06,360.0,380.0,4715
SBIBD86,2026-07-06,1184.5,1184.5,10
BHDC,2026-07-06,438.0,436.1,5889
SAHAS,2026-07-06,644.0,645.0,50593
SPC,2026-07-06,410.1,410.0,3743
ILBS,2026-07-06,850.0,870.0,2153
SGHL,2026-07-06,396.7,455.0,1260
NHDL,2026-07-06,625.0,640.0,14681
SARBTM,2026-07-06,818.0,803.5,10113
SNLI,2026-07-06,440.0,433.1,5255
BHCL,2026-07-06,522.0,520.0,34509
GFCL,2026-07-06,627.0,605.7,24735
UNHPL,2026-07-06,391.0,386.0,9846
GIBF1,2026-07-06,10.62,11.02,1900
MANDU,2026-07-06,811.0,810.0,1931
SHIVM,2026-07-06,633.0,625.1,102859
KEF,2026-07-06,10.57,10.65,2900
TSHL,2026-07-06,434.2,394.0,78499
SCBD,2026-07-06,1126.5,1126.5,75
TVCL,2026-07-06,499.0,475.2,5127
NICSF,2026-07-06,9.24,9.35,18300
SHINE,2026-07-06,401.5,400.0,12241
EHPL,2026-07-06,374.0,364.0,9317
LSL,2026-07-06,219.0,215.0,99155
FMDBL,2026-07-06,763.0,761.0,5022
NIMBD90,2026-07-06,1274.0,1250.0,49344
HEI,2026-07-06,559.0,540.1,7969
PSF,2026-07-06,11.8,11.76,36300
CORBL,2026-07-06,1750.0,1980.0,31645
CSY,2026-07-06,9.2,9.19,13983
GBIME,2026-07-06,243.0,241.0,75273
KDL,2026-07-06,770.0,784.0,1721
SANIMA,2026-07-06,362.0,353.2,41339
KMCDB,2026-07-06,797.0,809.0,1915
JSLBB,2026-07-06,1000.0,1025.0,113
CGH,2026-07-06,774.9,772.0,11818
SLBBL,2026-07-06,806.0,802.1,3489
SOPL,2026-07-06,875.0,852.0,46845
MEL,2026-07-06,218.0,219.8,10956
MBL,2026-07-06,250.5,245.6,65861
RMF1,2026-07-06,9.8,9.94,9100
NSY,2026-07-06,9.23,9.3,1900
SIPD,2026-07-06,621.4,613.0,8457
NSIF2,2026-07-06,10.54,10.79,17100
EBLD91,2026-07-06,1100.0,1100.0,110
SJLIC,2026-07-06,417.5,420.0,10206
LBBLD89,2026-07-06,1320.0,1320.0,200
EBL,2026-07-06,702.0,696.0,34303
LUK,2026-07-06,10.01,10.5,24447
MLBBL,2026-07-06,1149.0,1136.5,601
ALBSL,2026-07-06,1060.0,1066.1,1385
SAGAR,2026-07-06,1599.0,1535.0,3429
MNMF1,2026-07-06,9.58,9.67,6150
RSY,2026-07-06,10.2,10.0,79800
EBLD85,2026-07-06,1150.0,1150.1,100
RURU,2026-07-06,659.9,636.1,1336
CZBIL,2026-07-06,199.0,197.0,28624
MAKAR,2026-07-06,475.0,464.0,3150
NLG,2026-07-06,577.1,577.7,640
SBLD89,2026-07-06,1256.6,1293.0,5050
ULBSL,2026-07-06,3255.0,2899.9,266
MHCL,2026-07-06,325.0,321.2,1568
TPKHL,2026-07-06,554.8,555.0,51401
GBBD85,2026-07-06,1082.2,1065.2,371
NESDO,2026-07-06,1550.0,1529.9,596
GBILD86/87,2026-07-06,1100.0,1080.0,80390
SAIL,2026-07-06,900.0,887.0,9888
UPPER,2026-07-06,192.2,190.2,61064
NBLD85,2026-07-06,1075.0,1087.0,105
UNLB,2026-07-06,1381.0,1311.0,628
ANLB,2026-07-06,7356.0,6796.5,26
GBIMESY2,2026-07-06,9.2,9.2,1100
MLBL,2026-07-06,356.0,354.0,11054
USHEC,2026-07-06,498.7,486.1,3054
MSHL,2026-07-06,587.2,610.0,200
PPL,2026-07-06,318.3,336.9,14845
SCB,2026-07-06,645.0,641.0,6074
NRM,2026-07-06,335.0,323.0,6814
KBSH,2026-07-06,1430.0,1330.5,222
SEF,2026-07-06,9.98,10.0,20300
NFS,2026-07-06,649.9,592.0,51456
KHPL,2026-07-06,855.0,869.9,13938
SPIL,2026-07-06,675.0,690.0,8180
CIZBD86,2026-07-06,1215.0,1215.0,25
CBLD88,2026-07-06,1285.0,1305.0,5
RNLI,2026-07-06,452.0,452.0,8176
SBI,2026-07-06,389.0,393.9,16623
PCIL,2026-07-06,645.6,634.0,31985
AVYAN,2026-07-06,1070.0,1059.9,2230
MNBBLP,2026-07-06,236.2,236.2,40000
NIBD84,2026-07-06,1079.9,1109.9,486043
TRH,2026-07-06,770.0,772.5,765
RFPL,2026-07-06,333.0,337.1,20047
GMLI,2026-07-06,1158.0,1157.0,755
MEHL,2026-07-06,327.0,321.0,1280
NMBHF2,2026-07-06,9.6,9.8,3905
NLICL,2026-07-06,590.0,572.0,24807
CKHL,2026-07-06,600.0,582.5,893
IHL,2026-07-06,368.0,364.0,3997
SBL,2026-07-06,394.8,388.4,53220
HPPL,2026-07-06,357.0,358.8,23643
PBD88,2026-07-06,1270.0,1241.6,760
SMFBS,2026-07-06,1698.0,1644.0,6697
SINDU,2026-07-06,696.0,698.0,2973
NBF2,2026-07-06,10.09,10.3,24200
JFL,2026-07-06,400.0,395.1,4189
JHAPA,2026-07-06,1260.0,1231.0,13018
MERO,2026-07-06,705.0,690.1,5348
NICLBSL,2026-07-06,550.0,553.0,3029
NBF3,2026-07-06,9.7,10.0,11775
ALICL,2026-07-06,437.0,432.0,14023
AKPL,2026-07-06,243.3,255.0,29032
SMJC,2026-07-06,450.0,447.0,9906
SMH,2026-07-06,540.0,522.0,3982
NICA,2026-07-06,343.0,334.0,40166
PROFL,2026-07-06,440.0,439.0,6688
SIFC,2026-07-06,523.1,533.0,5236
AHPC,2026-07-06,261.0,261.3,58403
NLIC,2026-07-06,745.0,743.9,16536
CHL,2026-07-06,270.0,261.0,5118
ICFC,2026-07-06,614.0,611.0,3761
BJHL,2026-07-06,810.0,805.0,5654
GBBL,2026-07-06,404.1,404.0,14528
NICBF,2026-07-06,9.06,9.09,6100
USHL,2026-07-06,557.5,500.0,7063
NBLD87,2026-07-06,1095.0,1095.0,25
RBCL,2026-07-06,14599.0,14200.0,281
VLUCL,2026-07-06,454.0,447.0,1065
SAPDBL,2026-07-06,821.1,775.1,11713
JBLB,2026-07-06,1234.1,1236.0,3827
MKCL,2026-07-06,1080.0,1086.0,1387
GILB,2026-07-06,1119.0,1113.0,5829
GLH,2026-07-06,251.0,250.0,26111
HIDCL,2026-07-06,253.0,250.9,38105
MLBSL,2026-07-06,1715.0,1740.0,258
BGWT,2026-07-06,575.0,560.0,2225
RHPL,2026-07-06,262.0,262.0,6623
OMPL,2026-07-06,995.0,990.0,4349
DLBS,2026-07-06,1299.0,1240.0,400
GHL,2026-07-06,218.1,220.0,13060
EDBL,2026-07-06,560.0,560.0,8890
HBL,2026-07-06,198.3,196.5,34660
GCIL,2026-07-06,372.7,345.6,16154
HHL,2026-07-06,348.1,333.0,13285
SNORL,2026-07-06,725.1,794.1,12640
UAIL,2026-07-06,435.0,438.0,9696
VLBS,2026-07-06,681.1,683.1,1018
DORDI,2026-07-06,250.0,248.0,21033
UMRH,2026-07-06,531.9,524.4,10131
SAND2085,2026-07-06,1154.3,1154.3,25
SPDL,2026-07-06,383.0,367.9,36969
GMFIL,2026-07-06,465.5,464.8,10107
NADEP,2026-07-06,721.0,716.0,826
SAGF,2026-07-06,10.18,10.29,8075
SBID2090,2026-07-06,1166.0,1166.0,444
HEIP,2026-07-06,325.0,338.2,3010
NIMBPO,2026-07-06,149.3,149.2,274
HLBSL,2026-07-06,856.0,860.0,859
ICFCD89,2026-07-06,1091.2,1100.0,650
NGPL,2026-07-06,416.9,408.3,74380
OHL,2026-07-06,671.1,690.0,375
FOWAD,2026-07-06,1000.0,985.0,2052
NMIC,2026-07-06,953.0,950.0,1535
RSML,2026-07-06,3360.0,3070.0,18466
BARUN,2026-07-06,324.0,319.0,18658
MNBBL,2026-07-06,366.0,364.0,38117
PMLI,2026-07-06,441.5,446.0,4130
NABBC,2026-07-06,740.0,745.0,4552
SGIC,2026-07-06,465.0,468.0,4811
NMB50,2026-07-06,10.19,10.19,7500
CYCL,2026-07-06,1400.0,1348.4,2525
SHEL,2026-07-06,300.0,296.0,36907
MABEL,2026-07-06,640.0,615.0,7996
GVL,2026-07-06,474.0,473.1,3052
SIKLES,2026-07-06,555.1,552.0,6863
SPHL,2026-07-06,601.6,560.0,6586
HFIN,2026-07-06,722.0,700.0,27090
PMHPL,2026-07-06,334.1,317.0,3657
CLI,2026-07-06,444.0,451.9,5660
SMHL,2026-07-06,470.0,465.0,12898
PFL,2026-07-06,360.0,362.0,8394
BBC,2026-07-06,4192.0,4136.0,351
NBLD82,2026-07-06,1056.4,1056.3,50
AHL,2026-07-06,450.0,435.0,5780
MCHL,2026-07-06,297.0,289.0,4749
NMBMF,2026-07-06,606.1,610.0,2838
KSBBL,2026-07-03,475.0,477.0,10575
GUFL,2026-07-03,558.0,557.0,7420
SALICO,2026-07-03,597.0,609.0,3815
PRVU,2026-07-03,205.0,194.4,96361
RNLI,2026-07-03,446.0,452.0,4195
NMB,2026-07-03,240.0,239.2,27440
SANIMA,2026-07-03,359.5,357.0,99362
HDL,2026-07-03,1160.0,1153.0,20232
MNBBL,2026-07-03,368.9,366.0,31153
SRLI,2026-07-03,380.0,381.1,8865
NUBL,2026-07-03,620.1,626.0,2493
SSHL,2026-07-03,200.0,200.0,102291
AKPL,2026-07-03,259.7,256.1,26934
MDB,2026-07-03,580.4,579.3,25608
SEF,2026-07-03,9.95,9.95,1000
NICD88,2026-07-03,1100.0,1100.0,30
PROFL,2026-07-03,443.0,440.0,11845
KBSH,2026-07-03,1449.9,1405.0,1133
SHIVM,2026-07-03,640.0,627.1,109957
SOPL,2026-07-03,865.0,881.0,57306
AHPC,2026-07-03,266.0,264.0,87859
KSY,2026-07-03,9.6,9.75,6890
MEHL,2026-07-03,339.0,327.0,2740
MNBBLP,2026-07-03,236.2,236.2,20000
HLICF,2026-07-03,8.66,8.8,4400
NADEP,2026-07-03,720.1,721.3,391
SAGAR,2026-07-03,1540.0,1599.8,7327
ADBLB,2026-07-03,1000.0,1000.0,430000
SGHC,2026-07-03,354.1,342.9,8016
DOLTI,2026-07-03,341.0,339.9,15371
NLICL,2026-07-03,594.3,573.0,18259
PRIN,2026-07-03,697.0,700.0,7843
ICFC,2026-07-03,629.0,615.0,11779
SPDL,2026-07-03,386.4,372.0,47415
MLBL,2026-07-03,352.1,356.0,14719
NHPC,2026-07-03,270.0,261.9,84513
GWFD83,2026-07-03,1100.0,1100.0,78
BOKD86,2026-07-03,1088.1,1086.5,9600
KHPL,2026-07-03,905.1,865.0,15475
SLBSL,2026-07-03,1160.0,1143.0,10001
MKHC,2026-07-03,300.0,299.0,9706
GBBLPO,2026-07-03,238.0,238.0,4787
NIFRAUR85/86,2026-07-03,1065.0,1065.0,30
SADBL,2026-07-03,420.0,408.0,15582
DDBL,2026-07-03,834.0,830.0,4198
NIFRAGED,2026-07-03,1044.4,1044.4,75
SBIBD86,2026-07-03,1150.0,1150.0,20000
ILI,2026-07-03,417.0,422.0,4982
GIBF1,2026-07-03,10.53,10.62,600
BNHC,2026-07-03,308.0,311.0,9307
UMRH,2026-07-03,520.0,521.5,5524
TRH,2026-07-03,770.0,783.0,465
LICN,2026-07-03,838.0,790.0,10271
HLI,2026-07-03,326.0,324.0,18804
NIMBPO,2026-07-03,145.4,145.5,12423
CYCL,2026-07-03,1400.1,1430.0,1236
SWBBL,2026-07-03,697.8,684.2,16081
SMB,2026-07-03,2008.0,1970.0,3231
NFS,2026-07-03,580.0,670.0,74156
SIPD,2026-07-03,640.0,630.0,5312
NRIC,2026-07-03,948.0,940.0,40862
ULBSL,2026-07-03,2710.0,3100.0,2201
MABEL,2026-07-03,635.2,640.0,5973
SOHL,2026-07-03,615.0,610.0,43111
HRL,2026-07-03,570.0,583.0,27782
SMH,2026-07-03,536.0,531.0,7404
ACLBSL,2026-07-03,916.0,925.0,512
SIFC,2026-07-03,540.0,535.0,14480
NICAD85/86,2026-07-03,1130.0,1130.0,39165
SPC,2026-07-03,410.0,416.0,4014
GBIME,2026-07-03,249.0,243.0,324953
RSDC,2026-07-03,670.0,658.0,4700
HIMSTAR,2026-07-03,761.0,773.0,3050
SIGS2,2026-07-03,10.48,10.95,7150
SGHL,2026-07-03,359.5,395.7,230
KPCL,2026-07-03,470.0,472.8,4638
BPCL,2026-07-03,692.8,665.0,18917
IGI,2026-07-03,432.0,430.0,6848
NABIL,2026-07-03,540.0,530.0,114343
KDL,2026-07-03,760.1,770.0,1320
KAHL,2026-07-03,349.8,390.6,150
KKHC,2026-07-03,246.0,288.0,194041
BUNGAL,2026-07-03,652.0,665.1,33322
UNLB,2026-07-03,1324.9,1319.0,4470
SCBD,2026-07-03,1164.0,1160.0,38108
FOWAD,2026-07-03,970.0,990.0,649
NBL,2026-07-03,267.1,267.7,16153
GMFIL,2026-07-03,478.9,468.0,20807
LSL,2026-07-03,230.0,221.0,292521
JHAPA,2026-07-03,1250.0,1269.0,10537
SANVI,2026-07-03,617.0,635.0,6005
JOSHI,2026-07-03,269.0,267.1,5599
PHCL,2026-07-03,298.5,298.9,42156
NICBF,2026-07-03,9.3,9.3,1200
CIT,2026-07-03,1700.0,1700.0,3365
BNT,2026-07-03,11510.2,11600.1,40
NICLBSL,2026-07-03,552.0,554.0,6482
ENL,2026-07-03,845.0,838.0,465
BHL,2026-07-03,208.1,210.0,49877
CLI,2026-07-03,445.3,448.9,6174
SJLIC,2026-07-03,418.0,420.5,5891
RBCL,2026-07-03,14300.0,14400.0,150
SPIL,2026-07-03,682.0,695.0,1588
MKCL,2026-07-03,1088.0,1097.9,2106
PBD85,2026-07-03,1101.1,1101.1,53
ADBL,2026-07-03,310.0,307.0,10218
ADBLD83,2026-07-03,1056.2,1070.0,10526
SMHL,2026-07-03,469.1,472.0,15617
NESDO,2026-07-03,1531.0,1525.0,1898
MLBS,2026-07-03,1179.0,1189.9,923
RADHI,2026-07-03,720.0,720.0,44335
LEC,2026-07-03,222.6,211.0,41787
MBJC,2026-07-03,275.0,275.1,9993
SIKLES,2026-07-03,561.0,557.0,4499
HATHY,2026-07-03,705.0,701.0,4617
VLBS,2026-07-03,700.0,690.0,4259
SWASTIK,2026-07-03,2040.0,2060.0,438
PFL,2026-07-03,365.0,360.0,8158
NICL,2026-07-03,535.0,522.8,22952
NTC,2026-07-03,849.9,846.0,7001
RMF1,2026-07-03,9.81,9.8,1500
HURJA,2026-07-03,234.9,233.3,22810
GFCL,2026-07-03,631.0,627.0,13123
RBCLPO,2026-07-03,11450.0,11450.0,20
SFMF,2026-07-03,10.5,10.79,9686
SABBL,2026-07-03,1015.0,1015.0,5615
TTL,2026-07-03,755.0,750.2,13586
FMDBL,2026-07-03,760.0,761.0,8871
NIMB,2026-07-03,205.0,195.9,94278
SARBTM,2026-07-03,810.1,804.0,5595
RHPL,2026-07-03,259.0,264.0,3399
HIDCL,2026-07-03,255.6,253.0,36904
AHL,2026-07-03,435.5,437.0,2107
EBL,2026-07-03,704.0,700.0,14095
SFCL,2026-07-03,375.0,376.0,9691
RLFL,2026-07-03,469.1,474.9,71755
HFIN,2026-07-03,771.7,727.0,24307
GHL,2026-07-03,224.7,223.0,19747
MHL,2026-07-03,471.0,476.8,9499
CHL,2026-07-03,268.0,267.0,5273
SFEF,2026-07-03,10.02,10.02,100
PCIL,2026-07-03,651.0,654.0,20256
UHEWA,2026-07-03,580.0,580.0,33789
MPFL,2026-07-03,602.0,619.0,8351
SPHL,2026-07-03,555.0,573.0,11542
NIBSF2,2026-07-03,9.1,9.1,2813
SHL,2026-07-03,490.0,491.2,7613
TAMOR,2026-07-03,446.0,440.5,24496
PPCL,2026-07-03,360.0,347.8,22279
PURE,2026-07-03,830.0,826.0,2856
UNL,2026-07-03,47000.0,46600.0,100
HHL,2026-07-03,335.0,338.0,10272
CHCL,2026-07-03,480.0,482.0,8055
SBID2090,2026-07-03,1166.0,1166.0,13880
JFL,2026-07-03,406.0,398.5,2478
MBL,2026-07-03,257.0,247.7,85765
JBBL,2026-07-03,340.0,343.0,17138
SJCL,2026-07-03,268.0,272.0,34152
DHPL,2026-07-03,300.0,286.0,2875
CHDC,2026-07-03,2109.0,2110.0,33496
GLBSL,2026-07-03,1820.0,1803.0,348
RSY,2026-07-03,10.0,10.01,400
OMPL,2026-07-03,1010.0,997.1,3267
GLH,2026-07-03,256.8,253.9,10118
SHLB,2026-07-03,1503.5,1488.0,267
RAWA,2026-07-03,441.3,444.9,15448
CITY,2026-07-03,404.9,392.5,137190
DORDI,2026-07-03,254.0,252.0,15560
USLB,2026-07-03,1230.0,1237.0,815
NMFBS,2026-07-03,1116.0,1116.0,4895
CZBIL,2026-07-03,210.0,199.0,21922
TVCL,2026-07-03,485.0,485.1,3115
HEIP,2026-07-03,321.0,328.7,475
SAPDBL,2026-07-03,785.0,782.0,13244
RHGCL,2026-07-03,267.5,272.0,9099
HIDCLP,2026-07-03,191.7,189.3,69977
MLBBL,2026-07-03,1151.0,1150.0,372
NRN,2026-07-03,1413.0,1433.0,122303
NIBLSTF,2026-07-03,9.12,9.3,10180
SWMF,2026-07-03,620.0,627.0,2469
SBCF,2026-07-03,9.61,9.8,9600
SKHEL,2026-07-03,980.1,989.9,5605
MNMF1,2026-07-03,9.56,9.85,25700
NGPL,2026-07-03,410.0,412.2,94433
BARUN,2026-07-03,323.0,323.5,12129
SNLI,2026-07-03,435.3,439.0,11316
IHL,2026-07-03,373.0,373.0,5349
CSY,2026-07-03,9.03,9.2,1950
ILBS,2026-07-03,875.9,886.3,467
NBF3,2026-07-03,9.9,10.0,19450
SKBBL,2026-07-03,752.9,751.0,16576
NICA,2026-07-03,340.0,335.1,32743
TPC,2026-07-03,364.8,355.0,8174
MAKAR,2026-07-03,487.0,479.0,4529
SHINE,2026-07-03,404.9,402.0,13565
SONA,2026-07-03,422.0,423.0,15593
SMATA,2026-07-03,760.0,749.0,2391
SNORL,2026-07-03,618.6,690.6,920
KBL,2026-07-03,226.0,214.9,193594
KBLD89,2026-07-03,1231.1,1255.2,315825
JSLBB,2026-07-03,991.0,1016.0,238
USHEC,2026-07-03,490.0,498.0,3809
NICAD2091,2026-07-03,1052.1,1052.1,25
NLG,2026-07-03,590.0,590.0,7141
NHDL,2026-07-03,622.8,637.0,2589
SCB,2026-07-03,647.0,648.0,6192
GCIL,2026-07-03,337.2,355.0,10360
MHNL,2026-07-03,242.0,241.0,19546
DLBS,2026-07-03,1398.4,1307.0,2110
RSML,2026-07-03,3437.0,3200.0,21379
MHCL,2026-07-03,335.0,326.5,3413
KDBY,2026-07-03,11.1,11.07,65627
NYADI,2026-07-03,381.1,378.2,11494
OHL,2026-07-03,695.0,680.1,3742
AVYAN,2026-07-03,1096.0,1067.0,4295
CORBL,2026-07-03,1775.0,1775.0,2314
KEF,2026-07-03,10.52,10.79,44852
NICFC,2026-07-03,9.17,9.4,1430
LBBL,2026-07-03,480.2,482.9,35483
DHEL,2026-07-03,571.0,594.0,17508
USHL,2026-07-03,560.7,531.0,4787
HBL,2026-07-03,200.0,198.3,26139
TPKHL,2026-07-03,566.8,584.0,44285
NIL,2026-07-03,636.0,624.0,31359
GSY,2026-07-03,9.75,9.78,5900
MMF1,2026-07-03,9.7,9.75,5300
MATRI,2026-07-03,880.0,888.0,2884
GBBL,2026-07-03,409.5,404.1,24226
KMCDB,2026-07-03,816.6,815.0,1864
GRDBL,2026-07-03,1023.0,1040.0,3077
EDBL,2026-07-03,558.2,569.5,5924
GMFBS,2026-07-03,1240.0,1235.0,526
HDHPC,2026-07-03,197.2,206.3,84162
MERO,2026-07-03,702.1,705.0,5810
ULHC,2026-07-03,497.0,429.0,99792
MKHL,2026-07-03,475.1,504.7,7838
SBID83,2026-07-03,1099.0,1063.3,10509
UPPER,2026-07-03,194.0,194.0,57257
PRSF,2026-07-03,13.0,12.61,160200
PPL,2026-07-03,330.0,335.0,14720
SKHL,2026-07-03,920.9,930.0,13126
MMKJL,2026-07-03,489.0,470.3,1905
CGH,2026-07-03,776.0,772.2,7038
MANDU,2026-07-03,806.5,811.0,410
GVL,2026-07-03,476.0,476.9,3925
MSHL,2026-07-03,602.0,604.0,409
NMIC,2026-07-03,950.0,969.0,1629
SYPNL,2026-07-03,1355.0,1359.0,27554
PMLI,2026-07-03,468.0,450.0,5531
JBLB,2026-07-03,1240.0,1245.0,6043
WNLB,2026-07-03,1353.0,1370.0,45
SHEL,2026-07-03,300.0,301.9,42721
HLBSL,2026-07-03,861.3,869.0,1733
MBLEF,2026-07-03,10.2,10.0,300
NICGF2,2026-07-03,9.1,9.21,900
NRM,2026-07-03,325.0,335.0,8736
SIGS3,2026-07-03,10.46,10.6,800
BHDC,2026-07-03,441.0,443.0,6224
HPPL,2026-07-03,360.0,362.9,11019
UNHPL,2026-07-03,386.1,392.9,14430
NABBC,2026-07-03,760.0,754.0,14853
ALICL,2026-07-03,436.5,437.1,24533
SBL,2026-07-03,390.0,390.1,151305
STC,2026-07-03,5162.1,5170.0,2478
HBLD86,2026-07-03,1183.0,1183.0,19975
SHPC,2026-07-03,493.0,495.0,26410
BHPL,2026-07-03,512.8,498.0,4400
SMJC,2026-07-03,455.0,455.0,30998
UAIL,2026-07-03,457.4,441.0,26768
NMBMF,2026-07-03,610.0,617.0,1248
SBD87,2026-07-03,1100.0,1096.6,20105
GMLI,2026-07-03,1155.0,1180.0,814
SLBBL,2026-07-03,808.0,805.0,3167
SRBLD83,2026-07-03,1060.7,1091.9,5
NMBHF2,2026-07-03,9.5,9.78,2122
SAHAS,2026-07-03,642.0,645.0,67212
GBIMESY2,2026-07-03,9.2,9.22,1150
SICL,2026-07-03,630.0,623.0,5933
NIFRA,2026-07-03,250.0,249.2,56485
C30MF,2026-07-03,10.0,10.18,2400
LVF2,2026-07-03,9.9,10.0,6640
BFC,2026-07-03,497.8,535.0,187575
NWCL,2026-07-03,726.0,727.1,1504
RIDI,2026-07-03,333.9,331.0,106358
SINDU,2026-07-03,701.1,710.0,4171
MKJC,2026-07-03,458.0,461.0,3103
APHL,2026-07-03,859.8,898.0,25254
CBBL,2026-07-03,918.7,917.8,16357
ANLB,2026-07-03,7006.6,7006.6,10
SAIL,2026-07-03,900.0,905.3,13555
LLBS,2026-07-03,932.0,942.0,573
H8020,2026-07-03,11.65,11.95,400
BANDIPUR,2026-07-03,749.0,746.0,12987
RLEL,2026-07-03,850.0,860.0,7183
VLUCL,2026-07-03,448.1,454.0,935
EHPL,2026-07-03,370.1,369.2,16268
NBF2,2026-07-03,9.8,9.87,61300
SBID89,2026-07-03,1230.0,1230.0,225
NSIF2,2026-07-03,10.56,10.79,40300
SMFBS,2026-07-03,1650.0,1651.1,8375
BEDC,2026-07-03,340.0,334.0,21770
BHCL,2026-07-03,535.0,526.2,53824
YMHL,2026-07-03,660.0,640.0,36650
GILB,2026-07-03,1102.0,1119.0,3452
PCBL,2026-07-03,233.0,236.0,58482
PSF,2026-07-03,11.8,11.82,4500
EBLD86,2026-07-03,1081.0,1085.0,55
MEL,2026-07-03,220.2,218.0,27636
SPL,2026-07-03,652.0,662.0,1996
GBLBS,2026-07-03,756.0,759.0,1615
NICD83/84,2026-07-03,1045.0,1045.0,100
NBLD82,2026-07-03,1066.0,1060.0,15000
SBI,2026-07-03,398.9,393.9,142560
HEI,2026-07-03,554.0,543.0,7399
ALBSL,2026-07-03,1065.0,1098.0,9852
SLCF,2026-07-03,10.1,10.05,7610
KBLD90,2026-07-03,1219.0,1219.0,40000
NLIC,2026-07-03,781.0,744.5,17656
MSLB,2026-07-03,1235.0,1235.0,1211
UMHL,2026-07-03,577.0,585.0,54077
NMLBBL,2026-07-03,552.0,552.0,7023
SMPDA,2026-07-03,785.0,795.0,1212
NSY,2026-07-03,9.31,9.5,1700
BBC,2026-07-03,4298.9,4286.0,127
AKJCL,2026-07-03,363.9,358.0,230860
NICSF,2026-07-03,9.21,9.24,6300
MLBSL,2026-07-03,1705.2,1712.0,57
MCHL,2026-07-03,300.0,296.0,3468
PMHPL,2026-07-03,327.0,325.9,4824
API,2026-07-03,333.0,334.9,139836
LUK,2026-07-03,10.01,10.01,15310
BGWT,2026-07-03,585.4,559.0,4345
MEN,2026-07-03,575.0,574.0,44432
ICFCD89,2026-07-03,1116.0,1110.0,20658
CREST,2026-07-03,1244.5,1244.9,14906
TSHL,2026-07-03,423.0,457.0,4108
CKHL,2026-07-03,622.0,600.0,336
BJHL,2026-07-03,775.0,832.0,7754
SGIC,2026-07-03,463.6,467.9,6992
RURU,2026-07-03,640.1,641.2,4841
RBBF40,2026-07-03,9.12,9.25,1550
CFCL,2026-07-03,615.0,620.0,143035
RFPL,2026-07-03,335.1,343.1,15850
UPCL,2026-07-03,364.0,355.0,140909
MFIL,2026-07-03,736.0,774.0,54721
SFEF,2026-07-02,9.9,10.02,500
ILBS,2026-07-02,900.0,896.8,1391
JBBD87,2026-07-02,1118.0,1118.0,50
GBILD86/87,2026-07-02,1108.0,1108.0,25
LBBL,2026-07-02,494.9,488.0,19077
BGWT,2026-07-02,597.9,586.2,343
MBLEF,2026-07-02,10.0,10.0,2750
MDB,2026-07-02,593.4,582.0,8404
NMBHF2,2026-07-02,9.5,9.7,3010
NIBLSTF,2026-07-02,9.22,9.01,1000
NMB50,2026-07-02,10.49,10.5,5200
RBBF40,2026-07-02,9.1,9.2,2100
BARUN,2026-07-02,323.0,322.0,12825
JFL,2026-07-02,398.0,396.0,3236
JOSHI,2026-07-02,261.5,269.1,7924
SHL,2026-07-02,498.0,493.0,6333
NLIC,2026-07-02,782.2,744.0,19400
SCB,2026-07-02,645.0,647.0,13552
SKBBL,2026-07-02,751.5,752.9,13105
NSIF2,2026-07-02,11.0,10.74,15659
EBLD86,2026-07-02,1086.0,1086.0,25
EBLD85,2026-07-02,1135.0,1120.0,151305
HEI,2026-07-02,535.5,545.0,5623
SONA,2026-07-02,451.5,425.2,5112
GILB,2026-07-02,1094.0,1070.1,1289
GBIME,2026-07-02,250.0,249.0,364120
MNBBL,2026-07-02,363.0,367.8,10559
KBLD89,2026-07-02,1231.3,1231.1,25
NBF3,2026-07-02,9.82,10.0,33900
RAWA,2026-07-02,448.0,446.0,15623
SNLI,2026-07-02,440.0,438.3,9847
MLBS,2026-07-02,1168.0,1166.0,530
SANVI,2026-07-02,633.9,633.0,4798
MKJC,2026-07-02,460.0,456.1,1718
SALICO,2026-07-02,605.0,614.0,4987
SBCF,2026-07-02,9.8,9.9,7400
BHL,2026-07-02,214.0,210.0,28827
GLBSL,2026-07-02,1838.8,1835.8,539
ICFCD83,2026-07-02,1086.4,1086.4,190
NHPC,2026-07-02,265.9,264.7,105470
GMLI,2026-07-02,1210.0,1180.0,563
SWMF,2026-07-02,615.1,628.0,1581
SMH,2026-07-02,543.9,531.0,5724
SBLD89,2026-07-02,1287.5,1220.0,95840
SBIBD86,2026-07-02,1139.8,1150.0,100
PROFL,2026-07-02,433.0,439.5,5616
H8020,2026-07-02,11.36,11.95,26777
RMF1,2026-07-02,9.83,9.86,200
LICN,2026-07-02,838.9,799.0,7799
RFPL,2026-07-02,342.0,343.0,24102
MPFL,2026-07-02,600.0,612.0,3924
DORDI,2026-07-02,257.0,252.5,7997
RSDC,2026-07-02,664.0,652.0,2719
PPCL,2026-07-02,376.9,347.0,14226
PCBL,2026-07-02,232.1,236.4,30982
SMFBS,2026-07-02,1682.0,1670.0,6190
ICFCD89,2026-07-02,1086.1,1109.0,375
MLBBL,2026-07-02,1140.0,1150.0,684
SYPNL,2026-07-02,1289.2,1355.0,14413
RBCL,2026-07-02,14305.0,14449.9,175
DDBL,2026-07-02,839.9,822.2,5344
GFCL,2026-07-02,639.0,631.6,7906
TPKHL,2026-07-02,618.0,596.6,41840
OMPL,2026-07-02,1024.4,1010.0,1043
MATRI,2026-07-02,853.0,862.0,1414
GBBL,2026-07-02,402.1,405.0,8510
LEC,2026-07-02,215.4,212.0,25040
SINDU,2026-07-02,703.2,721.9,2180
HIMSTAR,2026-07-02,816.0,780.0,5357
PMHPL,2026-07-02,317.0,326.5,4482
UMHL,2026-07-02,583.0,577.2,14624
PFL,2026-07-02,351.6,364.9,3357
HBLD86,2026-07-02,1200.0,1183.0,50025
NICAD2091,2026-07-02,1060.0,1070.0,210
HEIP,2026-07-02,320.0,320.0,60
LVF2,2026-07-02,9.99,9.87,600
PCIL,2026-07-02,634.7,661.0,33466
KDL,2026-07-02,760.0,775.0,1010
JSLBB,2026-07-02,995.0,1019.0,408
NGPL,2026-07-02,409.1,411.8,50388
TTL,2026-07-02,750.0,750.0,4615
NIBSF2,2026-07-02,9.02,9.1,400
HLICF,2026-07-02,8.76,8.92,900
RHPL,2026-07-02,262.0,261.9,5280
BJHL,2026-07-02,855.0,815.1,8238
EHPL,2026-07-02,371.2,371.0,9487
RHGCL,2026-07-02,267.1,273.0,13359
MCHL,2026-07-02,303.5,304.8,1466
SDBD87,2026-07-02,1120.0,1115.0,75
SPIL,2026-07-02,713.8,691.0,2712
GVL,2026-07-02,475.0,475.0,5508
KBLD90,2026-07-02,1249.0,1222.0,30165
SHIVM,2026-07-02,639.9,632.0,52384
CIZBD90,2026-07-02,1202.0,1202.0,25
MSLB,2026-07-02,1239.0,1240.0,454
CKHL,2026-07-02,601.0,609.0,375
NHDL,2026-07-02,638.0,641.0,5658
SAIL,2026-07-02,920.0,918.9,9359
SKHL,2026-07-02,981.7,920.9,7336
C30MF,2026-07-02,10.15,10.18,1500
AKJCL,2026-07-02,370.0,362.0,231421
MERO,2026-07-02,709.1,707.8,2306
NRIC,2026-07-02,955.0,939.0,10924
APHL,2026-07-02,888.0,905.0,27833
SMJC,2026-07-02,472.4,453.0,13738
NMBMF,2026-07-02,616.0,626.9,1543
CHCL,2026-07-02,481.0,480.0,29848
CREST,2026-07-02,1161.0,1310.0,18471
ULBSL,2026-07-02,2725.0,2798.0,210
SAPDBL,2026-07-02,789.0,786.5,17249
SMB,2026-07-02,2001.0,2008.0,9043
GSY,2026-07-02,10.0,9.86,24040
BNT,2026-07-02,11650.0,11700.0,30
DLBS,2026-07-02,1235.0,1472.0,5030
KSBBL,2026-07-02,475.0,474.0,6323
CMF2,2026-07-02,9.44,9.9,3000
NICSF,2026-07-02,9.26,9.48,24800
KBL,2026-07-02,212.0,215.3,220816
ACLBSL,2026-07-02,930.0,942.2,432
DHEL,2026-07-02,585.0,577.7,10885
SPC,2026-07-02,415.0,417.0,1139
BHDC,2026-07-02,443.0,442.9,2966
UNLB,2026-07-02,1287.0,1324.9,453
UPPER,2026-07-02,194.5,194.0,41920
NIMB,2026-07-02,200.0,197.9,122748
CYCL,2026-07-02,1503.5,1437.9,1969
SARBTM,2026-07-02,810.0,808.8,2378
SMPDA,2026-07-02,816.0,801.0,1018
UPCL,2026-07-02,362.0,372.6,74910
SLCF,2026-07-02,10.01,10.03,11100
NIL,2026-07-02,620.0,621.1,3150
SIKLES,2026-07-02,557.1,561.8,4491
MEN,2026-07-02,580.0,575.0,63345
YMHL,2026-07-02,715.0,663.2,35070
NRN,2026-07-02,1400.0,1419.9,37733
NMB,2026-07-02,238.5,241.0,38113
HURJA,2026-07-02,237.0,234.2,31435
USHL,2026-07-02,565.0,534.1,3840
SBL,2026-07-02,391.0,393.8,47940
NLG,2026-07-02,578.0,586.0,3855
ULHC,2026-07-02,420.0,496.8,31541
PURE,2026-07-02,843.9,840.3,1130
UNHPL,2026-07-02,393.0,388.0,8405
ANLB,2026-07-02,5761.0,6673.0,10311
RSML,2026-07-02,3230.0,3274.0,79286
NMBD2085,2026-07-02,1169.0,1195.0,20
SBLD84,2026-07-02,1085.0,1085.0,82764
PSF,2026-07-02,11.9,11.88,35000
SPL,2026-07-02,675.0,668.0,924
BPCL,2026-07-02,674.7,659.9,15303
NIFRA,2026-07-02,255.0,254.0,25838
NICA,2026-07-02,334.0,344.0,45178
GBILD84/85,2026-07-02,1115.0,1115.0,23010
MAKAR,2026-07-02,465.7,473.1,321
GRDBL,2026-07-02,1030.0,1048.9,1900
MBJC,2026-07-02,275.0,275.0,4623
NUBL,2026-07-02,615.2,624.0,3517
KHPL,2026-07-02,866.0,862.0,12345
SIGS2,2026-07-02,10.8,10.8,10500
NICLBSL,2026-07-02,558.0,552.0,2646
IHL,2026-07-02,367.1,373.5,3021
FOWAD,2026-07-02,979.9,970.0,1127
TVCL,2026-07-02,485.0,494.8,4235
PPL,2026-07-02,318.3,337.0,20382
SAHAS,2026-07-02,655.9,642.0,122806
GBIMESY2,2026-07-02,9.3,9.35,1000
SWASTIK,2026-07-02,2050.0,2040.0,1241
SABBL,2026-07-02,1000.0,1023.0,5440
TAMOR,2026-07-02,442.2,444.0,20600
PBD88,2026-07-02,1256.5,1270.0,205
SANIMA,2026-07-02,352.0,357.0,25904
CHL,2026-07-02,270.0,267.1,6764
SRBLD83,2026-07-02,1075.0,1060.7,25
RBCLPO,2026-07-02,11730.0,11730.0,3
MLBSL,2026-07-02,1711.0,1740.0,550
CBLD88,2026-07-02,1270.0,1285.0,5
SBI,2026-07-02,386.0,392.2,1984
USLB,2026-07-02,1236.1,1230.0,1053
NICFC,2026-07-02,9.3,9.45,4600
NABIL,2026-07-02,530.0,541.0,231443
GCIL,2026-07-02,357.0,354.9,15266
BFC,2026-07-02,507.9,524.0,78781
ILI,2026-07-02,424.0,421.0,4849
KEF,2026-07-02,10.75,10.61,2700
NBL,2026-07-02,265.0,270.0,59762
EBLD91,2026-07-02,1090.0,1090.0,25
AHPC,2026-07-02,269.0,264.0,51227
KSY,2026-07-02,9.73,9.72,400
NMFBS,2026-07-02,1112.0,1116.0,2569
AKPL,2026-07-02,258.0,257.7,23956
BNHC,2026-07-02,314.9,314.7,6063
NTC,2026-07-02,848.0,849.0,5018
SHINED,2026-07-02,1096.1,1097.0,120
NBLD85,2026-07-02,1065.0,1100.0,134
PMLI,2026-07-02,452.0,455.0,5021
ALICL,2026-07-02,438.9,436.5,12803
SLBBL,2026-07-02,805.0,808.0,8632
DHPL,2026-07-02,300.3,287.6,1208
HLBSL,2026-07-02,853.6,887.9,2262
CSY,2026-07-02,9.12,9.3,2700
NRM,2026-07-02,329.0,330.0,6301
MLBL,2026-07-02,355.5,355.0,20147
UAIL,2026-07-02,452.5,463.9,19610
ICFC,2026-07-02,617.0,615.0,2927
KPCL,2026-07-02,475.0,471.5,3912
SFMF,2026-07-02,10.6,10.8,1100
JBLB,2026-07-02,1247.0,1253.0,2293
MHL,2026-07-02,470.0,476.0,3480
MBLPO,2026-07-02,132.0,132.0,2686
PRSF,2026-07-02,12.85,12.9,130900
CZBIL,2026-07-02,197.9,201.1,55214
TPC,2026-07-02,365.0,360.0,1178
AHL,2026-07-02,450.9,447.3,5792
MMKJL,2026-07-02,476.2,477.0,1507
SJLIC,2026-07-02,430.0,424.8,8089
USHEC,2026-07-02,487.0,500.0,3544
RLFL,2026-07-02,467.3,469.7,45907
CORBL,2026-07-02,1833.0,1700.0,27014
CHDC,2026-07-02,2130.0,2124.0,14787
PHCL,2026-07-02,303.0,299.9,26756
NFS,2026-07-02,584.0,583.0,5796
RIDI,2026-07-02,336.0,333.6,72024
GUFL,2026-07-02,562.9,558.0,8092
LSL,2026-07-02,220.0,222.0,1917570
KDBY,2026-07-02,10.89,11.08,115604
NIMBPO,2026-07-02,142.0,145.2,6010
SIPD,2026-07-02,648.0,640.0,3860
GMFBS,2026-07-02,1200.1,1252.0,705
VLBS,2026-07-02,685.0,696.0,2609
AVYAN,2026-07-02,1043.0,1044.0,310
SBID83,2026-07-02,1083.0,1096.0,70350
SGHL,2026-07-02,299.3,344.1,410
SHINE,2026-07-02,415.6,403.0,8973
PRIN,2026-07-02,682.0,689.0,1837
NMLBBL,2026-07-02,545.0,552.0,6560
CFCL,2026-07-02,605.6,617.9,66859
RMF2,2026-07-02,9.96,10.0,1200
NABBC,2026-07-02,777.0,752.0,2959
LBLD86,2026-07-02,1225.0,1240.0,15
MANDU,2026-07-02,766.0,820.0,1230
MNMF1,2026-07-02,9.7,9.85,1950
HDL,2026-07-02,1150.0,1150.0,16574
CIT,2026-07-02,1700.1,1704.0,4129
NICGF2,2026-07-02,9.2,9.3,13200
MHCL,2026-07-02,331.2,333.0,1017
IGI,2026-07-02,438.0,431.1,10304
MKCL,2026-07-02,1104.0,1088.0,650
NIBLGF,2026-07-02,9.5,9.25,9900
SFCL,2026-07-02,370.0,375.8,6971
RSY,2026-07-02,10.04,10.3,2350
SGHC,2026-07-02,347.1,338.0,8417
SMHL,2026-07-02,475.0,473.8,9989
NYADI,2026-07-02,376.1,381.5,720
SLBSL,2026-07-02,1236.9,1200.0,2007
SAGF,2026-07-02,10.2,10.49,2200
SAND2085,2026-07-02,1189.0,1190.0,6
SAGAR,2026-07-02,1587.1,1541.1,1813
SHLB,2026-07-02,1461.8,1550.0,345
LUK,2026-07-02,9.9,10.0,7485
CITY,2026-07-02,403.0,401.8,173365
SICL,2026-07-02,618.0,625.9,2980
CBBL,2026-07-02,922.9,910.0,10348
GBLBS,2026-07-02,745.3,750.0,1791
PRVU,2026-07-02,191.0,197.0,141263
HRL,2026-07-02,594.0,584.0,32398
ICFCD88,2026-07-02,1138.0,1138.0,25
MSHL,2026-07-02,626.0,619.8,370
SMATA,2026-07-02,759.9,753.0,944
BHCL,2026-07-02,540.0,534.0,22899
MKHL,2026-07-02,495.0,479.0,3726
SEF,2026-07-02,10.25,9.95,22300
NBF2,2026-07-02,10.36,10.06,2700
SHEL,2026-07-02,300.0,299.0,47708
MEL,2026-07-02,222.0,220.1,11142
NICAD85/86,2026-07-02,1226.1,1130.0,360836
NLICL,2026-07-02,590.0,594.3,8212
SPDL,2026-07-02,387.0,368.0,8083
SWBBL,2026-07-02,693.1,697.8,13743
NIFRAGED,2026-07-02,1026.2,1042.0,93
SBID2090,2026-07-02,1128.7,1162.4,5
HBL,2026-07-02,194.0,200.0,48210
BHPL,2026-07-02,500.0,504.9,3220
BUNGAL,2026-07-02,650.0,652.0,33044
NESDO,2026-07-02,1525.0,1545.0,170
SRLI,2026-07-02,379.1,380.4,8507
RBBD2088,2026-07-02,1055.5,1087.5,616
RLEL,2026-07-02,848.0,858.0,4228
KAHL,2026-07-02,295.4,339.7,200
ALBSL,2026-07-02,1040.0,1099.6,12674
GHL,2026-07-02,223.0,223.0,13820
KMCDB,2026-07-02,832.9,815.5,2168
GMFIL,2026-07-02,441.0,469.0,8739
NICD83/84,2026-07-02,1043.0,1036.0,50
MMF1,2026-07-02,9.93,9.7,12700
TSHL,2026-07-02,435.0,435.1,2126
EDBL,2026-07-02,555.3,568.9,7240
RADHI,2026-07-02,722.0,720.0,29147
MHNL,2026-07-02,243.0,245.6,18888
STC,2026-07-02,5235.0,5179.9,1250
NICL,2026-07-02,512.4,520.0,10810
SGIC,2026-07-02,475.0,465.8,5755
SIFC,2026-07-02,538.0,537.0,1125
GIBF1,2026-07-02,10.53,10.6,68597
KKHC,2026-07-02,260.0,258.0,36977
HIDCLP,2026-07-02,190.0,189.9,118833
DOLTI,2026-07-02,353.0,345.0,22168
SOHL,2026-07-02,612.1,617.8,19463
JBBL,2026-07-02,336.0,339.0,17044
SBD87,2026-07-02,1087.0,1087.0,30
NADEP,2026-07-02,735.0,725.0,777
BANDIPUR,2026-07-02,770.0,753.0,11214
UHEWA,2026-07-02,619.0,587.0,26170
ENL,2026-07-02,815.0,831.0,590
SJCL,2026-07-02,270.0,271.8,14454
SNORL,2026-07-02,537.9,600.6,180
ADBL,2026-07-02,320.0,306.8,11685
HPPL,2026-07-02,366.0,363.8,9926
SIGS3,2026-07-02,10.65,10.6,59750
FMDBL,2026-07-02,763.6,763.0,12709
BEDC,2026-07-02,338.0,340.0,18690
NICD88,2026-07-02,1077.1,1077.1,25
CLI,2026-07-02,448.0,451.0,7338
NSY,2026-07-02,9.55,9.31,2900
RURU,2026-07-02,656.0,644.9,5276
GLH,2026-07-02,252.1,254.8,6509
EBL,2026-07-02,695.6,704.0,96493
HFIN,2026-07-02,738.2,735.0,14536
LLBS,2026-07-02,906.0,920.0,1075
NWCL,2026-07-02,732.1,730.0,360
SKHEL,2026-07-02,980.0,985.0,4181
BBC,2026-07-02,4160.3,4260.0,150
WNLB,2026-07-02,1370.0,1353.0,180
RNLI,2026-07-02,451.5,449.0,5246
HIDCL,2026-07-02,256.0,255.5,53596
UMRH,2026-07-02,520.5,517.8,8505
MKHC,2026-07-02,303.0,301.5,8357
SADBL,2026-07-02,403.1,409.9,8023
HHL,2026-07-02,340.0,339.8,11457
SPHL,2026-07-02,560.0,570.0,5667
VLUCL,2026-07-02,451.0,448.0,409
SSHL,2026-07-02,203.0,201.1,81816
NIBD84,2026-07-02,1075.0,1085.0,14178
SOPL,2026-07-02,885.0,865.0,48210
SHPC,2026-07-02,502.0,495.0,16601
MABEL,2026-07-02,657.0,654.8,8415
MEHL,2026-07-02,325.2,332.0,456
NABILD2089,2026-07-02,1122.7,1153.0,2
CGH,2026-07-02,766.0,768.4,19565
NMIC,2026-07-02,965.0,958.0,1927
KBSH,2026-07-02,1390.0,1410.0,181
JHAPA,2026-07-02,1270.0,1268.9,10147
HDHPC,2026-07-02,209.0,207.5,90283
NICBF,2026-07-02,9.3,9.3,500
OHL,2026-07-02,682.0,680.0,245
HLI,2026-07-02,331.0,326.6,26346
HATHY,2026-07-02,715.0,705.0,2817
MBL,2026-07-02,245.8,249.8,82504
MFIL,2026-07-02,755.0,774.0,18220
API,2026-07-02,336.0,333.8,114229
NSY,2026-07-01,9.1,9.55,4000
NMB,2026-07-01,230.0,238.2,24489
LICN,2026-07-01,793.0,799.0,2859
MBLD2085,2026-07-01,1150.0,1184.5,5
HIDCL,2026-07-01,250.0,254.0,31442
RSY,2026-07-01,9.8,10.14,1100
BHCL,2026-07-01,529.2,546.0,25120
RNLI,2026-07-01,440.1,451.5,5521
NMBMF,2026-07-01,614.9,628.7,930
NWCL,2026-07-01,722.0,732.0,1320
TSHL,2026-07-01,448.0,445.0,7925
KDL,2026-07-01,749.1,765.0,1262
CZBIL,2026-07-01,199.0,196.1,32911
BGWT,2026-07-01,599.2,597.0,632
GBILD86/87,2026-07-01,1108.0,1108.0,30
MNMF1,2026-07-01,9.5,9.81,6250
JHAPA,2026-07-01,1280.0,1280.0,14193
NLG,2026-07-01,576.3,590.0,3062
CMF2,2026-07-01,10.15,9.69,5951
FMDBL,2026-07-01,779.0,764.5,13796
KMCDB,2026-07-01,816.9,810.0,1970
SDBD87,2026-07-01,1115.0,1115.0,100
DORDI,2026-07-01,245.0,254.8,27435
PFL,2026-07-01,369.8,360.0,7048
CREST,2026-07-01,1158.0,1196.0,8432
API,2026-07-01,333.0,334.8,170972
RLFL,2026-07-01,461.1,475.0,67406
TPKHL,2026-07-01,596.0,618.2,75170
EDBL,2026-07-01,565.0,565.0,2545
NFS,2026-07-01,566.0,583.6,8380
NBLD82,2026-07-01,1060.0,1060.0,200
NBLD87,2026-07-01,1084.5,1084.5,25
MDB,2026-07-01,597.4,582.0,6962
SICL,2026-07-01,612.3,624.0,1388
DHPL,2026-07-01,287.2,286.0,2955
MATRI,2026-07-01,827.1,853.0,423
MLBS,2026-07-01,1169.0,1162.0,890
ICFCD88,2026-07-01,1130.1,1138.0,50
SIGS2,2026-07-01,10.5,10.5,10000
GLH,2026-07-01,251.0,257.0,19388
NRIC,2026-07-01,920.0,944.0,20583
SPHL,2026-07-01,560.0,577.0,25095
YMHL,2026-07-01,635.0,689.0,53491
TTL,2026-07-01,721.0,750.0,9017
GCIL,2026-07-01,349.0,354.7,11186
NICAD2091,2026-07-01,1061.0,1067.0,100
UNLB,2026-07-01,1318.0,1326.5,905
RFPL,2026-07-01,320.0,346.0,11991
NICLBSL,2026-07-01,550.0,557.9,4761
SABBL,2026-07-01,970.0,1010.0,7525
GUFL,2026-07-01,550.1,558.0,6024
SIKLES,2026-07-01,559.9,561.8,4722
PPCL,2026-07-01,343.7,359.0,17268
FOWAD,2026-07-01,970.0,979.9,1672
EHPL,2026-07-01,391.6,373.0,19616
PMLI,2026-07-01,440.0,458.0,2777
SNLI,2026-07-01,430.1,440.6,9044
SBLD2091,2026-07-01,1084.9,1084.0,10150
GSY,2026-07-01,9.7,10.0,14560
MKHL,2026-07-01,470.0,485.0,2318
NHPC,2026-07-01,255.0,265.9,224002
NABBC,2026-07-01,789.0,772.0,3342
NTC,2026-07-01,848.0,847.9,4586
SBIBD86,2026-07-01,1175.0,1175.0,200
SRBLD83,2026-07-01,1075.0,1075.0,10
CBBL,2026-07-01,906.0,910.0,13798
WNLB,2026-07-01,1369.0,1370.0,320
NLICL,2026-07-01,565.0,583.0,3833
KBL,2026-07-01,205.9,210.1,140421
NGPL,2026-07-01,404.0,414.9,106621
ADBL,2026-07-01,300.0,305.0,11287
CITY,2026-07-01,420.0,403.0,159716
MHL,2026-07-01,455.0,470.0,2817
JBLB,2026-07-01,1236.0,1247.0,5400
SKHEL,2026-07-01,933.0,980.1,4859
SEF,2026-07-01,10.2,10.25,46000
SINDU,2026-07-01,662.2,706.1,5551
NSIF2,2026-07-01,10.54,10.79,10350
PSF,2026-07-01,11.75,11.9,67218
NBL,2026-07-01,260.1,265.0,25349
GLBSL,2026-07-01,1838.8,1838.8,1111
OMPL,2026-07-01,975.0,1000.0,2999
NIMBPO,2026-07-01,149.0,146.0,20
NICL,2026-07-01,522.9,526.0,24242
KKHC,2026-07-01,255.0,264.0,128603
NMIC,2026-07-01,945.0,965.0,4494
PROFL,2026-07-01,437.0,439.0,2642
USHL,2026-07-01,585.7,538.1,3269
SBCF,2026-07-01,10.0,9.8,2900
NMBD2085,2026-07-01,1135.0,1169.0,5
MSLB,2026-07-01,1244.0,1226.0,444
SNORL,2026-07-01,467.8,522.3,130
NESDO,2026-07-01,1510.0,1539.9,525
KSY,2026-07-01,9.7,9.99,3210
NICFC,2026-07-01,8.99,9.35,3100
SWBBL,2026-07-01,697.5,702.0,19669
RBBD2088,2026-07-01,1056.1,1056.1,25
SHINED,2026-07-01,1097.0,1100.3,195
AHL,2026-07-01,471.0,449.0,6939
ALBSL,2026-07-01,1030.0,1077.0,3511
UPCL,2026-07-01,341.5,354.9,43605
SAND2085,2026-07-01,1165.9,1189.0,20
CHL,2026-07-01,261.9,268.0,12315
GBBD85,2026-07-01,1070.4,1109.0,101
UNHPL,2026-07-01,392.0,393.0,30215
UHEWA,2026-07-01,610.0,590.0,19750
SWMF,2026-07-01,614.0,621.8,877
HHL,2026-07-01,330.0,340.0,14697
SLBSL,2026-07-01,1160.0,1302.0,4366
CHCL,2026-07-01,477.0,481.0,14543
MKHC,2026-07-01,293.0,303.0,6715
BUNGAL,2026-07-01,639.0,637.0,26572
MNBBL,2026-07-01,362.0,367.9,13722
SHIVM,2026-07-01,624.0,632.0,96022
MEN,2026-07-01,578.0,578.0,32653
JBBL,2026-07-01,338.0,338.0,24688
MFLD85,2026-07-01,1120.0,1115.0,300
MPFL,2026-07-01,590.0,610.0,7782
NICGF2,2026-07-01,9.01,9.42,10500
KPCL,2026-07-01,470.0,475.0,4462
IGI,2026-07-01,441.0,438.0,4239
RMF1,2026-07-01,9.77,10.0,2070
NRN,2026-07-01,1440.0,1427.0,116706
VLUCL,2026-07-01,436.1,451.9,4672
NMFBS,2026-07-01,1111.0,1120.1,785
PRSF,2026-07-01,12.79,12.75,119300
LSL,2026-07-01,215.5,219.0,1345112
NIMB,2026-07-01,199.5,193.0,62331
SBID2090,2026-07-01,1064.0,1128.7,13940
NADEP,2026-07-01,731.9,720.0,607
UMHL,2026-07-01,576.0,580.0,46983
MLBLD89,2026-07-01,1258.0,1258.0,25
SANVI,2026-07-01,613.0,630.0,10963
SMB,2026-07-01,1983.9,2054.0,8874
SOHL,2026-07-01,610.0,624.0,72848
SMATA,2026-07-01,735.0,755.0,1702
CYCL,2026-07-01,1289.2,1550.0,3450
PMHPL,2026-07-01,314.0,320.0,7480
SONA,2026-07-01,416.0,430.0,9964
NYADI,2026-07-01,358.0,381.3,4983
AKPL,2026-07-01,250.1,258.0,45072
PHCL,2026-07-01,296.0,301.0,49012
CGH,2026-07-01,764.0,774.0,37166
NIFRA,2026-07-01,247.0,253.9,46129
BANDIPUR,2026-07-01,711.0,759.0,27614
SHINE,2026-07-01,398.1,403.0,11162
SBI,2026-07-01,387.0,387.0,18166
SCB,2026-07-01,650.0,641.0,21494
HLICF,2026-07-01,8.69,8.76,5500
MLBSL,2026-07-01,1713.0,1745.0,294
ILI,2026-07-01,410.0,423.0,6912
SMJC,2026-07-01,445.5,450.0,9162
HLI,2026-07-01,316.0,329.0,27314
DLBS,2026-07-01,1349.5,1295.0,1371
NABIL,2026-07-01,520.0,525.0,44906
NIBLGF,2026-07-01,9.3,9.25,1300
PRIN,2026-07-01,690.0,691.0,5819
BNT,2026-07-01,11600.0,11600.0,10
SSHL,2026-07-01,196.0,204.4,161143
GIBF1,2026-07-01,10.56,10.59,6450
RBCL,2026-07-01,14300.0,14490.0,110
CIT,2026-07-01,1685.0,1705.0,3895
SFCL,2026-07-01,371.0,373.9,5814
HPPL,2026-07-01,358.0,362.0,14075
SIPD,2026-07-01,610.0,648.4,14520
SOPL,2026-07-01,833.0,885.0,69314
EBLD91,2026-07-01,1090.0,1090.0,225
SWASTIK,2026-07-01,2100.0,2102.0,895
SAGF,2026-07-01,10.05,10.2,1950
RHGCL,2026-07-01,270.7,273.0,37498
PCBL,2026-07-01,231.5,233.9,64115
ILBSP,2026-07-01,485.0,485.0,9629
NMLBBL,2026-07-01,542.0,548.0,4556
ADBLD83,2026-07-01,1057.0,1056.4,25
SRLIP,2026-07-01,208.0,208.0,88402
KBLD86,2026-07-01,1180.0,1215.0,7
ULBSL,2026-07-01,2762.0,2805.0,292
CSY,2026-07-01,9.07,9.25,8245
NMB50,2026-07-01,10.35,10.35,500
USHEC,2026-07-01,500.0,492.0,4548
TPC,2026-07-01,350.0,359.2,6577
MEHL,2026-07-01,337.6,334.9,5573
MMF1,2026-07-01,9.71,9.65,20200
NBF3,2026-07-01,9.89,10.0,5300
NABILD2089,2026-07-01,1073.0,1122.7,8944
BHL,2026-07-01,209.0,210.9,67517
SAPDBL,2026-07-01,825.0,789.0,12900
SHPC,2026-07-01,486.0,496.8,17449
BNHC,2026-07-01,312.0,314.5,4489
GFCL,2026-07-01,682.5,631.0,32913
SARBTM,2026-07-01,816.8,814.0,3806
NMBHF2,2026-07-01,9.53,9.78,16100
MSHL,2026-07-01,590.0,639.8,1982
MLBL,2026-07-01,354.8,355.5,15638
RMF2,2026-07-01,10.0,10.25,1000
MBL,2026-07-01,243.9,243.0,54300
SKHL,2026-07-01,901.2,935.0,19269
ICFCD89,2026-07-01,1094.1,1100.0,200
EBLD86,2026-07-01,1090.0,1090.0,25
MABEL,2026-07-01,630.0,657.0,9609
RSDC,2026-07-01,627.0,648.0,3409
SAHAS,2026-07-01,630.0,644.0,52403
SYPNL,2026-07-01,1267.3,1357.0,45120
KSBBL,2026-07-01,473.0,476.3,7679
UAIL,2026-07-01,451.0,465.0,12842
CKHL,2026-07-01,615.0,610.0,3079
GMLI,2026-07-01,1147.0,1178.5,510
SANIMA,2026-07-01,354.0,351.9,98218
AKJCL,2026-07-01,361.0,366.0,472111
HIMSTAR,2026-07-01,741.0,794.0,6088
MFIL,2026-07-01,760.0,779.6,6891
JSLBB,2026-07-01,995.0,1015.0,129
MAKAR,2026-07-01,461.0,476.9,2856
SBLD84,2026-07-01,1065.1,1065.0,50
SAGAR,2026-07-01,1490.0,1589.9,4757
HDHPC,2026-07-01,202.0,208.5,103329
MHNL,2026-07-01,245.0,244.0,7320
NIBLSTF,2026-07-01,9.05,9.08,2900
ENL,2026-07-01,810.0,819.2,154
LUK,2026-07-01,10.01,10.2,35250
SMFBS,2026-07-01,1614.0,1682.0,9144
SIGS3,2026-07-01,10.65,10.55,20090
BPCL,2026-07-01,637.0,642.6,35359
BHPL,2026-07-01,490.0,500.0,6189
SLBBLP,2026-07-01,456.0,456.0,1038
SPDL,2026-07-01,362.0,368.6,21140
HRL,2026-07-01,568.2,585.0,41670
MERO,2026-07-01,708.2,709.0,2905
NLIC,2026-07-01,740.0,745.0,7316
NMBD87/88,2026-07-01,1110.0,1085.1,126
MMKJL,2026-07-01,466.0,476.0,2297
MCHL,2026-07-01,292.0,305.0,6437
H8020,2026-07-01,11.35,11.35,1200
SJCL,2026-07-01,268.0,272.0,7392
RURU,2026-07-01,630.1,642.0,6461
RIDI,2026-07-01,325.0,336.0,193210
AHPC,2026-07-01,261.0,266.9,55140
GBLBS,2026-07-01,750.0,754.0,1793
HBL,2026-07-01,190.0,194.0,30343
LBBL,2026-07-01,471.0,485.0,19750
SIFC,2026-07-01,538.9,540.0,2118
HIDCLP,2026-07-01,186.0,189.0,138036
MKJC,2026-07-01,445.3,460.0,610
UNL,2026-07-01,46550.0,46505.0,40
NIMBD90,2026-07-01,1275.0,1270.0,111230
GMFBS,2026-07-01,1190.0,1227.0,124
CORBL,2026-07-01,1804.1,1800.0,36575
ILBS,2026-07-01,884.0,897.0,3317
GILB,2026-07-01,1103.0,1094.0,562
SMHL,2026-07-01,458.1,475.0,11823
TRH,2026-07-01,770.0,770.0,1595
CLI,2026-07-01,440.0,448.0,8478
GBBL,2026-07-01,400.0,404.9,13064
OHL,2026-07-01,685.0,682.0,2830
HATHY,2026-07-01,671.0,713.9,7042
NICSF,2026-07-01,9.22,9.3,10700
TAMOR,2026-07-01,435.7,446.0,12768
SALICO,2026-07-01,613.5,604.0,2679
NRM,2026-07-01,315.5,329.0,8953
CFCL,2026-07-01,592.0,609.9,67593
DHEL,2026-07-01,565.0,585.0,9790
ULHC,2026-07-01,417.0,432.0,10977
SADBL,2026-07-01,404.0,407.0,199292
PBLD87,2026-07-01,1091.0,1090.0,90
MANDU,2026-07-01,786.0,806.3,778
BJHL,2026-07-01,795.0,900.0,7876
ANLB,2026-07-01,5707.0,6061.5,387
KBLD90,2026-07-01,1215.0,1215.0,25
NBF2,2026-07-01,10.1,10.06,3000
MKCL,2026-07-01,1099.0,1104.0,2122
CHDC,2026-07-01,2125.0,2132.0,32955
CBLD88,2026-07-01,1235.0,1270.0,87
NICBF,2026-07-01,9.03,9.03,250
SHL,2026-07-01,489.9,492.0,13270
NICA,2026-07-01,323.2,333.9,43504
GBIME,2026-07-01,238.0,242.0,335428
SRLI,2026-07-01,375.1,382.0,11926
USLB,2026-07-01,1220.0,1245.0,1476
SGIC,2026-07-01,457.0,469.9,17746
SHEL,2026-07-01,295.0,300.0,37575
HEIP,2026-07-01,330.6,320.7,21
SHLB,2026-07-01,1479.3,1507.0,581
MHCL,2026-07-01,339.0,338.9,5068
BEDC,2026-07-01,325.0,337.4,21748
IHL,2026-07-01,363.0,372.6,9407
ALICL,2026-07-01,435.0,438.9,6732
UPPER,2026-07-01,181.0,194.5,66171
BHDC,2026-07-01,440.0,443.2,4654
DDBL,2026-07-01,820.0,830.0,41539
KBLPO,2026-07-01,100.0,100.0,373303
SPIL,2026-07-01,699.0,700.0,2284
NUBL,2026-07-01,626.9,625.0,2566
SPL,2026-07-01,670.0,665.0,630
NIL,2026-07-01,614.3,624.9,2153
SBL,2026-07-01,390.0,389.9,69857
SAIL,2026-07-01,834.1,919.9,23431
BBC,2026-07-01,4234.9,4279.0,375
NIBSF2,2026-07-01,9.0,9.02,1500
GHL,2026-07-01,215.0,223.0,32901
MBJC,2026-07-01,272.0,277.0,9594
HURJA,2026-07-01,231.0,237.0,47776
SKBBL,2026-07-01,751.0,752.0,5173
LVF2,2026-07-01,9.91,10.0,1204
MEL,2026-07-01,220.0,222.0,35696
MBLEF,2026-07-01,10.22,10.0,5100
ACLBSL,2026-07-01,952.0,941.0,366
SJLIC,2026-07-01,415.0,425.0,5788
RADHI,2026-07-01,680.0,722.0,119315
UMRH,2026-07-01,520.0,522.9,6361
LEC,2026-07-01,209.0,212.5,50709
JOSHI,2026-07-01,252.0,267.5,6827
SLBBL,2026-07-01,799.0,809.0,8489
KHPL,2026-07-01,830.0,862.0,16525
SMH,2026-07-01,530.0,536.0,9401
PCIL,2026-07-01,627.0,664.9,37225
BFC,2026-07-01,499.7,505.0,39789
GBIMESY2,2026-07-01,9.25,9.5,2200
DOLTI,2026-07-01,335.0,345.9,69764
ICFC,2026-07-01,612.0,613.2,5327
HDL,2026-07-01,1142.0,1147.0,13221
NHDL,2026-07-01,620.2,638.7,4465
LBLD86,2026-07-01,1227.0,1227.0,20
RSML,2026-07-01,3195.0,3400.0,54822
SPC,2026-07-01,420.0,420.0,1355
JFL,2026-07-01,407.8,398.0,2276
GVL,2026-07-01,467.0,475.0,5464
RAWA,2026-07-01,430.0,449.5,32411
HFIN,2026-07-01,703.1,738.2,34966
VLBS,2026-07-01,678.0,685.1,1706
CCBD88,2026-07-01,1297.0,1297.0,25
RBBF40,2026-07-01,9.03,9.13,800
BARUN,2026-07-01,316.0,321.0,31213
PCBLP,2026-07-01,105.0,105.0,8041
PURE,2026-07-01,802.0,843.9,5242
SGHC,2026-07-01,329.0,337.0,4461
STC,2026-07-01,5150.0,5235.0,2596
KBSH,2026-07-01,1300.0,1410.0,1044
KEF,2026-07-01,10.52,10.56,17980
AVYAN,2026-07-01,1053.8,1048.9,1277
SCBD,2026-07-01,1200.0,1200.0,1000
PBD88,2026-07-01,1255.0,1256.5,20
APHL,2026-07-01,807.5,888.0,29517
TVCL,2026-07-01,480.0,485.0,13262
LLBS,2026-07-01,920.0,934.0,1235
RHPL,2026-07-01,260.0,264.0,9961
PRVU,2026-07-01,187.1,191.5,76106
RLEL,2026-07-01,830.0,860.1,4141
HEI,2026-07-01,551.0,541.2,1744
RBCLPO,2026-07-01,11424.3,11730.0,20
KDBY,2026-07-01,10.67,10.99,150202
EBL,2026-07-01,699.9,694.0,25799
SLCF,2026-07-01,10.0,10.05,44000
SMPDA,2026-07-01,772.0,793.0,1219
GMFIL,2026-07-01,469.0,464.0,4875
C30MF,2026-07-01,10.2,10.25,1940
MNBBLP,2026-07-01,236.2,236.2,46996
GRDBL,2026-07-01,1015.0,1038.8,4025
NIFRAGED,2026-07-01,1041.2,1041.2,50
SFEF,2026-07-01,9.9,10.19,10595
HLBSL,2026-07-01,879.9,875.5,172
PPL,2026-07-01,303.1,335.0,15666
MLBBL,2026-07-01,1140.0,1140.0,1016
MLBLD89,2026-06-30,1296.4,1296.4,10
MKCL,2026-06-30,1090.0,1090.0,1191
GSY,2026-06-30,9.8,9.8,21500
PRSF,2026-06-30,12.5,12.47,3800
CIT,2026-06-30,1700.0,1685.9,9520
BFC,2026-06-30,504.5,492.1,26201
NYADI,2026-06-30,370.2,376.0,3248
LBBL,2026-06-30,475.0,473.9,29360
BBC,2026-06-30,4141.0,4162.0,193
SKBBL,2026-06-30,751.0,748.0,14427
STC,2026-06-30,5165.0,5199.0,483
SBLD89,2026-06-30,1287.0,1287.5,50
RBBF40,2026-06-30,9.2,9.3,2100
SGIC,2026-06-30,460.0,457.0,11831
HLICF,2026-06-30,8.7,8.69,2000
SYPNL,2026-06-30,1350.0,1334.0,25410
CBBL,2026-06-30,910.0,906.5,20142
EBL,2026-06-30,700.0,694.0,28812
APHL,2026-06-30,812.3,849.9,27374
RADHI,2026-06-30,712.3,700.0,35098
NMB50,2026-06-30,10.18,10.18,100
MEL,2026-06-30,216.2,219.0,13520
CLI,2026-06-30,442.0,443.0,11086
NMBHF2,2026-06-30,9.52,9.74,7100
SINDU,2026-06-30,692.4,697.0,5247
GCIL,2026-06-30,355.0,349.0,20739
HDHPC,2026-06-30,206.0,202.5,74856
PBD88,2026-06-30,1215.0,1220.0,75
NRIC,2026-06-30,935.0,919.0,25082
UNHPL,2026-06-30,380.0,386.0,11561
MLBL,2026-06-30,355.9,352.0,24329
PBLD84,2026-06-30,1093.1,1093.0,14365
HFIN,2026-06-30,729.0,721.0,20249
NLICL,2026-06-30,567.0,574.0,7644
AHL,2026-06-30,470.0,448.8,4653
GFCL,2026-06-30,622.1,650.0,20482
ICFC,2026-06-30,609.0,605.0,11261
SPDL,2026-06-30,356.6,357.0,32023
KPCL,2026-06-30,471.2,465.0,6943
SLBSL,2026-06-30,1160.0,1193.9,8624
SHPC,2026-06-30,490.0,485.0,52274
KSY,2026-06-30,9.65,9.65,500
ADBLD83,2026-06-30,1079.9,1079.9,25
FOWAD,2026-06-30,970.0,960.0,3275
SBID83,2026-06-30,1085.0,1085.0,205
NRN,2026-06-30,1485.7,1412.5,68301
RLEL,2026-06-30,842.1,851.0,11107
NABILD87,2026-06-30,1125.1,1125.1,25
GIBF1,2026-06-30,10.55,10.7,2900
NIMBPO,2026-06-30,144.0,145.0,17026
C30MF,2026-06-30,9.94,9.96,400
EHPL,2026-06-30,385.0,373.0,15024
DDBL,2026-06-30,821.0,817.0,9727
NMB,2026-06-30,240.0,235.5,28083
SBLD2091,2026-06-30,1055.0,1080.0,125
SBCF,2026-06-30,10.0,10.0,20350
BNHC,2026-06-30,306.1,312.0,2983
SIFC,2026-06-30,537.0,526.1,66995
ACLBSL,2026-06-30,938.0,930.0,1013
UPPER,2026-06-30,192.0,190.5,81395
SANIMA,2026-06-30,352.0,349.0,70248
NHDL,2026-06-30,625.1,636.0,8364
HIMSTAR,2026-06-30,740.0,751.0,6351
PSF,2026-06-30,11.66,11.7,9900
NABBC,2026-06-30,780.0,770.0,1550
SBL,2026-06-30,388.4,387.1,344827
SMB,2026-06-30,1860.7,1984.0,9919
SCBD,2026-06-30,1154.0,1208.1,38183
MFIL,2026-06-30,736.8,772.0,31384
GBILD84/85,2026-06-30,1145.0,1128.0,1200
SBI,2026-06-30,390.1,385.1,22923
PCIL,2026-06-30,660.0,639.0,39939
MHNL,2026-06-30,240.2,239.4,19091
SAPDBL,2026-06-30,780.0,786.3,30782
RFPL,2026-06-30,346.1,336.6,20642
MPFL,2026-06-30,600.0,605.0,29052
KHPL,2026-06-30,836.0,843.1,12498
SMATA,2026-06-30,750.0,743.0,1358
SMH,2026-06-30,545.1,521.7,20317
SJLICP,2026-06-30,240.1,240.1,300000
NWCL,2026-06-30,727.4,719.0,1919
SFMF,2026-06-30,10.8,10.8,100
GRDBL,2026-06-30,972.0,1027.9,3045
LBLD88,2026-06-30,1085.0,1085.0,25
OHL,2026-06-30,660.5,672.0,1518
SHL,2026-06-30,490.0,487.0,21792
GVL,2026-06-30,471.0,465.8,6598
DOLTI,2026-06-30,344.0,330.5,24835
NMLBBL,2026-06-30,558.0,546.6,7457
DLBS,2026-06-30,1349.0,1349.0,3324
HIDCL,2026-06-30,252.8,250.0,36176
SIKLES,2026-06-30,560.0,547.0,19300
CHCL,2026-06-30,477.0,472.5,11763
AVYAN,2026-06-30,1043.0,1044.7,706
ADBL,2026-06-30,302.0,302.0,14556
MSLB,2026-06-30,1220.0,1245.0,578
KBSH,2026-06-30,1295.0,1285.0,568
TRH,2026-06-30,760.0,765.0,1605
NBL,2026-06-30,265.0,262.2,38827
CSY,2026-06-30,9.12,9.35,5153
PCBL,2026-06-30,231.0,232.4,34867
RSML,2026-06-30,3110.0,3189.0,22936
HIDCLP,2026-06-30,186.0,185.1,122586
ANLB,2026-06-30,5714.0,5882.0,372
TPKHL,2026-06-30,728.2,596.3,179731
RMF1,2026-06-30,9.71,9.8,1487
GLH,2026-06-30,250.0,248.1,23802
UMHL,2026-06-30,614.0,575.0,25628
TSHL,2026-06-30,470.0,445.2,3447
DORDI,2026-06-30,248.0,242.0,27955
KKHC,2026-06-30,245.4,250.0,98170
RMF2,2026-06-30,10.0,10.0,300
GBIMESY2,2026-06-30,9.1,9.21,300
SHEL,2026-06-30,298.0,294.8,43653
HATHY,2026-06-30,720.0,687.0,9658
NIBD84,2026-06-30,1051.3,1065.0,155
MKJC,2026-06-30,462.0,456.1,4842
SHLB,2026-06-30,1401.0,1525.0,520
PPCL,2026-06-30,356.3,337.0,19438
SALICO,2026-06-30,591.0,597.0,2528
SMPDA,2026-06-30,786.1,794.0,1803
PBD85,2026-06-30,1069.1,1069.1,25
SAHAS,2026-06-30,641.9,630.2,99717
OMPL,2026-06-30,1007.0,975.0,6112
JBLB,2026-06-30,1244.1,1236.0,5868
MNMF1,2026-06-30,9.76,9.75,1100
SEF,2026-06-30,10.16,10.2,3500
CFCL,2026-06-30,607.5,592.0,73934
CIZBD90,2026-06-30,1240.0,1202.8,150
SKHEL,2026-06-30,963.3,974.8,3796
JBBD87,2026-06-30,1122.0,1122.0,100
NIMB,2026-06-30,190.0,190.0,134717
JBBL,2026-06-30,336.0,334.8,16149
MEN,2026-06-30,574.5,570.0,68774
LBBLD89,2026-06-30,1302.9,1302.9,25
RHPL,2026-06-30,260.0,260.0,17229
MBJC,2026-06-30,288.8,272.4,14315
ALBSL,2026-06-30,1040.0,1075.0,4809
HEIP,2026-06-30,320.7,321.0,540
SADBL,2026-06-30,402.0,398.0,115722
BUNGAL,2026-06-30,705.0,639.0,45755
LEC,2026-06-30,211.0,207.5,72140
ILBS,2026-06-30,871.0,884.0,2911
NICL,2026-06-30,521.0,513.7,7677
NBF2,2026-06-30,9.9,10.05,1920
UMRH,2026-06-30,525.0,515.0,9653
HLI,2026-06-30,322.5,319.8,40405
IGI,2026-06-30,446.5,431.9,7898
GILB,2026-06-30,1110.0,1076.0,2053
NIBLSTF,2026-06-30,8.89,9.31,1200
GMFIL,2026-06-30,450.0,459.0,6735
SFCL,2026-06-30,365.0,369.0,6196
DHPL,2026-06-30,277.3,279.0,2677
NIL,2026-06-30,610.1,609.0,3689
NICAD2091,2026-06-30,1060.0,1061.0,225
JSLBB,2026-06-30,1000.2,1011.0,311
H8020,2026-06-30,11.11,11.35,502900
SHINE,2026-06-30,401.0,396.4,17234
MBL,2026-06-30,241.0,240.0,44137
KDL,2026-06-30,763.5,750.1,2672
RLFL,2026-06-30,462.0,460.9,55032
UNL,2026-06-30,46990.0,46900.0,24
NICBF,2026-06-30,9.08,9.08,200
KSBBL,2026-06-30,470.1,469.0,13598
SAIL,2026-06-30,913.0,878.0,28256
ULBSL,2026-06-30,2785.0,2799.0,183
CKHL,2026-06-30,586.1,599.0,291
MKHL,2026-06-30,468.1,467.0,4632
SMJC,2026-06-30,455.0,441.1,9934
NIFRAGED,2026-06-30,1041.4,1041.1,80
SWASTIK,2026-06-30,2173.0,2071.0,1402
ENL,2026-06-30,830.0,820.0,230
BANDIPUR,2026-06-30,710.6,722.0,19129
ULHC,2026-06-30,420.0,421.1,16470
WNLB,2026-06-30,1350.0,1330.0,100
NFS,2026-06-30,579.9,566.0,4664
MABEL,2026-06-30,643.5,630.0,9451
NMIC,2026-06-30,952.0,945.0,1528
NBF3,2026-06-30,9.81,10.15,108340
SICL,2026-06-30,612.3,612.3,4351
SNLI,2026-06-30,430.1,431.5,9408
ICFCD89,2026-06-30,1095.0,1098.3,565
MMKJL,2026-06-30,470.1,467.0,2150
MSHL,2026-06-30,591.5,585.0,2129
PRIN,2026-06-30,699.0,679.7,7156
SJLIC,2026-06-30,410.0,418.0,6255
NABIL,2026-06-30,526.0,521.9,24993
RIDI,2026-06-30,313.5,326.9,97236
CHDC,2026-06-30,2164.9,2115.0,22019
EBLD86,2026-06-30,1101.0,1101.0,25
USLB,2026-06-30,1230.0,1213.0,1537
SBD87,2026-06-30,1088.1,1088.0,125
UPCL,2026-06-30,327.0,341.5,41053
SANVI,2026-06-30,607.0,613.5,19886
TAMOR,2026-06-30,441.0,438.6,36500
NRM,2026-06-30,328.0,321.1,8787
NMBMF,2026-06-30,616.0,619.9,1101
RBBD83,2026-06-30,1038.0,1038.0,40
SGHC,2026-06-30,329.0,328.0,8638
BARUN,2026-06-30,319.5,314.0,20598
BHL,2026-06-30,209.9,206.2,74056
SPC,2026-06-30,420.0,411.0,4699
PROFL,2026-06-30,449.9,425.2,6503
SMHL,2026-06-30,470.0,469.0,16069
KMCDB,2026-06-30,823.0,816.9,6047
MDB,2026-06-30,582.0,580.0,14151
HBL,2026-06-30,192.0,191.1,25063
HDL,2026-06-30,1154.0,1141.0,18147
YMHL,2026-06-30,728.2,636.5,129250
BHCL,2026-06-30,545.0,536.0,21900
CZBIL,2026-06-30,194.0,194.0,30137
MLBSL,2026-06-30,1700.0,1713.0,374
KDBY,2026-06-30,10.78,10.79,734450
NICA,2026-06-30,330.0,327.1,30707
MAKAR,2026-06-30,466.0,465.0,2007
VLBS,2026-06-30,680.0,678.0,2585
SOHL,2026-06-30,618.0,612.1,47290
SAGF,2026-06-30,10.05,10.07,1270
FMDBL,2026-06-30,767.0,762.8,5475
SIGS2,2026-06-30,10.45,10.5,500
MERO,2026-06-30,695.1,699.6,1409
RSY,2026-06-30,9.71,10.0,2300
MLBBL,2026-06-30,1141.0,1135.0,2158
SIGS3,2026-06-30,10.41,10.65,12049
ALICL,2026-06-30,430.0,434.8,18840
SHIVM,2026-06-30,633.0,624.0,68220
MHL,2026-06-30,461.0,460.0,7842
RBCL,2026-06-30,14200.0,14200.0,35
TPC,2026-06-30,345.0,350.3,14174
SPIL,2026-06-30,681.0,685.0,2790
CCBD88,2026-06-30,1265.0,1271.0,245
NLIC,2026-06-30,744.0,737.0,26169
RBCLPO,2026-06-30,11225.0,11777.6,140
UAIL,2026-06-30,450.0,448.1,5778
NIFRAUR85/86,2026-06-30,1065.0,1065.0,40
SABBL,2026-06-30,956.3,979.0,4816
GBBD85,2026-06-30,1070.1,1080.0,45
NADEP,2026-06-30,710.1,711.0,967
NICD88,2026-06-30,1085.0,1079.0,155
EBLD85,2026-06-30,1194.0,1160.0,190
MATRI,2026-06-30,850.0,850.0,702
NICGF2,2026-06-30,9.1,9.12,7900
GLBSL,2026-06-30,1798.0,1838.8,1770
GBBL,2026-06-30,402.0,399.0,16329
SBLD84,2026-06-30,1065.0,1065.0,50
BNL,2026-06-30,14301.8,14301.8,10
EBLD91,2026-06-30,1090.0,1090.0,50
GBIME,2026-06-30,246.0,238.0,117471
SMFBS,2026-06-30,1470.0,1611.0,15796
JFL,2026-06-30,397.0,397.0,4720
GHL,2026-06-30,222.0,215.5,57759
USHEC,2026-06-30,500.0,485.7,5151
MANDU,2026-06-30,810.0,805.0,2469
VLUCL,2026-06-30,446.0,439.0,2488
NIFRA,2026-06-30,249.0,247.2,52807
CIZBD86,2026-06-30,1214.6,1180.0,110
SIPD,2026-06-30,648.0,620.0,12614
CITY,2026-06-30,420.0,404.0,87210
SBID2090,2026-06-30,1101.0,1068.0,4
BGWT,2026-06-30,604.0,587.1,1429
NBLD87,2026-06-30,1120.0,1086.4,5
CREST,2026-06-30,1256.7,1192.0,6097
BOKD86,2026-06-30,1080.0,1085.0,60
AKPL,2026-06-30,255.0,252.5,71324
ILI,2026-06-30,415.0,419.0,4671
PPL,2026-06-30,311.6,319.0,15094
SPL,2026-06-30,655.0,670.0,935
HLBSL,2026-06-30,849.1,873.9,1743
SRLI,2026-06-30,380.0,379.0,13997
NIBSF2,2026-06-30,9.0,9.2,7900
HRL,2026-06-30,610.0,571.0,60645
SAGAR,2026-06-30,1480.0,1526.0,3551
BJHL,2026-06-30,777.1,790.2,5826
MMF1,2026-06-30,9.35,9.7,10350
PMLI,2026-06-30,450.2,444.0,9681
CYCL,2026-06-30,1385.0,1357.0,862
MNBBL,2026-06-30,365.0,362.5,24239
NABILD2089,2026-06-30,1090.0,1060.0,27
HBLD86,2026-06-30,1200.0,1200.0,245
DHEL,2026-06-30,610.0,567.0,11477
JOSHI,2026-06-30,259.0,259.6,10309
CGH,2026-06-30,765.0,764.0,7118
PRVU,2026-06-30,189.0,187.2,55501
RHGCL,2026-06-30,257.1,263.9,14224
SONA,2026-06-30,416.1,416.1,11325
KBL,2026-06-30,208.0,204.2,161059
CBLD88,2026-06-30,1200.0,1200.0,25
BHPL,2026-06-30,503.0,490.0,9049
NICSF,2026-06-30,9.3,9.3,32650
SNORL,2026-06-30,411.9,454.2,90
MKHC,2026-06-30,295.6,297.0,16151
HURJA,2026-06-30,226.1,229.0,33676
RURU,2026-06-30,639.0,637.0,3418
NICLBSL,2026-06-30,550.1,546.1,6071
SCB,2026-06-30,641.0,641.0,14142
USHL,2026-06-30,586.8,557.9,1038
BPCL,2026-06-30,649.0,636.0,16893
NICFC,2026-06-30,9.02,9.1,2950
UNLB,2026-06-30,1326.0,1280.0,380
HPPL,2026-06-30,355.0,358.0,31914
CHL,2026-06-30,260.9,261.9,10171
MLBS,2026-06-30,1131.0,1169.5,177
MBLEF,2026-06-30,9.93,9.96,3100
NSIF2,2026-06-30,10.57,10.65,62900
LUK,2026-06-30,10.0,10.01,11900
LICN,2026-06-30,790.0,793.0,4015
NTC,2026-06-30,843.0,843.0,6339
BEDC,2026-06-30,314.9,325.0,41942
RSDC,2026-06-30,632.4,638.0,4298
BHDC,2026-06-30,439.0,433.3,10529
RNLI,2026-06-30,444.6,444.1,9182
LSL,2026-06-30,222.1,213.6,84181
RAWA,2026-06-30,430.0,446.6,26799
SFEF,2026-06-30,9.9,9.9,700
API,2026-06-30,333.0,331.7,190230
KBLD86,2026-06-30,1180.0,1180.0,50
UHEWA,2026-06-30,582.0,581.9,31231
JHAPA,2026-06-30,1280.0,1287.0,2805
GMFBS,2026-06-30,1247.0,1218.0,236
NHPC,2026-06-30,264.8,255.0,205607
NESDO,2026-06-30,1530.0,1528.0,644
SOPL,2026-06-30,850.0,833.1,95026
MEHL,2026-06-30,330.0,327.9,2521
PHCL,2026-06-30,296.0,292.1,49849
NMFBS,2026-06-30,1101.2,1114.0,2620
GWFD83,2026-06-30,1116.0,1117.0,150
LVF2,2026-06-30,10.0,10.19,14940
HEI,2026-06-30,525.0,535.0,8078
TTL,2026-06-30,704.9,725.0,8021
PFL,2026-06-30,365.0,363.7,4839
GMLI,2026-06-30,1146.7,1146.8,1238
SWBBL,2026-06-30,690.2,697.7,5825
NSY,2026-06-30,9.0,9.28,5940
SLCF,2026-06-30,10.6,10.15,27750
CMF2,2026-06-30,9.87,9.87,5100
MCHL,2026-06-30,288.1,288.2,5630
KEF,2026-06-30,10.51,10.52,3500
SARBTM,2026-06-30,810.0,804.0,6172
HHL,2026-06-30,336.0,332.0,24009
LLBS,2026-06-30,920.0,920.0,10
NUBL,2026-06-30,635.0,617.0,3837
KBLD90,2026-06-30,1203.2,1206.2,128
TVCL,2026-06-30,486.0,479.0,5195
SJCL,2026-06-30,268.0,267.0,12324
ICFCD88,2026-06-30,1143.0,1143.0,10
AKJCL,2026-06-30,357.9,360.0,275111
SKHL,2026-06-30,925.0,915.0,7392
IHL,2026-06-30,365.0,353.0,11861
SHINED,2026-06-30,1097.0,1097.0,25
NIBLGF,2026-06-30,9.5,9.31,1900
EDBL,2026-06-30,558.0,553.4,5033
AHPC,2026-06-30,260.1,261.0,74273
SWMF,2026-06-30,619.0,614.9,5575
SLBBL,2026-06-30,810.0,799.0,4312
NLG,2026-06-30,582.0,580.0,6598
GUFL,2026-06-30,541.0,535.0,7443
SPHL,2026-06-30,585.0,577.0,8800
PURE,2026-06-30,845.0,802.0,5000
PMHPL,2026-06-30,311.2,314.0,2479
KBLD89,2026-06-30,1287.0,1251.0,275
CORBL,2026-06-30,1660.0,1899.0,7961
NGPL,2026-06-30,408.0,402.9,84495
SSHL,2026-06-30,197.0,193.9,77934
GBLBS,2026-06-30,740.1,748.8,4435
MHCL,2026-06-30,330.0,330.0,4110
SJLIC,2026-06-29,420.0,421.0,10086
GIBF1,2026-06-29,10.54,10.6,3200
MAKAR,2026-06-29,478.0,471.0,3242
C30MF,2026-06-29,9.9,9.94,7700
BJHL,2026-06-29,800.0,818.0,5123
SANVI,2026-06-29,649.2,637.1,8800
HHL,2026-06-29,342.0,338.0,14576
RIDI,2026-06-29,334.0,329.9,118762
SMJC,2026-06-29,450.0,445.0,7693
PPL,2026-06-29,317.3,327.9,9063
SANIMA,2026-06-29,352.5,352.0,69295
GLH,2026-06-29,249.1,251.0,22944
MBL,2026-06-29,243.0,240.5,62622
DHEL,2026-06-29,624.0,582.0,10477
DDBL,2026-06-29,833.0,820.0,6313
NADEP,2026-06-29,722.0,722.0,466
MHCL,2026-06-29,350.0,330.0,2934
SBLD89,2026-06-29,1250.0,1250.0,138
SBLD2091,2026-06-29,1080.0,1080.0,25
HBL,2026-06-29,193.0,192.7,22982
SAPDBL,2026-06-29,854.7,798.0,10329
GILB,2026-06-29,1071.5,1095.0,2352
ICFC,2026-06-29,623.0,615.0,7224
BANDIPUR,2026-06-29,767.0,748.0,22104
SNLI,2026-06-29,436.0,434.0,11496
TTL,2026-06-29,745.0,742.0,5430
SHINE,2026-06-29,402.6,400.0,24992
BEDC,2026-06-29,330.0,331.4,38469
ALBSL,2026-06-29,1056.0,1063.0,865
GFCL,2026-06-29,623.0,627.0,13219
GSY,2026-06-29,9.72,10.0,13200
HLICF,2026-06-29,8.7,8.9,950
SPDL,2026-06-29,370.0,363.0,10438
CORBL,2026-06-29,1714.0,1680.0,3472
KPCL,2026-06-29,475.0,470.3,7818
TAMOR,2026-06-29,443.0,441.4,12687
DOLTI,2026-06-29,346.0,336.0,35735
CSY,2026-06-29,9.0,9.12,6700
SWMF,2026-06-29,625.6,629.0,2206
RMF1,2026-06-29,10.05,9.75,68427
MNMF1,2026-06-29,9.75,9.81,3000
EBLD85,2026-06-29,1155.0,1160.0,100
HFIN,2026-06-29,750.0,730.1,28578
LSL,2026-06-29,205.5,222.0,55272
MABEL,2026-06-29,665.1,658.0,10688
RMF2,2026-06-29,10.1,10.1,6800
SAIL,2026-06-29,955.0,929.0,11983
TVCL,2026-06-29,499.0,495.9,26670
JOSHI,2026-06-29,269.0,260.0,9097
RBCL,2026-06-29,14407.0,14251.0,120
NBLD85,2026-06-29,1065.0,1065.0,30
AKJCL,2026-06-29,346.0,357.9,222203
HDL,2026-06-29,1150.9,1143.5,16527
BARUN,2026-06-29,322.5,319.0,35284
FMDBL,2026-06-29,760.0,761.0,4951
GBIME,2026-06-29,237.0,239.3,371470
BHL,2026-06-29,220.7,207.5,72705
CBBL,2026-06-29,906.1,910.6,11251
FOWAD,2026-06-29,1000.0,980.1,4065
APHL,2026-06-29,831.3,855.0,31428
SBL,2026-06-29,392.0,387.5,49220
JHAPA,2026-06-29,1295.0,1299.9,8925
MKHC,2026-06-29,305.0,302.0,11865
TRH,2026-06-29,769.0,771.0,3051
YMHL,2026-06-29,603.2,693.6,1150
SPIL,2026-06-29,693.5,685.1,7502
PRVU,2026-06-29,191.8,189.0,89751
LUK,2026-06-29,10.0,10.05,7125
GHL,2026-06-29,220.0,222.0,31379
JFL,2026-06-29,401.0,400.2,7025
PBLD84,2026-06-29,1072.2,1072.2,26
HPPL,2026-06-29,355.1,357.0,19196
NICBF,2026-06-29,9.05,9.04,800
MLBS,2026-06-29,1152.0,1163.9,260
MANDU,2026-06-29,810.0,812.0,1656
CHCL,2026-06-29,477.0,476.0,30778
ACLBSL,2026-06-29,939.0,938.0,4085
SEF,2026-06-29,10.49,10.47,225
NBLD87,2026-06-29,1119.0,1120.0,90
CHL,2026-06-29,261.5,260.9,8654
EHPL,2026-06-29,381.8,378.0,16196
UAIL,2026-06-29,456.0,450.0,14243
MSLB,2026-06-29,1228.0,1222.3,301
IGI,2026-06-29,431.0,435.0,5246
IHL,2026-06-29,375.0,365.0,7366
KEF,2026-06-29,10.55,10.79,3050
NICL,2026-06-29,510.0,516.0,14087
NMBHF2,2026-06-29,9.56,9.65,3950
BHPL,2026-06-29,505.5,505.0,4713
H8020,2026-06-29,11.5,11.35,1036981
NMBMF,2026-06-29,620.0,616.1,917
NSIF2,2026-06-29,10.52,10.57,2620
SCBD,2026-06-29,1121.0,1121.0,25
ULBSL,2026-06-29,2810.0,2805.0,874
SPC,2026-06-29,420.0,415.0,3389
OMPL,2026-06-29,1035.0,1007.0,3307
SIPD,2026-06-29,707.0,648.0,16505
GMLI,2026-06-29,1148.0,1170.0,1996
VLBS,2026-06-29,690.0,685.3,1803
NBL,2026-06-29,263.0,262.5,25405
GBBL,2026-06-29,405.0,402.0,25970
SBCF,2026-06-29,9.8,10.0,5300
RBBD2088,2026-06-29,1072.2,1059.3,81
MSHL,2026-06-29,606.0,607.9,1285
SMATA,2026-06-29,749.0,750.0,2647
NESDO,2026-06-29,1515.0,1530.0,813
MBLEF,2026-06-29,9.86,9.95,25500
SMHL,2026-06-29,466.4,470.0,15336
GCIL,2026-06-29,345.0,352.3,16173
CREST,2026-06-29,1185.0,1196.9,5673
RHPL,2026-06-29,262.1,259.5,17133
MNBBL,2026-06-29,370.0,365.0,20958
HIDCLP,2026-06-29,187.6,186.9,66313
SIFC,2026-06-29,554.6,534.0,15032
KSY,2026-06-29,9.8,9.8,3010
PCBL,2026-06-29,233.0,233.3,32246
NIBLGF,2026-06-29,9.53,9.5,1300
SONA,2026-06-29,421.0,419.0,12403
HEI,2026-06-29,532.1,537.0,5403
ALICL,2026-06-29,440.0,436.9,17209
DORDI,2026-06-29,255.0,246.0,16160
CFCL,2026-06-29,612.1,616.7,85647
CIT,2026-06-29,1690.0,1690.5,9804
VLUCL,2026-06-29,450.6,450.1,2905
BHDC,2026-06-29,422.0,440.0,8492
NLIC,2026-06-29,746.5,741.0,16558
OHL,2026-06-29,675.0,668.4,1664
UHEWA,2026-06-29,580.0,590.0,26243
PBLD87,2026-06-29,1090.0,1090.0,50
MBLD87,2026-06-29,1147.0,1147.0,20
ILBS,2026-06-29,875.0,892.0,1016
SGHC,2026-06-29,343.9,335.1,2790
NLG,2026-06-29,590.0,587.0,7543
NIMBPO,2026-06-29,145.0,145.0,6871
GBIMESY2,2026-06-29,9.0,9.27,1600
KBL,2026-06-29,210.0,207.0,173277
NRM,2026-06-29,317.0,329.0,16080
PRSF,2026-06-29,12.46,12.52,118631
SIGS2,2026-06-29,10.5,10.5,5100
SAGF,2026-06-29,10.0,10.0,12000
ILI,2026-06-29,418.0,417.3,11216
GMFIL,2026-06-29,467.0,465.0,4481
KBSH,2026-06-29,1317.0,1321.0,266
SAHAS,2026-06-29,641.0,641.9,92824
NMIC,2026-06-29,973.0,952.0,2935
NTC,2026-06-29,848.0,843.0,8209
NICLBSL,2026-06-29,552.0,555.0,3859
MATRI,2026-06-29,845.1,854.1,1333
DHPL,2026-06-29,285.0,281.5,2435
AVYAN,2026-06-29,1041.0,1043.0,1444
MBJC,2026-06-29,273.0,275.1,14472
CLI,2026-06-29,447.5,445.0,6274
EDBL,2026-06-29,555.0,559.7,3256
HDHPC,2026-06-29,197.5,204.0,103095
ICFCD89,2026-06-29,1094.2,1096.5,110
USLB,2026-06-29,1275.0,1255.8,2325
BHCL,2026-06-29,586.6,545.0,45338
SFCL,2026-06-29,366.1,366.0,5203
WNLB,2026-06-29,1365.0,1350.0,630
SSHL,2026-06-29,199.9,196.4,59038
CITY,2026-06-29,399.6,408.0,176446
MLBL,2026-06-29,351.2,353.0,21753
UNLB,2026-06-29,1320.0,1288.1,365
PSF,2026-06-29,11.65,11.76,86600
HURJA,2026-06-29,236.0,231.3,39810
SLBSL,2026-06-29,1172.1,1200.0,2168
RLFL,2026-06-29,488.0,469.0,45312
NBF3,2026-06-29,9.78,10.0,39750
SCB,2026-06-29,654.0,641.0,6638
PBD88,2026-06-29,1215.0,1215.0,25
NICFC,2026-06-29,9.1,9.07,3750
CGH,2026-06-29,775.0,768.0,21444
NIBLSTF,2026-06-29,9.03,9.3,7807
MKCL,2026-06-29,1083.1,1095.0,2233
MMKJL,2026-06-29,479.0,473.0,485
PFL,2026-06-29,367.0,365.0,3665
NBF2,2026-06-29,9.87,10.16,2100
LEC,2026-06-29,215.0,211.0,45182
NABIL,2026-06-29,525.0,524.0,29220
NABBC,2026-06-29,799.9,780.1,9295
GLBSL,2026-06-29,1751.0,1798.0,642
NIFRA,2026-06-29,249.0,248.1,46385
SINDU,2026-06-29,700.0,704.0,3079
HIDCL,2026-06-29,254.0,252.8,49719
KDL,2026-06-29,798.9,759.1,5386
ULHC,2026-06-29,444.1,416.6,6385
NSY,2026-06-29,9.2,9.3,5000
SIKLES,2026-06-29,560.0,555.1,4341
MDB,2026-06-29,587.5,582.9,5192
SARBTM,2026-06-29,811.0,809.0,2280
PURE,2026-06-29,840.0,848.5,1052
SAGAR,2026-06-29,1550.0,1533.4,2527
LVF2,2026-06-29,10.0,10.0,17220
SKHEL,2026-06-29,1020.0,1014.0,1923
JBLB,2026-06-29,1261.0,1251.0,4376
USHEC,2026-06-29,486.3,487.0,4665
GBBD85,2026-06-29,1075.2,1075.3,50
PPCL,2026-06-29,346.1,346.0,5940
PROFL,2026-06-29,440.1,438.3,3626
SMB,2026-06-29,1940.0,1955.2,8387
UPCL,2026-06-29,326.9,343.7,39684
MMF1,2026-06-29,9.87,9.6,27821
TSHL,2026-06-29,467.6,467.9,1559
SNORL,2026-06-29,353.8,395.0,60
NIFRAUR85/86,2026-06-29,1065.0,1065.0,200
KBLD90,2026-06-29,1216.0,1206.1,75
RFPL,2026-06-29,350.0,351.0,15569
SBID89,2026-06-29,1131.6,1220.0,360
NIMB,2026-06-29,184.0,190.0,63330
SMPDA,2026-06-29,814.0,806.0,1339
RNLI,2026-06-29,450.5,447.4,9263
JSLBB,2026-06-29,1005.0,1029.9,180
AHL,2026-06-29,480.9,448.0,6301
GBLBS,2026-06-29,767.6,750.0,2570
NMB50,2026-06-29,10.02,10.08,9200
NBBD2085,2026-06-29,1135.0,1135.0,32
KMCDB,2026-06-29,797.2,823.0,2052
NMB,2026-06-29,238.0,237.9,33682
SBI,2026-06-29,388.0,390.0,5742
KDBY,2026-06-29,10.89,10.8,71450
SADBL,2026-06-29,400.0,399.9,11212
BPCL,2026-06-29,654.9,642.0,33936
SFMF,2026-06-29,10.5,10.5,1000
DLBS,2026-06-29,1225.0,1420.0,1472
RBBF40,2026-06-29,9.18,9.25,700
SHL,2026-06-29,492.0,488.2,10113
GRDBL,2026-06-29,1021.1,1023.0,7234
HLBSL,2026-06-29,875.0,874.5,830
UMHL,2026-06-29,582.0,584.8,30925
SHINED,2026-06-29,1097.1,1097.1,25
ICFCD88,2026-06-29,1140.0,1140.0,50
SIGS3,2026-06-29,10.55,10.6,52370
SABBL,2026-06-29,970.0,969.4,6949
SPHL,2026-06-29,579.0,563.0,4978
MEL,2026-06-29,226.0,220.0,10876
CHDC,2026-06-29,2145.0,2127.0,22383
AHPC,2026-06-29,265.0,262.2,41458
PMHPL,2026-06-29,318.0,317.9,9468
RAWA,2026-06-29,450.0,449.9,31734
UNL,2026-06-29,46601.0,46000.0,80
HATHY,2026-06-29,722.0,711.0,6238
SWASTIK,2026-06-29,2180.0,2173.0,918
SALICO,2026-06-29,595.0,605.0,5565
NRIC,2026-06-29,940.0,942.0,29106
SLBBL,2026-06-29,810.0,810.0,2830
MHNL,2026-06-29,243.2,243.5,1922
LICN,2026-06-29,793.0,798.6,5107
ANLB,2026-06-29,5722.6,5884.9,509
AKPL,2026-06-29,257.0,254.1,39337
NUBL,2026-06-29,635.9,626.0,1810
UPPER,2026-06-29,192.0,191.4,63640
BFC,2026-06-29,490.0,500.0,22822
PRIN,2026-06-29,677.1,680.2,7216
UMRH,2026-06-29,525.1,525.1,4563
RBCLPO,2026-06-29,11200.0,11549.9,60
GMFBS,2026-06-29,1260.0,1211.0,760
HEIP,2026-06-29,330.0,330.0,500
STC,2026-06-29,5190.0,5165.0,418
SKHL,2026-06-29,901.0,928.0,9780
SWBBL,2026-06-29,667.0,698.0,2857
GVL,2026-06-29,477.0,470.0,15207
PHCL,2026-06-29,300.0,298.0,43846
CMF2,2026-06-29,9.84,10.1,5100
MLBBL,2026-06-29,1143.1,1160.0,636
MLBSL,2026-06-29,1702.0,1710.0,748
SFEF,2026-06-29,9.85,10.0,259035
CZBIL,2026-06-29,198.0,196.0,23539
SKBBL,2026-06-29,755.0,751.0,7296
LBBL,2026-06-29,479.0,477.0,33789
BNHC,2026-06-29,315.1,313.0,3074
SICL,2026-06-29,615.0,615.1,5274
TPC,2026-06-29,356.0,354.0,8611
NLICL,2026-06-29,569.0,570.0,13416
SLBBLP,2026-06-29,456.0,456.0,1038
NIBSF2,2026-06-29,9.01,9.06,10600
EBLD91,2026-06-29,1090.0,1090.0,375
NMFBS,2026-06-29,1098.1,1115.0,1809
SHEL,2026-06-29,298.0,294.0,71606
BUNGAL,2026-06-29,662.0,671.5,43084
SJCL,2026-06-29,273.1,270.0,13928
MFIL,2026-06-29,760.0,775.5,26549
ENL,2026-06-29,824.0,843.9,60
NMLBBL,2026-06-29,559.0,550.4,6402
NWCL,2026-06-29,740.2,730.1,1943
SHPC,2026-06-29,495.0,491.2,28983
SGIC,2026-06-29,468.2,462.3,9118
SRLI,2026-06-29,381.0,380.0,15328
MERO,2026-06-29,710.0,707.1,3115
SOHL,2026-06-29,658.0,625.0,56202
CIZBD90,2026-06-29,1200.0,1210.0,35
EBL,2026-06-29,700.0,698.0,22267
RADHI,2026-06-29,729.0,717.8,46448
SHIVM,2026-06-29,634.0,624.1,75442
MCHL,2026-06-29,302.0,293.0,6863
NICSF,2026-06-29,9.25,9.35,12200
SMH,2026-06-29,547.0,545.1,2130
JBBL,2026-06-29,335.3,336.0,27449
RURU,2026-06-29,640.0,639.0,620
HLI,2026-06-29,330.0,324.8,46741
PMLI,2026-06-29,455.3,450.1,6326
NICA,2026-06-29,330.1,328.3,36913
NIL,2026-06-29,615.1,617.0,4997
HIMSTAR,2026-06-29,712.5,745.0,5977
MKHL,2026-06-29,476.1,479.0,2870
LLBS,2026-06-29,965.0,920.0,2489
KKHC,2026-06-29,244.5,239.0,45288
TPKHL,2026-06-29,633.3,693.6,3620
KSBBL,2026-06-29,481.0,472.0,26250
NRN,2026-06-29,1410.0,1415.0,61605
NBLD82,2026-06-29,1070.0,1070.0,25
SHLB,2026-06-29,1412.0,1420.0,70
CKHL,2026-06-29,610.0,600.0,1724
RLEL,2026-06-29,870.0,867.0,5587
KHPL,2026-06-29,890.1,880.0,13740
GUFL,2026-06-29,546.0,540.0,8521
SMFBS,2026-06-29,1498.0,1454.0,173
MEHL,2026-06-29,333.8,335.0,4013
CBLD88,2026-06-29,1200.0,1215.0,80
HRL,2026-06-29,586.0,581.0,56082
SYPNL,2026-06-29,1367.0,1343.0,37552
RSDC,2026-06-29,640.2,640.0,1964
MPFL,2026-06-29,610.0,613.9,9967
USHL,2026-06-29,579.7,558.9,1956
NGPL,2026-06-29,405.2,408.0,75939
MHL,2026-06-29,464.0,466.2,2627
NHPC,2026-06-29,278.9,262.0,97288
CYCL,2026-06-29,1395.2,1385.0,1355
RHGCL,2026-06-29,265.0,265.0,9392
MKJC,2026-06-29,462.0,462.0,2226
NIFRAGED,2026-06-29,1041.5,1041.4,125
MEN,2026-06-29,580.0,574.2,25964
UNHPL,2026-06-29,397.4,395.4,13948
BGWT,2026-06-29,600.0,604.0,1038
SBD89,2026-06-29,1236.0,1236.0,25
MLBLD89,2026-06-29,1258.0,1260.0,50
SPL,2026-06-29,650.1,665.9,1539
PCIL,2026-06-29,647.9,662.0,24776
RSY,2026-06-29,10.15,10.01,18800
BBC,2026-06-29,4279.9,4246.9,211
SOPL,2026-06-29,920.0,885.3,98158
NYADI,2026-06-29,375.1,379.9,5066
NICGF2,2026-06-29,9.15,9.2,14600
ADBL,2026-06-29,300.2,304.7,7222
BNT,2026-06-29,11600.0,11600.0,10
GWFD83,2026-06-29,1100.0,1100.0,120
GBILD86/87,2026-06-29,1141.8,1108.0,38742
RSML,2026-06-29,3120.0,3247.0,25644
API,2026-06-29,336.9,332.5,207481
NHDL,2026-06-29,625.09,630.0,1927
NFS,2026-06-29,596.0,576.0,4524
SLCF,2026-06-29,9.83,10.3,12800
VLBS,2026-06-26,691.0,695.0,2944
MPFL,2026-06-26,602.0,615.5,5759
MBLEF,2026-06-26,10.0,9.98,66900
SKHL,2026-06-26,907.0,928.0,8912
DHEL,2026-06-26,586.1,595.0,9290
NIL,2026-06-26,620.0,620.0,2316
MDB,2026-06-26,590.0,587.0,5400
JSLBB,2026-06-26,1048.5,1031.0,469
GMFIL,2026-06-26,482.9,471.4,10003
ULBSL,2026-06-26,2800.0,2790.0,215
SBL,2026-06-26,392.0,388.0,49450
BUNGAL,2026-06-26,669.9,662.0,59751
SGHC,2026-06-26,335.0,336.0,8294
CIT,2026-06-26,1729.0,1702.0,8228
MEL,2026-06-26,213.8,225.0,8157
SPL,2026-06-26,670.0,665.0,494
DORDI,2026-06-26,252.0,248.0,30374
GLBSL,2026-06-26,1835.0,1800.0,1021
HIMSTAR,2026-06-26,753.1,750.0,3483
NHPC,2026-06-26,266.0,265.7,141420
GBBL,2026-06-26,404.9,405.8,18698
UAIL,2026-06-26,470.0,456.0,6678
GWFD83,2026-06-26,1078.6,1071.0,200
SMATA,2026-06-26,751.0,750.0,3960
SANIMA,2026-06-26,359.0,352.3,30855
MKJC,2026-06-26,483.0,465.1,2564
NMIC,2026-06-26,918.9,973.0,1759
LSL,2026-06-26,218.6,216.3,151428
RMF1,2026-06-26,10.0,10.05,10000
GLH,2026-06-26,256.9,252.6,27963
HIDCL,2026-06-26,253.0,254.9,47991
SBID89,2026-06-26,1132.1,1132.1,100
KBLD90,2026-06-26,1224.0,1224.0,4953
SAGAR,2026-06-26,1517.0,1570.0,8412
IGI,2026-06-26,447.5,439.9,2990
CORBL,2026-06-26,1700.0,1714.0,2695
JHAPA,2026-06-26,1250.0,1308.0,13500
SEF,2026-06-26,10.16,10.35,2300
EBL,2026-06-26,701.5,700.0,20087
KBSH,2026-06-26,1352.3,1357.0,418
CHDC,2026-06-26,2209.0,2165.3,9754
ACLBSL,2026-06-26,945.0,939.0,1611
KHPL,2026-06-26,950.0,914.0,14555
BNT,2026-06-26,11739.9,11740.0,50
CZBIL,2026-06-26,197.7,198.0,29095
RSDC,2026-06-26,655.0,640.2,5284
STC,2026-06-26,5154.0,5190.0,98
UPPER,2026-06-26,195.0,194.0,66357
CFCL,2026-06-26,593.6,619.5,62869
SIGS3,2026-06-26,10.8,10.84,74110
SKHEL,2026-06-26,1097.0,1035.0,2390
PSF,2026-06-26,11.75,11.75,12000
EHPL,2026-06-26,402.1,381.7,7095
MBL,2026-06-26,247.7,243.0,32449
NMB,2026-06-26,241.5,237.9,9709
NRIC,2026-06-26,955.0,947.8,18724
MABEL,2026-06-26,669.4,670.0,4876
GILB,2026-06-26,1101.0,1102.0,182
TRH,2026-06-26,766.0,766.0,491
MKHC,2026-06-26,305.0,308.5,9291
ICFC,2026-06-26,617.0,625.0,2028
HLICF,2026-06-26,9.0,8.92,942
VLUCL,2026-06-26,456.0,458.5,452
NHDL,2026-06-26,642.0,640.0,1402
MLBBL,2026-06-26,1184.0,1167.9,313
LBLD88,2026-06-26,1088.5,1088.0,25
NICA,2026-06-26,333.0,331.9,25518
GBILD84/85,2026-06-26,1129.7,1128.0,254207
TPC,2026-06-26,376.9,356.0,21922
SICL,2026-06-26,617.0,618.0,7909
MLBS,2026-06-26,1179.9,1169.0,285
MKCL,2026-06-26,1104.0,1112.0,1796
RBCL,2026-06-26,14360.0,14645.0,50
ALICL,2026-06-26,435.1,440.1,13287
MNBBL,2026-06-26,369.0,366.9,51617
GBIME,2026-06-26,237.0,236.7,44620
MSLBP,2026-06-26,735.0,735.0,7087
AHL,2026-06-26,493.0,468.6,9472
RFPL,2026-06-26,349.9,350.0,16243
KBLD86,2026-06-26,1200.0,1166.7,1
NTC,2026-06-26,850.0,845.0,6192
LVF2,2026-06-26,9.6,9.8,400
SLBSL,2026-06-26,1222.6,1207.0,4088
BANDIPUR,2026-06-26,762.0,770.0,10998
CZBILP,2026-06-26,105.8,105.8,14825
AKPL,2026-06-26,269.8,256.8,43756
AKJCL,2026-06-26,363.3,362.6,419420
SWBBL,2026-06-26,693.0,701.0,13604
SIFC,2026-06-26,559.8,540.0,10518
SMB,2026-06-26,1940.2,1930.0,2529
SNORL,2026-06-26,298.7,343.5,70
HIDCLP,2026-06-26,191.8,189.0,82361
SWASTIK,2026-06-26,2200.0,2201.0,253
KBL,2026-06-26,210.5,208.0,67682
ADBL,2026-06-26,308.0,305.0,8138
DHPL,2026-06-26,280.3,285.0,1797
NFS,2026-06-26,599.8,580.0,7882
CGH,2026-06-26,770.0,764.0,6617
SLBBL,2026-06-26,810.0,811.0,1929
GSY,2026-06-26,9.8,10.0,2300
HBL,2026-06-26,193.0,193.0,25765
HLI,2026-06-26,334.6,328.9,14972
NLIC,2026-06-26,745.5,747.5,11174
SRLI,2026-06-26,383.1,383.0,18936
BNL,2026-06-26,14744.0,14744.0,10
BGWT,2026-06-26,597.0,598.9,4420
KMCDB,2026-06-26,892.4,821.0,2723
SIKLES,2026-06-26,566.0,561.0,8085
CREST,2026-06-26,1198.8,1198.9,12425
NMFBS,2026-06-26,1115.0,1115.0,3526
PMHPL,2026-06-26,324.0,322.0,2268
UNL,2026-06-26,47350.0,46700.1,50
PROFL,2026-06-26,454.0,443.3,3309
SOPL,2026-06-26,920.0,927.0,102340
SARBTM,2026-06-26,830.0,811.0,19562
NUBL,2026-06-26,632.0,635.0,367
SMPDA,2026-06-26,829.0,807.0,2914
MSHL,2026-06-26,635.1,619.0,2309
EBLEB89,2026-06-26,1079.9,1080.0,60
GFCL,2026-06-26,636.0,630.0,5026
H8020,2026-06-26,11.5,11.5,11499
SIPD,2026-06-26,662.0,673.5,15727
SPDL,2026-06-26,374.5,362.5,35362
ULHC,2026-06-26,417.0,423.0,6563
RHGCL,2026-06-26,273.6,269.0,29347
NIMB,2026-06-26,191.0,191.8,55008
NBL,2026-06-26,267.7,263.0,15814
NBLD87,2026-06-26,1109.4,1130.0,195244
RLFL,2026-06-26,489.0,481.9,53781
MHNL,2026-06-26,247.0,250.0,3731
SONA,2026-06-26,424.0,420.0,12008
SIGS2,2026-06-26,10.26,10.25,9000
USHL,2026-06-26,576.8,562.9,1426
RMF2,2026-06-26,10.0,10.41,200
SFMF,2026-06-26,10.67,10.67,7335
SINDU,2026-06-26,699.1,709.0,4945
PBLD84,2026-06-26,1070.1,1075.1,1
SBD87,2026-06-26,1072.1,1072.1,10
NIMBD90,2026-06-26,1230.8,1280.0,31041
HPPL,2026-06-26,365.0,360.5,23227
NMBMF,2026-06-26,622.3,622.0,1722
SBCF,2026-06-26,9.8,9.9,3100
SCB,2026-06-26,659.0,641.8,6161
ANLB,2026-06-26,5725.1,5894.0,333
SHL,2026-06-26,492.1,492.0,8477
CYCL,2026-06-26,1420.0,1432.9,2241
UNLB,2026-06-26,1330.0,1315.0,780
MBJC,2026-06-26,275.8,277.0,20247
EDBL,2026-06-26,560.1,555.6,5152
NLICL,2026-06-26,565.5,567.1,11537
HEIP,2026-06-26,344.0,327.9,2045
C30MF,2026-06-26,10.0,10.0,100
NBF2,2026-06-26,10.15,10.15,6924
BBC,2026-06-26,4290.0,4260.0,254
SHINEP,2026-06-26,222.0,222.0,10282
NMBD89/90,2026-06-26,1266.9,1363.0,27958
SLCF,2026-06-26,9.9,10.1,11600
NABILD2089,2026-06-26,1090.0,1090.0,34
MMF1,2026-06-26,9.72,9.6,57800
SPHL,2026-06-26,570.0,569.7,7074
KDL,2026-06-26,790.0,780.0,3102
SMJC,2026-06-26,455.0,450.0,12906
NICLBSL,2026-06-26,560.1,553.1,4535
SJLIC,2026-06-26,422.0,423.0,7751
BHCL,2026-06-26,552.0,558.7,82999
WNLB,2026-06-26,1370.2,1360.0,11
MSLB,2026-06-26,1219.0,1253.0,736
LBBLD89,2026-06-26,1255.0,1265.0,255
SAHAS,2026-06-26,648.0,647.0,61540
GVL,2026-06-26,477.3,477.6,13040
PPL,2026-06-26,333.0,334.0,12894
SHIVM,2026-06-26,638.0,628.6,130169
RSML,2026-06-26,3160.0,3248.0,31125
DDBL,2026-06-26,840.0,830.0,6800
AVYAN,2026-06-26,1040.1,1060.0,1451
FMDBL,2026-06-26,810.6,770.0,8921
RAWA,2026-06-26,457.0,454.5,41827
PPCL,2026-06-26,346.0,353.9,7483
MLBSL,2026-06-26,1721.0,1731.0,1054
UNHPL,2026-06-26,380.0,397.3,49117
GBLBS,2026-06-26,769.0,767.6,782
SFCL,2026-06-26,371.0,366.1,8049
DOLTI,2026-06-26,351.0,346.0,24507
NYADI,2026-06-26,385.0,380.0,2050
RLEL,2026-06-26,862.0,870.0,3663
MLBL,2026-06-26,356.0,354.9,11205
SGIC,2026-06-26,475.0,473.0,9210
CBBL,2026-06-26,911.0,910.7,12223
KPCL,2026-06-26,480.0,475.0,4498
USHEC,2026-06-26,493.0,491.3,2230
BFC,2026-06-26,519.0,513.0,44614
SHINE,2026-06-26,406.0,404.0,13241
TVCL,2026-06-26,510.7,493.9,6299
SBID83,2026-06-26,1070.0,1093.3,850
SNLI,2026-06-26,433.3,438.0,10082
GCIL,2026-06-26,373.0,362.5,18881
USLB,2026-06-26,1285.0,1274.5,713
MANDU,2026-06-26,812.6,823.0,631
MAKAR,2026-06-26,480.0,478.2,2550
HLBSL,2026-06-26,884.0,875.0,1808
IHL,2026-06-26,375.0,375.0,3804
TSHL,2026-06-26,480.0,475.0,3754
NADEP,2026-06-26,730.5,730.0,948
CKHL,2026-06-26,627.0,620.0,597
GMFBS,2026-06-26,1270.0,1226.2,575
EBLD86,2026-06-26,1100.0,1100.0,300
CIZBD90,2026-06-26,1223.0,1223.0,2647
APHL,2026-06-26,880.0,875.0,25803
UMRH,2026-06-26,540.0,528.1,5827
NMBD87/88,2026-06-26,1118.7,1135.0,25405
NIBSF2,2026-06-26,9.01,9.0,42291
MBLD87,2026-06-26,1147.0,1147.0,20
PCIL,2026-06-26,680.0,682.0,18481
GMLI,2026-06-26,1148.0,1167.0,936
NSIF2,2026-06-26,10.62,10.67,61400
NIFRA,2026-06-26,251.4,250.0,46482
BHDC,2026-06-26,426.0,444.0,6232
KSY,2026-06-26,9.75,9.65,4000
JFL,2026-06-26,401.2,401.0,6612
NIMBPO,2026-06-26,146.9,146.9,20
MKHL,2026-06-26,485.0,480.2,3680
BNHC,2026-06-26,320.0,315.1,3805
KEF,2026-06-26,10.4,10.71,149500
ENL,2026-06-26,826.0,846.5,293
TTL,2026-06-26,754.0,752.0,7567
HATHY,2026-06-26,740.0,722.0,6784
UMHL,2026-06-26,590.0,588.6,39800
BOKD86,2026-06-26,1136.4,1105.0,98799
SMHL,2026-06-26,486.4,472.9,30264
NBLD85,2026-06-26,1074.6,1074.6,50000
RNLI,2026-06-26,452.0,451.0,13883
CLI,2026-06-26,448.2,447.5,7226
BHPL,2026-06-26,519.9,505.5,1342
MNMF1,2026-06-26,9.76,9.85,52750
OHL,2026-06-26,681.0,683.0,506
SAGF,2026-06-26,10.0,10.01,400
CITY,2026-06-26,391.0,407.9,287346
NIBLSTF,2026-06-26,9.5,9.3,13100
YMHL,2026-06-26,540.3,603.2,350
SYPNL,2026-06-26,1325.3,1367.0,27629
NICAD2091,2026-06-26,1055.7,1056.1,50
NABBC,2026-06-26,787.0,788.0,22160
SWMF,2026-06-26,648.5,640.0,1250
SHPC,2026-06-26,506.9,495.9,24737
PFL,2026-06-26,364.0,366.0,5346
SHEL,2026-06-26,300.4,299.1,52824
GRDBL,2026-06-26,1054.0,1048.0,3317
BJHL,2026-06-26,839.0,825.0,3860
BARUN,2026-06-26,322.0,325.0,12410
SABBL,2026-06-26,963.0,976.0,5918
GHL,2026-06-26,223.8,222.0,16233
MNBBLP,2026-06-26,236.2,236.2,22995
JBBL,2026-06-26,343.0,338.0,28817
MCHL,2026-06-26,301.1,302.0,8061
MEN,2026-06-26,586.0,579.0,31724
UPCL,2026-06-26,350.0,344.1,37778
SMH,2026-06-26,554.0,545.0,5188
SAPDBL,2026-06-26,854.1,814.0,103495
RHPL,2026-06-26,260.5,262.0,10324
NABIL,2026-06-26,523.0,525.0,47709
SBLD84,2026-06-26,1050.0,1050.0,25
NICBF,2026-06-26,9.3,9.3,100
NICD88,2026-06-26,1106.3,1085.1,60
LICN,2026-06-26,791.1,804.9,6708
PBD85,2026-06-26,1077.2,1077.0,25
NIFRAGED,2026-06-26,1041.2,1041.2,75
CHL,2026-06-26,275.0,265.0,7045
NICGF2,2026-06-26,9.27,9.17,1800
UHEWA,2026-06-26,615.0,590.0,23880
PRIN,2026-06-26,691.1,680.1,7689
ILBS,2026-06-26,901.0,890.1,643
HURJA,2026-06-26,235.0,234.3,25750
SMFBS,2026-06-26,1518.0,1544.0,100
NICSF,2026-06-26,9.2,9.44,4040
ICFCD88,2026-06-26,1140.0,1140.0,25
JBLB,2026-06-26,1257.0,1261.0,2726
LLBS,2026-06-26,923.0,923.0,18
GBILD86/87,2026-06-26,1141.8,1141.8,290470
SFEF,2026-06-26,10.0,10.0,130300
MERO,2026-06-26,702.5,710.9,3438
FOWAD,2026-06-26,1020.0,990.0,1406
CSY,2026-06-26,9.0,9.2,6100
MFIL,2026-06-26,740.0,790.0,87081
SALICO,2026-06-26,591.0,612.5,6280
MHL,2026-06-26,490.0,476.0,9577
SSHL,2026-06-26,200.0,198.9,69601
MEHL,2026-06-26,342.2,344.0,5828
PMLI,2026-06-26,458.4,455.3,9073
SPIL,2026-06-26,704.0,705.0,2552
CHCL,2026-06-26,483.0,477.0,12562
GBIMESY2,2026-06-26,9.23,9.25,500
LEC,2026-06-26,214.0,212.6,45241
PRVU,2026-06-26,189.0,190.0,52160
HEI,2026-06-26,553.0,538.0,3859
KSBBL,2026-06-26,475.4,475.0,12549
NICL,2026-06-26,527.0,516.5,18181
NIBLGF,2026-06-26,9.45,9.82,1800
NBF3,2026-06-26,9.7,10.03,31589
BEDC,2026-06-26,354.0,342.5,21011
API,2026-06-26,338.9,336.9,185402
SANVI,2026-06-26,657.0,650.5,10305
NMLBBL,2026-06-26,574.0,560.0,2854
HDHPC,2026-06-26,209.0,207.8,86401
PBD88,2026-06-26,1220.0,1215.0,150
ALBSL,2026-06-26,1067.0,1070.0,14709
RIDI,2026-06-26,338.5,334.0,146337
PHCL,2026-06-26,300.0,300.0,58394
DLBS,2026-06-26,1238.9,1235.0,740
PCBL,2026-06-26,235.9,233.0,30850
SKBBL,2026-06-26,760.0,752.0,12823
SAIL,2026-06-26,964.0,955.0,12236
ICFCD83,2026-06-26,1120.0,1120.0,333
GUFL,2026-06-26,551.0,545.0,8169
SBI,2026-06-26,390.8,393.9,61114
KKHC,2026-06-26,244.0,240.9,50669
TPKHL,2026-06-26,540.3,603.2,630
JOSHI,2026-06-26,265.0,267.0,2649
MHCL,2026-06-26,339.0,335.0,2364
NMBHF2,2026-06-26,9.61,9.62,3200
NICFC,2026-06-26,9.14,9.26,600
LBBL,2026-06-26,477.4,479.9,121893
MMKJL,2026-06-26,471.0,479.0,1405
NESDO,2026-06-26,1530.0,1540.0,2812
NMB50,2026-06-26,10.2,10.2,100
NSY,2026-06-26,9.28,9.42,6250
KDBY,2026-06-26,10.87,10.95,4500
RSY,2026-06-26,10.12,10.13,2900
HDL,2026-06-26,1147.0,1147.0,17608
ICFCD89,2026-06-26,1100.0,1113.8,218
GIBF1,2026-06-26,10.53,10.53,510
TAMOR,2026-06-26,444.1,445.0,11929
NRN,2026-06-26,1411.0,1418.0,52433
HBLD86,2026-06-26,1200.0,1200.0,15
MATRI,2026-06-26,860.0,850.0,604
CMF2,2026-06-26,9.66,9.86,1700
NGPL,2026-06-26,410.0,410.0,51286
PURE,2026-06-26,845.0,848.0,4735
NRM,2026-06-26,311.0,321.0,5813
SOHL,2026-06-26,612.0,627.0,54287
BHL,2026-06-26,221.5,210.2,27113
SJCL,2026-06-26,270.1,273.1,3304
HFIN,2026-06-26,755.0,755.0,27566
LUK,2026-06-26,10.25,10.25,1000
OMPL,2026-06-26,1080.0,1035.0,3699
HHL,2026-06-26,324.9,342.0,29544
RBBF40,2026-06-26,9.11,9.18,2100
SADBL,2026-06-26,408.0,403.0,18749
ILI,2026-06-26,423.0,421.0,12328
NWCL,2026-06-26,745.0,746.0,660
PRSF,2026-06-26,12.51,12.5,97790
SHLB,2026-06-26,1410.0,1449.0,20
NLG,2026-06-26,600.0,594.9,5560
RADHI,2026-06-26,726.0,729.0,22868
RURU,2026-06-26,644.0,643.1,7158
BPCL,2026-06-26,617.5,654.9,44676
HRL,2026-06-26,585.0,586.0,38211
AHPC,2026-06-26,265.1,264.3,49651
RBCLPO,2026-06-26,11300.0,11300.0,70
SPC,2026-06-26,448.0,428.0,9345
GLH,2026-06-24,255.3,253.0,67845
SANVI,2026-06-24,655.1,673.9,15193
DOLTI,2026-06-24,351.0,349.0,34591
CSY,2026-06-24,9.02,9.15,8450
GMFBS,2026-06-24,1265.0,1252.0,151
GBBD85,2026-06-24,1090.0,1100.0,50
PRVU,2026-06-24,191.4,190.8,90641
MMKJL,2026-06-24,480.0,480.0,5922
SAGF,2026-06-24,10.1,10.01,6200
CORBL,2026-06-24,1766.0,1712.2,2603
NADEP,2026-06-24,752.9,739.8,2872
MLBSL,2026-06-24,1720.1,1772.0,394
TPKHL,2026-06-24,408.6,456.2,240
RSY,2026-06-24,10.16,10.16,5200
SLBSL,2026-06-24,1180.0,1220.0,1475
KPCL,2026-06-24,484.0,477.0,8420
RURU,2026-06-24,640.0,642.5,3642
EBLD86,2026-06-24,1081.1,1082.0,50
ICFC,2026-06-24,621.0,619.0,20016
NICSF,2026-06-24,9.2,9.3,14500
SAGAR,2026-06-24,1580.0,1593.0,17989
MANDU,2026-06-24,815.0,821.0,2000
UNLB,2026-06-24,1327.1,1350.3,265
SKBBL,2026-06-24,757.5,756.8,15361
GUFL,2026-06-24,549.0,551.0,7166
PCIL,2026-06-24,705.0,690.0,63460
SMHL,2026-06-24,475.0,475.0,24205
EHPL,2026-06-24,381.2,383.5,14174
HIDCLP,2026-06-24,190.0,189.2,159694
VLBS,2026-06-24,702.2,705.0,3609
CBLD88,2026-06-24,1215.4,1215.4,50
IHL,2026-06-24,375.0,372.0,18578
GVL,2026-06-24,484.0,476.5,13248
GHL,2026-06-24,226.0,221.0,59237
KEF,2026-06-24,10.38,10.54,17300
GSY,2026-06-24,9.9,10.0,3750
DLBS,2026-06-24,1237.0,1275.0,2295
RIDI,2026-06-24,319.0,342.0,241933
SICL,2026-06-24,619.0,615.7,2823
HLICF,2026-06-24,8.88,8.88,4100
NMB,2026-06-24,241.0,239.3,31810
SBCF,2026-06-24,9.79,10.0,32900
CIT,2026-06-24,1630.3,1712.1,7008
ICFCD88,2026-06-24,1115.1,1148.0,75
ANLB,2026-06-24,5899.0,5875.0,161
SPIL,2026-06-24,694.1,708.9,2230
LSL,2026-06-24,227.8,216.4,53842
TTL,2026-06-24,767.0,756.0,15947
GRDBL,2026-06-24,1037.0,1054.0,8782
OHL,2026-06-24,682.0,698.9,2080
RMF1,2026-06-24,10.0,10.0,5510
MHNL,2026-06-24,252.0,251.0,13999
NABILD2089,2026-06-24,1090.0,1081.0,55
KDL,2026-06-24,801.4,799.0,2593
NSY,2026-06-24,9.58,9.35,8500
BHCL,2026-06-24,525.0,547.0,65740
SKHL,2026-06-24,900.0,937.0,34743
CORBLP,2026-06-24,100.0,100.0,10000
SBID89,2026-06-24,1138.18,1138.18,10
SMFBS,2026-06-24,1501.2,1525.0,258
LBBL,2026-06-24,489.6,482.0,45004
NIMB,2026-06-24,194.0,192.0,102159
JFL,2026-06-24,405.0,403.0,7024
GLBSL,2026-06-24,1790.0,1860.0,1513
BPCL,2026-06-24,666.0,657.0,32236
NIFRA,2026-06-24,254.5,252.0,81241
GBBL,2026-06-24,405.5,406.0,55111
RHPL,2026-06-24,258.1,264.1,20376
MEL,2026-06-24,226.0,226.6,22951
CLI,2026-06-24,450.1,447.7,18636
CYCL,2026-06-24,1400.0,1606.8,3422
MCHL,2026-06-24,302.0,303.0,10467
EBL,2026-06-24,699.0,699.0,33095
LBLD88,2026-06-24,1088.4,1088.7,7
NGPL,2026-06-24,420.0,415.0,185220
KHPL,2026-06-24,930.0,899.9,30181
CZBIL,2026-06-24,197.0,196.3,43194
JBBL,2026-06-24,347.5,341.0,25321
NICAD2091,2026-06-24,1055.0,1055.0,49040
NRN,2026-06-24,1350.0,1429.9,71317
JOSHI,2026-06-24,265.0,265.0,9345
SOPL,2026-06-24,1041.0,988.4,172660
NIFRAGED,2026-06-24,1050.0,1060.0,76
GCIL,2026-06-24,368.0,367.0,22636
GBIME,2026-06-24,239.0,240.0,139676
SANIMA,2026-06-24,354.5,349.4,121598
BARUN,2026-06-24,337.0,329.0,38770
UAIL,2026-06-24,456.0,462.0,9730
SIPD,2026-06-24,680.0,690.0,21774
KSY,2026-06-24,9.65,9.75,970
LICN,2026-06-24,798.3,804.0,17191
NYADI,2026-06-24,377.1,381.0,3993
MLBBL,2026-06-24,1155.0,1160.0,840
NBF2,2026-06-24,9.9,9.91,400
HHL,2026-06-24,345.0,342.9,31585
SHINED,2026-06-24,1100.0,1100.0,200
PURE,2026-06-24,861.0,867.0,5401
CHCL,2026-06-24,481.0,479.0,20045
SHEL,2026-06-24,316.0,302.0,74968
CGH,2026-06-24,770.2,764.1,22504
JBLB,2026-06-24,1220.0,1260.0,3544
SAHAS,2026-06-24,650.0,642.8,171685
NICA,2026-06-24,330.5,331.0,62959
RSDC,2026-06-24,655.0,652.9,8568
RAWA,2026-06-24,458.1,455.3,72751
KMCDB,2026-06-24,820.0,815.3,1040
RBBF40,2026-06-24,9.48,9.2,3750
NRM,2026-06-24,325.0,317.5,16378
NIBLSTF,2026-06-24,9.5,9.25,1223
SYPNL,2026-06-24,1311.0,1399.9,45410
NICL,2026-06-24,535.0,521.0,15913
SBI,2026-06-24,405.0,391.7,26633
MEHL,2026-06-24,344.1,350.0,4536
SIKLES,2026-06-24,597.0,561.3,12090
BHDC,2026-06-24,425.1,445.0,8193
PBLD84,2026-06-24,1077.2,1076.0,200
HLI,2026-06-24,333.8,329.5,28924
AKJCL,2026-06-24,368.5,371.5,815172
UHEWA,2026-06-24,630.0,620.0,40623
CITY,2026-06-24,379.1,395.0,75525
C30MF,2026-06-24,9.81,10.0,300
STC,2026-06-24,5261.0,5250.0,289
YMHL,2026-06-24,408.6,456.2,190
SALICO,2026-06-24,591.1,599.0,3261
RADHI,2026-06-24,727.6,729.0,56919
DHEL,2026-06-24,595.1,598.9,19213
BANDIPUR,2026-06-24,800.0,779.5,40626
SARBTM,2026-06-24,820.0,816.2,8690
DORDI,2026-06-24,258.0,254.9,24443
ACLBSL,2026-06-24,940.0,955.0,1035
SPL,2026-06-24,671.0,679.0,1900
MNBBL,2026-06-24,368.0,370.0,42135
SWBBL,2026-06-24,731.0,710.0,23699
PPL,2026-06-24,324.8,334.0,16636
USHEC,2026-06-24,485.0,488.0,5125
API,2026-06-24,337.0,337.8,219330
SMATA,2026-06-24,750.2,753.3,3523
CKHL,2026-06-24,621.0,630.0,252
JSLBB,2026-06-24,1012.1,1045.0,562
SGHC,2026-06-24,355.0,343.9,14055
SBLD84,2026-06-24,1068.0,1068.0,22
APHL,2026-06-24,860.0,875.0,39477
NRIC,2026-06-24,918.0,958.5,27800
NHPC,2026-06-24,272.0,271.7,306086
PMHPL,2026-06-24,324.0,325.9,10119
SHINE,2026-06-24,405.0,405.5,20104
SLBBL,2026-06-24,815.2,815.0,6331
CFCL,2026-06-24,591.9,624.0,99615
SMH,2026-06-24,560.0,562.0,4092
NHDL,2026-06-24,626.0,633.9,4898
SIFC,2026-06-24,547.0,552.9,21188
MEN,2026-06-24,587.0,583.3,49776
BUNGAL,2026-06-24,700.0,669.0,36626
ILBS,2026-06-24,895.0,909.8,2458
PCBL,2026-06-24,234.0,234.6,30395
MPFL,2026-06-24,585.0,615.0,25176
HFIN,2026-06-24,761.1,756.0,51168
SMJC,2026-06-24,437.0,455.0,20456
NIBSF2,2026-06-24,9.07,9.08,800
SRLI,2026-06-24,388.0,385.9,22186
GMFIL,2026-06-24,492.0,481.9,21510
SSHL,2026-06-24,203.0,200.0,160577
MFIL,2026-06-24,780.0,774.0,35561
FMDBL,2026-06-24,733.0,768.0,16136
RLFL,2026-06-24,462.7,499.0,200470
LUK,2026-06-24,10.7,10.79,1800
HRL,2026-06-24,577.0,594.0,111805
HATHY,2026-06-24,754.0,737.0,5757
ALBSL,2026-06-24,1090.0,1080.0,4470
CHDC,2026-06-24,2219.1,2188.9,19112
NICFC,2026-06-24,8.97,9.27,1900
SHIVM,2026-06-24,666.0,630.0,166650
ILI,2026-06-24,426.1,424.0,28992
MKHC,2026-06-24,311.0,304.0,16651
HURJA,2026-06-24,241.0,237.7,52364
PBD88,2026-06-24,1217.0,1217.0,25
SJCL,2026-06-24,279.0,278.0,16705
MBJC,2026-06-24,279.1,278.0,17102
NICGF2,2026-06-24,9.12,9.25,2926
TPC,2026-06-24,382.2,358.0,26103
SGIC,2026-06-24,468.3,473.5,10307
LEC,2026-06-24,213.1,214.0,50896
NMB50,2026-06-24,10.21,10.19,400
GBLBS,2026-06-24,760.0,767.0,2151
MBLEF,2026-06-24,9.84,10.0,65670
MBL,2026-06-24,248.6,244.9,57549
SFCL,2026-06-24,375.0,371.0,6501
TAMOR,2026-06-24,449.0,444.7,29611
SBL,2026-06-24,394.5,391.5,134543
MNMF1,2026-06-24,9.76,9.88,40277
CHL,2026-06-24,270.1,266.0,13333
HLBSL,2026-06-24,856.0,865.0,280
KDBY,2026-06-24,10.87,10.95,906700
ULBSL,2026-06-24,2805.0,2830.0,550
SAPDBL,2026-06-24,830.0,854.9,134189
NICBF,2026-06-24,9.22,9.22,100
HEI,2026-06-24,547.0,543.0,12780
SMB,2026-06-24,1850.0,1959.0,12201
NMBHF2,2026-06-24,9.56,9.7,2220
KSBBL,2026-06-24,479.2,475.0,26732
SADBL,2026-06-24,405.0,403.6,31613
HDL,2026-06-24,1146.0,1140.2,28211
USLB,2026-06-24,1322.0,1300.0,2925
MKHL,2026-06-24,482.1,493.9,7940
MLBL,2026-06-24,356.1,355.0,20668
MHL,2026-06-24,484.1,480.6,3313
ALICL,2026-06-24,441.1,440.1,29108
SFEF,2026-06-24,10.0,10.1,20800
UNHPL,2026-06-24,380.0,397.0,27215
BNHC,2026-06-24,327.0,317.5,2621
LVF2,2026-06-24,9.71,9.75,500
MHCL,2026-06-24,349.0,335.8,4259
NWCL,2026-06-24,746.0,747.0,2695
MAKAR,2026-06-24,480.1,481.2,3841
RBCLPO,2026-06-24,11350.0,11400.0,110
UMHL,2026-06-24,581.0,591.0,199398
PROFL,2026-06-24,452.4,453.0,22598
SINDU,2026-06-24,710.0,708.0,5360
DHPL,2026-06-24,304.0,289.0,5226
NUBL,2026-06-24,632.3,636.0,5983
TVCL,2026-06-24,487.0,484.1,5597
MDB,2026-06-24,627.9,590.0,7458
CMF2,2026-06-24,9.62,9.89,22000
KKHC,2026-06-24,242.1,239.1,38024
MKJC,2026-06-24,470.6,475.0,4467
SPC,2026-06-24,438.0,438.0,6831
MERO,2026-06-24,707.5,710.0,6968
BNT,2026-06-24,11525.0,11525.0,10
SJLIC,2026-06-24,429.0,422.6,23840
GIBF1,2026-06-24,10.53,10.55,700
AHPC,2026-06-24,279.9,266.9,150040
NIL,2026-06-24,621.0,620.9,5593
BFC,2026-06-24,486.7,520.1,87068
SHPC,2026-06-24,527.0,495.3,29751
PMLI,2026-06-24,460.0,460.0,6233
SWMF,2026-06-24,649.0,649.8,3827
OMPL,2026-06-24,1082.0,1066.0,5185
NFS,2026-06-24,595.1,591.0,8565
SAIL,2026-06-24,1020.0,971.0,31648
UNL,2026-06-24,47000.0,47000.0,80
IGI,2026-06-24,439.0,436.0,11010
MMF1,2026-06-24,9.79,9.63,28430
NMLBBL,2026-06-24,565.1,565.0,3778
SHL,2026-06-24,490.0,494.9,18141
SCB,2026-06-24,644.3,640.1,46033
DDBL,2026-06-24,841.5,836.1,9898
VLUCL,2026-06-24,474.0,473.0,2795
SEF,2026-06-24,10.3,10.3,3221
PFL,2026-06-24,366.1,365.0,7337
LLBS,2026-06-24,925.0,944.0,20
MSLB,2026-06-24,1265.0,1231.1,393
FOWAD,2026-06-24,1000.0,996.0,2021
RNLI,2026-06-24,456.0,454.8,25513
ULHC,2026-06-24,412.0,414.0,6973
NMBMF,2026-06-24,633.0,636.9,1395
NIBLGF,2026-06-24,9.35,9.5,5800
WNLB,2026-06-24,1350.1,1390.0,83
SOHL,2026-06-24,631.0,617.0,105967
SMPDA,2026-06-24,801.0,812.0,964
NLG,2026-06-24,619.8,602.9,6332
SONA,2026-06-24,421.0,424.0,18897
RHGCL,2026-06-24,270.1,269.9,33761
NESDO,2026-06-24,1576.0,1570.0,1512
ADBL,2026-06-24,302.1,307.7,17126
SABBL,2026-06-24,986.0,967.7,13935
RLEL,2026-06-24,880.0,887.0,10346
AKPL,2026-06-24,259.5,262.6,87384
NBL,2026-06-24,265.0,263.5,44282
USHL,2026-06-24,549.0,564.0,3557
SPDL,2026-06-24,399.0,373.9,46128
ICFCD89,2026-06-24,1095.1,1114.9,930
NBF3,2026-06-24,9.81,9.99,42190
BGWT,2026-06-24,671.3,616.0,1829
SNLI,2026-06-24,441.6,439.3,14283
AVYAN,2026-06-24,1055.0,1055.0,4154
NLIC,2026-06-24,749.2,744.9,43879
BHPL,2026-06-24,492.0,519.9,7740
HPPL,2026-06-24,358.0,364.0,16382
GMLI,2026-06-24,1200.0,1180.0,2726
NTC,2026-06-24,849.0,844.0,10354
NICLBSL,2026-06-24,561.1,561.5,5054
UPCL,2026-06-24,335.0,352.1,40943
SHLB,2026-06-24,1436.0,1435.0,565
PPCL,2026-06-24,381.5,364.5,7636
MNBBLP,2026-06-24,236.2,236.2,5000
NABBC,2026-06-24,813.9,777.0,5857
PRIN,2026-06-24,682.1,686.0,9834
H8020,2026-06-24,12.0,11.53,2600
NIMBPO,2026-06-24,147.0,145.0,974
GBIMESY2,2026-06-24,9.42,9.42,1600
SDBD87,2026-06-24,1116.0,1115.0,55
EBLD91,2026-06-24,1090.0,1090.0,675
NMIC,2026-06-24,1005.0,980.0,3147
KBL,2026-06-24,209.2,211.0,222033
RBCL,2026-06-24,14301.0,14399.0,50
SIGS2,2026-06-24,10.25,10.22,1000
RSML,2026-06-24,3358.0,3100.0,23942
BJHL,2026-06-24,800.0,943.0,8327
HEIP,2026-06-24,333.0,333.0,51
RMF2,2026-06-24,9.82,9.82,100
KBSH,2026-06-24,1391.0,1370.1,332
MLBS,2026-06-24,1175.0,1197.0,465
MSHL,2026-06-24,665.0,667.0,678
PHCL,2026-06-24,314.9,303.0,64154
BBC,2026-06-24,4123.0,4298.0,602
ENL,2026-06-24,864.0,849.0,480
BEDC,2026-06-24,359.0,346.0,30077
ICFCD83,2026-06-24,1119.9,1120.0,100
SKHEL,2026-06-24,1005.0,1038.0,3042
GILB,2026-06-24,1093.3,1116.0,941
SWASTIK,2026-06-24,2321.9,2200.0,864
BHL,2026-06-24,213.5,210.0,114607
EDBL,2026-06-24,569.9,558.2,5351
MATRI,2026-06-24,860.0,864.0,427
HIMSTAR,2026-06-24,810.0,793.0,8482
NSIF2,2026-06-24,10.56,10.53,9900
UMRH,2026-06-24,533.0,532.0,5971
CBBL,2026-06-24,912.0,910.5,15062
PRSF,2026-06-24,12.78,12.6,49261
HDHPC,2026-06-24,213.1,211.5,191131
RFPL,2026-06-24,351.2,353.0,32084
SPHL,2026-06-24,551.0,581.0,18082
UPPER,2026-06-24,187.0,194.1,75504
MKCL,2026-06-24,1130.0,1111.0,3212
HIDCL,2026-06-24,255.1,256.0,84472
PSF,2026-06-24,11.8,11.81,57800
MABEL,2026-06-24,671.0,684.0,15423
GFCL,2026-06-24,620.0,632.9,6701
CREST,2026-06-24,1225.0,1208.0,8168
HBL,2026-06-24,205.6,193.8,48449
JHAPA,2026-06-24,1250.0,1258.9,13865
NLICL,2026-06-24,577.2,572.9,5840
NMFBS,2026-06-24,1130.0,1106.2,6881
TSHL,2026-06-24,501.0,503.0,2662
SLCF,2026-06-24,10.0,10.09,10300
NABIL,2026-06-24,529.0,524.5,68419
TRH,2026-06-24,761.5,760.7,2586
AHL,2026-06-24,460.0,470.0,2505
NSIF2,2026-06-23,10.55,10.56,1200
SMATA,2026-06-23,752.3,757.0,3007
UNL,2026-06-23,47399.9,47000.0,60
NLG,2026-06-23,607.5,610.0,4224
MSLB,2026-06-23,1250.1,1273.9,989
USHL,2026-06-23,573.1,577.0,2846
SBL,2026-06-23,391.2,393.0,60030
SFCL,2026-06-23,374.0,370.0,8237
VLBS,2026-06-23,710.0,710.0,2180
MLBSL,2026-06-23,1750.0,1742.0,439
ILBS,2026-06-23,922.0,908.0,1333
BHL,2026-06-23,214.0,213.5,59370
ANLB,2026-06-23,5777.0,5899.0,627
MDB,2026-06-23,629.0,598.0,4470
MLBL,2026-06-23,358.1,356.0,29145
SOPL,2026-06-23,1120.0,1041.0,178175
SBID2090,2026-06-23,1132.0,1135.0,275
RBBD2088,2026-06-23,1065.0,1070.0,503
SMJC,2026-06-23,498.7,460.0,11725
NMBHF2,2026-06-23,9.6,9.75,44490
HRL,2026-06-23,623.0,607.0,118257
RIDI,2026-06-23,326.8,335.0,233798
NMBD87/88,2026-06-23,1086.2,1086.2,25
PRIN,2026-06-23,695.6,699.0,14791
PBLD87,2026-06-23,1075.0,1075.0,25
RAWA,2026-06-23,481.8,467.8,162666
NGPL,2026-06-23,420.1,420.0,133657
SEF,2026-06-23,10.14,10.39,53300
CGH,2026-06-23,780.0,770.2,20085
PBD88,2026-06-23,1215.0,1215.0,5
GMFIL,2026-06-23,457.0,479.0,26846
GMLI,2026-06-23,1212.5,1200.1,3546
WNLB,2026-06-23,1385.0,1390.0,116
AVYAN,2026-06-23,1020.0,1055.0,1907
JHAPA,2026-06-23,1249.0,1296.9,5596
SMPDA,2026-06-23,801.6,819.0,1074
HIMSTAR,2026-06-23,805.2,807.0,8001
SLCF,2026-06-23,9.79,10.01,15310
DORDI,2026-06-23,263.0,258.2,24909
DHEL,2026-06-23,608.0,607.2,17083
UPPER,2026-06-23,197.0,196.0,88087
SBLD2091,2026-06-23,1076.0,1076.0,50
NICSF,2026-06-23,9.2,9.38,30895
JOSHI,2026-06-23,272.9,265.0,23616
STC,2026-06-23,5270.0,5360.0,50
OHL,2026-06-23,681.0,686.0,228
PCIL,2026-06-23,720.0,705.0,54451
USHEC,2026-06-23,491.3,492.6,6494
LBBL,2026-06-23,486.0,486.9,19154
NRM,2026-06-23,331.0,323.0,15594
PFL,2026-06-23,355.5,368.0,3606
SHIVM,2026-06-23,645.0,635.0,172817
SONA,2026-06-23,447.4,421.0,23040
CHDC,2026-06-23,2220.0,2197.0,21092
NMB50,2026-06-23,10.2,10.21,6420
SICL,2026-06-23,624.2,619.0,9427
NFS,2026-06-23,595.0,595.3,6724
NMLBBL,2026-06-23,570.0,570.0,1836
SLBBL,2026-06-23,820.0,815.2,5542
SPIL,2026-06-23,730.0,710.3,777
PHCL,2026-06-23,294.5,306.2,64327
MBL,2026-06-23,248.0,245.8,37699
NICL,2026-06-23,535.0,527.2,22480
TAMOR,2026-06-23,432.1,449.8,30768
PPL,2026-06-23,332.5,341.8,16061
MFLD85,2026-06-23,1119.0,1120.0,50
DHPL,2026-06-23,297.7,290.0,5823
GMFBS,2026-06-23,1265.0,1265.0,777
SSHL,2026-06-23,205.0,203.0,103712
EBLD85,2026-06-23,1135.0,1150.0,75
KDBY,2026-06-23,10.86,10.88,58350
NHDL,2026-06-23,656.0,632.5,6387
RURU,2026-06-23,645.0,646.0,2279
NHPC,2026-06-23,278.2,271.0,306360
MMF1,2026-06-23,9.75,9.6,34862
KKHC,2026-06-23,250.0,244.0,40607
NUBL,2026-06-23,631.5,639.9,2036
NIBSF2,2026-06-23,9.25,9.35,29250
MATRI,2026-06-23,880.0,864.0,290
PCBL,2026-06-23,234.0,236.9,56305
GILB,2026-06-23,1103.0,1118.0,4119
HBL,2026-06-23,200.0,195.9,50965
MANDU,2026-06-23,815.0,835.0,2112
CCBD88,2026-06-23,1260.0,1235.0,2
ULHC,2026-06-23,421.0,422.0,5418
SALICO,2026-06-23,629.9,603.1,5256
NRIC,2026-06-23,969.0,965.3,19252
MMKJL,2026-06-23,490.0,480.0,7311
HIDCL,2026-06-23,258.1,258.0,23664
HHL,2026-06-23,350.1,347.0,39758
NIMB,2026-06-23,195.0,194.0,117442
TVCL,2026-06-23,487.0,490.2,22198
KBSH,2026-06-23,1450.0,1408.0,252
APHL,2026-06-23,950.0,857.0,54588
UAIL,2026-06-23,472.0,462.0,11767
RSML,2026-06-23,3190.0,3199.0,53883
GHL,2026-06-23,228.1,225.9,58172
AKPL,2026-06-23,261.5,259.5,60055
MERO,2026-06-23,711.5,716.0,2473
SBLD84,2026-06-23,1067.1,1067.1,22
NESDO,2026-06-23,1565.0,1577.0,6036
SBCF,2026-06-23,9.55,10.09,6017
BEDC,2026-06-23,379.9,351.0,39263
NIFRAUR85/86,2026-06-23,1065.0,1065.0,25
LLBS,2026-06-23,931.0,949.9,170
CIT,2026-06-23,1723.0,1716.0,5038
SYPNL,2026-06-23,1362.3,1380.0,45547
RBCLPO,2026-06-23,11160.1,11494.9,100
HLBSL,2026-06-23,872.0,880.0,1631
PMLI,2026-06-23,460.0,463.0,6121
SHEL,2026-06-23,303.0,301.4,83812
CBBL,2026-06-23,911.0,913.1,7543
UMHL,2026-06-23,651.0,602.0,124598
KMCDB,2026-06-23,825.0,830.3,2018
CBLD88,2026-06-23,1180.0,1180.0,33
SARBTM,2026-06-23,835.0,817.9,34982
IGI,2026-06-23,440.1,442.5,13639
SWASTIK,2026-06-23,2345.0,2255.0,372
MKJC,2026-06-23,480.0,479.9,4001
KBLD89,2026-06-23,1240.0,1251.0,11
SGHC,2026-06-23,350.0,347.0,16575
SCB,2026-06-23,646.2,645.5,3759
CZBIL,2026-06-23,199.5,198.9,45064
MLBS,2026-06-23,1210.0,1187.1,537
SPC,2026-06-23,447.0,445.0,4321
NICGF2,2026-06-23,9.22,9.31,34299
CIZBD90,2026-06-23,1241.0,1241.0,15
CSY,2026-06-23,9.03,9.12,7500
RFPL,2026-06-23,373.6,351.2,19470
CKHL,2026-06-23,626.0,639.9,2601
GBLBS,2026-06-23,763.3,775.0,4743
UPCL,2026-06-23,350.0,352.0,46738
MKCL,2026-06-23,1164.0,1138.0,2133
SKHEL,2026-06-23,1101.0,1057.0,10367
ULBSL,2026-06-23,2815.0,2810.0,206
RLFL,2026-06-23,504.0,487.0,83792
TRH,2026-06-23,772.3,768.1,3924
HEI,2026-06-23,565.0,550.0,15597
GRDBL,2026-06-23,1042.1,1049.0,7128
AHL,2026-06-23,451.3,474.9,3081
SPHL,2026-06-23,575.0,580.0,10551
KSY,2026-06-23,9.75,9.78,3711
MHNL,2026-06-23,255.0,250.4,15635
EBL,2026-06-23,700.0,699.9,92815
NIMBPO,2026-06-23,145.1,142.9,10206
MKHC,2026-06-23,300.0,313.5,8265
NWCL,2026-06-23,765.2,764.0,1372
API,2026-06-23,340.1,339.0,164146
CREST,2026-06-23,1240.0,1229.9,5002
GVL,2026-06-23,487.0,482.0,4255
NIL,2026-06-23,633.0,630.0,2694
NRN,2026-06-23,1450.0,1421.0,119650
NICBF,2026-06-23,9.12,9.16,2400
MBJC,2026-06-23,280.6,279.8,19093
NMB,2026-06-23,241.0,240.5,24656
DLBS,2026-06-23,1260.0,1237.0,104
BANDIPUR,2026-06-23,805.0,800.2,19377
PRSF,2026-06-23,12.61,12.78,133710
BPCL,2026-06-23,675.0,666.0,14215
SIKLES,2026-06-23,570.0,569.3,9219
SHL,2026-06-23,500.0,492.3,20291
NICFC,2026-06-23,9.3,9.23,2600
SANIMA,2026-06-23,359.0,354.0,54483
NBLD87,2026-06-23,1074.6,1074.6,25
H8020,2026-06-23,11.95,12.0,1910
MPFL,2026-06-23,592.0,612.9,24064
NIFRA,2026-06-23,250.0,251.9,208307
BBC,2026-06-23,4250.0,4250.1,280
NSY,2026-06-23,9.39,9.5,9700
SINDU,2026-06-23,720.1,718.9,6609
SGIC,2026-06-23,474.2,470.2,19135
RMF1,2026-06-23,10.08,10.02,12875
SWMF,2026-06-23,648.0,649.0,2103
MSHL,2026-06-23,711.7,670.5,568
PBLD84,2026-06-23,1154.0,1100.0,20808
NBF3,2026-06-23,9.7,10.0,91550
HDL,2026-06-23,1150.0,1145.5,20850
SABBL,2026-06-23,1008.0,986.0,13388
SRLI,2026-06-23,386.3,387.9,6651
GLBSL,2026-06-23,1858.5,1832.0,389
MABEL,2026-06-23,695.0,675.0,11846
CHL,2026-06-23,278.0,273.0,32206
LVF2,2026-06-23,9.81,9.8,12127
SKBBL,2026-06-23,760.0,757.5,29039
ICFC,2026-06-23,617.0,622.0,11468
SANVI,2026-06-23,676.0,665.2,11906
TSHL,2026-06-23,528.0,509.0,2395
SMB,2026-06-23,1900.0,1850.0,2723
UNLB,2026-06-23,1368.0,1360.0,247
MCHL,2026-06-23,300.0,308.7,31429
EBLEB89,2026-06-23,1060.1,1065.0,50
SHPC,2026-06-23,505.0,502.0,31825
MFIL,2026-06-23,793.0,785.0,26848
CFCL,2026-06-23,599.0,623.0,73937
BJHL,2026-06-23,835.5,822.2,5888
BFC,2026-06-23,515.2,512.3,61936
NABILD87,2026-06-23,1125.0,1114.0,6
GBBL,2026-06-23,405.5,405.9,22385
LICN,2026-06-23,803.4,799.0,16328
SAIL,2026-06-23,1000.0,1002.0,19673
KHPL,2026-06-23,936.5,930.1,21145
NICAD2091,2026-06-23,1055.0,1055.0,98079
DDBL,2026-06-23,842.0,839.2,9455
GIBF1,2026-06-23,10.54,10.85,3800
BNT,2026-06-23,11889.0,11760.0,37
KEF,2026-06-23,10.52,10.38,24400
SHLB,2026-06-23,1450.0,1469.0,210
NIFRAGED,2026-06-23,1039.4,1039.4,15
GLH,2026-06-23,260.0,255.3,50203
USLB,2026-06-23,1300.0,1315.0,3542
KPCL,2026-06-23,478.5,482.0,8158
KBLD86,2026-06-23,1236.0,1200.0,6
HLICF,2026-06-23,8.6,8.88,4895
HLI,2026-06-23,333.0,334.0,16010
ICFCD89,2026-06-23,1095.0,1087.0,300
C30MF,2026-06-23,10.25,10.1,263188
SFEF,2026-06-23,10.08,10.0,13020
HATHY,2026-06-23,793.8,745.0,7392
UMRH,2026-06-23,530.0,534.0,2470
UHEWA,2026-06-23,642.0,631.0,27695
ADBL,2026-06-23,305.1,307.5,82207
CITY,2026-06-23,410.0,399.0,142681
SHINE,2026-06-23,408.0,404.9,21540
CORBL,2026-06-23,1710.0,1734.8,3944
BNHC,2026-06-23,332.0,323.7,4536
KDL,2026-06-23,801.4,810.0,452
GBIMESY2,2026-06-23,9.3,9.42,3700
KSBBL,2026-06-23,481.1,480.0,26442
EBLD86,2026-06-23,1090.0,1082.1,65
HBLD83,2026-06-23,1050.0,1035.0,2
GBIMEP,2026-06-23,127.1,127.1,43115
PROFL,2026-06-23,455.9,445.0,5933
KSBBLD87,2026-06-23,1114.0,1115.0,2
RMF2,2026-06-23,9.71,10.0,400
SNLI,2026-06-23,443.0,441.5,9635
RBCL,2026-06-23,14450.0,14360.0,147
NMFBS,2026-06-23,1148.5,1126.0,5458
ILI,2026-06-23,430.0,426.0,9083
SOHL,2026-06-23,640.0,631.4,69366
GSY,2026-06-23,9.8,9.9,4260
SADBL,2026-06-23,408.0,408.0,9533
CYCL,2026-06-23,1425.0,1462.0,3798
NICA,2026-06-23,318.2,332.0,64306
PURE,2026-06-23,885.1,874.9,6743
SAGF,2026-06-23,9.95,10.11,5900
VLUCL,2026-06-23,475.0,475.0,4441
NMBMF,2026-06-23,635.0,640.0,128
MNBBL,2026-06-23,368.2,370.0,32212
BUNGAL,2026-06-23,769.5,688.5,185057
EDBL,2026-06-23,570.0,570.0,24273
SJLIC,2026-06-23,420.0,421.0,12882
NIBLGF,2026-06-23,9.36,9.35,575
MHCL,2026-06-23,353.9,343.9,5168
SWBBL,2026-06-23,743.3,731.0,8829
JFL,2026-06-23,403.0,405.0,4033
SBLD89,2026-06-23,1228.0,1260.0,50
IHL,2026-06-23,384.1,383.0,12655
OMPL,2026-06-23,1115.0,1098.0,4439
HURJA,2026-06-23,240.1,241.0,37267
SMFBS,2026-06-23,1512.3,1535.3,72
SMH,2026-06-23,578.0,560.0,3860
NABIL,2026-06-23,531.0,529.0,33271
CLI,2026-06-23,445.0,450.9,8913
PRVU,2026-06-23,200.0,192.4,54390
RHGCL,2026-06-23,271.1,273.9,16566
FOWAD,2026-06-23,1006.9,999.8,2244
SMHL,2026-06-23,490.0,481.0,29393
RADHI,2026-06-23,731.1,734.9,20050
TPC,2026-06-23,370.0,364.0,11711
PSF,2026-06-23,11.67,12.15,9560
BHCL,2026-06-23,530.0,527.0,20608
MKHL,2026-06-23,501.0,497.0,7940
ENL,2026-06-23,855.0,864.4,336
PMHPL,2026-06-23,333.0,329.0,9080
RHPL,2026-06-23,261.0,263.2,15769
MNMF1,2026-06-23,9.78,9.83,77200
BHDC,2026-06-23,452.0,447.4,16046
EHPL,2026-06-23,404.2,383.5,12604
RBBF40,2026-06-23,9.2,9.21,6549
LSL,2026-06-23,219.9,217.0,105770
MEL,2026-06-23,232.0,229.5,5885
SKHL,2026-06-23,955.0,911.0,21246
MEN,2026-06-23,590.0,590.0,33784
NIBLSTF,2026-06-23,9.0,9.29,16403
ALBSL,2026-06-23,1071.1,1085.0,3002
NICLBSL,2026-06-23,565.0,563.3,3723
BGWT,2026-06-23,626.1,639.4,845
HPPL,2026-06-23,360.1,369.0,17289
GWFD83,2026-06-23,1085.0,1077.3,100
TTL,2026-06-23,780.0,769.0,13917
PPCL,2026-06-23,363.1,363.4,10992
SPDL,2026-06-23,387.0,380.0,62513
GFCL,2026-06-23,648.0,624.0,14409
HBLD86,2026-06-23,1166.0,1166.0,11
RNLI,2026-06-23,456.5,456.5,14678
BARUN,2026-06-23,331.0,330.0,46750
FMDBL,2026-06-23,779.0,771.0,17885
SIGS3,2026-06-23,10.36,11.1,600
NYADI,2026-06-23,370.0,382.0,5950
GUFL,2026-06-23,554.0,549.4,5475
SAHAS,2026-06-23,660.5,652.0,125092
SAGAR,2026-06-23,1625.0,1575.0,10512
RSDC,2026-06-23,651.0,655.0,1396
CHCL,2026-06-23,486.0,485.0,26166
NMIC,2026-06-23,1004.9,991.1,4383
JBBL,2026-06-23,327.8,345.0,19777
LUK,2026-06-23,10.5,10.81,35365
SIPD,2026-06-23,725.0,695.0,17245
RLEL,2026-06-23,900.1,890.0,8594
HIDCLP,2026-06-23,194.5,190.8,193563
SIFC,2026-06-23,560.0,554.0,9907
JBLB,2026-06-23,1261.0,1264.0,2017
SAPDBL,2026-06-23,836.0,839.8,36332
GBBD85,2026-06-23,1090.0,1117.0,385
NABBC,2026-06-23,790.0,801.0,6525
TPKHL,2026-06-23,346.1,396.7,220
SLBSL,2026-06-23,1200.0,1220.0,930
UNHPL,2026-06-23,400.1,400.0,27345
JSLBB,2026-06-23,1035.1,1030.0,686
SFMF,2026-06-23,10.4,11.0,3400
HFIN,2026-06-23,806.0,775.0,48894
RSY,2026-06-23,10.16,10.15,3560
RBBD83,2026-06-23,1041.1,1042.1,12
BHPL,2026-06-23,545.0,517.1,3159
MHL,2026-06-23,492.2,489.0,6664
NADEP,2026-06-23,750.1,753.9,226
NIMBD90,2026-06-23,1195.0,1195.0,30
NBL,2026-06-23,265.0,265.0,67555
EBLD91,2026-06-23,1090.1,1090.0,630
MEHL,2026-06-23,350.1,354.0,2031
GCIL,2026-06-23,390.6,366.9,23818
NTC,2026-06-23,850.4,849.0,15314
SBI,2026-06-23,388.0,393.9,20669
ACLBSL,2026-06-23,950.0,945.2,880
SJCL,2026-06-23,281.0,284.0,5983
HDHPC,2026-06-23,216.3,213.1,156533
SPL,2026-06-23,673.0,689.0,1105
SIGS2,2026-06-23,10.48,10.4,9215
DOLTI,2026-06-23,383.2,353.0,47127
KBL,2026-06-23,212.0,209.2,189015
AHPC,2026-06-23,271.0,268.1,100879
ALICL,2026-06-23,442.1,443.0,13512
YMHL,2026-06-23,355.3,396.7,120
NLIC,2026-06-23,752.0,750.0,23914
MBLEF,2026-06-23,9.94,10.14,4200
NLICL,2026-06-23,579.0,573.5,22860
MLBBL,2026-06-23,1160.0,1155.0,1849
NBF2,2026-06-23,10.1,9.9,1626
NMBD89/90,2026-06-23,1228.0,1230.0,55
LEC,2026-06-23,219.5,215.9,53952
MAKAR,2026-06-23,481.0,480.1,10042
AKJCL,2026-06-23,390.0,368.5,913650
GBIME,2026-06-23,238.5,239.0,218419
SAPDBL,2026-06-22,810.0,879.9,45910
SKHEL,2026-06-22,1113.0,1115.0,4844
C30MF,2026-06-22,9.9,10.1,200
HEI,2026-06-22,565.0,551.0,7666
SGHC,2026-06-22,357.0,353.2,4292
APHL,2026-06-22,961.8,964.2,81620
BFC,2026-06-22,474.1,518.0,107252
LEC,2026-06-22,221.0,218.0,48824
GMLI,2026-06-22,1250.0,1246.9,5889
WNLB,2026-06-22,1370.0,1390.0,163
HLBSL,2026-06-22,895.0,894.5,224
NICL,2026-06-22,540.0,535.1,13638
NCCD86,2026-06-22,1210.0,1180.0,102
AHL,2026-06-22,484.0,475.0,24030
NICAD2091,2026-06-22,1052.4,1052.4,25
SEF,2026-06-22,10.52,10.3,23898
ANLB,2026-06-22,5780.0,5900.0,172
MBL,2026-06-22,248.0,247.0,54486
LUK,2026-06-22,10.01,10.2,2600
RBCLPO,2026-06-22,11500.0,11365.0,130
CITY,2026-06-22,413.5,403.9,128241
MEHL,2026-06-22,349.1,359.0,1387
NRM,2026-06-22,335.0,332.0,11855
BHPL,2026-06-22,525.0,530.0,6221
KDBY,2026-06-22,10.92,11.0,100590
SHL,2026-06-22,494.0,493.0,29833
IGI,2026-06-22,452.9,443.0,14563
ULHC,2026-06-22,420.9,424.0,10465
SDBD87,2026-06-22,1111.3,1120.0,110
RHPL,2026-06-22,268.1,265.0,23810
LICN,2026-06-22,810.0,805.1,5140
UPPER,2026-06-22,209.1,198.0,64536
ACLBSL,2026-06-22,953.0,964.9,712
SOPL,2026-06-22,1060.0,1120.0,354195
BBC,2026-06-22,4349.0,4325.0,694
TRH,2026-06-22,761.0,772.2,2271
MFIL,2026-06-22,740.0,813.7,103834
BARUN,2026-06-22,336.4,333.6,19940
CBLD88,2026-06-22,1185.0,1185.0,25
BUNGAL,2026-06-22,754.2,810.0,123995
CREST,2026-06-22,1274.0,1248.0,8369
ADBLD83,2026-06-22,1075.0,1075.0,20917
SHEL,2026-06-22,306.0,306.0,72269
GBBL,2026-06-22,408.0,405.5,21243
SMJC,2026-06-22,452.0,475.0,67876
KBLD90,2026-06-22,1223.0,1223.0,50
MABEL,2026-06-22,704.0,698.0,5897
EBL,2026-06-22,729.7,697.0,48925
SCB,2026-06-22,655.0,646.2,3446
LVF2,2026-06-22,9.81,9.81,1310
MNBBL,2026-06-22,371.5,370.0,20128
NMBHF2,2026-06-22,9.6,9.61,66330
NICGF2,2026-06-22,9.27,9.5,1700
SLCF,2026-06-22,10.1,9.97,39300
HEIP,2026-06-22,316.0,325.0,500
NSIF2,2026-06-22,10.6,10.55,17200
CHDC,2026-06-22,2237.9,2236.0,7802
CIT,2026-06-22,1730.0,1722.0,5813
NICLBSL,2026-06-22,565.0,573.1,3964
JOSHI,2026-06-22,280.0,272.9,18451
MEL,2026-06-22,230.1,232.7,1141
SLBSL,2026-06-22,1220.0,1238.0,1567
PURE,2026-06-22,910.0,892.0,3004
NBL,2026-06-22,266.0,266.3,101867
LSL,2026-06-22,220.0,219.0,37030
SKBBL,2026-06-22,761.1,759.0,13930
GBILD84/85,2026-06-22,1110.0,1100.0,145000
CHL,2026-06-22,291.8,278.0,17990
HDL,2026-06-22,1153.0,1150.5,16820
NBF2,2026-06-22,10.0,9.91,1200
NMLBBL,2026-06-22,575.0,576.0,1445
TPKHL,2026-06-22,300.0,345.0,260
PSF,2026-06-22,11.84,11.99,4150
RFPL,2026-06-22,362.0,355.9,15302
HHL,2026-06-22,354.0,357.0,31471
TAMOR,2026-06-22,462.4,453.0,42549
SWBBL,2026-06-22,763.0,740.5,290832
UNHPL,2026-06-22,404.0,406.0,18957
RMF1,2026-06-22,9.32,10.05,16910
RLEL,2026-06-22,910.0,923.6,8263
OHL,2026-06-22,689.0,700.0,832
SMATA,2026-06-22,760.0,760.0,3346
NMBD89/90,2026-06-22,1226.0,1225.0,25
DOLTI,2026-06-22,346.7,365.0,41167
HATHY,2026-06-22,760.0,756.0,4939
NBF3,2026-06-22,10.0,9.9,102090
SMH,2026-06-22,566.0,570.0,2240
MDB,2026-06-22,600.0,602.0,9993
HIDCLP,2026-06-22,196.1,195.0,58645
NLG,2026-06-22,610.0,619.9,5653
SANIMA,2026-06-22,365.0,358.0,51905
HPPL,2026-06-22,370.0,369.0,19508
EHPL,2026-06-22,398.9,385.0,21374
CHCL,2026-06-22,500.0,486.0,13823
SPIL,2026-06-22,722.0,711.6,3340
EBLD91,2026-06-22,1090.0,1099.9,501
NABILD2089,2026-06-22,1147.9,1092.0,13615
SFEF,2026-06-22,10.08,10.08,500
NABBC,2026-06-22,825.0,805.0,3770
SAGAR,2026-06-22,1650.0,1650.0,5887
KSBBLD87,2026-06-22,1114.0,1114.0,50
BHDC,2026-06-22,455.0,450.2,16721
ICFCD89,2026-06-22,1100.0,1098.1,680
SIGS2,2026-06-22,10.5,10.5,2000
VLUCL,2026-06-22,473.0,475.0,1606
KMCDB,2026-06-22,789.0,844.9,2288
NYADI,2026-06-22,375.3,389.0,4891
CBBL,2026-06-22,915.0,916.0,15609
USHEC,2026-06-22,496.0,500.0,10000
SLBBL,2026-06-22,820.1,822.3,4137
GUFL,2026-06-22,555.0,550.1,9519
GBIMESY2,2026-06-22,9.3,9.42,2180
GLBSL,2026-06-22,1840.0,1858.1,1650
MANDU,2026-06-22,871.3,827.0,1429
UAIL,2026-06-22,468.0,472.0,2787
NGPL,2026-06-22,429.0,423.0,104124
MHCL,2026-06-22,343.0,344.0,2788
PBD84,2026-06-22,1080.0,1080.0,30
SBCF,2026-06-22,9.5,9.6,13500
RBBD2088,2026-06-22,1061.5,1061.5,100
LLBS,2026-06-22,950.0,955.0,1120
NHPC,2026-06-22,284.0,279.3,195439
JSLBB,2026-06-22,1055.0,1050.1,308
MERO,2026-06-22,710.0,724.0,2121
AKPL,2026-06-22,265.0,261.5,77065
KKHC,2026-06-22,252.0,250.0,22518
NICA,2026-06-22,337.8,334.9,42306
CLI,2026-06-22,450.0,450.2,13646
HBL,2026-06-22,186.2,195.5,34276
SIGS3,2026-06-22,10.5,10.53,800
NICFC,2026-06-22,9.21,9.33,2750
SHPC,2026-06-22,504.0,504.5,7962
GBIME,2026-06-22,240.0,239.0,110533
SKHL,2026-06-22,1002.0,958.1,41837
GFCL,2026-06-22,628.0,643.0,9361
SICL,2026-06-22,624.8,624.2,4751
PRVU,2026-06-22,193.7,193.9,47020
YMHL,2026-06-22,300.0,345.0,140
SANVI,2026-06-22,675.2,676.5,14032
PFL,2026-06-22,366.0,373.0,2903
NMIC,2026-06-22,1017.0,1005.0,2519
GMFIL,2026-06-22,480.0,481.0,17445
UPCL,2026-06-22,344.9,359.9,20799
NESDO,2026-06-22,1525.0,1575.0,4910
PBD88,2026-06-22,1240.0,1215.0,125
NBBD2085,2026-06-22,1170.0,1170.0,247164
MAKAR,2026-06-22,502.0,490.0,2960
SFCL,2026-06-22,372.1,375.0,7145
CGH,2026-06-22,795.0,780.0,12020
CSY,2026-06-22,9.2,9.29,24340
NIBLGF,2026-06-22,9.36,9.35,300
GBBD85,2026-06-22,1085.1,1085.2,90
USHL,2026-06-22,578.0,589.9,1151
SIKLES,2026-06-22,574.0,576.8,2931
MLBL,2026-06-22,361.1,358.0,37025
HBLD83,2026-06-22,1050.0,1050.0,10075
BNHC,2026-06-22,322.1,326.9,2153
PROFL,2026-06-22,463.0,455.9,5490
ALICL,2026-06-22,444.0,445.0,5297
NADEP,2026-06-22,736.0,747.6,473
BJHL,2026-06-22,893.0,860.0,8671
CFCL,2026-06-22,598.5,630.0,159138
PRIN,2026-06-22,708.0,707.0,5609
BHL,2026-06-22,216.0,214.3,70379
NLIC,2026-06-22,774.0,758.0,16370
NICSF,2026-06-22,9.23,9.28,6610
MPFL,2026-06-22,600.0,610.0,8788
UMRH,2026-06-22,539.0,534.0,11928
ENL,2026-06-22,865.0,869.0,629
MCHL,2026-06-22,317.0,310.7,13624
NMBMF,2026-06-22,609.9,642.0,383
MSHL,2026-06-22,660.1,677.9,663
HLI,2026-06-22,319.2,335.0,14024
SAHAS,2026-06-22,695.7,661.1,114497
MATRI,2026-06-22,875.0,882.7,302
KHPL,2026-06-22,986.2,985.7,22983
MLBBL,2026-06-22,1160.0,1179.0,836
SALICO,2026-06-22,609.0,615.0,3581
DLBS,2026-06-22,1260.0,1260.0,179
DHEL,2026-06-22,605.0,615.0,6364
DDBL,2026-06-22,836.0,842.0,6869
PPL,2026-06-22,330.6,350.0,15511
RBBF40,2026-06-22,9.5,9.34,1100
UHEWA,2026-06-22,630.0,643.0,79696
SHINE,2026-06-22,409.9,408.2,16065
SONA,2026-06-22,408.4,426.1,16617
STC,2026-06-22,5326.0,5368.0,51
GCIL,2026-06-22,358.2,372.0,17137
BEDC,2026-06-22,360.0,361.9,25876
LBBL,2026-06-22,489.9,485.5,18701
CZBIL,2026-06-22,197.0,199.0,21511
GRDBL,2026-06-22,1023.0,1054.3,7297
MLBS,2026-06-22,1235.0,1232.9,455
SPL,2026-06-22,665.2,688.8,1130
SPC,2026-06-22,451.0,448.0,7955
BANDIPUR,2026-06-22,810.5,807.0,15196
GBLBS,2026-06-22,733.4,771.0,1351
OMPL,2026-06-22,1115.0,1119.0,4232
NHDL,2026-06-22,635.0,640.0,2430
HIMSTAR,2026-06-22,840.0,818.3,2189
NMFBS,2026-06-22,1117.0,1128.0,4591
NIFRA,2026-06-22,258.0,255.1,48315
NIBD84,2026-06-22,1060.0,1065.0,50
SYPNL,2026-06-22,1371.8,1433.9,30269
GHL,2026-06-22,232.0,229.0,19227
RNLI,2026-06-22,456.3,459.0,10002
NSY,2026-06-22,9.38,9.66,4600
BNL,2026-06-22,15200.0,15200.0,30
SINDU,2026-06-22,720.2,720.1,5705
HRL,2026-06-22,661.0,622.0,63187
BNT,2026-06-22,11800.0,11800.0,10
IHL,2026-06-22,392.0,389.0,8069
MNMF1,2026-06-22,9.78,9.86,9100
SMPDA,2026-06-22,832.0,813.9,1911
MHL,2026-06-22,492.2,494.5,886
MSLB,2026-06-22,1215.0,1268.0,3774
SAIL,2026-06-22,1000.0,1029.9,20799
CIZBD90,2026-06-22,1205.0,1205.0,25
SIPD,2026-06-22,691.6,716.2,15332
RADHI,2026-06-22,745.0,745.0,33028
MKHC,2026-06-22,316.0,314.9,6603
API,2026-06-22,345.0,341.5,77278
ADBL,2026-06-22,316.0,307.9,40052
GVL,2026-06-22,483.5,483.1,6993
RLFL,2026-06-22,470.0,480.0,43187
VLBS,2026-06-22,710.0,715.1,3201
SBID83,2026-06-22,1061.5,1061.5,50
SPHL,2026-06-22,585.0,590.0,4809
SJCL,2026-06-22,290.0,285.0,10344
SWASTIK,2026-06-22,2277.2,2277.0,524
MBJC,2026-06-22,280.6,282.0,14135
JFL,2026-06-22,405.1,409.7,6532
KDL,2026-06-22,810.1,820.0,2555
KBSH,2026-06-22,1460.5,1460.0,132
NMB,2026-06-22,246.4,241.8,15677
SWMF,2026-06-22,650.0,658.9,1928
CYCL,2026-06-22,1400.0,1484.9,3473
RSML,2026-06-22,3250.0,3291.0,38904
SABBL,2026-06-22,1030.0,1030.0,8666
UMHL,2026-06-22,618.0,621.0,103071
SBI,2026-06-22,400.0,393.0,12975
GLH,2026-06-22,275.0,262.0,13379
ULBSL,2026-06-22,2815.0,2867.0,266
JHAPA,2026-06-22,1300.0,1305.0,22415
TPC,2026-06-22,366.0,366.2,4211
SBL,2026-06-22,400.0,393.5,33718
HURJA,2026-06-22,243.3,243.0,23429
SOHL,2026-06-22,630.0,649.0,85505
SAGF,2026-06-22,10.3,10.2,6500
KPCL,2026-06-22,485.0,486.0,10166
MBLEF,2026-06-22,10.0,9.95,28700
SHIVM,2026-06-22,645.1,645.9,61465
MHNL,2026-06-22,258.0,257.0,7557
SADBL,2026-06-22,408.0,407.4,4561
SMFBS,2026-06-22,1489.0,1559.0,1172
CMF2,2026-06-22,9.88,9.85,8088
NMBD2085,2026-06-22,1140.0,1135.0,90
PMLI,2026-06-22,460.0,469.9,3185
SPDL,2026-06-22,389.0,392.0,36884
NTC,2026-06-22,891.4,848.7,7815
RSY,2026-06-22,10.2,10.2,5200
FMDBL,2026-06-22,770.0,778.0,5081
RAWA,2026-06-22,486.0,482.8,25551
FOWAD,2026-06-22,1000.0,1007.5,1549
HFIN,2026-06-22,815.3,815.0,25638
GILB,2026-06-22,1124.0,1129.9,5078
PMHPL,2026-06-22,331.1,333.0,5519
NLICL,2026-06-22,583.0,580.0,16773
USLB,2026-06-22,1260.0,1311.0,5496
UNL,2026-06-22,46501.0,47000.0,40
PPCL,2026-06-22,384.3,372.7,15565
DHPL,2026-06-22,295.0,294.0,3750
SMHL,2026-06-22,495.0,486.0,14094
NFS,2026-06-22,620.0,607.0,4529
MND84/85,2026-06-22,1073.0,1072.6,50
DORDI,2026-06-22,268.0,264.5,22832
AVYAN,2026-06-22,1044.0,1070.0,2230
NIBSF2,2026-06-22,9.0,9.52,3823
ALBSL,2026-06-22,1075.0,1095.9,3163
NBLD87,2026-06-22,1132.0,1100.0,371
BGWT,2026-06-22,665.0,635.0,919
SBID89,2026-06-22,1138.2,1138.2,20
SNLI,2026-06-22,443.0,444.4,11253
SIFC,2026-06-22,551.1,565.0,20172
NRN,2026-06-22,1400.0,1469.9,210431
MEN,2026-06-22,587.0,589.7,34148
BHCL,2026-06-22,555.0,540.0,47153
CKHL,2026-06-22,622.8,645.0,215
NABILD87,2026-06-22,1125.0,1125.0,25
SMB,2026-06-22,1900.0,1886.1,8420
NWCL,2026-06-22,731.8,770.0,900
RURU,2026-06-22,645.0,646.0,8203
MKHL,2026-06-22,508.0,503.0,4168
GSY,2026-06-22,10.0,10.0,11800
SGIC,2026-06-22,484.9,480.5,9600
UNLB,2026-06-22,1351.0,1368.0,962
KBLD89,2026-06-22,1240.0,1240.0,25
NIL,2026-06-22,625.0,632.0,1200
JBLB,2026-06-22,1266.3,1271.0,3762
PHCL,2026-06-22,309.0,310.0,75139
SARBTM,2026-06-22,820.1,835.0,9509
H8020,2026-06-22,11.96,12.31,3840
EBLD86,2026-06-22,1078.0,1068.2,200
EBLD85,2026-06-22,1200.0,1170.0,75
HBLD86,2026-06-22,1164.0,1164.0,28
KBL,2026-06-22,212.0,211.3,92720
MKCL,2026-06-22,1207.5,1151.0,1125
MLBSL,2026-06-22,1745.0,1794.0,583
HDHPC,2026-06-22,220.0,216.3,127934
PCIL,2026-06-22,700.0,725.0,43974
PRSF,2026-06-22,12.53,12.61,87778
SSHL,2026-06-22,196.0,206.0,68285
EDBL,2026-06-22,570.0,577.5,3657
KSY,2026-06-22,9.82,9.91,1300
RSDC,2026-06-22,660.0,665.0,5137
KEF,2026-06-22,10.71,10.51,17500
NIBLSTF,2026-06-22,9.39,8.95,1200
TVCL,2026-06-22,516.6,495.0,5449
KSBBL,2026-06-22,481.0,482.4,4101
NRIC,2026-06-22,980.0,969.0,25264
MMKJL,2026-06-22,495.0,499.9,1545
SHLB,2026-06-22,1462.2,1478.9,286
AHPC,2026-06-22,275.0,271.5,29501
SJLIC,2026-06-22,425.5,425.0,8199
RIDI,2026-06-22,360.1,344.0,200895
AKJCL,2026-06-22,396.1,380.2,450266
CORBL,2026-06-22,1679.0,1717.0,2909
ICFCD88,2026-06-22,1140.0,1121.0,40
ILBS,2026-06-22,900.0,919.8,1898
SFMF,2026-06-22,10.7,10.7,570
ICFC,2026-06-22,622.1,621.5,9895
TTL,2026-06-22,792.0,785.0,7156
ILI,2026-06-22,430.0,430.0,9432
TSHL,2026-06-22,543.9,529.0,2084
GMFBS,2026-06-22,1274.5,1265.0,342
JBBL,2026-06-22,346.0,345.0,20468
MKJC,2026-06-22,460.4,481.5,1780
GIBF1,2026-06-22,10.54,10.55,2700
RHGCL,2026-06-22,278.5,274.2,25900
RBCL,2026-06-22,14500.0,14490.0,70
NUBL,2026-06-22,640.0,640.0,3398
SRLI,2026-06-22,390.0,389.2,8225
MMF1,2026-06-22,9.73,9.58,63550
NIMBPO,2026-06-22,148.4,147.0,2978
NIMB,2026-06-22,205.4,195.0,58568
BPCL,2026-06-22,666.3,671.0,9452
NICBF,2026-06-22,9.69,9.18,3600
NABIL,2026-06-22,535.0,531.0,34257
HLICF,2026-06-22,8.7,8.73,2700
PCBL,2026-06-22,240.0,235.5,39949
HIDCL,2026-06-22,262.0,260.0,27460
RMF2,2026-06-22,10.2,10.0,300
NMB50,2026-06-22,10.4,10.45,3420
SAPDBL,2026-06-19,820.0,819.9,15380
ANLB,2026-06-19,6933.0,5929.0,913
ENL,2026-06-19,860.0,873.6,315
ICFC,2026-06-19,627.0,623.0,3285
RBCL,2026-06-19,14521.0,14500.0,176
NMBMF,2026-06-19,627.4,642.0,2313
LBBL,2026-06-19,490.8,486.0,13061
MBLEF,2026-06-19,10.2,10.1,2800
SKHEL,2026-06-19,1104.0,1129.0,4448
HIDCLP,2026-06-19,197.0,195.5,80162
STC,2026-06-19,5290.0,5325.0,250
SBCF,2026-06-19,9.66,9.77,11501
PRSF,2026-06-19,12.71,12.61,398700
CBBL,2026-06-19,911.0,912.5,11568
PMLIP,2026-06-19,255.0,255.0,130442
ICFCD89,2026-06-19,1087.5,1086.5,75
SWMF,2026-06-19,652.0,651.6,1392
MLBL,2026-06-19,357.0,359.1,6906
ILI,2026-06-19,432.0,432.8,8516
VLBS,2026-06-19,732.0,724.0,2610
RBBD2088,2026-06-19,1082.2,1082.2,29011
NMB,2026-06-19,244.5,241.2,18075
NBF2,2026-06-19,9.95,10.1,6800
GFCL,2026-06-19,640.0,631.0,7559
LLBS,2026-06-19,953.0,950.0,150
GILB,2026-06-19,1100.1,1124.0,1055
SLBBL,2026-06-19,820.0,819.9,6998
CITY,2026-06-19,433.6,413.5,201704
NABBC,2026-06-19,822.5,828.0,20184
GRDBL,2026-06-19,1061.7,1069.9,7362
NSY,2026-06-19,9.45,9.66,5950
SGIC,2026-06-19,473.0,478.0,6363
MEHL,2026-06-19,356.4,358.0,2271
CBLD88,2026-06-19,1180.0,1175.3,17
JOSHI,2026-06-19,281.0,277.0,12831
UMHL,2026-06-19,602.0,618.5,233033
SINDU,2026-06-19,747.1,732.3,4472
BNT,2026-06-19,11740.0,11899.9,57
MLBSL,2026-06-19,1750.0,1764.0,353
FOWAD,2026-06-19,1007.5,1010.0,1443
RNLI,2026-06-19,458.5,459.0,17620
SBD87,2026-06-19,1137.5,1137.5,20000
KEF,2026-06-19,10.72,10.75,2600
GBILD86/87,2026-06-19,1141.8,1141.8,290000
RBCLPO,2026-06-19,11552.0,11550.0,50
MCHL,2026-06-19,320.0,318.0,8160
MKHC,2026-06-19,318.1,315.5,7735
SONA,2026-06-19,430.1,429.9,15493
SAIL,2026-06-19,1023.1,1014.6,20056
TVCL,2026-06-19,500.0,492.0,6867
SSHL,2026-06-19,212.0,206.0,99303
GLH,2026-06-19,264.0,262.3,12924
MANDU,2026-06-19,826.1,830.0,800
RFPL,2026-06-19,364.0,355.3,28876
PFL,2026-06-19,366.0,370.0,7118
SARBTM,2026-06-19,831.0,831.0,4118
VLUCL,2026-06-19,475.0,482.0,3837
BANDIPUR,2026-06-19,807.9,810.5,15587
GLBSL,2026-06-19,1760.0,1840.0,4266
MPFL,2026-06-19,610.0,612.0,10824
SFMF,2026-06-19,11.01,11.01,1000
MATRIP,2026-06-19,523.5,523.5,3400
SIPD,2026-06-19,720.0,728.0,13271
SOHL,2026-06-19,609.0,655.3,133448
KSBBL,2026-06-19,489.8,482.0,26913
ULBSL,2026-06-19,2847.1,2836.0,253
SDBD87,2026-06-19,1125.0,1125.0,25
SHIVM,2026-06-19,651.0,644.2,98640
UPPER,2026-06-19,198.0,199.2,54529
HLBSL,2026-06-19,860.1,895.0,1409
NGPL,2026-06-19,445.0,423.1,48788
NICL,2026-06-19,536.0,538.0,19550
RIDI,2026-06-19,344.0,343.2,106890
HPPL,2026-06-19,371.0,367.0,15080
SIFC,2026-06-19,560.0,559.0,10540
NICBF,2026-06-19,9.41,9.41,600
PRVU,2026-06-19,193.3,193.7,48358
DHPL,2026-06-19,307.0,299.0,2177
BBC,2026-06-19,4285.0,4285.0,496
PURE,2026-06-19,888.4,889.0,3138
TTL,2026-06-19,794.0,795.0,9608
AHL,2026-06-19,454.0,470.0,3325
NRN,2026-06-19,1405.0,1404.0,51874
NUBL,2026-06-19,646.0,646.0,996
BJHL,2026-06-19,869.0,887.0,21008
SLCF,2026-06-19,9.9,10.1,13920
GUFL,2026-06-19,564.9,555.0,8383
BHCL,2026-06-19,510.2,547.6,32379
SMB,2026-06-19,1750.0,1910.0,17489
LVF2,2026-06-19,9.87,9.87,450
UNLB,2026-06-19,1365.9,1369.0,185
RBBF40,2026-06-19,9.45,9.45,500
BARUN,2026-06-19,335.0,333.9,14469
PCIL,2026-06-19,730.0,719.0,34513
CHL,2026-06-19,279.0,278.0,7347
SAGAR,2026-06-19,1665.0,1660.0,3819
MABEL,2026-06-19,706.0,711.9,18113
MBLD87,2026-06-19,1148.0,1148.0,5000
CGH,2026-06-19,780.2,781.0,9319
HATHY,2026-06-19,774.5,763.0,2955
SNLI,2026-06-19,448.0,443.8,13935
HHL,2026-06-19,359.1,352.8,23024
NTC,2026-06-19,851.0,849.0,6752
PROFL,2026-06-19,469.2,450.0,8507
SAHAS,2026-06-19,697.2,662.6,52464
SPDL,2026-06-19,390.0,389.0,11285
OMPL,2026-06-19,1111.0,1114.0,4000
NIMBD90,2026-06-19,1208.0,1207.0,3000
SMHL,2026-06-19,495.0,486.0,13804
NICLBSL,2026-06-19,565.1,570.0,1705
GVL,2026-06-19,484.0,483.5,12913
JBBD87,2026-06-19,1109.7,1109.7,25
SLBSL,2026-06-19,1185.0,1228.0,2770
TPC,2026-06-19,365.0,366.0,15736
KDL,2026-06-19,816.2,814.0,1310
NMBHF2,2026-06-19,9.7,9.71,31740
HIDCL,2026-06-19,260.3,260.5,40945
MLBBL,2026-06-19,1170.0,1169.0,787
KDBY,2026-06-19,11.13,11.24,901850
CKHL,2026-06-19,630.0,642.0,729
USHEC,2026-06-19,497.0,498.0,7515
TRH,2026-06-19,770.0,765.7,2216
RURU,2026-06-19,642.1,646.5,6811
ULHC,2026-06-19,423.0,420.9,7644
DLBS,2026-06-19,1240.0,1255.6,130
CHDC,2026-06-19,2259.9,2237.9,1792
ACLBSL,2026-06-19,938.0,950.6,688
KPCL,2026-06-19,487.0,486.1,7172
GSY,2026-06-19,9.63,10.0,7820
SHL,2026-06-19,498.0,494.0,13969
RADHI,2026-06-19,740.0,745.0,17332
BNHC,2026-06-19,321.4,325.7,437
HLI,2026-06-19,335.0,336.0,24461
NHPC,2026-06-19,295.0,280.3,225907
SPC,2026-06-19,464.0,452.3,1047
GMFIL,2026-06-19,471.2,479.8,16506
NABILD87,2026-06-19,1157.9,1157.9,33708
PRIN,2026-06-19,743.4,703.0,9210
SPHL,2026-06-19,585.0,599.8,18271
CIZBD86,2026-06-19,1145.0,1145.0,1
MKHL,2026-06-19,505.0,507.0,7999
KBLD89,2026-06-19,1260.0,1260.0,1000
TSHL,2026-06-19,528.0,528.1,1368
LICN,2026-06-19,847.3,809.9,16666
BFC,2026-06-19,504.0,499.0,26338
RSDC,2026-06-19,655.3,658.0,811
NIMB,2026-06-19,204.9,195.7,71455
WNLB,2026-06-19,1366.0,1404.0,170
SIGS2,2026-06-19,10.8,10.8,200
ADBL,2026-06-19,307.2,309.0,9697
EBL,2026-06-19,670.0,695.0,51877
BUNGAL,2026-06-19,843.6,777.4,148991
MNBBL,2026-06-19,372.0,371.5,30138
NWCL,2026-06-19,735.0,768.4,1360
SGHC,2026-06-19,354.0,357.0,5659
SWBBL,2026-06-19,770.7,740.0,2331
MEN,2026-06-19,589.0,585.5,59654
HIMSTAR,2026-06-19,823.2,833.8,1771
UPCL,2026-06-19,342.1,363.0,22351
PCBL,2026-06-19,233.9,235.5,52013
NIBLGF,2026-06-19,9.35,9.35,2020
HEI,2026-06-19,565.0,550.0,13499
NMLBBL,2026-06-19,605.0,576.0,6002
MEL,2026-06-19,235.0,235.0,9993
SHEL,2026-06-19,308.0,306.4,86057
NESDO,2026-06-19,1525.0,1525.0,331
RHPL,2026-06-19,269.0,268.1,9138
UMRH,2026-06-19,535.1,539.0,3215
NBL,2026-06-19,265.7,265.3,37753
KHPL,2026-06-19,989.1,998.0,15157
MHL,2026-06-19,498.0,493.5,2482
UNL,2026-06-19,47399.9,47399.9,2
KSY,2026-06-19,9.66,9.9,2400
MMKJL,2026-06-19,517.6,494.8,3923
SFCL,2026-06-19,380.9,373.4,7471
AHPC,2026-06-19,273.0,272.5,29888
HRL,2026-06-19,630.0,630.0,51618
DORDI,2026-06-19,266.0,267.0,7442
KBL,2026-06-19,210.4,212.0,115955
NICSF,2026-06-19,9.22,9.23,4150
MKJC,2026-06-19,490.0,484.6,2421
SRLI,2026-06-19,388.3,390.0,9109
SKBBL,2026-06-19,760.0,760.0,20661
SIKLES,2026-06-19,584.1,570.0,28726
JFL,2026-06-19,390.0,405.2,5665
AKJCL,2026-06-19,381.0,377.3,514715
SICL,2026-06-19,624.0,624.8,2256
ILBS,2026-06-19,920.0,915.0,927
PPCL,2026-06-19,384.3,366.9,6890
NICAD2091,2026-06-19,1045.3,1045.3,25
HFIN,2026-06-19,815.0,815.3,19548
NIBD84,2026-06-19,1055.8,1055.8,50
BNL,2026-06-19,14679.1,15200.0,20
NBF3,2026-06-19,9.94,9.95,63940
CZBIL,2026-06-19,200.0,198.0,22883
ALBSL,2026-06-19,1070.0,1097.9,15624
UAIL,2026-06-19,475.0,473.0,10562
USLB,2026-06-19,1227.2,1259.8,1061
CIT,2026-06-19,1730.1,1729.0,4848
SMPDA,2026-06-19,838.0,814.9,3798
GBIMESY2,2026-06-19,9.4,9.51,1100
BGWT,2026-06-19,650.0,648.7,4132
AVYAN,2026-06-19,997.5,1043.1,1685
KBLD86,2026-06-19,1236.0,1236.0,10
GHL,2026-06-19,230.0,229.1,15028
DHEL,2026-06-19,624.0,612.0,10475
NSIF2,2026-06-19,10.53,10.6,50810
SALICO,2026-06-19,624.9,618.0,2167
NYADI,2026-06-19,385.2,395.0,6016
MFIL,2026-06-19,730.0,777.0,19001
KKHC,2026-06-19,255.0,252.8,24985
SFEF,2026-06-19,10.1,10.1,900
PSF,2026-06-19,12.01,12.2,288200
KMCDB,2026-06-19,831.0,830.0,1507
SHINE,2026-06-19,410.0,409.9,14959
LBLD88,2026-06-19,1088.4,1088.4,25
NIBSF2,2026-06-19,9.1,9.27,14600
APHL,2026-06-19,836.0,916.0,1380
RLEL,2026-06-19,894.7,910.0,6632
CSY,2026-06-19,9.1,9.3,41400
NMFBS,2026-06-19,1110.3,1120.1,9102
NIBLSTF,2026-06-19,9.3,9.12,7070
NRIC,2026-06-19,975.0,968.0,38289
NLG,2026-06-19,624.0,604.0,7455
SHPC,2026-06-19,505.1,508.0,34672
HEIP,2026-06-19,316.0,316.0,23
NFS,2026-06-19,596.0,604.0,13730
GIBF1,2026-06-19,10.54,10.59,1250
JSLBB,2026-06-19,1057.1,1067.0,1451
NRM,2026-06-19,335.0,331.6,17517
SMH,2026-06-19,577.0,571.5,2812
TAMOR,2026-06-19,449.0,452.9,51252
JBBL,2026-06-19,349.0,346.0,34317
ALICL,2026-06-19,442.0,444.0,6231
MDB,2026-06-19,604.0,600.0,5179
CHCL,2026-06-19,508.2,487.0,26489
SBI,2026-06-19,387.1,394.0,12502
C30MF,2026-06-19,10.0,10.05,277200
IGI,2026-06-19,455.0,449.8,2489
CYCL,2026-06-19,1390.2,1429.6,813
NIFRA,2026-06-19,256.5,257.0,37117
DOLTI,2026-06-19,364.0,364.9,53718
IHL,2026-06-19,392.0,392.0,8372
CLI,2026-06-19,450.2,452.0,13767
SANVI,2026-06-19,681.0,680.0,6571
GBBD85,2026-06-19,1102.0,1085.1,40025
SJCL,2026-06-19,285.0,284.5,8140
GBBL,2026-06-19,412.0,408.0,10468
H8020,2026-06-19,11.96,11.96,1350
JHAPA,2026-06-19,1305.0,1300.7,9426
NLIC,2026-06-19,796.9,759.0,14613
HDL,2026-06-19,1154.0,1151.0,15403
MSHL,2026-06-19,666.0,679.9,121
CFCL,2026-06-19,594.0,629.9,128671
NIL,2026-06-19,640.0,639.9,2025
NBLD87,2026-06-19,1144.3,1144.3,117068
UHEWA,2026-06-19,625.0,645.0,99560
SBLD84,2026-06-19,1067.3,1067.3,9754
SAGF,2026-06-19,10.05,10.0,10675
NLICL,2026-06-19,576.2,583.0,9424
GBILD84/85,2026-06-19,1129.7,1129.7,290000
BPCL,2026-06-19,704.5,670.0,10718
PHCL,2026-06-19,312.0,310.2,73933
NMIC,2026-06-19,1020.0,1017.0,1575
RSML,2026-06-19,3517.0,3350.0,13837
FMDBL,2026-06-19,785.0,776.5,5745
RHGCL,2026-06-19,283.0,278.1,17622
MHCL,2026-06-19,340.0,343.0,3802
NICFC,2026-06-19,9.39,9.32,14450
SOPL,2026-06-19,950.0,1060.0,190900
USHL,2026-06-19,590.2,593.0,3023
EBLD86,2026-06-19,1100.0,1100.0,105
RLFL,2026-06-19,437.0,490.8,113279
MHNL,2026-06-19,245.9,257.0,9338
HBL,2026-06-19,196.0,196.0,17160
NBLD85,2026-06-19,1074.6,1050.0,80125
GBIME,2026-06-19,240.0,240.0,60695
CREST,2026-06-19,1279.0,1258.0,6659
ADBLD83,2026-06-19,1083.0,1083.0,50
BHPL,2026-06-19,548.6,523.9,3692
MERO,2026-06-19,710.0,719.9,2890
NABIL,2026-06-19,536.0,531.0,37753
SADBL,2026-06-19,406.0,408.0,22587
PMHPL,2026-06-19,332.0,335.0,6140
NHDL,2026-06-19,634.0,636.5,6528
EHPL,2026-06-19,392.0,391.0,4269
MNMF1,2026-06-19,9.77,9.86,1700
NICGF2,2026-06-19,9.55,9.55,15900
RBBD83,2026-06-19,1060.6,1060.6,36424
EBLD91,2026-06-19,1137.8,1090.0,50075
MKCL,2026-06-19,1179.0,1150.0,3946
SPL,2026-06-19,710.0,693.9,934
JBLB,2026-06-19,1264.0,1265.0,2741
MSLB,2026-06-19,1215.0,1234.0,241
BEDC,2026-06-19,363.9,360.0,54811
MLBS,2026-06-19,1200.0,1228.9,785
SANIMA,2026-06-19,377.8,359.0,72922
SHLB,2026-06-19,1420.0,1460.0,690
SMFBS,2026-06-19,1460.1,1489.0,891
GMFBS,2026-06-19,1251.0,1250.0,332
LBBLD89,2026-06-19,1260.0,1260.0,75
UNHPL,2026-06-19,400.0,405.2,13476
SABBL,2026-06-19,1020.0,1030.1,8282
NADEP,2026-06-19,750.0,755.0,715
SPIL,2026-06-19,712.1,722.0,629
PBD88,2026-06-19,1215.0,1215.0,25
CIZBD90,2026-06-19,1258.0,1203.0,10355
SBL,2026-06-19,390.0,394.0,51314
RMF1,2026-06-19,10.05,9.81,600
HLICF,2026-06-19,8.82,8.83,961
HURJA,2026-06-19,245.0,243.0,40313
SMATA,2026-06-19,757.0,760.0,2310
RMF2,2026-06-19,10.2,10.2,400
AKPL,2026-06-19,260.1,263.2,27451
SMJC,2026-06-19,455.0,452.0,6306
MBJC,2026-06-19,282.29,282.0,17914
NICA,2026-06-19,349.7,337.8,70436
PPL,2026-06-19,329.8,348.0,21424
HDHPC,2026-06-19,220.0,217.2,100976
PBLD87,2026-06-19,1100.0,1095.0,50
SWASTIK,2026-06-19,2210.0,2277.2,715
GMLI,2026-06-19,1251.0,1286.0,1406
NIMBPO,2026-06-19,148.0,144.2,4124
SYPNL,2026-06-19,1368.0,1444.0,40340
KBLD90,2026-06-19,1259.8,1259.8,50000
RAWA,2026-06-19,459.0,484.0,113928
BHDC,2026-06-19,450.4,454.0,8107
NABILD2089,2026-06-19,1092.0,1124.7,35
MAKAR,2026-06-19,482.1,488.0,895
RSY,2026-06-19,10.18,10.25,2100
ICFCD88,2026-06-19,1140.0,1140.0,10
KBSH,2026-06-19,1525.0,1460.5,210
SKHL,2026-06-19,942.5,955.0,32681
LUK,2026-06-19,10.0,10.0,11300
SCB,2026-06-19,648.7,649.1,12222
MBL,2026-06-19,248.0,247.5,52168
GBLBS,2026-06-19,775.9,771.5,825
EDBL,2026-06-19,584.9,571.5,3335
MATRI,2026-06-19,865.0,875.0,572
NBLD82,2026-06-19,1080.0,1080.0,50
SJLIC,2026-06-19,424.0,425.5,13506
LEC,2026-06-19,220.0,218.5,56091
LSL,2026-06-19,218.0,218.0,64574
CORBL,2026-06-19,1711.2,1715.0,7302
OHL,2026-06-19,686.0,687.8,983
SEF,2026-06-19,10.3,10.3,200
BHL,2026-06-19,215.0,214.7,44369
API,2026-06-19,344.0,343.0,185863
SIGS3,2026-06-19,11.0,10.51,1001170
PMLI,2026-06-19,460.0,479.8,6948
GCIL,2026-06-19,375.2,375.0,15008
MMF1,2026-06-19,9.58,9.45,35590
DDBL,2026-06-19,835.0,836.0,6612
SIGS2,2026-06-18,11.06,11.06,1206
SABBL,2026-06-18,1035.8,1065.0,6872
NIMBPO,2026-06-18,147.0,146.1,1010
RBBF40,2026-06-18,9.4,9.52,2200
PURE,2026-06-18,910.0,892.0,5520
HPPL,2026-06-18,370.0,371.0,26816
NICFC,2026-06-18,9.39,9.39,2100
EBLD91,2026-06-18,1090.0,1090.0,25
UAIL,2026-06-18,470.0,470.4,10019
SANVI,2026-06-18,690.0,680.9,5585
DHEL,2026-06-18,613.1,622.0,7590
SBID83,2026-06-18,1061.0,1061.0,25
MANDU,2026-06-18,829.0,826.1,1625
PROFL,2026-06-18,448.0,446.9,3876
GILB,2026-06-18,1111.0,1112.2,473
VLBS,2026-06-18,730.0,732.0,2365
NHPC,2026-06-18,280.1,281.0,229727
SCB,2026-06-18,615.0,648.8,6832
SJCL,2026-06-18,289.0,285.6,2784
GIBF1,2026-06-18,10.79,10.61,1300
SMJC,2026-06-18,460.0,454.1,14800
NLIC,2026-06-18,759.0,759.0,24217
SLBBL,2026-06-18,815.0,817.9,2540
RMF2,2026-06-18,10.2,10.3,4700
PBLD87,2026-06-18,1095.0,1095.0,50
SLCF,2026-06-18,10.37,10.2,30467
KEF,2026-06-18,11.3,11.0,22896
SAGF,2026-06-18,10.0,10.2,500
KBSH,2026-06-18,1481.2,1485.0,113
DHPL,2026-06-18,315.0,299.9,1496
RBCL,2026-06-18,14700.0,14790.0,70
SONA,2026-06-18,430.0,429.3,15724
SGHC,2026-06-18,352.1,354.0,5061
RFPL,2026-06-18,359.0,360.0,10267
NLG,2026-06-18,649.0,612.0,6673
RHPL,2026-06-18,265.0,269.4,12451
SPDL,2026-06-18,409.5,387.0,17351
KDL,2026-06-18,806.1,816.1,160
RNLI,2026-06-18,457.3,458.7,8074
BUNGAL,2026-06-18,777.1,888.0,161716
AKJCL,2026-06-18,416.7,381.0,829827
MHL,2026-06-18,503.9,492.1,7170
GBIMESY2,2026-06-18,9.2,9.33,1700
FOWAD,2026-06-18,1012.0,1007.0,2890
SHL,2026-06-18,492.3,494.8,35377
SBLD84,2026-06-18,1047.5,1047.5,50
LVF2,2026-06-18,9.85,10.14,2200
HDL,2026-06-18,1155.0,1152.1,15769
SINDU,2026-06-18,698.3,730.0,2910
LBBL,2026-06-18,485.4,485.0,29682
JSLBB,2026-06-18,1059.0,1061.0,300
CBLD88,2026-06-18,1210.0,1210.0,100
GLBSL,2026-06-18,1762.0,1760.0,73
FMDBL,2026-06-18,770.6,776.0,6139
EDBL,2026-06-18,577.0,578.9,1321
SKBBL,2026-06-18,760.1,759.8,5116
JBLB,2026-06-18,1270.0,1263.0,3010
SAHAS,2026-06-18,695.0,664.0,55858
SFCL,2026-06-18,385.0,375.0,4181
DLBS,2026-06-18,1230.0,1256.1,485
DOLTI,2026-06-18,372.0,363.0,79660
SSHL,2026-06-18,209.5,208.5,70770
RADHI,2026-06-18,780.0,738.0,43219
GMFBS,2026-06-18,1245.0,1262.0,28
NICL,2026-06-18,539.9,531.0,22503
NIL,2026-06-18,663.0,640.0,5473
GLH,2026-06-18,269.0,264.0,14493
LEC,2026-06-18,220.0,219.0,36231
MABEL,2026-06-18,695.0,706.0,6952
RSML,2026-06-18,3331.0,3350.0,14771
MKJC,2026-06-18,480.0,485.0,4004
SHINE,2026-06-18,409.0,406.9,8070
AKPL,2026-06-18,269.0,265.0,65911
SMHL,2026-06-18,495.0,492.9,22120
GMLI,2026-06-18,1266.0,1278.9,3283
SARBTM,2026-06-18,844.0,832.0,9718
ENL,2026-06-18,865.0,874.6,319
MFLD85,2026-06-18,1102.0,1102.0,30
SADBL,2026-06-18,412.0,410.0,12856
NCCD86,2026-06-18,1210.0,1210.0,88
SMATA,2026-06-18,769.9,763.0,891
CGH,2026-06-18,780.0,784.0,4916
MEN,2026-06-18,585.6,590.0,36726
CSY,2026-06-18,9.0,9.25,3150
NMFBS,2026-06-18,1130.0,1124.0,3395
WNLB,2026-06-18,1420.0,1405.0,222
BHL,2026-06-18,215.0,215.0,52219
LICN,2026-06-18,812.0,807.0,7018
MLBBL,2026-06-18,1184.0,1170.0,516
MEL,2026-06-18,235.0,237.9,9641
DDBL,2026-06-18,845.0,835.0,4222
SWBBL,2026-06-18,733.0,734.0,7749
KBL,2026-06-18,209.8,210.4,117096
BFC,2026-06-18,490.0,504.0,24304
MBLD87,2026-06-18,1107.0,1107.0,5
JBBL,2026-06-18,351.0,347.0,25192
MCHL,2026-06-18,343.3,320.0,8332
H8020,2026-06-18,11.63,12.32,1100
SJLIC,2026-06-18,427.0,426.0,7485
HDHPC,2026-06-18,220.0,217.9,105932
NRN,2026-06-18,1499.4,1399.0,50365
DORDI,2026-06-18,266.0,266.5,5981
NBLD82,2026-06-18,1060.0,1080.0,30304
CORBL,2026-06-18,1750.0,1735.0,6019
SALICO,2026-06-18,612.0,617.6,2686
NIFRAGED,2026-06-18,1039.2,1039.2,50
NBLD85,2026-06-18,1045.9,1053.4,60
HATHY,2026-06-18,765.0,765.0,3707
MKHC,2026-06-18,315.5,318.5,14268
ALBSL,2026-06-18,1043.0,1097.8,2918
MNBBLP,2026-06-18,236.2,236.2,12005
SBCF,2026-06-18,9.8,9.95,1800
KDBY,2026-06-18,11.2,11.23,55000
HLICF,2026-06-18,8.76,8.82,3200
ICFCD89,2026-06-18,1087.2,1087.2,25
GUFL,2026-06-18,551.1,552.0,6265
ULBSL,2026-06-18,2825.0,2838.0,760
BHCL,2026-06-18,541.0,537.0,17134
UMRH,2026-06-18,535.0,535.1,2771
HIMSTAR,2026-06-18,830.0,837.9,1649
MEHL,2026-06-18,356.1,356.4,7141
BEDC,2026-06-18,375.0,365.5,67618
PHCL,2026-06-18,315.0,313.1,80074
SKHEL,2026-06-18,1085.0,1118.0,2363
UNLB,2026-06-18,1350.0,1368.8,166
TVCL,2026-06-18,540.7,506.0,12334
BHPL,2026-06-18,554.4,522.5,3138
ADBLD83,2026-06-18,1055.0,1055.0,50
RBCLPO,2026-06-18,11700.0,11700.0,28
ANLB,2026-06-18,5580.0,6603.0,1107
OHL,2026-06-18,693.0,699.9,1593
MSHL,2026-06-18,667.5,680.0,452
NMB50,2026-06-18,10.7,10.7,1500
PBD84,2026-06-18,1079.0,1079.0,25
SEF,2026-06-18,10.9,10.41,49175
CHDC,2026-06-18,2221.0,2210.0,63957
EBLEB89,2026-06-18,1065.0,1065.0,25
SPC,2026-06-18,450.0,455.0,1169
CIT,2026-06-18,1733.0,1730.1,4742
NYADI,2026-06-18,396.0,397.0,2080
MLBSL,2026-06-18,1810.0,1745.0,635
NIMB,2026-06-18,200.0,195.2,83902
NIBLGF,2026-06-18,9.35,9.5,8720
AHPC,2026-06-18,272.4,273.0,31535
MKHL,2026-06-18,500.0,505.0,28999
ADBL,2026-06-18,293.0,309.0,8649
SIFC,2026-06-18,550.0,553.9,8732
GVL,2026-06-18,480.0,484.0,5013
NMB,2026-06-18,230.0,242.9,26596
HURJA,2026-06-18,247.0,245.0,29344
CZBIL,2026-06-18,198.1,198.0,14433
GBLBS,2026-06-18,767.0,772.0,3017
GHL,2026-06-18,232.0,230.0,42040
GBIME,2026-06-18,238.0,240.5,92241
MNMF1,2026-06-18,9.76,9.98,2900
PBD88,2026-06-18,1179.3,1201.0,51
CMF2,2026-06-18,10.2,10.09,1910
NTC,2026-06-18,848.6,849.0,6115
TPC,2026-06-18,371.9,365.7,7595
SBLD2091,2026-06-18,1076.0,1076.0,25
AHL,2026-06-18,474.0,477.0,5986
UNHPL,2026-06-18,409.0,405.8,26379
HIDCLP,2026-06-18,192.0,196.0,109542
PCBL,2026-06-18,225.0,236.3,18640
HLBSL,2026-06-18,880.0,883.9,630
NBF3,2026-06-18,10.05,9.95,34400
USHL,2026-06-18,590.2,594.0,3250
SOHL,2026-06-18,639.0,640.9,45198
HRL,2026-06-18,632.0,630.2,38234
ALICL,2026-06-18,442.0,444.1,4851
SPHL,2026-06-18,588.4,599.7,24694
MHCL,2026-06-18,343.5,344.0,15331
MDB,2026-06-18,603.0,595.0,6281
GFCL,2026-06-18,594.8,633.0,9883
NRM,2026-06-18,338.0,335.0,8074
BNL,2026-06-18,15133.0,15133.0,10
SMB,2026-06-18,1715.0,1751.0,3369
NICGF2,2026-06-18,9.22,9.5,9508
HHL,2026-06-18,365.8,357.8,17302
ILI,2026-06-18,428.9,432.0,5087
KBLD89,2026-06-18,1280.0,1280.0,12
BGWT,2026-06-18,682.5,650.8,1555
SYPNL,2026-06-18,1375.6,1440.0,33697
PFL,2026-06-18,374.0,373.9,3251
KKHC,2026-06-18,255.9,253.0,23937
CHL,2026-06-18,285.0,280.0,46976
GMFIL,2026-06-18,471.3,477.0,9835
BNT,2026-06-18,11850.0,11898.9,40
RLFL,2026-06-18,455.0,459.9,13939
NMBD2085,2026-06-18,1160.0,1160.0,25
ULHC,2026-06-18,437.5,423.0,7715
CKHL,2026-06-18,629.3,642.0,740
NICAD2091,2026-06-18,1050.0,1050.0,25
RHGCL,2026-06-18,281.0,282.0,8412
UMHL,2026-06-18,586.0,608.0,382108
SRLI,2026-06-18,390.0,390.0,12160
SAPDBL,2026-06-18,810.0,807.0,18433
SWMF,2026-06-18,658.9,655.0,1296
SPIL,2026-06-18,724.4,716.4,1517
RSY,2026-06-18,10.21,10.22,5060
SMH,2026-06-18,575.0,570.0,3014
NADEP,2026-06-18,749.0,749.0,1671
BNHC,2026-06-18,320.1,325.0,5071
MERO,2026-06-18,719.9,713.0,2729
UPPER,2026-06-18,210.0,199.7,56890
RURU,2026-06-18,646.0,645.0,2493
NIFRAUR85/86,2026-06-18,1065.0,1060.0,50
STC,2026-06-18,5280.0,5271.0,180
MKCL,2026-06-18,1192.0,1182.0,1892
PBLD84,2026-06-18,1103.9,1154.0,20965
NIMBD90,2026-06-18,1204.0,1205.0,75
MBL,2026-06-18,248.0,248.0,15920
TTL,2026-06-18,796.0,794.0,6140
PRSF,2026-06-18,12.77,12.8,118307
APHL,2026-06-18,700.0,796.6,398
NABIL,2026-06-18,505.4,532.0,23502
NBL,2026-06-18,254.0,265.7,29487
MSLB,2026-06-18,1215.0,1224.0,668
NRIC,2026-06-18,1001.0,974.0,56050
JFL,2026-06-18,415.0,408.9,6150
TSHL,2026-06-18,526.0,529.1,80
CLI,2026-06-18,451.2,453.0,2482
NBF2,2026-06-18,10.0,10.2,850
SLBSL,2026-06-18,1209.0,1195.0,905
NWCL,2026-06-18,770.0,770.3,2889
NESDO,2026-06-18,1525.0,1525.0,1227
MBJC,2026-06-18,280.2,282.5,12800
NFS,2026-06-18,614.0,595.0,12481
NICLBSL,2026-06-18,566.0,570.0,2794
SAGAR,2026-06-18,1700.0,1666.0,2941
SGIC,2026-06-18,479.1,480.9,18810
SHLB,2026-06-18,1445.0,1442.0,50
RLEL,2026-06-18,901.1,905.0,4634
NICAD85/86,2026-06-18,1264.0,1264.0,200
SANIMA,2026-06-18,359.5,359.9,31367
GBBL,2026-06-18,414.9,410.0,9470
UPCL,2026-06-18,360.0,360.1,20151
ILBS,2026-06-18,905.0,909.0,929
KMCDB,2026-06-18,835.0,837.0,1620
KSY,2026-06-18,9.65,9.83,900
NSY,2026-06-18,9.79,9.5,2850
JBBD87,2026-06-18,1119.0,1118.0,75
GCIL,2026-06-18,386.7,377.0,28614
SHIVM,2026-06-18,646.0,647.1,120221
CHCL,2026-06-18,482.0,484.0,28058
NIBLSTF,2026-06-18,9.35,9.33,9160
TAMOR,2026-06-18,449.0,450.9,78701
PRVU,2026-06-18,194.0,193.3,53852
NMLBBL,2026-06-18,575.1,576.8,4371
NUBL,2026-06-18,649.8,645.0,2128
NMIC,2026-06-18,1013.1,1015.0,4712
JHAPA,2026-06-18,1370.0,1308.0,7853
C30MF,2026-06-18,10.25,10.24,144461
BANDIPUR,2026-06-18,800.0,811.0,10416
PPL,2026-06-18,332.5,347.1,12302
SFEF,2026-06-18,10.1,10.1,300
PMHPL,2026-06-18,335.0,332.0,7475
NGPL,2026-06-18,449.9,424.0,92554
KHPL,2026-06-18,995.0,1010.0,26798
SAIL,2026-06-18,1075.0,1023.0,10313
PPCL,2026-06-18,374.0,366.0,5166
CFCL,2026-06-18,611.3,625.2,110155
BBC,2026-06-18,4270.0,4254.0,348
SIGS3,2026-06-18,10.85,11.01,10400
PCIL,2026-06-18,740.0,740.0,27384
VLUCL,2026-06-18,470.0,477.0,2192
SNLI,2026-06-18,449.0,444.1,26602
MPFL,2026-06-18,610.0,613.0,6491
HEI,2026-06-18,569.8,549.0,19580
HIDCL,2026-06-18,260.0,260.4,28866
NABBC,2026-06-18,852.7,838.0,4795
PSF,2026-06-18,12.16,12.14,7700
SHPC,2026-06-18,505.4,503.8,26480
ACLBSL,2026-06-18,944.2,957.7,350
KSBBL,2026-06-18,492.0,482.0,12686
NIBSF2,2026-06-18,9.03,9.1,4800
SICL,2026-06-18,625.6,624.0,7552
SKHL,2026-06-18,940.0,942.5,11201
NLICL,2026-06-18,578.0,580.0,1706
MLBL,2026-06-18,360.0,357.6,13856
ICFC,2026-06-18,629.9,626.9,3104
API,2026-06-18,343.7,342.0,145538
SHEL,2026-06-18,308.0,307.8,50347
SMFBS,2026-06-18,1505.0,1486.0,854
RIDI,2026-06-18,349.0,344.0,140339
PMLI,2026-06-18,460.0,464.0,5906
HBL,2026-06-18,196.0,196.0,18322
BPCL,2026-06-18,650.0,671.0,25745
SWASTIK,2026-06-18,2216.0,2230.0,311
MMKJL,2026-06-18,498.0,493.0,880
NICA,2026-06-18,336.0,333.1,40859
NIFRA,2026-06-18,257.5,256.5,45354
MLBS,2026-06-18,1237.9,1231.0,312
MBLEF,2026-06-18,9.93,10.15,175700
LLBS,2026-06-18,942.0,950.0,1925
SIPD,2026-06-18,730.0,720.0,22121
CITY,2026-06-18,402.3,413.0,181547
NSIF2,2026-06-18,10.8,10.81,2400
KPCL,2026-06-18,492.5,484.5,3721
USHEC,2026-06-18,493.0,496.5,9320
BHDC,2026-06-18,451.0,453.3,7932
NMBMF,2026-06-18,635.0,635.3,229
CBBL,2026-06-18,911.0,912.5,10266
MNBBL,2026-06-18,373.9,371.5,6663
LSL,2026-06-18,217.3,219.0,84752
SBL,2026-06-18,414.6,394.0,313284
IHL,2026-06-18,393.4,395.9,8810
GSY,2026-06-18,9.7,9.9,2500
ICFCD88,2026-06-18,1115.5,1115.5,25
PRIN,2026-06-18,700.5,708.0,14920
NABILD2089,2026-06-18,1092.0,1124.7,15
NICD83/84,2026-06-18,1050.0,1050.0,25
MATRI,2026-06-18,860.0,885.0,122
HFIN,2026-06-18,815.1,820.0,25099
SOPL,2026-06-18,848.0,929.7,1730
SBI,2026-06-18,373.0,393.4,88211
IGI,2026-06-18,450.0,451.0,5177
RAWA,2026-06-18,502.0,483.0,67332
JOSHI,2026-06-18,280.0,279.0,2705
CYCL,2026-06-18,1425.0,1425.0,1588
LUK,2026-06-18,10.0,10.0,100
OMPL,2026-06-18,1131.0,1133.0,7282
SMPDA,2026-06-18,838.0,822.2,1954
EHPL,2026-06-18,416.8,392.8,12645
BARUN,2026-06-18,336.9,334.0,36220
MFIL,2026-06-18,764.0,768.0,55136
SBID89,2026-06-18,1141.0,1138.18,25
MMF1,2026-06-18,9.45,9.58,33464
NMBHF2,2026-06-18,9.64,9.73,32810
UHEWA,2026-06-18,630.0,635.0,74648
SBID2090,2026-06-18,1166.0,1166.0,16085
EBL,2026-06-18,695.0,695.6,37630
MHNL,2026-06-18,256.2,258.8,5044
TRH,2026-06-18,770.0,770.0,658
RMF1,2026-06-18,10.0,10.05,5135
AVYAN,2026-06-18,997.5,1049.9,801
MAKAR,2026-06-18,480.2,488.0,1263
HLI,2026-06-18,334.0,335.0,17356
GRDBL,2026-06-18,1070.0,1077.0,7446
NHDL,2026-06-18,648.0,634.0,4794
NICSF,2026-06-18,9.3,9.3,7150
USLB,2026-06-18,1230.5,1249.0,551
RSDC,2026-06-18,656.5,660.0,2167
SIKLES,2026-06-18,580.0,583.9,6156
BJHL,2026-06-18,809.0,860.0,25262
CREST,2026-06-18,1328.1,1259.9,4356
SPL,2026-06-18,712.0,699.0,564
SEF,2026-06-17,10.2,10.41,54400
MCHL,2026-06-17,328.0,327.1,131869
CGH,2026-06-17,781.0,780.5,9882
RSY,2026-06-17,10.21,10.22,4500
NESDO,2026-06-17,1540.0,1525.2,606
CHCL,2026-06-17,480.1,482.0,20472
MANDU,2026-06-17,820.0,821.1,1089
SPL,2026-06-17,665.1,699.0,1637
SALICO,2026-06-17,615.2,619.6,5167
NIBSF2,2026-06-17,8.99,9.06,37150
MNBBL,2026-06-17,370.0,372.1,13568
SONA,2026-06-17,455.9,431.0,22786
ULBSL,2026-06-17,2850.0,2853.0,310
MMF1,2026-06-17,9.55,9.58,22200
GMLI,2026-06-17,1271.0,1295.9,1030
MSHL,2026-06-17,662.2,688.0,273
GWFD83,2026-06-17,1085.0,1085.0,25
NICA,2026-06-17,320.0,335.0,63723
SINDU,2026-06-17,727.0,735.0,19036
MHL,2026-06-17,494.0,501.9,8506
DLBS,2026-06-17,1250.0,1272.0,313
LBBL,2026-06-17,463.0,486.0,28831
NICFC,2026-06-17,9.39,9.45,6870
STC,2026-06-17,5257.0,5261.0,118
CHDC,2026-06-17,2114.0,2280.0,12853
JOSHI,2026-06-17,284.5,279.9,4802
SAPDBL,2026-06-17,810.0,825.0,19193
HDL,2026-06-17,1155.0,1154.0,13923
SOHL,2026-06-17,640.0,639.0,52703
ICFCD83,2026-06-17,1103.0,1120.0,138
RMF1,2026-06-17,10.09,9.81,3635
NHDL,2026-06-17,628.0,632.0,2999
VLBS,2026-06-17,720.2,735.0,8826
IHL,2026-06-17,402.0,396.5,8545
FOWAD,2026-06-17,970.0,1015.0,3771
HEIP,2026-06-17,328.0,319.0,1020
HURJA,2026-06-17,246.5,246.9,24156
MBJC,2026-06-17,280.2,283.0,14178
SANIMA,2026-06-17,362.0,360.0,28139
HIMSTAR,2026-06-17,830.0,840.0,3023
PHCL,2026-06-17,316.1,318.6,34595
NIBLSTF,2026-06-17,9.25,9.35,4420
SMH,2026-06-17,565.1,574.5,21727
GCIL,2026-06-17,389.0,386.7,12786
GVL,2026-06-17,489.0,482.6,10580
SPIL,2026-06-17,711.8,724.4,1027
SIGS3,2026-06-17,11.04,11.15,2200
ANLB,2026-06-17,5707.0,5868.0,128
HLBSL,2026-06-17,888.0,876.1,672
KHPL,2026-06-17,984.4,1008.0,31840
PMLI,2026-06-17,460.0,460.7,12603
HLI,2026-06-17,335.6,335.4,28805
TPC,2026-06-17,365.0,365.3,16230
DOLTI,2026-06-17,388.9,375.0,100538
UMRH,2026-06-17,540.0,536.0,3470
EBLD91,2026-06-17,1090.0,1090.0,100
KMCDB,2026-06-17,860.0,846.0,746
BPCL,2026-06-17,646.0,677.0,7929
RFPL,2026-06-17,364.9,361.5,10580
EBLD85,2026-06-17,1151.0,1180.0,150
MFIL,2026-06-17,731.0,766.2,25523
NABILD2089,2026-06-17,1105.0,1125.0,9555
PURE,2026-06-17,895.0,910.0,3699
DHEL,2026-06-17,622.0,620.0,7689
JFL,2026-06-17,414.0,405.0,7995
MHCL,2026-06-17,342.3,344.7,2058
SWMF,2026-06-17,657.0,659.0,1290
CIT,2026-06-17,1700.0,1732.0,4128
NWCL,2026-06-17,760.0,769.0,601
AKPL,2026-06-17,268.0,266.1,27604
NIFRA,2026-06-17,258.0,258.6,39333
SRLI,2026-06-17,388.4,390.6,7142
MKCL,2026-06-17,1199.0,1199.0,2307
USLB,2026-06-17,1225.0,1239.6,206
SPDL,2026-06-17,407.0,390.0,25243
BHCL,2026-06-17,551.0,541.0,53344
DORDI,2026-06-17,270.0,268.5,17550
GFCL,2026-06-17,626.0,626.1,16059
IGI,2026-06-17,451.0,450.0,39325
HIDCLP,2026-06-17,207.1,197.8,72200
NFS,2026-06-17,595.0,605.0,9748
BBC,2026-06-17,4100.0,4240.0,160
C30MF,2026-06-17,10.15,10.0,1300
LEC,2026-06-17,223.0,219.8,50521
API,2026-06-17,345.0,343.7,85029
SMJC,2026-06-17,453.1,460.0,25609
NRN,2026-06-17,1370.0,1428.0,149723
BANDIPUR,2026-06-17,811.2,817.1,10101
SABBL,2026-06-17,1080.1,1090.3,6186
RBBF40,2026-06-17,9.3,9.36,1350
NMFBS,2026-06-17,1125.3,1130.0,1586
NMLBBL,2026-06-17,580.0,578.0,2806
HIDCL,2026-06-17,261.0,260.9,32297
JHAPA,2026-06-17,1315.0,1311.0,8872
ACLBSL,2026-06-17,965.0,958.9,814
NIMBPO,2026-06-17,144.1,147.0,9250
RURU,2026-06-17,648.0,646.0,11547
SHL,2026-06-17,500.0,495.8,48298
CBBL,2026-06-17,915.0,913.5,14144
SBLD89,2026-06-17,1225.7,1260.0,211
HFIN,2026-06-17,836.0,823.0,20375
SOPL,2026-06-17,724.1,808.5,860
SIFC,2026-06-17,550.0,555.0,10186
USHL,2026-06-17,596.1,598.0,4027
MLBL,2026-06-17,361.7,362.0,16732
TTL,2026-06-17,800.0,796.0,6061
HEI,2026-06-17,550.0,554.0,14855
ICFC,2026-06-17,629.9,628.0,1067
OMPL,2026-06-17,1135.0,1149.0,2422
GLBSL,2026-06-17,1762.0,1762.0,6
NICAD2091,2026-06-17,1060.0,1060.0,50
MKHL,2026-06-17,505.0,509.9,23663
ILBS,2026-06-17,900.3,916.9,136
GSY,2026-06-17,9.86,9.88,13950
HHL,2026-06-17,377.0,364.0,39137
SHLB,2026-06-17,1440.1,1470.0,110
MKHC,2026-06-17,316.0,322.5,25056
MBL,2026-06-17,247.3,248.0,58200
CREST,2026-06-17,1240.0,1264.9,13159
JBLB,2026-06-17,1260.0,1270.0,2190
MATRI,2026-06-17,865.0,865.0,100
PCIL,2026-06-17,740.0,740.0,24500
SMB,2026-06-17,1720.0,1725.0,278
GLH,2026-06-17,264.0,264.0,17599
UPCL,2026-06-17,380.0,364.8,33602
MKJC,2026-06-17,485.1,486.0,5106
LUK,2026-06-17,9.9,9.87,800
PPL,2026-06-17,330.6,350.0,31646
UMHL,2026-06-17,565.0,585.6,52599
RMF2,2026-06-17,10.0,10.2,300
PRSF,2026-06-17,12.72,12.77,170600
DHPL,2026-06-17,315.0,300.0,2840
NHPC,2026-06-17,294.0,280.0,136759
MSLB,2026-06-17,1221.0,1223.3,755
BUNGAL,2026-06-17,750.0,818.0,232796
HATHY,2026-06-17,766.0,765.0,3129
MLBS,2026-06-17,1197.0,1202.0,160
SHEL,2026-06-17,308.0,308.0,34651
NTC,2026-06-17,850.0,848.5,4090
NMIC,2026-06-17,1012.0,1027.0,1790
AKJCL,2026-06-17,376.0,396.9,402291
SJCL,2026-06-17,285.1,286.3,4919
SHPC,2026-06-17,509.0,504.4,40534
SFCL,2026-06-17,375.0,379.0,6007
GILB,2026-06-17,1109.0,1111.0,1281
NBL,2026-06-17,256.5,267.0,76859
JSLBB,2026-06-17,1067.0,1067.0,65
RNLI,2026-06-17,459.2,459.6,7078
RHPL,2026-06-17,265.6,266.7,10867
DDBL,2026-06-17,842.0,835.0,5861
KPCL,2026-06-17,485.0,483.4,5508
HBL,2026-06-17,187.3,197.0,41380
NMB,2026-06-17,242.0,242.1,17486
NABIL,2026-06-17,532.0,532.0,20805
SKHL,2026-06-17,926.0,940.0,13761
MLBSL,2026-06-17,1757.0,1769.9,996
HRL,2026-06-17,658.0,632.0,49120
TRH,2026-06-17,734.0,773.1,2006
SBID2090,2026-06-17,1100.0,1166.0,35
SSHL,2026-06-17,211.1,209.5,48081
LBBLD89,2026-06-17,1240.0,1240.0,25
AHPC,2026-06-17,273.1,274.8,114103
BFC,2026-06-17,515.5,492.0,32217
NGPL,2026-06-17,447.0,428.5,66331
ILI,2026-06-17,428.1,432.0,5199
UHEWA,2026-06-17,615.0,642.5,94836
JBBD87,2026-06-17,1120.0,1108.8,50
MEN,2026-06-17,590.3,594.0,42847
SBLD84,2026-06-17,1070.0,1017.0,1
TVCL,2026-06-17,486.0,515.0,12471
EDBL,2026-06-17,575.0,577.0,1218
HLICF,2026-06-17,9.2,9.0,11000
RBCL,2026-06-17,14606.6,14700.0,137
GBIME,2026-06-17,241.5,239.6,49302
ICFCD89,2026-06-17,1090.1,1099.0,100
NIFRAGED,2026-06-17,1035.0,1039.0,55
GRDBL,2026-06-17,1069.4,1099.9,5670
RIDI,2026-06-17,327.0,345.0,119134
GIBF1,2026-06-17,10.8,11.12,3400
MPFL,2026-06-17,600.0,618.8,36424
SIPD,2026-06-17,733.0,728.0,13451
SJLIC,2026-06-17,428.5,427.9,15377
SARBTM,2026-06-17,823.0,832.0,5922
NICGF2,2026-06-17,9.19,9.5,5820
NMB50,2026-06-17,10.4,10.46,700
GBBL,2026-06-17,409.0,410.0,24163
MDB,2026-06-17,590.0,603.0,3681
CZBIL,2026-06-17,197.0,198.1,12269
PRVU,2026-06-17,193.0,193.2,56603
SICL,2026-06-17,628.0,628.4,6628
NBBD2085,2026-06-17,1184.0,1186.9,150
KDL,2026-06-17,815.0,824.7,1374
BJHL,2026-06-17,772.0,809.0,5603
CORBL,2026-06-17,1740.0,1750.0,4481
SKBBL,2026-06-17,765.0,761.0,7231
PSF,2026-06-17,11.86,12.19,12750
SWBBL,2026-06-17,727.0,735.0,2590
SANVI,2026-06-17,703.4,688.0,5000
SIGS2,2026-06-17,11.29,11.06,6000
NIBD84,2026-06-17,1074.0,1075.0,75
PRIN,2026-06-17,700.5,702.4,8960
APHL,2026-06-17,620.4,692.7,250
RLFL,2026-06-17,487.0,458.8,30160
GMFIL,2026-06-17,468.1,474.0,9251
UNHPL,2026-06-17,406.9,409.0,18054
SPHL,2026-06-17,585.0,606.0,25498
ADBL,2026-06-17,294.0,308.4,10225
KDBY,2026-06-17,11.21,11.26,101600
KEF,2026-06-17,10.74,10.85,3650
JBBL,2026-06-17,351.6,349.6,19893
SHIVM,2026-06-17,664.8,645.7,168999
NICBF,2026-06-17,9.42,9.41,14600
BHPL,2026-06-17,526.0,528.0,3365
SMFBS,2026-06-17,1501.9,1497.0,59
NICL,2026-06-17,535.0,531.0,12642
MEHL,2026-06-17,363.0,359.0,1720
TAMOR,2026-06-17,451.0,452.4,10787
NUBL,2026-06-17,650.0,641.1,5656
SAHAS,2026-06-17,660.0,662.6,53981
NYADI,2026-06-17,391.1,398.0,7886
HPPL,2026-06-17,367.0,371.7,36621
BNT,2026-06-17,11611.2,11555.6,75
BARUN,2026-06-17,336.3,335.0,32750
PCBL,2026-06-17,239.0,236.0,46650
KBL,2026-06-17,211.4,209.8,341350
UAIL,2026-06-17,467.1,469.0,5143
MEL,2026-06-17,234.6,239.9,12944
CKHL,2026-06-17,621.0,647.5,382
SMPDA,2026-06-17,874.6,838.0,1487
HDHPC,2026-06-17,220.0,219.3,257957
LICN,2026-06-17,806.1,808.9,4971
BHL,2026-06-17,220.0,216.0,65703
PPCL,2026-06-17,387.2,365.0,20753
NBF3,2026-06-17,10.0,10.05,94600
SLCF,2026-06-17,10.21,10.07,20655
AVYAN,2026-06-17,1003.7,1050.0,2219
RSML,2026-06-17,3230.0,3399.0,55293
MNMF1,2026-06-17,9.75,10.0,4250
SBLD2091,2026-06-17,1076.1,1095.0,2
MND84/85,2026-06-17,1070.6,1075.0,80
SLBBL,2026-06-17,810.0,815.0,3824
NLIC,2026-06-17,797.0,759.0,20163
ALICL,2026-06-17,450.0,448.2,26729
GBIMESY2,2026-06-17,9.37,9.3,2350
KSY,2026-06-17,9.5,9.75,1400
KBSH,2026-06-17,1550.0,1527.0,174
GBILD84/85,2026-06-17,1160.0,1160.0,51
NIL,2026-06-17,661.0,648.0,1782
RAWA,2026-06-17,500.0,494.0,64841
NRM,2026-06-17,335.0,337.0,14466
SKHEL,2026-06-17,1113.0,1135.0,3008
MHNL,2026-06-17,260.0,259.0,9316
NMBHF2,2026-06-17,9.51,9.64,7620
VLUCL,2026-06-17,484.9,484.0,3218
PMHPL,2026-06-17,330.0,334.0,5224
KSBBL,2026-06-17,482.0,487.0,5458
PBLD87,2026-06-17,1099.0,1095.0,75
GUFL,2026-06-17,567.0,550.0,7735
RBCLPO,2026-06-17,11700.0,11600.2,20
MAKAR,2026-06-17,485.1,490.0,3090
EBL,2026-06-17,698.0,697.0,23597
NBF2,2026-06-17,10.1,9.85,2200
UNLB,2026-06-17,1365.0,1368.0,825
MMKJL,2026-06-17,505.0,498.0,720
NBLD85,2026-06-17,1060.0,1065.0,75
NMBMF,2026-06-17,636.0,640.0,858
NIMB,2026-06-17,205.1,195.5,98933
KKHC,2026-06-17,259.7,255.9,17365
BHDC,2026-06-17,455.0,457.0,5335
MBLEF,2026-06-17,9.9,10.15,8800
EBLEB89,2026-06-17,1060.1,1060.1,50
HBLD86,2026-06-17,1198.0,1200.0,70
EBLD86,2026-06-17,1125.0,1125.0,90000
SPC,2026-06-17,455.0,450.7,6446
SGHC,2026-06-17,352.0,359.0,6574
LVF2,2026-06-17,9.76,9.85,1870
TSHL,2026-06-17,530.0,535.0,1531
UPPER,2026-06-17,209.6,200.0,62687
EHPL,2026-06-17,387.0,397.0,38731
SADBL,2026-06-17,412.0,410.9,6120
SCB,2026-06-17,655.0,647.0,7445
CYCL,2026-06-17,1375.0,1425.0,545
SGIC,2026-06-17,481.0,482.3,12720
LLBS,2026-06-17,924.2,926.5,33
SHINE,2026-06-17,410.0,405.0,40361
FMDBL,2026-06-17,733.0,776.4,7298
NRIC,2026-06-17,1050.0,996.0,29438
ALBSL,2026-06-17,1060.0,1097.6,5769
MABEL,2026-06-17,703.0,706.5,11208
SAIL,2026-06-17,1000.0,1035.0,7939
SHINED,2026-06-17,1095.0,1095.0,100
RHGCL,2026-06-17,286.6,281.5,9171
SWASTIK,2026-06-17,2200.0,2235.2,414
SBI,2026-06-17,399.8,392.0,42784
CLI,2026-06-17,450.0,452.5,7237
SMHL,2026-06-17,469.0,492.3,23250
BNHC,2026-06-17,324.0,322.8,28916
ENL,2026-06-17,870.0,878.7,321
CFCL,2026-06-17,622.0,617.0,270479
MLBBL,2026-06-17,1180.0,1178.0,1141
RSDC,2026-06-17,656.0,655.1,2369
GMFBS,2026-06-17,1302.0,1245.0,891
ULHC,2026-06-17,426.0,428.0,7636
SMATA,2026-06-17,750.1,764.0,2949
SFEF,2026-06-17,10.06,10.08,700
PBD88,2026-06-17,1190.0,1145.0,10025
GBLBS,2026-06-17,758.0,775.0,3393
SIKLES,2026-06-17,588.0,580.0,12098
NLG,2026-06-17,615.0,618.9,8621
NICD83/84,2026-06-17,1042.8,1042.8,12
AHL,2026-06-17,479.0,478.9,14931
LSL,2026-06-17,208.0,218.0,437436
NICSF,2026-06-17,9.4,9.3,9789
NMBD89/90,2026-06-17,1325.0,1206.0,18608
NIBLGF,2026-06-17,9.35,9.35,1300
PROFL,2026-06-17,458.0,448.0,4067
BGWT,2026-06-17,677.3,650.0,812
SBID83,2026-06-17,1072.0,1072.0,85
PBD85,2026-06-17,1069.2,1075.0,55
NSY,2026-06-17,9.3,9.6,2750
H8020,2026-06-17,11.75,11.97,332421
NSIF2,2026-06-17,10.8,10.7,14948
NABBC,2026-06-17,831.0,852.0,5094
GHL,2026-06-17,235.0,233.0,12271
CMF2,2026-06-17,9.9,10.0,980
CITY,2026-06-17,435.0,423.1,229225
SLBSL,2026-06-17,1200.0,1208.0,1123
ICFCD88,2026-06-17,1150.0,1150.0,25
SFMF,2026-06-17,10.9,10.7,700
USHEC,2026-06-17,502.5,501.1,11411
PFL,2026-06-17,373.0,375.0,2520
MERO,2026-06-17,713.1,719.9,2512
PBLD84,2026-06-17,1129.9,1138.0,435
SYPNL,2026-06-17,1387.1,1448.0,37448
CSY,2026-06-17,9.16,9.19,13200
SAGAR,2026-06-17,1603.0,1689.0,1938
GBBD85,2026-06-17,1085.0,1085.0,25
SBL,2026-06-17,395.1,394.9,62233
CHL,2026-06-17,285.1,282.7,10577
SAGF,2026-06-17,10.1,10.1,300
OHL,2026-06-17,691.1,692.0,4643
RLEL,2026-06-17,905.0,903.8,7163
NICLBSL,2026-06-17,569.9,570.0,4831
RADHI,2026-06-17,740.0,742.9,37147
NLICL,2026-06-17,577.0,579.0,13241
WNLB,2026-06-17,1400.0,1420.0,186
CBLD88,2026-06-17,1225.0,1225.0,50
SNLI,2026-06-17,445.4,446.5,9453
BEDC,2026-06-17,385.0,375.0,94723
SBCF,2026-06-17,9.89,10.0,18832
KBLD86,2026-06-17,1144.1,1200.0,60
NADEP,2026-06-17,750.0,743.5,744
NUBL,2026-06-16,655.0,643.0,5697
LSL,2026-06-16,229.0,217.0,66256
NHDL,2026-06-16,648.0,634.9,2856
CKHL,2026-06-16,640.0,640.0,663
CSY,2026-06-16,9.12,9.16,16250
JBLB,2026-06-16,1268.0,1269.0,4187
USLB,2026-06-16,1250.0,1246.9,640
ILBS,2026-06-16,929.0,916.8,2293
BHPL,2026-06-16,540.0,520.0,5017
PBLD86,2026-06-16,1170.4,1183.0,25000
KHPL,2026-06-16,1041.0,1035.0,33110
BUNGAL,2026-06-16,745.3,747.9,164406
SAGF,2026-06-16,10.17,10.17,200
SLBBL,2026-06-16,816.4,819.7,5802
PURE,2026-06-16,910.0,897.0,6010
MBJC,2026-06-16,280.1,283.5,18477
MKHC,2026-06-16,314.0,316.0,34494
KPCL,2026-06-16,486.0,485.0,5827
UMHL,2026-06-16,591.7,591.0,27475
JBBD87,2026-06-16,1125.0,1125.0,25
KSY,2026-06-16,9.65,9.65,1720
KMCDB,2026-06-16,848.2,849.0,3271
KEF,2026-06-16,10.84,10.8,18410
NMIC,2026-06-16,1025.0,1038.0,3198
NICAD2091,2026-06-16,1050.0,1060.0,50
SNLI,2026-06-16,445.0,445.5,11061
DOLTI,2026-06-16,363.0,388.0,271512
VLBS,2026-06-16,745.6,727.0,15209
CITY,2026-06-16,412.6,431.8,181170
PBD88,2026-06-16,1205.0,1205.0,25
SLBSL,2026-06-16,1175.2,1200.0,242
HEI,2026-06-16,563.0,560.0,3771
MHL,2026-06-16,496.0,497.8,5668
HHL,2026-06-16,363.0,369.0,13573
KDL,2026-06-16,811.0,823.5,1201
API,2026-06-16,348.9,343.2,120794
H8020,2026-06-16,11.6,11.75,5251
UHEWA,2026-06-16,631.0,642.0,78639
SMFBS,2026-06-16,1483.0,1501.9,477
PFL,2026-06-16,374.3,374.0,3107
EBLD85,2026-06-16,1151.1,1151.1,100
HBL,2026-06-16,197.2,197.1,26019
OHL,2026-06-16,684.1,696.0,1277
OMPL,2026-06-16,1150.0,1149.0,2209
PMLI,2026-06-16,463.0,465.0,3453
MBLEF,2026-06-16,9.97,10.0,64100
SAPDBL,2026-06-16,830.0,822.9,22262
MAKAR,2026-06-16,490.0,488.0,3732
DLBS,2026-06-16,1253.0,1245.1,742
PMHPL,2026-06-16,336.0,333.1,6499
EBLD86,2026-06-16,1123.0,1123.7,275
NICLBSL,2026-06-16,570.0,571.0,2206
TPC,2026-06-16,363.1,365.2,13322
MKJC,2026-06-16,500.0,482.1,5884
RMF1,2026-06-16,9.68,9.8,1200
NRM,2026-06-16,350.0,335.5,23268
DHEL,2026-06-16,607.0,622.0,10095
NIMB,2026-06-16,194.9,195.4,65057
MLBBL,2026-06-16,1183.0,1165.0,838
HDL,2026-06-16,1097.7,1151.5,15106
MSHL,2026-06-16,675.0,679.0,339
SJLIC,2026-06-16,429.0,428.5,5756
SIPD,2026-06-16,736.0,732.0,16910
NIFRA,2026-06-16,258.0,258.0,59587
UMRH,2026-06-16,533.0,535.0,3280
UPCL,2026-06-16,383.2,362.0,33708
RMF2,2026-06-16,10.0,10.19,14499
HEIP,2026-06-16,329.7,328.9,672
JOSHI,2026-06-16,270.0,280.5,29043
SHINE,2026-06-16,410.0,407.5,20767
MHNL,2026-06-16,256.5,258.3,6823
ADBL,2026-06-16,312.5,309.0,14647
SWMF,2026-06-16,660.0,657.0,563
CORBL,2026-06-16,1820.0,1785.9,16529
DORDI,2026-06-16,268.0,267.5,11707
SRLI,2026-06-16,391.0,391.0,11183
CGH,2026-06-16,783.1,783.5,4547
MPFL,2026-06-16,620.0,618.0,28459
NGPL,2026-06-16,450.9,425.9,51445
GMLI,2026-06-16,1270.0,1296.0,1530
RLFL,2026-06-16,460.0,463.9,21446
JSLBB,2026-06-16,1090.7,1065.0,336
BHL,2026-06-16,216.0,215.8,53970
RSDC,2026-06-16,658.2,656.0,1732
NLIC,2026-06-16,798.4,759.8,10634
PPCL,2026-06-16,393.5,368.8,12780
MLBL,2026-06-16,361.0,361.7,16049
SADBL,2026-06-16,429.0,409.0,14738
AVYAN,2026-06-16,1007.0,1056.5,2029
SBLD2091,2026-06-16,1076.0,1076.1,379
SFCL,2026-06-16,378.0,375.0,6427
JHAPA,2026-06-16,1280.0,1322.0,6211
NABBC,2026-06-16,836.0,855.0,38661
GBIME,2026-06-16,240.0,240.0,103889
AKPL,2026-06-16,268.9,268.0,49007
RBBF40,2026-06-16,9.5,9.5,10650
SEF,2026-06-16,10.2,10.16,36790
GHL,2026-06-16,234.1,233.0,15737
SFMF,2026-06-16,10.9,10.9,2000
HDHPC,2026-06-16,218.9,218.5,75100
LBBL,2026-06-16,485.0,487.2,45634
SIFC,2026-06-16,560.0,545.0,13784
NMBD89/90,2026-06-16,1355.4,1320.0,62
MATRI,2026-06-16,853.6,866.0,422
SGHC,2026-06-16,354.5,355.5,6902
GBLBS,2026-06-16,770.0,764.0,2874
FOWAD,2026-06-16,1017.0,1020.0,1184
ULHC,2026-06-16,437.0,429.0,10206
C30MF,2026-06-16,10.11,10.11,900
NMB,2026-06-16,244.9,242.3,22188
BJHL,2026-06-16,805.1,812.0,4775
MNMF1,2026-06-16,9.81,10.0,4750
HIMSTAR,2026-06-16,834.0,845.0,6313
PCIL,2026-06-16,741.0,742.0,28987
CIT,2026-06-16,1749.0,1734.7,4992
USHEC,2026-06-16,505.0,502.5,13108
KBSH,2026-06-16,1503.0,1506.0,47
RBCL,2026-06-16,14723.0,14945.0,210
SABBL,2026-06-16,1099.0,1085.4,7400
BGWT,2026-06-16,649.0,645.1,1004
NICSF,2026-06-16,9.8,9.53,31040
MND84/85,2026-06-16,1070.2,1070.2,20
KKHC,2026-06-16,260.9,254.0,32889
NIMBD90,2026-06-16,1223.0,1169.0,49409
CYCL,2026-06-16,1395.0,1413.0,755
SYPNL,2026-06-16,1389.9,1460.1,68568
SPL,2026-06-16,700.0,699.0,2822
ICFCD89,2026-06-16,1087.0,1095.0,125
NCCD86,2026-06-16,1121.0,1154.0,22563
GFCL,2026-06-16,644.7,627.9,16687
MMF1,2026-06-16,9.5,9.56,37206
NICFC,2026-06-16,9.4,9.39,15930
BOKD86,2026-06-16,1090.0,1090.0,30
SBD89,2026-06-16,1236.0,1236.0,25
SKBBL,2026-06-16,762.2,763.0,10859
SBL,2026-06-16,398.5,395.1,461883
NRN,2026-06-16,1393.0,1371.8,22896
NBF2,2026-06-16,10.01,9.86,1000
NLG,2026-06-16,625.0,622.0,9683
GBIMESY2,2026-06-16,9.37,9.4,12800
NESDO,2026-06-16,1526.1,1559.9,363
LBBLD89,2026-06-16,1232.0,1232.0,300
KBLD90,2026-06-16,1222.6,1222.6,25
NTC,2026-06-16,849.0,849.0,9317
IGI,2026-06-16,458.0,451.0,5915
MERO,2026-06-16,711.3,720.0,4546
NMB50,2026-06-16,10.38,10.38,100
NIL,2026-06-16,647.0,646.0,9615
MFIL,2026-06-16,768.2,769.0,19810
GMFBS,2026-06-16,1245.0,1269.8,24
NWCL,2026-06-16,775.0,766.0,2604
PPL,2026-06-16,330.6,348.0,13315
SONA,2026-06-16,456.0,434.2,45537
RSML,2026-06-16,3410.0,3342.0,44416
CHL,2026-06-16,281.0,283.9,7703
BANDIPUR,2026-06-16,809.0,820.0,51334
SLCF,2026-06-16,9.87,9.92,8000
BPCL,2026-06-16,646.0,680.0,33643
KBLD86,2026-06-16,1131.6,1179.3,45
SMB,2026-06-16,1711.0,1720.0,379
MABEL,2026-06-16,666.0,703.5,18931
SAHAS,2026-06-16,659.4,661.0,48659
MDB,2026-06-16,634.0,601.9,13870
SOHL,2026-06-16,666.6,635.9,50127
CIZBD86,2026-06-16,1145.0,1145.0,15
ALICL,2026-06-16,442.0,450.2,9889
SHL,2026-06-16,500.0,498.0,14809
NICA,2026-06-16,337.5,335.9,43787
SBI,2026-06-16,396.9,395.0,19466
UNHPL,2026-06-16,407.3,406.6,20412
TTL,2026-06-16,795.0,799.8,5892
NLICL,2026-06-16,576.6,579.9,3668
ACLBSL,2026-06-16,945.0,950.0,359
SOPL,2026-06-16,629.5,703.1,780
AHL,2026-06-16,479.0,479.0,2828
UAIL,2026-06-16,480.0,471.0,8925
UNL,2026-06-16,47399.9,47399.9,10
SALICO,2026-06-16,627.1,620.0,3116
LEC,2026-06-16,220.2,220.0,31657
TAMOR,2026-06-16,450.0,450.6,37822
SBCF,2026-06-16,9.47,9.61,1487
SKHEL,2026-06-16,1100.0,1123.0,8247
PHCL,2026-06-16,302.3,316.5,99802
SAIL,2026-06-16,1004.2,1039.0,11247
SBLD84,2026-06-16,1070.0,1070.0,50
AKJCL,2026-06-16,395.0,394.8,814194
ANLB,2026-06-16,5846.0,5843.0,272
CLI,2026-06-16,450.2,452.0,9140
LICN,2026-06-16,853.1,806.4,7619
SBLPO,2026-06-16,210.0,210.0,244164
PSF,2026-06-16,12.02,12.22,205498
SBD87,2026-06-16,1122.0,1130.0,50020
DDBL,2026-06-16,833.0,836.0,3367
NIBD2082,2026-06-16,1041.5,1040.0,195
SMATA,2026-06-16,763.2,761.6,1635
NMBD87/88,2026-06-16,1090.0,1100.0,155
CHCL,2026-06-16,484.0,481.9,12988
GCIL,2026-06-16,387.0,389.0,30777
SHLB,2026-06-16,1427.7,1440.9,100
ICFC,2026-06-16,622.0,625.0,7727
HRL,2026-06-16,663.0,630.0,55529
MEL,2026-06-16,232.2,235.9,5357
JFL,2026-06-16,426.2,407.9,5123
HURJA,2026-06-16,247.0,247.0,30125
SSHL,2026-06-16,214.8,210.0,65639
BEDC,2026-06-16,362.0,377.0,182697
STC,2026-06-16,5305.0,5257.0,275
HFIN,2026-06-16,830.0,839.0,32869
RAWA,2026-06-16,498.5,496.8,282879
ALBSL,2026-06-16,1080.0,1100.0,7350
MLBS,2026-06-16,1194.0,1230.0,395
GLBSL,2026-06-16,1765.0,1762.0,98
MNBBL,2026-06-16,372.0,370.0,32262
NMBMF,2026-06-16,640.0,636.0,1006
EBL,2026-06-16,699.8,696.1,35104
SGIC,2026-06-16,493.0,481.7,10831
MMKJL,2026-06-16,502.0,505.0,2475
NBF3,2026-06-16,9.7,9.99,86480
RLEL,2026-06-16,937.9,906.3,6077
EHPL,2026-06-16,381.0,387.0,11907
NIBSF2,2026-06-16,8.99,9.1,11350
NADEP,2026-06-16,742.0,750.9,2268
SPHL,2026-06-16,620.0,602.0,70422
RBBD2088,2026-06-16,1079.9,1065.0,61422
HLBSL,2026-06-16,895.0,888.0,604
ILI,2026-06-16,431.6,433.0,6811
GBBD85,2026-06-16,1085.0,1081.1,50
NIBLGF,2026-06-16,9.35,9.36,3000
HATHY,2026-06-16,775.0,763.1,5290
SHEL,2026-06-16,309.0,308.0,47890
RFPL,2026-06-16,360.6,359.0,28085
NHPC,2026-06-16,282.0,280.0,232398
GIBF1,2026-06-16,10.73,10.8,2900
NICL,2026-06-16,508.3,535.0,23361
SJCL,2026-06-16,283.1,287.1,9490
MKHL,2026-06-16,510.0,500.0,2555
SMH,2026-06-16,565.0,580.0,10444
ULBSL,2026-06-16,2885.0,2878.0,916
SANVI,2026-06-16,680.0,683.0,10002
DHPL,2026-06-16,311.0,300.0,1872
PRIN,2026-06-16,709.0,704.7,21023
SHPC,2026-06-16,506.0,505.5,42995
AHPC,2026-06-16,275.0,274.5,77199
GUFL,2026-06-16,560.0,555.0,7454
TRH,2026-06-16,780.0,772.3,2585
BHDC,2026-06-16,457.0,454.7,2012
KBL,2026-06-16,213.0,212.0,100950
NSY,2026-06-16,9.3,9.41,8426
RHGCL,2026-06-16,293.0,280.1,11911
FMDBL,2026-06-16,812.0,771.5,22041
RBCLPO,2026-06-16,11750.0,11750.0,10
TVCL,2026-06-16,481.0,486.2,1841
SPDL,2026-06-16,411.6,388.3,24132
SBID2090,2026-06-16,1050.0,1102.1,16240
NFS,2026-06-16,606.0,600.0,9080
HLICF,2026-06-16,8.87,9.2,11600
NYADI,2026-06-16,386.3,398.0,7593
ICFCD83,2026-06-16,1103.0,1103.0,100
NMFBS,2026-06-16,1137.0,1133.0,5709
SWASTIK,2026-06-16,2250.0,2225.0,450
LVF2,2026-06-16,9.5,9.67,700
SIKLES,2026-06-16,619.5,586.0,3204
PRVU,2026-06-16,194.0,193.9,42334
LLBS,2026-06-16,926.0,925.1,64
SFEF,2026-06-16,10.2,10.06,21250
LUK,2026-06-16,10.04,10.2,7920
SANIMA,2026-06-16,376.0,362.0,51931
TSHL,2026-06-16,520.0,533.0,1786
NRIC,2026-06-16,990.0,1000.0,38436
BFC,2026-06-16,497.0,491.0,46240
MHCL,2026-06-16,350.0,342.3,7494
CHDC,2026-06-16,2221.0,2224.9,8159
SICL,2026-06-16,634.0,630.0,2237
SWBBL,2026-06-16,732.0,735.0,3756
MKCL,2026-06-16,1202.0,1199.0,2512
GMFIL,2026-06-16,470.0,476.0,9773
BBC,2026-06-16,4400.0,4269.0,220
PROFL,2026-06-16,451.0,446.2,8691
MBL,2026-06-16,247.1,247.3,28049
CFCL,2026-06-16,589.0,611.0,141008
KSBBLD87,2026-06-16,1125.0,1125.0,25
NICGF2,2026-06-16,9.4,9.22,3500
SCB,2026-06-16,655.0,650.0,2142
KSBBL,2026-06-16,484.9,485.0,6556
HLI,2026-06-16,336.0,336.0,20287
GILB,2026-06-16,1111.0,1109.0,1220
GBBL,2026-06-16,410.0,407.0,47276
RNLI,2026-06-16,459.4,459.2,19061
NIBD84,2026-06-16,1048.0,1047.3,50
JBBL,2026-06-16,355.8,351.6,12121
SMHL,2026-06-16,491.1,492.7,31734
HIDCL,2026-06-16,262.0,260.6,53425
BARUN,2026-06-16,336.5,336.0,36785
BNT,2026-06-16,11619.1,11619.1,10
SARBTM,2026-06-16,836.0,833.0,9420
RURU,2026-06-16,645.0,646.0,5014
VLUCL,2026-06-16,475.0,481.0,3331
EDBL,2026-06-16,575.0,575.0,1648
RADHI,2026-06-16,787.5,740.0,35337
PRSF,2026-06-16,12.92,12.81,153173
UPPER,2026-06-16,203.0,199.7,93985
SAGAR,2026-06-16,1678.3,1687.0,2706
SMJC,2026-06-16,452.2,452.0,10938
RSY,2026-06-16,10.25,10.23,612800
RIDI,2026-06-16,360.0,343.5,190745
NSIF2,2026-06-16,10.6,10.82,13000
NABIL,2026-06-16,532.0,532.0,30151
RHPL,2026-06-16,265.5,268.0,11848
MLBSL,2026-06-16,1760.0,1757.0,152
PBLD87,2026-06-16,1065.0,1090.0,225
GVL,2026-06-16,484.0,485.2,6644
MEHL,2026-06-16,375.0,364.0,7394
GSY,2026-06-16,10.0,9.86,23800
NIMBPO,2026-06-16,143.6,146.0,11987
CZBIL,2026-06-16,200.0,197.0,82925
NMLBBL,2026-06-16,580.0,580.0,2238
PBD84,2026-06-16,1079.0,1079.0,25
KDBY,2026-06-16,11.28,11.25,1063850
GRDBL,2026-06-16,1080.0,1113.8,38763
APHL,2026-06-16,550.0,602.4,260
SHIVM,2026-06-16,623.2,651.0,111072
NIBLSTF,2026-06-16,9.8,9.4,4610
GLH,2026-06-16,261.3,264.0,15013
WNLB,2026-06-16,1420.0,1420.0,85
MEN,2026-06-16,597.0,594.2,21295
MCHL,2026-06-16,315.0,324.0,47852
SPIL,2026-06-16,710.0,725.0,8484
USHL,2026-06-16,597.0,604.9,4665
SBID83,2026-06-16,1071.0,1071.0,200
PCBL,2026-06-16,235.3,237.0,26361
BHCL,2026-06-16,560.0,550.0,77140
MANDU,2026-06-16,821.0,821.2,2097
HIDCLP,2026-06-16,198.5,197.3,96630
SBID89,2026-06-16,1141.0,1141.0,25
ENL,2026-06-16,873.0,876.5,600
NABILD2089,2026-06-16,1124.0,1124.0,10
IHL,2026-06-16,393.0,399.0,18035
NMBHF2,2026-06-16,9.5,9.8,4050
BNHC,2026-06-16,321.1,325.0,1618
CBBL,2026-06-16,916.0,915.0,12234
NBL,2026-06-16,270.0,269.9,26472
NIFRAUR85/86,2026-06-16,1040.1,1041.1,35
SPC,2026-06-16,452.0,454.9,5019
NBLD82,2026-06-16,1056.0,1056.0,30154
SKHL,2026-06-16,940.0,925.7,13980
SINDU,2026-06-16,730.0,740.0,3916
CREST,2026-06-16,1250.0,1250.5,6425
SMPDA,2026-06-16,827.5,833.0,1526
HPPL,2026-06-16,366.5,367.0,17970
SHINED,2026-06-16,1098.0,1095.0,455
EBLD91,2026-06-16,1090.0,1090.0,160
NIFRAGED,2026-06-16,1018.5,1035.0,40
UNLB,2026-06-16,1454.1,1330.2,900
MSLB,2026-06-16,1220.0,1236.0,628
SIGS3,2026-06-16,11.23,11.36,2700
SHIVM,2026-06-15,670.0,656.0,103286
SCB,2026-06-15,650.0,650.0,2646
NRN,2026-06-15,1388.0,1371.0,31493
VLUCL,2026-06-15,475.0,484.9,1000
NABILD2089,2026-06-15,1092.0,1092.0,100
BPCL,2026-06-15,680.0,679.5,14092
SMHL,2026-06-15,488.7,494.0,14548
RHGCL,2026-06-15,275.0,280.9,13436
SCBD,2026-06-15,1155.0,1155.0,10
AKPL,2026-06-15,269.0,268.0,42492
DHEL,2026-06-15,629.0,619.0,9796
TRH,2026-06-15,777.0,774.0,1301
NIBD84,2026-06-15,1050.4,1050.4,25
SHLB,2026-06-15,1453.0,1453.0,20
PURE,2026-06-15,905.0,908.0,6072
TVCL,2026-06-15,485.1,490.0,1608
SEF,2026-06-15,10.48,10.19,26725
RSML,2026-06-15,3420.0,3460.0,47155
SHINED,2026-06-15,1100.0,1100.0,25
UPCL,2026-06-15,362.1,365.0,25829
CHL,2026-06-15,282.5,280.7,14230
UPPER,2026-06-15,201.0,200.2,83915
DOLTI,2026-06-15,354.0,363.0,183189
GBIMESY2,2026-06-15,9.37,9.41,1600
NMFBS,2026-06-15,1135.0,1134.3,2771
KSBBL,2026-06-15,481.1,483.0,5249
RAWA,2026-06-15,511.1,500.0,152128
SAPDBL,2026-06-15,833.7,840.0,35490
SALICO,2026-06-15,628.1,626.9,6341
MPFL,2026-06-15,620.0,632.2,30907
CITY,2026-06-15,423.0,434.3,312259
SAGAR,2026-06-15,1656.0,1694.0,8069
NBF3,2026-06-15,10.0,10.0,19314
SBLD2091,2026-06-15,1076.1,1076.1,75
OMPL,2026-06-15,1125.0,1144.0,3131
ULBSL,2026-06-15,2830.0,2900.0,536
SIFC,2026-06-15,589.5,556.0,14879
NABIL,2026-06-15,533.0,531.5,39328
NTC,2026-06-15,859.8,848.0,10695
HIDCLP,2026-06-15,200.6,198.3,111450
MMF1,2026-06-15,9.3,9.55,53100
PRVU,2026-06-15,194.0,194.0,55287
TSHL,2026-06-15,525.0,525.0,3498
NIFRAGED,2026-06-15,1050.0,1050.0,25
GUFL,2026-06-15,572.0,560.0,10056
MBJC,2026-06-15,282.0,283.2,15151
MKHL,2026-06-15,500.0,505.0,19777
SMATA,2026-06-15,780.0,763.2,2124
MFIL,2026-06-15,760.0,774.0,87753
KDL,2026-06-15,820.0,817.0,2141
GRDBL,2026-06-15,1148.6,1113.0,26401
NRM,2026-06-15,346.0,340.0,21970
EDBL,2026-06-15,576.2,574.5,6294
NMB50,2026-06-15,10.9,10.7,9560
KBL,2026-06-15,212.2,213.0,128612
UMHL,2026-06-15,595.0,591.7,55361
SBID83,2026-06-15,1063.5,1070.0,113
ANLB,2026-06-15,5800.0,5819.9,205
CGH,2026-06-15,748.0,783.1,7700
NWCL,2026-06-15,780.1,772.0,5167
SFCL,2026-06-15,378.0,378.0,5320
KSBBLD87,2026-06-15,1125.0,1125.0,50
MLBL,2026-06-15,367.0,360.7,37156
SGIC,2026-06-15,488.0,486.7,24744
HATHY,2026-06-15,775.0,775.0,2472
HLI,2026-06-15,336.9,336.0,44820
ADBL,2026-06-15,310.0,311.0,14590
HDL,2026-06-15,1097.6,1154.0,19152
PBD88,2026-06-15,1215.0,1200.0,115
NLG,2026-06-15,636.0,625.0,10421
TTL,2026-06-15,799.1,795.0,11608
MSHL,2026-06-15,670.2,687.0,434
ALBSL,2026-06-15,1081.0,1105.0,5480
NIBLGF,2026-06-15,9.22,9.23,600
SWASTIK,2026-06-15,2230.1,2264.9,460
PCBL,2026-06-15,241.9,239.0,46539
ACLBSL,2026-06-15,955.0,948.0,547
BUNGAL,2026-06-15,700.1,709.9,36086
NIMB,2026-06-15,194.2,194.9,64357
H8020,2026-06-15,11.58,11.7,1352532
LBBLD89,2026-06-15,1251.0,1251.0,25
NLICL,2026-06-15,581.2,581.5,11993
FMDBL,2026-06-15,782.0,776.9,13851
SGHC,2026-06-15,360.0,355.2,13849
JHAPA,2026-06-15,1273.0,1345.0,12556
PCIL,2026-06-15,730.0,741.0,40066
LICN,2026-06-15,808.3,812.5,10849
BNHC,2026-06-15,325.0,326.0,4325
MEL,2026-06-15,235.0,236.4,4913
PMHPL,2026-06-15,330.2,331.5,2605
GMFIL,2026-06-15,476.0,478.0,28854
MKHC,2026-06-15,313.0,311.7,22925
PMLI,2026-06-15,488.7,463.1,2620
PPCL,2026-06-15,375.0,374.8,26314
MMKJL,2026-06-15,494.7,509.0,1662
HLICF,2026-06-15,8.75,9.0,7700
EHPL,2026-06-15,395.0,384.0,7047
BNL,2026-06-15,15600.0,15600.0,10
NIBSF2,2026-06-15,9.02,9.12,5300
PSF,2026-06-15,12.0,12.3,19500
MHL,2026-06-15,493.0,496.0,1447
NGPL,2026-06-15,439.0,429.5,63887
KMCDB,2026-06-15,854.5,847.9,3946
MHCL,2026-06-15,347.0,344.9,1197
NICBF,2026-06-15,9.15,9.15,300
SBLD84,2026-06-15,1078.0,1078.0,16043
PROFL,2026-06-15,450.2,449.0,8398
CREST,2026-06-15,1341.0,1259.8,2895
ILBS,2026-06-15,926.0,917.0,239
MKJC,2026-06-15,489.0,486.1,2411
RBCL,2026-06-15,14801.0,14806.0,20
PRSF,2026-06-15,12.83,12.95,130620
CHCL,2026-06-15,483.0,482.0,34538
PFL,2026-06-15,398.0,379.4,6700
ALICL,2026-06-15,452.0,449.0,14690
MCHL,2026-06-15,308.0,308.0,6989
MABEL,2026-06-15,720.0,685.0,9641
RBBD2088,2026-06-15,1040.6,1065.0,150
GSY,2026-06-15,9.93,9.95,5700
NHPC,2026-06-15,283.5,282.0,245858
SPC,2026-06-15,450.4,455.0,2311
SONA,2026-06-15,434.1,436.1,29582
SAHAS,2026-06-15,660.0,659.5,52248
NIL,2026-06-15,649.1,649.9,7613
SRLI,2026-06-15,413.7,392.6,11057
GBBD85,2026-06-15,1085.0,1085.0,70
KHPL,2026-06-15,1066.0,1073.0,36390
HLBSL,2026-06-15,851.5,895.9,223
MNMF1,2026-06-15,9.82,10.0,2250
SSHL,2026-06-15,222.4,212.0,60648
BGWT,2026-06-15,645.9,665.0,744
IGI,2026-06-15,452.1,456.0,9870
RFPL,2026-06-15,353.0,362.2,6273
MHNL,2026-06-15,257.0,258.8,6114
SMJC,2026-06-15,453.0,454.0,6596
SLBBL,2026-06-15,815.2,816.4,1773
SWBBL,2026-06-15,744.9,734.0,1741
SBCF,2026-06-15,9.9,9.76,4000
SOPL,2026-06-15,550.0,611.4,610
NESDO,2026-06-15,1550.0,1555.0,1080
SNLI,2026-06-15,447.0,448.0,10124
MNBBL,2026-06-15,374.0,373.0,17978
RMF2,2026-06-15,9.97,9.99,200
OHL,2026-06-15,702.0,705.0,1059
SHEL,2026-06-15,313.9,308.2,45917
NSY,2026-06-15,9.5,9.5,27775
RLFL,2026-06-15,450.0,455.0,34195
GBILD86/87,2026-06-15,1125.0,1125.0,39669
SKHL,2026-06-15,949.0,950.0,14871
ULHC,2026-06-15,440.5,437.0,7006
APHL,2026-06-15,469.2,523.9,210
NICGF2,2026-06-15,9.2,9.26,3900
NSIF2,2026-06-15,10.7,10.79,43700
CIZBD86,2026-06-15,1145.0,1145.0,25
TAMOR,2026-06-15,455.0,450.0,39090
SHINE,2026-06-15,408.6,408.0,14801
MDB,2026-06-15,600.3,606.0,3750
SADBL,2026-06-15,415.0,410.3,8219
SAGF,2026-06-15,10.11,10.2,1400
SANVI,2026-06-15,681.2,682.9,11808
SMPDA,2026-06-15,824.1,830.0,635
DDBL,2026-06-15,865.0,832.1,5219
HFIN,2026-06-15,830.0,839.0,32534
LLBS,2026-06-15,931.4,947.0,885
KPCL,2026-06-15,485.0,485.0,4817
NICFC,2026-06-15,9.0,9.4,3205
JSLBB,2026-06-15,1089.6,1059.0,48
CKHL,2026-06-15,630.0,646.0,710
NADEP,2026-06-15,745.0,742.0,369
JOSHI,2026-06-15,280.0,278.0,7532
UAIL,2026-06-15,489.0,480.0,14456
NBLD85,2026-06-15,1070.0,1050.0,25
LBBL,2026-06-15,493.0,492.9,21722
ICFCD88,2026-06-15,1150.1,1150.1,25
BHCL,2026-06-15,569.0,560.0,42137
NYADI,2026-06-15,388.0,396.4,8902
USHEC,2026-06-15,515.0,505.5,9241
CBBL,2026-06-15,926.0,916.0,29099
SPIL,2026-06-15,744.0,731.7,3023
BARUN,2026-06-15,340.0,337.0,24208
SABBL,2026-06-15,1116.2,1099.0,10550
SINDU,2026-06-15,724.0,746.9,5862
NMBMF,2026-06-15,630.0,638.0,272
SICL,2026-06-15,629.0,634.0,6220
SOHL,2026-06-15,630.0,634.9,63114
EBL,2026-06-15,709.0,698.0,26134
MATRI,2026-06-15,875.0,880.0,427
GVL,2026-06-15,485.1,486.5,20007
NIMBPO,2026-06-15,145.3,143.6,5132
NHDL,2026-06-15,633.0,630.0,2023
GIBF1,2026-06-15,10.8,10.8,2400
GMLI,2026-06-15,1276.3,1298.7,2115
GLH,2026-06-15,262.0,264.0,26849
CZBIL,2026-06-15,202.0,200.0,21011
PHCL,2026-06-15,337.5,318.0,93063
NICLBSL,2026-06-15,567.0,573.9,2713
BFC,2026-06-15,513.9,493.0,77404
NICL,2026-06-15,514.9,535.0,22638
DLBS,2026-06-15,1288.0,1252.0,121
EBLD86,2026-06-15,1091.0,1091.0,50
NMBHF2,2026-06-15,9.6,9.7,10310
HHL,2026-06-15,357.0,370.0,30692
SYPNL,2026-06-15,1475.0,1463.0,142843
KEF,2026-06-15,10.75,10.9,7810
MAKAR,2026-06-15,492.0,491.0,2338
SMH,2026-06-15,567.0,565.0,3806
NMLBBL,2026-06-15,575.1,581.8,4056
CFCL,2026-06-15,689.0,620.0,210126
GBIME,2026-06-15,240.0,240.0,125450
CYCL,2026-06-15,1400.0,1392.0,2972
JBBL,2026-06-15,351.2,352.0,36234
JFL,2026-06-15,425.2,406.0,9095
NMIC,2026-06-15,1040.0,1025.0,2542
GLBSL,2026-06-15,1768.1,1765.0,239
NABBC,2026-06-15,909.9,880.0,8100
MBL,2026-06-15,248.1,249.8,48268
SBI,2026-06-15,397.0,396.9,41601
UHEWA,2026-06-15,630.0,657.0,119349
UMRH,2026-06-15,540.0,535.0,4415
GMFBS,2026-06-15,1300.0,1271.9,95
FOWAD,2026-06-15,1012.0,1013.0,2405
MSLB,2026-06-15,1248.0,1230.0,920
RHPL,2026-06-15,268.0,267.0,16780
NFS,2026-06-15,624.0,606.0,6481
MLBS,2026-06-15,1276.1,1230.0,1597
HURJA,2026-06-15,249.6,247.9,34018
RBBF40,2026-06-15,9.2,9.25,900
NMB,2026-06-15,245.0,244.5,22375
NICA,2026-06-15,340.0,338.3,41635
ENL,2026-06-15,856.5,873.6,334
RLEL,2026-06-15,920.0,924.0,8698
API,2026-06-15,349.0,347.3,164989
BOKD86,2026-06-15,1098.0,1098.0,25
MANDU,2026-06-15,820.0,821.0,1505
CORBL,2026-06-15,1840.0,1795.2,4893
CMF2,2026-06-15,9.9,9.9,8600
HDHPC,2026-06-15,227.6,218.9,92621
SMB,2026-06-15,1716.0,1715.0,726
RMF1,2026-06-15,9.58,9.86,700
USHL,2026-06-15,614.0,607.0,3164
HPPL,2026-06-15,366.9,367.2,11383
BNT,2026-06-15,11800.0,11850.0,30
KBSH,2026-06-15,1505.6,1549.0,110
RBCLPO,2026-06-15,11700.0,11700.0,60
NIBLSTF,2026-06-15,9.2,9.35,4700
NLIC,2026-06-15,760.5,760.4,22801
BHL,2026-06-15,220.0,215.0,66647
BBC,2026-06-15,4310.0,4250.0,140
NBBD2085,2026-06-15,1106.1,1158.7,247986
MKCL,2026-06-15,1210.1,1202.0,1814
AKJCL,2026-06-15,429.5,397.0,963808
JBBD87,2026-06-15,1135.0,1135.0,30
SFEF,2026-06-15,10.08,10.11,4500
DHPL,2026-06-15,295.0,297.0,4577
MERO,2026-06-15,740.0,714.0,2723
NBF2,2026-06-15,9.7,9.72,2700
GHL,2026-06-15,233.8,234.0,21105
AVYAN,2026-06-15,1007.0,1060.0,1471
KDBY,2026-06-15,11.25,11.28,5060
DORDI,2026-06-15,269.9,268.0,12959
SLCF,2026-06-15,10.0,9.95,18150
CHDC,2026-06-15,2250.0,2215.0,13619
ICFCD89,2026-06-15,1087.3,1087.0,100
BANDIPUR,2026-06-15,815.5,815.0,14558
MBLEF,2026-06-15,9.99,10.0,4000
UNLB,2026-06-15,1445.0,1386.0,1550
C30MF,2026-06-15,9.92,10.01,7450
HIMSTAR,2026-06-15,837.0,834.0,4786
SHL,2026-06-15,500.0,500.0,14410
UNHPL,2026-06-15,417.9,412.0,15177
NUBL,2026-06-15,647.0,649.3,988
SJCL,2026-06-15,290.4,289.9,33664
MFLD85,2026-06-15,1102.0,1102.0,50
PRIN,2026-06-15,710.0,710.0,9145
MBLD87,2026-06-15,1107.0,1107.0,25
NBL,2026-06-15,269.0,270.0,79847
RADHI,2026-06-15,746.1,750.0,35087
SMFBS,2026-06-15,1481.2,1498.8,113
LUK,2026-06-15,10.0,10.04,1740
RURU,2026-06-15,640.0,648.0,12826
NIFRA,2026-06-15,260.0,259.7,39271
NICAD85/86,2026-06-15,1204.0,1217.9,82
SWMF,2026-06-15,664.0,659.7,3119
SKHEL,2026-06-15,1140.0,1145.0,7016
CLI,2026-06-15,455.0,451.0,16823
HBL,2026-06-15,200.0,197.1,36992
KKHC,2026-06-15,257.1,255.0,29920
KBLD86,2026-06-15,1146.0,1145.0,30
SLBSL,2026-06-15,1220.0,1189.1,1277
GFCL,2026-06-15,675.1,635.0,10844
EBLEB89,2026-06-15,1059.4,1059.4,50
STC,2026-06-15,5350.0,5305.0,574
TPC,2026-06-15,348.0,364.0,14664
SKBBL,2026-06-15,765.0,764.0,10047
GCIL,2026-06-15,369.2,387.0,26346
HEIP,2026-06-15,320.5,320.1,390
ILI,2026-06-15,438.0,431.6,8642
EBLD91,2026-06-15,1090.0,1090.0,350
GBILD84/85,2026-06-15,1135.0,1135.0,25
JBLB,2026-06-15,1290.0,1269.0,3797
SPL,2026-06-15,688.7,690.0,2055
MLBBL,2026-06-15,1190.0,1183.0,895
SARBTM,2026-06-15,838.0,835.0,6266
NRIC,2026-06-15,989.9,999.0,116397
RNLI,2026-06-15,462.1,463.8,9858
SIPD,2026-06-15,753.0,742.4,14877
MEHL,2026-06-15,368.0,365.0,3911
NICSF,2026-06-15,9.25,9.4,23600
SPDL,2026-06-15,400.0,392.0,34179
BHDC,2026-06-15,457.0,457.0,4948
SJLIC,2026-06-15,431.0,429.0,7185
AHPC,2026-06-15,294.0,276.0,61256
UNL,2026-06-15,46201.0,46200.0,100
MLBSL,2026-06-15,1780.0,1790.0,100
GBBL,2026-06-15,411.0,407.3,40925
CIT,2026-06-15,1745.0,1736.9,10630
CSY,2026-06-15,9.22,9.4,7400
RSDC,2026-06-15,657.0,658.3,1459
MEN,2026-06-15,600.1,596.5,27087
HEI,2026-06-15,569.0,563.0,5031
BJHL,2026-06-15,837.0,825.0,5661
NBLD87,2026-06-15,1100.0,1135.0,39005
LVF2,2026-06-15,9.61,9.76,1300
GILB,2026-06-15,1111.0,1111.1,1152
RSY,2026-06-15,10.25,10.26,7400
AHL,2026-06-15,508.5,483.0,4895
SANIMA,2026-06-15,357.1,360.0,51672
RIDI,2026-06-15,330.5,344.9,175295
SBID89,2026-06-15,1140.19,1140.19,25
VLBS,2026-06-15,710.2,710.1,2519
GBLBS,2026-06-15,761.2,764.0,1427
WNLB,2026-06-15,1402.0,1421.0,241
LEC,2026-06-15,223.0,223.0,39364
BEDC,2026-06-15,360.0,363.0,45145
LSL,2026-06-15,217.0,219.5,1054017
ICFC,2026-06-15,630.0,621.1,6650
SPHL,2026-06-15,590.0,633.0,62512
HRL,2026-06-15,633.0,633.0,47015
SAIL,2026-06-15,1059.0,1057.0,24689
SIKLES,2026-06-15,591.0,590.0,10459
NBLD82,2026-06-15,1053.1,1053.1,50
KSY,2026-06-15,9.69,9.76,4200
USLB,2026-06-15,1225.0,1254.9,1558
PPL,2026-06-15,331.6,348.0,14038
SHPC,2026-06-15,534.4,509.7,23568
IHL,2026-06-15,401.0,399.0,26334
SBL,2026-06-15,400.0,398.5,50132
BHPL,2026-06-15,499.0,529.4,5570
SIGS3,2026-06-15,10.94,11.57,12055
HIDCL,2026-06-15,262.5,261.0,46623
MLBBL,2026-06-12,1177.1,1189.8,2984
GILB,2026-06-12,1106.0,1111.0,576
CHL,2026-06-12,279.6,282.5,11612
RSY,2026-06-12,10.23,10.33,6000
SANIMA,2026-06-12,361.0,361.9,40695
MLBS,2026-06-12,1224.0,1239.0,160
SGIC,2026-06-12,486.2,490.9,22007
ANLB,2026-06-12,5750.0,5800.0,127
MHNL,2026-06-12,263.0,259.0,5740
USHL,2026-06-12,635.0,609.7,2090
MBLEF,2026-06-12,10.0,10.2,72210
MNBBL,2026-06-12,374.0,375.0,25419
MKCL,2026-06-12,1222.1,1214.0,1896
HIMSTAR,2026-06-12,850.0,847.9,2649
C30MF,2026-06-12,10.0,9.92,49100
BGWT,2026-06-12,650.0,664.0,1943
SMB,2026-06-12,1715.1,1730.0,336
VLUCL,2026-06-12,477.0,485.0,5443
NMBHF2,2026-06-12,9.68,9.7,148300
NBL,2026-06-12,269.0,269.2,37475
CFCL,2026-06-12,625.1,659.0,380639
SMJC,2026-06-12,457.1,453.0,11149
SBL,2026-06-12,400.0,399.0,25197
NMBMF,2026-06-12,622.0,639.0,1141
TVCL,2026-06-12,506.8,496.0,4125
SPL,2026-06-12,694.0,700.0,1495
LICN,2026-06-12,818.0,810.5,7751
UHEWA,2026-06-12,625.0,656.0,126474
GBLBS,2026-06-12,765.0,761.2,3552
SOHL,2026-06-12,639.0,641.0,60673
PBD84,2026-06-12,1074.1,1075.5,50
KMCDB,2026-06-12,845.0,854.0,426
HLBSL,2026-06-12,876.1,870.0,764
MBJC,2026-06-12,280.0,285.0,31518
CITY,2026-06-12,438.0,430.1,559005
GLH,2026-06-12,266.0,264.8,16737
SAIL,2026-06-12,1118.2,1040.0,18353
EBLD91,2026-06-12,1090.0,1090.0,64
NMIC,2026-06-12,1040.0,1038.0,1765
LBBL,2026-06-12,492.0,493.0,38237
MKHL,2026-06-12,500.0,509.9,10764
RLEL,2026-06-12,901.0,922.0,6556
PRIN,2026-06-12,702.0,710.0,25328
MATRIP,2026-06-12,523.5,523.5,3400
SLBBL,2026-06-12,857.9,815.2,7579
SSHL,2026-06-12,210.9,211.9,150799
KPCL,2026-06-12,486.0,484.5,3844
BBC,2026-06-12,4300.0,4310.0,341
ULBSL,2026-06-12,2870.0,2910.0,790
SYPNL,2026-06-12,1328.1,1405.0,36743
MAKAR,2026-06-12,489.1,497.0,1710
MLBSL,2026-06-12,1750.0,1780.0,222
PHCL,2026-06-12,342.3,321.5,237998
UAIL,2026-06-12,456.9,490.9,54513
SHPC,2026-06-12,512.3,509.0,70004
HDL,2026-06-12,1160.1,1155.3,19450
NRM,2026-06-12,346.0,345.3,19281
GHL,2026-06-12,233.9,233.9,26555
RBBF40,2026-06-12,9.25,9.47,800
CHCL,2026-06-12,489.0,483.4,13066
PCIL,2026-06-12,755.9,744.0,34937
NICAD85/86,2026-06-12,1169.0,1169.0,25
SOPL,2026-06-12,471.3,531.7,380
MHCL,2026-06-12,355.0,347.0,1730
NBF3,2026-06-12,10.0,10.0,68454
H8020,2026-06-12,11.5,11.6,60400
NICLBSL,2026-06-12,567.1,568.3,3241
BHCL,2026-06-12,577.0,574.0,51883
NABILD2089,2026-06-12,1093.1,1093.0,13545
GMLI,2026-06-12,1242.0,1304.9,1500
WNLB,2026-06-12,1402.0,1402.0,379
KHPL,2026-06-12,1252.8,1066.0,66840
BEDC,2026-06-12,355.0,359.0,5863
AKJCL,2026-06-12,383.0,409.1,553119
HEIP,2026-06-12,337.0,327.9,1015
SBI,2026-06-12,390.2,395.5,21974
UNHPL,2026-06-12,407.0,413.8,20288
OHL,2026-06-12,710.0,702.0,1504
MBL,2026-06-12,250.0,247.5,68798
TTL,2026-06-12,771.1,802.5,8192
GIBF1,2026-06-12,10.71,11.02,10300
SHLB,2026-06-12,1452.0,1453.0,1370
UMRH,2026-06-12,540.0,543.0,8353
CIZBD90,2026-06-12,1261.0,1315.0,100933
SKHL,2026-06-12,925.0,949.8,16716
RLFL,2026-06-12,471.0,465.3,27977
PBLD84,2026-06-12,1100.0,1133.0,270
PPL,2026-06-12,330.6,349.0,17181
MFLD85,2026-06-12,1100.0,1100.0,25
SHINE,2026-06-12,430.5,408.6,7850
GLBSL,2026-06-12,1795.0,1756.0,102
SLCF,2026-06-12,10.0,10.01,12100
ALICL,2026-06-12,449.0,452.0,8160
ICFC,2026-06-12,596.6,626.6,5961
SPC,2026-06-12,453.0,459.8,5638
NIL,2026-06-12,653.0,649.1,6892
PMLI,2026-06-12,460.0,465.5,5675
PMHPL,2026-06-12,330.1,331.0,8089
CSY,2026-06-12,9.26,9.22,7050
OMPL,2026-06-12,1136.0,1142.9,1815
RSDC,2026-06-12,660.0,657.0,3001
MHL,2026-06-12,473.0,496.9,2040
GSY,2026-06-12,9.93,9.96,2300
NESDO,2026-06-12,1568.0,1560.0,1419
LUK,2026-06-12,10.0,10.0,34675
ADBL,2026-06-12,308.0,309.9,23091
FMDBL,2026-06-12,781.0,760.0,18769
SJLIC,2026-06-12,426.3,431.0,9274
USLB,2026-06-12,1260.0,1250.0,1596
KEF,2026-06-12,10.7,10.85,12400
NIBLGF,2026-06-12,9.22,9.22,200
NLG,2026-06-12,622.0,636.0,3357
RURU,2026-06-12,645.1,649.8,15100
DOLTI,2026-06-12,345.2,349.9,12697
NICGF2,2026-06-12,10.13,9.36,1600
SALICO,2026-06-12,654.0,635.0,5269
RSML,2026-06-12,3748.5,3517.9,36704
ACLBSL,2026-06-12,955.0,945.0,364
BHPL,2026-06-12,561.2,525.0,7485
LEC,2026-06-12,209.8,223.0,93449
GBBL,2026-06-12,410.0,408.8,30347
NIBSF2,2026-06-12,9.01,9.03,1500
TPC,2026-06-12,361.0,366.0,12771
SIKLES,2026-06-12,591.1,593.0,3912
NIMB,2026-06-12,186.9,195.0,87687
BNHC,2026-06-12,325.0,326.0,2780
RAWA,2026-06-12,520.0,538.0,8354
CKHL,2026-06-12,639.0,647.0,835
MABEL,2026-06-12,705.0,705.0,6558
PRVU,2026-06-12,194.9,194.3,50526
MPFL,2026-06-12,621.0,630.0,31170
SBLD84,2026-06-12,1050.0,1047.0,4
BHDC,2026-06-12,450.1,459.2,8021
HDHPC,2026-06-12,215.0,223.6,604139
SIGS2,2026-06-12,11.33,11.4,60000
SHEL,2026-06-12,309.1,310.3,62584
CHDC,2026-06-12,2211.1,2255.0,3934
NLIC,2026-06-12,770.0,760.5,12083
KDBY,2026-06-12,11.2,11.29,3660
HURJA,2026-06-12,248.0,249.6,33699
SMPDA,2026-06-12,844.0,835.0,1750
MATRI,2026-06-12,890.0,899.0,438
ILBS,2026-06-12,908.1,918.9,2692
DDBL,2026-06-12,835.0,835.0,3333
AKPL,2026-06-12,265.0,269.8,152184
FOWAD,2026-06-12,1012.1,1016.0,1855
UNLB,2026-06-12,1350.0,1380.0,655
NMB,2026-06-12,245.0,245.4,14771
SABBL,2026-06-12,1120.0,1116.2,5068
CBBL,2026-06-12,917.0,911.1,21920
SGHC,2026-06-12,355.3,363.0,7036
HFIN,2026-06-12,899.8,842.0,35600
SICL,2026-06-12,635.0,634.0,10386
VLBS,2026-06-12,710.1,714.0,2865
NICFC,2026-06-12,9.25,9.26,2400
PURE,2026-06-12,900.2,914.9,7370
BUNGAL,2026-06-12,694.5,710.0,35379
PSF,2026-06-12,11.9,12.25,53373
NIMBPO,2026-06-12,145.1,145.0,9000
KBL,2026-06-12,221.9,212.2,86576
EBLD85,2026-06-12,1150.0,1150.0,10
MEHL,2026-06-12,361.2,368.0,2560
UMHL,2026-06-12,581.0,593.0,52803
SINDU,2026-06-12,759.0,741.2,7070
DHEL,2026-06-12,667.6,629.0,14215
RFPL,2026-06-12,353.0,362.7,19540
NUBL,2026-06-12,646.2,654.0,1782
STC,2026-06-12,5400.0,5397.0,311
MCHL,2026-06-12,310.0,312.0,3163
SBCF,2026-06-12,9.61,9.89,12150
SPHL,2026-06-12,587.0,603.9,27471
SKHEL,2026-06-12,1150.0,1170.0,9082
RHGCL,2026-06-12,286.0,280.5,26760
SAGF,2026-06-12,10.1,10.1,1100
LSL,2026-06-12,217.0,218.0,34629
HRL,2026-06-12,638.0,636.9,69283
MSLB,2026-06-12,1225.0,1248.0,841
SIPD,2026-06-12,758.1,753.0,9839
SFMF,2026-06-12,10.81,10.81,7615
SFCL,2026-06-12,380.0,379.0,8482
BJHL,2026-06-12,855.0,838.0,5544
CGH,2026-06-12,780.0,787.2,49408
RNLI,2026-06-12,466.0,465.4,9608
BPCL,2026-06-12,709.9,679.9,23427
RBCL,2026-06-12,15138.0,15049.9,70
JBBL,2026-06-12,351.0,353.9,11765
NMLBBL,2026-06-12,580.0,580.5,4009
SWMF,2026-06-12,652.0,661.7,1222
GFCL,2026-06-12,644.7,643.0,13818
TAMOR,2026-06-12,453.5,458.0,37499
SMFBS,2026-06-12,1491.0,1503.9,277
HEI,2026-06-12,553.4,569.0,18277
SHIVM,2026-06-12,660.0,658.9,92448
AHPC,2026-06-12,289.8,280.0,42429
ICFCD88,2026-06-12,1160.0,1150.0,75
GBIMESY2,2026-06-12,9.85,9.42,10450
SKBBL,2026-06-12,757.0,765.0,16111
MMKJL,2026-06-12,510.0,510.0,3525
MNMF1,2026-06-12,9.82,10.0,28045
HLICF,2026-06-12,8.75,9.01,800
IGI,2026-06-12,452.2,459.8,10427
GBIME,2026-06-12,240.0,240.0,91855
HBL,2026-06-12,197.6,198.1,22061
HBLD86,2026-06-12,1164.0,1164.0,29957
SIFC,2026-06-12,560.0,561.5,24366
EHPL,2026-06-12,387.0,384.0,16402
NBF2,2026-06-12,9.91,9.94,1100
SNLI,2026-06-12,446.0,447.2,12310
BNT,2026-06-12,11749.9,11700.0,20
ICFCD89,2026-06-12,1100.0,1086.2,125
SAND2085,2026-06-12,1127.0,1165.9,54802
KSY,2026-06-12,9.67,9.69,600
SRLI,2026-06-12,391.6,394.0,14409
BHL,2026-06-12,215.0,215.6,66132
EDBL,2026-06-12,580.0,575.5,1664
ULHC,2026-06-12,454.0,450.0,9750
PRSF,2026-06-12,12.9,12.83,277100
NHPC,2026-06-12,283.0,283.1,267800
NMFBS,2026-06-12,1135.0,1135.0,2796
SBID83,2026-06-12,1062.5,1062.0,50
NIBLSTF,2026-06-12,9.56,9.4,3050
KKHC,2026-06-12,256.0,257.9,42350
BFC,2026-06-12,484.5,506.0,44504
NABIL,2026-06-12,533.1,533.0,27399
API,2026-06-12,340.0,346.9,197228
DHPL,2026-06-12,310.0,299.8,5473
NICSF,2026-06-12,9.5,9.4,25500
EBL,2026-06-12,704.0,699.9,22381
NIFRA,2026-06-12,258.5,260.0,54024
KBLD90,2026-06-12,1201.0,1187.0,50000
SAHAS,2026-06-12,661.0,660.0,91642
RHPL,2026-06-12,268.5,265.4,44030
GWFD83,2026-06-12,1085.0,1085.0,125
ALBSL,2026-06-12,1082.0,1081.0,950
SAPDBL,2026-06-12,860.0,839.0,40423
MEL,2026-06-12,240.0,235.6,6314
AVYAN,2026-06-12,1055.0,1060.0,2990
DORDI,2026-06-12,274.0,270.0,19150
UPCL,2026-06-12,360.0,365.0,24732
KDL,2026-06-12,811.5,818.1,991
NRIC,2026-06-12,1040.0,1042.0,72632
HHL,2026-06-12,367.0,375.0,117476
SMH,2026-06-12,577.0,572.0,6922
MKHC,2026-06-12,299.6,315.0,22261
SPDL,2026-06-12,417.0,393.6,15738
RBBD2088,2026-06-12,1058.1,1058.1,25
CORBL,2026-06-12,1788.1,1800.0,19669
GMFBS,2026-06-12,1245.1,1277.8,696
SEF,2026-06-12,10.2,10.18,97065
APHL,2026-06-12,413.0,455.6,100
MKJC,2026-06-12,488.1,490.0,6888
SMATA,2026-06-12,760.5,769.0,1136
MDB,2026-06-12,606.0,606.9,3507
MERO,2026-06-12,716.0,722.0,2336
SAGAR,2026-06-12,1678.0,1659.9,10081
RIDI,2026-06-12,343.0,347.8,156511
RADHI,2026-06-12,792.6,746.0,10648
SJCL,2026-06-12,287.2,290.3,8207
SWBBL,2026-06-12,745.0,737.9,2867
JBLB,2026-06-12,1265.0,1275.0,4966
HATHY,2026-06-12,770.0,773.1,4697
TSHL,2026-06-12,542.1,535.0,2063
BARUN,2026-06-12,340.0,339.0,23856
NSIF2,2026-06-12,10.52,10.7,10700
SONA,2026-06-12,456.7,437.0,24294
NFS,2026-06-12,623.0,627.9,24938
PFL,2026-06-12,373.0,379.8,4024
CZBIL,2026-06-12,199.2,200.0,32483
KSBBL,2026-06-12,488.0,482.0,13132
MSHL,2026-06-12,671.0,690.0,520
SCB,2026-06-12,651.0,649.1,2434
ENL,2026-06-12,856.1,880.0,288
MFIL,2026-06-12,760.0,770.0,13855
AHL,2026-06-12,481.8,484.4,4230
SBID2090,2026-06-12,1088.0,1060.0,7020
SFEF,2026-06-12,10.05,10.08,6400
CREST,2026-06-12,1260.0,1278.0,10233
MEN,2026-06-12,626.8,599.0,67808
UPPER,2026-06-12,200.0,201.0,91701
IHL,2026-06-12,391.0,406.0,22640
SHINEP,2026-06-12,222.0,222.0,94115
NBLD85,2026-06-12,1080.0,1080.0,190
HIDCLP,2026-06-12,200.0,200.6,76267
MMF1,2026-06-12,9.59,9.55,10800
PCBL,2026-06-12,238.5,238.6,38035
PBLD87,2026-06-12,1070.0,1086.6,945
GBBD85,2026-06-12,1081.0,1113.4,839
PBD88,2026-06-12,1225.0,1225.0,50
NICAD2091,2026-06-12,1055.6,1057.6,50
HLI,2026-06-12,337.5,338.0,20691
KBSH,2026-06-12,1602.0,1552.0,190
SMHL,2026-06-12,503.8,494.0,35767
SHL,2026-06-12,500.0,505.0,20365
NTC,2026-06-12,857.6,851.9,14621
GBILD84/85,2026-06-12,1154.9,1154.9,25
EBLD86,2026-06-12,1112.4,1112.4,55
NICA,2026-06-12,341.9,340.0,36575
TRH,2026-06-12,762.1,780.0,5295
GMFIL,2026-06-12,475.0,479.0,25999
JOSHI,2026-06-12,270.5,276.0,12645
GRDBL,2026-06-12,1055.1,1209.0,47207
MLBL,2026-06-12,360.5,364.0,25509
BANDIPUR,2026-06-12,861.0,815.5,12826
NGPL,2026-06-12,420.0,431.0,88157
LLBS,2026-06-12,935.0,931.4,250
SARBTM,2026-06-12,837.1,837.0,10644
JHAPA,2026-06-12,1335.0,1340.0,10332
NADEP,2026-06-12,765.0,745.0,1997
SPIL,2026-06-12,739.0,730.0,3877
GVL,2026-06-12,483.2,489.0,8656
GUFL,2026-06-12,564.5,569.0,15178
SANVI,2026-06-12,699.0,689.0,17862
NHDL,2026-06-12,624.0,633.0,3576
MANDU,2026-06-12,825.0,835.0,3063
DLBS,2026-06-12,1263.5,1250.5,56
SBLD89,2026-06-12,1275.0,1190.0,97156
CLI,2026-06-12,452.0,455.0,13285
JFL,2026-06-12,415.0,405.0,8238
KBLD89,2026-06-12,1243.0,1243.0,29
USHEC,2026-06-12,539.1,515.0,21924
NICL,2026-06-12,515.4,541.9,25222
PROFL,2026-06-12,455.0,450.0,10688
HIDCL,2026-06-12,262.0,262.5,53874
ILI,2026-06-12,431.3,431.5,10503
RMF1,2026-06-12,10.0,9.8,70840
SLBSL,2026-06-12,1187.0,1220.0,289
NABBC,2026-06-12,916.0,885.0,13829
CIT,2026-06-12,1741.0,1741.0,5783
SWASTIK,2026-06-12,2250.0,2279.0,1470
JSLBB,2026-06-12,1058.0,1089.6,1819
LVF2,2026-06-12,9.6,9.82,500
NWCL,2026-06-12,794.2,791.9,429
NRN,2026-06-12,1372.0,1370.0,39022
HPPL,2026-06-12,363.1,367.0,15077
CYCL,2026-06-12,1418.0,1418.2,873
GCIL,2026-06-12,400.0,388.5,113123
NYADI,2026-06-12,401.0,400.0,11283
PPCL,2026-06-12,399.0,378.0,10603
NSY,2026-06-12,9.43,9.51,8650
SADBL,2026-06-12,410.6,410.0,26539
NLICL,2026-06-12,580.2,581.7,2177
SIGS3,2026-06-12,11.0,11.25,22900
HURJA,2026-06-11,254.0,249.7,38778
GBIMEP,2026-06-11,131.0,131.0,15000
SLBBLP,2026-06-11,456.0,456.0,2000
ALBSL,2026-06-11,1080.0,1104.0,14425
MFIL,2026-06-11,750.0,775.2,27116
RLEL,2026-06-11,995.2,925.0,9729
KSBBL,2026-06-11,485.2,487.0,14287
RURU,2026-06-11,647.0,648.0,3923
MKCL,2026-06-11,1215.0,1227.3,1055
EBL,2026-06-11,705.5,702.0,34885
CGH,2026-06-11,780.0,785.0,9103
NTC,2026-06-11,847.0,848.0,16863
NBF3,2026-06-11,9.8,10.0,23800
MBLEF,2026-06-11,10.0,10.01,900
NMBHF2,2026-06-11,9.7,9.68,32140
NICGF2,2026-06-11,9.33,9.65,8200
GHL,2026-06-11,236.9,232.2,39231
NUBL,2026-06-11,658.0,652.7,2754
BNHC,2026-06-11,334.1,327.0,2151
PMLI,2026-06-11,460.0,468.0,1884
UNL,2026-06-11,46750.1,47000.0,150
PBD88,2026-06-11,1225.0,1211.0,75
SMJC,2026-06-11,465.0,456.2,19479
C30MF,2026-06-11,9.99,10.0,7350
NICBF,2026-06-11,9.2,9.2,100
BNL,2026-06-11,14832.0,15600.0,35
GFCL,2026-06-11,616.0,639.9,12764
MSHL,2026-06-11,670.1,690.0,180
LUK,2026-06-11,10.0,9.9,11000
PBLD84,2026-06-11,1105.0,1100.0,126
SFMF,2026-06-11,10.5,10.5,3300
PURE,2026-06-11,921.0,905.5,6699
USLB,2026-06-11,1251.0,1260.0,529
IGI,2026-06-11,451.0,458.0,16280
SFEF,2026-06-11,10.06,10.08,55500
ULHC,2026-06-11,440.8,454.0,16809
SPDL,2026-06-11,403.0,397.9,25122
SIFC,2026-06-11,573.5,559.0,13033
TTL,2026-06-11,810.0,810.0,6716
AHL,2026-06-11,477.2,487.0,4017
NYADI,2026-06-11,405.0,407.8,3783
GILB,2026-06-11,1111.0,1119.0,704
MLBBL,2026-06-11,1190.0,1192.0,259
NICLBSL,2026-06-11,566.1,569.0,1732
SHL,2026-06-11,507.0,505.0,31145
GLH,2026-06-11,265.0,263.5,16724
NIFRAGED,2026-06-11,1050.0,1050.0,25
SICL,2026-06-11,644.9,631.0,6682
BARUN,2026-06-11,342.0,340.0,15415
SINDU,2026-06-11,712.5,759.9,31161
HIMSTAR,2026-06-11,852.0,861.0,2716
DLBS,2026-06-11,1263.0,1263.5,95
MANDU,2026-06-11,806.5,828.6,1580
HLBSL,2026-06-11,887.0,876.1,3402
VLUCL,2026-06-11,486.0,485.0,6073
CBBL,2026-06-11,918.1,915.0,13034
TAMOR,2026-06-11,455.0,456.5,17926
TRH,2026-06-11,770.0,769.0,300
RBCL,2026-06-11,15390.0,14910.0,200
HDHPC,2026-06-11,216.2,215.0,124804
BFC,2026-06-11,523.0,510.0,52426
RBBF40,2026-06-11,9.3,9.25,610
CFCL,2026-06-11,688.0,658.0,265582
BHL,2026-06-11,215.0,215.0,64684
KMCDB,2026-06-11,843.0,847.1,1117
CSY,2026-06-11,9.25,9.26,2220
MMF1,2026-06-11,9.6,9.52,21700
GCIL,2026-06-11,410.0,401.0,50982
PRVU,2026-06-11,195.0,194.9,40007
SPC,2026-06-11,452.0,455.5,1668
MHCL,2026-06-11,359.0,346.0,3774
UNHPL,2026-06-11,405.1,414.0,19018
SHLB,2026-06-11,1480.0,1476.0,335
USHEC,2026-06-11,518.0,513.5,14566
PRIN,2026-06-11,695.0,703.0,28027
GBLBS,2026-06-11,774.0,778.5,2832
RSY,2026-06-11,10.21,10.25,116160
FMDBL,2026-06-11,797.0,781.0,6924
SAIL,2026-06-11,1131.9,1065.0,11124
GBBL,2026-06-11,412.3,410.9,48433
SARBTM,2026-06-11,855.0,844.0,9023
HPPL,2026-06-11,366.0,366.5,22293
MEHL,2026-06-11,365.0,370.0,1011
SMHL,2026-06-11,493.1,492.1,27938
RADHI,2026-06-11,760.0,754.9,35806
PRSF,2026-06-11,13.0,12.9,110200
PFL,2026-06-11,385.0,378.0,4818
BUNGAL,2026-06-11,730.9,731.0,222281
NLG,2026-06-11,636.1,636.8,9962
MHNL,2026-06-11,260.0,260.0,6508
CZBIL,2026-06-11,200.0,201.0,32138
LLBS,2026-06-11,930.0,946.0,1250
ICFCD88,2026-06-11,1165.0,1150.0,75
HIDCL,2026-06-11,263.0,263.5,30657
SMB,2026-06-11,1759.9,1725.0,258
SAGF,2026-06-11,10.13,10.2,700
NGPL,2026-06-11,439.5,431.5,130103
MDB,2026-06-11,605.1,608.0,3794
RFPL,2026-06-11,365.0,366.0,15515
SLBBL,2026-06-11,820.1,817.1,10817
GMLI,2026-06-11,1286.0,1307.0,808
SAPDBL,2026-06-11,1065.7,877.9,123235
NADEP,2026-06-11,736.0,750.0,910
CHL,2026-06-11,294.0,284.0,14647
NBBD2085,2026-06-11,1152.4,1123.0,30
RSML,2026-06-11,3500.0,3570.0,29675
HDL,2026-06-11,1165.0,1158.0,20611
SOPL,2026-06-11,422.2,462.4,300
SWASTIK,2026-06-11,2320.0,2285.5,505
GRDBL,2026-06-11,1050.0,1067.0,11820
ACLBSL,2026-06-11,953.1,955.0,1426
UMRH,2026-06-11,540.0,545.0,6556
GBBD85,2026-06-11,1100.0,1081.0,50
SKHL,2026-06-11,965.5,939.0,31939
AVYAN,2026-06-11,1080.0,1069.0,3767
NRIC,2026-06-11,1060.0,1038.1,27860
SALICO,2026-06-11,648.9,636.0,25162
GBIME,2026-06-11,242.0,240.0,94795
UNLB,2026-06-11,1450.0,1350.0,914
API,2026-06-11,352.0,349.9,131419
JBBL,2026-06-11,353.0,354.0,36745
NHPC,2026-06-11,287.7,282.0,154586
MHL,2026-06-11,475.0,497.0,12778
MLBSL,2026-06-11,1780.0,1800.0,549
MERO,2026-06-11,707.0,722.0,1795
JBLB,2026-06-11,1274.0,1278.0,2834
SAGAR,2026-06-11,1669.1,1665.0,2997
NRM,2026-06-11,355.0,346.3,21551
SIGS2,2026-06-11,10.81,11.0,10100
HATHY,2026-06-11,774.0,770.0,4910
SANVI,2026-06-11,700.0,697.0,8545
LBLD88,2026-06-11,1117.0,1117.0,30
SWMF,2026-06-11,662.0,662.0,2331
JHAPA,2026-06-11,1310.0,1385.0,15182
MKJC,2026-06-11,487.1,496.0,5455
SANIMA,2026-06-11,365.0,362.9,69096
NICA,2026-06-11,343.0,342.0,29425
JSLBB,2026-06-11,1061.0,1090.0,281
DHPL,2026-06-11,300.0,295.3,619
SBLD2091,2026-06-11,1061.2,1076.6,55
NIMBPO,2026-06-11,147.0,145.0,475
RMF1,2026-06-11,9.9,9.77,6350
CITY,2026-06-11,417.0,439.0,556409
OHL,2026-06-11,701.1,714.0,2000
NHDL,2026-06-11,637.5,638.0,1777
ICFC,2026-06-11,638.0,628.0,5068
SIGS3,2026-06-11,10.7,10.8,300
IHL,2026-06-11,393.0,392.5,12090
BGWT,2026-06-11,645.09,655.0,667
SMFBS,2026-06-11,1534.8,1527.0,358
MCHL,2026-06-11,311.0,311.1,4130
EBLD86,2026-06-11,1050.0,1080.0,40
NIL,2026-06-11,659.1,652.0,6313
SBCF,2026-06-11,9.8,9.7,51756
UAIL,2026-06-11,485.0,480.9,28710
SHPC,2026-06-11,490.2,515.9,17936
SNLI,2026-06-11,450.0,450.0,11346
UPCL,2026-06-11,350.0,365.0,26735
SYPNL,2026-06-11,1400.0,1398.0,18258
AHPC,2026-06-11,289.0,276.0,44738
SPL,2026-06-11,700.0,704.9,230
PROFL,2026-06-11,441.8,455.0,5739
NLICL,2026-06-11,588.1,582.6,10352
NABIL,2026-06-11,536.0,533.1,31193
RBBD83,2026-06-11,1056.4,1035.0,75
RAWA,2026-06-11,539.0,525.0,8427
HRL,2026-06-11,644.0,638.7,57304
MEN,2026-06-11,603.0,597.0,45905
SADBL,2026-06-11,419.0,412.9,23259
HBL,2026-06-11,199.0,198.5,34989
BANDIPUR,2026-06-11,815.1,820.0,14667
ADBL,2026-06-11,324.4,310.0,17589
PSF,2026-06-11,12.03,12.2,352348
NIBSF2,2026-06-11,9.1,9.25,5200
NICSF,2026-06-11,9.25,9.45,18600
MPFL,2026-06-11,643.1,640.0,25586
RSDC,2026-06-11,665.0,660.0,2556
PHCL,2026-06-11,310.0,326.0,494194
PPL,2026-06-11,332.4,348.0,15617
CMF2,2026-06-11,9.9,9.9,100
AKJCL,2026-06-11,384.8,403.0,385504
NMB,2026-06-11,245.0,245.9,36015
DDBL,2026-06-11,840.0,837.0,6176
NMBD89/90,2026-06-11,1316.0,1316.0,80
GMFIL,2026-06-11,483.2,482.1,36820
LBBL,2026-06-11,495.0,493.0,25743
NMFBS,2026-06-11,1140.0,1138.0,1369
SRLI,2026-06-11,400.0,397.0,19064
EHPL,2026-06-11,382.0,382.1,11115
JFL,2026-06-11,416.0,414.5,4568
HBLD86,2026-06-11,1132.2,1132.1,25
RHGCL,2026-06-11,283.2,284.0,51160
SCB,2026-06-11,659.0,650.0,6996
ICFCD89,2026-06-11,1098.0,1085.1,125
RMF2,2026-06-11,9.99,9.99,250
NIBLGF,2026-06-11,9.4,9.4,700
OMPL,2026-06-11,1148.0,1149.9,2816
CORBL,2026-06-11,1760.0,1825.0,5996
MABEL,2026-06-11,713.5,725.0,22503
KKHC,2026-06-11,262.0,258.0,35557
MBL,2026-06-11,247.0,248.0,47923
RBCLPO,2026-06-11,11713.2,11715.5,20
NIBLSTF,2026-06-11,9.08,9.11,11180
BPCL,2026-06-11,676.0,681.1,37655
NABBC,2026-06-11,843.0,895.0,7920
UPPER,2026-06-11,201.0,201.9,49837
GBIMESY2,2026-06-11,9.32,9.58,20150
SEF,2026-06-11,10.0,10.0,93450
CHDC,2026-06-11,2240.0,2255.0,6005
SFCL,2026-06-11,365.8,382.1,8545
SBLD89,2026-06-11,1275.0,1280.0,120
MEL,2026-06-11,235.0,237.7,5456
CYCL,2026-06-11,1435.0,1418.0,1617
PCIL,2026-06-11,770.0,755.9,37639
KDBY,2026-06-11,11.21,11.26,3900
SGIC,2026-06-11,487.1,494.0,21979
CHCL,2026-06-11,486.0,484.9,10549
ILI,2026-06-11,454.9,431.3,21274
SHEL,2026-06-11,310.0,310.0,88958
NWCL,2026-06-11,780.0,793.0,2977
NABILD2089,2026-06-11,1120.0,1120.0,25
SBI,2026-06-11,393.0,393.9,23338
HEI,2026-06-11,590.1,561.5,6505
MNBBL,2026-06-11,376.0,375.0,32275
NMBMF,2026-06-11,640.0,635.9,2130
LVF2,2026-06-11,10.0,9.75,450
ANLB,2026-06-11,5751.0,5775.0,178
EBLD91,2026-06-11,1062.0,1090.0,127625
PMHPL,2026-06-11,336.0,333.9,6126
DHEL,2026-06-11,632.9,635.9,27967
SHINED,2026-06-11,1093.1,1093.1,25
BJHL,2026-06-11,885.8,855.0,4490
ULBSL,2026-06-11,2835.0,2940.0,1756
SLCF,2026-06-11,9.9,10.0,39900
NICL,2026-06-11,529.0,542.5,34370
ICFCD83,2026-06-11,1078.4,1100.0,50
MLBS,2026-06-11,1264.9,1260.0,130
HHL,2026-06-11,364.0,367.5,26077
CKHL,2026-06-11,655.0,649.0,552
HIDCLP,2026-06-11,199.6,199.7,47436
KBL,2026-06-11,214.0,212.5,99551
SBID89,2026-06-11,1124.0,1136.0,51
SHIVM,2026-06-11,665.0,665.0,96593
SPIL,2026-06-11,714.1,730.0,4068
SIPD,2026-06-11,770.0,760.0,12395
GVL,2026-06-11,485.3,489.8,8603
SBD87,2026-06-11,1090.0,1090.0,40
NMIC,2026-06-11,1047.0,1051.0,3812
SOHL,2026-06-11,635.0,645.0,61599
CIT,2026-06-11,1744.9,1741.0,6155
GSY,2026-06-11,9.96,9.96,2900
MKHL,2026-06-11,520.0,504.5,19175
TVCL,2026-06-11,495.0,492.1,6723
BBC,2026-06-11,4310.0,4292.0,266
NBF2,2026-06-11,9.88,9.88,4200
SKHEL,2026-06-11,1150.0,1178.0,3703
GBILD84/85,2026-06-11,1120.0,1150.0,45
HFIN,2026-06-11,882.0,857.0,26041
SHINE,2026-06-11,411.0,410.0,10821
NIFRA,2026-06-11,260.1,259.6,59763
KPCL,2026-06-11,514.5,487.0,6137
RNLI,2026-06-11,465.0,466.0,11621
MMKJL,2026-06-11,502.2,510.0,860
NSIF2,2026-06-11,10.75,10.84,69195
BHCL,2026-06-11,571.3,584.0,86681
RHPL,2026-06-11,272.0,270.0,27969
SONA,2026-06-11,438.0,435.0,21949
UMHL,2026-06-11,599.9,595.0,37925
BEDC,2026-06-11,360.0,357.0,8261
GMFBS,2026-06-11,1293.0,1278.0,546
SKBBL,2026-06-11,807.0,764.0,4899
MLBL,2026-06-11,361.7,361.0,36641
SLBSL,2026-06-11,1170.0,1210.0,3393
BNT,2026-06-11,11600.0,11699.9,34
SMPDA,2026-06-11,844.0,828.2,418
UHEWA,2026-06-11,615.0,655.0,145208
AKPL,2026-06-11,265.1,265.0,41977
NMLBBL,2026-06-11,586.0,586.8,4686
MAKAR,2026-06-11,493.1,489.2,6778
HLI,2026-06-11,338.0,339.0,16832
SBID2090,2026-06-11,1180.0,1121.0,2
HLICF,2026-06-11,9.0,9.0,1850
CLI,2026-06-11,455.0,454.2,14763
MATRI,2026-06-11,916.0,890.0,221
BHDC,2026-06-11,454.0,457.0,3525
PPCL,2026-06-11,373.0,380.0,2002
TPC,2026-06-11,365.0,365.7,17621
GIBF1,2026-06-11,10.7,10.73,86400
ENL,2026-06-11,917.0,875.0,1567
SSHL,2026-06-11,212.0,210.9,88785
NBL,2026-06-11,269.0,268.0,57135
SMATA,2026-06-11,757.1,768.6,1458
WNLB,2026-06-11,1401.0,1420.0,267
NIMB,2026-06-11,198.0,196.7,50490
SGHC,2026-06-11,355.2,359.9,4951
SJCL,2026-06-11,291.0,292.2,6742
GLBSL,2026-06-11,1800.0,1795.0,718
SBID83,2026-06-11,1061.5,1060.0,522
ALICL,2026-06-11,450.0,450.0,31401
NSY,2026-06-11,9.36,9.45,12200
KBSH,2026-06-11,1539.0,1568.0,326
STC,2026-06-11,5444.0,5400.0,230
KDL,2026-06-11,869.4,830.0,5560
MKHC,2026-06-11,313.6,313.7,15873
EBLD85,2026-06-11,1150.0,1151.0,125
SIKLES,2026-06-11,603.0,596.0,4795
NICFC,2026-06-11,9.35,9.25,3300
NLIC,2026-06-11,758.0,761.0,19198
RLFL,2026-06-11,480.0,471.0,36801
MNMF1,2026-06-11,9.81,10.0,138895
ILBS,2026-06-11,900.0,915.0,1263
NRN,2026-06-11,1320.0,1374.9,33258
SABBL,2026-06-11,1145.0,1130.1,6707
HEIP,2026-06-11,342.0,338.0,2028
PBLD86,2026-06-11,1135.0,1136.4,100
TSHL,2026-06-11,550.0,550.1,1592
EDBL,2026-06-11,574.0,583.0,2478
SWBBL,2026-06-11,734.0,739.9,4480
SMH,2026-06-11,568.1,569.5,1469
H8020,2026-06-11,11.65,11.75,261800
DORDI,2026-06-11,270.0,270.0,12766
CREST,2026-06-11,1260.0,1285.0,9746
USHL,2026-06-11,609.0,605.0,3480
JOSHI,2026-06-11,281.2,278.0,17553
PBLD87,2026-06-11,1087.0,1055.0,510
KSY,2026-06-11,9.64,9.77,800
LEC,2026-06-11,222.0,220.8,52843
RBBD2088,2026-06-11,1060.0,1057.3,200
APHL,2026-06-11,331.7,396.2,100
GUFL,2026-06-11,560.0,571.4,11679
NBLD87,2026-06-11,1100.0,1100.0,50
SBL,2026-06-11,403.0,400.0,40760
MSLB,2026-06-11,1245.0,1249.0,920
SJLIC,2026-06-11,431.0,433.0,8843
DOLTI,2026-06-11,353.0,348.0,25760
VLBS,2026-06-11,715.0,716.0,3234
FOWAD,2026-06-11,1000.1,1029.9,9600
SPHL,2026-06-11,582.0,609.9,66593
MBJC,2026-06-11,282.3,284.9,19219
HBLD83,2026-06-11,1037.0,1034.5,100
KHPL,2026-06-11,1200.0,1193.2,110575
NFS,2026-06-11,623.0,623.0,9878
PCBL,2026-06-11,239.0,237.4,27764
RIDI,2026-06-11,332.5,345.0,221893
KEF,2026-06-11,10.75,10.72,9800
SAHAS,2026-06-11,665.0,662.0,64067
LSL,2026-06-11,222.2,217.4,27806
BHPL,2026-06-11,561.6,534.5,7188
LICN,2026-06-11,808.0,812.0,4763
NESDO,2026-06-11,1550.0,1550.1,1910
MDB,2026-06-10,603.0,605.1,2743
NBLD82,2026-06-10,1080.0,1054.1,160
BBC,2026-06-10,4261.0,4350.0,198
NICAD85/86,2026-06-10,1180.1,1205.0,27
SMHL,2026-06-10,500.0,494.0,22137
SMJC,2026-06-10,474.9,465.0,20845
RBCL,2026-06-10,15000.1,14981.0,160
SBCF,2026-06-10,9.58,9.85,20500
UPPER,2026-06-10,200.7,201.9,76917
KHPL,2026-06-10,1051.8,1152.0,12420
UNL,2026-06-10,46650.1,46800.0,110
NBL,2026-06-10,254.2,267.0,31800
DLBS,2026-06-10,1250.1,1290.0,218
SHIVM,2026-06-10,673.0,665.0,83231
GLH,2026-06-10,262.0,264.9,18741
NIBLGF,2026-06-10,9.39,9.39,16400
SCB,2026-06-10,655.0,658.0,3081
NICBF,2026-06-10,9.2,9.2,16500
UMHL,2026-06-10,577.1,594.9,102353
CORBL,2026-06-10,1850.0,1809.0,31866
PCIL,2026-06-10,765.0,774.0,39370
RBCLPO,2026-06-10,11885.0,11885.0,10
PBLD86,2026-06-10,1203.0,1132.0,25000
DDBL,2026-06-10,842.1,836.2,5752
DHPL,2026-06-10,300.0,300.0,3455
HIDCLP,2026-06-10,201.0,200.2,119049
NBBD2085,2026-06-10,1185.0,1188.0,50
WNLB,2026-06-10,1401.0,1427.0,165
NADEP,2026-06-10,754.0,746.0,1031
MKCL,2026-06-10,1222.1,1240.0,1578
GBLBS,2026-06-10,766.0,774.0,1758
NUBL,2026-06-10,660.0,658.8,1339
SIKLES,2026-06-10,587.0,599.0,14021
NIBLSTF,2026-06-10,9.28,9.36,13400
API,2026-06-10,347.0,349.0,217481
MLBBL,2026-06-10,1180.0,1189.0,369
SYPNL,2026-06-10,1387.0,1405.0,35428
PCBLP,2026-06-10,108.1,108.1,586187
BGWT,2026-06-10,653.0,659.9,1254
MEHL,2026-06-10,379.7,367.2,2764
JFL,2026-06-10,425.0,421.0,7459
MATRI,2026-06-10,895.0,890.0,418
MSHL,2026-06-10,671.0,689.8,652
SADBL,2026-06-10,412.5,411.5,12040
MAKAR,2026-06-10,496.0,494.1,3486
SALICO,2026-06-10,630.0,630.0,2367
IHL,2026-06-10,400.0,400.0,23802
NMLBBL,2026-06-10,580.0,589.0,3876
LBLD86,2026-06-10,1200.0,1200.0,10
MHCL,2026-06-10,349.1,350.0,5746
HFIN,2026-06-10,829.0,880.0,28533
CHDC,2026-06-10,2260.0,2250.0,7705
SAGAR,2026-06-10,1672.0,1669.0,3642
EBLD85,2026-06-10,1160.0,1160.0,40
CREST,2026-06-10,1289.0,1279.9,10090
MEL,2026-06-10,239.0,240.5,2294
SANVI,2026-06-10,690.2,700.0,16508
FMDBL,2026-06-10,785.0,779.9,17658
ILI,2026-06-10,431.0,433.3,19635
NICGF2,2026-06-10,9.78,9.61,12600
RBBD2088,2026-06-10,1072.6,1052.0,60866
MBL,2026-06-10,237.0,250.0,26681
RBBF40,2026-06-10,9.3,9.3,700
GBILD86/87,2026-06-10,1100.0,1100.0,35
RSDC,2026-06-10,675.0,665.0,3920
AHPC,2026-06-10,273.0,277.0,61990
BNT,2026-06-10,11650.0,11600.0,30
RMF1,2026-06-10,9.69,9.85,12500
ILBS,2026-06-10,924.5,922.9,1220
EDBL,2026-06-10,579.1,583.2,3706
MBJC,2026-06-10,282.0,282.4,18480
MSLB,2026-06-10,1210.1,1250.0,1166
NMBD87/88,2026-06-10,1096.9,1096.9,25
SAIL,2026-06-10,1066.0,1078.0,40725
LBBL,2026-06-10,494.2,493.4,45764
CIT,2026-06-10,1747.0,1744.9,3565
NWCL,2026-06-10,781.3,793.0,1551
PROFL,2026-06-10,475.0,465.0,11336
H8020,2026-06-10,11.63,11.65,1000
RMF2,2026-06-10,10.14,10.14,400
UPCL,2026-06-10,367.0,364.9,9313
SLBSL,2026-06-10,1224.0,1217.0,662
CBBL,2026-06-10,929.0,917.0,18844
PRIN,2026-06-10,706.9,697.0,10986
NLICL,2026-06-10,586.2,588.2,4486
NIBSF2,2026-06-10,9.05,9.24,5100
ADBL,2026-06-10,297.0,309.0,20348
SWMF,2026-06-10,666.0,664.9,2059
NSIF2,2026-06-10,10.75,10.75,1200
BEDC,2026-06-10,350.0,362.0,10057
NIMBPO,2026-06-10,147.0,148.1,6715
SANIMA,2026-06-10,364.6,363.0,31381
NIMBD90,2026-06-10,1223.0,1215.7,59877
GIBF1,2026-06-10,10.8,10.72,2000
LVF2,2026-06-10,10.1,9.8,900
ALICL,2026-06-10,450.0,453.0,6454
CZBIL,2026-06-10,204.7,201.5,29054
SBLD84,2026-06-10,1050.0,1050.0,16043
GFCL,2026-06-10,650.0,648.1,12620
GBIMESY2,2026-06-10,9.3,9.35,1559
LBBLD89,2026-06-10,1262.0,1262.0,677
LICN,2026-06-10,819.9,813.0,7671
CIZBD90,2026-06-10,1300.0,1300.0,10
SMPDA,2026-06-10,857.0,833.0,1599
NBLD87,2026-06-10,1094.0,1098.0,35
HRL,2026-06-10,645.0,644.0,42478
GHL,2026-06-10,237.9,234.0,21866
SKHL,2026-06-10,900.0,965.0,38504
NICLBSL,2026-06-10,565.4,570.0,2999
HURJA,2026-06-10,248.0,250.0,26793
RSML,2026-06-10,3500.0,3584.0,13911
SOPL,2026-06-10,351.5,402.1,340
LEC,2026-06-10,219.2,222.9,65712
SIFC,2026-06-10,570.0,565.0,35315
NICL,2026-06-10,542.0,538.7,25219
NICAD2091,2026-06-10,1069.1,1075.0,50
ICFC,2026-06-10,645.0,636.0,5607
SBID89,2026-06-10,1130.0,1135.0,2856
BHPL,2026-06-10,512.8,534.9,14063
OMPL,2026-06-10,1140.0,1148.0,1685
SJCL,2026-06-10,292.0,292.8,8552
SPIL,2026-06-10,734.6,734.4,5321
JHAPA,2026-06-10,1300.0,1378.0,15651
NSY,2026-06-10,9.22,9.59,22600
PFL,2026-06-10,363.9,385.0,4832
ENL,2026-06-10,861.2,875.0,796
MKHL,2026-06-10,496.1,510.0,4319
NRM,2026-06-10,360.0,355.0,12959
SBD87,2026-06-10,1093.0,1100.0,50025
NLIC,2026-06-10,765.0,759.0,17199
SICL,2026-06-10,637.5,640.0,2762
RFPL,2026-06-10,362.0,365.0,17388
ICFCD89,2026-06-10,1090.0,1090.0,50
SBL,2026-06-10,396.1,402.0,31016
NICA,2026-06-10,327.0,343.0,34778
PRVU,2026-06-10,186.0,195.0,68092
JSLBB,2026-06-10,1086.0,1086.0,29
TPC,2026-06-10,362.0,366.9,9173
BJHL,2026-06-10,844.0,870.0,10926
SGIC,2026-06-10,491.0,490.2,15143
SBD89,2026-06-10,1201.0,1200.0,28
GCIL,2026-06-10,411.0,412.0,32304
KPCL,2026-06-10,488.0,490.0,5635
HATHY,2026-06-10,776.0,774.0,2349
PMLI,2026-06-10,465.0,469.0,3562
SABBL,2026-06-10,1132.0,1152.0,6277
FOWAD,2026-06-10,1049.9,1030.5,5798
GVL,2026-06-10,490.0,492.0,17557
SMH,2026-06-10,583.5,570.0,4556
APHL,2026-06-10,299.7,344.6,110
MEN,2026-06-10,607.0,599.0,49078
SRLI,2026-06-10,400.0,399.6,35595
SMFBS,2026-06-10,1527.0,1533.0,94
TAMOR,2026-06-10,468.0,459.0,52330
PPCL,2026-06-10,373.1,384.0,3491
DHEL,2026-06-10,619.0,632.9,26798
RLEL,2026-06-10,910.0,947.9,10719
LSL,2026-06-10,208.0,217.5,38113
BARUN,2026-06-10,345.0,340.0,28899
SAGF,2026-06-10,10.16,10.13,1600
MERO,2026-06-10,724.0,720.0,4405
RHPL,2026-06-10,273.2,271.1,27772
MABEL,2026-06-10,675.0,721.0,50219
SMATA,2026-06-10,770.0,773.8,2890
PCBL,2026-06-10,227.0,239.0,29651
UMRH,2026-06-10,545.0,540.0,6632
KBLD89,2026-06-10,1244.0,1281.0,23746
SLCF,2026-06-10,10.0,10.03,1700
NMBMF,2026-06-10,650.9,636.8,711
MLBS,2026-06-10,1220.0,1245.0,282
ANLB,2026-06-10,5751.0,5874.9,182
MNBBL,2026-06-10,373.5,374.5,27215
SBLD83,2026-06-10,1053.0,1042.0,1
CKHL,2026-06-10,638.0,651.0,1405
SKBBL,2026-06-10,762.5,768.6,18034
TVCL,2026-06-10,518.7,495.0,3900
KBSH,2026-06-10,1532.0,1585.9,810
KMCDB,2026-06-10,850.2,856.1,303
NESDO,2026-06-10,1567.0,1555.0,153
MFIL,2026-06-10,780.1,785.8,22017
MLBLD89,2026-06-10,1276.0,1258.7,399
SHEL,2026-06-10,315.0,311.0,31633
MMF1,2026-06-10,9.4,9.45,24945
SPDL,2026-06-10,399.9,396.9,33479
SHLB,2026-06-10,1490.0,1495.0,100
STC,2026-06-10,5410.0,5420.0,1290
CHCL,2026-06-10,490.0,483.1,22811
CYCL,2026-06-10,1441.1,1443.0,768
MKJC,2026-06-10,488.6,489.0,4264
SFCL,2026-06-10,365.9,385.0,10487
CITY,2026-06-10,403.0,417.0,406705
RURU,2026-06-10,646.0,650.1,3269
SOHL,2026-06-10,660.4,649.7,112204
NRIC,2026-06-10,1056.0,1060.0,51840
NMFBS,2026-06-10,1125.2,1140.0,4059
OHL,2026-06-10,684.1,710.0,6302
KDL,2026-06-10,815.0,828.0,455
RAWA,2026-06-10,537.0,549.0,3208
UNLB,2026-06-10,1357.0,1381.0,401
EBLD86,2026-06-10,1050.0,1085.0,85
CMF2,2026-06-10,9.88,9.9,700
BANDIPUR,2026-06-10,816.0,825.0,23168
SPC,2026-06-10,460.0,457.0,1999
VLUCL,2026-06-10,500.0,495.0,1687
NABIL,2026-06-10,535.0,536.0,29859
PHCL,2026-06-10,308.0,309.5,81955
KDBY,2026-06-10,11.25,11.3,4300
NMB50,2026-06-10,10.7,11.02,1100
BHDC,2026-06-10,454.0,456.2,6467
UNHPL,2026-06-10,416.0,412.0,21637
SNLI,2026-06-10,447.0,450.0,10953
SEF,2026-06-10,10.29,10.1,18000
DOLTI,2026-06-10,335.0,349.0,25897
KKHC,2026-06-10,259.1,258.8,46049
EBLEB89,2026-06-10,1060.1,1068.9,1042
NMBHF2,2026-06-10,9.7,9.66,51500
MFLD85,2026-06-10,1105.0,1075.1,150
HEIP,2026-06-10,340.0,338.0,474
GBBL,2026-06-10,413.0,412.3,35051
RSY,2026-06-10,10.17,10.36,12700
SHPC,2026-06-10,510.0,515.9,26573
MMKJL,2026-06-10,520.0,514.0,2666
MCHL,2026-06-10,315.0,317.9,3689
USHL,2026-06-10,635.2,603.0,1114
ULBSL,2026-06-10,3100.0,2979.0,2069
KEF,2026-06-10,10.74,10.79,39600
ICFCD88,2026-06-10,1155.0,1165.0,50
GMLI,2026-06-10,1310.0,1312.2,1036
USHEC,2026-06-10,509.0,509.0,11726
IGI,2026-06-10,473.9,457.0,7422
RHGCL,2026-06-10,288.0,282.5,42612
PSF,2026-06-10,11.96,12.1,10800
NICFC,2026-06-10,9.22,9.35,3650
PRSF,2026-06-10,12.64,13.1,58034
CHL,2026-06-10,280.0,286.9,8824
NTC,2026-06-10,855.0,847.0,11049
MANDU,2026-06-10,808.0,813.1,742
BUNGAL,2026-06-10,688.1,733.1,92750
GBBD85,2026-06-10,1110.0,1110.0,25
NFS,2026-06-10,620.0,629.4,62624
GMFBS,2026-06-10,1306.0,1287.0,130
SINDU,2026-06-10,727.0,750.0,12722
AHL,2026-06-10,489.9,487.0,2598
MPFL,2026-06-10,640.0,648.0,38667
HPPL,2026-06-10,365.0,368.2,20529
KSY,2026-06-10,9.8,9.93,1000
SSHL,2026-06-10,215.0,212.1,46455
PMHPL,2026-06-10,331.0,334.6,3830
SARBTM,2026-06-10,850.0,855.0,9309
AVYAN,2026-06-10,1068.0,1074.0,1831
SIPD,2026-06-10,770.0,770.0,23656
USLB,2026-06-10,1257.0,1253.0,720
CSY,2026-06-10,9.2,9.3,4140
NBF2,2026-06-10,9.85,9.85,100
BPCL,2026-06-10,675.0,676.0,22161
TRH,2026-06-10,761.0,770.0,1882
MLBL,2026-06-10,363.9,363.2,19936
HLI,2026-06-10,340.0,340.9,25874
PPL,2026-06-10,332.2,349.8,19441
NIMB,2026-06-10,188.0,196.0,81587
SWASTIK,2026-06-10,2350.0,2320.0,365
GWFD83,2026-06-10,1085.0,1085.0,160
EBL,2026-06-10,705.0,705.0,11211
DORDI,2026-06-10,271.0,273.0,14387
HIDCL,2026-06-10,265.5,263.6,22769
SHINE,2026-06-10,408.4,411.1,7047
NABBC,2026-06-10,874.0,860.0,4611
BHCL,2026-06-10,579.0,584.0,60896
GMFIL,2026-06-10,509.9,491.0,28265
NICSF,2026-06-10,9.6,9.49,34650
NRN,2026-06-10,1362.0,1374.9,22226
NHPC,2026-06-10,287.0,285.0,179341
NBF3,2026-06-10,10.0,9.94,25560
AKJCL,2026-06-10,417.0,405.0,680111
TSHL,2026-06-10,542.7,560.0,557
SFEF,2026-06-10,10.06,10.1,1300
NIL,2026-06-10,664.9,654.0,2379
LLBS,2026-06-10,933.7,947.0,338
RNLI,2026-06-10,469.9,468.0,7862
SKHEL,2026-06-10,1150.0,1175.0,3605
SBLD89,2026-06-10,1287.5,1287.5,25
JBBL,2026-06-10,352.1,354.0,18696
CGH,2026-06-10,796.0,782.0,48057
GBIME,2026-06-10,235.0,239.8,138940
SHL,2026-06-10,494.1,500.0,3657
GRDBL,2026-06-10,1040.1,1062.4,3699
SAPDBL,2026-06-10,874.0,1015.0,234489
KBLD90,2026-06-10,1211.0,1230.0,55
TTL,2026-06-10,814.0,817.0,11273
HBL,2026-06-10,195.0,199.0,31083
MHNL,2026-06-10,254.0,259.0,5509
ACLBSL,2026-06-10,950.0,959.0,972
SPHL,2026-06-10,590.0,592.0,15510
NIFRA,2026-06-10,262.1,261.0,48460
LUK,2026-06-10,10.1,10.1,200
MLBSL,2026-06-10,1770.0,1800.0,364
EHPL,2026-06-10,390.8,385.0,8990
PBD88,2026-06-10,1221.0,1221.0,10
SFMF,2026-06-10,10.2,10.24,2100
SWBBL,2026-06-10,740.0,737.5,1557
GLBSL,2026-06-10,1751.0,1770.0,104
JBLB,2026-06-10,1289.9,1276.0,9902
GUFL,2026-06-10,570.2,574.8,15907
EBLD91,2026-06-10,1080.1,1062.0,80025
RADHI,2026-06-10,764.0,749.0,59224
SIGS2,2026-06-10,10.49,10.81,18295
SMB,2026-06-10,1730.0,1730.0,322
NMB,2026-06-10,242.0,245.0,14769
JOSHI,2026-06-10,275.2,281.2,8471
SPL,2026-06-10,700.0,707.0,370
NGPL,2026-06-10,449.0,437.9,113472
SBI,2026-06-10,395.0,396.0,21810
BNHC,2026-06-10,332.9,330.0,7736
SLBBL,2026-06-10,821.0,820.1,1495
HDL,2026-06-10,1176.9,1161.1,15623
SRBLD83,2026-06-10,1064.0,1064.0,60000
VLBS,2026-06-10,700.0,717.0,5436
SBLD2091,2026-06-10,1061.4,1045.3,15224
MBLEF,2026-06-10,10.0,10.2,6600
KBL,2026-06-10,213.6,213.1,143604
SGHC,2026-06-10,352.0,358.6,7495
CLI,2026-06-10,454.3,455.0,16135
AKPL,2026-06-10,263.0,267.0,25345
UAIL,2026-06-10,475.2,487.5,24033
BFC,2026-06-10,523.0,529.0,173251
RIDI,2026-06-10,334.5,350.0,284467
KSBBL,2026-06-10,503.0,489.0,34624
MKHC,2026-06-10,320.0,315.0,13525
ULHC,2026-06-10,450.0,428.0,48476
NIBD84,2026-06-10,1052.0,1052.0,25
ALBSL,2026-06-10,1155.0,1110.0,3122
HIMSTAR,2026-06-10,835.0,860.0,5020
NYADI,2026-06-10,405.0,406.0,18784
HLICF,2026-06-10,9.0,9.0,3686
HLBSL,2026-06-10,899.0,887.0,1100
RLFL,2026-06-10,505.0,490.0,97594
SIGS3,2026-06-10,10.98,10.98,127000
GSY,2026-06-10,9.93,9.96,4900
SONA,2026-06-10,440.0,438.2,11280
PURE,2026-06-10,910.0,921.0,6924
NLG,2026-06-10,640.0,636.0,6837
SJLIC,2026-06-10,429.0,431.0,16149
GILB,2026-06-10,1111.0,1120.0,728
HHL,2026-06-10,359.0,365.8,33618
MNMF1,2026-06-10,9.8,10.0,1600
BHL,2026-06-10,217.5,215.7,140401
NHDL,2026-06-10,629.0,633.2,2687
C30MF,2026-06-10,10.05,9.96,97500
UHEWA,2026-06-10,605.0,644.0,222441
CFCL,2026-06-10,630.8,656.0,179057
HDHPC,2026-06-10,218.0,216.1,81589
MHL,2026-06-10,495.1,499.7,3122
SAHAS,2026-06-10,660.5,665.0,45824
HEI,2026-06-10,570.0,562.0,3787
NMBD89/90,2026-06-10,1322.0,1351.0,157
NMIC,2026-06-10,1040.0,1059.9,4684
SFMF,2026-06-09,10.51,10.51,100
PPCL,2026-06-09,373.4,384.0,6848
NMBD89/90,2026-06-09,1322.0,1322.0,100
SBCF,2026-06-09,9.63,9.67,9632
NSY,2026-06-09,9.52,9.5,5700
HDL,2026-06-09,1223.2,1162.0,33038
GMLI,2026-06-09,1283.1,1310.0,1602
GRDBL,2026-06-09,1030.1,1056.0,12174
NMBHF2,2026-06-09,9.57,9.85,41850
UHEWA,2026-06-09,593.0,635.0,271099
GLH,2026-06-09,264.0,264.0,36427
PBD85,2026-06-09,1080.0,1080.0,25
NMIC,2026-06-09,1061.0,1062.9,4575
RIDI,2026-06-09,328.9,352.1,347758
TPC,2026-06-09,365.0,366.0,24738
GBILD86/87,2026-06-09,1090.0,1068.0,40045
HHL,2026-06-09,351.0,359.0,37778
SPC,2026-06-09,453.0,459.0,8336
BUNGAL,2026-06-09,686.0,688.1,36335
HIDCL,2026-06-09,250.0,264.5,61597
NLICL,2026-06-09,586.2,588.0,6721
GILB,2026-06-09,1111.2,1121.5,1462
MEL,2026-06-09,239.3,239.0,3954
SHL,2026-06-09,503.0,502.7,39630
NICA,2026-06-09,343.0,344.0,65374
GHL,2026-06-09,236.0,236.0,38084
BHL,2026-06-09,218.0,216.0,211079
SWBBL,2026-06-09,738.0,740.0,6079
USLB,2026-06-09,1242.0,1257.0,468
SGIC,2026-06-09,500.0,496.0,37947
SAGAR,2026-06-09,1675.5,1670.0,9883
KBL,2026-06-09,213.0,213.5,253507
H8020,2026-06-09,11.54,11.88,1970
RMF1,2026-06-09,9.72,9.9,2100
SIFC,2026-06-09,557.0,558.4,38138
PPL,2026-06-09,332.5,349.6,19785
DOLTI,2026-06-09,348.0,352.0,44246
HBL,2026-06-09,202.0,201.0,42099
NTC,2026-06-09,853.0,850.7,14927
JOSHI,2026-06-09,277.0,280.0,16614
RBCLPO,2026-06-09,11885.0,11885.0,10
EBLD86,2026-06-09,1100.0,1100.0,25
KKHC,2026-06-09,255.0,259.1,80534
SNLI,2026-06-09,450.3,447.7,25704
GBIMESY2,2026-06-09,9.28,9.29,830
SHPC,2026-06-09,511.2,514.0,41944
GLBSL,2026-06-09,1825.0,1772.0,319
CORBL,2026-06-09,1900.1,1850.0,23254
SOHL,2026-06-09,640.1,629.0,113334
SMB,2026-06-09,1740.0,1735.0,1218
LBBL,2026-06-09,494.0,493.0,61938
MCHL,2026-06-09,307.1,313.0,7984
SWMF,2026-06-09,656.0,664.0,3626
LUK,2026-06-09,10.6,10.3,235
TTL,2026-06-09,800.0,814.0,17493
GSY,2026-06-09,10.0,10.0,7450
ULHC,2026-06-09,450.2,459.0,8836
SSHL,2026-06-09,213.0,213.6,158656
LVF2,2026-06-09,9.8,9.86,650
PBD84,2026-06-09,1080.0,1071.0,100
HFIN,2026-06-09,850.0,865.9,47734
SAIL,2026-06-09,1054.8,1049.0,21995
NADEP,2026-06-09,755.0,753.8,2193
SMH,2026-06-09,587.5,579.0,8966
MPFL,2026-06-09,650.0,645.0,51450
SPIL,2026-06-09,730.0,734.6,12224
C30MF,2026-06-09,10.0,10.01,600
NIFRA,2026-06-09,260.1,261.1,84878
OMPL,2026-06-09,1145.0,1143.0,5108
PMHPL,2026-06-09,331.0,334.0,8615
MLBS,2026-06-09,1249.0,1220.0,925
CLI,2026-06-09,457.1,455.5,13863
NMBMF,2026-06-09,639.0,636.3,1207
DLBS,2026-06-09,1252.0,1270.1,519
NIBLGF,2026-06-09,9.5,9.39,7500
RBCL,2026-06-09,15000.0,15049.9,160
NMFBS,2026-06-09,1140.0,1130.2,9187
CHCL,2026-06-09,490.0,489.0,15728
AVYAN,2026-06-09,1072.1,1068.0,6929
NSIF2,2026-06-09,10.74,10.85,7900
SIGS2,2026-06-09,10.79,10.78,29125
PURE,2026-06-09,892.9,910.0,6158
UPCL,2026-06-09,365.0,366.0,36103
ILI,2026-06-09,435.2,435.0,25994
SIPD,2026-06-09,758.0,769.0,19013
ADBLD83,2026-06-09,1052.2,1052.1,50
CGH,2026-06-09,790.0,790.0,16666
GVL,2026-06-09,485.0,492.9,15877
GIBF1,2026-06-09,11.11,10.8,850
NGPL,2026-06-09,454.0,433.0,207057
STC,2026-06-09,5438.0,5430.0,825
MLBBL,2026-06-09,1190.0,1189.0,1939
CBBL,2026-06-09,920.0,916.0,11894
KHPL,2026-06-09,914.7,1001.8,3380
TVCL,2026-06-09,490.1,494.0,11703
HEI,2026-06-09,550.0,564.0,15779
MEHL,2026-06-09,375.1,368.7,2730
SBID83,2026-06-09,1075.0,1075.0,100
RBBF40,2026-06-09,9.3,9.3,400
MABEL,2026-06-09,672.0,680.0,14304
SBLD84,2026-06-09,1120.0,1080.0,11117
NESDO,2026-06-09,1525.1,1564.0,1841
MKCL,2026-06-09,1235.1,1237.0,1570
EBLD85,2026-06-09,1165.0,1165.0,70
HURJA,2026-06-09,238.3,250.0,81152
ADBL,2026-06-09,310.0,312.0,25126
RFPL,2026-06-09,381.1,362.0,16966
IGI,2026-06-09,452.1,461.5,39852
GMFBS,2026-06-09,1250.0,1270.0,1273
NIMBPO,2026-06-09,156.4,151.4,3708
SRLI,2026-06-09,395.1,402.8,23033
CKHL,2026-06-09,637.0,647.5,1295
MHL,2026-06-09,500.0,497.5,4062
PRSF,2026-06-09,13.0,12.92,37500
SBLD83,2026-06-09,1053.0,1053.0,49995
USHEC,2026-06-09,503.0,509.0,11313
NMB50,2026-06-09,11.0,10.88,12930
JBLB,2026-06-09,1260.0,1289.9,3705
SADBL,2026-06-09,412.0,412.5,18852
KMCDB,2026-06-09,854.0,850.4,2596
AKJCL,2026-06-09,425.0,409.1,638777
SKHL,2026-06-09,927.0,912.9,18510
NLIC,2026-06-09,798.0,765.0,22997
ENL,2026-06-09,880.0,879.9,551
SEF,2026-06-09,10.0,10.0,1500
SPHL,2026-06-09,585.0,602.0,13157
BNT,2026-06-09,11600.0,11566.0,60
EBLD91,2026-06-09,1065.1,1085.1,75
MEN,2026-06-09,614.0,603.0,96362
AHPC,2026-06-09,275.1,274.8,124679
GCIL,2026-06-09,413.3,415.0,11087
LSL,2026-06-09,230.6,218.9,106957
TRH,2026-06-09,760.0,761.0,8796
JSLBB,2026-06-09,1082.0,1086.0,1991
CREST,2026-06-09,1419.0,1289.0,15289
KSBBLD87,2026-06-09,1130.0,1125.0,30
NABIL,2026-06-09,531.0,533.0,49834
GBIME,2026-06-09,238.0,239.0,206778
ALICL,2026-06-09,451.1,457.9,15983
NFS,2026-06-09,610.0,614.5,53078
UNLB,2026-06-09,1375.0,1357.0,210
VLUCL,2026-06-09,473.1,497.0,3490
SCB,2026-06-09,653.0,655.0,10104
SMJC,2026-06-09,466.0,466.0,21012
CHL,2026-06-09,290.0,284.9,29306
SAHAS,2026-06-09,663.0,661.1,125484
NRN,2026-06-09,1446.0,1362.2,61735
NICSF,2026-06-09,9.26,9.44,45346
MHCL,2026-06-09,336.0,352.0,4703
MLBL,2026-06-09,374.0,363.9,14380
NICAD2091,2026-06-09,1061.0,1072.0,100
BANDIPUR,2026-06-09,814.0,820.0,35953
SIKLES,2026-06-09,591.0,592.0,14408
NBF3,2026-06-09,9.83,9.97,4400
MMKJL,2026-06-09,505.0,509.0,3625
WNLB,2026-06-09,1435.0,1433.5,104
ICFCD89,2026-06-09,1080.1,1085.5,270
CIT,2026-06-09,1748.0,1747.0,10830
UNL,2026-06-09,47000.0,47100.0,120
NHDL,2026-06-09,635.0,629.0,2786
SFCL,2026-06-09,402.0,385.1,13579
BNHC,2026-06-09,326.0,324.0,5604
NICLBSL,2026-06-09,566.3,574.0,3566
DDBL,2026-06-09,842.0,841.6,5263
GMFIL,2026-06-09,511.0,498.0,59030
BARUN,2026-06-09,337.9,341.0,36592
SKBBL,2026-06-09,760.0,762.5,14602
SFEF,2026-06-09,10.05,10.05,400
SJCL,2026-06-09,290.0,294.0,14950
KDBY,2026-06-09,11.17,11.25,4700
SBL,2026-06-09,397.0,399.9,50502
MNMF1,2026-06-09,9.72,9.97,13320
CYCL,2026-06-09,1450.1,1441.3,837
SBID2090,2026-06-09,1180.0,1180.0,50
CHDC,2026-06-09,2241.2,2260.0,8110
NMBD87/88,2026-06-09,1110.0,1065.0,42365
NWCL,2026-06-09,782.0,781.3,1399
RHPL,2026-06-09,275.0,272.3,17253
VLBS,2026-06-09,705.0,713.0,5562
SARBTM,2026-06-09,853.0,860.0,27692
IHL,2026-06-09,396.2,400.0,27493
ICFC,2026-06-09,643.0,637.0,18814
MBLEF,2026-06-09,10.0,10.0,2400
SABBL,2026-06-09,1156.0,1150.0,17153
SAPDBL,2026-06-09,870.4,920.0,102078
HEIP,2026-06-09,340.0,340.0,847
UPPER,2026-06-09,202.0,201.4,133876
MNBBL,2026-06-09,377.9,374.0,48308
UMHL,2026-06-09,576.1,579.7,19859
GBBLPO,2026-06-09,238.0,238.0,60000
KSBBL,2026-06-09,487.0,490.0,55117
SPL,2026-06-09,688.8,700.0,4875
MKJC,2026-06-09,488.1,493.0,1860
BHCL,2026-06-09,601.0,573.5,61405
SIGS3,2026-06-09,11.33,11.0,7810
PCIL,2026-06-09,750.0,768.0,84796
SYPNL,2026-06-09,1403.0,1387.0,38613
ADBLB86,2026-06-09,1000.0,1000.0,570000
MSLB,2026-06-09,1220.1,1240.0,720
NMB,2026-06-09,241.2,244.8,29019
NUBL,2026-06-09,657.0,660.0,786
NRM,2026-06-09,354.2,359.0,13893
SONA,2026-06-09,437.0,440.0,37215
NBBD2085,2026-06-09,1182.0,1182.0,264820
RHGCL,2026-06-09,282.0,288.5,26873
SLCF,2026-06-09,10.0,10.1,6050
HBLD86,2026-06-09,1207.9,1120.0,30002
MBLD87,2026-06-09,1127.0,1127.0,40
DHPL,2026-06-09,305.0,302.0,5457
CFCL,2026-06-09,612.8,664.0,545952
HDHPC,2026-06-09,219.0,218.0,197780
NBLD85,2026-06-09,1067.0,1080.0,85
HATHY,2026-06-09,777.0,773.1,15109
SKHEL,2026-06-09,1155.0,1162.0,10482
MBJC,2026-06-09,282.0,283.0,15836
SDBD87,2026-06-09,1132.0,1132.0,50
RAWA,2026-06-09,541.2,547.0,3042
SBD87,2026-06-09,1100.0,1100.0,40
NIBLSTF,2026-06-09,9.38,9.28,19195
NIL,2026-06-09,647.0,658.7,7799
SAND2085,2026-06-09,1122.7,1095.0,54990
SMHL,2026-06-09,496.0,498.0,33417
SJLIC,2026-06-09,430.0,433.6,9661
KDL,2026-06-09,840.0,828.7,1478
USHL,2026-06-09,609.9,605.0,2240
EHPL,2026-06-09,393.9,381.2,14682
TSHL,2026-06-09,543.0,542.0,2126
PFL,2026-06-09,393.0,383.0,7596
SBID89,2026-06-09,1140.0,1140.0,25
SCBD,2026-06-09,1181.0,1181.0,40
NYADI,2026-06-09,405.2,404.0,17188
KPCL,2026-06-09,511.9,488.0,9910
ALBSL,2026-06-09,1081.1,1100.0,5062
BGWT,2026-06-09,698.0,653.5,827
FOWAD,2026-06-09,1038.0,1040.0,2965
MLBSL,2026-06-09,1771.0,1760.2,551
MMF1,2026-06-09,9.35,9.41,40400
NMLBBL,2026-06-09,580.0,585.0,5884
RLEL,2026-06-09,882.3,910.0,16963
KBSH,2026-06-09,1482.0,1489.1,260
BOKD86,2026-06-09,1130.6,1130.6,3
RSY,2026-06-09,10.15,10.2,7000
NICGF2,2026-06-09,9.32,9.62,1700
MKHC,2026-06-09,315.0,315.0,35074
RURU,2026-06-09,680.0,650.1,9052
SANVI,2026-06-09,680.0,690.0,21286
LLBS,2026-06-09,932.1,948.0,147
SHINE,2026-06-09,412.0,412.0,17268
UNHPL,2026-06-09,422.0,412.0,90064
SBLD2091,2026-06-09,1080.0,1080.0,50
NIBSF2,2026-06-09,9.14,9.2,3937
SWASTIK,2026-06-09,2302.1,2338.9,750
GUFL,2026-06-09,576.0,574.9,49287
NIFRAGED,2026-06-09,1040.7,1040.7,25
FMDBL,2026-06-09,781.0,780.0,11168
SANIMA,2026-06-09,362.5,363.8,64326
MDB,2026-06-09,611.0,608.0,19248
KEF,2026-06-09,10.84,10.75,5100
MSHL,2026-06-09,690.0,689.9,534
RBBD2088,2026-06-09,1070.1,1070.1,25
PSF,2026-06-09,12.66,12.25,1700
SICL,2026-06-09,658.0,637.5,7945
MFIL,2026-06-09,775.0,790.0,44172
SMFBS,2026-06-09,1539.9,1527.0,235
NABILD2089,2026-06-09,1154.0,1154.0,100
NBF2,2026-06-09,10.09,10.09,400
SMATA,2026-06-09,773.0,770.0,6599
MBL,2026-06-09,248.6,249.0,92619
AHL,2026-06-09,486.1,489.0,3366
RMF2,2026-06-09,10.14,10.14,550
HPPL,2026-06-09,378.0,373.9,19676
JHAPA,2026-06-09,1309.5,1339.0,12839
UMRH,2026-06-09,544.0,544.7,9490
NRIC,2026-06-09,1040.0,1056.9,124219
PRIN,2026-06-09,703.0,695.0,9400
KMCDBP,2026-06-09,587.0,587.0,10501
GBBL,2026-06-09,413.0,413.0,23044
SAGF,2026-06-09,10.15,10.2,1200
HLICF,2026-06-09,9.0,9.0,605
BBC,2026-06-09,4425.0,4370.0,1549
DHEL,2026-06-09,625.0,619.0,15537
BJHL,2026-06-09,830.0,838.0,8945
NLG,2026-06-09,640.0,640.0,25799
RSML,2026-06-09,3500.0,3590.0,18308
ILBS,2026-06-09,927.0,906.0,2916
NIMB,2026-06-09,198.0,196.1,102629
AKPL,2026-06-09,269.0,266.5,99593
BHPL,2026-06-09,513.0,539.7,19279
CITY,2026-06-09,409.0,399.0,228348
NICBF,2026-06-09,9.18,9.18,400
NICFC,2026-06-09,9.57,9.5,3900
KSY,2026-06-09,9.75,9.82,5000
BHDC,2026-06-09,454.5,455.0,25469
BFC,2026-06-09,510.0,520.0,129327
ICFCD88,2026-06-09,1160.0,1161.0,100
MKHL,2026-06-09,505.0,510.9,4758
CZBIL,2026-06-09,200.1,202.0,62748
SPDL,2026-06-09,396.9,399.8,14933
GFCL,2026-06-09,667.0,650.0,26236
OHL,2026-06-09,697.0,698.0,3794
BPCL,2026-06-09,710.9,674.1,20640
RLFL,2026-06-09,491.0,494.0,73944
CSY,2026-06-09,9.19,9.4,3000
DORDI,2026-06-09,267.0,271.0,27055
NBL,2026-06-09,268.9,267.5,39209
HIDCLP,2026-06-09,210.0,200.0,314193
NICL,2026-06-09,538.1,542.0,71868
MERO,2026-06-09,718.0,723.5,2901
SBI,2026-06-09,398.0,397.0,11800
BEDC,2026-06-09,359.0,358.8,12824
SMPDA,2026-06-09,822.0,840.0,4820
RSDC,2026-06-09,655.1,664.0,3823
HIMSTAR,2026-06-09,840.4,849.0,4585
HLBSL,2026-06-09,870.1,892.9,736
SOPL,2026-06-09,306.8,349.7,200
MANDU,2026-06-09,810.0,812.1,1033
PRVU,2026-06-09,197.0,195.6,100310
PMLI,2026-06-09,472.0,470.0,3727
SHIVM,2026-06-09,670.0,669.5,173528
JBBL,2026-06-09,355.0,357.0,36878
MATRI,2026-06-09,882.0,895.0,662
SLBSL,2026-06-09,1250.2,1219.0,2733
MAKAR,2026-06-09,507.0,495.0,5380
RNLI,2026-06-09,470.0,469.0,22953
HLI,2026-06-09,339.0,340.0,37199
ACLBSL,2026-06-09,950.0,951.0,1256
EDBL,2026-06-09,580.0,576.0,5750
API,2026-06-09,346.7,347.8,219669
TAMOR,2026-06-09,460.0,459.9,40586
SHEL,2026-06-09,312.0,310.9,122295
HRL,2026-06-09,646.0,646.0,110360
EBL,2026-06-09,706.0,704.5,34807
NBLD82,2026-06-09,1080.0,1080.0,10
SLBBL,2026-06-09,821.0,822.0,6623
LEC,2026-06-09,227.5,224.0,98707
UAIL,2026-06-09,470.0,480.0,33403
SHINED,2026-06-09,1092.5,1100.0,550
RADHI,2026-06-09,788.5,755.0,129519
NHPC,2026-06-09,283.9,287.0,347718
LBLD86,2026-06-09,1198.5,1198.5,173004
SINDU,2026-06-09,728.0,735.0,12625
ANLB,2026-06-09,5750.1,5874.0,854
SGHC,2026-06-09,360.0,358.1,16043
GBBD85,2026-06-09,1090.0,1110.0,135
PROFL,2026-06-09,470.0,463.0,15014
SALICO,2026-06-09,648.0,630.0,18479
NABBC,2026-06-09,876.0,866.0,9672
MHNL,2026-06-09,258.0,261.0,17841
PCBL,2026-06-09,238.3,238.5,45960
LICN,2026-06-09,820.0,814.5,21015
ULBSL,2026-06-09,2900.0,3250.0,3701
JFL,2026-06-09,425.1,418.0,9410
NBLD87,2026-06-09,1105.0,1072.0,39033
SHLB,2026-06-09,1470.0,1500.0,458
GBLBS,2026-06-09,764.2,769.0,2427
PHCL,2026-06-09,306.0,308.0,68374
GBIMEP,2026-06-09,131.0,131.0,20851
CCBD88,2026-06-08,1227.0,1260.0,130
EBLD91,2026-06-08,1072.1,1098.0,36
NIMB,2026-06-08,199.0,196.7,73750
SANVI,2026-06-08,676.0,692.0,13786
GUFL,2026-06-08,586.0,577.0,46581
KBLD90,2026-06-08,1242.1,1242.1,25
HEI,2026-06-08,555.3,560.0,27228
ILBS,2026-06-08,915.0,916.3,1875
NIBLGF,2026-06-08,9.4,9.39,1297
HLBSL,2026-06-08,881.0,890.0,1253
AKPL,2026-06-08,253.7,266.0,70412
UAIL,2026-06-08,478.9,479.9,33169
ACLBSL,2026-06-08,955.0,957.0,1135
LUK,2026-06-08,9.9,10.3,28700
BHDC,2026-06-08,460.0,456.0,11381
GSY,2026-06-08,10.0,10.01,9300
HEIP,2026-06-08,341.5,341.5,20
NRM,2026-06-08,360.0,358.7,21499
HIDCLP,2026-06-08,201.0,200.0,106336
MERO,2026-06-08,720.0,719.2,4278
SMB,2026-06-08,1736.0,1740.0,662
KDBY,2026-06-08,11.21,11.21,255600
MABEL,2026-06-08,676.0,677.0,14891
DORDI,2026-06-08,273.0,270.0,26563
PPL,2026-06-08,333.5,350.0,15343
NIFRA,2026-06-08,262.0,261.7,61215
TPC,2026-06-08,365.6,365.0,9330
RNLI,2026-06-08,473.4,470.1,28793
SALICO,2026-06-08,649.9,639.9,8447
SRBLD83,2026-06-08,1051.0,1051.0,60000
RURU,2026-06-08,656.0,656.0,5476
HPPL,2026-06-08,386.0,375.0,30809
KKHC,2026-06-08,251.0,257.0,91150
LLBS,2026-06-08,930.0,930.2,505
BGWT,2026-06-08,675.0,664.8,409
SAGAR,2026-06-08,1660.0,1656.5,5423
ILI,2026-06-08,440.1,438.0,6534
RBCL,2026-06-08,15310.0,15116.0,192
RLEL,2026-06-08,970.0,899.0,14681
SBD89,2026-06-08,1225.0,1225.0,25
NICLBSL,2026-06-08,573.5,569.1,5034
MEL,2026-06-08,237.0,241.0,14472
AHPC,2026-06-08,277.0,276.0,89266
NMBD89/90,2026-06-08,1315.0,1315.0,5
SIPD,2026-06-08,745.0,758.0,17834
SAPDBL,2026-06-08,890.0,829.0,37248
PHCL,2026-06-08,308.0,308.0,55186
PRSF,2026-06-08,12.95,13.0,585
MLBBL,2026-06-08,1149.9,1197.9,784
EDBL,2026-06-08,582.6,580.0,3230
SRLI,2026-06-08,400.0,400.0,11474
PRVU,2026-06-08,196.0,196.4,75722
BARUN,2026-06-08,338.0,339.0,22442
HHL,2026-06-08,355.3,353.0,32346
RADHI,2026-06-08,785.0,751.0,40115
RBCLPO,2026-06-08,12250.0,11885.0,25
NIFRAGED,2026-06-08,1038.8,1038.8,25
NESDO,2026-06-08,1540.0,1548.0,850
SEF,2026-06-08,9.98,9.93,54760
STC,2026-06-08,5479.0,5438.0,964
NICAD85/86,2026-06-08,1180.1,1180.1,100
FOWAD,2026-06-08,1020.3,1038.0,5035
LVF2,2026-06-08,9.76,9.9,10110
SMHL,2026-06-08,500.0,496.0,26074
GBIMESY2,2026-06-08,9.12,9.4,3300
SHEL,2026-06-08,316.0,312.1,82608
MMKJL,2026-06-08,510.0,507.5,2833
SMFBS,2026-06-08,1503.0,1539.9,986
UNLB,2026-06-08,1399.9,1375.0,1533
UMRH,2026-06-08,541.0,543.8,3391
NICBF,2026-06-08,9.46,9.46,1000
BHCL,2026-06-08,594.0,573.0,79958
MHL,2026-06-08,500.0,500.0,4201
SBID89,2026-06-08,1145.18,1145.0,50
HATHY,2026-06-08,781.0,777.0,4999
SOPL,2026-06-08,276.5,304.1,390
SGIC,2026-06-08,502.0,498.7,29718
OHL,2026-06-08,711.0,701.6,320
EBLEB89,2026-06-08,1080.0,1080.0,50
GFCL,2026-06-08,656.0,662.0,30653
GHL,2026-06-08,246.7,235.4,31687
TVCL,2026-06-08,495.0,490.0,6275
NLIC,2026-06-08,770.0,760.0,26395
FMDBL,2026-06-08,780.6,784.9,16788
CMF2,2026-06-08,10.01,10.01,2025
JSLBB,2026-06-08,1078.0,1085.5,253
SKBBL,2026-06-08,765.0,762.0,12993
DLBS,2026-06-08,1263.0,1262.0,185
ULHC,2026-06-08,458.0,460.0,10453
MEN,2026-06-08,612.0,606.6,41620
API,2026-06-08,348.0,346.7,154559
TSHL,2026-06-08,565.0,554.0,1193
PSF,2026-06-08,12.23,12.3,67350
SBLD83,2026-06-08,1045.0,1042.0,4
SMH,2026-06-08,591.6,579.0,10591
RMF1,2026-06-08,9.6,9.71,70400
JHAPA,2026-06-08,1360.0,1349.9,13812
SAIL,2026-06-08,1030.0,1036.9,27452
PBD88,2026-06-08,1192.68,1186.1,75
BBC,2026-06-08,4388.1,4388.0,1266
GCIL,2026-06-08,416.0,416.0,9822
BNT,2026-06-08,11600.0,11615.0,50
CYCL,2026-06-08,1450.0,1450.1,511
NABBC,2026-06-08,914.0,888.7,5108
MLBS,2026-06-08,1240.1,1248.5,965
SARBTM,2026-06-08,861.0,853.0,6985
USHL,2026-06-08,592.0,606.7,642
MBLEF,2026-06-08,10.01,10.2,6610
SWMF,2026-06-08,656.0,668.0,1243
KEF,2026-06-08,10.86,10.86,10350
SSHL,2026-06-08,216.3,212.7,101778
NRIC,2026-06-08,1070.0,1044.0,67366
SPHL,2026-06-08,613.0,594.0,15298
PURE,2026-06-08,895.0,909.8,13195
PMHPL,2026-06-08,340.0,335.0,4037
WNLB,2026-06-08,1430.0,1436.0,144
SOHL,2026-06-08,655.0,642.0,79755
NIBLSTF,2026-06-08,9.2,9.42,52350
MANDU,2026-06-08,816.0,818.0,707
SPIL,2026-06-08,735.5,736.9,9788
SYPNL,2026-06-08,1351.0,1385.0,44644
BANDIPUR,2026-06-08,815.0,814.0,27535
RHPL,2026-06-08,274.0,272.4,18662
GBIME,2026-06-08,239.5,238.0,83481
ADBLD83,2026-06-08,1052.0,1052.0,25
CREST,2026-06-08,1230.0,1419.0,18086
NRN,2026-06-08,1312.0,1380.0,23373
NABIL,2026-06-08,536.0,533.0,52406
GRDBL,2026-06-08,1050.1,1052.0,8597
DHPL,2026-06-08,310.0,299.3,2239
ANLB,2026-06-08,5780.1,5870.0,401
BNHC,2026-06-08,336.0,325.3,5475
RIDI,2026-06-08,335.0,346.2,238849
RLFL,2026-06-08,500.0,499.0,153342
SFCL,2026-06-08,402.0,398.0,31376
RMF2,2026-06-08,10.14,10.14,100
NICL,2026-06-08,567.0,546.0,62575
RSDC,2026-06-08,665.0,665.0,4248
SPC,2026-06-08,452.0,456.0,3714
RBBF40,2026-06-08,9.22,9.5,3280
SINDU,2026-06-08,733.0,749.9,5619
LBLD88,2026-06-08,1144.8,1144.8,150000
SLBBL,2026-06-08,833.9,823.0,3969
PPCL,2026-06-08,376.1,384.0,4016
EBLD86,2026-06-08,1137.0,1105.0,221
NICFC,2026-06-08,9.26,9.3,600
GBBL,2026-06-08,416.0,415.9,24559
JFL,2026-06-08,433.5,427.9,13831
MKJC,2026-06-08,495.1,498.7,3918
DHEL,2026-06-08,621.5,615.0,23642
EHPL,2026-06-08,407.2,383.0,14825
SLBSL,2026-06-08,1170.0,1316.0,2648
BFC,2026-06-08,520.0,526.3,165982
MBL,2026-06-08,253.0,248.6,57568
SKHEL,2026-06-08,1190.0,1155.5,8496
UNHPL,2026-06-08,429.8,417.1,32888
MKCL,2026-06-08,1240.0,1241.0,2125
SGHC,2026-06-08,361.0,363.0,9038
NIBSF2,2026-06-08,9.0,9.28,21953
JOSHI,2026-06-08,278.0,277.0,12822
KSBBLD87,2026-06-08,1130.0,1111.6,31
NIBD2082,2026-06-08,1017.0,1017.0,46
ALICL,2026-06-08,459.8,457.6,17392
HLI,2026-06-08,341.9,341.0,40920
SIFC,2026-06-08,572.0,573.8,30889
SAHAS,2026-06-08,663.0,663.9,94412
SADBL,2026-06-08,423.7,412.5,21794
NSY,2026-06-08,9.41,9.52,5700
PCIL,2026-06-08,770.0,758.0,49322
BJHL,2026-06-08,835.0,838.0,14599
RAWA,2026-06-08,550.5,555.0,3053
ALBSL,2026-06-08,1079.0,1101.1,2564
SFEF,2026-06-08,10.02,10.03,12118
IGI,2026-06-08,470.0,459.0,20584
SBCF,2026-06-08,9.61,9.62,6800
HFIN,2026-06-08,875.0,859.0,54037
NIBD84,2026-06-08,1057.3,1052.0,230
NMIC,2026-06-08,1042.2,1062.9,3732
HURJA,2026-06-08,250.0,250.8,44563
HLICF,2026-06-08,9.6,9.04,3150
SMJC,2026-06-08,475.0,465.1,11866
IHL,2026-06-08,400.0,398.5,19108
AKJCL,2026-06-08,393.0,404.8,341678
DOLTI,2026-06-08,333.0,351.5,24415
NMBHF2,2026-06-08,9.6,9.65,2900
ADBL,2026-06-08,316.6,314.5,39867
KSBBL,2026-06-08,490.0,491.9,21172
KPCL,2026-06-08,490.0,487.6,10209
SHIVM,2026-06-08,680.0,669.0,68490
MEHL,2026-06-08,366.3,375.0,2545
NABILD2089,2026-06-08,1154.0,1150.0,1845
RHGCL,2026-06-08,285.0,284.0,34749
MCHL,2026-06-08,315.0,307.6,3400
PMLI,2026-06-08,470.0,475.0,6397
NMBMF,2026-06-08,641.1,645.0,1216
GMLI,2026-06-08,1340.0,1319.9,1715
SIGS3,2026-06-08,11.0,11.0,3900
UPCL,2026-06-08,370.0,365.0,27491
MAKAR,2026-06-08,492.9,492.3,8107
SONA,2026-06-08,448.0,438.0,23572
GIBF1,2026-06-08,11.0,10.81,31400
SHL,2026-06-08,502.3,503.1,5320
HDL,2026-06-08,1184.0,1165.0,29919
UMHL,2026-06-08,575.0,580.0,12801
SBI,2026-06-08,399.9,396.9,13931
RFPL,2026-06-08,360.0,363.0,23928
PCBL,2026-06-08,238.4,237.8,43555
MMF1,2026-06-08,9.6,9.5,116300
EBL,2026-06-08,710.0,705.0,31398
HBL,2026-06-08,200.0,200.4,33623
SKHL,2026-06-08,912.0,909.9,21271
TRH,2026-06-08,770.0,755.1,85
SIKLES,2026-06-08,590.0,596.9,4092
CSY,2026-06-08,9.41,9.47,20197
RBBD2088,2026-06-08,1070.0,1070.0,25
NWCL,2026-06-08,771.2,783.4,565
SIGS2,2026-06-08,10.8,10.8,400
NLICL,2026-06-08,600.0,592.8,6837
OMPL,2026-06-08,1160.0,1145.6,3344
MHCL,2026-06-08,336.3,346.0,4856
CKHL,2026-06-08,652.0,655.0,290
H8020,2026-06-08,11.87,11.88,250
NBL,2026-06-08,268.0,268.0,36264
MFIL,2026-06-08,790.0,790.0,32601
LICN,2026-06-08,815.0,814.0,19130
CFCL,2026-06-08,598.5,645.0,318817
NHPC,2026-06-08,280.0,281.0,323318
NICD83/84,2026-06-08,1075.0,1075.0,25
USLB,2026-06-08,1255.0,1269.9,480
CITY,2026-06-08,382.3,403.9,288442
C30MF,2026-06-08,10.01,10.0,1900
SNLI,2026-06-08,450.3,451.0,18222
UPPER,2026-06-08,203.0,202.0,55579
NCCD86,2026-06-08,1146.2,1146.2,90
GBLBS,2026-06-08,770.7,766.5,2790
ICFCD83,2026-06-08,1094.3,1079.6,105
USHEC,2026-06-08,500.2,505.5,9009
NICA,2026-06-08,328.7,341.5,62930
NICGF2,2026-06-08,9.6,9.6,3200
NMLBBL,2026-06-08,587.0,590.0,2032
CBLD88,2026-06-08,1225.7,1255.7,252
NIMBPO,2026-06-08,146.0,149.0,2386
CHCL,2026-06-08,496.0,490.0,25729
VLBS,2026-06-08,705.3,713.9,6932
MSLB,2026-06-08,1230.0,1249.0,991
PBLD84,2026-06-08,1090.0,1083.0,550
SBLD89,2026-06-08,1241.0,1250.0,150
RSY,2026-06-08,10.2,10.21,40900
MSHL,2026-06-08,670.1,690.0,262
TAMOR,2026-06-08,458.1,460.0,42385
HIDCL,2026-06-08,270.8,262.9,54591
PRIN,2026-06-08,710.0,704.9,8610
MKHC,2026-06-08,320.0,316.0,15071
UHEWA,2026-06-08,594.0,598.1,28632
BHL,2026-06-08,208.1,216.9,77832
SPL,2026-06-08,691.0,707.9,5454
MHNL,2026-06-08,263.0,258.0,7345
SCBD,2026-06-08,1160.0,1180.0,75
SABBL,2026-06-08,1185.0,1165.3,7517
NHDL,2026-06-08,630.0,637.0,8945
BUNGAL,2026-06-08,735.1,686.0,24953
NTC,2026-06-08,857.0,853.5,15429
HRL,2026-06-08,661.0,647.0,102326
CIT,2026-06-08,1750.0,1750.0,7762
SBID83,2026-06-08,1065.0,1075.0,500
JBLB,2026-06-08,1248.0,1290.0,4512
MATRI,2026-06-08,885.0,890.0,144
CBBL,2026-06-08,929.0,920.0,13313
GBILD84/85,2026-06-08,1150.0,1150.0,12
KMCDB,2026-06-08,865.0,859.0,1833
SANIMA,2026-06-08,365.1,365.5,38492
PROFL,2026-06-08,473.0,470.0,34082
ULBSL,2026-06-08,3381.0,2990.0,1036
KHPL,2026-06-08,780.3,871.2,990
SAND2085,2026-06-08,1117.5,1090.0,45010
NIL,2026-06-08,645.3,658.7,7320
SBID2090,2026-06-08,1184.0,1184.0,171
SMATA,2026-06-08,771.5,779.9,3335
BEDC,2026-06-08,360.0,359.0,17576
GLH,2026-06-08,272.0,264.3,24726
KBSH,2026-06-08,1498.3,1500.0,424
SDBD87,2026-06-08,1132.0,1132.0,20
NMB,2026-06-08,243.0,244.0,55117
PBLD87,2026-06-08,1120.0,1120.0,50
GLBSL,2026-06-08,1814.0,1812.0,336
LSL,2026-06-08,220.3,219.7,106328
NBLD85,2026-06-08,1100.0,1067.0,5
CZBIL,2026-06-08,202.0,203.0,68799
LEC,2026-06-08,234.2,222.0,67230
ICFC,2026-06-08,658.8,643.5,9048
JBBL,2026-06-08,342.0,358.0,29279
CORBL,2026-06-08,1950.0,1935.0,5788
KBL,2026-06-08,215.0,213.4,255043
SJCL,2026-06-08,294.0,292.0,8828
NADEP,2026-06-08,738.0,755.0,3610
SHLB,2026-06-08,1528.0,1500.0,375
MNMF1,2026-06-08,9.8,9.8,13350
GBBD85,2026-06-08,1110.0,1110.0,25
GMFBS,2026-06-08,1278.0,1273.5,930
SHPC,2026-06-08,515.6,514.0,38259
SICL,2026-06-08,652.2,645.1,11468
GVL,2026-06-08,488.0,490.0,13485
MLBSL,2026-06-08,1789.9,1781.0,1081
RSML,2026-06-08,3480.0,3598.8,28775
MNBBL,2026-06-08,373.0,370.0,35044
SAGF,2026-06-08,10.1,10.12,1200
HBLD83,2026-06-08,1036.2,1036.2,25
CGH,2026-06-08,803.0,790.0,8391
CHL,2026-06-08,287.2,285.2,9879
NMFBS,2026-06-08,1146.0,1136.0,3963
UNL,2026-06-08,46625.0,47590.0,70
BPCL,2026-06-08,680.0,679.0,9447
NUBL,2026-06-08,655.0,661.0,5171
SWBBL,2026-06-08,736.5,741.9,2659
NSIF2,2026-06-08,10.73,10.73,3300
MDB,2026-06-08,618.5,611.0,10168
PFL,2026-06-08,392.0,386.9,13425
HIMSTAR,2026-06-08,835.1,847.9,3244
SHINE,2026-06-08,414.0,413.0,15516
SPDL,2026-06-08,418.0,396.9,20571
NFS,2026-06-08,640.0,616.0,15303
MKHL,2026-06-08,490.0,510.2,16944
VLUCL,2026-06-08,480.1,485.0,8897
KDL,2026-06-08,870.0,826.0,2812
MBJC,2026-06-08,283.0,283.0,22421
NYADI,2026-06-08,419.9,410.0,27414
ICFCD89,2026-06-08,1084.0,1088.5,185
NICSF,2026-06-08,9.37,9.31,90353
NBF3,2026-06-08,9.74,10.03,23150
MPFL,2026-06-08,645.0,655.0,37528
SLCF,2026-06-08,9.87,10.02,45300
CLI,2026-06-08,460.0,457.3,13332
GILB,2026-06-08,1115.2,1125.0,1642
NGPL,2026-06-08,443.9,432.5,113737
AVYAN,2026-06-08,1100.0,1090.0,5309
NLG,2026-06-08,625.0,640.0,24097
MFLD85,2026-06-08,1102.1,1101.0,125
SCB,2026-06-08,650.6,653.0,6816
DDBL,2026-06-08,845.1,846.2,10604
NBF2,2026-06-08,10.1,10.4,5300
HDHPC,2026-06-08,218.9,216.4,125996
CHDC,2026-06-08,2269.0,2262.7,5057
SJLIC,2026-06-08,431.0,432.8,10086
KSY,2026-06-08,9.7,9.76,900
ICFCD88,2026-06-08,1160.0,1160.0,50
LBBL,2026-06-08,501.0,495.9,125457
TTL,2026-06-08,800.0,798.0,18087
ENL,2026-06-08,870.0,878.6,406
BHPL,2026-06-08,560.0,539.7,8784
AHL,2026-06-08,495.0,490.3,12120
SWASTIK,2026-06-08,2342.0,2346.0,396
MLBL,2026-06-08,366.7,363.5,20853
GMFIL,2026-06-08,490.0,517.0,146396
SMPDA,2026-06-08,831.0,834.9,1877
KBLD89,2026-06-08,1235.0,1235.0,50
SBL,2026-06-08,398.1,400.0,30014
PHCL,2026-06-05,310.0,307.7,63990
KDBY,2026-06-05,11.11,11.4,248500
JFL,2026-06-05,422.0,428.6,19852
RHPL,2026-06-05,280.0,274.0,12576
AKJCL,2026-06-05,428.0,413.0,1350660
KHPL,2026-06-05,691.7,757.6,440
KPCL,2026-06-05,491.5,495.0,8160
NWCL,2026-06-05,806.0,790.0,3205
OMPL,2026-06-05,1154.0,1155.0,1304
GCIL,2026-06-05,418.0,418.0,15879
SLBSL,2026-06-05,1230.0,1209.0,591
SRLI,2026-06-05,395.4,410.0,29563
EBLD91,2026-06-05,1100.0,1099.0,170
GMFIL,2026-06-05,459.0,495.5,69243
BFC,2026-06-05,465.0,514.0,264073
UPCL,2026-06-05,360.0,370.5,34891
SADBL,2026-06-05,443.6,420.0,18508
NADEP,2026-06-05,762.0,755.2,2211
KSBBLD87,2026-06-05,1132.0,1132.0,20
SCB,2026-06-05,655.1,657.1,8064
MHL,2026-06-05,498.1,500.0,6285
SHEL,2026-06-05,322.0,314.3,114094
BHPL,2026-06-05,565.0,548.6,11242
SAPDBL,2026-06-05,872.0,848.0,66426
NCCD86,2026-06-05,1162.1,1181.5,23399
CBLD88,2026-06-05,1190.0,1190.0,10
NICFC,2026-06-05,9.5,9.54,3450
SNLI,2026-06-05,458.0,454.0,12193
SGHC,2026-06-05,370.0,365.5,12646
NICLBSL,2026-06-05,572.0,578.0,3084
NICGF2,2026-06-05,9.65,9.36,12100
NFS,2026-06-05,592.6,620.0,96231
GVL,2026-06-05,489.0,490.0,15808
GLBSL,2026-06-05,1761.1,1813.9,278
LLBS,2026-06-05,948.0,945.0,107
WNLB,2026-06-05,1430.0,1451.0,95
MNBBL,2026-06-05,376.0,375.0,21423
MKJC,2026-06-05,492.1,503.5,4804
NIMB,2026-06-05,207.9,197.3,46402
SARBTM,2026-06-05,870.0,865.2,4844
NRIC,2026-06-05,1085.0,1070.0,59901
HBLD83,2026-06-05,1035.0,1036.1,3
EBLEB89,2026-06-05,1080.0,1080.0,25
SKBBL,2026-06-05,775.0,765.8,4189
BBC,2026-06-05,4482.1,4475.0,493
UHEWA,2026-06-05,586.3,590.1,16361
SBL,2026-06-05,405.9,401.0,71065
USHL,2026-06-05,621.0,610.0,936
HBL,2026-06-05,201.0,201.0,54217
DHEL,2026-06-05,620.0,621.0,18100
C30MF,2026-06-05,10.01,10.01,400
TTL,2026-06-05,811.3,808.0,11437
SHINED,2026-06-05,1100.0,1096.0,200
SANIMA,2026-06-05,370.0,368.0,136061
SPHL,2026-06-05,600.0,632.0,84628
SLBBL,2026-06-05,817.0,830.0,6521
GBBD85,2026-06-05,1110.0,1115.0,40
GBILD86/87,2026-06-05,1121.0,1121.0,15
GMFBS,2026-06-05,1299.0,1297.9,49
PFL,2026-06-05,374.0,390.0,26462
KMCDB,2026-06-05,872.0,871.0,496
SBLD2091,2026-06-05,1090.2,1092.0,425
IGI,2026-06-05,461.0,460.7,14420
KBL,2026-06-05,217.5,215.4,215732
GBIME,2026-06-05,239.0,238.1,89456
CFCL,2026-06-05,584.0,630.0,294495
BNHC,2026-06-05,328.2,333.8,2594
RMF2,2026-06-05,10.15,10.35,500
AHPC,2026-06-05,279.0,277.0,92890
PRIN,2026-06-05,720.0,703.0,30446
SMB,2026-06-05,1760.0,1750.0,1146
NBF2,2026-06-05,10.69,10.37,229
UMHL,2026-06-05,575.1,584.0,28643
MLBL,2026-06-05,351.5,367.5,13150
MAKAR,2026-06-05,500.0,496.6,4590
ICFCD88,2026-06-05,1157.0,1157.0,25
EBLD86,2026-06-05,1142.0,1145.0,110185
HURJA,2026-06-05,255.1,252.5,42526
MMF1,2026-06-05,9.53,9.45,13360
SMH,2026-06-05,615.0,585.3,10247
API,2026-06-05,359.0,348.0,264603
NTC,2026-06-05,851.1,857.0,15647
SICL,2026-06-05,645.1,656.6,38555
ULBSL,2026-06-05,2800.0,3220.0,5000
UNHPL,2026-06-05,425.0,424.0,41850
SJCL,2026-06-05,300.0,296.0,11328
SBD87,2026-06-05,1131.6,1131.6,50116
SPC,2026-06-05,457.1,459.9,14607
ULHC,2026-06-05,462.9,463.5,6424
CMF2,2026-06-05,10.0,10.0,100
NUBL,2026-06-05,661.0,666.0,3740
JBBL,2026-06-05,355.0,359.9,38973
NMFBS,2026-06-05,1140.0,1146.0,6038
FOWAD,2026-06-05,1059.0,1039.0,4170
SAIL,2026-06-05,1088.0,1057.0,36384
SGIC,2026-06-05,510.0,501.0,29736
STC,2026-06-05,5400.3,5450.0,550
PURE,2026-06-05,917.0,910.0,6565
LVF2,2026-06-05,9.72,9.96,1700
SPDL,2026-06-05,405.0,398.3,45051
NMBMF,2026-06-05,641.1,642.0,2065
CIZBD86,2026-06-05,1180.0,1180.0,25
NMIC,2026-06-05,1137.1,1067.8,4641
KSBBL,2026-06-05,499.9,491.0,49124
CREST,2026-06-05,1260.0,1254.5,7665
NYADI,2026-06-05,435.0,421.0,12782
USLB,2026-06-05,1250.0,1255.0,553
HATHY,2026-06-05,791.0,787.0,4509
NESDO,2026-06-05,1550.0,1540.0,351
NIFRA,2026-06-05,261.79,261.5,70391
CZBIL,2026-06-05,205.0,202.5,44123
SHINE,2026-06-05,416.0,417.0,16756
HIDCLP,2026-06-05,202.0,201.4,114201
NLICL,2026-06-05,585.3,595.0,4289
RBBF40,2026-06-05,9.5,9.42,2100
BARUN,2026-06-05,347.8,340.0,41713
ILI,2026-06-05,448.9,441.5,8650
SINDU,2026-06-05,725.1,754.0,35919
TVCL,2026-06-05,499.0,503.0,6799
BUNGAL,2026-06-05,684.0,700.1,59295
CCBD88,2026-06-05,1262.9,1262.4,25
MMKJL,2026-06-05,525.0,518.0,3598
SHIVM,2026-06-05,680.0,673.0,92974
SAGAR,2026-06-05,1670.0,1672.1,3190
NABIL,2026-06-05,537.0,535.0,38895
SOHL,2026-06-05,655.09,655.0,107890
NSY,2026-06-05,9.79,9.69,13865
SPIL,2026-06-05,700.0,740.7,6116
HIDCL,2026-06-05,265.5,265.0,61544
LBLD88,2026-06-05,1063.0,1144.8,64355
GFCL,2026-06-05,660.0,669.0,49787
MEL,2026-06-05,250.0,240.0,7592
SMATA,2026-06-05,777.7,779.6,4232
DORDI,2026-06-05,278.0,273.8,28296
MKCL,2026-06-05,1260.0,1267.0,1601
MABEL,2026-06-05,705.0,689.0,28051
GBIMESY2,2026-06-05,9.22,9.4,1200
PBD84,2026-06-05,1110.0,1110.0,25
MND84/85,2026-06-05,1069.9,1076.1,50
NICBF,2026-06-05,9.5,9.75,3400
SDBD87,2026-06-05,1164.9,1132.0,18
TAMOR,2026-06-05,470.0,464.0,53854
MSHL,2026-06-05,689.9,690.0,144
CKHL,2026-06-05,665.5,665.0,2230
NMB,2026-06-05,244.0,243.2,16458
SAHAS,2026-06-05,667.2,664.3,87518
NIL,2026-06-05,663.0,656.2,14349
SWBBL,2026-06-05,744.0,743.9,2142
CORBL,2026-06-05,2026.0,1966.1,8899
PCBL,2026-06-05,240.0,240.0,33577
NIBLGF,2026-06-05,9.39,9.4,4500
DHPL,2026-06-05,300.0,302.0,8941
SIKLES,2026-06-05,595.0,602.9,4051
KBLD90,2026-06-05,1210.0,1206.0,8
BANDIPUR,2026-06-05,825.1,820.0,23830
UNLB,2026-06-05,1366.0,1399.9,1331
LBBL,2026-06-05,505.0,500.0,19221
ICFC,2026-06-05,642.9,649.0,45301
SMHL,2026-06-05,504.0,501.0,32616
AKPL,2026-06-05,269.0,267.0,62142
MSLB,2026-06-05,1222.0,1228.0,663
NMBHF2,2026-06-05,9.56,9.71,16200
MLBBL,2026-06-05,1200.0,1209.5,1538
USHEC,2026-06-05,507.0,505.0,4007
NMLBBL,2026-06-05,583.1,595.9,4295
NICSF,2026-06-05,9.4,9.35,2700
MLBSL,2026-06-05,1770.0,1790.0,121
RADHI,2026-06-05,778.0,774.0,35238
KDL,2026-06-05,840.0,834.0,1597
SIGS3,2026-06-05,11.01,11.25,2300
RSY,2026-06-05,10.25,10.33,39000
SMPDA,2026-06-05,838.0,833.0,1949
GHL,2026-06-05,240.0,235.0,44218
NICA,2026-06-05,347.2,346.0,63840
RSDC,2026-06-05,698.0,671.0,1971
HHL,2026-06-05,360.0,358.3,38690
MBLEF,2026-06-05,10.0,10.2,42700
SYPNL,2026-06-05,1352.8,1405.0,38626
SWMF,2026-06-05,664.1,665.0,1918
GBLBS,2026-06-05,786.0,780.0,3775
BHCL,2026-06-05,629.4,594.0,110562
HPPL,2026-06-05,373.0,374.2,32920
SBLD89,2026-06-05,1241.0,1241.0,25
JHAPA,2026-06-05,1320.4,1380.0,19631
SMJC,2026-06-05,475.0,475.0,50830
SFMF,2026-06-05,10.21,10.21,1000
ENL,2026-06-05,891.0,880.0,795
KSY,2026-06-05,9.99,9.75,1900
ADBL,2026-06-05,312.4,317.0,36488
HEI,2026-06-05,570.0,565.0,13972
TRH,2026-06-05,741.0,770.0,2202
LSL,2026-06-05,227.0,221.2,70936
RMF1,2026-06-05,9.55,9.66,26600
NICL,2026-06-05,565.0,563.0,99249
JSLBB,2026-06-05,1096.0,1095.0,70
GBBL,2026-06-05,415.2,416.0,19964
JBLB,2026-06-05,1300.0,1297.0,2616
RSML,2026-06-05,3449.5,3580.0,41801
SKHEL,2026-06-05,1221.1,1200.0,7416
JOSHI,2026-06-05,283.0,278.0,11088
SFCL,2026-06-05,377.1,396.1,36487
CGH,2026-06-05,795.0,792.0,14122
CITY,2026-06-05,376.1,402.0,502123
GIBF1,2026-06-05,10.8,11.0,2000
GILB,2026-06-05,1111.1,1130.0,363
KKHC,2026-06-05,282.9,264.0,59787
RLFL,2026-06-05,470.0,494.5,202534
UPPER,2026-06-05,203.1,203.0,71513
SKHL,2026-06-05,926.0,916.9,22720
SMFBS,2026-06-05,1535.0,1520.0,711
MBL,2026-06-05,253.9,249.7,84623
LEC,2026-06-05,223.6,223.1,55344
SBLD84,2026-06-05,1178.0,1120.0,1
GSY,2026-06-05,10.0,10.02,2600
VLUCL,2026-06-05,481.1,490.0,2483
NRM,2026-06-05,365.0,361.5,13099
MKHL,2026-06-05,510.0,515.0,9562
GMLI,2026-06-05,1353.0,1329.0,2542
SIPD,2026-06-05,748.2,773.0,13831
MEHL,2026-06-05,370.0,377.6,5385
ACLBSL,2026-06-05,950.0,960.0,1177
RURU,2026-06-05,657.0,656.0,2808
SALICO,2026-06-05,628.1,645.0,13156
MLBS,2026-06-05,1255.0,1275.0,363
UMRH,2026-06-05,544.0,547.9,5636
RNLI,2026-06-05,470.0,474.5,22198
HLI,2026-06-05,344.0,341.9,38829
SIFC,2026-06-05,550.0,572.6,83612
NBBD2085,2026-06-05,1115.4,1150.0,173120
SBD89,2026-06-05,1200.0,1190.0,40
BGWT,2026-06-05,650.1,656.0,2110
MKHC,2026-06-05,324.0,321.0,15537
AVYAN,2026-06-05,1110.0,1114.9,4489
OHL,2026-06-05,702.4,709.0,2042
PROFL,2026-06-05,457.9,466.0,55291
SFEF,2026-06-05,10.14,10.14,39109
MERO,2026-06-05,734.0,730.7,4901
MDB,2026-06-05,618.4,620.4,6507
EHPL,2026-06-05,388.0,387.9,22626
SHL,2026-06-05,505.0,503.1,18018
PPL,2026-06-05,332.5,351.0,29679
ALICL,2026-06-05,460.0,459.0,7346
NHDL,2026-06-05,636.3,637.9,753
NBF3,2026-06-05,9.75,10.03,74484
KEF,2026-06-05,10.84,10.9,7000
RAWA,2026-06-05,567.9,562.0,1611
EBLD85,2026-06-05,1160.1,1160.0,30
SAGF,2026-06-05,10.1,10.1,1350
KBSH,2026-06-05,1550.0,1543.0,30
HFIN,2026-06-05,925.0,886.0,97790
NIBLSTF,2026-06-05,9.2,9.2,18350
NSIF2,2026-06-05,10.75,10.85,58400
HDHPC,2026-06-05,224.0,218.9,151845
LUK,2026-06-05,9.92,9.94,300
PRSF,2026-06-05,12.96,12.99,536428
KBLD86,2026-06-05,1180.0,1180.0,10
SPL,2026-06-05,691.3,711.0,1220
SBID89,2026-06-05,1147.0,1147.0,19
SONA,2026-06-05,440.0,448.0,66955
DOLTI,2026-06-05,345.5,350.0,27819
MFIL,2026-06-05,778.1,804.9,120817
ICFCD89,2026-06-05,1095.0,1105.0,50
SHLB,2026-06-05,1501.0,1528.0,135
UNL,2026-06-05,46900.0,46725.0,60
MPFL,2026-06-05,634.0,642.0,70599
HIMSTAR,2026-06-05,860.0,846.0,6098
PMLI,2026-06-05,469.1,481.0,12122
DDBL,2026-06-05,845.0,850.0,7093
ANLB,2026-06-05,5801.0,5940.0,865
VLBS,2026-06-05,702.7,705.3,1919
PRVU,2026-06-05,187.2,197.0,72911
NHPC,2026-06-05,275.0,283.5,255608
SBID2090,2026-06-05,1118.0,1151.5,2
MCHL,2026-06-05,313.4,315.3,3943
RBCLPO,2026-06-05,11990.0,11900.0,110
BPCL,2026-06-05,696.0,679.9,14756
GRDBL,2026-06-05,1060.0,1065.0,8262
SABBL,2026-06-05,1195.0,1185.0,10226
RHGCL,2026-06-05,287.0,285.9,46868
MANDU,2026-06-05,802.1,820.0,1060
NMB50,2026-06-05,10.99,10.99,10828
UAIL,2026-06-05,482.0,478.0,35445
TPC,2026-06-05,370.0,367.9,24941
HRL,2026-06-05,631.1,661.0,79072
SLCF,2026-06-05,10.15,10.0,1150
FMDBL,2026-06-05,800.0,788.8,6620
CHDC,2026-06-05,2262.0,2269.0,8660
NABILD87,2026-06-05,1152.0,1152.1,28374
NIFRAUR85/86,2026-06-05,1040.2,1071.0,60
SWASTIK,2026-06-05,2380.0,2379.0,874
NBL,2026-06-05,270.0,268.0,103366
MEN,2026-06-05,620.0,612.0,43425
CYCL,2026-06-05,1455.0,1455.0,933
SIGS2,2026-06-05,10.55,10.8,6740
NIBSF2,2026-06-05,9.2,9.22,2200
IHL,2026-06-05,402.0,402.0,17286
NABBC,2026-06-05,905.0,916.9,1314
MBJC,2026-06-05,285.0,286.0,11708
GLH,2026-06-05,270.9,265.0,35034
BHDC,2026-06-05,465.0,463.0,14806
GUFL,2026-06-05,578.0,581.0,57334
SEF,2026-06-05,10.0,9.97,9070
CSY,2026-06-05,9.21,9.7,6200
SBI,2026-06-05,396.5,399.0,45011
RFPL,2026-06-05,353.0,364.9,30584
SBCF,2026-06-05,9.6,9.59,29300
PSF,2026-06-05,12.16,12.5,431984
CIT,2026-06-05,1770.0,1755.0,11075
CHCL,2026-06-05,500.0,495.4,33537
PMHPL,2026-06-05,338.0,338.0,7155
TSHL,2026-06-05,563.0,560.0,2245
MNMF1,2026-06-05,9.82,9.85,7300
SANVI,2026-06-05,693.0,689.5,16254
CLI,2026-06-05,464.7,465.5,14320
MHCL,2026-06-05,350.6,354.0,10306
SHPC,2026-06-05,524.5,516.0,27399
ILBS,2026-06-05,915.1,916.0,6592
RBCL,2026-06-05,15206.0,15310.0,106
RBBD2088,2026-06-05,1069.3,1075.0,28
PCIL,2026-06-05,749.8,780.0,39256
AHL,2026-06-05,485.4,496.5,3440
RIDI,2026-06-05,355.1,352.0,430825
MHNL,2026-06-05,267.0,262.0,21350
HEIP,2026-06-05,360.0,352.0,20
ALBSL,2026-06-05,1090.0,1106.0,2039
BJHL,2026-06-05,900.0,867.9,8293
LICN,2026-06-05,820.1,818.0,38457
SJLIC,2026-06-05,417.1,438.0,15819
BEDC,2026-06-05,362.0,361.0,19261
PBLD84,2026-06-05,1085.1,1076.0,2
HLBSL,2026-06-05,887.0,899.9,125
SAND2085,2026-06-05,1152.0,1152.0,25
MATRI,2026-06-05,904.0,902.0,901
HDL,2026-06-05,1175.0,1168.0,20224
RLEL,2026-06-05,965.0,928.0,25466
NLIC,2026-06-05,770.0,767.6,26083
EBL,2026-06-05,709.0,709.4,23119
NIMBPO,2026-06-05,150.0,145.5,10794
NLG,2026-06-05,650.0,647.0,30358
CBBL,2026-06-05,926.6,921.0,22138
EDBL,2026-06-05,583.5,588.2,2565
PPCL,2026-06-05,389.0,386.0,16054
PBD88,2026-06-05,1207.0,1195.0,54
DLBS,2026-06-05,1269.0,1266.0,403
SSHL,2026-06-05,215.0,214.0,109902
CHL,2026-06-05,288.0,291.0,10312
NGPL,2026-06-05,442.9,439.9,167326
BHL,2026-06-05,221.0,219.0,109602
H8020,2026-06-05,11.8,12.16,1300
NRN,2026-06-05,1306.0,1381.0,49503
HLICF,2026-06-05,9.0,9.35,17100
NIFRAUR85/86,2026-06-04,1061.0,1065.0,20
NSY,2026-06-04,9.33,9.51,19550
SLCF,2026-06-04,9.91,10.15,9400
NBF2,2026-06-04,10.7,10.69,200
ULBSL,2026-06-04,2805.0,2935.0,1728
STC,2026-06-04,5400.0,5499.5,826
JBLB,2026-06-04,1301.0,1300.0,11598
SKHL,2026-06-04,930.0,926.0,13324
BANDIPUR,2026-06-04,875.0,825.1,24769
ACLBSL,2026-06-04,955.1,957.1,1617
SCB,2026-06-04,663.0,658.5,15797
SKBBL,2026-06-04,768.0,767.0,5317
SAGF,2026-06-04,10.5,10.11,17975
NADEP,2026-06-04,760.0,760.0,855
SAPDBL,2026-06-04,795.0,830.5,170863
BHCL,2026-06-04,571.0,599.5,138661
HATHY,2026-06-04,798.5,791.0,2787
NHPC,2026-06-04,296.9,286.3,267468
AKJCL,2026-06-04,418.0,424.9,747700
KHPL,2026-06-04,601.5,658.8,170
UNHPL,2026-06-04,436.9,430.5,32808
PBLD87,2026-06-04,1128.0,1119.4,290
RFPL,2026-06-04,353.0,367.0,17658
SIKLES,2026-06-04,595.0,599.0,2955
SWMF,2026-06-04,666.0,671.0,2377
NRIC,2026-06-04,1040.0,1085.0,158253
MNBBL,2026-06-04,379.5,375.5,16634
SLBBL,2026-06-04,820.2,830.0,4804
SBLD84,2026-06-04,1201.0,1178.0,20043
GLH,2026-06-04,270.3,269.1,17135
DHPL,2026-06-04,302.0,302.2,980
NHDL,2026-06-04,650.0,636.0,9286
NTC,2026-06-04,865.0,859.7,16416
KSY,2026-06-04,9.51,9.7,600
RAWA,2026-06-04,553.0,567.9,710
PPL,2026-06-04,348.0,350.0,13979
ANLB,2026-06-04,5800.0,5965.0,179
GIBF1,2026-06-04,11.1,10.84,11300
CCBD88,2026-06-04,1262.9,1262.9,1100
NIBLGF,2026-06-04,9.25,9.4,2137
HEI,2026-06-04,585.0,570.0,26991
SHLB,2026-06-04,1520.5,1516.1,365
SFCL,2026-06-04,390.0,386.0,8847
SHINED,2026-06-04,1097.6,1090.0,100
IHL,2026-06-04,410.5,409.9,31370
BJHL,2026-06-04,907.0,891.1,6799
GUFL,2026-06-04,579.0,564.0,30474
NSIF2,2026-06-04,10.73,10.75,2000
ILBS,2026-06-04,930.0,926.5,977
SJLIC,2026-06-04,435.0,439.0,14001
CBBL,2026-06-04,928.3,927.0,10409
ILI,2026-06-04,448.0,444.1,7710
SGIC,2026-06-04,516.0,503.5,53285
UMRH,2026-06-04,543.3,541.1,11074
CHCL,2026-06-04,492.5,500.0,30010
SAGAR,2026-06-04,1697.0,1689.0,7274
MHL,2026-06-04,529.0,506.0,9206
CIT,2026-06-04,1761.0,1763.9,2708
PCBL,2026-06-04,239.2,241.0,24205
SHINE,2026-06-04,415.1,416.0,8415
UAIL,2026-06-04,485.0,482.0,35504
LLBS,2026-06-04,935.0,949.9,580
SMFBS,2026-06-04,1534.0,1535.0,814
NUBL,2026-06-04,660.0,662.4,957
RHGCL,2026-06-04,292.0,291.5,52259
MHNL,2026-06-04,280.0,266.8,14747
NWCL,2026-06-04,785.0,793.0,781
SPL,2026-06-04,705.0,700.4,973
MMKJL,2026-06-04,537.0,527.1,7252
GHL,2026-06-04,243.4,236.2,22630
GFCL,2026-06-04,677.0,660.0,60268
SARBTM,2026-06-04,880.0,870.0,4283
SHL,2026-06-04,505.7,503.7,10883
RBCL,2026-06-04,15449.0,15122.0,131
NABILD2089,2026-06-04,1130.0,1130.0,125
AHPC,2026-06-04,281.0,279.0,50608
LEC,2026-06-04,229.4,225.9,101877
FOWAD,2026-06-04,1066.9,1059.0,1112
SABBL,2026-06-04,1200.1,1201.0,7344
TRH,2026-06-04,756.0,763.0,570
SAHAS,2026-06-04,672.0,667.0,92877
CIZBD86,2026-06-04,1202.5,1202.5,33
SMPDA,2026-06-04,840.0,838.0,2087
SCBD,2026-06-04,1170.0,1194.8,50
TAMOR,2026-06-04,460.2,470.0,45326
MERO,2026-06-04,771.7,734.0,5462
MKJC,2026-06-04,495.0,504.7,7890
LVF2,2026-06-04,10.0,10.01,1300
MDB,2026-06-04,615.0,618.4,5765
SYPNL,2026-06-04,1430.0,1424.0,29822
HIDCL,2026-06-04,270.0,266.2,42315
GLBSL,2026-06-04,1795.0,1790.0,396
SAIL,2026-06-04,1108.0,1088.0,35771
VLUCL,2026-06-04,481.0,487.0,2850
HDL,2026-06-04,1170.0,1176.0,9882
SMATA,2026-06-04,780.0,779.0,5095
NMFBS,2026-06-04,1134.1,1140.0,1060
DHEL,2026-06-04,644.0,630.0,17005
BOKD86,2026-06-04,1085.0,1130.6,470
HLI,2026-06-04,348.6,345.0,27787
BHPL,2026-06-04,526.4,552.0,54544
RBBF40,2026-06-04,9.29,9.36,2000
SHPC,2026-06-04,518.0,515.9,28370
MATRI,2026-06-04,895.0,904.0,925
MABEL,2026-06-04,735.0,719.0,16144
PPCL,2026-06-04,380.4,390.0,6277
PMHPL,2026-06-04,349.0,342.6,4512
H8020,2026-06-04,11.59,12.1,275300
JBBL,2026-06-04,380.0,361.0,18172
SBID89,2026-06-04,1145.2,1145.2,25
MNMF1,2026-06-04,9.82,9.99,35750
SSHL,2026-06-04,216.0,215.6,104003
NLIC,2026-06-04,779.8,777.0,22920
NIFRAGED,2026-06-04,1064.0,1070.0,401
KBL,2026-06-04,218.7,216.9,147983
RLEL,2026-06-04,982.2,965.0,15794
MPFL,2026-06-04,641.0,634.0,44967
USHL,2026-06-04,580.0,610.0,2296
HRL,2026-06-04,670.0,664.3,81024
NICD88,2026-06-04,1110.3,1140.5,1020
MHCL,2026-06-04,346.0,355.0,3358
DDBL,2026-06-04,840.0,847.8,4993
SKHEL,2026-06-04,1190.0,1237.0,4643
NIL,2026-06-04,656.0,663.0,15404
HLICF,2026-06-04,8.8,9.18,11000
C30MF,2026-06-04,10.1,10.1,300
NIBLSTF,2026-06-04,9.2,9.18,11450
NYADI,2026-06-04,392.0,429.0,118780
NIMBPO,2026-06-04,147.1,150.8,3647
HLBSL,2026-06-04,914.0,887.0,925
NIMB,2026-06-04,197.9,198.0,29227
NBL,2026-06-04,271.0,269.8,73653
UPPER,2026-06-04,203.0,203.0,111818
LSL,2026-06-04,226.8,222.0,90368
RSML,2026-06-04,3685.0,3631.0,12521
CHDC,2026-06-04,2268.0,2266.2,4914
HBLD86,2026-06-04,1199.7,1207.9,23310
KSBBL,2026-06-04,495.0,490.0,15941
SRLI,2026-06-04,406.4,399.9,18538
HIDCLP,2026-06-04,204.4,202.6,112345
NBLD87,2026-06-04,1138.4,1138.4,671
CFCL,2026-06-04,557.0,613.9,305818
MBJC,2026-06-04,284.8,286.1,11254
NMBD87/88,2026-06-04,1086.0,1138.5,310
CITY,2026-06-04,375.2,375.5,196377
BFC,2026-06-04,467.0,477.9,14496
ALICL,2026-06-04,462.9,460.0,15715
CLI,2026-06-04,470.0,466.0,23485
BGWT,2026-06-04,666.0,650.0,5398
KSBBLD87,2026-06-04,1155.9,1155.9,1062
TTL,2026-06-04,821.4,815.5,9013
KEF,2026-06-04,10.83,10.91,10550
MLBBL,2026-06-04,1190.0,1209.9,1088
HURJA,2026-06-04,256.0,255.0,42604
RLFL,2026-06-04,475.0,465.4,70172
SANVI,2026-06-04,724.0,693.0,12032
NMBMF,2026-06-04,650.0,653.9,2402
KBLD86,2026-06-04,1212.4,1212.4,2527
MLBSL,2026-06-04,1817.0,1780.0,76
SDBD87,2026-06-04,1164.0,1164.9,988
GBIME,2026-06-04,240.0,238.7,30702
SBIBD86,2026-06-04,1127.4,1208.7,128
RBBD83,2026-06-04,1088.0,1089.0,76
KMCDB,2026-06-04,865.0,872.0,1223
JBBD87,2026-06-04,1165.1,1165.1,416
DLBS,2026-06-04,1299.2,1269.0,996
BHDC,2026-06-04,460.7,464.9,12020
PRIN,2026-06-04,719.0,709.0,34446
SWBBL,2026-06-04,741.0,744.9,4413
MANDU,2026-06-04,824.0,822.7,1596
UHEWA,2026-06-04,585.0,586.2,5888
CSY,2026-06-04,9.12,9.39,4400
EDBL,2026-06-04,605.0,588.8,6055
IGI,2026-06-04,470.0,461.0,47486
GBBL,2026-06-04,417.1,417.9,15097
PBD85,2026-06-04,1081.0,1113.0,100
VLBS,2026-06-04,747.0,712.0,7549
CKHL,2026-06-04,660.0,665.5,301
MEHL,2026-06-04,389.0,379.0,2341
SWASTIK,2026-06-04,2400.0,2372.0,265
AHL,2026-06-04,473.1,493.1,7926
ULHC,2026-06-04,465.5,465.0,7618
RIDI,2026-06-04,375.0,358.4,393409
SIGS2,2026-06-04,10.54,10.55,1100
RADHI,2026-06-04,780.0,778.0,61846
MBL,2026-06-04,254.0,253.9,63029
MKHL,2026-06-04,518.5,517.0,9583
NICAD2091,2026-06-04,1047.5,1078.0,50
PRVU,2026-06-04,198.1,197.0,92364
SEF,2026-06-04,10.0,10.1,4000
HIMSTAR,2026-06-04,865.0,860.0,5220
MKCL,2026-06-04,1283.9,1260.1,2509
RNLI,2026-06-04,478.2,476.0,16395
MAKAR,2026-06-04,498.1,500.0,5745
ICFCD88,2026-06-04,1156.0,1160.0,75
KPCL,2026-06-04,508.0,495.0,6770
PMLI,2026-06-04,476.1,480.9,10363
KBSH,2026-06-04,1598.5,1505.5,61
HFIN,2026-06-04,960.1,925.0,64479
RSY,2026-06-04,10.11,10.25,27816
CREST,2026-06-04,1344.0,1268.0,9029
GVL,2026-06-04,504.7,492.0,13236
NICGF2,2026-06-04,9.13,9.37,1600
CHL,2026-06-04,291.0,294.0,14513
HEIP,2026-06-04,357.4,358.0,14909
SMB,2026-06-04,1725.0,1745.0,1181
JOSHI,2026-06-04,280.0,281.6,14936
CBLD88,2026-06-04,1202.0,1214.0,1834
KKHC,2026-06-04,275.0,269.9,68375
SMH,2026-06-04,587.0,588.0,4779
SHEL,2026-06-04,315.0,316.0,102477
CZBIL,2026-06-04,213.0,203.4,60548
ADBL,2026-06-04,318.0,317.9,29880
SBI,2026-06-04,399.4,398.9,26896
MLBL,2026-06-04,370.0,369.9,11598
SNLI,2026-06-04,463.0,460.4,18703
EHPL,2026-06-04,395.0,390.0,18476
NGPL,2026-06-04,467.7,441.7,140797
SOHL,2026-06-04,665.0,660.0,71943
EBLD86,2026-06-04,1100.0,1145.0,302314
MSLB,2026-06-04,1244.2,1245.0,367
SPHL,2026-06-04,613.0,630.0,80156
BOKD86KA,2026-06-04,1203.9,1240.0,55
SBL,2026-06-04,404.0,403.9,50784
MLBS,2026-06-04,1239.1,1292.0,110
MSHL,2026-06-04,670.0,689.0,310
PSF,2026-06-04,12.14,12.3,21800
SALICO,2026-06-04,645.0,632.0,28005
RMF1,2026-06-04,10.0,9.8,8500
HDHPC,2026-06-04,212.4,221.0,205035
NMB,2026-06-04,248.9,245.9,33438
NFS,2026-06-04,609.0,606.0,20678
HPPL,2026-06-04,380.0,379.5,35336
SICL,2026-06-04,675.0,648.0,13489
JFL,2026-06-04,427.0,415.0,9167
JSLBB,2026-06-04,1120.0,1095.0,64
GMFIL,2026-06-04,484.0,483.0,16410
KDBY,2026-06-04,11.17,11.4,103300
BBC,2026-06-04,4570.0,4482.1,258
NLG,2026-06-04,650.0,660.0,67893
CORBL,2026-06-04,1933.6,1999.0,8636
EBLD91,2026-06-04,1080.0,1100.0,275
SBCF,2026-06-04,9.63,9.85,13954
KDL,2026-06-04,815.2,826.0,728
NESDO,2026-06-04,1530.0,1535.0,47
GBIMESY2,2026-06-04,9.5,9.45,6900
BNHC,2026-06-04,339.6,333.0,5000
RSDC,2026-06-04,680.0,678.6,2683
DOLTI,2026-06-04,349.0,354.0,26189
NMIC,2026-06-04,1100.0,1083.0,6745
TPC,2026-06-04,370.0,371.9,17671
NBLD85,2026-06-04,1070.0,1100.0,65
UNLB,2026-06-04,1450.0,1400.0,565
SHIVM,2026-06-04,675.1,677.6,65064
NICL,2026-06-04,559.1,565.0,185261
NICSF,2026-06-04,9.4,9.29,9050
NICFC,2026-06-04,9.5,9.5,3900
BHL,2026-06-04,222.0,220.5,53363
RBBD2088,2026-06-04,1065.6,1069.3,24226
SFEF,2026-06-04,10.01,10.19,28762
SIPD,2026-06-04,776.1,787.0,13445
PBD84,2026-06-04,1110.0,1110.0,75
LICN,2026-06-04,821.0,820.0,17844
OMPL,2026-06-04,1165.0,1165.0,1699
WNLB,2026-06-04,1429.0,1430.0,41
NICLBSL,2026-06-04,587.9,578.0,2876
DORDI,2026-06-04,276.0,278.0,29154
GILB,2026-06-04,1137.0,1136.0,2114
MKHC,2026-06-04,324.2,320.5,14789
NRN,2026-06-04,1388.9,1374.0,30230
RURU,2026-06-04,655.2,657.0,3145
BNT,2026-06-04,11980.0,11600.0,183
NMLBBL,2026-06-04,581.5,592.0,6055
BEDC,2026-06-04,374.0,364.0,18181
SGHC,2026-06-04,369.0,373.8,5901
SONA,2026-06-04,449.0,444.0,26213
GRDBL,2026-06-04,1081.1,1070.0,3981
SLBSL,2026-06-04,1182.0,1207.0,1438
SMHL,2026-06-04,504.0,504.0,28399
CMF2,2026-06-04,9.87,10.0,3875
SMJC,2026-06-04,495.6,475.0,30874
SPDL,2026-06-04,390.0,401.0,67909
SPC,2026-06-04,470.0,461.0,6573
NICBF,2026-06-04,9.42,9.5,1100
NIBSF2,2026-06-04,9.15,9.32,11300
HBLD83,2026-06-04,1034.1,1035.0,30
GCIL,2026-06-04,428.6,423.5,16636
UMHL,2026-06-04,575.1,582.0,16832
NLICL,2026-06-04,600.0,594.9,17573
ICFC,2026-06-04,643.0,640.0,7878
AVYAN,2026-06-04,1125.0,1113.0,4369
MMF1,2026-06-04,9.23,9.42,9940
SIFC,2026-06-04,550.0,560.0,26960
NRM,2026-06-04,365.0,365.0,13477
MFIL,2026-06-04,798.9,790.0,24394
GMLI,2026-06-04,1375.0,1354.0,3432
EBL,2026-06-04,714.9,709.0,17746
PROFL,2026-06-04,460.0,452.0,9001
SADBL,2026-06-04,420.0,422.5,25264
RHPL,2026-06-04,283.0,276.0,82964
GBBD85,2026-06-04,1118.0,1118.0,1150
SJCL,2026-06-04,297.0,300.0,5388
LBBL,2026-06-04,508.8,500.0,84649
GSY,2026-06-04,10.02,10.03,686600
NICA,2026-06-04,354.9,350.3,32020
KBLD90,2026-06-04,1205.0,1210.0,55
NMBHF2,2026-06-04,9.7,9.71,1400
ENL,2026-06-04,894.0,884.6,987
AKPL,2026-06-04,272.0,269.7,67222
NABIL,2026-06-04,563.0,538.8,35729
OHL,2026-06-04,701.0,702.4,547
GMFBS,2026-06-04,1320.0,1299.0,734
SPIL,2026-06-04,730.1,736.0,8177
ALBSL,2026-06-04,1101.0,1107.9,2259
MEL,2026-06-04,246.0,246.0,8435
PBD88,2026-06-04,1207.0,1207.0,1135
UPCL,2026-06-04,389.5,369.0,32426
SINDU,2026-06-04,729.0,738.0,10757
HHL,2026-06-04,365.7,364.8,32599
GBLBS,2026-06-04,780.1,786.0,4926
API,2026-06-04,357.0,351.5,234515
SAND2085,2026-06-04,1158.3,1158.3,130
BUNGAL,2026-06-04,736.0,720.0,87099
NMB50,2026-06-04,11.0,11.06,5200
TVCL,2026-06-04,510.0,508.0,25663
PFL,2026-06-04,387.8,374.0,7800
SANIMA,2026-06-04,370.0,368.4,31066
TSHL,2026-06-04,565.1,570.0,913
USLB,2026-06-04,1272.0,1261.1,521
BARUN,2026-06-04,349.0,345.0,17770
USHEC,2026-06-04,515.0,507.0,8212
CGH,2026-06-04,800.9,791.1,52985
MCHL,2026-06-04,312.1,317.0,4459
SIGS3,2026-06-04,11.01,11.01,700
FMDBL,2026-06-04,790.0,790.0,13225
JHAPA,2026-06-04,1400.0,1389.8,19972
NIFRA,2026-06-04,264.0,263.0,51670
HBL,2026-06-04,200.0,201.0,42303
MEN,2026-06-04,618.0,614.0,55059
PCIL,2026-06-04,800.0,789.2,40923
GBILD86/87,2026-06-04,1135.9,1135.9,953
PHCL,2026-06-04,312.0,310.7,53142
MBLD87,2026-06-04,1142.1,1142.1,188
ICFCD89,2026-06-04,1095.0,1097.0,290
NABBC,2026-06-04,892.0,919.0,4693
MBLEF,2026-06-04,9.97,10.15,3300
BPCL,2026-06-04,697.0,688.9,14555
MBLD2085,2026-06-04,1150.0,1150.0,100
NBF3,2026-06-04,9.74,10.02,13191
PURE,2026-06-04,922.1,923.0,6596
PRSF,2026-06-04,12.99,13.0,131000
LUK,2026-06-04,10.29,10.15,800
CYCL,2026-06-04,1466.0,1469.9,256
PCBL,2026-06-03,241.9,242.0,29234
MNMF1,2026-06-03,9.82,10.0,4700
RHPL,2026-06-03,280.0,279.1,15436
RADHI,2026-06-03,780.0,777.9,106089
HPPL,2026-06-03,379.0,376.0,24879
MEHL,2026-06-03,379.0,382.0,4532
NYADI,2026-06-03,390.0,393.0,4708
RBBF40,2026-06-03,9.17,9.29,7800
GBBL,2026-06-03,418.1,418.2,37860
SFMF,2026-06-03,10.21,10.21,600
MKHL,2026-06-03,545.0,527.6,45258
ALICL,2026-06-03,451.2,464.0,42645
RFPL,2026-06-03,353.0,368.0,31675
SKBBL,2026-06-03,777.0,768.0,5553
SAGAR,2026-06-03,1725.0,1697.0,7147
SAPDBL,2026-06-03,808.0,809.0,18445
NGPL,2026-06-03,445.8,445.5,93169
NABILD2089,2026-06-03,1128.0,1130.0,195
NSY,2026-06-03,9.42,9.47,4600
GBBD85,2026-06-03,1086.0,1086.0,25
GBLBS,2026-06-03,789.8,787.5,8935
MHL,2026-06-03,499.0,503.9,4072
CIT,2026-06-03,1785.0,1769.0,4610
SPL,2026-06-03,715.0,709.0,735
GMLI,2026-06-03,1400.0,1370.0,4459
RSML,2026-06-03,3468.0,3652.0,25239
BNHC,2026-06-03,328.6,332.0,4070
PRVU,2026-06-03,198.5,197.6,98667
SWMF,2026-06-03,674.0,674.8,2461
GFCL,2026-06-03,680.0,662.0,43642
CSY,2026-06-03,9.2,9.3,6400
KBLPO,2026-06-03,100.0,100.0,5254
IGI,2026-06-03,455.2,470.0,76760
SJLIC,2026-06-03,430.0,440.8,24764
ICFCD88,2026-06-03,1150.5,1156.0,90
HDL,2026-06-03,1175.0,1179.0,35741
AHPC,2026-06-03,283.0,281.9,61704
MBLD87,2026-06-03,1127.0,1127.0,40
JOSHI,2026-06-03,285.0,283.0,9278
VLUCL,2026-06-03,491.0,495.0,3337
HURJA,2026-06-03,257.7,257.2,30098
SLCF,2026-06-03,10.0,10.0,2700
MKCL,2026-06-03,1231.0,1283.0,580
GMFIL,2026-06-03,488.9,481.0,18787
LVF2,2026-06-03,9.72,10.3,2675
RLEL,2026-06-03,1000.0,990.0,18986
SALICO,2026-06-03,619.0,640.8,33051
RNLI,2026-06-03,467.0,478.2,67095
TAMOR,2026-06-03,472.0,463.3,55118
SCB,2026-06-03,656.0,657.0,7361
IHL,2026-06-03,408.0,409.0,19600
NHPC,2026-06-03,309.6,293.5,431485
NBL,2026-06-03,270.0,270.0,123346
CORBL,2026-06-03,2000.0,2034.5,7476
SHEL,2026-06-03,315.1,317.0,66690
HIMSTAR,2026-06-03,856.0,865.0,5234
BNT,2026-06-03,11650.0,11650.0,10
SFEF,2026-06-03,10.01,10.05,8200
C30MF,2026-06-03,10.05,10.15,13100
JFL,2026-06-03,425.0,419.9,6454
ACLBSL,2026-06-03,950.0,955.0,752
KPCL,2026-06-03,517.7,496.0,12569
NRIC,2026-06-03,1180.0,1087.1,195104
CITY,2026-06-03,393.1,379.5,93512
ENL,2026-06-03,871.5,870.0,2350
MABEL,2026-06-03,722.0,728.0,20647
CYCL,2026-06-03,1455.0,1463.0,641
BHPL,2026-06-03,499.8,530.0,8017
AHL,2026-06-03,496.4,498.0,5028
SIGS3,2026-06-03,10.96,11.28,1900
DHEL,2026-06-03,640.0,644.0,24039
KEF,2026-06-03,10.82,11.0,31340
NTC,2026-06-03,874.0,870.0,17123
SADBL,2026-06-03,416.0,417.9,35217
EBLD86,2026-06-03,1086.1,1086.1,30
SPIL,2026-06-03,745.0,745.1,32211
GLH,2026-06-03,270.5,272.5,23789
FOWAD,2026-06-03,1053.0,1060.0,3673
SEF,2026-06-03,10.0,9.96,6100
EBLD91,2026-06-03,1070.0,1076.2,55
HFIN,2026-06-03,958.0,960.1,23972
SPC,2026-06-03,462.0,465.0,9517
KBLD90,2026-06-03,1227.0,1227.0,25
NICAD85/86,2026-06-03,1190.0,1190.0,400
SCBD,2026-06-03,1160.0,1160.0,25
HLI,2026-06-03,342.0,348.6,77619
NLG,2026-06-03,620.0,650.0,87258
MPFL,2026-06-03,643.0,650.0,33610
RIDI,2026-06-03,370.0,364.0,556015
SWBBL,2026-06-03,773.8,739.0,6976
H8020,2026-06-03,11.99,11.87,11586
ICFC,2026-06-03,645.1,643.0,13324
RSDC,2026-06-03,665.0,680.0,13250
BNL,2026-06-03,14400.0,14400.0,25
NICGF2,2026-06-03,9.32,9.4,1100
SLBBL,2026-06-03,828.9,832.0,5417
ANLB,2026-06-03,5815.0,5934.8,564
SJCL,2026-06-03,299.0,300.0,20842
NICLBSL,2026-06-03,578.0,580.0,10802
OMPL,2026-06-03,1180.0,1170.0,2162
MMF1,2026-06-03,9.22,9.49,16597
BUNGAL,2026-06-03,663.0,732.0,68798
JBBD87,2026-06-03,1135.0,1135.0,25
LUK,2026-06-03,9.86,10.0,2100
NBF3,2026-06-03,9.7,10.04,53845
KKHC,2026-06-03,274.0,279.0,300040
CGH,2026-06-03,790.3,797.0,13423
NICFC,2026-06-03,9.22,9.5,6550
NLIC,2026-06-03,762.0,777.2,42809
TSHL,2026-06-03,570.2,576.1,1035
NICL,2026-06-03,526.6,559.1,274336
BBC,2026-06-03,4444.0,4570.0,480
RBCLPO,2026-06-03,12000.0,12360.0,580
SHLB,2026-06-03,1508.0,1477.0,1190
LICN,2026-06-03,817.0,820.0,47272
NIFRAUR85/86,2026-06-03,1043.4,1043.4,10
ICFCD89,2026-06-03,1080.0,1098.0,395
VLBS,2026-06-03,680.2,747.0,11054
SBI,2026-06-03,398.0,398.9,28874
MLBL,2026-06-03,375.0,372.9,35658
MHCL,2026-06-03,355.0,351.9,7160
NIMBPO,2026-06-03,147.0,149.9,15560
RURU,2026-06-03,651.0,658.0,2267
GWFD83,2026-06-03,1072.6,1072.1,70
MNBBL,2026-06-03,378.0,377.5,31663
RLFL,2026-06-03,480.0,468.0,64984
MEL,2026-06-03,244.0,246.0,9845
PBD84,2026-06-03,1100.0,1110.0,50
NABBC,2026-06-03,919.0,914.9,10137
ALBSL,2026-06-03,1101.0,1114.0,1784
BFC,2026-06-03,484.9,475.0,13542
UNHPL,2026-06-03,458.0,430.9,61307
UNL,2026-06-03,46800.0,46700.0,40
AKPL,2026-06-03,287.4,271.4,71523
PPL,2026-06-03,370.0,352.5,17324
SMHL,2026-06-03,504.0,504.0,21029
EHPL,2026-06-03,399.0,392.1,13040
SGHC,2026-06-03,369.0,374.0,9024
NIMB,2026-06-03,199.0,199.7,115358
ULBSL,2026-06-03,2814.0,2895.7,581
SBID83,2026-06-03,1064.5,1064.5,25
NIFRA,2026-06-03,263.0,264.0,98654
LSL,2026-06-03,226.9,223.0,81665
GSY,2026-06-03,10.0,10.02,12400
NIBLGF,2026-06-03,9.24,9.2,5400
SICL,2026-06-03,639.5,657.6,31583
SINDU,2026-06-03,726.0,749.9,7803
GMFBS,2026-06-03,1272.0,1297.9,471
NICAD2091,2026-06-03,1065.0,1065.0,25
JBLB,2026-06-03,1295.0,1308.9,3324
BHL,2026-06-03,222.0,222.2,66445
NMLBBL,2026-06-03,565.0,599.0,9033
AKJCL,2026-06-03,441.7,440.0,988677
NICBF,2026-06-03,9.7,9.43,1000
NUBL,2026-06-03,661.1,663.0,3064
GBILD84/85,2026-06-03,1150.0,1150.0,25
HLICF,2026-06-03,8.74,9.05,93710
CFCL,2026-06-03,620.0,585.9,109945
NMBMF,2026-06-03,642.0,645.0,1226
USHL,2026-06-03,618.5,607.0,4325
GRDBL,2026-06-03,1055.0,1099.8,31827
SHL,2026-06-03,509.9,505.7,18437
CHL,2026-06-03,296.0,293.9,23979
BJHL,2026-06-03,860.0,906.1,11067
KSY,2026-06-03,9.65,9.72,1100
PCIL,2026-06-03,793.0,800.0,43504
CBLD88,2026-06-03,1227.0,1229.0,125
NMFBSP,2026-06-03,628.0,628.0,48656
MLBS,2026-06-03,1254.3,1277.0,290
SIKLES,2026-06-03,590.1,604.0,5743
CKHL,2026-06-03,695.2,675.0,230
RMF1,2026-06-03,9.69,9.8,2100
HIDCL,2026-06-03,270.0,269.5,54895
SANIMA,2026-06-03,370.0,366.5,52943
UPCL,2026-06-03,373.5,371.0,38044
DORDI,2026-06-03,280.0,276.0,48359
NBF2,2026-06-03,10.35,10.39,4330
HATHY,2026-06-03,790.0,788.0,7939
SHINED,2026-06-03,1097.0,1093.0,25
SAGF,2026-06-03,10.1,10.2,1520
SMB,2026-06-03,1711.0,1730.0,416
BARUN,2026-06-03,345.0,348.0,42909
SMJC,2026-06-03,488.2,472.0,121646
LEC,2026-06-03,225.0,226.9,72406
PSF,2026-06-03,12.4,12.2,8800
SHPC,2026-06-03,528.8,519.4,41982
PRIN,2026-06-03,692.0,719.0,70734
SOHL,2026-06-03,650.0,669.8,72638
HIDCLP,2026-06-03,205.0,205.0,103824
TPC,2026-06-03,372.0,370.0,12230
KBL,2026-06-03,217.2,216.5,147832
NIL,2026-06-03,655.0,669.0,32384
MKHC,2026-06-03,322.2,324.9,8883
NBBD2085,2026-06-03,1130.0,1083.0,92326
NMFBS,2026-06-03,1162.9,1145.0,2340
NMB,2026-06-03,245.0,244.0,30657
SKHEL,2026-06-03,1215.0,1240.0,5553
OHL,2026-06-03,697.5,708.4,1948
SLBSL,2026-06-03,1219.0,1212.0,2201
HBL,2026-06-03,200.0,200.6,55348
CHDC,2026-06-03,2287.0,2268.5,8388
MLBSL,2026-06-03,1771.0,1817.0,435
MMKJL,2026-06-03,538.0,538.0,17936
PFL,2026-06-03,390.9,384.0,6647
NRM,2026-06-03,362.0,365.0,30128
CZBIL,2026-06-03,207.0,203.6,22917
LBBL,2026-06-03,502.0,504.0,99843
EBL,2026-06-03,709.0,709.5,33402
BHCL,2026-06-03,580.0,600.8,136440
RBBD2088,2026-06-03,1070.0,1085.0,77
SWASTIK,2026-06-03,2405.0,2375.1,326
API,2026-06-03,361.0,356.6,325966
SIPD,2026-06-03,792.0,783.0,17641
ILI,2026-06-03,440.3,448.4,30806
NABIL,2026-06-03,536.0,536.5,36962
HEI,2026-06-03,590.0,586.0,89400
MSHL,2026-06-03,724.5,688.0,679
MDB,2026-06-03,611.0,618.1,20486
UHEWA,2026-06-03,582.0,594.0,4389
SONA,2026-06-03,444.0,449.0,23712
PHCL,2026-06-03,327.1,312.0,87750
PRSF,2026-06-03,13.04,13.09,214500
RMF2,2026-06-03,10.4,10.14,1400
CREST,2026-06-03,1262.0,1280.0,25910
MSLB,2026-06-03,1242.0,1252.0,290
SKHL,2026-06-03,950.0,937.1,16220
SHIVM,2026-06-03,636.5,675.1,89107
BPCL,2026-06-03,680.0,690.0,17813
UMHL,2026-06-03,570.1,580.0,20673
ULHC,2026-06-03,460.1,465.5,18512
RBCL,2026-06-03,15201.0,15399.0,457
GIBF1,2026-06-03,11.0,10.85,4600
GLBSL,2026-06-03,1770.0,1790.0,329
CLI,2026-06-03,455.0,466.9,36787
TTL,2026-06-03,821.0,822.0,12320
KMCDB,2026-06-03,867.0,863.0,1642
GUFL,2026-06-03,578.0,564.0,39413
MATRI,2026-06-03,900.0,884.5,226
BANDIPUR,2026-06-03,830.0,835.9,28798
PBLD87,2026-06-03,1129.0,1129.0,25
EDBL,2026-06-03,604.0,594.4,13294
DOLTI,2026-06-03,336.0,356.9,55063
BHDC,2026-06-03,468.0,469.0,98405
NSIF2,2026-06-03,10.7,10.73,750
HHL,2026-06-03,358.2,365.6,37024
FMDBL,2026-06-03,791.0,793.0,11018
NICA,2026-06-03,363.4,353.2,61136
UPPER,2026-06-03,204.0,204.1,95060
SMATA,2026-06-03,769.9,777.0,4665
RSY,2026-06-03,10.12,10.21,155900
SARBTM,2026-06-03,870.0,875.3,41274
HDHPC,2026-06-03,213.0,223.5,215551
GVL,2026-06-03,490.0,490.0,16752
UNLB,2026-06-03,1383.0,1401.9,263
SGIC,2026-06-03,495.0,516.0,141815
MERO,2026-06-03,730.0,735.0,5090
MBJC,2026-06-03,298.0,286.9,18429
PROFL,2026-06-03,460.0,454.0,12275
NIBSF2,2026-06-03,9.0,9.3,15150
MFIL,2026-06-03,780.0,792.8,34098
MCHL,2026-06-03,324.9,320.0,4404
SAHAS,2026-06-03,670.0,667.1,84281
NIBLSTF,2026-06-03,9.4,9.1,23615
HBLPO,2026-06-03,111.6,111.6,29625
BGWT,2026-06-03,660.0,679.0,1725
GHL,2026-06-03,242.0,241.5,35029
SRLI,2026-06-03,390.2,406.4,70732
SHINE,2026-06-03,432.0,419.0,13958
NCCD86,2026-06-03,1128.4,1128.3,41
STC,2026-06-03,5475.0,5485.0,735
SBLPO,2026-06-03,216.4,216.4,450000
UAIL,2026-06-03,471.0,483.5,104278
NIMBD90,2026-06-03,1254.0,1260.7,63
SFCL,2026-06-03,400.0,390.0,12598
NRN,2026-06-03,1420.0,1388.9,88927
SBLD2091,2026-06-03,1061.0,1061.0,25
SPDL,2026-06-03,404.0,409.5,63536
NHDL,2026-06-03,635.0,641.3,4647
SBLD84,2026-06-03,1075.0,1201.0,108910
ILBS,2026-06-03,947.6,928.8,3000
DHPL,2026-06-03,303.0,306.0,5237
RHGCL,2026-06-03,294.8,294.9,31929
MAKAR,2026-06-03,476.0,500.8,7195
SBL,2026-06-03,405.0,404.0,77358
HEIP,2026-06-03,340.0,347.0,2992
SMPDA,2026-06-03,855.0,839.0,2119
NICSF,2026-06-03,9.4,9.32,2600
SBCF,2026-06-03,9.75,9.8,4800
GBIMESY2,2026-06-03,9.24,9.5,9100
DLBS,2026-06-03,1305.0,1299.2,640
SPHL,2026-06-03,567.0,619.7,94653
NMBHF2,2026-06-03,9.61,9.72,3850
BEDC,2026-06-03,380.0,368.0,24743
JSLBB,2026-06-03,1080.0,1101.0,244
KBSH,2026-06-03,1600.0,1552.0,145
SANVI,2026-06-03,702.5,710.0,12509
SYPNL,2026-06-03,1440.1,1440.0,40088
NLICL,2026-06-03,590.0,599.0,24051
JHAPA,2026-06-03,1418.0,1420.0,16999
PMHPL,2026-06-03,341.0,343.0,2920
MBLEF,2026-06-03,10.0,10.2,84600
SAIL,2026-06-03,1135.0,1108.9,16434
USHEC,2026-06-03,503.0,512.0,6267
GILB,2026-06-03,1120.0,1140.0,718
KDBY,2026-06-03,11.45,11.49,930900
PMLI,2026-06-03,465.0,479.0,16103
AVYAN,2026-06-03,1115.0,1111.5,3411
CBBL,2026-06-03,920.0,928.3,12440
JBBL,2026-06-03,371.0,365.0,98385
WNLB,2026-06-03,1432.0,1450.0,158
TVCL,2026-06-03,525.6,513.0,11258
HLBSL,2026-06-03,880.0,894.1,395
MHNL,2026-06-03,268.0,267.0,16659
USLB,2026-06-03,1252.0,1270.0,1288
GBIME,2026-06-03,240.4,240.0,132145
GCIL,2026-06-03,428.0,428.6,23232
PURE,2026-06-03,935.0,933.5,8213
UMRH,2026-06-03,541.2,545.0,13548
MKJC,2026-06-03,506.0,500.0,6179
MEN,2026-06-03,617.0,612.3,37032
NADEP,2026-06-03,741.0,763.0,870
RAWA,2026-06-03,600.6,567.0,2509
SMH,2026-06-03,591.1,592.0,3827
MLBBL,2026-06-03,1195.0,1209.0,2335
ADBL,2026-06-03,316.0,317.4,48420
SIFC,2026-06-03,550.0,566.0,21601
LLBS,2026-06-03,932.1,932.1,10
MANDU,2026-06-03,820.0,824.0,385
CIZBD90,2026-06-03,1266.9,1266.9,25
SABBL,2026-06-03,1264.0,1206.0,11291
NMIC,2026-06-03,1112.0,1118.0,11050
SNLI,2026-06-03,453.0,463.2,64561
HRL,2026-06-03,693.0,669.5,138255
NESDO,2026-06-03,1532.0,1540.0,1108
TRH,2026-06-03,769.0,767.5,1922
SSHL,2026-06-03,215.0,216.8,147761
PPCL,2026-06-03,391.0,389.0,6559
KSBBL,2026-06-03,486.5,491.0,32131
MBL,2026-06-03,255.0,252.0,53553
DDBL,2026-06-03,840.2,850.3,2447
SMFBS,2026-06-03,1505.0,1514.0,345
NWCL,2026-06-03,788.0,794.1,1433
KDL,2026-06-03,830.0,837.0,2461
CHCL,2026-06-03,505.0,499.0,74150
CMF2,2026-06-03,9.94,9.94,450
KHPL,2026-06-03,497.1,572.9,200
NFS,2026-06-03,619.5,609.0,28161
FOWAD,2026-06-02,1041.0,1053.5,2565
ULBSL,2026-06-02,2800.0,2900.0,1233
SHINE,2026-06-02,415.0,417.7,18724
PMHPL,2026-06-02,337.0,341.0,2020
MKHC,2026-06-02,319.1,324.5,12773
RMF1,2026-06-02,9.99,9.8,5900
BGWT,2026-06-02,660.0,672.0,3485
TVCL,2026-06-02,551.2,531.0,22275
UNHPL,2026-06-02,425.0,436.9,34291
NBF2,2026-06-02,10.39,10.39,6691
HFIN,2026-06-02,955.0,958.0,30739
PHCL,2026-06-02,309.1,311.6,47889
HDL,2026-06-02,1165.0,1167.0,15844
EBLD91,2026-06-02,1082.2,1075.0,125
AHL,2026-06-02,489.1,496.4,3420
JSLBB,2026-06-02,1080.0,1080.0,131
GFCL,2026-06-02,630.0,672.9,92147
JBBL,2026-06-02,350.1,364.0,35724
SPHL,2026-06-02,540.0,578.9,25949
RSDC,2026-06-02,659.2,665.0,4630
MEN,2026-06-02,617.0,617.0,52750
BANDIPUR,2026-06-02,825.0,835.0,27939
ENL,2026-06-02,895.0,890.6,1200
SLBBL,2026-06-02,817.0,821.8,2975
NBLD85,2026-06-02,1060.0,1040.0,18925
SIPD,2026-06-02,795.0,796.6,18633
LVF2,2026-06-02,9.7,9.9,1430
TAMOR,2026-06-02,460.0,468.0,57798
HEIP,2026-06-02,340.0,340.0,20
CGH,2026-06-02,793.3,799.4,24875
HIDCL,2026-06-02,268.0,269.0,53695
JBLB,2026-06-02,1282.0,1295.0,3053
CSY,2026-06-02,9.2,9.4,7680
OMPL,2026-06-02,1154.0,1178.0,1760
RURU,2026-06-02,675.0,655.0,7273
PFL,2026-06-02,375.0,386.0,17933
SHIVM,2026-06-02,674.8,670.0,178812
CFCL,2026-06-02,560.7,607.0,383099
NMBD87/88,2026-06-02,1081.1,1081.1,25
GILB,2026-06-02,1122.8,1128.0,1331
SANIMA,2026-06-02,369.0,370.0,90625
SEF,2026-06-02,9.97,10.0,22672
VLUCL,2026-06-02,485.0,497.5,1730
SHEL,2026-06-02,318.0,316.0,85997
HDHPC,2026-06-02,224.2,224.0,171384
SARBTM,2026-06-02,859.0,865.0,5711
SADBL,2026-06-02,416.0,412.9,30281
BHCL,2026-06-02,655.2,609.0,145445
MERO,2026-06-02,715.0,731.8,5928
AKPL,2026-06-02,271.9,273.8,88025
SAHAS,2026-06-02,676.0,670.0,108061
RLEL,2026-06-02,1020.0,1010.0,21448
HLBSL,2026-06-02,890.0,901.0,507
PBD84,2026-06-02,1100.0,1100.0,75
KKHC,2026-06-02,260.0,274.0,163228
EBL,2026-06-02,709.0,708.0,16729
PSF,2026-06-02,12.01,12.3,1100
NMBHF2,2026-06-02,9.52,9.83,13400
JHAPA,2026-06-02,1407.0,1418.0,28133
MLBSL,2026-06-02,1786.9,1801.1,1154
RBBF40,2026-06-02,9.3,9.45,2500
HURJA,2026-06-02,256.0,257.7,23981
GMFBS,2026-06-02,1265.0,1296.9,805
NABILD2089,2026-06-02,1102.0,1110.0,445
KDBY,2026-06-02,11.35,11.53,174600
TTL,2026-06-02,819.0,828.5,9364
USHEC,2026-06-02,512.0,511.0,16882
SMFBS,2026-06-02,1502.0,1504.0,146
GRDBL,2026-06-02,1053.0,1069.8,7383
VLBS,2026-06-02,715.0,687.0,1293
RLFL,2026-06-02,439.0,469.0,101831
SONA,2026-06-02,445.0,447.0,23475
SKHL,2026-06-02,930.0,950.0,21008
SMPDA,2026-06-02,855.0,831.0,1650
KSBBL,2026-06-02,490.0,490.0,51196
MMF1,2026-06-02,9.76,9.45,2800
MHL,2026-06-02,500.0,502.9,6700
NIBD84,2026-06-02,1084.0,1090.0,610
NICAD2091,2026-06-02,1060.0,1060.0,25
BUNGAL,2026-06-02,730.0,697.2,92390
BPCL,2026-06-02,685.0,688.8,20980
MLBBL,2026-06-02,1180.0,1195.0,739
MEHL,2026-06-02,386.2,379.0,3012
NFS,2026-06-02,570.0,616.0,83641
EDBL,2026-06-02,578.0,588.9,13846
NICL,2026-06-02,527.0,526.6,35177
ICFCD89,2026-06-02,1088.0,1098.0,280
SALICO,2026-06-02,612.0,615.0,10678
SBI,2026-06-02,396.5,398.7,13006
DDBL,2026-06-02,840.0,847.1,6714
SWASTIK,2026-06-02,2318.3,2430.0,720
AKJCL,2026-06-02,410.0,439.9,1081313
UPPER,2026-06-02,204.0,205.5,89472
CMF2,2026-06-02,10.1,9.9,5428
NICAD85/86,2026-06-02,1158.8,1190.0,1387
ICFCD88,2026-06-02,1130.2,1150.0,100
MNMF1,2026-06-02,9.73,9.85,36800
BBC,2026-06-02,4500.0,4580.0,3117
UMHL,2026-06-02,571.2,579.8,58787
DOLTI,2026-06-02,333.0,353.0,29162
NICSF,2026-06-02,9.37,9.13,5247
ILI,2026-06-02,438.0,443.0,5268
RHGCL,2026-06-02,294.1,294.8,66389
NICA,2026-06-02,348.0,346.1,47782
MMKJL,2026-06-02,525.3,535.0,5973
BFC,2026-06-02,462.0,478.2,56361
MATRI,2026-06-02,896.5,899.9,79
IGI,2026-06-02,459.0,455.1,24862
ADBL,2026-06-02,330.9,316.8,10742
SBL,2026-06-02,402.9,404.9,58504
USLB,2026-06-02,1268.0,1276.0,911
BHL,2026-06-02,210.9,222.0,84456
NRIC,2026-06-02,1047.6,1146.5,239257
SMB,2026-06-02,1702.0,1725.0,777
TSHL,2026-06-02,562.59,583.0,1972
RSY,2026-06-02,10.1,10.26,4290
PRIN,2026-06-02,691.0,688.8,10356
KSY,2026-06-02,9.58,9.8,5300
LEC,2026-06-02,224.4,227.7,62439
BHDC,2026-06-02,458.1,466.0,25353
SJCL,2026-06-02,294.0,299.0,9683
HPPL,2026-06-02,375.1,379.5,25297
NLIC,2026-06-02,762.0,765.1,21261
BOKD86,2026-06-02,1085.0,1085.0,25
NBF3,2026-06-02,10.0,9.99,13990
CREST,2026-06-02,1247.0,1226.2,19323
SNLI,2026-06-02,451.1,453.0,5595
CHL,2026-06-02,295.0,296.0,16067
NWCL,2026-06-02,788.0,785.0,2624
NBL,2026-06-02,273.0,270.9,45177
HHL,2026-06-02,364.1,363.8,31824
ULHC,2026-06-02,464.1,462.9,15594
SABBL,2026-06-02,1236.2,1206.0,11169
NUBL,2026-06-02,655.0,660.0,992
SPIL,2026-06-02,687.8,724.0,15328
JOSHI,2026-06-02,289.0,284.5,7773
SKHEL,2026-06-02,1180.0,1238.0,4473
GMFIL,2026-06-02,470.0,489.9,65083
NGPL,2026-06-02,447.0,445.8,139294
MBL,2026-06-02,253.8,252.6,41975
NHPC,2026-06-02,299.0,294.9,297400
RSML,2026-06-02,3685.0,3640.0,30424
NIBLGF,2026-06-02,9.0,9.21,4300
MNBBL,2026-06-02,373.0,374.1,33473
HLI,2026-06-02,344.9,343.5,36187
HLICF,2026-06-02,8.75,8.99,8925
AVYAN,2026-06-02,1137.8,1111.1,4790
ICFCD83,2026-06-02,1126.0,1128.0,211
GBIMESY2,2026-06-02,9.2,9.4,1710
SWBBL,2026-06-02,745.0,737.0,2309
TPC,2026-06-02,367.0,371.0,16434
NMB50,2026-06-02,10.58,10.8,6570
SICL,2026-06-02,639.9,639.5,9219
SIGS2,2026-06-02,10.5,10.81,3900
CHCL,2026-06-02,491.0,501.0,92972
JFL,2026-06-02,404.3,423.0,22709
NMIC,2026-06-02,1035.1,1093.0,12005
CCBD88,2026-06-02,1227.0,1227.0,25
SRLI,2026-06-02,390.0,397.0,21704
NYADI,2026-06-02,392.0,395.0,2210
NABIL,2026-06-02,540.0,536.9,43239
SSHL,2026-06-02,225.9,218.4,117336
SIFC,2026-06-02,542.0,574.0,81152
PROFL,2026-06-02,449.9,460.0,33782
DORDI,2026-06-02,276.0,276.9,22964
PRVU,2026-06-02,198.0,197.9,75370
NHDL,2026-06-02,630.2,635.1,441
SKBBL,2026-06-02,755.0,769.8,10585
CKHL,2026-06-02,656.0,675.0,710
NIMB,2026-06-02,197.8,198.9,68421
SLBSL,2026-06-02,1216.0,1205.0,990
NIBSF2,2026-06-02,9.09,9.2,1800
UAIL,2026-06-02,463.0,468.5,27933
CHDC,2026-06-02,2250.0,2288.0,3747
NIFRA,2026-06-02,264.0,264.9,54166
DLBS,2026-06-02,1250.1,1275.0,545
SAPDBL,2026-06-02,810.0,803.8,13491
DHPL,2026-06-02,303.0,305.0,3911
GBBL,2026-06-02,420.0,418.1,28700
UPCL,2026-06-02,360.0,373.6,45671
SGHC,2026-06-02,364.0,368.1,5414
SBLD84,2026-06-02,1050.0,1045.0,21245
ICFC,2026-06-02,630.9,645.0,45620
MBJC,2026-06-02,283.0,286.2,12184
SLCF,2026-06-02,9.75,10.0,3985
ADBLD83,2026-06-02,1051.9,1083.4,1
HIMSTAR,2026-06-02,855.0,863.2,2551
RBCLPO,2026-06-02,11995.0,12000.0,30
MBLEF,2026-06-02,10.15,10.2,129550
EHPL,2026-06-02,390.1,394.5,9882
GWFD83,2026-06-02,1074.0,1061.0,70
SPDL,2026-06-02,408.0,404.0,57248
GBIME,2026-06-02,241.0,240.4,66716
NSIF2,2026-06-02,10.66,10.7,600
MABEL,2026-06-02,725.1,715.0,19422
MANDU,2026-06-02,830.0,833.0,2256
GHL,2026-06-02,237.0,241.6,41985
GIBF1,2026-06-02,11.0,11.0,1500
EBLD85,2026-06-02,1140.0,1140.0,25
PMLI,2026-06-02,462.0,465.0,1527
SAGAR,2026-06-02,1650.0,1700.0,8829
SIGS3,2026-06-02,10.93,11.25,3000
SPL,2026-06-02,707.0,700.9,2744
NIBLSTF,2026-06-02,9.35,9.13,5830
SOHL,2026-06-02,654.0,669.0,134779
HATHY,2026-06-02,825.0,791.0,5322
BJHL,2026-06-02,911.0,900.1,9476
CBBL,2026-06-02,924.0,925.9,11455
HBLD86,2026-06-02,1188.9,1188.9,25
CBLD88,2026-06-02,1192.0,1192.0,50
IHL,2026-06-02,409.0,414.0,13062
CITY,2026-06-02,375.0,374.4,112955
MDB,2026-06-02,605.1,610.0,5709
KHPL,2026-06-02,446.2,498.2,130
H8020,2026-06-02,12.0,11.99,6900
MSHL,2026-06-02,715.0,690.0,644
GVL,2026-06-02,485.0,490.0,7503
SBID2090,2026-06-02,1150.0,1118.0,125
SMH,2026-06-02,586.0,600.0,5772
ILBS,2026-06-02,910.0,920.0,974
UHEWA,2026-06-02,584.1,587.1,10712
MPFL,2026-06-02,615.0,660.1,123061
SHLB,2026-06-02,1438.0,1508.0,440
HRL,2026-06-02,675.0,693.0,223778
RIDI,2026-06-02,347.0,369.0,703779
MEL,2026-06-02,243.0,244.1,9398
LSL,2026-06-02,222.0,226.9,111592
OHL,2026-06-02,690.1,696.1,2238
SAGF,2026-06-02,10.15,10.15,2800
HEI,2026-06-02,545.0,563.9,38402
NESDO,2026-06-02,1525.0,1575.0,255
DHEL,2026-06-02,623.0,629.9,21582
SINDU,2026-06-02,734.8,739.9,7839
MFLD85,2026-06-02,1128.0,1133.0,44
LICN,2026-06-02,827.9,814.5,13147
UNL,2026-06-02,46925.0,47000.0,80
RAWA,2026-06-02,600.6,572.0,3103
NBLD82,2026-06-02,1060.0,1060.1,127
ALICL,2026-06-02,478.5,456.0,20378
KDL,2026-06-02,812.2,821.1,1771
UMRH,2026-06-02,540.6,547.0,7807
LLBS,2026-06-02,962.0,959.0,323
SMHL,2026-06-02,502.6,504.0,25803
NIL,2026-06-02,647.7,653.0,8104
SHPC,2026-06-02,517.6,523.0,29273
BARUN,2026-06-02,341.0,345.0,29470
HBL,2026-06-02,200.0,201.2,48899
GSY,2026-06-02,9.8,10.1,62001
SYPNL,2026-06-02,1454.0,1440.1,56668
MLBS,2026-06-02,1239.0,1293.0,40
MSLB,2026-06-02,1238.0,1241.2,375
NIMBPO,2026-06-02,149.0,151.0,27712
KPCL,2026-06-02,517.6,495.0,4627
SAIL,2026-06-02,1117.0,1116.9,26219
LBBLD89,2026-06-02,1300.0,1261.0,60
SFCL,2026-06-02,366.0,394.0,45083
GBBD85,2026-06-02,1086.0,1118.0,255
LUK,2026-06-02,10.0,10.0,300
PURE,2026-06-02,924.0,935.0,7431
PCBL,2026-06-02,241.0,243.4,37249
MAKAR,2026-06-02,500.0,501.0,13744
KEF,2026-06-02,10.77,10.87,37030
CLI,2026-06-02,452.4,454.3,18928
API,2026-06-02,355.5,357.0,318836
CZBIL,2026-06-02,203.0,204.9,29660
PPCL,2026-06-02,394.5,386.0,5342
BHPL,2026-06-02,516.1,526.1,5308
CIT,2026-06-02,1760.0,1770.0,5463
SWMF,2026-06-02,660.0,675.0,3088
NMLBBL,2026-06-02,585.0,594.0,13801
SHL,2026-06-02,508.0,506.5,20630
NRM,2026-06-02,355.0,362.0,59470
BNT,2026-06-02,11479.0,11900.0,30
MHCL,2026-06-02,350.0,353.9,8121
BNHC,2026-06-02,326.0,335.0,3400
RADHI,2026-06-02,760.1,775.0,35420
KBL,2026-06-02,219.3,217.1,152155
C30MF,2026-06-02,10.1,10.05,500
ANLB,2026-06-02,5681.0,5800.0,1616
MKCL,2026-06-02,1261.0,1265.0,972
SAND2085,2026-06-02,1155.0,1155.0,215
PPL,2026-06-02,336.1,355.0,22106
MKHL,2026-06-02,550.0,539.0,2429
NMFBS,2026-06-02,1133.0,1141.0,9325
BEDC,2026-06-02,387.3,370.0,13299
SANVI,2026-06-02,710.0,709.0,10483
NICLBSL,2026-06-02,565.3,577.0,3202
NABBC,2026-06-02,920.0,925.0,2443
BNL,2026-06-02,14118.2,14118.2,10
SGIC,2026-06-02,479.0,490.0,34366
NMB,2026-06-02,244.7,245.4,41711
GCIL,2026-06-02,425.0,426.0,15713
AHPC,2026-06-02,295.0,280.0,92518
MFIL,2026-06-02,818.0,797.0,112800
NICFC,2026-06-02,9.2,9.3,2250
GMLI,2026-06-02,1268.7,1370.0,7970
GBLBS,2026-06-02,770.0,782.0,1987
RMF2,2026-06-02,10.11,10.41,700
CIZBD90,2026-06-02,1230.0,1230.0,25
NRN,2026-06-02,1410.0,1396.0,65054
KBSH,2026-06-02,1553.0,1560.0,249
TRH,2026-06-02,751.5,770.0,665
LBBL,2026-06-02,491.0,494.0,33492
NLICL,2026-06-02,588.0,591.0,12940
RFPL,2026-06-02,360.0,370.0,58368
NICGF2,2026-06-02,9.3,9.32,1500
NIFRAUR85/86,2026-06-02,1045.0,1072.0,100
USHL,2026-06-02,638.0,620.0,7933
NSY,2026-06-02,9.44,9.7,6200
SIKLES,2026-06-02,618.0,600.0,8233
RSDCP,2026-06-02,366.0,366.0,2385
GLH,2026-06-02,266.1,273.0,33621
SBCF,2026-06-02,9.74,9.78,460
NMBMF,2026-06-02,635.0,647.9,307
RHPL,2026-06-02,275.5,280.0,13310
STC,2026-06-02,5454.2,5510.0,777
HIDCLP,2026-06-02,205.8,204.1,166497
PRSF,2026-06-02,12.94,12.99,287750
ACLBSL,2026-06-02,969.0,955.0,881
SMATA,2026-06-02,765.1,769.9,3604
ALBSL,2026-06-02,1070.0,1119.0,16412
CORBL,2026-06-02,1977.1,2000.1,3345
UNLB,2026-06-02,1380.0,1400.0,423
MLBL,2026-06-02,360.0,375.0,82564
SJLIC,2026-06-02,430.2,435.0,9539
NLG,2026-06-02,593.5,614.0,21096
NTC,2026-06-02,860.0,868.0,26550
MKJC,2026-06-02,493.1,503.0,8397
MCHL,2026-06-02,311.2,318.3,7145
CYCL,2026-06-02,1478.0,1465.0,489
MHNL,2026-06-02,260.0,269.0,22416
GLBSL,2026-06-02,1791.2,1822.0,416
WNLB,2026-06-02,1431.0,1437.1,472
GUFL,2026-06-02,540.0,576.8,80640
SFEF,2026-06-02,10.0,10.01,1666
FMDBL,2026-06-02,827.4,787.0,12419
RBCL,2026-06-02,15050.0,15200.0,180
RNLI,2026-06-02,466.0,467.9,8457
KMCDB,2026-06-02,859.0,860.0,538
SHINED,2026-06-02,1110.0,1110.0,50
SCB,2026-06-02,663.9,656.0,8914
PCIL,2026-06-02,763.6,793.0,59979
SMJC,2026-06-02,465.0,465.0,14116
HBLD83,2026-06-02,1036.0,1036.0,25
SPC,2026-06-02,449.0,462.9,2905
NADEP,2026-06-02,745.0,753.0,1102
UNLB,2026-06-01,1446.9,1400.0,1556
SOHL,2026-06-01,670.0,660.0,126440
PCBL,2026-06-01,250.0,240.9,37497
BUNGAL,2026-06-01,799.0,730.0,104206
ICFC,2026-06-01,631.0,622.0,8303
MMF1,2026-06-01,9.6,9.48,18920
RAWA,2026-06-01,613.2,572.0,1005
LLBS,2026-06-01,1002.0,963.0,254
GVL,2026-06-01,491.0,490.7,7253
NESDO,2026-06-01,1526.1,1560.0,236
MSLB,2026-06-01,1250.0,1240.0,446
GFCL,2026-06-01,623.0,620.5,16053
BHCL,2026-06-01,601.1,624.0,206078
SPDL,2026-06-01,426.3,403.0,20927
KDBY,2026-06-01,11.51,11.5,17400
PRVU,2026-06-01,200.0,197.6,82894
SAPDBL,2026-06-01,786.1,798.0,17383
NIBD84,2026-06-01,1079.4,1083.0,96667
LVF2,2026-06-01,9.71,10.0,2205
SHINE,2026-06-01,410.0,414.0,14589
CITY,2026-06-01,390.0,371.0,165567
SADBL,2026-06-01,417.4,412.0,16579
MNMF1,2026-06-01,9.75,9.99,4050
MFIL,2026-06-01,786.0,783.0,45070
SONA,2026-06-01,451.0,449.2,43057
TVCL,2026-06-01,540.0,525.0,2472
MEN,2026-06-01,625.0,618.0,81327
MEHL,2026-06-01,380.0,375.0,4117
SBL,2026-06-01,406.0,402.9,109086
AKJCL,2026-06-01,440.0,431.0,997531
EBLD86,2026-06-01,1091.8,1091.8,25
UMRH,2026-06-01,555.0,544.0,6599
MSHL,2026-06-01,673.2,681.0,624
NRN,2026-06-01,1397.0,1385.0,33522
VLUCL,2026-06-01,484.2,485.0,2730
SWMF,2026-06-01,653.8,665.0,2202
FOWAD,2026-06-01,1063.0,1036.0,4090
BOKD86,2026-06-01,1086.0,1086.0,25
EHPL,2026-06-01,410.1,390.1,14043
SBI,2026-06-01,401.0,396.5,22036
SPL,2026-06-01,700.2,708.9,876
LSL,2026-06-01,225.0,222.6,153894
SJCL,2026-06-01,300.6,296.2,17520
MBJC,2026-06-01,292.0,284.1,15878
PMHPL,2026-06-01,347.9,344.0,6492
GUFL,2026-06-01,543.1,527.9,7670
HEIP,2026-06-01,332.5,337.7,1638
BHL,2026-06-01,220.0,222.0,120478
JFL,2026-06-01,410.0,410.0,1067
KBL,2026-06-01,225.0,218.0,298425
PHCL,2026-06-01,319.0,310.2,72404
SMATA,2026-06-01,780.1,764.0,2941
NIMB,2026-06-01,200.0,197.8,112367
STC,2026-06-01,5548.0,5497.9,1142
JOSHI,2026-06-01,284.29,282.0,11960
ULHC,2026-06-01,476.0,467.0,18226
BHDC,2026-06-01,461.0,463.9,49026
UHEWA,2026-06-01,597.0,589.5,8739
NMBMF,2026-06-01,637.0,648.2,938
SGHC,2026-06-01,386.9,373.0,14252
KPCL,2026-06-01,500.9,493.0,5835
LEC,2026-06-01,233.0,224.1,125776
GRDBL,2026-06-01,1070.0,1068.9,5267
PMLI,2026-06-01,471.0,464.0,4629
MKHC,2026-06-01,328.0,326.0,13292
JSLBB,2026-06-01,1076.2,1078.1,126
GBIME,2026-06-01,242.0,240.6,100395
SBID89,2026-06-01,1150.0,1150.0,25
GMFIL,2026-06-01,469.0,467.9,17696
RSY,2026-06-01,10.03,10.17,3600
MKJC,2026-06-01,509.0,501.0,6898
CIT,2026-06-01,1860.0,1778.7,4718
RFPL,2026-06-01,400.0,375.0,47616
UNHPL,2026-06-01,439.0,436.8,29503
SGIC,2026-06-01,465.0,479.9,86103
SMJC,2026-06-01,497.7,465.0,15141
SARBTM,2026-06-01,855.1,868.0,7386
NBL,2026-06-01,260.1,268.0,63826
SFEF,2026-06-01,10.0,10.12,800
NFS,2026-06-01,572.0,570.0,8873
SPIL,2026-06-01,700.0,724.0,6721
UNL,2026-06-01,46600.0,46600.0,10
MBL,2026-06-01,257.0,251.0,95972
SANVI,2026-06-01,705.0,706.0,15053
PPL,2026-06-01,342.8,353.7,20191
PRSF,2026-06-01,13.4,12.97,86300
NICL,2026-06-01,510.0,524.7,69095
NUBL,2026-06-01,669.0,655.0,2429
MLBBL,2026-06-01,1200.0,1198.0,492
AKPL,2026-06-01,279.0,271.9,106989
DHPL,2026-06-01,312.0,308.0,11323
HFIN,2026-06-01,988.1,955.0,51409
RMF2,2026-06-01,10.1,10.11,600
HEI,2026-06-01,540.0,548.0,31857
RHGCL,2026-06-01,306.6,298.0,37848
PRIN,2026-06-01,700.0,682.9,25728
EBLD91,2026-06-01,1065.1,1070.1,50
IGI,2026-06-01,450.0,449.5,44348
NICAD2091,2026-06-01,1060.0,1065.0,60
CYCL,2026-06-01,1495.0,1478.0,165
NLG,2026-06-01,580.0,600.0,44349
NIL,2026-06-01,650.0,647.7,30818
NYADI,2026-06-01,393.0,392.0,8295
NBF3,2026-06-01,9.7,9.99,6401
HBL,2026-06-01,200.0,200.5,56188
JBLB,2026-06-01,1320.0,1295.0,5971
GHL,2026-06-01,238.0,239.0,57563
NICFC,2026-06-01,9.35,9.34,1600
ACLBSL,2026-06-01,975.0,950.0,663
SAGF,2026-06-01,10.0,10.15,2360
SHEL,2026-06-01,323.0,316.0,121580
DDBL,2026-06-01,847.0,850.0,4954
ADBL,2026-06-01,320.0,315.2,17306
SIPD,2026-06-01,825.0,797.0,26402
CORBL,2026-06-01,1991.0,2037.0,10784
SIGS2,2026-06-01,10.6,10.5,35000
MANDU,2026-06-01,830.0,820.0,1598
SYPNL,2026-06-01,1480.0,1454.0,58496
CBBL,2026-06-01,940.0,923.9,16794
UPCL,2026-06-01,360.0,367.7,53077
NIBLSTF,2026-06-01,9.13,9.34,4600
KBLD86,2026-06-01,1222.1,1222.1,25
MPFL,2026-06-01,609.0,610.2,17162
NLIC,2026-06-01,774.0,763.0,25151
SJLIC,2026-06-01,437.0,432.1,12456
GIBF1,2026-06-01,10.56,11.0,36300
SLCF,2026-06-01,10.2,10.0,5550
NICSF,2026-06-01,9.4,9.1,16000
CREST,2026-06-01,1400.0,1256.2,11858
HIDCL,2026-06-01,270.0,266.2,114009
SPHL,2026-06-01,543.0,544.0,18151
NTC,2026-06-01,855.0,864.0,111256
NICA,2026-06-01,348.0,344.1,111231
CGH,2026-06-01,803.0,797.0,22363
SMB,2026-06-01,1792.0,1702.0,2609
ICFCD89,2026-06-01,1085.0,1098.0,375
GBBD85,2026-06-01,1080.0,1085.0,50
ULBSL,2026-06-01,2827.5,2898.8,507
CMF2,2026-06-01,9.91,9.91,300
ILI,2026-06-01,445.0,444.0,5253
SIGS3,2026-06-01,11.2,11.2,1100
PROFL,2026-06-01,450.0,440.0,4075
USHL,2026-06-01,642.0,625.0,674
MKHL,2026-06-01,548.0,539.9,5370
BNHC,2026-06-01,335.0,330.1,1831
USLB,2026-06-01,1285.0,1268.0,321
SAIL,2026-06-01,1183.0,1117.0,26494
PBD88,2026-06-01,1200.0,1200.0,75
TAMOR,2026-06-01,508.2,466.0,89177
NHPC,2026-06-01,299.0,295.0,552680
SPC,2026-06-01,479.7,456.0,9611
SMFBS,2026-06-01,1505.0,1519.0,348
HDHPC,2026-06-01,231.0,224.2,272012
HIDCLP,2026-06-01,210.0,205.0,243393
HHL,2026-06-01,365.0,364.0,35351
GBIMESY2,2026-06-01,9.35,9.4,20000
DHEL,2026-06-01,630.0,623.0,36183
SFCL,2026-06-01,376.0,370.0,7788
ENL,2026-06-01,910.0,895.0,1252
HPPL,2026-06-01,383.9,376.5,26528
NICD88,2026-06-01,1078.1,1078.0,25
MKCL,2026-06-01,1275.0,1280.0,1462
HLI,2026-06-01,343.0,341.0,29026
MLBSL,2026-06-01,1819.0,1805.0,1485
GILB,2026-06-01,1147.0,1122.8,184
DOLTI,2026-06-01,362.0,349.9,40257
SHLB,2026-06-01,1480.0,1465.0,628
PPCL,2026-06-01,409.5,386.4,23230
HATHY,2026-06-01,804.0,786.0,2931
PBD84,2026-06-01,1070.2,1070.2,30
USHEC,2026-06-01,520.0,511.5,27002
FMDBL,2026-06-01,831.6,788.0,12912
DORDI,2026-06-01,284.0,276.0,38922
GBBL,2026-06-01,433.0,419.0,27973
GMLI,2026-06-01,1282.0,1307.9,3393
KKHC,2026-06-01,267.0,267.5,55382
PCIL,2026-06-01,815.0,803.7,63106
BPCL,2026-06-01,700.0,681.9,23940
MLBS,2026-06-01,1255.0,1276.0,90
MEL,2026-06-01,248.0,242.0,9787
RADHI,2026-06-01,772.0,770.0,49919
NBLD82,2026-06-01,1060.0,1065.0,300
GLBSL,2026-06-01,1800.0,1791.2,367
PFL,2026-06-01,380.1,369.0,4840
PSF,2026-06-01,12.5,12.01,27900
MAKAR,2026-06-01,510.0,499.0,9064
CHCL,2026-06-01,507.6,491.9,68793
RNLI,2026-06-01,468.0,466.0,8701
SEF,2026-06-01,9.97,10.2,2980
SIKLES,2026-06-01,610.0,600.0,7434
NMFBS,2026-06-01,1149.0,1136.0,3711
UAIL,2026-06-01,447.0,464.0,58509
NICLBSL,2026-06-01,590.0,576.0,7986
SICL,2026-06-01,635.0,635.5,11535
HDL,2026-06-01,1175.0,1165.0,24220
NMIC,2026-06-01,1040.0,1053.9,6354
GBLBS,2026-06-01,772.1,773.9,3722
NMB,2026-06-01,249.4,246.0,56086
NBLD85,2026-06-01,1085.0,1090.0,125
RSDC,2026-06-01,650.1,659.2,4612
BARUN,2026-06-01,353.0,343.1,33356
MLBLPO,2026-06-01,201.0,201.0,33138
RHPL,2026-06-01,295.0,277.5,18505
BJHL,2026-06-01,936.0,911.0,13674
SHPC,2026-06-01,521.1,517.2,40799
ICFCD88,2026-06-01,1145.0,1145.0,25
LICN,2026-06-01,818.0,813.0,3769
PURE,2026-06-01,959.0,924.0,17923
NIMBPO,2026-06-01,149.0,149.0,1845
MDB,2026-06-01,602.0,603.8,3224
MCHL,2026-06-01,319.0,316.9,5113
EBLD85,2026-06-01,1140.1,1153.1,50
NIFRA,2026-06-01,269.0,264.0,63393
CBLD88,2026-06-01,1194.8,1225.0,50
UMHL,2026-06-01,593.0,577.0,15649
NICGF2,2026-06-01,9.43,9.58,4137
NIFRAGED,2026-06-01,1050.0,1050.0,25
MHNL,2026-06-01,275.0,268.0,24317
C30MF,2026-06-01,10.2,10.1,673658
AHL,2026-06-01,508.0,500.0,7729
GCIL,2026-06-01,439.0,430.0,25974
NBBD2085,2026-06-01,1123.0,1123.0,25
NMBD89/90,2026-06-01,1315.0,1315.0,20
NSIF2,2026-06-01,11.1,10.8,1400
SMH,2026-06-01,602.0,592.0,6959
EBL,2026-06-01,715.0,709.5,15926
LBBL,2026-06-01,491.0,486.0,29017
HLICF,2026-06-01,9.0,8.9,7200
CHDC,2026-06-01,2360.0,2285.0,5932
SSHL,2026-06-01,220.0,215.2,153154
HIMSTAR,2026-06-01,858.4,860.0,5836
MHL,2026-06-01,496.0,499.9,4455
JBBL,2026-06-01,360.0,357.9,32012
HLBSL,2026-06-01,860.0,890.0,1248
MERO,2026-06-01,729.0,719.0,1845
NLICL,2026-06-01,564.3,588.7,16137
NRM,2026-06-01,397.5,373.0,28761
OHL,2026-06-01,700.0,690.0,302
CLI,2026-06-01,450.0,455.0,16729
NMLBBL,2026-06-01,595.0,585.0,4054
SBID83,2026-06-01,1062.2,1062.2,25
OMPL,2026-06-01,1185.0,1161.0,1798
ILBS,2026-06-01,900.0,924.9,1842
CKHL,2026-06-01,729.7,675.0,1706
API,2026-06-01,370.0,355.4,405037
TRH,2026-06-01,768.0,767.0,5898
SCB,2026-06-01,658.0,656.0,7325
TTL,2026-06-01,849.7,819.0,18527
SNLI,2026-06-01,457.0,456.5,27334
MATRI,2026-06-01,882.0,896.5,1325
RURU,2026-06-01,660.0,657.0,5524
SABBL,2026-06-01,1250.0,1196.0,13618
GSY,2026-06-01,9.93,10.02,9250
SKHEL,2026-06-01,1290.0,1239.9,10425
NIBSF2,2026-06-01,9.31,9.04,10400
KMCDB,2026-06-01,861.5,863.9,775
EDBL,2026-06-01,572.2,579.0,3805
SAHAS,2026-06-01,687.0,672.0,227667
KHPL,2026-06-01,375.3,433.3,150
KBLD90,2026-06-01,1235.0,1235.0,25
NMB50,2026-06-01,10.84,10.86,505
NRIC,2026-06-01,956.5,1047.6,361857
AVYAN,2026-06-01,1167.8,1115.0,2427
MBLEF,2026-06-01,9.95,10.04,11200
CSY,2026-06-01,9.14,9.4,6930
NMBHF2,2026-06-01,9.6,9.64,2000
CCBD88,2026-06-01,1250.0,1250.0,100
ALBSL,2026-06-01,1100.0,1093.0,6984
KBSH,2026-06-01,1650.0,1601.0,22
ADBLD83,2026-06-01,1051.9,1051.9,25
CZBIL,2026-06-01,206.0,202.4,62548
SWBBL,2026-06-01,785.4,733.0,18489
GLH,2026-06-01,271.0,268.0,29317
MMKJL,2026-06-01,530.0,510.0,7398
SINDU,2026-06-01,734.3,730.0,12057
SALICO,2026-06-01,590.0,607.2,11785
SHIVM,2026-06-01,686.0,671.1,184121
SHINED,2026-06-01,1106.0,1106.0,25
AHPC,2026-06-01,290.0,281.5,113904
H8020,2026-06-01,12.0,11.99,19550
NBF2,2026-06-01,9.98,10.1,11592
NIBLGF,2026-06-01,9.24,9.12,850
BNT,2026-06-01,11895.0,11834.0,30
MFLD85,2026-06-01,1064.0,1100.0,21
SKHL,2026-06-01,975.1,930.1,22605
NABIL,2026-06-01,537.0,534.0,44350
RLFL,2026-06-01,443.8,432.0,2109
TSHL,2026-06-01,632.1,578.0,3609
IHL,2026-06-01,428.0,410.9,36340
HURJA,2026-06-01,260.0,255.3,102023
ICFCD83,2026-06-01,1114.0,1114.0,27
SBLD84,2026-06-01,1067.0,1045.0,109020
TPC,2026-06-01,378.0,372.0,30407
MABEL,2026-06-01,773.0,731.0,29594
NGPL,2026-06-01,455.0,447.0,206497
SMHL,2026-06-01,510.0,504.9,36963
NIFRAUR85/86,2026-06-01,1041.8,1041.7,50
ANLB,2026-06-01,5900.0,5980.0,157
RMF1,2026-06-01,9.85,9.85,600
SKBBL,2026-06-01,780.0,768.0,3719
BEDC,2026-06-01,380.0,368.9,30421
VLBS,2026-06-01,685.0,684.0,3036
SWASTIK,2026-06-01,2380.0,2390.0,550
CHL,2026-06-01,290.1,292.0,15736
SAGAR,2026-06-01,1700.0,1678.1,6467
SRLI,2026-06-01,390.0,393.9,18486
BHPL,2026-06-01,538.0,523.3,6044
EBLEB89,2026-06-01,1082.0,1080.0,55
KSY,2026-06-01,9.56,9.67,2200
KDL,2026-06-01,836.0,823.5,930
SIFC,2026-06-01,543.0,534.9,9153
GBILD84/85,2026-06-01,1155.0,1155.0,25
CFCL,2026-06-01,513.0,534.0,48603
BANDIPUR,2026-06-01,850.0,825.0,37590
NHDL,2026-06-01,661.0,637.0,8782
DLBS,2026-06-01,1276.0,1275.5,113
MNBBL,2026-06-01,378.0,375.0,15713
HRL,2026-06-01,645.0,674.4,379125
BGWT,2026-06-01,657.0,658.0,72
MHCL,2026-06-01,360.0,350.0,3797
ALICL,2026-06-01,462.4,455.8,23886
RBBF40,2026-06-01,9.5,9.35,2400
NABBC,2026-06-01,935.0,921.0,3963
SBCF,2026-06-01,9.83,9.8,6625
RIDI,2026-06-01,376.0,365.0,481734
NWCL,2026-06-01,851.0,792.0,2188
SLBBL,2026-06-01,830.0,816.0,7545
RLEL,2026-06-01,1075.0,1025.0,18907
RSML,2026-06-01,3745.0,3670.0,26045
NIMBD90,2026-06-01,1225.0,1224.0,50
KSBBL,2026-06-01,494.1,491.0,26761
RBCL,2026-06-01,15555.0,15205.1,496
UPPER,2026-06-01,210.0,204.5,111220
BBC,2026-06-01,4600.0,4515.0,2775
KEF,2026-06-01,10.97,10.9,818052
MLBL,2026-06-01,370.0,364.0,15487
SLBSL,2026-06-01,1182.1,1185.1,433
WNLB,2026-06-01,1470.0,1431.0,153
NSY,2026-06-01,9.69,9.65,14500
SMPDA,2026-06-01,849.0,844.9,384
SBLD89,2026-06-01,1235.0,1272.0,26
SHL,2026-06-01,506.0,510.0,22177
NADEP,2026-06-01,756.0,752.6,1421
BFC,2026-06-01,458.0,455.9,10202
GMFBS,2026-06-01,1272.1,1295.0,851
SANIMA,2026-06-01,368.0,369.0,87556
RBCLPO,2026-06-01,11800.1,11900.1,65
JHAPA,2026-06-01,1525.0,1480.0,15545
CIZBD90,2026-06-01,1210.0,1266.9,110
API,2026-05-27,360.0,364.0,577850
KSY,2026-05-27,9.74,9.83,8050
CKHL,2026-05-27,674.0,695.0,1620
GSY,2026-05-27,9.99,9.99,2600
UPPER,2026-05-27,199.0,207.7,173321
PBD84,2026-05-27,1140.0,1084.0,225
SPL,2026-05-27,696.0,714.0,1279
SBLD2091,2026-05-27,1066.0,1061.0,50
SBID89,2026-05-27,1145.2,1150.0,65
SBI,2026-05-27,396.5,400.0,64515
HRL,2026-05-27,659.8,650.0,66358
RMF2,2026-05-27,9.81,10.4,900
NESDO,2026-05-27,1565.0,1563.0,386
TRH,2026-05-27,751.0,761.0,2428
HBLD86,2026-05-27,1177.0,1154.3,5380
IGI,2026-05-27,444.0,440.0,11046
LVF2,2026-05-27,10.0,10.0,3900
MAKAR,2026-05-27,482.5,510.0,9660
SKHL,2026-05-27,942.4,975.1,36368
PMLI,2026-05-27,462.3,469.6,1759
SWMF,2026-05-27,670.0,674.0,3538
PURE,2026-05-27,980.0,969.0,11438
HBL,2026-05-27,202.1,204.9,42132
NRM,2026-05-27,390.0,393.3,35938
GHL,2026-05-27,257.0,245.0,49929
NIMBD90,2026-05-27,1223.0,1218.0,53
NADEP,2026-05-27,745.0,756.0,1017
NBLD87,2026-05-27,1110.1,1110.1,80
LUK,2026-05-27,10.3,10.15,6700
KSBBL,2026-05-27,482.2,493.0,65923
RSY,2026-05-27,10.26,10.22,38847
MSHL,2026-05-27,707.0,694.0,1422
AKPL,2026-05-27,259.6,276.5,113753
BEDC,2026-05-27,395.0,378.6,23336
CMF2,2026-05-27,10.24,10.2,5009
HLBSL,2026-05-27,889.0,881.0,197
BHPL,2026-05-27,521.1,538.7,15374
ICFC,2026-05-27,623.0,629.7,8482
SYPNL,2026-05-27,1460.0,1490.0,50124
HIDCLP,2026-05-27,207.0,208.8,135621
GFCL,2026-05-27,622.1,623.0,11040
SAIL,2026-05-27,1083.0,1139.0,23109
SALICO,2026-05-27,597.0,598.0,1492
NIFRA,2026-05-27,269.9,269.0,93897
RBCLPO,2026-05-27,11990.0,12162.0,200
GMLI,2026-05-27,1322.9,1282.0,1267
SANIMA,2026-05-27,368.0,368.0,192221
AKJCL,2026-05-27,422.9,440.0,1635606
SBIBD86,2026-05-27,1127.5,1127.4,35
EBLD86,2026-05-27,1090.0,1060.0,3162
TPC,2026-05-27,382.6,379.9,36065
LBLD86,2026-05-27,1144.0,1208.0,16
SHEL,2026-05-27,320.9,322.8,139850
CYCL,2026-05-27,1480.0,1470.0,714
NIBLGF,2026-05-27,9.78,9.32,3150
NBBD2085,2026-05-27,1127.0,1103.0,425
NHDL,2026-05-27,651.7,642.2,1195
NMFBS,2026-05-27,1155.0,1140.0,3403
NIBSF2,2026-05-27,9.19,9.58,5950
MEHL,2026-05-27,385.0,380.0,3553
SLCF,2026-05-27,10.05,10.17,30400
MFLD85,2026-05-27,1120.7,1064.0,10697
LEC,2026-05-27,242.2,233.5,124707
GCIL,2026-05-27,431.0,439.0,79744
ANLB,2026-05-27,5760.0,5969.9,154
RIDI,2026-05-27,365.0,376.0,1144591
TTL,2026-05-27,844.1,851.6,18948
CLI,2026-05-27,456.8,458.0,10262
BARUN,2026-05-27,353.0,352.0,49801
LSL,2026-05-27,226.9,225.0,124190
UNHPL,2026-05-27,430.0,440.1,88413
SABBL,2026-05-27,1291.0,1220.0,10696
SICL,2026-05-27,609.1,619.9,5296
SMPDA,2026-05-27,840.0,845.0,2676
RFPL,2026-05-27,380.0,381.0,22090
MEN,2026-05-27,613.0,620.0,146579
CORBL,2026-05-27,2000.0,1991.0,17133
BGWT,2026-05-27,657.0,673.0,1531
SIPD,2026-05-27,791.1,830.0,22973
NICGF2,2026-05-27,9.8,9.72,1600
BNHC,2026-05-27,343.4,338.2,5946
DOLTI,2026-05-27,357.5,362.0,87464
LLBS,2026-05-27,936.0,955.0,168
SEF,2026-05-27,10.3,10.2,57000
HATHY,2026-05-27,800.0,800.0,5632
SIKLES,2026-05-27,600.0,609.0,14149
SWBBL,2026-05-27,780.0,748.0,3812
SJCL,2026-05-27,300.0,300.6,36963
OMPL,2026-05-27,1175.0,1195.0,2328
MSLB,2026-05-27,1235.0,1256.0,1124
BBC,2026-05-27,4879.0,4836.0,391
BPCL,2026-05-27,731.0,696.9,27370
ENL,2026-05-27,855.0,894.0,891
RNLI,2026-05-27,465.0,468.2,9758
MMKJL,2026-05-27,520.0,531.0,20298
DLBS,2026-05-27,1313.0,1315.0,1900
CHL,2026-05-27,298.0,298.0,37409
JBBLPO,2026-05-27,181.4,181.4,12516
AHPC,2026-05-27,284.5,287.5,120647
MERO,2026-05-27,717.0,729.0,4120
SIGS2,2026-05-27,10.9,10.71,23015
HFIN,2026-05-27,1010.0,988.1,41839
LBBL,2026-05-27,491.0,490.8,54662
NICA,2026-05-27,354.0,350.5,56407
NRIC,2026-05-27,922.0,911.0,16816
NLICL,2026-05-27,591.0,594.0,20475
KBLD86,2026-05-27,1185.0,1257.0,10
SMATA,2026-05-27,795.0,773.0,5730
TSHL,2026-05-27,610.0,602.5,2333
NICL,2026-05-27,501.1,510.0,10260
KBSH,2026-05-27,1637.0,1617.9,520
MHL,2026-05-27,504.0,506.5,10989
MLBSL,2026-05-27,1830.0,1819.0,462
PCIL,2026-05-27,800.0,820.0,66085
CSY,2026-05-27,9.31,9.35,1710
NMB50,2026-05-27,10.57,10.84,600
MKHL,2026-05-27,559.0,552.0,3047
NICSF,2026-05-27,9.07,9.32,4925
SIGS3,2026-05-27,11.11,11.2,29832
MND84/85,2026-05-27,1075.0,1061.0,804
DHPL,2026-05-27,309.0,306.0,2313
GBBD85,2026-05-27,1085.0,1085.0,10
CITY,2026-05-27,390.0,384.9,161793
MBLD2085,2026-05-27,1164.0,1129.1,25
NMBD2085,2026-05-27,1160.0,1160.0,50
NWCL,2026-05-27,805.7,811.1,885
HIDCL,2026-05-27,275.0,274.0,92338
BUNGAL,2026-05-27,702.0,841.0,197734
KKHC,2026-05-27,282.4,267.0,41702
VLBS,2026-05-27,685.0,690.0,2734
H8020,2026-05-27,11.75,12.25,37450
NSY,2026-05-27,9.46,9.69,5000
EBLD85,2026-05-27,1160.0,1160.0,50
VLUCL,2026-05-27,513.0,499.0,9721
NIBLSTF,2026-05-27,9.16,9.33,3810
ULHC,2026-05-27,478.0,475.1,11843
ICFCD89,2026-05-27,1095.0,1090.0,80
KEF,2026-05-27,10.98,11.0,263899
RSML,2026-05-27,3969.0,3745.0,22770
PRIN,2026-05-27,669.0,667.8,4490
MKHC,2026-05-27,337.0,334.4,27800
RBBF40,2026-05-27,9.3,9.61,10000
GIBF1,2026-05-27,10.8,10.87,19450
NUBL,2026-05-27,658.0,665.0,2990
RAWA,2026-05-27,580.0,584.0,789
MFIL,2026-05-27,780.0,791.0,18374
CBLD88,2026-05-27,1213.0,1160.0,2084
PBLD87,2026-05-27,1120.0,1120.0,50
GLH,2026-05-27,278.0,276.1,44978
SRLI,2026-05-27,397.3,393.0,27121
KBL,2026-05-27,209.4,221.3,261078
MPFL,2026-05-27,616.2,620.9,9601
RHGCL,2026-05-27,312.0,306.6,50694
NICAD2091,2026-05-27,1051.5,1065.0,50
AVYAN,2026-05-27,1136.0,1135.0,5837
BHCL,2026-05-27,620.0,600.0,159635
SPC,2026-05-27,462.0,468.8,6865
SMH,2026-05-27,604.0,602.0,13224
MLBBL,2026-05-27,1195.0,1200.0,1014
RLFL,2026-05-27,444.9,436.2,10965
KPCL,2026-05-27,509.1,501.4,4194
SONA,2026-05-27,445.0,463.1,49677
RSDC,2026-05-27,675.2,665.0,3529
BHDC,2026-05-27,471.0,475.0,53466
SIFC,2026-05-27,548.0,543.0,8283
FOWAD,2026-05-27,1041.0,1062.0,1114
SPHL,2026-05-27,520.0,547.0,7082
BNL,2026-05-27,14551.0,14551.0,10
JBLB,2026-05-27,1374.4,1313.8,3953
HDHPC,2026-05-27,228.1,230.8,337758
MBL,2026-05-27,254.0,253.2,135690
SKBBL,2026-05-27,767.3,770.0,7661
SFEF,2026-05-27,10.2,10.1,2221
NABBC,2026-05-27,960.0,960.0,4892
ALICL,2026-05-27,455.0,454.0,14187
MLBS,2026-05-27,1289.0,1290.0,320
CHCL,2026-05-27,510.3,483.6,61148
UNL,2026-05-27,47250.0,47100.0,20
GMFIL,2026-05-27,475.0,464.5,4605
ADBL,2026-05-27,322.29,320.0,50166
UPCL,2026-05-27,378.0,375.8,66741
HIMSTAR,2026-05-27,894.0,884.9,7842
SAPDBL,2026-05-27,780.6,808.3,27880
NICLBSL,2026-05-27,580.0,579.9,8337
NABILD87,2026-05-27,1133.1,1133.1,25
UNLB,2026-05-27,1400.0,1405.0,1478
PRSF,2026-05-27,12.92,13.05,149815
GVL,2026-05-27,502.0,499.6,23220
USHL,2026-05-27,660.0,634.6,1697
MHCL,2026-05-27,358.5,360.0,2517
NMBMF,2026-05-27,635.0,637.0,2557
SNLI,2026-05-27,455.0,456.8,19993
GBILD84/85,2026-05-27,1155.0,1155.0,25
MDB,2026-05-27,610.0,612.4,4898
KDBY,2026-05-27,11.47,11.51,477100
ICFCD88,2026-05-27,1145.0,1145.0,25
GBBL,2026-05-27,419.0,421.0,28276
NRN,2026-05-27,1409.0,1397.0,52693
NICBF,2026-05-27,9.7,9.7,5365
LBBLD89,2026-05-27,1245.0,1280.0,51
ALBSL,2026-05-27,1108.0,1128.9,6799
MKJC,2026-05-27,509.5,512.6,9478
SFCL,2026-05-27,379.9,377.5,3397
ADBLD83,2026-05-27,1050.7,1051.8,125
NBL,2026-05-27,257.5,273.7,59175
MLBL,2026-05-27,366.0,369.9,15867
EHPL,2026-05-27,405.0,402.0,12909
RHPL,2026-05-27,285.0,283.0,17437
PBD88,2026-05-27,1215.0,1215.0,25
DHEL,2026-05-27,693.0,640.0,39042
SANVI,2026-05-27,695.4,724.9,26684
EBLD91,2026-05-27,1100.0,1090.0,165
RMF1,2026-05-27,10.0,9.85,14610
KMCDB,2026-05-27,850.0,874.9,316
SMB,2026-05-27,1746.0,1749.0,424
GMFBS,2026-05-27,1346.9,1308.9,580
CHDC,2026-05-27,2290.0,2314.0,12374
DDBL,2026-05-27,845.0,852.0,7913
HLICF,2026-05-27,8.8,9.0,24670
MBJC,2026-05-27,284.1,291.9,19196
CREST,2026-05-27,1234.0,1350.0,26431
NBF2,2026-05-27,10.0,10.19,66915
C30MF,2026-05-27,9.92,10.19,1900
MKCL,2026-05-27,1295.0,1296.0,1071
ILBS,2026-05-27,938.0,938.0,8101
PCBL,2026-05-27,246.0,247.0,49594
EBL,2026-05-27,714.0,712.0,23103
GBIMESY2,2026-05-27,9.3,9.35,13000
PSF,2026-05-27,12.3,12.54,14250
CIZBD90,2026-05-27,1191.7,1195.0,1444
GBLBS,2026-05-27,776.0,784.0,4096
JFL,2026-05-27,405.2,412.0,2094
MABEL,2026-05-27,740.0,736.4,37564
ACLBSL,2026-05-27,945.1,966.6,279
NFS,2026-05-27,572.2,570.0,6610
CIT,2026-05-27,1777.0,1779.0,6163
SGIC,2026-05-27,442.7,465.4,22687
DORDI,2026-05-27,285.0,284.0,35516
NGPL,2026-05-27,455.0,455.5,345642
SWASTIK,2026-05-27,2399.0,2390.0,324
GILB,2026-05-27,1132.0,1140.0,475
SLBSL,2026-05-27,1210.0,1216.5,131
RADHI,2026-05-27,795.0,785.0,91971
GRDBL,2026-05-27,1062.0,1086.0,7912
NMIC,2026-05-27,1065.0,1049.8,4242
SLBBL,2026-05-27,826.9,833.9,2191
PPCL,2026-05-27,395.0,390.0,27569
NICFC,2026-05-27,9.35,9.59,12400
HEIP,2026-05-27,323.0,323.0,80
NABILD2089,2026-05-27,1102.0,1102.0,25
BANDIPUR,2026-05-27,905.0,854.7,34430
SOHL,2026-05-27,690.0,676.0,203385
NBLD85,2026-05-27,1084.0,1085.0,40125
PRVU,2026-05-27,200.0,200.4,69059
MHNL,2026-05-27,274.0,273.9,11115
PROFL,2026-05-27,454.9,441.0,3077
NTC,2026-05-27,904.0,900.0,14697
NIMB,2026-05-27,210.0,200.6,132132
NMLBBL,2026-05-27,586.1,590.0,7313
SAHAS,2026-05-27,716.6,687.0,198887
SKHEL,2026-05-27,1280.0,1270.0,11714
NLIC,2026-05-27,770.1,774.2,11818
SMJC,2026-05-27,480.0,474.0,40229
KHPL,2026-05-27,326.7,376.8,60
SMFBS,2026-05-27,1510.0,1520.0,490
MATRI,2026-05-27,890.0,882.0,829
SSHL,2026-05-27,224.8,222.3,162919
CFCL,2026-05-27,512.0,504.9,9756
PMHPL,2026-05-27,358.5,349.0,9150
NMBHF2,2026-05-27,9.6,9.64,155600
TAMOR,2026-05-27,476.0,484.0,123162
JSLBB,2026-05-27,1080.2,1085.1,386
GBIME,2026-05-27,239.0,240.4,79208
PBD85,2026-05-27,1082.0,1063.0,650
BHL,2026-05-27,238.1,227.0,116141
NSIF2,2026-05-27,10.73,10.83,143680
NABIL,2026-05-27,538.7,537.0,68884
CGH,2026-05-27,800.0,804.9,18478
SBCF,2026-05-27,9.77,9.83,7450
SHL,2026-05-27,508.0,511.0,20202
BOKD86,2026-05-27,1086.0,1086.0,175
LICN,2026-05-27,815.0,818.0,7644
BJHL,2026-05-27,971.0,936.0,13194
NIL,2026-05-27,633.4,632.0,5380
HLI,2026-05-27,342.0,342.6,30755
FMDBL,2026-05-27,789.1,792.0,18532
JOSHI,2026-05-27,289.9,288.0,8464
GUFL,2026-05-27,544.0,538.0,6920
UAIL,2026-05-27,440.0,445.0,7626
SADBL,2026-05-27,432.0,414.9,35172
NBF3,2026-05-27,9.98,9.98,8050
NHPC,2026-05-27,280.0,301.0,1073288
MCHL,2026-05-27,318.4,322.9,8972
SAGF,2026-05-27,10.2,10.2,3300
JHAPA,2026-05-27,1480.0,1525.0,22792
RURU,2026-05-27,650.0,669.9,11618
SINDU,2026-05-27,718.0,750.0,35691
SBL,2026-05-27,400.0,405.0,123803
AHL,2026-05-27,530.2,507.7,4640
CCBD88,2026-05-27,1253.0,1253.0,25
GLBSL,2026-05-27,1832.0,1822.0,132
SGHC,2026-05-27,379.0,380.0,10937
PFL,2026-05-27,382.9,376.5,3344
NIFRAGED,2026-05-27,1062.0,1054.0,213
SHPC,2026-05-27,514.5,528.7,76745
MMF1,2026-05-27,9.32,9.48,15997
SBLD89,2026-05-27,1255.0,1255.0,25
MNBBL,2026-05-27,376.5,376.0,33110
NMB,2026-05-27,251.0,249.4,43585
PHCL,2026-05-27,308.0,311.0,65556
UMRH,2026-05-27,559.0,555.0,14968
EDBL,2026-05-27,578.9,582.8,6023
MEL,2026-05-27,235.0,248.0,19013
SHIVM,2026-05-27,695.0,685.0,105545
STC,2026-05-27,5587.3,5569.0,2908
OHL,2026-05-27,692.5,699.0,804
SAGAR,2026-05-27,1720.0,1702.1,9335
NYADI,2026-05-27,398.6,395.2,5751
HPPL,2026-05-27,389.5,385.0,34466
PPL,2026-05-27,360.0,360.8,50534
SMHL,2026-05-27,506.0,510.0,81252
NLG,2026-05-27,574.0,574.0,29737
CZBIL,2026-05-27,194.0,206.0,131100
TVCL,2026-05-27,560.0,540.0,21242
KDL,2026-05-27,835.0,835.5,1405
SARBTM,2026-05-27,875.0,869.0,11757
SHLB,2026-05-27,1549.0,1472.7,242
IHL,2026-05-27,447.0,428.0,57727
LBLD88,2026-05-27,1087.4,1063.0,359
HURJA,2026-05-27,262.1,262.4,78902
BFC,2026-05-27,463.9,459.4,5074
MBLEF,2026-05-27,10.0,10.23,121600
HEI,2026-05-27,547.6,536.0,8271
JBBL,2026-05-27,380.0,363.0,39504
SPIL,2026-05-27,718.5,720.0,4061
ULBSL,2026-05-27,2823.0,2914.9,666
MNMF1,2026-05-27,9.73,10.01,30730
ILI,2026-05-27,440.0,447.0,13287
RBCL,2026-05-27,15300.0,15635.0,640
SBD89,2026-05-27,1242.0,1195.0,90
USLB,2026-05-27,1280.0,1299.0,205
HHL,2026-05-27,351.5,369.0,56335
SPDL,2026-05-27,405.0,406.0,47517
MANDU,2026-05-27,820.0,830.0,687
SHINE,2026-05-27,419.0,418.0,21104
RLEL,2026-05-27,1027.1,1075.0,12266
WNLB,2026-05-27,1451.0,1470.0,555
USHEC,2026-05-27,524.0,524.0,42197
HDL,2026-05-27,1173.8,1175.0,25377
UHEWA,2026-05-27,607.0,602.1,17143
UMHL,2026-05-27,592.0,587.0,37948
SCB,2026-05-27,664.9,658.9,7085
SJLIC,2026-05-27,433.1,436.0,14913
CBBL,2026-05-27,923.0,929.0,15992
CFCL,2026-05-26,499.1,505.0,5191
NBF3,2026-05-26,9.93,9.98,13955
NICSF,2026-05-26,9.3,9.3,1310
ANLB,2026-05-26,5899.0,5890.0,358
MHNL,2026-05-26,275.0,274.0,3364
MEHL,2026-05-26,384.5,380.1,3498
HFIN,2026-05-26,971.0,1008.7,63585
BPCL,2026-05-26,704.0,697.0,22562
OMPL,2026-05-26,1162.1,1185.0,3124
BGWT,2026-05-26,670.0,669.0,1685
RURU,2026-05-26,668.0,667.0,7814
NMFBS,2026-05-26,1150.0,1140.2,7426
PFL,2026-05-26,386.9,378.0,2310
CBLD88,2026-05-26,1195.0,1195.0,25
API,2026-05-26,360.0,358.8,367226
CMF2,2026-05-26,10.0,10.24,15578
SIGS3,2026-05-26,10.8,11.11,6820
SPDL,2026-05-26,413.8,406.8,60503
MKJC,2026-05-26,499.0,505.9,3932
RMF2,2026-05-26,10.2,10.1,1900
SONA,2026-05-26,457.1,467.0,41145
ACLBSL,2026-05-26,979.0,950.0,1549
MAKAR,2026-05-26,485.5,507.8,10497
MABEL,2026-05-26,745.0,739.0,31141
KDL,2026-05-26,826.0,835.0,2064
PCIL,2026-05-26,854.0,839.9,41783
TAMOR,2026-05-26,461.0,476.0,200081
ILBS,2026-05-26,900.0,938.0,408
SMB,2026-05-26,1752.0,1746.0,493
PMLI,2026-05-26,471.0,465.2,4393
MLBBL,2026-05-26,1190.0,1196.0,700
CGH,2026-05-26,800.7,802.4,24069
ICFCD88,2026-05-26,1134.0,1135.0,50
SLCF,2026-05-26,10.01,10.05,2190
SADBL,2026-05-26,440.0,414.0,40333
BUNGAL,2026-05-26,730.0,732.1,101332
STC,2026-05-26,5975.0,5939.9,1740
NBF2,2026-05-26,10.15,10.0,5750
SAGF,2026-05-26,10.25,10.2,600
GCIL,2026-05-26,426.5,431.0,24661
AVYAN,2026-05-26,1090.6,1139.0,3573
NIMBPO,2026-05-26,150.5,152.9,9224
SKHEL,2026-05-26,1342.0,1303.9,6669
ALICL,2026-05-26,458.5,449.3,37205
SKHL,2026-05-26,1040.0,992.0,27924
HURJA,2026-05-26,269.0,262.1,97135
MSHL,2026-05-26,743.4,708.0,595
ICFC,2026-05-26,640.0,632.0,10589
MEN,2026-05-26,609.9,607.9,80421
RAWA,2026-05-26,614.3,580.5,1542
SYPNL,2026-05-26,1530.0,1495.0,35370
H8020,2026-05-26,11.84,12.0,20900
CHL,2026-05-26,296.0,296.8,12688
SWBBL,2026-05-26,780.0,743.0,4238
MLBL,2026-05-26,367.5,367.0,8922
RBCLPO,2026-05-26,11895.0,11895.0,20
UMHL,2026-05-26,575.0,583.0,73502
RADHI,2026-05-26,800.0,792.0,54061
PMHPL,2026-05-26,350.0,351.0,4201
DLBS,2026-05-26,1314.0,1313.0,670
NMBMF,2026-05-26,640.0,647.0,1407
MDB,2026-05-26,611.2,611.0,2527
SFEF,2026-05-26,10.15,10.38,5350
SGIC,2026-05-26,462.0,466.0,6406
CYCL,2026-05-26,1450.1,1470.0,518
SIFC,2026-05-26,545.0,546.9,9847
HLBSL,2026-05-26,883.1,887.0,146
JBBL,2026-05-26,380.0,364.9,22270
MNMF1,2026-05-26,9.72,9.8,35610
EBL,2026-05-26,719.0,712.6,21211
SMATA,2026-05-26,775.0,782.0,2649
SGHC,2026-05-26,389.0,379.0,17759
BARUN,2026-05-26,357.2,352.1,29521
SHL,2026-05-26,508.0,508.0,34537
SPHL,2026-05-26,508.0,547.1,34218
NMBD87/88,2026-05-26,1106.5,1106.5,15
NLICL,2026-05-26,586.0,591.0,8136
KSY,2026-05-26,9.61,9.74,400
SAIL,2026-05-26,1150.0,1140.0,23069
NICA,2026-05-26,358.9,347.3,108822
KDBY,2026-05-26,11.5,11.47,66860
RHPL,2026-05-26,290.0,284.0,15293
LSL,2026-05-26,228.0,225.8,80122
HIMSTAR,2026-05-26,900.0,894.0,7204
GFCL,2026-05-26,628.2,625.2,4957
HBL,2026-05-26,202.0,204.9,264075
JSLBB,2026-05-26,1084.0,1100.0,150
LEC,2026-05-26,238.0,233.4,47866
GBILD86/87,2026-05-26,1100.0,1125.0,1222
AKPL,2026-05-26,277.0,273.2,88036
NBLD85,2026-05-26,1085.0,1085.0,40000
SNLI,2026-05-26,450.0,452.0,5464
SBCF,2026-05-26,9.71,9.98,9300
GILB,2026-05-26,1130.8,1132.0,115
RFPL,2026-05-26,375.0,379.8,16879
UMRH,2026-05-26,554.5,552.0,13924
SFMF,2026-05-26,10.12,10.2,900
BHDC,2026-05-26,480.0,474.0,38693
NESDO,2026-05-26,1540.0,1557.0,1766
IHL,2026-05-26,448.0,443.0,32222
KBSH,2026-05-26,1500.0,1590.0,1184
ICFCD89,2026-05-26,1090.0,1100.0,350
NIBLSTF,2026-05-26,9.0,9.34,2150
BHPL,2026-05-26,543.8,528.3,4341
RHGCL,2026-05-26,307.0,313.9,185454
BEDC,2026-05-26,400.0,376.9,27283
PRVU,2026-05-26,202.0,200.0,237650
BANDIPUR,2026-05-26,864.0,862.0,46976
SAPDBL,2026-05-26,804.0,792.0,6441
CSY,2026-05-26,9.39,9.31,3500
SHLB,2026-05-26,1457.0,1549.0,340
LLBS,2026-05-26,931.2,936.2,635
NFS,2026-05-26,584.9,573.0,3355
GIBF1,2026-05-26,11.0,11.0,1000
HHL,2026-05-26,375.1,370.0,46235
SBL,2026-05-26,395.1,400.0,68773
NRIC,2026-05-26,921.0,916.8,14196
LUK,2026-05-26,10.3,10.2,1860
BHL,2026-05-26,239.5,226.8,80660
DHPL,2026-05-26,309.0,306.0,5291
MKHC,2026-05-26,340.0,337.0,40054
SCB,2026-05-26,664.8,659.8,12930
HIDCL,2026-05-26,272.0,272.9,51063
SMHL,2026-05-26,504.6,505.0,83084
USHL,2026-05-26,625.0,629.9,1650
UNLB,2026-05-26,1395.0,1405.0,690
CIT,2026-05-26,1772.0,1765.1,10803
NTC,2026-05-26,900.0,900.0,9795
SALICO,2026-05-26,592.0,596.0,2774
LICN,2026-05-26,815.1,815.0,12084
GRDBL,2026-05-26,1081.0,1075.0,12950
MBJC,2026-05-26,287.0,288.0,15357
SMFBS,2026-05-26,1515.1,1510.0,777
RBBF40,2026-05-26,9.4,9.31,9900
GLBSL,2026-05-26,1815.0,1832.0,734
NICGF2,2026-05-26,9.28,9.69,1800
HEIP,2026-05-26,317.0,331.0,530
NIFRAGED,2026-05-26,1050.0,1094.8,38
SINDU,2026-05-26,720.0,739.0,9112
SAGAR,2026-05-26,1740.0,1720.1,7836
HDL,2026-05-26,1170.0,1173.8,21622
GBILD84/85,2026-05-26,1155.0,1155.0,150
GVL,2026-05-26,491.1,497.0,17789
LBBLD89,2026-05-26,1260.0,1260.0,30
MMKJL,2026-05-26,519.9,513.0,5590
NIL,2026-05-26,616.1,627.0,11040
PPCL,2026-05-26,386.0,384.4,3473
NIBSF2,2026-05-26,9.15,9.46,6920
NICLBSL,2026-05-26,588.0,588.5,3821
GHL,2026-05-26,248.7,245.0,57043
DOLTI,2026-05-26,343.9,358.0,26644
NIMB,2026-05-26,200.1,200.7,77904
RLFL,2026-05-26,454.9,442.5,3991
MSLB,2026-05-26,1227.2,1243.5,603
DHEL,2026-05-26,670.0,660.0,26478
SSHL,2026-05-26,225.5,222.5,111832
SPIL,2026-05-26,706.1,718.5,2916
UHEWA,2026-05-26,599.8,606.0,25026
JHAPA,2026-05-26,1425.0,1500.0,23956
TRH,2026-05-26,763.0,765.0,2471
SBID83,2026-05-26,1063.9,1063.8,80
SIKLES,2026-05-26,580.0,603.2,13387
PHCL,2026-05-26,312.0,310.0,49170
BNHC,2026-05-26,342.0,338.0,2178
NMB,2026-05-26,248.0,248.0,138942
NRN,2026-05-26,1400.0,1400.0,33074
RLEL,2026-05-26,1080.0,1080.0,25424
EBLD86,2026-05-26,1077.3,1105.0,75
SAHAS,2026-05-26,671.5,682.5,209280
SPC,2026-05-26,469.0,467.0,1899
GBLBS,2026-05-26,781.0,780.9,2309
DDBL,2026-05-26,877.9,853.0,5810
SLBBL,2026-05-26,838.0,826.9,2886
ULBSL,2026-05-26,2870.1,2880.0,387
NLG,2026-05-26,585.0,583.9,3948
DORDI,2026-05-26,283.3,283.0,27315
NABBC,2026-05-26,948.0,941.9,3407
HBLPO,2026-05-26,115.0,115.0,217473
NICL,2026-05-26,514.7,506.0,7308
NRM,2026-05-26,361.0,399.9,67307
MANDU,2026-05-26,840.0,830.0,2377
ULHC,2026-05-26,485.0,478.1,16295
NABILD87,2026-05-26,1130.0,1150.0,50
CORBL,2026-05-26,2000.0,2082.0,33497
NADEP,2026-05-26,740.0,745.0,1440
NLIC,2026-05-26,776.0,768.2,44776
KEF,2026-05-26,10.72,10.99,140850
LVF2,2026-05-26,10.2,9.92,18733
EDBL,2026-05-26,590.9,584.9,3740
ILI,2026-05-26,438.3,442.0,19235
AHL,2026-05-26,505.0,505.0,3165
PROFL,2026-05-26,445.0,443.0,2330
AHPC,2026-05-26,275.0,284.2,82531
BNT,2026-05-26,11700.0,11889.0,24
SABBL,2026-05-26,1255.0,1230.0,12515
AKJCL,2026-05-26,413.0,422.9,1118022
NSY,2026-05-26,9.44,9.53,6100
RSY,2026-05-26,10.3,10.4,4600
TTL,2026-05-26,870.0,856.0,17174
GUFL,2026-05-26,532.0,539.0,6438
NABILD2089,2026-05-26,1100.0,1135.0,280
NABIL,2026-05-26,540.0,537.0,59432
ENL,2026-05-26,881.2,899.9,115
NHPC,2026-05-26,297.0,293.0,269806
KBL,2026-05-26,223.0,220.4,151759
SWMF,2026-05-26,665.0,670.0,2765
MNBBL,2026-05-26,376.0,375.0,12520
UAIL,2026-05-26,450.0,446.9,10757
CZBIL,2026-05-26,208.0,204.0,155590
GBIMESY2,2026-05-26,9.41,9.35,7399
EHPL,2026-05-26,403.0,405.0,26657
BNL,2026-05-26,14400.0,14832.0,40
FOWAD,2026-05-26,1067.5,1047.2,2165
RMF1,2026-05-26,9.8,10.05,3727
NYADI,2026-05-26,400.0,398.3,2982
CBBL,2026-05-26,925.0,923.0,20524
GMFIL,2026-05-26,480.0,469.0,539
MATRI,2026-05-26,892.0,892.0,260
TSHL,2026-05-26,630.0,604.8,6333
OHL,2026-05-26,700.0,696.0,2144
PBD88,2026-05-26,1209.0,1212.0,75
RSML,2026-05-26,3849.9,3780.0,18745
NGPL,2026-05-26,460.0,453.5,302816
USHEC,2026-05-26,522.8,524.0,31109
HLICF,2026-05-26,8.96,8.9,5450
SJLIC,2026-05-26,430.2,436.0,8334
JBLBP,2026-05-26,716.0,716.0,1140
PURE,2026-05-26,950.0,973.0,7675
CREST,2026-05-26,1238.0,1244.0,5460
NBL,2026-05-26,273.8,271.0,65939
HEI,2026-05-26,535.0,532.8,3179
SBI,2026-05-26,400.0,403.0,89264
GMLI,2026-05-26,1280.0,1298.0,2115
SHEL,2026-05-26,326.9,320.9,128101
HRL,2026-05-26,659.9,653.9,44432
CHCL,2026-05-26,491.8,486.0,39399
RIDI,2026-05-26,385.0,364.9,455186
SMJC,2026-05-26,465.7,488.0,98560
SEF,2026-05-26,9.91,10.19,24500
SMH,2026-05-26,600.0,601.7,12535
SLBSL,2026-05-26,1208.0,1210.0,357
HDHPC,2026-05-26,234.0,227.7,182820
NMBHF2,2026-05-26,9.68,9.64,5250
LBBL,2026-05-26,498.7,490.5,45007
GBIME,2026-05-26,238.0,239.0,70690
GBBL,2026-05-26,417.1,419.0,18498
NBLD87,2026-05-26,1123.9,1130.0,125
GMFBS,2026-05-26,1342.9,1311.0,1027
MFIL,2026-05-26,780.0,794.0,40934
NMLBBL,2026-05-26,585.0,588.0,5150
SICL,2026-05-26,622.0,615.1,7896
UPPER,2026-05-26,212.0,207.7,105888
JOSHI,2026-05-26,293.8,286.0,12959
KHPL,2026-05-26,300.0,327.7,40
NIBD84,2026-05-26,1051.1,1048.0,96803
KPCL,2026-05-26,504.9,500.0,4935
SMPDA,2026-05-26,855.0,846.0,1332
KKHC,2026-05-26,285.6,269.0,30801
NMIC,2026-05-26,1111.9,1045.0,2240
HLI,2026-05-26,345.0,341.8,24916
SHPC,2026-05-26,524.2,525.0,33398
SOHL,2026-05-26,699.0,692.8,115317
SJCL,2026-05-26,305.0,303.0,21787
NSIF2,2026-05-26,10.8,10.72,2424
PCBL,2026-05-26,244.9,245.7,41581
BFC,2026-05-26,469.0,461.0,5324
MHCL,2026-05-26,360.0,362.0,5393
GSY,2026-05-26,9.93,9.99,9120
C30MF,2026-05-26,10.1,10.0,200330
SDBD87,2026-05-26,1125.0,1132.0,50
RSDC,2026-05-26,670.0,675.0,3200
MKCL,2026-05-26,1291.0,1290.0,1302
NUBL,2026-05-26,659.0,658.0,1467
MHL,2026-05-26,512.0,505.1,7260
ALBSL,2026-05-26,1125.0,1127.0,2556
RNLI,2026-05-26,465.5,469.4,18142
SHINE,2026-05-26,418.0,416.5,7355
SBD87,2026-05-26,1110.0,1115.0,80
WNLB,2026-05-26,1454.0,1495.0,556
EBLD91,2026-05-26,1100.0,1098.0,105
MLBS,2026-05-26,1289.0,1289.0,120
SARBTM,2026-05-26,874.1,865.1,10195
FMDBL,2026-05-26,803.8,786.1,26463
JBLB,2026-05-26,1310.0,1309.0,2993
CLI,2026-05-26,455.0,457.0,20764
MBLEF,2026-05-26,9.97,10.03,23445
HATHY,2026-05-26,816.0,800.0,5323
SHIVM,2026-05-26,692.0,689.0,136734
PRSF,2026-05-26,12.86,12.92,455400
NWCL,2026-05-26,820.0,810.2,895
MLBSL,2026-05-26,1810.0,1801.0,825
SPL,2026-05-26,718.0,710.0,940
BHCL,2026-05-26,600.0,614.0,180134
CHDC,2026-05-26,2360.2,2292.0,13128
SWASTIK,2026-05-26,2401.0,2400.0,440
UNHPL,2026-05-26,425.0,439.0,122081
NIBLGF,2026-05-26,9.4,9.5,13350
MCHL,2026-05-26,324.0,322.0,4763
NICBF,2026-05-26,9.75,9.75,12300
KSBBL,2026-05-26,498.9,490.0,80891
TPC,2026-05-26,382.0,381.0,16826
NMB50,2026-05-26,10.62,10.84,425
GBBD85,2026-05-26,1080.2,1100.0,55
BJHL,2026-05-26,961.0,971.0,8638
CITY,2026-05-26,382.0,389.0,120258
MEL,2026-05-26,252.2,242.0,13513
UPCL,2026-05-26,378.0,375.0,37681
PSF,2026-05-26,12.2,12.3,2400
JFL,2026-05-26,413.2,408.0,4388
SANIMA,2026-05-26,372.9,367.0,39300
ADBL,2026-05-26,318.0,316.7,14963
PRIN,2026-05-26,665.0,664.9,7881
KMCDB,2026-05-26,884.0,872.0,2007
SANVI,2026-05-26,725.0,732.0,24076
SRLI,2026-05-26,397.0,392.6,102945
MKHL,2026-05-26,555.0,558.0,1566
UNL,2026-05-26,47000.0,47100.0,50
IGI,2026-05-26,440.0,438.5,6083
PPL,2026-05-26,370.0,365.8,29222
SKBBL,2026-05-26,777.0,769.0,6556
RBCL,2026-05-26,15200.0,15347.7,885
NICFC,2026-05-26,9.27,9.55,4000
HIDCLP,2026-05-26,209.0,207.0,240707
HPPL,2026-05-26,387.0,384.9,17119
VLUCL,2026-05-26,500.0,498.2,1260
CKHL,2026-05-26,675.0,694.0,1585
TVCL,2026-05-26,514.0,560.0,16170
SFCL,2026-05-26,378.0,378.0,2281
MLBLPO,2026-05-26,201.0,201.0,59800
MPFL,2026-05-26,628.9,619.9,7880
BBC,2026-05-26,4800.0,4810.0,200
NIFRA,2026-05-26,255.5,266.7,65680
NICAD2091,2026-05-26,1061.0,1084.0,264
MMF1,2026-05-26,9.29,9.55,12200
MBL,2026-05-26,255.0,254.0,97437
MERO,2026-05-26,723.0,717.0,3550
SIGS2,2026-05-26,10.49,10.82,18972
NHDL,2026-05-26,660.0,633.0,4275
USLB,2026-05-26,1270.0,1280.0,1024
VLBS,2026-05-26,690.0,695.0,2576
SIPD,2026-05-26,848.0,832.0,15181
GLH,2026-05-26,278.9,277.0,22676
MHCL,2026-05-25,370.0,367.0,6214
SHL,2026-05-25,501.5,508.0,37226
NMBD87/88,2026-05-25,1090.5,1090.5,25
NMFBS,2026-05-25,1117.0,1150.0,8343
SHEL,2026-05-25,315.0,323.8,209293
DORDI,2026-05-25,277.1,283.1,60697
AVYAN,2026-05-25,1082.1,1148.0,5884
RIDI,2026-05-25,368.0,367.0,809824
ADBLD83,2026-05-25,1051.9,1051.9,25
NBF2,2026-05-25,9.95,9.96,7950
SWBBL,2026-05-25,778.1,753.9,5582
HIDCLP,2026-05-25,209.2,209.0,196436
SHIVM,2026-05-25,684.0,693.0,159487
STC,2026-05-25,5863.0,5958.0,964
NIMBD90,2026-05-25,1245.0,1245.0,25
NMBHF2,2026-05-25,9.6,9.7,22100
RFPL,2026-05-25,360.0,381.9,28134
SALICO,2026-05-25,595.0,591.0,9050
SJLIC,2026-05-25,429.0,438.0,15537
DHEL,2026-05-25,650.0,670.0,52384
EHPL,2026-05-25,395.0,402.0,28087
HLBSL,2026-05-25,910.0,905.0,632
HDL,2026-05-25,1180.0,1168.0,27247
API,2026-05-25,359.0,359.8,510631
DHPL,2026-05-25,303.0,302.5,13951
USHL,2026-05-25,630.0,625.0,618
HLICF,2026-05-25,9.1,8.96,50360
SAGAR,2026-05-25,1722.0,1741.0,6951
AHL,2026-05-25,505.0,508.9,19181
SMB,2026-05-25,1788.0,1762.0,605
JBBL,2026-05-25,343.5,367.6,36372
NLG,2026-05-25,582.0,586.0,8202
MLBL,2026-05-25,369.9,370.9,21133
PRIN,2026-05-25,669.9,665.0,4007
MMF1,2026-05-25,9.7,9.57,5205
PPCL,2026-05-25,380.0,390.0,13693
MHL,2026-05-25,500.0,508.0,11038
MERO,2026-05-25,732.9,725.0,4980
HRL,2026-05-25,641.0,653.8,111322
TVCL,2026-05-25,509.1,529.0,19928
SGIC,2026-05-25,471.0,469.0,5934
CHCL,2026-05-25,482.5,489.0,73257
JHAPA,2026-05-25,1480.0,1499.9,24488
PMLI,2026-05-25,470.0,470.3,3094
BGWT,2026-05-25,665.0,671.8,1159
VLUCL,2026-05-25,514.7,507.0,3173
GBBD85,2026-05-25,1120.0,1100.0,50
NRN,2026-05-25,1425.0,1401.0,58203
CBBL,2026-05-25,924.3,923.0,18301
MKHL,2026-05-25,523.1,553.0,7613
NBL,2026-05-25,252.1,273.8,145742
ILBS,2026-05-25,935.0,928.0,3308
HLI,2026-05-25,344.0,344.0,44591
KPCL,2026-05-25,490.0,501.0,9819
HBL,2026-05-25,202.0,206.0,60732
CGH,2026-05-25,799.0,804.0,35737
IHL,2026-05-25,442.0,447.0,129656
SNLI,2026-05-25,455.0,451.0,23128
HATHY,2026-05-25,810.9,805.7,4445
KDL,2026-05-25,850.0,830.1,1675
SEF,2026-05-25,10.11,10.09,51850
CZBIL,2026-05-25,197.2,208.4,50741
GMLI,2026-05-25,1270.0,1293.0,3436
ULBSL,2026-05-25,2850.0,2949.0,866
NICSF,2026-05-25,9.39,9.2,2500
MSHL,2026-05-25,695.0,708.0,812
GIBF1,2026-05-25,10.9,11.0,6200
CREST,2026-05-25,1252.1,1244.9,22878
BHCL,2026-05-25,566.0,593.0,121172
PMHPL,2026-05-25,343.9,350.5,18298
NADEP,2026-05-25,741.0,745.0,2425
GHL,2026-05-25,245.0,246.0,77898
LSL,2026-05-25,215.0,225.6,89425
EBLD91,2026-05-25,1081.1,1082.1,125
NICL,2026-05-25,500.0,506.4,14146
PFL,2026-05-25,379.0,380.0,4238
RMF1,2026-05-25,9.85,10.05,9900
SPDL,2026-05-25,427.0,411.0,54833
PURE,2026-05-25,1030.0,986.0,20423
PSF,2026-05-25,12.01,12.3,62650
NIMBPO,2026-05-25,151.5,155.0,4268
GUFL,2026-05-25,520.0,541.5,9426
SAHAS,2026-05-25,664.0,671.5,215947
SJCL,2026-05-25,302.0,307.8,64750
NRIC,2026-05-25,914.1,920.5,10494
NSY,2026-05-25,9.44,9.53,8470
ULHC,2026-05-25,478.1,481.0,18055
GMFBS,2026-05-25,1261.0,1306.0,1312
MNMF1,2026-05-25,9.9,9.96,22506
CFCL,2026-05-25,510.0,509.0,5923
NMBMF,2026-05-25,633.1,650.0,2747
NSIF2,2026-05-25,10.6,10.72,3100
SAPDBL,2026-05-25,795.0,804.2,19362
CIT,2026-05-25,1767.0,1772.0,4996
SHINE,2026-05-25,414.9,415.0,14265
MBL,2026-05-25,253.7,254.5,92780
BNHC,2026-05-25,333.1,338.9,9993
MCHL,2026-05-25,323.0,323.0,26885
NTC,2026-05-25,890.0,898.5,14947
SBI,2026-05-25,396.0,400.0,17582
KEF,2026-05-25,10.75,11.0,163100
TAMOR,2026-05-25,456.0,461.9,134249
BNT,2026-05-25,11590.0,11700.0,60
GBBL,2026-05-25,421.0,421.0,36985
PBD84,2026-05-25,1140.0,1140.0,35
IGI,2026-05-25,439.9,439.8,11345
NBLD85,2026-05-25,1079.5,1105.9,40905
SLBSL,2026-05-25,1180.0,1208.0,1577
LLBS,2026-05-25,958.0,957.0,2069
SPL,2026-05-25,705.0,718.0,5149
MLBBL,2026-05-25,1220.0,1198.0,2789
NICFC,2026-05-25,9.17,9.5,2250
MKCL,2026-05-25,1290.0,1297.0,3077
MABEL,2026-05-25,760.0,745.0,36530
HIMSTAR,2026-05-25,900.0,910.0,10076
NMLBBL,2026-05-25,571.0,594.0,5948
LVF2,2026-05-25,9.8,9.95,4700
FMDBL,2026-05-25,792.0,799.0,14697
EBLD85,2026-05-25,1197.0,1170.0,40
KSY,2026-05-25,9.8,9.9,21900
BJHL,2026-05-25,952.0,980.0,16247
PBD85,2026-05-25,1081.0,1081.0,25
PROFL,2026-05-25,456.0,445.0,4657
CHL,2026-05-25,288.1,296.0,49410
KDBY,2026-05-25,11.41,11.67,329500
NESDO,2026-05-25,1535.1,1550.0,1243
NIBSF2,2026-05-25,9.14,9.25,4710
SANVI,2026-05-25,702.1,742.0,31996
SGHC,2026-05-25,382.0,381.1,11775
NFS,2026-05-25,584.0,574.1,9552
RHGCL,2026-05-25,295.1,304.8,44896
KSBBL,2026-05-25,484.0,487.0,39948
OMPL,2026-05-25,1190.0,1185.0,5752
UMRH,2026-05-25,537.2,555.0,37996
GLBSL,2026-05-25,1830.0,1825.0,621
CHDC,2026-05-25,2300.0,2324.0,11811
NRM,2026-05-25,345.9,380.0,43698
MEL,2026-05-25,238.0,245.0,27440
PRVU,2026-05-25,188.1,202.6,127588
RBCLPO,2026-05-25,11705.0,11700.0,100
SICL,2026-05-25,624.0,622.0,8941
ENL,2026-05-25,912.3,902.0,653
NGPL,2026-05-25,435.0,459.0,319573
SLCF,2026-05-25,10.3,10.01,3550
NIFRA,2026-05-25,266.1,268.9,118696
BANDIPUR,2026-05-25,910.0,866.5,64333
SKHL,2026-05-25,970.0,1029.0,59202
NIBD84,2026-05-25,1052.1,1052.1,25
HPPL,2026-05-25,381.3,386.0,16114
SPHL,2026-05-25,500.0,533.9,8585
GMFIL,2026-05-25,479.9,474.6,2875
SIGS3,2026-05-25,10.66,10.8,1300
NABILD2089,2026-05-25,1125.0,1095.1,335
MDB,2026-05-25,615.0,614.0,13010
PCIL,2026-05-25,827.0,852.8,66607
RBBF40,2026-05-25,9.33,9.41,2300
RSY,2026-05-25,10.04,10.3,23100
MATRI,2026-05-25,881.0,892.0,539
MKJC,2026-05-25,500.0,501.0,5447
GVL,2026-05-25,492.0,499.0,18429
CYCL,2026-05-25,1482.0,1470.0,843
ICFCD89,2026-05-25,1081.0,1099.0,200
NABBC,2026-05-25,930.0,950.0,6692
TRH,2026-05-25,753.0,762.0,726
LEC,2026-05-25,222.0,236.0,131055
NLICL,2026-05-25,595.8,594.0,5680
GBILD86/87,2026-05-25,1086.0,1086.0,25
C30MF,2026-05-25,9.89,10.0,11600
MANDU,2026-05-25,815.0,827.0,1208
BHPL,2026-05-25,530.1,534.8,7086
VLBS,2026-05-25,691.2,703.0,2724
KKHC,2026-05-25,273.5,272.0,60919
RHPL,2026-05-25,279.0,283.0,23511
SINDU,2026-05-25,713.1,733.9,6351
CORBL,2026-05-25,2050.0,2049.9,16617
HHL,2026-05-25,396.9,378.0,72116
HBLD83,2026-05-25,1036.0,1065.0,45
AKJCL,2026-05-25,402.0,418.0,1451995
SWMF,2026-05-25,670.0,675.0,9326
JBLB,2026-05-25,1305.0,1310.0,4118
ICFCD88,2026-05-25,1145.0,1145.0,25
NBF3,2026-05-25,9.95,9.96,4700
SPC,2026-05-25,455.2,469.0,4692
NIBLGF,2026-05-25,9.62,9.43,1100
RBCL,2026-05-25,14994.0,15002.0,100
SABBL,2026-05-25,1250.0,1260.0,10734
GBIME,2026-05-25,236.0,237.9,70596
NHPC,2026-05-25,309.7,297.0,507480
ADBL,2026-05-25,317.9,317.0,45333
KMCDB,2026-05-25,860.0,875.0,2633
SIFC,2026-05-25,540.0,545.0,6519
BHDC,2026-05-25,461.2,478.0,50689
GBLBS,2026-05-25,788.0,781.0,3536
USHEC,2026-05-25,508.0,521.0,62362
GILB,2026-05-25,1125.0,1155.0,992
MEHL,2026-05-25,379.0,384.5,4231
CITY,2026-05-25,374.0,379.0,127419
AHPC,2026-05-25,275.0,287.8,106730
SCB,2026-05-25,664.3,659.9,16845
SBID83,2026-05-25,1065.3,1063.6,1056
MNBBL,2026-05-25,374.3,376.0,32172
SFCL,2026-05-25,371.0,379.0,13008
SIKLES,2026-05-25,605.0,609.0,13642
DDBL,2026-05-25,859.0,855.0,7795
SKBBL,2026-05-25,791.0,771.0,23660
GCIL,2026-05-25,418.2,435.5,68609
UNLB,2026-05-25,1385.0,1394.0,1120
NICA,2026-05-25,365.0,356.0,37190
RSML,2026-05-25,3700.0,3825.0,37741
BARUN,2026-05-25,352.0,357.5,38509
BHL,2026-05-25,237.0,228.1,188158
SLBBL,2026-05-25,825.0,831.5,6640
LUK,2026-05-25,9.95,10.0,5825
LBBL,2026-05-25,498.1,494.5,40816
MFIL,2026-05-25,785.0,798.0,20443
PCBL,2026-05-25,240.5,244.9,63543
SSHL,2026-05-25,220.0,225.5,331041
NHDL,2026-05-25,636.9,641.1,204
ANLB,2026-05-25,5901.0,6038.0,1185
MAKAR,2026-05-25,535.1,511.0,15963
HDHPC,2026-05-25,230.7,232.0,252594
SWASTIK,2026-05-25,2415.0,2449.0,1046
UAIL,2026-05-25,437.0,446.0,9889
H8020,2026-05-25,12.33,11.83,231835
JFL,2026-05-25,409.0,413.1,3350
GFCL,2026-05-25,635.0,627.3,10256
ILI,2026-05-25,437.0,441.3,8064
SYPNL,2026-05-25,1459.0,1520.0,65193
SBL,2026-05-25,402.0,399.9,105729
CKHL,2026-05-25,658.0,695.4,8006
SOHL,2026-05-25,685.0,700.5,175599
AKPL,2026-05-25,275.0,276.5,217426
SARBTM,2026-05-25,858.8,866.0,11708
SMHL,2026-05-25,500.1,504.2,38419
RNLI,2026-05-25,466.0,469.4,34869
NBLD87,2026-05-25,1091.3,1091.3,25
JOSHI,2026-05-25,282.1,288.1,16430
EDBL,2026-05-25,583.0,586.1,6117
RMF2,2026-05-25,10.2,10.2,2700
RURU,2026-05-25,670.0,666.0,5280
SRLI,2026-05-25,389.3,396.0,21636
HEIP,2026-05-25,328.9,326.0,599
EBL,2026-05-25,719.9,711.0,34410
SMATA,2026-05-25,770.0,775.0,5643
WNLB,2026-05-25,1499.0,1496.5,403
HEI,2026-05-25,535.0,535.0,8439
MBLEF,2026-05-25,9.93,10.08,6309
NIBLSTF,2026-05-25,9.13,9.32,2780
BUNGAL,2026-05-25,773.3,730.0,113158
PRSF,2026-05-25,13.0,12.95,323300
KBSH,2026-05-25,1470.2,1500.0,282
GBIMESY2,2026-05-25,9.31,9.41,5000
HIDCL,2026-05-25,270.0,276.0,85842
MSLB,2026-05-25,1272.0,1258.0,1480
SMJC,2026-05-25,463.6,490.2,56992
DOLTI,2026-05-25,341.0,362.0,59866
SHPC,2026-05-25,533.0,524.0,61857
FOWAD,2026-05-25,1068.9,1055.0,2686
ACLBSL,2026-05-25,977.4,960.0,740
KSBBLP,2026-05-25,269.0,269.0,14079
SBCF,2026-05-25,9.65,9.98,2800
HFIN,2026-05-25,985.0,1022.1,81719
NYADI,2026-05-25,399.9,400.0,4920
DLBS,2026-05-25,1275.0,1314.0,526
ICFC,2026-05-25,631.0,635.0,7574
SIPD,2026-05-25,815.0,848.2,41090
NICGF2,2026-05-25,9.92,9.5,1700
RLEL,2026-05-25,1026.0,1080.2,28764
NMB,2026-05-25,248.0,248.2,18784
NICD88,2026-05-25,1110.0,1110.0,25
SKHEL,2026-05-25,1290.0,1320.0,18880
RBBD2088,2026-05-25,1056.7,1070.0,75
TTL,2026-05-25,898.8,857.0,31924
RADHI,2026-05-25,785.0,803.1,63113
SAIL,2026-05-25,1148.0,1150.0,33871
BPCL,2026-05-25,699.0,704.0,58233
GRDBL,2026-05-25,1061.1,1109.9,16102
NIFRAGED,2026-05-25,1035.5,1064.0,76
TSHL,2026-05-25,550.0,605.0,11137
UPCL,2026-05-25,377.0,375.0,52302
NMIC,2026-05-25,1040.0,1059.0,7700
SFEF,2026-05-25,10.13,10.3,3400
SMPDA,2026-05-25,838.0,843.0,1634
PHCL,2026-05-25,308.0,312.0,58934
SHLB,2026-05-25,1480.0,1466.1,50
CSY,2026-05-25,9.17,9.4,6100
UHEWA,2026-05-25,583.5,615.0,64537
BBC,2026-05-25,4818.9,4815.0,215
PBLD84,2026-05-25,1085.1,1085.1,50
MBLD2085,2026-05-25,1200.0,1200.0,100
MEN,2026-05-25,610.0,607.9,70845
MHNL,2026-05-25,268.0,274.0,6517
SBLD89,2026-05-25,1296.0,1291.0,125
MLBSL,2026-05-25,1800.0,1820.0,634
GLH,2026-05-25,274.0,276.0,58442
UMHL,2026-05-25,550.0,575.8,22352
ALICL,2026-05-25,459.9,455.2,8712
BNL,2026-05-25,14818.7,14819.0,20
OHL,2026-05-25,708.0,701.0,3256
HURJA,2026-05-25,262.0,267.0,89844
SIGS2,2026-05-25,10.5,10.5,1000
MKHC,2026-05-25,320.0,337.1,65113
NLIC,2026-05-25,770.0,776.0,11959
SADBL,2026-05-25,416.0,420.9,19441
SONA,2026-05-25,475.0,469.0,66228
NIL,2026-05-25,610.0,622.0,6315
MLBS,2026-05-25,1250.0,1290.0,200
RAWA,2026-05-25,613.0,585.1,2564
KBL,2026-05-25,220.0,222.0,292389
ALBSL,2026-05-25,1086.0,1148.0,9899
NUBL,2026-05-25,665.0,659.0,3971
CLI,2026-05-25,452.0,456.2,20675
UNHPL,2026-05-25,420.0,430.1,78249
SAND2085,2026-05-25,1124.0,1124.3,3
USLB,2026-05-25,1260.0,1288.0,2939
RLFL,2026-05-25,430.0,444.9,16231
UNL,2026-05-25,47102.0,47000.0,30
MBJC,2026-05-25,286.0,289.0,26624
RSDC,2026-05-25,674.0,681.0,4363
CMF2,2026-05-25,10.0,10.01,2620
BFC,2026-05-25,464.0,460.0,15835
JSLBB,2026-05-25,1078.5,1115.9,168
SMFBS,2026-05-25,1513.3,1530.0,1763
MMKJL,2026-05-25,494.0,508.0,2734
MPFL,2026-05-25,624.9,625.0,5617
NICLBSL,2026-05-25,574.0,595.0,8807
SANIMA,2026-05-25,370.0,368.9,154310
LICN,2026-05-25,829.0,820.0,6162
TPC,2026-05-25,389.0,382.0,48898
PPL,2026-05-25,357.0,367.0,70085
KSBBLD87,2026-05-25,1132.0,1132.0,25
NABIL,2026-05-25,530.0,535.4,59099
NICAD2091,2026-05-25,1053.6,1053.6,25
SMH,2026-05-25,594.0,597.2,8992
SAGF,2026-05-25,10.15,10.2,1400
BEDC,2026-05-25,395.7,381.1,46312
NICBF,2026-05-25,9.68,9.68,100
UPPER,2026-05-25,197.5,209.9,186381
SPIL,2026-05-25,707.2,715.9,6148
NWCL,2026-05-25,803.0,818.9,1320
NIMB,2026-05-25,199.0,201.8,140625
GSY,2026-05-25,9.99,10.0,73300
SMHL,2026-05-22,497.0,499.0,30304
UPCL,2026-05-22,369.1,373.0,68424
JOSHI,2026-05-22,287.0,284.5,14267
OMPL,2026-05-22,1159.0,1180.0,3152
CHL,2026-05-22,284.5,297.0,19829
ULBSL,2026-05-22,2810.0,2920.0,524
PPL,2026-05-22,347.0,354.0,19932
CHCL,2026-05-22,477.6,482.0,9620
HATHY,2026-05-22,799.9,799.0,3567
PBD88,2026-05-22,1211.0,1211.0,25
AKPL,2026-05-22,271.0,274.5,80891
GMFBS,2026-05-22,1363.9,1286.0,1020
NMBHF2,2026-05-22,9.84,9.67,4800
NFS,2026-05-22,568.7,570.0,8253
ICFC,2026-05-22,637.9,631.0,3634
OHL,2026-05-22,700.0,692.4,748
MKHC,2026-05-22,320.0,320.0,23983
STC,2026-05-22,5960.0,5930.0,205
NMB,2026-05-22,246.0,248.6,46126
SIGS2,2026-05-22,10.51,10.82,255
RBBD2088,2026-05-22,1085.3,1085.3,25
CLI,2026-05-22,452.0,452.0,9306
TRH,2026-05-22,750.0,755.2,1377
TPC,2026-05-22,378.0,380.0,26193
HDHPC,2026-05-22,239.0,230.7,288421
NUBL,2026-05-22,645.0,660.0,3011
SHIVM,2026-05-22,680.4,686.9,108932
SEF,2026-05-22,10.1,10.4,78011
MANDU,2026-05-22,806.5,818.9,3877
PMHPL,2026-05-22,343.9,342.0,5800
HEI,2026-05-22,530.0,535.9,2872
GFCL,2026-05-22,620.1,635.0,6415
NBF3,2026-05-22,9.83,9.95,6630
SALICO,2026-05-22,590.0,590.0,3789
CZBIL,2026-05-22,195.2,207.5,27734
CORBL,2026-05-22,2001.0,2066.0,24768
NMIC,2026-05-22,1030.0,1025.0,3986
RSML,2026-05-22,3720.0,3730.0,26240
SANVI,2026-05-22,670.7,739.0,75508
UPPER,2026-05-22,204.0,207.5,144802
SMH,2026-05-22,600.0,594.0,4075
USHL,2026-05-22,615.0,625.0,2153
API,2026-05-22,351.1,357.2,450813
NLIC,2026-05-22,769.0,769.8,16979
SWMF,2026-05-22,668.0,669.1,2035
HLI,2026-05-22,338.0,339.8,32647
AVYAN,2026-05-22,1185.0,1139.0,4301
CGH,2026-05-22,814.7,803.8,21812
RMF1,2026-05-22,9.5,10.0,12950
DHEL,2026-05-22,625.0,668.1,110947
H8020,2026-05-22,11.78,11.98,12400
SICL,2026-05-22,620.0,617.8,4399
HIDCL,2026-05-22,270.0,271.5,49025
MHL,2026-05-22,492.0,500.0,6671
SADBL,2026-05-22,409.5,416.0,14899
NBLD85,2026-05-22,1052.1,1052.1,25
LICN,2026-05-22,815.0,813.0,1517
NICFC,2026-05-22,9.15,9.4,18150
KSBBL,2026-05-22,484.0,482.1,46749
RBCLPO,2026-05-22,12136.4,11800.0,30
SAGAR,2026-05-22,1670.0,1717.0,11593
BFC,2026-05-22,461.0,458.0,2998
NESDO,2026-05-22,1512.0,1524.0,703
NBLD82,2026-05-22,1056.5,1059.0,65
KDBY,2026-05-22,12.27,11.45,6900
SBID83,2026-05-22,1066.5,1065.0,1979
SJLIC,2026-05-22,433.0,431.0,16029
BHDC,2026-05-22,457.0,463.6,9123
SJCL,2026-05-22,305.5,306.9,19982
CSY,2026-05-22,9.25,9.45,8422
NADEP,2026-05-22,732.0,745.0,344
SWASTIK,2026-05-22,2360.1,2400.0,612
MBLEF,2026-05-22,10.19,10.05,109800
MLBSL,2026-05-22,1780.0,1800.0,210
AHL,2026-05-22,495.0,515.0,8464
DHPL,2026-05-22,303.0,302.0,3223
UAIL,2026-05-22,443.8,445.0,12323
CKHL,2026-05-22,651.0,673.9,933
LSL,2026-05-22,223.0,225.9,120134
LBBL,2026-05-22,484.0,491.0,34246
MSLB,2026-05-22,1211.0,1240.0,459
SRLI,2026-05-22,388.0,393.9,5754
SINDU,2026-05-22,700.0,720.0,6464
NICD88,2026-05-22,1075.0,1078.0,55
BPCL,2026-05-22,695.1,699.0,44960
MLBL,2026-05-22,366.0,365.9,8094
NSY,2026-05-22,9.45,9.68,5100
EBLD85,2026-05-22,1198.0,1198.0,40
NGPL,2026-05-22,442.1,451.5,136672
MBJC,2026-05-22,282.2,286.0,9701
SMJC,2026-05-22,460.8,487.9,45029
BANDIPUR,2026-05-22,860.0,875.9,93868
HFIN,2026-05-22,970.0,1000.0,86018
NLICL,2026-05-22,596.0,591.0,3932
NYADI,2026-05-22,383.0,391.1,4567
VLUCL,2026-05-22,488.0,500.0,2031
KBSH,2026-05-22,1500.0,1500.0,20
SOHL,2026-05-22,700.0,688.0,144158
HIMSTAR,2026-05-22,875.0,918.0,17233
HRL,2026-05-22,635.0,641.4,50050
NIBSF2,2026-05-22,9.29,9.35,3300
PRSF,2026-05-22,13.54,12.95,617150
KKHC,2026-05-22,255.0,266.1,133144
SHLB,2026-05-22,1445.0,1470.0,195
ADBL,2026-05-22,314.9,313.0,11713
NICA,2026-05-22,353.0,352.5,58510
TSHL,2026-05-22,571.0,555.0,1899
GIBF1,2026-05-22,11.0,11.0,8650
MDB,2026-05-22,613.0,614.6,10799
EBL,2026-05-22,705.0,710.0,13673
SAGF,2026-05-22,10.15,10.2,1800
EHPL,2026-05-22,386.9,394.5,37314
TTL,2026-05-22,810.0,856.0,52282
CFCL,2026-05-22,490.0,503.0,4733
NIMB,2026-05-22,195.5,198.0,92849
MABEL,2026-05-22,665.0,760.0,95959
UMRH,2026-05-22,541.0,545.0,11697
ILI,2026-05-22,434.0,439.9,6297
MBL,2026-05-22,253.0,252.9,87023
JFL,2026-05-22,417.4,408.0,4809
SARBTM,2026-05-22,859.9,855.0,5362
NIBLGF,2026-05-22,9.4,9.91,9070
TAMOR,2026-05-22,444.1,455.0,56882
SFEF,2026-05-22,10.27,10.13,700
SSHL,2026-05-22,216.0,221.9,306906
EBLD86,2026-05-22,1078.3,1078.3,25
KMCDB,2026-05-22,841.1,860.0,4603
UNLB,2026-05-22,1400.0,1424.0,1534
DDBL,2026-05-22,900.0,853.0,6459
KBL,2026-05-22,222.0,218.7,119765
GHL,2026-05-22,239.8,242.0,74488
BBC,2026-05-22,4833.0,4800.0,135
PFL,2026-05-22,367.0,375.0,3621
SKHEL,2026-05-22,1240.0,1278.0,4902
SONA,2026-05-22,472.5,462.0,45059
SNLI,2026-05-22,450.0,447.0,10908
KDL,2026-05-22,833.0,826.8,1411
GBBD85,2026-05-22,1100.0,1120.0,1180
CBLD88,2026-05-22,1220.0,1220.0,25
CYCL,2026-05-22,1487.0,1470.1,367
HBL,2026-05-22,204.8,203.0,68976
NRIC,2026-05-22,915.0,908.1,13007
GBIMESY2,2026-05-22,9.5,9.31,800
ACLBSL,2026-05-22,947.3,949.0,1325
GCIL,2026-05-22,412.1,424.0,9640
CIT,2026-05-22,1760.0,1767.0,3571
HDL,2026-05-22,1180.0,1167.9,25296
SMPDA,2026-05-22,855.0,838.0,4156
HLICF,2026-05-22,8.9,8.87,77427
HEIP,2026-05-22,320.0,320.0,500
NRM,2026-05-22,346.3,364.1,22557
HPPL,2026-05-22,373.1,381.0,29364
CITY,2026-05-22,370.9,371.0,93344
RNLI,2026-05-22,461.2,465.0,9340
GVL,2026-05-22,486.0,491.9,17182
USLB,2026-05-22,1248.0,1256.0,190
ULHC,2026-05-22,476.0,477.5,17874
PCBL,2026-05-22,239.0,240.5,23859
SYPNL,2026-05-22,1485.0,1507.9,53557
FOWAD,2026-05-22,1055.0,1044.0,2742
SLCF,2026-05-22,10.0,10.0,4500
GUFL,2026-05-22,530.0,535.0,3405
NIMBD90,2026-05-22,1249.0,1249.0,27
NRN,2026-05-22,1361.0,1399.0,40875
BARUN,2026-05-22,345.3,351.1,31059
IGI,2026-05-22,431.0,430.0,2635
SLBBL,2026-05-22,820.0,822.7,2539
MEL,2026-05-22,235.5,238.1,8568
RLEL,2026-05-22,985.0,1026.9,12636
GMFIL,2026-05-22,469.9,469.9,8715
MHNL,2026-05-22,257.0,270.0,17707
RADHI,2026-05-22,780.0,783.0,41060
MCHL,2026-05-22,312.1,322.9,4705
HLBSL,2026-05-22,877.2,898.0,396
NMB50,2026-05-22,10.8,10.7,5000
SPIL,2026-05-22,701.0,709.8,558
SHPC,2026-05-22,521.0,521.7,31310
GLH,2026-05-22,267.1,274.0,26681
EBLD91,2026-05-22,1085.0,1085.0,100
MHCL,2026-05-22,335.4,368.9,15688
GILB,2026-05-22,1096.1,1130.0,1144
IHL,2026-05-22,415.0,442.0,56504
WNLB,2026-05-22,1485.0,1480.0,73
SHL,2026-05-22,500.0,500.1,10068
NWCL,2026-05-22,785.1,804.0,1685
NHPC,2026-05-22,289.0,295.0,550729
UNHPL,2026-05-22,408.0,434.0,44873
NMLBBL,2026-05-22,573.0,588.0,2725
SHEL,2026-05-22,313.0,318.0,53183
MFIL,2026-05-22,791.0,802.0,80771
MKJC,2026-05-22,490.0,490.0,14216
MPFL,2026-05-22,596.0,619.5,10390
PROFL,2026-05-22,440.0,444.0,3166
JBLB,2026-05-22,1302.0,1302.0,5332
MKHL,2026-05-22,542.9,545.0,3035
MNMF1,2026-05-22,9.8,10.0,28500
NICL,2026-05-22,490.2,497.0,7161
KSBBLD87,2026-05-22,1131.0,1131.0,25
BEDC,2026-05-22,374.0,376.9,42044
NICAD2091,2026-05-22,1052.2,1052.2,25
ENL,2026-05-22,914.0,898.0,370
SIPD,2026-05-22,765.0,815.0,27362
SBLD2091,2026-05-22,1056.1,1061.3,55
NMBMF,2026-05-22,639.9,632.0,1357
SIFC,2026-05-22,536.0,541.0,5350
GLBSL,2026-05-22,1791.0,1809.0,163
NIBLSTF,2026-05-22,9.34,9.29,10800
NICBF,2026-05-22,9.65,9.4,2950
RIDI,2026-05-22,354.0,366.7,672478
KEF,2026-05-22,10.67,10.75,11650
RSDC,2026-05-22,657.2,667.8,6967
UMHL,2026-05-22,568.8,564.0,12865
JHAPA,2026-05-22,1334.8,1499.0,15717
USHEC,2026-05-22,490.4,507.0,22697
SAIL,2026-05-22,1122.3,1148.0,27119
PCIL,2026-05-22,772.0,827.0,61577
LUK,2026-05-22,9.95,9.95,200
RHGCL,2026-05-22,290.0,298.0,30961
UHEWA,2026-05-22,570.0,583.6,5460
NLG,2026-05-22,572.0,575.0,12156
KPCL,2026-05-22,496.0,493.5,5043
NICLBSL,2026-05-22,565.0,574.0,2938
VLBS,2026-05-22,675.5,694.9,3498
DORDI,2026-05-22,275.0,277.5,22104
CBBL,2026-05-22,915.0,917.0,6793
SAPDBL,2026-05-22,783.0,802.9,12819
MMKJL,2026-05-22,495.0,501.0,1624
BJHL,2026-05-22,925.0,953.0,24258
PRVU,2026-05-22,196.5,198.0,51044
SAHAS,2026-05-22,659.0,664.0,149406
BNHC,2026-05-22,325.0,333.1,5585
NIMBPO,2026-05-22,148.1,151.5,143
SMATA,2026-05-22,768.9,770.0,2915
GBIME,2026-05-22,237.5,236.8,36102
CCBD88,2026-05-22,1265.0,1275.0,65
UNL,2026-05-22,47340.0,47330.0,110
MAKAR,2026-05-22,500.0,509.7,20777
RLFL,2026-05-22,439.8,438.9,2688
SPL,2026-05-22,695.0,708.0,260
SAND2085,2026-05-22,1124.0,1124.0,25
SIGS3,2026-05-22,10.61,10.86,1100
ICFCD88,2026-05-22,1150.0,1150.0,25
FMDBL,2026-05-22,785.0,787.3,32393
MND84/85,2026-05-22,1072.7,1072.7,25
NBL,2026-05-22,267.1,265.3,74947
SFCL,2026-05-22,367.1,370.0,7519
AHPC,2026-05-22,279.0,284.0,85453
DOLTI,2026-05-22,348.5,358.9,44955
MEHL,2026-05-22,375.1,380.0,5750
NABIL,2026-05-22,529.0,530.0,42686
KBLD90,2026-05-22,1270.0,1273.0,25
BHL,2026-05-22,234.1,226.0,110169
SKBBL,2026-05-22,765.0,765.0,6356
HHL,2026-05-22,365.2,378.0,68486
RFPL,2026-05-22,360.0,376.2,13227
BHCL,2026-05-22,532.0,566.0,106297
GBBL,2026-05-22,428.0,421.0,43518
PURE,2026-05-22,960.0,985.0,25485
BUNGAL,2026-05-22,708.7,814.0,145025
ANLB,2026-05-22,5938.0,5901.0,168
MLBBL,2026-05-22,1172.0,1198.0,862
GMLI,2026-05-22,1260.0,1269.9,537
NIL,2026-05-22,605.3,614.0,1837
PMLI,2026-05-22,460.1,470.0,1633
NICSF,2026-05-22,9.4,9.29,18725
MNBBL,2026-05-22,375.0,372.9,18925
PRIN,2026-05-22,646.1,662.0,1089
NBF2,2026-05-22,9.95,9.95,2266
CHDC,2026-05-22,2152.0,2300.0,12202
AKJCL,2026-05-22,370.0,402.0,1123916
MSHL,2026-05-22,680.1,695.0,1323
SBI,2026-05-22,395.0,405.0,47425
SPC,2026-05-22,455.0,458.2,7281
SPDL,2026-05-22,410.0,407.0,33894
SABBL,2026-05-22,1220.5,1247.0,10729
NICGF2,2026-05-22,9.98,9.64,1300
CMF2,2026-05-22,10.17,10.14,600
HIDCLP,2026-05-22,205.0,207.3,71261
SMFBS,2026-05-22,1525.0,1535.0,151
NTC,2026-05-22,892.0,890.4,6127
CREST,2026-05-22,1140.0,1318.0,10839
TVCL,2026-05-22,513.0,521.9,5791
MERO,2026-05-22,712.0,718.0,4227
RHPL,2026-05-22,279.0,279.0,10469
BHPL,2026-05-22,556.0,529.8,3080
SCB,2026-05-22,653.5,653.2,5706
HURJA,2026-05-22,254.6,263.0,57523
GSY,2026-05-22,9.71,10.0,5200
MEN,2026-05-22,606.0,604.0,57485
LLBS,2026-05-22,962.0,958.0,126
PHCL,2026-05-22,324.0,309.2,45654
RBCL,2026-05-22,15000.0,14931.0,135
SANIMA,2026-05-22,364.4,365.5,52060
RBBF40,2026-05-22,9.6,9.45,2700
PPCL,2026-05-22,373.0,380.0,4389
SGHC,2026-05-22,367.0,380.0,19851
SMB,2026-05-22,1740.0,1741.0,244
NIBD84,2026-05-22,1050.2,1050.1,50
KSY,2026-05-22,9.5,9.8,27267
NMFBS,2026-05-22,1131.1,1140.0,5602
LEC,2026-05-22,238.3,233.0,94653
NIFRA,2026-05-22,265.0,266.8,62918
LVF2,2026-05-22,10.0,10.0,2600
SPHL,2026-05-22,500.1,525.0,8215
SWBBL,2026-05-22,749.9,741.1,4164
RSY,2026-05-22,9.95,10.35,7500
DLBS,2026-05-22,1310.0,1275.0,201
SFMF,2026-05-22,10.01,10.01,500
JBBL,2026-05-22,362.0,361.5,25261
JSLBB,2026-05-22,1089.1,1089.1,10
RURU,2026-05-22,651.1,660.0,4800
ALBSL,2026-05-22,1162.3,1115.0,3745
MLBS,2026-05-22,1250.0,1279.0,70
EDBL,2026-05-22,573.0,580.0,2860
MATRI,2026-05-22,878.0,895.0,161
ALICL,2026-05-22,459.9,452.3,33390
ICFCD89,2026-05-22,1080.3,1099.0,125
BGWT,2026-05-22,651.0,661.0,752
PSF,2026-05-22,12.1,12.21,41582
SHINE,2026-05-22,412.0,412.0,7373
SBL,2026-05-22,396.0,400.9,64525
MMF1,2026-05-22,9.6,9.59,15300
SKHL,2026-05-22,890.0,950.0,45803
SLBSL,2026-05-22,1204.9,1180.0,671
NHDL,2026-05-22,626.0,636.9,3887
GBLBS,2026-05-22,768.0,775.9,3314
SBCF,2026-05-22,9.7,9.9,30700
MKCL,2026-05-22,1277.0,1288.0,1296
NSIF2,2026-05-22,11.05,10.75,2200
RAWA,2026-05-22,560.8,584.0,709
GRDBL,2026-05-22,1049.0,1110.0,33525
NIFRAGED,2026-05-22,1032.5,1035.3,100
ILBS,2026-05-22,921.0,939.9,4645
SIKLES,2026-05-22,587.1,600.0,13182
NABBC,2026-05-22,960.0,950.0,5947
SGIC,2026-05-22,466.0,464.0,3675
GBIMESY2,2026-05-21,9.6,9.55,2150
USLB,2026-05-21,1231.0,1248.0,470
GILB,2026-05-21,1096.1,1125.0,680
PPCL,2026-05-21,397.9,379.7,13450
MATRIP,2026-05-21,523.5,523.5,11814
UNLB,2026-05-21,1425.0,1425.0,995
BHCL,2026-05-21,547.0,532.0,35137
NMB50,2026-05-21,10.81,10.75,200
DORDI,2026-05-21,278.0,275.0,21640
MBL,2026-05-21,252.0,251.0,61771
HPPL,2026-05-21,380.2,377.9,26175
PBLD86,2026-05-21,1211.0,1240.0,15
EBLD86,2026-05-21,1080.0,1081.1,55
SABBL,2026-05-21,1265.0,1220.5,10530
RSML,2026-05-21,3744.9,3715.0,11962
NLG,2026-05-21,563.0,572.0,2717
TPC,2026-05-21,382.0,377.0,50223
TTL,2026-05-21,840.0,819.0,21446
NICGF2,2026-05-21,9.5,9.73,11680
BHPL,2026-05-21,561.7,529.7,5744
UAIL,2026-05-21,425.3,443.9,15240
NMB,2026-05-21,247.5,246.0,12988
MAKAR,2026-05-21,510.0,500.0,5325
NLIC,2026-05-21,805.3,769.0,10975
HLI,2026-05-21,341.0,337.0,22149
TSHL,2026-05-21,550.0,556.0,4289
RHPL,2026-05-21,277.0,279.0,15679
MNMF1,2026-05-21,9.75,10.0,30400
NMFBS,2026-05-21,1141.0,1144.0,2391
SBLD2091,2026-05-21,1070.0,1086.0,58
MBJC,2026-05-21,284.1,284.0,18066
AHL,2026-05-21,496.0,505.4,9481
MKJC,2026-05-21,493.3,500.5,4178
MLBLD89,2026-05-21,1315.0,1315.0,25
HDL,2026-05-21,1162.0,1161.0,21877
SMB,2026-05-21,1752.0,1737.1,842
ILBS,2026-05-21,922.0,938.9,555
DLBS,2026-05-21,1270.1,1280.0,254
HIMSTAR,2026-05-21,898.0,880.0,3076
SOHL,2026-05-21,695.0,685.0,76299
BHL,2026-05-21,238.0,223.0,63819
NIBLGF,2026-05-21,9.12,9.63,5870
NICSF,2026-05-21,9.36,9.13,2727
SKBBL,2026-05-21,772.0,765.0,4675
HFIN,2026-05-21,970.0,960.0,49850
RBBD83,2026-05-21,1065.0,1070.0,29958
SBL,2026-05-21,402.8,396.0,83528
SJCL,2026-05-21,297.0,305.5,20201
NWCL,2026-05-21,791.0,787.0,1207
RADHI,2026-05-21,763.0,773.0,37613
BJHL,2026-05-21,955.0,925.0,6597
MERO,2026-05-21,756.0,712.0,3225
SAPDBL,2026-05-21,801.0,794.5,21148
VLUCL,2026-05-21,502.5,501.5,1900
UMHL,2026-05-21,580.0,566.0,47060
HBLD86,2026-05-21,1185.0,1190.0,260
MATRI,2026-05-21,880.0,890.0,714
EBLD91,2026-05-21,1085.1,1089.9,100
NIL,2026-05-21,611.0,608.0,1685
PBD88,2026-05-21,1210.0,1210.0,50
KKHC,2026-05-21,260.0,258.0,24475
NLICL,2026-05-21,599.4,589.8,3707
SEF,2026-05-21,9.9,10.0,67838
MSLB,2026-05-21,1233.0,1238.0,776
SHINE,2026-05-21,411.0,412.9,7435
SWMF,2026-05-21,660.0,665.0,782
MLBL,2026-05-21,368.0,365.0,14693
SPDL,2026-05-21,429.9,407.6,109479
MMKJL,2026-05-21,516.0,504.0,1512
GBLBS,2026-05-21,791.0,770.9,2501
ACLBSL,2026-05-21,950.0,947.3,863
SIKLES,2026-05-21,595.0,592.0,6307
OHL,2026-05-21,691.0,700.0,1249
PFL,2026-05-21,382.0,375.0,1586
BEDC,2026-05-21,375.5,369.8,27693
PBLD87,2026-05-21,1074.2,1112.0,19699
DHPL,2026-05-21,303.5,300.0,5027
GLBSL,2026-05-21,1780.5,1791.0,65
PRIN,2026-05-21,660.0,660.0,5447
MKHL,2026-05-21,556.2,542.9,3982
JBBL,2026-05-21,343.9,359.0,20102
ILI,2026-05-21,439.0,440.0,6328
LICN,2026-05-21,825.0,818.9,35864
KSBBLD87,2026-05-21,1120.1,1120.1,25
NCCD86,2026-05-21,1163.0,1163.0,15
ALBSL,2026-05-21,1090.0,1107.0,2687
MDB,2026-05-21,610.0,606.0,25014
SPHL,2026-05-21,492.0,515.0,4477
HRL,2026-05-21,660.0,640.0,45270
PHCL,2026-05-21,311.7,309.0,26152
NICA,2026-05-21,351.0,351.5,16453
NRIC,2026-05-21,954.2,911.9,9806
PURE,2026-05-21,991.1,969.0,9155
SMJC,2026-05-21,464.4,485.0,63602
SHL,2026-05-21,503.0,499.0,14641
NMLBBL,2026-05-21,580.0,584.0,4339
SINDU,2026-05-21,715.0,717.9,6412
CHCL,2026-05-21,480.0,479.0,15354
GHL,2026-05-21,243.0,237.0,34948
UHEWA,2026-05-21,570.0,576.2,3573
CIT,2026-05-21,1770.0,1766.5,2105
H8020,2026-05-21,11.72,12.14,4400
JBLB,2026-05-21,1307.0,1302.0,3818
GFCL,2026-05-21,644.5,628.0,3111
MHL,2026-05-21,497.0,498.0,1665
NMBMF,2026-05-21,645.0,628.0,1641
KSBBL,2026-05-21,486.9,484.0,18360
SSHL,2026-05-21,219.8,216.4,101422
MANDU,2026-05-21,803.0,815.0,800
NABILD2089,2026-05-21,1120.0,1100.0,210
AKPL,2026-05-21,258.4,270.4,67377
CGH,2026-05-21,796.0,803.8,9109
NRN,2026-05-21,1370.0,1375.0,98793
EHPL,2026-05-21,375.0,386.1,10542
SHLB,2026-05-21,1449.1,1484.0,95
NADEP,2026-05-21,733.0,747.0,478
SDBD87,2026-05-21,1120.5,1120.5,30
LUK,2026-05-21,9.95,9.93,2900
PMLI,2026-05-21,460.0,466.0,3910
GMFIL,2026-05-21,465.0,468.0,3022
RAWA,2026-05-21,590.0,578.0,645
BARUN,2026-05-21,353.9,348.0,29335
LLBS,2026-05-21,969.0,964.0,70
SPL,2026-05-21,699.0,708.0,1844
CHDC,2026-05-21,2299.9,2265.0,7597
EBLEB89,2026-05-21,1080.0,1080.0,35
SADBL,2026-05-21,416.0,414.6,13950
PCIL,2026-05-21,827.0,812.0,34235
SCBD,2026-05-21,1130.0,1150.0,245
SAHAS,2026-05-21,670.0,659.0,89390
SGHC,2026-05-21,367.0,367.0,12288
MEL,2026-05-21,237.7,235.5,8302
SRLI,2026-05-21,389.5,391.0,8655
SFMF,2026-05-21,10.1,10.1,100
ULBSL,2026-05-21,2850.0,2919.0,954
MLBBL,2026-05-21,1195.0,1180.0,824
SICL,2026-05-21,607.0,616.7,6678
CKHL,2026-05-21,655.0,669.5,2125
UPCL,2026-05-21,389.0,368.7,35339
NIBSF2,2026-05-21,9.27,9.29,4300
TVCL,2026-05-21,532.0,515.0,5285
TRH,2026-05-21,780.0,752.6,442
SMFBS,2026-05-21,1521.0,1570.0,78
NBL,2026-05-21,255.6,267.8,37898
JOSHI,2026-05-21,287.0,283.5,17668
BNT,2026-05-21,11949.0,11590.6,20
RSY,2026-05-21,9.92,10.16,2100
RLFL,2026-05-21,435.0,437.9,4240
SMH,2026-05-21,599.0,588.4,2403
NBLD85,2026-05-21,1057.1,1038.0,40225
IHL,2026-05-21,440.9,420.0,27695
LBBL,2026-05-21,492.0,487.0,26678
NMIC,2026-05-21,1096.2,1040.0,2166
LBLD88,2026-05-21,1084.4,1084.4,25
BHDC,2026-05-21,470.0,463.5,3507
MEHL,2026-05-21,384.0,379.0,3705
KEF,2026-05-21,10.72,10.68,23140
GUFL,2026-05-21,540.0,530.0,3858
DDBL,2026-05-21,860.0,858.0,3103
SWASTIK,2026-05-21,2401.0,2362.3,320
CMF2,2026-05-21,9.72,9.89,2050
KDBY,2026-05-21,11.25,11.69,48900
NABBC,2026-05-21,967.0,959.9,2033
KBSH,2026-05-21,1545.0,1490.1,764
SFCL,2026-05-21,379.0,373.1,1376
HATHY,2026-05-21,814.0,799.9,3795
MKCL,2026-05-21,1297.0,1277.0,763
MSHL,2026-05-21,696.5,690.0,1396
KBLD86,2026-05-21,1185.0,1185.0,19941
NSY,2026-05-21,9.44,9.6,8612
HIDCLP,2026-05-21,205.0,206.0,62866
JSLBB,2026-05-21,1100.0,1075.1,265
SKHEL,2026-05-21,1275.0,1254.0,7593
HBL,2026-05-21,203.6,204.8,27662
PROFL,2026-05-21,448.0,440.0,830
HLICF,2026-05-21,8.9,8.99,24820
HIDCL,2026-05-21,272.0,269.7,45794
FOWAD,2026-05-21,1064.0,1046.0,2516
NSIF2,2026-05-21,10.8,10.75,2800
CORBL,2026-05-21,1897.0,2049.9,19991
UPPER,2026-05-21,207.1,204.5,95933
SONA,2026-05-21,446.0,450.0,46158
PSF,2026-05-21,12.01,12.35,32400
NIMB,2026-05-21,197.6,195.5,387677
NICL,2026-05-21,487.5,492.0,5369
NHDL,2026-05-21,639.0,638.9,2190
SIGS2,2026-05-21,10.75,10.51,6460
HEI,2026-05-21,532.0,531.8,4946
SMPDA,2026-05-21,830.2,837.7,553
MBLEF,2026-05-21,9.93,10.05,12600
CHL,2026-05-21,292.0,288.2,20581
VLBS,2026-05-21,680.0,683.0,1770
GBILD86/87,2026-05-21,1113.0,1080.1,85
GBIME,2026-05-21,240.0,235.2,51944
AVYAN,2026-05-21,1150.0,1137.9,6507
GSY,2026-05-21,9.62,10.0,4220
NFS,2026-05-21,560.0,567.9,3053
GRDBL,2026-05-21,1037.9,1095.0,28761
RBCL,2026-05-21,15000.2,15000.0,50
KDL,2026-05-21,823.0,833.0,1855
GMLI,2026-05-21,1271.1,1274.0,698
MABEL,2026-05-21,728.0,695.0,30759
AHPC,2026-05-21,284.6,280.0,56067
SLBSL,2026-05-21,1208.0,1186.0,142
OMPL,2026-05-21,1168.9,1160.0,2207
PMHPL,2026-05-21,336.0,341.0,5536
MPFL,2026-05-21,618.0,613.0,9396
AKJCL,2026-05-21,387.3,375.0,480462
RURU,2026-05-21,650.1,660.0,7943
STC,2026-05-21,5904.0,5960.0,1122
SAGF,2026-05-21,10.2,10.2,12100
CYCL,2026-05-21,1491.0,1487.0,482
CREST,2026-05-21,1150.0,1148.0,5660
CSY,2026-05-21,9.06,9.28,14200
SPC,2026-05-21,454.1,457.2,1357
DHEL,2026-05-21,641.0,630.0,23497
HLBSL,2026-05-21,894.0,880.0,1115
SMHL,2026-05-21,501.6,495.0,60239
SFEF,2026-05-21,10.0,10.27,22737
SJLIC,2026-05-21,432.1,433.0,3934
LSL,2026-05-21,226.5,223.0,44094
BNL,2026-05-21,14387.1,14387.1,10
SKHL,2026-05-21,904.0,890.0,25440
MND84/85,2026-05-21,1080.0,1080.0,25
ADBL,2026-05-21,314.0,313.5,12856
MSLBP,2026-05-21,735.0,735.0,5946
CBLD88,2026-05-21,1185.0,1185.0,25
NYADI,2026-05-21,387.0,383.0,6059
ICFCD88,2026-05-21,1150.0,1135.0,60
NHPC,2026-05-21,303.0,288.5,245588
UNHPL,2026-05-21,456.7,429.0,34963
HURJA,2026-05-21,254.7,257.4,65868
SCB,2026-05-21,653.5,650.0,4495
NIFRA,2026-05-21,265.9,265.5,42696
SWBBL,2026-05-21,745.0,745.9,3461
SAGAR,2026-05-21,1760.0,1675.0,9578
SALICO,2026-05-21,599.9,586.0,4241
UMRH,2026-05-21,534.6,541.9,3215
NMBHF2,2026-05-21,9.76,9.84,16733
ENL,2026-05-21,939.0,899.0,400
ANLB,2026-05-21,6352.3,5938.0,321
SBI,2026-05-21,404.0,398.5,283308
BNHC,2026-05-21,331.0,328.4,2605
MCHL,2026-05-21,321.3,319.4,13346
IGI,2026-05-21,430.0,432.9,7394
NABIL,2026-05-21,527.4,527.9,27246
SHIVM,2026-05-21,708.0,680.4,100079
KBL,2026-05-21,220.0,216.7,516129
NTC,2026-05-21,892.0,888.0,5112
NESDO,2026-05-21,1507.0,1524.9,133
GBBD85,2026-05-21,1100.0,1120.0,1371
NGPL,2026-05-21,449.5,447.0,78739
NICLBSL,2026-05-21,569.0,564.3,3697
MFLD85,2026-05-21,1135.0,1134.5,25
RBBF40,2026-05-21,9.7,9.52,2200
NBF2,2026-05-21,9.9,10.0,200
SANVI,2026-05-21,722.1,705.9,21417
FMDBL,2026-05-21,807.0,792.0,150059
GCIL,2026-05-21,419.4,416.1,7057
LBLD86,2026-05-21,1144.3,1175.0,24950
KSY,2026-05-21,9.7,9.79,900
MHCL,2026-05-21,343.7,353.0,9226
SBLD89,2026-05-21,1330.0,1330.0,20
SBD87,2026-05-21,1110.0,1110.0,100
SNLI,2026-05-21,449.0,449.8,6974
NIBD84,2026-05-21,1055.0,1053.2,175
JHAPA,2026-05-21,1483.2,1405.0,52638
NUBL,2026-05-21,651.0,650.3,3046
BUNGAL,2026-05-21,682.8,746.0,197708
MHNL,2026-05-21,290.0,270.4,29335
NIMBPO,2026-05-21,152.0,152.0,104
SGIC,2026-05-21,437.0,462.0,3106
BGWT,2026-05-21,642.0,650.0,723
GIBF1,2026-05-21,10.6,11.0,1900
ICFCD89,2026-05-21,1083.0,1099.9,536
SAIL,2026-05-21,1156.0,1122.3,17594
SANIMA,2026-05-21,367.0,362.2,74972
USHL,2026-05-21,630.0,633.5,1201
NIFRAUR85/86,2026-05-21,1069.3,1069.3,71
TAMOR,2026-05-21,451.1,449.0,47693
NRM,2026-05-21,374.0,364.5,15395
SPIL,2026-05-21,701.0,701.0,6922
PRSF,2026-05-21,13.1,12.9,183000
SLBBL,2026-05-21,822.0,817.2,4343
SHEL,2026-05-21,317.0,314.0,54084
API,2026-05-21,355.0,354.4,234332
RFPL,2026-05-21,376.0,372.0,15259
GVL,2026-05-21,492.0,490.0,8346
RLEL,2026-05-21,1000.1,999.0,20255
PCBL,2026-05-21,241.9,239.0,18507
BFC,2026-05-21,458.0,457.9,5208
BANDIPUR,2026-05-21,860.0,860.0,106766
ALICL,2026-05-21,455.0,454.7,6484
SAND2085,2026-05-21,1150.0,1150.0,25
HHL,2026-05-21,372.1,369.4,21519
EBL,2026-05-21,708.0,709.8,22369
SIGS3,2026-05-21,10.85,10.76,200
NBF3,2026-05-21,9.9,10.0,21250
BPCL,2026-05-21,740.2,701.8,78436
SLCF,2026-05-21,9.84,10.13,26550
CFCL,2026-05-21,526.9,499.8,2938
SARBTM,2026-05-21,851.0,853.0,5066
HDHPC,2026-05-21,239.4,227.7,265663
SIPD,2026-05-21,824.0,799.0,15845
MLBS,2026-05-21,1277.0,1266.0,100
EBLD85,2026-05-21,1170.0,1200.0,554
MBLD2085,2026-05-21,1200.0,1235.0,50
RHGCL,2026-05-21,299.0,289.0,12586
BBC,2026-05-21,4850.0,4820.0,171
GMFBS,2026-05-21,1292.0,1299.0,1793
SMATA,2026-05-21,765.0,768.0,997
GBBL,2026-05-21,434.0,419.0,12941
RIDI,2026-05-21,337.0,357.0,424901
MFIL,2026-05-21,798.0,805.0,105917
CLI,2026-05-21,452.2,454.0,3535
USHEC,2026-05-21,505.0,503.0,10344
SIFC,2026-05-21,526.1,538.0,4434
MNBBL,2026-05-21,376.0,372.1,19381
MMF1,2026-05-21,9.32,9.48,34899
KPCL,2026-05-21,492.6,490.5,5138
PRVU,2026-05-21,199.0,196.5,197820
NMBD2085,2026-05-21,1160.0,1160.0,25
SHPC,2026-05-21,525.0,521.0,61240
LEC,2026-05-21,241.0,227.0,77702
MLBSL,2026-05-21,1775.0,1825.0,253
CZBIL,2026-05-21,195.2,204.0,15250
DOLTI,2026-05-21,331.0,349.0,37679
SBCF,2026-05-21,9.63,10.0,24300
MKHC,2026-05-21,317.5,319.5,10533
NICFC,2026-05-21,9.27,9.4,4450
ULHC,2026-05-21,533.2,477.3,111399
EDBL,2026-05-21,582.0,579.9,5795
SYPNL,2026-05-21,1500.0,1485.0,41564
JFL,2026-05-21,414.9,408.0,2650
KMCDB,2026-05-21,869.5,866.0,879
RSDC,2026-05-21,684.9,664.0,3717
PPL,2026-05-21,347.1,349.0,24923
LVF2,2026-05-21,9.48,9.8,400
WNLB,2026-05-21,1484.0,1454.1,93
NIBLSTF,2026-05-21,9.06,9.31,1400
GLH,2026-05-21,271.0,269.0,11581
RMF1,2026-05-21,9.66,9.99,3800
MEN,2026-05-21,613.0,606.0,26642
CITY,2026-05-21,409.1,374.9,157877
ICFC,2026-05-21,635.0,631.4,6384
RNLI,2026-05-21,464.0,462.5,14028
NIFRAGED,2026-05-21,1032.0,1032.0,25
CBBL,2026-05-21,920.0,915.0,10162
RBBD83,2026-05-20,1040.0,1071.2,2
PURE,2026-05-20,965.0,997.0,16988
MABEL,2026-05-20,680.0,716.0,43272
HRL,2026-05-20,630.0,645.0,62593
SLCF,2026-05-20,9.8,9.95,1450
NBF3,2026-05-20,9.98,9.95,7700
RHPL,2026-05-20,275.6,278.6,24711
NBLD85,2026-05-20,1075.7,1084.0,265
NIMBPO,2026-05-20,148.0,153.0,502
UMRH,2026-05-20,530.2,543.0,798
NICFC,2026-05-20,9.15,9.35,6800
MERO,2026-05-20,729.9,720.0,3352
HDL,2026-05-20,1159.0,1161.0,22273
PRIN,2026-05-20,654.9,657.7,6468
SBL,2026-05-20,396.0,400.9,59963
DDBL,2026-05-20,855.0,860.0,4944
RBCL,2026-05-20,15000.0,15400.0,110
GILB,2026-05-20,1130.0,1115.0,1623
SPHL,2026-05-20,495.0,517.0,13431
MDB,2026-05-20,605.0,602.0,4862
RNLI,2026-05-20,458.1,465.2,12313
SCB,2026-05-20,655.0,653.5,24929
CSY,2026-05-20,9.15,9.3,4550
BNT,2026-05-20,11570.0,11799.0,70
RBBF40,2026-05-20,9.5,9.7,1400
GIBF1,2026-05-20,10.7,10.77,653310
SALICO,2026-05-20,580.8,591.8,4159
SPDL,2026-05-20,424.2,409.5,45612
SICL,2026-05-20,611.0,615.5,4972
PSF,2026-05-20,12.36,12.1,123450
RSDC,2026-05-20,629.5,666.0,3005
NMLBBL,2026-05-20,570.1,589.9,7531
RBBD2088,2026-05-20,1053.7,1053.7,25
SKHEL,2026-05-20,1295.9,1293.0,9580
LSL,2026-05-20,224.0,226.7,167516
NMB,2026-05-20,243.3,247.5,26197
CBBL,2026-05-20,910.0,918.0,12167
NMBMF,2026-05-20,638.0,636.0,1522
SSHL,2026-05-20,210.5,217.2,166427
UNL,2026-05-20,46900.0,46900.0,40
BFC,2026-05-20,461.9,458.0,5232
MSLB,2026-05-20,1239.8,1270.0,452
SKHL,2026-05-20,895.0,904.0,21677
TAMOR,2026-05-20,444.1,455.0,55107
SPL,2026-05-20,720.0,706.0,14389
PCBL,2026-05-20,236.5,240.5,31319
EBL,2026-05-20,701.6,707.1,20775
SHEL,2026-05-20,308.5,317.0,57211
GMFBS,2026-05-20,1362.0,1323.9,1076
ALBSL,2026-05-20,1085.1,1114.4,5605
CORBL,2026-05-20,2185.0,1995.0,86464
CZBIL,2026-05-20,194.5,205.4,34175
HIDCLP,2026-05-20,213.0,207.0,69140
NMBD87/88,2026-05-20,1090.5,1090.5,15
CGH,2026-05-20,819.0,803.8,10764
NIL,2026-05-20,601.0,606.6,3622
CREST,2026-05-20,1142.0,1149.9,7566
HIDCL,2026-05-20,270.0,272.0,54971
TSHL,2026-05-20,555.0,549.0,6317
SMFBS,2026-05-20,1525.0,1515.2,175
NBL,2026-05-20,269.8,269.0,63259
PBD88,2026-05-20,1181.7,1180.5,125
NICBF,2026-05-20,9.65,9.65,500
NLIC,2026-05-20,765.0,767.0,16102
SKBBL,2026-05-20,765.9,769.0,7405
SHPC,2026-05-20,516.0,520.2,46313
RLFL,2026-05-20,432.0,436.0,7314
MKCL,2026-05-20,1251.1,1295.0,3726
GHL,2026-05-20,233.7,241.0,49564
AVYAN,2026-05-20,1076.4,1150.0,5252
PFL,2026-05-20,373.9,376.9,5886
NYADI,2026-05-20,400.0,391.0,3706
SIKLES,2026-05-20,605.0,594.4,4281
RSY,2026-05-20,10.2,10.12,2500
HATHY,2026-05-20,788.0,802.9,5350
HLBSL,2026-05-20,873.5,894.0,136
CHCL,2026-05-20,479.9,480.0,21428
SJCL,2026-05-20,295.2,303.9,16671
NSY,2026-05-20,9.43,9.6,3300
KBLD86,2026-05-20,1122.0,1155.0,1
PCIL,2026-05-20,765.0,822.0,51497
PMLI,2026-05-20,455.1,463.5,5684
HLICF,2026-05-20,9.0,9.04,21700
RMF2,2026-05-20,10.15,10.5,8900
WNLB,2026-05-20,1430.0,1460.0,200
OHL,2026-05-20,700.0,693.3,177
ALICL,2026-05-20,454.8,454.5,14518
MKJC,2026-05-20,511.0,499.0,4047
SWASTIK,2026-05-20,2351.0,2399.9,715
FOWAD,2026-05-20,1040.0,1053.0,4338
STC,2026-05-20,5900.0,5960.0,674
UNLB,2026-05-20,1418.9,1425.0,717
PPL,2026-05-20,345.0,351.9,10357
SGHC,2026-05-20,365.0,367.0,9368
GBLBS,2026-05-20,779.5,777.0,378
MAKAR,2026-05-20,491.1,510.0,13385
BGWT,2026-05-20,669.0,656.8,541
SBLD83,2026-05-20,1116.5,1045.0,49999
MFLD85,2026-05-20,1135.0,1135.0,219
NBLD87,2026-05-20,1125.0,1125.0,40
SHLB,2026-05-20,1460.0,1473.0,311
IGI,2026-05-20,429.0,431.9,12313
SDBD87,2026-05-20,1120.0,1115.0,75
DORDI,2026-05-20,270.0,278.0,17465
CHL,2026-05-20,289.0,292.9,9881
H8020,2026-05-20,11.7,11.85,4763
CCBD88,2026-05-20,1237.0,1274.0,75
NABBC,2026-05-20,988.0,967.0,7541
DOLTI,2026-05-20,350.0,348.0,69308
JFL,2026-05-20,408.0,411.0,4805
SIPD,2026-05-20,750.4,815.0,22701
SIFC,2026-05-20,527.5,541.0,3760
AHL,2026-05-20,495.0,503.0,8165
NUBL,2026-05-20,655.0,661.0,4812
VLUCL,2026-05-20,477.2,502.5,9985
BPCL,2026-05-20,734.3,705.0,77861
SFMF,2026-05-20,10.66,10.2,7127
HBL,2026-05-20,201.5,203.5,27534
SEF,2026-05-20,10.1,10.0,17100
SMATA,2026-05-20,763.0,765.0,3249
NICGF2,2026-05-20,9.4,9.45,17100
LLBS,2026-05-20,943.0,957.0,84
MATRI,2026-05-20,894.0,885.0,2927
PROFL,2026-05-20,433.1,444.9,5629
BANDIPUR,2026-05-20,808.0,849.0,76281
AKJCL,2026-05-20,350.0,368.9,491504
KDBY,2026-05-20,11.21,11.58,8330
USHEC,2026-05-20,490.0,505.1,17122
SIGS2,2026-05-20,10.32,10.51,12060
NICA,2026-05-20,348.0,351.0,45856
MMF1,2026-05-20,9.5,9.32,11840
CITY,2026-05-20,370.0,389.7,101807
KBSH,2026-05-20,1531.7,1500.0,126
SYPNL,2026-05-20,1467.0,1508.0,40099
ICFCD88,2026-05-20,1130.0,1130.0,25
MMKJL,2026-05-20,504.0,503.3,3774
SOHL,2026-05-20,636.5,691.0,106083
OMPL,2026-05-20,1120.0,1168.0,1858
SMH,2026-05-20,599.9,597.5,3879
GRDBL,2026-05-20,1035.0,1084.0,27284
SARBTM,2026-05-20,845.0,852.0,10234
NBF2,2026-05-20,10.0,10.0,2100
RAWA,2026-05-20,590.0,589.0,1565
ACLBSL,2026-05-20,960.0,956.0,1142
SAGAR,2026-05-20,1672.0,1733.0,9539
PHCL,2026-05-20,302.0,309.7,66869
MANDU,2026-05-20,805.0,813.1,1410
SMHL,2026-05-20,492.1,501.3,33445
UHEWA,2026-05-20,570.0,585.0,6053
SMPDA,2026-05-20,834.9,842.0,1656
SHINE,2026-05-20,408.3,411.7,10480
ANLB,2026-05-20,5965.5,6049.9,999
KEF,2026-05-20,10.65,10.74,19183
GLH,2026-05-20,266.8,271.0,49703
DLBS,2026-05-20,1328.7,1270.1,294
NFS,2026-05-20,555.0,565.2,7421
CYCL,2026-05-20,1488.0,1491.9,262
MPFL,2026-05-20,624.0,619.8,17575
SPC,2026-05-20,447.0,456.0,2815
FMDBL,2026-05-20,800.0,804.0,6866
ILBS,2026-05-20,911.0,940.0,2196
SADBL,2026-05-20,411.0,415.1,5564
RADHI,2026-05-20,752.0,769.9,28721
PRVU,2026-05-20,197.5,199.0,82419
GBBL,2026-05-20,416.0,422.0,28953
LBBL,2026-05-20,489.6,491.0,45981
GVL,2026-05-20,487.1,492.5,7226
NADEP,2026-05-20,750.0,753.0,123
GUFL,2026-05-20,522.0,533.0,6869
NRM,2026-05-20,374.0,374.0,24231
KPCL,2026-05-20,484.2,494.0,5145
SWMF,2026-05-20,662.0,667.0,3113
PMHPL,2026-05-20,341.0,340.5,13334
NICL,2026-05-20,482.0,487.4,5506
DHEL,2026-05-20,656.2,642.9,47897
NMBHF2,2026-05-20,9.4,9.76,53500
MBJC,2026-05-20,280.2,284.1,17620
NWCL,2026-05-20,784.1,800.0,1530
SFCL,2026-05-20,375.0,374.9,2764
TTL,2026-05-20,801.1,831.0,21272
EBLD91,2026-05-20,1075.0,1075.0,130
BNL,2026-05-20,14000.0,13968.1,50
HLI,2026-05-20,335.0,340.5,25123
NICLBSL,2026-05-20,560.1,568.9,5046
KDL,2026-05-20,811.0,824.0,1315
MBLEF,2026-05-20,9.92,10.2,1100
MHNL,2026-05-20,261.0,292.0,27294
NLICL,2026-05-20,590.0,588.2,6134
CKHL,2026-05-20,650.1,670.0,210
SANVI,2026-05-20,699.8,727.0,49601
MLBSL,2026-05-20,1775.0,1775.0,846
NESDO,2026-05-20,1510.0,1536.0,259
SIGS3,2026-05-20,10.6,10.85,25650
KBL,2026-05-20,218.6,219.6,245432
GBBD85,2026-05-20,1100.0,1107.18,825
SONA,2026-05-20,443.0,452.0,35169
SJLIC,2026-05-20,425.2,440.0,23830
LUK,2026-05-20,9.96,10.0,1900
MLBL,2026-05-20,365.0,368.0,10353
CIT,2026-05-20,1769.0,1770.0,6522
NMIC,2026-05-20,965.0,1044.0,5105
MHL,2026-05-20,492.0,501.0,4245
NABILD2089,2026-05-20,1152.0,1120.0,1722
NIFRA,2026-05-20,261.0,265.9,38045
RMF1,2026-05-20,9.95,9.94,13300
PPCL,2026-05-20,365.0,379.0,4019
LEC,2026-05-20,225.0,229.6,118071
KSBBL,2026-05-20,504.0,486.0,7520
MND84/85,2026-05-20,1069.3,1069.1,25
UMHL,2026-05-20,569.0,564.0,7829
SBID2090,2026-05-20,1149.0,1149.0,50
VLBS,2026-05-20,670.0,683.2,1453
UNHPL,2026-05-20,411.0,435.0,102788
NIBSF2,2026-05-20,9.14,9.55,7000
ULBSL,2026-05-20,2851.0,2912.0,365
HFIN,2026-05-20,957.0,976.0,42355
SBCF,2026-05-20,9.58,9.76,3090
PBD84,2026-05-20,1140.0,1140.0,25
GCIL,2026-05-20,414.1,422.9,21916
JSLBB,2026-05-20,1103.0,1100.0,345
BUNGAL,2026-05-20,636.0,682.8,137677
NICSF,2026-05-20,9.0,9.36,13960
TPC,2026-05-20,369.1,381.0,57770
SMJC,2026-05-20,465.1,488.8,81007
MLBBL,2026-05-20,1190.0,1191.0,350
NTC,2026-05-20,880.0,888.0,5542
JBLB,2026-05-20,1298.0,1306.1,5803
SPIL,2026-05-20,700.0,706.0,4313
SFEF,2026-05-20,10.01,10.15,2500
NIBLSTF,2026-05-20,9.35,9.33,1700
RBCLPO,2026-05-20,11999.0,12136.4,210
HDHPC,2026-05-20,221.9,228.0,210224
ICFCD89,2026-05-20,1090.0,1090.0,385
MFIL,2026-05-20,783.0,809.9,62095
SGIC,2026-05-20,467.0,460.0,5287
LVF2,2026-05-20,9.45,9.73,800
SHIVM,2026-05-20,677.0,688.0,120687
TRH,2026-05-20,765.0,770.0,689
MSHL,2026-05-20,663.6,676.4,598
SBLD89,2026-05-20,1320.0,1320.0,25
BHPL,2026-05-20,513.0,535.0,9597
C30MF,2026-05-20,10.0,9.83,300
JOSHI,2026-05-20,282.0,283.5,16516
CFCL,2026-05-20,522.5,501.9,7420
CLI,2026-05-20,450.0,454.5,7673
CHDC,2026-05-20,2240.1,2285.9,20939
KKHC,2026-05-20,258.0,260.0,69588
MLBS,2026-05-20,1280.0,1277.0,166
NSIF2,2026-05-20,10.67,10.8,741450
SMB,2026-05-20,1740.0,1752.0,1139
TVCL,2026-05-20,500.0,530.4,5022
NGPL,2026-05-20,442.2,447.1,89484
ILI,2026-05-20,433.1,439.0,4028
RIDI,2026-05-20,342.2,354.1,320711
BHCL,2026-05-20,530.0,547.0,52639
BHL,2026-05-20,231.8,226.8,106813
EBLD85,2026-05-20,1170.0,1155.0,265
JHAPA,2026-05-20,1433.6,1529.0,16253
AHPC,2026-05-20,279.9,282.0,143246
USHL,2026-05-20,604.0,630.0,3048
CIZBD86,2026-05-20,1198.0,1222.0,6
LICN,2026-05-20,814.0,818.0,5485
BJHL,2026-05-20,910.0,940.0,9503
NLG,2026-05-20,565.0,563.9,10885
DHPL,2026-05-20,298.0,303.8,6537
AKPL,2026-05-20,266.0,272.0,90578
RURU,2026-05-20,654.0,665.0,4511
MCHL,2026-05-20,305.1,321.3,10616
HIMSTAR,2026-05-20,870.0,898.0,9456
NIMB,2026-05-20,199.7,198.5,58893
MBL,2026-05-20,248.5,254.0,70232
ENL,2026-05-20,913.0,895.0,240
HEIP,2026-05-20,317.0,320.5,644
BBC,2026-05-20,4826.0,4820.0,148
HHL,2026-05-20,365.0,373.3,25416
GSY,2026-05-20,9.9,9.9,2350
GFCL,2026-05-20,628.9,628.0,6187
NHPC,2026-05-20,265.4,289.9,348979
BEDC,2026-05-20,369.9,375.0,32988
UAIL,2026-05-20,440.2,445.8,5994
EDBL,2026-05-20,587.9,582.0,1955
SABBL,2026-05-20,1202.0,1262.0,11599
MKHL,2026-05-20,539.9,540.0,6702
SWBBL,2026-05-20,744.6,745.0,5331
SBID89,2026-05-20,1145.2,1145.2,10
NICAD85/86,2026-05-20,1125.1,1125.1,25
IHL,2026-05-20,436.0,428.9,22388
GMFIL,2026-05-20,460.0,464.9,3075
RLEL,2026-05-20,975.0,1010.0,10983
SLBBL,2026-05-20,816.1,820.0,4508
SBI,2026-05-20,399.9,399.9,58041
SBID83,2026-05-20,1066.9,1075.0,35
GMLI,2026-05-20,1252.0,1285.0,1275
RSML,2026-05-20,3640.0,3700.0,21592
MEHL,2026-05-20,370.0,384.0,3081
MNMF1,2026-05-20,9.7,9.9,12750
SAGF,2026-05-20,10.14,10.4,2000
SAIL,2026-05-20,1125.0,1147.0,21500
UPPER,2026-05-20,202.0,207.0,99306
SRLI,2026-05-20,388.1,391.9,11843
SINDU,2026-05-20,700.0,718.0,6476
MNBBL,2026-05-20,370.0,373.9,29521
KSY,2026-05-20,9.4,9.79,3500
MKHC,2026-05-20,314.1,320.0,14381
NRIC,2026-05-20,902.0,908.8,14304
SANIMA,2026-05-20,367.9,366.0,78295
GBILD86/87,2026-05-20,1085.0,1085.0,50
GLBSL,2026-05-20,1780.2,1780.5,45
NABIL,2026-05-20,529.9,527.4,55468
SAPDBL,2026-05-20,771.4,799.0,13543
SBD89,2026-05-20,1280.0,1280.0,100
ADBL,2026-05-20,307.1,313.8,28637
ICFC,2026-05-20,636.0,627.8,10660
BHDC,2026-05-20,464.0,467.0,8254
GBIMESY2,2026-05-20,9.27,9.6,1800
SNLI,2026-05-20,440.1,449.0,12588
RHGCL,2026-05-20,285.0,295.0,31420
SAHAS,2026-05-20,653.0,664.0,93193
MEL,2026-05-20,235.1,237.6,13228
API,2026-05-20,353.0,355.0,321600
NHDL,2026-05-20,635.0,639.4,5247
SHL,2026-05-20,503.0,505.0,18507
PRSF,2026-05-20,12.85,13.1,839750
NIBLGF,2026-05-20,9.11,9.38,1000
ULHC,2026-05-20,502.0,561.2,45460
SAND2085,2026-05-20,1125.0,1125.0,25
NMFBS,2026-05-20,1131.0,1140.2,2520
NMB50,2026-05-20,10.6,10.54,14020
BNHC,2026-05-20,331.0,332.0,3506
MHCL,2026-05-20,342.6,354.0,2936
KMCDB,2026-05-20,865.0,860.2,3970
BARUN,2026-05-20,344.1,349.6,34512
RFPL,2026-05-20,366.0,376.0,42695
HEI,2026-05-20,522.0,530.9,7904
UPCL,2026-05-20,386.4,370.5,59273
SLBSL,2026-05-20,1192.0,1209.0,203
MBLD87,2026-05-20,1138.7,1138.7,30
MEN,2026-05-20,609.9,612.0,34495
EHPL,2026-05-20,405.1,392.9,10167
HURJA,2026-05-20,248.2,257.0,46715
HPPL,2026-05-20,377.0,381.0,17029
NIBD84,2026-05-20,1048.1,1060.0,55
GBIME,2026-05-20,234.1,237.3,71471
JBBL,2026-05-20,355.2,361.9,22855
NRN,2026-05-20,1341.9,1370.0,33534
USLB,2026-05-20,1229.0,1244.0,1630
PMHPL,2026-05-19,345.0,333.9,3387
BNL,2026-05-19,14400.0,14400.0,10
PBD88,2026-05-19,1218.0,1218.0,50
PSF,2026-05-19,11.87,12.01,4650
SPL,2026-05-19,710.0,700.2,4570
HPPL,2026-05-19,368.0,377.0,23945
MNBBL,2026-05-19,370.1,369.0,18522
PURE,2026-05-19,960.0,965.0,10389
TAMOR,2026-05-19,442.0,448.0,41772
SAGF,2026-05-19,10.1,10.15,2400
DORDI,2026-05-19,269.2,271.0,18606
GVL,2026-05-19,494.0,490.0,12129
IHL,2026-05-19,440.0,433.3,33250
EBLD86,2026-05-19,1080.0,1080.0,25
HIDCL,2026-05-19,268.4,269.0,50762
EBLEB89,2026-05-19,1083.7,1085.0,40
MHNL,2026-05-19,268.0,261.0,9838
EBLD91,2026-05-19,1093.0,1093.0,28
GILB,2026-05-19,1110.0,1125.0,1716
RURU,2026-05-19,651.0,651.0,2723
NIFRA,2026-05-19,261.2,262.3,27353
KDL,2026-05-19,810.0,818.0,1262
SAGAR,2026-05-19,1656.0,1668.0,11700
TTL,2026-05-19,791.0,806.5,11409
VLUCL,2026-05-19,475.2,487.1,2710
NLICL,2026-05-19,596.4,587.0,3187
NLG,2026-05-19,565.0,563.9,8379
MDB,2026-05-19,591.1,600.0,2024
CGH,2026-05-19,799.0,797.4,8310
LVF2,2026-05-19,9.64,9.56,500
BPCL,2026-05-19,710.0,699.4,35095
AHPC,2026-05-19,278.5,278.0,39838
BBC,2026-05-19,4826.0,4742.1,364
SMPDA,2026-05-19,840.0,834.9,902
DOLTI,2026-05-19,347.0,348.9,16260
PMLI,2026-05-19,462.0,457.1,5378
NIMBD90,2026-05-19,1216.0,1215.0,85
CSY,2026-05-19,9.06,9.2,5650
MEHL,2026-05-19,375.0,375.0,2970
AKJCL,2026-05-19,350.0,354.0,248919
SHINE,2026-05-19,409.0,408.3,8380
NMFBS,2026-05-19,1118.0,1146.0,3964
GBBL,2026-05-19,415.0,415.1,14250
USHL,2026-05-19,618.0,613.0,1733
NIBLGF,2026-05-19,9.1,9.16,700
HEI,2026-05-19,530.0,526.0,2346
BANDIPUR,2026-05-19,799.1,808.0,38855
MBJC,2026-05-19,280.1,281.5,8069
SIGS2,2026-05-19,10.5,10.35,4370
DLBS,2026-05-19,1246.0,1265.5,1995
GBLBS,2026-05-19,774.9,769.0,2107
SBID83,2026-05-19,1095.0,1065.0,159
CYCL,2026-05-19,1443.0,1488.0,480
SADBL,2026-05-19,411.1,412.0,8511
SANVI,2026-05-19,680.0,699.8,35942
SPHL,2026-05-19,500.2,509.9,2336
MATRI,2026-05-19,895.0,894.0,155
LBLD86,2026-05-19,1129.0,1111.0,25000
RADHI,2026-05-19,752.0,756.0,20648
CHL,2026-05-19,297.9,285.1,8753
SFCL,2026-05-19,367.0,371.9,5477
SIGS3,2026-05-19,10.79,10.65,200
CBBL,2026-05-19,921.0,912.0,23982
CZBIL,2026-05-19,194.3,204.7,25908
SKHL,2026-05-19,890.0,888.0,16015
NMBMF,2026-05-19,627.0,628.3,1310
CHCL,2026-05-19,480.0,477.1,14730
NICSF,2026-05-19,9.02,9.25,11101
RBBD2088,2026-05-19,1070.0,1079.9,96
CITY,2026-05-19,375.3,368.0,652647
BHL,2026-05-19,210.0,220.9,61907
ICFC,2026-05-19,624.0,620.0,3051
USHEC,2026-05-19,485.2,498.0,19984
NIBSF2,2026-05-19,9.23,9.25,2300
SICL,2026-05-19,614.8,614.2,3002
NIMBPO,2026-05-19,151.0,151.9,7071
MEN,2026-05-19,604.0,609.0,43911
SINDU,2026-05-19,695.6,715.0,14098
SNLI,2026-05-19,444.5,445.2,7287
MKHC,2026-05-19,324.9,319.5,12548
RLEL,2026-05-19,1000.0,986.5,11571
LBBL,2026-05-19,486.0,487.0,22130
PRSF,2026-05-19,12.66,12.98,1050830
MCHL,2026-05-19,294.5,311.0,4215
SGIC,2026-05-19,479.8,459.7,1873
DHPL,2026-05-19,295.1,297.3,1545
SBI,2026-05-19,395.0,397.0,6018
SONA,2026-05-19,435.6,443.0,25268
SFMF,2026-05-19,10.25,10.4,1600
MLBL,2026-05-19,360.2,364.1,13454
PCBL,2026-05-19,239.9,239.5,30204
NRM,2026-05-19,359.9,373.5,24240
GSY,2026-05-19,9.89,9.93,7150
EDBL,2026-05-19,580.0,579.7,711
GBBD85,2026-05-19,1072.2,1085.0,385
SHLB,2026-05-19,1436.0,1472.0,149
RFPL,2026-05-19,365.0,366.0,30741
RMF1,2026-05-19,9.8,9.92,16400
NIFRAUR85/86,2026-05-19,1038.2,1038.2,25
KDBY,2026-05-19,11.11,11.5,3550
SAIL,2026-05-19,1102.0,1128.0,19004
USLB,2026-05-19,1250.0,1235.0,1456
SOHL,2026-05-19,675.0,670.0,85219
KBSH,2026-05-19,1536.0,1531.7,119
JFL,2026-05-19,387.6,408.0,4350
PBLD87,2026-05-19,1081.1,1043.0,20000
KBLD86,2026-05-19,1162.1,1122.0,20002
SBLD2091,2026-05-19,1067.6,1055.1,95
HIMSTAR,2026-05-19,860.0,873.5,5369
MHCL,2026-05-19,330.6,347.0,4686
GMLI,2026-05-19,1291.0,1270.0,1068
BNHC,2026-05-19,322.0,325.1,5114
SKHEL,2026-05-19,1240.0,1259.0,3521
MLBSL,2026-05-19,1750.0,1780.0,343
LICN,2026-05-19,810.0,814.0,2686
OHL,2026-05-19,684.0,693.0,938
SBL,2026-05-19,394.0,396.3,86779
GLH,2026-05-19,264.1,264.0,15066
GMFBS,2026-05-19,1261.1,1324.0,704
NICFC,2026-05-19,9.18,9.26,1335
NYADI,2026-05-19,380.0,385.0,2251
CBLD88,2026-05-19,1190.0,1182.3,75
TPC,2026-05-19,366.0,364.5,22806
NADEP,2026-05-19,730.0,750.0,458
NICL,2026-05-19,492.0,484.0,3899
MPFL,2026-05-19,614.9,614.9,6428
RBCL,2026-05-19,15350.0,15299.0,30
JHAPA,2026-05-19,1500.0,1509.0,6647
KKHC,2026-05-19,244.2,255.8,27715
MLBS,2026-05-19,1264.9,1263.9,30
JBLB,2026-05-19,1299.0,1303.0,3260
NICA,2026-05-19,348.6,347.0,42771
UHEWA,2026-05-19,550.0,574.0,4618
BARUN,2026-05-19,345.0,344.0,37520
UPPER,2026-05-19,194.0,204.0,75102
GBIMESY2,2026-05-19,9.15,9.41,1500
SLCF,2026-05-19,9.82,9.96,15700
PROFL,2026-05-19,440.0,435.0,1360
BUNGAL,2026-05-19,625.0,635.1,97455
SWASTIK,2026-05-19,2344.0,2390.0,508
NCCD86,2026-05-19,1130.0,1130.0,25
BGWT,2026-05-19,669.0,654.0,1260
NMBHF2,2026-05-19,9.7,9.45,12200
MSLB,2026-05-19,1166.2,1239.8,681
MHL,2026-05-19,494.1,493.0,941
SWMF,2026-05-19,646.2,662.5,1710
SAPDBL,2026-05-19,771.1,784.0,15151
MMF1,2026-05-19,9.57,9.55,7140
SPIL,2026-05-19,702.0,708.0,595
RBBD83,2026-05-19,1040.0,1040.0,29139
NMBD87/88,2026-05-19,1078.0,1078.0,25
SGHC,2026-05-19,360.3,363.0,8680
UMHL,2026-05-19,567.0,560.0,17736
NLIC,2026-05-19,769.9,761.5,9878
ALBSL,2026-05-19,1070.0,1100.0,2136
EHPL,2026-05-19,401.1,385.9,42641
SGICP,2026-05-19,258.0,258.0,7732
HBLPO,2026-05-19,115.0,115.0,217473
ADBL,2026-05-19,311.8,311.0,16428
TRH,2026-05-19,755.0,765.0,1596
SHINED,2026-05-19,1106.0,1106.0,100
SWBBL,2026-05-19,733.1,742.9,6095
NUBL,2026-05-19,651.0,655.0,6285
SAHAS,2026-05-19,665.0,653.0,139166
CKHL,2026-05-19,646.0,665.0,140
MKCL,2026-05-19,1255.0,1262.0,1370
GMFIL,2026-05-19,460.0,458.8,2875
RLFL,2026-05-19,442.9,431.5,1478
NABILD2089,2026-05-19,1140.0,1150.0,2945
KMCDB,2026-05-19,845.5,865.0,1066
EBL,2026-05-19,715.0,705.0,25302
TVCL,2026-05-19,520.0,503.0,751
JOSHI,2026-05-19,275.0,280.0,8158
MSHL,2026-05-19,675.0,680.0,507
RNLI,2026-05-19,460.0,459.2,14106
NIBLSTF,2026-05-19,9.0,9.34,1500
NWCL,2026-05-19,787.2,791.0,739
CREST,2026-05-19,1149.8,1130.0,5396
KEF,2026-05-19,10.61,10.66,4373
RSY,2026-05-19,9.9,10.15,3800
JSLBB,2026-05-19,1075.0,1075.0,10
MBLEF,2026-05-19,10.0,9.94,3000
NSIF2,2026-05-19,10.62,10.71,700
SHPC,2026-05-19,527.0,516.0,65813
LUK,2026-05-19,9.96,10.0,500
NMLBBL,2026-05-19,590.0,578.9,5156
HFIN,2026-05-19,980.0,958.0,34277
UPCL,2026-05-19,366.0,368.0,51114
SKBBL,2026-05-19,755.0,765.0,7005
BHDC,2026-05-19,455.0,457.9,10708
KSBBL,2026-05-19,485.0,480.0,25668
BFCPO,2026-05-19,250.0,250.0,37193
PCIL,2026-05-19,811.9,805.0,54810
NBF2,2026-05-19,9.92,9.9,7600
RIDI,2026-05-19,328.7,341.0,175988
SARBTM,2026-05-19,850.0,840.0,29267
BFC,2026-05-19,460.0,454.0,6503
NMB50,2026-05-19,10.53,10.53,5500
HATHY,2026-05-19,781.6,777.0,4998
GUFL,2026-05-19,520.0,523.0,3282
MFIL,2026-05-19,786.6,793.0,23906
SHL,2026-05-19,497.8,500.6,9518
GIBF1,2026-05-19,10.68,11.01,60700
CFCL,2026-05-19,490.0,497.7,4720
BHCL,2026-05-19,510.0,532.2,40169
ANLB,2026-05-19,5750.0,6150.0,62
SJCL,2026-05-19,297.0,297.5,11084
GLBSL,2026-05-19,1782.7,1790.0,155
DHEL,2026-05-19,603.0,625.0,40114
SMB,2026-05-19,1750.0,1740.0,312
MEL,2026-05-19,223.0,235.5,9164
SRLI,2026-05-19,387.2,387.8,10965
AVYAN,2026-05-19,1074.0,1133.0,3833
STC,2026-05-19,5994.0,5943.0,754
HDL,2026-05-19,1160.0,1158.0,13296
HLICF,2026-05-19,9.27,9.0,7084
MKJC,2026-05-19,498.0,488.4,2235
UNL,2026-05-19,46501.0,46300.0,50
MBL,2026-05-19,246.3,248.5,79254
NIMB,2026-05-19,197.0,196.5,40231
SEF,2026-05-19,9.96,9.95,11000
SFEF,2026-05-19,10.14,10.11,600
SJLIC,2026-05-19,432.0,426.5,12281
LLBS,2026-05-19,937.3,943.0,445
SMATA,2026-05-19,760.0,763.9,2051
NMB,2026-05-19,247.9,246.0,25395
ILBS,2026-05-19,947.0,931.0,2128
SCBD,2026-05-19,1120.9,1130.0,50
VLBS,2026-05-19,680.0,680.6,2122
MNMF1,2026-05-19,9.71,9.76,2600
SSHL,2026-05-19,211.0,210.5,59770
WNLB,2026-05-19,1430.0,1432.0,206
ADBLD83,2026-05-19,1058.5,1070.0,210
GHL,2026-05-19,237.0,236.0,32341
NABIL,2026-05-19,526.0,526.0,41228
PPL,2026-05-19,346.0,345.9,18833
HLI,2026-05-19,337.0,336.0,19040
NIFRAGED,2026-05-19,1017.3,1030.3,50
UAIL,2026-05-19,443.0,446.5,2819
MMKJL,2026-05-19,495.0,497.9,1851
LEC,2026-05-19,228.5,223.0,57506
KSY,2026-05-19,9.46,9.57,900
IGI,2026-05-19,421.9,425.0,4707
SMHL,2026-05-19,495.0,497.0,22028
SPC,2026-05-19,451.9,449.2,5409
HBL,2026-05-19,202.0,202.1,23295
BNT,2026-05-19,11555.2,11600.0,49
SIFC,2026-05-19,506.4,532.0,6656
MANDU,2026-05-19,806.2,809.0,2086
C30MF,2026-05-19,9.63,9.75,200
HEIP,2026-05-19,305.0,314.1,119
SLBSL,2026-05-19,1200.0,1199.0,1222
SMH,2026-05-19,579.0,596.0,9387
FOWAD,2026-05-19,1043.2,1035.0,3334
HLBSL,2026-05-19,877.3,873.5,978
HDHPC,2026-05-19,221.0,219.5,104258
GFCL,2026-05-19,622.0,617.0,2204
CORBL,2026-05-19,2070.0,2300.0,40216
UNLB,2026-05-19,1400.0,1418.9,485
TSHL,2026-05-19,575.0,550.0,10164
NICBF,2026-05-19,9.76,9.6,300
SALICO,2026-05-19,589.2,590.8,1091
AHL,2026-05-19,500.0,507.0,22645
SHIVM,2026-05-19,679.5,676.0,82052
RHPL,2026-05-19,275.4,275.9,15315
FMDBL,2026-05-19,797.0,788.1,15450
NRN,2026-05-19,1350.0,1350.0,36540
HURJA,2026-05-19,252.6,250.0,52874
GBIME,2026-05-19,236.9,236.9,54029
CIT,2026-05-19,1769.0,1762.0,4632
ACLBSL,2026-05-19,964.0,955.0,422
SPDL,2026-05-19,402.0,404.0,26582
ICFCD89,2026-05-19,1085.0,1090.0,384
RBCLPO,2026-05-19,11738.0,11783.0,140
GCIL,2026-05-19,436.6,414.0,9557
SHEL,2026-05-19,308.1,310.9,60218
MERO,2026-05-19,707.0,711.8,1767
MAKAR,2026-05-19,491.0,495.0,10333
NBL,2026-05-19,266.0,266.0,26035
HIDCLP,2026-05-19,205.5,203.6,54280
SLBBL,2026-05-19,828.0,823.9,2640
ULHC,2026-05-19,487.0,488.0,4976
NSY,2026-05-19,9.43,9.5,6200
ILI,2026-05-19,430.5,434.9,6275
KPCL,2026-05-19,489.0,488.0,3244
UNHPL,2026-05-19,421.9,432.0,103171
PRVU,2026-05-19,200.0,198.5,44169
BHPL,2026-05-19,515.0,519.9,2009
RMF2,2026-05-19,10.1,10.1,300
NICGF2,2026-05-19,9.68,9.45,5300
ALICL,2026-05-19,449.2,451.7,19445
PRIN,2026-05-19,640.1,655.0,5625
NBF3,2026-05-19,9.64,9.98,12680
JBBL,2026-05-19,339.8,357.0,37468
RSDC,2026-05-19,660.0,662.0,2533
HRL,2026-05-19,631.0,633.0,94579
MABEL,2026-05-19,650.0,676.5,25708
RAWA,2026-05-19,571.0,574.0,353
SANIMA,2026-05-19,373.0,365.5,119720
API,2026-05-19,340.0,351.0,205977
NHDL,2026-05-19,625.0,634.9,520
NICAD2091,2026-05-19,1050.2,1050.2,25
SCB,2026-05-19,664.9,642.5,9723
ENL,2026-05-19,890.0,870.0,299
LSL,2026-05-19,224.5,224.0,84558
NGPL,2026-05-19,444.0,442.2,95324
SABBL,2026-05-19,1200.0,1208.0,10780
DDBL,2026-05-19,850.0,851.0,8741
PPCL,2026-05-19,373.1,375.0,1964
NTC,2026-05-19,890.0,886.6,15468
UMRH,2026-05-19,536.3,536.0,1754
PHCL,2026-05-19,306.0,304.6,31592
SMFBS,2026-05-19,1525.0,1525.0,108
SBID2090,2026-05-19,1184.0,1184.5,2825
OMPL,2026-05-19,1130.5,1130.1,2908
CLI,2026-05-19,450.0,451.6,10197
KBL,2026-05-19,217.0,216.9,107774
SYPNL,2026-05-19,1500.0,1467.0,54890
NHPC,2026-05-19,282.0,279.3,214996
NICLBSL,2026-05-19,560.2,562.0,6205
SBCF,2026-05-19,9.5,9.7,1000
RHGCL,2026-05-19,277.4,290.0,24401
ICFCD83,2026-05-19,1082.0,1082.0,25
MLBBL,2026-05-19,1218.5,1189.0,1249
PFL,2026-05-19,366.0,369.8,6196
NABBC,2026-05-19,935.1,959.9,5487
RSML,2026-05-19,3700.0,3680.0,13524
RBBF40,2026-05-19,9.55,9.55,2500
BJHL,2026-05-19,917.0,926.0,10349
SIPD,2026-05-19,780.0,768.0,23474
BEDC,2026-05-19,367.0,366.0,14297
AKPL,2026-05-19,276.0,268.0,68532
NBLD85,2026-05-19,1053.0,1053.0,25
SMJC,2026-05-19,473.0,471.0,18885
H8020,2026-05-19,11.8,12.0,930
NIL,2026-05-19,606.0,608.0,2083
NRIC,2026-05-19,888.0,895.0,10200
NFS,2026-05-19,565.0,559.5,4046
HHL,2026-05-19,368.0,365.0,23687
MKHL,2026-05-19,491.8,526.2,7530
GRDBL,2026-05-19,1025.0,1052.8,13703
SIKLES,2026-05-19,620.5,591.0,8148
CHDC,2026-05-19,2256.0,2257.0,10681
ULBSL,2026-05-19,2830.0,2897.9,1076
NESDO,2026-05-19,1508.4,1528.0,494
NMIC,2026-05-19,1057.3,1015.0,3516
EDBL,2026-05-18,574.0,579.9,891
RHPL,2026-05-18,275.1,279.0,10001
CREST,2026-05-18,1130.0,1129.9,4243
MCHL,2026-05-18,308.0,310.0,8877
GCIL,2026-05-18,412.1,415.9,4018
GFCL,2026-05-18,620.0,627.9,3414
DHPL,2026-05-18,292.1,298.0,685
SIFC,2026-05-18,530.0,533.0,948
SMB,2026-05-18,1755.0,1750.0,443
NLICL,2026-05-18,589.0,589.0,2023
USLB,2026-05-18,1236.0,1250.0,702
NIFRAUR85/86,2026-05-18,1067.0,1042.1,81
IHL,2026-05-18,410.0,438.0,46331
BHPL,2026-05-18,523.0,515.0,2972
SMATA,2026-05-18,767.4,760.0,4492
BPCL,2026-05-18,730.0,709.0,76071
CFCL,2026-05-18,501.0,497.0,3520
SRLI,2026-05-18,388.0,389.7,11969
BNHC,2026-05-18,321.8,322.0,2038
HLBSL,2026-05-18,890.0,877.3,596
TPC,2026-05-18,368.5,364.1,22894
MPFL,2026-05-18,615.0,614.9,4640
PBD88,2026-05-18,1217.19,1217.19,25
CIT,2026-05-18,1763.0,1768.5,6027
AVYAN,2026-05-18,1072.6,1130.5,5562
NIFRAGED,2026-05-18,1040.3,1041.1,100
PFL,2026-05-18,374.0,366.0,3693
CITY,2026-05-18,377.2,395.0,12766
SICL,2026-05-18,611.0,614.8,7962
GMFIL,2026-05-18,449.6,457.0,3042
SAPDBL,2026-05-18,782.0,780.0,6435
MHCL,2026-05-18,348.1,348.0,3101
NICSF,2026-05-18,9.2,9.25,15401
SADBL,2026-05-18,412.2,411.0,18879
HDHPC,2026-05-18,214.0,221.0,80139
GIBF1,2026-05-18,10.65,10.68,1450
SIGS2,2026-05-18,10.38,10.45,7125
MATRI,2026-05-18,875.0,895.0,172
SHL,2026-05-18,495.0,497.8,17467
NLIC,2026-05-18,762.0,764.6,11209
USHL,2026-05-18,605.0,615.0,3053
CHCL,2026-05-18,476.0,480.0,26220
SEF,2026-05-18,9.95,9.95,13000
PROFL,2026-05-18,440.0,432.5,4555
PSF,2026-05-18,11.81,12.07,59480
DHEL,2026-05-18,572.0,603.2,23069
RSY,2026-05-18,9.95,10.12,26400
NRM,2026-05-18,350.5,351.0,23878
UMHL,2026-05-18,570.0,558.0,10281
BHDC,2026-05-18,455.0,456.3,3821
PPL,2026-05-18,335.4,346.0,22648
HRL,2026-05-18,631.0,636.9,44963
FOWAD,2026-05-18,1060.0,1043.0,3612
ULHC,2026-05-18,492.0,485.2,5403
MLBBL,2026-05-18,1190.0,1195.0,674
ANLB,2026-05-18,5899.0,5993.0,248
SBID89,2026-05-18,1131.1,1131.1,25
NFS,2026-05-18,565.0,560.0,3339
LVF2,2026-05-18,9.84,9.64,600
KSBBL,2026-05-18,484.0,484.0,19421
SLBBL,2026-05-18,815.0,819.8,2406
HPPL,2026-05-18,365.0,373.9,17437
NABBC,2026-05-18,936.0,958.0,2287
NRN,2026-05-18,1375.0,1357.0,20170
MANDU,2026-05-18,801.1,814.0,1570
MLBSL,2026-05-18,1790.0,1779.0,287
NICFC,2026-05-18,9.15,9.4,3700
MBJC,2026-05-18,279.2,283.5,12688
GBILD86/87,2026-05-18,1085.0,1085.0,25
SHIVM,2026-05-18,684.9,676.8,85713
MBL,2026-05-18,249.0,249.9,95320
RIDI,2026-05-18,327.8,346.0,85887
GILB,2026-05-18,1120.1,1120.0,1289
KMCDB,2026-05-18,857.0,864.0,2194
SPC,2026-05-18,452.1,451.9,5068
DORDI,2026-05-18,272.0,271.5,9308
GSY,2026-05-18,9.89,9.95,5000
SKHEL,2026-05-18,1269.9,1276.9,4281
RNLI,2026-05-18,459.0,458.0,9428
HEI,2026-05-18,539.9,530.0,1980
NMB50,2026-05-18,10.52,10.52,100
SOHL,2026-05-18,660.0,685.0,84454
SGHC,2026-05-18,363.0,364.0,13906
BNL,2026-05-18,14742.1,14742.1,10
SWBBL,2026-05-18,777.0,736.5,1255
SANVI,2026-05-18,670.0,685.0,11629
IGI,2026-05-18,444.1,421.9,12513
USHEC,2026-05-18,488.2,492.1,7428
SABBL,2026-05-18,1210.0,1209.2,9273
SCB,2026-05-18,680.0,647.0,3008
WNLB,2026-05-18,1493.0,1430.0,142
MHNL,2026-05-18,260.9,263.0,2395
GUFL,2026-05-18,520.0,520.0,4234
ADBL,2026-05-18,307.1,311.0,13470
MKCL,2026-05-18,1270.0,1271.0,530
SMFBS,2026-05-18,1550.0,1525.0,675
DDBL,2026-05-18,840.0,846.0,7412
SKBBL,2026-05-18,756.0,769.0,15070
GBIMESY2,2026-05-18,9.35,9.41,6660
AKJCL,2026-05-18,371.4,352.0,133500
MSLB,2026-05-18,1204.0,1227.5,709
NICGF2,2026-05-18,9.28,9.4,12700
SAHAS,2026-05-18,695.1,667.0,127066
CGH,2026-05-18,799.0,799.0,5856
NABILD2089,2026-05-18,1128.0,1125.0,1474
KBSH,2026-05-18,1579.0,1579.0,50
UAIL,2026-05-18,436.5,455.0,8586
JHAPA,2026-05-18,1650.0,1578.9,12271
NICL,2026-05-18,497.9,482.8,7785
EBL,2026-05-18,711.5,705.5,15615
NGPL,2026-05-18,451.0,445.0,101986
MSHL,2026-05-18,674.0,687.0,1583
BHCL,2026-05-18,503.1,517.6,27109
NIBSF2,2026-05-18,9.1,9.5,15397
SWMF,2026-05-18,641.0,655.0,2240
PMLI,2026-05-18,465.0,462.0,4773
ENL,2026-05-18,870.1,890.0,1516
MHL,2026-05-18,485.1,499.9,3790
BFC,2026-05-18,461.0,453.2,3454
MABEL,2026-05-18,621.5,660.0,8909
NICLBSL,2026-05-18,565.1,565.0,7735
RMF1,2026-05-18,9.61,9.8,18510
SHINE,2026-05-18,406.0,409.0,7134
CMF2,2026-05-18,9.72,9.96,2600
SALICO,2026-05-18,590.0,590.0,362
MERO,2026-05-18,730.0,705.6,4737
HIDCLP,2026-05-18,206.5,205.0,47857
TAMOR,2026-05-18,442.0,447.2,48554
SANIMA,2026-05-18,367.0,365.5,41585
ALBSL,2026-05-18,1045.0,1108.0,1076
SBCF,2026-05-18,9.58,9.71,12800
SGIC,2026-05-18,471.0,457.0,4855
KEF,2026-05-18,10.62,10.83,31217
ILBS,2026-05-18,915.0,921.5,1684
PHCL,2026-05-18,307.0,307.0,46514
CZBIL,2026-05-18,206.0,204.5,21744
UMRH,2026-05-18,531.0,536.3,2931
RHGCL,2026-05-18,277.4,292.0,16377
SAGF,2026-05-18,10.1,10.3,2600
SMH,2026-05-18,576.5,584.0,13879
SAIL,2026-05-18,1174.0,1159.9,18825
BOKD86,2026-05-18,1080.0,1080.0,55
SWASTIK,2026-05-18,2448.9,2345.0,710
GRDBL,2026-05-18,1024.0,1031.0,4522
PRIN,2026-05-18,645.1,646.0,2639
CKHL,2026-05-18,640.1,664.0,1540
OMPL,2026-05-18,1156.0,1149.0,2615
OHL,2026-05-18,688.1,701.0,1873
H8020,2026-05-18,11.65,11.9,1990
RADHI,2026-05-18,750.0,759.0,30733
SPHL,2026-05-18,507.0,499.2,6210
NIL,2026-05-18,615.0,606.0,3402
SJLIC,2026-05-18,426.0,427.9,15366
SBL,2026-05-18,393.0,396.0,44876
SLBSL,2026-05-18,1218.0,1200.0,162
NIBLGF,2026-05-18,9.28,9.38,7700
HIMSTAR,2026-05-18,856.0,880.0,3151
CBBL,2026-05-18,907.0,912.5,10523
ICFCD89,2026-05-18,1087.0,1085.0,420
KBL,2026-05-18,220.0,217.0,161044
JOSHI,2026-05-18,279.1,278.0,8294
NHPC,2026-05-18,282.2,281.0,187372
BARUN,2026-05-18,345.0,345.3,19952
MFIL,2026-05-18,782.0,785.0,13594
CYCL,2026-05-18,1457.0,1474.9,437
RBBF40,2026-05-18,9.5,9.36,2500
HBL,2026-05-18,203.9,203.9,21361
NMFBS,2026-05-18,1120.0,1130.0,1931
MAKAR,2026-05-18,497.0,495.5,3475
SJCL,2026-05-18,292.0,299.9,8749
SHLB,2026-05-18,1420.1,1467.8,427
KPCL,2026-05-18,490.0,489.9,4269
NSIF2,2026-05-18,10.65,10.66,2750
LEC,2026-05-18,225.0,225.5,45930
NIBLSTF,2026-05-18,9.65,9.15,1100
TVCL,2026-05-18,502.0,505.1,930
SKHL,2026-05-18,910.9,890.0,13579
LLBS,2026-05-18,966.0,966.0,1
HHL,2026-05-18,375.0,367.0,23216
NBBD2085,2026-05-18,1125.9,1125.9,15
EBLEB89,2026-05-18,1055.3,1055.2,100
NADEP,2026-05-18,730.0,742.9,477
DLBS,2026-05-18,1315.0,1280.0,475
ACLBSL,2026-05-18,997.3,950.0,662
NMBHF2,2026-05-18,9.35,9.44,17690
SPDL,2026-05-18,404.0,401.7,17353
NICAD2091,2026-05-18,1050.0,1070.0,125
LSL,2026-05-18,223.0,223.9,131192
MEHL,2026-05-18,368.3,374.3,5125
CSY,2026-05-18,9.15,9.34,2930
MBLEF,2026-05-18,9.97,10.11,1300
RURU,2026-05-18,647.2,651.0,5414
BJHL,2026-05-18,930.0,936.0,5046
SNLI,2026-05-18,448.0,446.0,17233
MKHC,2026-05-18,315.0,323.0,11656
GVL,2026-05-18,486.0,493.9,27588
GMLI,2026-05-18,1242.0,1254.1,1232
CHDC,2026-05-18,2250.0,2252.1,6066
NESDO,2026-05-18,1513.0,1516.0,296
SMHL,2026-05-18,494.0,495.0,26747
MLBSP,2026-05-18,698.0,698.0,6000
NHDL,2026-05-18,634.0,633.8,3409
LICN,2026-05-18,810.5,812.0,2500
NRIC,2026-05-18,933.1,896.0,9573
RBCL,2026-05-18,14945.0,15000.0,85
GBBL,2026-05-18,412.0,415.0,25830
GBIME,2026-05-18,234.2,237.0,70520
HDL,2026-05-18,1151.0,1155.0,30376
PBLD87,2026-05-18,1100.0,1102.0,149
ICFC,2026-05-18,620.0,624.0,24412
BNT,2026-05-18,11750.1,11750.1,10
SBD87,2026-05-18,1090.0,1090.0,25
VLUCL,2026-05-18,482.1,489.0,1385
NMB,2026-05-18,244.0,245.0,16198
AHL,2026-05-18,500.0,509.9,10257
SDBD87,2026-05-18,1120.0,1120.0,25
STC,2026-05-18,6048.9,5977.9,2578
NBF2,2026-05-18,10.0,10.0,1534
PURE,2026-05-18,940.1,950.0,7063
NIMB,2026-05-18,207.9,196.9,130431
SINDU,2026-05-18,710.7,703.0,5283
ULBSL,2026-05-18,2867.0,2938.0,352
CORBL,2026-05-18,2065.8,2013.0,3896
NSY,2026-05-18,9.43,9.5,55400
BANDIPUR,2026-05-18,802.0,804.9,22371
SBI,2026-05-18,394.0,395.8,3659
MNBBL,2026-05-18,375.0,370.0,22615
ALICL,2026-05-18,450.1,455.5,17737
ICFCD83,2026-05-18,1100.0,1082.0,137
TSHL,2026-05-18,584.1,584.0,1059
MLBL,2026-05-18,365.0,363.0,38481
SFEF,2026-05-18,10.2,10.14,17757
RMF2,2026-05-18,10.1,10.1,3130
JBBL,2026-05-18,336.4,357.6,149143
BHL,2026-05-18,222.2,221.0,98573
SONA,2026-05-18,444.0,439.1,24558
NTC,2026-05-18,894.0,890.5,7931
JFL,2026-05-18,385.4,408.0,2690
SIGS3,2026-05-18,10.59,10.79,2200
BUNGAL,2026-05-18,590.0,627.1,76742
SHPC,2026-05-18,527.0,516.2,29875
SYPNL,2026-05-18,1530.0,1474.9,47710
PRVU,2026-05-18,200.0,199.0,49849
EHPL,2026-05-18,382.0,382.0,32434
EBLD86,2026-05-18,1072.1,1072.1,25
MLBS,2026-05-18,1216.0,1235.0,170
GBBD85,2026-05-18,1076.1,1076.0,50
PMHPL,2026-05-18,340.0,339.6,3783
NMBMF,2026-05-18,624.0,626.0,1005
MKJC,2026-05-18,486.0,491.0,6740
NLG,2026-05-18,595.2,564.0,3289
RSDC,2026-05-18,665.0,660.1,1849
NYADI,2026-05-18,381.1,385.0,961
PRSF,2026-05-18,12.71,12.98,39821
DOLTI,2026-05-18,345.0,347.0,33401
KDBY,2026-05-18,11.07,11.31,48300
NIFRA,2026-05-18,262.0,262.8,39897
SPL,2026-05-18,695.5,710.0,2135
GBLBS,2026-05-18,773.0,765.0,1633
HBLD86,2026-05-18,1156.0,1156.0,15
NWCL,2026-05-18,780.0,799.9,249
GMFBS,2026-05-18,1295.6,1296.0,1298
C30MF,2026-05-18,9.85,9.9,300
ICFCD88,2026-05-18,1135.1,1137.1,75
AKPL,2026-05-18,267.9,265.8,51410
MMF1,2026-05-18,9.58,9.5,14700
UNL,2026-05-18,46500.0,46500.0,10
TRH,2026-05-18,769.0,765.1,926
GLH,2026-05-18,265.0,265.2,16324
PCIL,2026-05-18,840.0,811.9,65056
LBBL,2026-05-18,485.0,484.3,16079
FMDBL,2026-05-18,797.0,797.0,7596
TTL,2026-05-18,805.0,800.0,4466
RBBD2088,2026-05-18,1070.0,1070.0,75
SPIL,2026-05-18,720.0,700.6,790
MEL,2026-05-18,238.0,234.1,11242
UNLB,2026-05-18,1395.1,1438.0,282
RFPL,2026-05-18,365.0,370.9,16739
NBL,2026-05-18,253.5,265.1,63987
MNMF1,2026-05-18,9.9,10.0,62150
MEN,2026-05-18,606.3,608.0,33039
NMLBBL,2026-05-18,585.0,581.0,8303
HIDCL,2026-05-18,270.0,268.4,52363
KMCDBP,2026-05-18,587.0,587.0,7140
PPCL,2026-05-18,368.2,372.6,7943
KSY,2026-05-18,9.4,9.46,4700
SBLD2091,2026-05-18,1096.9,1067.6,150
JBLB,2026-05-18,1296.0,1299.0,3992
HLICF,2026-05-18,8.9,9.01,1650
API,2026-05-18,349.0,349.0,176371
SAGAR,2026-05-18,1688.0,1667.0,3563
ILI,2026-05-18,433.4,434.6,6568
NIMBPO,2026-05-18,155.0,151.0,707
UPCL,2026-05-18,369.0,369.5,72716
SMPDA,2026-05-18,826.0,839.0,523
HURJA,2026-05-18,255.0,252.5,20798
KKHC,2026-05-18,262.0,257.0,31215
UPPER,2026-05-18,204.0,204.0,71512
MKHL,2026-05-18,503.1,517.6,6906
NMIC,2026-05-18,1000.0,1007.0,2190
RLFL,2026-05-18,437.0,436.0,1994
HATHY,2026-05-18,786.1,781.6,8499
HEIP,2026-05-18,313.0,313.0,103
PCBL,2026-05-18,240.0,239.8,28123
EBLD91,2026-05-18,1066.2,1095.0,117
UHEWA,2026-05-18,557.0,566.1,5286
NABIL,2026-05-18,527.0,526.0,44305
NUBL,2026-05-18,660.0,651.0,8732
RLEL,2026-05-18,978.0,1000.0,12055
NBF3,2026-05-18,9.7,9.9,10405
BBC,2026-05-18,4888.0,4805.0,96
MDB,2026-05-18,600.0,596.1,21699
SLCF,2026-05-18,9.9,9.95,7500
MMKJL,2026-05-18,477.2,493.0,4664
SBD89,2026-05-18,1243.0,1243.0,25
VLBS,2026-05-18,687.0,690.2,2552
RSML,2026-05-18,3720.0,3690.1,19875
NICA,2026-05-18,355.0,349.0,56092
CLI,2026-05-18,453.0,451.6,16397
HFIN,2026-05-18,966.0,975.0,25347
BEDC,2026-05-18,379.5,364.2,15477
SSHL,2026-05-18,212.6,212.0,54029
AHPC,2026-05-18,280.0,278.8,76380
SIPD,2026-05-18,799.0,785.1,14531
SARBTM,2026-05-18,843.5,852.0,3052
SFMF,2026-05-18,10.26,10.35,9813
KDL,2026-05-18,815.0,822.0,770
LUK,2026-05-18,9.95,9.96,300
SMJC,2026-05-18,460.0,473.0,59445
HLI,2026-05-18,337.3,337.0,16419
SIKLES,2026-05-18,581.2,591.0,2686
SFCL,2026-05-18,367.0,366.3,6879
SHEL,2026-05-18,309.0,310.9,39629
UNHPL,2026-05-18,440.0,444.0,68771
GHL,2026-05-18,233.0,235.2,29121
RAWA,2026-05-18,571.5,578.0,380
GLBSL,2026-05-18,1790.0,1782.1,275
BGWT,2026-05-18,690.0,669.0,10702
CHL,2026-05-18,289.0,290.8,5599
KBLD90,2026-05-15,1236.0,1236.0,20
GBLBS,2026-05-15,773.0,773.0,3804
SGIC,2026-05-15,468.0,458.0,3307
CLI,2026-05-15,451.8,455.0,17123
SABBL,2026-05-15,1200.0,1214.0,15536
HLBSL,2026-05-15,880.2,890.0,1472
RSDC,2026-05-15,680.0,661.1,779
SRLI,2026-05-15,386.2,389.0,12690
KEF,2026-05-15,10.62,10.62,17400
HIDCLP,2026-05-15,202.0,206.6,153984
NHPC,2026-05-15,280.0,281.0,300605
NICSF,2026-05-15,9.5,9.15,48650
CREST,2026-05-15,1268.4,1137.8,8824
ULBSL,2026-05-15,2850.0,2955.0,603
NIFRAUR85/86,2026-05-15,1100.0,1100.0,20
LBBL,2026-05-15,481.0,485.0,36838
SKHEL,2026-05-15,1260.0,1270.0,9026
PPL,2026-05-15,372.0,353.0,14915
NIMBD90,2026-05-15,1232.0,1232.0,100
NMFBS,2026-05-15,1120.0,1120.0,1435
ICFCD89,2026-05-15,1099.0,1087.0,270
PRIN,2026-05-15,645.1,648.0,3587
PFL,2026-05-15,372.9,369.0,3517
SONA,2026-05-15,437.2,439.1,14779
GMLI,2026-05-15,1285.0,1279.0,1961
CHDC,2026-05-15,2240.0,2259.2,13481
SSHL,2026-05-15,213.0,212.5,98974
MANDU,2026-05-15,806.1,815.0,1934
HDHPC,2026-05-15,223.9,221.5,117608
C30MF,2026-05-15,10.0,10.05,44441
OHL,2026-05-15,680.3,696.0,685
OMPL,2026-05-15,1186.0,1151.0,3141
CHL,2026-05-15,292.0,290.0,8709
SPC,2026-05-15,487.0,452.0,5245
GIBF1,2026-05-15,10.65,10.66,1700
NABIL,2026-05-15,525.1,527.0,22776
MHL,2026-05-15,496.0,498.5,2624
SFCL,2026-05-15,364.9,367.0,9015
SJLIC,2026-05-15,428.0,428.0,25282
AVYAN,2026-05-15,1064.0,1129.0,5575
MLBSL,2026-05-15,1753.0,1790.1,1567
NBF2,2026-05-15,10.2,10.0,5200
TAMOR,2026-05-15,451.0,447.1,69975
GLH,2026-05-15,269.0,265.9,20191
MKJC,2026-05-15,498.0,490.0,2489
MHCL,2026-05-15,346.0,348.4,2358
SLBSL,2026-05-15,1225.0,1218.0,1760
JOSHI,2026-05-15,278.0,277.0,7339
CBBL,2026-05-15,911.1,907.0,43845
CHCL,2026-05-15,477.0,476.0,7290
NSY,2026-05-15,9.46,9.5,9700
SLCF,2026-05-15,9.9,10.09,4400
SPHL,2026-05-15,517.3,507.1,2442
LEC,2026-05-15,223.0,223.0,56192
GHL,2026-05-15,238.0,235.1,23021
UNLB,2026-05-15,1420.0,1438.0,298
SMH,2026-05-15,567.1,576.5,2316
SANIMA,2026-05-15,361.1,365.5,100417
BNHC,2026-05-15,329.9,325.1,4178
UPPER,2026-05-15,205.0,204.0,78897
DHEL,2026-05-15,585.0,588.0,9090
NICA,2026-05-15,335.0,352.0,60201
BHL,2026-05-15,223.0,221.6,92201
SIGS2,2026-05-15,10.38,10.38,200
NESDO,2026-05-15,1520.0,1533.0,859
SHPC,2026-05-15,520.0,518.0,26540
MBL,2026-05-15,251.0,249.0,61587
AKPL,2026-05-15,252.7,267.9,54952
JBBL,2026-05-15,352.5,354.1,111184
UMRH,2026-05-15,535.3,534.4,6644
MBLEF,2026-05-15,10.02,10.14,494035
NIFRA,2026-05-15,265.0,262.2,67775
LSL,2026-05-15,210.5,219.9,117325
SHINE,2026-05-15,430.5,408.3,3353
MKHC,2026-05-15,318.0,316.0,8344
HATHY,2026-05-15,800.0,790.2,4976
HBLD83,2026-05-15,1036.0,1036.0,50
EBL,2026-05-15,703.0,703.9,25550
EBLD91,2026-05-15,1092.0,1094.0,185
UNL,2026-05-15,46550.0,46310.0,21
SMFBS,2026-05-15,1512.0,1554.0,331
SIKLES,2026-05-15,576.3,585.0,10613
BUNGAL,2026-05-15,572.0,589.8,12169
SHEL,2026-05-15,310.0,310.2,39210
NFS,2026-05-15,562.2,562.9,8186
H8020,2026-05-15,11.55,11.66,13035
MKCL,2026-05-15,1235.1,1269.0,2103
USHL,2026-05-15,615.0,617.8,2213
AHL,2026-05-15,500.0,508.6,7287
MBJC,2026-05-15,282.3,281.2,22181
SMB,2026-05-15,1755.0,1755.0,510
UNHPL,2026-05-15,507.3,455.0,657030
BBC,2026-05-15,4830.0,4830.0,139
USLB,2026-05-15,1240.0,1236.6,916
RADHI,2026-05-15,746.1,761.0,12307
SAGF,2026-05-15,10.21,10.4,4300
TRH,2026-05-15,751.0,765.0,1836
SPIL,2026-05-15,702.0,709.9,5904
NIL,2026-05-15,624.6,613.0,4454
ICFCD83,2026-05-15,1100.0,1100.0,100
VLBS,2026-05-15,660.8,693.0,2394
KDL,2026-05-15,803.0,822.0,1257
HRL,2026-05-15,626.0,631.0,129221
NGPL,2026-05-15,446.5,447.0,153485
ADBLD83,2026-05-15,1070.0,1070.0,200
PMHPL,2026-05-15,344.8,338.9,3140
DHPL,2026-05-15,305.9,297.0,1160
SPDL,2026-05-15,420.0,401.0,39993
RFPL,2026-05-15,362.0,370.8,20318
KPCL,2026-05-15,485.0,487.0,9745
HBL,2026-05-15,201.5,203.9,28410
PSF,2026-05-15,11.86,11.93,103100
NABBC,2026-05-15,935.0,949.0,8033
GBIME,2026-05-15,233.3,234.2,32504
NHDL,2026-05-15,639.0,630.0,3544
IHL,2026-05-15,397.9,404.0,51178
BEDC,2026-05-15,343.9,361.5,11512
NICAD2091,2026-05-15,1069.0,1070.0,50
RBCL,2026-05-15,15346.0,15400.0,185
ALBSL,2026-05-15,1070.0,1100.0,10341
BANDIPUR,2026-05-15,810.0,809.0,16765
RLEL,2026-05-15,1004.0,997.0,15358
NLIC,2026-05-15,760.0,762.0,19109
SCB,2026-05-15,654.0,649.0,2415
SBLD2091,2026-05-15,1066.0,1065.0,100
SIFC,2026-05-15,534.0,530.9,5412
DORDI,2026-05-15,268.1,271.5,13434
SBL,2026-05-15,374.0,392.5,64638
NBBD2085,2026-05-15,1125.0,1125.0,10
KKHC,2026-05-15,248.9,262.0,10759
VLUCL,2026-05-15,471.0,487.0,1947
HIMSTAR,2026-05-15,870.0,878.0,3280
CKHL,2026-05-15,660.0,646.0,1692
UPCL,2026-05-15,388.5,369.0,30856
LVF2,2026-05-15,9.42,9.89,6060
RBCLPO,2026-05-15,12100.0,12100.0,10
SLBBL,2026-05-15,816.6,817.0,3084
NADEP,2026-05-15,740.1,742.0,2484
MSLB,2026-05-15,1222.1,1230.0,237
NRIC,2026-05-15,890.0,889.0,13580
ENL,2026-05-15,870.0,890.0,3111
NICLBSL,2026-05-15,566.0,570.0,4830
RLFL,2026-05-15,427.0,431.0,4057
MERO,2026-05-15,717.0,710.0,3652
MPFL,2026-05-15,605.0,614.0,9516
ULHC,2026-05-15,483.0,492.0,10359
PHCL,2026-05-15,305.1,307.0,34800
SARBTM,2026-05-15,850.0,843.5,7173
MNMF1,2026-05-15,9.7,10.0,7000
MMF1,2026-05-15,9.13,9.5,9280
SWBBL,2026-05-15,727.0,740.0,1455
NMIC,2026-05-15,1000.0,1007.5,2801
RURU,2026-05-15,682.5,647.2,8099
RNLI,2026-05-15,480.9,458.6,6859
LLBS,2026-05-15,932.0,966.0,314
SBCF,2026-05-15,9.6,9.85,1300
GRDBL,2026-05-15,990.3,1024.1,5773
ILBS,2026-05-15,910.0,922.5,1793
KBLD86,2026-05-15,1162.1,1162.1,100
ICFCD88,2026-05-15,1133.0,1133.1,50
GMFBS,2026-05-15,1327.0,1334.6,350
PCBL,2026-05-15,237.0,239.5,23344
JBLB,2026-05-15,1315.0,1305.0,5604
SPL,2026-05-15,706.0,704.0,1111
GSY,2026-05-15,9.9,9.9,3200
NICBF,2026-05-15,9.8,9.8,635
CITY,2026-05-15,382.9,397.0,17614
NIMB,2026-05-15,195.1,198.0,88322
JSLBB,2026-05-15,1102.0,1102.0,20
NRN,2026-05-15,1380.0,1367.4,14087
SALICO,2026-05-15,584.0,587.0,4022
SBI,2026-05-15,399.9,396.0,12725
NIFRAGED,2026-05-15,1039.1,1039.1,25
MHNL,2026-05-15,276.1,266.0,4981
SIGS3,2026-05-15,10.6,10.6,8400
SYPNL,2026-05-15,1620.0,1530.0,55620
MEL,2026-05-15,225.0,238.0,37155
NSIF2,2026-05-15,10.62,10.7,600
RBBF40,2026-05-15,9.25,9.5,5969
RIDI,2026-05-15,350.1,345.0,234554
BGWT,2026-05-15,658.7,689.9,6969
MNBBL,2026-05-15,375.0,371.0,12620
NLICL,2026-05-15,593.0,589.8,7095
ACLBSL,2026-05-15,925.0,949.9,1225
MKHL,2026-05-15,508.0,510.0,4476
PPCL,2026-05-15,393.7,372.0,7909
NMBHF2,2026-05-15,9.54,9.55,500
MMKJL,2026-05-15,475.5,491.0,2470
GVL,2026-05-15,481.1,486.3,8812
MLBL,2026-05-15,367.2,365.9,12839
RMF2,2026-05-15,10.3,10.2,5600
TPC,2026-05-15,369.5,365.5,16457
PROFL,2026-05-15,433.1,435.0,4559
NBF3,2026-05-15,9.7,9.9,30900
HFIN,2026-05-15,970.0,985.1,51961
RSML,2026-05-15,3741.9,3706.0,23184
SEF,2026-05-15,9.9,9.95,5100
CYCL,2026-05-15,1450.0,1466.1,231
HEIP,2026-05-15,319.9,320.0,1000
GUFL,2026-05-15,525.0,520.1,3379
KMCDBP,2026-05-15,587.0,587.0,7270
BHCL,2026-05-15,501.1,503.1,9264
STC,2026-05-15,5998.0,5984.0,863
HLICF,2026-05-15,9.35,9.0,1100
NABILD2089,2026-05-15,1084.0,1145.0,2600
SAND2085,2026-05-15,1124.9,1124.1,30
SCBD,2026-05-15,1104.2,1104.2,25
GBIMESY2,2026-05-15,9.4,9.63,2500
CORBL,2026-05-15,2020.0,2011.0,3465
NWCL,2026-05-15,781.0,787.0,630
SAGAR,2026-05-15,1685.0,1665.0,4867
SFEF,2026-05-15,10.12,10.16,23360
HIDCL,2026-05-15,270.0,267.0,57522
UMHL,2026-05-15,552.1,559.7,12607
ADBL,2026-05-15,306.0,310.2,27571
NLG,2026-05-15,570.0,567.0,7171
CFCL,2026-05-15,516.6,494.0,4085
SADBL,2026-05-15,412.0,413.9,26736
PMLI,2026-05-15,461.6,461.1,3226
SHIVM,2026-05-15,684.0,674.0,90902
MABEL,2026-05-15,633.1,652.8,4528
ANLB,2026-05-15,5800.0,6020.0,630
BARUN,2026-05-15,340.0,346.0,24494
ILI,2026-05-15,433.1,436.0,13051
PRSF,2026-05-15,12.73,12.99,316100
HHL,2026-05-15,378.8,368.0,20210
CGH,2026-05-15,799.3,798.0,12905
SAHAS,2026-05-15,667.0,662.0,115811
PURE,2026-05-15,935.5,950.0,3646
GMFIL,2026-05-15,465.0,452.4,5300
LUK,2026-05-15,9.93,10.1,1465
GLBSL,2026-05-15,1780.0,1790.0,150
ICFC,2026-05-15,620.0,620.0,5794
KSBBL,2026-05-15,483.0,481.0,8602
GFCL,2026-05-15,610.0,625.8,3946
SINDU,2026-05-15,696.3,700.1,6082
RSY,2026-05-15,10.35,10.25,1960
WNLB,2026-05-15,1460.0,1450.0,411
AHPC,2026-05-15,275.6,280.0,83806
HEI,2026-05-15,545.0,532.0,4815
MSHL,2026-05-15,647.4,693.0,80
SANVI,2026-05-15,667.3,673.0,6321
FOWAD,2026-05-15,1050.0,1059.0,3010
NUBL,2026-05-15,659.1,661.0,3383
NMBMF,2026-05-15,635.0,624.0,4172
JHAPA,2026-05-15,1520.0,1600.0,19253
SWMF,2026-05-15,658.0,658.0,1633
NIBD84,2026-05-15,1049.1,1048.8,50
NRM,2026-05-15,375.1,358.0,48200
HURJA,2026-05-15,253.0,252.9,29928
SICL,2026-05-15,622.9,615.0,3255
SMPDA,2026-05-15,858.0,845.0,1216
KSY,2026-05-15,9.33,9.4,890
SWASTIK,2026-05-15,2400.0,2385.1,1135
NMB,2026-05-15,246.9,244.2,28199
SAIL,2026-05-15,1142.0,1140.0,17639
SOHL,2026-05-15,692.0,691.7,117601
FMDBL,2026-05-15,795.5,796.0,7814
MEHL,2026-05-15,375.0,368.3,3775
GBBL,2026-05-15,415.0,415.0,18626
UHEWA,2026-05-15,601.1,570.0,3102
CMF2,2026-05-15,9.8,9.85,200
SMHL,2026-05-15,495.0,494.0,35288
DOLTI,2026-05-15,364.8,346.0,18576
SGHC,2026-05-15,370.0,362.5,5732
CZBIL,2026-05-15,201.4,204.1,19633
MLBS,2026-05-15,1225.0,1251.0,65
SBID2090,2026-05-15,1125.0,1150.0,280
USHEC,2026-05-15,503.0,492.0,5251
RAWA,2026-05-15,586.1,588.0,240
BNT,2026-05-15,12048.9,12048.9,11
LICN,2026-05-15,808.6,814.0,6139
API,2026-05-15,351.0,349.0,326556
DDBL,2026-05-15,855.0,844.5,7177
ALICL,2026-05-15,454.0,451.5,6594
MFIL,2026-05-15,795.0,797.0,69541
PRVU,2026-05-15,198.0,198.6,44799
TSHL,2026-05-15,588.0,599.0,665
KDBY,2026-05-15,11.2,11.4,54530
SJCL,2026-05-15,297.0,302.0,23514
SKHL,2026-05-15,884.0,886.0,11484
BFC,2026-05-15,459.9,454.1,4495
AKJCL,2026-05-15,346.0,353.8,239930
NICGF2,2026-05-15,9.5,9.26,1000
MEN,2026-05-15,607.0,606.0,44386
HDL,2026-05-15,1151.0,1158.0,16978
IGI,2026-05-15,428.5,423.0,5390
SHL,2026-05-15,495.0,498.4,15141
RHGCL,2026-05-15,296.0,292.0,20565
JFL,2026-05-15,410.0,405.6,3841
NIBLSTF,2026-05-15,9.75,9.42,2343
SKBBL,2026-05-15,765.0,766.0,11166
CSY,2026-05-15,9.15,9.3,7278
KBSH,2026-05-15,1585.9,1539.0,30
SMATA,2026-05-15,750.1,767.4,3496
TTL,2026-05-15,802.0,805.0,6889
SAPDBL,2026-05-15,776.1,779.0,7535
NIBLGF,2026-05-15,9.3,9.5,7960
NBLD85,2026-05-15,1067.0,1070.0,58
BPCL,2026-05-15,711.0,695.9,59629
MDB,2026-05-15,586.2,595.0,6291
TVCL,2026-05-15,497.0,511.4,3065
MAKAR,2026-05-15,500.0,496.5,2076
NICL,2026-05-15,482.0,486.5,7709
NBL,2026-05-15,250.8,266.8,17584
EDBL,2026-05-15,584.0,579.9,3893
GBBD85,2026-05-15,1080.0,1076.1,80
EHPL,2026-05-15,382.0,379.0,9288
BJHL,2026-05-15,918.0,930.0,14356
MCHL,2026-05-15,313.5,312.0,7052
NTC,2026-05-15,895.9,892.0,9275
GCIL,2026-05-15,410.5,417.0,11372
PCIL,2026-05-15,840.0,839.8,47373
NIMBPO,2026-05-15,142.0,151.0,8805
NIBSF2,2026-05-15,9.3,9.2,2200
PBD88,2026-05-15,1217.19,1217.19,25
RMF1,2026-05-15,9.8,9.82,26554
CIT,2026-05-15,1790.0,1763.0,2746
SHLB,2026-05-15,1440.0,1460.0,290
MLBBL,2026-05-15,1181.5,1199.0,1021
NMLBBL,2026-05-15,580.1,588.8,7014
MATRI,2026-05-15,885.0,895.0,442
BHDC,2026-05-15,460.0,455.0,9992
BHPL,2026-05-15,510.1,523.0,2888
NYADI,2026-05-15,381.1,384.0,5494
KBL,2026-05-15,216.9,218.0,186124
RBBD2088,2026-05-15,1075.0,1075.0,45
HLI,2026-05-15,339.9,337.5,36311
UAIL,2026-05-15,435.0,441.9,3784
NICFC,2026-05-15,9.6,9.32,700
DLBS,2026-05-15,1323.0,1315.0,894
SMJC,2026-05-15,452.0,458.0,16217
SIPD,2026-05-15,806.0,799.0,18488
SNLI,2026-05-15,445.1,448.0,5968
KMCDB,2026-05-15,870.0,872.0,927
GILB,2026-05-15,1106.1,1120.0,1265
HPPL,2026-05-15,366.0,371.0,18183
RHPL,2026-05-15,276.0,279.9,10334
RSDC,2026-05-14,660.3,661.0,1974
SMFBS,2026-05-14,1555.0,1554.0,12
HLI,2026-05-14,339.9,336.9,18822
RBBD83,2026-05-14,1036.8,1036.7,50
NICL,2026-05-14,490.2,485.0,3430
GBBD85,2026-05-14,1080.0,1080.0,25
MMF1,2026-05-14,9.34,9.4,2900
SWBBL,2026-05-14,780.0,740.0,4416
GVL,2026-05-14,482.1,486.4,20015
TPC,2026-05-14,362.3,366.0,10760
SAIL,2026-05-14,1160.0,1155.0,29517
RMF2,2026-05-14,10.3,10.2,770
GHL,2026-05-14,231.0,234.8,44152
HIMSTAR,2026-05-14,866.7,870.0,2852
RFPL,2026-05-14,353.0,368.0,17411
FMDBL,2026-05-14,799.0,795.9,9871
MNMF1,2026-05-14,9.64,9.92,3650
ICFCD89,2026-05-14,1081.0,1083.1,652
SMHL,2026-05-14,485.6,494.0,69753
PBD84,2026-05-14,1140.0,1140.0,10
NMLBBL,2026-05-14,598.5,588.0,9239
RSML,2026-05-14,3705.0,3690.0,19134
HHL,2026-05-14,355.0,372.0,17965
SADBL,2026-05-14,413.0,410.5,8603
PPL,2026-05-14,341.0,355.0,18951
TVCL,2026-05-14,510.0,511.3,1561
NIBSF2,2026-05-14,9.22,9.3,4629
LVF2,2026-05-14,9.62,9.66,1400
SMJC,2026-05-14,455.0,451.0,13282
SHEL,2026-05-14,311.8,309.0,62784
GBIME,2026-05-14,234.8,235.0,52969
HDHPC,2026-05-14,222.0,221.0,104669
TSHL,2026-05-14,612.0,597.0,577
KKHC,2026-05-14,261.0,262.0,35142
SJCL,2026-05-14,324.0,300.0,18243
NGPL,2026-05-14,442.4,446.0,114349
ENL,2026-05-14,895.0,880.0,179
NIBD2082,2026-05-14,1040.0,1040.0,25
GBLBS,2026-05-14,775.0,771.9,1415
SHIVM,2026-05-14,685.0,675.0,77654
MBLEF,2026-05-14,10.1,10.1,642550
CBBL,2026-05-14,915.0,911.5,28597
RADHI,2026-05-14,768.0,758.8,43777
SBI,2026-05-14,401.0,396.0,12088
NLIC,2026-05-14,760.0,763.4,13031
CREST,2026-05-14,1139.1,1208.0,9625
SAGF,2026-05-14,10.25,10.21,3500
VLBS,2026-05-14,688.0,695.5,2820
ULBSL,2026-05-14,2810.0,2970.0,655
SKBBL,2026-05-14,775.0,765.0,8307
MBJC,2026-05-14,278.5,282.2,24181
SAHAS,2026-05-14,660.0,667.0,281888
HRL,2026-05-14,643.3,626.0,600022
KSY,2026-05-14,9.51,9.41,57600
DHEL,2026-05-14,600.0,588.0,17891
JSLBB,2026-05-14,1072.3,1090.0,90
GLH,2026-05-14,265.2,266.1,8382
MHNL,2026-05-14,282.0,263.0,5817
UAIL,2026-05-14,441.0,440.9,2701
LICN,2026-05-14,815.0,813.9,2419
NSY,2026-05-14,9.5,9.62,8670
NMBMF,2026-05-14,627.3,629.0,2523
NBF2,2026-05-14,10.0,10.0,100
RNLI,2026-05-14,461.0,458.0,4271
SLBBL,2026-05-14,817.1,816.1,3812
MANDU,2026-05-14,810.0,814.0,920
RURU,2026-05-14,682.3,650.0,6494
NMB,2026-05-14,240.1,244.0,24809
SIFC,2026-05-14,525.1,525.0,951
DORDI,2026-05-14,270.1,271.0,18125
BBC,2026-05-14,4705.0,4813.6,100
RHPL,2026-05-14,277.0,276.0,11058
KBL,2026-05-14,217.2,218.0,118882
NLG,2026-05-14,575.0,573.9,2678
SYPNL,2026-05-14,1563.0,1562.0,118861
RAWA,2026-05-14,595.0,603.0,519
GMFBS,2026-05-14,1325.0,1327.0,108
KEF,2026-05-14,10.61,10.65,6100
SWASTIK,2026-05-14,2406.0,2420.0,825
BHDC,2026-05-14,457.5,456.0,16946
NRN,2026-05-14,1370.0,1368.9,31262
CGH,2026-05-14,802.9,799.2,12093
GBBL,2026-05-14,412.0,415.0,7424
ALBSL,2026-05-14,1080.0,1105.5,3006
SPL,2026-05-14,710.0,718.0,1566
BANDIPUR,2026-05-14,804.0,810.0,16263
PBD88,2026-05-14,1215.0,1250.0,57
SFEF,2026-05-14,10.18,10.14,49200
EDBL,2026-05-14,581.0,575.0,1662
NMBHF2,2026-05-14,9.34,9.78,20100
RIDI,2026-05-14,350.9,350.9,159554
OMPL,2026-05-14,1168.0,1152.0,2798
BNHC,2026-05-14,320.0,323.0,2387
CIT,2026-05-14,1800.0,1767.0,2555
NLICL,2026-05-14,588.0,587.7,5204
BNT,2026-05-14,11750.0,11900.0,76
DLBS,2026-05-14,1290.0,1323.0,483
NIBLSTF,2026-05-14,9.04,9.43,2820
SHPC,2026-05-14,518.0,520.0,44318
STC,2026-05-14,5925.0,5970.0,3149
SHL,2026-05-14,493.0,497.7,12043
BGWT,2026-05-14,650.1,679.0,1957
NABIL,2026-05-14,530.0,527.0,23778
SPIL,2026-05-14,700.0,710.1,3106
MEL,2026-05-14,220.0,226.1,26616
GCIL,2026-05-14,413.0,417.0,3331
DOLTI,2026-05-14,350.0,347.5,19228
IGI,2026-05-14,421.0,421.0,6106
LUK,2026-05-14,10.1,9.96,11750
MKHL,2026-05-14,525.0,518.0,1545
NICLBSL,2026-05-14,575.0,575.0,4726
SAPDBL,2026-05-14,782.1,775.0,10868
H8020,2026-05-14,11.58,11.9,2600
HLICF,2026-05-14,9.1,9.27,262500
NHDL,2026-05-14,650.0,639.0,663
ADBL,2026-05-14,311.0,309.0,9404
CHL,2026-05-14,286.0,291.5,8871
MERO,2026-05-14,714.0,715.1,2110
HDL,2026-05-14,1150.0,1157.0,18335
CSY,2026-05-14,9.25,9.2,14000
BHPL,2026-05-14,548.1,519.5,6253
NFS,2026-05-14,570.0,564.0,8103
RBCL,2026-05-14,15001.1,14900.0,45
GUFL,2026-05-14,521.0,519.5,3747
NMB50,2026-05-14,10.51,10.5,6200
ICFC,2026-05-14,625.0,621.9,4302
MSHL,2026-05-14,680.0,681.4,495
HEI,2026-05-14,537.0,536.5,8671
NMIC,2026-05-14,1000.0,1000.0,4615
JHAPA,2026-05-14,1648.5,1600.0,46426
ILI,2026-05-14,432.0,434.9,3681
NBF3,2026-05-14,9.87,9.95,17300
CITY,2026-05-14,415.0,403.0,11442
MABEL,2026-05-14,621.5,651.0,3321
NBLD85,2026-05-14,1052.2,1052.2,25
AKJCL,2026-05-14,372.7,352.4,170733
C30MF,2026-05-14,10.0,9.87,2570
NABILD2089,2026-05-14,1063.0,1063.0,25
RHGCL,2026-05-14,291.0,293.9,21262
PMHPL,2026-05-14,333.0,334.8,6920
MDB,2026-05-14,582.2,600.0,2192
USLB,2026-05-14,1240.0,1236.2,536
MCHL,2026-05-14,307.4,312.0,6826
NRM,2026-05-14,388.0,375.1,34360
MHL,2026-05-14,492.1,496.0,5149
MNBBLP,2026-05-14,236.2,236.2,2000
ICFCD88,2026-05-14,1133.0,1133.0,50
OHL,2026-05-14,687.0,697.9,1137
HPPL,2026-05-14,363.0,372.0,10536
GIBF1,2026-05-14,10.65,10.65,8280
GMFIL,2026-05-14,460.0,455.0,2623
MEHL,2026-05-14,385.9,375.0,6097
SLBSL,2026-05-14,1200.0,1230.0,270
PROFL,2026-05-14,440.0,435.0,3489
HFIN,2026-05-14,988.0,968.9,73005
MMKJL,2026-05-14,477.0,489.0,903
EBLD86,2026-05-14,1095.0,1080.0,180
SFCL,2026-05-14,371.0,363.2,12102
MLBSL,2026-05-14,1805.0,1799.7,885
MAKAR,2026-05-14,484.0,491.0,9550
SINDU,2026-05-14,700.0,709.0,11348
NIMB,2026-05-14,198.0,197.7,101514
RBCLPO,2026-05-14,11601.3,12000.7,220
SPDL,2026-05-14,420.0,400.0,24525
NBL,2026-05-14,260.0,264.0,41859
BUNGAL,2026-05-14,570.2,583.8,6832
KDL,2026-05-14,819.0,822.0,1179
SBID2090,2026-05-14,1098.0,1120.0,429
NICGF2,2026-05-14,9.9,9.5,3800
USHL,2026-05-14,640.0,632.9,4399
NICA,2026-05-14,358.9,351.9,26336
KMCDB,2026-05-14,861.5,866.0,1276
HEIP,2026-05-14,311.0,320.0,1558
SHINED,2026-05-14,1106.0,1106.0,25
EBLD91,2026-05-14,1065.1,1080.0,90
NIFRA,2026-05-14,264.0,263.0,48320
RLFL,2026-05-14,427.0,430.0,3435
MSLB,2026-05-14,1245.0,1226.0,990
SICL,2026-05-14,625.0,612.0,7598
VLUCL,2026-05-14,489.0,473.1,1780
SIGS3,2026-05-14,10.6,10.63,2300
KPCL,2026-05-14,490.0,489.4,2780
MKCL,2026-05-14,1230.0,1256.1,2059
UNLB,2026-05-14,1450.0,1439.0,410
SMPDA,2026-05-14,848.0,843.0,901
ULHC,2026-05-14,495.0,495.0,17065
MKHC,2026-05-14,315.0,318.0,7554
SBLD2091,2026-05-14,1080.0,1070.0,515
MPFL,2026-05-14,625.8,605.0,9764
UHEWA,2026-05-14,594.4,572.5,2881
FOWAD,2026-05-14,1041.0,1050.0,4771
PURE,2026-05-14,922.5,945.0,7454
PCIL,2026-05-14,865.0,843.0,54070
HATHY,2026-05-14,805.0,799.0,3834
DHPL,2026-05-14,301.0,297.8,6523
CHCL,2026-05-14,477.0,475.6,12315
SCB,2026-05-14,645.9,647.0,8884
SBID83,2026-05-14,1065.9,1085.0,235
SMH,2026-05-14,581.9,579.0,4856
SKHL,2026-05-14,930.0,884.0,39202
SSHL,2026-05-14,214.0,213.0,104033
SBD89,2026-05-14,1281.0,1281.0,11
JOSHI,2026-05-14,288.0,278.0,4006
NYADI,2026-05-14,385.2,387.0,1765
BHL,2026-05-14,224.9,221.5,120977
IHL,2026-05-14,390.1,396.0,46178
SBL,2026-05-14,397.5,393.0,57260
ANLB,2026-05-14,5872.0,6005.0,661
SARBTM,2026-05-14,831.0,839.0,9448
CKHL,2026-05-14,641.1,643.5,2543
NICD83/84,2026-05-14,1105.0,1105.0,20
LBBL,2026-05-14,480.3,481.0,29865
EHPL,2026-05-14,377.0,379.0,12430
PMLI,2026-05-14,461.0,461.6,3932
TTL,2026-05-14,793.0,802.0,8640
HBL,2026-05-14,203.0,203.7,26926
NADEP,2026-05-14,750.0,757.4,113
KSBBL,2026-05-14,482.0,482.0,7830
PCBL,2026-05-14,237.9,238.3,21867
TAMOR,2026-05-14,444.0,451.0,82782
NIBLGF,2026-05-14,9.7,9.35,4300
CHDC,2026-05-14,2267.0,2269.0,25931
AHL,2026-05-14,537.7,510.0,14691
NUBL,2026-05-14,665.0,662.0,2555
NIFRAGED,2026-05-14,1038.0,1039.1,100
GFCL,2026-05-14,620.0,615.0,5652
AHPC,2026-05-14,279.0,278.0,46319
GLBSL,2026-05-14,1780.0,1780.0,1
NIMBPO,2026-05-14,158.3,148.9,15744
BARUN,2026-05-14,342.0,346.0,15533
RMF1,2026-05-14,9.71,10.0,22682
NSIF2,2026-05-14,10.62,10.7,1600
RSY,2026-05-14,10.14,10.36,19400
MEN,2026-05-14,600.1,606.0,123337
NICD88,2026-05-14,1073.0,1073.0,25
SABBL,2026-05-14,1235.0,1221.0,10995
MBL,2026-05-14,251.0,248.0,52272
AVYAN,2026-05-14,1049.8,1120.0,3331
PRSF,2026-05-14,12.91,12.89,365650
BFC,2026-05-14,464.0,455.0,3475
SANVI,2026-05-14,670.0,685.0,5767
ACLBSL,2026-05-14,954.0,952.0,826
NICFC,2026-05-14,9.17,9.34,12400
MKJC,2026-05-14,504.0,485.8,4377
MHCL,2026-05-14,346.0,350.0,1301
SPHL,2026-05-14,519.0,502.3,1061
NBLD87,2026-05-14,1100.0,1100.0,25
BHCL,2026-05-14,505.0,505.2,5621
BJHL,2026-05-14,980.0,918.3,12654
CORBL,2026-05-14,2050.0,2032.0,9431
JBBL,2026-05-14,360.0,354.4,20712
HBLD86,2026-05-14,1189.0,1189.0,40
CYCL,2026-05-14,1470.0,1472.0,176
SFMF,2026-05-14,10.25,10.36,3800
PFL,2026-05-14,363.0,367.0,5340
SJLIC,2026-05-14,428.8,428.0,6169
KDBY,2026-05-14,11.74,11.4,50880
BPCL,2026-05-14,665.0,677.5,28549
SAGAR,2026-05-14,1685.0,1679.7,6667
SMB,2026-05-14,1721.0,1755.0,188
PSF,2026-05-14,12.05,12.12,1400
NIL,2026-05-14,640.5,611.3,2982
SWMF,2026-05-14,664.0,661.0,823
UNHPL,2026-05-14,504.0,534.0,306888
PHCL,2026-05-14,313.5,306.1,29485
MFIL,2026-05-14,786.1,793.0,35311
UPCL,2026-05-14,389.3,370.0,34319
AKPL,2026-05-14,282.4,266.0,67211
RLEL,2026-05-14,1070.0,1004.0,24421
SLCF,2026-05-14,9.92,9.92,1150
GMLI,2026-05-14,1230.0,1279.9,1893
NHPC,2026-05-14,286.0,284.0,173663
UMRH,2026-05-14,524.0,536.5,3171
GSY,2026-05-14,9.84,9.87,21950
NMFBS,2026-05-14,1125.0,1120.0,2096
PBLD87,2026-05-14,1070.1,1070.1,25
GBIMESY2,2026-05-14,9.5,9.66,13600
HURJA,2026-05-14,253.0,252.0,33692
SNLI,2026-05-14,447.0,449.0,6599
PPCL,2026-05-14,393.7,375.0,4918
HIDCL,2026-05-14,268.0,267.3,35732
NICBF,2026-05-14,9.83,9.83,750
CLI,2026-05-14,451.7,452.8,4247
SIKLES,2026-05-14,581.0,576.3,4196
LEC,2026-05-14,222.0,223.8,62508
NABBC,2026-05-14,1009.8,940.0,17753
KBSH,2026-05-14,1528.1,1550.0,180
GRDBL,2026-05-14,1035.0,1036.0,6609
PRVU,2026-05-14,201.0,198.0,63202
NICSF,2026-05-14,9.25,9.25,29101
SANIMA,2026-05-14,364.9,363.5,72679
WNLB,2026-05-14,1460.0,1460.0,220
SONA,2026-05-14,464.1,440.4,11300
SALICO,2026-05-14,583.0,583.0,2364
HLBSL,2026-05-14,870.0,890.0,895
UPPER,2026-05-14,215.0,205.9,61305
SHINE,2026-05-14,410.5,410.0,26511
SPC,2026-05-14,456.0,463.9,5114
NRIC,2026-05-14,902.0,890.0,22546
UMHL,2026-05-14,547.0,555.8,5920
LLBS,2026-05-14,933.0,954.0,120
JFL,2026-05-14,408.0,407.0,2839
ILBS,2026-05-14,900.0,935.0,183
SOHL,2026-05-14,700.0,692.0,71795
MLBL,2026-05-14,363.0,365.0,5207
MNBBL,2026-05-14,376.8,372.0,12887
MATRI,2026-05-14,901.0,894.0,84
TRH,2026-05-14,770.0,751.0,754
SEF,2026-05-14,10.24,9.9,6111
SIPD,2026-05-14,815.0,797.0,20520
RBBF40,2026-05-14,9.24,9.41,16500
API,2026-05-14,343.8,348.0,139575
ALICL,2026-05-14,448.3,454.2,14590
JBLB,2026-05-14,1305.0,1315.0,5978
UNL,2026-05-14,46500.0,46550.0,61
CMF2,2026-05-14,10.27,10.1,12100
EBL,2026-05-14,705.0,703.0,16988
SBCF,2026-05-14,9.78,9.79,300
MLBS,2026-05-14,1233.9,1255.0,160
BEDC,2026-05-14,377.0,361.9,9618
CFCL,2026-05-14,522.9,492.0,11473
SRLI,2026-05-14,390.0,391.4,12514
SMATA,2026-05-14,760.0,768.9,3089
SGIC,2026-05-14,457.0,459.0,6495
NESDO,2026-05-14,1525.0,1540.0,455
CZBIL,2026-05-14,206.0,203.9,15777
MLBBL,2026-05-14,1164.5,1180.0,1318
USHEC,2026-05-14,482.0,489.0,6412
HIDCLP,2026-05-14,203.2,202.3,99590
SKHEL,2026-05-14,1216.0,1258.0,7712
NTC,2026-05-14,890.0,890.0,7978
GILB,2026-05-14,1115.0,1111.0,395
LSL,2026-05-14,215.2,219.9,73692
NWCL,2026-05-14,797.0,786.0,645
SGHC,2026-05-14,360.5,360.7,7443
PRIN,2026-05-14,654.0,654.0,6964
DDBL,2026-05-14,854.5,847.0,2626
JBLB,2026-05-13,1295.0,1300.0,3488
KPCL,2026-05-13,485.0,489.0,3764
PBD84,2026-05-13,1140.0,1140.0,25
RBBF40,2026-05-13,9.59,9.51,7100
SSHL,2026-05-13,215.0,214.0,84462
MFIL,2026-05-13,796.0,803.0,45258
BEDC,2026-05-13,386.9,360.2,26901
NICGF2,2026-05-13,9.3,9.68,3600
TSHL,2026-05-13,590.0,605.0,755
ULHC,2026-05-13,505.0,493.0,7746
HDHPC,2026-05-13,222.7,221.0,169483
PRSF,2026-05-13,13.0,12.9,36562
IHL,2026-05-13,388.1,390.5,2875
SHINED,2026-05-13,1115.0,1109.0,75
GBIMESY2,2026-05-13,9.46,9.5,1600
JBBD87,2026-05-13,1115.1,1115.1,25
SAGAR,2026-05-13,1690.0,1678.0,7326
CHL,2026-05-13,285.0,290.0,12528
SPC,2026-05-13,460.0,467.9,4570
NIBLSTF,2026-05-13,9.29,9.1,2013
ENL,2026-05-13,904.9,895.0,40
NIFRAGED,2026-05-13,1037.6,1037.9,80
CIZBD90,2026-05-13,1197.0,1157.0,50
ANLB,2026-05-13,5800.0,6050.0,2480
ALBSL,2026-05-13,1090.0,1107.4,3108
ICFCD89,2026-05-13,1085.0,1084.0,225
SMB,2026-05-13,1726.0,1721.0,767
BBC,2026-05-13,4833.0,4800.0,251
TAMOR,2026-05-13,436.0,441.2,34152
NMLBBL,2026-05-13,606.0,591.0,26951
LICN,2026-05-13,812.0,812.0,3677
NTC,2026-05-13,890.0,890.0,7937
SMFBS,2026-05-13,1553.0,1555.0,685
KKHC,2026-05-13,261.0,264.9,15644
HEI,2026-05-13,516.2,529.7,4086
BHDC,2026-05-13,462.0,463.2,11731
NWCL,2026-05-13,785.0,785.0,1573
MKHC,2026-05-13,315.1,319.9,10462
SIPD,2026-05-13,830.0,816.0,23200
JBBL,2026-05-13,354.0,357.9,21748
SLCF,2026-05-13,9.7,9.99,1364
HATHY,2026-05-13,810.0,805.0,2905
SDBD87,2026-05-13,1106.1,1106.1,25
BHL,2026-05-13,222.0,222.5,67274
NHDL,2026-05-13,644.0,649.4,7757
SABBL,2026-05-13,1278.0,1230.0,8998
STC,2026-05-13,5715.0,5925.0,2360
KBSH,2026-05-13,1550.0,1574.9,236
FOWAD,2026-05-13,1060.0,1050.1,9850
LUK,2026-05-13,10.0,10.19,1300
RFPL,2026-05-13,365.0,368.4,19614
PPCL,2026-05-13,377.0,375.0,10660
MLBS,2026-05-13,1273.0,1272.0,138
BHCL,2026-05-13,505.0,508.9,9235
GIBF1,2026-05-13,10.69,10.67,885
KMCDB,2026-05-13,875.5,884.8,283
CMF2,2026-05-13,10.01,10.1,9660
LBBLD89,2026-05-13,1271.5,1271.5,25
HPPL,2026-05-13,362.0,373.7,14981
MHCL,2026-05-13,340.1,353.5,1815
VLUCL,2026-05-13,474.0,480.9,1735
NMBHF2,2026-05-13,9.35,9.51,10020
SAIL,2026-05-13,1111.1,1157.2,36656
USLB,2026-05-13,1253.0,1264.9,389
SLBSL,2026-05-13,1215.0,1200.0,1265
UPPER,2026-05-13,206.0,205.3,94809
NICL,2026-05-13,517.6,492.5,4312
RADHI,2026-05-13,759.3,760.0,16363
HHL,2026-05-13,359.0,373.2,16468
MCHL,2026-05-13,323.6,315.0,3705
TTL,2026-05-13,800.0,801.0,8089
GBBL,2026-05-13,417.5,415.5,11245
RLFL,2026-05-13,430.0,434.0,3959
MAKAR,2026-05-13,485.9,485.6,7420
HBL,2026-05-13,203.0,203.7,30178
SANIMA,2026-05-13,362.0,362.5,60105
HBLD86,2026-05-13,1153.0,1190.0,65
HFIN,2026-05-13,981.1,989.0,44049
MLBL,2026-05-13,367.0,366.8,6499
RMF1,2026-05-13,9.8,9.81,1810
NICA,2026-05-13,356.0,354.9,45191
DDBL,2026-05-13,841.0,846.2,2945
SPL,2026-05-13,686.0,726.0,2834
BNT,2026-05-13,11610.0,11895.0,66
NUBL,2026-05-13,653.2,666.0,2802
SAPDBL,2026-05-13,785.0,781.0,15928
BNHC,2026-05-13,317.0,325.0,1260
ILI,2026-05-13,436.0,436.0,5929
SRLI,2026-05-13,390.0,391.0,9736
SMJC,2026-05-13,452.0,454.0,11001
EBL,2026-05-13,708.0,704.2,25413
UAIL,2026-05-13,440.0,441.0,8488
JSLBB,2026-05-13,1114.9,1100.0,246
NLG,2026-05-13,577.9,575.0,4549
LEC,2026-05-13,224.0,223.0,56870
API,2026-05-13,345.0,343.8,104602
AVYAN,2026-05-13,1071.6,1105.0,4886
NGPL,2026-05-13,442.0,440.1,122201
NIMB,2026-05-13,212.1,199.1,89359
BPCL,2026-05-13,661.0,663.1,21164
UNLB,2026-05-13,1425.1,1450.0,455
EHPL,2026-05-13,399.3,377.0,17175
KSY,2026-05-13,9.45,9.75,1400
NICAD2091,2026-05-13,1084.0,1051.5,283
EBLD91,2026-05-13,1080.0,1080.0,35
CYCL,2026-05-13,1443.2,1472.0,521
UPCL,2026-05-13,370.0,370.8,21550
UHEWA,2026-05-13,565.0,566.1,3088
SMATA,2026-05-13,777.0,768.1,2386
SHL,2026-05-13,492.0,497.4,13938
TVCL,2026-05-13,518.0,525.0,5400
BFC,2026-05-13,464.0,458.3,4282
MDB,2026-05-13,590.0,595.0,6233
MBLEF,2026-05-13,10.1,10.19,3400
AHPC,2026-05-13,282.0,279.0,37677
EDBL,2026-05-13,579.0,580.8,2956
SJCL,2026-05-13,311.0,308.7,21936
KSBBL,2026-05-13,476.0,482.0,21671
PCBL,2026-05-13,238.0,238.0,58952
SHEL,2026-05-13,310.0,311.8,63920
ALICL,2026-05-13,449.0,455.9,9412
CSY,2026-05-13,9.2,9.25,3900
SALICO,2026-05-13,591.0,589.0,565
PSF,2026-05-13,11.87,11.98,3170
TRH,2026-05-13,760.0,761.2,920
NBLD87,2026-05-13,1087.0,1087.0,25
SGIC,2026-05-13,460.0,462.0,3841
MATRI,2026-05-13,886.0,910.0,326
SPIL,2026-05-13,716.0,714.0,5837
NMIC,2026-05-13,1015.0,1016.0,8192
MMF1,2026-05-13,9.34,9.5,7401
OHL,2026-05-13,700.0,690.0,1932
NBF3,2026-05-13,9.85,9.89,24815
MBJC,2026-05-13,281.1,282.0,20709
BANDIPUR,2026-05-13,801.1,804.0,18876
NRIC,2026-05-13,919.0,905.0,14340
HIMSTAR,2026-05-13,845.0,887.0,5322
NABIL,2026-05-13,527.0,527.0,29723
NABBC,2026-05-13,1043.0,999.0,8206
MLBBL,2026-05-13,1170.2,1192.0,1224
SMH,2026-05-13,577.0,565.0,5604
NBL,2026-05-13,265.0,266.0,40584
DHEL,2026-05-13,587.0,595.0,6354
FMDBL,2026-05-13,820.0,793.0,8108
AHL,2026-05-13,508.0,566.0,20350
NFS,2026-05-13,574.9,566.0,2444
SKBBL,2026-05-13,770.0,770.0,4658
GMFIL,2026-05-13,455.2,456.4,1865
WNLB,2026-05-13,1500.0,1460.0,95
MSLB,2026-05-13,1230.0,1245.0,303
CITY,2026-05-13,422.9,407.0,13841
PRVU,2026-05-13,195.0,199.0,75214
HIDCLP,2026-05-13,204.5,204.0,67595
SONA,2026-05-13,440.0,442.0,20434
CHCL,2026-05-13,473.0,476.0,16783
NMFBS,2026-05-13,1115.0,1115.0,3622
MNBBL,2026-05-13,374.0,374.0,18670
HURJA,2026-05-13,254.9,253.7,54445
ICFCD88,2026-05-13,1115.0,1137.0,75
GBLBS,2026-05-13,771.0,762.2,1948
SWBBL,2026-05-13,783.3,746.0,4753
PCIL,2026-05-13,835.0,865.0,61981
EBLD86,2026-05-13,1076.0,1075.0,25
NESDO,2026-05-13,1520.0,1525.0,742
BJHL,2026-05-13,999.0,960.0,13449
MSHL,2026-05-13,690.0,691.4,490
UNL,2026-05-13,46500.0,46500.0,10
SBID89,2026-05-13,1131.0,1130.1,25
HLICF,2026-05-13,9.1,9.12,2330
SAHAS,2026-05-13,645.0,658.8,147870
NICLBSL,2026-05-13,564.0,575.0,3272
NICBF,2026-05-13,9.85,9.85,4100
RSY,2026-05-13,10.1,10.14,1500
RLEL,2026-05-13,1095.0,1054.0,24683
MEL,2026-05-13,240.4,226.5,18357
GBILD84/85,2026-05-13,1124.2,1124.1,50
GUFL,2026-05-13,522.0,523.0,4293
TPC,2026-05-13,363.8,369.0,17313
CHDC,2026-05-13,2300.1,2282.0,14022
NICFC,2026-05-13,9.21,9.38,2000
PRIN,2026-05-13,680.0,653.8,3884
KEF,2026-05-13,10.6,10.84,3100
SIGS3,2026-05-13,10.65,10.62,1000
SOHL,2026-05-13,681.0,700.0,121357
UMRH,2026-05-13,532.0,532.2,1161
PHCL,2026-05-13,310.0,307.7,38761
GSY,2026-05-13,9.7,9.83,25500
BUNGAL,2026-05-13,570.0,582.0,8505
PMHPL,2026-05-13,335.1,335.0,2744
GMFBS,2026-05-13,1308.0,1332.9,256
SLBBL,2026-05-13,825.0,819.7,6553
BARUN,2026-05-13,341.0,344.9,22078
MKJC,2026-05-13,486.5,488.0,2045
RHGCL,2026-05-13,292.4,297.0,19995
BHPL,2026-05-13,495.0,522.0,4561
JFL,2026-05-13,405.1,407.0,1957
NLIC,2026-05-13,768.6,762.2,19500
MERO,2026-05-13,710.0,715.0,1943
EBLD85,2026-05-13,1136.0,1136.0,25
SHLB,2026-05-13,1440.1,1476.0,40
UMHL,2026-05-13,555.59,558.0,7231
NSIF2,2026-05-13,10.62,10.7,3100
SAGF,2026-05-13,10.21,10.51,2800
KDL,2026-05-13,805.0,818.0,391
MKHL,2026-05-13,510.1,525.0,2624
ACLBSL,2026-05-13,950.0,954.0,984
NADEP,2026-05-13,740.0,758.0,281
CREST,2026-05-13,1193.8,1106.0,9291
MABEL,2026-05-13,658.2,654.0,10244
SIFC,2026-05-13,522.5,533.0,2961
AKJCL,2026-05-13,367.5,355.0,193551
USHL,2026-05-13,621.1,628.8,2274
HLBSL,2026-05-13,883.0,890.0,1284
DOLTI,2026-05-13,355.0,350.5,31910
SJLIC,2026-05-13,435.0,430.2,29393
PMLI,2026-05-13,461.0,465.0,2022
LSL,2026-05-13,218.0,216.2,30030
DORDI,2026-05-13,271.4,272.0,16683
LLBS,2026-05-13,970.0,960.0,153
SIGS2,2026-05-13,10.38,10.39,725
MHL,2026-05-13,494.0,495.4,4420
HDL,2026-05-13,1169.0,1158.0,22343
NIL,2026-05-13,605.1,610.0,2000
SMHL,2026-05-13,521.3,496.0,18615
KSBBLD87,2026-05-13,1110.7,1110.7,25
NSY,2026-05-13,9.28,9.5,10810
MNMF1,2026-05-13,10.0,9.82,5330
ICFC,2026-05-13,625.0,620.2,8107
CBBL,2026-05-13,916.0,919.0,9865
HIDCL,2026-05-13,268.0,268.1,36062
SBCF,2026-05-13,10.0,10.04,5400
ILBS,2026-05-13,954.0,935.0,348
NRM,2026-05-13,386.0,390.0,8717
SYPNL,2026-05-13,1490.0,1558.9,183696
JOSHI,2026-05-13,279.2,282.0,7512
SPHL,2026-05-13,510.0,514.0,1884
HLI,2026-05-13,338.0,339.9,20570
H8020,2026-05-13,11.9,11.58,3800
KDBY,2026-05-13,11.18,11.5,4800
RURU,2026-05-13,644.0,649.9,10785
NIBLGF,2026-05-13,9.3,9.6,600
OMPL,2026-05-13,1155.1,1168.0,894
MEN,2026-05-13,588.0,600.0,49428
PPL,2026-05-13,335.0,350.0,13096
PURE,2026-05-13,930.1,951.0,11714
NIBSF2,2026-05-13,9.4,9.47,2200
KBL,2026-05-13,218.0,219.5,126896
CORBL,2026-05-13,1970.0,2033.0,9835
GHL,2026-05-13,236.9,236.0,31218
CCBD88,2026-05-13,1237.0,1237.0,10
NMB,2026-05-13,241.0,244.1,32321
SARBTM,2026-05-13,830.5,845.0,5033
NMBMF,2026-05-13,626.0,636.0,742
NRN,2026-05-13,1373.0,1375.0,36401
SBID2090,2026-05-13,1055.0,1098.0,330
USHEC,2026-05-13,486.0,493.0,3610
SANVI,2026-05-13,685.0,681.5,7960
RBCLPO,2026-05-13,11651.2,11651.2,10
CGH,2026-05-13,805.0,802.9,7049
RIDI,2026-05-13,345.0,349.0,285769
PBD88,2026-05-13,1250.0,1250.0,25
RSDC,2026-05-13,674.0,666.0,3341
GILB,2026-05-13,1128.0,1116.5,164
BNL,2026-05-13,14809.0,15198.0,50
MEHL,2026-05-13,380.0,382.9,841
SPDL,2026-05-13,405.0,400.0,22511
BGWT,2026-05-13,636.0,669.0,1924
SHPC,2026-05-13,521.0,517.5,27418
DLBS,2026-05-13,1420.3,1328.0,3640
CLI,2026-05-13,455.0,455.0,8957
NICD88,2026-05-13,1073.0,1073.0,25
GVL,2026-05-13,485.0,487.2,6383
ULBSL,2026-05-13,2820.0,2955.0,4192
GCIL,2026-05-13,420.0,419.9,8442
CIT,2026-05-13,1765.0,1766.0,4188
SHIVM,2026-05-13,667.0,677.0,110525
MLBSL,2026-05-13,1805.0,1798.0,302
AKPL,2026-05-13,282.5,269.0,67620
RNLI,2026-05-13,457.9,461.0,5804
MPFL,2026-05-13,612.0,609.0,20557
GLH,2026-05-13,263.4,268.7,27285
MANDU,2026-05-13,802.1,810.0,236
SBI,2026-05-13,395.1,394.9,40637
SICL,2026-05-13,614.0,616.0,2096
LBBL,2026-05-13,483.1,484.6,16917
NBF2,2026-05-13,10.0,10.0,4931
LVF2,2026-05-13,9.46,9.62,800
SHINE,2026-05-13,411.5,410.5,5370
CFCL,2026-05-13,491.0,498.0,7628
GRDBL,2026-05-13,1042.0,1044.0,8895
MKCL,2026-05-13,1280.0,1290.0,2861
SCB,2026-05-13,642.0,645.9,4877
RHPL,2026-05-13,289.9,277.0,12089
SKHEL,2026-05-13,1297.9,1280.0,10045
SINDU,2026-05-13,693.0,706.0,9567
GLBSL,2026-05-13,1771.0,1780.0,409
SADBL,2026-05-13,414.0,413.9,16674
PBD85,2026-05-13,1080.0,1080.0,30
NYADI,2026-05-13,378.0,391.0,4970
NIFRA,2026-05-13,270.0,264.0,40680
DHPL,2026-05-13,292.6,293.6,4025
RSML,2026-05-13,3729.0,3724.9,22366
SBL,2026-05-13,396.5,393.5,48329
NICSF,2026-05-13,9.4,9.24,4400
HRL,2026-05-13,680.0,677.1,37540
SWASTIK,2026-05-13,2400.0,2414.0,337
NLICL,2026-05-13,588.0,585.0,5429
SMPDA,2026-05-13,869.9,848.0,523
RAWA,2026-05-13,624.6,598.9,550
IGI,2026-05-13,427.0,425.0,6988
SFMF,2026-05-13,10.5,10.5,100
PFL,2026-05-13,372.0,368.8,9723
SEF,2026-05-13,10.05,10.0,9060
VLBS,2026-05-13,710.0,703.5,1538
MBL,2026-05-13,249.5,249.5,34965
SWMF,2026-05-13,665.0,664.0,1164
GFCL,2026-05-13,625.0,617.0,1828
NIMBPO,2026-05-13,148.0,154.0,1230
SFCL,2026-05-13,378.0,371.0,12116
PROFL,2026-05-13,431.0,440.0,4319
MHNL,2026-05-13,283.0,268.7,2421
CKHL,2026-05-13,651.0,647.0,881
C30MF,2026-05-13,9.82,10.1,4692
RBCL,2026-05-13,15101.7,15031.0,305
SIKLES,2026-05-13,576.0,581.0,2382
RMF2,2026-05-13,10.1,10.11,400
SGHC,2026-05-13,360.6,367.6,7505
NHPC,2026-05-13,299.2,284.9,290526
GMLI,2026-05-13,1300.0,1290.0,1382
UNHPL,2026-05-13,460.0,480.0,26579
SNLI,2026-05-13,447.0,450.0,8788
HEIP,2026-05-13,309.2,318.4,350
CZBIL,2026-05-13,201.7,203.0,39026
JHAPA,2026-05-13,1592.0,1570.0,44131
ADBL,2026-05-13,310.0,310.7,21106
SFEF,2026-05-13,9.82,9.91,700
SKHL,2026-05-13,898.0,886.0,17829
GBIME,2026-05-13,233.0,234.5,36555
MMKJL,2026-05-13,480.5,488.9,962
HRL,2026-05-12,709.0,682.0,118376
HLI,2026-05-12,348.9,341.0,35603
GBIME,2026-05-12,241.0,233.0,134746
MBL,2026-05-12,253.0,249.5,62074
GMLI,2026-05-12,1359.9,1300.0,2098
SICL,2026-05-12,625.5,615.0,6148
TVCL,2026-05-12,550.0,518.0,1867
GBLBS,2026-05-12,783.0,771.0,4713
GWFD83,2026-05-12,1079.0,1090.0,29
API,2026-05-12,366.4,345.0,294922
JHAPA,2026-05-12,1883.0,1675.0,27357
PFL,2026-05-12,387.9,378.0,9027
HIDCLP,2026-05-12,209.4,204.5,164636
SPHL,2026-05-12,530.0,504.1,2116
SWMF,2026-05-12,668.0,665.0,973
AHPC,2026-05-12,289.0,280.0,95316
NABIL,2026-05-12,530.0,527.0,37974
RLFL,2026-05-12,448.0,430.5,17882
PBLD87,2026-05-12,1080.0,1090.0,95
MNBBL,2026-05-12,375.8,374.2,23009
ILBS,2026-05-12,925.0,933.0,4300
USLB,2026-05-12,1274.9,1250.0,2912
SMHL,2026-05-12,512.0,496.5,52907
PRIN,2026-05-12,650.0,648.0,3398
MHL,2026-05-12,501.1,499.0,7559
SWBBL,2026-05-12,761.0,746.0,2106
SKBBL,2026-05-12,784.0,773.8,9144
GVL,2026-05-12,499.0,490.0,10516
KDL,2026-05-12,840.0,822.0,2650
MEHL,2026-05-12,379.0,379.0,7975
VLBS,2026-05-12,735.0,714.1,4772
NMBMF,2026-05-12,663.6,639.0,1613
SSHL,2026-05-12,230.8,214.0,209751
MLBL,2026-05-12,377.9,368.0,11807
DOLTI,2026-05-12,366.0,352.0,53564
DORDI,2026-05-12,282.0,272.6,35802
NLICL,2026-05-12,590.0,590.0,7211
CBLD88,2026-05-12,1187.1,1191.1,50
KBL,2026-05-12,225.0,218.0,267612
CBBL,2026-05-12,929.9,919.0,17323
NABBC,2026-05-12,1060.0,1018.0,5556
SIFC,2026-05-12,540.0,537.0,8615
SAND2085,2026-05-12,1123.0,1123.0,10
BHDC,2026-05-12,475.0,466.0,8743
GMFBS,2026-05-12,1366.0,1327.9,1167
C30MF,2026-05-12,10.27,10.02,7758
CSY,2026-05-12,9.3,9.2,11540
GHL,2026-05-12,248.1,236.9,71961
NICL,2026-05-12,494.0,493.0,5091
GCIL,2026-05-12,405.0,417.7,15364
FMDBL,2026-05-12,874.0,805.0,77403
MMF1,2026-05-12,9.79,9.59,7500
LBBL,2026-05-12,494.5,484.9,77657
SHPC,2026-05-12,553.2,516.0,43771
SMJC,2026-05-12,448.0,455.0,24187
HHL,2026-05-12,368.0,377.0,83123
NADEP,2026-05-12,783.0,762.0,1121
HDHPC,2026-05-12,234.0,222.7,276473
NHPC,2026-05-12,300.0,285.0,656163
KPCL,2026-05-12,500.0,494.0,9877
MEL,2026-05-12,240.0,229.0,65410
PHCL,2026-05-12,322.0,307.5,60194
BPCL,2026-05-12,718.2,668.0,48243
LSL,2026-05-12,222.0,218.9,98485
PRSF,2026-05-12,13.1,13.1,71800
HLICF,2026-05-12,8.95,9.3,2500
ALBSL,2026-05-12,1141.0,1112.0,4952
SHEL,2026-05-12,317.1,312.0,155720
NIFRA,2026-05-12,269.0,263.8,86451
PPCL,2026-05-12,407.8,377.3,11900
CFCL,2026-05-12,534.3,502.9,8664
NGPL,2026-05-12,455.0,443.0,260848
NIBLSTF,2026-05-12,9.32,9.29,2900
RMF1,2026-05-12,9.85,10.09,4750
IHL,2026-05-12,400.0,393.0,17687
NESDO,2026-05-12,1537.0,1544.0,285
SAPDBL,2026-05-12,808.1,791.0,15232
NLG,2026-05-12,582.0,577.9,9049
TPC,2026-05-12,372.2,367.0,22008
SNLI,2026-05-12,458.0,453.0,8789
MSHL,2026-05-12,700.0,702.0,563
PRVU,2026-05-12,205.0,200.4,128016
NSIF2,2026-05-12,10.59,10.7,300
BJHL,2026-05-12,1013.0,975.0,16202
TSHL,2026-05-12,620.0,608.0,825
HDL,2026-05-12,1180.0,1157.0,37387
NRN,2026-05-12,1430.0,1384.0,57237
PBD88,2026-05-12,1220.0,1240.0,80
NRIC,2026-05-12,926.0,909.0,25023
MAKAR,2026-05-12,492.7,490.0,11610
RHGCL,2026-05-12,287.0,299.5,88510
MEN,2026-05-12,618.0,601.0,48873
SIGS2,2026-05-12,10.4,10.39,4900
NIBLGF,2026-05-12,9.78,9.5,700
PMHPL,2026-05-12,344.8,338.5,4964
SGIC,2026-05-12,460.0,462.1,10904
NICA,2026-05-12,364.0,355.8,102639
UPCL,2026-05-12,398.2,373.0,34356
KKHC,2026-05-12,274.0,264.0,36529
PURE,2026-05-12,980.0,950.0,24192
VLUCL,2026-05-12,509.7,485.0,2710
MLBS,2026-05-12,1308.0,1250.0,750
JBBD87,2026-05-12,1130.0,1130.0,25
HEI,2026-05-12,524.0,529.0,14005
OMPL,2026-05-12,1199.9,1180.0,5951
DDBL,2026-05-12,862.0,846.9,6957
CLI,2026-05-12,466.0,456.0,9348
MHNL,2026-05-12,255.4,270.0,11275
SBID2090,2026-05-12,1078.4,1085.0,1761
SINDU,2026-05-12,713.1,707.0,12043
PMLI,2026-05-12,468.0,468.0,5524
SJLIC,2026-05-12,433.0,433.0,9475
BGWT,2026-05-12,675.0,653.5,2210
NMIC,2026-05-12,1075.0,1028.0,4353
RSML,2026-05-12,3899.0,3729.0,47727
GLBSL,2026-05-12,1840.0,1805.0,41
RAWA,2026-05-12,590.0,595.0,1195
TTL,2026-05-12,835.1,811.9,14455
MSLB,2026-05-12,1245.0,1245.0,431
SKHEL,2026-05-12,1417.5,1297.9,14567
KSBBL,2026-05-12,494.0,480.0,27460
MATRI,2026-05-12,901.0,900.5,304
ANLB,2026-05-12,6266.2,6065.0,841
AHL,2026-05-12,513.0,508.0,13604
KBSH,2026-05-12,1543.0,1575.0,130
NICFC,2026-05-12,9.3,9.4,1910
NBF3,2026-05-12,9.73,9.92,39421
SJCL,2026-05-12,319.0,310.0,36227
NLIC,2026-05-12,779.8,768.6,17892
USHL,2026-05-12,626.0,640.0,2803
SCB,2026-05-12,646.1,647.0,9392
CIZBD90,2026-05-12,1227.7,1227.7,25
MKCL,2026-05-12,1295.0,1310.0,2102
HBLD86,2026-05-12,1140.5,1140.5,20
NIMB,2026-05-12,209.1,202.0,119173
MBJC,2026-05-12,290.0,285.0,34672
RHPL,2026-05-12,288.0,282.0,23584
LVF2,2026-05-12,9.43,9.61,23720
MKJC,2026-05-12,505.0,495.0,6197
NICAD2091,2026-05-12,1041.1,1078.4,150
SAHAS,2026-05-12,645.9,641.0,133921
MKHC,2026-05-12,325.1,319.0,14175
NSY,2026-05-12,9.18,9.45,153990
RSDC,2026-05-12,695.0,674.0,7240
H8020,2026-05-12,11.52,11.57,1000
SHLB,2026-05-12,1460.0,1480.0,200
RNLI,2026-05-12,466.0,463.5,14870
NWCL,2026-05-12,802.1,792.0,1667
MCHL,2026-05-12,324.7,315.0,14790
SLCF,2026-05-12,9.8,10.0,8200
NMFBS,2026-05-12,1120.0,1115.0,10667
BHL,2026-05-12,230.0,222.0,218140
SBI,2026-05-12,399.0,400.0,18519
SIPD,2026-05-12,867.0,839.0,28867
NICGF2,2026-05-12,9.4,9.3,1800
SMH,2026-05-12,590.0,578.1,9094
EBLD86,2026-05-12,1072.1,1098.0,232
NRM,2026-05-12,410.0,397.0,13826
AKJCL,2026-05-12,367.0,350.0,323055
KMCDB,2026-05-12,922.0,889.7,3586
UNHPL,2026-05-12,455.0,476.0,22096
DHEL,2026-05-12,617.0,597.0,12710
PCIL,2026-05-12,892.0,875.0,68984
EBLD85,2026-05-12,1150.0,1150.0,25
HPPL,2026-05-12,375.0,373.0,28232
BNHC,2026-05-12,338.0,326.5,8500
TRH,2026-05-12,753.1,760.0,1295
ADBL,2026-05-12,312.0,310.0,25054
CIT,2026-05-12,1785.0,1770.2,5185
GILB,2026-05-12,1120.0,1138.0,1326
SKHL,2026-05-12,950.0,899.0,32330
ALICL,2026-05-12,455.0,454.0,25062
RLEL,2026-05-12,1198.0,1108.0,22120
GBBD85,2026-05-12,1075.0,1075.2,150
PSF,2026-05-12,12.22,12.03,49100
KDBY,2026-05-12,11.92,11.5,9193
PROFL,2026-05-12,448.0,438.0,4473
ICFC,2026-05-12,636.1,620.4,12376
CREST,2026-05-12,1179.0,1137.0,9026
EDBL,2026-05-12,560.0,579.1,4654
NMB50,2026-05-12,10.61,10.53,80101
CHCL,2026-05-12,482.0,476.2,61028
CZBIL,2026-05-12,210.0,205.8,41913
EHPL,2026-05-12,385.0,380.3,31105
SABBL,2026-05-12,1319.0,1260.0,18433
SMPDA,2026-05-12,874.0,845.0,1324
BARUN,2026-05-12,358.0,343.0,63164
ICFCD88,2026-05-12,1135.0,1145.0,50
SHINE,2026-05-12,412.0,411.5,23371
BANDIPUR,2026-05-12,835.0,807.0,34910
JBBL,2026-05-12,369.0,358.0,67191
NICLBSL,2026-05-12,590.0,579.0,9954
SMFBS,2026-05-12,1590.0,1590.0,5393
RADHI,2026-05-12,745.0,752.0,80720
GFCL,2026-05-12,631.0,625.0,13758
SONA,2026-05-12,445.0,436.9,27414
NHDL,2026-05-12,635.0,645.0,8049
SPC,2026-05-12,470.0,466.0,2336
SBCF,2026-05-12,9.8,9.99,26400
MLBBL,2026-05-12,1207.0,1195.0,3628
BHCL,2026-05-12,525.0,516.0,33693
MNMF1,2026-05-12,9.9,9.84,4400
MBLEF,2026-05-12,10.05,10.1,2600
RBBF40,2026-05-12,9.34,9.88,2100
NICSF,2026-05-12,9.4,9.58,1500
NIL,2026-05-12,619.0,605.1,9492
NMB,2026-05-12,246.0,244.2,48470
GIBF1,2026-05-12,10.8,10.69,1600
SADBL,2026-05-12,423.5,414.0,12101
SHIVM,2026-05-12,697.0,677.0,232638
MERO,2026-05-12,730.0,717.1,4144
NBL,2026-05-12,269.8,265.0,48944
SBLD89,2026-05-12,1250.0,1315.0,166
SPIL,2026-05-12,696.1,716.0,3036
UAIL,2026-05-12,448.0,440.0,4133
CGH,2026-05-12,815.0,804.0,9910
SMATA,2026-05-12,793.0,777.0,3573
UMRH,2026-05-12,545.0,540.0,6309
RIDI,2026-05-12,373.3,346.1,489605
SFEF,2026-05-12,10.2,10.07,60490
JBLB,2026-05-12,1321.0,1305.0,8151
TAMOR,2026-05-12,430.0,437.9,21179
SEF,2026-05-12,10.1,10.05,30540
FOWAD,2026-05-12,1065.0,1060.0,20136
SALICO,2026-05-12,590.0,591.0,6684
ICFCD89,2026-05-12,1094.0,1085.0,130
SANVI,2026-05-12,706.1,683.9,18516
RBCL,2026-05-12,15200.3,15500.0,55
NMLBBL,2026-05-12,620.0,606.1,8824
BUNGAL,2026-05-12,600.0,583.0,19837
SFMF,2026-05-12,10.7,10.55,9780
ADBLD83,2026-05-12,1050.8,1050.8,15
SBID83,2026-05-12,1070.9,1070.9,25
IGI,2026-05-12,443.9,426.8,14889
JSLBB,2026-05-12,1111.0,1085.0,695
PPL,2026-05-12,375.9,351.0,32747
SLBSL,2026-05-12,1240.0,1232.0,4088
MPFL,2026-05-12,643.0,610.0,37966
SIGS3,2026-05-12,10.51,10.65,1800
JOSHI,2026-05-12,292.5,281.0,25325
HIDCL,2026-05-12,277.0,268.0,117629
SAGAR,2026-05-12,1725.0,1689.9,17286
RURU,2026-05-12,658.0,649.9,4127
MDB,2026-05-12,605.5,600.0,7506
RMF2,2026-05-12,10.1,10.15,600
HLBSL,2026-05-12,911.0,904.0,1095
RFPL,2026-05-12,379.0,368.0,78134
HURJA,2026-05-12,264.8,256.0,105283
NFS,2026-05-12,579.0,574.0,4843
SHL,2026-05-12,500.0,497.9,14049
CMF2,2026-05-12,10.3,10.01,7640
GSY,2026-05-12,9.55,9.83,7300
KSY,2026-05-12,9.45,9.74,11017
SMB,2026-05-12,1761.0,1740.0,738
SWASTIK,2026-05-12,2480.0,2441.0,587
JFL,2026-05-12,423.0,409.0,7178
LICN,2026-05-12,821.0,812.0,7562
SYPNL,2026-05-12,1570.0,1490.0,100159
UMHL,2026-05-12,573.7,564.6,26856
MKHL,2026-05-12,523.0,516.3,4743
ILI,2026-05-12,450.0,436.1,14367
SANIMA,2026-05-12,367.0,362.0,72584
HIMSTAR,2026-05-12,925.0,871.0,12133
ULHC,2026-05-12,512.0,498.1,17719
MHCL,2026-05-12,338.0,348.0,15702
SRLI,2026-05-12,390.2,392.9,15558
CHL,2026-05-12,305.0,293.0,32154
NIMBPO,2026-05-12,155.0,150.6,602
GBIMESY2,2026-05-12,9.22,9.49,1800
EBL,2026-05-12,720.0,706.0,23334
STC,2026-05-12,5890.0,5782.1,123
OHL,2026-05-12,700.0,694.0,7079
SAGF,2026-05-12,10.14,10.21,1600
UHEWA,2026-05-12,584.9,574.0,9854
AKPL,2026-05-12,275.0,271.0,126959
SGHC,2026-05-12,374.0,364.0,11685
RBBD2088,2026-05-12,1060.1,1056.2,79
SIKLES,2026-05-12,609.7,582.1,6195
GMFIL,2026-05-12,461.0,458.5,4488
MMKJL,2026-05-12,491.1,486.0,3843
HBL,2026-05-12,208.0,203.9,36045
NICBF,2026-05-12,9.66,9.66,500
PCBL,2026-05-12,243.0,238.4,77628
BNT,2026-05-12,11799.0,11695.0,76
SPL,2026-05-12,703.1,705.0,1280
SFCL,2026-05-12,390.0,380.0,5533
GBBL,2026-05-12,421.0,418.0,16765
GRDBL,2026-05-12,1061.0,1042.0,12551
CKHL,2026-05-12,670.0,660.0,1239
UNL,2026-05-12,46320.0,46310.0,30
ENL,2026-05-12,924.0,898.9,636
USHEC,2026-05-12,498.2,486.0,20011
NYADI,2026-05-12,391.0,386.0,2966
HEIP,2026-05-12,315.5,318.0,784
NMBHF2,2026-05-12,9.8,9.63,33600
BEDC,2026-05-12,399.0,368.5,53780
HATHY,2026-05-12,830.0,810.0,9009
KEF,2026-05-12,10.55,10.7,11500
LLBS,2026-05-12,970.0,957.9,315
WNLB,2026-05-12,1503.0,1460.0,276
RSY,2026-05-12,10.0,10.15,14820
GLH,2026-05-12,275.9,266.3,48785
AVYAN,2026-05-12,1150.0,1128.0,7756
HFIN,2026-05-12,1065.0,1000.0,104518
MLBSL,2026-05-12,1801.0,1805.0,1961
SAIL,2026-05-12,1184.0,1133.9,43947
GUFL,2026-05-12,530.2,522.0,7332
DLBS,2026-05-12,1235.0,1495.0,2236
CHDC,2026-05-12,2400.0,2297.0,19951
SBL,2026-05-12,398.5,395.5,101471
SBID89,2026-05-12,1150.0,1150.0,25
NBF2,2026-05-12,10.01,10.0,1600
MFIL,2026-05-12,811.0,797.0,60974
CORBL,2026-05-12,2086.0,2002.1,9949
MABEL,2026-05-12,685.0,658.1,8654
BBC,2026-05-12,4900.0,4733.1,575
NTC,2026-05-12,890.0,886.6,12061
SBLD84,2026-05-12,1100.0,1100.0,30
UPPER,2026-05-12,205.0,206.0,162133
MATRIP,2026-05-12,523.5,523.5,5671
SLBBL,2026-05-12,832.9,825.0,3531
MANDU,2026-05-12,820.0,810.3,1415
BFC,2026-05-12,474.9,456.0,7617
CYCL,2026-05-12,1491.0,1464.1,963
CITY,2026-05-12,430.0,415.0,30003
LEC,2026-05-12,235.0,224.1,125315
SARBTM,2026-05-12,865.0,849.0,10064
UNLB,2026-05-12,1430.0,1425.0,440
ACLBSL,2026-05-12,961.0,951.0,432
BHPL,2026-05-12,532.0,521.0,7154
LUK,2026-05-12,9.94,10.19,13000
ULBSL,2026-05-12,2909.0,2943.0,1589
SPDL,2026-05-12,417.0,403.5,53629
DHPL,2026-05-12,319.0,298.9,5170
EBLD91,2026-05-12,1065.0,1066.3,75
NIBSF2,2026-05-12,9.16,9.48,2600
SOHL,2026-05-12,721.0,692.9,189636
NUBL,2026-05-12,670.0,670.0,5376
MKHC,2026-05-11,322.0,322.0,21661
GVL,2026-05-11,490.0,496.0,19339
UAIL,2026-05-11,453.0,457.0,1926
GHL,2026-05-11,243.0,246.8,81501
BFC,2026-05-11,467.6,468.0,7693
HRL,2026-05-11,680.0,704.0,112914
CORBL,2026-05-11,1934.2,2086.0,4304
SLBBL,2026-05-11,822.0,832.9,2284
RNLI,2026-05-11,462.1,467.0,10629
NIMBPO,2026-05-11,154.0,152.7,26183
NSIF2,2026-05-11,10.66,10.9,1650
MLBL,2026-05-11,370.0,374.0,17612
NMFBS,2026-05-11,1120.0,1120.0,18801
RBBF40,2026-05-11,9.33,9.6,6900
UNLB,2026-05-11,1470.0,1464.0,1377
MATRI,2026-05-11,891.0,919.5,1080
GBLBS,2026-05-11,765.0,783.0,5195
CZBIL,2026-05-11,210.0,207.5,26829
NIBD84,2026-05-11,1049.5,1049.5,25
TVCL,2026-05-11,561.0,544.9,10192
AKJCL,2026-05-11,384.1,367.0,267949
SWMF,2026-05-11,668.0,675.0,4633
LICN,2026-05-11,820.0,818.0,6857
NIMB,2026-05-11,201.0,203.1,87339
MSLB,2026-05-11,1250.0,1245.0,1341
GCIL,2026-05-11,417.0,424.5,11071
SPHL,2026-05-11,523.5,519.0,1987
JSLBB,2026-05-11,1130.0,1120.0,1343
NHPC,2026-05-11,286.0,296.5,598013
RADHI,2026-05-11,781.0,780.0,39669
SARBTM,2026-05-11,838.0,860.0,6653
LBLD88,2026-05-11,1080.4,1080.3,25
ALICL,2026-05-11,459.9,458.5,7397
AKPL,2026-05-11,268.2,276.0,111885
SAGAR,2026-05-11,1763.0,1725.0,6949
MLBBL,2026-05-11,1224.5,1218.0,1316
MDB,2026-05-11,595.0,605.0,3562
NBL,2026-05-11,266.0,269.5,62909
BHDC,2026-05-11,460.5,475.0,18774
PCIL,2026-05-11,897.0,892.0,76095
PFL,2026-05-11,379.0,382.7,2068
MABEL,2026-05-11,670.0,678.1,13466
ICFC,2026-05-11,640.0,635.1,3033
SPC,2026-05-11,482.4,470.0,5296
USHEC,2026-05-11,499.0,498.1,18930
PRSF,2026-05-11,12.68,13.14,150400
SAGF,2026-05-11,10.0,10.2,4700
HDL,2026-05-11,1160.0,1175.1,27821
SHEL,2026-05-11,316.0,317.2,142392
VLBS,2026-05-11,715.9,726.1,3244
BARUN,2026-05-11,342.2,351.7,46771
RSY,2026-05-11,9.96,10.13,105400
NICL,2026-05-11,475.0,497.8,5803
LEC,2026-05-11,230.0,232.0,139420
ULHC,2026-05-11,510.0,512.0,9017
SLBSL,2026-05-11,1210.0,1257.0,2366
DORDI,2026-05-11,272.0,280.0,42938
API,2026-05-11,337.1,349.0,416462
BJHL,2026-05-11,1000.0,1015.0,14926
TAMOR,2026-05-11,433.0,440.5,55489
SIGS3,2026-05-11,10.7,10.53,2100
CLI,2026-05-11,456.0,459.5,9558
STC,2026-05-11,5800.0,5887.0,1194
NIBLGF,2026-05-11,9.5,9.5,200
PRVU,2026-05-11,205.0,203.0,123950
NICFC,2026-05-11,9.21,9.57,5250
USHL,2026-05-11,621.0,645.0,3511
TTL,2026-05-11,820.0,834.0,21888
OMPL,2026-05-11,1228.5,1187.0,5713
HPPL,2026-05-11,389.9,382.8,23480
MBL,2026-05-11,253.0,253.0,50957
MLBSL,2026-05-11,1820.0,1829.9,398
MANDU,2026-05-11,809.0,815.0,985
HEI,2026-05-11,536.4,539.4,7386
NICA,2026-05-11,362.0,364.8,115151
ICFCD88,2026-05-11,1160.0,1160.0,25
USLB,2026-05-11,1271.0,1275.0,1217
BBC,2026-05-11,4849.0,4848.8,381
SEF,2026-05-11,10.0,10.14,26700
NBLD87,2026-05-11,1080.0,1120.0,235
HIDCLP,2026-05-11,200.0,207.4,270354
UNL,2026-05-11,46500.0,46400.0,30
WNLB,2026-05-11,1450.0,1503.1,466
KPCL,2026-05-11,500.0,500.0,11049
PCBL,2026-05-11,240.9,241.0,39039
RAWA,2026-05-11,599.9,607.0,3128
HLICF,2026-05-11,9.2,9.1,17030
PPCL,2026-05-11,399.0,388.4,11528
ULBSL,2026-05-11,2855.0,2998.0,1573
TSHL,2026-05-11,620.0,612.0,912
MAKAR,2026-05-11,490.0,492.0,12032
SGHC,2026-05-11,376.8,374.0,15597
MSHL,2026-05-11,690.0,709.0,310
KEF,2026-05-11,10.36,10.68,18285
JBBL,2026-05-11,361.0,366.0,34299
UNHPL,2026-05-11,473.5,478.0,25754
NIBSF2,2026-05-11,9.03,9.16,2700
SJLIC,2026-05-11,433.0,434.6,11871
SKBBL,2026-05-11,775.0,779.9,10831
RMF1,2026-05-11,10.0,10.0,7782
MEN,2026-05-11,597.0,607.0,56504
SHINE,2026-05-11,414.8,413.5,25804
MEHL,2026-05-11,392.0,386.5,5016
SWASTIK,2026-05-11,2488.1,2499.0,2008
NRN,2026-05-11,1399.0,1427.0,36401
KDBY,2026-05-11,11.13,12.54,24500
NHDL,2026-05-11,655.0,636.9,2539
GMFBS,2026-05-11,1361.0,1337.0,460
SIFC,2026-05-11,540.0,544.0,4428
NBF3,2026-05-11,9.88,9.93,38958
OHL,2026-05-11,700.5,700.0,3222
GLBSL,2026-05-11,1874.0,1844.7,390
IGI,2026-05-11,434.9,432.0,5617
RSML,2026-05-11,3765.0,3825.0,54516
MERO,2026-05-11,725.0,735.0,5475
ANLB,2026-05-11,5747.5,6460.0,1021
AVYAN,2026-05-11,1066.9,1149.0,8825
GBIME,2026-05-11,234.0,237.9,85828
ADBLD83,2026-05-11,1050.7,1050.7,25
RHGCL,2026-05-11,302.8,301.9,46718
NTC,2026-05-11,889.0,890.0,8545
GIBF1,2026-05-11,10.69,10.8,1400
NMIC,2026-05-11,1015.0,1060.0,6410
HLI,2026-05-11,341.0,344.5,54708
SBI,2026-05-11,399.0,402.7,12646
SHIVM,2026-05-11,680.0,692.0,195631
BANDIPUR,2026-05-11,832.0,835.0,38202
NRIC,2026-05-11,901.0,921.9,22773
NICLBSL,2026-05-11,583.0,583.0,18714
MKJC,2026-05-11,498.9,500.0,5309
KDL,2026-05-11,820.0,830.1,3828
RLEL,2026-05-11,1228.5,1168.0,17610
KBSH,2026-05-11,1590.0,1589.3,233
RBCL,2026-05-11,15499.9,15505.0,1828
EBLD86,2026-05-11,1072.1,1072.0,50
H8020,2026-05-11,11.36,11.71,3400
NABBC,2026-05-11,1059.0,1054.0,10853
CHDC,2026-05-11,2302.0,2345.0,25820
SFEF,2026-05-11,10.0,10.2,36100
UPCL,2026-05-11,373.5,379.3,67838
NIL,2026-05-11,605.0,613.0,4589
GUFL,2026-05-11,534.0,537.9,8186
SHLB,2026-05-11,1520.5,1500.0,20
MHNL,2026-05-11,274.9,268.8,15497
SMATA,2026-05-11,787.0,778.6,2393
MNBBL,2026-05-11,375.0,375.8,24066
SGIC,2026-05-11,455.0,468.0,6762
HATHY,2026-05-11,815.0,824.0,5920
SBL,2026-05-11,394.0,395.1,54640
SMB,2026-05-11,1761.0,1769.0,854
SFCL,2026-05-11,384.9,385.0,7066
NRM,2026-05-11,394.0,404.9,16436
NICGF2,2026-05-11,9.5,9.4,3982
HHL,2026-05-11,375.0,387.0,59289
PBD85,2026-05-11,1074.1,1074.1,25
TPC,2026-05-11,367.3,375.0,26457
UMRH,2026-05-11,545.0,544.8,9539
NABIL,2026-05-11,523.0,527.0,37981
NSY,2026-05-11,9.5,9.45,9920
MLBLD89,2026-05-11,1280.0,1280.0,15
MCHL,2026-05-11,310.0,321.0,28872
NWCL,2026-05-11,805.0,811.0,1055
RLFL,2026-05-11,430.1,441.9,7165
KMCDB,2026-05-11,885.8,879.0,5168
NLIC,2026-05-11,766.0,770.0,16604
MMF1,2026-05-11,9.5,9.51,18635
BPCL,2026-05-11,670.0,684.0,27883
NYADI,2026-05-11,390.0,391.5,3461
SPL,2026-05-11,703.0,714.0,1135
GFCL,2026-05-11,630.0,628.0,17624
DDBL,2026-05-11,857.0,863.0,10925
NIFRA,2026-05-11,264.3,267.2,61428
SPIL,2026-05-11,685.1,715.0,6289
SIKLES,2026-05-11,586.9,592.0,8171
NMB,2026-05-11,245.0,244.0,29676
SMH,2026-05-11,582.0,582.0,8041
LSL,2026-05-11,217.0,220.9,42027
MFIL,2026-05-11,790.0,818.0,38299
BEDC,2026-05-11,378.0,380.0,68460
SYPNL,2026-05-11,1480.0,1559.0,106255
CHL,2026-05-11,298.7,299.0,22258
NLG,2026-05-11,580.0,580.0,18550
SAND2085,2026-05-11,1121.0,1120.9,25
NMBMF,2026-05-11,640.0,657.0,2474
SINDU,2026-05-11,724.0,712.0,9022
CREST,2026-05-11,1080.0,1139.6,8143
MMKJL,2026-05-11,500.0,493.0,1429
NBF2,2026-05-11,10.0,10.0,300
TRH,2026-05-11,756.0,771.8,331
HLBSL,2026-05-11,904.0,907.0,738
SBCF,2026-05-11,9.52,9.71,3600
PHCL,2026-05-11,315.0,315.0,110482
GSY,2026-05-11,9.43,9.7,16600
CITY,2026-05-11,424.0,425.0,28977
NIFRAGED,2026-05-11,1037.0,1037.0,30
GMFIL,2026-05-11,488.0,472.0,6883
SJCL,2026-05-11,307.8,316.9,96220
SICL,2026-05-11,615.0,615.0,8455
BGWT,2026-05-11,675.0,672.0,2459
HBL,2026-05-11,205.5,208.0,66664
JFL,2026-05-11,424.3,415.0,8249
ILBSP,2026-05-11,500.0,500.0,5000
JBLB,2026-05-11,1310.0,1320.0,5977
CHCL,2026-05-11,479.9,479.1,22294
PROFL,2026-05-11,450.0,448.9,5236
PBD88,2026-05-11,1210.0,1211.0,125
SHPC,2026-05-11,530.0,526.9,51359
SPDL,2026-05-11,409.0,409.0,42613
SKHL,2026-05-11,962.0,956.0,26580
EHPL,2026-05-11,403.2,393.0,20363
DLBS,2026-05-11,1350.0,1300.0,249
ALBSL,2026-05-11,1070.0,1118.7,2353
KKHC,2026-05-11,253.0,271.0,31111
SIGS2,2026-05-11,10.35,10.35,500
GBIMESY2,2026-05-11,9.2,9.4,2200
MBLEF,2026-05-11,10.1,10.02,23400
SHL,2026-05-11,500.0,500.8,23853
ACLBSL,2026-05-11,977.0,959.5,748
SADBL,2026-05-11,417.0,421.9,11219
PPL,2026-05-11,328.0,358.0,28201
RFPL,2026-05-11,375.0,379.0,27522
HEIP,2026-05-11,320.0,325.0,3110
SAIL,2026-05-11,1150.0,1163.0,41427
NADEP,2026-05-11,764.0,771.0,715
CMF2,2026-05-11,9.72,10.0,3835
NMLBBL,2026-05-11,607.0,623.0,6686
NIBLSTF,2026-05-11,9.47,9.6,6800
NLICL,2026-05-11,578.4,586.0,2290
LBBL,2026-05-11,490.5,492.9,69685
GRDBL,2026-05-11,1068.0,1058.9,7309
MEL,2026-05-11,236.0,239.1,35882
SIPD,2026-05-11,860.0,867.3,29500
RIDI,2026-05-11,353.7,355.6,449324
SALICO,2026-05-11,581.1,589.9,2114
SWBBL,2026-05-11,794.8,760.0,5667
C30MF,2026-05-11,10.0,10.0,800
SBID83,2026-05-11,1066.0,1066.0,25
SANVI,2026-05-11,683.0,706.1,26250
SMPDA,2026-05-11,830.1,850.0,2511
PRIN,2026-05-11,642.2,650.6,4956
GMLI,2026-05-11,1332.9,1337.7,2214
CGH,2026-05-11,805.0,813.2,10471
NMBHF2,2026-05-11,9.36,9.88,20150
LLBS,2026-05-11,945.0,951.0,267
SONA,2026-05-11,440.2,443.9,22489
FMDBL,2026-05-11,810.0,919.0,40585
ILBS,2026-05-11,992.2,949.9,2376
FOWAD,2026-05-11,1100.0,1098.0,7894
CFCL,2026-05-11,504.0,508.9,20305
CIT,2026-05-11,1780.0,1774.2,5895
RURU,2026-05-11,658.0,658.0,5833
KSY,2026-05-11,9.22,9.74,3640
MBJC,2026-05-11,280.2,288.0,65174
HIDCL,2026-05-11,255.0,274.0,62384
GLH,2026-05-11,271.0,273.0,41039
NICSF,2026-05-11,9.97,9.6,2900
DHEL,2026-05-11,602.0,617.9,15812
HURJA,2026-05-11,256.0,263.0,94510
SLCF,2026-05-11,9.65,9.95,8900
MKCL,2026-05-11,1319.0,1320.0,1988
JOSHI,2026-05-11,284.0,284.4,20046
EBL,2026-05-11,718.0,706.0,27421
LUK,2026-05-11,10.0,9.95,2750
LVF2,2026-05-11,9.52,9.4,10910
CYCL,2026-05-11,1470.0,1500.0,454
MHL,2026-05-11,500.0,505.0,25089
NGPL,2026-05-11,450.0,454.4,274260
JHAPA,2026-05-11,1785.0,1799.0,32150
CSY,2026-05-11,9.07,9.3,4750
BNT,2026-05-11,11649.9,11699.0,150
SNLI,2026-05-11,447.4,455.3,11924
CKHL,2026-05-11,665.0,678.0,935
PMLI,2026-05-11,470.0,468.0,3992
KBL,2026-05-11,221.0,222.4,211997
PURE,2026-05-11,980.0,990.0,24756
SMFBS,2026-05-11,1600.0,1624.9,1974
ILI,2026-05-11,438.0,443.0,11365
MPFL,2026-05-11,615.5,643.0,9004
RMF2,2026-05-11,10.1,10.2,600
SMHL,2026-05-11,500.3,511.4,32273
NBLD85,2026-05-11,1047.9,1047.9,25
NABILD2089,2026-05-11,1064.1,1064.1,25
MKHL,2026-05-11,530.0,530.0,26850
HFIN,2026-05-11,1020.0,1065.0,90355
CBBL,2026-05-11,906.0,923.0,15544
SABBL,2026-05-11,1248.0,1309.9,21725
MLBS,2026-05-11,1265.8,1270.0,660
SAHAS,2026-05-11,628.0,644.0,237857
BHCL,2026-05-11,500.0,524.5,17959
DHPL,2026-05-11,305.0,303.9,2879
AHL,2026-05-11,535.0,513.0,15766
SCBD,2026-05-11,1133.0,1133.0,5
SCB,2026-05-11,650.0,645.2,6891
UPPER,2026-05-11,215.6,209.5,145500
BHL,2026-05-11,220.1,227.0,233467
NMB50,2026-05-11,10.5,10.5,19300
BHPL,2026-05-11,523.0,532.0,9793
MNMF1,2026-05-11,9.75,9.9,41050
SOHL,2026-05-11,719.0,721.0,192377
UHEWA,2026-05-11,581.0,578.0,6180
SANIMA,2026-05-11,363.0,364.8,64542
KSBBL,2026-05-11,482.0,485.0,30553
ICFCD89,2026-05-11,1085.0,1085.0,190
SRLI,2026-05-11,395.0,395.0,21417
MHCL,2026-05-11,344.0,355.0,9297
HIMSTAR,2026-05-11,924.0,920.0,9674
SKHEL,2026-05-11,1437.4,1350.0,14276
AHPC,2026-05-11,294.2,286.0,80580
SMJC,2026-05-11,450.0,453.0,23354
NFS,2026-05-11,580.0,579.0,5194
SSHL,2026-05-11,217.0,219.9,225403
SFMF,2026-05-11,10.6,10.4,15435
SAPDBL,2026-05-11,797.8,805.1,14072
BUNGAL,2026-05-11,569.0,595.0,15122
UMHL,2026-05-11,568.0,573.7,35153
EDBL,2026-05-11,589.0,586.6,4213
DOLTI,2026-05-11,332.0,360.0,141174
NUBL,2026-05-11,669.0,670.6,4646
RHPL,2026-05-11,280.0,287.0,18172
PSF,2026-05-11,11.99,12.51,11400
RBCLPO,2026-05-11,11896.5,11896.5,10
IHL,2026-05-11,385.0,397.0,62537
NESDO,2026-05-11,1550.0,1568.9,1947
HDHPC,2026-05-11,224.9,231.0,350447
VLUCL,2026-05-11,486.0,494.9,4444
BNHC,2026-05-11,329.9,335.5,11596
PMHPL,2026-05-11,341.9,344.8,6032
GBBL,2026-05-11,416.5,420.0,22597
RSDC,2026-05-11,680.0,675.0,2777
ADBL,2026-05-11,310.0,312.0,22801
GILB,2026-05-11,1120.0,1116.1,1659
ENL,2026-05-11,890.0,910.0,1590
ICFCD89,2026-05-08,1086.4,1085.0,259
TAMOR,2026-05-08,427.0,433.7,33752
NICA,2026-05-08,364.0,356.7,65272
NSIF2,2026-05-08,11.03,10.98,25935
IHL,2026-05-08,390.0,394.2,9482
RHPL,2026-05-08,272.0,277.8,7373
NBF2,2026-05-08,10.0,10.18,12220
TVCL,2026-05-08,496.0,561.0,7042
MHL,2026-05-08,499.9,502.0,2275
SADBL,2026-05-08,411.1,417.4,19299
SSHL,2026-05-08,221.4,214.0,122918
SCBD,2026-05-08,1133.0,1133.0,65
SGIC,2026-05-08,465.0,462.0,5624
LVF2,2026-05-08,9.55,9.51,310
JSLBB,2026-05-08,1080.0,1119.9,385
SGHC,2026-05-08,361.0,365.9,10457
UMHL,2026-05-08,560.0,565.9,15783
UNLB,2026-05-08,1420.0,1460.0,363
GBBL,2026-05-08,414.0,416.1,19853
SBI,2026-05-08,404.9,399.0,8631
GUFL,2026-05-08,520.0,527.0,8510
GMFBS,2026-05-08,1319.9,1322.0,299
SANVI,2026-05-08,660.2,684.0,10726
PURE,2026-05-08,927.6,977.1,35448
RSY,2026-05-08,9.93,10.13,12100
MEN,2026-05-08,598.0,590.0,18171
GIBF1,2026-05-08,10.55,10.8,1900
SIKLES,2026-05-08,573.0,577.9,5850
GFCL,2026-05-08,620.0,619.7,4819
GBIME,2026-05-08,230.0,234.0,59947
GBILD84/85,2026-05-08,1158.0,1158.0,20
SPDL,2026-05-08,415.6,404.5,58267
HURJA,2026-05-08,250.0,253.0,67475
NIMB,2026-05-08,201.0,199.7,42397
NGPL,2026-05-08,430.1,444.9,265612
AKJCL,2026-05-08,344.0,365.9,268683
SMB,2026-05-08,1720.0,1749.0,488
UHEWA,2026-05-08,574.9,564.1,7248
SAPDBL,2026-05-08,788.0,784.0,16211
MLBSL,2026-05-08,1792.0,1813.0,666
USLB,2026-05-08,1269.6,1257.6,551
PMHPL,2026-05-08,335.0,338.0,7990
GILB,2026-05-08,1093.0,1118.0,551
HBL,2026-05-08,200.0,205.0,39652
PBD88,2026-05-08,1205.0,1205.0,30
NIBSF2,2026-05-08,9.15,9.22,28360
NHDL,2026-05-08,647.0,636.0,2274
SLBSL,2026-05-08,1190.0,1188.0,705
BJHL,2026-05-08,978.0,1010.0,18876
MPFL,2026-05-08,605.0,617.0,16404
SFEF,2026-05-08,9.81,10.0,25900
NRIC,2026-05-08,900.0,898.0,23454
RHGCL,2026-05-08,291.0,297.0,52138
SBLD2091,2026-05-08,1065.0,1052.0,50
MHCL,2026-05-08,340.0,345.0,3633
MLBLD89,2026-05-08,1270.0,1250.0,190
UMRH,2026-05-08,526.0,535.0,5011
MKJC,2026-05-08,492.0,490.2,6027
AHPC,2026-05-08,288.0,280.2,56153
PSF,2026-05-08,11.97,12.35,23940
SBID89,2026-05-08,1140.0,1140.0,25
GMFIL,2026-05-08,455.0,465.0,2470
SLBBL,2026-05-08,825.9,822.0,8547
SMHL,2026-05-08,493.1,497.6,24032
DDBL,2026-05-08,859.8,848.0,2959
OHL,2026-05-08,696.0,700.0,1588
NBF3,2026-05-08,9.63,9.88,15120
HATHY,2026-05-08,808.0,816.0,4417
NUBL,2026-05-08,676.0,668.2,4586
NMIC,2026-05-08,980.0,1006.0,5492
SHPC,2026-05-08,518.0,519.9,20312
GRDBL,2026-05-08,1092.0,1038.1,7337
TPC,2026-05-08,360.5,367.0,14132
EHPL,2026-05-08,403.2,384.0,30061
HIDCL,2026-05-08,267.8,267.0,44067
NICFC,2026-05-08,9.2,9.4,1400
MMKJL,2026-05-08,485.0,490.0,1653
SANIMA,2026-05-08,357.9,360.1,60428
SKHEL,2026-05-08,1290.0,1369.0,12416
DLBS,2026-05-08,1214.3,1319.0,2503
MSHL,2026-05-08,680.0,697.0,991
H8020,2026-05-08,11.7,11.37,401
WNLB,2026-05-08,1437.8,1430.0,354
SKHL,2026-05-08,962.0,958.8,23388
MLBBL,2026-05-08,1196.0,1200.0,2737
SMPDA,2026-05-08,835.0,840.0,1360
OMPL,2026-05-08,1130.0,1170.0,4767
MKCL,2026-05-08,1285.0,1290.0,2053
DHPL,2026-05-08,307.6,297.0,4291
NIMBPO,2026-05-08,150.0,153.9,1444
RFPL,2026-05-08,350.6,371.4,16413
MLBL,2026-05-08,361.2,367.9,17458
EBLD91,2026-05-08,1078.0,1062.0,75
CITY,2026-05-08,399.1,424.0,10538
BBC,2026-05-08,4844.0,4795.0,351
SMFBS,2026-05-08,1559.6,1628.9,4339
NMFBS,2026-05-08,1119.0,1106.9,2613
MSLB,2026-05-08,1212.0,1243.8,1288
ADBL,2026-05-08,311.0,310.0,15077
NRM,2026-05-08,392.0,392.0,19187
KSY,2026-05-08,9.22,9.3,500
HDL,2026-05-08,1149.8,1155.0,20725
CKHL,2026-05-08,672.1,675.0,1165
MFIL,2026-05-08,778.0,798.0,96314
CORBL,2026-05-08,2000.0,2035.9,2724
EDBL,2026-05-08,575.0,576.4,787
MEHL,2026-05-08,372.1,381.0,4979
RBCL,2026-05-08,15000.0,15100.0,48
MAKAR,2026-05-08,483.2,488.1,5410
GLH,2026-05-08,262.5,268.0,29183
JBLB,2026-05-08,1330.0,1309.0,3969
STC,2026-05-08,5750.0,5800.0,392
MANDU,2026-05-08,801.3,808.2,740
EBL,2026-05-08,700.0,702.1,20871
MBLEF,2026-05-08,10.2,10.13,12350
JHAPA,2026-05-08,1705.3,1840.0,51604
MDB,2026-05-08,589.0,598.0,6713
VLBS,2026-05-08,680.0,696.1,3381
ENL,2026-05-08,874.0,885.0,352
HEIP,2026-05-08,318.0,320.2,1899
SYPNL,2026-05-08,1401.0,1465.0,67993
SAGAR,2026-05-08,1670.0,1729.0,8352
MATRI,2026-05-08,887.0,900.0,518
NABILD2089,2026-05-08,1060.0,1060.0,25
DHEL,2026-05-08,584.0,599.0,15050
SFMF,2026-05-08,10.25,10.4,14300
SARBTM,2026-05-08,840.0,838.0,8798
MABEL,2026-05-08,631.0,660.0,8848
SEF,2026-05-08,10.12,9.9,1500
KDBY,2026-05-08,11.82,11.26,11200
CYCL,2026-05-08,1457.0,1470.0,1694
CLI,2026-05-08,452.0,456.0,6678
CIT,2026-05-08,1761.0,1770.0,3920
SHL,2026-05-08,497.0,495.6,20264
NICL,2026-05-08,484.0,489.1,3322
AVYAN,2026-05-08,1110.0,1123.0,6580
RNLI,2026-05-08,459.0,462.0,11927
PPL,2026-05-08,325.0,345.0,22885
LLBS,2026-05-08,921.0,964.0,408
JOSHI,2026-05-08,285.0,281.0,9898
SRLI,2026-05-08,385.0,393.0,13165
BHCL,2026-05-08,499.0,515.0,17476
HDHPC,2026-05-08,217.9,222.5,189059
RIDI,2026-05-08,343.8,346.8,294378
MBJC,2026-05-08,284.0,282.2,31106
CHCL,2026-05-08,478.0,474.0,17142
IGI,2026-05-08,421.2,427.0,8599
GMLI,2026-05-08,1270.0,1295.0,1803
NIBLSTF,2026-05-08,8.93,9.49,13900
JFL,2026-05-08,407.0,412.0,1267
UAIL,2026-05-08,437.1,453.0,8609
USHEC,2026-05-08,488.0,494.5,5532
NLIC,2026-05-08,769.0,763.8,47568
MMF1,2026-05-08,9.35,9.5,42403
MKHC,2026-05-08,310.2,316.0,8642
NIFRAGED,2026-05-08,1035.7,1035.7,25
UPPER,2026-05-08,193.0,205.4,126149
SONA,2026-05-08,433.0,437.1,15685
CSY,2026-05-08,9.41,9.35,5750
BUNGAL,2026-05-08,560.1,569.1,7311
NFS,2026-05-08,568.0,569.0,8002
GHL,2026-05-08,233.0,240.0,72288
NMBMF,2026-05-08,635.0,644.0,2399
LICN,2026-05-08,827.6,816.4,3671
LUK,2026-05-08,10.1,10.0,2756
PROFL,2026-05-08,444.0,440.0,5652
SIGS2,2026-05-08,10.61,10.61,940
DOLTI,2026-05-08,353.0,332.0,56440
NRN,2026-05-08,1430.9,1399.0,31262
KMCDB,2026-05-08,886.0,885.8,2072
FOWAD,2026-05-08,1095.1,1100.0,9020
DORDI,2026-05-08,268.0,269.2,39130
HLICF,2026-05-08,9.2,9.2,2200
RAWA,2026-05-08,573.1,595.0,696
SCB,2026-05-08,649.9,645.2,4125
ACLBSL,2026-05-08,930.0,950.0,1775
SICL,2026-05-08,620.0,611.2,2437
RLFL,2026-05-08,423.0,434.0,10578
CREST,2026-05-08,1120.0,1081.5,5674
BOKD86,2026-05-08,1070.8,1070.8,25
ILI,2026-05-08,434.0,437.5,7597
NLICL,2026-05-08,580.0,581.1,9950
CBBL,2026-05-08,910.0,900.0,33751
SHLB,2026-05-08,1438.0,1490.0,403
SAIL,2026-05-08,1105.1,1145.0,32572
SWASTIK,2026-05-08,2439.0,2485.0,1530
RADHI,2026-05-08,784.3,769.9,18066
SRBLD83,2026-05-08,1079.6,1079.6,50
GBIMESY2,2026-05-08,9.5,9.3,15580
HIMSTAR,2026-05-08,865.0,909.9,10188
C30MF,2026-05-08,10.05,10.06,1000
RURU,2026-05-08,649.5,654.0,3558
KSBBL,2026-05-08,472.0,480.0,19183
NYADI,2026-05-08,385.0,386.8,1812
NIBLGF,2026-05-08,9.3,9.57,3000
BHL,2026-05-08,206.0,219.5,99800
SKBBL,2026-05-08,770.0,769.0,7921
SBCF,2026-05-08,9.55,9.8,3365
CHDC,2026-05-08,2210.5,2299.0,18285
NICGF2,2026-05-08,9.25,9.52,42758
NMLBBL,2026-05-08,604.0,612.0,1473
SWMF,2026-05-08,656.0,663.0,3414
TSHL,2026-05-08,590.0,610.0,2344
JBBLPO,2026-05-08,181.4,181.4,9000
CMF2,2026-05-08,10.0,10.0,300
RBBD2088,2026-05-08,1040.5,1060.1,105
RMF1,2026-05-08,9.58,10.11,67050
SBLD89,2026-05-08,1250.0,1220.0,5
UPCL,2026-05-08,383.0,370.1,40198
PRIN,2026-05-08,637.0,642.0,2152
ULBSL,2026-05-08,2800.0,2944.0,1821
KEF,2026-05-08,10.46,10.52,54200
BARUN,2026-05-08,338.0,341.9,31872
BGWT,2026-05-08,650.0,657.0,1564
BNT,2026-05-08,11461.0,11460.0,40
VLUCL,2026-05-08,471.0,485.0,2124
SAGF,2026-05-08,9.92,10.15,39500
SHINED,2026-05-08,1102.0,1125.0,200
AHL,2026-05-08,490.0,524.0,13584
SIFC,2026-05-08,521.0,535.0,3725
NIFRA,2026-05-08,262.0,264.2,41736
MHNL,2026-05-08,260.1,269.2,11669
NSY,2026-05-08,9.5,9.53,9565
SPHL,2026-05-08,516.0,512.0,875
SHIVM,2026-05-08,666.9,676.8,85257
KBSH,2026-05-08,1480.1,1545.0,170
SBL,2026-05-08,392.0,393.0,29085
BANDIPUR,2026-05-08,792.5,832.0,44684
ALBSL,2026-05-08,1070.0,1110.0,20892
ALICL,2026-05-08,453.0,453.0,32229
JBBL,2026-05-08,353.0,359.1,19535
TRH,2026-05-08,752.0,753.1,1660
SABBL,2026-05-08,1263.0,1235.0,9228
MEL,2026-05-08,227.5,236.3,19001
NICSF,2026-05-08,9.32,9.7,14850
SHEL,2026-05-08,306.0,311.9,77941
RLEL,2026-05-08,1118.0,1170.0,34019
NMB,2026-05-08,244.8,242.0,26100
MCHL,2026-05-08,306.0,301.0,11856
SBID2090,2026-05-08,1054.0,1054.0,100
SFCL,2026-05-08,380.0,379.0,5552
TTL,2026-05-08,789.0,819.9,18615
HIDCLP,2026-05-08,200.7,204.7,164691
CHL,2026-05-08,290.0,290.0,18597
PCIL,2026-05-08,850.0,897.0,65696
PFL,2026-05-08,376.0,374.0,7050
ICFC,2026-05-08,623.0,635.0,8380
SALICO,2026-05-08,599.9,584.1,4086
PBD85,2026-05-08,1099.7,1099.7,100
NESDO,2026-05-08,1512.0,1537.0,297
SWBBL,2026-05-08,770.0,757.0,36770
HRL,2026-05-08,694.1,678.0,54949
GBLBS,2026-05-08,769.9,771.0,1697
GCIL,2026-05-08,414.0,420.0,8021
PCBL,2026-05-08,238.5,240.9,31788
PRVU,2026-05-08,198.0,199.8,89718
PHCL,2026-05-08,301.0,307.9,60626
NICBF,2026-05-08,9.69,9.95,2300
UNL,2026-05-08,46800.0,46400.0,51
SIPD,2026-05-08,830.0,856.0,27199
BHPL,2026-05-08,519.9,520.0,2550
UNHPL,2026-05-08,479.0,473.0,10632
NABIL,2026-05-08,525.0,523.0,44672
LSL,2026-05-08,214.5,216.7,22708
GSY,2026-05-08,9.7,9.72,3840
USHL,2026-05-08,620.2,640.0,2836
GLBSL,2026-05-08,1800.0,1819.9,135
SOHL,2026-05-08,707.0,719.0,168353
CZBIL,2026-05-08,205.0,207.5,69121
SPL,2026-05-08,700.0,700.0,2660
ILBS,2026-05-08,954.0,945.0,841
SPC,2026-05-08,468.6,459.5,2496
HPPL,2026-05-08,361.0,379.8,31358
KBL,2026-05-08,217.0,221.0,201544
RBBF40,2026-05-08,9.29,9.33,1000
HFIN,2026-05-08,1000.0,1073.0,132782
ULHC,2026-05-08,503.1,510.0,6633
BPCL,2026-05-08,689.0,670.0,7738
KKHC,2026-05-08,259.1,266.0,28782
LBBL,2026-05-08,488.0,490.0,32046
PMLI,2026-05-08,463.0,469.0,1346
SPIL,2026-05-08,685.0,705.9,5262
FMDBL,2026-05-08,796.0,804.8,6240
MLBS,2026-05-08,1206.0,1229.0,220
NWCL,2026-05-08,773.1,800.0,677
HLBSL,2026-05-08,872.2,899.8,1134
MKHL,2026-05-08,500.5,516.5,4505
NICLBSL,2026-05-08,580.0,578.0,7934
HHL,2026-05-08,366.3,373.5,32503
KDL,2026-05-08,810.0,829.9,1625
SHINE,2026-05-08,408.0,409.6,8322
CGH,2026-05-08,801.0,803.0,14211
SMATA,2026-05-08,761.0,775.0,3516
NMBHF2,2026-05-08,9.61,9.6,153316
KPCL,2026-05-08,480.0,487.9,7342
AKPL,2026-05-08,270.0,268.8,66416
NTC,2026-05-08,884.9,880.0,9570
HEI,2026-05-08,533.0,529.9,9504
PPCL,2026-05-08,378.0,380.0,22301
SINDU,2026-05-08,700.0,705.0,6852
RSDC,2026-05-08,676.9,668.0,1488
API,2026-05-08,332.0,337.0,96734
SMH,2026-05-08,575.0,572.1,3835
LEC,2026-05-08,211.0,227.4,84443
GVL,2026-05-08,485.0,489.0,7506
BFC,2026-05-08,456.0,454.0,7733
SJLIC,2026-05-08,423.1,431.3,10435
NLG,2026-05-08,562.0,577.9,3928
PRSF,2026-05-08,12.66,12.97,115400
BNHC,2026-05-08,315.4,322.0,2883
NBL,2026-05-08,263.5,264.9,65881
HLI,2026-05-08,341.0,339.0,48756
SMJC,2026-05-08,431.2,440.0,13395
MNMF1,2026-05-08,9.44,9.73,3040
NMB50,2026-05-08,10.31,10.79,5410
SAHAS,2026-05-08,616.5,627.8,66744
SNLI,2026-05-08,448.0,448.5,7252
NIL,2026-05-08,610.0,604.0,2641
CIZBD90,2026-05-08,1277.9,1265.0,97
MBL,2026-05-08,249.0,250.6,94572
MERO,2026-05-08,709.0,725.0,1727
SLCF,2026-05-08,9.62,9.9,43500
BHDC,2026-05-08,460.0,464.0,3509
RSML,2026-05-08,3631.0,3800.0,36444
CFCL,2026-05-08,491.0,499.0,7739
NHPC,2026-05-08,285.0,283.1,267595
ANLB,2026-05-08,5625.1,6050.0,371
ICFCD88,2026-05-08,1155.0,1155.0,25
SJCL,2026-05-08,291.0,298.9,14657
NADEP,2026-05-08,745.0,764.9,351
SIGS3,2026-05-08,10.31,10.42,1600
MNBBL,2026-05-08,366.0,371.9,17577
NABBC,2026-05-08,1019.1,1059.0,9054
ILBSP,2026-05-08,512.0,512.0,5000
BEDC,2026-05-08,356.7,360.0,28371
SPHL,2026-05-07,519.1,505.5,1933
WNLB,2026-05-07,1378.1,1396.0,232
TRH,2026-05-07,740.0,762.0,1036
PSF,2026-05-07,12.28,12.01,5950
SARBTM,2026-05-07,838.8,830.0,4896
MEHL,2026-05-07,380.0,376.2,1959
NICAD2091,2026-05-07,1066.0,1047.0,50
NIMBPO,2026-05-07,148.2,148.2,17
SADBL,2026-05-07,407.1,411.0,18472
JHAPA,2026-05-07,1790.0,1795.0,43094
LVF2,2026-05-07,9.54,9.54,900
NFS,2026-05-07,562.0,558.5,10429
ULBSL,2026-05-07,2925.0,2900.0,979
ADBL,2026-05-07,305.0,308.0,14376
JOSHI,2026-05-07,282.0,279.8,8895
ICFCD88,2026-05-07,1142.0,1142.0,25
PMLI,2026-05-07,455.5,463.0,6176
AKJCL,2026-05-07,332.7,346.9,235332
PROFL,2026-05-07,436.0,435.0,4203
AHPC,2026-05-07,260.4,274.9,94515
SMFBS,2026-05-07,1565.0,1639.0,45
NSIF2,2026-05-07,10.7,10.71,2100
SHIVM,2026-05-07,662.0,666.9,60189
RMF1,2026-05-07,9.7,9.8,2400
BFC,2026-05-07,456.0,450.0,5603
UAIL,2026-05-07,438.0,437.0,2538
GFCL,2026-05-07,600.0,610.0,4388
VLUCL,2026-05-07,475.1,477.0,4021
KSBBL,2026-05-07,475.0,478.0,43870
HDHPC,2026-05-07,218.0,216.5,189470
ALBSL,2026-05-07,1088.0,1106.0,4143
MLBBL,2026-05-07,1150.0,1204.0,1824
NTC,2026-05-07,875.2,880.0,7572
PMHPL,2026-05-07,331.0,336.8,5838
ENL,2026-05-07,890.0,889.0,1459
CGH,2026-05-07,802.3,803.4,4799
OMPL,2026-05-07,1120.1,1140.0,2229
SWASTIK,2026-05-07,2449.0,2435.3,180
SMHL,2026-05-07,496.0,494.9,12771
BNL,2026-05-07,14800.0,14800.0,20
BUNGAL,2026-05-07,560.0,562.0,3992
NIFRAGED,2026-05-07,1042.0,1033.4,50
PRSF,2026-05-07,12.94,12.94,80979
NLG,2026-05-07,547.6,562.0,24010
C30MF,2026-05-07,10.0,9.77,400
GSY,2026-05-07,9.52,9.7,5294
RURU,2026-05-07,642.0,649.5,1651
NABBC,2026-05-07,1008.2,1049.0,3528
SALICO,2026-05-07,585.0,583.0,2006
NIBLGF,2026-05-07,9.25,9.52,3700
MKHC,2026-05-07,312.6,312.9,9355
HRL,2026-05-07,650.0,661.1,47335
BHDC,2026-05-07,466.7,459.9,9052
DORDI,2026-05-07,270.0,266.5,48367
HBLPO,2026-05-07,123.2,115.0,155559
NLICL,2026-05-07,572.2,577.7,4887
SYPNL,2026-05-07,1333.8,1401.0,25074
RBCLPO,2026-05-07,11550.0,11550.0,10
CYCL,2026-05-07,1453.3,1457.0,495
MEN,2026-05-07,580.0,589.0,35558
MSHL,2026-05-07,700.0,692.0,270
ANLB,2026-05-07,5772.0,5919.9,687
MNMF1,2026-05-07,9.8,9.72,1500
UNHPL,2026-05-07,475.0,474.8,12131
MHCL,2026-05-07,340.0,342.2,5571
AKPL,2026-05-07,264.0,263.1,68258
RLFL,2026-05-07,425.0,428.8,8724
LICN,2026-05-07,805.3,812.0,862
MATRI,2026-05-07,875.0,911.8,608
HIMSTAR,2026-05-07,836.1,867.0,4595
NIBLSTF,2026-05-07,9.37,9.39,4100
NWCL,2026-05-07,781.0,784.0,1990
PCBL,2026-05-07,238.8,238.5,26903
KPCL,2026-05-07,480.3,477.0,18948
SWBBL,2026-05-07,722.0,810.0,3932
SAPDBL,2026-05-07,781.0,777.0,8347
GLH,2026-05-07,261.0,264.3,25567
MERO,2026-05-07,730.0,714.9,2336
NBL,2026-05-07,262.0,260.1,101701
SGIC,2026-05-07,445.0,459.0,9901
PPCL,2026-05-07,370.0,372.8,4531
KDL,2026-05-07,826.5,814.0,1948
SPIL,2026-05-07,724.0,695.0,2591
HLICF,2026-05-07,9.0,9.2,7680
NICBF,2026-05-07,9.4,9.41,300
NUBL,2026-05-07,673.0,673.0,2843
SJCL,2026-05-07,303.0,295.8,14615
NMIC,2026-05-07,999.0,991.0,2623
HFIN,2026-05-07,988.0,994.4,37729
ICFC,2026-05-07,620.0,624.0,3591
HIDCL,2026-05-07,266.0,264.8,42077
TAMOR,2026-05-07,430.1,427.0,33787
DHEL,2026-05-07,579.5,581.2,6882
RSDC,2026-05-07,645.1,657.6,6834
MMF1,2026-05-07,9.79,9.63,16420
SLBBL,2026-05-07,815.0,817.0,5988
MDB,2026-05-07,580.0,588.0,837
NICSF,2026-05-07,9.7,9.6,200
RSML,2026-05-07,3690.0,3693.0,38611
SBLD89,2026-05-07,1250.0,1250.0,25
SAHAS,2026-05-07,615.0,616.5,34177
HPPL,2026-05-07,358.0,370.0,33180
SPDL,2026-05-07,397.2,395.9,19480
SKHEL,2026-05-07,1234.1,1290.0,13992
DLBS,2026-05-07,1271.0,1278.2,891
MKJC,2026-05-07,469.4,490.0,6926
NMBHF2,2026-05-07,9.35,9.52,4420
MEL,2026-05-07,227.0,229.9,13729
HHL,2026-05-07,368.2,368.0,26160
GMFIL,2026-05-07,455.0,456.0,6482
MBLEF,2026-05-07,10.0,10.03,20100
SINDU,2026-05-07,692.1,697.0,13182
NLIC,2026-05-07,774.9,761.0,21876
MCHL,2026-05-07,312.0,298.0,28332
GRDBL,2026-05-07,1031.1,1040.0,9061
MSLB,2026-05-07,1220.2,1238.0,1766
CZBIL,2026-05-07,204.9,202.1,24706
MNBBL,2026-05-07,372.0,368.1,15551
SHLB,2026-05-07,1425.0,1482.0,240
LUK,2026-05-07,9.97,10.1,3800
HEI,2026-05-07,530.0,520.0,1186
MFIL,2026-05-07,751.1,770.7,47948
LLBS,2026-05-07,920.0,950.0,275
NICGF2,2026-05-07,9.49,9.53,3282
PRIN,2026-05-07,635.0,634.9,5341
BHCL,2026-05-07,500.0,497.6,9253
MKCL,2026-05-07,1268.0,1285.0,889
RBBD2088,2026-05-07,1123.5,1058.0,2
CORBL,2026-05-07,1944.2,2000.0,4456
NRN,2026-05-07,1370.1,1362.8,130321
SEF,2026-05-07,9.9,9.9,4000
NABILD2089,2026-05-07,1051.0,1051.0,50
SIFC,2026-05-07,520.0,517.4,3669
BANDIPUR,2026-05-07,803.0,803.0,25441
SMATA,2026-05-07,760.0,761.0,3978
UNLB,2026-05-07,1401.0,1455.0,157
GBLBS,2026-05-07,744.0,762.9,3712
ILI,2026-05-07,432.0,434.5,4757
SLBSL,2026-05-07,1190.0,1198.0,528
SHEL,2026-05-07,300.1,304.2,43524
MBL,2026-05-07,250.0,249.0,57939
SIKLES,2026-05-07,572.0,573.5,5490
DHPL,2026-05-07,293.0,293.0,4296
NMBMF,2026-05-07,633.0,639.5,2593
RAWA,2026-05-07,616.3,587.0,691
RBCL,2026-05-07,14777.2,14750.0,60
CITY,2026-05-07,427.0,420.1,9785
GMFBS,2026-05-07,1312.0,1305.0,233
CFCL,2026-05-07,493.0,487.0,2534
NBF2,2026-05-07,9.86,10.0,10340
VLBS,2026-05-07,686.0,693.0,2441
SMJC,2026-05-07,443.0,435.0,5839
STC,2026-05-07,5670.2,5750.0,202
SFMF,2026-05-07,10.31,10.31,2500
JBBL,2026-05-07,356.0,354.9,27042
RADHI,2026-05-07,737.0,747.0,22944
CSY,2026-05-07,9.25,9.41,24700
CZBILP,2026-05-07,109.0,109.0,19786
ICFCD89,2026-05-07,1084.1,1083.1,220
NBF3,2026-05-07,9.54,9.81,14500
SMH,2026-05-07,573.0,568.0,2875
LSL,2026-05-07,214.1,216.7,24370
NMB50,2026-05-07,10.31,10.32,600
CHL,2026-05-07,281.5,284.0,8936
PRVU,2026-05-07,190.0,196.0,95677
BPCL,2026-05-07,689.1,656.2,11942
SABBL,2026-05-07,1163.0,1203.0,10889
USHEC,2026-05-07,485.0,488.0,3071
UPPER,2026-05-07,203.0,202.5,89557
TPC,2026-05-07,367.0,361.3,14781
GBIME,2026-05-07,231.0,231.0,62281
IHL,2026-05-07,390.0,398.0,2314
CKHL,2026-05-07,672.0,683.0,520
SOHL,2026-05-07,744.0,709.9,121069
SHL,2026-05-07,503.0,496.9,9486
DOLTI,2026-05-07,355.0,336.9,51485
KDBY,2026-05-07,11.15,11.26,8703
CIT,2026-05-07,1770.0,1760.0,3489
RNLI,2026-05-07,457.0,459.9,10239
SMB,2026-05-07,1700.0,1725.2,710
GBBL,2026-05-07,414.0,414.0,21976
SWMF,2026-05-07,663.5,656.0,2370
H8020,2026-05-07,11.26,11.64,1415
NMFBS,2026-05-07,1092.0,1090.0,4323
SRLI,2026-05-07,385.1,387.0,14020
BHPL,2026-05-07,520.0,517.0,5397
CREST,2026-05-07,1127.5,1073.8,4614
SPC,2026-05-07,455.0,455.0,4273
BGWT,2026-05-07,647.4,638.0,7379
KBLD89,2026-05-07,1272.0,1272.0,25
JFL,2026-05-07,406.0,405.0,6433
RHPL,2026-05-07,275.0,274.0,10507
ILBS,2026-05-07,952.9,944.0,3326
UMHL,2026-05-07,570.0,564.9,15404
SBI,2026-05-07,397.9,397.7,17681
MLBSL,2026-05-07,1764.9,1796.0,483
MANDU,2026-05-07,804.0,809.8,2310
IGI,2026-05-07,422.5,425.0,5736
CBLD88,2026-05-07,1183.0,1183.0,25
EDBL,2026-05-07,571.0,572.0,1831
FOWAD,2026-05-07,1364.0,1127.9,64768
MKHL,2026-05-07,521.0,508.0,4142
SANVI,2026-05-07,694.0,669.0,6917
DDBL,2026-05-07,841.1,847.9,6877
NICA,2026-05-07,360.1,356.0,139029
TSHL,2026-05-07,600.0,599.0,2066
SMPDA,2026-05-07,829.1,840.0,388
GHL,2026-05-07,232.0,231.9,51383
NADEP,2026-05-07,725.0,745.0,856
SBCF,2026-05-07,9.75,9.8,17010
CHDC,2026-05-07,2177.0,2210.2,7554
HLBSL,2026-05-07,872.6,890.0,496
SCB,2026-05-07,636.1,642.0,2840
AVYAN,2026-05-07,1120.0,1117.9,1461
HURJA,2026-05-07,249.0,247.5,34333
TTL,2026-05-07,775.0,789.0,11007
RFPL,2026-05-07,350.6,368.0,14253
GLBSL,2026-05-07,1760.0,1790.0,193
BBC,2026-05-07,4814.0,4799.0,301
TVCL,2026-05-07,476.4,510.0,9769
HEIP,2026-05-07,309.1,309.1,10
NMB,2026-05-07,243.9,242.3,23523
NYADI,2026-05-07,370.0,385.0,1205
NRM,2026-05-07,395.0,390.1,15573
API,2026-05-07,333.8,332.3,210088
SKBBL,2026-05-07,762.1,762.8,12217
MHL,2026-05-07,489.0,499.6,7683
FMDBL,2026-05-07,760.0,800.0,21452
GMLI,2026-05-07,1280.0,1281.0,860
RBBF40,2026-05-07,9.5,9.55,900
NGPL,2026-05-07,408.0,431.5,189083
SGHC,2026-05-07,354.0,361.0,14957
RHGCL,2026-05-07,293.0,291.0,21659
NSY,2026-05-07,9.26,9.73,6850
KMCDB,2026-05-07,882.0,877.7,492
SICL,2026-05-07,612.0,609.1,5675
KKHC,2026-05-07,263.0,261.0,21574
EBLD91,2026-05-07,1075.0,1081.0,125
GILB,2026-05-07,1089.0,1100.0,1004
CCBD88,2026-05-07,1201.2,1201.0,25
SIPD,2026-05-07,865.0,832.0,20929
LBBL,2026-05-07,481.0,484.9,22282
USLB,2026-05-07,1240.0,1262.0,819
OHL,2026-05-07,699.9,696.0,55
NRIC,2026-05-07,875.0,886.0,26830
SAGF,2026-05-07,9.92,10.1,2200
BJHL,2026-05-07,975.0,978.0,10486
GUFL,2026-05-07,528.0,517.9,7152
HATHY,2026-05-07,795.6,806.0,3453
MLBS,2026-05-07,1201.0,1225.0,290
MLBL,2026-05-07,362.0,365.0,11419
AHL,2026-05-07,505.0,510.0,11662
PHCL,2026-05-07,297.0,301.0,34824
SIGS2,2026-05-07,10.35,10.34,47350
HIDCLP,2026-05-07,201.7,200.7,130437
BHL,2026-05-07,214.0,216.5,86014
NICFC,2026-05-07,9.13,9.27,5895
CLI,2026-05-07,450.9,452.0,5216
MHNL,2026-05-07,259.2,265.0,17497
GVL,2026-05-07,480.0,486.1,14418
USHL,2026-05-07,660.0,639.0,1430
SKHL,2026-05-07,900.0,917.0,27662
RSY,2026-05-07,9.89,10.13,11600
RMF2,2026-05-07,10.02,10.2,2200
SLCF,2026-05-07,9.59,9.62,1700
GBBD85,2026-05-07,1072.0,1075.0,166
KEF,2026-05-07,10.54,10.64,2600
NBLD87,2026-05-07,1090.0,1090.0,158
HDL,2026-05-07,1153.0,1149.8,21996
SBLD2091,2026-05-07,1066.0,1065.0,75
MAKAR,2026-05-07,482.5,484.0,11905
CHCL,2026-05-07,450.3,470.0,51185
SNLI,2026-05-07,445.0,448.0,7046
MPFL,2026-05-07,608.0,604.9,43784
SSHL,2026-05-07,214.0,210.9,50738
UHEWA,2026-05-07,570.0,565.0,1054
NESDO,2026-05-07,1515.0,1538.0,649
RLEL,2026-05-07,1175.0,1160.0,20584
JSLBB,2026-05-07,1065.0,1070.0,63
KSY,2026-05-07,9.5,9.5,200
RIDI,2026-05-07,336.1,337.9,239230
NMLBBL,2026-05-07,608.9,609.0,3430
SANIMA,2026-05-07,338.0,356.6,34947
KBL,2026-05-07,216.0,217.0,131113
UNL,2026-05-07,46550.0,46800.0,20
SPL,2026-05-07,696.0,697.0,2832
LEC,2026-05-07,216.0,221.8,62139
GIBF1,2026-05-07,10.56,10.55,2650
ULHC,2026-05-07,541.5,518.0,41031
ACLBSL,2026-05-07,949.8,950.0,92
NIBD84,2026-05-07,1067.0,1067.0,25
KBSH,2026-05-07,1520.0,1500.0,229
SONA,2026-05-07,426.3,433.0,9357
LBBLD89,2026-05-07,1310.0,1310.0,150
UMRH,2026-05-07,522.0,526.0,3371
SAIL,2026-05-07,1113.2,1118.0,23086
PURE,2026-05-07,890.0,927.6,19261
SHPC,2026-05-07,515.0,514.0,27649
GCIL,2026-05-07,415.0,414.0,9562
HLI,2026-05-07,338.0,337.0,41805
JBLB,2026-05-07,1300.0,1315.0,9221
ALICL,2026-05-07,446.2,450.8,4054
EBL,2026-05-07,710.0,701.0,21603
NIMB,2026-05-07,196.0,198.0,66306
NHDL,2026-05-07,642.5,634.0,767
NABIL,2026-05-07,525.0,523.0,32514
SHINE,2026-05-07,401.1,407.8,5545
BARUN,2026-05-07,340.0,336.0,18731
HBL,2026-05-07,200.1,204.8,32152
MMKJL,2026-05-07,475.0,485.0,2024
PFL,2026-05-07,375.5,373.0,5148
CBBL,2026-05-07,910.0,900.0,23285
GBILD84/85,2026-05-07,1125.0,1125.0,22
SIGS3,2026-05-07,10.58,10.62,300
MABEL,2026-05-07,675.0,639.0,6460
UPCL,2026-05-07,369.0,365.5,24216
GBIMESY2,2026-05-07,9.5,9.55,5820
EHPL,2026-05-07,370.0,384.0,8999
NICL,2026-05-07,482.0,483.9,4191
NIBSF2,2026-05-07,9.2,9.15,10900
SAGAR,2026-05-07,1670.0,1697.0,10018
PCIL,2026-05-07,860.1,869.9,40050
SFCL,2026-05-07,377.0,377.7,6126
MBJC,2026-05-07,282.0,281.0,31484
SFEF,2026-05-07,9.76,9.99,55300
NICLBSL,2026-05-07,564.0,578.0,1661
SJLIC,2026-05-07,432.0,428.0,3469
NIFRA,2026-05-07,268.1,261.9,60330
SBL,2026-05-07,373.0,392.5,49946
PPL,2026-05-07,327.0,341.0,16838
BEDC,2026-05-07,359.6,354.7,23449
BNHC,2026-05-07,315.0,317.0,1440
NHPC,2026-05-07,262.3,273.0,526682
NIL,2026-05-07,595.0,597.0,1606
SHINE,2026-05-06,410.0,406.0,10556
OMPL,2026-05-06,1125.0,1130.0,2714
SHIVM,2026-05-06,670.0,662.0,88362
CHCL,2026-05-06,467.0,474.0,54070
NGPL,2026-05-06,436.0,429.4,287810
HEI,2026-05-06,520.0,519.0,4595
FMDBL,2026-05-06,795.0,780.0,35602
NUBL,2026-05-06,671.0,673.0,1720
NICA,2026-05-06,373.0,361.0,61864
NYADI,2026-05-06,380.0,385.0,3585
SAGF,2026-05-06,10.15,10.0,8550
RSML,2026-05-06,3700.1,3689.0,43504
MKJC,2026-05-06,504.9,494.0,11630
SHLB,2026-05-06,1440.0,1421.0,99
SPDL,2026-05-06,395.0,394.0,36564
NESDO,2026-05-06,1514.1,1539.0,143
RMF1,2026-05-06,9.89,9.88,7115
BANDIPUR,2026-05-06,800.0,803.0,14227
GSY,2026-05-06,9.6,9.7,28345
SOHL,2026-05-06,718.5,711.0,305806
PBD88,2026-05-06,1215.0,1205.0,105
IHL,2026-05-06,406.9,397.8,2555
PRIN,2026-05-06,635.9,633.7,8098
HDHPC,2026-05-06,223.0,218.0,118378
AHPC,2026-05-06,278.5,274.1,68251
JOSHI,2026-05-06,286.2,279.5,11575
BNHC,2026-05-06,317.0,314.5,7585
SLBBL,2026-05-06,810.0,818.9,4300
SFCL,2026-05-06,384.0,379.0,2025
NMB,2026-05-06,245.0,240.9,20401
HIDCLP,2026-05-06,200.0,199.7,166632
PRSF,2026-05-06,12.66,12.9,41400
KMCDB,2026-05-06,888.0,870.0,470
RBBF40,2026-05-06,9.22,9.77,29250
HIDCL,2026-05-06,276.1,263.9,55036
KPCL,2026-05-06,481.9,482.9,4018
NSY,2026-05-06,9.28,9.5,14638
SBCF,2026-05-06,9.51,9.75,1450
VLBS,2026-05-06,690.2,691.2,2859
SCBD,2026-05-06,1133.0,1133.0,10
NIBSF2,2026-05-06,9.3,9.3,9810
CMF2,2026-05-06,9.8,9.8,4825
SADBL,2026-05-06,412.0,408.6,12499
GUFL,2026-05-06,511.0,519.0,3962
NIMB,2026-05-06,206.5,197.0,58096
HRL,2026-05-06,688.0,654.2,48547
CLI,2026-05-06,449.2,450.9,5213
SYPNL,2026-05-06,1390.1,1404.0,41957
MHNL,2026-05-06,263.0,259.0,9810
BFC,2026-05-06,454.0,452.0,2709
NABBC,2026-05-06,1067.0,1020.0,7039
MHL,2026-05-06,485.0,492.0,11104
JSLBB,2026-05-06,1061.0,1060.1,90
MSHL,2026-05-06,695.0,694.1,1570
BNT,2026-05-06,11450.0,11695.0,210
NBF3,2026-05-06,9.95,9.82,35280
PPL,2026-05-06,326.5,344.0,10537
SICL,2026-05-06,615.0,612.0,6525
NLIC,2026-05-06,760.0,760.0,17099
NBLD85,2026-05-06,1052.0,1052.0,130
MEL,2026-05-06,236.0,229.0,48116
TSHL,2026-05-06,618.0,600.0,1268
ULHC,2026-05-06,511.1,570.0,203859
HLBSL,2026-05-06,900.0,895.0,320
ILBS,2026-05-06,944.0,926.0,3206
UPPER,2026-05-06,202.0,202.9,88623
SWMF,2026-05-06,653.3,653.2,1165
PCIL,2026-05-06,897.0,876.0,52889
VLUCL,2026-05-06,471.0,481.0,1020
RMF2,2026-05-06,10.01,10.2,550
TRH,2026-05-06,740.0,762.0,2247
CORBL,2026-05-06,2024.0,1977.0,19360
CYCL,2026-05-06,1462.0,1453.3,580
HHL,2026-05-06,369.0,369.0,23493
RSY,2026-05-06,9.91,10.19,28069
ALICL,2026-05-06,445.1,449.5,4865
UMHL,2026-05-06,567.0,563.9,36288
RIDI,2026-05-06,338.0,336.9,187186
GBIMESY2,2026-05-06,9.15,9.5,1800
CHDC,2026-05-06,2210.0,2200.0,7240
FOWAD,2026-05-06,1110.0,1300.0,21202
BJHL,2026-05-06,919.1,962.1,8250
MKHL,2026-05-06,529.0,511.0,24224
MDB,2026-05-06,588.0,583.0,2769
SWASTIK,2026-05-06,2450.0,2460.0,672
SLCF,2026-05-06,9.46,9.88,4210
IGI,2026-05-06,434.9,424.5,3079
NHDL,2026-05-06,624.0,624.0,598
SFEF,2026-05-06,9.8,9.85,51600
SINDU,2026-05-06,720.0,706.0,13163
KSY,2026-05-06,9.26,9.5,1100
ULBSL,2026-05-06,2969.0,2925.0,1856
GMLI,2026-05-06,1301.3,1280.0,3134
NFS,2026-05-06,560.0,565.0,6331
PCBL,2026-05-06,234.3,237.9,22656
GLBSL,2026-05-06,1800.0,1760.0,1687
NABILD87,2026-05-06,1130.0,1130.0,50
SRLI,2026-05-06,386.2,388.0,22044
MABEL,2026-05-06,614.7,643.0,4965
RHGCL,2026-05-06,307.6,293.0,31949
GMFBS,2026-05-06,1280.0,1273.8,442
GBILD86/87,2026-05-06,1086.0,1085.0,50
SJCL,2026-05-06,293.0,294.9,7114
SAIL,2026-05-06,1218.0,1119.0,24392
TTL,2026-05-06,773.0,780.0,11313
MATRI,2026-05-06,898.0,895.1,577
GHL,2026-05-06,233.0,232.0,49699
NIMBPO,2026-05-06,152.0,148.1,3475
NHPC,2026-05-06,288.0,276.1,530163
PROFL,2026-05-06,440.0,440.0,1960
JHAPA,2026-05-06,1681.5,1792.0,41486
API,2026-05-06,330.0,331.0,148569
RNLI,2026-05-06,456.0,458.0,4222
KBLD90,2026-05-06,1200.0,1236.0,225
EDBL,2026-05-06,588.0,572.0,15167
KDBY,2026-05-06,11.17,11.41,4550
SCB,2026-05-06,636.1,640.9,5579
SBLD2091,2026-05-06,1061.0,1074.9,324
NMB50,2026-05-06,10.26,10.31,900
MNMF1,2026-05-06,9.98,9.81,3600
MERO,2026-05-06,713.0,709.0,1564
SKHEL,2026-05-06,1410.0,1299.0,12398
AKJCL,2026-05-06,370.0,349.9,182309
SHINED,2026-05-06,1092.3,1092.3,25
PBLD87,2026-05-06,1075.1,1107.0,1
NICL,2026-05-06,479.0,482.4,6369
SJLIC,2026-05-06,423.1,426.0,18854
SPL,2026-05-06,684.0,696.0,626
GCIL,2026-05-06,415.0,419.0,3070
SIGS2,2026-05-06,10.35,10.35,7410
AHL,2026-05-06,500.1,510.0,4799
SKBBL,2026-05-06,756.0,762.0,6319
RFPL,2026-05-06,368.0,369.0,16131
SGIC,2026-05-06,460.0,454.0,11023
NIFRAGED,2026-05-06,1045.0,1042.0,371
SMATA,2026-05-06,770.0,762.0,1202
SDBD87,2026-05-06,1130.0,1130.0,49
MKCL,2026-05-06,1286.0,1280.0,622
SFMF,2026-05-06,10.7,10.4,15900
SIKLES,2026-05-06,575.0,573.0,3343
UHEWA,2026-05-06,561.5,567.0,6178
MMKJL,2026-05-06,490.0,485.1,2048
NICBF,2026-05-06,9.45,9.33,400
OHL,2026-05-06,697.0,687.0,562
SANVI,2026-05-06,665.0,661.0,9611
HURJA,2026-05-06,253.0,246.9,53115
PMLI,2026-05-06,455.3,460.1,7197
KBL,2026-05-06,216.0,216.5,160215
BEDC,2026-05-06,373.5,353.0,30774
SMFBS,2026-05-06,1627.0,1595.0,250
SPHL,2026-05-06,519.0,504.0,2389
SARBTM,2026-05-06,820.0,829.9,5633
LSL,2026-05-06,211.4,215.9,36649
SEF,2026-05-06,9.75,10.0,5175
SMJC,2026-05-06,435.0,437.5,5343
NBLD82,2026-05-06,1056.1,1056.0,50
UMRH,2026-05-06,524.1,530.0,5394
UAIL,2026-05-06,436.1,438.0,3040
MANDU,2026-05-06,801.0,805.0,1138
EHPL,2026-05-06,402.3,383.0,27028
BHL,2026-05-06,214.0,215.8,82838
NABIL,2026-05-06,525.0,522.3,23570
HFIN,2026-05-06,1000.0,988.0,51679
ANLB,2026-05-06,5800.0,5950.0,207
NLG,2026-05-06,578.0,574.9,2043
SSHL,2026-05-06,214.0,211.0,137249
NICAD2091,2026-05-06,1066.9,1066.9,26
GMFIL,2026-05-06,451.1,456.0,6531
GIBF1,2026-05-06,10.5,10.56,3150
MHCL,2026-05-06,335.4,345.1,2074
LEC,2026-05-06,218.0,219.0,68021
HIMSTAR,2026-05-06,832.0,840.0,4389
BUNGAL,2026-05-06,556.0,565.0,3497
KEF,2026-05-06,10.58,10.6,15100
HLICF,2026-05-06,8.83,9.2,2245
TPC,2026-05-06,378.5,365.0,13972
MNBBL,2026-05-06,372.0,368.0,11261
NBL,2026-05-06,250.5,261.5,69913
BHPL,2026-05-06,515.0,514.1,2311
NIBLSTF,2026-05-06,8.88,9.37,37121
CSY,2026-05-06,9.05,9.22,7590
MEN,2026-05-06,581.0,583.0,32249
KSBBL,2026-05-06,481.9,478.5,34405
SPIL,2026-05-06,700.0,703.0,487
ILI,2026-05-06,442.0,433.0,4130
NMIC,2026-05-06,970.0,993.7,4993
SMHL,2026-05-06,501.0,497.0,41365
SLBSL,2026-05-06,1201.0,1190.0,653
NMBMF,2026-05-06,637.0,633.0,845
AVYAN,2026-05-06,1071.6,1118.0,5201
SGHC,2026-05-06,360.0,356.1,8833
CITY,2026-05-06,434.0,424.0,9849
NMLBBL,2026-05-06,601.5,602.4,2194
SIFC,2026-05-06,538.6,520.0,3101
UNLB,2026-05-06,1430.0,1443.0,549
GBIME,2026-05-06,233.0,231.0,85095
LUK,2026-05-06,9.91,10.0,3500
HBL,2026-05-06,202.5,200.8,29562
RLFL,2026-05-06,433.0,425.5,4734
SBID83,2026-05-06,1075.0,1075.0,40
MBJC,2026-05-06,276.4,282.0,26893
MEHL,2026-05-06,391.4,373.7,7472
MBLEF,2026-05-06,9.89,10.1,2200
PPCL,2026-05-06,380.0,369.0,14471
SHEL,2026-05-06,305.0,304.5,155234
NRM,2026-05-06,390.0,397.9,7608
LVF2,2026-05-06,9.7,9.71,1000
SWBBL,2026-05-06,724.0,722.0,3990
CHL,2026-05-06,289.9,284.0,13889
HLI,2026-05-06,338.0,335.0,46111
GLH,2026-05-06,258.1,261.8,23782
BGWT,2026-05-06,690.0,628.6,4989
SABBL,2026-05-06,1225.0,1197.9,26742
NBLD87,2026-05-06,1121.9,1121.9,30
MLBBL,2026-05-06,1180.0,1195.0,379
ICFCD89,2026-05-06,1076.2,1085.1,342
DOLTI,2026-05-06,374.0,345.6,41033
KDL,2026-05-06,785.0,803.0,1230
UPCL,2026-05-06,366.9,369.0,54352
NBF2,2026-05-06,10.1,9.88,10700
PRVU,2026-05-06,200.0,193.8,63489
GBBL,2026-05-06,415.0,414.0,15521
GBLBS,2026-05-06,730.0,744.0,2119
SKHL,2026-05-06,974.3,903.0,26465
SMB,2026-05-06,1725.0,1750.0,372
HATHY,2026-05-06,805.0,802.0,3162
RSDC,2026-05-06,651.1,652.0,2395
BHDC,2026-05-06,451.0,453.2,9029
MPFL,2026-05-06,605.0,603.9,6873
LBBL,2026-05-06,496.9,484.0,130387
MSLB,2026-05-06,1235.0,1254.0,292
CFCL,2026-05-06,490.4,491.6,6483
SANIMA,2026-05-06,353.0,355.0,56595
BBC,2026-05-06,4831.0,4715.1,321
USHL,2026-05-06,630.5,647.0,1187
ADBL,2026-05-06,304.0,305.0,18022
RAWA,2026-05-06,584.0,587.0,2202
CKHL,2026-05-06,683.1,689.0,7137
STC,2026-05-06,5755.0,5779.0,320
MAKAR,2026-05-06,501.9,485.6,6485
NRIC,2026-05-06,878.0,877.0,15069
MKHC,2026-05-06,313.0,312.6,15328
NSIF2,2026-05-06,10.48,10.99,25750
JBLB,2026-05-06,1282.0,1299.0,4150
DHEL,2026-05-06,585.0,585.0,9997
DLBS,2026-05-06,1421.7,1308.0,3225
RHPL,2026-05-06,275.0,275.5,7066
KBSH,2026-05-06,1512.0,1513.0,40
GILB,2026-05-06,1080.0,1080.0,1417
ALBSL,2026-05-06,1100.0,1105.0,6372
NIFRA,2026-05-06,260.0,260.4,44666
AKPL,2026-05-06,261.1,262.0,59128
MLBS,2026-05-06,1236.0,1238.0,132
SNLI,2026-05-06,447.0,446.0,18651
SPC,2026-05-06,465.9,456.9,3186
TVCL,2026-05-06,491.0,491.1,4806
GFCL,2026-05-06,610.1,603.0,5483
HDL,2026-05-06,1153.0,1151.0,24454
ICFC,2026-05-06,618.0,623.0,5651
GVL,2026-05-06,485.0,485.5,9467
USHEC,2026-05-06,482.0,485.0,1200
SALICO,2026-05-06,586.0,585.1,1293
NTC,2026-05-06,875.0,875.0,6660
TAMOR,2026-05-06,429.0,431.0,26090
NLICL,2026-05-06,575.0,576.0,7530
NICLBSL,2026-05-06,564.0,575.0,3070
CREST,2026-05-06,1126.5,1073.9,4814
SHL,2026-05-06,492.3,495.9,22373
SMPDA,2026-05-06,849.0,836.8,1904
PHCL,2026-05-06,298.0,296.8,34873
SAGAR,2026-05-06,1694.0,1670.0,6790
NMBHF2,2026-05-06,9.13,9.36,3100
USLB,2026-05-06,1248.0,1252.0,2547
PMHPL,2026-05-06,330.1,335.0,10882
SHPC,2026-05-06,516.0,510.0,23400
CZBIL,2026-05-06,200.1,202.0,32176
NICD88,2026-05-06,1075.0,1075.0,50
C30MF,2026-05-06,9.9,9.9,200
DHPL,2026-05-06,306.9,293.0,3455
CBBL,2026-05-06,904.0,904.0,23482
MMF1,2026-05-06,9.4,9.51,12563
PURE,2026-05-06,899.0,889.9,5813
HEIP,2026-05-06,320.1,317.1,350
EBLD86,2026-05-06,1075.0,1073.1,50
BHCL,2026-05-06,501.0,498.8,25689
MLBL,2026-05-06,365.0,362.5,6094
DDBL,2026-05-06,827.0,841.0,10579
EBL,2026-05-06,694.5,699.0,18466
LLBS,2026-05-06,932.3,925.1,437
PSF,2026-05-06,11.7,12.28,6700
MCHL,2026-05-06,317.0,312.0,21780
NMFBS,2026-05-06,1090.0,1092.0,2973
MBL,2026-05-06,246.8,245.0,31322
NICSF,2026-05-06,9.25,9.45,27518
NWCL,2026-05-06,784.0,784.1,360
HPPL,2026-05-06,357.0,365.0,10408
WNLB,2026-05-06,1450.0,1405.0,101
ACLBSL,2026-05-06,950.0,949.8,170
H8020,2026-05-06,11.3,11.26,2600
SAHAS,2026-05-06,614.0,615.0,41060
MFIL,2026-05-06,728.0,764.5,13161
LICN,2026-05-06,805.1,809.0,12635
UNHPL,2026-05-06,468.0,470.0,18178
NIL,2026-05-06,595.0,595.0,5624
CGH,2026-05-06,801.2,802.0,6058
DORDI,2026-05-06,270.1,271.0,35364
RURU,2026-05-06,641.0,642.9,4182
JBBL,2026-05-06,351.0,352.7,68359
SONA,2026-05-06,431.0,430.0,10015
SBID89,2026-05-06,1133.0,1140.0,21
CIT,2026-05-06,1699.9,1765.0,2299
SAPDBL,2026-05-06,795.0,780.1,22188
GRDBL,2026-05-06,1059.0,1050.0,9369
SMH,2026-05-06,553.0,566.0,3496
JFL,2026-05-06,416.0,408.0,3235
PFL,2026-05-06,382.9,377.0,5695
NRN,2026-05-06,1387.1,1398.0,41308
SIPD,2026-05-06,875.0,865.0,24250
NIBLGF,2026-05-06,9.33,9.5,11300
CBLD88,2026-05-06,1190.0,1190.0,25
NICFC,2026-05-06,9.11,9.4,1450
ENL,2026-05-06,920.0,895.0,274
NADEP,2026-05-06,728.2,738.0,842
NICGF2,2026-05-06,9.3,9.78,2900
RBCL,2026-05-06,14800.0,15000.0,355
MLBLD89,2026-05-06,1265.9,1265.9,25
MLBSL,2026-05-06,1755.0,1750.0,90
RLEL,2026-05-06,1150.0,1175.0,31627
KKHC,2026-05-06,267.9,263.4,19315
SBI,2026-05-06,398.0,395.0,5437
BPCL,2026-05-06,694.0,657.9,46658
RADHI,2026-05-06,740.0,735.9,23443
BARUN,2026-05-06,341.8,338.0,17549
SBL,2026-05-06,389.0,392.0,36949
EBLD91,2026-05-06,1065.0,1081.0,350
SIGS3,2026-05-06,10.4,10.9,25723
SAIL,2026-05-05,1165.9,1160.0,20369
PMHPL,2026-05-05,330.1,337.0,5920
MKJC,2026-05-05,490.1,494.0,9758
KSBBL,2026-05-05,468.1,472.0,20003
PURE,2026-05-05,871.0,898.0,9029
ULHC,2026-05-05,480.0,538.0,43589
SOHL,2026-05-05,668.0,718.5,336179
TTL,2026-05-05,775.0,784.0,13993
BPCL,2026-05-05,631.6,661.0,15646
SMATA,2026-05-05,755.0,766.0,2829
ALICL,2026-05-05,445.1,450.0,10836
SJLIC,2026-05-05,420.1,427.0,14098
UNLB,2026-05-05,1380.0,1428.0,2483
SMB,2026-05-05,1699.0,1743.0,1031
MKCL,2026-05-05,1286.0,1286.0,1724
MLBSL,2026-05-05,1731.0,1761.0,1462
GSY,2026-05-05,9.59,9.65,6900
SABBL,2026-05-05,1240.0,1233.0,18632
CBBL,2026-05-05,900.0,904.0,13968
NMFBS,2026-05-05,1090.1,1092.0,4065
NIBD84,2026-05-05,1052.0,1052.0,25
MBLEF,2026-05-05,9.85,9.97,16270
NABIL,2026-05-05,520.0,521.6,38727
MFIL,2026-05-05,751.1,759.0,31490
RSDC,2026-05-05,647.0,651.1,4376
USHEC,2026-05-05,482.0,482.5,6658
SIGS3,2026-05-05,10.35,10.42,25500
SPDL,2026-05-05,392.0,393.9,24582
JHAPA,2026-05-05,1605.0,1770.0,34283
GLBSL,2026-05-05,1710.0,1764.0,340
MATRI,2026-05-05,915.0,898.0,986
NICLBSL,2026-05-05,565.0,577.0,7116
CBLD88,2026-05-05,1186.7,1186.7,10
NMBD87/88,2026-05-05,1075.0,1075.0,25
CCBD88,2026-05-05,1200.0,1225.1,137
GVL,2026-05-05,477.0,485.9,4638
UNHPL,2026-05-05,444.0,465.1,15290
MEN,2026-05-05,577.9,579.0,40179
MLBS,2026-05-05,1190.0,1200.0,345
CZBIL,2026-05-05,202.0,202.0,28050
H8020,2026-05-05,11.4,11.34,8650
NLG,2026-05-05,584.9,581.0,20399
SLBBL,2026-05-05,801.2,813.5,2475
CREST,2026-05-05,1020.0,1072.9,6302
SICL,2026-05-05,604.0,610.5,6541
SPC,2026-05-05,466.8,455.1,4223
ACLBSL,2026-05-05,950.0,940.0,1364
SJCL,2026-05-05,293.1,295.0,10723
IHL,2026-05-05,390.0,409.9,4339
GBILD86/87,2026-05-05,1086.0,1086.0,50
NWCL,2026-05-05,775.2,794.0,929
HBLPO,2026-05-05,127.0,127.0,5288
RURU,2026-05-05,640.0,649.9,3899
NIBLSTF,2026-05-05,8.86,9.07,24250
PPCL,2026-05-05,377.0,371.0,6094
MHNL,2026-05-05,264.0,258.6,6629
KDBY,2026-05-05,11.95,11.45,4800
BBC,2026-05-05,4701.2,4730.0,240
GMLI,2026-05-05,1280.0,1330.0,1475
FOWAD,2026-05-05,1268.0,1143.0,37404
SMHL,2026-05-05,480.0,496.0,30971
SLBSL,2026-05-05,1171.0,1201.0,1064
TSHL,2026-05-05,634.0,600.0,5378
C30MF,2026-05-05,9.7,9.87,500
RLEL,2026-05-05,1140.0,1145.0,44625
USHL,2026-05-05,598.5,650.0,1119
KMCDB,2026-05-05,870.0,888.0,2611
MSLB,2026-05-05,1221.0,1240.0,1419
MERO,2026-05-05,700.1,713.0,2462
GCIL,2026-05-05,410.0,418.0,7443
HIDCL,2026-05-05,262.0,263.0,60873
TPC,2026-05-05,361.4,361.1,49543
NYADI,2026-05-05,380.1,384.0,8563
SPL,2026-05-05,686.1,703.0,2493
DOLTI,2026-05-05,360.0,356.5,47307
JFL,2026-05-05,406.0,412.1,2606
NTC,2026-05-05,880.0,872.2,9200
ILI,2026-05-05,436.0,432.0,5517
NSY,2026-05-05,9.28,9.55,51900
GMFIL,2026-05-05,453.0,451.0,3225
LVF2,2026-05-05,9.95,9.95,1000
NICA,2026-05-05,365.0,365.0,127364
NLICL,2026-05-05,580.2,575.0,19902
GMFBS,2026-05-05,1338.0,1285.0,787
VLUCL,2026-05-05,470.0,477.6,1330
CHL,2026-05-05,272.6,283.0,18752
HURJA,2026-05-05,245.1,250.0,93338
OMPL,2026-05-05,1126.0,1144.0,2905
MABEL,2026-05-05,641.1,647.0,7565
AHL,2026-05-05,495.0,515.0,25170
EBLEB89,2026-05-05,1053.1,1053.1,25
UMRH,2026-05-05,522.0,528.0,5954
SIPD,2026-05-05,859.8,900.0,43463
PRVU,2026-05-05,194.0,194.0,131119
SAHAS,2026-05-05,615.0,614.0,47671
NABILD2089,2026-05-05,1045.1,1045.1,25
CFCL,2026-05-05,488.8,495.7,4343
SBCF,2026-05-05,9.39,9.75,10150
NICBF,2026-05-05,9.19,9.74,1810
PBD88,2026-05-05,1229.0,1230.8,40
SLCF,2026-05-05,9.72,9.75,6000
PPL,2026-05-05,323.1,343.0,23325
UHEWA,2026-05-05,556.0,560.1,22651
EBL,2026-05-05,695.0,695.0,15589
BANDIPUR,2026-05-05,795.0,803.0,16070
KSY,2026-05-05,9.24,9.31,1050
NRN,2026-05-05,1395.0,1387.0,40947
NMB50,2026-05-05,10.6,10.3,7700
GLH,2026-05-05,249.3,262.5,46510
ICFC,2026-05-05,619.5,618.0,8204
PRIN,2026-05-05,635.5,636.0,4451
STC,2026-05-05,5700.0,5755.0,340
HATHY,2026-05-05,795.0,800.0,5386
NFS,2026-05-05,565.1,563.0,7586
KKHC,2026-05-05,252.0,265.0,56067
MLBL,2026-05-05,360.1,363.0,19441
SMH,2026-05-05,541.1,562.0,9480
BHPL,2026-05-05,502.0,515.0,7057
HHL,2026-05-05,374.0,368.0,30159
MHL,2026-05-05,484.2,489.8,4981
NSIF2,2026-05-05,10.8,10.5,5700
IGI,2026-05-05,421.0,424.9,9111
NICSF,2026-05-05,9.4,9.28,6400
SINDU,2026-05-05,701.0,720.0,9722
SEF,2026-05-05,9.92,9.9,14200
SMFBS,2026-05-05,1596.0,1580.0,32
NRIC,2026-05-05,873.1,878.0,24273
SHIVM,2026-05-05,660.0,660.0,77677
KEF,2026-05-05,10.46,10.58,16550
HBL,2026-05-05,200.0,202.5,57044
NICGF2,2026-05-05,9.29,9.3,400
HLBSL,2026-05-05,871.5,900.0,1713
BNT,2026-05-05,11300.2,11698.9,130
BUNGAL,2026-05-05,555.1,567.0,7867
API,2026-05-05,330.0,333.5,137642
SIGS2,2026-05-05,10.1,10.2,799
GHL,2026-05-05,229.0,230.5,44415
AVYAN,2026-05-05,1059.3,1128.0,8716
EDBL,2026-05-05,555.0,572.0,7899
GILB,2026-05-05,1107.5,1087.5,712
MLBBL,2026-05-05,1190.0,1190.0,713
CLI,2026-05-05,448.3,453.0,6340
GFCL,2026-05-05,600.0,602.0,8142
LEC,2026-05-05,218.0,220.0,96915
RHGCL,2026-05-05,282.0,293.0,49672
FMDBL,2026-05-05,781.0,788.0,10350
MEL,2026-05-05,242.0,239.0,15816
UPPER,2026-05-05,202.0,202.0,132582
EHPL,2026-05-05,406.3,383.2,33238
CHCL,2026-05-05,470.5,475.0,30814
SFMF,2026-05-05,10.31,10.4,500
TVCL,2026-05-05,485.2,502.6,26097
RIDI,2026-05-05,352.0,338.0,180120
GBIME,2026-05-05,230.0,230.0,63807
NICL,2026-05-05,480.1,482.0,6139
BJHL,2026-05-05,912.0,967.4,16784
PROFL,2026-05-05,440.0,444.0,1594
JBBD87,2026-05-05,1132.0,1132.1,50
HDHPC,2026-05-05,216.1,219.6,291143
SRLI,2026-05-05,388.0,388.0,17308
DHEL,2026-05-05,586.0,588.0,15537
BOKD86,2026-05-05,1071.3,1071.3,25
LICN,2026-05-05,805.0,807.0,6678
SGHC,2026-05-05,369.0,358.0,22460
RAWA,2026-05-05,582.3,582.0,890
PRSF,2026-05-05,12.67,12.97,600
SALICO,2026-05-05,581.0,587.0,8823
NABBC,2026-05-05,1063.0,1100.0,26248
MBL,2026-05-05,242.0,244.0,61765
SMJC,2026-05-05,435.0,439.0,10936
ILBS,2026-05-05,949.0,936.9,1753
JBLB,2026-05-05,1275.0,1282.0,7246
MKHC,2026-05-05,313.0,315.0,22616
NADEP,2026-05-05,725.3,750.0,453
SBI,2026-05-05,392.2,397.2,5964
NBLD85,2026-05-05,1060.0,1060.0,10
CGH,2026-05-05,802.5,803.0,9186
KBLD90,2026-05-05,1216.0,1190.0,4
GBILD84/85,2026-05-05,1150.0,1121.0,180
NIMB,2026-05-05,193.9,196.7,65244
EBLD91,2026-05-05,1063.0,1063.0,25
CHDC,2026-05-05,2192.0,2198.0,20712
NICAD85/86,2026-05-05,1125.0,1125.2,135
DDBL,2026-05-05,821.0,826.0,5012
NIFRA,2026-05-05,260.0,260.8,59155
CORBL,2026-05-05,2200.0,1986.0,10856
SKHEL,2026-05-05,1352.0,1343.0,22973
MBJC,2026-05-05,275.2,279.1,24924
BEDC,2026-05-05,358.0,357.0,60577
GIBF1,2026-05-05,10.5,10.5,3050
AKPL,2026-05-05,261.9,263.1,86082
RBCL,2026-05-05,15000.0,14850.0,70
SADBL,2026-05-05,416.3,412.5,4936
UMHL,2026-05-05,560.0,560.0,28127
DORDI,2026-05-05,273.0,272.0,32970
SFEF,2026-05-05,9.76,10.0,1500
ICFCD88,2026-05-05,1170.0,1170.0,50
DLBS,2026-05-05,1255.0,1354.0,1346
GUFL,2026-05-05,506.5,515.6,7207
NHDL,2026-05-05,616.0,624.0,4035
SANVI,2026-05-05,669.3,667.0,12410
HRL,2026-05-05,627.0,655.4,77067
ANLB,2026-05-05,5821.0,6093.9,2059
SARBTM,2026-05-05,821.0,820.0,12305
RSML,2026-05-05,3790.0,3750.0,33951
NLIC,2026-05-05,770.0,763.0,17431
NIBSF2,2026-05-05,9.03,9.15,2780
UAIL,2026-05-05,430.0,436.0,2539
NMB,2026-05-05,242.0,241.7,30990
PCIL,2026-05-05,888.0,897.0,87957
MEHL,2026-05-05,396.0,380.0,5152
NIL,2026-05-05,600.0,595.0,9184
JBBL,2026-05-05,350.0,354.0,30959
SBLD84,2026-05-05,1100.0,1100.0,84
LLBS,2026-05-05,940.0,961.0,545
GBIMESY2,2026-05-05,9.42,9.41,1000
RADHI,2026-05-05,729.0,740.0,49201
SHEL,2026-05-05,303.0,305.0,80147
ICFCD89,2026-05-05,1090.0,1085.5,270
NBLD87,2026-05-05,1075.3,1093.7,37
SPHL,2026-05-05,500.1,504.0,5022
DHPL,2026-05-05,299.0,292.3,3292
SIKLES,2026-05-05,571.0,573.4,6989
MANDU,2026-05-05,799.0,807.0,2315
SHINE,2026-05-05,400.1,406.0,46354
SHLB,2026-05-05,1420.0,1449.9,2250
RSY,2026-05-05,9.9,10.1,56000
SAGF,2026-05-05,10.0,10.15,9610
BGWT,2026-05-05,662.1,690.0,2620
MNMF1,2026-05-05,9.42,9.7,2320
SHPC,2026-05-05,482.6,512.8,18382
NMLBBL,2026-05-05,601.3,607.0,5369
SKHL,2026-05-05,960.0,930.0,30205
ENL,2026-05-05,901.0,894.0,1221
USLB,2026-05-05,1270.0,1248.0,2361
KDL,2026-05-05,806.0,808.0,2266
CSY,2026-05-05,8.95,9.32,8477
SAPDBL,2026-05-05,785.0,799.9,18388
NICFC,2026-05-05,9.1,9.25,1600
BHDC,2026-05-05,455.0,456.9,8712
KBL,2026-05-05,216.9,216.0,209533
PCBL,2026-05-05,235.5,235.9,47137
LSL,2026-05-05,211.2,214.0,79165
LUK,2026-05-05,9.95,9.95,2400
VLBS,2026-05-05,695.0,703.0,2787
NBF3,2026-05-05,9.66,9.93,6550
MNBBL,2026-05-05,367.0,367.0,28439
ALBSL,2026-05-05,1100.0,1107.0,3103
NMBHF2,2026-05-05,9.34,9.4,1720
MDB,2026-05-05,578.0,580.0,4833
MCHL,2026-05-05,320.0,320.0,6463
NHPC,2026-05-05,283.0,282.3,404132
AKJCL,2026-05-05,368.0,352.9,229903
GRDBL,2026-05-05,1021.1,1069.0,11634
PSF,2026-05-05,12.0,11.93,12900
HDL,2026-05-05,1147.0,1150.0,24143
SBID2090,2026-05-05,1045.5,1060.0,180
HLICF,2026-05-05,8.81,9.1,1000
OHL,2026-05-05,668.0,690.0,500
PFL,2026-05-05,384.0,378.1,7495
RNLI,2026-05-05,452.1,456.0,10764
MAKAR,2026-05-05,485.2,488.2,12926
HLI,2026-05-05,335.3,337.0,42837
RBBD83,2026-05-05,1037.7,1037.0,50
MMF1,2026-05-05,9.56,9.4,6020
PHCL,2026-05-05,293.6,296.0,38405
SWMF,2026-05-05,660.0,660.0,3450
HIMSTAR,2026-05-05,830.0,850.0,4523
CYCL,2026-05-05,1431.1,1492.0,572
HPPL,2026-05-05,360.2,368.0,32691
SFCL,2026-05-05,372.0,378.0,4970
SNLI,2026-05-05,445.0,447.0,10123
UPCL,2026-05-05,368.0,368.6,35351
SIFC,2026-05-05,525.0,523.0,1926
CKHL,2026-05-05,675.1,694.0,260
SMPDA,2026-05-05,846.0,838.0,1976
SWASTIK,2026-05-05,2400.3,2450.0,669
RMF2,2026-05-05,10.01,10.1,1200
HIDCLP,2026-05-05,200.0,200.0,207086
BHCL,2026-05-05,504.0,514.0,33962
MKHL,2026-05-05,511.0,514.0,8609
SSHL,2026-05-05,209.9,211.3,224126
SKBBL,2026-05-05,751.1,756.0,15475
GBBL,2026-05-05,412.0,414.0,25502
LBBL,2026-05-05,497.6,491.0,37177
GBLBS,2026-05-05,740.0,738.0,2159
NESDO,2026-05-05,1510.0,1534.9,1076
SANIMA,2026-05-05,348.0,352.0,47190
UNL,2026-05-05,46001.0,46450.0,70
ULBSL,2026-05-05,2968.0,2899.0,956
KPCL,2026-05-05,480.0,482.0,14033
JOSHI,2026-05-05,275.0,278.0,16151
NGPL,2026-05-05,427.0,431.0,124262
SAGAR,2026-05-05,1655.0,1694.0,11577
SHL,2026-05-05,491.0,492.3,14185
RMF1,2026-05-05,9.7,9.73,1200
RHPL,2026-05-05,275.0,276.0,14711
NRM,2026-05-05,398.0,395.0,7963
NMIC,2026-05-05,970.0,994.9,6280
TAMOR,2026-05-05,428.4,430.2,35565
RBBD2088,2026-05-05,1070.0,1123.5,1
SYPNL,2026-05-05,1478.4,1411.1,34777
SCB,2026-05-05,627.0,637.5,3039
SBL,2026-05-05,383.0,388.0,45161
BFC,2026-05-05,450.0,448.0,4335
RFPL,2026-05-05,374.0,368.0,25166
MMKJL,2026-05-05,484.9,493.0,2525
SPIL,2026-05-05,677.0,700.0,3612
WNLB,2026-05-05,1414.0,1415.0,656
NIBLGF,2026-05-05,9.14,9.5,5300
MSHL,2026-05-05,694.0,710.1,303
RBBF40,2026-05-05,9.15,9.5,3000
AHPC,2026-05-05,270.0,275.9,91101
SWBBL,2026-05-05,722.0,724.9,1167
PMLI,2026-05-05,461.1,469.0,4930
BNHC,2026-05-05,316.0,318.0,8677
RLFL,2026-05-05,428.0,425.0,4687
BARUN,2026-05-05,333.5,338.0,29737
ADBL,2026-05-05,305.5,306.0,19887
CITY,2026-05-05,430.1,436.0,8238
HEIP,2026-05-05,319.2,320.1,220
MPFL,2026-05-05,603.9,604.0,14600
HEI,2026-05-05,519.1,518.0,660
CIT,2026-05-05,1750.0,1752.4,3122
MHCL,2026-05-05,345.1,344.0,3495
NMBMF,2026-05-05,641.0,639.0,2923
JSLBB,2026-05-05,1070.0,1061.1,160
BHL,2026-05-05,211.0,214.1,105601
SGIC,2026-05-05,468.0,474.3,17955
HFIN,2026-05-05,1000.0,994.0,58778
NBF2,2026-05-05,10.0,10.0,20770
NBL,2026-05-05,262.7,263.6,90291
SONA,2026-05-05,422.0,431.5,17810
NUBL,2026-05-05,670.1,672.0,2915
TRH,2026-05-05,745.0,737.1,4920
NICAD2091,2026-05-04,1040.2,1040.2,25
NICSF,2026-05-04,9.1,9.25,54830
AHPC,2026-05-04,275.0,271.0,115082
SFEF,2026-05-04,9.76,9.77,1200
MBL,2026-05-04,242.0,242.0,133483
MFIL,2026-05-04,755.3,760.0,9276
RSDC,2026-05-04,665.0,651.1,6457
UPCL,2026-05-04,374.0,368.0,34079
WNLB,2026-05-04,1382.0,1416.1,822
ACLBSL,2026-05-04,950.0,957.5,386
SABBL,2026-05-04,1350.0,1241.0,32409
CLI,2026-05-04,445.1,450.0,14901
NMB50,2026-05-04,10.32,10.31,1600
MLBL,2026-05-04,363.0,365.0,24467
SHLB,2026-05-04,1420.5,1455.0,408
SIGS3,2026-05-04,10.5,10.54,1200
GBIMESY2,2026-05-04,9.0,9.15,13110
MMKJL,2026-05-04,491.3,488.0,2769
CHL,2026-05-04,283.0,278.0,38742
PFL,2026-05-04,374.0,379.0,4414
ICFCD89,2026-05-04,1086.6,1085.0,225
SARBTM,2026-05-04,830.0,822.0,4505
SLBSL,2026-05-04,1217.0,1204.0,257
KDBY,2026-05-04,12.28,11.39,70150
BNHC,2026-05-04,327.5,325.0,9491
PPCL,2026-05-04,385.0,371.0,7228
AKJCL,2026-05-04,389.0,351.0,424809
HLI,2026-05-04,338.1,336.5,48916
MKCL,2026-05-04,1343.0,1286.0,2363
EHPL,2026-05-04,392.0,387.0,17131
GLBSL,2026-05-04,1770.0,1750.0,346
SMHL,2026-05-04,486.4,487.0,35117
NIFRAGED,2026-05-04,1032.1,1033.1,125
MKJC,2026-05-04,509.0,495.0,6616
KSBBL,2026-05-04,470.1,470.0,14706
CHCL,2026-05-04,480.0,471.9,21695
BJHL,2026-05-04,1035.0,960.0,11405
PBD88,2026-05-04,1195.0,1195.0,25
SPL,2026-05-04,702.1,694.0,4440
NABIL,2026-05-04,528.0,521.0,62346
NYADI,2026-05-04,382.1,383.0,5899
KPCL,2026-05-04,486.0,480.0,13359
DHPL,2026-05-04,304.0,295.0,3913
UHEWA,2026-05-04,560.0,567.0,8801
NFS,2026-05-04,594.0,567.0,15247
KBLPO,2026-05-04,100.0,100.0,500000
PRVU,2026-05-04,196.0,192.6,131938
PCBL,2026-05-04,229.0,236.6,40104
PCIL,2026-05-04,948.0,888.0,111017
MEN,2026-05-04,570.0,577.9,53954
HRL,2026-05-04,671.1,660.0,93369
NHPC,2026-05-04,296.0,283.0,547062
RBCL,2026-05-04,14860.0,14997.0,60
FOWAD,2026-05-04,1100.0,1260.4,8710
USHEC,2026-05-04,481.0,483.0,8601
GRDBL,2026-05-04,1090.0,1039.9,22313
UPPER,2026-05-04,203.8,201.4,133836
RMF2,2026-05-04,10.02,10.01,2750
ANLB,2026-05-04,6100.0,6000.1,213
SBCF,2026-05-04,9.5,9.44,2900
NLG,2026-05-04,595.0,584.9,13445
RBBF40,2026-05-04,9.15,9.4,1800
MNBBL,2026-05-04,371.0,369.0,21605
HIDCL,2026-05-04,265.0,262.5,66976
NESDO,2026-05-04,1510.0,1530.0,3893
SANVI,2026-05-04,682.2,669.3,10877
NIMB,2026-05-04,196.0,196.0,96978
KBLD90,2026-05-04,1288.3,1216.0,3
API,2026-05-04,341.0,330.0,142392
NICA,2026-05-04,375.0,359.4,327440
SHL,2026-05-04,490.2,492.1,21376
NRN,2026-05-04,1470.0,1395.0,223192
LBBL,2026-05-04,504.0,485.3,45100
GVL,2026-05-04,480.0,487.0,12281
NABILD87,2026-05-04,1135.0,1105.0,5
VLUCL,2026-05-04,496.0,472.6,5374
NBF2,2026-05-04,9.84,9.86,1900
TRH,2026-05-04,740.0,747.0,3747
KSY,2026-05-04,9.23,9.51,600
LLBS,2026-05-04,946.0,940.2,115
MAKAR,2026-05-04,489.0,487.0,10778
JFL,2026-05-04,421.2,412.8,7132
HATHY,2026-05-04,810.0,801.9,5733
SJCL,2026-05-04,298.0,293.1,17089
SADBL,2026-05-04,411.0,414.0,25203
GMLI,2026-05-04,1280.1,1308.9,2857
SBI,2026-05-04,400.0,396.0,8579
PROFL,2026-05-04,444.7,440.0,6410
RIDI,2026-05-04,349.0,335.9,226091
FMDBL,2026-05-04,785.0,789.9,11147
GBIME,2026-05-04,219.5,229.0,85181
SAIL,2026-05-04,1230.0,1166.0,72345
JBBL,2026-05-04,360.1,353.8,46360
SALICO,2026-05-04,590.0,585.0,920
MLBSL,2026-05-04,1750.1,1758.0,311
SKHEL,2026-05-04,1450.0,1352.0,13596
SLCF,2026-05-04,9.55,9.72,3750
KMCDB,2026-05-04,865.3,870.0,2918
SINDU,2026-05-04,730.0,716.0,14039
EBLD91,2026-05-04,1058.1,1080.0,125
NHDL,2026-05-04,642.0,615.2,3811
CGH,2026-05-04,802.1,805.1,11678
SJLIC,2026-05-04,429.0,430.0,16430
NIBLGF,2026-05-04,9.4,9.22,2200
SIFC,2026-05-04,537.0,534.0,1510
ICFCD88,2026-05-04,1169.0,1169.0,25
GMFBS,2026-05-04,1301.0,1300.0,580
DOLTI,2026-05-04,360.0,360.0,20062
SBLD84,2026-05-04,1100.0,1100.0,25
EDBL,2026-05-04,577.7,571.1,7891
ALICL,2026-05-04,450.0,447.2,18756
ICFC,2026-05-04,610.1,619.5,3269
EBLD86,2026-05-04,1075.0,1073.1,101
PRIN,2026-05-04,646.0,637.1,4762
GUFL,2026-05-04,518.0,511.0,9908
SPHL,2026-05-04,510.0,509.0,1744
HPPL,2026-05-04,375.0,361.0,33705
NADEP,2026-05-04,745.0,746.5,1132
HEIP,2026-05-04,317.1,329.0,870
JOSHI,2026-05-04,278.0,275.0,10590
BHL,2026-05-04,207.0,214.1,116715
BPCL,2026-05-04,660.0,664.8,30420
AHL,2026-05-04,535.0,512.0,7813
NICFC,2026-05-04,8.97,9.15,9200
NABBC,2026-05-04,1157.0,1094.0,9424
MANDU,2026-05-04,803.5,803.0,2000
MHNL,2026-05-04,261.0,256.5,8799
MBLEF,2026-05-04,10.0,9.88,2800
SIGS2,2026-05-04,10.28,10.16,16410
MPFL,2026-05-04,620.0,604.0,10523
IGI,2026-05-04,428.0,424.5,16867
HIDCLP,2026-05-04,204.0,200.0,182133
SYPNL,2026-05-04,1550.0,1408.0,45235
KDL,2026-05-04,812.0,805.1,2259
BUNGAL,2026-05-04,550.0,560.0,7211
MEL,2026-05-04,245.0,242.8,21059
EBL,2026-05-04,700.0,695.0,21835
NSY,2026-05-04,9.25,9.28,8750
NBL,2026-05-04,268.0,261.0,99589
GMFIL,2026-05-04,470.0,450.0,4591
SMFBS,2026-05-04,1611.5,1596.0,128
HBL,2026-05-04,202.0,200.1,43935
PHCL,2026-05-04,304.0,297.0,24381
SKHL,2026-05-04,1029.0,960.0,23940
GBLBS,2026-05-04,750.0,740.1,2221
NMBD87/88,2026-05-04,1070.0,1070.0,25
JBLB,2026-05-04,1255.0,1255.0,6475
LICN,2026-05-04,805.2,808.0,9010
NIL,2026-05-04,619.0,603.0,6761
TTL,2026-05-04,795.0,776.9,11969
UNL,2026-05-04,46800.0,46000.0,70
RADHI,2026-05-04,760.0,730.0,71350
PBD85,2026-05-04,1071.1,1071.1,25
H8020,2026-05-04,11.51,11.63,21150
TVCL,2026-05-04,518.9,500.0,6020
NMBMF,2026-05-04,627.5,636.0,1256
SOHL,2026-05-04,710.0,668.0,129243
SICL,2026-05-04,614.9,608.5,4158
SSHL,2026-05-04,210.1,207.0,172064
SONA,2026-05-04,430.0,427.0,15227
CBBL,2026-05-04,901.0,902.0,9662
ILI,2026-05-04,431.2,431.0,9614
SMATA,2026-05-04,745.1,752.9,4749
MLBBL,2026-05-04,1201.0,1190.0,1985
BANDIPUR,2026-05-04,825.0,801.0,29428
UAIL,2026-05-04,430.0,435.0,2139
GSY,2026-05-04,9.57,9.6,3120
UNLB,2026-05-04,1400.0,1421.4,2952
SFMF,2026-05-04,10.32,10.51,4700
HFIN,2026-05-04,994.0,1000.0,51713
C30MF,2026-05-04,10.07,10.0,1608
NMFBS,2026-05-04,1051.9,1107.0,532
PRSF,2026-05-04,12.84,12.95,16100
LUK,2026-05-04,9.95,9.95,1400
LSL,2026-05-04,212.2,213.7,58310
SGIC,2026-05-04,468.2,468.0,13819
ADBL,2026-05-04,314.0,305.5,21066
HURJA,2026-05-04,253.0,246.9,132765
CREST,2026-05-04,1080.0,1064.0,7276
TPC,2026-05-04,366.0,364.0,30144
RBBD83,2026-05-04,1037.1,1037.1,25
GBBD85,2026-05-04,1075.0,1075.0,25
NWCL,2026-05-04,780.0,793.0,561
MKHL,2026-05-04,532.0,511.0,29227
NSIF2,2026-05-04,10.51,10.55,2600
LVF2,2026-05-04,10.2,10.19,2800
HEI,2026-05-04,510.0,519.0,4502
SWMF,2026-05-04,647.0,655.9,2096
SPIL,2026-05-04,695.0,694.2,5661
NMBHF2,2026-05-04,9.45,9.27,55200
GILB,2026-05-04,1100.2,1107.5,834
SRLI,2026-05-04,386.1,388.0,8627
HBLD83,2026-05-04,1034.0,1034.0,25
HLICF,2026-05-04,8.93,9.03,9770
NIBLSTF,2026-05-04,9.0,9.0,152373
NLIC,2026-05-04,765.0,763.0,23445
SMB,2026-05-04,1720.0,1704.4,546
HDHPC,2026-05-04,233.0,216.1,294886
GLH,2026-05-04,251.3,262.4,48418
CITY,2026-05-04,450.0,434.0,21261
KBL,2026-05-04,215.0,214.0,443235
RFPL,2026-05-04,390.0,369.9,26959
RNLI,2026-05-04,456.0,456.1,12187
CZBIL,2026-05-04,204.5,202.0,49497
NICLBSL,2026-05-04,574.0,569.4,4708
GBILD86/87,2026-05-04,1086.0,1086.0,78
ALBSL,2026-05-04,1070.0,1109.9,2307
SHPC,2026-05-04,486.7,508.0,17266
RSML,2026-05-04,3865.0,3720.0,47038
UNHPL,2026-05-04,475.2,467.1,38704
CIT,2026-05-04,1774.0,1751.0,4117
ILBS,2026-05-04,920.0,936.9,1568
NRIC,2026-05-04,881.0,873.4,25767
MLBS,2026-05-04,1223.0,1224.0,988
MERO,2026-05-04,707.1,707.0,3560
DHEL,2026-05-04,598.7,586.0,12005
KEF,2026-05-04,10.59,10.57,112920
MBJC,2026-05-04,279.0,277.5,31541
CKHL,2026-05-04,681.0,695.0,336
SHINE,2026-05-04,400.1,402.5,16012
NRM,2026-05-04,399.0,396.0,9935
BBC,2026-05-04,4730.2,4750.0,459
GFCL,2026-05-04,620.0,609.0,5543
RURU,2026-05-04,650.0,635.0,15723
SLBBL,2026-05-04,850.0,810.0,7409
PURE,2026-05-04,910.0,897.0,4682
SAGAR,2026-05-04,1733.0,1675.0,10353
ULBSL,2026-05-04,3049.9,2978.9,588
SWASTIK,2026-05-04,2407.0,2411.0,787
PMLI,2026-05-04,460.2,461.1,4564
TSHL,2026-05-04,618.1,616.5,1843
MHL,2026-05-04,500.0,490.0,8957
SPDL,2026-05-04,400.0,390.0,16619
DDBL,2026-05-04,829.0,826.0,1973
CFCL,2026-05-04,488.1,488.8,8847
SAGF,2026-05-04,10.0,10.11,15200
MMF1,2026-05-04,9.56,9.56,26750
SGHC,2026-05-04,380.0,361.0,19351
NLICL,2026-05-04,590.0,582.4,4098
MATRI,2026-05-04,918.0,917.5,747
GCIL,2026-05-04,415.0,412.4,12076
CSY,2026-05-04,9.2,9.21,4703
GHL,2026-05-04,234.9,227.4,78752
NIMBPO,2026-05-04,150.0,151.0,8602
RLFL,2026-05-04,430.0,430.8,12025
MKHC,2026-05-04,325.0,315.0,18995
SAPDBL,2026-05-04,815.0,796.0,34039
ULHC,2026-05-04,493.9,484.0,12853
BFC,2026-05-04,451.0,443.0,9306
NGPL,2026-05-04,435.0,426.9,230324
SHEL,2026-05-04,307.0,302.1,64541
SIPD,2026-05-04,974.0,905.0,37868
NIBSF2,2026-05-04,9.02,9.12,3050
NICAD85/86,2026-05-04,1122.5,1122.1,40
SIKLES,2026-05-04,581.0,571.0,6410
RMF1,2026-05-04,9.76,10.0,5199
MHCL,2026-05-04,341.2,345.1,5312
NMIC,2026-05-04,1038.0,995.0,10606
SMJC,2026-05-04,454.0,439.0,29846
SPC,2026-05-04,477.1,457.2,5739
DORDI,2026-05-04,276.0,273.1,38548
SDBD87,2026-05-04,1128.0,1128.0,60
CMF2,2026-05-04,9.8,9.8,1000
NICBF,2026-05-04,9.47,9.31,6844
SCBD,2026-05-04,1100.0,1100.0,25
SFCL,2026-05-04,380.0,374.0,5952
GIBF1,2026-05-04,10.84,10.62,2900
PBLD87,2026-05-04,1060.0,1075.1,26
ENL,2026-05-04,873.0,884.0,1290
NUBL,2026-05-04,670.3,675.0,1269
RLEL,2026-05-04,1150.0,1131.0,35656
NBBD2085,2026-05-04,1123.0,1123.0,25
RHGCL,2026-05-04,295.0,290.0,21115
HLBSL,2026-05-04,870.0,898.0,1097
BHPL,2026-05-04,524.8,511.0,9253
RHPL,2026-05-04,275.0,275.0,14490
UMHL,2026-05-04,570.0,560.0,18089
MCHL,2026-05-04,322.0,313.0,3148
SAHAS,2026-05-04,610.0,611.2,54574
BHCL,2026-05-04,510.0,509.9,11312
PMHPL,2026-05-04,332.2,330.0,6491
MSLB,2026-05-04,1265.0,1253.0,3369
VLBS,2026-05-04,691.0,702.0,3954
RBCLPO,2026-05-04,11740.0,11740.0,10
BHDC,2026-05-04,456.0,452.5,104499
KBSH,2026-05-04,1535.5,1539.0,288
BGWT,2026-05-04,710.0,682.5,3384
IHL,2026-05-04,391.0,397.0,5482
NTC,2026-05-04,872.0,873.0,8919
LEC,2026-05-04,223.0,218.0,128418
NICL,2026-05-04,475.3,480.1,3589
SMPDA,2026-05-04,869.0,829.0,2336
MABEL,2026-05-04,664.0,648.3,5248
NBF3,2026-05-04,9.62,9.88,36559
UMRH,2026-05-04,532.0,522.0,6030
NMLBBL,2026-05-04,614.9,605.0,4394
DLBS,2026-05-04,1270.5,1265.0,1119
MSHL,2026-05-04,705.6,715.0,615
JHAPA,2026-05-04,1564.0,1689.0,45429
AVYAN,2026-05-04,1100.0,1115.0,10880
NMB,2026-05-04,252.4,238.0,41572
CORBL,2026-05-04,2300.0,2098.0,41148
CBLD88,2026-05-04,1189.6,1185.0,30
GBBL,2026-05-04,419.9,413.0,18835
SCB,2026-05-04,639.0,641.0,11750
USHL,2026-05-04,626.0,630.0,1812
BEDC,2026-05-04,366.1,358.0,57202
USLB,2026-05-04,1295.0,1270.1,2188
BARUN,2026-05-04,340.0,335.0,51703
SANIMA,2026-05-04,350.0,348.5,58398
CHDC,2026-05-04,2261.1,2197.4,10682
STC,2026-05-04,5800.0,5700.0,1278
OHL,2026-05-04,697.0,681.1,3999
MNMF1,2026-05-04,9.56,9.71,10300
MDB,2026-05-04,588.0,578.1,6306
SHIVM,2026-05-04,670.0,656.0,121198
SWBBL,2026-05-04,756.0,725.0,4755
RSY,2026-05-04,10.3,10.0,7700
HHL,2026-05-04,380.0,366.0,88165
PPL,2026-05-04,330.6,340.1,26264
CCBD88,2026-05-04,1233.0,1233.0,50
SBL,2026-05-04,387.0,386.7,51148
TAMOR,2026-05-04,434.0,431.1,45091
BNT,2026-05-04,11500.2,11406.0,131
CYCL,2026-05-04,1515.0,1460.0,1148
KKHC,2026-05-04,257.0,256.1,38546
HDL,2026-05-04,1169.0,1146.1,37897
JSLBB,2026-05-04,1080.0,1062.3,110
NIFRA,2026-05-04,260.1,258.5,95296
NICGF2,2026-05-04,9.05,9.57,16175
AKPL,2026-05-04,255.0,261.9,73485
SNLI,2026-05-04,450.0,447.0,8856
SBID2090,2026-05-04,1043.1,1043.1,25
SMH,2026-05-04,570.0,548.0,13031
RAWA,2026-05-04,587.0,600.0,321
PSF,2026-05-04,12.0,12.15,5140
SKBBL,2026-05-04,760.0,758.0,10575
JBBD87,2026-05-04,1133.0,1133.0,25
OMPL,2026-05-04,1140.0,1125.0,3761
MEHL,2026-05-04,400.5,385.0,7455
HIMSTAR,2026-05-04,846.0,827.1,4461
HEI,2026-04-30,503.3,516.0,2081
GBLBS,2026-04-30,740.2,750.0,2432
SGHC,2026-04-30,375.0,375.9,15583
PMLI,2026-04-30,461.0,464.0,7009
NICGF2,2026-04-30,9.49,9.31,400
GSY,2026-04-30,9.75,9.78,4110
SBID2090,2026-04-30,1040.6,1042.1,50
KBSH,2026-04-30,1555.1,1580.0,123
KBLD89,2026-04-30,1215.4,1235.0,1
NLICL,2026-04-30,575.1,587.0,8965
PSF,2026-04-30,12.01,12.3,19200
HBLD83,2026-04-30,1075.0,1043.0,2
MSHL,2026-04-30,706.0,727.1,140
TAMOR,2026-04-30,440.0,434.0,50711
KMCDB,2026-04-30,889.9,879.0,3124
JSLBB,2026-04-30,1080.0,1093.0,279
SBCF,2026-04-30,9.6,9.52,2600
EDBL,2026-04-30,580.0,577.7,14063
HIDCLP,2026-04-30,199.0,205.0,329808
MKCL,2026-04-30,1305.0,1315.0,1915
PPL,2026-04-30,333.0,348.0,38272
HRL,2026-04-30,677.0,671.1,104696
MKJC,2026-04-30,499.0,498.0,4126
NMB,2026-04-30,246.0,240.4,25770
UMHL,2026-04-30,569.0,570.9,30905
PHCL,2026-04-30,299.0,303.9,73697
RNLI,2026-04-30,457.1,460.1,13805
AVYAN,2026-04-30,1080.0,1100.0,6954
GBIME,2026-04-30,231.0,231.0,77576
JHAPA,2026-04-30,1700.0,1564.0,38447
BEDC,2026-04-30,346.8,365.9,71340
CITY,2026-04-30,450.2,448.0,13892
GHL,2026-04-30,228.7,234.0,92953
ADBLD83,2026-04-30,1070.0,1070.0,300
GLBSL,2026-04-30,1837.9,1763.9,390
SAIL,2026-04-30,1100.0,1263.0,84231
SBD87,2026-04-30,1086.0,1086.0,100
PRSF,2026-04-30,12.82,12.98,20500
SBL,2026-04-30,368.0,389.9,64239
MNBBL,2026-04-30,371.0,372.0,28768
SMHL,2026-04-30,487.0,486.3,44961
NMB50,2026-04-30,10.5,10.5,15000
AHPC,2026-04-30,275.2,277.0,130322
ALICL,2026-04-30,452.1,450.5,12837
SRBLD83,2026-04-30,1048.2,1048.2,12
NMFBS,2026-04-30,1095.0,1097.1,2094
GMFBS,2026-04-30,1290.0,1310.1,619
MBJC,2026-04-30,286.1,281.0,66145
MEL,2026-04-30,239.4,250.0,14629
API,2026-04-30,352.6,334.9,155102
MERO,2026-04-30,711.2,718.8,5626
ICFCD89,2026-04-30,1098.0,1087.1,375
PFL,2026-04-30,378.0,379.9,6375
SAPDBL,2026-04-30,791.0,815.0,52986
RLFL,2026-04-30,421.0,430.0,5328
GIBF1,2026-04-30,10.85,11.0,2500
NLG,2026-04-30,595.0,600.0,6673
NICAD2091,2026-04-30,1051.0,1068.0,235
BHPL,2026-04-30,520.1,520.2,6767
NMBHF2,2026-04-30,9.58,9.47,5065
SFCL,2026-04-30,375.1,380.0,7148
RHPL,2026-04-30,275.2,275.0,21550
KDL,2026-04-30,795.0,820.0,3733
GUFL,2026-04-30,513.0,518.2,10337
HLBSL,2026-04-30,900.0,889.0,762
ULBSL,2026-04-30,2917.0,2978.0,1753
BFC,2026-04-30,450.0,449.0,11432
SWBBL,2026-04-30,718.0,720.0,3126
MNMF1,2026-04-30,9.72,9.85,6260
MLBL,2026-04-30,361.0,366.0,17001
VLBS,2026-04-30,672.0,696.1,4153
CYCL,2026-04-30,1480.0,1490.0,643
PRIN,2026-04-30,641.7,646.7,6676
BPCL,2026-04-30,665.0,668.0,18662
RMF1,2026-04-30,9.7,9.76,24335
AKPL,2026-04-30,280.4,267.8,134064
MLBS,2026-04-30,1251.0,1245.0,763
GMLI,2026-04-30,1298.9,1280.0,5949
KSBBLD87,2026-04-30,1078.4,1078.4,25
RLEL,2026-04-30,1131.0,1150.0,34662
RSY,2026-04-30,9.76,10.3,2800
RURU,2026-04-30,643.0,650.1,5680
PBD88,2026-04-30,1180.2,1180.2,25
PPCL,2026-04-30,375.0,375.5,14728
JBBL,2026-04-30,380.1,360.1,73257
MBLEF,2026-04-30,9.85,10.0,3600
PROFL,2026-04-30,432.0,444.7,7718
LUK,2026-04-30,9.94,9.94,4500
HBLPO,2026-04-30,128.0,128.0,105823
NICBF,2026-04-30,9.47,9.5,3890
H8020,2026-04-30,11.51,11.51,7127
DHPL,2026-04-30,298.0,300.0,3969
NYADI,2026-04-30,390.1,391.0,3599
NICLBSL,2026-04-30,578.0,576.5,5885
NSIF2,2026-04-30,10.8,10.81,34255
SIPD,2026-04-30,876.0,974.0,62190
NRM,2026-04-30,394.0,400.0,10830
SSHL,2026-04-30,213.0,212.0,174304
NFS,2026-04-30,588.0,582.0,14499
EBLD91,2026-04-30,1064.0,1056.1,425
RHGCL,2026-04-30,307.2,294.9,35583
NICSF,2026-04-30,9.3,9.38,7850
HLICF,2026-04-30,8.8,8.93,6000
MEHL,2026-04-30,394.1,395.9,14386
JOSHI,2026-04-30,277.0,277.0,23785
NMLBBL,2026-04-30,603.1,610.0,9293
OMPL,2026-04-30,1102.0,1154.9,4960
UAIL,2026-04-30,436.3,439.7,3998
SHIVM,2026-04-30,658.0,664.2,258669
MAKAR,2026-04-30,485.0,492.0,8423
MDB,2026-04-30,586.0,585.0,6103
HIDCL,2026-04-30,267.0,265.7,126205
HURJA,2026-04-30,242.2,255.0,90951
SPL,2026-04-30,700.1,710.0,1272
ADBL,2026-04-30,317.8,309.5,20081
BHDC,2026-04-30,450.2,455.1,17595
ANLB,2026-04-30,6200.0,6285.0,21
EBLD85,2026-04-30,1130.0,1162.0,125
NABILD2089,2026-04-30,1060.0,1065.0,175
SABBL,2026-04-30,1366.0,1349.0,32910
KKHC,2026-04-30,265.5,262.0,48511
NRIC,2026-04-30,885.1,880.6,39461
KBL,2026-04-30,218.0,217.3,368727
SLBSL,2026-04-30,1220.0,1217.0,899
CIT,2026-04-30,1780.0,1766.0,5856
DORDI,2026-04-30,280.0,277.0,74510
SMJC,2026-04-30,460.0,454.0,23274
NADEP,2026-04-30,730.1,740.1,544
SADBL,2026-04-30,418.0,413.8,20093
IGI,2026-04-30,421.0,428.9,16627
SHINED,2026-04-30,1110.1,1110.1,25
KDBY,2026-04-30,11.25,11.7,22140
KPCL,2026-04-30,489.0,485.9,8094
SALICO,2026-04-30,598.0,592.1,2160
NWCL,2026-04-30,780.0,793.9,1307
SPC,2026-04-30,472.9,463.3,8066
RAWA,2026-04-30,640.0,605.0,2895
SBID83,2026-04-30,1075.0,1075.0,50
BHL,2026-04-30,208.0,217.6,163696
KBLD86,2026-04-30,1131.1,1128.3,1
BNHC,2026-04-30,317.0,327.5,8218
NMBMF,2026-04-30,613.7,636.2,2132
SWASTIK,2026-04-30,2462.0,2455.0,1278
C30MF,2026-04-30,9.9,10.07,30320
GBBD85,2026-04-30,1100.0,1100.0,100
LBBL,2026-04-30,490.0,492.0,33166
CORBL,2026-04-30,2544.1,2400.0,47404
MSLB,2026-04-30,1260.0,1241.1,613
NBF2,2026-04-30,10.0,10.0,1700
MEN,2026-04-30,575.0,583.5,30475
MKHC,2026-04-30,316.1,319.0,12257
SYPNL,2026-04-30,1462.0,1497.0,87391
KEF,2026-04-30,10.6,10.57,46400
SJLIC,2026-04-30,428.0,429.6,22142
CLI,2026-04-30,449.0,452.6,13491
SMB,2026-04-30,1700.0,1718.0,340
NIBLGF,2026-04-30,9.1,9.65,7200
RSML,2026-04-30,3780.0,3850.2,70158
STC,2026-04-30,5850.0,5800.0,501
SHEL,2026-04-30,303.0,307.0,124580
CGH,2026-04-30,809.0,807.5,6861
ICFCD88,2026-04-30,1200.0,1201.0,100
DDBL,2026-04-30,821.0,829.0,6014
NIMB,2026-04-30,198.0,198.0,89697
NHDL,2026-04-30,619.0,627.0,972
SMPDA,2026-04-30,838.0,844.9,674
GILB,2026-04-30,1100.0,1100.2,6047
HBLD86,2026-04-30,1148.4,1148.4,25
RBBD2088,2026-04-30,1070.0,1070.0,50
SAND2085,2026-04-30,1125.0,1125.0,25
RIDI,2026-04-30,323.9,349.0,322578
NABIL,2026-04-30,524.0,528.0,47024
NICFC,2026-04-30,9.0,9.18,7550
HFIN,2026-04-30,975.1,1024.0,94735
OHL,2026-04-30,681.0,697.0,1785
BHCL,2026-04-30,522.0,519.0,24060
BGWT,2026-04-30,747.0,705.0,4728
GFCL,2026-04-30,612.0,620.2,5197
SIFC,2026-04-30,530.0,530.0,11738
SHLB,2026-04-30,1455.0,1460.0,390
SCB,2026-04-30,639.0,639.0,14186
NUBL,2026-04-30,672.0,678.0,5917
CHDC,2026-04-30,2236.1,2260.9,15008
SIKLES,2026-04-30,576.0,581.0,12806
SAGAR,2026-04-30,1700.0,1770.9,18123
RBBF40,2026-04-30,9.15,9.21,3076
MHNL,2026-04-30,251.1,261.0,22857
ICFC,2026-04-30,618.0,622.1,5496
NIMBD90,2026-04-30,1270.0,1270.0,140
BNT,2026-04-30,11610.0,11610.0,111
SFEF,2026-04-30,9.9,9.99,1800
TVCL,2026-04-30,546.0,508.0,5458
NABBC,2026-04-30,1155.0,1192.0,8661
NBL,2026-04-30,268.0,268.0,44316
SPIL,2026-04-30,707.0,701.0,2038
SNLI,2026-04-30,452.0,452.5,7756
LEC,2026-04-30,220.2,222.0,160616
JFL,2026-04-30,409.0,409.0,5862
JBLB,2026-04-30,1280.0,1268.0,4483
BBC,2026-04-30,4840.0,4814.9,130
HHL,2026-04-30,389.5,384.0,81781
GRDBL,2026-04-30,1094.0,1100.0,38831
NIFRA,2026-04-30,261.0,261.2,143622
SLBBL,2026-04-30,816.0,810.0,2270
MABEL,2026-04-30,653.2,664.0,9466
NBF3,2026-04-30,9.65,9.78,18650
USHEC,2026-04-30,477.3,485.5,21303
SBI,2026-04-30,399.0,397.9,7503
NESDO,2026-04-30,1510.0,1538.0,1253
GBBL,2026-04-30,404.0,414.0,27568
SDBD87,2026-04-30,1095.0,1127.8,5
SHL,2026-04-30,490.0,496.1,40288
SAGF,2026-04-30,10.0,10.1,22320
GBILD84/85,2026-04-30,1131.0,1121.0,2
SMFBS,2026-04-30,1681.0,1611.5,1414
AKJCL,2026-04-30,373.0,375.0,602146
PCIL,2026-04-30,940.0,948.0,108003
PURE,2026-04-30,890.0,903.2,12532
MLBBL,2026-04-30,1190.1,1205.0,1372
NIBD84,2026-04-30,1087.5,1055.0,125
NIMBPO,2026-04-30,144.0,149.3,8866
BJHL,2026-04-30,1049.0,1035.0,10144
CBBL,2026-04-30,904.0,903.0,10091
HPPL,2026-04-30,373.0,366.6,42793
MHCL,2026-04-30,345.0,350.6,7607
UNL,2026-04-30,47000.0,47000.0,1
RMF2,2026-04-30,10.02,10.1,1200
SKHEL,2026-04-30,1386.0,1419.9,12590
NICL,2026-04-30,480.5,482.2,4928
EHPL,2026-04-30,412.5,391.4,24360
RSDC,2026-04-30,664.0,665.0,4978
NIL,2026-04-30,595.0,611.9,3057
UNHPL,2026-04-30,471.0,474.1,29729
SOHL,2026-04-30,741.0,710.0,194162
NRN,2026-04-30,1377.5,1443.0,108483
GCIL,2026-04-30,419.6,415.0,9456
CHCL,2026-04-30,477.0,478.5,38316
MHL,2026-04-30,495.1,497.0,9126
SRLI,2026-04-30,385.3,390.0,10369
KSBBL,2026-04-30,483.9,477.9,29763
USLB,2026-04-30,1298.0,1294.0,1846
CREST,2026-04-30,1130.0,1112.1,7509
IHL,2026-04-30,406.0,395.0,13138
LLBS,2026-04-30,965.0,975.0,1019
TRH,2026-04-30,735.1,735.5,1155
TPC,2026-04-30,366.1,372.0,38893
NHPC,2026-04-30,293.0,296.0,669730
NICA,2026-04-30,355.0,358.0,62652
BOKD86,2026-04-30,1081.0,1081.0,100
SLCF,2026-04-30,9.53,9.7,4750
TTL,2026-04-30,794.0,790.0,19889
SAHAS,2026-04-30,617.0,616.0,55506
SJCL,2026-04-30,295.0,298.7,31991
SHPC,2026-04-30,513.0,512.3,33375
CZBIL,2026-04-30,204.0,204.5,66969
HEIP,2026-04-30,317.1,317.1,100
SPHL,2026-04-30,503.1,516.5,1217
SKBBL,2026-04-30,761.0,760.0,11251
SWMF,2026-04-30,649.0,666.8,3412
SPDL,2026-04-30,392.0,394.0,61161
ACLBSL,2026-04-30,941.3,941.1,932
DOLTI,2026-04-30,364.0,364.0,47272
EBLD86,2026-04-30,1072.1,1072.1,25
LSL,2026-04-30,212.5,216.5,106398
SANIMA,2026-04-30,329.6,349.0,52897
NGPL,2026-04-30,436.0,437.0,205103
CFCL,2026-04-30,491.0,493.0,8441
SKHL,2026-04-30,964.0,980.1,25492
CHL,2026-04-30,285.0,283.0,28397
PRVU,2026-04-30,197.0,196.0,156425
MMF1,2026-04-30,9.7,9.56,11300
HATHY,2026-04-30,829.0,814.0,8882
WNLB,2026-04-30,1460.0,1417.0,895
DLBS,2026-04-30,1333.0,1290.0,310
MANDU,2026-04-30,809.0,803.5,222
ULHC,2026-04-30,485.0,493.9,8072
SIGS3,2026-04-30,10.25,10.71,900
BUNGAL,2026-04-30,560.0,571.0,8665
SINDU,2026-04-30,740.0,732.1,17819
AHL,2026-04-30,490.0,534.0,14073
UNLB,2026-04-30,1392.0,1431.9,1298
DHEL,2026-04-30,634.2,599.3,20350
TSHL,2026-04-30,657.7,637.0,432
SARBTM,2026-04-30,833.0,827.0,6865
NABILD87,2026-04-30,1200.0,1135.0,54
BANDIPUR,2026-04-30,810.0,824.7,45389
MATRI,2026-04-30,901.0,919.5,379
UMRH,2026-04-30,526.2,532.0,4692
MBL,2026-04-30,243.7,242.1,109730
UPPER,2026-04-30,205.0,203.8,241756
SIGS2,2026-04-30,9.97,9.99,9515
PCBL,2026-04-30,236.2,238.0,40022
NBLD87,2026-04-30,1075.3,1075.3,25
GVL,2026-04-30,480.2,487.5,26961
SMH,2026-04-30,567.0,559.0,11735
GLH,2026-04-30,263.0,264.5,65645
MMKJL,2026-04-30,507.0,498.0,4166
SMATA,2026-04-30,750.1,755.0,4213
ILI,2026-04-30,431.1,433.5,17474
SONA,2026-04-30,431.1,433.0,40142
PMHPL,2026-04-30,335.0,334.0,10680
LVF2,2026-04-30,10.11,10.2,2970
NIBLSTF,2026-04-30,8.96,9.0,41095
BARUN,2026-04-30,341.5,340.0,69616
CSY,2026-04-30,9.4,9.32,22800
GMFIL,2026-04-30,461.0,464.4,6225
SFMF,2026-04-30,10.39,10.38,6600
SGIC,2026-04-30,473.1,476.4,7020
VLUCL,2026-04-30,481.0,494.8,8356
KSY,2026-04-30,9.35,9.51,1750
NIBSF2,2026-04-30,9.23,9.27,13409
MKHL,2026-04-30,615.0,559.0,10618
UPCL,2026-04-30,369.0,374.0,59161
HBL,2026-04-30,202.9,202.0,51271
HDL,2026-04-30,1140.0,1146.0,28379
UHEWA,2026-04-30,565.0,569.0,4561
GBIMESY2,2026-04-30,9.04,9.2,7790
NMIC,2026-04-30,1026.0,1010.0,11171
SICL,2026-04-30,616.0,614.9,13494
HDHPC,2026-04-30,220.1,222.8,369448
NLIC,2026-04-30,762.0,762.9,22550
ILBS,2026-04-30,894.9,944.0,967
MCHL,2026-04-30,337.0,322.0,20167
CIZBD90,2026-04-30,1240.7,1277.9,30
MPFL,2026-04-30,602.9,609.9,16847
MLBSL,2026-04-30,1790.0,1789.0,1684
LICN,2026-04-30,806.1,808.1,3563
MFIL,2026-04-30,727.1,768.1,34319
SEF,2026-04-30,9.8,9.82,23799
RADHI,2026-04-30,745.1,754.0,65157
HLI,2026-04-30,341.2,340.0,55779
FMDBL,2026-04-30,769.5,795.0,17754
NSY,2026-04-30,9.38,9.44,5350
CKHL,2026-04-30,680.2,699.0,1620
FOWAD,2026-04-30,1105.0,1096.0,2800
ENL,2026-04-30,872.0,899.8,111
EBL,2026-04-30,698.0,697.0,20626
HIMSTAR,2026-04-30,805.0,840.0,14834
SHINE,2026-04-30,400.0,405.0,25799
SANVI,2026-04-30,690.5,693.0,18017
NIFRAGED,2026-04-30,1031.1,1032.0,233
NTC,2026-04-30,875.0,872.0,17381
USHL,2026-04-30,631.0,645.0,1999
RBCL,2026-04-30,14712.0,15000.0,60
RFPL,2026-04-30,353.5,388.3,82093
ALBSL,2026-04-30,1100.0,1115.0,14708
DORDI,2026-04-29,277.5,274.0,45265
BFC,2026-04-29,458.0,453.0,7562
PURE,2026-04-29,939.0,907.0,11729
NICAD2091,2026-04-29,1078.9,1050.0,25
ANLB,2026-04-29,6251.0,6275.0,101
GLBSL,2026-04-29,1800.0,1785.0,1082
SCB,2026-04-29,643.0,639.4,7418
SAHAS,2026-04-29,618.4,617.9,52203
EBLD86,2026-04-29,1076.0,1070.0,25
GMFIL,2026-04-29,464.1,461.0,3600
MLBSL,2026-04-29,1811.0,1800.0,361
BHDC,2026-04-29,451.0,457.5,9448
CLI,2026-04-29,456.1,454.0,8046
NBF2,2026-04-29,9.94,10.15,10100
SLBBL,2026-04-29,813.9,815.0,4355
UNLB,2026-04-29,1455.5,1435.0,1077
PPL,2026-04-29,339.0,350.0,17047
NLICL,2026-04-29,590.0,588.0,5858
PBD84,2026-04-29,1145.0,1145.0,25
SFCL,2026-04-29,397.3,380.5,7052
BGWT,2026-04-29,740.0,730.0,1573
GWFD83,2026-04-29,1112.3,1112.3,40
AHL,2026-04-29,500.0,495.0,19027
SBL,2026-04-29,389.0,386.9,70907
NHPC,2026-04-29,297.0,290.0,596044
OMPL,2026-04-29,1178.1,1159.9,3934
SMATA,2026-04-29,766.0,760.0,11044
MNMF1,2026-04-29,9.89,10.02,32100
OHL,2026-04-29,692.0,694.0,480
KMCDB,2026-04-29,885.1,869.0,2857
FMDBL,2026-04-29,802.1,810.0,13317
SBCF,2026-04-29,9.6,9.54,6050
NYADI,2026-04-29,395.0,391.0,3910
JBLB,2026-04-29,1277.0,1270.1,4917
RSY,2026-04-29,9.97,10.06,4400
UMRH,2026-04-29,531.4,532.0,4546
NLG,2026-04-29,584.0,603.0,7410
SMFBS,2026-04-29,1685.0,1643.0,73
SFEF,2026-04-29,10.0,9.99,90350
NBL,2026-04-29,272.0,267.7,57242
GHL,2026-04-29,238.0,234.0,46453
SHL,2026-04-29,501.9,498.0,14002
NMIC,2026-04-29,1084.0,1026.0,16055
NADEP,2026-04-29,755.6,750.0,985
SGHC,2026-04-29,370.4,373.0,16790
CCBD88,2026-04-29,1210.0,1197.3,27
IHL,2026-04-29,426.1,410.0,4341
ULBSL,2026-04-29,3013.0,2993.5,3399
SKHL,2026-04-29,995.0,962.0,45797
SPHL,2026-04-29,497.4,515.0,2254
IGI,2026-04-29,430.0,424.0,9495
EHPL,2026-04-29,413.8,392.9,19352
ADBL,2026-04-29,311.8,308.7,18742
NMFBS,2026-04-29,1109.9,1110.0,4752
RADHI,2026-04-29,780.0,764.8,57510
NSIF2,2026-04-29,11.03,10.99,3105
NBLD85,2026-04-29,1053.3,1061.0,75
RMF2,2026-04-29,10.2,10.0,100
SBLD2091,2026-04-29,1065.0,1080.0,78
GFCL,2026-04-29,621.5,624.0,6071
TTL,2026-04-29,807.1,794.0,18580
UPCL,2026-04-29,378.5,372.0,59933
SMPDA,2026-04-29,846.3,838.0,3412
KDBY,2026-04-29,11.54,11.38,23420
PRVU,2026-04-29,199.5,196.3,232563
NFS,2026-04-29,594.0,588.3,7845
MDB,2026-04-29,595.0,591.5,8141
BUNGAL,2026-04-29,594.0,570.0,18619
NMBHF2,2026-04-29,9.62,9.59,15500
CHCL,2026-04-29,480.0,479.1,21272
SIGS3,2026-04-29,10.77,10.5,1453
LSL,2026-04-29,218.0,217.0,62117
CORBL,2026-04-29,2470.6,2678.0,78592
NRIC,2026-04-29,910.0,898.0,39031
GILB,2026-04-29,1120.0,1120.0,1337
SCBD,2026-04-29,1080.0,1096.7,25
AKJCL,2026-04-29,404.1,374.0,393154
SLCF,2026-04-29,9.75,9.8,19900
PCIL,2026-04-29,1039.0,958.1,208142
ULHC,2026-04-29,485.0,495.0,10368
CBLD88,2026-04-29,1182.1,1155.0,2
PMLI,2026-04-29,469.0,462.0,9917
BARUN,2026-04-29,345.0,341.5,34851
CMF2,2026-04-29,10.1,9.85,12644
STC,2026-04-29,5937.0,5895.0,902
AVYAN,2026-04-29,1093.0,1100.4,5220
SMJC,2026-04-29,467.0,460.0,18014
SICL,2026-04-29,618.1,616.0,6822
RFPL,2026-04-29,354.5,370.0,25301
SFMF,2026-04-29,10.7,10.69,5600
BNT,2026-04-29,11600.0,11610.0,55
KSBBL,2026-04-29,480.0,475.0,26122
RSML,2026-04-29,4000.0,3810.1,62734
NIFRA,2026-04-29,268.0,262.0,102694
NABILD2089,2026-04-29,1088.9,1065.0,134
DHEL,2026-04-29,610.0,604.0,17665
GCIL,2026-04-29,400.0,420.0,14865
NMB,2026-04-29,242.9,241.0,23206
NIMB,2026-04-29,201.8,199.1,86139
MABEL,2026-04-29,672.3,669.8,9641
SIKLES,2026-04-29,592.0,587.0,14527
NMBMF,2026-04-29,655.0,646.0,280
SARBTM,2026-04-29,839.5,833.0,5272
TPC,2026-04-29,373.5,369.6,23787
ALICL,2026-04-29,454.5,453.9,12054
GBILD86/87,2026-04-29,1100.0,1080.0,25
ICFCD83,2026-04-29,1086.9,1119.5,140
SHINE,2026-04-29,401.8,401.4,18322
NIBD84,2026-04-29,1052.1,1056.0,325
NMLBBL,2026-04-29,612.4,607.5,6918
RLEL,2026-04-29,1145.0,1131.0,51593
GUFL,2026-04-29,511.5,513.7,6338
RIDI,2026-04-29,360.0,340.9,330123
PHCL,2026-04-29,305.0,301.0,88091
RURU,2026-04-29,665.0,655.0,2267
HURJA,2026-04-29,260.0,254.9,104043
CREST,2026-04-29,1194.7,1140.0,16915
KEF,2026-04-29,10.79,10.64,81147
HDL,2026-04-29,1148.2,1143.0,23521
ICFC,2026-04-29,625.0,623.5,5578
NICL,2026-04-29,481.0,481.0,9485
SAGAR,2026-04-29,1780.0,1735.0,6969
CZBIL,2026-04-29,206.9,204.0,82139
LLBS,2026-04-29,940.0,965.0,2430
LBBL,2026-04-29,487.0,491.0,42662
RNLI,2026-04-29,461.9,459.0,17090
ALBSL,2026-04-29,1067.8,1110.0,14645
SKHEL,2026-04-29,1414.0,1400.0,32134
HEI,2026-04-29,516.0,507.0,4790
DOLTI,2026-04-29,361.0,373.0,77655
MLBBL,2026-04-29,1225.0,1223.0,1661
SWMF,2026-04-29,661.0,660.0,1837
FOWAD,2026-04-29,1102.2,1123.0,5082
SJCL,2026-04-29,306.0,300.0,22766
PPCL,2026-04-29,398.0,378.2,10619
SPDL,2026-04-29,399.0,393.0,21687
MLBL,2026-04-29,369.9,366.0,34783
SPIL,2026-04-29,720.0,711.5,10038
BBC,2026-04-29,4780.0,4841.0,515
ILI,2026-04-29,435.7,434.0,23573
CYCL,2026-04-29,1495.0,1480.0,994
MKHC,2026-04-29,321.7,318.4,18892
MATRI,2026-04-29,924.0,914.0,1838
SANIMA,2026-04-29,349.0,346.9,43417
NESDO,2026-04-29,1558.0,1539.8,1185
GBLBS,2026-04-29,763.0,752.0,3784
MERO,2026-04-29,761.1,715.0,5554
NSY,2026-04-29,9.31,9.67,18600
KBSH,2026-04-29,1620.0,1590.0,555
HRL,2026-04-29,685.5,679.2,74867
KBLD89,2026-04-29,1225.0,1215.4,27
VLBS,2026-04-29,724.9,705.0,10153
SGICP,2026-04-29,260.0,258.0,78475
MMKJL,2026-04-29,515.0,508.2,2737
GBILD84/85,2026-04-29,1140.0,1131.0,2
GBIMESY2,2026-04-29,9.35,9.31,2600
WNLB,2026-04-29,1482.0,1460.0,762
BJHL,2026-04-29,1012.1,1035.0,39440
MHL,2026-04-29,508.0,504.0,4584
MBL,2026-04-29,247.0,244.0,88981
SSHL,2026-04-29,204.3,213.0,215377
JBBL,2026-04-29,360.0,362.0,266481
ACLBSL,2026-04-29,960.1,941.3,1093
SHEL,2026-04-29,311.0,307.0,121321
TAMOR,2026-04-29,465.0,439.0,56543
HATHY,2026-04-29,876.0,826.0,4852
NICLBSL,2026-04-29,581.0,578.0,4770
RHGCL,2026-04-29,315.0,292.6,38412
PRIN,2026-04-29,645.1,646.0,7930
MEL,2026-04-29,255.0,252.0,19670
MEHL,2026-04-29,407.5,403.0,3070
PBD88,2026-04-29,1164.9,1183.0,152
SHLB,2026-04-29,1476.1,1489.9,390
NIMBPO,2026-04-29,152.0,151.1,6147
EDBL,2026-04-29,547.2,582.0,25989
RSDC,2026-04-29,672.2,663.0,3608
SAIL,2026-04-29,1155.0,1122.0,35070
PMHPL,2026-04-29,343.0,335.0,11092
NRM,2026-04-29,395.0,399.0,19449
C30MF,2026-04-29,10.0,9.9,43200
SPL,2026-04-29,724.0,719.0,856
SMH,2026-04-29,568.0,552.1,26585
MFIL,2026-04-29,740.4,765.3,47100
HPPL,2026-04-29,387.3,373.0,45068
HDHPC,2026-04-29,225.0,220.9,296196
SALICO,2026-04-29,595.2,594.0,3438
CIT,2026-04-29,1767.1,1768.0,6037
NIBLSTF,2026-04-29,9.02,9.05,21300
MSHL,2026-04-29,718.0,724.0,541
JFL,2026-04-29,417.0,411.5,4307
SHPC,2026-04-29,517.0,515.0,12212
BPCL,2026-04-29,675.0,667.0,19271
GBIME,2026-04-29,232.0,230.0,85732
MHCL,2026-04-29,358.0,350.0,8020
CGH,2026-04-29,812.0,809.0,14155
NICA,2026-04-29,359.0,359.0,86667
GLH,2026-04-29,267.5,265.8,43697
SONA,2026-04-29,437.0,433.0,16103
GRDBL,2026-04-29,1143.0,1100.0,23695
USHL,2026-04-29,650.0,649.0,1835
SIPD,2026-04-29,1002.0,902.6,126545
NHDL,2026-04-29,626.0,629.8,5450
SEF,2026-04-29,9.77,9.99,26550
GBBD85,2026-04-29,1088.5,1100.0,200
HLICF,2026-04-29,9.02,8.96,3800
NIBLGF,2026-04-29,9.29,9.31,3500
SANVI,2026-04-29,704.0,697.0,14799
SHIVM,2026-04-29,666.0,658.0,187670
NICSF,2026-04-29,9.16,9.4,1900
KPCL,2026-04-29,494.0,489.1,12070
RBCL,2026-04-29,15250.0,15010.0,63
MSLB,2026-04-29,1289.0,1260.0,1374
AKPL,2026-04-29,285.4,267.2,68788
HLBSL,2026-04-29,880.3,876.1,944
SWASTIK,2026-04-29,2517.0,2480.0,1896
TVCL,2026-04-29,559.0,520.0,29418
MKHL,2026-04-29,602.5,615.0,2433
JHAPA,2026-04-29,1731.0,1630.0,24218
BHPL,2026-04-29,527.0,526.8,10130
SHINED,2026-04-29,1143.4,1141.0,181
RAWA,2026-04-29,615.0,610.0,2840
MKJC,2026-04-29,503.8,499.8,5629
PCBL,2026-04-29,241.5,238.9,49765
CHDC,2026-04-29,2313.0,2290.0,9090
KKHC,2026-04-29,271.0,265.5,38143
BNHC,2026-04-29,332.0,325.0,3420
JSLBB,2026-04-29,1101.0,1094.0,2097
SWBBL,2026-04-29,729.0,725.0,2689
LVF2,2026-04-29,10.16,10.2,32050
HHL,2026-04-29,390.0,383.7,65381
RBBD2088,2026-04-29,1078.0,1056.0,2
CSY,2026-04-29,9.37,9.4,6022
NBLD87,2026-04-29,1082.1,1083.0,50
DLBS,2026-04-29,1290.0,1320.0,1292
GBBL,2026-04-29,407.7,410.0,31046
SOHL,2026-04-29,760.0,741.0,241567
NICBF,2026-04-29,9.47,9.47,10000
SYPNL,2026-04-29,1520.0,1445.0,102090
MPFL,2026-04-29,615.0,609.0,9251
NMB50,2026-04-29,10.51,10.79,1000
DHPL,2026-04-29,301.0,299.0,4401
EBLD85,2026-04-29,1136.0,1140.0,85
BHL,2026-04-29,218.0,216.0,96392
HBL,2026-04-29,206.8,202.9,58366
SIFC,2026-04-29,548.5,543.0,2462
TRH,2026-04-29,745.1,743.1,2051
HIDCL,2026-04-29,269.9,267.0,53958
KBL,2026-04-29,221.0,217.9,478659
MAKAR,2026-04-29,503.0,495.0,10530
MKCL,2026-04-29,1338.0,1312.9,2617
SDBD87,2026-04-29,1142.0,1095.0,2
HLI,2026-04-29,345.0,341.8,42620
SMB,2026-04-29,1768.0,1730.0,1254
MMF1,2026-04-29,9.66,9.6,18600
PRSF,2026-04-29,12.98,13.05,1149798
JOSHI,2026-04-29,287.8,281.0,30013
ILBS,2026-04-29,923.0,942.0,8908
KDL,2026-04-29,841.1,816.0,4907
HIDCLP,2026-04-29,203.0,201.0,201683
PROFL,2026-04-29,463.0,443.0,6155
NIBSF2,2026-04-29,9.5,9.5,5150
PBD85,2026-04-29,1085.9,1100.0,25
UPPER,2026-04-29,205.6,203.4,181063
SAPDBL,2026-04-29,838.0,831.8,80870
SGIC,2026-04-29,475.2,474.9,13362
LICN,2026-04-29,818.0,816.0,5748
HEIP,2026-04-29,322.1,326.8,488
API,2026-04-29,339.1,335.9,197327
HBLD86,2026-04-29,1152.1,1115.0,2
CITY,2026-04-29,474.8,462.0,7169
SLBSL,2026-04-29,1231.9,1220.0,1019
KBLD90,2026-04-29,1455.0,1288.3,16
MLBS,2026-04-29,1315.0,1279.4,2059
NLIC,2026-04-29,768.0,762.0,22143
SKBBL,2026-04-29,765.0,761.0,9385
GVL,2026-04-29,488.4,488.0,12990
GIBF1,2026-04-29,11.16,10.85,11600
SBD87,2026-04-29,1085.0,1085.0,25
NIL,2026-04-29,610.0,609.9,3027
PSF,2026-04-29,12.17,12.2,9140
SINDU,2026-04-29,758.9,747.0,9762
MHNL,2026-04-29,267.8,264.3,20363
RLFL,2026-04-29,433.0,428.0,29100
USHEC,2026-04-29,487.5,483.0,12734
SRLI,2026-04-29,394.0,391.0,8117
BANDIPUR,2026-04-29,831.0,814.0,28534
CBBL,2026-04-29,910.0,902.0,16442
HIMSTAR,2026-04-29,872.0,829.0,17202
SBID2090,2026-04-29,1075.0,1065.0,200
AHPC,2026-04-29,277.0,277.7,78511
GMLI,2026-04-29,1350.0,1290.0,4680
SBLD84,2026-04-29,1100.0,1100.0,75
LEC,2026-04-29,236.7,223.8,108043
HFIN,2026-04-29,1060.0,1005.0,119051
SMHL,2026-04-29,498.0,490.5,54178
NUBL,2026-04-29,678.0,678.7,2243
MBJC,2026-04-29,285.0,283.9,54950
DDBL,2026-04-29,830.0,826.4,5001
H8020,2026-04-29,11.71,11.65,11500
NICGF2,2026-04-29,9.5,9.78,23669
NIFRAGED,2026-04-29,1041.0,1027.5,125
EBLD91,2026-04-29,1070.0,1070.0,75
RHPL,2026-04-29,280.0,275.5,17325
SADBL,2026-04-29,416.0,415.0,19843
ICFCD88,2026-04-29,1200.0,1167.0,25
KSY,2026-04-29,9.49,9.59,850
BEDC,2026-04-29,379.0,365.0,85926
BHCL,2026-04-29,536.2,525.0,19630
SBI,2026-04-29,402.0,399.6,13887
NRN,2026-04-29,1475.0,1450.0,54746
MEN,2026-04-29,584.0,583.0,40294
SJLIC,2026-04-29,435.0,430.0,9050
RBBF40,2026-04-29,9.31,9.31,2700
SNLI,2026-04-29,454.9,452.0,5230
SAGF,2026-04-29,10.0,10.06,11500
NABIL,2026-04-29,525.0,524.9,36190
CHL,2026-04-29,290.5,286.0,18846
MCHL,2026-04-29,336.1,328.8,20288
EBL,2026-04-29,698.1,697.6,18065
UNL,2026-04-29,47050.0,47000.0,50
UAIL,2026-04-29,446.0,438.0,9360
SMATAP,2026-04-29,421.0,421.0,2000
NICD88,2026-04-29,1068.0,1069.0,25
GSY,2026-04-29,9.9,9.83,6360
SBID83,2026-04-29,1080.0,1075.0,30
NICFC,2026-04-29,9.27,9.27,1700
ENL,2026-04-29,895.0,890.0,884
PCBLP,2026-04-29,100.0,108.1,500000
PFL,2026-04-29,380.8,378.0,5683
SPC,2026-04-29,470.0,465.0,11576
UNHPL,2026-04-29,487.9,475.4,46481
MANDU,2026-04-29,823.0,806.0,653
NABBC,2026-04-29,1172.0,1169.9,9650
NWCL,2026-04-29,792.0,788.0,2092
VLUCL,2026-04-29,512.2,495.0,8967
SIGS2,2026-04-29,10.5,10.2,13900
USLB,2026-04-29,1324.0,1298.0,2211
NGPL,2026-04-29,442.6,436.8,189434
NBF3,2026-04-29,9.86,9.85,14300
CKHL,2026-04-29,663.2,697.9,1220
TSHL,2026-04-29,647.0,638.6,1230
GMFBS,2026-04-29,1358.0,1329.0,416
UMHL,2026-04-29,580.0,574.8,20286
ICFCD89,2026-04-29,1090.0,1096.0,365
RMF1,2026-04-29,9.88,9.62,7100
CFCL,2026-04-29,509.0,496.9,2620
SABBL,2026-04-29,1429.0,1366.0,37096
UHEWA,2026-04-29,568.1,566.0,6975
MBLEF,2026-04-29,10.05,9.95,1420
NTC,2026-04-29,876.0,874.0,9723
MNBBL,2026-04-29,371.0,368.6,33562
MMF1,2026-04-28,9.7,9.66,10673
MHL,2026-04-28,509.5,508.0,4079
AKJCL,2026-04-28,376.9,384.9,425841
SMFBS,2026-04-28,1689.8,1685.0,682
AHPC,2026-04-28,288.9,281.0,85880
CGH,2026-04-28,815.0,812.0,9185
PPL,2026-04-28,347.1,356.0,26086
MNBBL,2026-04-28,373.0,371.0,34221
UPCL,2026-04-28,378.2,378.5,57745
MBLEF,2026-04-28,10.29,10.05,2400
GBBL,2026-04-28,406.0,407.7,17994
KPCL,2026-04-28,495.0,494.0,15661
NWCL,2026-04-28,802.0,792.0,1701
BHCL,2026-04-28,545.0,536.2,21757
MHNL,2026-04-28,255.0,267.8,11463
GMFBS,2026-04-28,1367.8,1358.0,517
NMB50,2026-04-28,10.74,10.51,1000
CMF2,2026-04-28,9.86,10.1,100
NADEP,2026-04-28,769.0,755.6,526
NGPL,2026-04-28,424.7,442.6,179957
NIFRAGED,2026-04-28,1032.0,1041.0,100
GVL,2026-04-28,495.0,488.4,16264
ICFC,2026-04-28,625.8,625.0,6653
RLFL,2026-04-28,437.0,433.0,5624
DDBL,2026-04-28,830.0,830.0,4139
HRL,2026-04-28,677.0,685.5,87233
PBLD87,2026-04-28,1080.0,1080.1,25
ACLBSL,2026-04-28,979.9,960.1,747
GMLI,2026-04-28,1370.0,1350.0,3305
RBCLPO,2026-04-28,11900.0,12097.8,69
SGIC,2026-04-28,477.2,475.2,6072
HURJA,2026-04-28,262.9,260.0,182035
RIDI,2026-04-28,338.5,348.0,546516
GUFL,2026-04-28,517.0,511.5,11416
SFEF,2026-04-28,9.95,10.1,1900
SAPDBL,2026-04-28,838.0,838.0,50205
SBID89,2026-04-28,1100.0,1133.0,1
SBL,2026-04-28,387.3,389.0,46148
SANIMA,2026-04-28,351.8,349.0,50824
MBJC,2026-04-28,289.5,285.2,32508
ICFCD88,2026-04-28,1165.0,1200.0,125
AVYAN,2026-04-28,1094.0,1115.9,7530
ENL,2026-04-28,898.0,895.0,658
HDHPC,2026-04-28,228.0,225.0,488683
NABILD2089,2026-04-28,1058.9,1088.9,21
PBLD84,2026-04-28,1092.1,1088.1,1
USLB,2026-04-28,1340.0,1324.0,766
NLG,2026-04-28,609.0,614.7,26179
CITY,2026-04-28,497.1,474.8,47552
BANDIPUR,2026-04-28,804.7,831.0,28012
MDB,2026-04-28,597.0,595.0,7821
CHL,2026-04-28,293.1,290.5,22507
GBLBS,2026-04-28,768.0,763.0,6516
NABBC,2026-04-28,1174.0,1209.0,11060
MNBBLP,2026-04-28,236.2,236.2,161841
SWASTIK,2026-04-28,2550.0,2517.0,2393
NIBLSTF,2026-04-28,9.2,9.02,20089
EBLD85,2026-04-28,1143.0,1136.0,100
TAMOR,2026-04-28,438.5,443.0,86741
SANVI,2026-04-28,712.8,704.0,25439
TRH,2026-04-28,748.0,745.1,1835
NSY,2026-04-28,9.5,9.31,13300
SRLI,2026-04-28,395.0,394.0,9012
NIMB,2026-04-28,204.8,201.8,99881
CCBD88,2026-04-28,1241.0,1210.0,25
LBBL,2026-04-28,486.0,487.0,36855
CIT,2026-04-28,1770.0,1767.1,4559
KSBBL,2026-04-28,480.0,480.0,16655
NRN,2026-04-28,1480.0,1475.0,67494
SICL,2026-04-28,620.0,618.1,7561
JFL,2026-04-28,417.4,417.0,6565
LBLD88,2026-04-28,1100.0,1110.0,25
CHDC,2026-04-28,2314.5,2313.0,17435
RBBD83,2026-04-28,1035.5,1046.0,75
USHL,2026-04-28,656.0,650.0,1571
EDBL,2026-04-28,552.0,576.0,6805
SMH,2026-04-28,572.2,568.0,8504
NBF3,2026-04-28,9.87,9.86,23250
NMB,2026-04-28,245.0,242.9,37387
CBBL,2026-04-28,910.0,910.0,17360
SHL,2026-04-28,504.8,501.9,12445
HLICF,2026-04-28,9.03,9.02,6600
MBL,2026-04-28,250.0,247.0,165964
JBBD87,2026-04-28,1140.0,1140.0,55
BHL,2026-04-28,232.0,218.0,144903
PCIL,2026-04-28,1172.9,1039.0,538665
SCB,2026-04-28,647.5,643.0,5780
SARBTM,2026-04-28,843.5,839.5,10931
TSHL,2026-04-28,638.1,647.0,2333
SLBBL,2026-04-28,813.2,813.9,4097
PRVU,2026-04-28,202.4,199.5,219397
RHPL,2026-04-28,281.0,280.0,18756
CZBIL,2026-04-28,208.9,206.9,34486
NBL,2026-04-28,276.2,272.0,55252
GLBSL,2026-04-28,1815.0,1800.0,554
NICBF,2026-04-28,9.47,9.47,5100
PROFL,2026-04-28,446.0,441.0,4325
NIMBPO,2026-04-28,157.9,152.0,60007
UAIL,2026-04-28,445.0,446.0,3487
NICFC,2026-04-28,9.26,9.27,2200
NICA,2026-04-28,370.0,359.0,125197
BBC,2026-04-28,4799.0,4780.0,511
PMHPL,2026-04-28,329.0,343.0,13590
CFCL,2026-04-28,505.9,509.0,6971
NIFRA,2026-04-28,266.4,264.3,51363
NMFBS,2026-04-28,1105.0,1109.9,1577
UHEWA,2026-04-28,574.0,568.1,7391
SLBSL,2026-04-28,1235.1,1231.9,1561
NBF2,2026-04-28,10.0,9.94,2300
GFCL,2026-04-28,627.0,621.5,6652
JHAPA,2026-04-28,1663.5,1731.0,40148
FMDBL,2026-04-28,806.0,802.1,10455
ANLB,2026-04-28,6282.0,6251.0,524
RBCL,2026-04-28,15400.0,15250.0,335
SFCL,2026-04-28,383.1,380.0,9119
SHEL,2026-04-28,317.5,311.0,123844
STC,2026-04-28,5958.0,5937.0,5329
NABILD87,2026-04-28,1174.0,1200.0,20
MLBSL,2026-04-28,1814.0,1811.0,798
NICAD2091,2026-04-28,1075.9,1078.9,26
IHL,2026-04-28,437.0,426.1,9114
DHPL,2026-04-28,304.0,301.0,8736
RADHI,2026-04-28,775.5,780.0,56765
SWMF,2026-04-28,664.8,661.0,1545
GIBF1,2026-04-28,10.86,11.16,26630
RLEL,2026-04-28,1270.0,1145.0,54167
UNL,2026-04-28,46890.0,47050.0,45
BARUN,2026-04-28,347.6,345.0,44295
SBD87,2026-04-28,1082.0,1085.0,25
AKPL,2026-04-28,273.9,272.0,130585
USHEC,2026-04-28,483.0,487.5,18618
KBLD89,2026-04-28,1213.2,1225.0,52
KBLD90,2026-04-28,1500.0,1455.0,5
SPDL,2026-04-28,408.0,399.0,64356
GCIL,2026-04-28,427.0,414.3,29950
MEL,2026-04-28,258.0,254.0,20283
C30MF,2026-04-28,10.0,10.0,1500
NHDL,2026-04-28,636.2,626.0,3814
BNT,2026-04-28,11800.0,11600.0,110
KDL,2026-04-28,845.1,841.1,1784
PBD88,2026-04-28,1190.0,1164.9,27
NMLBBL,2026-04-28,600.0,612.4,6791
MLBBL,2026-04-28,1232.2,1225.0,1925
CHCL,2026-04-28,480.0,480.0,27724
HDL,2026-04-28,1206.4,1148.2,27342
NHPC,2026-04-28,310.0,297.0,698140
LLBS,2026-04-28,945.0,940.0,1262
ALBSL,2026-04-28,1100.0,1124.0,2711
NUBL,2026-04-28,678.0,678.0,3647
SADBL,2026-04-28,416.0,416.0,25220
RAWA,2026-04-28,630.0,615.0,1597
GILB,2026-04-28,1113.0,1120.0,1307
SABBL,2026-04-28,1464.0,1429.0,43280
GMFIL,2026-04-28,466.5,464.1,3850
PFL,2026-04-28,382.0,380.8,6069
SMHL,2026-04-28,501.2,498.0,47427
HEIP,2026-04-28,335.0,322.1,529
UMRH,2026-04-28,535.6,531.4,13537
HIDCLP,2026-04-28,204.3,203.0,177620
SKHEL,2026-04-28,1580.0,1414.0,38520
GLH,2026-04-28,265.0,267.5,41640
SCBD,2026-04-28,1103.1,1080.0,25
MMKJL,2026-04-28,521.9,515.0,5121
EBLD86,2026-04-28,1077.5,1076.0,6
SPIL,2026-04-28,709.0,720.0,1406
RMF1,2026-04-28,9.59,9.88,19150
MAKAR,2026-04-28,511.0,503.0,11429
KMCDB,2026-04-28,899.5,885.1,2442
ULHC,2026-04-28,510.0,485.0,45635
SHPC,2026-04-28,546.0,517.0,39318
GBILD84/85,2026-04-28,1136.7,1140.0,25
PMLI,2026-04-28,470.0,469.0,6865
BUNGAL,2026-04-28,570.0,594.0,15363
MHCL,2026-04-28,353.0,358.0,4948
MATRI,2026-04-28,935.0,924.0,673
CLI,2026-04-28,457.0,456.1,10338
SBCF,2026-04-28,9.6,9.6,9650
MKHL,2026-04-28,674.9,633.0,2339
ILI,2026-04-28,436.0,435.7,9926
HATHY,2026-04-28,845.0,835.0,10576
HEI,2026-04-28,515.0,516.0,3388
AHL,2026-04-28,515.0,505.0,19693
SIFC,2026-04-28,546.3,548.5,2158
NICSF,2026-04-28,9.26,9.16,5150
SKBBL,2026-04-28,755.0,765.0,14803
PSF,2026-04-28,12.3,12.17,41555
LSL,2026-04-28,219.4,218.0,108982
SAIL,2026-04-28,1190.0,1155.0,33843
CYCL,2026-04-28,1497.0,1495.0,3194
SYPNL,2026-04-28,1585.0,1520.0,87894
VLBS,2026-04-28,736.0,724.9,8709
SEF,2026-04-28,9.9,9.77,1500
NESDO,2026-04-28,1569.9,1558.0,940
PCBL,2026-04-28,244.0,241.5,35174
PURE,2026-04-28,939.0,939.0,20258
UMHL,2026-04-28,585.0,580.0,60564
JBLB,2026-04-28,1278.0,1277.0,5198
KSY,2026-04-28,9.61,9.49,600
NTC,2026-04-28,871.0,876.0,12334
BJHL,2026-04-28,1108.0,1012.1,35959
NIL,2026-04-28,613.0,610.0,4513
ICFCD89,2026-04-28,1115.0,1090.0,1150
RURU,2026-04-28,660.1,665.0,3860
JSLBB,2026-04-28,1128.0,1101.0,631
HLBSL,2026-04-28,880.3,880.3,716
BEDC,2026-04-28,388.0,379.0,82583
SIGS2,2026-04-28,10.3,10.5,4610
NLIC,2026-04-28,771.0,768.0,10125
DLBS,2026-04-28,1290.0,1290.0,337
MLBS,2026-04-28,1327.0,1315.0,1703
MSHL,2026-04-28,723.2,718.0,975
MEHL,2026-04-28,427.0,407.5,5151
UPPER,2026-04-28,211.0,205.6,155644
WNLB,2026-04-28,1500.0,1482.0,992
JOSHI,2026-04-28,288.0,287.8,14173
SPC,2026-04-28,470.0,470.0,3530
NABIL,2026-04-28,519.2,525.0,66167
SINDU,2026-04-28,750.0,758.9,42273
CKHL,2026-04-28,682.3,697.0,2076
HPPL,2026-04-28,392.9,387.3,56621
MABEL,2026-04-28,639.4,672.3,6024
BNHC,2026-04-28,326.0,332.0,8804
RSDC,2026-04-28,679.7,672.2,6138
RFPL,2026-04-28,374.0,373.0,46519
KDBY,2026-04-28,11.61,11.54,170133
SSHL,2026-04-28,218.5,215.0,204765
CSY,2026-04-28,9.41,9.37,18530
API,2026-04-28,341.0,339.1,308091
SMPDA,2026-04-28,847.1,846.3,3205
SIGS3,2026-04-28,10.78,10.77,1150
SGICP,2026-04-28,262.0,260.0,39237
SADBLP,2026-04-28,233.0,233.0,16635
SJCL,2026-04-28,307.5,306.0,23922
HIMSTAR,2026-04-28,898.0,872.0,6367
SBLD2091,2026-04-28,1063.0,1065.0,25
SWBBL,2026-04-28,730.0,729.0,5179
SOHL,2026-04-28,799.0,760.0,363152
MERO,2026-04-28,728.0,724.9,6001
OHL,2026-04-28,698.5,692.0,3374
HBLD86,2026-04-28,1100.0,1152.1,57
SMJC,2026-04-28,465.0,467.0,5063
TTL,2026-04-28,823.0,807.1,14418
MEN,2026-04-28,586.0,584.0,67755
BHDC,2026-04-28,443.2,463.0,15247
HIDCL,2026-04-28,285.3,269.9,77336
VLUCL,2026-04-28,519.0,512.2,4901
OMPL,2026-04-28,1181.8,1178.1,3957
BPCL,2026-04-28,712.9,675.0,16498
LEC,2026-04-28,233.0,225.5,124466
SPL,2026-04-28,730.0,724.0,1641
BFC,2026-04-28,460.0,458.0,4746
SBI,2026-04-28,409.0,402.0,11244
SAGF,2026-04-28,10.15,10.11,900
NRIC,2026-04-28,900.0,910.0,45144
TPC,2026-04-28,379.6,373.5,21522
SPHL,2026-04-28,520.0,523.0,2750
SLCF,2026-04-28,9.7,9.75,4850
NCCD86,2026-04-28,1131.0,1125.1,25
PRSF,2026-04-28,13.2,12.98,476300
SAGAR,2026-04-28,1809.0,1780.0,10572
KBSH,2026-04-28,1600.2,1620.0,150
UNHPL,2026-04-28,467.0,487.9,38437
NICLBSL,2026-04-28,551.2,580.0,4717
CORBL,2026-04-28,2629.6,2353.0,118337
MFIL,2026-04-28,741.6,772.0,36356
HBL,2026-04-28,207.1,206.8,135988
SHINED,2026-04-28,1105.8,1143.4,375
GBBD85,2026-04-28,1071.9,1088.5,225
GRDBL,2026-04-28,1118.8,1143.0,67094
NLICL,2026-04-28,584.0,590.0,13887
MANDU,2026-04-28,823.0,823.0,2377
SNLI,2026-04-28,453.0,454.9,13256
DORDI,2026-04-28,279.0,277.5,36700
NICGF2,2026-04-28,9.36,9.5,5821
GSY,2026-04-28,9.9,9.9,4910
SALICO,2026-04-28,599.0,595.2,5125
CREST,2026-04-28,1147.0,1194.7,8399
NIBLGF,2026-04-28,9.35,9.29,2800
NRM,2026-04-28,407.4,401.0,14301
TVCL,2026-04-28,566.0,559.0,12082
HLI,2026-04-28,347.4,345.0,78714
JBBL,2026-04-28,371.8,366.0,72064
MKJC,2026-04-28,506.0,503.8,5395
SMB,2026-04-28,1752.0,1768.0,323
IGI,2026-04-28,434.0,430.0,9844
MKCL,2026-04-28,1330.0,1338.0,2434
KEF,2026-04-28,10.89,10.79,5400
MSLB,2026-04-28,1298.0,1289.0,2172
NIBSF2,2026-04-28,9.38,9.5,5810
BHPL,2026-04-28,535.6,527.0,8371
GBIMESY2,2026-04-28,9.53,9.35,5310
ADBL,2026-04-28,316.0,311.8,10363
GBIME,2026-04-28,237.0,232.0,214442
MKHC,2026-04-28,322.6,321.7,19881
LICN,2026-04-28,814.9,818.0,6622
SHLB,2026-04-28,1510.0,1476.1,100
NFS,2026-04-28,596.0,594.0,14497
NSIF2,2026-04-28,11.0,11.03,67120
SIKLES,2026-04-28,597.3,592.0,11043
SGHC,2026-04-28,401.0,370.4,21189
NYADI,2026-04-28,400.2,395.0,4830
NMBHF2,2026-04-28,9.17,9.62,5060
ALICL,2026-04-28,458.0,454.5,22641
KKHC,2026-04-28,287.7,271.0,34908
GHL,2026-04-28,241.5,238.0,70705
EBL,2026-04-28,698.0,698.1,14240
SKHL,2026-04-28,1070.0,995.0,77031
RSML,2026-04-28,4239.0,4000.0,85116
MCHL,2026-04-28,345.0,336.1,18911
MNMF1,2026-04-28,10.0,9.89,3250
SAHAS,2026-04-28,614.7,618.4,67121
SMATA,2026-04-28,776.9,766.0,7558
HHL,2026-04-28,364.0,388.0,208071
RHGCL,2026-04-28,305.0,300.0,51835
RSY,2026-04-28,10.0,9.97,2737
H8020,2026-04-28,12.0,11.71,8980
UNLB,2026-04-28,1475.0,1455.5,1079
FOWAD,2026-04-28,1130.0,1102.2,4771
DOLTI,2026-04-28,375.0,379.7,16646
MLBL,2026-04-28,369.7,369.9,24866
NMIC,2026-04-28,1120.0,1084.0,6422
LVF2,2026-04-28,10.15,10.16,28960
SHIVM,2026-04-28,672.0,666.0,172219
SJLIC,2026-04-28,433.3,435.0,11244
RBBF40,2026-04-28,9.48,9.31,3900
RMF2,2026-04-28,10.4,10.2,441003
ULBSL,2026-04-28,3015.0,3013.0,863
PRIN,2026-04-28,662.0,645.1,11500
SIPD,2026-04-28,1111.0,1002.0,128510
KBL,2026-04-28,230.0,221.0,998725
PHCL,2026-04-28,307.1,305.0,67761
BGWT,2026-04-28,740.0,740.0,2637
EHPL,2026-04-28,422.1,394.1,42713
HFIN,2026-04-28,1191.0,1060.0,189770
NMBMF,2026-04-28,650.1,655.0,1381
ILBS,2026-04-28,965.9,942.0,3318
SHINE,2026-04-28,404.0,401.8,17817
PPCL,2026-04-28,387.8,379.1,18704
LUK,2026-04-28,9.92,9.84,33300
NICL,2026-04-28,485.5,481.0,8912
SBID83,2026-04-28,1066.7,1080.0,97
SBD89,2026-04-28,1279.5,1320.0,153
EBLD91,2026-04-28,1075.0,1070.0,265
CBLD88,2026-04-28,1155.0,1182.1,25
SONA,2026-04-28,442.1,437.0,42099
RNLI,2026-04-28,469.0,461.9,15629
DHEL,2026-04-28,618.5,610.0,18721
SBID2090,2026-04-28,1046.1,1075.0,26
MPFL,2026-04-28,628.0,615.0,12823
