Symbol,Date,Open,Close,Volume
YMHL,2026-10-02,500.1,514.0,13885
LSH12,2026-10-02,9.0,9.0,3500
JSLBB,2026-10-02,953.4,942.0,324
KAHL,2026-10-02,460.1,458.0,23334
KBL,2026-10-02,225.0,225.5,524613
KBLD89,2026-10-02,1330.0,1326.0,146
KBLPO,2026-10-02,100.0,100.0,70000
KBSH,2026-10-02,797.7,806.0,2692
KDBY,2026-10-02,9.8,10.01,1450
KDL,2026-10-02,572.0,567.0,10849
KEF,2026-10-02,9.35,9.25,400
KHPL,2026-10-02,662.0,651.0,3826
KKHC,2026-10-02,259.0,269.2,37416
KMCDB,2026-10-02,801.0,799.5,2769
KPCL,2026-10-02,452.0,455.9,9865
KSBBL,2026-10-02,445.2,447.0,13054
KSY,2026-10-02,8.75,9.15,350
LBBL,2026-10-02,480.0,478.0,15785
LEC,2026-10-02,245.0,245.0,435415
LICN,2026-10-02,742.0,781.8,15644
LLBS,2026-10-02,794.0,805.0,1747
JOSHI,2026-10-02,262.0,260.0,5170
JHAPA,2026-10-02,1017.0,1011.0,2659
JFL,2026-10-02,275.0,280.0,6040
HRL,2026-10-02,475.4,499.0,60757
HHL,2026-10-02,345.0,341.5,14350
HIDCL,2026-10-02,250.0,249.5,32068
HIDCLP,2026-10-02,190.5,186.9,45078
HIMSTAR,2026-10-02,620.0,619.0,1635
HLBSL,2026-10-02,879.9,870.0,902
HLI,2026-10-02,305.0,300.0,26046
HLICF,2026-10-02,8.33,8.5,2850
HPPL,2026-10-02,398.0,380.9,154438
HURJA,2026-10-02,260.0,257.0,134386
JBLB,2026-10-02,1278.0,1278.0,1994
ICFC,2026-10-02,622.0,592.0,12591
ICFCD88,2026-10-02,1156.0,1150.0,185
ICFCD89,2026-10-02,1118.0,1111.0,790
IGI,2026-10-02,390.0,384.5,3127
IHL,2026-10-02,312.3,315.5,5274
ILBS,2026-10-02,902.0,917.0,4448
ILI,2026-10-02,422.0,423.6,9118
JBBL,2026-10-02,350.0,343.0,9419
LSD92,2026-10-02,1130.0,1150.0,37963
LSL,2026-10-02,258.0,254.6,412104
NBF3,2026-10-02,8.9,9.1,57437
LUK,2026-10-02,9.18,9.73,4300
MKJC,2026-10-02,321.1,337.0,43701
MLBBL,2026-10-02,941.1,941.0,989
MLBL,2026-10-02,352.4,354.0,18886
MLBS,2026-10-02,980.0,994.9,221
MLBSL,2026-10-02,1082.0,1082.1,464
MMF1,2026-10-02,8.6,8.83,5270
MMKJL,2026-10-02,373.0,362.0,12869
MNBBL,2026-10-02,331.0,330.0,23110
MNBBLP,2026-10-02,236.2,236.2,18000
MNMF1,2026-10-02,8.91,9.1,172795
MPFL,2026-10-02,575.1,579.0,9119
MSHL,2026-10-02,533.1,533.5,6184
MSLB,2026-10-02,1167.0,1189.9,246
NABBC,2026-10-02,702.2,705.0,5542
NABIL,2026-10-02,529.0,528.7,60404
NABILD2089,2026-10-02,1102.0,1105.0,75
NABILD87,2026-10-02,1159.0,1159.0,25
NADEP,2026-10-02,665.1,666.1,514
NBBD2085,2026-10-02,1130.0,1130.0,81
MKHL,2026-10-02,494.0,490.0,1479
MKHC,2026-10-02,254.0,249.0,7319
MKCL,2026-10-02,832.0,810.1,5652
MCHL,2026-10-02,266.0,266.9,13315
LVF2,2026-10-02,9.15,9.15,110
MABEL,2026-10-02,550.0,563.0,5196
MAKAR,2026-10-02,406.0,404.1,46286
MANDU,2026-10-02,742.3,792.0,10246
MATRI,2026-10-02,720.0,720.0,231
MBJC,2026-10-02,293.7,295.0,56578
MBL,2026-10-02,250.0,250.0,56834
MBLEF,2026-10-02,9.0,9.1,2100
MDB,2026-10-02,556.0,558.0,13376
MHNL,2026-10-02,255.1,251.5,10627
MEHL,2026-10-02,259.9,258.0,32097
MEL,2026-10-02,210.0,210.9,18969
MEN,2026-10-02,636.0,635.4,45889
MEPDL,2026-10-02,625.0,632.0,12827
MERO,2026-10-02,602.0,590.0,3454
MFIL,2026-10-02,745.0,741.0,19530
MHCL,2026-10-02,293.0,281.0,11221
MHL,2026-10-02,445.0,444.0,3547
HFIN,2026-10-02,587.0,560.0,36625
HEIP,2026-10-02,317.0,308.4,338
HEI,2026-10-02,448.6,444.1,11340
HDL,2026-10-02,1350.0,1293.0,102165
BNHC,2026-10-02,271.5,272.0,7775
BNL,2026-10-02,14200.0,14200.0,10
BNT,2026-10-02,11900.0,11900.0,20
BOKD86,2026-10-02,1080.1,1080.1,25
BPCL,2026-10-02,655.0,645.0,21979
BUNGAL,2026-10-02,490.0,489.2,10011
C30MF,2026-10-02,9.48,9.48,2200
CBBL,2026-10-02,949.9,948.0,14850
CFCL,2026-10-02,583.0,570.0,24304
CGH,2026-10-02,760.0,762.1,2822
CHCL,2026-10-02,341.7,339.0,53801
CHDC,2026-10-02,2352.0,2349.5,15842
CHL,2026-10-02,260.0,258.0,15363
CIT,2026-10-02,1752.0,1735.0,2742
CITY,2026-10-02,340.5,343.7,32317
CIZBD86,2026-10-02,1210.0,1210.0,1
CKHL,2026-10-02,527.0,524.9,971
CLI,2026-10-02,432.5,433.0,8728
CORBL,2026-10-02,811.0,810.0,31963
BJHL,2026-10-02,582.0,575.0,7237
BHPL,2026-10-02,442.9,433.0,4846
BHL,2026-10-02,214.0,212.6,111644
APHL,2026-10-02,615.0,591.8,8231
ADBL,2026-10-02,310.0,309.0,25843
AHL,2026-10-02,380.0,375.1,5541
AHPC,2026-10-02,255.0,254.2,33598
AKJCL,2026-10-02,340.0,356.0,412690
AKPL,2026-10-02,250.1,249.0,40882
ALBSL,2026-10-02,1165.0,1189.0,5712
ALICL,2026-10-02,426.5,422.9,11333
ANLB,2026-10-02,4810.0,4919.0,475
API,2026-10-02,341.0,338.8,262532
BHDC,2026-10-02,425.0,419.5,6627
AVYAN,2026-10-02,1030.0,1059.0,1110
BANDIPUR,2026-10-02,620.0,615.3,15632
BARUN,2026-10-02,330.9,326.0,21968
BBC,2026-10-02,3952.0,3978.0,507
BEDC,2026-10-02,296.0,295.9,10946
BFC,2026-10-02,455.0,460.3,72755
BGWT,2026-10-02,475.3,471.0,6977
BHCL,2026-10-02,560.2,561.0,112043
CREST,2026-10-02,1134.0,1077.0,3005
CSY,2026-10-02,8.26,8.52,11518
CYCL,2026-10-02,1509.0,1544.0,27220
GMFIL,2026-10-02,424.4,412.0,4605
GCIL,2026-10-02,392.0,383.0,18305
GFCL,2026-10-02,561.0,560.3,1530
GHL,2026-10-02,260.0,269.0,516853
GIBF1,2026-10-02,10.01,10.14,7950
GILB,2026-10-02,1112.0,1100.1,2164
GLBSL,2026-10-02,1680.0,1680.0,123
GLH,2026-10-02,280.0,273.0,42369
GMFBS,2026-10-02,1070.0,1090.0,423
GMLI,2026-10-02,935.5,949.0,240
GBIMESY2,2026-10-02,9.01,8.83,2500
GRDBL,2026-10-02,913.1,923.8,7706
GSY,2026-10-02,9.11,9.07,5600
GUFL,2026-10-02,499.0,497.0,6266
GVL,2026-10-02,487.0,493.4,14655
H8020,2026-10-02,11.04,11.1,34200
HATHY,2026-10-02,460.0,440.0,217561
HBL,2026-10-02,192.0,191.3,33995
HDHPC,2026-10-02,217.0,220.0,233867
GBLBS,2026-10-02,667.2,664.0,1110
GBIME,2026-10-02,244.0,243.0,78571
CZBIL,2026-10-02,212.5,211.0,131073
EBLD86,2026-10-02,1102.0,1102.0,25
DDBL,2026-10-02,850.0,849.0,2342
DHEL,2026-10-02,521.0,517.0,9243
DHPL,2026-10-02,273.0,267.6,6628
DLBS,2026-10-02,1204.0,1090.1,1053
DOLTI,2026-10-02,303.0,305.1,39016
DORDI,2026-10-02,259.0,256.0,29347
EBL,2026-10-02,700.0,700.0,62018
EBLD85,2026-10-02,1120.0,1130.0,50
EBLD91,2026-10-02,1095.2,1120.0,262
GBILD84/85,2026-10-02,1160.0,1160.0,25
ECL,2026-10-02,1262.0,1255.0,6543
EDBL,2026-10-02,573.0,565.0,2140
EHPL,2026-10-02,333.0,319.0,4746
ENL,2026-10-02,542.0,498.3,70786
FMDBL,2026-10-02,740.0,731.7,5563
FOWAD,2026-10-02,870.6,882.5,6691
GBBD85,2026-10-02,1045.1,1045.1,25
GBBL,2026-10-02,403.0,400.0,79603
NBF2,2026-10-02,9.26,9.0,35100
NBL,2026-10-02,293.0,291.8,124710
SANVI,2026-10-02,514.0,522.0,10846
SMHL,2026-10-02,471.0,477.7,45700
SHPC,2026-10-02,531.9,529.0,72986
SICL,2026-10-02,537.1,538.0,6838
SIFC,2026-10-02,479.0,475.0,14657
SIGS2,2026-10-02,9.51,9.51,200
SIGS3,2026-10-02,10.21,10.21,200
SIKLES,2026-10-02,565.0,562.0,5040
SINDU,2026-10-02,465.5,448.0,65661
SIPD,2026-10-02,562.5,548.9,7252
SJCL,2026-10-02,240.0,238.6,5931
SJLIC,2026-10-02,418.0,415.9,26647
SKBBL,2026-10-02,770.0,760.2,5817
SKHEL,2026-10-02,798.5,786.1,1624
SKHL,2026-10-02,718.0,716.0,3438
SLBBL,2026-10-02,823.0,821.9,6611
SLBSL,2026-10-02,885.0,871.0,1414
SLCF,2026-10-02,9.0,9.12,2240
SMATA,2026-10-02,675.1,679.9,2756
SMB,2026-10-02,1845.0,1825.0,974
SMFBS,2026-10-02,1370.0,1343.0,171
SHLB,2026-10-02,1250.1,1260.0,70
SHL,2026-10-02,512.0,509.0,34172
SHIVM,2026-10-02,692.0,681.0,106564
SCB,2026-10-02,661.0,663.0,9576
SAPIL,2026-10-02,1240.0,1226.0,12113
SARBTM,2026-10-02,805.0,805.0,14015
SBCF,2026-10-02,8.93,9.2,7113
SBI,2026-10-02,400.0,403.9,6671
SBID2090,2026-10-02,1125.0,1125.0,500
SBL,2026-10-02,418.0,408.0,207130
SBLD2091,2026-10-02,1169.9,1170.0,35
SBLD89,2026-10-02,1287.5,1360.0,189541
SEF,2026-10-02,9.58,9.6,5421
SHINED,2026-10-02,1125.0,1145.0,1320
SEF2,2026-10-02,9.0,9.1,8248
SFEF,2026-10-02,8.92,9.05,5200
SFMF,2026-10-02,9.04,9.25,20297
SGHC,2026-10-02,292.0,290.2,13081
SGHL,2026-10-02,470.0,468.0,25485
SGIC,2026-10-02,366.6,382.0,7923
SHEL,2026-10-02,300.0,301.0,91540
SHINE,2026-10-02,398.7,393.9,32917
SMH,2026-10-02,505.0,513.0,19652
SMJC,2026-10-02,402.0,404.5,11926
NBLD85,2026-10-02,1040.0,1045.6,338
SMPDA,2026-10-02,722.0,722.0,279
TSHL,2026-10-02,341.0,340.0,2747
TTL,2026-10-02,660.1,673.0,6159
TVCL,2026-10-02,290.0,291.0,1963
UAIL,2026-10-02,364.0,362.0,9795
UHEWA,2026-10-02,580.4,582.0,8270
ULBSL,2026-10-02,2480.0,2535.0,453
ULHC,2026-10-02,346.0,345.0,38293
UMHL,2026-10-02,560.0,550.0,16783
UMRH,2026-10-02,511.0,509.0,10865
UNHPL,2026-10-02,362.0,356.9,9650
UNL,2026-10-02,48600.0,48600.0,10
UNLB,2026-10-02,1241.0,1223.0,360
UPCL,2026-10-02,333.0,332.0,66591
UPPER,2026-10-02,190.0,189.9,65945
USHEC,2026-10-02,495.0,497.0,7234
USHL,2026-10-02,512.5,520.0,2201
USLB,2026-10-02,1182.0,1130.0,728
VLBS,2026-10-02,620.1,610.0,2287
VLUCL,2026-10-02,370.2,378.9,952
TRH,2026-10-02,791.3,810.0,1902
TPKHL,2026-10-02,482.0,490.0,11699
TPC,2026-10-02,356.0,359.0,9568
SPIL,2026-10-02,625.0,610.2,3979
SNLI,2026-10-02,415.0,410.0,7568
SNORL,2026-10-02,820.0,818.0,15484
SOHL,2026-10-02,630.0,620.0,80114
SONA,2026-10-02,419.0,418.9,123676
SOPL,2026-10-02,662.1,653.6,20428
SPC,2026-10-02,386.0,380.1,10014
SPDL,2026-10-02,345.0,345.1,50308
SPHL,2026-10-02,515.0,513.0,6915
SPL,2026-10-02,575.1,580.0,1932
TAMOR,2026-10-02,511.0,530.0,126279
SRLI,2026-10-02,367.3,366.3,10308
SRLIP,2026-10-02,196.0,196.0,22749
SSHL,2026-10-02,210.9,206.1,98176
STC,2026-10-02,5278.2,5550.0,144
SWASTIK,2026-10-02,1751.0,1777.0,276
SWBBL,2026-10-02,695.1,695.0,3133
SWMF,2026-10-02,597.0,599.9,1110
SYPNL,2026-10-02,1340.0,1341.0,53383
SAPDBL,2026-10-02,594.0,597.5,24472
ACLBSL,2026-10-02,866.8,869.0,381
SANIMA,2026-10-02,363.0,366.0,86500
SALICO,2026-10-02,538.9,531.9,2950
NIMBPO,2026-10-02,144.9,145.0,9506
NLG,2026-10-02,502.9,495.0,6210
NLIC,2026-10-02,691.6,726.9,7776
NLICL,2026-10-02,569.0,564.0,5201
NMB,2026-10-02,265.0,253.0,67586
NMBD89/90,2026-10-02,1261.7,1400.0,28043
NMBHF2,2026-10-02,8.75,8.9,1900
NMBMF,2026-10-02,592.1,590.0,460
NMBUR93/94,2026-10-02,880.0,896.1,75
NMFBS,2026-10-02,1198.9,1186.0,8183
NMIC,2026-10-02,780.1,796.0,870
NMLBBL,2026-10-02,496.0,497.2,613
NRIC,2026-10-02,795.0,802.9,7833
NRM,2026-10-02,287.1,289.8,5505
NRN,2026-10-02,1350.0,1372.0,23626
NSIF2,2026-10-02,9.8,9.9,151100
NSY,2026-10-02,8.8,8.85,5815
NTC,2026-10-02,900.0,907.0,5897
NUBL,2026-10-02,598.0,588.0,1859
NIMBD90,2026-10-02,1206.0,1225.0,100
NIMB,2026-10-02,182.4,191.8,64814
NIL,2026-10-02,523.0,525.0,5016
NIBSF2,2026-10-02,9.06,8.62,20899
NESDO,2026-10-02,1320.1,1325.0,535
NFS,2026-10-02,489.4,478.0,5964
NGPL,2026-10-02,402.9,395.9,71907
NHDL,2026-10-02,627.4,639.7,807
NHPC,2026-10-02,263.9,260.3,118285
NIBD84,2026-10-02,1040.0,1040.0,20
NIBLGF,2026-10-02,8.81,9.16,821955
NIBLSTF,2026-10-02,8.42,8.33,230151
NICA,2026-10-02,314.0,309.3,78322
NIFRAGED,2026-10-02,1067.0,1073.2,1527
NICAD2091,2026-10-02,1086.0,1086.0,25
NICBF,2026-10-02,9.0,9.0,1000
NICFC,2026-10-02,8.72,8.91,1600
NICGF2,2026-10-02,8.98,8.94,36189
NICL,2026-10-02,446.0,443.0,1778
NICLBSL,2026-10-02,499.0,505.0,1685
NICSF,2026-10-02,8.5,8.32,8852
NIFRA,2026-10-02,245.7,244.5,56940
NWCL,2026-10-02,591.0,566.0,3065
NYADI,2026-10-02,364.7,340.0,5735
OHL,2026-10-02,620.5,610.0,3226
RSY,2026-10-02,9.15,9.18,21220
RIDI,2026-10-02,330.0,335.9,184492
RLEL,2026-10-02,745.0,732.9,6317
RLFL,2026-10-02,415.0,419.4,5985
RMF1,2026-10-02,9.01,9.0,19374
RMF2,2026-10-02,9.25,9.49,261
RNLI,2026-10-02,435.0,437.0,27048
RSDC,2026-10-02,613.0,615.0,2772
RSML,2026-10-02,2740.0,2708.0,57507
RSY2,2026-10-02,9.04,8.84,78627
RHGCL,2026-10-02,253.2,259.9,9500
RURU,2026-10-02,590.0,597.0,3712
SABBL,2026-10-02,859.9,840.0,4818
SADBL,2026-10-02,400.0,395.0,67818
SAEF2,2026-10-02,9.02,9.1,2900
SAGAR,2026-10-02,1550.0,1572.1,1925
SAGF,2026-10-02,9.12,9.44,3000
SAHAS,2026-10-02,688.0,688.0,43729
SAIL,2026-10-02,960.0,962.0,8500
RHPL,2026-10-02,160.0,167.4,40586
RFPL,2026-10-02,332.0,329.7,9833
OMPL,2026-10-02,859.0,867.0,3656
PPL,2026-10-02,337.0,321.1,29874
PBD93,2026-10-02,1120.0,1115.0,3400
PCBL,2026-10-02,260.0,260.2,169742
PCIL,2026-10-02,617.0,620.0,27231
PFL,2026-10-02,340.0,338.0,8762
PHCL,2026-10-02,340.5,332.0,343215
PMHPL,2026-10-02,297.0,301.9,2784
PMLI,2026-10-02,415.0,422.7,3682
PPCL,2026-10-02,338.0,335.0,20907
PRIN,2026-10-02,584.1,585.0,4007
RBCL,2026-10-02,13990.0,13999.0,80
PROFL,2026-10-02,382.0,383.6,1640
PRSF,2026-10-02,11.92,12.16,16000
PRVU,2026-10-02,195.5,186.0,136001
PSF,2026-10-02,10.9,10.92,16400
PURE,2026-10-02,765.0,779.5,3770
RADHI,2026-10-02,700.0,706.5,29458
RAWA,2026-10-02,405.0,409.9,7990
RBBF40,2026-10-02,8.82,8.9,10491
NBL,2026-10-01,293.0,293.0,109554
YMHL,2026-10-01,506.0,505.0,37016
SIFC,2026-10-01,478.0,478.0,14050
GBIMESY2,2026-10-01,9.0,9.0,1820
CREST,2026-10-01,1060.0,1080.0,8909
API,2026-10-01,335.0,341.0,673595
GMLI,2026-10-01,920.6,946.5,240
AHL,2026-10-01,380.0,376.0,845
AHPC,2026-10-01,252.3,255.0,77386
AKJCL,2026-10-01,353.9,353.7,231649
AKPL,2026-10-01,250.7,251.8,33423
ALBSL,2026-10-01,1166.0,1186.0,4170
ALICL,2026-10-01,421.4,423.0,11046
ANLB,2026-10-01,4935.0,4919.7,945
BHDC,2026-10-01,420.0,427.5,8442
CLI,2026-10-01,437.0,436.0,6274
AVYAN,2026-10-01,1030.0,1040.0,405
BANDIPUR,2026-10-01,618.0,623.0,15407
BARUN,2026-10-01,329.8,331.0,46739
BBC,2026-10-01,4145.0,4021.0,1660
BEDC,2026-10-01,292.0,299.0,7898
BFC,2026-10-01,443.0,450.0,6031
BGWT,2026-10-01,482.0,485.0,6138
ADBL,2026-10-01,305.5,310.0,34895
APHL,2026-10-01,613.0,618.0,3444
CKHL,2026-10-01,520.0,533.0,5307
CBBL,2026-10-01,949.0,948.5,5583
GCIL,2026-10-01,396.0,391.0,24681
CORBL,2026-10-01,738.0,806.9,44458
BHPL,2026-10-01,458.0,437.9,7088
BNL,2026-10-01,14100.0,14100.0,6
BNT,2026-10-01,11662.0,11900.0,40
BPCL,2026-10-01,656.1,655.0,52623
BUNGAL,2026-10-01,500.0,486.3,17784
C30MF,2026-10-01,9.49,9.49,1000
CBLD88,2026-10-01,1268.0,1268.0,420
CIZBD90,2026-10-01,1215.5,1215.5,25
CFCL,2026-10-01,560.0,572.0,32053
CGH,2026-10-01,762.2,760.0,6085
BHL,2026-10-01,212.0,214.7,156150
CHCL,2026-10-01,349.1,341.7,61190
CHDC,2026-10-01,2350.1,2362.2,20547
CHL,2026-10-01,261.1,260.9,6183
CIT,2026-10-01,1740.0,1738.0,10379
CITY,2026-10-01,344.0,342.9,21674
BHCL,2026-10-01,570.0,569.8,32239
BJHL,2026-10-01,582.0,585.0,5746
HEI,2026-10-01,455.0,448.6,4182
EBLD91,2026-10-01,1100.0,1120.0,170
GBIME,2026-10-01,245.0,243.9,160452
GHL,2026-10-01,270.0,273.6,676519
DDBL,2026-10-01,842.0,848.0,6608
DHEL,2026-10-01,524.0,525.0,9508
DHPL,2026-10-01,266.4,273.0,3760
DLBS,2026-10-01,1180.0,1146.9,384
DOLTI,2026-10-01,295.0,308.0,34958
DORDI,2026-10-01,258.2,260.4,54282
ECL,2026-10-01,1274.0,1266.0,8462
SANVI,2026-10-01,525.0,520.0,26070
NBLD87,2026-10-01,1100.0,1100.3,75
EDBL,2026-10-01,581.0,575.0,2885
EHPL,2026-10-01,332.0,318.0,8149
ENL,2026-10-01,490.0,517.0,154870
FMDBL,2026-10-01,744.0,738.9,8147
FOWAD,2026-10-01,875.0,876.0,1880
GBBL,2026-10-01,409.0,402.6,73487
GBILD86/87,2026-10-01,1122.7,1122.7,25
SICL,2026-10-01,540.0,540.1,3164
CYCL,2026-10-01,1501.0,1524.9,5801
GFCL,2026-10-01,568.0,562.0,3712
GMFIL,2026-10-01,426.0,412.1,1800
GRDBL,2026-10-01,939.0,928.0,12542
EBL,2026-10-01,698.0,696.2,53726
GSY,2026-10-01,9.01,9.11,7850
GIBF1,2026-10-01,10.21,10.0,20300
GILB,2026-10-01,1110.0,1112.0,390
GLBSL,2026-10-01,1695.0,1680.0,386
GLH,2026-10-01,279.8,279.8,130960
GMFBS,2026-10-01,1080.0,1090.0,106
GBLBS,2026-10-01,660.0,672.0,803
HDL,2026-10-01,1292.0,1286.0,78978
CZBIL,2026-10-01,210.1,212.5,52268
GUFL,2026-10-01,493.5,497.2,13316
CSY,2026-10-01,8.75,8.5,12330
GVL,2026-10-01,496.0,492.0,15905
H8020,2026-10-01,11.0,11.04,59065
HATHY,2026-10-01,434.0,455.0,484743
HBL,2026-10-01,193.0,193.3,54941
HDHPC,2026-10-01,221.8,223.5,483139
MKHC,2026-10-01,247.0,254.0,10251
CCBD88,2026-10-01,1200.0,1200.0,16
NBF2,2026-10-01,9.23,9.23,200
MFIL,2026-10-01,731.0,749.9,45204
JBBL,2026-10-01,345.0,344.9,6901
HPPL,2026-10-01,359.9,379.9,64896
HEIP,2026-10-01,322.0,326.0,500
HFIN,2026-10-01,584.0,581.9,17768
HIDCL,2026-10-01,254.0,250.0,39784
HIDCLP,2026-10-01,187.0,188.3,42924
HIMSTAR,2026-10-01,623.9,624.0,3455
HLBSL,2026-10-01,870.0,879.9,224
HLI,2026-10-01,302.0,304.0,16940
HLICF,2026-10-01,8.2,8.33,700
HRL,2026-10-01,501.0,500.4,61646
ILI,2026-10-01,422.5,422.1,9276
ICFC,2026-10-01,592.1,593.0,4790
JBBLPO,2026-10-01,179.0,179.0,23498
ICFCD83,2026-10-01,1085.0,1055.0,15
ICFCD88,2026-10-01,1130.1,1130.1,25
ICFCD89,2026-10-01,1110.0,1107.1,930
IGI,2026-10-01,385.3,386.6,9275
IHL,2026-10-01,321.0,319.8,4994
LSD92,2026-10-01,1150.0,1130.0,113680
HURJA,2026-10-01,259.0,260.0,226689
LEC,2026-10-01,254.8,252.3,374816
KBSH,2026-10-01,795.2,808.0,2694
BNHC,2026-10-01,274.0,274.0,7863
JBLB,2026-10-01,1275.0,1278.0,2802
JFL,2026-10-01,270.0,280.0,11151
KHPL,2026-10-01,662.3,669.0,3020
JSLBB,2026-10-01,947.9,953.4,197
KAHL,2026-10-01,470.0,467.0,14541
KBL,2026-10-01,223.9,225.0,231215
KBLD89,2026-10-01,1339.7,1350.0,1395
KDBY,2026-10-01,9.96,10.09,11849
LBBL,2026-10-01,473.0,478.0,16187
KDL,2026-10-01,570.0,572.9,15613
KEF,2026-10-01,9.24,9.35,4350
KKHC,2026-10-01,283.7,272.3,53377
JHAPA,2026-10-01,1010.0,1017.0,1545
KMCDB,2026-10-01,811.9,806.0,3201
KPCL,2026-10-01,468.0,453.0,11371
KSBBL,2026-10-01,449.6,449.0,22045
KSY,2026-10-01,8.89,9.0,811
ILBS,2026-10-01,905.0,947.9,1316
LICN,2026-10-01,789.8,780.0,15080
LLBS,2026-10-01,811.1,818.1,688
MBL,2026-10-01,249.0,251.9,87576
MBLD87,2026-10-01,1094.2,1094.2,11
MNBBL,2026-10-01,330.0,331.0,20082
MHL,2026-10-01,445.0,445.0,4073
MABEL,2026-10-01,562.0,561.9,3725
MAKAR,2026-10-01,410.0,409.0,36030
MANDU,2026-10-01,746.0,751.1,9107
MATRI,2026-10-01,720.0,721.1,257
MBJC,2026-10-01,294.0,293.7,83477
MCHL,2026-10-01,266.0,273.9,2498
HHL,2026-10-01,347.0,346.6,27731
MHCL,2026-10-01,284.0,286.0,6448
MDB,2026-10-01,558.0,557.0,9201
MBLEF,2026-10-01,9.0,9.09,600
MEHL,2026-10-01,258.0,259.8,45601
MEL,2026-10-01,211.0,210.0,44139
MEN,2026-10-01,604.2,638.0,70019
MEPDL,2026-10-01,625.0,627.0,12580
MERO,2026-10-01,600.0,591.0,4989
LSL,2026-10-01,252.6,258.0,504687
LUK,2026-10-01,9.2,9.3,2321
LSH12,2026-10-01,9.0,9.0,1700
MMF1,2026-10-01,8.95,8.75,6900
MMKJL,2026-10-01,352.0,369.0,19195
MKHL,2026-10-01,490.0,499.0,2631
MKCL,2026-10-01,820.0,847.0,756
MKJC,2026-10-01,341.0,338.0,37391
MLBBL,2026-10-01,943.0,951.9,1790
MLBL,2026-10-01,352.5,355.0,11255
MLBS,2026-10-01,972.0,981.5,139
MLBSL,2026-10-01,1105.0,1081.0,330
MNMF1,2026-10-01,8.92,8.95,4299
NADEP,2026-10-01,674.0,683.0,2482
LVF2,2026-10-01,9.15,9.15,500
MPFL,2026-10-01,585.0,584.8,8223
MHNL,2026-10-01,254.2,257.0,22930
MSHL,2026-10-01,540.0,535.2,12092
MSLB,2026-10-01,1171.6,1194.0,223
NABBC,2026-10-01,711.0,713.0,12345
NABIL,2026-10-01,531.0,528.5,73656
NABILD2089,2026-10-01,1080.0,1077.0,45
NBF3,2026-10-01,9.16,9.16,8569
SAPDBL,2026-10-01,619.7,600.0,10277
SAIL,2026-10-01,1013.2,978.8,14652
NHPC,2026-10-01,263.9,261.6,199421
NIMB,2026-10-01,191.0,192.0,109442
NIL,2026-10-01,528.0,525.3,5253
NIFRA,2026-10-01,247.0,245.7,59444
NMB,2026-10-01,254.0,255.5,107408
NICD88,2026-10-01,1117.5,1117.5,500
NFS,2026-10-01,483.0,480.0,3504
NGPL,2026-10-01,398.1,396.7,98514
NHDL,2026-10-01,627.0,635.0,3210
NIBLGF,2026-10-01,8.73,8.81,1775
OHL,2026-10-01,625.0,623.0,225
NIBLSTF,2026-10-01,8.41,8.46,17560
NIBSF2,2026-10-01,8.63,8.63,100
NICA,2026-10-01,312.0,313.4,41683
NIMBPO,2026-10-01,140.7,143.9,8125
NLG,2026-10-01,505.0,502.9,7159
NICFC,2026-10-01,8.92,8.98,5550
NICGF2,2026-10-01,8.76,8.88,2400
NICL,2026-10-01,440.2,446.0,1590
NICAD2091,2026-10-01,1086.0,1086.0,50
NYADI,2026-10-01,345.0,347.4,3061
NICSF,2026-10-01,8.31,8.5,5490
NMFBS,2026-10-01,1182.0,1195.0,4491
NESDO,2026-10-01,1335.0,1339.0,732
SAHAS,2026-10-01,680.0,688.0,70766
NRIC,2026-10-01,800.1,803.0,12529
NLIC,2026-10-01,727.0,727.9,12131
SANIMA,2026-10-01,362.0,363.0,50305
NSIF2,2026-10-01,9.91,10.09,4674
NMBHF2,2026-10-01,8.75,8.93,700
NMBMF,2026-10-01,586.1,592.1,766
NMIC,2026-10-01,778.0,796.0,1549
NWCL,2026-10-01,585.0,579.2,2591
NMLBBL,2026-10-01,495.0,507.7,24280
NRM,2026-10-01,280.7,290.0,6286
SAGF,2026-10-01,9.4,9.4,300
NRN,2026-10-01,1350.0,1382.0,23226
NSY,2026-10-01,8.84,8.91,2900
NLICL,2026-10-01,552.1,569.9,4692
NTC,2026-10-01,910.0,906.1,9215
NUBL,2026-10-01,597.0,591.3,1510
NICLBSL,2026-10-01,512.5,508.0,1881
OMPL,2026-10-01,855.0,856.9,6984
PSF,2026-10-01,10.84,10.9,5625
PHCL,2026-10-01,323.8,340.5,430430
RAWA,2026-10-01,411.1,412.0,8843
RADHI,2026-10-01,725.0,712.9,75144
PMLIP,2026-10-01,232.0,232.0,1300
PBLD84,2026-10-01,1095.0,1095.0,50
PCBL,2026-10-01,259.8,261.0,156981
PRIN,2026-10-01,590.0,590.0,5275
PROFL,2026-10-01,389.0,386.0,2528
PFL,2026-10-01,337.0,339.0,10152
PMHPL,2026-10-01,300.0,300.0,8195
SAGAR,2026-10-01,1577.0,1590.0,2202
PMLI,2026-10-01,416.0,419.3,7478
VLUCL,2026-10-01,376.0,379.9,14462
PURE,2026-10-01,780.0,786.8,2645
PPCL,2026-10-01,314.5,333.0,10830
PPL,2026-10-01,302.1,325.1,33891
PRSF,2026-10-01,11.89,12.03,24800
RSY2,2026-10-01,8.7,8.85,58240
RFPL,2026-10-01,326.8,332.1,11013
RBBD2088,2026-10-01,1071.0,1103.0,195
SAEF2,2026-10-01,9.0,9.02,5700
PBD85,2026-10-01,1115.0,1115.0,865
RLFL,2026-10-01,410.0,416.1,10359
PBD88,2026-10-01,1185.0,1181.0,35
PBD93,2026-10-01,1070.0,1131.0,19411
RBBF40,2026-10-01,8.91,9.0,3900
PCIL,2026-10-01,600.0,617.2,31435
RHGCL,2026-10-01,255.5,260.0,9144
RIDI,2026-10-01,339.0,338.0,124749
SALICO,2026-10-01,530.0,528.1,2620
RLEL,2026-10-01,730.0,740.9,9943
RMF1,2026-10-01,9.01,9.01,5550
SADBL,2026-10-01,391.2,393.9,23871
RMF2,2026-10-01,9.46,9.22,2100
RNLI,2026-10-01,435.2,437.8,11333
RSDC,2026-10-01,612.0,616.0,2287
RSML,2026-10-01,2701.0,2739.9,54374
RSY,2026-10-01,9.4,9.28,500
RURU,2026-10-01,579.1,607.0,10193
RHPL,2026-10-01,166.4,168.0,35903
SABBL,2026-10-01,842.0,850.0,6284
SIGS3,2026-10-01,10.35,10.34,1670
SWMF,2026-10-01,600.9,607.8,2585
SWBBL,2026-10-01,697.3,695.1,4871
SBID89,2026-10-01,1145.0,1145.0,25
SHPC,2026-10-01,531.0,531.0,40120
SCB,2026-10-01,659.0,661.0,6880
JOSHI,2026-10-01,264.9,262.4,15156
UNHPL,2026-10-01,354.0,358.0,12422
SFEF,2026-10-01,8.96,9.0,10100
SBD87,2026-10-01,1093.0,1093.0,30
SBI,2026-10-01,402.0,403.0,9820
SBID2090,2026-10-01,1125.0,1125.0,50
SBL,2026-10-01,457.0,459.9,666560
SWASTIK,2026-10-01,1790.0,1761.0,147
SEF2,2026-10-01,8.92,9.02,5240
SHINED,2026-10-01,1125.0,1125.0,25
SHIVM,2026-10-01,685.0,685.0,134118
SFMF,2026-10-01,9.11,9.11,1000
SARBTM,2026-10-01,814.0,816.0,17433
SGHC,2026-10-01,289.0,294.0,24962
SGHL,2026-10-01,471.0,471.9,29410
SGIC,2026-10-01,380.0,385.8,4144
SMJC,2026-10-01,405.0,404.5,12138
SBCF,2026-10-01,9.01,9.19,1600
SMH,2026-10-01,502.0,508.4,6528
SMFBS,2026-10-01,1371.0,1330.1,406
SKBBL,2026-10-01,769.0,763.0,4990
SEF,2026-10-01,9.75,9.6,2500
ACLBSL,2026-10-01,870.0,872.0,337
SLBBL,2026-10-01,816.0,823.9,5276
SIKLES,2026-10-01,564.0,563.5,4685
SINDU,2026-10-01,422.7,489.9,73156
SIPD,2026-10-01,532.0,560.3,16783
SJCL,2026-10-01,239.0,242.0,12767
SJLIC,2026-10-01,411.2,419.0,5558
SKHEL,2026-10-01,804.0,806.0,1547
SMPDA,2026-10-01,732.2,722.1,1072
SKHL,2026-10-01,715.0,718.0,5543
SLBSL,2026-10-01,895.0,885.0,480
SHL,2026-10-01,510.0,509.8,20385
SLCF,2026-10-01,9.02,9.12,6150
SMATA,2026-10-01,673.0,685.0,2293
SMB,2026-10-01,1844.5,1801.0,526
SHEL,2026-10-01,298.0,299.9,93463
SHINE,2026-10-01,394.4,396.6,41622
SMHL,2026-10-01,469.0,470.4,42858
SHLB,2026-10-01,1227.6,1277.2,140
SOHL,2026-10-01,638.0,630.0,138798
TAMOR,2026-10-01,520.0,526.7,87294
SNLI,2026-10-01,433.6,412.7,13138
SPIL,2026-10-01,605.4,608.0,3641
RBCL,2026-10-01,13999.0,13801.0,61
TTL,2026-10-01,670.0,673.0,8899
TPC,2026-10-01,352.0,359.0,12450
SONA,2026-10-01,420.0,420.0,157977
SOPL,2026-10-01,683.0,662.1,57350
SPC,2026-10-01,393.0,388.6,11553
SPDL,2026-10-01,362.2,347.8,25878
SPHL,2026-10-01,551.0,524.0,21299
SPL,2026-10-01,571.1,591.8,2080
SYPNL,2026-10-01,1350.0,1374.0,102922
SRLI,2026-10-01,368.0,369.1,8522
SRLIP,2026-10-01,196.0,196.0,18199
SRBLD83,2026-10-01,1025.0,1031.0,1000
SSHL,2026-10-01,208.9,208.6,215602
STC,2026-10-01,5555.5,5555.9,48
VLBS,2026-10-01,610.0,617.5,3549
USLB,2026-10-01,1138.0,1150.0,4095
USHL,2026-10-01,507.0,515.0,1598
ULHC,2026-10-01,352.0,350.0,3295
TSHL,2026-10-01,337.0,341.5,1971
UMRH,2026-10-01,506.2,511.0,2746
SNORL,2026-10-01,853.0,843.9,22348
TVCL,2026-10-01,308.0,290.0,7262
UNLB,2026-10-01,1239.0,1220.0,50
UAIL,2026-10-01,367.0,365.2,13280
UHEWA,2026-10-01,584.0,586.0,7682
ULBSL,2026-10-01,2521.9,2544.0,537
PRVU,2026-10-01,185.0,187.0,87890
USHEC,2026-10-01,508.0,495.5,3264
UMHL,2026-10-01,552.5,551.8,26528
UNL,2026-10-01,49100.0,49100.0,30
SAPIL,2026-10-01,1280.0,1279.0,42121
TRH,2026-10-01,817.0,802.3,432
UPCL,2026-10-01,333.0,333.9,20187
TPKHL,2026-10-01,489.0,488.0,12032
UPPER,2026-10-01,190.0,191.0,79989
MKHL,2026-09-30,491.0,500.0,1769
NCCD86,2026-09-30,1138.0,1150.0,525
LBBL,2026-09-30,475.0,474.0,23437
KSY,2026-09-30,9.0,9.0,100
KEF,2026-09-30,9.45,9.23,1150
KDL,2026-09-30,567.0,565.4,14402
YMHL,2026-09-30,524.0,512.0,19557
SINDU,2026-09-30,369.6,444.9,33410
GUFL,2026-09-30,495.0,496.1,4850
ALICL,2026-09-30,426.0,424.6,8222
GLBSL,2026-09-30,1690.0,1690.0,375
BEDC,2026-09-30,294.3,298.4,13667
GMFBS,2026-09-30,1076.0,1080.0,58
APHL,2026-09-30,625.0,617.1,6294
BHCL,2026-09-30,560.0,570.0,107903
API,2026-09-30,335.0,335.0,202391
BANDIPUR,2026-09-30,621.0,622.0,10367
ADBL,2026-09-30,307.5,307.5,83834
BARUN,2026-09-30,326.0,327.0,24334
BBC,2026-09-30,4100.0,4063.0,160
BFC,2026-09-30,446.2,443.0,10458
GVL,2026-09-30,485.5,494.0,34922
BGWT,2026-09-30,470.0,479.0,4525
CREST,2026-09-30,1144.5,1089.0,3677
CYCL,2026-09-30,1501.0,1516.9,7829
HEIP,2026-09-30,317.2,317.2,500
BHDC,2026-09-30,423.0,425.2,6381
GHL,2026-09-30,248.0,271.5,1482606
ALBSL,2026-09-30,1170.0,1189.0,16883
AVYAN,2026-09-30,1028.2,1038.2,305
GRDBL,2026-09-30,918.0,935.0,10725
ANLB,2026-09-30,4940.0,4934.8,323
DLBS,2026-09-30,1080.2,1140.0,1508
ENL,2026-09-30,458.9,480.0,62449
AKPL,2026-09-30,249.2,250.7,44233
CITY,2026-09-30,343.9,343.0,42038
CBLD88,2026-09-30,1237.0,1232.0,85
NESDO,2026-09-30,1295.5,1339.1,488
CGH,2026-09-30,771.0,765.0,2065
CHDC,2026-09-30,2394.8,2378.0,20321
CSY,2026-09-30,8.35,8.75,10585
ACLBSL,2026-09-30,866.1,870.0,673
CHL,2026-09-30,263.0,262.0,19104
CIT,2026-09-30,1791.0,1739.9,3538
CKHL,2026-09-30,539.0,535.0,1557
AKJCL,2026-09-30,354.0,350.0,136582
CLI,2026-09-30,435.9,437.0,8021
CORBL,2026-09-30,760.0,737.9,17966
BHPL,2026-09-30,436.0,437.0,4389
CHCL,2026-09-30,350.0,348.8,65175
CZBIL,2026-09-30,212.0,212.8,66284
AHPC,2026-09-30,253.4,253.9,84337
MEPDL,2026-09-30,625.3,630.0,11566
GLH,2026-09-30,270.0,276.8,114293
SIKLES,2026-09-30,560.0,563.0,2707
GBBL,2026-09-30,414.0,406.6,121599
GMLI,2026-09-30,941.0,949.0,491
EDBL,2026-09-30,573.0,574.9,1031
GBIMESY2,2026-09-30,9.01,9.14,4400
FMDBL,2026-09-30,760.0,743.9,5447
KBL,2026-09-30,230.0,223.9,204277
DHEL,2026-09-30,537.0,528.0,8834
FOWAD,2026-09-30,893.0,870.1,2718
GBBD85,2026-09-30,1055.0,1055.0,25
GBILD84/85,2026-09-30,1150.0,1150.0,400
SHL,2026-09-30,510.2,509.1,19199
GBIME,2026-09-30,230.1,243.5,156168
NBLD85,2026-09-30,1040.0,1040.0,50
NBL,2026-09-30,295.0,294.7,157573
SARBTM,2026-09-30,821.0,814.0,15106
SHPC,2026-09-30,520.0,529.6,254452
SICL,2026-09-30,548.0,541.0,4150
NICBF,2026-09-30,8.8,9.0,31000
SIGS2,2026-09-30,9.55,9.65,10200
EBL,2026-09-30,696.1,696.0,26448
EHPL,2026-09-30,321.0,317.0,2453
ECL,2026-09-30,1270.0,1275.0,14322
GMFIL,2026-09-30,406.0,416.0,1770
HBL,2026-09-30,190.0,193.1,27740
DORDI,2026-09-30,256.1,261.0,16220
HDL,2026-09-30,1261.0,1292.0,106521
GSY,2026-09-30,9.01,9.0,4000
GCIL,2026-09-30,390.0,396.0,27462
H8020,2026-09-30,11.05,10.94,18717
DDBL,2026-09-30,848.0,846.9,6710
HATHY,2026-09-30,420.0,429.0,235078
GIBF1,2026-09-30,10.31,10.16,44282
HDHPC,2026-09-30,218.0,218.0,240203
EBLD85,2026-09-30,1120.0,1120.0,25
HEI,2026-09-30,460.0,454.8,13148
DOLTI,2026-09-30,300.0,295.0,18662
GFCL,2026-09-30,561.7,563.1,3752
GBLBS,2026-09-30,662.1,665.0,1351
GILB,2026-09-30,1100.0,1109.0,1704
DHPL,2026-09-30,275.0,266.4,1143
CBBL,2026-09-30,945.0,947.0,9167
C30MF,2026-09-30,9.1,9.22,12920
KBSH,2026-09-30,816.0,798.0,2123
BNHC,2026-09-30,272.0,274.6,10725
MKJC,2026-09-30,321.0,342.0,124799
HIDCLP,2026-09-30,190.9,187.3,98109
BUNGAL,2026-09-30,515.0,500.3,8586
BPCL,2026-09-30,660.0,659.9,19220
HPPL,2026-09-30,377.0,378.0,33149
HRL,2026-09-30,501.0,501.0,26463
HURJA,2026-09-30,258.6,256.0,65519
ICFCD83,2026-09-30,1082.0,1085.0,56
IGI,2026-09-30,388.0,387.9,727
LVF2,2026-09-30,8.9,9.15,200
IHL,2026-09-30,314.5,316.3,6280
BJHL,2026-09-30,610.0,599.0,8053
ILBS,2026-09-30,900.0,944.8,4847
ILI,2026-09-30,420.0,422.5,4432
JBBL,2026-09-30,345.0,345.5,11533
JBLB,2026-09-30,1290.0,1282.0,2261
JFL,2026-09-30,270.0,276.0,4515
LUK,2026-09-30,9.04,9.3,2420
JSLBB,2026-09-30,975.0,945.8,149
MSLB,2026-09-30,1163.1,1200.0,470
HLICF,2026-09-30,8.5,8.33,1400
HIMSTAR,2026-09-30,628.0,623.9,4681
LBLD88,2026-09-30,1133.0,1133.0,30
JHAPA,2026-09-30,1002.0,1010.0,3180
HLI,2026-09-30,300.9,302.0,14389
HLBSL,2026-09-30,887.0,875.0,245
LICN,2026-09-30,789.1,783.0,20077
KKHC,2026-09-30,268.4,270.2,205795
KMCDB,2026-09-30,835.0,811.9,3733
KPCL,2026-09-30,460.0,457.0,33239
KSBBL,2026-09-30,450.0,449.6,17940
ICFC,2026-09-30,590.1,591.1,4727
MPFL,2026-09-30,574.1,584.1,9061
JOSHI,2026-09-30,262.1,261.0,3843
LEC,2026-09-30,249.3,252.8,548535
LLBS,2026-09-30,844.0,827.0,1026
ICFCD89,2026-09-30,1100.0,1100.0,125
LSD92,2026-09-30,1120.0,1112.0,16798
LSH12,2026-09-30,8.9,9.0,1600
LSL,2026-09-30,252.0,253.5,463181
KAHL,2026-09-30,446.6,469.9,16139
MLBL,2026-09-30,359.0,356.7,10801
MABEL,2026-09-30,563.0,562.0,2102
MLBS,2026-09-30,973.0,998.0,227
HHL,2026-09-30,341.0,350.0,95223
BNT,2026-09-30,11900.0,11900.0,10
MFIL,2026-09-30,771.0,748.9,17391
MMF1,2026-09-30,8.75,8.75,6500
MHCL,2026-09-30,283.1,282.0,7639
MDB,2026-09-30,574.6,559.0,9385
MEHL,2026-09-30,254.8,258.0,38335
MEN,2026-09-30,640.0,636.0,103757
MERO,2026-09-30,599.0,599.9,5597
MANDU,2026-09-30,751.0,745.1,13734
MBL,2026-09-30,251.9,247.8,76368
MFILPO,2026-09-30,365.0,335.0,539733
BHL,2026-09-30,213.0,210.2,101891
MHL,2026-09-30,450.0,447.9,11115
MBLEF,2026-09-30,9.07,9.07,10200
MHNL,2026-09-30,252.0,257.0,9300
MKCL,2026-09-30,830.0,830.0,492
HIDCL,2026-09-30,251.5,252.0,26388
CFCL,2026-09-30,561.0,572.0,70213
MCHL,2026-09-30,265.9,274.0,1394
MKHC,2026-09-30,248.5,253.0,6611
SIGS3,2026-09-30,10.2,10.33,3980
MAKAR,2026-09-30,403.1,410.6,55155
MLBSL,2026-09-30,1090.0,1100.0,507
MMKJL,2026-09-30,357.0,343.0,2555
NABILD87,2026-09-30,1134.0,1166.9,55
MNBBL,2026-09-30,334.0,330.0,25794
MNMF1,2026-09-30,9.1,9.19,1701
MSHL,2026-09-30,530.0,540.0,14306
NABBC,2026-09-30,741.0,727.9,11548
MEL,2026-09-30,215.0,210.0,12617
NABIL,2026-09-30,538.0,530.7,96214
HFIN,2026-09-30,602.0,584.0,22443
NABILD2089,2026-09-30,1080.0,1080.0,115
NADEP,2026-09-30,660.0,666.2,239
MBJC,2026-09-30,289.4,297.0,30641
NBF2,2026-09-30,9.21,9.48,2200
NBF3,2026-09-30,9.06,9.16,5410
MLBBL,2026-09-30,978.0,962.0,793
MLBLD89,2026-09-30,1325.0,1325.0,25
MATRI,2026-09-30,715.0,726.0,426
SHIVM,2026-09-30,691.0,684.5,222436
KHPL,2026-09-30,678.5,661.0,5116
NMBMF,2026-09-30,609.9,594.0,1192
SABBL,2026-09-30,869.0,850.2,4072
NGPL,2026-09-30,401.0,396.1,78402
NHPC,2026-09-30,262.0,260.0,91812
NIBLGF,2026-09-30,8.73,8.71,272780
NIBLSTF,2026-09-30,8.41,8.63,67400
NIBSF2,2026-09-30,8.5,8.57,27010
NICA,2026-09-30,313.0,312.0,46858
NICAD85/86,2026-09-30,1153.6,1135.0,67
NIMBPO,2026-09-30,144.0,143.0,1200
PBLD84,2026-09-30,1100.0,1100.0,755
NICFC,2026-09-30,8.92,8.93,1500
NICGF2,2026-09-30,8.72,8.99,3102
NICL,2026-09-30,448.0,445.0,4222
NICLBSL,2026-09-30,508.0,503.9,4972
NICSF,2026-09-30,8.6,8.32,4300
NIFRA,2026-09-30,251.0,247.0,55636
NIL,2026-09-30,529.0,528.6,1920
SAPDBL,2026-09-30,556.7,590.2,19285
PBD93,2026-09-30,1120.0,1100.0,4272
NHDL,2026-09-30,642.9,643.0,2486
PCBL,2026-09-30,261.5,258.2,86554
RSY2,2026-09-30,8.9,8.82,18400
NICAP,2026-09-30,179.0,179.0,30
NMBHF2,2026-09-30,8.81,9.01,26950
SCB,2026-09-30,628.0,659.0,8041
SIPD,2026-09-30,514.0,538.0,9809
NMIC,2026-09-30,819.0,798.1,2658
NMLBBL,2026-09-30,481.6,495.0,2632
NLIC,2026-09-30,734.0,727.8,14114
SANIMA,2026-09-30,363.0,363.5,57486
NLICL,2026-09-30,562.0,568.0,18619
NSIF2,2026-09-30,9.95,10.09,8871
NSY,2026-09-30,8.8,9.0,1200
NTC,2026-09-30,920.0,910.0,11066
NUBL,2026-09-30,599.9,597.0,3554
NWCL,2026-09-30,577.2,588.0,1285
NYADI,2026-09-30,340.0,349.0,661
OHL,2026-09-30,621.1,625.0,555
OMPL,2026-09-30,860.0,852.0,2742
NLG,2026-09-30,518.0,505.0,4814
NRN,2026-09-30,1340.0,1380.0,30789
NRIC,2026-09-30,805.0,806.0,7239
PRIN,2026-09-30,595.0,590.0,3864
RFPL,2026-09-30,330.0,330.0,15469
PFL,2026-09-30,337.0,336.5,12999
PHCL,2026-09-30,320.2,333.8,685772
PMHPL,2026-09-30,300.0,302.0,9053
PMLI,2026-09-30,418.0,422.0,2930
PPCL,2026-09-30,339.0,331.0,4753
PPL,2026-09-30,301.0,318.0,11057
PROFL,2026-09-30,392.0,385.0,4107
RHPL,2026-09-30,167.0,168.0,32156
RIDI,2026-09-30,341.1,339.0,289391
PSF,2026-09-30,10.82,10.82,4350
PURE,2026-09-30,779.9,794.7,4485
RADHI,2026-09-30,724.0,720.0,18615
RAWA,2026-09-30,411.0,412.0,8839
RBBF40,2026-09-30,8.91,8.91,1400
RBCL,2026-09-30,13999.4,14000.0,207
AHL,2026-09-30,385.1,378.1,760
PRVU,2026-09-30,185.0,185.3,63255
SADBL,2026-09-30,392.0,391.7,29318
RHGCL,2026-09-30,258.2,259.8,31586
PRSF,2026-09-30,11.86,11.88,8100
PCIL,2026-09-30,620.6,616.3,20859
RMF2,2026-09-30,9.41,9.19,8000
RNLI,2026-09-30,439.8,438.2,21012
RSDC,2026-09-30,625.0,615.0,2963
RSML,2026-09-30,2788.0,2738.9,34557
RSY,2026-09-30,9.44,9.45,500
RURU,2026-09-30,580.0,589.0,1520
SIFC,2026-09-30,455.9,479.0,14333
RLEL,2026-09-30,729.0,717.0,19843
RLFL,2026-09-30,396.8,416.0,7302
SAEF2,2026-09-30,8.98,9.04,2900
SAGAR,2026-09-30,1569.1,1578.0,9802
SAGF,2026-09-30,9.49,9.41,400
SAHAS,2026-09-30,689.0,689.0,75679
SAIL,2026-09-30,964.0,965.0,10784
SALICO,2026-09-30,530.0,530.0,1882
RMF1,2026-09-30,8.9,8.99,2580
NIMB,2026-09-30,182.1,191.0,55008
NMB,2026-09-30,252.2,254.3,63153
SBID89,2026-09-30,1145.0,1145.0,15
SBID2090,2026-09-30,1105.0,1125.0,375
SBL,2026-09-30,458.0,455.4,325748
SBLD89,2026-09-30,1250.0,1250.0,375
SBLPO,2026-09-30,250.0,250.0,38906
NMFBS,2026-09-30,1195.0,1181.2,4737
SEF,2026-09-30,9.55,9.75,35101
SHINE,2026-09-30,398.0,396.9,29660
SEF2,2026-09-30,8.91,9.1,5490
NFS,2026-09-30,480.0,480.0,2931
SFEF,2026-09-30,8.92,8.92,24945
SFMF,2026-09-30,9.1,9.1,7000
SGHC,2026-09-30,295.0,289.1,42711
SGHL,2026-09-30,470.0,473.9,44499
SGIC,2026-09-30,387.0,382.7,8157
SHEL,2026-09-30,297.0,296.7,52131
SMHL,2026-09-30,467.0,466.0,33593
SMJC,2026-09-30,400.3,403.0,7835
UNHPL,2026-09-30,355.0,359.8,23898
UAIL,2026-09-30,361.1,366.3,20896
SHINED,2026-09-30,1110.0,1125.0,225
ULBSL,2026-09-30,2465.1,2529.0,373
SBCF,2026-09-30,9.0,9.27,31516
UHEWA,2026-09-30,555.0,584.0,7272
SJCL,2026-09-30,240.0,239.0,7890
SJLIC,2026-09-30,414.0,418.4,9640
SKBBL,2026-09-30,770.0,766.0,6318
SKHEL,2026-09-30,810.0,804.0,2177
SKHL,2026-09-30,712.1,715.0,4796
SLBBL,2026-09-30,813.0,816.0,2599
SLBSL,2026-09-30,872.1,895.0,2575
SLCF,2026-09-30,9.03,9.27,5900
SMATA,2026-09-30,688.0,683.0,204
SMB,2026-09-30,1850.0,1831.0,1500
SMFBS,2026-09-30,1380.0,1405.0,52
SHLB,2026-09-30,1290.0,1245.1,150
SDBD87,2026-09-30,1115.0,1148.0,1
SBI,2026-09-30,400.2,400.0,11707
SMH,2026-09-30,519.9,504.0,7769
SCBD,2026-09-30,1080.0,1075.1,188
KDBY,2026-09-30,9.96,9.95,33950
TVCL,2026-09-30,285.0,294.0,4628
NLO,2026-09-30,279.4,279.4,60
SOHL,2026-09-30,630.1,638.0,124458
SOPL,2026-09-30,714.0,690.0,48619
SPC,2026-09-30,381.0,392.9,3026
SPDL,2026-09-30,347.0,345.0,22965
SPHL,2026-09-30,508.3,580.0,29647
TTL,2026-09-30,678.0,678.0,3985
SPIL,2026-09-30,603.0,609.0,2618
SRLI,2026-09-30,367.3,371.8,5762
SSHL,2026-09-30,209.6,205.8,114708
STC,2026-09-30,5630.0,5625.0,648
SWASTIK,2026-09-30,1766.0,1790.0,700
SWBBL,2026-09-30,695.1,700.0,4944
SWMF,2026-09-30,600.0,602.0,2989
SYPNL,2026-09-30,1393.3,1350.0,81025
TAMOR,2026-09-30,555.0,528.9,92805
SAPIL,2026-09-30,1225.5,1300.0,13758
NRM,2026-09-30,280.1,287.9,3340
SANVI,2026-09-30,540.0,530.0,18775
SONA,2026-09-30,418.9,420.0,187457
SNORL,2026-09-30,856.3,879.0,21480
USHEC,2026-09-30,506.9,494.0,38460
UPCL,2026-09-30,333.0,331.8,34568
SNLI,2026-09-30,412.0,413.0,12282
ULHC,2026-09-30,367.0,352.0,10705
UMHL,2026-09-30,550.1,550.5,22064
UMRH,2026-09-30,507.1,508.9,4661
UNL,2026-09-30,48800.0,49200.0,80
TRH,2026-09-30,829.0,812.5,8274
TPKHL,2026-09-30,485.1,489.0,15969
UPPER,2026-09-30,190.1,189.1,69049
UNLB,2026-09-30,1220.0,1244.9,30
USHL,2026-09-30,512.0,515.0,410
USLB,2026-09-30,1153.0,1150.0,3121
VLBS,2026-09-30,611.1,613.0,1871
VLUCL,2026-09-30,375.2,384.8,2933
TSHL,2026-09-30,341.6,342.8,8639
SMPDA,2026-09-30,721.0,732.2,2074
SPL,2026-09-30,571.0,588.0,687
TPC,2026-09-30,360.0,358.0,8557
KBLD90,2026-09-29,1460.0,1460.0,20000
NFS,2026-09-29,489.0,482.2,2047
UMHL,2026-09-29,552.0,550.1,28451
KBSH,2026-09-29,805.0,801.0,4647
GLH,2026-09-29,282.4,270.5,70769
SAGF,2026-09-29,9.4,9.78,1400
RBBD2088,2026-09-29,1070.0,1070.0,25
UAIL,2026-09-29,363.1,363.0,13757
PMLI,2026-09-29,416.1,422.0,4822
PRIN,2026-09-29,595.0,594.0,3895
ICFC,2026-09-29,620.0,589.9,9809
LBBLD89,2026-09-29,1310.0,1310.0,20
TPKHL,2026-09-29,490.0,490.0,23470
SAPIL,2026-09-29,1200.0,1290.0,21790
C30MF,2026-09-29,9.6,9.22,25999
RAWA,2026-09-29,412.2,413.0,9786
FOWAD,2026-09-29,885.0,893.0,2355
YMHL,2026-09-29,540.0,529.8,26450
HDL,2026-09-29,1323.0,1297.0,177373
MEN,2026-09-29,645.0,645.0,191425
AVYAN,2026-09-29,1030.0,1060.0,1650
CHDC,2026-09-29,2407.0,2385.0,24942
BHL,2026-09-29,220.8,210.4,95168
RADHI,2026-09-29,691.0,722.0,57818
PSF,2026-09-29,11.0,10.85,6483
AHPC,2026-09-29,262.0,253.5,110089
PRSF,2026-09-29,11.9,11.88,99300
CBBL,2026-09-29,954.0,945.0,24231
GBBLPO,2026-09-29,230.9,230.9,21306
BHPL,2026-09-29,424.0,448.0,4820
HHL,2026-09-29,341.0,340.0,37779
ADBL,2026-09-29,309.6,307.5,56260
API,2026-09-29,336.0,334.0,172286
AHL,2026-09-29,384.0,379.0,2262
KBL,2026-09-29,233.0,224.0,260299
AKPL,2026-09-29,254.7,252.0,40162
ALBSL,2026-09-29,1170.0,1189.0,18971
BBC,2026-09-29,3895.0,4012.0,570
CLI,2026-09-29,460.5,436.6,16337
CBLD88,2026-09-29,1202.0,1202.0,25
ULHC,2026-09-29,345.0,350.0,16601
CYCL,2026-09-29,1491.5,1547.0,10294
CSY,2026-09-29,8.5,8.6,13000
GUFL,2026-09-29,495.3,496.0,7025
GSY,2026-09-29,9.01,9.05,28007
BJHL,2026-09-29,612.2,610.0,4564
BEDC,2026-09-29,301.0,299.0,16221
BPCL,2026-09-29,665.0,660.0,22052
BFC,2026-09-29,440.0,446.0,9090
BNHC,2026-09-29,274.0,274.9,10893
CFCL,2026-09-29,580.0,567.0,31480
PURE,2026-09-29,781.0,794.0,6046
ULBSL,2026-09-29,2499.0,2524.8,411
NCCD86,2026-09-29,1117.0,1117.0,200
BNT,2026-09-29,11860.0,11900.0,40
BANDIPUR,2026-09-29,625.1,620.0,14513
BUNGAL,2026-09-29,505.0,502.0,9423
AKJCL,2026-09-29,361.0,350.7,169628
LSH12,2026-09-29,8.95,8.98,12140
ECL,2026-09-29,1260.0,1267.0,11562
SIGS2,2026-09-29,9.56,9.56,3150
BHCL,2026-09-29,546.3,569.9,30713
CZBIL,2026-09-29,215.0,214.7,60021
CIT,2026-09-29,1735.0,1737.6,3296
GHL,2026-09-29,245.0,253.0,247620
CITY,2026-09-29,344.1,343.7,57249
CKHL,2026-09-29,542.0,555.0,10651
CORBL,2026-09-29,819.0,759.7,20271
DLBS,2026-09-29,1120.0,1100.4,1219
BGWT,2026-09-29,480.0,482.5,15001
EBLD86,2026-09-29,1070.0,1070.0,25
MNMF1,2026-09-29,9.27,9.1,76700
GBLBS,2026-09-29,658.0,677.0,1858
GFCL,2026-09-29,563.0,565.0,3976
EBLEB89,2026-09-29,1070.1,1070.1,25
GCIL,2026-09-29,391.2,399.8,31960
EDBL,2026-09-29,572.0,573.0,36898
MMF1,2026-09-29,8.88,8.5,20200
MMKJL,2026-09-29,349.0,347.0,3869
SANVI,2026-09-29,545.0,543.9,11827
CHCL,2026-09-29,353.0,349.0,30219
DOLTI,2026-09-29,300.8,299.0,21937
GBBD85,2026-09-29,1065.0,1055.0,50
CHL,2026-09-29,255.3,256.0,12192
HFIN,2026-09-29,610.0,601.0,28464
APHL,2026-09-29,652.0,625.0,13643
GMFIL,2026-09-29,417.0,416.8,5864
GRDBL,2026-09-29,940.0,926.0,2818
DDBL,2026-09-29,846.1,848.0,4644
ENL,2026-09-29,471.2,483.0,124498
FMDBL,2026-09-29,760.0,745.0,4945
DORDI,2026-09-29,260.0,260.0,28556
EBL,2026-09-29,697.0,696.1,35668
HEI,2026-09-29,466.0,460.0,12219
BHDC,2026-09-29,425.0,423.1,4763
GMLI,2026-09-29,962.0,960.0,2031
ANLB,2026-09-29,4900.0,4943.9,468
DHEL,2026-09-29,535.0,527.0,23351
EHPL,2026-09-29,322.0,321.0,6947
DHPL,2026-09-29,266.1,271.0,2041
GIBF1,2026-09-29,10.01,10.28,10999
CGH,2026-09-29,761.1,769.9,6614
CREST,2026-09-29,1094.9,1090.0,4535
GLBSL,2026-09-29,1670.0,1719.9,224
GMFBS,2026-09-29,1078.0,1109.0,70
KMCDB,2026-09-29,830.0,814.9,2484
HLICF,2026-09-29,8.25,8.31,3550
BARUN,2026-09-29,346.5,326.0,36863
ALICL,2026-09-29,451.5,426.0,11430
MEHL,2026-09-29,239.4,254.8,45131
ILI,2026-09-29,422.1,423.0,6630
ILBS,2026-09-29,915.0,925.0,1600
IHL,2026-09-29,330.0,314.5,2737
HLBSL,2026-09-29,878.9,870.0,873
HATHY,2026-09-29,385.0,419.0,326694
HBL,2026-09-29,193.0,193.9,54342
KKHC,2026-09-29,270.0,270.2,51184
HDHPC,2026-09-29,206.7,216.8,124037
HIDCL,2026-09-29,250.2,251.5,48737
HIMSTAR,2026-09-29,625.09,628.5,1391
MKCL,2026-09-29,859.0,840.0,4585
ICFCD88,2026-09-29,1138.0,1128.0,50
HLI,2026-09-29,304.0,305.0,27526
IGI,2026-09-29,386.0,387.0,2370
MHCL,2026-09-29,280.0,283.0,3522
RBBF40,2026-09-29,8.77,8.92,2300
HURJA,2026-09-29,252.0,252.7,42547
JBBL,2026-09-29,343.0,348.0,34699
HPPL,2026-09-29,381.0,379.8,37157
MLBBL,2026-09-29,952.6,963.0,3418
GVL,2026-09-29,490.9,490.5,16345
JSLBB,2026-09-29,940.0,952.0,320
KAHL,2026-09-29,475.0,470.1,23831
PRVU,2026-09-29,185.0,185.1,93576
UNHPL,2026-09-29,365.0,356.5,8241
NABIL,2026-09-29,567.0,566.0,124425
JBLB,2026-09-29,1300.0,1284.0,3771
KEF,2026-09-29,9.46,9.47,20400
JFL,2026-09-29,285.9,277.0,11142
JHAPA,2026-09-29,1020.0,1016.0,4799
LUK,2026-09-29,9.3,9.3,200
H8020,2026-09-29,10.95,10.93,18064
KSBBL,2026-09-29,449.0,450.9,25627
KSY,2026-09-29,9.25,9.25,300
KDBY,2026-09-29,10.01,10.0,36100
KDL,2026-09-29,570.0,567.0,22504
KHPL,2026-09-29,693.0,678.5,5701
HRL,2026-09-29,503.0,501.0,60400
MFIL,2026-09-29,745.0,754.6,13008
LSL,2026-09-29,250.0,252.2,474493
GILB,2026-09-29,1125.0,1101.2,7536
JOSHI,2026-09-29,257.0,260.0,10457
LBLD88,2026-09-29,1100.0,1100.0,26
MDB,2026-09-29,571.0,563.0,2672
MEPDL,2026-09-29,641.0,634.9,20126
LLBS,2026-09-29,835.0,827.0,440
MEL,2026-09-29,222.7,213.5,12912
LSD92,2026-09-29,1077.0,1120.1,62593
MBJC,2026-09-29,290.0,291.9,29267
ICFCD89,2026-09-29,1088.7,1103.0,745
LVF2,2026-09-29,9.1,9.16,2600
SMH,2026-09-29,519.0,510.0,5244
MSLB,2026-09-29,1177.0,1190.0,1753
HIDCLP,2026-09-29,191.0,188.0,69851
MKHL,2026-09-29,486.0,496.9,4404
MANDU,2026-09-29,775.0,751.0,7460
MKHC,2026-09-29,268.8,253.0,10572
MATRI,2026-09-29,730.0,713.0,597
MHNL,2026-09-29,250.5,252.4,22613
KPCL,2026-09-29,465.5,464.0,3110
SBID2090,2026-09-29,1070.0,1122.7,900
MBLEF,2026-09-29,9.12,9.16,1000
NBLD82,2026-09-29,1023.4,1023.4,50
MABEL,2026-09-29,560.1,561.0,3690
MPFL,2026-09-29,590.0,581.4,8155
LEC,2026-09-29,244.0,247.6,222947
LICN,2026-09-29,789.0,789.0,11830
MLBL,2026-09-29,355.0,357.0,19876
MFILPO,2026-09-29,422.0,376.0,299850
MHL,2026-09-29,450.0,448.6,6861
MKJC,2026-09-29,308.8,324.9,34135
MBL,2026-09-29,250.0,250.0,202647
NBLD85,2026-09-29,1071.0,1071.0,50
MSHL,2026-09-29,528.0,535.0,26373
ICFCD83,2026-09-29,996.2,1056.0,110
MAKAR,2026-09-29,409.0,407.7,44440
MLBS,2026-09-29,993.3,1000.0,900
MERO,2026-09-29,601.0,599.0,1574
MLBSL,2026-09-29,1100.1,1090.0,1501
MCHL,2026-09-29,265.0,274.0,12758
MNBBL,2026-09-29,330.6,332.5,41705
LBBL,2026-09-29,480.1,476.7,12766
NSY,2026-09-29,8.8,8.96,4870
HEIP,2026-09-29,303.0,308.0,64
EBLD91,2026-09-29,1100.0,1100.0,25
NMB,2026-09-29,255.0,257.0,97465
NUBL,2026-09-29,590.0,587.8,1186
NBF2,2026-09-29,9.25,9.27,3000
NBL,2026-09-29,293.0,295.0,168055
OHL,2026-09-29,620.2,621.1,1030
GBBL,2026-09-29,458.0,456.0,329765
PROFL,2026-09-29,385.0,389.0,3798
GBIMESY2,2026-09-29,9.01,9.01,3200
NICAD2091,2026-09-29,1050.0,1076.5,75
NTC,2026-09-29,920.0,915.0,15961
NWCL,2026-09-29,590.1,586.0,2207
NHDL,2026-09-29,633.1,643.0,4319
NYADI,2026-09-29,348.0,342.0,4107
SWBBL,2026-09-29,700.0,699.0,5437
SYPNL,2026-09-29,1395.0,1327.0,31790
NICSF,2026-09-29,8.54,8.6,7900
NABBC,2026-09-29,703.6,741.0,25795
SAHAS,2026-09-29,695.0,689.0,82379
SLBBL,2026-09-29,808.5,813.0,1576
TVCL,2026-09-29,286.0,285.0,6801
NICA,2026-09-29,316.0,314.0,85125
SRLI,2026-09-29,389.7,372.9,40314
NSIF2,2026-09-29,9.91,9.9,24232
RHGCL,2026-09-29,260.5,263.0,28897
GBIME,2026-09-29,243.5,242.2,175894
RFPL,2026-09-29,330.0,330.0,14207
STC,2026-09-29,5477.0,5599.9,3492
NIBSF2,2026-09-29,8.54,8.76,13426
NLIC,2026-09-29,736.0,735.0,20401
NBF3,2026-09-29,8.95,9.1,2958
SWMF,2026-09-29,612.0,602.9,2539
NABILD2089,2026-09-29,1058.0,1100.0,55
NRN,2026-09-29,1400.0,1381.0,35280
SAIL,2026-09-29,969.1,964.7,14698
NLG,2026-09-29,501.1,503.0,9807
SWASTIK,2026-09-29,1803.0,1789.0,589
NIBD84,2026-09-29,1045.0,1069.0,50
NIMBPO,2026-09-29,140.1,140.1,25
OMPL,2026-09-29,868.0,858.9,6728
SABBL,2026-09-29,880.0,853.0,10892
SAGAR,2026-09-29,1600.0,1595.0,4341
PPCL,2026-09-29,331.0,330.0,5566
NMLBBL,2026-09-29,498.0,492.0,8985
NGPL,2026-09-29,398.0,400.0,88866
UMRH,2026-09-29,510.0,511.0,6747
NICAD85/86,2026-09-29,1120.0,1120.0,390
NMBMF,2026-09-29,600.0,599.9,668
RBCL,2026-09-29,13994.0,13996.0,100
NMBUR93/94,2026-09-29,881.0,895.0,50
NMIC,2026-09-29,800.1,806.0,1143
RURU,2026-09-29,592.0,587.3,2876
PBD93,2026-09-29,1124.3,1130.0,77663
ACLBSL,2026-09-29,873.0,869.1,1072
NRIC,2026-09-29,765.9,805.0,19771
NICBF,2026-09-29,9.04,9.04,1100
PBLD87,2026-09-29,1090.0,1100.0,50
NICFC,2026-09-29,8.92,9.15,1590
RSY2,2026-09-29,8.84,8.9,111220
RSML,2026-09-29,2785.0,2785.0,47527
UNL,2026-09-29,48000.0,48000.0,10
NHPC,2026-09-29,272.1,262.0,125389
SGIC,2026-09-29,386.0,384.0,5936
RBCLPO,2026-09-29,11514.0,11514.0,20
NIMBD90,2026-09-29,1180.0,1180.0,25
NMFBS,2026-09-29,1200.0,1196.0,2509
SANIMA,2026-09-29,365.0,363.4,66454
NMBHF2,2026-09-29,8.72,8.85,4390
RSDC,2026-09-29,625.0,615.0,3721
RNLI,2026-09-29,459.0,437.7,18750
PBD88,2026-09-29,1186.0,1186.0,65
PCBL,2026-09-29,261.8,260.0,224545
PFL,2026-09-29,344.1,341.9,11633
SADBL,2026-09-29,395.1,395.0,20689
PHCL,2026-09-29,318.0,320.1,214239
PMHPL,2026-09-29,309.0,301.7,6045
RSY,2026-09-29,9.31,9.5,7200
NICGF2,2026-09-29,8.91,8.69,800
PBD85,2026-09-29,1115.0,1115.0,23
NICL,2026-09-29,447.0,449.9,11207
PBLD84,2026-09-29,1100.0,1108.0,364
NICLBSL,2026-09-29,506.5,505.0,4915
SAEF2,2026-09-29,9.02,9.2,5900
PCIL,2026-09-29,623.0,620.6,26692
NIBLGF,2026-09-29,8.82,8.75,28610
NIBLSTF,2026-09-29,8.41,8.45,30550
SKHL,2026-09-29,718.0,720.0,4773
SBI,2026-09-29,404.0,402.7,10748
SARBTM,2026-09-29,810.0,817.0,20425
SIFC,2026-09-29,481.0,479.8,5662
UHEWA,2026-09-29,565.0,583.0,10543
RLEL,2026-09-29,730.0,729.0,6134
SHIVM,2026-09-29,693.0,690.1,250568
RLFL,2026-09-29,440.6,417.6,5151
RMF1,2026-09-29,9.11,8.91,2500
SONA,2026-09-29,420.0,419.5,67819
UPPER,2026-09-29,190.0,190.0,75054
NADEP,2026-09-29,670.0,679.0,621
SPL,2026-09-29,600.0,575.0,5786
SMATA,2026-09-29,681.0,688.0,2137
SLBSL,2026-09-29,893.0,899.0,1187
SHINED,2026-09-29,1110.0,1125.0,125
SHL,2026-09-29,514.0,513.4,27271
SHLB,2026-09-29,1252.0,1253.0,192
SOPL,2026-09-29,723.0,715.1,19746
NLICL,2026-09-29,568.8,566.0,13685
RMF2,2026-09-29,9.56,9.39,400
NRM,2026-09-29,279.1,282.0,5184
SBIBD86,2026-09-29,1105.0,1105.0,25
SBLPO,2026-09-29,250.0,250.0,110000
SCB,2026-09-29,664.6,661.0,9185
SEF,2026-09-29,9.84,9.6,12032
SLCF,2026-09-29,9.01,9.01,200
PPL,2026-09-29,304.0,315.9,15779
SICL,2026-09-29,544.0,544.0,21497
NBLD87,2026-09-29,1080.0,1112.4,50
SSHL,2026-09-29,207.0,204.9,77211
NESDO,2026-09-29,1329.0,1329.0,257
SALICO,2026-09-29,541.0,532.0,1216
SHEL,2026-09-29,305.0,298.2,25677
SMFBS,2026-09-29,1350.0,1400.0,865
SHINE,2026-09-29,407.5,398.0,37530
RIDI,2026-09-29,340.0,340.5,180928
PBD84,2026-09-29,1050.0,1050.0,25
RHPL,2026-09-29,177.5,167.6,36191
SMPDA,2026-09-29,730.0,740.0,1911
NIFRA,2026-09-29,250.0,252.0,116174
SIGS3,2026-09-29,10.2,10.2,3530
UPCL,2026-09-29,333.0,332.1,46090
SIKLES,2026-09-29,570.0,564.0,3175
SFEF,2026-09-29,8.92,9.0,2600
SNORL,2026-09-29,853.0,874.0,12981
SIPD,2026-09-29,563.0,541.0,23985
USHL,2026-09-29,510.0,509.9,1267
SJCL,2026-09-29,241.0,240.1,8101
SKBBL,2026-09-29,762.0,761.0,21359
VLUCL,2026-09-29,380.1,383.9,3052
SKHEL,2026-09-29,793.0,810.0,492
SEF2,2026-09-29,8.9,9.1,9650
SPIL,2026-09-29,602.1,610.0,18478
UNLB,2026-09-29,1227.0,1247.8,340
SMJC,2026-09-29,403.0,406.0,7374
USLB,2026-09-29,1092.5,1165.0,7480
SNLI,2026-09-29,437.7,412.9,14667
VLBS,2026-09-29,610.0,611.0,2392
NIMB,2026-09-29,192.0,191.6,115173
NIL,2026-09-29,522.2,524.9,8686
SBCF,2026-09-29,8.85,8.9,500
SAPDBL,2026-09-29,619.5,586.0,25987
SFMF,2026-09-29,9.1,9.2,2600
SBID89,2026-09-29,1145.0,1145.0,25
SMB,2026-09-29,1840.0,1830.0,1101
SINDU,2026-09-29,399.5,389.0,15840
SGHC,2026-09-29,299.5,295.0,16174
SPC,2026-09-29,400.0,390.0,3611
TPC,2026-09-29,360.0,357.7,9690
SPDL,2026-09-29,335.0,347.0,34591
SPHL,2026-09-29,488.0,535.0,27733
USHEC,2026-09-29,498.0,498.2,8086
TSHL,2026-09-29,341.5,349.2,3562
TAMOR,2026-09-29,558.0,533.9,156910
TTL,2026-09-29,672.1,678.9,5673
SGHL,2026-09-29,471.0,478.4,26292
SOHL,2026-09-29,631.1,633.6,83499
SMHL,2026-09-29,469.0,465.0,47141
TRH,2026-09-29,819.0,807.9,1673
SHPC,2026-09-29,532.0,530.9,63246
SJLIC,2026-09-29,408.0,416.9,12587
SBL,2026-09-29,457.0,457.4,363670
JHAPA,2026-09-28,1010.1,1020.0,2639
KDBY,2026-09-28,10.1,10.12,28000
KBSH,2026-09-28,820.0,805.0,3552
YMHL,2026-09-28,555.0,545.9,30963
KBLPO,2026-09-28,100.0,100.0,47324
SHPC,2026-09-28,555.0,529.8,121574
JFL,2026-09-28,275.0,279.2,4767
MEPDL,2026-09-28,646.0,641.0,13229
KDL,2026-09-28,600.0,584.6,17477
ANLB,2026-09-28,4910.0,4955.0,407
CLI,2026-09-28,434.0,438.6,21048
ALICLP,2026-09-28,239.0,239.0,28101
CKHL,2026-09-28,573.0,570.0,5495
BHDC,2026-09-28,430.0,430.0,6188
KBLD90,2026-09-28,1301.6,1460.0,20010
APHL,2026-09-28,660.2,652.0,7817
BHCL,2026-09-28,546.1,575.0,54054
API,2026-09-28,336.0,335.0,156465
CHL,2026-09-28,260.0,260.0,9118
ADBL,2026-09-28,313.0,308.0,16090
MERO,2026-09-28,601.1,601.0,1158
MEN,2026-09-28,650.0,646.0,101218
EBLD86,2026-09-28,1090.7,1075.5,50
BFC,2026-09-28,442.0,442.2,13259
CREST,2026-09-28,1067.0,1094.9,3878
CSY,2026-09-28,8.4,8.68,19300
BHL,2026-09-28,214.0,210.3,107282
GMLI,2026-09-28,971.0,980.0,1319
GHL,2026-09-28,250.0,249.0,368845
AVYAN,2026-09-28,1035.0,1060.0,4770
CYCL,2026-09-28,1548.5,1570.0,12033
CZBIL,2026-09-28,207.1,215.0,122637
AHL,2026-09-28,401.0,385.0,1380
BBC,2026-09-28,4150.0,4100.0,305
BPCL,2026-09-28,670.0,662.0,28275
C30MF,2026-09-28,9.52,9.75,1401
CBBL,2026-09-28,957.0,953.0,19270
CCBD88,2026-09-28,1175.0,1210.0,34
CFCL,2026-09-28,563.1,561.0,33406
CGH,2026-09-28,773.0,765.1,6736
CHDC,2026-09-28,2405.0,2420.0,33986
BEDC,2026-09-28,305.0,301.0,12322
CHCL,2026-09-28,352.0,353.3,73540
AKPL,2026-09-28,256.0,251.9,68983
BARUN,2026-09-28,326.0,330.0,59713
AHPC,2026-09-28,268.0,269.0,178017
AKJCL,2026-09-28,353.1,353.0,130374
CORBL,2026-09-28,792.4,780.0,12293
BHPL,2026-09-28,448.0,446.0,6023
BJHL,2026-09-28,638.2,624.0,5136
GFCL,2026-09-28,570.0,570.0,5123
DDBL,2026-09-28,861.0,852.0,10339
SANVI,2026-09-28,569.0,546.0,22094
DHPL,2026-09-28,275.0,272.9,2566
SMHL,2026-09-28,469.0,464.7,29214
DORDI,2026-09-28,258.0,262.0,42716
EBL,2026-09-28,700.0,697.0,33975
EBLD85,2026-09-28,1150.0,1150.0,50
EBLD91,2026-09-28,1088.0,1100.0,26
GBIME,2026-09-28,243.8,243.2,152827
EDBL,2026-09-28,589.3,572.0,4259
MSLB,2026-09-28,1175.0,1199.9,559
ENL,2026-09-28,550.1,496.0,111046
FMDBL,2026-09-28,774.0,747.0,6021
ECL,2026-09-28,1288.0,1261.0,6328
SINDU,2026-09-28,438.7,400.0,15601
FOWAD,2026-09-28,892.6,890.0,3599
SGHL,2026-09-28,486.0,476.5,55568
GBBL,2026-09-28,455.0,457.0,118953
NBF3,2026-09-28,9.0,9.16,22764
NCCD86,2026-09-28,1111.0,1111.0,50
DOLTI,2026-09-28,300.1,300.8,24711
SFMF,2026-09-28,9.1,9.1,21488
DLBS,2026-09-28,1169.0,1149.0,1641
MFIL,2026-09-28,745.0,760.0,12883
H8020,2026-09-28,10.91,11.0,49100
GVL,2026-09-28,490.0,491.9,17697
GLH,2026-09-28,274.9,269.0,90928
GMFBS,2026-09-28,1090.3,1099.5,481
GMFIL,2026-09-28,429.9,417.0,3875
GRDBL,2026-09-28,940.0,943.0,5748
GBLBS,2026-09-28,679.0,677.0,5933
GSY,2026-09-28,8.99,9.0,27600
BGWT,2026-09-28,500.0,486.0,7168
HDHPC,2026-09-28,220.3,217.5,196239
GILB,2026-09-28,1196.4,1135.0,5051
GLBSL,2026-09-28,1651.0,1700.0,1134
HATHY,2026-09-28,450.0,405.0,480330
HBL,2026-09-28,195.5,194.2,98702
HDL,2026-09-28,1312.0,1323.0,269117
GCIL,2026-09-28,421.3,400.0,105462
GBIMESY2,2026-09-28,9.01,9.02,1050
DHEL,2026-09-28,526.3,535.0,25397
BNL,2026-09-28,14200.0,14100.0,24
GIBF1,2026-09-28,10.19,10.0,6000
BNT,2026-09-28,12000.0,11931.0,240
JBBD87,2026-09-28,1101.6,1101.6,25
ALICL,2026-09-28,436.0,430.0,31898
SIFC,2026-09-28,477.0,480.0,6028
IHL,2026-09-28,336.0,322.0,12460
LICN,2026-09-28,801.0,792.5,11357
HEIP,2026-09-28,312.1,312.1,83
HRL,2026-09-28,510.0,500.3,54093
ICFC,2026-09-28,595.0,593.5,9329
JBLB,2026-09-28,1279.0,1281.0,4583
ICFCD88,2026-09-28,1120.0,1138.0,99
ICFCD89,2026-09-28,1094.0,1092.0,100
KSBBL,2026-09-28,448.1,450.0,12916
HIMSTAR,2026-09-28,635.0,631.1,2444
ILI,2026-09-28,428.0,422.1,12187
EHPL,2026-09-28,343.1,322.0,7809
MLBL,2026-09-28,358.0,355.0,29223
NABBC,2026-09-28,740.0,740.6,17366
JOSHI,2026-09-28,260.0,257.9,13473
NBL,2026-09-28,290.0,294.0,324129
LSL,2026-09-28,250.0,250.9,382312
MKHL,2026-09-28,480.0,497.0,1821
MNMF1,2026-09-28,8.98,9.27,4250
IGI,2026-09-28,395.0,391.9,9181
HIDCLP,2026-09-28,193.0,190.0,134502
HURJA,2026-09-28,256.0,252.5,82384
LSH12,2026-09-28,9.0,9.0,3400
KBLD89,2026-09-28,1320.0,1320.0,50
KEF,2026-09-28,9.25,9.57,6600
LBBL,2026-09-28,484.4,482.1,25187
JSLBB,2026-09-28,983.8,954.3,71
BANDIPUR,2026-09-28,630.0,627.3,19648
KHPL,2026-09-28,717.0,693.1,9183
KKHC,2026-09-28,279.9,272.0,124451
KPCL,2026-09-28,465.0,465.1,5613
LEC,2026-09-28,255.1,244.2,314874
KMCDB,2026-09-28,815.0,815.0,1418
JBBL,2026-09-28,352.0,346.0,19024
ILBS,2026-09-28,927.0,939.0,5105
HLBSL,2026-09-28,852.5,878.9,910
HLICF,2026-09-28,8.45,8.42,400
HPPL,2026-09-28,376.1,381.8,93901
HIDCL,2026-09-28,256.0,252.5,72487
HEI,2026-09-28,486.0,466.0,1213
MHNL,2026-09-28,250.3,253.0,10456
MLBBL,2026-09-28,958.0,977.0,601
MEHL,2026-09-28,255.9,252.0,24886
MCHL,2026-09-28,262.0,265.0,6764
MKJC,2026-09-28,320.0,325.0,33925
MATRI,2026-09-28,730.0,735.0,798
MBJC,2026-09-28,295.0,293.3,36394
MBL,2026-09-28,256.0,249.9,95449
MHL,2026-09-28,457.0,459.0,3595
HHL,2026-09-28,340.0,341.0,40911
MDB,2026-09-28,566.0,566.8,26170
RBBD83,2026-09-28,1030.1,1030.1,60
BUNGAL,2026-09-28,510.0,508.0,9014
RAWA,2026-09-28,416.0,414.1,13089
LVF2,2026-09-28,9.1,9.1,300
GUFL,2026-09-28,496.4,496.7,6842
CITY,2026-09-28,353.5,343.0,74526
CIT,2026-09-28,1750.0,1740.0,8365
MHCL,2026-09-28,295.0,286.0,3725
SICL,2026-09-28,551.0,544.0,7233
BNHC,2026-09-28,278.5,275.0,22871
NADEP,2026-09-28,675.6,684.5,3272
HLI,2026-09-28,308.0,305.5,33903
MAKAR,2026-09-28,410.4,406.0,52972
MEL,2026-09-28,214.0,212.1,9272
MLBLPO,2026-09-28,201.0,201.0,10688
MSHL,2026-09-28,540.0,531.0,74461
MLBSL,2026-09-28,1110.0,1110.0,1548
MMF1,2026-09-28,8.68,8.89,7300
MMKJL,2026-09-28,355.0,349.5,5970
MNBBL,2026-09-28,337.0,333.5,27530
MPFL,2026-09-28,576.0,582.7,2980
MKCL,2026-09-28,867.0,840.0,2554
MLBS,2026-09-28,1019.0,1024.0,510
MANDU,2026-09-28,704.0,780.0,15798
LSD92,2026-09-28,1000.0,1100.0,83752
LLBS,2026-09-28,835.0,842.0,1020
MABEL,2026-09-28,570.0,572.9,4466
NABILD2089,2026-09-28,1076.18,1076.18,25
NBF2,2026-09-28,9.21,9.25,2377
MBLEF,2026-09-28,9.1,9.35,16153
LUK,2026-09-28,9.25,9.3,9396
HFIN,2026-09-28,610.1,613.0,20889
MKHC,2026-09-28,255.9,256.0,7608
NABIL,2026-09-28,569.0,567.0,71637
NICFC,2026-09-28,8.91,8.92,15000
SLCF,2026-09-28,8.95,9.03,1200
KAHL,2026-09-28,485.0,477.2,24221
NIMBPO,2026-09-28,142.1,142.0,1331
NRN,2026-09-28,1419.0,1397.0,47182
SANIMA,2026-09-28,370.0,365.0,81364
OHL,2026-09-28,644.9,631.0,3279
NICSF,2026-09-28,8.4,8.3,6300
NIBLSTF,2026-09-28,8.7,8.41,51350
NIBSF2,2026-09-28,8.71,8.74,20100
NICBF,2026-09-28,9.04,9.04,500
NICA,2026-09-28,315.0,314.0,44139
NICGF2,2026-09-28,8.91,8.91,500
PURE,2026-09-28,795.4,800.0,1898
NICL,2026-09-28,450.1,445.3,10006
NICLBSL,2026-09-28,517.0,506.5,5379
PRSF,2026-09-28,11.85,11.9,193566
SWBBL,2026-09-28,701.1,703.0,6449
RLEL,2026-09-28,738.0,730.0,7983
SABBL,2026-09-28,860.0,865.1,5319
NFS,2026-09-28,480.2,489.0,5983
SALICO,2026-09-28,531.5,535.0,2134
NMBMF,2026-09-28,602.0,606.9,5660
PCBL,2026-09-28,255.0,260.0,418023
PBLD84,2026-09-28,1076.0,1076.0,50
NLIC,2026-09-28,745.0,736.0,26915
SBCF,2026-09-28,8.92,8.84,200
NUBL,2026-09-28,604.0,594.0,728
OMPL,2026-09-28,880.0,863.0,3631
NMIC,2026-09-28,820.0,806.5,3347
NWCL,2026-09-28,590.0,595.9,3888
NMLBBL,2026-09-28,497.0,498.0,2192
NRIC,2026-09-28,817.0,806.2,15031
NSIF2,2026-09-28,9.91,10.1,6100
ACLBSL,2026-09-28,877.0,873.0,978
NLG,2026-09-28,503.0,504.9,11750
NTC,2026-09-28,916.0,911.2,14688
NIBLGF,2026-09-28,8.71,8.83,76746
SWASTIK,2026-09-28,1840.0,1803.6,300
NMBUR93/94,2026-09-28,920.0,895.4,58
NYADI,2026-09-28,350.0,348.0,4926
GBBD85,2026-09-28,1050.0,1062.0,30
NMB,2026-09-28,256.0,257.0,91677
RMF1,2026-09-28,9.11,9.1,61170
RSDC,2026-09-28,621.1,624.9,5472
NRM,2026-09-28,286.1,285.0,9433
PPCL,2026-09-28,351.7,335.0,100483
NIMBD90,2026-09-28,1176.5,1176.5,1
RHGCL,2026-09-28,270.0,263.1,18990
PROFL,2026-09-28,384.0,385.0,4018
SAEF2,2026-09-28,9.0,9.02,6400
PSF,2026-09-28,10.86,10.89,75341
SAIL,2026-09-28,993.5,969.0,17106
SAGF,2026-09-28,9.42,9.42,4350
PPL,2026-09-28,321.9,320.0,15778
PRIN,2026-09-28,592.0,591.0,11676
NHDL,2026-09-28,635.0,636.1,4874
RBCL,2026-09-28,13900.0,13780.0,100
RFPL,2026-09-28,340.0,334.0,21666
PRVU,2026-09-28,186.0,186.0,99585
RBBD2088,2026-09-28,1070.0,1070.0,100
USHL,2026-09-28,505.0,515.0,886
RBBF40,2026-09-28,8.95,8.96,1428
NHPC,2026-09-28,276.0,260.1,128631
ALBSL,2026-09-28,1166.0,1188.5,13539
PCIL,2026-09-28,633.0,623.7,67169
NGPL,2026-09-28,405.0,400.0,123861
RSY,2026-09-28,9.32,9.31,22507
PBD88,2026-09-28,1188.0,1187.0,33
RIDI,2026-09-28,343.0,339.6,160300
RSY2,2026-09-28,8.97,9.11,11998
NIMB,2026-09-28,196.5,192.6,95987
SAHAS,2026-09-28,712.0,695.0,60391
RMF2,2026-09-28,9.99,9.85,18000
PMHPL,2026-09-28,308.9,302.0,5422
RNLI,2026-09-28,439.0,441.3,44299
RSML,2026-09-28,2754.0,2789.0,40165
SAGAR,2026-09-28,1595.0,1599.0,7738
RURU,2026-09-28,603.9,596.0,3355
PFL,2026-09-28,351.1,346.0,11207
RHPL,2026-09-28,172.0,169.1,63957
PMLI,2026-09-28,417.1,421.0,10417
RADHI,2026-09-28,724.9,727.0,90872
RLFL,2026-09-28,402.8,419.7,18310
PHCL,2026-09-28,317.1,319.6,186066
TTL,2026-09-28,690.0,680.0,10280
SLBBL,2026-09-28,822.0,808.3,8714
NLICL,2026-09-28,579.0,572.2,9342
SAPIL,2026-09-28,1338.1,1335.0,19812
SMPDA,2026-09-28,750.0,735.0,197
SIGS2,2026-09-28,9.7,9.6,950
TSHL,2026-09-28,349.2,352.0,5817
SBLD84,2026-09-28,1035.0,1035.0,760
SBL,2026-09-28,457.0,457.7,270212
SBLPO,2026-09-28,250.0,250.0,272737
SDBD87,2026-09-28,1115.0,1115.0,25
SHINE,2026-09-28,435.0,428.9,214932
SEF2,2026-09-28,9.0,8.96,7650
SGHC,2026-09-28,298.0,295.9,16273
SEF,2026-09-28,10.18,9.6,58403
SLBSL,2026-09-28,920.0,901.0,611
SSHL,2026-09-28,196.8,205.6,133233
ULHC,2026-09-28,339.0,339.9,41147
USHEC,2026-09-28,502.0,502.0,10300
ULBSL,2026-09-28,2500.0,2550.0,957
SHEL,2026-09-28,301.1,299.8,41488
SYPNL,2026-09-28,1319.0,1333.0,88234
SMB,2026-09-28,1810.1,1829.0,122
SBID89,2026-09-28,1145.0,1145.0,50
SIGS3,2026-09-28,10.66,10.26,43094
SCB,2026-09-28,656.0,660.0,12744
SHIVM,2026-09-28,737.1,695.1,424166
SIPD,2026-09-28,569.0,564.0,14698
SMATA,2026-09-28,698.5,680.0,4609
SJCL,2026-09-28,260.2,241.1,10936
SJLIC,2026-09-28,415.0,416.2,20438
SKBBL,2026-09-28,775.0,762.1,8755
SKHEL,2026-09-28,825.1,816.0,2188
SKHL,2026-09-28,744.0,725.1,7973
SBD89,2026-09-28,1190.0,1190.0,25
SARBTM,2026-09-28,820.0,819.9,21888
SGIC,2026-09-28,385.1,386.0,9555
SHLB,2026-09-28,1272.7,1290.0,150
SBI,2026-09-28,407.0,404.0,12430
SFEF,2026-09-28,8.84,8.91,110650
NIBD84,2026-09-28,1045.0,1045.0,1306
SMFBS,2026-09-28,1395.0,1369.0,146
SHL,2026-09-28,513.2,516.0,30748
SAPDBL,2026-09-28,635.2,590.0,26102
SPL,2026-09-28,595.0,590.0,2120
SMJC,2026-09-28,407.0,403.2,12764
SNLI,2026-09-28,421.0,416.9,31824
UPPER,2026-09-28,193.0,190.8,77852
TVCL,2026-09-28,301.0,293.0,8680
PBD93,2026-09-28,1051.0,1159.0,31788
NMBHF2,2026-09-28,8.97,8.98,11150
SONA,2026-09-28,435.0,427.0,204241
SPC,2026-09-28,390.5,391.0,5866
SPDL,2026-09-28,358.9,352.0,31053
SPHL,2026-09-28,503.0,501.0,24460
TAMOR,2026-09-28,533.8,531.8,152931
SRLI,2026-09-28,374.0,371.2,39307
SRBLD83,2026-09-28,1038.0,1038.0,200
SOHL,2026-09-28,630.0,637.8,134524
NMFBS,2026-09-28,1220.0,1208.0,4774
SWMF,2026-09-28,605.0,612.7,3885
SADBL,2026-09-28,404.5,396.0,33181
NSY,2026-09-28,8.98,8.97,5400
NIL,2026-09-28,521.0,522.3,5862
NIFRA,2026-09-28,255.0,251.9,114822
NESDO,2026-09-28,1317.2,1330.0,261
SNORL,2026-09-28,882.0,868.0,9789
SOPL,2026-09-28,728.5,730.0,17113
SIKLES,2026-09-28,575.0,566.5,7453
UAIL,2026-09-28,374.0,368.0,4838
USLB,2026-09-28,1148.7,1150.0,5825
UHEWA,2026-09-28,595.0,590.0,16961
UMHL,2026-09-28,559.0,558.0,12987
VLBS,2026-09-28,612.0,613.3,3876
SPIL,2026-09-28,613.0,610.1,4222
UNL,2026-09-28,48000.0,48000.0,10
UNHPL,2026-09-28,360.0,359.8,18329
UNLB,2026-09-28,1254.0,1261.0,625
UMRH,2026-09-28,528.9,508.0,3780
UPCL,2026-09-28,336.0,332.1,29633
SMH,2026-09-28,512.0,508.0,6188
TPKHL,2026-09-28,490.0,484.1,21560
STC,2026-09-28,5440.1,5577.0,1732
VLUCL,2026-09-28,382.1,383.0,3761
TRH,2026-09-28,805.0,810.0,5738
TPC,2026-09-28,362.1,359.0,16850
KSBBLD87,2026-09-28,1113.0,1113.0,25
KBL,2026-09-28,233.0,224.9,327279
MMKJL,2026-09-24,361.0,361.0,1120
JOSHI,2026-09-24,265.1,264.0,11798
LSH12,2026-09-24,9.0,9.02,800
NCCD86,2026-09-24,1135.0,1135.0,25
KPCL,2026-09-24,461.1,467.0,4665
KKHC,2026-09-24,275.0,275.1,150269
CHCL,2026-09-24,336.8,352.0,83523
KSY,2026-09-24,8.89,9.53,1920
ALBSL,2026-09-24,1165.3,1174.4,1642
ANLB,2026-09-24,4892.0,4987.0,2409
CITY,2026-09-24,349.0,353.5,67195
CKHL,2026-09-24,600.9,582.4,1420
CORBL,2026-09-24,803.0,795.1,22329
AKPL,2026-09-24,251.0,253.0,39752
CZBIL,2026-09-24,212.0,213.4,185660
GLH,2026-09-24,276.1,278.8,76497
BGWT,2026-09-24,486.0,492.0,4190
CHL,2026-09-24,262.9,267.0,7740
CHDC,2026-09-24,2410.0,2402.0,15727
CIT,2026-09-24,1740.0,1747.0,3269
ADBL,2026-09-24,312.0,313.0,18501
BUNGAL,2026-09-24,536.5,514.0,12902
C30MF,2026-09-24,9.8,9.75,10581
AKJCL,2026-09-24,354.0,358.0,226896
GLBSL,2026-09-24,1700.0,1700.0,211
BARUN,2026-09-24,316.0,326.0,17555
MHCL,2026-09-24,293.1,296.0,3023
HDHPC,2026-09-24,219.5,220.3,239506
HEI,2026-09-24,474.5,473.0,5740
GMLI,2026-09-24,970.0,990.0,854
CBBL,2026-09-24,955.0,956.8,9786
BHPL,2026-09-24,441.0,447.5,4467
MEPDL,2026-09-24,620.1,654.0,18026
MFIL,2026-09-24,745.0,764.8,69741
MFLD85,2026-09-24,1105.0,1105.0,290
DORDI,2026-09-24,248.9,263.0,29395
ALICL,2026-09-24,425.0,432.8,24236
AHL,2026-09-24,380.3,402.7,4849
HEIP,2026-09-24,319.4,319.4,702
BHDC,2026-09-24,409.5,433.4,9437
BHL,2026-09-24,212.0,212.2,92952
GMFIL,2026-09-24,429.8,421.0,2016
CGH,2026-09-24,799.8,773.0,4555
SIGS3,2026-09-24,10.27,10.35,22060
CSY,2026-09-24,8.5,8.6,3300
AHPC,2026-09-24,267.0,266.9,60584
KDBY,2026-09-24,10.1,10.24,1250
CLI,2026-09-24,435.0,440.0,6166
PSF,2026-09-24,11.1,10.86,292062
APHL,2026-09-24,650.0,671.0,4378
BHCL,2026-09-24,559.0,574.8,113723
PRSF,2026-09-24,11.85,11.83,174100
NBLD85,2026-09-24,1070.0,1071.0,550
FMDBL,2026-09-24,712.5,759.5,89182
GWFD83,2026-09-24,1042.0,1042.0,63
H8020,2026-09-24,10.91,11.1,70648
HBL,2026-09-24,195.0,195.5,73193
NADEP,2026-09-24,684.9,695.0,1165
EBL,2026-09-24,699.0,697.4,31186
DLBS,2026-09-24,1408.0,1205.1,2694
MHL,2026-09-24,467.0,457.0,5324
EDBL,2026-09-24,569.0,575.0,2862
EHPL,2026-09-24,342.3,326.8,6776
GHL,2026-09-24,269.8,253.7,289390
GUFL,2026-09-24,496.0,496.4,7759
DHPL,2026-09-24,270.0,275.0,7191
NUBL,2026-09-24,604.9,604.0,1952
SHLB,2026-09-24,1305.0,1312.0,111
GBLBS,2026-09-24,672.0,692.0,3339
GCIL,2026-09-24,370.1,401.3,184579
SMFBS,2026-09-24,1480.0,1395.0,178
GIBF1,2026-09-24,11.82,11.7,94671
API,2026-09-24,334.0,334.8,222714
GBBD85,2026-09-24,1050.0,1050.0,25
CYCL,2026-09-24,1494.6,1630.0,27028
DDBL,2026-09-24,813.2,861.0,4190
GRDBL,2026-09-24,965.0,960.0,12446
AVYAN,2026-09-24,1067.8,1060.0,500
BANDIPUR,2026-09-24,608.0,640.0,19309
BEDC,2026-09-24,309.8,308.9,8528
BFC,2026-09-24,445.0,447.0,14441
CREST,2026-09-24,1085.0,1099.0,3672
ECL,2026-09-24,1298.8,1296.1,9833
GFCL,2026-09-24,582.0,577.0,2653
PCIL,2026-09-24,605.0,633.0,112324
SALICO,2026-09-24,540.0,533.0,1144
DHEL,2026-09-24,570.0,554.0,4773
GVL,2026-09-24,488.0,489.3,7065
GILB,2026-09-24,1128.0,1139.5,804
DOLTI,2026-09-24,301.1,299.0,13161
GBIME,2026-09-24,247.5,243.8,223466
BBC,2026-09-24,4100.0,4090.5,90
HATHY,2026-09-24,470.0,452.9,264625
MEN,2026-09-24,646.5,653.0,97155
MKHC,2026-09-24,255.8,263.8,14250
HFIN,2026-09-24,613.0,617.5,20826
HPPL,2026-09-24,377.0,380.0,79505
BNT,2026-09-24,11933.0,12001.0,180
LEC,2026-09-24,266.7,254.8,326188
ICFCD83,2026-09-24,921.2,967.2,1
MLBS,2026-09-24,985.0,1019.0,130
HURJA,2026-09-24,252.1,257.0,80862
HRL,2026-09-24,490.9,510.0,38302
ICFC,2026-09-24,590.0,595.0,4084
HIDCLP,2026-09-24,193.5,190.6,75425
KAHL,2026-09-24,485.0,485.0,13771
MNMF1,2026-09-24,8.91,9.25,3601
LBBL,2026-09-24,482.2,484.4,33154
BPCL,2026-09-24,672.0,676.0,31941
KDL,2026-09-24,615.0,629.8,60679
ICFCD88,2026-09-24,1130.0,1119.4,75
MMF1,2026-09-24,8.61,8.93,4350
JBBD87,2026-09-24,1135.0,1135.0,25
ICFCD89,2026-09-24,1080.6,1086.0,100
LVF2,2026-09-24,8.88,9.1,900
JFL,2026-09-24,270.0,285.0,9509
LBBLD89,2026-09-24,1320.0,1320.0,25
ENL,2026-09-24,555.0,550.6,16057
HLI,2026-09-24,306.0,309.2,29469
SICL,2026-09-24,564.9,552.0,12307
KBSH,2026-09-24,819.0,807.0,4175
YMHL,2026-09-24,550.0,557.0,18713
JBBL,2026-09-24,347.5,351.9,33905
LUK,2026-09-24,9.48,9.48,100
KHPL,2026-09-24,715.0,716.7,6799
KMCDB,2026-09-24,769.5,828.0,5475
KBLD86,2026-09-24,1175.0,1175.0,25
HIDCL,2026-09-24,269.0,256.0,32118
CFCL,2026-09-24,565.0,567.9,94930
MDB,2026-09-24,560.0,560.0,4541
HLBSL,2026-09-24,865.2,869.0,601
KSBBL,2026-09-24,451.1,448.0,36298
HLICF,2026-09-24,8.41,8.66,3900250
KEF,2026-09-24,9.43,9.33,16250
LICN,2026-09-24,782.0,800.9,11909
ADBLD83,2026-09-24,1035.0,1035.0,50
LSL,2026-09-24,250.0,250.0,554274
JBLB,2026-09-24,1275.0,1278.8,3192
MND84/85,2026-09-24,1095.0,1100.0,2000
GBBL,2026-09-24,453.0,454.0,146930
MHNL,2026-09-24,253.4,252.0,19609
IGI,2026-09-24,399.7,393.0,7378
MCHL,2026-09-24,263.0,269.8,16324
NABIL,2026-09-24,566.0,569.0,70749
NABILP,2026-09-24,310.0,310.0,504428
MANDU,2026-09-24,751.5,740.2,1828
MBL,2026-09-24,257.0,258.5,174021
MKHL,2026-09-24,509.0,505.0,1046
MKJC,2026-09-24,322.1,329.3,37780
MABEL,2026-09-24,576.0,579.0,4615
MPFL,2026-09-24,582.0,588.0,4698
HHL,2026-09-24,338.0,342.0,35781
ILBS,2026-09-24,940.0,950.0,7482
MEL,2026-09-24,215.0,214.0,20727
MBJC,2026-09-24,295.0,295.9,36448
SHPC,2026-09-24,528.0,534.5,63414
EBLD85,2026-09-24,1103.0,1136.0,3
HDL,2026-09-24,1280.0,1312.0,269776
BJHL,2026-09-24,602.4,643.0,4646
IHL,2026-09-24,341.0,327.2,4332
NABBC,2026-09-24,707.8,751.8,9518
MEHL,2026-09-24,247.0,255.9,62587
NBF3,2026-09-24,9.5,9.0,19700
MERO,2026-09-24,600.0,607.0,1641
ILI,2026-09-24,425.0,428.0,9122
LLBS,2026-09-24,835.0,860.0,441
MNBBL,2026-09-24,336.0,337.0,25501
NBLD87,2026-09-24,1091.8,1091.8,10
MATRI,2026-09-24,748.9,727.1,491
MKCL,2026-09-24,860.0,867.0,3306
MLBBL,2026-09-24,920.6,978.9,1411
MLBL,2026-09-24,357.0,356.2,22645
MSLB,2026-09-24,1200.0,1210.0,741
HIMSTAR,2026-09-24,640.0,644.0,1392
MLBSL,2026-09-24,1107.0,1126.4,626
MSHL,2026-09-24,622.0,550.0,13090
BNHC,2026-09-24,278.0,278.5,12359
GMFBS,2026-09-24,1067.0,1124.0,300
NBF2,2026-09-24,9.25,9.21,10100
MBLEF,2026-09-24,9.3,9.29,5400
FOWAD,2026-09-24,893.0,900.0,1153
JSLBB,2026-09-24,980.0,969.0,153
KBL,2026-09-24,225.0,226.0,369479
NICA,2026-09-24,317.0,316.3,40945
RURU,2026-09-24,592.0,604.0,3435
NRIC,2026-09-24,800.0,817.0,9161
NRN,2026-09-24,1345.4,1415.0,52065
NFS,2026-09-24,490.0,495.0,4617
NWCL,2026-09-24,593.1,602.0,780
NSY,2026-09-24,9.0,9.25,1500
NICGF2,2026-09-24,8.7,8.9,31400
OHL,2026-09-24,644.8,638.0,590
NMIC,2026-09-24,820.0,821.8,2815
NMFBSP,2026-09-24,635.4,635.4,3166
NMLBBL,2026-09-24,477.9,509.0,3618
NIMB,2026-09-24,192.5,194.6,110035
NIMBPO,2026-09-24,134.1,146.3,1950
NHDL,2026-09-24,642.9,633.2,3632
RNLI,2026-09-24,436.0,438.1,19571
RAWA,2026-09-24,407.0,416.0,14112
NSIF2,2026-09-24,9.99,10.05,65300
RSML,2026-09-24,2730.0,2754.0,80716
NIFRAGED,2026-09-24,1112.4,1100.0,2810
USHL,2026-09-24,517.3,515.0,2000
NIBD84,2026-09-24,1060.9,1064.9,730
SABBL,2026-09-24,866.0,871.0,5570
SAHAS,2026-09-24,662.1,694.2,63318
SPC,2026-09-24,403.0,397.1,3068
SPHL,2026-09-24,507.2,512.0,9770
SYPNL,2026-09-24,1305.0,1319.8,34230
NMBMF,2026-09-24,597.0,612.8,726
ACLBSL,2026-09-24,871.1,877.0,281
NLG,2026-09-24,492.1,512.0,5712
NRM,2026-09-24,286.1,288.0,4379
NTC,2026-09-24,905.0,906.0,7809
RSY2,2026-09-24,8.61,8.97,2600
NICAD85/86,2026-09-24,1120.0,1120.0,25
NMBUR93/94,2026-09-24,920.0,920.0,25
SAGAR,2026-09-24,1565.1,1608.0,6310
NMB,2026-09-24,266.3,257.1,78733
NGPL,2026-09-24,384.8,403.0,74040
GSY,2026-09-24,8.98,9.25,1100
SGHC,2026-09-24,298.0,298.0,7496
NICLBSL,2026-09-24,519.0,516.9,3514
RADHI,2026-09-24,717.0,721.7,107535
NIL,2026-09-24,530.0,529.8,6087
SHINE,2026-09-24,428.1,433.0,81482
PHCL,2026-09-24,312.0,319.6,216676
PROFL,2026-09-24,387.0,391.0,2386
RBCL,2026-09-24,13825.1,14000.0,61
RSY,2026-09-24,9.31,9.37,1100
RBCLPO,2026-09-24,11514.0,11514.0,10
PBLD87,2026-09-24,1095.0,1095.0,25
USHEC,2026-09-24,500.6,502.0,9172
PMLI,2026-09-24,413.0,423.0,2358
PMHPL,2026-09-24,305.0,309.0,2542
PBD88,2026-09-24,1191.0,1190.0,25
RMF2,2026-09-24,10.25,10.29,89745
SAEF2,2026-09-24,8.97,9.06,2800
PPCL,2026-09-24,341.0,335.0,13067
PBD93,2026-09-24,1068.0,1065.0,1735
PCBL,2026-09-24,250.6,257.0,107064
PURE,2026-09-24,800.0,817.0,7523
PPL,2026-09-24,321.0,324.9,10813
RBBD83,2026-09-24,1022.1,1022.1,25
PRIN,2026-09-24,601.9,592.0,8386
RSDC,2026-09-24,632.0,628.0,1356
NICD88,2026-09-24,1085.0,1085.0,1000
GBBLPO,2026-09-24,230.9,230.9,899
NIBLGF,2026-09-24,8.62,8.69,21245
RMF1,2026-09-24,9.27,9.39,67440
RLEL,2026-09-24,735.0,752.1,8057
NICFC,2026-09-24,8.91,8.87,3400
NICL,2026-09-24,447.3,456.0,5455
RBBF40,2026-09-24,8.8,8.95,4200
NIFRA,2026-09-24,252.7,253.0,36838
NICSF,2026-09-24,8.8,8.6,4648
PFL,2026-09-24,360.0,351.0,15313
OMPL,2026-09-24,877.0,870.0,11764
NIBLSTF,2026-09-24,8.31,8.45,44970
NYADI,2026-09-24,355.0,351.4,2979
RHPL,2026-09-24,170.0,172.0,77573
SAIL,2026-09-24,925.0,993.5,17354
RHGCL,2026-09-24,268.0,262.8,29613
PRVU,2026-09-24,188.0,187.3,66281
NHPC,2026-09-24,265.0,265.5,205784
NIBSF2,2026-09-24,8.75,8.74,7686
RLFL,2026-09-24,401.8,424.0,7669
SONA,2026-09-24,383.8,434.9,435148
SOHL,2026-09-24,645.0,645.0,83564
SRLI,2026-09-24,367.0,373.8,26413
SWMF,2026-09-24,610.0,617.0,2654
SANIMA,2026-09-24,366.0,368.0,43500
SJLIC,2026-09-24,413.0,415.0,5843
SKHEL,2026-09-24,822.1,845.0,1435
SARBTM,2026-09-24,813.0,825.7,35863
SFMF,2026-09-24,9.4,9.25,2670
NLICL,2026-09-24,570.0,581.4,15395
SKHL,2026-09-24,736.0,744.0,4946
SLBSL,2026-09-24,885.0,917.0,2627
SGIC,2026-09-24,377.0,385.1,6052
NMFBS,2026-09-24,1172.1,1200.0,9522
SJCL,2026-09-24,240.5,247.9,5368
SBLD89,2026-09-24,1270.0,1270.0,30
MAKAR,2026-09-24,404.5,410.9,84040
SAPDBL,2026-09-24,612.0,605.0,13985
USLB,2026-09-24,1038.4,1144.0,3690
SFEF,2026-09-24,9.18,9.11,4950
TAMOR,2026-09-24,530.0,533.8,464282
SMPDA,2026-09-24,740.0,750.0,908
SBI,2026-09-24,403.0,404.2,4876
SHIVM,2026-09-24,689.0,702.0,513243
SNORL,2026-09-24,888.0,899.0,41321
SIPD,2026-09-24,566.0,569.9,7192
SMH,2026-09-24,511.5,518.0,11196
GBIMESY2,2026-09-24,9.0,9.0,1700
NBL,2026-09-24,291.0,292.0,315961
SIFC,2026-09-24,475.5,480.3,10755
SHL,2026-09-24,515.1,518.0,36250
SKBBL,2026-09-24,769.8,767.9,8768
SIGS2,2026-09-24,9.49,9.46,5000
SBL,2026-09-24,457.0,456.8,175735
SINDU,2026-09-24,410.3,417.9,12516
NLIC,2026-09-24,706.3,745.0,8449
SIKLES,2026-09-24,570.0,574.0,2609
SHEL,2026-09-24,288.0,302.3,56211
TSHL,2026-09-24,353.0,359.9,3811
UMHL,2026-09-24,557.0,559.0,22690
SEF2,2026-09-24,8.92,9.03,2800
SMHL,2026-09-24,465.0,470.0,25419
SAPIL,2026-09-24,1333.0,1348.9,20286
SGHL,2026-09-24,460.9,486.5,25630
SBID83,2026-09-24,1041.0,1041.2,543
SCB,2026-09-24,655.0,657.2,7152
RIDI,2026-09-24,347.0,343.0,218996
SMB,2026-09-24,1820.1,1864.0,357
NESDO,2026-09-24,1331.0,1357.9,207
SOPL,2026-09-24,727.0,735.0,23133
UPCL,2026-09-24,338.0,336.0,23410
SSHL,2026-09-24,207.2,207.1,151367
NMBHF2,2026-09-24,8.9,8.96,98265
UHEWA,2026-09-24,595.0,587.0,19680
ULBSL,2026-09-24,2483.1,2552.0,923
ULHC,2026-09-24,330.0,339.0,12772
SPDL,2026-09-24,356.0,358.9,16491
TPC,2026-09-24,361.0,365.0,6925
SPL,2026-09-24,609.0,595.0,2190
SEF,2026-09-24,9.7,9.7,49800
VLUCL,2026-09-24,387.0,389.9,611
SMJC,2026-09-24,418.0,412.0,2977
TVCL,2026-09-24,297.0,305.0,15246
RFPL,2026-09-24,331.1,336.0,13455
NLO,2026-09-24,248.4,271.3,49
SPIL,2026-09-24,635.7,623.0,2347
SDBD87,2026-09-24,1105.0,1105.0,25
VLBS,2026-09-24,618.0,624.2,1276
SWBBL,2026-09-24,710.0,703.3,2366
SNLI,2026-09-24,420.0,421.0,16865
UMRH,2026-09-24,505.0,518.0,8120
TTL,2026-09-24,688.0,692.1,6052
SLBBL,2026-09-24,808.0,822.0,3894
UNLB,2026-09-24,1220.0,1255.9,280
SADBL,2026-09-24,411.5,404.5,41043
SBID89,2026-09-24,1140.18,1140.0,25
UPPER,2026-09-24,192.0,193.3,100184
UAIL,2026-09-24,370.0,371.9,6904
TPKHL,2026-09-24,481.7,500.0,19585
UNHPL,2026-09-24,358.5,359.0,9120
SANVI,2026-09-24,552.0,559.0,16163
TRH,2026-09-24,802.1,813.9,17450
SBCF,2026-09-24,9.27,8.92,35400
STC,2026-09-24,5412.0,5563.0,1185
SLCF,2026-09-24,9.1,9.2,400
SWASTIK,2026-09-24,1800.0,1815.1,305
SMATA,2026-09-24,695.0,700.0,1064
JHAPA,2026-09-24,1035.0,1038.0,1694
NRIC,2026-09-23,873.6,820.0,13389
SIFC,2026-09-23,483.1,481.0,11886
SKHEL,2026-09-23,850.0,845.0,1767
ULBSL,2026-09-23,2510.0,2554.0,1529
SBID2090,2026-09-23,1055.0,1055.0,300
RSY2,2026-09-23,8.9,8.85,254800
SNLI,2026-09-23,448.8,417.0,17680
TSHL,2026-09-23,357.0,353.0,2558
RBBF40,2026-09-23,9.22,8.96,1200
SBID83,2026-09-23,1028.1,1028.0,500
SOPL,2026-09-23,745.0,734.9,18270
SIGS3,2026-09-23,10.27,10.27,200
RADHI,2026-09-23,715.0,717.0,187454
UNHPL,2026-09-23,361.5,361.0,20148
SPL,2026-09-23,615.0,602.9,3597
SGHL,2026-09-23,490.0,485.1,50071
SGHC,2026-09-23,301.2,297.0,39313
SAEF2,2026-09-23,9.0,9.06,4450
SANIMA,2026-09-23,370.0,368.0,57926
SMFBS,2026-09-23,1412.4,1417.0,745
SGIC,2026-09-23,393.8,387.0,9548
NLIC,2026-09-23,792.7,743.4,19350
SMATA,2026-09-23,709.0,695.0,1852
NMB,2026-09-23,255.0,253.7,111849
RHPL,2026-09-23,166.0,170.0,69980
SPC,2026-09-23,402.6,405.0,5925
SPDL,2026-09-23,349.0,356.0,20762
UHEWA,2026-09-23,597.0,592.0,14185
PMHPL,2026-09-23,305.0,307.6,6151
SMPDA,2026-09-23,755.0,748.0,436
SYPNL,2026-09-23,1319.0,1309.8,28080
UMRH,2026-09-23,517.9,505.0,9986
TPKHL,2026-09-23,518.0,507.0,24578
SNORL,2026-09-23,960.0,945.0,40152
UPPER,2026-09-23,196.0,193.5,116518
UAIL,2026-09-23,378.0,370.0,15541
SMH,2026-09-23,520.1,511.0,8347
USLB,2026-09-23,1045.0,1093.0,3774
SWASTIK,2026-09-23,1820.0,1820.0,485
SBL,2026-09-23,460.0,457.0,215907
TAMOR,2026-09-23,533.1,534.0,245926
SWBBL,2026-09-23,703.0,701.0,3430
SAGAR,2026-09-23,1608.2,1590.0,8237
NLICL,2026-09-23,580.1,572.0,16226
SHINED,2026-09-23,1120.0,1130.0,206
SSHL,2026-09-23,203.2,210.0,196695
JHAPA,2026-09-23,1064.0,1033.2,3446
SJLIC,2026-09-23,417.4,415.0,26431
SAPIL,2026-09-23,1357.0,1333.0,25003
ULHC,2026-09-23,328.0,330.0,19055
IHL,2026-09-23,360.0,325.1,9830
MSHL,2026-09-23,620.0,622.0,16853
ECL,2026-09-23,1329.0,1298.8,11449
MEL,2026-09-23,216.0,214.5,19622
EBLD91,2026-09-23,1080.0,1112.0,126
NBLD85,2026-09-23,1040.0,1040.0,25
SKHL,2026-09-23,751.1,743.9,13153
SLBBL,2026-09-23,811.1,807.1,10027
SAGF,2026-09-23,9.68,9.41,200
SHL,2026-09-23,519.0,517.6,35072
HDHPC,2026-09-23,214.7,220.0,237880
EBLD86,2026-09-23,1059.0,1059.0,25
DDBL,2026-09-23,865.0,856.0,6310
HBL,2026-09-23,190.0,197.0,61761
SIKLES,2026-09-23,590.0,571.0,18849
USHL,2026-09-23,512.7,521.5,1171
SONA,2026-09-23,404.0,404.0,71748
TTL,2026-09-23,695.0,688.4,7502
NFS,2026-09-23,496.0,486.0,5993
SARBTM,2026-09-23,819.0,812.1,17549
SEF,2026-09-23,9.7,9.7,1500
NHDL,2026-09-23,648.8,637.0,8471
SAIL,2026-09-23,1039.0,973.0,16664
SICL,2026-09-23,566.0,558.0,5471
SFEF,2026-09-23,8.73,8.92,3500
SMHL,2026-09-23,469.0,468.0,69484
SJCL,2026-09-23,243.0,246.0,10272
SBCF,2026-09-23,9.4,9.0,12200
UMHL,2026-09-23,555.3,564.7,61111
SPIL,2026-09-23,629.0,630.0,1424
SHEL,2026-09-23,304.2,302.0,232730
SLCF,2026-09-23,8.95,9.0,600
SEF2,2026-09-23,8.9,9.1,5200
SLBSL,2026-09-23,905.0,904.0,1008
NYADI,2026-09-23,359.0,358.0,4296
NMBUR93/94,2026-09-23,920.0,923.0,50
SMB,2026-09-23,1845.0,1859.0,958
TRH,2026-09-23,810.0,813.9,14369
GCIL,2026-09-23,382.0,374.8,28346
EDBL,2026-09-23,580.0,563.0,7551
RMF2,2026-09-23,9.92,10.03,8200
RLEL,2026-09-23,766.0,745.0,10135
RHGCL,2026-09-23,273.0,267.9,45001
PBD84,2026-09-23,1060.0,1080.0,65
RURU,2026-09-23,591.3,592.0,2755
NICAD85/86,2026-09-23,1120.0,1120.0,425
NIMBPO,2026-09-23,145.0,141.1,3716
RFPL,2026-09-23,337.0,334.2,19246
PHCL,2026-09-23,321.8,312.0,233179
NICBF,2026-09-23,8.8,8.8,100
SOHL,2026-09-23,656.0,643.1,196489
SALICO,2026-09-23,542.0,540.0,2841
NMBHF2,2026-09-23,8.78,9.1,12180
NIBSF2,2026-09-23,8.32,8.52,2160
NTC,2026-09-23,920.0,906.0,15992
NICFC,2026-09-23,8.71,8.91,700
NICLBSL,2026-09-23,520.0,513.0,6901
VLBS,2026-09-23,631.0,632.0,3829
NMIC,2026-09-23,830.0,830.0,3044
RAWA,2026-09-23,422.4,414.0,15209
RIDI,2026-09-23,348.2,344.6,252169
NWCL,2026-09-23,597.0,611.0,3149
PCBL,2026-09-23,260.0,253.0,200703
PBLD84,2026-09-23,1090.0,1090.0,120
PRSF,2026-09-23,11.97,11.77,98100
PBD93,2026-09-23,1069.8,1068.0,67448
OMPL,2026-09-23,880.0,875.0,3341
RNLI,2026-09-23,468.8,438.0,38210
NIBLSTF,2026-09-23,8.33,8.3,12600
PPCL,2026-09-23,324.0,337.9,11016
RLFL,2026-09-23,443.1,422.9,15075
PPL,2026-09-23,331.0,325.0,36332
UNLB,2026-09-23,1262.0,1249.0,665
NMBMF,2026-09-23,609.6,603.0,5101
RSY,2026-09-23,9.3,9.57,1800
RSML,2026-09-23,2699.5,2722.9,78342
RSDC,2026-09-23,640.0,631.0,1181
PRVU,2026-09-23,190.0,186.3,119705
NICL,2026-09-23,465.0,459.0,15398
OHL,2026-09-23,648.0,637.0,9074
PCIL,2026-09-23,584.3,611.0,27969
SABBL,2026-09-23,888.0,872.9,9287
NLG,2026-09-23,539.0,518.0,8127
SBI,2026-09-23,410.0,407.0,19750
STC,2026-09-23,5600.0,5499.0,6592
RMF1,2026-09-23,9.03,9.29,400
VLUCL,2026-09-23,387.0,387.0,4531
SHLB,2026-09-23,1290.0,1305.0,60
NIL,2026-09-23,530.0,533.0,2360
EBLD85,2026-09-23,1160.0,1103.0,3
SHPC,2026-09-23,539.0,529.9,153981
NIFRAGED,2026-09-23,1044.8,1082.0,782
NBLD87,2026-09-23,1072.4,1060.0,700
PMLI,2026-09-23,432.8,420.0,8727
PRIN,2026-09-23,606.4,601.9,2657
SRLI,2026-09-23,396.9,368.0,64729
SMJC,2026-09-23,420.0,411.9,12532
TVCL,2026-09-23,299.1,296.0,8854
SWMF,2026-09-23,635.0,614.7,3930
SKBBL,2026-09-23,765.0,762.0,8478
NICA,2026-09-23,324.0,317.0,78682
SAPDBL,2026-09-23,659.0,606.0,35114
NIFRAUR85/86,2026-09-23,1041.2,1050.0,54
NICSF,2026-09-23,8.21,8.6,2850
NICAD2091,2026-09-23,1070.0,1070.0,172
PURE,2026-09-23,850.0,795.0,8917
NSY,2026-09-23,9.0,9.1,4038
NICAP,2026-09-23,179.0,179.0,35225
NCCD86,2026-09-23,1168.0,1168.0,25
NIFRA,2026-09-23,257.0,252.7,70936
NIBLGF,2026-09-23,8.71,8.61,701600
NGPL,2026-09-23,410.0,405.0,106852
RBBD2088,2026-09-23,1070.0,1070.0,150
NESDO,2026-09-23,1350.0,1331.0,490
NHPC,2026-09-23,261.0,267.0,240865
NICGF2,2026-09-23,8.55,8.7,2100
NRN,2026-09-23,1448.0,1416.2,80844
NSIF2,2026-09-23,9.97,10.08,6900
NRM,2026-09-23,290.1,288.4,4618
NMLBBL,2026-09-23,511.9,503.0,14611
NMFBS,2026-09-23,1206.0,1181.0,21461
USHEC,2026-09-23,510.0,508.9,26735
GBBL,2026-09-23,460.0,451.0,162972
SADBL,2026-09-23,429.0,428.0,371863
NUBL,2026-09-23,613.0,598.0,5355
SPHL,2026-09-23,505.6,513.9,9536
BFC,2026-09-23,451.0,444.0,22648
KMCDB,2026-09-23,840.0,810.0,2877
MBJC,2026-09-23,300.0,295.0,44830
MLBL,2026-09-23,361.0,360.0,46963
MKJC,2026-09-23,321.1,339.0,109908
JBLB,2026-09-23,1275.2,1275.1,2707
KKHC,2026-09-23,279.0,275.0,279798
MKCL,2026-09-23,890.0,870.0,2079
BHDC,2026-09-23,440.0,431.0,15812
CBBL,2026-09-23,965.0,949.0,27893
LICN,2026-09-23,813.0,791.9,29284
HIDCL,2026-09-23,265.0,256.3,121254
HURJA,2026-09-23,259.0,252.0,111584
HEI,2026-09-23,470.0,474.7,6649
LEC,2026-09-23,260.0,254.0,509056
MKHL,2026-09-23,495.0,495.1,4305
ACLBSL,2026-09-23,875.1,878.0,856
KDBY,2026-09-23,10.03,10.18,52800
HLBSL,2026-09-23,880.0,865.2,1173
ICFCD89,2026-09-23,1076.68,1093.0,305
LBBL,2026-09-23,486.7,485.9,29729
MDB,2026-09-23,565.0,555.1,9187
MSLB,2026-09-23,1185.0,1200.0,212
GHL,2026-09-23,255.0,257.0,663274
HIMSTAR,2026-09-23,644.0,645.5,3065
MEPDL,2026-09-23,684.0,646.2,32715
FMDBL,2026-09-23,795.4,750.0,29904
MATRI,2026-09-23,750.0,748.9,447
MAKAR,2026-09-23,419.7,410.8,67850
KSBBL,2026-09-23,457.5,450.2,52464
MHNL,2026-09-23,258.0,256.9,32523
DORDI,2026-09-23,270.0,262.0,72690
HDL,2026-09-23,1284.0,1278.3,160407
MPFL,2026-09-23,600.0,590.0,18465
CHL,2026-09-23,269.0,265.0,20432
MLBS,2026-09-23,1020.0,1000.0,490
NABIL,2026-09-23,570.0,565.0,88903
ICFCD88,2026-09-23,1127.0,1130.0,125
LSH12,2026-09-23,8.98,9.2,14800
MNBBL,2026-09-23,356.8,338.0,30945
HHL,2026-09-23,337.0,340.0,36977
MABEL,2026-09-23,592.0,576.0,3561
NABBC,2026-09-23,745.0,745.0,28653
PROFL,2026-09-23,392.0,383.3,12120
KPCL,2026-09-23,472.0,464.1,10072
GSY,2026-09-23,8.95,9.21,2100
KAHL,2026-09-23,497.0,490.0,20635
NBF2,2026-09-23,9.6,9.25,31230
JFL,2026-09-23,270.0,279.1,13622
HLI,2026-09-23,314.0,306.9,40726
KBLPO,2026-09-23,100.0,100.0,258209
HPPL,2026-09-23,380.0,372.2,94175
IGI,2026-09-23,404.0,392.3,15622
MMF1,2026-09-23,8.9,8.8,4800
YMHL,2026-09-23,551.0,562.0,20411
NBL,2026-09-23,297.0,291.5,194829
JBBL,2026-09-23,354.1,348.3,54465
HRL,2026-09-23,517.0,506.0,79602
SINDU,2026-09-23,409.5,418.5,8425
LLBS,2026-09-23,850.0,854.0,1039
SCB,2026-09-23,689.8,655.2,12907
BJHL,2026-09-23,650.0,634.1,8683
MNMF1,2026-09-23,8.96,9.15,236252
KEF,2026-09-23,9.43,9.43,3650
MLBSL,2026-09-23,1126.0,1111.0,580
ADBL,2026-09-23,313.9,311.0,39944
HIDCLP,2026-09-23,194.0,191.9,90304
EHPL,2026-09-23,335.0,326.0,10566
ILBSP,2026-09-23,450.0,450.0,8258
ICFC,2026-09-23,595.1,591.9,10309
MBL,2026-09-23,264.0,258.0,143441
KDL,2026-09-23,615.5,614.5,37739
MEN,2026-09-23,657.0,651.2,68582
HFIN,2026-09-23,627.0,613.0,18042
KSY,2026-09-23,8.86,8.86,100
ILBS,2026-09-23,965.0,968.0,15245
JSLBB,2026-09-23,984.0,970.0,218
JOSHI,2026-09-23,269.0,263.2,12173
HLICF,2026-09-23,8.25,8.41,5011650
NABILD2089,2026-09-23,1076.18,1076.18,25
ILI,2026-09-23,435.0,427.0,13889
MBLD87,2026-09-23,1127.0,1127.0,14
MERO,2026-09-23,613.0,604.0,4517
KBSH,2026-09-23,825.0,818.6,3129
DHEL,2026-09-23,564.0,555.0,7243
KBL,2026-09-23,228.0,225.0,547381
MFLD85,2026-09-23,1105.0,1105.0,150
KHPL,2026-09-23,740.0,715.0,7754
NADEP,2026-09-23,714.0,690.0,2270
PSF,2026-09-23,11.0,10.93,34300
AKPL,2026-09-23,257.0,251.6,68925
ENL,2026-09-23,531.1,555.0,28958
GIBF1,2026-09-23,11.61,11.5,45700
CHCL,2026-09-23,361.0,354.5,68426
ANLB,2026-09-23,4903.0,4937.9,684
BHCL,2026-09-23,539.9,559.0,114073
ALICL,2026-09-23,435.0,427.0,42464
SIPD,2026-09-23,570.0,563.9,14473
GBLBS,2026-09-23,685.8,692.5,8463
BEDC,2026-09-23,315.0,307.0,31883
CYCL,2026-09-23,1441.0,1531.0,11277
SHIVM,2026-09-23,686.0,687.0,555271
AKJCL,2026-09-23,368.0,358.0,479494
BNL,2026-09-23,14244.7,14244.7,10
CLI,2026-09-23,438.0,436.0,9186
MBLEF,2026-09-23,9.0,9.3,14800
GBILD84/85,2026-09-23,1151.0,1158.0,301
ALBSL,2026-09-23,1174.0,1194.0,19673
EBL,2026-09-23,733.0,696.8,22396
SAHAS,2026-09-23,697.0,696.9,95543
BANDIPUR,2026-09-23,651.0,639.0,32909
MFIL,2026-09-23,745.0,769.0,19727
MLBBL,2026-09-23,1005.0,969.0,2449
H8020,2026-09-23,10.95,10.9,44352
MMKJL,2026-09-23,361.5,365.0,6142
UPCL,2026-09-23,350.0,336.0,31506
DHPL,2026-09-23,277.0,273.0,5407
CSY,2026-09-23,8.3,8.56,1100
GRDBL,2026-09-23,975.2,965.0,12477
GMFIL,2026-09-23,450.0,426.0,10650
RBCL,2026-09-23,13701.0,13801.0,30
CZBIL,2026-09-23,215.9,212.0,111232
GUFL,2026-09-23,506.0,496.0,9830
GLBSL,2026-09-23,1727.0,1710.0,290
BBC,2026-09-23,4111.0,4052.0,743
CFCL,2026-09-23,607.0,567.0,27553
DLBS,2026-09-23,1109.0,1341.9,3513
BHPL,2026-09-23,437.0,448.0,10091
GMLI,2026-09-23,990.0,1000.0,504
DOLTI,2026-09-23,312.0,304.0,30328
PFL,2026-09-23,365.0,355.4,15258
GILB,2026-09-23,1140.0,1128.1,2651
FOWAD,2026-09-23,904.0,893.0,1762
CREST,2026-09-23,1087.0,1094.9,2761
AHL,2026-09-23,388.0,392.0,3559
BGWT,2026-09-23,465.5,487.1,6489
CIT,2026-09-23,1836.0,1736.0,5207
BHL,2026-09-23,225.0,212.0,187189
CGH,2026-09-23,776.0,782.9,3221
MCHL,2026-09-23,280.0,263.0,2979
MEHL,2026-09-23,259.0,250.0,117343
GLH,2026-09-23,280.0,279.2,156701
LVF2,2026-09-23,9.0,9.15,700
MHCL,2026-09-23,297.0,293.1,4307
GMFBS,2026-09-23,1092.9,1100.0,564
BNHC,2026-09-23,269.8,276.6,17385
CORBL,2026-09-23,819.9,802.0,10093
LSL,2026-09-23,251.0,245.9,761653
MANDU,2026-09-23,755.0,751.0,21166
MHL,2026-09-23,460.0,456.0,7277
GVL,2026-09-23,494.0,490.0,17281
GBIME,2026-09-23,247.5,243.0,265723
BPCL,2026-09-23,685.0,674.9,52873
SHINE,2026-09-23,433.0,429.1,66094
HEIP,2026-09-23,323.5,310.1,350
API,2026-09-23,338.0,334.0,233494
BARUN,2026-09-23,318.3,329.0,54580
GBIMESY2,2026-09-23,8.96,9.26,1835
AVYAN,2026-09-23,1038.0,1059.0,879
NBF3,2026-09-23,9.3,9.23,400
BNT,2026-09-23,12489.0,11932.0,221
CBLD88,2026-09-23,1236.0,1236.0,25
GFCL,2026-09-23,570.0,575.0,12075
C30MF,2026-09-23,10.17,10.1,85375
HATHY,2026-09-23,492.0,469.0,178885
CITY,2026-09-23,360.0,351.1,73489
CHDC,2026-09-23,2363.0,2388.0,38874
AHPC,2026-09-23,270.0,266.2,70853
SANVI,2026-09-23,551.0,564.0,17359
BOKD86KA,2026-09-23,1120.0,1120.0,30
NIMB,2026-09-23,206.8,192.5,183540
BUNGAL,2026-09-23,499.3,511.0,22600
CKHL,2026-09-23,570.4,587.0,2869
APHL,2026-09-23,670.0,661.3,9359
MKHC,2026-09-23,265.0,258.0,14403
TPC,2026-09-23,365.0,363.4,20864
KEF,2026-09-22,9.3,9.6,7050
SIKLES,2026-09-22,587.0,585.0,9986
BNL,2026-09-22,14386.1,13829.9,85
MBL,2026-09-22,260.8,264.3,174783
NICGF2,2026-09-22,8.71,8.75,200
RNLI,2026-09-22,445.0,446.5,29501
BARUN,2026-09-22,334.0,335.0,44395
SADBL,2026-09-22,424.0,429.0,61420
SFEF,2026-09-22,9.01,9.0,702900
NIFRA,2026-09-22,256.0,257.9,113991
PPCL,2026-09-22,364.8,341.0,34421
TRH,2026-09-22,813.9,810.0,5213
NMFBS,2026-09-22,1195.0,1190.0,4635
ULBSL,2026-09-22,2535.0,2600.0,1447
NMLBBL,2026-09-22,518.7,516.0,11339
SBID2090,2026-09-22,1055.0,1055.0,350
PFL,2026-09-22,370.0,360.0,15983
TVCL,2026-09-22,303.3,307.0,8985
PSF,2026-09-22,11.0,10.92,22002
SBI,2026-09-22,409.0,408.8,31928
SHL,2026-09-22,520.2,519.0,44000
SCBD,2026-09-22,1057.0,1065.0,51
RBBF40,2026-09-22,8.76,8.96,1290
SARBTM,2026-09-22,809.0,819.0,19567
NUBL,2026-09-22,612.0,612.0,8351
SHINE,2026-09-22,433.0,431.9,67153
LSL,2026-09-22,251.0,250.0,693050
SLCF,2026-09-22,9.17,9.2,3100
SGHL,2026-09-22,497.0,496.0,41994
SRLI,2026-09-22,376.0,378.0,90509
NIL,2026-09-22,535.0,535.0,10350
NIFRAGED,2026-09-22,1030.1,1030.1,25
SYPNL,2026-09-22,1311.0,1320.0,31517
UAIL,2026-09-22,379.0,379.0,6896
TSHL,2026-09-22,353.2,356.0,8344
UNHPL,2026-09-22,360.1,362.0,25199
TPC,2026-09-22,388.5,369.9,16612
SANIMA,2026-09-22,380.0,371.0,134122
SWASTIK,2026-09-22,1883.0,1828.0,366
SBID89,2026-09-22,1142.0,1145.0,52
UNLB,2026-09-22,1252.0,1260.9,317
SWBBL,2026-09-22,724.0,707.0,8780
NESDO,2026-09-22,1330.0,1350.0,1600
SONA,2026-09-22,405.0,404.0,44600
SNLI,2026-09-22,439.9,427.5,29801
SWMF,2026-09-22,605.5,622.0,5456
RMF2,2026-09-22,10.17,10.18,8900
UHEWA,2026-09-22,600.0,597.0,24858
OHL,2026-09-22,658.7,655.0,4012
TPKHL,2026-09-22,524.0,518.0,23624
SINDU,2026-09-22,403.8,431.0,20839
RLEL,2026-09-22,766.0,766.0,7369
NBLD85,2026-09-22,1038.0,1038.0,25
SPHL,2026-09-22,505.5,512.1,6647
SFMF,2026-09-22,9.22,9.22,100
C30MF,2026-09-22,9.76,10.02,6100
NBF3,2026-09-22,9.45,9.51,26300
EHPL,2026-09-22,351.7,333.8,6179
DDBL,2026-09-22,864.0,865.5,9883
GBILD86/87,2026-09-22,1090.0,1090.0,25
SHLB,2026-09-22,1320.0,1315.9,40
GCIL,2026-09-22,376.0,382.0,25121
UNL,2026-09-22,47999.0,47999.0,1
SEF2,2026-09-22,9.0,9.12,19910
SHPC,2026-09-22,563.7,538.0,125757
EDBL,2026-09-22,577.0,580.1,15546
RADHI,2026-09-22,712.0,719.9,74585
DHPL,2026-09-22,280.0,279.0,2315
ECL,2026-09-22,1360.0,1330.0,10843
DHEL,2026-09-22,571.0,564.0,20693
JSLBB,2026-09-22,962.0,963.0,462
SIGS3,2026-09-22,10.26,10.26,100
CZBIL,2026-09-22,202.3,214.3,175463
SKHL,2026-09-22,752.0,759.0,10711
NMBUR93/94,2026-09-22,911.1,929.0,75
SIPD,2026-09-22,551.0,571.1,19193
SMPDA,2026-09-22,760.0,757.0,1383
ACLBSL,2026-09-22,890.0,890.0,3412
SGIC,2026-09-22,398.0,397.0,7813
SHIVM,2026-09-22,688.0,684.1,185722
SLBSL,2026-09-22,900.0,912.0,198
NRM,2026-09-22,277.9,294.0,4204
SLBBL,2026-09-22,812.0,820.1,5086
SEF,2026-09-22,9.2,9.74,43748
TAMOR,2026-09-22,542.0,533.0,323001
RSML,2026-09-22,2701.0,2699.0,41123
SKHEL,2026-09-22,855.0,857.9,2781
NWCL,2026-09-22,627.8,612.9,430
SKBBL,2026-09-22,768.0,767.1,11184
SMFBS,2026-09-22,1400.0,1420.0,1007
SJLIC,2026-09-22,417.3,422.9,14681
SOPL,2026-09-22,750.0,748.9,24223
SMHL,2026-09-22,470.0,473.5,37766
UPCL,2026-09-22,345.0,341.0,54107
SBL,2026-09-22,447.5,458.0,333403
NSY,2026-09-22,9.0,9.21,7000
UPPER,2026-09-22,207.5,197.0,73919
NMBMF,2026-09-22,597.0,613.0,3081
SAPIL,2026-09-22,1366.0,1357.3,20495
NLIC,2026-09-22,730.0,755.0,54354
SPL,2026-09-22,605.0,618.3,4011
NICAD2091,2026-09-22,1045.1,1070.0,53
PCBL,2026-09-22,259.0,260.0,216406
NRIC,2026-09-22,840.0,832.0,16729
RMF1,2026-09-22,9.17,9.3,17000
NICBF,2026-09-22,8.9,8.9,1050
NICFC,2026-09-22,8.92,8.93,9955
NICA,2026-09-22,328.0,326.3,61214
NYADI,2026-09-22,367.8,364.5,6046
NSIF2,2026-09-22,10.0,10.16,11244
PRSF,2026-09-22,11.75,11.9,18507
NLG,2026-09-22,535.0,526.0,7222
NICL,2026-09-22,466.1,465.7,34480
OMPL,2026-09-22,898.0,894.9,3387
PBD88,2026-09-22,1210.0,1191.0,175
SIGS2,2026-09-22,9.5,9.46,1900
BPCL,2026-09-22,695.0,688.8,33125
SCB,2026-09-22,660.0,657.0,16227
RLFL,2026-09-22,424.0,422.0,17564
SGHC,2026-09-22,306.3,305.0,47944
NIMB,2026-09-22,205.5,197.0,232106
RHGCL,2026-09-22,272.0,273.9,38868
GILB,2026-09-22,1138.5,1140.0,3948
PCIL,2026-09-22,622.1,615.0,44533
SHEL,2026-09-22,307.6,307.4,70814
PROFL,2026-09-22,386.0,395.0,9318
PURE,2026-09-22,808.0,835.0,10743
PHCL,2026-09-22,328.0,323.0,198684
PRIN,2026-09-22,605.0,609.9,10612
PBD93,2026-09-22,996.0,1069.8,5705
YMHL,2026-09-22,589.4,579.9,25435
PMHPL,2026-09-22,314.5,310.0,4935
SALICO,2026-09-22,555.0,544.0,4097
RURU,2026-09-22,596.0,598.0,14402
SBID83,2026-09-22,1027.0,1027.0,25
ENL,2026-09-22,584.8,559.0,20881
NIMBPO,2026-09-22,149.0,148.8,3946
PMLI,2026-09-22,427.2,432.8,7455
RFPL,2026-09-22,358.8,341.0,30367
TTL,2026-09-22,695.0,698.0,6572
SOHL,2026-09-22,663.0,657.9,214249
VLUCL,2026-09-22,407.5,395.9,10207
RHPL,2026-09-22,176.0,173.9,143989
NICLBSL,2026-09-22,520.0,520.0,15131
ULHC,2026-09-22,320.1,326.1,13207
RAWA,2026-09-22,422.8,428.0,14571
SPC,2026-09-22,411.0,408.0,6320
EBLD85,2026-09-22,1105.1,1160.0,165
UMHL,2026-09-22,566.9,564.5,50946
VLBS,2026-09-22,630.0,641.1,2735
SAEF2,2026-09-22,8.99,9.04,8450
NMFBSP,2026-09-22,655.0,655.0,4000
NMIC,2026-09-22,850.0,836.3,4284
SNORL,2026-09-22,1004.2,970.0,46885
SPIL,2026-09-22,625.1,633.0,1240
SMB,2026-09-22,1845.0,1845.0,850
SPDL,2026-09-22,380.1,366.0,22208
STC,2026-09-22,5552.0,5590.0,7884
SRBLD83,2026-09-22,1025.0,1025.0,200
SAHAS,2026-09-22,695.0,697.0,138553
SAGAR,2026-09-22,1590.0,1647.0,6267
NGPL,2026-09-22,413.0,411.0,132714
GBBL,2026-09-22,456.5,457.3,124504
NIBLGF,2026-09-22,8.85,8.71,116510
SABBL,2026-09-22,897.0,888.0,6523
AVYAN,2026-09-22,1061.0,1050.3,1425
NLICL,2026-09-22,580.9,582.0,22517
NHPC,2026-09-22,274.9,274.0,317874
SAIL,2026-09-22,1000.0,995.0,17313
NMB,2026-09-22,258.2,259.0,140317
NIBSF2,2026-09-22,8.52,8.52,6400
NMBHF2,2026-09-22,8.85,9.05,306820
SANVI,2026-09-22,570.0,580.0,5677
SICL,2026-09-22,573.0,566.0,9422
SAGF,2026-09-22,9.78,9.4,8000
PBD84,2026-09-22,1040.0,1040.1,85
NIBLSTF,2026-09-22,8.6,8.33,19400
NTC,2026-09-22,895.1,920.0,50277
PPL,2026-09-22,325.0,333.0,42660
SMJC,2026-09-22,425.0,420.9,18190
RSY,2026-09-22,9.31,9.3,1800
MEHL,2026-09-22,260.0,259.0,61578
PRVU,2026-09-22,190.0,190.4,193087
LVF2,2026-09-22,9.0,9.1,1200
HLBSL,2026-09-22,878.0,889.6,713
HBL,2026-09-22,198.0,200.0,116095
NRN,2026-09-22,1450.0,1448.0,107990
NICSF,2026-09-22,8.26,8.4,12180
MMF1,2026-09-22,8.78,8.93,19700
GUFL,2026-09-22,510.0,506.0,10264
JHAPA,2026-09-22,1053.0,1060.0,2710
FMDBL,2026-09-22,765.0,820.0,30434
NABIL,2026-09-22,565.0,565.7,90005
USHEC,2026-09-22,503.0,512.0,21462
HLI,2026-09-22,314.0,314.5,60624
CFCL,2026-09-22,565.0,578.2,100409
MLBBL,2026-09-22,1010.5,993.9,914
BGWT,2026-09-22,480.0,490.0,9696
MSLB,2026-09-22,1244.0,1212.0,435
ICFCD88,2026-09-22,1154.0,1160.0,75
MLBSL,2026-09-22,1134.0,1126.0,1026
SSHL,2026-09-22,201.6,213.8,227135
HURJA,2026-09-22,259.0,260.0,121112
HIDCL,2026-09-22,258.0,262.0,121068
HEIP,2026-09-22,318.0,314.1,110
LLBS,2026-09-22,865.0,873.0,19054
MMKJL,2026-09-22,364.0,365.4,12472
JBBL,2026-09-22,364.3,356.0,141988
HIMSTAR,2026-09-22,680.0,656.0,1709
GVL,2026-09-22,495.0,495.2,33937
SMATA,2026-09-22,709.0,712.0,2234
MHNL,2026-09-22,265.0,261.1,15766
ILI,2026-09-22,408.5,435.0,18941
GMFIL,2026-09-22,423.1,431.9,7459
NADEP,2026-09-22,699.0,704.0,2533
NABBC,2026-09-22,765.0,749.0,38083
LICN,2026-09-22,814.0,813.4,18517
LEC,2026-09-22,260.4,260.0,753438
USLB,2026-09-22,1085.0,1100.0,3157
MPFL,2026-09-22,588.6,590.0,15536
HFIN,2026-09-22,631.0,628.4,16421
MBLEF,2026-09-22,9.12,9.27,700
MLBL,2026-09-22,382.7,365.0,27560
MDB,2026-09-22,579.0,570.0,6165
HDL,2026-09-22,1230.0,1284.0,318660
MLBS,2026-09-22,1005.1,1019.8,195
NHDL,2026-09-22,636.0,643.8,2447
KKHC,2026-09-22,283.5,279.0,166184
RBCLPO,2026-09-22,11870.0,11870.0,10
USHL,2026-09-22,515.0,515.0,2040
MHCL,2026-09-22,299.0,300.0,3515
MANDU,2026-09-22,700.0,754.0,19936
MEPDL,2026-09-22,695.0,685.4,32090
ICFC,2026-09-22,606.0,599.8,5100
KSY,2026-09-22,8.82,9.1,800
KBLD86,2026-09-22,1201.0,1201.0,25
BJHL,2026-09-22,660.0,650.0,12081
LSH12,2026-09-22,9.01,9.2,3300
KAHL,2026-09-22,510.0,497.5,21826
HHL,2026-09-22,323.9,342.0,22895
KBL,2026-09-22,228.0,228.0,797064
MHL,2026-09-22,460.0,464.8,15359
JFL,2026-09-22,304.0,282.0,14357
KBSH,2026-09-22,847.8,837.5,4287
NFS,2026-09-22,504.0,495.1,7049
CSY,2026-09-22,8.55,8.54,19510
JBLB,2026-09-22,1270.0,1281.0,6069
KPCL,2026-09-22,470.0,472.0,5534
IHL,2026-09-22,338.0,343.0,10810
ILBS,2026-09-22,1118.0,1004.9,13965
MKJC,2026-09-22,304.0,338.0,113194
LUK,2026-09-22,9.75,9.77,8650
SHINED,2026-09-22,1105.0,1101.0,100
MERO,2026-09-22,605.7,612.0,12849
HEI,2026-09-22,475.0,478.9,15554
KSBBL,2026-09-22,453.1,459.0,31385
SJCL,2026-09-22,262.5,249.7,17854
HPPL,2026-09-22,384.0,381.0,91552
KBLD89,2026-09-22,1275.0,1310.0,50
HIDCLP,2026-09-22,192.0,194.2,99369
KMCDB,2026-09-22,836.5,855.0,6026
KHPL,2026-09-22,735.0,736.5,7031
RBBD2088,2026-09-22,1101.0,1101.0,50
BHPL,2026-09-22,493.0,460.0,8111
KDBY,2026-09-22,10.1,10.19,39755
HLICF,2026-09-22,8.22,8.24,3000700
ICFCD89,2026-09-22,1107.0,1090.1,100
JOSHI,2026-09-22,267.1,269.0,6925
MEN,2026-09-22,650.0,657.0,145006
MNBBL,2026-09-22,336.0,339.9,41594
HRL,2026-09-22,520.0,517.2,57192
MFIL,2026-09-22,740.0,765.0,29967
MKHC,2026-09-22,270.0,265.0,6199
RIDI,2026-09-22,350.0,349.7,320644
EBL,2026-09-22,701.0,698.1,48022
GLH,2026-09-22,271.0,280.0,305289
MNMF1,2026-09-22,9.11,9.22,13215
FOWAD,2026-09-22,910.0,913.0,2899
NABILD87,2026-09-22,1125.0,1134.0,50
APHL,2026-09-22,680.0,684.9,6165
BFC,2026-09-22,464.0,456.0,9965
ALICL,2026-09-22,425.5,439.6,32797
ALBSL,2026-09-22,1173.0,1192.0,13999
AKPL,2026-09-22,258.9,257.7,79712
GMFBS,2026-09-22,1090.0,1122.0,1066
AKJCL,2026-09-22,341.1,364.8,378206
AHL,2026-09-22,400.0,400.0,2036
GIBF1,2026-09-22,11.45,11.6,15950
GSY,2026-09-22,8.93,8.97,3100
GHL,2026-09-22,246.0,254.2,870653
CHCL,2026-09-22,369.7,361.9,73077
MAKAR,2026-09-22,425.0,418.2,132986
LBBL,2026-09-22,485.0,490.8,59865
CYCL,2026-09-22,1482.0,1452.0,25904
SMH,2026-09-22,528.0,523.0,8131
BANDIPUR,2026-09-22,650.0,655.0,17699
DOLTI,2026-09-22,293.6,307.0,32815
IGI,2026-09-22,400.0,403.0,8564
CLI,2026-09-22,439.0,440.2,25764
GBBD85,2026-09-22,1055.0,1057.0,5
BHL,2026-09-22,218.0,217.0,178231
ANLB,2026-09-22,4900.0,4979.9,461
EBLD91,2026-09-22,1077.0,1080.0,50
CCBD88,2026-09-22,1210.0,1210.0,50
DORDI,2026-09-22,263.0,270.0,111209
GMLI,2026-09-22,1000.1,1020.0,1412
GFCL,2026-09-22,580.0,583.7,8444
SIFC,2026-09-22,488.5,485.7,3432
H8020,2026-09-22,11.02,11.0,94422
NIFRAUR85/86,2026-09-22,1010.9,1010.9,25
BNHC,2026-09-22,277.5,283.9,15374
GBIME,2026-09-22,252.0,247.5,455178
CITY,2026-09-22,352.1,361.0,76652
MBJC,2026-09-22,301.0,302.0,65865
BUNGAL,2026-09-22,524.0,525.5,8155
CREST,2026-09-22,1105.0,1099.0,12631
CBLD88,2026-09-22,1200.0,1200.0,25
MKCL,2026-09-22,880.0,886.0,810
DLBS,2026-09-22,1148.5,1166.9,1423
AHPC,2026-09-22,275.0,270.6,100592
ADBL,2026-09-22,316.0,313.9,86402
GLBSL,2026-09-22,1764.0,1727.0,344
BEDC,2026-09-22,296.3,315.9,34871
EBLD86,2026-09-22,1058.6,1090.0,55
CORBL,2026-09-22,800.0,816.0,12374
CKHL,2026-09-22,579.0,588.0,2379
GBIMESY2,2026-09-22,9.0,8.93,1400
NBF2,2026-09-22,9.58,9.6,3020
MABEL,2026-09-22,603.0,595.0,3306
HATHY,2026-09-22,474.9,489.0,960079
HDHPC,2026-09-22,220.0,226.0,487382
CIT,2026-09-22,1740.0,1749.0,9623
MSHL,2026-09-22,542.8,606.0,15749
SAPDBL,2026-09-22,636.0,628.0,12403
GBLBS,2026-09-22,690.0,706.0,6615
GRDBL,2026-09-22,972.0,996.0,6627
MKHL,2026-09-22,511.0,502.6,2714
MEL,2026-09-22,216.0,216.0,33036
NBL,2026-09-22,297.0,297.0,352689
MATRI,2026-09-22,740.0,748.0,572
CHDC,2026-09-22,2387.1,2386.1,23848
BHDC,2026-09-22,435.0,439.8,14426
BNT,2026-09-22,12200.0,12495.1,195
MCHL,2026-09-22,283.0,272.0,9843
CGH,2026-09-22,791.1,786.0,5724
RBCL,2026-09-22,14000.0,14000.0,232
API,2026-09-22,336.0,338.9,229526
CHL,2026-09-22,268.0,269.0,23640
UMRH,2026-09-22,520.5,517.9,5512
RSY2,2026-09-22,9.0,9.16,15500
CBBL,2026-09-22,912.0,960.1,47829
BHCL,2026-09-22,544.0,539.9,25835
BBC,2026-09-22,4190.0,4102.0,394
SBCF,2026-09-22,9.03,9.4,1610
KDL,2026-09-22,618.0,615.5,32593
RSDC,2026-09-22,635.0,640.0,6415
KSBBL,2026-09-18,450.0,457.3,22168
KBSH,2026-09-18,830.1,847.8,1301
MEPDL,2026-09-18,690.0,693.9,26753
SKHL,2026-09-18,742.8,752.0,8456
MERO,2026-09-18,611.0,612.0,906
BHPL,2026-09-18,464.0,470.0,8535
MKJC,2026-09-18,292.8,320.0,84581
AKPL,2026-09-18,253.0,258.9,68110
GMFBS,2026-09-18,1090.0,1117.0,421
GILB,2026-09-18,1120.0,1138.5,1525
SINDU,2026-09-18,410.0,425.0,51624
CLI,2026-09-18,427.0,439.9,22667
PHCL,2026-09-18,321.0,322.5,309485
HEI,2026-09-18,472.0,483.0,7211
MDB,2026-09-18,564.0,567.0,4544
ALBSL,2026-09-18,1175.0,1190.0,20927
CSY,2026-09-18,8.27,8.55,21750
HLI,2026-09-18,315.5,317.0,30564
BBC,2026-09-18,4091.1,4140.0,234
MHNL,2026-09-18,267.0,265.5,21609
BFC,2026-09-18,468.9,464.0,14196
MBL,2026-09-18,254.2,260.8,319484
BHCL,2026-09-18,565.0,544.0,40892
BEDC,2026-09-18,300.0,311.0,40414
HEIP,2026-09-18,313.0,321.0,1658
CITY,2026-09-18,332.0,355.1,78425
CFCL,2026-09-18,587.0,580.0,90109
HIDCL,2026-09-18,253.2,258.9,128092
MATRI,2026-09-18,737.0,739.0,1075
DLBS,2026-09-18,1310.0,1184.0,2079
DORDI,2026-09-18,260.0,262.9,35942
EBL,2026-09-18,691.0,701.0,55918
CREST,2026-09-18,1155.0,1105.0,6020
BHDC,2026-09-18,429.0,435.5,14577
ALICL,2026-09-18,415.0,432.9,72556
GHL,2026-09-18,238.0,243.3,96878
GSY,2026-09-18,8.94,9.2,11120
SMFBS,2026-09-18,1399.9,1430.0,1344
SMH,2026-09-18,518.0,522.0,7271
MBJC,2026-09-18,290.0,301.0,67436
MANDU,2026-09-18,700.0,715.2,13117
CIT,2026-09-18,1735.0,1739.0,4402
CGH,2026-09-18,790.0,794.0,10976
APHL,2026-09-18,695.0,683.5,3853
CORBL,2026-09-18,830.0,824.0,10289
API,2026-09-18,337.9,336.0,266606
ANLB,2026-09-18,4901.0,5005.0,990
EDBL,2026-09-18,575.0,583.9,3035
BGWT,2026-09-18,490.0,481.0,10786
GMFIL,2026-09-18,427.9,428.9,9690
UPCL,2026-09-18,346.0,345.0,49030
BHL,2026-09-18,227.9,217.3,109577
JSLBB,2026-09-18,965.0,988.0,549
SHPC,2026-09-18,528.8,536.9,77423
CYCL,2026-09-18,1450.0,1490.0,12171
DHPL,2026-09-18,278.0,279.5,3260
BANDIPUR,2026-09-18,690.0,654.0,16066
H8020,2026-09-18,12.5,12.52,14300
GCIL,2026-09-18,380.0,376.3,23052
NICL,2026-09-18,461.0,466.9,17353
NGPL,2026-09-18,413.0,410.0,98550
NHPC,2026-09-18,265.1,272.9,272771
JOSHI,2026-09-18,265.0,269.0,11798
AHPC,2026-09-18,268.0,269.5,76823
SLBSL,2026-09-18,890.0,913.0,1861
CHL,2026-09-18,269.0,268.0,13114
GBIME,2026-09-18,260.0,260.9,894556
SBL,2026-09-18,450.0,447.9,484794
NBL,2026-09-18,302.9,296.5,469074
AKJCL,2026-09-18,368.0,359.0,368692
GVL,2026-09-18,496.0,495.0,21015
HLBSL,2026-09-18,874.9,882.0,1259
FMDBL,2026-09-18,733.8,761.0,13023
BARUN,2026-09-18,328.0,335.0,86254
GBLBS,2026-09-18,626.1,678.0,8308
GIBF1,2026-09-18,11.78,11.78,52000
GBILD84/85,2026-09-18,1126.0,1126.0,25
MBLEF,2026-09-18,9.25,9.27,3472
MLBS,2026-09-18,1055.0,1020.0,50
KHPL,2026-09-18,740.2,754.0,4759
LEC,2026-09-18,252.1,259.9,879413
AHL,2026-09-18,378.1,395.0,4500
HDHPC,2026-09-18,226.0,220.5,292304
GBIMEP,2026-09-18,100.0,100.0,19639
BUNGAL,2026-09-18,525.0,529.9,16791
HATHY,2026-09-18,558.6,499.8,263471
SANIMA,2026-09-18,362.2,370.0,186356
MHL,2026-09-18,460.0,470.0,6452
LSL,2026-09-18,250.4,246.4,1107292
BNL,2026-09-18,14400.0,14831.0,20
KKHC,2026-09-18,279.1,281.0,162851
BNHC,2026-09-18,275.2,281.4,26781
HHL,2026-09-18,328.0,340.9,38833
HFIN,2026-09-18,626.0,631.0,21953
JBBL,2026-09-18,343.1,347.0,46565
PRIN,2026-09-18,593.9,602.9,4527
SIPD,2026-09-18,570.0,580.0,29168
JHAPA,2026-09-18,1066.0,1064.0,1994
MKHL,2026-09-18,510.0,511.9,2710
HRL,2026-09-18,519.0,520.0,45942
HIDCLP,2026-09-18,194.0,192.6,128125
MEN,2026-09-18,650.0,646.2,98270
YMHL,2026-09-18,555.0,589.4,73428
NADEP,2026-09-18,690.0,694.0,1109
LSH12,2026-09-18,8.92,9.05,5200
MNMF1,2026-09-18,9.03,9.13,1900
LUK,2026-09-18,9.5,9.5,4000
CBBL,2026-09-18,963.0,960.0,17086
BPCL,2026-09-18,669.0,698.0,218225
KSY,2026-09-18,9.0,9.0,300
IGI,2026-09-18,397.0,408.0,13716
CHCL,2026-09-18,360.0,369.7,119215
JBLB,2026-09-18,1267.0,1272.0,2503
MFIL,2026-09-18,765.0,760.0,21258
ECL,2026-09-18,1340.0,1353.0,5678
ICFC,2026-09-18,609.0,606.0,8460
LLBS,2026-09-18,870.0,871.0,322
VLBS,2026-09-18,621.0,636.0,3677
CZBIL,2026-09-18,218.1,212.9,197396
JFL,2026-09-18,280.0,290.0,21424
UNL,2026-09-18,47999.0,47999.0,10
DOLTI,2026-09-18,307.0,309.0,17350
HDL,2026-09-18,1218.0,1224.0,47540
MLBSL,2026-09-18,1140.0,1133.0,1132
MEHL,2026-09-18,265.0,262.9,109891
HURJA,2026-09-18,265.0,264.0,123680
KDBY,2026-09-18,9.99,10.1,7650
BNT,2026-09-18,12200.0,12450.0,662
HPPL,2026-09-18,387.0,387.0,152034
LBBL,2026-09-18,465.0,493.1,41600
ILI,2026-09-18,419.1,429.9,12831
SKBBL,2026-09-18,769.1,766.0,6304
NABBC,2026-09-18,755.0,805.0,34064
NABIL,2026-09-18,561.0,562.9,71074
C30MF,2026-09-18,10.0,10.0,5000
CKHL,2026-09-18,580.0,596.0,1830
HIMSTAR,2026-09-18,650.0,665.0,3903
BOKD86KA,2026-09-18,1100.6,1100.5,30
GMLI,2026-09-18,970.0,1030.0,1850
GUFL,2026-09-18,510.0,510.0,5813
MEL,2026-09-18,211.1,216.0,29481
MPFL,2026-09-18,596.2,598.0,12817
MLBBL,2026-09-18,977.0,993.0,4075
SKHEL,2026-09-18,870.0,855.0,1680
ENL,2026-09-18,557.5,557.0,20328
ADBL,2026-09-18,308.0,314.0,103595
IHL,2026-09-18,319.0,338.1,24905
KMCDB,2026-09-18,850.0,860.0,3837
BJHL,2026-09-18,649.0,658.9,21621
GBBL,2026-09-18,454.9,455.0,109008
GFCL,2026-09-18,584.0,576.5,7626
ILBS,2026-09-18,930.0,1065.0,6363
MCHL,2026-09-18,274.0,277.7,4471
SIKLES,2026-09-18,580.0,587.0,10908
MHCL,2026-09-18,293.0,299.0,4612
MKHC,2026-09-18,265.6,263.5,13743
ICFCD88,2026-09-18,1129.0,1129.0,25
PURE,2026-09-18,774.2,808.0,5066
MNBBL,2026-09-18,337.0,336.0,23473
MMF1,2026-09-18,8.94,8.78,19500
GLBSL,2026-09-18,1700.0,1725.0,2143
KPCL,2026-09-18,468.0,470.0,10551
SBCF,2026-09-18,9.11,9.3,1200
NMFBS,2026-09-18,1180.0,1190.0,4567
SIGS2,2026-09-18,9.5,9.5,1000
LBLD88,2026-09-18,1122.0,1110.0,30
NSIF2,2026-09-18,9.97,10.0,10300
SAHAS,2026-09-18,695.0,693.4,101829
SBI,2026-09-18,404.1,406.5,30134
LBBLD89,2026-09-18,1285.0,1285.0,30
MSHL,2026-09-18,520.0,527.0,1648
IGIPO,2026-09-18,227.6,241.0,94797
SANVI,2026-09-18,575.0,580.0,9446
TTL,2026-09-18,690.4,695.5,6756
FOWAD,2026-09-18,900.0,913.0,2724
OMPL,2026-09-18,895.0,904.5,2216
SSHL,2026-09-18,212.0,212.1,141204
SNLI,2026-09-18,408.0,419.0,33694
NWCL,2026-09-18,599.0,616.0,3513
SWMF,2026-09-18,599.0,605.5,4613
SAEF2,2026-09-18,8.97,9.26,14550
NYADI,2026-09-18,345.0,367.8,3444
NIL,2026-09-18,530.0,535.5,4931
OHL,2026-09-18,657.8,654.0,515
UHEWA,2026-09-18,600.0,600.0,52883
PFL,2026-09-18,374.5,370.0,8228
RMF2,2026-09-18,10.04,10.17,46000
RSY,2026-09-18,9.3,9.57,600
PPL,2026-09-18,325.0,327.0,27077
PCBL,2026-09-18,252.5,259.0,272648
SHLB,2026-09-18,1325.0,1356.5,368
RHGCL,2026-09-18,270.1,272.9,28943
RURU,2026-09-18,596.0,595.5,5626
NUBL,2026-09-18,597.3,600.0,13816
NICLBSL,2026-09-18,523.0,523.0,3291
RBCL,2026-09-18,13675.0,13675.0,20
SMJC,2026-09-18,420.0,425.0,48632
NIBSF2,2026-09-18,8.61,8.54,17390
PBD88,2026-09-18,1187.0,1200.0,50
NMLBBL,2026-09-18,495.0,506.0,7629
SAGAR,2026-09-18,1560.1,1633.9,12115
RSML,2026-09-18,2701.0,2757.0,51184
NICSF,2026-09-18,8.43,8.51,700
RIDI,2026-09-18,350.9,347.0,322671
PMHPL,2026-09-18,302.7,311.0,13096
NESDO,2026-09-18,1325.1,1351.0,110
USLB,2026-09-18,1050.0,1061.0,769
PSF,2026-09-18,10.98,11.0,77875
PRSF,2026-09-18,11.81,11.85,140100
RADHI,2026-09-18,702.7,712.0,105447
SGHC,2026-09-18,303.0,306.0,36629
SAND2085,2026-09-18,1100.0,1100.0,75
PPCL,2026-09-18,340.1,347.5,15728
SWASTIK,2026-09-18,1810.0,1845.0,482
NIBLSTF,2026-09-18,8.21,8.36,20760
NLIC,2026-09-18,729.1,735.0,51843
SADBL,2026-09-18,420.0,420.6,32577
NMIC,2026-09-18,832.0,845.0,3351
PRVU,2026-09-18,188.0,189.1,187222
VLUCL,2026-09-18,369.6,388.1,2845
HBL,2026-09-18,194.0,198.0,108485
KEF,2026-09-18,9.2,9.52,13800
LICN,2026-09-18,813.0,813.0,45587
KAHL,2026-09-18,492.0,503.0,33370
DHEL,2026-09-18,569.9,571.0,28849
NICAD85/86,2026-09-18,1111.0,1111.0,25
SJCL,2026-09-18,229.9,250.0,38189
RBBF40,2026-09-18,8.9,9.0,2700
USHL,2026-09-18,540.3,514.9,2253
PMLI,2026-09-18,420.0,431.8,11096
NIBLGF,2026-09-18,8.98,8.9,29380
NICFC,2026-09-18,8.75,8.9,1500
KDL,2026-09-18,645.5,617.6,27695
KBL,2026-09-18,220.0,227.0,1426442
ICFCD89,2026-09-18,1099.1,1109.0,75
HLICF,2026-09-18,8.24,8.4,3001967
AVYAN,2026-09-18,1031.0,1064.0,2830
SAGF,2026-09-18,9.5,9.5,250
NHDL,2026-09-18,644.0,639.5,590
NICA,2026-09-18,324.0,328.4,77993
ACLBSL,2026-09-18,880.0,893.0,946
USHEC,2026-09-18,500.0,502.0,8425
PBD93,2026-09-18,1028.0,1048.0,8453
RHPL,2026-09-18,172.0,176.0,156968
NLICL,2026-09-18,575.0,582.0,46056
RMF1,2026-09-18,9.45,9.42,200320
RLFL,2026-09-18,425.0,427.0,15374
TVCL,2026-09-18,309.9,312.0,13373
TRH,2026-09-18,790.3,803.2,10741
SHIVM,2026-09-18,686.0,688.0,259309
NMBUR93/94,2026-09-18,930.0,930.0,50
SBID89,2026-09-18,1141.0,1141.0,10
SCB,2026-09-18,655.1,657.0,11505
NBF2,2026-09-18,9.23,9.31,260
NMB,2026-09-18,251.0,257.9,158905
SPHL,2026-09-18,505.0,513.9,5485
NTC,2026-09-18,892.0,892.0,4473
RLEL,2026-09-18,773.0,764.9,14774
SHEL,2026-09-18,306.3,311.0,126705
SLBBL,2026-09-18,810.0,825.0,8492
MKCL,2026-09-18,899.0,879.0,1976
SONA,2026-09-18,400.0,405.0,48589
UMHL,2026-09-18,550.1,565.0,57902
MAKAR,2026-09-18,415.1,419.0,139521
NIFRAGED,2026-09-18,1028.0,1040.0,75
SAPDBL,2026-09-18,670.0,626.0,21445
PROFL,2026-09-18,369.0,388.2,4995
NSY,2026-09-18,9.0,9.25,4605
NMBHF2,2026-09-18,8.71,8.86,1900
SMB,2026-09-18,1800.0,1845.0,793
SARBTM,2026-09-18,805.0,814.9,11960
TPC,2026-09-18,365.2,370.0,17734
NFS,2026-09-18,508.0,504.0,3992
SIFC,2026-09-18,465.0,484.4,8974
UPPER,2026-09-18,196.5,197.7,98709
SJLIC,2026-09-18,413.0,420.8,14521
SPDL,2026-09-18,363.0,362.0,11488
SOHL,2026-09-18,671.0,665.0,216152
SWBBL,2026-09-18,696.0,709.5,13145
SGHL,2026-09-18,490.0,500.0,89273
GBIMESY2,2026-09-18,8.75,9.16,1300
SFEF,2026-09-18,9.01,9.01,200
EBLD86,2026-09-18,1091.0,1091.0,25
NRIC,2026-09-18,830.0,832.9,13517
NIMBPO,2026-09-18,144.6,147.0,11765
GLH,2026-09-18,251.0,273.5,235225
RSDC,2026-09-18,635.0,632.6,8483
SALICO,2026-09-18,535.0,545.0,4959
NIMB,2026-09-18,191.0,195.8,251933
SEF2,2026-09-18,8.91,9.1,7300
SFMF,2026-09-18,8.96,8.96,300
NRM,2026-09-18,287.0,292.5,6220
TSHL,2026-09-18,365.0,361.0,3338
RAWA,2026-09-18,420.0,426.0,28062
SPL,2026-09-18,602.1,612.2,6250
SMATA,2026-09-18,715.0,711.6,157
SHINED,2026-09-18,1102.0,1101.0,50
NLG,2026-09-18,530.0,530.0,13283
MLBL,2026-09-18,365.0,364.5,33868
SEF,2026-09-18,9.66,9.61,26430
TAMOR,2026-09-18,533.0,547.9,386379
TPKHL,2026-09-18,480.5,524.0,61787
SGIC,2026-09-18,399.8,398.8,7811
SAIL,2026-09-18,959.9,1000.0,15466
NMBMF,2026-09-18,603.0,615.0,7828
EHPL,2026-09-18,338.0,335.0,8045
SICL,2026-09-18,583.0,577.9,1035
SLCF,2026-09-18,9.16,9.25,2070
SPC,2026-09-18,400.0,408.1,6634
NRN,2026-09-18,1440.2,1450.0,51074
SAPIL,2026-09-18,1449.9,1387.0,14961
SPIL,2026-09-18,649.0,635.0,3755
SNORL,2026-09-18,925.1,1057.0,76529
UMRH,2026-09-18,515.0,520.9,2578
RFPL,2026-09-18,335.0,341.8,20681
ULBSL,2026-09-18,2450.0,2535.0,1034
ULHC,2026-09-18,315.0,328.0,12566
SHL,2026-09-18,508.0,516.5,49428
GRDBL,2026-09-18,970.1,1002.0,4996
NIFRA,2026-09-18,250.0,256.0,134583
NICGF2,2026-09-18,8.14,8.7,1500
RNLI,2026-09-18,427.1,443.9,45655
SHINE,2026-09-18,431.0,430.0,89356
PCIL,2026-09-18,618.0,621.8,22742
MMKJL,2026-09-18,351.1,364.5,7166
RSY2,2026-09-18,9.0,9.0,5000
SMHL,2026-09-18,466.4,470.9,52408
DDBL,2026-09-18,856.9,864.0,11379
NICAD2091,2026-09-18,1055.2,1055.2,25
STC,2026-09-18,5811.9,5650.0,1699
SYPNL,2026-09-18,1318.0,1311.0,24836
UNHPL,2026-09-18,348.0,361.2,35209
SOPL,2026-09-18,717.0,754.0,27626
MABEL,2026-09-18,582.1,603.8,15376
LVF2,2026-09-18,9.02,9.15,1050
MSLB,2026-09-18,1195.0,1209.9,1215
SIGS3,2026-09-18,10.3,10.33,8041
CHDC,2026-09-18,2350.0,2387.0,32622
NBF3,2026-09-18,9.41,9.68,16900
UAIL,2026-09-18,376.0,382.0,15329
UNLB,2026-09-18,1289.0,1250.0,80
SABBL,2026-09-18,891.0,897.0,4819
SMPDA,2026-09-18,750.0,755.0,2190
SRLI,2026-09-18,368.2,376.0,51652
GBBLPO,2026-09-18,230.9,230.9,3101
ENL,2026-09-17,568.0,557.0,26898
NRM,2026-09-17,299.5,295.0,4495
MHCL,2026-09-17,292.0,293.0,6153
BHL,2026-09-17,218.0,217.1,129215
UAIL,2026-09-17,388.0,378.0,4950
PFL,2026-09-17,380.0,374.9,7544
GCIL,2026-09-17,385.0,379.0,24792
SWASTIK,2026-09-17,1855.0,1840.0,620
HBL,2026-09-17,196.0,194.4,45993
HDL,2026-09-17,1215.0,1217.0,30134
SPC,2026-09-17,377.0,406.0,4717
API,2026-09-17,345.0,335.6,350329
CSY,2026-09-17,8.35,8.51,14680
PRVU,2026-09-17,188.0,186.5,129892
MLBSL,2026-09-17,1140.0,1125.0,1228
ULBSL,2026-09-17,2450.0,2538.0,714
GHL,2026-09-17,246.0,246.6,386800
ALICL,2026-09-17,421.0,417.0,17510
BGWT,2026-09-17,490.0,492.0,8712
SAIL,2026-09-17,1055.0,998.1,26481
SOPL,2026-09-17,760.0,754.0,18981
SAEF2,2026-09-17,9.01,9.1,8700
HLI,2026-09-17,313.0,311.9,33092
CORBL,2026-09-17,831.5,833.9,7578
MLBS,2026-09-17,1000.0,1035.1,128
CLI,2026-09-17,428.0,433.0,12932
CYCL,2026-09-17,1496.9,1458.0,5738
SKHEL,2026-09-17,859.0,855.0,4580
FOWAD,2026-09-17,900.0,900.0,4519
SGIC,2026-09-17,395.1,395.0,10780
ADBL,2026-09-17,306.0,308.7,90092
DORDI,2026-09-17,262.5,261.8,56982
BHPL,2026-09-17,436.1,460.9,3996
GVL,2026-09-17,490.0,494.8,19943
BNHC,2026-09-17,276.9,279.8,10847
SIFC,2026-09-17,465.0,484.0,5262
HFIN,2026-09-17,627.0,626.0,25027
RSDC,2026-09-17,640.0,628.0,2181
SKHL,2026-09-17,770.1,752.0,10383
CZBIL,2026-09-17,195.7,207.8,139787
KBSH,2026-09-17,836.4,835.1,6191
ALBSL,2026-09-17,1180.0,1215.0,23605
GUFL,2026-09-17,513.0,502.0,8516
SLBBL,2026-09-17,810.0,809.0,5630
PHCL,2026-09-17,314.0,323.0,384411
DDBL,2026-09-17,853.0,853.0,12313
DOLTI,2026-09-17,301.0,306.0,22341
AHPC,2026-09-17,267.0,268.0,126354
CHL,2026-09-17,270.0,269.7,15764
BUNGAL,2026-09-17,526.0,528.5,6981
BFC,2026-09-17,468.0,464.1,15582
BJHL,2026-09-17,651.0,649.4,5383
DHEL,2026-09-17,561.8,565.0,9863
CGH,2026-09-17,778.8,792.2,2371
SHEL,2026-09-17,305.0,306.0,67790
BHCL,2026-09-17,535.0,547.2,86304
NSIF2,2026-09-17,9.97,10.26,5955
MMF1,2026-09-17,9.0,8.97,8109
NRN,2026-09-17,1449.9,1455.0,100078
NIBD84,2026-09-17,1026.3,1035.0,75
SINDU,2026-09-17,439.0,429.0,34130
ILI,2026-09-17,422.2,420.0,11648
LSL,2026-09-17,235.0,238.5,373392
PMLI,2026-09-17,423.1,423.1,12703
NIMBPO,2026-09-17,141.3,144.0,2353
TPKHL,2026-09-17,505.9,504.6,26244
KAHL,2026-09-17,493.5,495.0,17165
SADBL,2026-09-17,417.6,420.9,37707
SPDL,2026-09-17,373.9,363.0,28869
TVCL,2026-09-17,295.0,309.9,3377
GBLBS,2026-09-17,646.5,659.0,1343
UMRH,2026-09-17,525.0,513.0,4075
SALICO,2026-09-17,551.0,540.0,6874
NFS,2026-09-17,515.0,508.0,4569
NGPL,2026-09-17,408.0,409.0,120338
NIMB,2026-09-17,195.0,191.9,63356
PPCL,2026-09-17,349.0,344.0,4573
SYPNL,2026-09-17,1340.0,1315.0,32453
NIL,2026-09-17,539.0,534.9,5065
NICSF,2026-09-17,8.35,8.68,4700
NICGF2,2026-09-17,8.53,8.56,2101
ILBSP,2026-09-17,455.0,455.0,5000
NHPC,2026-09-17,269.0,265.0,142101
GLH,2026-09-17,264.0,264.0,61499
BANDIPUR,2026-09-17,651.1,658.0,28092
PRIN,2026-09-17,600.0,600.0,7600
SHIVM,2026-09-17,685.0,685.5,396612
MFIL,2026-09-17,741.3,765.0,18279
PMHPL,2026-09-17,317.0,308.0,14248
LVF2,2026-09-17,9.06,9.06,300
RSML,2026-09-17,2740.0,2745.0,61443
SICL,2026-09-17,587.0,571.0,8316
NMB,2026-09-17,250.0,251.5,71314
MCHL,2026-09-17,265.8,278.0,3905
MBJC,2026-09-17,295.0,297.0,81416
SIGS2,2026-09-17,9.6,9.62,49040
SONA,2026-09-17,403.0,403.0,38707
SMPDA,2026-09-17,745.0,750.0,943
NICFC,2026-09-17,8.7,8.8,1400
SPIL,2026-09-17,622.2,635.0,4328
USLB,2026-09-17,1049.0,1070.0,2335
RFPL,2026-09-17,335.0,339.0,20161
MEN,2026-09-17,652.0,649.1,131558
SGHL,2026-09-17,500.0,495.0,57221
SPHL,2026-09-17,505.0,515.9,3519
YMHL,2026-09-17,555.0,555.0,22866
ICFCD88,2026-09-17,1120.0,1120.0,25
UHEWA,2026-09-17,626.8,607.9,27728
SAPDBL,2026-09-17,631.3,639.9,18627
SMPDAP,2026-09-17,396.0,396.0,3000
SANIMA,2026-09-17,370.0,364.3,137214
VLBS,2026-09-17,620.0,628.0,392
SEF2,2026-09-17,9.03,9.1,22100
MLBBL,2026-09-17,953.0,965.0,2817
NMIC,2026-09-17,860.0,836.6,4151
UNL,2026-09-17,48500.0,48500.0,10
NICA,2026-09-17,322.0,325.0,63062
SBI,2026-09-17,406.0,404.0,8245
UPPER,2026-09-17,200.5,199.2,195419
SKBBL,2026-09-17,773.0,768.0,4239
ULHC,2026-09-17,335.0,318.0,9696
TAMOR,2026-09-17,528.0,533.0,199266
KBL,2026-09-17,220.0,218.0,243348
MEHL,2026-09-17,250.0,264.0,121480
KSBBL,2026-09-17,457.0,452.0,18618
KMCDB,2026-09-17,854.0,867.5,16039
USHL,2026-09-17,513.2,514.6,276
SPL,2026-09-17,654.0,619.0,27892
SABBL,2026-09-17,909.1,900.0,5039
KKHC,2026-09-17,290.0,282.0,100354
RIDI,2026-09-17,350.0,346.0,135769
KDL,2026-09-17,620.0,614.8,43235
SSHL,2026-09-17,215.0,213.0,182147
SAPIL,2026-09-17,1400.0,1389.8,20802
STC,2026-09-17,5590.0,5600.0,4828
UNLB,2026-09-17,1255.9,1262.0,655
UPCL,2026-09-17,345.0,343.0,31592
RHPL,2026-09-17,170.0,171.7,67190
SLCF,2026-09-17,9.2,9.2,100
LLBS,2026-09-17,865.0,865.0,55
HIDCL,2026-09-17,267.7,253.2,62869
JOSHI,2026-09-17,269.0,270.0,16390
SJCL,2026-09-17,240.0,242.0,10705
MHNL,2026-09-17,259.9,268.0,63093
OMPL,2026-09-17,920.0,907.0,1234
MBLEF,2026-09-17,9.25,9.21,900
HPPL,2026-09-17,383.9,387.0,96798
SAHAS,2026-09-17,700.0,691.9,80598
SAGAR,2026-09-17,1610.0,1590.0,3971
MNBBL,2026-09-17,340.0,335.0,42382
HATHY,2026-09-17,605.0,588.0,18271
HEI,2026-09-17,478.0,481.5,11127
SIPD,2026-09-17,600.0,588.0,12221
JBBL,2026-09-17,345.0,343.3,104825
NADEP,2026-09-17,704.9,702.9,790
GSY,2026-09-17,9.0,8.91,2800
MEL,2026-09-17,216.0,216.8,19589
HURJA,2026-09-17,262.0,266.9,346261
MKHL,2026-09-17,500.0,511.5,2565
CFCL,2026-09-17,549.9,570.0,33413
SHLB,2026-09-17,1320.2,1320.2,10
SHL,2026-09-17,510.0,515.0,70692
RLFL,2026-09-17,449.4,431.5,14890
SJLIC,2026-09-17,426.0,418.0,8052
SMATA,2026-09-17,711.0,711.0,535
SRLI,2026-09-17,365.1,371.0,15831
NIFRA,2026-09-17,250.0,250.0,98801
TRH,2026-09-17,825.0,801.2,7411
SBL,2026-09-17,440.0,447.0,756922
KHPL,2026-09-17,770.0,763.0,5104
NMFBS,2026-09-17,1150.0,1179.0,12850
MMKJL,2026-09-17,363.7,360.0,3709
LEC,2026-09-17,252.0,252.1,542654
JFL,2026-09-17,285.0,289.9,14565
HRL,2026-09-17,520.0,519.0,49239
SLBSL,2026-09-17,920.0,900.0,342
NABIL,2026-09-17,560.0,560.0,51747
KDBY,2026-09-17,9.91,10.12,1600
LICN,2026-09-17,785.0,806.0,141256
ACLBSL,2026-09-17,890.0,879.1,1668
PBD93,2026-09-17,1036.0,1041.0,13707
NICL,2026-09-17,463.0,461.0,8473
RHGCL,2026-09-17,269.9,273.1,43634
RURU,2026-09-17,626.7,596.0,1346
RBCL,2026-09-17,14000.0,13655.0,50
PCIL,2026-09-17,618.0,624.1,33288
PPL,2026-09-17,318.0,326.9,22248
SWBBL,2026-09-17,710.0,704.1,5732
PRSF,2026-09-17,11.97,11.8,2363
RLEL,2026-09-17,800.0,773.0,21759
PROFL,2026-09-17,380.0,388.0,1000
RAWA,2026-09-17,405.0,422.0,21886
KSY,2026-09-17,8.78,9.03,2700
LBLD86,2026-09-17,1085.0,1117.5,5
GBIME,2026-09-17,260.0,258.2,254365
LBBL,2026-09-17,462.0,488.0,87393
EHPL,2026-09-17,339.0,332.4,6245
AHL,2026-09-17,380.0,378.1,1829
NHDL,2026-09-17,649.0,640.0,626
APHL,2026-09-17,698.0,692.0,6525
SNORL,2026-09-17,921.0,930.0,26169
NIBSF2,2026-09-17,8.61,8.61,14710
NWCL,2026-09-17,619.6,610.0,1793
H8020,2026-09-17,12.4,12.55,29430
NSY,2026-09-17,8.91,9.25,10600
RMF1,2026-09-17,9.46,9.5,2200
LUK,2026-09-17,9.5,9.35,1730
NIBLSTF,2026-09-17,8.33,8.4,21690
TPC,2026-09-17,374.0,371.0,18829
PSF,2026-09-17,10.95,10.98,43900
NESDO,2026-09-17,1314.4,1351.0,238
NUBL,2026-09-17,585.0,586.0,4755
JHAPA,2026-09-17,1077.0,1053.0,2053
DHPL,2026-09-17,276.0,278.9,1842
SAGF,2026-09-17,9.4,9.5,2986
HLICF,2026-09-17,8.26,8.4,1500
NLIC,2026-09-17,726.0,729.1,33969
RADHI,2026-09-17,712.0,703.0,47217
RSY,2026-09-17,9.11,9.57,6000
RMF2,2026-09-17,9.7,9.75,300
AKJCL,2026-09-17,333.0,352.9,331657
GMFBS,2026-09-17,1100.0,1116.0,275
BARUN,2026-09-17,329.0,327.0,44988
MABEL,2026-09-17,595.0,594.6,5145
SBCF,2026-09-17,9.0,9.3,10500
LSH12,2026-09-17,9.03,9.04,7100
SMJC,2026-09-17,425.0,419.9,13704
GRDBL,2026-09-17,942.0,994.4,8250
SNLI,2026-09-17,401.0,408.0,22761
NBF2,2026-09-17,9.5,9.3,11600
GBBL,2026-09-17,457.0,453.0,145127
AKPL,2026-09-17,257.9,254.0,103576
IHL,2026-09-17,329.0,324.3,4035
GBIMEP,2026-09-17,100.0,100.0,337767
PBD84,2026-09-17,1039.3,1039.2,25
EDBL,2026-09-17,575.0,579.6,6505
NICBF,2026-09-17,8.91,9.16,1550
SWMF,2026-09-17,591.1,596.0,4285
JSLBB,2026-09-17,956.5,979.7,111
GBIMESY2,2026-09-17,8.82,8.9,4100
ILBS,2026-09-17,925.0,969.9,7385
BPCL,2026-09-17,645.0,672.7,39217
BHDC,2026-09-17,430.6,429.0,7282
CHCL,2026-09-17,356.0,359.0,50423
CIT,2026-09-17,1744.9,1735.0,4589
FMDBL,2026-09-17,741.0,744.7,4406
SANVI,2026-09-17,579.0,578.0,12573
GIBF1,2026-09-17,11.25,11.83,90760
CKHL,2026-09-17,599.3,597.0,3682
GMLI,2026-09-17,998.8,1000.0,1654
KEF,2026-09-17,9.52,9.4,2200
SEF,2026-09-17,9.5,9.67,48804
NLG,2026-09-17,547.0,537.0,7956
RNLI,2026-09-17,435.0,433.0,25977
SHPC,2026-09-17,530.0,531.0,93545
RBBF40,2026-09-17,8.83,8.9,1900
AVYAN,2026-09-17,1070.0,1055.0,1217
IGI,2026-09-17,411.7,402.0,16951
GMFIL,2026-09-17,429.0,426.9,10739
SIGS3,2026-09-17,10.24,10.24,100
HDHPC,2026-09-17,230.0,224.2,267565
SMB,2026-09-17,1848.5,1815.0,375
SMH,2026-09-17,529.0,518.4,9145
PURE,2026-09-17,827.5,789.0,5980
MSLB,2026-09-17,1228.0,1212.0,1226
SMHL,2026-09-17,465.0,467.5,56307
UNHPL,2026-09-17,363.0,364.9,23535
RSY2,2026-09-17,8.95,9.1,3400
C30MF,2026-09-17,9.96,9.86,300
SMFBS,2026-09-17,1400.0,1400.0,225
MBL,2026-09-17,254.3,256.9,68124
NABBC,2026-09-17,720.0,793.0,40405
MNMF1,2026-09-17,9.18,9.12,3700
EBLD86,2026-09-17,1059.6,1059.6,25
HLBSL,2026-09-17,867.1,865.0,634
HHL,2026-09-17,333.0,334.8,11117
BEDC,2026-09-17,305.0,302.0,15780
NBL,2026-09-17,287.0,288.5,198024
SFEF,2026-09-17,9.0,9.1,104085
BNL,2026-09-17,14420.0,14420.0,10
MAKAR,2026-09-17,421.0,418.1,105851
HEIP,2026-09-17,325.0,304.0,545
ECL,2026-09-17,1300.0,1355.0,9778
MKCL,2026-09-17,910.0,895.0,1823
ADBLD83,2026-09-17,1035.0,1035.0,300
NLICL,2026-09-17,578.0,578.9,16843
NBF3,2026-09-17,9.26,9.7,22500
CHDC,2026-09-17,2365.0,2367.0,36529
MPFL,2026-09-17,595.0,598.8,20380
SARBTM,2026-09-17,801.0,805.0,10107
MANDU,2026-09-17,710.0,701.1,9298
MHL,2026-09-17,460.0,464.0,5476
MLBL,2026-09-17,358.7,361.4,30060
HIMSTAR,2026-09-17,663.0,660.0,2425
TSHL,2026-09-17,355.0,362.0,5587
MDB,2026-09-17,580.0,568.5,6793
NRIC,2026-09-17,865.0,837.0,14433
MFLD85,2026-09-17,1102.0,1102.0,150
ANLB,2026-09-17,4900.0,5035.0,175
BBC,2026-09-17,4220.0,4105.0,372
NMLBBL,2026-09-17,504.1,499.7,6707
CREST,2026-09-17,1149.5,1100.0,5091
NIBLGF,2026-09-17,8.7,8.73,15700
GFCL,2026-09-17,580.0,575.9,5739
NICLBSL,2026-09-17,525.0,522.9,2971
DLBS,2026-09-17,1055.0,1248.0,4652
USHEC,2026-09-17,500.0,503.0,8579
MSHL,2026-09-17,538.0,531.1,361
SBID2090,2026-09-17,1060.0,1060.0,350
NMBHF2,2026-09-17,8.51,8.85,2750
MEPDL,2026-09-17,680.0,693.8,44171
KPCL,2026-09-17,466.1,468.0,3805
PCBL,2026-09-17,245.0,251.8,227337
GLBSL,2026-09-17,1640.0,1695.0,458
SHINE,2026-09-17,433.0,430.0,39706
NMBMF,2026-09-17,615.0,602.5,1135
TTL,2026-09-17,717.9,702.0,8707
JBLB,2026-09-17,1285.0,1267.0,2589
MERO,2026-09-17,590.0,611.0,3138
SIKLES,2026-09-17,580.0,586.0,24804
CBBL,2026-09-17,956.0,956.9,24040
SCB,2026-09-17,651.2,655.0,20223
HIDCLP,2026-09-17,193.9,192.0,56183
MATRI,2026-09-17,740.1,759.0,1298
PBLD87,2026-09-17,1125.0,1125.0,10
UMHL,2026-09-17,550.0,550.0,42333
SOHL,2026-09-17,650.0,671.0,356147
NTC,2026-09-17,880.0,892.0,3711
VLUCL,2026-09-17,387.0,389.0,2538
ICFC,2026-09-17,610.0,603.0,4890
NYADI,2026-09-17,369.0,361.0,5873
OHL,2026-09-17,650.0,651.9,2390
NMBUR93/94,2026-09-17,934.0,934.0,75
EBL,2026-09-17,700.0,691.0,81983
SGHC,2026-09-17,289.4,305.0,26627
CITY,2026-09-17,350.0,348.0,42120
GILB,2026-09-17,1126.0,1135.0,2178
MKJC,2026-09-17,295.5,294.0,21258
MKHC,2026-09-17,261.0,261.0,16647
SFEF,2026-09-16,9.12,9.2,24515
GMFIL,2026-09-16,434.9,421.9,7476
BANDIPUR,2026-09-16,620.0,643.5,23068
MLBSL,2026-09-16,1149.9,1125.0,935
EHPL,2026-09-16,348.1,330.0,17266
CYCL,2026-09-16,1465.0,1500.0,11242
KAHL,2026-09-16,490.9,493.5,22537
JBLB,2026-09-16,1285.0,1279.0,2036
DDBL,2026-09-16,860.0,849.9,12133
TRH,2026-09-16,787.2,810.0,3025
KBL,2026-09-16,221.0,218.0,398524
NBF2,2026-09-16,9.83,9.55,1100
HLBSL,2026-09-16,870.0,867.0,826
BNL,2026-09-16,13920.0,14000.0,35
MPFL,2026-09-16,618.0,594.9,18141
MAKAR,2026-09-16,418.5,419.0,94922
BBC,2026-09-16,4136.0,4100.0,254
JSLBB,2026-09-16,950.0,986.0,332
MNMF1,2026-09-16,9.1,9.18,8650
HEI,2026-09-16,477.0,477.0,19915
RMF2,2026-09-16,9.56,9.76,300
JHAPA,2026-09-16,1090.0,1066.0,3625
RAWA,2026-09-16,400.0,415.0,19946
MABEL,2026-09-16,609.0,602.0,4951
SINDU,2026-09-16,455.0,430.0,49440
MHL,2026-09-16,474.0,463.9,4635
HLICF,2026-09-16,8.24,8.26,700
MLBBL,2026-09-16,955.0,950.1,1513
MFLD85,2026-09-16,1100.0,1104.0,75
PCBL,2026-09-16,245.1,245.0,80305
TAMOR,2026-09-16,526.0,526.1,227845
NICBF,2026-09-16,8.9,8.91,600
EDBL,2026-09-16,570.0,568.2,1709
NLIC,2026-09-16,730.0,725.0,17503
OMPL,2026-09-16,905.0,904.0,2624
SMH,2026-09-16,528.9,519.0,8130
MLBS,2026-09-16,1040.0,1020.0,258
GHL,2026-09-16,247.0,245.7,256666
LVF2,2026-09-16,9.06,9.33,5500
MKCL,2026-09-16,940.0,911.0,692
NESDO,2026-09-16,1370.0,1354.9,1171
ADBLD83,2026-09-16,1038.5,1038.5,10
LUK,2026-09-16,9.31,9.34,200
GBIME,2026-09-16,256.0,258.0,225137
MND84/85,2026-09-16,1068.0,1068.0,20
SADBL,2026-09-16,415.0,417.6,19994
HDHPC,2026-09-16,216.0,228.0,1663890
MHCL,2026-09-16,297.7,290.1,7025
USHEC,2026-09-16,503.0,496.2,10615
NRM,2026-09-16,295.0,295.0,6085
NIMB,2026-09-16,193.0,192.0,93883
RSDC,2026-09-16,641.9,630.0,1769
GBBD85,2026-09-16,1055.1,1055.0,2
MLBL,2026-09-16,358.0,358.1,19730
MBLEF,2026-09-16,9.11,9.25,6200
CORBL,2026-09-16,850.0,831.4,8909
SMJC,2026-09-16,420.3,422.0,13023
OHL,2026-09-16,637.0,643.0,573
HHL,2026-09-16,330.0,333.0,20420
SWBBL,2026-09-16,709.0,699.0,5672
HDL,2026-09-16,1220.0,1204.0,37178
SBL,2026-09-16,429.5,431.0,164853
BNHC,2026-09-16,276.6,276.9,8421
LBBL,2026-09-16,484.0,483.5,48158
BPCL,2026-09-16,675.0,676.9,75851
NIMBPO,2026-09-16,140.1,143.6,15171
GRDBL,2026-09-16,950.0,971.0,4216
GCIL,2026-09-16,383.0,376.1,39187
SOPL,2026-09-16,765.0,760.0,24460
CHL,2026-09-16,265.0,267.4,21345
PCBLP,2026-09-16,105.0,105.0,13639
RMF1,2026-09-16,9.46,9.46,21675
SNLI,2026-09-16,427.3,401.1,20299
UMHL,2026-09-16,555.0,552.0,42243
DLBS,2026-09-16,1063.1,1110.0,3293
NICFC,2026-09-16,8.7,8.96,5905
NWCL,2026-09-16,620.9,590.1,3568
RSY,2026-09-16,9.3,9.39,7820
NABIL,2026-09-16,565.0,560.0,55113
RHPL,2026-09-16,175.0,170.7,91312
SJCL,2026-09-16,240.6,240.0,23281
CGH,2026-09-16,800.0,791.0,3793
BGWT,2026-09-16,500.0,490.0,10273
RNLI,2026-09-16,433.0,429.2,23089
STC,2026-09-16,5500.0,5540.0,1218
GBBL,2026-09-16,457.0,453.3,165462
MKJC,2026-09-16,293.0,294.5,57894
UNLB,2026-09-16,1282.0,1230.0,240
HBL,2026-09-16,190.0,193.9,70051
ICFCD89,2026-09-16,1081.8,1095.0,105
SLBBL,2026-09-16,802.0,810.0,4895
MEPDL,2026-09-16,675.0,703.0,68537
SAEF2,2026-09-16,8.97,9.0,3500
NICL,2026-09-16,458.9,460.0,17982
LICN,2026-09-16,771.1,779.0,13977
KSY,2026-09-16,8.81,8.84,400
ULHC,2026-09-16,350.0,327.0,4356
KHPL,2026-09-16,751.0,754.0,2441
NLG,2026-09-16,558.9,538.7,15487
GSY,2026-09-16,8.9,9.15,1100
MMF1,2026-09-16,8.63,8.97,4169
SICL,2026-09-16,583.5,571.0,2881
HRL,2026-09-16,525.0,520.2,59164
UNHPL,2026-09-16,368.0,357.0,19535
NFS,2026-09-16,516.0,507.9,5322
SHEL,2026-09-16,303.4,305.8,68525
KSBBL,2026-09-16,457.6,457.0,14902
PSF,2026-09-16,10.85,10.91,18050
PCIL,2026-09-16,625.0,618.0,56677
CZBIL,2026-09-16,210.0,206.0,64343
MEL,2026-09-16,215.0,214.7,19959
SHINED,2026-09-16,1101.0,1101.0,50
PFL,2026-09-16,374.1,373.0,33240
SIFC,2026-09-16,493.5,484.0,5469
DORDI,2026-09-16,259.8,255.6,37921
SBCF,2026-09-16,9.3,9.03,30800
ULBSL,2026-09-16,2486.0,2514.0,411
RSML,2026-09-16,2886.0,2810.0,88468
BUNGAL,2026-09-16,535.0,525.0,18561
KKHC,2026-09-16,280.0,288.0,256907
BHL,2026-09-16,220.0,216.1,295942
HFIN,2026-09-16,662.0,627.9,24103
CIZBD86,2026-09-16,1210.0,1210.0,22
SIPD,2026-09-16,608.0,600.0,7147
YMHL,2026-09-16,593.2,555.0,20220
PRVU,2026-09-16,189.6,187.7,117522
SHL,2026-09-16,509.0,508.1,20290
TTL,2026-09-16,694.0,697.0,10566
GMLI,2026-09-16,992.0,998.8,2960
KDL,2026-09-16,626.8,614.6,54477
NICGF2,2026-09-16,8.51,8.54,18020
BJHL,2026-09-16,645.2,647.8,6468
SHINE,2026-09-16,433.3,427.6,44675
APHL,2026-09-16,715.0,693.0,13271
SPIL,2026-09-16,640.0,635.4,1908
MEN,2026-09-16,654.0,652.7,149739
SPC,2026-09-16,410.0,392.3,8200
GBLBS,2026-09-16,657.0,660.0,4816
AHL,2026-09-16,370.0,377.8,3706
IGI,2026-09-16,400.0,402.0,6954
ALICL,2026-09-16,422.9,416.0,21569
NICSF,2026-09-16,8.5,8.5,7245
HIDCLP,2026-09-16,203.3,190.0,147130
LLBS,2026-09-16,855.0,877.0,1575
PURE,2026-09-16,800.0,788.1,5795
LSH12,2026-09-16,9.0,9.04,2500
KMCDB,2026-09-16,777.6,854.0,15417
PBLD86,2026-09-16,1103.0,1104.1,3
MEHL,2026-09-16,255.0,255.0,127283
H8020,2026-09-16,12.43,12.4,183008
CBBL,2026-09-16,960.0,950.0,16872
SBID89,2026-09-16,1141.0,1142.0,50
MKHC,2026-09-16,266.7,258.1,15395
NIL,2026-09-16,534.0,533.0,13068
MERO,2026-09-16,620.0,609.0,5547
NABILD87,2026-09-16,1101.0,1101.0,25
NSIF2,2026-09-16,9.95,10.0,300
CIT,2026-09-16,1740.0,1730.0,3013
BHCL,2026-09-16,529.9,534.0,30909
MFIL,2026-09-16,740.0,756.0,30712
ECL,2026-09-16,1375.0,1343.0,14415
MHNL,2026-09-16,258.0,254.0,24164
NRIC,2026-09-16,855.0,840.0,30687
SCB,2026-09-16,655.0,650.1,6942
PMLI,2026-09-16,426.0,423.4,6136
MMKJL,2026-09-16,356.0,358.7,4626
RURU,2026-09-16,630.0,596.9,12181
PRIN,2026-09-16,603.0,600.0,19333
MANDU,2026-09-16,700.0,697.0,18491
BEDC,2026-09-16,305.1,304.0,20877
NUBL,2026-09-16,585.0,580.0,11557
TPC,2026-09-16,373.9,365.0,17721
NBF3,2026-09-16,9.05,9.41,6886
NYADI,2026-09-16,361.1,368.9,4128
LEC,2026-09-16,256.6,250.0,580098
KDBY,2026-09-16,9.99,10.15,32900
BARUN,2026-09-16,332.0,328.0,60054
DHPL,2026-09-16,278.0,274.0,2712
ACLBSL,2026-09-16,899.0,894.0,608
NGPL,2026-09-16,415.0,408.9,134142
SMHL,2026-09-16,472.0,462.7,33204
NRN,2026-09-16,1441.0,1439.9,88769
MNBBL,2026-09-16,340.0,336.0,30889
NADEP,2026-09-16,718.0,690.0,2782
FOWAD,2026-09-16,920.0,895.0,3917
NIMBD90,2026-09-16,1176.5,1176.5,25
GUFL,2026-09-16,522.0,509.0,19811
PPCL,2026-09-16,345.0,342.9,11541
MKHL,2026-09-16,486.0,500.0,1972
NMFBS,2026-09-16,1151.4,1148.0,13433
SWASTIK,2026-09-16,1885.0,1801.0,434
NMIC,2026-09-16,860.0,859.9,5392
RHGCL,2026-09-16,268.0,264.0,36462
BNT,2026-09-16,11830.0,11850.0,65
PROFL,2026-09-16,390.0,390.0,10849
ADBL,2026-09-16,302.0,305.5,23508
ICFCD83,2026-09-16,868.4,921.2,2
UPPER,2026-09-16,199.0,196.7,157905
CKHL,2026-09-16,575.0,599.3,1045
GVL,2026-09-16,498.0,493.8,13988
UPCL,2026-09-16,340.0,343.0,37201
PHCL,2026-09-16,311.0,310.0,94455
PBD88,2026-09-16,1167.0,1200.0,163
JFL,2026-09-16,290.0,291.0,26738
NIBLGF,2026-09-16,8.6,8.48,406450
MATRI,2026-09-16,750.0,759.0,2238
SAIL,2026-09-16,1060.0,1005.0,31179
SPHL,2026-09-16,521.0,515.0,6691
ILBS,2026-09-16,921.0,957.9,12507
SPDL,2026-09-16,363.0,368.0,33148
LSL,2026-09-16,232.2,232.5,313812
SGHC,2026-09-16,305.0,304.6,26635
CREST,2026-09-16,1120.0,1094.8,1750
GLH,2026-09-16,260.0,257.2,68879
ILI,2026-09-16,425.0,418.9,7165
CHCL,2026-09-16,360.5,354.9,70515
RADHI,2026-09-16,716.0,701.2,39193
NICLBSL,2026-09-16,540.0,521.0,2957
VLBS,2026-09-16,630.0,627.9,1997
TVCL,2026-09-16,317.6,310.0,3590
HIMSTAR,2026-09-16,680.0,663.5,1935
MDB,2026-09-16,582.5,570.0,2234
SBLD89,2026-09-16,1297.0,1297.0,50
USHL,2026-09-16,512.0,523.5,691
RSY2,2026-09-16,9.1,9.05,241553
NICA,2026-09-16,345.0,322.0,73845
SBLD2091,2026-09-16,1194.69,1206.0,8838
SANIMA,2026-09-16,375.0,373.1,170597
SAPIL,2026-09-16,1389.0,1400.0,21458
CFCL,2026-09-16,545.0,565.9,49832
GFCL,2026-09-16,584.9,579.0,4433
NHDL,2026-09-16,635.5,633.0,810
SANVI,2026-09-16,590.0,573.0,13716
SONA,2026-09-16,406.0,401.9,36302
EBL,2026-09-16,732.5,727.5,84991
USLB,2026-09-16,1050.0,1029.0,1032
NTC,2026-09-16,900.0,890.0,8865
SLBSL,2026-09-16,891.5,914.9,990
MCHL,2026-09-16,272.8,274.0,3756
KSBBLD87,2026-09-16,1112.2,1112.2,25
SKBBL,2026-09-16,773.0,765.0,8823
JOSHI,2026-09-16,270.0,268.8,16989
KEF,2026-09-16,9.22,9.5,2440
RLEL,2026-09-16,836.6,784.9,15646
ICFCD88,2026-09-16,1121.0,1121.0,25
NABBC,2026-09-16,703.3,745.0,39738
CITY,2026-09-16,355.0,345.4,74901
SJLIC,2026-09-16,419.0,416.0,10630
SHLB,2026-09-16,1358.0,1358.0,10
SGIC,2026-09-16,403.0,394.0,16998
SARBTM,2026-09-16,805.0,800.0,10139
NMB,2026-09-16,247.5,249.0,53847
GBIMESY2,2026-09-16,8.85,8.86,200
SHIVM,2026-09-16,682.0,676.3,243901
SIKLES,2026-09-16,575.0,582.0,10482
SMPDA,2026-09-16,736.0,743.0,334
RBCLPO,2026-09-16,11525.6,11525.6,60
PMHPL,2026-09-16,323.0,310.0,6513
RLFL,2026-09-16,439.0,428.0,10450
HLI,2026-09-16,315.0,309.5,32390
SIGS3,2026-09-16,10.36,10.36,860
AKPL,2026-09-16,265.0,256.0,70356
HURJA,2026-09-16,265.0,257.0,235007
BHDC,2026-09-16,434.0,429.0,9757
SALICO,2026-09-16,536.1,541.0,6484
SOHL,2026-09-16,660.0,653.0,231110
HIDCL,2026-09-16,260.0,255.0,106152
NHPC,2026-09-16,269.0,263.7,194518
SAGF,2026-09-16,9.38,9.4,1450
SSHL,2026-09-16,198.4,212.0,561763
NSY,2026-09-16,9.12,9.12,12600
NIBSF2,2026-09-16,8.8,8.62,27310
API,2026-09-16,344.0,339.1,249346
PRSF,2026-09-16,11.97,11.82,92600
NIFRA,2026-09-16,255.0,250.8,62512
UAIL,2026-09-16,387.1,378.0,13385
NMBMF,2026-09-16,600.1,600.0,1292
NLICL,2026-09-16,579.5,568.0,14943
MSHL,2026-09-16,562.0,538.0,2050
RBCL,2026-09-16,13898.0,13601.0,160
PPL,2026-09-16,312.0,320.0,29636
C30MF,2026-09-16,9.96,9.96,100
SRLI,2026-09-16,365.1,369.0,20792
CSY,2026-09-16,8.32,8.35,6190
MSLB,2026-09-16,1200.0,1195.0,1554
GILB,2026-09-16,1110.1,1116.0,2044
SEF,2026-09-16,9.5,9.57,61300
TPKHL,2026-09-16,500.0,505.9,27223
SRBLD83,2026-09-16,1020.8,1020.6,25
KPCL,2026-09-16,474.0,465.3,14630
FMDBL,2026-09-16,748.0,738.0,10278
SMB,2026-09-16,1830.0,1830.0,1125
SKHL,2026-09-16,754.1,749.1,12632
GMFBS,2026-09-16,1102.8,1122.5,414
SKHEL,2026-09-16,853.1,835.0,2464
AKJCL,2026-09-16,355.0,346.5,199222
SMATA,2026-09-16,725.0,710.0,1243
NIBLSTF,2026-09-16,8.32,8.3,208732
UHEWA,2026-09-16,600.0,597.0,27430
DOLTI,2026-09-16,311.0,306.0,18467
RFPL,2026-09-16,335.0,336.0,22909
ANLB,2026-09-16,4980.0,5010.0,558
UNL,2026-09-16,47959.9,48410.0,120
UMRH,2026-09-16,513.0,513.0,3793
PBD93,2026-09-16,1020.0,1036.0,3501
RIDI,2026-09-16,355.1,349.2,252869
ALBSL,2026-09-16,1180.0,1201.0,26915
SBI,2026-09-16,411.0,406.0,3336
SPL,2026-09-16,595.0,622.9,2949
ENL,2026-09-16,574.0,554.0,32485
SHPC,2026-09-16,529.0,525.0,82648
NBL,2026-09-16,288.1,284.7,179797
VLUCL,2026-09-16,390.0,384.0,7274
DHEL,2026-09-16,580.0,564.0,10670
HATHY,2026-09-16,612.0,606.0,12575
BHPL,2026-09-16,460.0,459.0,3192
SIGS2,2026-09-16,9.82,9.6,11185
SWMF,2026-09-16,600.0,590.0,2563
SAHAS,2026-09-16,698.3,694.0,75869
AHPC,2026-09-16,273.9,266.8,82227
SMFBS,2026-09-16,1398.0,1375.0,302
CHDC,2026-09-16,2338.0,2368.0,49081
NIFRAGED,2026-09-16,1025.0,1025.4,50
GIBF1,2026-09-16,11.65,11.5,8200
SNORL,2026-09-16,894.9,919.9,38566
SLCF,2026-09-16,9.2,9.48,4900
SABBL,2026-09-16,912.0,892.5,12155
IHL,2026-09-16,324.0,327.0,9160
SAPDBL,2026-09-16,626.0,649.7,34983
MBJC,2026-09-16,295.0,295.0,47308
SAGAR,2026-09-16,1700.0,1590.0,5898
NMLBBL,2026-09-16,500.1,504.9,6169
AVYAN,2026-09-16,1056.0,1040.0,2419
SYPNL,2026-09-16,1340.0,1318.0,29873
NMBHF2,2026-09-16,9.0,8.47,285500
HPPL,2026-09-16,380.0,385.0,89853
GLBSL,2026-09-16,1660.0,1689.0,353
HEIP,2026-09-16,322.2,320.0,910
MBL,2026-09-16,257.0,254.1,142182
KBSH,2026-09-16,866.0,834.0,7102
JBBL,2026-09-16,348.5,342.5,25534
SGHL,2026-09-16,499.9,497.0,46218
TSHL,2026-09-16,366.0,350.0,5320
RBBF40,2026-09-16,9.2,9.02,900
EBLD91,2026-09-16,1085.0,1110.0,150
CLI,2026-09-16,440.0,428.0,13628
SEF2,2026-09-16,9.05,9.06,6000
ICFC,2026-09-16,605.0,602.4,6921
CCBD88,2026-09-16,1210.0,1210.0,25
BFC,2026-09-16,466.0,467.0,39068
HLBSL,2026-09-15,914.0,879.9,722
MKHC,2026-09-15,272.0,267.0,26478
LEC,2026-09-15,262.5,256.8,1062567
PCIL,2026-09-15,620.0,632.1,59453
SAGF,2026-09-15,9.5,9.38,12400
KAHL,2026-09-15,510.0,506.0,42865
UAIL,2026-09-15,396.0,387.0,39426
NESDO,2026-09-15,1385.0,1370.0,842
MND84/85,2026-09-15,1037.7,1037.7,25
SMHL,2026-09-15,470.0,465.0,90419
SLCF,2026-09-15,9.25,9.2,2700
RSY2,2026-09-15,8.8,9.2,17150
SGIC,2026-09-15,400.0,396.0,21305
SBCF,2026-09-15,9.33,9.33,100
NGPL,2026-09-15,420.0,417.0,331950
GIBF1,2026-09-15,11.25,11.6,15130
PRVU,2026-09-15,194.0,189.6,281196
AVYAN,2026-09-15,1085.0,1078.0,4929
PRSF,2026-09-15,11.74,11.94,115400
HDHPC,2026-09-15,222.0,216.5,225624
IGI,2026-09-15,406.8,404.0,13075
MMF1,2026-09-15,8.9,8.89,43172
SSHL,2026-09-15,215.0,208.8,281037
JOSHI,2026-09-15,263.7,271.8,35338
GSY,2026-09-15,9.27,9.15,3100
SAPDBL,2026-09-15,650.0,642.0,21851
TPC,2026-09-15,379.0,374.9,44037
KDBY,2026-09-15,10.55,10.19,33300
KBLD90,2026-09-15,1301.6,1301.6,20
SPHL,2026-09-15,551.0,526.9,7655
GWFD83,2026-09-15,1030.0,1045.0,482
BFC,2026-09-15,468.3,470.1,47958
NHPC,2026-09-15,276.0,267.5,284481
OMPL,2026-09-15,926.0,906.0,8004
MNMF1,2026-09-15,9.15,9.11,5550
SICL,2026-09-15,580.0,580.0,8832
SARBTM,2026-09-15,834.0,807.0,34102
MKJC,2026-09-15,301.0,290.0,19856
NICSF,2026-09-15,8.5,8.5,1200
MSLB,2026-09-15,1219.5,1200.0,3766
KBL,2026-09-15,222.0,221.6,428456
MDB,2026-09-15,575.0,572.9,15397
SBL,2026-09-15,443.0,429.5,225605
NBL,2026-09-15,296.0,288.0,275179
NICL,2026-09-15,469.0,457.9,35536
RHPL,2026-09-15,175.1,172.1,151557
SIFC,2026-09-15,492.3,485.0,26586
ENL,2026-09-15,580.0,574.0,49688
SMJC,2026-09-15,432.0,432.0,35593
HLICF,2026-09-15,8.23,8.26,6610
GMFBS,2026-09-15,1170.0,1136.9,469
NMBHF2,2026-09-15,8.92,9.18,15700
SADBL,2026-09-15,432.0,418.7,48862
SWMF,2026-09-15,610.0,604.0,5361
HRL,2026-09-15,542.0,530.0,114291
RLFL,2026-09-15,445.0,439.0,51905
CIT,2026-09-15,1750.0,1740.0,7997
KPCL,2026-09-15,488.0,475.0,11973
SAPIL,2026-09-15,1487.3,1420.0,36823
MKHL,2026-09-15,530.0,511.0,1819
MLBL,2026-09-15,374.0,364.0,40156
HATHY,2026-09-15,624.0,612.0,31802
MMKJL,2026-09-15,372.0,358.0,12550
RHGCL,2026-09-15,271.5,275.0,40917
GMFIL,2026-09-15,442.0,433.7,13155
UHEWA,2026-09-15,622.0,600.0,38892
CLI,2026-09-15,446.0,436.5,16589
GBLBS,2026-09-15,673.0,657.0,5370
NSIF2,2026-09-15,10.0,9.95,109398
NIFRA,2026-09-15,259.0,255.0,189774
MFIL,2026-09-15,792.0,756.0,41145
EBLD86,2026-09-15,1120.0,1090.0,50
SMPDA,2026-09-15,778.0,750.0,1189
SAIL,2026-09-15,1039.5,1012.7,30921
GHL,2026-09-15,257.0,247.8,224695
NICGF2,2026-09-15,8.51,8.55,650
SEF,2026-09-15,9.58,9.78,56535
SHIVM,2026-09-15,685.0,681.0,462655
API,2026-09-15,350.0,343.9,825838
LVF2,2026-09-15,8.83,9.34,1703
NICLBSL,2026-09-15,540.0,532.0,12791
BBC,2026-09-15,4299.0,4136.0,1601
PBD88,2026-09-15,1180.0,1180.0,50
SMH,2026-09-15,534.0,529.9,16250
GBBL,2026-09-15,460.0,455.0,298241
HEIP,2026-09-15,320.0,313.0,7350
ICFCD89,2026-09-15,1085.4,1095.0,100
GFCL,2026-09-15,598.0,577.1,13594
SGHL,2026-09-15,513.0,508.3,106605
ICFCD88,2026-09-15,1118.0,1118.0,15
NABILD87,2026-09-15,1101.0,1101.0,115
DDBL,2026-09-15,885.0,861.0,14222
LSH12,2026-09-15,8.7,9.0,3350
SKBBL,2026-09-15,795.0,773.0,20004
UNHPL,2026-09-15,370.0,367.8,24255
STC,2026-09-15,5722.0,5500.0,1793
NICBF,2026-09-15,8.6,8.95,10521
SMATA,2026-09-15,735.0,724.0,4105
UPCL,2026-09-15,350.0,350.0,84421
GUFL,2026-09-15,518.6,521.0,19254
NIMBPO,2026-09-15,144.0,141.0,2870
SRLI,2026-09-15,379.0,371.5,41888
MLBS,2026-09-15,1069.0,1066.0,1587
SBI,2026-09-15,425.0,409.9,78404
SONA,2026-09-15,409.0,405.5,100002
TRH,2026-09-15,838.0,811.0,14618
NMLBBL,2026-09-15,527.0,512.0,11316
FMDBL,2026-09-15,780.0,748.0,11872
JBBL,2026-09-15,357.0,348.5,105944
MAKAR,2026-09-15,430.0,418.4,173461
SMFBS,2026-09-15,1443.0,1441.0,256
MABEL,2026-09-15,640.0,613.0,17076
APHL,2026-09-15,731.0,715.0,15332
NUBL,2026-09-15,605.0,580.0,16969
VLBS,2026-09-15,650.0,626.1,1878
GMLI,2026-09-15,1033.8,1020.1,2177
RMF2,2026-09-15,9.57,9.76,200
NHDL,2026-09-15,661.0,635.5,4522
AKPL,2026-09-15,269.0,260.0,133001
MHNL,2026-09-15,260.0,260.0,38029
HFIN,2026-09-15,640.0,649.0,44107
RMF1,2026-09-15,9.4,9.45,6600
SOHL,2026-09-15,660.0,654.0,246236
RIDI,2026-09-15,367.0,355.0,319097
MHL,2026-09-15,484.0,473.4,7223
TTL,2026-09-15,728.0,710.0,11878
GRDBL,2026-09-15,986.0,975.0,7800
RFPL,2026-09-15,347.8,343.0,43912
TPKHL,2026-09-15,520.0,512.0,32976
KSBBL,2026-09-15,455.0,457.0,37632
PPCL,2026-09-15,355.0,348.0,15764
USLB,2026-09-15,1059.0,1049.0,3146
GBBD85,2026-09-15,1050.1,1055.1,50
MFLD85,2026-09-15,1095.0,1096.0,200
CREST,2026-09-15,1112.0,1099.9,7767
PMHPL,2026-09-15,312.0,319.9,20819
MERO,2026-09-15,643.0,616.8,24191
BHDC,2026-09-15,430.0,433.7,25555
CFCL,2026-09-15,602.0,573.0,186977
BNL,2026-09-15,13516.0,13515.0,40
LLBS,2026-09-15,906.1,860.0,3046
SLBBL,2026-09-15,840.0,810.0,5004
NBLD82,2026-09-15,1023.9,1054.6,51
CHDC,2026-09-15,2367.7,2318.0,49810
GCIL,2026-09-15,376.0,384.0,59204
EBLD91,2026-09-15,1090.0,1090.0,35
GBIMESY2,2026-09-15,8.75,8.85,915
PSF,2026-09-15,11.1,11.16,72660
GBILD84/85,2026-09-15,1134.9,1134.9,25
SWASTIK,2026-09-15,1904.0,1854.0,558
NIBSF2,2026-09-15,8.41,8.66,12025
PHCL,2026-09-15,305.0,313.6,253167
SPDL,2026-09-15,370.0,370.0,98941
NABBC,2026-09-15,735.0,700.4,59785
RSML,2026-09-15,3082.0,2879.0,111596
NBF2,2026-09-15,9.6,9.83,3810
NIFRAGED,2026-09-15,1025.2,1025.2,50
SIKLES,2026-09-15,599.0,575.2,10498
SHINE,2026-09-15,434.0,432.0,91448
SEF2,2026-09-15,9.0,9.1,6475
NICA,2026-09-15,329.0,329.9,146946
USHL,2026-09-15,530.0,525.0,4924
IHL,2026-09-15,318.0,326.5,16907
SANIMA,2026-09-15,390.0,375.0,356506
BHCL,2026-09-15,549.0,530.0,60333
NLG,2026-09-15,561.6,549.0,13819
SIGS2,2026-09-15,9.29,9.54,5448
CORBL,2026-09-15,858.0,838.9,17443
BARUN,2026-09-15,335.1,332.0,95942
JBLB,2026-09-15,1329.0,1285.0,6948
SWBBL,2026-09-15,709.5,700.0,13475
SFEF,2026-09-15,9.37,9.4,14500
SHLB,2026-09-15,1406.0,1400.0,486
EHPL,2026-09-15,340.0,331.6,19111
SYPNL,2026-09-15,1380.0,1337.0,65873
ICFC,2026-09-15,598.0,602.0,16644
TVCL,2026-09-15,315.0,317.6,18545
ADBL,2026-09-15,317.0,308.0,71582
AHPC,2026-09-15,279.0,273.0,193414
ALBSL,2026-09-15,1220.0,1210.0,33860
FOWAD,2026-09-15,933.0,910.0,4736
SGHC,2026-09-15,315.0,309.6,49118
LBBL,2026-09-15,508.0,487.0,47162
MBL,2026-09-15,263.0,257.7,193525
NADEP,2026-09-15,719.0,718.0,4014
CHL,2026-09-15,273.0,266.0,19276
EDBL,2026-09-15,600.0,579.0,23291
SOPL,2026-09-15,792.0,768.0,37061
SIPD,2026-09-15,639.0,608.0,46209
RLEL,2026-09-15,829.0,828.0,30058
NYADI,2026-09-15,375.0,372.0,13778
KHPL,2026-09-15,792.0,768.7,16750
GILB,2026-09-15,1173.0,1129.0,7242
USHEC,2026-09-15,522.9,503.0,23516
SBID83,2026-09-15,1029.3,1030.1,395
EBL,2026-09-15,760.2,732.0,71236
RBBD2088,2026-09-15,1060.0,1070.0,50
NRN,2026-09-15,1519.0,1468.0,194242
SHEL,2026-09-15,310.0,308.0,106322
ACLBSL,2026-09-15,921.0,900.0,2249
ULBSL,2026-09-15,2660.0,2560.0,1081
SCB,2026-09-15,682.0,653.0,10110
HURJA,2026-09-15,264.0,263.0,308689
KSY,2026-09-15,8.81,8.85,500
HPPL,2026-09-15,398.0,383.9,118948
MHCL,2026-09-15,299.0,297.7,9782
SAEF2,2026-09-15,9.0,9.05,4600
NBLD87,2026-09-15,1060.9,1060.0,100
RSDC,2026-09-15,640.0,642.9,5124
NIL,2026-09-15,550.0,534.0,9434
SMB,2026-09-15,1888.0,1830.0,808
NRM,2026-09-15,304.0,297.1,17218
KKHC,2026-09-15,275.0,280.0,269603
NIBLSTF,2026-09-15,8.25,8.36,1470
MEN,2026-09-15,665.0,651.0,167193
NLIC,2026-09-15,744.0,730.0,48932
BNHC,2026-09-15,289.0,279.0,46494
SPIL,2026-09-15,622.0,639.0,45256
MNBBL,2026-09-15,351.0,340.0,70972
NTC,2026-09-15,912.0,895.0,23205
JHAPA,2026-09-15,1110.0,1095.0,7522
KEF,2026-09-15,9.1,9.5,25800
UNLB,2026-09-15,1256.4,1244.9,380
BHL,2026-09-15,221.5,216.0,233450
BNT,2026-09-15,11850.0,11838.0,118
SJCL,2026-09-15,252.0,246.7,36472
ECL,2026-09-15,1400.0,1384.0,25029
NBF3,2026-09-15,9.36,9.23,27730
ADBLD83,2026-09-15,1040.0,1038.0,550
DOLTI,2026-09-15,322.0,311.9,37993
CHCL,2026-09-15,375.0,360.1,95387
NWCL,2026-09-15,612.5,620.9,4347
JFL,2026-09-15,286.0,295.0,50407
KMCDB,2026-09-15,850.0,818.5,12542
CYCL,2026-09-15,1574.0,1490.0,6753
RADHI,2026-09-15,734.0,713.0,110061
RURU,2026-09-15,626.6,600.0,11278
UMRH,2026-09-15,536.0,518.3,6209
SKHEL,2026-09-15,871.0,871.0,4333
NIBLGF,2026-09-15,8.65,8.6,42700
TSHL,2026-09-15,367.7,365.0,5156
YMHL,2026-09-15,580.0,565.0,34064
DLBS,2026-09-15,1001.0,1119.0,2315
ILI,2026-09-15,438.9,425.8,20369
BGWT,2026-09-15,521.0,505.0,17191
GLH,2026-09-15,270.0,263.0,121052
HDL,2026-09-15,1251.0,1217.9,68142
CITY,2026-09-15,362.0,352.0,116091
NLICL,2026-09-15,590.0,578.9,45566
BEDC,2026-09-15,319.0,309.9,28347
NMB,2026-09-15,255.0,252.6,125430
NSY,2026-09-15,9.1,9.4,3917
SINDU,2026-09-15,421.0,450.0,71376
NRIC,2026-09-15,858.0,844.5,36969
NICFC,2026-09-15,8.65,8.71,1600
SKHL,2026-09-15,783.4,764.5,10676
HBL,2026-09-15,195.0,195.1,111185
PBD93,2026-09-15,1025.0,1040.0,3215
CZBIL,2026-09-15,212.1,208.9,155343
SNLI,2026-09-15,410.0,407.0,31361
PPL,2026-09-15,338.0,328.0,43658
SPC,2026-09-15,417.5,400.0,18596
SNORL,2026-09-15,913.0,894.9,41026
UNL,2026-09-15,47000.0,47000.0,10
HEI,2026-09-15,495.0,488.7,15034
SPL,2026-09-15,662.0,624.2,1793
MLBSL,2026-09-15,1108.0,1119.0,2245
NABILD2089,2026-09-15,1105.0,1105.0,25
UPPER,2026-09-15,202.6,199.0,248785
LICN,2026-09-15,801.0,774.0,37688
MEHL,2026-09-15,255.0,255.0,134952
SJLIC,2026-09-15,429.0,419.9,28754
MANDU,2026-09-15,734.0,697.0,11916
HIMSTAR,2026-09-15,687.0,676.0,2732
VLUCL,2026-09-15,404.0,390.0,11842
H8020,2026-09-15,12.35,12.33,108436
ALICL,2026-09-15,424.0,418.0,38690
CBBL,2026-09-15,998.0,959.8,29907
OHL,2026-09-15,640.0,640.0,2033
ANLB,2026-09-15,5121.0,5020.0,1060
MBJC,2026-09-15,300.0,295.0,74756
GVL,2026-09-15,494.0,498.0,43381
MATRI,2026-09-15,750.0,758.0,1086
MCHL,2026-09-15,270.0,272.8,8576
HIDCLP,2026-09-15,195.0,193.9,308640
LSL,2026-09-15,240.8,236.3,838214
HIDCL,2026-09-15,258.8,257.6,211629
BHPL,2026-09-15,482.8,470.0,8733
MBLEF,2026-09-15,9.22,9.32,13600
DHPL,2026-09-15,288.0,278.1,8880
NFS,2026-09-15,520.0,516.0,13750
MKCL,2026-09-15,909.0,920.0,2828
NABIL,2026-09-15,581.0,560.0,100142
BJHL,2026-09-15,682.0,664.9,11748
MSHL,2026-09-15,549.9,560.0,2381
PURE,2026-09-15,811.6,799.9,8313
MEPDL,2026-09-15,675.0,673.5,45155
RNLI,2026-09-15,451.0,436.3,75061
NMFBS,2026-09-15,1175.0,1150.9,15401
EBLD85,2026-09-15,1105.1,1105.1,25
GLBSL,2026-09-15,1689.0,1660.0,292
PMLI,2026-09-15,434.7,428.0,18876
NIMB,2026-09-15,197.5,192.0,278811
KDL,2026-09-15,645.0,625.0,61290
JSLBB,2026-09-15,1020.0,969.9,442
BUNGAL,2026-09-15,549.0,538.0,30027
BANDIPUR,2026-09-15,677.0,651.9,37986
RBBF40,2026-09-15,8.9,9.11,800
NMIC,2026-09-15,860.0,865.2,12797
CKHL,2026-09-15,619.0,605.0,1305
UMHL,2026-09-15,539.0,557.3,98144
SAGAR,2026-09-15,1625.0,1622.0,13195
SAHAS,2026-09-15,725.0,697.1,99662
SABBL,2026-09-15,939.0,912.0,12636
C30MF,2026-09-15,10.15,10.15,10350
SIGS3,2026-09-15,10.25,10.38,50900
AKJCL,2026-09-15,361.0,353.0,345701
RAWA,2026-09-15,434.0,420.0,42047
ILBS,2026-09-15,880.1,948.0,8375
DORDI,2026-09-15,263.0,257.0,78741
HLI,2026-09-15,319.0,315.1,53593
RBCL,2026-09-15,13350.0,13601.0,314
MLBBL,2026-09-15,999.0,975.0,1692
BPCL,2026-09-15,686.0,673.9,92913
PROFL,2026-09-15,400.0,394.0,10787
SANVI,2026-09-15,613.0,589.0,14131
SHL,2026-09-15,530.2,509.9,44897
LUK,2026-09-15,9.28,9.5,2300
CGH,2026-09-15,825.0,798.0,25080
RSY,2026-09-15,9.2,9.3,2700
SLBSL,2026-09-15,920.0,917.0,1790
MPFL,2026-09-15,592.0,620.0,26160
SHPC,2026-09-15,548.0,531.0,146109
SALICO,2026-09-15,561.0,550.0,10762
ULHC,2026-09-15,347.0,334.0,40348
CSY,2026-09-15,8.2,8.35,13400
NMBMF,2026-09-15,617.0,605.0,2724
HHL,2026-09-15,352.0,338.0,37735
KBSH,2026-09-15,877.0,866.0,9732
PCBL,2026-09-15,250.0,245.0,151325
GBIME,2026-09-15,260.0,257.1,315862
AHL,2026-09-15,368.7,376.1,5222
TAMOR,2026-09-15,525.0,527.0,332158
MEL,2026-09-15,226.0,216.0,40879
RBCLPO,2026-09-15,11536.0,11882.0,40
PRIN,2026-09-15,630.0,610.2,14313
DHEL,2026-09-15,598.0,575.0,17708
MSHL,2026-09-14,510.0,525.0,644
NIMB,2026-09-14,185.0,188.1,87303
SJLIC,2026-09-14,406.0,409.5,5523
NICLBSL,2026-09-14,506.0,517.0,3750
CBBL,2026-09-14,942.0,951.0,30022
CIZBD86,2026-09-14,1210.0,1210.0,91
BANDIPUR,2026-09-14,639.0,644.8,27396
AKPL,2026-09-14,255.0,256.7,83551
MEPDL,2026-09-14,637.0,643.5,15111
NIBLSTF,2026-09-14,8.4,8.5,1650
HLBSL,2026-09-14,855.0,871.0,670
OHL,2026-09-14,619.9,625.0,1730
SKHEL,2026-09-14,854.0,830.5,2388
NICFC,2026-09-14,8.45,8.6,1100
SIGS3,2026-09-14,10.1,10.17,400
NSY,2026-09-14,9.06,9.13,2800
PSF,2026-09-14,10.7,10.84,119544
BEDC,2026-09-14,298.0,304.0,14388
NADEP,2026-09-14,679.0,685.0,1287
HHL,2026-09-14,326.0,336.0,11785
RSY,2026-09-14,9.19,9.2,600
BBC,2026-09-14,3965.0,4098.0,662
HEI,2026-09-14,460.0,471.9,9682
PRVUPO,2026-09-14,100.0,100.0,30813
ICFC,2026-09-14,590.0,586.6,5533
HIDCLP,2026-09-14,189.1,188.3,112984
NMBHF2,2026-09-14,8.9,8.92,200400
HLICF,2026-09-14,8.2,8.24,300
FOWAD,2026-09-14,878.0,889.0,1132
NIFRAGED,2026-09-14,1014.3,1025.1,50
GFCL,2026-09-14,565.0,569.6,3308
PBD93,2026-09-14,1010.0,1038.0,6899
NHDL,2026-09-14,611.0,630.0,2764
PROFL,2026-09-14,379.0,381.0,5861
GBLBS,2026-09-14,649.7,641.9,1835
GHL,2026-09-14,251.8,244.9,328440
MLBS,2026-09-14,1000.0,1019.0,989
NICSF,2026-09-14,8.2,8.6,2600
RURU,2026-09-14,576.6,596.8,2689
ADBL,2026-09-14,300.0,302.0,23638
CITY,2026-09-14,347.4,344.9,70040
SLBBL,2026-09-14,784.5,801.0,5713
UNLB,2026-09-14,1233.9,1222.0,625
ILI,2026-09-14,410.0,418.0,7926
MEN,2026-09-14,640.0,646.9,106682
GBIMESY2,2026-09-14,8.75,8.75,700
NSIF2,2026-09-14,9.87,10.08,3600
NIL,2026-09-14,520.0,524.0,18315
SEF,2026-09-14,9.5,9.56,18033
SKHL,2026-09-14,749.4,746.1,6351
CREST,2026-09-14,1055.0,1060.2,4094
RADHI,2026-09-14,719.0,700.0,65131
PPCL,2026-09-14,342.9,338.9,20449
RSDC,2026-09-14,627.0,622.0,2581
CKHL,2026-09-14,590.0,590.0,440
RMF2,2026-09-14,9.75,9.75,100
AKJCL,2026-09-14,340.0,343.9,199427
SKBBL,2026-09-14,756.0,758.3,7044
CZBIL,2026-09-14,200.0,202.0,32466
SOHL,2026-09-14,650.0,655.0,157371
NMBMF,2026-09-14,580.0,588.0,989
RBCL,2026-09-14,13365.0,13330.0,101
SAND2085,2026-09-14,1113.1,1100.0,135
RFPL,2026-09-14,330.0,337.7,26706
KSBBL,2026-09-14,440.0,449.0,16228
UPPER,2026-09-14,199.3,193.0,86344
PPL,2026-09-14,302.0,322.0,23096
HURJA,2026-09-14,249.0,252.0,213347
NLICL,2026-09-14,565.0,565.0,3009
RLEL,2026-09-14,759.0,789.9,19826
MLBL,2026-09-14,354.0,357.0,5581
MERO,2026-09-14,600.1,613.0,12419
NYADI,2026-09-14,348.0,367.8,9386
IGI,2026-09-14,390.0,395.0,4359
PRIN,2026-09-14,593.1,602.0,5810
NLG,2026-09-14,516.0,534.9,23531
LBBL,2026-09-14,484.5,484.0,17004
NMFBS,2026-09-14,1125.0,1120.0,2227
SHLB,2026-09-14,1300.0,1340.0,191
TRH,2026-09-14,781.0,799.0,13042
RSML,2026-09-14,2840.0,2936.0,60604
KDL,2026-09-14,621.0,616.0,50267
LLBS,2026-09-14,860.0,863.0,211
SHEL,2026-09-14,299.0,300.3,35041
PRVU,2026-09-14,176.9,185.3,108987
SICL,2026-09-14,523.0,560.0,9377
NICAD2091,2026-09-14,1082.0,1082.0,25
SAHAS,2026-09-14,720.0,696.0,64267
SARBTM,2026-09-14,791.0,795.0,11765
EDBL,2026-09-14,566.0,572.5,2003
SIPD,2026-09-14,607.8,609.0,31407
GVL,2026-09-14,480.5,494.0,26087
SINDU,2026-09-14,394.0,405.3,47416
SMB,2026-09-14,1769.8,1800.0,764
RHPL,2026-09-14,169.8,166.8,70565
KBL,2026-09-14,215.0,216.9,169944
SAGF,2026-09-14,9.3,9.4,500
USHL,2026-09-14,535.0,520.0,1033
SMJC,2026-09-14,400.5,412.3,9267
KKHC,2026-09-14,274.5,272.0,96533
TTL,2026-09-14,680.0,694.0,4406
SADBL,2026-09-14,414.5,412.0,16077
TAMOR,2026-09-14,498.0,516.9,398521
USLB,2026-09-14,983.1,1010.0,1098
SAPIL,2026-09-14,1400.0,1444.0,43535
SEF2,2026-09-14,8.68,9.0,4200
SANVI,2026-09-14,580.0,584.8,14195
ACLBSL,2026-09-14,880.0,878.0,1139
ALBSL,2026-09-14,1122.0,1192.1,50848
HPPL,2026-09-14,381.0,379.5,76245
SHL,2026-09-14,505.0,505.0,28074
NTC,2026-09-14,884.0,886.0,3280
SGHC,2026-09-14,296.0,300.0,29323
EHPL,2026-09-14,331.8,326.0,10528
UAIL,2026-09-14,370.0,377.5,6581
SBL,2026-09-14,418.7,422.0,155348
SWBBL,2026-09-14,687.0,688.9,3042
BNHC,2026-09-14,270.0,276.0,26049
MHCL,2026-09-14,280.0,285.0,3206
NCCD86,2026-09-14,1204.0,1204.0,25
ECL,2026-09-14,1300.0,1373.0,18439
SIFC,2026-09-14,478.4,479.5,12158
SIGS2,2026-09-14,9.55,9.55,2500
UMRH,2026-09-14,519.0,511.2,8961
NBL,2026-09-14,278.0,282.5,112412
KPCL,2026-09-14,455.0,465.0,6540
SBCF,2026-09-14,9.33,9.33,500
PBLD84,2026-09-14,1070.0,1080.0,100
TPC,2026-09-14,350.0,361.0,17383
SPIL,2026-09-14,577.0,604.0,1931
LUK,2026-09-14,9.7,9.28,11670
DORDI,2026-09-14,248.0,251.0,38218
GBIME,2026-09-14,250.0,253.0,135724
MAKAR,2026-09-14,402.2,410.0,99925
MKHL,2026-09-14,495.1,505.0,1594
RLFL,2026-09-14,424.9,432.0,30669
CSY,2026-09-14,8.18,8.45,4300
NICL,2026-09-14,435.0,446.9,9372
NRN,2026-09-14,1439.0,1448.0,171552
MSLB,2026-09-14,1166.2,1184.0,1757
ILBS,2026-09-14,830.0,925.9,9175
UNHPL,2026-09-14,355.0,356.6,18613
SYPNL,2026-09-14,1320.0,1315.0,28294
FMDBL,2026-09-14,730.0,744.0,6123
SBID2090,2026-09-14,1072.2,1072.2,50
DHPL,2026-09-14,274.9,275.0,4650
NICGF2,2026-09-14,8.7,8.47,550
OMPL,2026-09-14,860.0,882.0,3113
CYCL,2026-09-14,1450.0,1500.0,10053
NICA,2026-09-14,306.0,314.0,44186
SONA,2026-09-14,392.0,397.0,20645
ULBSL,2026-09-14,2666.0,2536.0,906
EBL,2026-09-14,719.0,724.0,25682
SOPL,2026-09-14,740.0,754.9,23277
SBI,2026-09-14,404.3,404.9,12898
GBBD85,2026-09-14,1036.5,1036.5,25
GLBSL,2026-09-14,1601.3,1640.0,839
SJCL,2026-09-14,239.0,240.0,26955
NMBUR93/94,2026-09-14,907.6,907.6,25
AHPC,2026-09-14,261.0,266.0,82055
MHL,2026-09-14,450.0,461.0,5744
SWMF,2026-09-14,589.9,592.9,3420
NUBL,2026-09-14,575.0,577.0,12496
NMIC,2026-09-14,791.0,825.0,4211
SHINE,2026-09-14,428.0,426.1,86326
SMFBS,2026-09-14,1358.1,1401.0,1153
NIFRA,2026-09-14,244.0,246.9,46696
GSY,2026-09-14,8.9,9.01,800
UMHL,2026-09-14,545.0,550.0,36307
SPDL,2026-09-14,353.0,352.5,26686
SGHL,2026-09-14,496.0,501.0,60595
SNORL,2026-09-14,866.2,870.0,19019
GLH,2026-09-14,259.0,257.2,40859
MHNL,2026-09-14,254.8,257.0,37093
PCIL,2026-09-14,607.0,615.0,55881
APHL,2026-09-14,647.0,697.0,8406
SMPDA,2026-09-14,730.0,742.0,2184
CFCL,2026-09-14,591.0,573.9,99986
HIDCL,2026-09-14,245.0,246.5,56429
DHEL,2026-09-14,550.2,570.0,20892
AHL,2026-09-14,358.0,358.0,1812
SHIVM,2026-09-14,663.0,670.0,158053
SMHL,2026-09-14,462.0,460.0,52377
SPC,2026-09-14,409.0,397.7,3092
SANIMA,2026-09-14,372.0,373.0,164822
API,2026-09-14,335.0,340.0,523868
SGIC,2026-09-14,376.1,389.0,18321
HDL,2026-09-14,1192.0,1201.0,59826
MEL,2026-09-14,207.0,216.0,38875
LEC,2026-09-14,252.0,250.0,935670
GRDBL,2026-09-14,920.0,940.0,4077
JHAPA,2026-09-14,1048.0,1058.0,2108
BGWT,2026-09-14,470.1,497.0,23307
NIBLGF,2026-09-14,8.5,8.5,101668
CGH,2026-09-14,767.0,786.0,12361
MEHL,2026-09-14,244.0,243.0,109756
SAIL,2026-09-14,1008.8,990.0,29761
LSH12,2026-09-14,8.64,8.83,1200
NLIC,2026-09-14,700.0,709.0,23494
KDBY,2026-09-14,10.17,10.05,32450
RBBD2088,2026-09-14,1041.0,1060.0,75
SSHL,2026-09-14,213.0,207.0,135130
BPCL,2026-09-14,642.0,653.9,29947
KEF,2026-09-14,9.08,9.3,28500
HLI,2026-09-14,295.0,304.0,31870
SAEF2,2026-09-14,8.97,9.0,3700
VLBS,2026-09-14,601.0,620.0,733
MKJC,2026-09-14,279.0,286.7,12898
RBBF40,2026-09-14,9.0,8.85,400
CHDC,2026-09-14,2232.0,2255.0,16204
ICFCD88,2026-09-14,1092.3,1125.0,50
NESDO,2026-09-14,1330.0,1344.9,187
JFL,2026-09-14,280.0,273.0,23657
MMKJL,2026-09-14,351.0,355.0,6180
KHPL,2026-09-14,746.0,755.0,11583
MLBSL,2026-09-14,1090.0,1088.1,449
PMHPL,2026-09-14,300.0,310.0,3819
MKCL,2026-09-14,917.0,890.0,685
SCB,2026-09-14,655.0,650.0,10522
SPL,2026-09-14,624.7,631.3,1790
GMFIL,2026-09-14,408.0,421.0,6856
MATRI,2026-09-14,720.0,745.0,2333
RIDI,2026-09-14,350.0,350.0,363246
RHGCL,2026-09-14,250.0,271.5,57905
AVYAN,2026-09-14,1058.3,1034.0,4214
SNLI,2026-09-14,392.0,396.8,29251
HEIP,2026-09-14,301.0,313.0,230
TSHL,2026-09-14,350.0,357.0,3780
MBL,2026-09-14,263.5,250.7,96940
ALICL,2026-09-14,399.0,404.0,12122
BFC,2026-09-14,443.9,446.0,11763
SAGAR,2026-09-14,1599.0,1550.0,4398
SLCF,2026-09-14,9.0,9.2,1500
ULHC,2026-09-14,323.0,330.9,7071
IHL,2026-09-14,304.0,310.0,10149
NRIC,2026-09-14,815.0,818.0,37803
ANLB,2026-09-14,4800.0,4975.0,553
MKHC,2026-09-14,265.0,259.5,10993
CLI,2026-09-14,412.0,425.0,23906
HDHPC,2026-09-14,213.8,211.5,93016
PRSF,2026-09-14,11.88,11.76,30888
SBID83,2026-09-14,1060.0,1060.0,10
SBLD84,2026-09-14,1016.7,1020.1,50
BJHL,2026-09-14,637.3,650.0,16205
DLBS,2026-09-14,970.0,973.4,217
GIBF1,2026-09-14,11.49,11.59,27450
BOKD86,2026-09-14,1087.0,1087.0,10
HATHY,2026-09-14,609.0,595.0,12261
NBF2,2026-09-14,9.73,9.6,51500
NIBSF2,2026-09-14,8.4,8.5,1150
CHCL,2026-09-14,352.1,358.7,41436
DOLTI,2026-09-14,307.0,307.0,36023
GMFBS,2026-09-14,1097.0,1119.0,1650
PURE,2026-09-14,764.0,773.0,8948
SMATA,2026-09-14,694.0,701.0,891
STC,2026-09-14,5400.1,5450.0,871
PMLI,2026-09-14,405.0,414.0,2442
LSL,2026-09-14,225.1,229.4,396536
BHL,2026-09-14,211.5,211.0,116539
CORBL,2026-09-14,817.0,817.9,10517
HBL,2026-09-14,188.0,190.0,39261
RSY2,2026-09-14,9.0,8.95,4800
KMCDB,2026-09-14,792.0,810.0,5535
GUFL,2026-09-14,495.0,503.5,4226
TVCL,2026-09-14,290.4,300.0,19326
SLBSL,2026-09-14,870.0,880.0,786
HIMSTAR,2026-09-14,650.0,655.1,3566
GBBL,2026-09-14,443.0,446.0,195789
HRL,2026-09-14,505.0,516.9,47769
NMB,2026-09-14,244.0,243.0,34167
RMF1,2026-09-14,9.4,9.4,500
C30MF,2026-09-14,10.0,10.03,14454
SHPC,2026-09-14,518.0,522.0,76689
NBF3,2026-09-14,9.42,9.36,8030
KAHL,2026-09-14,492.0,499.7,19318
ICFCD89,2026-09-14,1090.0,1099.9,138
BHDC,2026-09-14,417.0,424.9,12855
UPCL,2026-09-14,333.0,338.0,41249
CHL,2026-09-14,261.9,260.5,11033
MCHL,2026-09-14,262.0,264.0,3180
SMH,2026-09-14,502.0,523.1,31259
GCIL,2026-09-14,367.8,374.9,22001
USHEC,2026-09-14,487.0,498.0,6159
NWCL,2026-09-14,590.0,595.0,640
SAPDBL,2026-09-14,603.3,630.0,53757
YMHL,2026-09-14,555.1,562.0,19538
NABIL,2026-09-14,552.0,554.0,38965
BHCL,2026-09-14,522.0,523.5,25972
MFIL,2026-09-14,720.0,755.0,36008
NHPC,2026-09-14,264.6,263.0,152642
H8020,2026-09-14,12.4,12.48,79240
HFIN,2026-09-14,621.0,631.0,20361
BHPL,2026-09-14,427.5,459.9,8922
MBJC,2026-09-14,280.0,285.9,33218
SFEF,2026-09-14,9.31,9.1,2600
UHEWA,2026-09-14,580.0,593.0,39831
NIMBPO,2026-09-14,138.0,142.0,1653
SWASTIK,2026-09-14,1817.0,1815.0,412
KBSH,2026-09-14,803.0,836.0,7075
NMLBBL,2026-09-14,499.0,502.4,3379
MANDU,2026-09-14,673.2,699.8,9186
CIT,2026-09-14,1700.0,1717.1,4847
MMF1,2026-09-14,9.0,8.88,4606
LICN,2026-09-14,760.0,764.0,4118
ENL,2026-09-14,595.0,571.0,18069
MPFL,2026-09-14,537.0,565.0,31611
JSLBB,2026-09-14,959.0,972.0,50
PHCL,2026-09-14,306.0,304.8,73658
MLBBL,2026-09-14,951.0,955.0,2234
JOSHI,2026-09-14,260.0,256.1,31717
JBBL,2026-09-14,337.0,340.0,35199
GILB,2026-09-14,1100.0,1118.0,3216
NABBC,2026-09-14,715.0,700.0,11523
RNLI,2026-09-14,425.0,429.8,13005
SABBL,2026-09-14,900.0,895.0,5739
MNMF1,2026-09-14,9.0,9.15,3602
BARUN,2026-09-14,325.0,319.2,57989
GMLI,2026-09-14,1014.9,1003.7,526
SRLI,2026-09-14,357.1,361.1,15666
MABEL,2026-09-14,600.0,610.0,15846
MBLEF,2026-09-14,9.21,9.22,500
DDBL,2026-09-14,845.0,844.1,4803
BUNGAL,2026-09-14,520.0,523.0,10121
SALICO,2026-09-14,525.0,535.1,7252
MDB,2026-09-14,551.0,565.0,7477
MNBBL,2026-09-14,333.0,335.1,32146
JBLB,2026-09-14,1301.1,1267.0,3277
SPHL,2026-09-14,500.0,524.9,7453
TPKHL,2026-09-14,500.0,508.0,16017
VLUCL,2026-09-14,378.0,385.0,4935
PCBL,2026-09-14,244.5,242.0,78377
NGPL,2026-09-14,399.0,401.0,100338
NRM,2026-09-14,283.0,290.0,9951
SIKLES,2026-09-14,570.0,571.4,10732
NFS,2026-09-14,485.0,500.9,9539
RAWA,2026-09-14,406.2,414.0,11610
ANLB,2026-09-11,4751.0,4930.0,592
MAKAR,2026-09-11,400.0,402.0,86279
HLBSL,2026-09-11,836.2,859.0,1651
RHPL,2026-09-11,175.3,169.8,104056
KAHL,2026-09-11,471.1,493.0,18607
EBL,2026-09-11,718.0,719.9,36839
MBLEF,2026-09-11,9.16,9.21,1350
MKJC,2026-09-11,267.4,280.0,22462
HHL,2026-09-11,322.0,328.0,18982
MNBBL,2026-09-11,326.5,332.3,51019
NICA,2026-09-11,305.0,308.4,14681
NADEP,2026-09-11,676.0,680.0,800
PSF,2026-09-11,10.8,10.83,9160
SWBBL,2026-09-11,670.0,684.6,1673
GIBF1,2026-09-11,11.23,11.6,44444
BFC,2026-09-11,418.0,434.0,14226
SMFBS,2026-09-11,1355.7,1399.0,154
CFCL,2026-09-11,586.0,584.7,46950
MDB,2026-09-11,551.1,551.0,3636
ILI,2026-09-11,402.5,409.1,5168
JBLB,2026-09-11,1187.5,1255.8,2379
CSY,2026-09-11,8.22,8.43,13400
LSH12,2026-09-11,8.96,8.9,2300
MEN,2026-09-11,640.0,640.0,80851
MHCL,2026-09-11,272.5,280.0,1404
CKHL,2026-09-11,574.0,588.0,989
MKCL,2026-09-11,900.0,896.9,587
NBF2,2026-09-11,9.74,9.72,800
SHEL,2026-09-11,291.1,299.8,83228
GLH,2026-09-11,248.0,255.0,50859
DHEL,2026-09-11,543.2,556.0,6994
CORBL,2026-09-11,814.0,817.0,16851
SBI,2026-09-11,401.0,404.3,66517
RADHI,2026-09-11,670.0,692.0,23157
BANDIPUR,2026-09-11,599.4,639.0,19704
IGI,2026-09-11,384.4,389.0,11236
SRLI,2026-09-11,355.0,357.0,7310
NICL,2026-09-11,422.0,435.0,8603
SJCL,2026-09-11,226.0,232.1,8360
TTL,2026-09-11,671.1,683.0,4692
NIBLSTF,2026-09-11,8.26,8.4,449711
CIT,2026-09-11,1685.0,1700.4,3127
RBCLPO,2026-09-11,11200.0,11200.0,10
NGPL,2026-09-11,390.1,397.4,72583
BNT,2026-09-11,11750.0,11510.1,20
ICFC,2026-09-11,578.0,586.8,1001
GFCL,2026-09-11,564.9,561.3,9445
PRSF,2026-09-11,11.79,11.62,12100
NMFBS,2026-09-11,1125.0,1125.0,2813
NFS,2026-09-11,474.8,483.0,6361
HDHPC,2026-09-11,207.0,213.8,292330
SBLD2091,2026-09-11,1115.0,1194.8,7758
NLICL,2026-09-11,551.0,558.0,7668
SHLB,2026-09-11,1220.0,1265.0,328
HLICF,2026-09-11,8.2,8.35,1400
GBIMESY2,2026-09-11,8.75,8.8,6800
SSHL,2026-09-11,200.0,212.3,593275
H8020,2026-09-11,12.5,12.4,39956
VLUCL,2026-09-11,365.0,378.0,2501
NLIC,2026-09-11,703.9,698.5,13160
NICSF,2026-09-11,8.17,8.2,700
KDBY,2026-09-11,9.8,10.09,38600
GHL,2026-09-11,246.7,239.9,206662
UNLB,2026-09-11,1211.5,1226.0,391
STC,2026-09-11,5464.0,5400.1,1615
HBLD86,2026-09-11,1185.0,1198.0,10166
CZBIL,2026-09-11,195.1,200.0,33713
MPFL,2026-09-11,570.0,537.0,21137
SGHL,2026-09-11,485.0,496.1,52881
LICN,2026-09-11,759.9,754.9,7564
RFPL,2026-09-11,323.9,334.5,19374
JHAPA,2026-09-11,1089.9,1050.0,4190
SEF2,2026-09-11,8.6,8.87,7390
BNHC,2026-09-11,263.0,271.3,12998
HRL,2026-09-11,485.0,503.9,52280
SMHL,2026-09-11,445.0,462.0,53069
SNLI,2026-09-11,383.4,391.9,13099
SICL,2026-09-11,540.0,550.0,6747
ACLBSL,2026-09-11,898.9,880.0,1315
GBBD85,2026-09-11,1050.0,1050.0,25
SYPNL,2026-09-11,1354.9,1311.0,33320
NUBL,2026-09-11,556.0,570.0,11532
GMFBS,2026-09-11,1105.8,1154.0,584
SAIL,2026-09-11,999.0,1008.8,20798
SIGS3,2026-09-11,10.0,10.13,4400
TPKHL,2026-09-11,464.2,499.0,22099
UNHPL,2026-09-11,350.0,350.4,31055
BPCL,2026-09-11,645.0,642.0,10390
GMFIL,2026-09-11,416.9,413.8,3815
SEF,2026-09-11,9.6,9.6,42700
CLI,2026-09-11,412.0,415.0,15310
ADBLD83,2026-09-11,1050.9,1050.9,10
SINDU,2026-09-11,341.8,394.0,142459
SAPIL,2026-09-11,1204.6,1370.0,53992
NMB,2026-09-11,251.3,242.0,32518
SAEF2,2026-09-11,8.97,9.0,5550
NSIF2,2026-09-11,9.65,10.09,9175
CHCL,2026-09-11,350.0,352.1,98317
GSY,2026-09-11,8.95,8.95,1700
LLBS,2026-09-11,860.0,880.0,928
PROFL,2026-09-11,370.0,371.0,3192
MKHL,2026-09-11,499.9,505.0,3595
SBD87,2026-09-11,1062.0,1062.0,25
SHPC,2026-09-11,512.3,517.7,58697
MMF1,2026-09-11,8.9,8.95,900
MLBLD89,2026-09-11,1299.0,1341.0,3622
EBLD86,2026-09-11,1082.1,1154.0,355
UMHL,2026-09-11,545.0,544.9,23250
KEF,2026-09-11,9.06,9.1,400
ECL,2026-09-11,1275.0,1342.9,21809
SKBBL,2026-09-11,750.0,757.7,5199
UHEWA,2026-09-11,580.0,591.8,43149
SLBBL,2026-09-11,784.5,790.8,466
MHL,2026-09-11,443.0,455.0,2347
SKHL,2026-09-11,735.0,736.0,4971
SPL,2026-09-11,604.0,639.0,1234
SBCF,2026-09-11,9.06,9.33,4700
SOPL,2026-09-11,720.0,740.0,14843
SANVI,2026-09-11,547.1,580.0,22646
PCIL,2026-09-11,598.9,607.2,22884
RLFL,2026-09-11,420.0,419.0,11241
NTC,2026-09-11,889.0,884.0,6278
SNORL,2026-09-11,868.2,889.0,21233
SAND2085,2026-09-11,1144.9,1145.0,439
VLBS,2026-09-11,602.0,610.0,2035
PMLI,2026-09-11,398.0,405.6,3357
SPHL,2026-09-11,500.0,516.0,13535
HBL,2026-09-11,185.2,188.0,49771
ILBS,2026-09-11,836.3,870.0,8884
BHL,2026-09-11,206.0,211.5,256797
PRIN,2026-09-11,593.0,592.1,1733
GLBSL,2026-09-11,1633.8,1629.0,280
SAPDBL,2026-09-11,611.0,635.0,24118
EBLD91,2026-09-11,1103.0,1110.0,188
SRBLD83,2026-09-11,1020.0,1020.0,25
PRVU,2026-09-11,180.0,181.5,117184
MBL,2026-09-11,250.0,251.0,36390
NMBMF,2026-09-11,584.0,575.1,935
USHEC,2026-09-11,495.0,495.0,22554
KBSH,2026-09-11,758.1,803.0,5575
MATRI,2026-09-11,720.0,725.0,259
RSY2,2026-09-11,8.9,9.05,6300
TVCL,2026-09-11,275.0,282.0,5424
RBCL,2026-09-11,13579.0,13620.0,40
SHIVM,2026-09-11,659.0,663.0,104620
BHPL,2026-09-11,437.0,450.0,3303
FOWAD,2026-09-11,895.0,878.9,2069
NBL,2026-09-11,276.0,278.0,118261
DOLTI,2026-09-11,300.0,306.0,52969
YMHL,2026-09-11,548.0,555.1,11324
EDBL,2026-09-11,567.0,566.9,2443
SAGF,2026-09-11,9.3,9.4,500
GVL,2026-09-11,472.5,484.9,11003
SPC,2026-09-11,361.7,390.0,5731
HIDCL,2026-09-11,240.0,245.0,47609
SGIC,2026-09-11,377.0,380.5,5826
SANIMA,2026-09-11,369.9,370.0,238384
KPCL,2026-09-11,444.1,454.0,6762
HIDCLP,2026-09-11,180.0,186.5,181912
HEIP,2026-09-11,292.0,308.8,1719
HPPL,2026-09-11,363.6,375.0,110915
GBBL,2026-09-11,440.0,443.0,111320
JBBL,2026-09-11,325.4,334.5,12564
NABILD2089,2026-09-11,1105.0,1105.0,19
KDL,2026-09-11,620.0,621.0,68220
HLI,2026-09-11,292.0,294.0,23094
SOHL,2026-09-11,640.0,654.0,193154
RBBF40,2026-09-11,9.0,9.0,1600
MCHL,2026-09-11,236.0,262.0,4251
UPPER,2026-09-11,184.2,189.9,103694
OMPL,2026-09-11,876.0,853.0,2026
GWFD83,2026-09-11,1018.2,1049.6,16
SWMF,2026-09-11,606.9,585.0,1388
CBBL,2026-09-11,940.0,942.1,11255
LBBL,2026-09-11,473.0,479.0,38716
NIL,2026-09-11,510.0,515.0,12106
NIFRAGED,2026-09-11,1035.0,1011.1,50
NRM,2026-09-11,275.0,283.0,5358
SWASTIK,2026-09-11,1785.0,1817.0,460
RIDI,2026-09-11,346.0,351.0,253155
MERO,2026-09-11,594.0,618.0,2970
NMBHF2,2026-09-11,9.0,8.91,780
NSY,2026-09-11,8.92,9.33,2700
HATHY,2026-09-11,570.3,609.0,21134
NMIC,2026-09-11,785.0,797.7,3761
SIPD,2026-09-11,640.4,607.9,35658
UMRH,2026-09-11,512.0,514.9,6347
BHDC,2026-09-11,419.0,417.0,4528
MABEL,2026-09-11,585.0,600.0,5507
KBL,2026-09-11,212.0,215.0,177697
ICFCD89,2026-09-11,1100.0,1093.1,90
NHPC,2026-09-11,257.9,264.6,291214
TPC,2026-09-11,345.1,357.7,15889
NICBF,2026-09-11,8.47,8.47,100
UAIL,2026-09-11,358.0,373.8,16917
RAWA,2026-09-11,404.0,407.0,23331
RMF1,2026-09-11,9.32,9.69,26000
SLBSL,2026-09-11,864.0,870.0,478
NIBSF2,2026-09-11,8.4,8.4,100
ALBSL,2026-09-11,1078.0,1156.0,64777
PURE,2026-09-11,774.9,764.0,7236
MEHL,2026-09-11,235.0,244.0,91916
MBJC,2026-09-11,275.1,285.0,36467
RURU,2026-09-11,565.0,582.0,2878
HIMSTAR,2026-09-11,649.0,659.0,1280
MLBL,2026-09-11,342.4,354.9,16051
SGHC,2026-09-11,294.0,296.0,19715
AHL,2026-09-11,343.0,359.0,1372
RSML,2026-09-11,2840.0,2930.0,50599
DLBS,2026-09-11,955.0,983.0,447
KKHC,2026-09-11,274.0,273.7,125343
NIBLGF,2026-09-11,8.31,8.5,259482
NIMB,2026-09-11,184.0,185.9,72399
SPIL,2026-09-11,577.0,577.0,2640
SCB,2026-09-11,647.1,648.0,10449
GBIMEP,2026-09-11,100.0,100.0,7037
NCCD86,2026-09-11,1180.0,1241.0,12345
RBBD2088,2026-09-11,1073.0,1073.0,30
UPCL,2026-09-11,335.0,332.8,41448
BEDC,2026-09-11,291.0,298.9,21080
USLB,2026-09-11,997.0,1012.0,1265
LVF2,2026-09-11,9.0,9.1,400
FMDBL,2026-09-11,720.1,727.1,10084
SJLIC,2026-09-11,398.8,406.0,26290
CGH,2026-09-11,761.0,767.1,11374
PCBL,2026-09-11,239.0,241.0,40689
HDL,2026-09-11,1189.0,1192.0,28552
RMF2,2026-09-11,9.75,9.75,410
KMCDB,2026-09-11,809.9,807.0,4327
BGWT,2026-09-11,450.0,476.0,22847
USHL,2026-09-11,500.1,519.9,3446
LEC,2026-09-11,250.0,252.2,1434225
MNMF1,2026-09-11,9.0,9.0,4500
KHPL,2026-09-11,737.1,750.0,4001
JSLBB,2026-09-11,930.3,959.0,132
PHCL,2026-09-11,296.6,305.0,60529
SONA,2026-09-11,406.3,391.7,30121
GCIL,2026-09-11,363.0,367.8,22046
MSLB,2026-09-11,1150.1,1172.1,1184
DHPL,2026-09-11,261.3,274.0,1807
SPDL,2026-09-11,336.0,345.0,18850
DORDI,2026-09-11,235.4,249.0,48461
GMLI,2026-09-11,970.0,991.9,3616
NBLD85,2026-09-11,1070.0,1070.0,1019
NIFRA,2026-09-11,240.0,244.0,43754
NICFC,2026-09-11,8.7,8.7,200
SIKLES,2026-09-11,568.1,565.0,10649
CITY,2026-09-11,333.0,342.0,87015
C30MF,2026-09-11,9.75,9.76,500
SHL,2026-09-11,501.9,505.3,22053
NBF3,2026-09-11,9.4,9.6,5199
LUK,2026-09-11,9.5,9.49,1710
SABBL,2026-09-11,889.0,899.6,5023
BUNGAL,2026-09-11,500.0,520.0,7032
NRIC,2026-09-11,787.0,797.0,11135
SAHAS,2026-09-11,686.0,691.0,90495
NABBC,2026-09-11,705.0,700.0,7722
BHCL,2026-09-11,510.1,521.0,49856
NWCL,2026-09-11,575.1,583.9,1819
MKHC,2026-09-11,251.2,256.5,12722
CYCL,2026-09-11,1450.0,1513.0,4576
SLCF,2026-09-11,9.0,9.0,100
LSL,2026-09-11,226.5,227.3,86278
ULHC,2026-09-11,320.0,323.1,11612
MLBSL,2026-09-11,1052.0,1076.0,1307
AHPC,2026-09-11,257.0,261.0,101409
SKHEL,2026-09-11,844.9,830.0,2281
BJHL,2026-09-11,635.1,657.0,18585
MANDU,2026-09-11,671.0,684.9,20509
SMB,2026-09-11,1777.0,1742.0,192
CHDC,2026-09-11,2210.0,2234.0,11292
MLBS,2026-09-11,1000.0,1000.0,68
NMLBBL,2026-09-11,485.0,497.0,14672
AKPL,2026-09-11,247.0,255.0,127972
SARBTM,2026-09-11,785.0,794.5,7947
SBL,2026-09-11,418.1,419.0,107170
SIFC,2026-09-11,465.0,470.0,4554
SMH,2026-09-11,490.0,502.0,4442
RSY,2026-09-11,9.17,9.44,80496
SMJC,2026-09-11,396.0,405.0,8309
SAGAR,2026-09-11,1520.0,1558.9,2791
RHGCL,2026-09-11,245.0,261.1,79923
SHINE,2026-09-11,415.0,422.0,24159
NIMBPO,2026-09-11,137.0,136.9,623
MEPDL,2026-09-11,605.2,637.0,21033
DDBL,2026-09-11,832.1,837.6,8528
RNLI,2026-09-11,411.6,429.9,43851
BBC,2026-09-11,3863.1,4040.0,234
SADBL,2026-09-11,407.0,411.0,15136
PPCL,2026-09-11,325.0,334.7,16980
JOSHI,2026-09-11,251.1,261.9,19331
EHPL,2026-09-11,318.0,316.0,3515
EBLEB89,2026-09-11,1102.0,1102.0,55
MMKJL,2026-09-11,325.0,351.0,16411
NICGF2,2026-09-11,8.7,8.7,200
ULBSL,2026-09-11,2400.0,2763.3,3761
MSHL,2026-09-11,500.0,510.0,422
NLG,2026-09-11,514.0,516.5,5130
CREST,2026-09-11,1050.0,1075.0,1607
SMPDA,2026-09-11,707.0,733.0,969
MHNL,2026-09-11,239.0,251.0,31803
NRN,2026-09-11,1360.0,1439.0,129615
KSBBL,2026-09-11,441.0,440.8,22088
RSDC,2026-09-11,613.0,625.0,2068
AKJCL,2026-09-11,334.9,339.8,239711
TAMOR,2026-09-11,488.5,497.0,148360
OHL,2026-09-11,600.1,619.0,935
IHL,2026-09-11,304.9,306.0,2432
HEI,2026-09-11,442.0,460.0,11718
MEL,2026-09-11,198.3,207.0,44375
PMHPL,2026-09-11,304.0,302.8,6113
NESDO,2026-09-11,1301.0,1329.0,87
UNL,2026-09-11,47200.0,47200.0,1
API,2026-09-11,327.0,334.7,229569
BARUN,2026-09-11,308.9,319.0,42924
HURJA,2026-09-11,234.9,247.0,149139
GRDBL,2026-09-11,913.0,938.0,7434
CHL,2026-09-11,251.0,257.0,17046
APHL,2026-09-11,665.0,681.0,2619
AVYAN,2026-09-11,1000.0,1091.0,1250
JFL,2026-09-11,278.0,280.0,43949
NICAD85/86,2026-09-11,1120.0,1120.0,600
RLEL,2026-09-11,733.0,759.0,16617
PPL,2026-09-11,288.8,317.0,21373
GBIME,2026-09-11,250.0,250.6,148823
TRH,2026-09-11,788.0,776.0,1281
MLBBL,2026-09-11,913.0,939.0,1310
SMATA,2026-09-11,688.0,694.0,654
GILB,2026-09-11,1100.0,1090.5,939
GUFL,2026-09-11,490.0,495.0,7602
NYADI,2026-09-11,336.1,351.9,1939
TSHL,2026-09-11,335.0,347.5,9500
PBD93,2026-09-11,1026.0,1026.0,7429
GBLBS,2026-09-11,623.0,635.0,5739
HFIN,2026-09-11,612.9,621.0,20671
NICLBSL,2026-09-11,507.0,509.5,7177
ENL,2026-09-11,651.0,593.9,30848
EBLD85,2026-09-11,1100.2,1100.2,25
SALICO,2026-09-11,520.0,525.3,7385
NABIL,2026-09-11,552.0,552.0,37182
ADBL,2026-09-11,298.0,300.0,15444
ALICL,2026-09-11,398.0,399.2,16496
MFIL,2026-09-11,720.0,728.0,17757
MFLD85,2026-09-11,1105.0,1105.0,25
NHDL,2026-09-11,630.0,628.9,3456
GIBF1,2026-09-10,11.13,11.25,355555
GBBL,2026-09-10,444.1,440.6,182771
GMLI,2026-09-10,950.0,944.0,445
NLG,2026-09-10,500.0,503.5,6932
BFC,2026-09-10,439.0,420.0,20069
ADBL,2026-09-10,300.0,297.9,6851
FOWAD,2026-09-10,881.0,877.9,1386
LSH12,2026-09-10,9.0,8.97,2000
CGH,2026-09-10,770.0,762.4,5023
NICLBSL,2026-09-10,500.1,506.0,5046
MANDU,2026-09-10,680.2,671.0,7889
CHDC,2026-09-10,2215.4,2205.0,12607
IGI,2026-09-10,384.9,383.5,10917
PMHPL,2026-09-10,295.0,298.0,10645
MBLEF,2026-09-10,9.2,9.16,2630
SBLD2091,2026-09-10,1086.0,1118.9,505
PCIL,2026-09-10,609.9,598.9,28144
LVF2,2026-09-10,9.0,9.1,2200
VLBS,2026-09-10,605.0,602.0,2215
BNL,2026-09-10,13929.3,13929.2,40
HPPL,2026-09-10,365.0,367.0,42742
NGPL,2026-09-10,392.0,390.0,83445
ADBLD83,2026-09-10,1021.2,1020.3,375
NADEP,2026-09-10,677.0,676.0,515
JBBL,2026-09-10,331.9,328.6,17313
MKJC,2026-09-10,260.3,274.0,12797
SPDL,2026-09-10,362.2,341.0,32989
DHEL,2026-09-10,551.0,543.3,9563
ICFC,2026-09-10,583.0,580.5,3709
BHL,2026-09-10,199.0,204.8,76538
SKHEL,2026-09-10,811.0,825.0,1492
GUFL,2026-09-10,485.0,480.0,11740
SMFBS,2026-09-10,1338.6,1388.0,289
PCBL,2026-09-10,239.5,239.5,42719
MAKAR,2026-09-10,397.7,400.0,128407
SBCF,2026-09-10,9.02,9.05,600
PRVU,2026-09-10,179.0,179.2,84730
NICSF,2026-09-10,8.21,8.25,4200
SHINE,2026-09-10,415.0,417.0,21335
NMLBBL,2026-09-10,481.1,478.0,2513
C30MF,2026-09-10,9.76,10.05,2300
ENL,2026-09-10,600.0,620.0,32270
JHAPA,2026-09-10,1050.0,1038.0,4331
NIFRAGED,2026-09-10,1010.0,1040.3,6
SNORL,2026-09-10,880.0,883.0,21745
NHDL,2026-09-10,625.1,618.0,1731
NBF3,2026-09-10,9.39,9.4,11700
NICBF,2026-09-10,8.7,8.63,200
NHPC,2026-09-10,254.4,255.7,117146
NICFC,2026-09-10,8.77,8.79,800
NESDO,2026-09-10,1315.0,1339.9,595
GFCL,2026-09-10,560.0,566.9,7522
RURU,2026-09-10,585.0,582.0,369
MLBSL,2026-09-10,1075.0,1075.1,471
ILBS,2026-09-10,815.0,857.0,815
MPFL,2026-09-10,597.8,569.5,16800
KBLD89,2026-09-10,1318.4,1311.0,25
NMBMF,2026-09-10,575.0,574.0,970
SAHAS,2026-09-10,692.0,688.0,44455
HBL,2026-09-10,187.0,185.2,51294
HLI,2026-09-10,296.0,290.3,17464
ULHC,2026-09-10,307.0,320.0,26539
CIT,2026-09-10,1700.0,1685.0,3832
RLFL,2026-09-10,416.0,415.9,11533
LBBL,2026-09-10,470.3,475.0,21494
SALICO,2026-09-10,528.9,525.9,3313
HIDCL,2026-09-10,237.5,240.0,23479
SGIC,2026-09-10,379.9,376.0,6310
NIBSF2,2026-09-10,8.29,8.46,7520
HHL,2026-09-10,319.0,319.0,23017
NICGF2,2026-09-10,8.7,8.96,31190
UNHPL,2026-09-10,347.0,346.9,16249
UAIL,2026-09-10,360.0,360.0,11076
RHGCL,2026-09-10,241.2,245.9,8862
UNLB,2026-09-10,1215.0,1227.8,373
UNL,2026-09-10,47000.0,47200.0,70
SIKLES,2026-09-10,568.1,561.0,2521
MMKJL,2026-09-10,328.7,342.0,2155
NYADI,2026-09-10,342.9,344.0,1765
RLEL,2026-09-10,740.2,755.0,9880
JSLBB,2026-09-10,910.0,959.0,69
USHEC,2026-09-10,485.0,494.5,4514
SONA,2026-09-10,395.0,387.0,41481
SBL,2026-09-10,420.2,417.8,81396
SSHL,2026-09-10,181.5,200.4,184682
CSY,2026-09-10,8.1,8.21,3850
JFL,2026-09-10,260.0,278.0,46008
VLUCL,2026-09-10,368.6,374.0,1560
ECL,2026-09-10,1275.0,1278.0,10009
SAGF,2026-09-10,9.35,9.4,700
RSDC,2026-09-10,591.9,615.0,557
EBLD91,2026-09-10,1071.5,1071.3,100
CITY,2026-09-10,337.0,333.0,53886
NIFRA,2026-09-10,242.0,240.0,68749
MDB,2026-09-10,550.0,550.0,5149
NRIC,2026-09-10,798.0,791.6,9113
SIGS2,2026-09-10,9.84,9.66,3400
NIMBPO,2026-09-10,142.1,140.0,3710
RBBF40,2026-09-10,9.0,9.2,1400
DOLTI,2026-09-10,276.0,299.0,59470
PSF,2026-09-10,11.77,10.89,67050
GMFBS,2026-09-10,1200.0,1164.0,346
SABBL,2026-09-10,890.0,889.0,9118
AHL,2026-09-10,350.0,350.2,743
NIMB,2026-09-10,182.5,182.0,61107
PHCL,2026-09-10,295.0,296.2,26532
PPCL,2026-09-10,351.2,331.9,11253
DDBL,2026-09-10,847.0,839.0,1688
RAWA,2026-09-10,408.0,400.0,13700
RIDI,2026-09-10,347.1,346.8,327974
SEF,2026-09-10,9.56,9.58,27604
RSML,2026-09-10,3142.0,2910.0,71366
SMJC,2026-09-10,398.0,403.9,2956
NICA,2026-09-10,309.0,303.1,69017
RSY,2026-09-10,9.45,9.4,20604
SPHL,2026-09-10,502.6,513.4,2907
BUNGAL,2026-09-10,531.0,515.0,14558
RNLI,2026-09-10,410.0,412.0,10674
UHEWA,2026-09-10,580.0,585.0,22788
SEF2,2026-09-10,8.86,8.71,5955
SHPC,2026-09-10,510.0,512.3,75978
MEL,2026-09-10,199.4,202.0,10887
TVCL,2026-09-10,290.0,283.0,10953
NSY,2026-09-10,9.0,8.99,4900
YMHL,2026-09-10,549.0,559.0,14529
SMB,2026-09-10,1725.0,1750.0,1188
SOHL,2026-09-10,649.0,640.0,128482
SWMF,2026-09-10,572.1,578.0,577
BHPL,2026-09-10,470.7,436.9,4308
MHNL,2026-09-10,238.0,240.0,5930
SARBTM,2026-09-10,790.0,784.1,10717
NWCL,2026-09-10,586.0,585.0,1873
SPC,2026-09-10,385.1,380.7,2100
PPL,2026-09-10,301.0,304.0,12857
SOPL,2026-09-10,725.1,726.7,15554
HEI,2026-09-10,461.1,450.0,13299
TPKHL,2026-09-10,494.0,488.0,14274
KSBBL,2026-09-10,450.0,441.1,12539
SLBBL,2026-09-10,779.1,798.8,7227
PROFL,2026-09-10,365.0,368.1,7144
CFCL,2026-09-10,560.0,586.0,83530
AVYAN,2026-09-10,980.0,991.0,2999
MERO,2026-09-10,587.2,590.2,1504
KSY,2026-09-10,8.79,8.84,300
EBL,2026-09-10,718.0,718.0,50488
ALICL,2026-09-10,395.0,398.0,3280
KDL,2026-09-10,654.3,620.3,102845
MFLD85,2026-09-10,1100.0,1102.0,75
MKHL,2026-09-10,494.0,494.7,1840
BPCL,2026-09-10,643.0,639.0,6882
BEDC,2026-09-10,286.0,291.0,20644
NIBLSTF,2026-09-10,8.17,8.17,31300
SAPDBL,2026-09-10,644.9,629.5,22444
SRLI,2026-09-10,351.1,355.0,10321
GILB,2026-09-10,1085.0,1103.0,231
AKPL,2026-09-10,250.0,247.4,42821
CREST,2026-09-10,1050.0,1070.0,2379
AHPC,2026-09-10,254.9,253.5,50940
FMDBL,2026-09-10,689.8,722.7,3866
SWASTIK,2026-09-10,1825.0,1800.9,1298
NSIF2,2026-09-10,9.82,9.9,21800
NIL,2026-09-10,510.0,510.0,8675
SICL,2026-09-10,550.0,546.0,2356
HIDCLP,2026-09-10,180.0,178.5,42303
PURE,2026-09-10,763.0,768.0,2947
DLBS,2026-09-10,985.0,955.0,1020
MLBL,2026-09-10,351.0,349.5,11140
H8020,2026-09-10,11.9,12.2,51342
MNBBL,2026-09-10,318.0,325.6,95324
SHEL,2026-09-10,290.0,291.0,44810
SMPDA,2026-09-10,725.0,720.0,221
USHL,2026-09-10,498.4,508.0,638
SLCF,2026-09-10,9.05,9.0,900
TPC,2026-09-10,345.5,353.5,15302
SANVI,2026-09-10,550.1,555.0,5076
SMATA,2026-09-10,674.1,685.0,1017
USLB,2026-09-10,990.0,997.9,1390
ULBSL,2026-09-10,2425.0,2500.0,3832
TSHL,2026-09-10,341.9,340.0,1904
NFS,2026-09-10,480.0,471.0,21999
NMB,2026-09-10,243.0,239.4,49794
UPCL,2026-09-10,335.0,331.1,25476
SHL,2026-09-10,500.0,501.9,101711
CYCL,2026-09-10,1520.0,1520.0,17391
SWBBL,2026-09-10,667.0,670.0,12246
MMF1,2026-09-10,8.9,9.06,14460
NIBLGF,2026-09-10,8.5,8.51,10900
SJCL,2026-09-10,230.0,230.2,9739
ILI,2026-09-10,405.0,405.0,9718
SIPD,2026-09-10,595.0,610.0,19354
NMIC,2026-09-10,765.3,776.2,1314
GSY,2026-09-10,8.9,8.92,5600
SGHC,2026-09-10,294.9,287.0,11970
PBD93,2026-09-10,1000.0,1026.0,9717
JOSHI,2026-09-10,257.0,254.0,8493
SADBL,2026-09-10,400.3,407.9,4518
PBD88,2026-09-10,1200.0,1200.0,50
NTC,2026-09-10,891.0,883.1,5014
RBCLPO,2026-09-10,10873.7,11546.3,50
APHL,2026-09-10,646.1,664.0,6725
SJLIC,2026-09-10,392.0,402.0,3671
SPL,2026-09-10,687.7,621.0,1624
LSL,2026-09-10,226.0,224.0,112172
NBLD85,2026-09-10,1040.0,1040.0,25
SINDU,2026-09-10,402.0,359.7,12753
SAEF2,2026-09-10,8.97,9.0,7850
HLICF,2026-09-10,8.21,8.44,2450
DORDI,2026-09-10,236.5,238.0,13736
ALBSL,2026-09-10,1095.0,1108.8,6569
NICL,2026-09-10,421.0,419.0,6319
MFIL,2026-09-10,720.0,726.0,20844
SAPIL,2026-09-10,1180.0,1268.0,41352
SHLB,2026-09-10,1240.1,1245.0,160
ACLBSL,2026-09-10,870.0,878.1,132
EDBL,2026-09-10,535.9,565.0,2213
BGWT,2026-09-10,458.0,450.9,10903
JBLB,2026-09-10,1254.0,1250.0,2053
SANIMA,2026-09-10,365.0,368.1,79663
SAIL,2026-09-10,1027.0,999.0,46957
NMBUR93/94,2026-09-10,920.0,907.6,75
TTL,2026-09-10,684.0,680.0,5476
DHPL,2026-09-10,265.0,269.0,2893
HLBSL,2026-09-10,846.1,859.0,254
NBL,2026-09-10,278.0,276.0,97537
GLH,2026-09-10,243.0,248.0,25771
KBL,2026-09-10,214.8,212.2,129317
MKHC,2026-09-10,257.0,255.1,9057
GHL,2026-09-10,216.6,235.9,192055
IHL,2026-09-10,305.0,299.6,6621
MHCL,2026-09-10,271.7,275.0,1640
HRL,2026-09-10,487.1,499.9,62893
MEHL,2026-09-10,228.0,232.9,68389
OMPL,2026-09-10,890.0,888.5,2119
SLBSL,2026-09-10,840.0,870.0,250
HIMSTAR,2026-09-10,650.0,648.9,1155
SMHL,2026-09-10,467.1,459.0,78881
SKBBL,2026-09-10,750.0,753.0,3189
BHCL,2026-09-10,503.5,523.0,18373
BARUN,2026-09-10,306.6,310.8,12916
SBI,2026-09-10,401.0,403.9,419124
CKHL,2026-09-10,575.4,588.0,80
AKJCL,2026-09-10,340.0,332.1,156469
KBSH,2026-09-10,818.8,798.0,6956
CBBL,2026-09-10,947.5,942.0,14364
CHCL,2026-09-10,358.1,346.0,99110
NABBC,2026-09-10,690.0,698.0,12174
NMFBS,2026-09-10,1120.0,1130.7,1508
MCHL,2026-09-10,243.1,248.0,3972
EBLD85,2026-09-10,1120.0,1096.9,27
SKHL,2026-09-10,735.0,732.0,10689
RHPL,2026-09-10,160.0,167.0,236673
HFIN,2026-09-10,620.0,612.9,23400
HDL,2026-09-10,1193.8,1183.0,14197
CHL,2026-09-10,244.0,248.0,11594
RSY2,2026-09-10,8.65,8.9,5423
NABIL,2026-09-10,555.0,552.5,56560
KBLD86,2026-09-10,1180.0,1197.0,235
BANDIPUR,2026-09-10,611.3,630.9,23974
NLICL,2026-09-10,551.0,558.0,4994
PRIN,2026-09-10,595.0,590.0,7097
SHIVM,2026-09-10,663.0,653.6,99214
SYPNL,2026-09-10,1260.7,1321.0,50817
MKCL,2026-09-10,875.0,890.0,286
NABILD2089,2026-09-10,1098.0,1100.0,350
MBJC,2026-09-10,275.1,278.0,23607
STC,2026-09-10,5305.0,5369.9,2518
KDBY,2026-09-10,9.77,9.94,34500
CZBIL,2026-09-10,190.3,197.0,25004
ANLB,2026-09-10,4750.0,4839.0,841
CCBD88,2026-09-10,1175.0,1210.0,50
MLBBL,2026-09-10,916.1,938.9,1719
BHDC,2026-09-10,411.2,411.7,5756
CORBL,2026-09-10,850.0,814.0,30795
RADHI,2026-09-10,710.0,677.0,6905
GMFIL,2026-09-10,405.7,410.8,4458
BNT,2026-09-10,11349.0,11688.0,71
GRDBL,2026-09-10,915.0,931.0,9339
BNHC,2026-09-10,260.0,262.3,11346
BJHL,2026-09-10,645.1,648.0,5979
SMH,2026-09-10,527.1,495.4,5622
UMHL,2026-09-10,550.0,552.6,19576
NRN,2026-09-10,1400.0,1419.0,135300
MLBS,2026-09-10,998.0,1000.0,20
HATHY,2026-09-10,575.0,576.9,22877
BBC,2026-09-10,3956.0,3980.0,386
GBIMESY2,2026-09-10,8.75,8.8,400
MSHL,2026-09-10,490.3,505.0,538
HEIP,2026-09-10,306.0,292.0,71
OHL,2026-09-10,607.0,601.0,680
UPPER,2026-09-10,184.0,185.0,58917
MSLB,2026-09-10,1175.1,1184.9,205
SIFC,2026-09-10,465.0,466.8,8972
CLI,2026-09-10,413.5,411.0,15595
MATRI,2026-09-10,730.0,715.0,103
RFPL,2026-09-10,324.3,326.9,9192
HDHPC,2026-09-10,187.2,205.0,163051
SNLI,2026-09-10,380.0,381.0,11836
LLBS,2026-09-10,869.0,884.5,20
MABEL,2026-09-10,576.3,580.0,4182
EBLEB89,2026-09-10,1070.0,1070.0,25
NUBL,2026-09-10,563.1,556.0,3690
SPIL,2026-09-10,588.0,577.0,1600
UMRH,2026-09-10,514.0,514.0,1187
ICFCD89,2026-09-10,1110.0,1089.0,50
PMLI,2026-09-10,395.3,398.0,1738
GVL,2026-09-10,479.0,476.2,12083
TRH,2026-09-10,775.0,771.0,829
KEF,2026-09-10,9.49,9.3,48100
RMF1,2026-09-10,9.5,9.41,3350
GBIME,2026-09-10,254.0,248.6,221176
KHPL,2026-09-10,716.3,749.0,2690
HURJA,2026-09-10,231.0,235.0,45230
GBLBS,2026-09-10,679.1,622.0,8484
NRM,2026-09-10,275.1,275.0,11351
NMBHF2,2026-09-10,9.0,9.05,19950
SIGS3,2026-09-10,10.04,10.08,3900
KAHL,2026-09-10,458.9,484.0,18972
EHPL,2026-09-10,331.9,314.0,4658
GLBSL,2026-09-10,1610.0,1601.0,167
MNMF1,2026-09-10,9.15,9.02,10600
API,2026-09-10,334.0,326.0,169478
SCB,2026-09-10,652.0,645.1,14578
KPCL,2026-09-10,450.0,445.5,9170
SAGAR,2026-09-10,1481.1,1538.0,5579
TAMOR,2026-09-10,494.0,489.0,150330
MEN,2026-09-10,634.0,636.0,78042
LICN,2026-09-10,741.5,755.0,5287
LEC,2026-09-10,217.0,246.1,1927027
RBCL,2026-09-10,13303.0,13250.0,550
GWFD83,2026-09-10,1020.6,1018.2,196
GCIL,2026-09-10,370.1,363.3,29826
MEPDL,2026-09-10,625.0,616.0,22938
PRSF,2026-09-10,12.52,11.7,13300
GBILD84/85,2026-09-10,1130.0,1135.0,50
MBL,2026-09-10,250.0,249.0,43419
NLIC,2026-09-10,705.0,699.0,9791
MHL,2026-09-10,438.1,443.9,2945
KMCDB,2026-09-10,839.7,799.5,7675
KKHC,2026-09-10,268.0,268.0,69228
NABILD87,2026-09-10,1087.5,1087.5,25
SGHL,2026-09-10,465.8,486.0,52014
UAIL,2026-09-09,368.0,362.7,16870
SBL,2026-09-09,442.5,425.0,115390
GIBF1,2026-09-09,11.09,11.0,1261369
SGIC,2026-09-09,380.0,378.0,13429
OMPL,2026-09-09,885.0,900.0,3359
MEHL,2026-09-09,229.9,228.0,48122
NIBSF2,2026-09-09,8.2,8.29,52700
NFS,2026-09-09,521.0,491.1,21181
GBILD86/87,2026-09-09,1085.0,1085.0,25
GMFBS,2026-09-09,1170.0,1170.0,1418
SANVI,2026-09-09,559.0,558.0,6042
NMLBBL,2026-09-09,497.9,485.0,5347
VLBS,2026-09-09,610.4,618.9,2062
RSY,2026-09-09,9.47,9.46,102200
PRVU,2026-09-09,182.0,180.4,90119
SADBL,2026-09-09,395.0,409.0,8412
NTC,2026-09-09,928.2,888.0,9362
KMCDB,2026-09-09,779.0,799.8,5461
MSHL,2026-09-09,503.0,504.0,1034
NIMB,2026-09-09,192.9,182.2,76954
SFMF,2026-09-09,9.25,9.2,5200
ALICL,2026-09-09,407.9,398.0,6052
RBCLPO,2026-09-09,11210.0,11210.0,10
MNMF1,2026-09-09,9.01,9.05,1650
MBJC,2026-09-09,276.0,280.0,72787
SGHL,2026-09-09,490.0,490.3,56670
AHL,2026-09-09,355.0,356.3,3135
NICL,2026-09-09,432.5,430.9,8663
HBL,2026-09-09,188.0,186.0,44416
GLH,2026-09-09,246.2,245.0,24035
SMHL,2026-09-09,460.0,467.0,91714
GCIL,2026-09-09,378.5,372.0,37249
PCBL,2026-09-09,256.0,240.0,24434
SAHAS,2026-09-09,694.0,692.0,77557
SHL,2026-09-09,501.0,501.8,14645
SKHEL,2026-09-09,805.1,834.0,2391
NIL,2026-09-09,524.0,513.0,11296
DHEL,2026-09-09,559.7,559.0,13699
PROFL,2026-09-09,377.0,374.0,12262
SMH,2026-09-09,507.0,502.0,3170
RSY2,2026-09-09,8.74,8.8,7000
SWASTIK,2026-09-09,1821.0,1825.0,190
SNLI,2026-09-09,389.0,385.0,19369
JHAPA,2026-09-09,1016.1,1038.0,7788
NICBF,2026-09-09,8.65,8.66,13700
CSY,2026-09-09,8.3,8.3,15571
NMBMF,2026-09-09,594.0,583.0,1110
GBIMESY2,2026-09-09,8.9,8.81,2700
TSHL,2026-09-09,333.0,342.0,5089
SMATA,2026-09-09,700.0,691.0,949
VLUCL,2026-09-09,381.0,379.9,4624
SLCF,2026-09-09,9.03,8.92,7100
SIPD,2026-09-09,582.0,611.8,28422
SMFBS,2026-09-09,1307.0,1380.0,143
MHNL,2026-09-09,229.9,238.0,12356
GBBD85,2026-09-09,1070.0,1070.0,30
AKJCL,2026-09-09,344.0,338.0,246140
CBLD88,2026-09-09,1165.7,1235.0,320
BARUN,2026-09-09,309.3,309.0,32939
GBBL,2026-09-09,450.0,444.0,191215
MAKAR,2026-09-09,402.0,400.0,53462
SLBSL,2026-09-09,900.0,860.0,1262
HIDCL,2026-09-09,255.1,240.0,30539
KBSH,2026-09-09,828.0,795.0,8794
NLICL,2026-09-09,546.3,550.2,6589
USLB,2026-09-09,1000.0,1014.0,518
EBLD86,2026-09-09,1113.0,1082.1,357
SCB,2026-09-09,649.0,651.1,9478
MHCL,2026-09-09,280.0,279.4,2586
MBLEF,2026-09-09,9.03,9.1,1700
RHPL,2026-09-09,170.0,163.0,116106
JSLBB,2026-09-09,949.0,935.0,73
GVL,2026-09-09,487.0,479.0,15271
USHL,2026-09-09,501.8,512.0,1389
KAHL,2026-09-09,490.0,483.0,26585
SAPIL,2026-09-09,1245.0,1240.0,22815
SHINE,2026-09-09,417.1,416.5,20258
EDBL,2026-09-09,569.0,564.1,1144
NICGF2,2026-09-09,8.72,8.7,800
NMB,2026-09-09,251.8,242.3,28107
MATRI,2026-09-09,725.0,725.0,216
RSDC,2026-09-09,628.0,623.0,1118
PPCL,2026-09-09,344.5,334.5,4571
SANIMA,2026-09-09,365.1,366.8,78728
JOSHI,2026-09-09,257.0,258.0,5452
HLI,2026-09-09,296.6,296.0,8925
UPPER,2026-09-09,190.1,184.0,49873
SIKLES,2026-09-09,573.0,568.1,5495
SWMF,2026-09-09,584.0,584.0,1699
PCIL,2026-09-09,618.2,609.9,30687
SABBL,2026-09-09,916.7,894.0,14340
UPCL,2026-09-09,340.0,344.5,63743
RSML,2026-09-09,2941.1,2993.0,143170
SHPC,2026-09-09,506.0,513.0,78918
NBF3,2026-09-09,9.5,9.37,28456
SARBTM,2026-09-09,798.0,796.4,7869
RAWA,2026-09-09,413.0,404.1,18345
HURJA,2026-09-09,231.1,232.0,39646
CITY,2026-09-09,342.0,337.0,57074
EHPL,2026-09-09,330.7,316.1,10015
NIBLGF,2026-09-09,8.5,8.59,26800
RBBD83,2026-09-09,1035.0,1045.0,35
ECL,2026-09-09,1300.0,1285.0,9869
SAGAR,2026-09-09,1593.0,1559.0,5169
NLG,2026-09-09,514.0,504.3,9347
HFIN,2026-09-09,625.0,620.0,19129
UNLB,2026-09-09,1222.0,1215.3,221
MKHL,2026-09-09,483.0,495.2,2908
NBL,2026-09-09,279.9,277.1,99062
BNT,2026-09-09,11630.0,11700.0,20
NHPC,2026-09-09,261.0,254.5,97442
NMFBS,2026-09-09,1137.0,1130.0,3794
ALBSL,2026-09-09,1071.0,1114.0,18823
EBLD91,2026-09-09,1066.2,1098.0,81
OHL,2026-09-09,605.0,607.6,479
USHEC,2026-09-09,490.0,494.0,2390
BFC,2026-09-09,450.0,437.0,30003
NHDL,2026-09-09,637.9,626.0,821
GILB,2026-09-09,1116.0,1112.4,3367
CBBL,2026-09-09,940.0,947.0,22863
RMF1,2026-09-09,9.65,9.79,4600
ACLBSL,2026-09-09,886.0,884.0,373
CORBL,2026-09-09,893.0,859.0,15157
ADBL,2026-09-09,299.0,299.0,22639
PPL,2026-09-09,306.0,304.0,9925
TPC,2026-09-09,346.0,348.9,16556
RLFL,2026-09-09,416.0,421.4,29040
ADBLD83,2026-09-09,1020.1,1020.1,100
PRIN,2026-09-09,570.0,594.0,5985
TPKHL,2026-09-09,504.0,502.0,20972
SEF2,2026-09-09,8.74,8.87,7780
SNORL,2026-09-09,878.0,880.0,11314
SPHL,2026-09-09,525.0,514.0,5226
SAPDBL,2026-09-09,683.0,632.0,51465
LLBS,2026-09-09,846.0,869.0,166
BBC,2026-09-09,4003.0,4001.7,393
GBILD84/85,2026-09-09,1125.0,1125.0,25
SKBBL,2026-09-09,745.2,751.0,5554
RIDI,2026-09-09,348.0,347.9,287314
CHCL,2026-09-09,363.0,358.1,63908
MANDU,2026-09-09,643.2,700.0,39347
AHPC,2026-09-09,253.3,254.9,51132
MLBLD89,2026-09-09,1325.0,1311.0,3329
NIFRA,2026-09-09,240.0,241.7,30562
RHGCL,2026-09-09,250.0,245.0,4519
GRDBL,2026-09-09,943.0,940.0,5828
JBBL,2026-09-09,334.9,329.0,28133
NICLBSL,2026-09-09,512.0,513.0,7329
NICA,2026-09-09,324.4,308.0,32159
FMDBL,2026-09-09,734.0,726.1,6834
RBBF40,2026-09-09,9.0,9.1,700
SPC,2026-09-09,417.9,390.0,5462
NLIC,2026-09-09,701.0,701.9,10790
MFLD85,2026-09-09,1090.0,1105.0,245
PBD88,2026-09-09,1200.0,1200.0,25
SJCL,2026-09-09,232.0,232.0,15301
PRVUPO,2026-09-09,101.0,101.0,11087
GBLBS,2026-09-09,657.0,647.0,5324
UHEWA,2026-09-09,580.0,587.9,20927
BJHL,2026-09-09,640.0,657.9,18521
HLICF,2026-09-09,8.26,8.21,950
GMFIL,2026-09-09,412.0,417.9,8815
DOLTI,2026-09-09,282.9,276.3,12639
TVCL,2026-09-09,311.0,293.1,41641
HEIP,2026-09-09,300.0,297.7,310
SINDU,2026-09-09,493.5,423.1,5486
PSF,2026-09-09,12.28,12.13,263368
SJLIC,2026-09-09,395.1,400.0,16197
NIBLSTF,2026-09-09,8.34,8.25,1140
NICAD2091,2026-09-09,1090.0,1090.0,25
EBLD85,2026-09-09,1151.4,1120.0,42
SONA,2026-09-09,380.0,395.0,33696
BHDC,2026-09-09,416.4,419.9,11329
NICSF,2026-09-09,8.35,8.25,450
TTL,2026-09-09,687.0,684.2,3280
KDBY,2026-09-09,9.97,9.98,25450
UMHL,2026-09-09,550.0,553.0,36512
SMJC,2026-09-09,401.1,404.0,9185
RMF2,2026-09-09,9.7,9.75,10500
HDL,2026-09-09,1188.0,1187.0,28507
SGHC,2026-09-09,296.0,290.4,14257
MLBBL,2026-09-09,934.0,943.8,794
KKHC,2026-09-09,266.1,265.0,80641
LBBLD89,2026-09-09,1285.0,1285.0,25
HLBSL,2026-09-09,854.0,869.9,250
NICFC,2026-09-09,8.77,9.03,14697
SAIL,2026-09-09,1050.0,1027.0,37607
NWCL,2026-09-09,596.1,590.0,2522
GHL,2026-09-09,227.9,228.0,72673
UNHPL,2026-09-09,355.0,353.8,14572
NESDO,2026-09-09,1300.0,1339.0,241
APHL,2026-09-09,670.0,680.1,6558
NABBC,2026-09-09,712.0,709.9,39511
NBBD2085,2026-09-09,1160.0,1160.0,15
SIFC,2026-09-09,479.7,469.0,21246
CYCL,2026-09-09,1504.8,1550.0,3748
NIMBPO,2026-09-09,138.0,140.9,5078
BHCL,2026-09-09,515.8,530.0,33038
SYPNL,2026-09-09,1335.0,1327.0,75400
ICFCD88,2026-09-09,1120.0,1112.0,75
CKHL,2026-09-09,575.0,593.0,808
MFIL,2026-09-09,720.0,726.0,10872
ICFCD89,2026-09-09,1065.8,1086.1,240
AKPL,2026-09-09,250.0,249.0,100108
SMB,2026-09-09,1813.0,1752.1,206
CIT,2026-09-09,1714.0,1700.0,5936
NADEP,2026-09-09,671.0,677.1,1670
SOPL,2026-09-09,738.0,731.0,24640
NABILD2089,2026-09-09,1100.0,1068.0,150
MCHL,2026-09-09,259.9,247.5,3493
LUK,2026-09-09,9.3,9.78,2500
MLBS,2026-09-09,967.0,998.0,230
MDB,2026-09-09,556.0,556.0,10722
KBL,2026-09-09,215.0,213.2,109831
ENL,2026-09-09,657.1,587.9,171560
C30MF,2026-09-09,9.71,9.75,200
PRSF,2026-09-09,12.8,12.9,671300
CLI,2026-09-09,414.0,413.0,12524
ULBSL,2026-09-09,2980.0,2498.0,2088
PMLI,2026-09-09,400.0,401.0,3966
API,2026-09-09,329.0,327.5,114456
GLBSL,2026-09-09,1605.0,1610.0,245
LSL,2026-09-09,236.2,226.0,43166
MPFL,2026-09-09,585.2,585.0,2749
MMF1,2026-09-09,9.0,8.99,4500
MEPDL,2026-09-09,644.0,628.0,13916
CHDC,2026-09-09,2215.0,2230.0,13702
LEC,2026-09-09,215.0,214.0,94638
SOHL,2026-09-09,660.0,650.0,222845
MBL,2026-09-09,262.5,249.5,50743
BNHC,2026-09-09,263.0,262.9,14892
SAND2085,2026-09-09,1115.5,1115.5,205
TAMOR,2026-09-09,496.0,493.1,266955
NMIC,2026-09-09,793.0,785.0,2691
ULHC,2026-09-09,267.8,299.0,24818
RLEL,2026-09-09,741.0,762.9,14441
SAEF2,2026-09-09,9.0,9.0,10100
RNLI,2026-09-09,414.0,411.0,9402
BHL,2026-09-09,202.0,200.0,37042
BUNGAL,2026-09-09,520.0,531.0,17641
CGH,2026-09-09,768.0,770.0,9163
SSHL,2026-09-09,193.0,191.0,36669
KHPL,2026-09-09,740.0,754.0,4842
RADHI,2026-09-09,690.0,684.0,49217
NABIL,2026-09-09,553.0,552.0,48778
MERO,2026-09-09,612.0,599.0,3914
BGWT,2026-09-09,466.5,461.1,19987
ILI,2026-09-09,405.0,408.0,7144
DHPL,2026-09-09,273.0,268.0,3519
NRIC,2026-09-09,810.0,799.0,15764
NYADI,2026-09-09,351.0,351.2,1628
MKJC,2026-09-09,290.0,274.0,34500
CZBIL,2026-09-09,209.4,199.8,19083
BOKD86,2026-09-09,1053.1,1084.6,1
DLBS,2026-09-09,990.0,1000.0,250
BPCL,2026-09-09,646.0,643.0,4544
CFCL,2026-09-09,589.0,561.0,291259
LICN,2026-09-09,755.0,751.7,11671
NUBL,2026-09-09,568.0,564.9,6771
NGPL,2026-09-09,399.0,392.9,100075
ICFC,2026-09-09,585.0,582.8,4677
IHL,2026-09-09,295.0,302.9,8838
EBL,2026-09-09,714.0,718.0,32334
PURE,2026-09-09,760.0,769.0,9732
KDL,2026-09-09,690.7,623.2,134662
SBLD2091,2026-09-09,1100.0,1082.0,525
RBBD2088,2026-09-09,1090.0,1095.0,325
JFL,2026-09-09,300.0,266.6,125289
MEN,2026-09-09,629.9,633.1,76885
SBCF,2026-09-09,9.04,9.29,1000
KPCL,2026-09-09,455.0,452.0,6612
RBCL,2026-09-09,14168.0,13381.1,60
SEF,2026-09-09,9.4,9.6,105570
JBLB,2026-09-09,1252.0,1254.2,5354
HRL,2026-09-09,516.0,502.1,49983
DDBL,2026-09-09,840.0,846.9,4082
IGI,2026-09-09,376.0,380.0,6421
CIZBD90,2026-09-09,1225.0,1225.0,25
SBI,2026-09-09,395.0,402.0,24215
SHIVM,2026-09-09,664.2,662.6,200599
STC,2026-09-09,5225.0,5263.1,660
MMKJL,2026-09-09,355.0,346.0,6191
HHL,2026-09-09,315.0,319.0,9220
UMRH,2026-09-09,518.8,516.0,2590
RURU,2026-09-09,573.1,590.0,327
SPDL,2026-09-09,354.9,345.0,12009
LVF2,2026-09-09,9.03,9.05,1800
PHCL,2026-09-09,296.2,297.0,40951
HPPL,2026-09-09,367.3,367.2,49823
GBIME,2026-09-09,254.0,250.4,126513
HIMSTAR,2026-09-09,645.9,650.0,3536
CHL,2026-09-09,254.6,246.0,9455
SWBBL,2026-09-09,679.0,675.0,4724
DORDI,2026-09-09,240.0,240.0,17869
NBF2,2026-09-09,10.0,10.0,200
SLBBL,2026-09-09,805.0,787.0,2917
MABEL,2026-09-09,587.7,587.1,23820
SPIL,2026-09-09,600.0,588.0,2693
SPL,2026-09-09,597.2,655.0,1820
KEF,2026-09-09,9.71,9.51,44850
HEI,2026-09-09,462.0,460.0,6900
NSIF2,2026-09-09,9.87,9.85,10300
MLBSL,2026-09-09,1070.0,1077.0,899
MEL,2026-09-09,199.6,199.3,7051
ANLB,2026-09-09,4800.0,4870.0,507
FOWAD,2026-09-09,880.0,880.0,2592
SAGF,2026-09-09,9.3,9.35,600
GSY,2026-09-09,8.9,8.93,3000
NSY,2026-09-09,9.03,9.0,3800
SICL,2026-09-09,534.0,550.0,23009
NMBUR93/94,2026-09-09,903.1,903.1,25
SKHL,2026-09-09,725.0,730.0,23108
RFPL,2026-09-09,328.0,327.2,25764
MSLB,2026-09-09,1190.1,1199.0,2383
BANDIPUR,2026-09-09,640.0,643.4,21473
NRM,2026-09-09,287.0,275.1,12463
SHLB,2026-09-09,1250.0,1253.0,149
SRBLD83,2026-09-09,1020.0,1020.0,300
MNBBL,2026-09-09,340.0,318.4,209434
PMHPL,2026-09-09,301.5,294.0,1085
KSY,2026-09-09,8.75,8.77,1700
GFCL,2026-09-09,575.0,573.0,13266
NRN,2026-09-09,1400.0,1405.0,118245
LSH12,2026-09-09,8.92,9.22,6350
HATHY,2026-09-09,591.2,575.0,17339
H8020,2026-09-09,12.12,12.02,103255
UNL,2026-09-09,46400.0,46000.0,50
KSBBL,2026-09-09,447.0,450.3,23904
SMPDA,2026-09-09,710.7,725.0,1654
SHEL,2026-09-09,294.0,290.0,60085
SRLI,2026-09-09,351.4,355.0,5002
NMBHF2,2026-09-09,9.16,9.23,1800
HIDCLP,2026-09-09,181.0,180.0,51586
HDHPC,2026-09-09,200.8,197.0,65850
YMHL,2026-09-09,557.0,564.9,12981
GMLI,2026-09-09,951.0,957.9,430
MKHC,2026-09-09,264.9,257.0,7641
CREST,2026-09-09,1050.0,1050.0,7119
GUFL,2026-09-09,501.0,490.0,16440
ILBS,2026-09-09,835.0,833.0,1568
TRH,2026-09-09,795.0,765.0,17561
KBLD86,2026-09-09,1177.0,1177.0,19
MHL,2026-09-09,452.9,445.5,1110
AVYAN,2026-09-09,988.2,991.0,2377
SALICO,2026-09-09,535.0,519.0,2199
BEDC,2026-09-09,287.0,285.5,4833
MLBL,2026-09-09,354.6,345.2,10891
BHPL,2026-09-09,430.0,457.0,12100
NCCD86,2026-09-09,1118.0,1155.0,12167
MKCL,2026-09-09,890.0,900.0,2852
LBBL,2026-09-09,480.2,476.0,18091
SIGS3,2026-09-09,10.0,10.11,4151
DDBL,2026-09-07,833.0,841.1,3163
SYPNL,2026-09-07,1345.0,1344.0,101030
EBL,2026-09-07,717.5,716.0,32619
HEIP,2026-09-07,304.0,304.0,400
HRL,2026-09-07,520.0,516.0,50365
RIDI,2026-09-07,344.0,347.7,232720
SHIVM,2026-09-07,694.0,664.2,128175
EBLD85,2026-09-07,1151.4,1151.4,14
SMATA,2026-09-07,690.0,695.0,2294
HLI,2026-09-07,295.0,296.6,18552
SLBSL,2026-09-07,907.9,899.0,577
GBBL,2026-09-07,450.0,447.0,401185
PCIL,2026-09-07,589.1,618.2,22324
NSY,2026-09-07,8.91,9.3,2900
DOLTI,2026-09-07,283.0,280.0,14523
MSHL,2026-09-07,534.0,518.0,147
NMB,2026-09-07,250.4,239.9,45643
AHPC,2026-09-07,248.2,253.3,44610
HATHY,2026-09-07,609.0,594.5,9650
ILI,2026-09-07,404.0,405.0,7460
HBLD86,2026-09-07,1157.4,1157.4,7500
CIZBD90,2026-09-07,1225.0,1225.0,25
TVCL,2026-09-07,325.0,317.2,3627
HURJA,2026-09-07,230.0,233.5,44635
MKHL,2026-09-07,482.2,496.1,934
BFC,2026-09-07,455.4,450.0,24371
SIPD,2026-09-07,579.0,591.1,17398
UNLB,2026-09-07,1271.0,1258.0,200
MPFL,2026-09-07,584.1,595.0,2600
RFPL,2026-09-07,330.0,328.1,6314
CZBIL,2026-09-07,198.8,199.5,44539
UNHPL,2026-09-07,356.0,355.0,12344
KBLD86,2026-09-07,1177.0,1143.0,45
MFIL,2026-09-07,720.0,733.0,13447
NHDL,2026-09-07,629.0,635.0,1011
LSH12,2026-09-07,8.95,8.95,2800
BEDC,2026-09-07,286.0,287.0,6739
NMBMF,2026-09-07,580.0,589.0,1126
NMLBBL,2026-09-07,485.0,488.0,2896
SIKLES,2026-09-07,566.1,578.0,25126
RSML,2026-09-07,2850.0,2940.0,86181
SIGS2,2026-09-07,9.94,9.94,500
MBL,2026-09-07,255.0,250.0,44708
TPKHL,2026-09-07,507.0,510.0,17101
SNORL,2026-09-07,870.0,878.0,17285
LEC,2026-09-07,210.2,215.0,73636
SFMF,2026-09-07,9.3,9.02,1450
RHGCL,2026-09-07,245.0,250.0,9727
NYADI,2026-09-07,345.0,351.1,6014
RHPL,2026-09-07,173.0,170.2,109353
SBID83,2026-09-07,1050.0,1050.0,25
UNL,2026-09-07,46350.0,46300.0,80
OMPL,2026-09-07,880.0,895.0,2582
NMFBS,2026-09-07,1120.0,1135.0,2127
RADHI,2026-09-07,679.0,690.0,31235
RSY,2026-09-07,9.51,9.47,49300
MBLEF,2026-09-07,9.13,9.15,930
SLBBL,2026-09-07,792.9,799.0,8071
SIGS3,2026-09-07,10.0,10.2,6449
H8020,2026-09-07,12.0,12.48,89141
JFL,2026-09-07,361.0,313.6,72312
LVF2,2026-09-07,9.0,9.3,1400
MAKAR,2026-09-07,407.0,402.0,50130
SMH,2026-09-07,503.0,509.3,7260
BNL,2026-09-07,14360.0,14360.0,10
FMDBL,2026-09-07,727.1,739.8,4669
GMFBS,2026-09-07,1067.0,1145.0,574
MLBL,2026-09-07,344.0,349.6,21834
MKCL,2026-09-07,899.0,911.0,2080
SAND2085,2026-09-07,1149.9,1149.9,85
JBBLPO,2026-09-07,179.0,179.0,2006
SOHL,2026-09-07,655.0,654.0,246562
MANDU,2026-09-07,677.0,677.0,10657
PRVU,2026-09-07,177.5,180.0,122816
SCB,2026-09-07,660.0,649.1,6334
MEPDL,2026-09-07,660.0,644.0,18706
SAGAR,2026-09-07,1500.0,1593.0,13464
MKHC,2026-09-07,269.6,260.0,23751
SRLI,2026-09-07,366.0,355.0,10669
SABBL,2026-09-07,875.1,916.7,14837
NLICL,2026-09-07,550.3,550.3,5233
HDHPC,2026-09-07,199.8,200.8,50657
DHEL,2026-09-07,556.0,577.0,15211
NICA,2026-09-07,310.5,309.0,38044
MBJC,2026-09-07,271.6,278.5,80806
SICL,2026-09-07,525.0,550.0,23346
SAGF,2026-09-07,9.5,9.33,700
GRDBL,2026-09-07,970.0,962.0,7604
HLICF,2026-09-07,8.3,8.51,2100
C30MF,2026-09-07,9.95,9.95,6700
CHCL,2026-09-07,368.5,369.2,100943
KPCL,2026-09-07,445.3,449.1,4518
CGH,2026-09-07,767.0,769.3,7983
AVYAN,2026-09-07,988.0,1002.0,972
GBBD85,2026-09-07,1055.1,1085.0,125
GILB,2026-09-07,1095.0,1116.0,8463
BANDIPUR,2026-09-07,644.0,645.9,17005
MLBSL,2026-09-07,1060.0,1072.0,888
SEF,2026-09-07,9.41,9.41,64400
NBF3,2026-09-07,9.55,9.64,25750
UAIL,2026-09-07,363.0,368.5,7838
RSDC,2026-09-07,615.0,628.0,5199
SPL,2026-09-07,610.0,615.6,1839
SANVI,2026-09-07,549.0,559.0,7416
VLBS,2026-09-07,601.0,620.0,1623
LICN,2026-09-07,747.0,756.0,9538
SGIC,2026-09-07,380.0,379.0,17027
PRSF,2026-09-07,12.9,12.7,22405
NFS,2026-09-07,525.0,524.9,6013
KBSH,2026-09-07,802.0,809.0,6367
LSL,2026-09-07,234.1,225.0,113537
ICFCD89,2026-09-07,1090.0,1095.0,50
GIBF1,2026-09-07,10.51,11.08,254584
NABIL,2026-09-07,545.1,552.5,126376
VLUCL,2026-09-07,379.5,381.0,2693
GCIL,2026-09-07,380.0,378.5,37171
MLBBL,2026-09-07,919.2,945.0,2565
SPDL,2026-09-07,342.2,346.0,16760
RBCL,2026-09-07,13755.6,13755.6,10
MDB,2026-09-07,550.8,559.7,10109
NBL,2026-09-07,276.0,279.0,133042
JOSHI,2026-09-07,256.0,261.5,8714
SMB,2026-09-07,1750.0,1785.0,961
NIMB,2026-09-07,191.1,183.8,94930
PURE,2026-09-07,662.0,761.3,9496
LUK,2026-09-07,9.21,9.5,2297
RLFL,2026-09-07,415.0,424.0,5708
USHL,2026-09-07,502.0,501.0,1128
SPC,2026-09-07,390.0,398.0,6974
KSBBL,2026-09-07,459.0,449.1,36919
NLG,2026-09-07,500.0,514.5,10044
SAHAS,2026-09-07,686.9,694.0,72219
GLH,2026-09-07,245.0,246.2,17060
SHEL,2026-09-07,293.7,293.9,35627
UPPER,2026-09-07,182.0,183.0,70470
UPCL,2026-09-07,344.0,345.0,87414
DORDI,2026-09-07,237.0,240.0,7723
HBL,2026-09-07,188.0,189.0,78585
RMF1,2026-09-07,9.5,9.7,1150
SOPL,2026-09-07,720.0,738.0,27444
APHL,2026-09-07,670.0,690.0,6214
EBLD91,2026-09-07,1099.1,1099.1,25
NIBLGF,2026-09-07,8.36,8.5,2855
GVL,2026-09-07,473.0,485.9,12386
KKHC,2026-09-07,266.0,267.9,153445
KDBY,2026-09-07,9.79,9.94,42955
HEI,2026-09-07,477.0,469.9,9749
GBIMESY2,2026-09-07,8.75,8.9,600
GHL,2026-09-07,226.8,228.0,70778
HIMSTAR,2026-09-07,632.0,649.0,4379
ACLBSL,2026-09-07,899.0,886.0,835
CORBL,2026-09-07,896.0,892.9,14518
EDBL,2026-09-07,579.0,575.0,104136
NUBL,2026-09-07,570.0,568.0,11530
RNLI,2026-09-07,411.0,414.0,5480
ADBL,2026-09-07,311.8,300.0,28634
NIMBPO,2026-09-07,140.0,139.0,1012
BHDC,2026-09-07,430.0,422.0,2460
SONA,2026-09-07,400.0,398.0,107843
MHL,2026-09-07,445.0,452.9,4993
SLCF,2026-09-07,9.03,9.03,100
ALBSL,2026-09-07,1150.0,1102.1,13298
NADEP,2026-09-07,670.0,689.0,256
BNHC,2026-09-07,258.0,263.8,10214
SHINE,2026-09-07,410.0,419.9,37396
ILBS,2026-09-07,815.0,836.9,1029
STC,2026-09-07,5288.0,5226.1,1003
TRH,2026-09-07,787.0,798.0,7293
NESDO,2026-09-07,1272.2,1320.0,401
BNT,2026-09-07,11600.0,11630.0,70
OHL,2026-09-07,620.0,623.0,856
AKPL,2026-09-07,246.0,250.0,77445
NICD88,2026-09-07,1085.0,1085.0,14
RBCLPO,2026-09-07,10900.0,11551.5,60
NICL,2026-09-07,430.0,436.9,8608
GSY,2026-09-07,8.95,9.0,2350
CHL,2026-09-07,250.0,250.5,12826
ANLB,2026-09-07,4880.0,4908.0,753
PMLI,2026-09-07,397.0,401.9,9006
KMCDB,2026-09-07,740.0,820.0,11566
SAPDBL,2026-09-07,689.0,682.0,14377
GBIME,2026-09-07,262.5,251.9,110870
HIDCL,2026-09-07,240.5,243.0,72026
PHCL,2026-09-07,300.1,298.8,60592
NIFRA,2026-09-07,240.0,240.9,38391
RMF2,2026-09-07,9.5,9.7,700
NABILD2089,2026-09-07,1097.0,1100.0,888
ENL,2026-09-07,854.0,691.6,16300
SBL,2026-09-07,417.0,421.5,154937
BHPL,2026-09-07,430.0,432.0,4956
NRIC,2026-09-07,800.1,805.0,15042
NHPC,2026-09-07,250.0,257.0,159367
RAWA,2026-09-07,393.0,413.9,29843
MERO,2026-09-07,595.0,600.0,8304
ECL,2026-09-07,1218.0,1297.0,10282
JBLB,2026-09-07,1270.0,1252.0,4936
SBI,2026-09-07,400.0,402.0,27589
NSIF2,2026-09-07,9.9,9.87,66675
AKJCL,2026-09-07,357.3,340.6,116479
PRIN,2026-09-07,605.0,600.0,7620
CHDC,2026-09-07,2202.0,2215.0,10148
CIT,2026-09-07,1720.0,1713.9,4898
ICFC,2026-09-07,598.5,582.1,3470
DHPL,2026-09-07,263.0,272.0,3839
GUFL,2026-09-07,518.0,502.7,11404
MNBBL,2026-09-07,356.0,346.0,106524
UMHL,2026-09-07,550.0,553.9,25242
MHNL,2026-09-07,236.0,242.0,20881
SHPC,2026-09-07,500.2,509.8,63930
RBBD2088,2026-09-07,1090.0,1090.0,1800
KEF,2026-09-07,9.5,9.75,16476
CITY,2026-09-07,340.0,342.0,48423
NLIC,2026-09-07,696.0,701.0,11863
LBBL,2026-09-07,465.0,485.0,28681
JHAPA,2026-09-07,1012.0,1021.0,2517
TPC,2026-09-07,346.0,346.0,11936
NICSF,2026-09-07,8.22,8.35,1100
SAPIL,2026-09-07,1204.8,1245.0,24421
SGHC,2026-09-07,287.4,295.0,29194
IHL,2026-09-07,299.0,292.2,9160
NABBC,2026-09-07,715.1,711.1,10527
RURU,2026-09-07,570.6,585.0,2411
YMHL,2026-09-07,550.0,560.0,11530
SINDU,2026-09-07,556.3,497.7,20260
KSY,2026-09-07,8.59,8.75,1400
HLBSL,2026-09-07,855.0,855.0,635
KBL,2026-09-07,213.0,215.0,157430
SSHL,2026-09-07,191.2,193.0,50337
SPHL,2026-09-07,505.5,514.0,4307
SJCL,2026-09-07,231.0,232.5,21624
USLB,2026-09-07,1013.0,1020.0,546
UMRH,2026-09-07,514.0,519.7,6291
HDL,2026-09-07,1170.0,1187.0,24480
CBBL,2026-09-07,935.0,943.0,12870
CKHL,2026-09-07,585.0,591.0,1942
ULHC,2026-09-07,305.0,260.0,7071
BHL,2026-09-07,199.0,201.0,56544
PBD88,2026-09-07,1175.0,1195.0,35
MSLB,2026-09-07,1197.0,1225.0,6586
MEHL,2026-09-07,227.0,228.0,44646
SBLD2091,2026-09-07,1057.0,1090.0,169
SFEF,2026-09-07,9.59,9.59,100
MEL,2026-09-07,200.1,199.6,4199
MABEL,2026-09-07,554.0,587.7,5632
MCHL,2026-09-07,250.0,255.0,4308
TSHL,2026-09-07,330.1,333.0,2710
GMLI,2026-09-07,919.0,951.0,602
NICGF2,2026-09-07,8.64,8.89,600
BBC,2026-09-07,4072.7,4076.0,87
NBBD2085,2026-09-07,1145.0,1150.0,6420
MATRI,2026-09-07,710.1,723.0,1210
GLBSL,2026-09-07,1600.0,1601.1,274
PCBL,2026-09-07,249.9,243.9,43028
NIBSF2,2026-09-07,8.2,8.3,203610
EBLD86,2026-09-07,1082.1,1081.0,50
SAIL,2026-09-07,994.0,1056.2,59583
ALICL,2026-09-07,397.0,402.0,10546
UHEWA,2026-09-07,583.0,586.2,49711
CSY,2026-09-07,8.38,8.3,36825
MLBS,2026-09-07,980.0,981.0,100
NMIC,2026-09-07,777.0,793.0,3305
GWFD83,2026-09-07,1020.1,1020.1,10
AHL,2026-09-07,366.0,360.0,4679
NICFC,2026-09-07,8.72,8.77,1350
SMHL,2026-09-07,520.0,527.0,191907
EHPL,2026-09-07,321.3,315.0,6034
JBBL,2026-09-07,323.0,334.9,43266
GFCL,2026-09-07,572.0,575.0,4082
NWCL,2026-09-07,600.0,598.0,1723
BGWT,2026-09-07,471.0,474.0,20189
ICFCD88,2026-09-07,1119.0,1118.0,50
HPPL,2026-09-07,380.0,370.5,60500
SHLB,2026-09-07,1250.0,1265.0,50
KDL,2026-09-07,730.0,727.0,3012
KAHL,2026-09-07,490.0,493.0,15554
SWASTIK,2026-09-07,1820.0,1859.0,360
SBCF,2026-09-07,8.77,9.04,2200
FOWAD,2026-09-07,918.2,880.0,1465
PROFL,2026-09-07,375.0,380.0,5377
EBLEB89,2026-09-07,1070.0,1070.0,23
NMBD89/90,2026-09-07,1225.0,1225.0,25
SMPDA,2026-09-07,710.0,721.0,1222
SARBTM,2026-09-07,795.0,797.0,15949
NGPL,2026-09-07,390.0,393.8,82826
SMFBS,2026-09-07,1312.0,1345.0,77
SWMF,2026-09-07,579.0,584.0,3348
MEN,2026-09-07,627.1,630.0,68850
NIBLSTF,2026-09-07,8.1,8.34,3730
SANIMA,2026-09-07,370.0,365.0,68952
LLBS,2026-09-07,871.1,870.5,542
CYCL,2026-09-07,1569.3,1584.0,13229
BUNGAL,2026-09-07,515.0,526.0,9952
SHL,2026-09-07,503.0,502.5,27156
API,2026-09-07,330.0,329.0,172177
PBD85,2026-09-07,1114.9,1115.0,350
GMFIL,2026-09-07,414.0,418.0,5966
SMJC,2026-09-07,405.0,403.0,14325
KHPL,2026-09-07,735.0,740.0,2771
BHCL,2026-09-07,513.0,542.9,99020
ULBSL,2026-09-07,3072.0,2840.0,30
HFIN,2026-09-07,622.0,629.0,21542
NRM,2026-09-07,285.2,287.0,6638
MMF1,2026-09-07,8.98,9.0,2500
SPIL,2026-09-07,590.0,599.9,9818
TAMOR,2026-09-07,528.1,497.1,112276
SWBBL,2026-09-07,670.0,677.0,6104
HHL,2026-09-07,323.0,315.0,19609
PSF,2026-09-07,12.0,12.28,256210
HIDCLP,2026-09-07,179.5,181.9,30638
NIL,2026-09-07,525.0,525.0,24286
BARUN,2026-09-07,314.9,312.0,20989
RSY2,2026-09-07,8.9,9.01,7520
IGI,2026-09-07,380.0,378.8,19276
CFCL,2026-09-07,569.0,595.0,92390
USHEC,2026-09-07,491.0,499.0,4805
NBF2,2026-09-07,10.09,9.82,2760
BJHL,2026-09-07,630.1,653.0,10049
CLI,2026-09-07,412.0,413.1,11366
DLBS,2026-09-07,993.0,1000.0,137
NRN,2026-09-07,1391.0,1400.0,40081
MHCL,2026-09-07,281.3,280.0,6450
SKHL,2026-09-07,725.0,725.0,18121
NICLBSL,2026-09-07,513.1,512.8,9569
SGHL,2026-09-07,481.1,499.3,55299
CREST,2026-09-07,1049.0,1074.0,4210
PPCL,2026-09-07,335.0,338.5,7990
PMHPL,2026-09-07,293.5,294.9,6499
SADBL,2026-09-07,400.0,410.4,7784
BPCL,2026-09-07,634.0,645.0,13485
NICAD2091,2026-09-07,1093.0,1093.0,50
CBLD88,2026-09-07,1160.6,1165.7,8
SJLIC,2026-09-07,395.0,398.0,8388
SALICO,2026-09-07,528.0,527.5,4733
JSLBB,2026-09-07,924.2,944.0,188
PPL,2026-09-07,287.8,306.0,12765
RLEL,2026-09-07,770.0,760.0,16786
NMBHF2,2026-09-07,8.8,9.24,11000
MNMF1,2026-09-07,9.0,9.13,14650
SIFC,2026-09-07,487.9,480.1,1834
RBBF40,2026-09-07,8.73,9.0,1100
SNLI,2026-09-07,375.0,389.0,12332
CCBD88,2026-09-07,1175.0,1175.0,25
SKHEL,2026-09-07,795.0,830.0,1126
NMBUR93/94,2026-09-07,909.0,930.0,75
SAEF2,2026-09-07,9.03,9.0,11000
MMKJL,2026-09-07,368.0,355.2,8022
SKBBL,2026-09-07,741.0,746.1,5863
SEF2,2026-09-07,8.8,9.0,6350
NTC,2026-09-07,900.0,884.0,7862
GBLBS,2026-09-07,651.1,657.0,4218
MKJC,2026-09-07,290.0,289.4,31973
TTL,2026-09-07,680.0,685.0,6472
MKCL,2026-09-03,861.0,899.9,1680
FMDBL,2026-09-03,720.0,726.0,3971
MAKAR,2026-09-03,411.0,406.5,103617
MDB,2026-09-03,554.3,553.0,7670
PRSF,2026-09-03,12.7,12.89,225597
BFC,2026-09-03,464.4,458.0,6315
KKHC,2026-09-03,253.0,264.1,60972
VLBS,2026-09-03,618.5,619.0,2035
PRIN,2026-09-03,585.2,593.0,1668
BHPL,2026-09-03,460.9,438.0,3870
MLBSL,2026-09-03,1060.0,1055.0,1070
NICBF,2026-09-03,8.95,8.72,20000
SHINED,2026-09-03,1105.0,1096.0,26
KAHL,2026-09-03,480.0,490.0,18961
SIGS3,2026-09-03,9.95,10.1,20400
PMLI,2026-09-03,402.0,398.3,5367
CIZBD90,2026-09-03,1259.0,1261.7,150
DDBL,2026-09-03,839.0,831.0,1725
MNBBL,2026-09-03,356.0,356.9,28287
MABEL,2026-09-03,550.0,564.0,3709
KSBBL,2026-09-03,475.0,463.0,27883
MSLB,2026-09-03,1200.1,1196.0,928
RBBF40,2026-09-03,9.0,9.0,700
SGHL,2026-09-03,484.0,481.1,43151
HPPL,2026-09-03,367.0,363.1,41254
MFIL,2026-09-03,725.0,730.0,15417
HDHPC,2026-09-03,200.9,198.3,51411
HURJA,2026-09-03,232.0,228.0,36438
RLEL,2026-09-03,790.0,772.0,4752
MLBLD89,2026-09-03,1287.5,1287.5,25
SIKLES,2026-09-03,561.0,566.1,9256
NRN,2026-09-03,1400.0,1391.0,38921
SHIVM,2026-09-03,660.0,661.0,174067
SAGAR,2026-09-03,1550.0,1500.0,3864
PURE,2026-09-03,770.0,662.0,8483
RSY,2026-09-03,9.39,9.47,7040
GIBF1,2026-09-03,10.45,10.51,24650
CHCL,2026-09-03,377.0,370.2,137474
GSY,2026-09-03,8.95,8.95,5900
SWBBL,2026-09-03,670.0,670.0,5240
SIFC,2026-09-03,480.0,478.0,2743
DORDI,2026-09-03,244.0,236.7,9039
JFL,2026-09-03,370.0,368.9,6967
RFPL,2026-09-03,327.0,326.0,15011
AVYAN,2026-09-03,1028.5,1007.0,1868
SADBL,2026-09-03,406.0,406.5,11628
SJLIC,2026-09-03,395.0,397.7,7388
BANDIPUR,2026-09-03,645.0,644.0,10507
SPDL,2026-09-03,350.0,348.9,11031
ACLBSL,2026-09-03,900.0,894.9,804
RIDI,2026-09-03,355.0,344.0,272952
SPL,2026-09-03,645.0,640.0,4541
UMHL,2026-09-03,555.0,562.4,133544
IGI,2026-09-03,380.1,377.0,5529
NABIL,2026-09-03,540.0,539.0,21616
SEF2,2026-09-03,9.0,8.93,8700
UNLB,2026-09-03,1258.9,1234.8,503
IHL,2026-09-03,299.0,304.0,5362
KBLD89,2026-09-03,1280.0,1280.0,280
SABBL,2026-09-03,850.0,879.0,5900
HIDCLP,2026-09-03,180.0,179.5,30426
SAGF,2026-09-03,9.9,9.63,5200
UNHPL,2026-09-03,355.5,353.7,5151
MLBL,2026-09-03,340.0,344.0,5673
BJHL,2026-09-03,650.0,647.9,6403
LVF2,2026-09-03,9.01,9.27,5700
NRM,2026-09-03,285.0,285.2,2515
GMFBS,2026-09-03,1062.0,1066.6,281
NBF2,2026-09-03,9.75,9.8,1600
PPCL,2026-09-03,345.4,335.0,3967
TSHL,2026-09-03,335.0,333.4,1576
NMBMF,2026-09-03,580.0,580.0,230
NLICL,2026-09-03,553.0,550.0,5530
KEF,2026-09-03,9.5,9.7,8800
NICLBSL,2026-09-03,512.0,515.0,7262
DHPL,2026-09-03,276.4,264.0,3793
HLBSL,2026-09-03,841.2,855.0,226
AHL,2026-09-03,365.0,366.0,2543
DHEL,2026-09-03,550.2,571.0,9552
BEDC,2026-09-03,286.0,286.0,11605
NICGF2,2026-09-03,8.5,8.64,8415
LSH12,2026-09-03,9.0,9.01,2000
PCBL,2026-09-03,237.1,238.0,40298
GBIMESY2,2026-09-03,8.89,8.93,500
CBBLPO,2026-09-03,511.0,511.0,4414
MHCL,2026-09-03,276.0,285.0,1155
SWASTIK,2026-09-03,1804.0,1844.9,530
C30MF,2026-09-03,9.75,9.95,600
GBBL,2026-09-03,430.0,436.3,199020
ILI,2026-09-03,400.0,404.9,9663
SARBTM,2026-09-03,797.0,795.0,7917
JOSHI,2026-09-03,257.0,256.0,9860
GBIME,2026-09-03,250.4,250.0,147780
LICN,2026-09-03,759.8,754.0,9370
YMHL,2026-09-03,562.0,562.0,16837
FOWAD,2026-09-03,850.0,874.5,3595
BHCL,2026-09-03,520.0,540.0,13335
MERO,2026-09-03,609.8,606.0,1110
GLH,2026-09-03,241.5,245.0,25858
DOLTI,2026-09-03,286.4,282.0,25887
SGHC,2026-09-03,286.0,287.3,15667
BBC,2026-09-03,4050.0,4082.0,212
EBLD85,2026-09-03,1122.7,1122.7,50
ANLB,2026-09-03,5617.0,5023.5,1068
GFCL,2026-09-03,563.3,572.0,3460
UNL,2026-09-03,46250.0,46250.0,10
SPHL,2026-09-03,515.0,518.0,13060
HLICF,2026-09-03,8.5,8.31,1000
MBL,2026-09-03,242.2,246.0,106970
LSL,2026-09-03,221.3,223.0,78161
HEIP,2026-09-03,308.8,303.4,2155
MMKJL,2026-09-03,388.0,368.9,8438
ALBSL,2026-09-03,1060.0,1190.0,13128
CHL,2026-09-03,262.2,250.0,14915
HEI,2026-09-03,474.0,464.7,14341
EHPL,2026-09-03,308.0,312.0,10143
CGH,2026-09-03,768.0,767.0,7006
ECL,2026-09-03,1275.0,1282.0,10889
PHCL,2026-09-03,300.0,302.8,33666
SAPDBL,2026-09-03,662.0,689.0,19590
HBL,2026-09-03,185.0,187.6,34664
NABBC,2026-09-03,728.0,732.0,8368
KHPL,2026-09-03,738.0,740.1,6607
CKHL,2026-09-03,577.0,615.0,646
NESDO,2026-09-03,1310.0,1307.9,627
CSY,2026-09-03,8.64,8.63,74651
KMCDB,2026-09-03,735.0,772.0,9805
DLBS,2026-09-03,981.2,993.0,302
GMFIL,2026-09-03,420.0,414.1,6329
MEHL,2026-09-03,230.0,227.0,78734
CLI,2026-09-03,412.1,415.0,5103
MBJC,2026-09-03,267.9,274.0,62315
ULHC,2026-09-03,290.0,300.0,10180
MHL,2026-09-03,442.5,445.0,1354
NYADI,2026-09-03,338.3,345.0,2251
API,2026-09-03,330.0,326.1,115353
NFS,2026-09-03,525.0,525.0,3136
CHDC,2026-09-03,2170.0,2179.0,2892
GILB,2026-09-03,1074.0,1091.0,622
SGIC,2026-09-03,375.0,379.8,10686
MPFL,2026-09-03,594.9,589.6,2316
SBL,2026-09-03,408.0,412.0,68249
HATHY,2026-09-03,607.0,609.0,7502
NBLD87,2026-09-03,1065.1,1065.1,25
HRL,2026-09-03,515.0,519.9,41825
RADHI,2026-09-03,681.0,679.0,39400
MNMF1,2026-09-03,9.05,9.0,2100
BHL,2026-09-03,200.0,198.0,50408
UAIL,2026-09-03,366.5,363.3,13863
HLI,2026-09-03,296.0,295.0,20749
SHINE,2026-09-03,405.5,408.9,20749
RSY2,2026-09-03,8.7,8.92,9630
MEPDL,2026-09-03,618.4,660.0,24744
SNORL,2026-09-03,855.1,879.0,9438
BPCL,2026-09-03,644.0,633.6,5079
MSHL,2026-09-03,510.0,534.0,517
USHEC,2026-09-03,484.0,492.2,8329
SMHL,2026-09-03,545.0,527.0,167364
PMHPL,2026-09-03,289.0,298.0,2073
MMF1,2026-09-03,8.64,8.77,5641
PPL,2026-09-03,303.0,302.9,26321
NMBUR93/94,2026-09-03,915.0,909.0,80
KPCL,2026-09-03,447.2,447.1,3101
SHEL,2026-09-03,291.1,293.7,26314
GUFL,2026-09-03,504.0,506.0,9819
HFIN,2026-09-03,615.0,622.9,28307
SLCF,2026-09-03,9.0,9.06,1750
AHPC,2026-09-03,249.9,248.2,38059
SMPDA,2026-09-03,729.0,720.0,519
VLUCL,2026-09-03,386.2,379.5,2365
BNT,2026-09-03,11649.0,11650.0,120
RHGCL,2026-09-03,243.0,247.8,6594
SIPD,2026-09-03,585.0,580.0,7186
EBLEB89,2026-09-03,1040.1,1067.0,51
LUK,2026-09-03,9.41,9.4,300
NADEP,2026-09-03,695.0,685.0,303
SMJC,2026-09-03,406.0,405.0,7472
SKHL,2026-09-03,735.0,730.0,15978
GHL,2026-09-03,235.0,221.0,65253
SMH,2026-09-03,495.9,499.0,5945
SEF,2026-09-03,9.4,9.4,519000
LEC,2026-09-03,210.5,210.0,71132
AKJCL,2026-09-03,347.7,340.3,281818
PCIL,2026-09-03,628.0,620.1,21397
NTC,2026-09-03,890.0,881.0,7356
EDBL,2026-09-03,579.9,570.0,1730
SJCL,2026-09-03,238.0,236.2,28546
OMPL,2026-09-03,880.0,883.0,1363
SMATA,2026-09-03,685.0,682.0,1340
USHL,2026-09-03,539.7,515.0,4175
BNHC,2026-09-03,261.9,259.5,10821
GVL,2026-09-03,475.0,479.0,7893
NICFC,2026-09-03,8.7,8.72,2500
MKHL,2026-09-03,487.0,494.0,2969
MND84/85,2026-09-03,1052.0,1052.0,65
SMFBS,2026-09-03,1398.0,1333.0,403
NWCL,2026-09-03,590.2,597.0,1160
SCB,2026-09-03,645.1,645.5,19963
OHL,2026-09-03,616.0,620.0,546
UPPER,2026-09-03,183.5,182.0,67824
SFMF,2026-09-03,9.27,9.27,3850
NIBSF2,2026-09-03,8.35,8.35,600
HIDCL,2026-09-03,239.6,239.0,29189
NSY,2026-09-03,9.0,9.16,2400
MLBBL,2026-09-03,916.1,925.0,867
SHPC,2026-09-03,505.0,505.2,68850
NLG,2026-09-03,505.0,494.0,6165
TPKHL,2026-09-03,505.0,515.0,23830
GBLBS,2026-09-03,650.0,660.0,2007
UHEWA,2026-09-03,590.0,583.6,15127
AKPL,2026-09-03,245.0,245.0,43929
SALICO,2026-09-03,520.1,526.8,5837
NIFRA,2026-09-03,241.0,240.0,36551
JBBL,2026-09-03,325.0,325.0,24532
ALICL,2026-09-03,398.0,399.5,15632
JBBD87,2026-09-03,1154.9,1170.0,435
SANIMA,2026-09-03,361.0,360.0,67627
APHL,2026-09-03,680.0,673.3,4386
NMB,2026-09-03,239.0,238.5,26122
NICAD85/86,2026-09-03,1120.0,1120.0,340
SBID89,2026-09-03,1135.0,1163.9,103
TAMOR,2026-09-03,500.0,503.0,265982
SPC,2026-09-03,408.9,397.9,1285
RMF1,2026-09-03,9.29,9.5,19600
MEN,2026-09-03,621.0,627.1,159060
MBLEF,2026-09-03,9.07,9.13,14893
GCIL,2026-09-03,386.0,379.3,22215
NICL,2026-09-03,426.3,420.0,7318
CZBIL,2026-09-03,207.0,198.8,23707
NICA,2026-09-03,308.0,309.5,26480
PSF,2026-09-03,12.0,11.99,76101
KBL,2026-09-03,212.8,213.0,153621
RLFL,2026-09-03,424.0,418.1,7707
SFEF,2026-09-03,9.85,9.86,5100
NIL,2026-09-03,524.0,520.0,10455
SKHEL,2026-09-03,815.5,819.0,2769
SHLB,2026-09-03,1250.0,1251.0,705
NGPL,2026-09-03,397.0,388.0,123903
EBLD91,2026-09-03,1125.0,1133.0,35
SMB,2026-09-03,1740.0,1718.1,421
NMLBBL,2026-09-03,475.6,484.0,817
NBF3,2026-09-03,9.11,9.54,7800
SAPIL,2026-09-03,1220.0,1210.0,34865
SOPL,2026-09-03,728.0,725.0,26050
NHDL,2026-09-03,616.0,633.0,90
SAHAS,2026-09-03,689.0,686.9,55247
SWMF,2026-09-03,581.5,579.0,1019
USLB,2026-09-03,1014.0,1012.7,221
HIMSTAR,2026-09-03,654.0,632.0,2279
CORBL,2026-09-03,900.0,896.0,11070
NIBLGF,2026-09-03,8.6,8.36,200
GRDBL,2026-09-03,911.0,977.0,9490
SNLI,2026-09-03,380.0,386.3,11828
UPCL,2026-09-03,339.0,344.0,39119
EBL,2026-09-03,713.0,716.1,17284
RNLI,2026-09-03,405.0,410.0,8261
SSHL,2026-09-03,193.5,191.2,49706
JSLBB,2026-09-03,925.0,949.8,40
BHDC,2026-09-03,413.0,414.3,6633
NMBHF2,2026-09-03,8.55,8.98,1700
NSIF2,2026-09-03,10.0,9.9,208045
TVCL,2026-09-03,319.0,330.0,11916
RURU,2026-09-03,567.0,572.5,3001
SOHL,2026-09-03,650.0,650.5,194626
ICFC,2026-09-03,585.5,585.0,3923
WNLB,2026-09-03,971.1,1055.0,2068
SANVI,2026-09-03,556.1,550.0,6791
NLIC,2026-09-03,695.0,696.0,7257
NUBL,2026-09-03,564.1,570.0,2889
RHPL,2026-09-03,175.0,173.1,115868
MKJC,2026-09-03,295.0,290.0,47203
MKHC,2026-09-03,255.0,269.6,64064
RSDC,2026-09-03,615.0,619.9,1542
RSML,2026-09-03,2681.3,2830.0,146528
KDBY,2026-09-03,10.0,9.82,143900
SKBBL,2026-09-03,741.0,741.0,7787
ADBL,2026-09-03,299.0,297.0,9898
KDL,2026-09-03,730.0,740.0,420
UMRH,2026-09-03,505.1,514.0,2839
CREST,2026-09-03,1059.0,1049.0,1811
SYPNL,2026-09-03,1215.6,1281.0,58760
ILBS,2026-09-03,800.0,837.0,1697
MEL,2026-09-03,197.5,200.5,6981
SRLI,2026-09-03,352.0,355.2,13933
SINDU,2026-09-03,564.0,585.5,3256
CYCL,2026-09-03,1559.3,1599.9,12853
PROFL,2026-09-03,381.1,380.0,6334
ENL,2026-09-03,797.0,813.6,335
NIBLSTF,2026-09-03,8.01,8.3,450
JHAPA,2026-09-03,1010.0,1012.0,1683
HDL,2026-09-03,1164.0,1170.3,16547
GMLI,2026-09-03,950.0,944.0,1021
MLBS,2026-09-03,995.0,995.0,603
TTL,2026-09-03,685.0,680.0,4541
CBLD88,2026-09-03,1160.6,1160.6,10
SBI,2026-09-03,395.0,397.9,75210
SBCF,2026-09-03,9.2,9.02,2200
MHNL,2026-09-03,235.0,235.5,2318
ULBSL,2026-09-03,2926.0,2926.0,10
SLBBL,2026-09-03,775.2,780.8,1411
TPC,2026-09-03,340.0,344.0,6250
MBLD87,2026-09-03,1127.0,1127.0,65
PRVU,2026-09-03,179.0,177.5,64386
GLBSL,2026-09-03,1585.2,1611.0,207
NICD88,2026-09-03,1099.0,1095.0,50
NICSF,2026-09-03,8.55,8.31,2037
NHPC,2026-09-03,254.9,254.0,92558
NMBD89/90,2026-09-03,1259.6,1259.6,25
MATRI,2026-09-03,706.6,716.2,269
SONA,2026-09-03,415.0,404.0,23807
ICFCD83,2026-09-03,843.2,868.4,1
CFCL,2026-09-03,603.3,598.4,116315
SAEF2,2026-09-03,8.97,9.03,3300
NMIC,2026-09-03,795.0,777.0,3494
KBLD86,2026-09-03,1110.0,1143.3,8
NIMB,2026-09-03,183.0,182.0,90898
ICFCD88,2026-09-03,1105.1,1105.1,25
TRH,2026-09-03,809.9,790.0,4149
SPIL,2026-09-03,605.0,595.3,1456
RBBD2088,2026-09-03,1066.0,1066.6,35
NRIC,2026-09-03,830.0,800.0,8425
BUNGAL,2026-09-03,520.0,515.0,7510
BGWT,2026-09-03,466.0,477.0,62270
NBL,2026-09-03,275.1,275.9,90624
STC,2026-09-03,5269.0,5206.1,1168
LBBL,2026-09-03,473.0,482.8,17558
RAWA,2026-09-03,395.0,393.0,16939
NMFBS,2026-09-03,1097.6,1112.0,1694
SAIL,2026-09-03,996.0,994.0,23510
HHL,2026-09-03,321.0,319.9,10206
H8020,2026-09-03,11.96,12.0,3678997
CIT,2026-09-03,1658.0,1719.9,11654
CITY,2026-09-03,345.0,340.0,56349
CBBL,2026-09-03,927.7,932.0,3931
BARUN,2026-09-03,308.0,307.0,27286
MANDU,2026-09-03,665.0,677.0,5408
RBCL,2026-09-03,13400.0,13355.0,50
JBLB,2026-09-03,1248.0,1248.1,1790
MCHL,2026-09-03,248.0,253.0,5221
SHL,2026-09-03,498.0,502.0,6427
SLBSL,2026-09-03,865.0,889.9,18
KBSH,2026-09-03,803.0,802.0,11658
RBCLPO,2026-09-03,11215.0,11215.1,20
LLBS,2026-09-03,879.0,846.1,388
MFLD85,2026-09-03,1105.0,1105.0,75
SICL,2026-09-03,525.0,522.6,6841
NUBL,2026-09-02,570.0,575.0,2234
HATHY,2026-09-02,603.0,609.0,7782
SBL,2026-09-02,407.9,408.7,34952
HDHPC,2026-09-02,196.1,198.7,52761
KPCL,2026-09-02,446.1,447.0,7330
GBIME,2026-09-02,245.0,249.9,367046
SWBBL,2026-09-02,667.0,664.0,947
SANIMA,2026-09-02,362.0,358.1,59055
MLBL,2026-09-02,344.9,343.8,4602
IHL,2026-09-02,294.0,299.5,7760
DHPL,2026-09-02,275.0,270.0,862
RBBD2088,2026-09-02,1035.6,1035.6,25
SWMF,2026-09-02,579.0,581.5,1997
SFEF,2026-09-02,9.62,9.85,273082
PSF,2026-09-02,12.0,12.01,3785
SPHL,2026-09-02,510.0,517.0,2915
GVL,2026-09-02,465.1,472.6,6188
RSML,2026-09-02,2650.0,2695.0,27750
KBLD89,2026-09-02,1260.0,1260.0,20
BUNGAL,2026-09-02,519.0,519.0,7970
YMHL,2026-09-02,568.0,564.0,13691
GMFIL,2026-09-02,418.0,417.0,4265
RBCLPO,2026-09-02,10573.1,10890.2,70
LBBLD89,2026-09-02,1267.9,1267.9,25
MAKAR,2026-09-02,398.0,404.1,90227
FMDBL,2026-09-02,709.0,724.9,5905
NICBF,2026-09-02,8.69,8.69,100
UMHL,2026-09-02,555.0,558.5,18488
MLBBL,2026-09-02,910.0,927.0,333
NIFRAGED,2026-09-02,1010.0,1010.0,25
MLBSL,2026-09-02,1064.0,1037.0,1289
CSY,2026-09-02,8.15,8.64,3300
RMF1,2026-09-02,9.26,9.02,2450
KSY,2026-09-02,9.1,8.84,300
RNLI,2026-09-02,423.0,407.9,10977
TRH,2026-09-02,766.3,799.0,14870
KBSH,2026-09-02,821.0,791.0,15592
SMFBS,2026-09-02,1355.0,1394.0,278
WNLB,2026-09-02,965.0,970.0,958
RHGCL,2026-09-02,241.0,243.0,3895
SBLD2091,2026-09-02,1060.0,1057.1,50
JBBL,2026-09-02,323.0,327.0,15957
SIGS2,2026-09-02,9.7,9.74,25200
H8020,2026-09-02,11.6,11.62,500
TSHL,2026-09-02,335.0,333.7,1610
JSLBB,2026-09-02,920.0,925.0,108
SBI,2026-09-02,390.1,400.0,9535
UAIL,2026-09-02,365.0,366.5,29708
RSY,2026-09-02,9.39,9.42,310
DHEL,2026-09-02,540.2,566.8,13134
SBID83,2026-09-02,1050.0,1050.0,25
SAIL,2026-09-02,937.0,998.0,12680
SHLB,2026-09-02,1230.0,1250.0,89
GSY,2026-09-02,8.9,8.94,12730
NLICL,2026-09-02,553.0,551.7,9348
UPPER,2026-09-02,180.0,183.4,48034
KBL,2026-09-02,221.0,212.8,120607
FOWAD,2026-09-02,885.8,870.0,1955
NIMBPO,2026-09-02,139.2,137.0,5201
NADEP,2026-09-02,688.9,697.7,1984
OHL,2026-09-02,600.3,619.0,3472
BBC,2026-09-02,3952.0,4034.0,88
KHPL,2026-09-02,701.0,738.0,4756
RADHI,2026-09-02,671.0,675.0,80053
MBL,2026-09-02,244.0,244.8,116645
GBIMESY2,2026-09-02,8.9,8.89,920
TPKHL,2026-09-02,488.0,505.0,16416
GLBSL,2026-09-02,1590.0,1620.0,452
TTL,2026-09-02,680.0,678.9,6878
SYPNL,2026-09-02,1197.1,1279.5,29110
SAGAR,2026-09-02,1491.0,1520.0,3034
MFIL,2026-09-02,712.0,719.0,12126
EBLD86,2026-09-02,1050.6,1050.6,25
DORDI,2026-09-02,233.6,239.0,8694
NLG,2026-09-02,494.4,490.5,7656
NIBLSTF,2026-09-02,8.03,8.22,1300
API,2026-09-02,327.0,329.2,78284
GWFD83,2026-09-02,1016.0,1046.0,11
SFMF,2026-09-02,9.35,9.35,2100
NICL,2026-09-02,430.0,425.9,15161
MSHL,2026-09-02,505.0,522.0,766
MEHL,2026-09-02,230.0,230.0,38588
BNL,2026-09-02,14800.0,14800.0,10
HBLD86,2026-09-02,1145.0,1155.0,2510
BHL,2026-09-02,197.0,199.0,41602
SCB,2026-09-02,654.7,645.1,4028
NMLBBL,2026-09-02,475.0,481.5,2607
SIPD,2026-09-02,566.0,581.0,7920
GILB,2026-09-02,1095.0,1090.1,1525
NBBD2085,2026-09-02,1145.0,1145.0,25
USHEC,2026-09-02,485.0,484.0,10300
MNMF1,2026-09-02,9.15,9.12,900
HURJA,2026-09-02,226.1,230.0,16174
RMF2,2026-09-02,9.41,9.28,500
BJHL,2026-09-02,655.0,642.0,3213
NMBMF,2026-09-02,581.0,580.0,36
BPCL,2026-09-02,637.0,644.0,8745
SICL,2026-09-02,520.0,520.0,14567
AVYAN,2026-09-02,1010.0,1000.0,2446
SAPIL,2026-09-02,1238.0,1230.0,26980
ANLB,2026-09-02,4810.0,5350.0,1484
NMBHF2,2026-09-02,8.44,8.58,1500
LSL,2026-09-02,219.0,221.0,68290
KEF,2026-09-02,9.78,9.7,861
RFPL,2026-09-02,315.0,327.0,10445
CHL,2026-09-02,240.0,249.8,17866
APHL,2026-09-02,667.0,677.0,4303
GBLBS,2026-09-02,662.8,659.5,3890
MSLB,2026-09-02,1200.0,1210.0,753
HPPL,2026-09-02,356.0,363.8,66936
SHINE,2026-09-02,411.0,407.8,21297
BGWT,2026-09-02,468.0,485.0,4309
PBD88,2026-09-02,1165.0,1161.0,50
NABIL,2026-09-02,540.0,537.5,24088
KKHC,2026-09-02,261.3,266.0,41553
HDL,2026-09-02,1177.0,1164.0,7157
DDBL,2026-09-02,830.0,834.0,2073
CHCL,2026-09-02,372.0,377.0,157769
DLBS,2026-09-02,990.0,985.1,584
ENL,2026-09-02,820.0,817.8,586
NICFC,2026-09-02,8.7,8.75,1700
NTC,2026-09-02,877.0,881.0,3130
SANVI,2026-09-02,558.0,560.0,8385
SHEL,2026-09-02,290.0,293.5,31205
MERO,2026-09-02,584.9,609.8,582
HLICF,2026-09-02,8.55,8.3,950
SMATA,2026-09-02,675.0,683.0,421
RLFL,2026-09-02,426.0,420.9,7599
NMBD2085,2026-09-02,1102.1,1102.1,25
CKHL,2026-09-02,551.0,566.5,570
ADBL,2026-09-02,311.8,296.6,14551
ULBSL,2026-09-02,2390.0,2790.0,2064
GCIL,2026-09-02,376.0,386.0,67343
VLUCL,2026-09-02,390.0,375.0,2651
SMPDA,2026-09-02,720.1,720.0,992
JHAPA,2026-09-02,1010.1,1019.5,1605
EBLEB89,2026-09-02,1067.0,1067.0,30
PHCL,2026-09-02,291.8,300.0,31386
PPL,2026-09-02,300.0,303.0,7980
NMBUR93/94,2026-09-02,970.0,941.0,50
USLB,2026-09-02,976.0,995.0,2192
RBCL,2026-09-02,13106.0,13301.0,255
MABEL,2026-09-02,547.1,557.0,3107
LICN,2026-09-02,769.7,759.8,1915
BNT,2026-09-02,11650.0,11650.0,10
MKJC,2026-09-02,278.0,297.4,41361
PMLI,2026-09-02,399.0,402.1,3826
KDBY,2026-09-02,9.81,9.81,11600
SKBBL,2026-09-02,747.9,741.0,5788
SLCF,2026-09-02,9.0,9.1,400
HFIN,2026-09-02,617.0,618.0,8779
USHL,2026-09-02,509.2,514.0,1924
TPC,2026-09-02,339.0,344.0,9052
PCBL,2026-09-02,235.0,237.0,19436
SHPC,2026-09-02,498.0,504.9,58027
PCIL,2026-09-02,623.0,628.0,27613
RAWA,2026-09-02,390.1,400.0,14427
SNLI,2026-09-02,385.0,388.0,7412
GUFL,2026-09-02,501.0,503.6,10826
NYADI,2026-09-02,337.5,346.0,625
LVF2,2026-09-02,8.9,9.27,4400
SBIBD86,2026-09-02,1130.0,1130.0,25
HIMSTAR,2026-09-02,621.1,638.5,1447
MNBBL,2026-09-02,353.0,354.9,15015
SABBL,2026-09-02,857.0,865.2,4276
NFS,2026-09-02,534.9,525.0,3515
UHEWA,2026-09-02,590.0,595.0,49163
NIL,2026-09-02,513.0,524.0,5885
NABBC,2026-09-02,700.0,728.3,22081
CREST,2026-09-02,1038.0,1050.0,2865
GMLI,2026-09-02,921.1,949.8,543
GBBD85,2026-09-02,1075.0,1082.0,507
NIBD84,2026-09-02,1031.1,1031.1,55
NIMBD90,2026-09-02,1200.1,1200.1,25
NICLBSL,2026-09-02,511.0,519.9,2302
CGH,2026-09-02,771.0,768.0,8912
SHIVM,2026-09-02,657.0,658.0,165180
SEF2,2026-09-02,9.0,9.0,4660
HHL,2026-09-02,317.0,320.0,13737
CHDC,2026-09-02,2132.0,2167.0,4206
SIFC,2026-09-02,480.1,482.5,7680
CBBL,2026-09-02,927.0,930.5,8138
NSIF2,2026-09-02,9.9,10.0,993
MHL,2026-09-02,435.1,443.3,5301
ULHC,2026-09-02,282.0,291.0,1297
EDBL,2026-09-02,564.0,575.0,4431
VLBS,2026-09-02,600.0,619.0,805
SPL,2026-09-02,669.9,664.0,2870
PPCL,2026-09-02,330.0,329.0,782
GRDBL,2026-09-02,940.0,957.9,4052
SARBTM,2026-09-02,806.5,794.0,12943
NLIC,2026-09-02,695.0,695.0,10711
SGHC,2026-09-02,288.0,286.0,28167
NABILD2089,2026-09-02,1095.0,1070.0,47
NIFRA,2026-09-02,250.0,241.0,45229
HBL,2026-09-02,186.0,187.5,71755
SOPL,2026-09-02,731.0,734.0,15417
MLBS,2026-09-02,1005.0,994.3,449
NRN,2026-09-02,1350.0,1410.0,91068
KMCDB,2026-09-02,755.1,763.0,1864
CYCL,2026-09-02,1500.0,1574.9,8606
BARUN,2026-09-02,301.4,308.5,6097
CLI,2026-09-02,415.0,412.2,8136
MDB,2026-09-02,550.0,553.5,6148
SPDL,2026-09-02,345.0,345.0,23918
SEF,2026-09-02,9.17,9.27,68120
MMKJL,2026-09-02,346.0,381.4,22847
RURU,2026-09-02,574.0,565.1,3770
CFCL,2026-09-02,578.0,635.0,157841
CITY,2026-09-02,340.4,344.7,32621
NBF3,2026-09-02,9.21,9.11,11700
BNHC,2026-09-02,255.0,258.0,11372
SHL,2026-09-02,501.5,500.0,28236
NIBLGF,2026-09-02,8.49,8.6,4495
MANDU,2026-09-02,657.9,666.0,1712
UNLB,2026-09-02,1193.1,1224.9,210
TAMOR,2026-09-02,495.0,504.0,282709
BHDC,2026-09-02,409.7,412.5,7307
EBLD85,2026-09-02,1147.0,1090.0,2
AHL,2026-09-02,363.0,363.8,210
JBLB,2026-09-02,1245.0,1249.0,2320
NIBSF2,2026-09-02,8.3,8.33,24500
SOHL,2026-09-02,655.0,663.0,184091
SADBL,2026-09-02,411.0,406.0,18209
EBL,2026-09-02,710.3,715.0,21847
BHPL,2026-09-02,431.6,439.0,2922
LEC,2026-09-02,210.0,210.2,30889
NICSF,2026-09-02,8.36,8.52,2200
LSH12,2026-09-02,8.86,9.0,3300
STC,2026-09-02,5180.0,5193.7,624
PURE,2026-09-02,750.1,763.8,6898
ICFCD88,2026-09-02,1123.8,1123.8,25
HLBSL,2026-09-02,849.0,858.9,1798
AKPL,2026-09-02,242.0,243.0,52121
PRSF,2026-09-02,12.66,12.7,5301
MKHL,2026-09-02,480.0,486.9,337
NIMB,2026-09-02,181.5,183.0,61162
ILI,2026-09-02,400.1,398.7,4772
UMRH,2026-09-02,501.3,514.0,3128
SRLI,2026-09-02,351.0,353.5,21852
KSBBL,2026-09-02,475.0,480.0,93966
SMJC,2026-09-02,400.0,406.0,5764
UPCL,2026-09-02,323.0,338.9,52734
HLI,2026-09-02,295.0,293.0,17370
MBLEF,2026-09-02,9.0,9.04,900
JOSHI,2026-09-02,252.0,258.9,8009
PRVU,2026-09-02,176.8,176.0,73002
MKCL,2026-09-02,840.0,860.0,638
SINDU,2026-09-02,580.0,592.0,4208
CORBL,2026-09-02,877.0,885.0,6634
PROFL,2026-09-02,385.0,380.9,3390
EBLD91,2026-09-02,1099.0,1100.0,150
SWASTIK,2026-09-02,1810.0,1839.8,160
JFL,2026-09-02,365.0,370.0,1645
MEPDL,2026-09-02,581.4,620.0,18518
NICGF2,2026-09-02,8.56,8.7,400
MHCL,2026-09-02,277.0,284.0,4703
NMB,2026-09-02,235.0,239.6,56136
CIT,2026-09-02,1666.0,1656.7,3766
ALICL,2026-09-02,385.1,398.0,11261
BANDIPUR,2026-09-02,642.0,642.0,9073
SMB,2026-09-02,1711.5,1718.0,265
SKHL,2026-09-02,715.0,735.0,10003
LLBS,2026-09-02,840.0,858.0,212
NICAD85/86,2026-09-02,1120.0,1120.0,225
SALICO,2026-09-02,525.0,531.0,6369
SJCL,2026-09-02,239.0,238.9,39823
BFC,2026-09-02,463.0,459.9,9008
SMH,2026-09-02,490.3,492.1,7138
NHPC,2026-09-02,251.0,255.9,88957
SKHEL,2026-09-02,790.0,815.0,3478
CZBIL,2026-09-02,195.0,197.2,18119
SNORL,2026-09-02,851.0,864.0,7340
MMF1,2026-09-02,8.74,8.9,7500
RBBF40,2026-09-02,9.0,9.27,600
IGI,2026-09-02,382.0,380.1,12385
BHCL,2026-09-02,520.0,543.0,14166
C30MF,2026-09-02,9.95,9.95,2000
GLH,2026-09-02,241.0,244.3,14725
EHPL,2026-09-02,312.6,306.3,6151
MCHL,2026-09-02,247.6,254.2,5699
SGIC,2026-09-02,377.0,375.9,31478
ECL,2026-09-02,1318.0,1294.0,17687
PMHPL,2026-09-02,295.0,291.5,2050
MATRI,2026-09-02,705.6,715.0,829
SIKLES,2026-09-02,551.1,563.9,2355
HIDCL,2026-09-02,232.6,239.4,49951
GMFBS,2026-09-02,1090.0,1090.0,338
RIDI,2026-09-02,350.0,352.0,275315
SRBLD83,2026-09-02,1008.6,1006.1,300
SAEF2,2026-09-02,9.0,8.99,3300
NMFBS,2026-09-02,1100.0,1097.6,2582
GIBF1,2026-09-02,10.4,10.48,1400
NBLD82,2026-09-02,1021.1,1018.5,200
RLEL,2026-09-02,780.0,790.0,10835
RSY2,2026-09-02,8.67,8.9,5400
NESDO,2026-09-02,1300.0,1293.0,253
SIGS3,2026-09-02,10.0,10.0,100
LUK,2026-09-02,9.7,9.7,100
NSY,2026-09-02,9.0,9.06,14600
ACLBSL,2026-09-02,865.0,894.8,243
SMHL,2026-09-02,525.0,538.0,161690
NRIC,2026-09-02,795.0,806.0,11164
HEIP,2026-09-02,308.9,300.2,1015
ICFC,2026-09-02,587.0,583.6,3860
NGPL,2026-09-02,390.0,394.0,58392
AKJCL,2026-09-02,358.0,344.3,174884
SBCF,2026-09-02,8.75,9.02,2750
NHDL,2026-09-02,612.1,629.0,475
DOLTI,2026-09-02,276.0,284.0,9859
SAHAS,2026-09-02,711.0,688.3,144771
ALBSL,2026-09-02,1070.0,1098.9,4295
SGHL,2026-09-02,470.0,483.1,40895
MPFL,2026-09-02,581.0,585.1,9314
KDL,2026-09-02,720.0,730.0,794
SONA,2026-09-02,407.0,410.0,31693
GFCL,2026-09-02,570.0,570.0,1855
NWCL,2026-09-02,590.0,606.0,691
RSDC,2026-09-02,615.0,615.0,384
SPC,2026-09-02,377.0,397.0,4207
MEL,2026-09-02,197.0,197.6,7489
ILBS,2026-09-02,830.0,829.0,213
MEN,2026-09-02,615.0,621.8,37143
KAHL,2026-09-02,475.0,484.0,15295
HRL,2026-09-02,490.2,519.0,38965
BEDC,2026-09-02,281.5,285.0,10134
AHPC,2026-09-02,250.0,248.5,39183
NBF2,2026-09-02,9.72,9.8,8300
SAGF,2026-09-02,10.0,10.0,1100
LBBL,2026-09-02,470.0,477.8,14679
NMIC,2026-09-02,772.0,785.0,880
UNHPL,2026-09-02,355.0,354.0,14890
PRIN,2026-09-02,583.0,594.0,21512
LBLD88,2026-09-02,1125.0,1122.0,5
NICA,2026-09-02,309.0,308.0,21103
MBJC,2026-09-02,256.5,266.3,40691
SLBBL,2026-09-02,800.0,780.0,3829
GHL,2026-09-02,229.0,224.3,44586
MHNL,2026-09-02,230.0,236.9,2653
GBBL,2026-09-02,420.0,426.0,63766
SJLIC,2026-09-02,395.0,397.0,6066
NBL,2026-09-02,272.0,274.1,53211
OMPL,2026-09-02,860.0,885.0,1241
SLBSL,2026-09-02,854.0,865.0,278
TVCL,2026-09-02,330.0,335.0,18038
MKHC,2026-09-02,232.1,250.0,28799
SPIL,2026-09-02,580.0,604.4,4155
HIDCLP,2026-09-02,182.4,180.7,43912
HEI,2026-09-02,440.4,465.7,34761
NRM,2026-09-02,275.0,283.8,5274
RHPL,2026-09-02,168.0,178.8,398731
ICFCD89,2026-09-02,1081.6,1088.0,200
SSHL,2026-09-02,191.0,193.3,34026
SAPDBL,2026-09-02,693.1,696.0,3972
MEHL,2026-09-01,232.9,229.0,42137
SIFC,2026-09-01,482.0,480.0,4405
SPIL,2026-09-01,571.1,596.0,3717
SIKLES,2026-09-01,549.0,557.8,4875
MCHL,2026-09-01,232.0,247.6,9973
GILB,2026-09-01,1085.4,1075.0,1501
ULBSL,2026-09-01,2861.0,2494.0,1780
SGHL,2026-09-01,470.0,481.0,44897
SMFBS,2026-09-01,1285.0,1355.7,153
HDHPC,2026-09-01,198.0,196.5,84217
LSL,2026-09-01,217.5,219.0,40394
HURJA,2026-09-01,225.9,229.0,34665
TVCL,2026-09-01,340.0,338.0,18312
NYADI,2026-09-01,340.0,346.0,942
MFIL,2026-09-01,710.0,722.9,12358
GLH,2026-09-01,240.0,242.0,22164
GBILD84/85,2026-09-01,1120.0,1120.0,25
MPFL,2026-09-01,580.0,583.3,3569
HPPL,2026-09-01,367.7,359.0,45731
CHL,2026-09-01,244.0,245.8,9276
ECL,2026-09-01,1320.0,1317.6,15255
ANLB,2026-09-01,4800.0,4859.0,1476
NICA,2026-09-01,306.0,308.0,19910
RFPL,2026-09-01,315.2,323.0,14015
KPCL,2026-09-01,446.0,447.1,7696
SNORL,2026-09-01,850.1,862.9,16564
MSLB,2026-09-01,1180.0,1190.0,929
LSH12,2026-09-01,8.73,8.86,2000
LBBL,2026-09-01,479.0,468.0,17278
TRH,2026-09-01,790.0,790.0,50
HLBSL,2026-09-01,851.0,859.4,1427
JBBL,2026-09-01,325.0,324.7,13819
MDB,2026-09-01,562.0,555.0,8324
SAEF2,2026-09-01,8.8,9.0,4925
NRIC,2026-09-01,790.0,795.0,39897
PROFL,2026-09-01,380.0,375.0,6095
NESDO,2026-09-01,1300.0,1300.0,399
MLBSL,2026-09-01,1050.0,1036.1,1955
KDL,2026-09-01,710.0,720.0,631
MNBBL,2026-09-01,353.0,353.3,11365
BEDC,2026-09-01,270.0,281.9,12142
LUK,2026-09-01,9.15,9.42,230
TPC,2026-09-01,340.0,342.0,9714
VLBS,2026-09-01,607.9,612.0,3673
NSIF2,2026-09-01,9.95,9.95,400
GMFIL,2026-09-01,419.0,410.0,11170
API,2026-09-01,320.0,325.6,119139
SKHL,2026-09-01,674.0,715.0,11514
GMFBS,2026-09-01,1084.0,1110.0,547
RBBD2088,2026-09-01,1055.0,1055.0,52
OMPL,2026-09-01,860.0,870.0,2741
NLICL,2026-09-01,554.5,547.3,8302
MEL,2026-09-01,195.0,197.0,9080
GVL,2026-09-01,468.0,470.0,8502
BGWT,2026-09-01,480.0,467.0,6554
ILI,2026-09-01,399.0,400.0,5416
NICAD85/86,2026-09-01,1120.0,1120.0,20
BPCL,2026-09-01,625.5,640.0,7413
AKJCL,2026-09-01,332.1,342.6,302525
HFIN,2026-09-01,610.0,617.9,15514
SMHL,2026-09-01,520.0,527.0,75453
UHEWA,2026-09-01,586.0,594.0,49534
SPHL,2026-09-01,513.0,521.0,15036
SHPC,2026-09-01,494.5,497.9,85509
UPPER,2026-09-01,189.1,181.8,75163
JHAPA,2026-09-01,1000.0,1019.0,2665
SAGF,2026-09-01,9.75,9.77,26300
NUBL,2026-09-01,571.0,570.0,6741
HIMSTAR,2026-09-01,623.0,638.9,3691
HIDCLP,2026-09-01,181.0,179.0,60184
NBF3,2026-09-01,9.1,9.12,2100
TAMOR,2026-09-01,479.9,495.0,185492
NICBF,2026-09-01,8.82,8.89,22200
ALBSL,2026-09-01,1065.0,1110.0,13867
MNMF1,2026-09-01,9.05,9.11,2400
NICGF2,2026-09-01,8.75,8.82,1100
SHIVM,2026-09-01,661.0,654.0,207849
NGPL,2026-09-01,385.2,390.9,39216
SHL,2026-09-01,498.0,500.0,30819
SKHEL,2026-09-01,790.0,790.0,4221
ICFCD89,2026-09-01,1090.0,1101.0,209
BJHL,2026-09-01,639.0,649.9,7603
PBD88,2026-09-01,1170.0,1185.0,51
SEF,2026-09-01,9.21,9.45,8765
GSY,2026-09-01,8.5,8.93,3100
NIL,2026-09-01,502.8,521.9,7349
MABEL,2026-09-01,547.0,557.0,3926
NICFC,2026-09-01,8.71,8.81,1000
GMLI,2026-09-01,905.2,948.0,582
UMHL,2026-09-01,551.0,560.0,26124
SRLI,2026-09-01,351.3,353.0,10317
PPCL,2026-09-01,342.1,330.0,9421
PMLI,2026-09-01,392.6,403.0,4514
RLEL,2026-09-01,780.0,790.0,3901
ADBL,2026-09-01,295.5,297.0,19954
NFS,2026-09-01,534.9,528.0,4022
MBLEF,2026-09-01,8.5,9.0,3330
KMCDB,2026-09-01,782.0,762.1,895
ACLBSL,2026-09-01,892.0,888.9,272
SANIMA,2026-09-01,359.0,358.0,131652
MATRI,2026-09-01,730.0,720.0,83
FMDBL,2026-09-01,720.1,723.0,16955
NSY,2026-09-01,9.03,9.0,500
NRN,2026-09-01,1365.0,1363.0,29988
SMPDA,2026-09-01,730.0,725.0,1211
PURE,2026-09-01,774.4,763.0,6497
RSY,2026-09-01,9.4,9.42,3700
WNLB,2026-09-01,1012.0,972.2,2024
BHPL,2026-09-01,454.0,435.0,5667
UNHPL,2026-09-01,355.0,353.5,12471
EBL,2026-09-01,712.0,710.3,18597
FOWAD,2026-09-01,858.0,860.0,4686
SHINE,2026-09-01,414.8,407.9,11320
NWCL,2026-09-01,585.0,595.0,1533
RMF1,2026-09-01,9.21,9.26,1000
CLI,2026-09-01,412.0,419.0,7586
MANDU,2026-09-01,650.0,657.9,1631
NIBD84,2026-09-01,1017.2,1017.2,25
ICFC,2026-09-01,578.0,586.0,8561
UAIL,2026-09-01,371.0,375.0,28172
SBLD83,2026-09-01,1015.0,1015.0,835
LBLD88,2026-09-01,1125.0,1125.0,25
CREST,2026-09-01,1040.0,1038.0,5610
DORDI,2026-09-01,233.1,236.5,21839
USHL,2026-09-01,546.0,514.0,1342
PRSF,2026-09-01,12.7,12.7,27390
SLBBL,2026-09-01,779.0,778.1,2528
PCIL,2026-09-01,646.0,623.2,30235
CKHL,2026-09-01,545.0,551.0,891
RNLI,2026-09-01,428.0,406.5,9120
SHEL,2026-09-01,290.0,290.5,32653
SCB,2026-09-01,645.0,647.0,6507
TSHL,2026-09-01,310.0,328.7,4432
CZBIL,2026-09-01,201.6,194.2,23265
JFL,2026-09-01,368.0,371.0,2514
SAIL,2026-09-01,980.0,983.0,16748
USHEC,2026-09-01,480.0,484.0,4395
YMHL,2026-09-01,560.0,569.0,14180
NIBLGF,2026-09-01,8.4,8.25,950
SMB,2026-09-01,1712.1,1720.0,507
DHEL,2026-09-01,530.0,554.9,7770
PRVU,2026-09-01,178.0,176.8,108731
NMBHF2,2026-09-01,8.5,8.7,750
NIMBPO,2026-09-01,138.0,138.4,2411
SHLB,2026-09-01,1262.0,1256.0,199
GUFL,2026-09-01,490.0,499.0,5941
EBLD85,2026-09-01,1146.9,1147.0,129
NICLBSL,2026-09-01,529.0,518.0,3071
CGH,2026-09-01,760.0,771.9,7760
SAPDBL,2026-09-01,705.0,706.8,11472
CIT,2026-09-01,1652.2,1663.0,7064
SALICO,2026-09-01,512.1,523.0,6505
MAKAR,2026-09-01,389.0,397.0,51732
MLBBL,2026-09-01,900.0,925.0,1359
BNHC,2026-09-01,254.0,254.9,12582
CHCL,2026-09-01,350.0,372.0,199747
UPCL,2026-09-01,324.2,330.0,25654
PCBL,2026-09-01,234.0,235.0,31155
SAGAR,2026-09-01,1480.0,1500.0,5622
SBL,2026-09-01,411.0,407.7,118873
SNLI,2026-09-01,382.2,387.6,9077
KSY,2026-09-01,8.85,9.1,300
NHDL,2026-09-01,619.5,624.5,341
HATHY,2026-09-01,590.0,617.4,15410
APHL,2026-09-01,655.1,678.9,3694
NLIC,2026-09-01,689.0,693.8,10815
EBLD91,2026-09-01,1056.1,1087.0,125
NICL,2026-09-01,422.0,424.7,8475
HLICF,2026-09-01,8.3,8.55,600
OHL,2026-09-01,610.0,610.0,680
JBLB,2026-09-01,1236.1,1250.0,2441
SAPIL,2026-09-01,1250.0,1253.0,51350
NICSF,2026-09-01,8.25,8.28,700
MLBL,2026-09-01,340.0,341.9,6399
NICAD2091,2026-09-01,1061.2,1061.2,15
SADBL,2026-09-01,404.0,405.0,15889
KEF,2026-09-01,9.39,9.5,300
SMATA,2026-09-01,675.0,680.0,1119
ENL,2026-09-01,775.5,822.0,780
SWMF,2026-09-01,571.3,578.0,2960
NIFRA,2026-09-01,240.0,240.0,50608
SGIC,2026-09-01,378.0,383.0,34338
NIBSF2,2026-09-01,8.25,8.49,1400
NMIC,2026-09-01,781.0,777.0,2617
HLI,2026-09-01,290.1,294.0,28792
GFCL,2026-09-01,562.1,569.8,3621
UMRH,2026-09-01,511.9,509.9,4759
SMJC,2026-09-01,393.0,400.0,5356
NMFBS,2026-09-01,1108.0,1100.0,3379
HEI,2026-09-01,450.0,453.0,22009
PSF,2026-09-01,12.2,12.0,92578
GBIMESY2,2026-09-01,9.15,9.01,1500
SIPD,2026-09-01,568.0,579.8,8352
VLUCL,2026-09-01,368.0,379.0,4018
SIGS3,2026-09-01,10.2,10.15,79179
DLBS,2026-09-01,990.0,990.1,265
NMBMF,2026-09-01,580.0,589.9,442
NMLBBL,2026-09-01,483.0,479.9,8965
SWASTIK,2026-09-01,1810.0,1825.1,372
SSHL,2026-09-01,188.0,191.4,64040
RADHI,2026-09-01,668.5,681.0,40656
NMB,2026-09-01,247.0,235.8,29655
SJCL,2026-09-01,227.0,239.9,74997
MHL,2026-09-01,449.0,445.0,3452
SIGS2,2026-09-01,9.79,9.42,37610
CYCL,2026-09-01,1534.3,1528.0,5065
LEC,2026-09-01,197.6,210.0,60259
BUNGAL,2026-09-01,505.0,516.9,12673
CFCL,2026-09-01,567.0,582.0,34751
IGI,2026-09-01,365.1,377.9,17217
NTC,2026-09-01,872.0,877.0,4812
SGHC,2026-09-01,280.0,285.7,15626
CSY,2026-09-01,8.01,8.4,82200
MEN,2026-09-01,612.0,618.0,43302
MEPDL,2026-09-01,616.0,611.9,32574
SKBBL,2026-09-01,741.0,741.0,4981
ULHC,2026-09-01,278.6,287.5,7721
RBCL,2026-09-01,13789.0,13500.0,30
JSLBB,2026-09-01,910.1,947.9,685
JOSHI,2026-09-01,252.5,258.5,5021
KHPL,2026-09-01,739.0,730.3,5561
RSDC,2026-09-01,605.0,614.0,968
SOPL,2026-09-01,736.0,731.2,16544
NADEP,2026-09-01,683.0,698.9,3154
MERO,2026-09-01,590.0,602.9,2715
MHNL,2026-09-01,226.9,231.0,7622
SMH,2026-09-01,498.0,493.0,4643
SABBL,2026-09-01,845.0,870.0,6134
KDBY,2026-09-01,9.75,9.81,10020
SAHAS,2026-09-01,701.0,685.0,82155
MLBS,2026-09-01,1000.0,1028.0,142
MKJC,2026-09-01,276.3,284.9,54406
KKHC,2026-09-01,266.9,265.2,70361
ALICL,2026-09-01,390.2,395.0,13800
GLBSL,2026-09-01,1628.7,1630.0,876
MSHL,2026-09-01,510.0,520.0,986
MKHL,2026-09-01,461.0,483.0,1070
GRDBL,2026-09-01,957.8,950.0,3453
SINDU,2026-09-01,587.3,596.0,12750
CBBL,2026-09-01,939.2,929.0,11355
AHPC,2026-09-01,247.6,247.5,93971
NABBC,2026-09-01,740.0,726.9,14172
GBLBS,2026-09-01,655.0,662.8,755
MMKJL,2026-09-01,315.3,346.0,9498
NBL,2026-09-01,271.0,271.0,55196
RLFL,2026-09-01,423.0,419.8,7320
SPL,2026-09-01,638.0,638.0,3016
STC,2026-09-01,5175.0,5180.0,435
SPDL,2026-09-01,340.3,349.5,15860
MHCL,2026-09-01,266.0,280.0,3321
SJLIC,2026-09-01,390.0,399.0,13188
SFMF,2026-09-01,9.48,9.5,14439
TTL,2026-09-01,670.0,671.2,5263
SBI,2026-09-01,392.1,398.9,10681
HBLPO,2026-09-01,102.0,102.0,100
CITY,2026-09-01,339.0,340.0,77720
BNT,2026-09-01,11890.0,11650.0,70
GHL,2026-09-01,220.0,223.0,44935
NLG,2026-09-01,481.0,494.4,11037
MKCL,2026-09-01,820.0,840.0,2495
GCIL,2026-09-01,399.2,376.0,67409
BARUN,2026-09-01,310.0,307.0,18271
GBIME,2026-09-01,240.0,240.0,80037
BHDC,2026-09-01,406.0,409.7,6911
PBD85,2026-09-01,1114.9,1114.9,100
EHPL,2026-09-01,309.0,303.5,7525
H8020,2026-09-01,11.7,11.65,31240
NBLD85,2026-09-01,1025.1,1025.1,25
LICN,2026-09-01,752.0,756.0,4019
SFEF,2026-09-01,9.85,9.83,275500
HBL,2026-09-01,185.5,186.8,36459
NHPC,2026-09-01,250.0,251.8,151272
UNLB,2026-09-01,1200.0,1229.9,1363
MBJC,2026-09-01,251.0,257.9,31131
NABIL,2026-09-01,535.0,536.5,25051
RHGCL,2026-09-01,245.0,241.0,3635
SLCF,2026-09-01,9.03,9.1,500
SOHL,2026-09-01,640.4,659.0,210674
NMBUR93/94,2026-09-01,951.6,999.0,770
SYPNL,2026-09-01,1293.0,1260.1,31283
PPL,2026-09-01,280.3,300.0,11128
NIMB,2026-09-01,181.0,182.2,49646
GIBF1,2026-09-01,10.39,10.47,30700
BHCL,2026-09-01,530.0,544.0,24956
RAWA,2026-09-01,392.0,394.9,11036
NABILD2089,2026-09-01,1095.0,1095.0,25
SBCF,2026-09-01,8.9,9.02,7900
SWBBL,2026-09-01,670.0,667.0,10671
SANVI,2026-09-01,555.0,558.0,5091
NIBLSTF,2026-09-01,8.0,8.17,2050
DDBL,2026-09-01,822.0,824.7,2668
GWFD83,2026-09-01,1016.3,1016.0,96
RBBF40,2026-09-01,8.74,9.04,3100
SLBSL,2026-09-01,883.0,867.0,638
BFC,2026-09-01,458.9,453.0,12427
BHL,2026-09-01,195.3,197.0,61438
HEIP,2026-09-01,308.5,300.1,3080
BBC,2026-09-01,4000.0,4003.0,70
TPKHL,2026-09-01,470.2,498.5,19469
AVYAN,2026-09-01,976.0,987.1,2521
AKPL,2026-09-01,240.0,242.5,52815
DOLTI,2026-09-01,282.0,280.0,13933
KBL,2026-09-01,221.0,211.0,127006
BANDIPUR,2026-09-01,635.0,642.0,16126
MMF1,2026-09-01,8.97,8.99,12079
SONA,2026-09-01,416.1,407.0,62300
LLBS,2026-09-01,903.0,865.0,394
KBSH,2026-09-01,839.0,821.0,11553
PMHPL,2026-09-01,292.7,295.0,11605
CORBL,2026-09-01,836.5,883.0,15206
HDL,2026-09-01,1160.0,1157.9,14685
RURU,2026-09-01,568.0,569.0,5364
SARBTM,2026-09-01,819.0,800.0,11400
CHDC,2026-09-01,2185.0,2150.0,8731
SPC,2026-09-01,382.0,385.0,2505
PRIN,2026-09-01,573.2,584.9,18237
RSY2,2026-09-01,8.89,8.93,5297
RSML,2026-09-01,2700.0,2718.0,23024
NRM,2026-09-01,278.0,283.0,9360
HIDCL,2026-09-01,235.1,236.2,92472
KAHL,2026-09-01,465.0,475.0,21230
GBBL,2026-09-01,418.5,421.0,34024
AHL,2026-09-01,358.0,373.8,905
EBLD86,2026-09-01,1060.0,1070.0,30
MBL,2026-09-01,246.0,245.0,56031
ILBS,2026-09-01,811.1,836.0,1691
USLB,2026-09-01,951.0,975.0,712
PHCL,2026-09-01,288.3,297.0,44782
RIDI,2026-09-01,340.0,347.7,264912
RHPL,2026-09-01,174.0,168.7,267473
EDBL,2026-09-01,569.9,569.9,549
SICL,2026-09-01,527.0,528.6,9009
HHL,2026-09-01,311.1,318.0,7869
HRL,2026-09-01,520.0,516.0,55431
RMF2,2026-09-01,9.7,9.7,30200
KSBBL,2026-09-01,470.2,474.6,40097
C30MF,2026-09-01,9.7,9.95,2400
IHL,2026-09-01,295.0,297.0,5561
MKHC,2026-09-01,233.0,236.0,9355
SEF2,2026-09-01,8.73,9.0,7600
DHPL,2026-09-01,266.9,273.5,7333
MMKJL,2026-08-31,340.0,322.9,19330
CORBL,2026-08-31,900.0,880.5,12108
SIGS3,2026-08-31,10.67,9.91,52730
HDHPC,2026-08-31,200.0,195.5,111889
RAWA,2026-08-31,427.5,397.5,5545
KSBBL,2026-08-31,474.0,474.0,22039
EBLD91,2026-08-31,1058.0,1066.0,75
RFPL,2026-08-31,321.1,322.0,29050
SCB,2026-08-31,650.0,642.3,10921
CIZBD86,2026-08-31,1214.0,1177.6,100
SMH,2026-08-31,491.0,490.0,8607
KKHC,2026-08-31,266.1,263.3,76177
RSDC,2026-08-31,611.0,610.0,1674
MHNL,2026-08-31,236.0,233.9,8450
C30MF,2026-08-31,9.75,9.95,1550
JHAPA,2026-08-31,1010.0,1001.3,2291
MSHL,2026-08-31,530.0,510.3,1760
SNLI,2026-08-31,380.0,387.6,10890
ECL,2026-08-31,1400.0,1320.0,19251
TTL,2026-08-31,685.0,670.2,8539
GBBL,2026-08-31,422.0,420.1,13793
CITY,2026-08-31,329.7,339.0,59505
SOPL,2026-08-31,758.0,736.0,19391
CSY,2026-08-31,8.3,8.21,58830
MEL,2026-08-31,197.1,195.0,17134
BUNGAL,2026-08-31,540.0,510.1,20729
NMBHF2,2026-08-31,8.36,8.5,2300
YMHL,2026-08-31,575.0,571.0,12681
ALBSL,2026-08-31,1071.0,1084.0,1215
RLEL,2026-08-31,801.8,790.0,9255
SWASTIK,2026-08-31,1850.0,1859.9,666
UNHPL,2026-08-31,345.0,349.8,19119
SALICO,2026-08-31,548.0,521.6,22540
CGH,2026-08-31,761.0,763.1,5167
OMPL,2026-08-31,860.0,855.0,2399
LICN,2026-08-31,756.0,752.1,13018
MLBS,2026-08-31,990.0,1000.0,140
ULBSL,2026-08-31,2310.0,2725.0,1952
SAGAR,2026-08-31,1501.0,1476.0,6205
USHEC,2026-08-31,490.0,481.3,6455
RHGCL,2026-08-31,246.1,242.0,15523
KBLD86,2026-08-31,1110.0,1110.0,300
EHPL,2026-08-31,329.5,300.0,13035
HIMSTAR,2026-08-31,650.0,640.0,4645
BPCL,2026-08-31,635.0,627.0,20854
JSLBB,2026-08-31,933.0,933.0,10
RIDI,2026-08-31,343.0,339.5,214321
CFCL,2026-08-31,560.0,580.0,45402
PHCL,2026-08-31,293.4,292.0,62526
ULHC,2026-08-31,300.0,287.1,10586
NTC,2026-08-31,874.0,870.0,4811
MNBBL,2026-08-31,353.2,353.0,23052
MKJC,2026-08-31,320.0,276.3,106702
DDBL,2026-08-31,830.0,822.1,3443
RBCL,2026-08-31,13470.0,13388.0,225
SAPIL,2026-08-31,1464.5,1276.0,115467
CREST,2026-08-31,1100.0,1044.0,6811
GLBSL,2026-08-31,1670.0,1679.0,71
RBBF40,2026-08-31,9.48,8.98,200
MHCL,2026-08-31,275.0,274.0,3178
MMF1,2026-08-31,8.5,8.96,4879
MKHC,2026-08-31,244.9,233.0,14448
HATHY,2026-08-31,620.0,600.0,10350
HHL,2026-08-31,323.0,317.0,15130
NSIF2,2026-08-31,10.08,9.8,4100
UMHL,2026-08-31,550.1,558.0,93138
JBLB,2026-08-31,1245.0,1239.0,2045
SONA,2026-08-31,415.0,416.9,188835
MATRI,2026-08-31,741.0,726.0,365
MEN,2026-08-31,618.0,614.4,72186
BOKD86,2026-08-31,1078.0,1053.1,50
SINDU,2026-08-31,602.9,587.3,5867
SBI,2026-08-31,415.0,398.7,10366
SPHL,2026-08-31,510.0,540.0,8262
KSY,2026-08-31,8.85,8.85,1500
HBL,2026-08-31,187.0,186.8,43451
LBBL,2026-08-31,473.0,467.7,17234
HFIN,2026-08-31,625.0,612.0,15409
BHL,2026-08-31,200.0,195.3,76883
DLBS,2026-08-31,985.0,990.0,168
STC,2026-08-31,5200.0,5168.0,265
CIT,2026-08-31,1670.1,1652.2,5288
TAMOR,2026-08-31,477.5,480.0,91097
TPC,2026-08-31,345.0,344.0,7928
CHL,2026-08-31,258.4,244.0,47208
UAIL,2026-08-31,380.0,371.3,19219
NMIC,2026-08-31,800.0,790.0,4801
BEDC,2026-08-31,285.0,278.0,23583
ILI,2026-08-31,403.0,399.0,11181
KAHL,2026-08-31,502.5,476.0,24009
UPCL,2026-08-31,325.2,324.0,68824
NIBLSTF,2026-08-31,8.16,8.18,400
UNL,2026-08-31,46300.0,46200.0,20
CBBL,2026-08-31,932.0,921.0,10679
SIPD,2026-08-31,582.0,581.0,11039
USHL,2026-08-31,520.0,520.0,412
TRH,2026-08-31,796.0,790.0,26643
ANLB,2026-08-31,4800.0,4944.0,1294
BNT,2026-08-31,11551.0,11570.0,50
HEI,2026-08-31,488.0,459.0,17668
NBL,2026-08-31,272.0,270.0,52568
LBLD86,2026-08-31,1097.0,1085.0,100
NESDO,2026-08-31,1310.0,1300.0,550
SNORL,2026-08-31,860.1,850.1,11040
MEPDL,2026-08-31,675.0,630.0,34393
MBL,2026-08-31,250.0,245.0,62567
SFEF,2026-08-31,9.65,9.85,300400
NIFRA,2026-08-31,240.0,240.1,76713
NWCL,2026-08-31,598.0,581.0,1722
KBSH,2026-08-31,924.0,839.0,9031
NLIC,2026-08-31,690.0,685.9,18184
SWMF,2026-08-31,578.5,580.0,1379
OHL,2026-08-31,605.0,595.1,1985
AKJCL,2026-08-31,343.0,336.9,136000
NFS,2026-08-31,535.0,525.0,5886
SPL,2026-08-31,621.7,619.9,1204
PMLI,2026-08-31,405.0,400.1,2485
SARBTM,2026-08-31,799.9,813.9,34470
HURJA,2026-08-31,231.0,226.0,45909
GHL,2026-08-31,225.0,220.0,78097
RADHI,2026-08-31,680.4,674.0,42630
NICA,2026-08-31,308.0,306.0,42554
GMLI,2026-08-31,950.0,933.0,828
GBBD85,2026-08-31,1054.0,1058.0,50
AHL,2026-08-31,380.0,369.0,1613
RMF1,2026-08-31,9.25,9.3,1900
APHL,2026-08-31,674.5,670.6,11133
NICLBSL,2026-08-31,531.0,519.0,5419
NICL,2026-08-31,432.0,416.9,30964
NMLBBL,2026-08-31,485.0,477.0,3251
GWFD83,2026-08-31,1027.0,1016.2,400
SLCF,2026-08-31,9.1,9.01,300
SHINE,2026-08-31,404.0,407.0,19306
NLG,2026-08-31,516.0,483.9,12920
SRLI,2026-08-31,357.3,354.7,20451
KMCDB,2026-08-31,762.0,767.0,2055
PMHPL,2026-08-31,295.0,295.0,6205
NRN,2026-08-31,1351.0,1339.0,18536
MSLB,2026-08-31,1191.0,1200.0,390
GILB,2026-08-31,1083.0,1070.0,6100
NICSF,2026-08-31,8.43,8.2,8100
MEHL,2026-08-31,230.1,234.9,82844
NMBUR93/94,2026-08-31,986.0,981.0,100
SAIL,2026-08-31,962.0,985.0,17724
BHPL,2026-08-31,450.0,433.0,6093
NHDL,2026-08-31,615.0,619.5,2492
PSF,2026-08-31,12.22,11.91,4750
NUBL,2026-08-31,574.0,571.0,1706
NIBSF2,2026-08-31,8.41,8.5,2980
PCBL,2026-08-31,235.0,233.5,33319
NBF2,2026-08-31,9.72,9.72,1750
GBLBS,2026-08-31,660.0,660.0,2351
BHDC,2026-08-31,417.0,406.0,13062
SBL,2026-08-31,407.0,411.0,47057
TVCL,2026-08-31,345.0,344.0,26131
LSL,2026-08-31,217.0,217.1,63898
RSY,2026-08-31,9.51,9.61,800
RSY2,2026-08-31,8.9,9.0,37750
USLB,2026-08-31,950.0,951.0,1314
PPL,2026-08-31,293.0,295.0,24282
LSH12,2026-08-31,9.11,9.0,5850
EBLD85,2026-08-31,1140.0,1140.9,50
NMBMF,2026-08-31,590.0,589.0,2365
UHEWA,2026-08-31,600.0,590.0,23268
NBF3,2026-08-31,9.11,9.35,13150
SHLB,2026-08-31,1285.0,1262.5,380
GIBF1,2026-08-31,10.62,10.6,1500
SMFBS,2026-08-31,1305.0,1319.0,122
IHL,2026-08-31,291.0,295.0,4452
NICBF,2026-08-31,8.82,8.82,100
CHDC,2026-08-31,2170.0,2144.9,6712
NICAD2091,2026-08-31,1062.9,1094.0,2119
SKHEL,2026-08-31,877.0,815.0,7026
JOSHI,2026-08-31,256.1,255.0,10141
NRM,2026-08-31,285.0,280.0,5610
SEF,2026-08-31,9.47,9.21,5700
GBIME,2026-08-31,242.0,240.0,85641
SBID89,2026-08-31,1130.0,1130.0,25
NIMB,2026-08-31,190.0,182.7,71528
JFL,2026-08-31,374.0,372.0,2323
SEF2,2026-08-31,8.9,9.0,7800
FOWAD,2026-08-31,878.0,859.0,3569
BFC,2026-08-31,465.0,448.5,15468
HRL,2026-08-31,537.4,515.0,95707
LLBS,2026-08-31,855.6,860.0,148
HDL,2026-08-31,1169.0,1157.0,18704
SHEL,2026-08-31,290.0,289.0,52408
MERO,2026-08-31,600.3,601.0,1662
ADBL,2026-08-31,305.0,295.5,16748
NYADI,2026-08-31,340.1,343.8,6849
GRDBL,2026-08-31,961.0,978.9,2639
GSY,2026-08-31,8.89,8.92,8900
BARUN,2026-08-31,312.0,309.0,28623
UPPER,2026-08-31,184.0,181.2,78180
DHPL,2026-08-31,272.0,269.8,4193
TSHL,2026-08-31,336.0,325.0,3321
ICFCD88,2026-08-31,1091.2,1091.1,25
SMPDA,2026-08-31,735.0,729.0,1161
NSY,2026-08-31,9.1,9.3,3600
KDL,2026-08-31,720.0,715.0,2197
H8020,2026-08-31,11.7,11.7,42830
AHPC,2026-08-31,251.0,247.5,57393
CYCL,2026-08-31,1620.0,1615.0,10510
SMJC,2026-08-31,411.2,400.0,15436
SHIVM,2026-08-31,665.0,664.0,397552
NABIL,2026-08-31,540.0,535.2,43318
NABBC,2026-08-31,741.0,743.9,8953
MLBSL,2026-08-31,1128.0,1050.0,2828
SIKLES,2026-08-31,565.0,553.1,2868
SANIMA,2026-08-31,359.0,359.0,166345
VLBS,2026-08-31,615.0,607.9,2289
BGWT,2026-08-31,505.0,493.0,2067
KBLD89,2026-08-31,1250.0,1250.0,30
UNLB,2026-08-31,1277.0,1233.9,1017
HPPL,2026-08-31,372.2,358.0,51754
DOLTI,2026-08-31,285.0,282.0,21538
UMRH,2026-08-31,505.1,514.9,4276
KHPL,2026-08-31,750.0,741.0,3933
JBBD87,2026-08-31,1133.0,1133.0,25
JBBL,2026-08-31,327.0,325.0,24411
BHCL,2026-08-31,528.0,545.0,47279
SAEF2,2026-08-31,8.87,9.0,4700
MPFL,2026-08-31,595.0,586.0,3609
GUFL,2026-08-31,494.0,495.0,11606
SHPC,2026-08-31,498.0,495.0,50020
ACLBSL,2026-08-31,900.0,892.4,650
PBD88,2026-08-31,1170.0,1170.0,25
SJLIC,2026-08-31,400.0,390.2,12818
CHCL,2026-08-31,395.0,362.5,326757
BANDIPUR,2026-08-31,657.0,638.9,28076
ILBS,2026-08-31,820.0,834.9,756
HIDCL,2026-08-31,240.0,236.8,45104
HEIP,2026-08-31,304.0,318.0,2010
GFCL,2026-08-31,563.3,569.0,8718
ALICL,2026-08-31,391.2,393.9,9322
ICFC,2026-08-31,580.5,580.5,3428
KDBY,2026-08-31,9.68,9.8,16925
MKCL,2026-08-31,867.0,820.0,3930
BBC,2026-08-31,4067.9,4000.0,668
SPIL,2026-08-31,611.1,588.0,15057
SKHL,2026-08-31,730.0,709.1,12937
SJCL,2026-08-31,227.0,231.1,37981
NMB,2026-08-31,236.0,235.3,44597
EBL,2026-08-31,726.0,711.9,47912
GBIMESY2,2026-08-31,9.0,8.92,2300
RLFL,2026-08-31,434.9,414.9,13700
SBLD83,2026-08-31,1020.0,1000.0,115
MCHL,2026-08-31,246.4,238.8,9868
NLICL,2026-08-31,555.0,538.4,12662
PPCL,2026-08-31,317.1,325.9,18337
TPKHL,2026-08-31,490.1,488.0,18884
HIDCLP,2026-08-31,181.4,179.0,48073
SKBBL,2026-08-31,740.2,741.6,6986
PURE,2026-08-31,746.1,775.0,6232
SAPDBL,2026-08-31,715.0,705.9,7498
SBCF,2026-08-31,9.01,8.73,9556
SSHL,2026-08-31,192.0,188.0,80406
CKHL,2026-08-31,558.0,553.1,200
NICFC,2026-08-31,8.88,8.78,1100
SGHC,2026-08-31,290.0,285.0,16888
SMATA,2026-08-31,680.0,675.0,2353
BJHL,2026-08-31,645.1,639.0,6320
PBLD87,2026-08-31,1100.0,1100.0,10
GBILD84/85,2026-08-31,1150.0,1150.0,10
VLUCL,2026-08-31,373.0,368.0,2695
MHL,2026-08-31,450.0,447.0,3670
NHPC,2026-08-31,254.0,248.0,129856
MBLEF,2026-08-31,9.5,8.5,73543
MANDU,2026-08-31,681.0,635.0,3851
GCIL,2026-08-31,375.0,398.0,173367
RBBD2088,2026-08-31,1081.4,1050.4,1626
NIBLGF,2026-08-31,8.5,8.32,900
LEC,2026-08-31,213.0,208.0,75287
BNHC,2026-08-31,255.0,252.0,20722
KBL,2026-08-31,210.0,211.0,178540
SIFC,2026-08-31,485.0,482.4,4637
ENL,2026-08-31,765.0,784.0,730
API,2026-08-31,325.9,322.2,132043
GMFBS,2026-08-31,1131.0,1114.0,315
NMFBS,2026-08-31,1105.2,1108.0,1645
MABEL,2026-08-31,553.1,553.3,5017
SOHL,2026-08-31,660.0,648.0,75473
RBCLPO,2026-08-31,10867.0,10900.0,60
GMFIL,2026-08-31,415.0,410.0,3496
HLBSL,2026-08-31,849.0,850.0,426
SGHL,2026-08-31,494.0,471.2,60004
NADEP,2026-08-31,692.6,704.0,172
RNLI,2026-08-31,415.0,408.0,17767
NICD88,2026-08-31,1067.0,1067.0,25
SAGF,2026-08-31,9.85,9.75,176364
WNLB,2026-08-31,1110.0,1012.0,1905
SGIC,2026-08-31,400.1,378.0,21974
SLBBL,2026-08-31,772.1,779.0,1128
SMB,2026-08-31,1710.0,1722.0,525
AKPL,2026-08-31,238.0,241.0,83964
SPDL,2026-08-31,359.8,349.7,32622
RHPL,2026-08-31,183.0,165.9,379967
MLBL,2026-08-31,340.0,340.0,18802
SANVI,2026-08-31,570.0,560.0,3669
SABBL,2026-08-31,852.1,860.0,10333
DHEL,2026-08-31,547.1,543.0,8446
DORDI,2026-08-31,242.0,236.1,21125
SHL,2026-08-31,511.0,497.1,12590
SAHAS,2026-08-31,682.0,670.9,126626
NICGF2,2026-08-31,8.6,8.7,3600
MFLD85,2026-08-31,1105.0,1105.0,90
PROFL,2026-08-31,385.0,375.1,3775
PCIL,2026-08-31,621.0,646.0,105652
KEF,2026-08-31,9.8,9.5,10492
FMDBL,2026-08-31,715.5,720.0,6866
RURU,2026-08-31,570.1,572.1,656
LUK,2026-08-31,9.35,9.12,29400
HLICF,2026-08-31,8.3,8.5,6673
PRSF,2026-08-31,12.78,12.7,53194
KPCL,2026-08-31,448.0,448.0,7654
PRIN,2026-08-31,583.0,573.2,7325
CZBIL,2026-08-31,192.2,192.0,16973
NGPL,2026-08-31,395.0,390.0,97306
SFMF,2026-08-31,9.61,9.61,100
CLI,2026-08-31,415.0,412.3,6700
RMF2,2026-08-31,9.78,9.76,55695
SICL,2026-08-31,545.0,527.1,14180
SMHL,2026-08-31,525.0,525.0,92542
MLBBL,2026-08-31,937.0,915.0,4090
RSML,2026-08-31,2770.0,2724.0,44684
EDBL,2026-08-31,566.2,563.1,2535
SYPNL,2026-08-31,1244.3,1293.0,85617
GLH,2026-08-31,247.5,241.4,33674
SIGS2,2026-08-31,10.27,9.9,59830
SADBL,2026-08-31,405.0,403.7,13115
MAKAR,2026-08-31,402.0,390.2,55437
IGI,2026-08-31,398.9,374.0,21350
NABILD2089,2026-08-31,1050.0,1100.0,5558
AVYAN,2026-08-31,1004.0,1000.0,3542
SPC,2026-08-31,408.8,382.0,9991
MFIL,2026-08-31,705.0,723.9,12622
MNMF1,2026-08-31,9.03,9.1,59500
MKHL,2026-08-31,474.2,471.6,1887
NIL,2026-08-31,540.1,516.0,13941
MDB,2026-08-31,551.0,554.0,8615
NRIC,2026-08-31,851.0,793.0,55459
SLBSL,2026-08-31,880.0,882.5,85
GVL,2026-08-31,467.2,472.0,15776
SWBBL,2026-08-31,658.1,663.9,4323
PRVU,2026-08-31,169.7,175.5,88370
MBJC,2026-08-31,255.0,256.9,50127
HLI,2026-08-31,301.0,287.0,48460
SRLI,2026-08-27,352.1,357.3,12826
NICSF,2026-08-27,8.6,8.48,6400
SRLIP,2026-08-27,197.6,197.6,910
MERO,2026-08-27,601.0,616.9,2755
KEF,2026-08-27,9.4,9.68,4300
MBLEF,2026-08-27,9.58,9.51,21300
NBF3,2026-08-27,9.5,9.34,13100
UNL,2026-08-27,47200.0,47200.0,10
BHPL,2026-08-27,446.0,458.0,1928
KBLD89,2026-08-27,1250.0,1250.0,25
MKHC,2026-08-27,243.0,246.9,13055
BNL,2026-08-27,14405.0,14405.0,10
JFL,2026-08-27,367.2,384.8,1773
HEIP,2026-08-27,328.6,309.3,5010
MFIL,2026-08-27,700.0,735.0,28866
PURE,2026-08-27,759.0,768.0,5411
UNLB,2026-08-27,1279.0,1240.0,111
IGI,2026-08-27,391.0,392.9,16845
MABEL,2026-08-27,558.0,567.3,5846
USHEC,2026-08-27,483.0,496.0,699
LBBL,2026-08-27,462.3,473.0,10037
PPL,2026-08-27,301.1,308.0,16069
HLBSL,2026-08-27,859.9,850.0,1520
CKHL,2026-08-27,561.0,575.0,210
MNBBL,2026-08-27,353.3,357.0,14896
WNLB,2026-08-27,1125.0,1110.0,516
PMHPL,2026-08-27,300.0,300.0,7634
NRN,2026-08-27,1376.9,1349.5,32407
BGWT,2026-08-27,475.3,513.0,1568
RBCL,2026-08-27,13400.0,13802.0,20
SKHL,2026-08-27,740.1,750.3,10744
RBBF40,2026-08-27,9.45,9.25,259200
SGHC,2026-08-27,287.0,290.0,18639
SANIMA,2026-08-27,365.0,369.0,95391
MKHL,2026-08-27,476.0,486.5,1805
RLFL,2026-08-27,437.0,430.0,16321
GFCL,2026-08-27,558.0,570.0,4172
MLBS,2026-08-27,1010.0,1020.0,180
MNMF1,2026-08-27,9.26,9.3,26000
TRH,2026-08-27,800.0,818.0,3953
EHPL,2026-08-27,321.0,313.9,21982
RADHI,2026-08-27,680.0,685.0,60072
ULBSL,2026-08-27,2500.0,2408.0,1385
MSLB,2026-08-27,1224.0,1214.0,216
PCIL,2026-08-27,576.4,621.0,67638
AHL,2026-08-27,384.0,390.0,2010
SBID83,2026-08-27,1060.0,1060.0,25
JOSHI,2026-08-27,248.0,259.8,18387
TAMOR,2026-08-27,472.7,482.0,123358
ACLBSL,2026-08-27,880.0,900.0,389
GILB,2026-08-27,1045.1,1089.5,917
RIDI,2026-08-27,342.0,345.9,265159
SGHL,2026-08-27,485.0,493.8,62868
UMHL,2026-08-27,563.0,559.9,19324
YMHL,2026-08-27,575.0,593.9,9782
NMBUR93/94,2026-08-27,963.0,990.0,35
SAGF,2026-08-27,9.81,9.85,10250
LUK,2026-08-27,9.55,9.57,300
NFS,2026-08-27,530.0,536.9,4113
NICGF2,2026-08-27,8.63,8.69,400
NMLBBL,2026-08-27,490.0,490.0,6588
FOWAD,2026-08-27,865.2,878.0,3029
NIMBPO,2026-08-27,141.7,141.9,6718
USHL,2026-08-27,551.2,533.7,2261
SAPIL,2026-08-27,1273.5,1394.8,4690
SAGAR,2026-08-27,1485.0,1522.0,3430
CLI,2026-08-27,412.5,417.1,4575
HIDCLP,2026-08-27,180.1,181.4,48874
SLBBLP,2026-08-27,443.0,443.0,10913
NBF2,2026-08-27,9.71,9.72,1100
RSDC,2026-08-27,613.0,611.2,1229
SADBL,2026-08-27,400.0,405.0,4270
SHEL,2026-08-27,288.1,292.6,70837
HIDCL,2026-08-27,238.5,242.0,87588
ICFCD89,2026-08-27,1100.0,1086.1,100
EDBL,2026-08-27,565.0,566.0,4709
CSY,2026-08-27,8.37,8.5,5493
JHAPA,2026-08-27,1000.0,1013.0,4079
BNT,2026-08-27,11510.0,11550.1,36
JBBL,2026-08-27,326.4,331.9,30488
RSY2,2026-08-27,8.67,9.16,5400
KSBBL,2026-08-27,470.0,474.0,25087
KBL,2026-08-27,212.0,212.0,230009
SNORL,2026-08-27,865.2,866.0,7877
RMF1,2026-08-27,9.21,9.3,500
SMATA,2026-08-27,685.1,695.0,2766
HRL,2026-08-27,535.0,537.4,72553
SEF2,2026-08-27,8.85,9.1,10100
SEF,2026-08-27,9.29,9.2,220868
NICBF,2026-08-27,9.04,9.04,100
SPC,2026-08-27,390.0,397.0,7096
SIGS2,2026-08-27,10.5,10.27,1870
CBLD88,2026-08-27,1155.0,1155.0,15
NWCL,2026-08-27,601.2,603.0,2066
BJHL,2026-08-27,666.0,665.0,8596
ICFC,2026-08-27,577.0,590.0,4898
TSHL,2026-08-27,335.0,338.0,2038
SOPL,2026-08-27,717.0,758.0,35623
GBIME,2026-08-27,241.1,242.0,236991
LSH12,2026-08-27,9.0,9.11,2300
NUBL,2026-08-27,568.1,574.0,3191
RBCLPO,2026-08-27,11100.0,11200.0,20
RHPL,2026-08-27,195.0,188.0,420658
BOKD86KA,2026-08-27,1096.5,1096.5,25
CZBIL,2026-08-27,192.2,194.8,40593
NIBLSTF,2026-08-27,8.41,8.41,5650
GSY,2026-08-27,9.15,8.95,55000
MATRI,2026-08-27,775.0,760.0,1550
NMBHF2,2026-08-27,8.6,8.6,500
SHIVM,2026-08-27,624.0,650.0,335852
CORBL,2026-08-27,864.5,902.2,20583
SLBBL,2026-08-27,787.0,790.0,1465
SMFBS,2026-08-27,1390.0,1369.0,425
RFPL,2026-08-27,322.0,330.0,16059
DLBS,2026-08-27,1003.0,1007.1,513
PHCL,2026-08-27,295.0,297.6,32761
PCBL,2026-08-27,237.0,235.5,23140
SANVI,2026-08-27,555.0,579.0,13434
SAIL,2026-08-27,968.0,970.1,18103
SPL,2026-08-27,665.0,640.9,1595
VLUCL,2026-08-27,368.0,383.5,4663
MMF1,2026-08-27,9.15,8.7,9800
SAPDBL,2026-08-27,673.2,720.0,26834
DDBL,2026-08-27,819.0,835.0,3078
NICA,2026-08-27,306.0,308.1,36729
CHL,2026-08-27,255.0,258.4,13267
UPPER,2026-08-27,184.5,184.0,129011
KAHL,2026-08-27,480.0,502.5,26809
MCHL,2026-08-27,256.0,254.0,7893
RHGCL,2026-08-27,241.1,249.0,13851
NIBSF2,2026-08-27,8.5,8.5,200
MEPDL,2026-08-27,661.2,675.0,28463
OHL,2026-08-27,602.0,620.0,2612
MLBBL,2026-08-27,930.0,943.0,2637
RNLI,2026-08-27,410.0,415.0,4954
MHCL,2026-08-27,273.6,275.0,4283
SIKLES,2026-08-27,547.0,565.0,12776
NSIF2,2026-08-27,10.0,9.94,18100
BFC,2026-08-27,445.0,459.7,17454
NYADI,2026-08-27,337.3,350.0,3951
SBI,2026-08-27,403.0,400.0,413584
BHDC,2026-08-27,415.1,420.0,15954
NABBC,2026-08-27,758.0,751.2,8720
ANLB,2026-08-27,4800.0,4920.0,1103
SJCL,2026-08-27,220.4,227.0,115395
BPCL,2026-08-27,630.0,640.0,8262
NIBLGF,2026-08-27,8.5,8.54,1400
SKBBL,2026-08-27,740.0,742.5,2334
NRM,2026-08-27,285.4,288.5,3975
SMHL,2026-08-27,518.0,525.0,76086
MBJC,2026-08-27,251.0,257.1,46949
HIMSTAR,2026-08-27,655.0,659.9,4618
C30MF,2026-08-27,9.7,9.76,200
SLBSL,2026-08-27,862.4,877.0,615
GLBSL,2026-08-27,1690.0,1705.0,160
HLI,2026-08-27,301.0,300.0,34374
USLB,2026-08-27,945.0,970.0,2224
HBL,2026-08-27,189.0,188.7,43589
ENL,2026-08-27,808.9,764.0,2398
NICL,2026-08-27,450.0,442.2,22351
SBD89,2026-08-27,1190.0,1190.0,25
SBL,2026-08-27,404.3,411.0,58300
GBBL,2026-08-27,418.0,422.0,24151
HEI,2026-08-27,491.0,489.9,30286
DORDI,2026-08-27,235.0,242.0,55038
EBLD91,2026-08-27,1061.0,1061.0,100
AVYAN,2026-08-27,1000.0,1017.6,2454
RBBD2088,2026-08-27,1042.0,1050.0,50
MPFL,2026-08-27,583.3,597.6,7085
CYCL,2026-08-27,1528.6,1612.0,14132
BUNGAL,2026-08-27,545.0,542.9,19450
CHCL,2026-08-27,405.7,405.0,407762
BHCL,2026-08-27,525.2,555.0,104157
SICL,2026-08-27,567.0,559.0,27524
HDHPC,2026-08-27,199.9,202.0,72503
NMIC,2026-08-27,830.0,821.0,6752
MHNL,2026-08-27,230.7,238.8,15056
NIL,2026-08-27,556.0,549.9,13763
SWBBL,2026-08-27,690.0,668.0,4617
SPHL,2026-08-27,512.0,523.0,2683
HDL,2026-08-27,1162.0,1163.0,27280
ADBL,2026-08-27,295.0,299.0,47003
FMDBL,2026-08-27,730.0,728.0,7542
SGIC,2026-08-27,411.0,400.1,25209
SAHAS,2026-08-27,675.0,682.0,94363
MEN,2026-08-27,606.0,618.0,68663
NHDL,2026-08-27,616.0,623.0,727
APHL,2026-08-27,660.2,689.0,10791
HATHY,2026-08-27,606.0,625.5,10850
NGPL,2026-08-27,390.1,398.0,102967
GCIL,2026-08-27,343.0,370.0,149484
CITY,2026-08-27,344.0,347.0,44664
KMCDB,2026-08-27,763.0,774.6,382
VLBS,2026-08-27,610.2,620.0,1533
SOHL,2026-08-27,655.4,660.0,160615
MDB,2026-08-27,555.2,557.0,9161
LICN,2026-08-27,755.0,761.5,10475
CGH,2026-08-27,761.0,770.0,6632
EBL,2026-08-27,734.0,729.5,16639
SWMF,2026-08-27,580.0,587.0,2162
CBBL,2026-08-27,930.0,932.0,5994
SIGS3,2026-08-27,10.6,10.99,1300
H8020,2026-08-27,11.95,11.74,14670
SHPC,2026-08-27,490.0,502.0,54573
GRDBL,2026-08-27,947.0,984.0,1436
SCB,2026-08-27,644.0,645.0,8398
RURU,2026-08-27,575.1,585.0,1455
LBLD88,2026-08-27,1122.0,1122.0,5
GBILD86/87,2026-08-27,1056.0,1055.0,25
NLG,2026-08-27,515.1,516.0,12499
NIFRA,2026-08-27,238.0,239.0,54380
KHPL,2026-08-27,779.0,760.0,8615
SPIL,2026-08-27,625.0,625.0,8797
NHPC,2026-08-27,250.0,254.6,188666
BHL,2026-08-27,198.5,199.7,129021
SARBTM,2026-08-27,795.6,793.0,46652
SBID89,2026-08-27,1130.0,1130.0,500
SYPNL,2026-08-27,1220.0,1244.3,43645
NCCD86,2026-08-27,1118.0,1118.0,150
KDL,2026-08-27,711.0,731.1,1796
UMRH,2026-08-27,507.0,519.7,1535
NMFBS,2026-08-27,1082.0,1105.2,978
NLICL,2026-08-27,553.1,566.9,5126
SHL,2026-08-27,500.0,508.7,12179
RLEL,2026-08-27,810.4,844.0,17401
MEHL,2026-08-27,220.0,234.6,51237
BBC,2026-08-27,4001.0,4050.0,423
GBIMESY2,2026-08-27,8.89,8.89,400
PRVU,2026-08-27,175.0,178.6,115369
TPKHL,2026-08-27,500.0,509.0,23278
RMF2,2026-08-27,9.76,9.76,100
DHPL,2026-08-27,265.1,274.5,4139
IHL,2026-08-27,300.0,300.0,7597
MMKJL,2026-08-27,363.8,345.0,21103
CIT,2026-08-27,1660.0,1670.0,5804
NBL,2026-08-27,271.0,272.3,85643
UHEWA,2026-08-27,633.7,604.0,35926
TTL,2026-08-27,690.0,690.0,7942
STC,2026-08-27,5168.0,5170.0,256
ILBS,2026-08-27,820.0,838.0,1506
PROFL,2026-08-27,371.0,384.0,8472
HURJA,2026-08-27,225.0,230.0,41082
AKPL,2026-08-27,238.0,244.0,73271
GBILD84/85,2026-08-27,1130.0,1130.0,25
LLBS,2026-08-27,895.0,882.0,97
NICLBSL,2026-08-27,512.0,528.0,3053
HHL,2026-08-27,320.0,326.8,9662
SNLI,2026-08-27,376.0,390.0,9361
SMPDA,2026-08-27,712.1,740.0,898
TPC,2026-08-27,340.1,350.0,13402
GHL,2026-08-27,230.0,226.9,81589
BNHC,2026-08-27,262.0,263.6,16010
SMJC,2026-08-27,411.0,419.0,7841
SBCF,2026-08-27,9.48,9.27,4400
PSF,2026-08-27,11.82,12.17,620100
NESDO,2026-08-27,1330.0,1345.0,1126
HBLD86,2026-08-27,1112.4,1112.4,25
GIBF1,2026-08-27,10.61,10.62,1700
PRSF,2026-08-27,12.54,12.75,22600
SHLB,2026-08-27,1310.0,1323.9,700
NICAD2091,2026-08-27,1030.0,1032.0,50
JBLB,2026-08-27,1238.0,1249.2,2963
SPDL,2026-08-27,345.4,353.0,23695
SHINE,2026-08-27,405.0,408.0,7983
GBLBS,2026-08-27,650.1,666.0,2671
NTC,2026-08-27,875.0,875.0,4323
HLICF,2026-08-27,8.2,8.28,2600
UAIL,2026-08-27,395.0,388.8,14724
MLBL,2026-08-27,336.6,347.8,20729
NICFC,2026-08-27,8.8,8.88,300
KBSH,2026-08-27,880.0,880.0,6681
MANDU,2026-08-27,712.0,700.1,741
MLBSL,2026-08-27,1117.0,1096.0,1473
HPPL,2026-08-27,366.2,369.0,92389
NABIL,2026-08-27,535.0,540.2,36950
SJLIC,2026-08-27,398.0,402.8,10237
DOLTI,2026-08-27,288.0,291.6,33990
BANDIPUR,2026-08-27,636.0,657.0,13563
PPCL,2026-08-27,321.0,326.9,11377
OMPL,2026-08-27,860.0,872.0,1392
NRIC,2026-08-27,865.0,851.0,18548
CREST,2026-08-27,1083.5,1074.1,5051
JSLBB,2026-08-27,942.0,960.0,137
GUFL,2026-08-27,525.0,494.0,13618
DHEL,2026-08-27,550.0,564.0,15783
MAKAR,2026-08-27,420.0,401.0,176382
SAEF2,2026-08-27,8.93,9.05,5400
NMB,2026-08-27,236.2,236.8,22851
PMLI,2026-08-27,402.5,409.9,3000
TVCL,2026-08-27,380.0,354.0,35333
HFIN,2026-08-27,602.0,628.0,18504
SALICOPO,2026-08-27,270.0,270.0,16696
MEL,2026-08-27,198.0,201.9,10526
NLIC,2026-08-27,700.0,690.3,12855
CIZBD90,2026-08-27,1225.0,1225.0,30
LSL,2026-08-27,213.1,217.0,26219
SMB,2026-08-27,1702.0,1745.0,633
MKJC,2026-08-27,334.7,325.0,78815
GMFIL,2026-08-27,410.9,418.9,9007
SWASTIK,2026-08-27,1901.1,1904.0,473
NSY,2026-08-27,9.3,9.2,3300
SLCF,2026-08-27,9.1,9.1,250
RSML,2026-08-27,2686.0,2728.0,40235
GLH,2026-08-27,242.0,247.5,47653
SFEF,2026-08-27,9.5,9.65,51836
MSHL,2026-08-27,544.0,546.0,623
SIPD,2026-08-27,570.0,596.0,13150
ALICL,2026-08-27,393.1,402.3,9411
PRIN,2026-08-27,595.0,599.6,6616
RAWA,2026-08-27,425.2,407.2,18698
SSHL,2026-08-27,192.0,194.0,101350
ECL,2026-08-27,1443.1,1400.0,13789
SKHEL,2026-08-27,858.7,877.0,5023
BARUN,2026-08-27,307.2,313.9,32387
SONA,2026-08-27,387.0,408.0,154353
AKJCL,2026-08-27,322.0,343.0,340803
CHDC,2026-08-27,2161.0,2183.0,6452
UPCL,2026-08-27,322.1,333.0,15766
NIMB,2026-08-27,183.0,185.0,86645
RSY,2026-08-27,9.9,9.44,11800
SIFC,2026-08-27,480.0,485.1,4744
ILI,2026-08-27,400.0,403.2,6097
NADEP,2026-08-27,688.7,714.0,662
GMLI,2026-08-27,947.7,958.4,722
BEDC,2026-08-27,285.0,289.0,12811
MKCL,2026-08-27,860.5,870.0,2553
SALICO,2026-08-27,565.0,553.0,7686
SINDU,2026-08-27,592.5,613.9,8787
EBLD85,2026-08-27,1110.0,1110.0,25
KKHC,2026-08-27,280.2,269.0,125700
AHPC,2026-08-27,250.0,252.7,76204
GMFBS,2026-08-27,1110.0,1146.0,1466
SABBL,2026-08-27,870.0,870.0,8221
ALBSL,2026-08-27,1060.0,1108.0,4224
API,2026-08-27,325.0,325.9,177092
SMH,2026-08-27,495.0,500.0,8984
KPCL,2026-08-27,445.1,454.0,3208
CFCL,2026-08-27,570.0,585.7,32748
ULHC,2026-08-27,297.0,301.0,9032
MBL,2026-08-27,245.0,248.0,27224
GVL,2026-08-27,461.0,476.2,7835
LEC,2026-08-27,205.0,213.0,94705
UNHPL,2026-08-27,355.0,358.0,8745
KDBY,2026-08-27,9.93,9.75,43690
MHL,2026-08-27,437.0,458.8,2338
NMBMF,2026-08-27,590.0,590.0,867
KSY,2026-08-27,8.92,8.92,500
NABILD2089,2026-08-27,1060.0,1058.0,100
GRDBL,2026-08-26,972.0,969.5,2545
CHCL,2026-08-26,455.0,427.0,480553
USLB,2026-08-26,1020.0,970.0,1457
SAPDBL,2026-08-26,685.0,694.0,18766
BANDIPUR,2026-08-26,653.1,653.5,29564
MEN,2026-08-26,615.0,615.0,90791
FOWAD,2026-08-26,893.0,887.0,4052
NIBD84,2026-08-26,1022.6,1030.0,100
SBCF,2026-08-26,9.48,9.21,3100
NMBHF2,2026-08-26,8.93,8.84,700
RLFL,2026-08-26,436.0,427.0,20684
NIMBPO,2026-08-26,139.1,140.0,2742
MAKAR,2026-08-26,445.0,426.0,46463
BHDC,2026-08-26,423.0,417.0,13794
NRIC,2026-08-26,886.0,869.8,43920
SAPIL,2026-08-26,1055.0,1212.9,1820
NTC,2026-08-26,885.0,875.0,7271
PRVU,2026-08-26,180.0,179.0,151945
CREST,2026-08-26,1215.5,1117.0,4429
NHDL,2026-08-26,616.0,628.0,564
NMIC,2026-08-26,865.0,842.0,2689
RBBF40,2026-08-26,9.11,9.3,69386
GVL,2026-08-26,471.0,472.5,18176
DOLTI,2026-08-26,299.0,288.0,23988
BNHC,2026-08-26,270.0,266.2,29940
SPIL,2026-08-26,666.0,640.0,10013
SWBBL,2026-08-26,664.0,667.0,5761
NLICL,2026-08-26,560.0,560.0,5300
MNMF1,2026-08-26,9.22,9.29,1420
WNLB,2026-08-26,1135.0,1126.0,81
GCIL,2026-08-26,338.0,342.0,20586
YMHL,2026-08-26,571.0,589.9,21969
RSDC,2026-08-26,611.0,613.0,2913
UNLB,2026-08-26,1216.0,1242.9,120
ICFC,2026-08-26,585.2,585.1,8938
KPCL,2026-08-26,460.0,457.0,14792
SIKLES,2026-08-26,560.5,559.0,20603
NBF3,2026-08-26,9.42,9.58,1200
GMFIL,2026-08-26,421.0,410.9,37847
SONA,2026-08-26,386.2,388.4,34358
API,2026-08-26,329.0,327.5,168054
DDBL,2026-08-26,835.0,829.2,4532
UNHPL,2026-08-26,365.0,355.0,25943
EBLD85,2026-08-26,1096.9,1129.8,45
RHPL,2026-08-26,230.0,205.2,571997
RIDI,2026-08-26,354.9,343.0,348571
NMB,2026-08-26,239.0,237.5,27838
UMRH,2026-08-26,520.0,515.0,10237
PPL,2026-08-26,294.1,304.0,26131
SPC,2026-08-26,404.9,399.0,4377
NIMB,2026-08-26,185.2,183.3,109066
HRL,2026-08-26,556.09,549.0,82424
SHINED,2026-08-26,1100.0,1125.0,225
RSML,2026-08-26,2741.0,2706.0,24922
JSLBB,2026-08-26,920.0,942.0,206
NBL,2026-08-26,275.0,271.7,87211
PURE,2026-08-26,748.0,759.0,5981
DHEL,2026-08-26,565.1,555.0,15773
SKHEL,2026-08-26,878.6,885.0,2148
MKHL,2026-08-26,488.1,489.0,3077
TRH,2026-08-26,794.0,803.0,764
NIFRA,2026-08-26,240.1,239.3,75226
MDB,2026-08-26,577.5,562.0,5591
SGHL,2026-08-26,506.0,492.0,71460
TAMOR,2026-08-26,480.0,480.0,406065
RSY2,2026-08-26,8.88,8.93,3700
TPKHL,2026-08-26,515.0,500.1,32526
MEL,2026-08-26,200.2,201.5,26326
RHGCL,2026-08-26,247.8,248.0,15280
IGI,2026-08-26,412.0,403.0,23461
SGHC,2026-08-26,300.0,290.0,54919
KMCDB,2026-08-26,780.0,778.0,2228
SLBSL,2026-08-26,873.2,889.0,498
AKPL,2026-08-26,245.0,241.0,114466
DHPL,2026-08-26,283.2,270.0,7792
MBJC,2026-08-26,260.0,256.0,109208
NLIC,2026-08-26,710.0,700.0,39396
GLBSL,2026-08-26,1700.0,1675.0,584
HLI,2026-08-26,307.0,305.0,25215
PBD85,2026-08-26,1110.0,1108.9,240
SJLIC,2026-08-26,402.0,400.1,13788
GSY,2026-08-26,9.17,9.15,1100
GBIME,2026-08-26,244.8,243.1,102470
KAHL,2026-08-26,500.0,490.8,32048
MFIL,2026-08-26,735.0,728.9,20251
NMB50,2026-08-26,9.69,9.68,12000
ALBSL,2026-08-26,1065.0,1086.5,15197
EDBL,2026-08-26,565.0,568.0,7211
CZBIL,2026-08-26,197.9,194.9,40896
LUK,2026-08-26,9.83,9.83,100
NSIF2,2026-08-26,10.1,9.95,12900
NYADI,2026-08-26,350.2,344.5,5019
GBBL,2026-08-26,421.7,420.7,13281
NADEP,2026-08-26,730.0,710.0,2450
NMLBBL,2026-08-26,493.0,490.0,1895
UAIL,2026-08-26,417.9,397.2,23931
SWASTIK,2026-08-26,1935.0,1940.0,622
MCHL,2026-08-26,272.0,261.0,10078
NRN,2026-08-26,1355.9,1344.0,33244
VLBS,2026-08-26,635.0,627.9,2231
SBL,2026-08-26,408.0,408.5,110122
SAGAR,2026-08-26,1515.0,1497.0,11396
KBL,2026-08-26,214.0,212.5,189203
SICL,2026-08-26,598.09,582.0,29724
PPCL,2026-08-26,326.1,327.7,9069
NICSF,2026-08-26,8.6,8.36,600
SPDL,2026-08-26,358.1,352.0,24777
NWCL,2026-08-26,625.1,615.0,3683
AHL,2026-08-26,400.0,395.5,1670
DLBS,2026-08-26,1022.0,1034.0,333
SARBTM,2026-08-26,789.8,779.0,5082
NICBF,2026-08-26,9.3,9.3,200
SINDU,2026-08-26,615.0,610.0,15703
ECL,2026-08-26,1406.0,1465.0,23427
CZBILP,2026-08-26,100.0,109.0,58616
NSY,2026-08-26,9.01,9.29,4916
ALICL,2026-08-26,410.0,404.8,34634
UHEWA,2026-08-26,580.1,667.0,95365
CCBD88,2026-08-26,1168.0,1165.0,25
RFPL,2026-08-26,326.0,331.0,27518
NCCD86,2026-08-26,1100.6,1105.0,130
PHCL,2026-08-26,298.0,300.0,94678
MHL,2026-08-26,458.0,450.0,11337
IHL,2026-08-26,304.0,300.0,12790
SHLB,2026-08-26,1350.2,1350.0,582
ILBS,2026-08-26,830.0,844.9,1501
GILB,2026-08-26,1083.0,1072.5,1800
GUFLPO,2026-08-26,298.0,298.0,7037
SHPC,2026-08-26,510.2,499.0,143012
ULHC,2026-08-26,321.0,306.0,12837
SHINE,2026-08-26,405.2,405.0,10398
SLCF,2026-08-26,9.1,9.05,3100
MKJC,2026-08-26,402.0,352.3,66903
NLG,2026-08-26,545.0,530.0,29244
SHIVM,2026-08-26,621.5,624.0,107624
PMHPL,2026-08-26,311.7,304.0,7096
HEI,2026-08-26,515.0,505.0,24828
NBF2,2026-08-26,9.54,9.67,300
SNLI,2026-08-26,395.0,379.8,40370
SIGS3,2026-08-26,10.85,10.85,275800
HFIN,2026-08-26,627.0,616.0,27117
NUBL,2026-08-26,572.3,575.0,5332
SKBBL,2026-08-26,745.0,740.0,15050
NMBPO,2026-08-26,133.3,133.3,10112
VLUCL,2026-08-26,386.0,374.0,5669
NMBMF,2026-08-26,581.1,578.0,1863
HHL,2026-08-26,323.0,325.0,50492
KHPL,2026-08-26,815.1,803.0,11605
RNLI,2026-08-26,420.5,413.1,37459
MBL,2026-08-26,251.0,248.0,35090
MEPDL,2026-08-26,700.0,666.0,34433
NABBC,2026-08-26,760.0,758.4,3880
PROFL,2026-08-26,382.6,379.9,9595
SMPDA,2026-08-26,735.0,733.0,803
NRM,2026-08-26,297.0,292.5,18241
SABBL,2026-08-26,884.6,870.0,10241
UPPER,2026-08-26,185.0,184.5,176491
RURU,2026-08-26,586.0,586.0,5675
SHL,2026-08-26,503.0,508.0,29027
SANIMA,2026-08-26,370.3,365.5,114162
MKHC,2026-08-26,252.0,247.9,17930
SGIC,2026-08-26,430.0,417.0,37457
USHL,2026-08-26,515.9,525.0,2257
SCB,2026-08-26,646.0,644.0,4572
SALICO,2026-08-26,572.0,565.2,23097
NESDO,2026-08-26,1331.0,1349.0,542
SRLI,2026-08-26,364.1,357.0,40937
RSY,2026-08-26,10.23,9.93,1100
GBBD85,2026-08-26,1050.0,1054.1,95
BEDC,2026-08-26,300.0,288.5,33606
SMH,2026-08-26,500.0,497.0,8848
SKHL,2026-08-26,780.0,751.0,18724
STC,2026-08-26,5170.0,5168.0,296
SRLIP,2026-08-26,197.6,197.6,27138
EBLD86,2026-08-26,1055.2,1055.1,25
NABILD2089,2026-08-26,1060.9,1087.9,32
SYPNL,2026-08-26,1200.0,1220.0,27607
CIT,2026-08-26,1682.0,1660.0,7117
SFEF,2026-08-26,9.5,9.63,213800
SPHL,2026-08-26,551.0,522.0,12515
SWMF,2026-08-26,594.5,588.5,1904
CGH,2026-08-26,770.0,770.0,14827
BGWT,2026-08-26,514.6,489.9,4523
HBL,2026-08-26,190.0,189.5,37365
NICL,2026-08-26,482.1,455.0,62074
MMF1,2026-08-26,8.96,9.07,19695
MERO,2026-08-26,620.2,605.6,8918
SBD87,2026-08-26,1085.0,1062.0,61
HATHY,2026-08-26,615.0,621.0,8858
LLBS,2026-08-26,899.0,885.0,90
BARUN,2026-08-26,315.0,310.0,32146
NGPL,2026-08-26,400.0,396.9,180724
CYCL,2026-08-26,1516.2,1609.0,20879
NICLBSL,2026-08-26,525.0,527.2,9792
MKCL,2026-08-26,900.0,885.9,4285
SMJC,2026-08-26,435.0,419.9,20913
PRIN,2026-08-26,633.0,600.0,34021
NIL,2026-08-26,586.0,560.0,16778
CBBL,2026-08-26,940.0,933.0,10111
SMHL,2026-08-26,526.0,518.0,171944
CSY,2026-08-26,8.36,8.5,1000
BJHL,2026-08-26,730.0,686.5,6088
CHL,2026-08-26,262.0,259.0,22799
SBI,2026-08-26,396.0,399.0,43044
SANVI,2026-08-26,551.5,564.7,11404
KEF,2026-08-26,10.0,9.41,4394
KDBY,2026-08-26,9.97,10.03,32418
MHNL,2026-08-26,236.2,237.8,23992
BFC,2026-08-26,455.1,454.9,22165
MLBSL,2026-08-26,1163.0,1130.0,856
HPPL,2026-08-26,371.1,375.0,92831
NIBLGF,2026-08-26,9.05,8.54,7000
MMKJL,2026-08-26,414.9,375.0,22353
SAIL,2026-08-26,1032.2,955.0,24112
TTL,2026-08-26,692.0,688.9,9977
NHPC,2026-08-26,258.8,250.0,329656
MLBL,2026-08-26,343.2,344.0,42896
KBSH,2026-08-26,900.0,897.0,11744
OHL,2026-08-26,627.0,619.0,3028
SMB,2026-08-26,1770.0,1735.0,505
HLBSL,2026-08-26,857.0,863.0,517
CKHL,2026-08-26,580.0,577.5,540
DORDI,2026-08-26,247.0,239.0,50432
FMDBL,2026-08-26,742.0,723.0,14554
HBLD86,2026-08-26,1136.1,1080.0,1
JOSHI,2026-08-26,256.0,251.0,21174
GIBF1,2026-08-26,10.85,10.62,108550
SIFC,2026-08-26,490.0,482.0,9919
UPCL,2026-08-26,330.1,331.0,43302
MPFL,2026-08-26,600.1,599.0,10667
ILI,2026-08-26,410.0,405.2,12430
LVF2,2026-08-26,8.92,9.0,900
HLICF,2026-08-26,8.23,8.3,4000
HIDCLP,2026-08-26,182.1,180.2,51643
USHEC,2026-08-26,497.1,492.0,13955
RBBD2088,2026-08-26,1050.0,1042.0,200
APHL,2026-08-26,694.0,672.1,11600
RBCL,2026-08-26,14275.0,13800.0,50
RBCLPO,2026-08-26,11299.0,11299.0,10
NMBUR93/94,2026-08-26,962.0,990.8,125
AVYAN,2026-08-26,1011.0,1010.0,1667
SSHL,2026-08-26,196.8,193.1,119667
SHEL,2026-08-26,295.0,293.5,84510
BHCL,2026-08-26,553.0,552.8,65198
JFL,2026-08-26,378.0,378.5,4771
OMPL,2026-08-26,880.0,860.0,3981
PCIL,2026-08-26,600.0,594.1,27688
LSL,2026-08-26,217.8,216.9,47922
PSF,2026-08-26,12.0,12.1,203445
GLH,2026-08-26,250.0,246.5,65375
ANLB,2026-08-26,5003.0,5001.5,865
ACLBSL,2026-08-26,892.0,880.0,757
SADBL,2026-08-26,404.1,404.0,48471
NABIL,2026-08-26,540.6,536.8,42608
ADBLD83,2026-08-26,1039.9,1039.9,37
GBIMESY2,2026-08-26,8.9,8.9,100
LICN,2026-08-26,760.0,764.9,6089
BPCL,2026-08-26,649.0,640.0,19420
C30MF,2026-08-26,9.75,9.75,85300
BHL,2026-08-26,204.0,201.0,166255
CIZBD90,2026-08-26,1250.0,1250.0,300
HDL,2026-08-26,1170.0,1162.0,21254
SMATA,2026-08-26,700.0,690.0,3485
LBBL,2026-08-26,479.0,473.0,96154
RLEL,2026-08-26,831.2,853.0,17276
H8020,2026-08-26,11.95,11.96,20100
MSHL,2026-08-26,561.0,550.0,1789
PMLI,2026-08-26,411.1,404.1,5330
MANDU,2026-08-26,700.0,732.4,7138
KKHC,2026-08-26,270.0,266.9,195594
SEF2,2026-08-26,8.88,9.1,4300
SOPL,2026-08-26,748.0,729.0,25470
KSBBL,2026-08-26,471.0,470.0,57511
NICFC,2026-08-26,8.64,8.92,1000
ENL,2026-08-26,833.9,833.9,10
JHAPA,2026-08-26,1015.0,1001.2,3811
RADHI,2026-08-26,690.1,688.0,95325
MSLB,2026-08-26,1195.3,1224.0,474
SNORL,2026-08-26,900.0,889.9,14233
KSY,2026-08-26,9.19,9.19,100
CFCL,2026-08-26,575.0,579.0,63426
SEF,2026-08-26,9.5,9.49,76000
SMFBS,2026-08-26,1335.0,1430.0,113
CITY,2026-08-26,346.0,343.9,67057
UMHL,2026-08-26,560.0,563.0,70162
MLBBL,2026-08-26,960.0,954.0,779
CHDC,2026-08-26,2162.0,2184.0,13890
HIMSTAR,2026-08-26,651.0,655.0,2520
NIBSF2,2026-08-26,8.4,8.5,800
GHL,2026-08-26,230.0,226.8,86312
GFCL,2026-08-26,571.1,568.0,9269
NICA,2026-08-26,308.0,308.0,62038
RMF1,2026-08-26,9.5,9.45,1300
NFS,2026-08-26,530.1,530.3,6500
LBLD88,2026-08-26,1122.0,1122.0,10
LEC,2026-08-26,210.1,209.1,157840
LSH12,2026-08-26,8.89,9.0,2600
MEHL,2026-08-26,230.5,229.7,116943
JBLB,2026-08-26,1279.0,1242.2,2561
BNT,2026-08-26,11610.0,11505.0,40
HIDCL,2026-08-26,246.0,242.0,78589
BUNGAL,2026-08-26,560.0,540.0,22032
SIPD,2026-08-26,601.0,587.0,13727
SOHL,2026-08-26,670.0,663.9,238817
PCBL,2026-08-26,237.9,237.8,40466
AKJCL,2026-08-26,364.4,338.0,270728
NMFBS,2026-08-26,1110.0,1110.0,2423
BNL,2026-08-26,14600.0,14850.0,20
MNBBL,2026-08-26,358.3,357.0,34574
HEIP,2026-08-26,328.9,338.7,14087
SLBBL,2026-08-26,784.4,787.9,813
RMF2,2026-08-26,9.81,9.81,200
EBL,2026-08-26,734.0,730.0,30910
GMLI,2026-08-26,985.2,977.0,1532
TPC,2026-08-26,353.0,346.1,16786
PCBLP,2026-08-26,105.0,105.0,308120
MABEL,2026-08-26,573.3,570.3,3402
GMFBS,2026-08-26,1114.0,1130.0,1070
HDHPC,2026-08-26,203.0,199.9,239107
MHCL,2026-08-26,285.1,282.0,18143
BBC,2026-08-26,4128.0,4050.0,189
MFLD85,2026-08-26,1104.0,1105.0,310
GUFL,2026-08-26,513.0,500.0,17852
TSHL,2026-08-26,350.5,335.0,5655
RAWA,2026-08-26,412.9,405.0,18983
JBBL,2026-08-26,333.0,332.0,188204
ICFCD89,2026-08-26,1074.6,1100.0,150
CORBL,2026-08-26,953.2,884.0,28484
CLI,2026-08-26,425.0,419.0,10136
SJCL,2026-08-26,250.0,231.9,230441
GBLBS,2026-08-26,674.0,668.0,3947
AHPC,2026-08-26,257.0,251.5,179592
MBLEF,2026-08-26,9.56,9.58,1900
MLBS,2026-08-26,1050.6,1029.0,130
KDL,2026-08-26,743.6,732.0,1832
SAEF2,2026-08-26,9.04,9.05,2600
PRSF,2026-08-26,12.7,12.6,349498
TVCL,2026-08-26,440.0,390.0,80510
HURJA,2026-08-26,234.0,228.0,77058
SAHAS,2026-08-26,685.0,681.9,238492
ULBSL,2026-08-26,2381.0,2442.0,1828
JBBD87,2026-08-26,1100.1,1100.1,25
SPL,2026-08-26,623.0,648.9,3509
MATRI,2026-08-26,770.0,754.0,159
BHPL,2026-08-26,485.0,458.9,5272
SRBLD83,2026-08-26,1025.0,1025.0,25
EHPL,2026-08-26,332.8,318.0,20697
ADBL,2026-08-26,299.1,296.0,30400
MCHL,2026-08-25,272.0,274.9,1100
SPIL,2026-08-25,662.1,666.0,7794
BBC,2026-08-25,4100.0,4052.0,203
SOHL,2026-08-25,680.0,679.0,202485
BHPL,2026-08-25,470.0,476.0,5446
BFC,2026-08-25,474.5,455.0,16109
DORDI,2026-08-25,249.9,245.6,13702
MNBBL,2026-08-25,365.0,358.3,19955
BARUN,2026-08-25,320.0,318.0,25425
NABILD2089,2026-08-25,1053.0,1030.0,525
MKHL,2026-08-25,493.2,493.1,3134
NIL,2026-08-25,591.0,586.0,5860
SADBL,2026-08-25,408.0,407.0,10233
GMFIL,2026-08-25,435.0,424.0,17443
SAPDBL,2026-08-25,691.0,699.0,12790
ULHC,2026-08-25,321.7,320.0,17522
SMB,2026-08-25,1748.0,1759.0,230
TSHL,2026-08-25,345.0,340.9,4087
NCCD86,2026-08-25,1100.2,1110.0,50
SBID2090,2026-08-25,1030.0,1041.0,80
TPKHL,2026-08-25,520.0,529.0,23539
SPL,2026-08-25,640.0,630.0,580
RMF1,2026-08-25,9.05,9.37,900
SHLB,2026-08-25,1355.0,1352.0,90
SWBBL,2026-08-25,666.0,670.5,3659
RBBD2088,2026-08-25,1030.0,1030.0,25
BGWT,2026-08-25,512.0,500.0,1753
MMF1,2026-08-25,9.19,8.7,10100
API,2026-08-25,331.0,329.8,95180
KSY,2026-08-25,8.96,9.47,1000
RBBF40,2026-08-25,9.1,9.3,123752
SIGS3,2026-08-25,10.95,11.0,89127
NIBSF2,2026-08-25,8.15,8.53,3639
JBLB,2026-08-25,1250.0,1246.2,2853
NUBL,2026-08-25,585.1,586.2,7825
USHEC,2026-08-25,500.2,498.0,3724
CGH,2026-08-25,770.0,775.0,100526
SBL,2026-08-25,412.0,411.9,66770
NMIC,2026-08-25,868.0,865.0,1110
TPC,2026-08-25,361.5,353.0,12565
GBILD84/85,2026-08-25,1135.0,1135.0,10
GMLI,2026-08-25,1000.0,985.2,1157
ICFC,2026-08-25,591.0,590.0,4378
NLICL,2026-08-25,562.9,563.9,11340
CORBL,2026-08-25,942.0,907.9,43576
AKPL,2026-08-25,258.0,247.0,40708
NMFBS,2026-08-25,1116.0,1110.0,1542
NSY,2026-08-25,9.01,9.2,6900
H8020,2026-08-25,12.1,12.19,133620
CHDC,2026-08-25,2239.8,2196.9,16323
UHEWA,2026-08-25,600.0,604.0,50458
KHPL,2026-08-25,737.0,778.0,9385
SANIMA,2026-08-25,370.0,370.7,200121
LEC,2026-08-25,213.9,212.9,115597
SARBTM,2026-08-25,776.1,780.0,3681
NICGF2,2026-08-25,8.71,8.74,300
MDB,2026-08-25,563.0,561.0,6090
SHEL,2026-08-25,295.0,297.0,41658
RADHI,2026-08-25,695.1,699.0,28168
IHL,2026-08-25,322.0,312.5,9223
BHL,2026-08-25,195.0,204.0,169712
NTC,2026-08-25,885.0,883.0,2875
DDBL,2026-08-25,833.0,838.0,10640
SMH,2026-08-25,512.0,504.5,7516
PURE,2026-08-25,769.3,766.0,3109
VLUCL,2026-08-25,389.9,384.0,2454
YMHL,2026-08-25,570.0,586.0,16145
GVL,2026-08-25,480.0,478.9,3775
DHEL,2026-08-25,570.0,574.0,6094
MKHC,2026-08-25,255.0,252.4,7651
HIMSTAR,2026-08-25,665.0,658.0,3400
GRDBL,2026-08-25,950.3,999.9,6338
LVF2,2026-08-25,8.93,8.92,3000
LLBS,2026-08-25,863.0,886.0,222
SHPC,2026-08-25,514.0,514.0,69259
VLBS,2026-08-25,633.1,635.2,980
SIKLES,2026-08-25,555.1,560.5,7030
MLBL,2026-08-25,350.0,348.9,9353
AHL,2026-08-25,397.0,398.0,2240
CBLD88,2026-08-25,1201.0,1165.0,25
NLIC,2026-08-25,717.0,706.9,31012
HBL,2026-08-25,189.8,190.0,40866
TVCL,2026-08-25,464.9,448.0,5768
OHL,2026-08-25,630.0,628.0,916
MEHL,2026-08-25,250.0,236.9,76312
KKHC,2026-08-25,280.0,274.0,88154
KBSH,2026-08-25,890.0,910.0,6917
JOSHI,2026-08-25,261.0,258.0,20145
MABEL,2026-08-25,583.0,584.0,2537
UNHPL,2026-08-25,370.0,362.0,9872
BHDC,2026-08-25,424.0,428.0,7600
NIMBPO,2026-08-25,142.8,141.0,2049
PMHPL,2026-08-25,296.4,311.7,2868
MSLB,2026-08-25,1201.1,1225.0,590
GWFD83,2026-08-25,1034.0,1035.0,50
SIGS2,2026-08-25,10.4,10.36,14400
NMB,2026-08-25,240.9,239.0,38691
LUK,2026-08-25,9.41,9.55,12500
ADBL,2026-08-25,300.0,298.8,20967
NIMB,2026-08-25,186.0,186.0,58197
NABBC,2026-08-25,785.0,774.0,3535
CFCL,2026-08-25,580.0,582.2,41479
SCB,2026-08-25,648.0,651.0,6371
GILB,2026-08-25,1095.0,1086.6,1066
IGI,2026-08-25,418.0,417.0,12399
NHPC,2026-08-25,266.0,258.8,127057
ILBS,2026-08-25,833.0,849.9,242
CKHL,2026-08-25,580.0,594.5,608
CIZBD90,2026-08-25,1250.0,1261.0,175
PROFL,2026-08-25,395.0,386.0,6620
ACLBSL,2026-08-25,901.0,892.0,397
NICBF,2026-08-25,9.03,9.03,200
NBL,2026-08-25,275.0,274.8,57995
RLEL,2026-08-25,864.5,874.9,21652
PBD88,2026-08-25,1181.0,1181.0,50
CZBIL,2026-08-25,198.1,196.9,38774
NGPL,2026-08-25,407.9,404.0,125020
NIBLGF,2026-08-25,8.9,8.8,11000
GBIMESY2,2026-08-25,8.89,8.9,700
SRLI,2026-08-25,365.1,365.8,9916
GLH,2026-08-25,250.0,250.0,23395
MAKAR,2026-08-25,439.8,439.0,2212363
MEL,2026-08-25,203.0,203.0,8367
ALICL,2026-08-25,418.5,410.6,19149
GBIME,2026-08-25,244.5,244.8,118818
PRIN,2026-08-25,642.1,640.0,6724
HRL,2026-08-25,561.0,559.4,33395
UPPER,2026-08-25,190.0,189.0,52504
NMBD89/90,2026-08-25,1223.0,1223.0,25
SAPIL,2026-08-25,917.0,1054.7,1420
HDL,2026-08-25,1170.0,1169.0,12827
UMRH,2026-08-25,534.8,522.0,3000
EBL,2026-08-25,726.1,731.9,15310
UNLB,2026-08-25,1292.0,1249.0,690
CLI,2026-08-25,425.0,426.0,8403
LSL,2026-08-25,218.0,217.0,76286
MHNL,2026-08-25,239.2,239.0,9875
SHINE,2026-08-25,406.2,409.0,13589
SOPL,2026-08-25,750.0,748.0,24448
HEIP,2026-08-25,326.0,339.0,6390
RHGCL,2026-08-25,254.9,251.9,17319
GBLBS,2026-08-25,679.4,674.0,862
SAGAR,2026-08-25,1515.0,1549.9,3876
SKHL,2026-08-25,792.0,776.8,13268
SIFC,2026-08-25,494.0,495.0,3226
MFLD85,2026-08-25,1075.9,1075.9,50
PHCL,2026-08-25,300.0,298.7,48345
NRIC,2026-08-25,893.0,887.0,11956
FOWAD,2026-08-25,905.0,896.1,3063
SPC,2026-08-25,411.0,404.9,6767
KAHL,2026-08-25,499.0,503.0,33972
C30MF,2026-08-25,9.95,10.0,16100
CSY,2026-08-25,8.91,8.57,9390
JBBL,2026-08-25,333.0,333.0,25679
SJLIC,2026-08-25,405.0,404.0,8689
GLBSL,2026-08-25,1709.0,1712.0,305
LBBLD89,2026-08-25,1231.0,1231.0,25
BANDIPUR,2026-08-25,660.0,656.0,18955
SGHC,2026-08-25,305.0,300.2,25362
EHPL,2026-08-25,332.6,317.0,7473
NWCL,2026-08-25,635.1,631.0,4184
SRBLD83,2026-08-25,1015.0,1015.0,25
SSHL,2026-08-25,200.0,196.8,56951
MBL,2026-08-25,246.3,249.9,25388
UAIL,2026-08-25,418.0,416.0,13029
LICN,2026-08-25,770.0,765.0,6544
HURJA,2026-08-25,236.9,233.5,31529
BJHL,2026-08-25,685.0,710.0,8804
RSDC,2026-08-25,637.0,619.1,1184
USLB,2026-08-25,1051.0,1019.9,2726
MBJC,2026-08-25,270.0,268.6,15615
SHINED,2026-08-25,1100.0,1100.0,55
NRM,2026-08-25,296.0,299.0,3605
ULBSL,2026-08-25,2350.0,2450.0,5199
MLBSL,2026-08-25,1164.0,1163.0,1789
NMLBBL,2026-08-25,495.0,491.9,6089
MSHL,2026-08-25,565.2,561.3,1491
CITY,2026-08-25,354.0,349.9,76545
SFEF,2026-08-25,9.64,9.64,100
UPCL,2026-08-25,340.0,338.0,36092
RBCLPO,2026-08-25,11090.0,11090.0,10
NADEP,2026-08-25,690.0,742.0,713
RLFL,2026-08-25,439.9,431.0,7865
GIBF1,2026-08-25,10.75,10.75,68300
MATRI,2026-08-25,767.0,770.0,992
SBI,2026-08-25,404.0,404.0,28731
SWASTIK,2026-08-25,1995.0,1930.2,465
WNLB,2026-08-25,1134.0,1135.8,1939
MHCL,2026-08-25,295.0,289.6,4438
CBBL,2026-08-25,935.0,936.0,10369
BNHC,2026-08-25,276.7,272.0,7888
MEPDL,2026-08-25,700.1,699.0,42665
SMATA,2026-08-25,690.1,687.0,3980
MKCL,2026-08-25,872.5,890.0,1935
UMHL,2026-08-25,550.0,567.8,54235
RMF2,2026-08-25,10.0,10.0,3000
SEF2,2026-08-25,8.8,9.15,15500
SBLD2091,2026-08-25,1060.0,1056.0,65
PRSF,2026-08-25,12.75,12.75,142750
PPL,2026-08-25,306.0,309.5,21890
NRN,2026-08-25,1352.0,1359.0,30750
JSLBB,2026-08-25,945.0,940.0,105
SHL,2026-08-25,509.0,508.9,24876
SGHL,2026-08-25,511.0,511.8,58020
PSF,2026-08-25,12.2,12.1,59735
BNT,2026-08-25,11764.0,11625.0,40
SIPD,2026-08-25,620.0,609.0,6493
GHL,2026-08-25,229.9,228.9,57639
SAGF,2026-08-25,10.0,10.1,24696
HDHPC,2026-08-25,204.8,204.1,44706
NICL,2026-08-25,484.1,486.9,9712
MMKJL,2026-08-25,429.0,424.0,1393
RNLI,2026-08-25,420.5,420.6,7905
GBBD85,2026-08-25,1065.1,1065.1,55
RFPL,2026-08-25,332.5,329.0,20092
CHCL,2026-08-25,489.0,475.1,21111
SMFBS,2026-08-25,1418.0,1400.1,1254
NICAD2091,2026-08-25,1025.0,1025.0,25
SAIL,2026-08-25,990.0,983.1,11911
NICA,2026-08-25,310.1,308.3,48486
MEN,2026-08-25,619.0,620.0,47825
NBF3,2026-08-25,9.5,9.7,61100
GBBL,2026-08-25,421.0,422.0,28406
RSML,2026-08-25,2744.9,2727.0,64986
AHPC,2026-08-25,260.0,257.5,66248
NICSF,2026-08-25,8.8,8.67,2740
USHL,2026-08-25,532.0,520.0,875
BEDC,2026-08-25,304.0,298.0,13742
HBLD86,2026-08-25,1170.0,1136.1,1
TTL,2026-08-25,697.0,697.0,5822
PRVU,2026-08-25,181.5,180.7,104845
SLCF,2026-08-25,9.04,9.3,300
GUFL,2026-08-25,515.0,509.7,11948
HIDCL,2026-08-25,248.0,247.0,65423
APHL,2026-08-25,693.0,694.0,7496
CIT,2026-08-25,1681.0,1680.0,4874
LBBL,2026-08-25,476.9,479.0,9780
HLBSL,2026-08-25,858.0,871.0,523
SAEF2,2026-08-25,9.01,9.04,8210
DOLTI,2026-08-25,304.9,299.0,33481
SBID89,2026-08-25,1160.0,1160.0,200
SMPDA,2026-08-25,730.1,735.0,1382
JFL,2026-08-25,374.3,379.0,3746
PPCL,2026-08-25,332.9,329.7,4346
NIBLSTF,2026-08-25,8.24,8.41,710
NABIL,2026-08-25,541.5,540.6,31533
SEF,2026-08-25,9.02,9.28,16175
AKJCL,2026-08-25,349.0,347.1,280618
SNORL,2026-08-25,882.0,910.0,31859
SPHL,2026-08-25,533.0,580.0,15160
MANDU,2026-08-25,734.0,711.2,3553
MFIL,2026-08-25,740.0,738.0,14765
SGIC,2026-08-25,439.1,438.0,7259
MNMF1,2026-08-25,9.23,9.35,1390
NIBD84,2026-08-25,1030.0,1033.1,190
SLBSL,2026-08-25,900.0,896.0,862
KPCL,2026-08-25,459.0,465.0,2325
KSBBL,2026-08-25,473.1,470.0,58122
AVYAN,2026-08-25,1021.0,1020.0,960
PMLI,2026-08-25,421.9,412.6,3674
NICFC,2026-08-25,8.93,8.9,3398
RIDI,2026-08-25,356.5,351.9,344936
BHCL,2026-08-25,515.1,553.0,77615
CREST,2026-08-25,1050.0,1253.0,17603
SALICO,2026-08-25,580.1,584.0,10146
NMBUR93/94,2026-08-25,962.0,990.0,50
TAMOR,2026-08-25,478.0,480.4,161614
SYPNL,2026-08-25,1244.0,1241.9,39000
HEI,2026-08-25,520.1,524.0,6967
SFMF,2026-08-25,9.7,9.6,3501
NMB50,2026-08-25,9.75,9.7,17000
NMBD87/88,2026-08-25,1080.0,1085.0,50
KMCDB,2026-08-25,770.0,783.0,1999
SICL,2026-08-25,603.0,600.0,10433
SINDU,2026-08-25,650.0,619.0,8091
ANLB,2026-08-25,5000.0,5085.0,294
DLBS,2026-08-25,1115.5,1034.2,163
NHDL,2026-08-25,623.2,622.0,2148
SNLI,2026-08-25,396.1,395.1,12085
FMDBL,2026-08-25,745.0,735.0,17516
MHL,2026-08-25,455.1,463.0,1481
MPFL,2026-08-25,607.0,604.0,2069
MBLEF,2026-08-25,9.56,9.56,5300
SMHL,2026-08-25,520.0,524.8,246169
CHL,2026-08-25,262.0,265.0,8828
ALBSL,2026-08-25,1067.0,1100.0,10355
MLBBL,2026-08-25,940.0,953.5,1478
ILI,2026-08-25,410.1,411.0,5781
GMFBS,2026-08-25,1130.0,1148.0,1227
SPDL,2026-08-25,352.0,359.5,15058
PCIL,2026-08-25,606.0,600.0,19968
SMJC,2026-08-25,425.0,430.0,9405
NSIF2,2026-08-25,10.0,10.08,19451
CZBILP,2026-08-25,103.0,103.0,10000
KDBY,2026-08-25,9.97,10.05,28891
PCBL,2026-08-25,238.0,239.0,31052
DHPL,2026-08-25,258.4,275.0,5744
RSY,2026-08-25,10.4,10.54,42400
RAWA,2026-08-25,421.0,412.9,18261
GSY,2026-08-25,9.17,9.18,2000
RURU,2026-08-25,595.0,594.0,5676
NIFRA,2026-08-25,242.0,241.8,36195
SANVI,2026-08-25,576.8,568.5,11125
SABBL,2026-08-25,919.0,886.6,11235
SAHAS,2026-08-25,685.0,685.0,71955
NBLD87,2026-08-25,1080.0,1080.0,25
HLICF,2026-08-25,8.35,8.3,3270
SBCF,2026-08-25,8.95,9.21,1100
MERO,2026-08-25,630.0,625.0,2060
NIFRAGED,2026-08-25,1000.1,1000.1,50
ENL,2026-08-25,833.9,833.9,10
NESDO,2026-08-25,1330.3,1353.0,342
HHL,2026-08-25,333.0,328.0,27990
MLBS,2026-08-25,1090.0,1083.0,60
HPPL,2026-08-25,375.0,378.0,100522
MBLD87,2026-08-25,1127.0,1127.0,30
GCIL,2026-08-25,336.0,338.0,7116
HLI,2026-08-25,310.0,307.0,23966
KBL,2026-08-25,213.9,214.0,143906
SJCL,2026-08-25,262.0,261.1,13486
EBLD91,2026-08-25,1069.0,1069.0,25
RBCL,2026-08-25,14000.0,14149.0,100
ICFCD89,2026-08-25,1066.2,1099.0,295
GFCL,2026-08-25,579.0,573.0,7490
NMBMF,2026-08-25,590.0,594.0,999
ECL,2026-08-25,1330.0,1406.0,16866
BPCL,2026-08-25,657.0,653.0,15893
NMBHF2,2026-08-25,9.18,9.2,1460
SKBBL,2026-08-25,754.9,746.0,6480
MKJC,2026-08-25,420.0,414.4,8554
HATHY,2026-08-25,630.0,633.4,18050
SHIVM,2026-08-25,624.0,621.4,81006
PBD85,2026-08-25,1100.0,1100.0,120
HIDCLP,2026-08-25,183.7,182.2,37296
BUNGAL,2026-08-25,560.0,564.8,17363
TRH,2026-08-25,803.3,794.0,15119
STC,2026-08-25,5215.0,5170.0,346
LSH12,2026-08-25,8.85,8.95,4100
KDL,2026-08-25,743.6,743.6,2429
NLG,2026-08-25,570.9,557.8,2510
NICLBSL,2026-08-25,539.0,533.0,6746
RSY2,2026-08-25,8.71,9.15,15100
SWMF,2026-08-25,600.0,594.5,1770
HFIN,2026-08-25,645.0,633.0,30301
ILBSP,2026-08-25,460.0,460.0,6000
SKHEL,2026-08-25,900.1,903.0,2558
SLBBL,2026-08-25,799.0,790.0,2245
SONA,2026-08-25,389.0,385.1,41551
EDBL,2026-08-25,570.0,581.4,16155
KEF,2026-08-25,9.43,10.0,10300
JHAPA,2026-08-25,1030.0,1028.5,2940
CYCL,2026-08-25,1520.0,1596.0,30200
NFS,2026-08-25,541.0,539.8,5447
OMPL,2026-08-25,875.1,871.0,3151
RHPL,2026-08-25,243.0,241.4,11330
NYADI,2026-08-25,350.4,350.0,3621
NBF2,2026-08-25,10.0,9.83,1200
SBLD2091,2026-08-24,1060.0,1060.0,475
NBF2,2026-08-24,9.85,10.09,2020
GBIMESY2,2026-08-24,8.89,8.92,800
SAPDBL,2026-08-24,664.1,699.9,9409
TPKHL,2026-08-24,545.0,530.0,25532
SICL,2026-08-24,603.0,606.0,6622
HLBSL,2026-08-24,870.0,875.5,565
NMBMF,2026-08-24,590.1,597.8,2277
KKHC,2026-08-24,269.9,278.9,168038
NGPL,2026-08-24,407.0,403.2,105732
KMCDB,2026-08-24,783.3,770.0,1976
HRL,2026-08-24,565.0,561.0,41925
BFC,2026-08-24,481.0,463.5,15215
BGWT,2026-08-24,520.0,512.0,2059
PPL,2026-08-24,311.0,309.9,14298
GSY,2026-08-24,9.14,9.2,4200
NMBD87/88,2026-08-24,1084.1,1084.1,25
MANDU,2026-08-24,741.0,738.0,828
SSHL,2026-08-24,198.0,198.5,28237
TRH,2026-08-24,820.0,802.0,1087
APHL,2026-08-24,735.0,704.6,10595
NICAD85/86,2026-08-24,1140.0,1140.0,20
SHIVM,2026-08-24,630.1,626.7,44336
NUBL,2026-08-24,590.0,586.0,4450
ICFCD83,2026-08-24,887.5,843.2,1
NIBLSTF,2026-08-24,8.16,8.47,6900
NMBUR93/94,2026-08-24,1000.0,962.0,585
RSDC,2026-08-24,621.0,619.1,2462
SFEF,2026-08-24,9.56,9.86,21700
SINDU,2026-08-24,625.5,622.0,12296
MAKAR,2026-08-24,395.7,418.9,23561
JSLBB,2026-08-24,940.0,945.0,704
SHINE,2026-08-24,408.0,408.0,23017
SPC,2026-08-24,408.1,408.0,7322
CHL,2026-08-24,266.0,266.0,16692
MERO,2026-08-24,638.0,630.0,4901
PRSF,2026-08-24,12.91,12.73,205100
KDBY,2026-08-24,9.97,9.99,22890
MHL,2026-08-24,460.0,462.8,2440
DHEL,2026-08-24,570.1,570.0,13411
RAWA,2026-08-24,415.2,414.0,12059
SAGF,2026-08-24,9.95,10.0,31600
IHL,2026-08-24,325.0,315.0,11408
SPHL,2026-08-24,515.0,561.0,10568
NABIL,2026-08-24,545.0,541.5,34780
API,2026-08-24,335.0,331.0,137437
USHEC,2026-08-24,504.0,500.0,3798
SWASTIK,2026-08-24,1910.1,1987.0,615
NHPC,2026-08-24,265.9,261.6,108683
SBL,2026-08-24,414.0,412.8,76890
CLI,2026-08-24,430.0,426.5,5124
UAIL,2026-08-24,420.0,418.0,9300
SWMF,2026-08-24,609.0,590.0,4645
ADBL,2026-08-24,301.0,299.5,22197
MFIL,2026-08-24,740.0,740.0,27115
NRIC,2026-08-24,898.0,893.8,28572
MMF1,2026-08-24,8.7,8.95,8501
NBLD87,2026-08-24,1080.0,1080.0,50
SMFBS,2026-08-24,1408.0,1378.2,983
RBCL,2026-08-24,13900.0,13803.0,60
UPCL,2026-08-24,341.0,341.0,48035
SPDL,2026-08-24,379.0,360.0,25694
MATRI,2026-08-24,785.1,780.0,752
NSIF2,2026-08-24,10.68,10.1,40689
IGI,2026-08-24,418.0,416.7,15382
ILBS,2026-08-24,841.0,859.0,1591
NIBSF2,2026-08-24,8.5,8.38,47150
BEDC,2026-08-24,312.0,302.0,22965
GHL,2026-08-24,233.0,228.0,135966
LSL,2026-08-24,220.0,218.0,59957
ULBSL,2026-08-24,2471.0,2455.0,297
HIDCLP,2026-08-24,183.5,183.9,54602
NTC,2026-08-24,890.0,880.0,4545
BHL,2026-08-24,207.0,205.0,142617
ACLBSL,2026-08-24,911.0,909.0,500
MBJC,2026-08-24,267.0,269.1,25690
NIMB,2026-08-24,188.0,186.0,117401
EBL,2026-08-24,737.0,726.1,42165
SBI,2026-08-24,395.1,405.0,11934
CITY,2026-08-24,359.8,354.0,78994
GFCL,2026-08-24,590.0,579.9,12610
GMLI,2026-08-24,1015.0,1000.0,802
MLBSL,2026-08-24,1190.0,1180.0,1656
RSY,2026-08-24,10.4,10.7,4700
SMATA,2026-08-24,705.4,700.1,3605
SIFC,2026-08-24,497.0,497.8,6325
GIBF1,2026-08-24,10.8,10.8,700
CYCL,2026-08-24,1392.7,1600.0,28021
VLUCL,2026-08-24,397.0,389.9,20365
NCCD86,2026-08-24,1118.0,1118.0,175
TSHL,2026-08-24,353.0,342.0,10102
PMLI,2026-08-24,420.0,415.0,6294
ALBSL,2026-08-24,1030.0,1100.0,2261
LVF2,2026-08-24,9.08,9.1,2400
PURE,2026-08-24,797.0,769.3,8386
SAEF2,2026-08-24,9.0,9.06,4500
CBBL,2026-08-24,938.0,935.1,6757
MABEL,2026-08-24,585.1,599.0,4920
JBLB,2026-08-24,1255.0,1249.0,4043
NLICL,2026-08-24,562.0,562.8,4354
RHPL,2026-08-24,248.0,243.0,38476
NMLBBL,2026-08-24,494.5,492.0,10681
AKJCL,2026-08-24,348.0,346.0,156596
GCIL,2026-08-24,337.2,341.0,13377
NIFRA,2026-08-24,242.0,241.0,58152
MMKJL,2026-08-24,444.9,430.0,1545
NICL,2026-08-24,489.0,484.0,8500
NICGF2,2026-08-24,9.0,8.96,2000
KBLD89,2026-08-24,1235.0,1235.0,25
SWBBL,2026-08-24,672.9,667.5,11196
USHL,2026-08-24,565.8,540.0,1684
HPPL,2026-08-24,375.0,379.9,63912
RBBF40,2026-08-24,8.88,9.0,259800
SADBL,2026-08-24,414.9,409.0,9326
ICFC,2026-08-24,592.3,591.0,4101
SANVI,2026-08-24,573.0,576.8,4928
DHPL,2026-08-24,275.0,272.0,3346
GWFD83,2026-08-24,1034.0,1034.0,14
SONA,2026-08-24,398.0,392.1,28905
MHCL,2026-08-24,298.3,296.5,3030
PSF,2026-08-24,12.0,12.03,243798
SKHL,2026-08-24,809.9,792.1,7395
ICFCD89,2026-08-24,1085.0,1097.0,40
LUK,2026-08-24,10.0,9.7,200
SCBD,2026-08-24,1102.1,1056.6,63
RBCLPO,2026-08-24,11110.0,11368.0,70
UNL,2026-08-24,47200.0,47200.0,10
HBL,2026-08-24,192.0,189.8,36563
SRLI,2026-08-24,368.0,364.4,13943
MPFL,2026-08-24,615.0,608.0,6060
KPCL,2026-08-24,464.0,463.0,4456
SOHL,2026-08-24,685.0,678.9,175007
NYADI,2026-08-24,356.1,358.0,2459
NSY,2026-08-24,9.7,9.0,8700
NIBLGF,2026-08-24,8.61,8.85,15600
HURJA,2026-08-24,238.0,233.5,41095
SJCL,2026-08-24,266.0,263.8,9809
NICFC,2026-08-24,9.0,9.2,4273
ANLB,2026-08-24,5000.0,5119.0,727
SPL,2026-08-24,618.2,638.0,1706
EDBL,2026-08-24,585.0,583.0,129582
EHPL,2026-08-24,321.1,323.0,7659
CSY,2026-08-24,8.55,9.01,3700
PRIN,2026-08-24,650.0,643.0,9309
SBID2090,2026-08-24,1049.0,1050.0,475
CBLD88,2026-08-24,1176.0,1190.0,50
SBLD84,2026-08-24,1025.0,1025.0,30
EBLD85,2026-08-24,1116.5,1065.0,2
BBC,2026-08-24,4119.0,4076.0,295
MLBLD89,2026-08-24,1250.0,1250.0,100
SNORL,2026-08-24,886.0,882.0,10345
MKJC,2026-08-24,424.1,413.0,20060
RNLI,2026-08-24,427.0,423.0,9249
RSY2,2026-08-24,8.9,8.96,254600
SANIMA,2026-08-24,370.0,370.0,80447
HATHY,2026-08-24,612.0,630.3,15298
SMJC,2026-08-24,429.0,435.0,10561
MKHC,2026-08-24,252.0,254.9,22706
RSML,2026-08-24,2800.0,2728.0,46283
BHCL,2026-08-24,541.0,542.2,50571
SIGS3,2026-08-24,10.87,11.0,50619
SLCF,2026-08-24,9.3,9.31,300
LICN,2026-08-24,770.0,764.0,14247
UMRH,2026-08-24,520.0,520.0,631
SLBSL,2026-08-24,900.0,900.0,812
LEC,2026-08-24,218.0,213.9,167696
HLICF,2026-08-24,8.4,8.5,700
CHCL,2026-08-24,490.0,478.0,18735
SABBL,2026-08-24,904.0,875.7,8158
SCB,2026-08-24,652.0,648.5,3942
DORDI,2026-08-24,246.0,247.2,11437
ALICL,2026-08-24,415.2,413.0,6826
MNMF1,2026-08-24,9.25,9.5,3540
MLBL,2026-08-24,348.1,349.8,20948
NIL,2026-08-24,595.0,591.0,9479
PCBL,2026-08-24,242.0,239.7,50938
MEPDL,2026-08-24,774.0,713.9,76385
KEF,2026-08-24,9.7,9.7,11972
RURU,2026-08-24,596.2,595.0,4361
EBLD91,2026-08-24,1044.0,1102.0,67
KBSH,2026-08-24,930.0,888.1,10659
SIPD,2026-08-24,638.0,621.0,11173
DOLTI,2026-08-24,306.1,304.9,18552
NRN,2026-08-24,1365.1,1363.5,27743
NESDO,2026-08-24,1390.0,1355.0,879
MLBBL,2026-08-24,990.0,949.9,10940
BARUN,2026-08-24,318.0,316.2,31105
KDL,2026-08-24,746.0,754.0,1700
SAHAS,2026-08-24,693.0,684.0,154981
SBCF,2026-08-24,9.6,9.22,6000
USLB,2026-08-24,1085.0,1065.0,574
SGIC,2026-08-24,448.0,441.0,8131
MHNL,2026-08-24,239.1,241.8,13016
BPCL,2026-08-24,648.0,659.8,31735
RHGCL,2026-08-24,265.0,254.9,13324
GLBSL,2026-08-24,1691.0,1720.0,163
JOSHI,2026-08-24,263.0,259.0,18100
SKBBL,2026-08-24,750.1,746.0,6549
BHPL,2026-08-24,501.0,470.0,4298
CGH,2026-08-24,771.0,775.0,12090
NICD83/84,2026-08-24,1006.0,1010.0,300
SAIL,2026-08-24,1020.0,1015.0,22819
UHEWA,2026-08-24,580.0,600.0,65777
BJHL,2026-08-24,715.0,720.0,14892
GMFBS,2026-08-24,1125.1,1164.9,159
GBBD85,2026-08-24,1045.6,1081.0,380
KSBBL,2026-08-24,474.0,470.0,30491
NMB,2026-08-24,241.0,240.0,38854
NICA,2026-08-24,314.0,311.0,50912
PPCL,2026-08-24,345.0,331.0,93288
HHL,2026-08-24,326.3,332.0,53783
LLBS,2026-08-24,851.0,879.9,613
LBBL,2026-08-24,474.9,474.1,21638
GMFIL,2026-08-24,447.0,435.0,13698
KBL,2026-08-24,216.0,213.9,123980
CREST,2026-08-24,1148.0,1090.0,5646
SPIL,2026-08-24,676.0,666.1,5703
MKHL,2026-08-24,490.0,496.0,420
HEI,2026-08-24,523.5,519.7,4901
SALICO,2026-08-24,584.0,582.0,3384
GBLBS,2026-08-24,690.0,679.5,3985
NRM,2026-08-24,303.0,296.0,5160
RLFL,2026-08-24,442.0,433.0,34855
JBBL,2026-08-24,332.5,332.9,13717
SGHC,2026-08-24,303.0,304.4,30763
SEF2,2026-08-24,8.74,9.05,8400
NBF3,2026-08-24,9.56,9.7,15800
MEN,2026-08-24,626.0,619.1,85608
UPPER,2026-08-24,192.0,189.4,88944
NLG,2026-08-24,544.5,554.9,4669
SMH,2026-08-24,505.1,508.0,2904
MKCL,2026-08-24,920.0,895.0,4758
H8020,2026-08-24,12.0,12.0,6000
ILI,2026-08-24,410.3,411.0,6424
NADEP,2026-08-24,701.1,700.0,1118
SAPIL,2026-08-24,837.0,917.2,960
AHL,2026-08-24,395.0,397.9,3338
CIT,2026-08-24,1694.0,1681.0,8070
JHAPA,2026-08-24,1035.0,1029.7,2361
BHDC,2026-08-24,422.3,427.8,6778
KHPL,2026-08-24,779.9,737.0,11826
KSY,2026-08-24,9.15,9.2,600
STC,2026-08-24,5184.0,5195.0,404
BANDIPUR,2026-08-24,676.0,665.9,11753
MLBS,2026-08-24,1016.5,1071.0,361
AHPC,2026-08-24,260.0,259.7,43548
YMHL,2026-08-24,645.0,600.0,23049
BNHC,2026-08-24,275.0,276.7,11719
FMDBL,2026-08-24,774.9,750.0,13813
HIMSTAR,2026-08-24,670.0,655.0,6689
MCHL,2026-08-24,275.0,274.0,2461
NLIC,2026-08-24,717.0,713.8,8919
BNT,2026-08-24,11890.0,11900.0,20
SARBTM,2026-08-24,805.0,775.0,8866
GBBL,2026-08-24,420.0,420.1,31899
LSH12,2026-08-24,8.55,8.93,22100
GVL,2026-08-24,484.0,478.0,9417
ULHC,2026-08-24,335.0,321.7,11308
VLBS,2026-08-24,640.0,645.0,2112
WNLB,2026-08-24,1250.0,1169.0,3860
RMF1,2026-08-24,9.32,9.32,600
PRVU,2026-08-24,183.0,181.1,86305
SMPDA,2026-08-24,736.0,735.0,2188
HDHPC,2026-08-24,208.5,205.5,85141
ECL,2026-08-24,1400.1,1330.0,23235
SOPL,2026-08-24,760.0,754.1,24219
NWCL,2026-08-24,635.1,646.0,750
SHL,2026-08-24,500.0,509.9,52670
SGHL,2026-08-24,518.0,511.0,88635
GUFL,2026-08-24,525.0,515.0,18771
NHDL,2026-08-24,621.4,624.4,3900
DLBS,2026-08-24,1000.1,1150.0,3008
SMB,2026-08-24,1733.0,1758.0,612
NABBC,2026-08-24,799.0,766.7,8639
OMPL,2026-08-24,880.0,893.0,2929
SKHEL,2026-08-24,864.5,900.1,3411
GBIME,2026-08-24,247.0,244.5,61628
SHINED,2026-08-24,1079.0,1116.0,661
NFS,2026-08-24,560.0,544.0,11370
SMHL,2026-08-24,500.0,513.0,52583
TTL,2026-08-24,700.0,697.0,6997
NMBHF2,2026-08-24,9.62,9.46,400
KAHL,2026-08-24,553.3,506.0,48136
CHDC,2026-08-24,2205.0,2218.0,12370
CKHL,2026-08-24,578.0,590.5,618
MBL,2026-08-24,247.0,249.9,28944
ENL,2026-08-24,830.0,817.9,915
GLH,2026-08-24,253.0,251.0,32377
SIKLES,2026-08-24,565.0,566.0,7336
TVCL,2026-08-24,454.0,454.9,1780
NICSF,2026-08-24,8.77,8.85,11540
SHPC,2026-08-24,528.0,514.2,101396
RIDI,2026-08-24,360.0,357.0,262744
SJLIC,2026-08-24,404.1,405.0,7592
NMB50,2026-08-24,9.86,9.75,49692
MBLEF,2026-08-24,9.54,9.55,11300
RMF2,2026-08-24,10.01,10.01,100
SLBBL,2026-08-24,803.0,790.1,7956
HEIP,2026-08-24,339.0,330.1,18110
SEF,2026-08-24,9.55,9.27,30002
NICBF,2026-08-24,9.3,9.3,100
SFMF,2026-08-24,9.8,9.7,39230
NICLBSL,2026-08-24,534.0,539.0,3384
GRDBL,2026-08-24,921.5,979.6,8042
TPC,2026-08-24,351.1,356.0,6406
BUNGAL,2026-08-24,579.0,572.0,18772
SYPNL,2026-08-24,1197.0,1244.0,23267
TAMOR,2026-08-24,483.0,478.0,143846
NMFBS,2026-08-24,1110.1,1116.0,3471
AKPL,2026-08-24,249.0,247.0,42314
RFPL,2026-08-24,333.0,333.5,13461
HFIN,2026-08-24,662.0,646.0,15132
PCIL,2026-08-24,610.0,607.9,23117
UMHL,2026-08-24,571.2,572.9,21949
NIMBPO,2026-08-24,140.0,140.0,2380
GILB,2026-08-24,1080.1,1085.8,1040
OHL,2026-08-24,640.1,630.3,2297
SHLB,2026-08-24,1380.0,1370.0,80
FOWAD,2026-08-24,915.0,905.0,2572
SNLI,2026-08-24,400.1,398.0,6030
SAGAR,2026-08-24,1540.0,1540.0,2203
MSLB,2026-08-24,1211.0,1215.0,265
KBLD86,2026-08-24,1112.4,1112.0,80
CZBIL,2026-08-24,200.0,197.0,48924
CORBL,2026-08-24,970.0,942.0,28323
MSHL,2026-08-24,570.0,570.0,640
RADHI,2026-08-24,748.9,703.9,49818
HIDCL,2026-08-24,249.0,248.0,76586
CFCL,2026-08-24,592.0,599.6,42409
SHEL,2026-08-24,300.0,297.5,88785
HLI,2026-08-24,315.0,311.0,55510
PMHPL,2026-08-24,345.9,311.9,13487
RLEL,2026-08-24,900.0,910.0,29515
MEL,2026-08-24,210.0,202.8,12740
UNLB,2026-08-24,1240.0,1254.9,461
JFL,2026-08-24,375.0,378.0,3363
NABILD2089,2026-08-24,1056.0,1085.0,40
SDBD87,2026-08-24,1105.0,1107.2,27
MEHL,2026-08-24,244.0,245.0,58223
AVYAN,2026-08-24,1011.0,1031.0,5960
NBL,2026-08-24,277.0,275.0,81835
MNBBL,2026-08-24,361.0,358.6,22749
PHCL,2026-08-24,308.0,302.0,64179
DDBL,2026-08-24,841.0,832.0,1465
MDB,2026-08-24,560.0,563.0,5733
UNHPL,2026-08-24,372.0,365.9,23968
HDL,2026-08-24,1174.0,1170.9,21859
NMIC,2026-08-24,877.0,868.0,2107
PROFL,2026-08-24,403.1,395.0,6832
PBD88,2026-08-24,1181.0,1181.0,75
GUFLPO,2026-08-21,298.0,298.0,3968
KBSH,2026-08-21,900.0,911.0,10287
MATRI,2026-08-21,788.0,788.0,524
CITY,2026-08-21,357.0,359.0,62667
ADBL,2026-08-21,300.1,301.0,31051
HHL,2026-08-21,325.5,334.8,23293
HIDCLP,2026-08-21,187.0,184.5,47435
SWBBL,2026-08-21,673.0,672.9,8320
HPPL,2026-08-21,370.0,380.0,115323
SBI,2026-08-21,401.0,402.9,25805
JOSHI,2026-08-21,265.0,263.0,27734
EBLD85,2026-08-21,1141.0,1116.5,27
GMLI,2026-08-21,974.0,1025.0,2102
YMHL,2026-08-21,616.0,614.5,22153
CHL,2026-08-21,272.0,266.0,16060
LSL,2026-08-21,220.0,220.0,50702
HURJA,2026-08-21,238.0,234.1,29860
SCB,2026-08-21,651.0,650.0,2936
MLBS,2026-08-21,1081.5,1070.0,60
RNLI,2026-08-21,427.0,426.8,8950
HATHY,2026-08-21,581.0,610.0,18238
SPIL,2026-08-21,685.0,678.0,2652
MMF1,2026-08-21,8.8,8.95,5020
GBIME,2026-08-21,247.5,246.2,162508
GHL,2026-08-21,231.1,231.0,123745
BUNGAL,2026-08-21,600.0,584.0,16715
EBL,2026-08-21,736.5,737.0,22824
GILB,2026-08-21,1100.0,1090.0,5923
MABEL,2026-08-21,637.8,594.0,3631
AHPC,2026-08-21,264.0,260.9,81447
NYADI,2026-08-21,356.2,356.0,3564
NWCL,2026-08-21,664.0,644.0,3662
HDHPC,2026-08-21,209.0,207.8,66065
MEN,2026-08-21,640.0,626.3,179665
DHEL,2026-08-21,585.0,579.0,15456
SMATA,2026-08-21,712.0,705.0,1898
NMBMF,2026-08-21,600.0,600.0,710
MEHL,2026-08-21,250.0,244.0,167370
API,2026-08-21,335.0,335.0,127525
PPL,2026-08-21,298.3,313.0,17528
SHEL,2026-08-21,302.0,300.0,61465
SAHAS,2026-08-21,701.0,695.0,162254
KSY,2026-08-21,8.89,9.16,3785
RSDC,2026-08-21,621.0,627.0,2516
NICLBSL,2026-08-21,544.0,542.9,7211
NIFRA,2026-08-21,232.0,242.2,38326
MCHL,2026-08-21,275.0,279.0,2449
CYCL,2026-08-21,1382.3,1466.0,17878
GUFL,2026-08-21,540.0,520.0,36430
ICFCD88,2026-08-21,1110.1,1110.0,50
JHAPA,2026-08-21,1037.0,1035.0,4387
ALICL,2026-08-21,418.1,415.2,8641
MBJC,2026-08-21,262.0,267.4,58254
NTC,2026-08-21,900.0,885.0,8567
BHPL,2026-08-21,475.5,478.0,6701
KDBY,2026-08-21,9.98,9.97,106530
SAEF2,2026-08-21,9.01,9.01,5300
CCBD88,2026-08-21,1200.5,1200.5,25
MEL,2026-08-21,202.6,204.0,7910
SMHL,2026-08-21,523.0,517.0,167377
MHNL,2026-08-21,246.0,244.0,19873
SAPIL,2026-08-21,714.4,797.6,400
IHL,2026-08-21,326.0,325.0,3066
BEDC,2026-08-21,307.2,308.0,16674
PBD88,2026-08-21,1175.0,1175.0,25
ECL,2026-08-21,1430.0,1400.1,12129
SPC,2026-08-21,411.0,414.0,5713
SLBSL,2026-08-21,891.0,914.0,571
WNLB,2026-08-21,1280.1,1280.0,241
NMIC,2026-08-21,888.0,877.0,3415
SHLB,2026-08-21,1385.0,1397.0,139
CHDC,2026-08-21,2204.0,2240.0,10637
SKBBL,2026-08-21,750.0,751.5,11764
MKCL,2026-08-21,948.0,920.0,6399
VLUCL,2026-08-21,404.9,397.0,5139
DHPL,2026-08-21,281.2,280.0,7883
MKHC,2026-08-21,262.0,259.0,29006
APHL,2026-08-21,760.0,738.0,8515
NSY,2026-08-21,8.86,9.52,1900
BPCL,2026-08-21,655.0,660.0,86126
BNT,2026-08-21,11700.0,11750.0,50
LVF2,2026-08-21,9.3,9.08,420
BHDC,2026-08-21,434.0,425.0,16556
KHPL,2026-08-21,795.0,773.0,5444
SBD87,2026-08-21,1085.0,1085.0,25
ICFCD89,2026-08-21,1090.0,1100.0,180
LLBS,2026-08-21,857.0,877.0,174
SPDL,2026-08-21,365.0,361.0,38965
NMB50,2026-08-21,9.9,9.86,66820
SNLI,2026-08-21,402.0,401.0,7044
NADEP,2026-08-21,715.0,710.9,1762
SKHEL,2026-08-21,940.0,910.0,5616
HBLD86,2026-08-21,1220.0,1170.0,4
GVL,2026-08-21,482.0,483.0,23230
ULBSL,2026-08-21,2500.0,2525.0,1170
SBCF,2026-08-21,9.6,9.6,200
RHGCL,2026-08-21,250.4,268.0,17134
H8020,2026-08-21,12.0,12.0,10300
KKHC,2026-08-21,278.0,269.9,179537
GMFIL,2026-08-21,443.3,440.8,3422
SEF,2026-08-21,9.28,9.51,61015
CFCL,2026-08-21,593.2,599.0,48090
GIBF1,2026-08-21,10.69,10.9,600
GLH,2026-08-21,258.8,252.3,38536
GRDBL,2026-08-21,980.0,970.0,12904
EHPL,2026-08-21,349.6,321.2,12112
PRSF,2026-08-21,12.81,12.95,20400
BNHC,2026-08-21,279.8,278.6,13953
KAHL,2026-08-21,535.0,527.0,49833
MSLB,2026-08-21,1235.0,1234.0,176
SLBBL,2026-08-21,790.5,798.0,3073
PHCL,2026-08-21,303.0,306.9,117073
SARBTM,2026-08-21,798.0,779.0,5070
NICBF,2026-08-21,9.91,9.3,1840
RIDI,2026-08-21,365.0,359.9,513142
SONA,2026-08-21,399.1,398.0,21349
OHL,2026-08-21,642.0,643.9,485
NABBC,2026-08-21,805.0,786.9,16510
MHL,2026-08-21,465.0,459.0,5507
SIPD,2026-08-21,647.0,648.0,6048
BJHL,2026-08-21,709.5,720.0,22624
JSLBB,2026-08-21,950.0,967.0,294
STC,2026-08-21,5190.6,5184.0,1348
MERO,2026-08-21,640.0,636.0,5609
JFL,2026-08-21,380.0,380.0,3187
LICN,2026-08-21,763.0,770.0,9536
RSY,2026-08-21,10.25,10.65,14400
BARUN,2026-08-21,320.0,320.1,38157
BBC,2026-08-21,4022.0,4100.0,538
ANLB,2026-08-21,5000.0,5140.0,791
IGI,2026-08-21,422.4,420.0,8518
MAKAR,2026-08-21,416.5,416.5,12516
TTL,2026-08-21,705.1,705.0,5896
HIMSTAR,2026-08-21,685.0,670.0,3560
RBBF40,2026-08-21,8.78,8.91,400
RAWA,2026-08-21,426.9,418.4,11573
CKHL,2026-08-21,576.0,595.3,1815
MBLEF,2026-08-21,9.51,9.53,500
CREST,2026-08-21,1120.0,1140.0,4635
KBLD90,2026-08-21,1341.8,1341.8,75
DOLTI,2026-08-21,311.9,306.1,19104
SIKLES,2026-08-21,564.1,568.0,17792
ILI,2026-08-21,409.3,413.3,4845
MDB,2026-08-21,566.5,567.0,9102
BHL,2026-08-21,209.0,207.0,53988
HEIP,2026-08-21,322.0,329.8,7986
SNORL,2026-08-21,890.0,886.0,12290
NIBLSTF,2026-08-21,8.5,8.33,4737
NHDL,2026-08-21,634.0,635.0,3951
LEC,2026-08-21,220.4,217.3,197561
SHINE,2026-08-21,410.0,409.0,7778
MSHL,2026-08-21,604.0,575.0,730
JBLB,2026-08-21,1260.0,1256.1,4817
ALBSL,2026-08-21,1067.0,1079.0,4049
SGHC,2026-08-21,302.0,303.0,29756
UMRH,2026-08-21,523.0,527.0,1618
TSHL,2026-08-21,369.0,357.1,3495
BANDIPUR,2026-08-21,682.0,676.9,22401
GLBSL,2026-08-21,1710.0,1730.0,283
GBBL,2026-08-21,423.0,421.8,33850
CLI,2026-08-21,462.0,430.0,16441
MLBSL,2026-08-21,1210.0,1184.2,1255
CSY,2026-08-21,8.7,8.76,1121
SINDU,2026-08-21,653.1,640.0,9724
RLFL,2026-08-21,438.9,435.0,15773
PCIL,2026-08-21,620.0,615.0,24622
RSY2,2026-08-21,9.0,8.92,4900
NRN,2026-08-21,1370.0,1375.0,65821
KBL,2026-08-21,215.0,215.4,112416
RMF2,2026-08-21,10.1,10.1,1050
GFCL,2026-08-21,593.0,590.0,4575
MLBL,2026-08-21,350.0,350.0,8792
SALICO,2026-08-21,583.0,584.0,11314
AVYAN,2026-08-21,1050.0,1040.0,3703
SHPC,2026-08-21,520.0,527.2,348089
SAGAR,2026-08-21,1568.0,1557.0,3512
MKJC,2026-08-21,435.0,424.1,5526
UPPER,2026-08-21,192.0,190.2,90573
NABIL,2026-08-21,550.0,545.0,38251
NRM,2026-08-21,300.0,295.1,14926
JBBL,2026-08-21,333.0,333.9,20618
NMB,2026-08-21,239.0,240.8,52872
MMKJL,2026-08-21,439.0,436.3,1110
LSH12,2026-08-21,8.9,8.95,5100
KPCL,2026-08-21,467.0,464.0,5955
RSML,2026-08-21,2849.0,2775.0,94674
MKHL,2026-08-21,507.8,500.0,3695
GBIMESY2,2026-08-21,8.89,8.96,1200
VLBS,2026-08-21,640.1,649.7,3485
GSY,2026-08-21,9.18,9.35,3100
TPC,2026-08-21,356.0,356.3,9350
ACLBSL,2026-08-21,892.0,911.0,803
BNL,2026-08-21,14500.0,14900.0,20
NICA,2026-08-21,312.9,314.0,53856
SADBL,2026-08-21,410.0,408.0,10127
NMLBBL,2026-08-21,491.0,494.5,4327
TAMOR,2026-08-21,485.0,484.7,270640
NBF3,2026-08-21,9.5,9.67,14800
PCBLP,2026-08-21,103.0,103.0,142796
SSHL,2026-08-21,200.0,198.0,77267
USHEC,2026-08-21,501.4,505.0,43787
SAPDBL,2026-08-21,680.0,699.0,40340
GBLBS,2026-08-21,685.1,671.0,7437
HEI,2026-08-21,524.1,527.0,7521
ADBLD83,2026-08-21,1039.0,1039.0,19
DLBS,2026-08-21,1081.0,1027.0,2990
SMPDA,2026-08-21,745.0,747.9,1756
RURU,2026-08-21,601.0,600.0,4784
SOHL,2026-08-21,680.0,686.0,352814
PPCL,2026-08-21,340.0,329.1,9805
KEF,2026-08-21,10.0,9.71,71120
KDL,2026-08-21,764.0,763.3,1365
NRIC,2026-08-21,906.0,902.0,17663
CIT,2026-08-21,1691.0,1695.0,4864
SJCL,2026-08-21,263.0,265.5,2271
RBCL,2026-08-21,13660.0,14069.8,20
NICGF2,2026-08-21,9.0,9.0,1500
HBL,2026-08-21,192.0,191.4,59408
SIGS3,2026-08-21,11.0,11.0,372573
MEPDL,2026-08-21,837.4,774.0,130560
BFC,2026-08-21,482.0,474.0,16843
NICSF,2026-08-21,9.0,8.77,21660
CHCL,2026-08-21,483.0,484.4,23326
AKJCL,2026-08-21,355.9,348.9,303459
SABBL,2026-08-21,929.6,904.0,12820
FMDBL,2026-08-21,780.0,758.0,17445
SIFC,2026-08-21,497.9,497.0,3449
SAIL,2026-08-21,1025.0,1025.0,10691
NIMB,2026-08-21,187.0,187.5,68777
MFIL,2026-08-21,740.0,746.9,19708
NIMBPO,2026-08-21,137.3,137.5,960
NLIC,2026-08-21,717.0,717.0,22723
SMJC,2026-08-21,428.1,437.0,15290
NSIF2,2026-08-21,11.1,11.01,279240
SANIMA,2026-08-21,372.8,370.6,31631
PSF,2026-08-21,11.9,11.9,16500
UPCL,2026-08-21,347.0,341.1,35483
MHCL,2026-08-21,302.0,298.3,2295
SHIVM,2026-08-21,632.0,633.0,50478
EDBL,2026-08-21,580.0,577.0,1987
SRLI,2026-08-21,366.0,368.5,9011
KMCDB,2026-08-21,766.1,774.0,2114
HFIN,2026-08-21,640.3,662.0,34171
SAGF,2026-08-21,9.99,9.99,100
PRIN,2026-08-21,665.0,650.0,4800
SHL,2026-08-21,505.0,500.2,19907
NFS,2026-08-21,561.0,550.1,6985
UNLB,2026-08-21,1226.0,1259.9,20
RADHI,2026-08-21,705.0,715.4,29312
NLG,2026-08-21,572.0,558.8,6089
NESDO,2026-08-21,1385.0,1395.0,382
KSBBLD87,2026-08-21,1095.1,1112.2,55
NICFC,2026-08-21,9.25,8.99,1669
RFPL,2026-08-21,340.0,337.0,31953
SLCF,2026-08-21,9.46,9.5,200
RLEL,2026-08-21,925.0,925.9,16181
SGIC,2026-08-21,449.0,449.9,6502
PROFL,2026-08-21,399.0,403.0,3474
CZBIL,2026-08-21,201.5,201.6,40338
NIBLGF,2026-08-21,8.28,8.8,25300
UAIL,2026-08-21,429.0,425.0,11986
NBL,2026-08-21,277.0,276.8,138444
SKHL,2026-08-21,820.0,811.7,20938
HLBSL,2026-08-21,856.0,870.0,634
DDBL,2026-08-21,845.0,839.5,8277
HLICF,2026-08-21,8.0,8.55,2050
CORBL,2026-08-21,995.0,972.0,20893
MNMF1,2026-08-21,9.23,9.43,1200
SJLIC,2026-08-21,410.0,407.0,13659
HDL,2026-08-21,1178.0,1172.5,10688
HIDCL,2026-08-21,250.0,249.0,50980
MBL,2026-08-21,252.9,250.0,29083
CGH,2026-08-21,771.5,772.3,16231
SEF2,2026-08-21,9.02,9.01,13922
ULHC,2026-08-21,333.0,330.1,19338
TVCL,2026-08-21,460.0,454.1,7766
NIBSF2,2026-08-21,8.58,8.57,950
SYPNL,2026-08-21,1206.5,1260.0,20283
ILBS,2026-08-21,840.0,858.8,691
NGPL,2026-08-21,411.9,407.0,114342
USLB,2026-08-21,1065.0,1085.0,162
SBLD89,2026-08-21,1285.0,1293.5,50
NMFBS,2026-08-21,1125.0,1117.0,5971
NUBL,2026-08-21,590.0,587.0,5635
TRH,2026-08-21,805.0,812.1,6074
LBBL,2026-08-21,481.0,475.1,26089
NIFRAGED,2026-08-21,1010.0,1010.0,25
SPHL,2026-08-21,515.0,527.9,3907
AKPL,2026-08-21,250.0,249.0,51718
C30MF,2026-08-21,9.87,9.87,100
HRL,2026-08-21,570.0,565.0,33333
SANVI,2026-08-21,586.0,573.0,14119
NHPC,2026-08-21,272.0,265.8,200387
GCIL,2026-08-21,340.4,340.5,6378
TPKHL,2026-08-21,529.2,545.0,35665
PCBL,2026-08-21,240.0,241.0,42617
NIL,2026-08-21,599.0,592.5,9802
AHL,2026-08-21,395.0,396.0,1848
PBLD86,2026-08-21,1102.0,1103.0,1
MANDU,2026-08-21,765.0,763.9,4328
OMPL,2026-08-21,901.0,898.0,1669
SWASTIK,2026-08-21,1988.0,1951.4,220
ICFC,2026-08-21,600.0,596.0,6122
NIBD84,2026-08-21,1035.0,1035.0,25
SMFBS,2026-08-21,1426.0,1408.0,1157
GMFBS,2026-08-21,1180.0,1159.0,476
ENL,2026-08-21,824.6,820.0,345
MNBBL,2026-08-21,360.0,361.0,23842
SOPL,2026-08-21,776.0,769.4,29006
SPL,2026-08-21,667.9,648.8,359
UMHL,2026-08-21,560.0,579.9,65205
CBLD88,2026-08-21,1205.0,1201.0,25
USHL,2026-08-21,509.2,538.9,829
SFMF,2026-08-21,10.2,9.9,3400
SICL,2026-08-21,606.0,607.1,3399
PMLI,2026-08-21,421.0,422.7,2594
KSBBL,2026-08-21,480.0,474.0,9433
RMF1,2026-08-21,9.5,9.5,350
HLI,2026-08-21,321.0,314.0,27356
BGWT,2026-08-21,510.1,520.4,1919
MLBBL,2026-08-21,1010.1,997.0,2761
UNHPL,2026-08-21,373.0,367.0,16265
PRVU,2026-08-21,187.7,183.0,118235
BHCL,2026-08-21,540.0,541.0,78538
UHEWA,2026-08-21,601.0,607.3,85655
SWMF,2026-08-21,593.0,604.0,2643
SBL,2026-08-21,412.0,414.0,115661
MPFL,2026-08-21,610.2,610.8,2293
DORDI,2026-08-21,255.0,246.7,20788
PMHPL,2026-08-21,312.9,345.9,14186
SGHL,2026-08-21,534.0,522.0,70674
ICFCD83,2026-08-21,934.2,887.5,1
CBBL,2026-08-21,940.0,939.5,12260
NICL,2026-08-21,504.9,488.0,11362
SMH,2026-08-21,514.0,510.2,5099
NLICL,2026-08-21,563.0,562.0,14932
GBBD85,2026-08-21,1077.8,1077.8,50
PURE,2026-08-21,795.0,797.0,14570
LUK,2026-08-21,9.74,9.74,1000
FOWAD,2026-08-21,920.0,918.0,2916
RHPL,2026-08-21,249.0,248.9,20492
SMB,2026-08-21,1755.0,1760.0,502
EBLD91,2026-08-21,1067.0,1067.0,25
NMBHF2,2026-08-21,9.85,9.91,36510
MABEL,2026-08-20,610.0,607.5,4376
MEL,2026-08-20,204.1,205.0,24700
ILBS,2026-08-20,860.0,860.0,1619
SPC,2026-08-20,414.0,416.6,4467
RBBF40,2026-08-20,8.83,9.0,7200
LUK,2026-08-20,10.28,9.74,8100
MNBBL,2026-08-20,361.0,360.0,35952
RLEL,2026-08-20,888.0,925.0,29089
SNLI,2026-08-20,404.0,400.4,20441
SMH,2026-08-20,502.2,514.0,15544
TPC,2026-08-20,360.0,359.0,9830
USLB,2026-08-20,1100.0,1094.0,1857
ALICL,2026-08-20,415.0,419.9,12470
GUFL,2026-08-20,532.0,535.0,11894
SINDU,2026-08-20,679.9,660.0,8300
GBIME,2026-08-20,249.0,247.5,103072
SBL,2026-08-20,406.3,411.5,106139
ULHC,2026-08-20,349.6,338.4,10224
SHINED,2026-08-20,1080.1,1095.0,48
MHCL,2026-08-20,296.1,303.1,2480
PRVU,2026-08-20,182.0,183.0,92882
MERO,2026-08-20,648.0,641.5,4620
SMB,2026-08-20,1730.0,1759.0,311
LSH12,2026-08-20,8.95,9.0,2300
GMLI,2026-08-20,1026.0,1025.1,1101
SBI,2026-08-20,393.0,404.9,12579
NUBL,2026-08-20,595.0,590.0,3064
PCIL,2026-08-20,620.0,622.9,25154
DHPL,2026-08-20,284.0,283.0,624
RMF2,2026-08-20,10.1,10.1,420
HDHPC,2026-08-20,210.0,209.0,49580
NTC,2026-08-20,888.1,898.5,30738
SAHAS,2026-08-20,705.0,709.0,236924
BNT,2026-08-20,11666.0,11750.0,20
SABBL,2026-08-20,930.0,930.0,11404
BHPL,2026-08-20,467.1,468.1,2723
CIT,2026-08-20,1692.1,1695.0,2720
JOSHI,2026-08-20,270.0,267.7,41056
MEHL,2026-08-20,259.0,250.0,184863
MFLD85,2026-08-20,1085.0,1085.0,100
NBF2,2026-08-20,9.55,9.85,6320
BANDIPUR,2026-08-20,682.0,680.3,13764
NICA,2026-08-20,308.0,313.6,64478
PMHPL,2026-08-20,304.0,303.8,9764
NABBC,2026-08-20,802.1,804.1,8932
MATRI,2026-08-20,790.1,805.0,328
SPIL,2026-08-20,714.0,685.0,4999
VLUCL,2026-08-20,399.0,393.2,3010
NMFBS,2026-08-20,1120.0,1118.0,5949
NMBHF2,2026-08-20,9.7,9.9,29640
PURE,2026-08-20,800.0,807.0,7110
SMFBS,2026-08-20,1477.0,1422.0,384
SOHL,2026-08-20,682.1,699.0,333263
SHL,2026-08-20,499.0,498.0,19847
GBBL,2026-08-20,420.5,423.5,43022
GVL,2026-08-20,470.0,482.3,14430
ENL,2026-08-20,798.0,818.5,40
SIGS2,2026-08-20,10.53,10.51,14010
SRLI,2026-08-20,369.0,367.1,7112
JFL,2026-08-20,385.0,381.0,2855
NLIC,2026-08-20,720.0,717.0,32677
AVYAN,2026-08-20,1035.0,1034.0,2612
CBBL,2026-08-20,939.9,939.0,8287
GMFIL,2026-08-20,441.5,440.0,12318
SIKLES,2026-08-20,553.0,567.0,18583
MHL,2026-08-20,458.2,468.0,1598
EBLD85,2026-08-20,1141.0,1141.0,10
NBL,2026-08-20,275.0,277.0,207413
UHEWA,2026-08-20,601.0,620.0,143161
SLBSL,2026-08-20,930.0,918.0,1684
TVCL,2026-08-20,460.0,465.0,15545
RFPL,2026-08-20,325.0,337.0,20195
TSHL,2026-08-20,365.0,364.7,1367
DLBS,2026-08-20,1125.0,1084.0,531
GCIL,2026-08-20,340.0,344.9,7927
GLH,2026-08-20,250.1,255.0,24874
NFS,2026-08-20,565.0,555.0,6697
HDL,2026-08-20,1184.0,1177.0,11771
PHCL,2026-08-20,298.2,303.0,94316
MLBSL,2026-08-20,1220.0,1219.9,1440
HPPL,2026-08-20,378.0,379.3,103853
CKHL,2026-08-20,580.0,588.0,120
KSY,2026-08-20,9.16,9.16,2180
SKHL,2026-08-20,767.6,817.0,16944
EBLD86,2026-08-20,1070.0,1070.0,25
PSF,2026-08-20,11.81,11.87,10546
LEC,2026-08-20,219.0,221.7,102327
SOPL,2026-08-20,775.0,776.0,27619
BHCL,2026-08-20,552.0,559.9,55660
NWCL,2026-08-20,658.0,646.5,5613
SMHL,2026-08-20,502.0,522.9,314263
FOWAD,2026-08-20,925.0,915.0,5033
CREST,2026-08-20,1145.0,1144.0,6890
HATHY,2026-08-20,606.0,581.0,22871
HFIN,2026-08-20,670.0,674.0,15445
UPCL,2026-08-20,340.1,343.0,33262
SGHC,2026-08-20,305.0,299.7,57288
SKBBL,2026-08-20,755.0,750.0,8931
DHEL,2026-08-20,580.0,585.0,14910
CYCL,2026-08-20,1425.0,1455.0,7870
SAPDBL,2026-08-20,740.0,713.9,36671
SONA,2026-08-20,400.0,399.1,24184
APHL,2026-08-20,743.3,750.0,6043
SKHEL,2026-08-20,932.0,960.0,971
SHPC,2026-08-20,490.1,514.0,156670
GIBF1,2026-08-20,10.8,10.9,1100
NMB50,2026-08-20,9.76,10.02,34360
BGWT,2026-08-20,515.5,520.0,7990
RAWA,2026-08-20,421.0,421.0,7135
ULBSL,2026-08-20,2554.0,2548.0,3136
NRN,2026-08-20,1393.0,1390.0,27952
TPKHL,2026-08-20,534.8,556.0,22973
RHGCL,2026-08-20,250.4,254.0,6713
SANVI,2026-08-20,580.0,588.9,5230
USHEC,2026-08-20,495.6,511.0,19508
UNLB,2026-08-20,1274.9,1261.9,1454
NIBLGF,2026-08-20,8.64,8.48,1500
NICAD2091,2026-08-20,1050.0,1050.0,25
NICSF,2026-08-20,8.4,8.85,2050
MAKAR,2026-08-20,400.0,420.0,39703
JBBL,2026-08-20,334.2,334.0,17330
PPCL,2026-08-20,333.0,335.0,7340
UAIL,2026-08-20,421.2,429.0,8731
PPL,2026-08-20,299.3,314.0,18393
GHL,2026-08-20,234.9,234.9,70682
PRIN,2026-08-20,649.0,652.0,5322
MDB,2026-08-20,570.0,566.2,15393
AKPL,2026-08-20,250.0,249.8,32954
NICGF2,2026-08-20,9.0,9.0,500
HEIP,2026-08-20,322.0,322.0,354
NIBLSTF,2026-08-20,8.31,8.38,6650
UMRH,2026-08-20,519.2,530.0,5998
HHL,2026-08-20,332.0,329.1,8910
RSDC,2026-08-20,621.0,626.7,903
NICLBSL,2026-08-20,546.9,543.5,3698
SCB,2026-08-20,654.0,650.0,5957
SDBD87,2026-08-20,1121.0,1105.0,52
MANDU,2026-08-20,814.7,840.0,17075
NMB,2026-08-20,239.9,240.0,38559
GRDBL,2026-08-20,1000.0,979.5,21674
SPDL,2026-08-20,360.2,365.0,23274
SWMF,2026-08-20,601.0,607.9,2678
KAHL,2026-08-20,540.0,540.0,22715
FMDBL,2026-08-20,771.8,768.9,8680
VLBS,2026-08-20,652.0,650.0,2603
CFCL,2026-08-20,590.0,590.1,47494
NRIC,2026-08-20,900.2,906.0,16137
TTL,2026-08-20,704.0,710.0,5078
NICBF,2026-08-20,9.67,9.64,1615
STC,2026-08-20,5106.1,5200.0,1097
MEPDL,2026-08-20,728.2,797.6,28980
NIBSF2,2026-08-20,8.79,8.58,15300
BHDC,2026-08-20,426.0,434.0,8167
NIMBPO,2026-08-20,144.1,141.0,42
SEF2,2026-08-20,9.02,9.03,4900
RLFL,2026-08-20,433.1,436.0,11299
CORBL,2026-08-20,1028.0,994.0,31498
SHEL,2026-08-20,295.0,302.0,52751
ADBLB87,2026-08-20,1012.0,1015.0,500000
RBCL,2026-08-20,14000.0,13815.0,20
NICL,2026-08-20,495.0,491.1,11067
CHCL,2026-08-20,480.0,483.8,30342
SHIVM,2026-08-20,632.0,631.0,28823
USHL,2026-08-20,529.5,535.9,3065
NGPL,2026-08-20,406.5,412.0,170242
UMHL,2026-08-20,585.0,582.0,98661
UNHPL,2026-08-20,372.9,372.0,16180
SPHL,2026-08-20,500.0,530.9,10386
MKJC,2026-08-20,433.0,432.2,6109
OHL,2026-08-20,654.0,652.0,766
GBILD84/85,2026-08-20,1153.0,1153.0,10
SEF,2026-08-20,9.4,9.3,76895
SYPNL,2026-08-20,1207.5,1270.0,26575
NBLD82,2026-08-20,1051.1,1051.1,100
LICN,2026-08-20,770.0,769.0,7404
MFIL,2026-08-20,745.0,748.8,21688
SHINE,2026-08-20,412.0,411.6,2231
MMKJL,2026-08-20,438.1,439.0,4919
SADBL,2026-08-20,405.0,405.0,11179
NMIC,2026-08-20,870.4,888.0,860
BNHC,2026-08-20,280.0,279.8,11074
TRH,2026-08-20,800.0,815.0,7205
SGHL,2026-08-20,537.0,534.0,58434
SBLD89,2026-08-20,1293.0,1280.1,85
RBBD83,2026-08-20,1010.3,1010.3,25
HLI,2026-08-20,315.0,316.0,25393
BUNGAL,2026-08-20,627.0,588.0,13603
GBIMESY2,2026-08-20,8.89,9.1,400
MLBL,2026-08-20,347.0,349.0,7294
SWBBL,2026-08-20,670.0,672.4,4896
SAGAR,2026-08-20,1580.1,1568.1,4434
JHAPA,2026-08-20,1045.0,1040.0,5328
MLBS,2026-08-20,1050.0,1050.0,246
NIMB,2026-08-20,188.0,187.5,85941
MMF1,2026-08-20,8.7,8.96,8784
BJHL,2026-08-20,710.0,724.0,17571
NIFRA,2026-08-20,242.1,244.0,37783
NMBMF,2026-08-20,600.0,599.8,1330
MEN,2026-08-20,626.0,639.0,215289
DORDI,2026-08-20,248.0,249.0,10476
LSL,2026-08-20,218.0,219.3,69495
MKCL,2026-08-20,960.0,960.0,2120
LBBL,2026-08-20,480.0,480.0,25054
HURJA,2026-08-20,233.3,237.9,18279
MBLEF,2026-08-20,9.51,9.57,500
MHNL,2026-08-20,237.0,244.6,10655
ICFCD83,2026-08-20,983.3,934.2,1
SIGS3,2026-08-20,11.1,11.0,179099
SAEF2,2026-08-20,9.02,9.04,3950
MCHL,2026-08-20,275.0,280.0,3530
KBSH,2026-08-20,950.0,938.5,10051
ICFCD89,2026-08-20,1090.0,1090.0,60
CZBIL,2026-08-20,198.2,201.7,25254
MSLB,2026-08-20,1218.3,1237.9,520
KDBY,2026-08-20,10.5,9.97,12520
NLICL,2026-08-20,560.09,563.0,14317
NESDO,2026-08-20,1411.9,1395.0,315
SNORL,2026-08-20,900.0,909.0,7387
KDL,2026-08-20,766.0,764.0,895
MSHL,2026-08-20,600.0,587.0,689
H8020,2026-08-20,11.8,11.8,5785
GMFBS,2026-08-20,1150.0,1165.0,24
TAMOR,2026-08-20,462.0,481.8,314336
ECL,2026-08-20,1400.0,1452.0,12723
EBL,2026-08-20,731.0,734.9,47132
MKHL,2026-08-20,496.2,494.1,4543
SMJC,2026-08-20,428.0,428.1,8558
NCCD86,2026-08-20,1101.2,1102.1,40
NADEP,2026-08-20,696.4,709.0,575
RIDI,2026-08-20,365.0,364.8,258955
CHL,2026-08-20,267.0,268.0,15090
HIDCL,2026-08-20,252.9,253.8,17179
SAPIL,2026-08-20,621.2,693.6,180
SLBBL,2026-08-20,786.5,800.0,1513
SALICO,2026-08-20,589.0,583.0,2444
EHPL,2026-08-20,340.0,333.0,10364
NMLBBL,2026-08-20,499.7,500.0,3977
AHPC,2026-08-20,259.0,260.5,83023
DDBL,2026-08-20,832.1,849.9,8432
SJCL,2026-08-20,263.1,264.0,6728
PRSF,2026-08-20,12.75,12.9,5980
UPPER,2026-08-20,201.0,191.0,53394
RHPL,2026-08-20,251.0,248.4,27841
SHLB,2026-08-20,1383.0,1384.0,69
ANLB,2026-08-20,5050.0,5138.0,1420
KKHC,2026-08-20,287.7,278.8,255787
SMPDA,2026-08-20,730.6,749.9,937
SIFC,2026-08-20,495.0,497.9,3281
LVF2,2026-08-20,9.57,9.58,200
SMATA,2026-08-20,710.0,710.0,3643
KEF,2026-08-20,10.67,10.01,74596
RURU,2026-08-20,600.0,603.0,8453
AKJCL,2026-08-20,350.6,355.0,136047
CITY,2026-08-20,377.8,357.0,61854
GLBSL,2026-08-20,1743.0,1710.0,391
SARBTM,2026-08-20,818.8,788.6,3778
NSIF2,2026-08-20,11.1,11.0,342164
HIMSTAR,2026-08-20,671.0,688.7,1570
NRM,2026-08-20,301.0,300.1,4865
YMHL,2026-08-20,620.0,625.0,16310
MPFL,2026-08-20,610.0,614.0,4737
C30MF,2026-08-20,10.0,10.0,4200
IGI,2026-08-20,428.0,422.5,2790
MLBBL,2026-08-20,1037.0,1030.0,1233
KHPL,2026-08-20,772.1,785.0,4591
RSY,2026-08-20,10.3,10.55,10300
SANIMA,2026-08-20,368.9,371.0,67237
NICFC,2026-08-20,8.75,9.25,4801
MBL,2026-08-20,248.4,251.0,138300
SBID83,2026-08-20,1059.9,1060.0,100
API,2026-08-20,331.0,335.4,139127
PBLD84,2026-08-20,1065.1,1065.1,25
SWASTIK,2026-08-20,1946.0,1988.8,1146
GSY,2026-08-20,9.06,9.32,23100
GFCL,2026-08-20,591.5,593.8,2429
ALBSL,2026-08-20,1065.0,1105.0,929
ADBL,2026-08-20,300.0,300.1,49169
HIDCLP,2026-08-20,188.0,184.2,93293
HLICF,2026-08-20,8.61,8.37,1400
NYADI,2026-08-20,360.0,359.0,5237
LLBS,2026-08-20,850.0,867.0,497
RSY2,2026-08-20,8.9,8.98,11000
IHL,2026-08-20,322.0,326.0,9482
BBC,2026-08-20,4250.0,4130.0,372
BARUN,2026-08-20,316.0,317.0,17115
CLI,2026-08-20,435.0,440.0,15739
HEI,2026-08-20,523.0,529.0,18340
NHDL,2026-08-20,639.0,635.3,1457
SIPD,2026-08-20,645.1,663.0,5783
GILB,2026-08-20,1129.0,1100.0,1763
RADHI,2026-08-20,707.0,718.0,83477
NIL,2026-08-20,602.0,598.3,6055
HLBSL,2026-08-20,875.0,874.0,1291
JSLBB,2026-08-20,950.0,968.9,78
SSHL,2026-08-20,200.0,200.0,56891
NSY,2026-08-20,9.03,9.1,1416
SPL,2026-08-20,641.0,651.9,1275
JBLB,2026-08-20,1270.0,1264.1,3407
SAIL,2026-08-20,1010.0,1046.0,24081
BHL,2026-08-20,210.0,208.0,45117
EBLD91,2026-08-20,1080.0,1100.0,175
CHDC,2026-08-20,2199.0,2205.9,8465
WNLB,2026-08-20,1300.0,1301.0,109
PCBL,2026-08-20,240.0,240.0,16616
BPCL,2026-08-20,640.0,655.0,18405
NHPC,2026-08-20,265.4,272.0,193614
ACLBSL,2026-08-20,900.0,909.0,562
CIZBD90,2026-08-20,1230.0,1225.0,50
BEDC,2026-08-20,310.0,307.0,17068
SICL,2026-08-20,610.0,606.1,3507
MNMF1,2026-08-20,9.38,9.5,31150
HBL,2026-08-20,192.0,191.4,21684
CCBD88,2026-08-20,1220.0,1220.0,17
SFMF,2026-08-20,10.2,10.2,21600
RSML,2026-08-20,2685.0,2784.0,110600
RMF1,2026-08-20,9.85,9.57,13700
NABILD2089,2026-08-20,1087.3,1087.3,25
NLG,2026-08-20,559.8,559.8,5356
RNLI,2026-08-20,422.1,428.9,10189
KPCL,2026-08-20,458.0,466.0,3577
CGH,2026-08-20,769.0,771.0,4394
CSY,2026-08-20,8.65,8.7,800
AHL,2026-08-20,395.0,401.0,1091
MKHC,2026-08-20,264.0,260.9,14335
SJLIC,2026-08-20,407.0,410.0,13730
GBLBS,2026-08-20,700.0,698.0,1539
OMPL,2026-08-20,885.0,901.9,1781
KSBBL,2026-08-20,476.0,480.0,19586
PROFL,2026-08-20,406.0,409.9,3180
SBCF,2026-08-20,9.6,9.6,2450
BFC,2026-08-20,488.0,482.0,8180
SGIC,2026-08-20,445.1,450.9,4132
MBJC,2026-08-20,262.1,264.0,10282
NBF3,2026-08-20,9.6,9.67,10100
PMLI,2026-08-20,420.0,425.0,2617
SLCF,2026-08-20,10.0,9.7,1100
HRL,2026-08-20,560.0,570.0,32868
KMCDB,2026-08-20,790.0,780.0,321
KBL,2026-08-20,215.0,215.5,127383
EDBL,2026-08-20,590.0,583.8,998
DOLTI,2026-08-20,311.0,308.9,20935
NABIL,2026-08-20,550.0,548.5,27241
SAGF,2026-08-20,9.99,9.99,100
ICFC,2026-08-20,590.3,597.0,6162
ILI,2026-08-20,412.0,415.0,7178
GLBSL,2026-08-19,1710.0,1742.0,906
LBLD88,2026-08-19,1122.7,1122.7,49
NLIC,2026-08-19,722.0,718.9,30984
SWMF,2026-08-19,600.1,603.8,7552
GRDBL,2026-08-19,1030.0,1014.0,9113
NICD83/84,2026-08-19,1003.0,1002.8,2345
YMHL,2026-08-19,620.0,634.7,13126
MBLEF,2026-08-19,9.7,9.7,2750
NRIC,2026-08-19,905.0,911.0,15465
SGIC,2026-08-19,444.1,449.4,4594
SBI,2026-08-19,386.7,401.0,12380
NICLBSL,2026-08-19,540.1,546.9,5413
MABEL,2026-08-19,638.0,604.0,6437
MLBBL,2026-08-19,1030.0,1029.9,1789
NRN,2026-08-19,1371.0,1379.0,30721
NMB,2026-08-19,239.0,238.7,42441
ADBLD83,2026-08-19,1041.0,1039.0,100
JOSHI,2026-08-19,259.4,273.0,12225
UHEWA,2026-08-19,577.6,610.0,34954
SOHL,2026-08-19,687.8,682.1,247607
SEF2,2026-08-19,9.01,9.02,7950
PBLD87,2026-08-19,1070.1,1102.2,50
NYADI,2026-08-19,360.1,360.0,1532
UNL,2026-08-19,46600.0,46600.0,10
NFS,2026-08-19,560.0,556.6,3714
KDBY,2026-08-19,11.1,11.05,83390
SHLB,2026-08-19,1360.0,1415.0,110
NESDO,2026-08-19,1407.0,1412.0,855
GBILD84/85,2026-08-19,1120.0,1123.0,148
TVCL,2026-08-19,463.0,472.0,8258
GIBF1,2026-08-19,10.62,10.76,15905
C30MF,2026-08-19,10.0,10.0,800
GLH,2026-08-19,245.0,252.7,20506
EHPL,2026-08-19,351.6,335.0,18402
CBBL,2026-08-19,934.0,935.0,15799
MLBL,2026-08-19,345.4,348.0,7870
SEF,2026-08-19,9.75,9.34,72500
BEDC,2026-08-19,329.0,311.9,9325
NICSF,2026-08-19,8.3,8.3,1600
ALICL,2026-08-19,419.9,415.0,12451
CIT,2026-08-19,1705.0,1700.0,4292
CZBIL,2026-08-19,198.1,199.0,47556
VLUCL,2026-08-19,399.0,400.0,4923
JSLBB,2026-08-19,941.0,960.0,111
MERO,2026-08-19,645.2,646.0,2309
AHL,2026-08-19,387.6,400.0,2678
MANDU,2026-08-19,817.4,801.0,3375
ICFCD89,2026-08-19,1085.0,1085.0,20
EBLD85,2026-08-19,1100.1,1108.0,7
KSY,2026-08-19,9.16,9.17,300
SJCL,2026-08-19,263.1,265.0,9118
SPL,2026-08-19,633.2,659.0,1360
SPHL,2026-08-19,535.0,515.0,3294
MKHL,2026-08-19,489.0,496.1,1521
RNLI,2026-08-19,426.0,421.4,12683
KMCDB,2026-08-19,788.7,785.0,2713
PMHPL,2026-08-19,305.0,307.0,7696
GCIL,2026-08-19,339.8,342.0,3060
RLFL,2026-08-19,419.9,443.0,8191
CHL,2026-08-19,260.1,262.5,7682
GMFBS,2026-08-19,1160.0,1170.0,298
PRSF,2026-08-19,12.9,12.91,2538
CSY,2026-08-19,8.51,8.65,4150
PRVU,2026-08-19,181.0,182.0,213491
MHNL,2026-08-19,236.6,242.4,11085
MLBSL,2026-08-19,1220.0,1218.0,2428
GMFIL,2026-08-19,446.1,448.9,5122
NIL,2026-08-19,599.0,602.0,5556
SAPIL,2026-08-19,537.7,603.2,190
SIGS3,2026-08-19,10.99,11.0,207987
KSBBL,2026-08-19,476.9,479.0,10045
CKHL,2026-08-19,582.0,595.0,130
MATRI,2026-08-19,795.0,802.0,316
SAHAS,2026-08-19,684.6,701.0,253936
BHPL,2026-08-19,456.0,477.4,7699
CCBD88,2026-08-19,1190.0,1190.0,25
JBBL,2026-08-19,334.0,334.2,15663
NICBF,2026-08-19,9.21,9.48,500
JHAPA,2026-08-19,1065.0,1045.0,3586
CGH,2026-08-19,773.0,770.0,6679
AKPL,2026-08-19,246.0,249.0,30765
RADHI,2026-08-19,712.0,708.0,45501
TPC,2026-08-19,359.0,358.5,6105
NGPL,2026-08-19,412.0,407.0,129970
RBBD2088,2026-08-19,1050.0,1050.0,25
ALBSL,2026-08-19,1065.0,1099.8,9558
SBL,2026-08-19,407.0,408.2,55032
LSH12,2026-08-19,9.1,8.95,2700
SLCF,2026-08-19,10.0,10.0,300
MBJC,2026-08-19,260.0,264.0,8272
CHCL,2026-08-19,480.0,479.0,7975
JFL,2026-08-19,381.0,381.7,1949
NBL,2026-08-19,275.0,275.0,163307
NICGF2,2026-08-19,9.0,8.97,1000
SAGF,2026-08-19,10.0,9.98,10100
UPCL,2026-08-19,349.9,342.2,17262
WNLB,2026-08-19,1300.0,1325.0,157
SKHL,2026-08-19,871.5,808.0,20773
NICL,2026-08-19,509.9,494.8,2352
BJHL,2026-08-19,697.1,720.0,12715
MCHL,2026-08-19,277.0,282.0,5961
SRLI,2026-08-19,366.0,368.7,9087
NICFC,2026-08-19,8.83,9.0,1201
OMPL,2026-08-19,880.0,900.0,1482
JBBD87,2026-08-19,1100.1,1100.1,25
MPFL,2026-08-19,614.0,615.0,11927
GFCL,2026-08-19,590.0,591.5,3051
SYPNL,2026-08-19,1225.5,1271.0,29613
SFEF,2026-08-19,9.8,9.8,100
LEC,2026-08-19,211.9,220.9,239048
SADBL,2026-08-19,400.3,404.0,10013
ECL,2026-08-19,1397.0,1436.0,11764
NWCL,2026-08-19,670.0,672.0,1250
NRM,2026-08-19,296.0,301.0,6548
USHL,2026-08-19,535.0,540.0,948
GBLBS,2026-08-19,690.0,702.5,1855
SAIL,2026-08-19,1040.5,1029.9,30039
DHPL,2026-08-19,285.0,281.0,2441
SSHL,2026-08-19,200.1,200.8,36822
SPDL,2026-08-19,360.5,366.9,13337
NCCD86,2026-08-19,1096.9,1096.9,10
HEI,2026-08-19,529.0,529.0,412
PSF,2026-08-19,11.82,11.84,1654
KBSH,2026-08-19,920.0,937.0,7989
NIFRA,2026-08-19,240.0,244.2,29497
MNMF1,2026-08-19,9.45,9.65,39850
NSY,2026-08-19,9.0,9.3,3400
MLBS,2026-08-19,1050.0,1080.0,671
MHCL,2026-08-19,300.5,303.2,4832
NIMB,2026-08-19,187.0,188.0,93306
PRIN,2026-08-19,652.2,656.0,2403
KPCL,2026-08-19,460.0,461.0,2718
BBC,2026-08-19,4103.0,4140.0,79
SAGAR,2026-08-19,1491.5,1580.0,3732
NIBLSTF,2026-08-19,8.38,8.41,1500
RFPL,2026-08-19,323.4,332.0,9294
SJLIC,2026-08-19,407.0,407.0,8478
SGHL,2026-08-19,530.0,538.9,75638
CLI,2026-08-19,438.0,435.0,11805
NICAD2091,2026-08-19,1072.0,1073.6,36
DLBS,2026-08-19,1154.0,1098.5,624
SABBL,2026-08-19,900.0,940.0,11997
LBBL,2026-08-19,477.0,480.0,15713
BHCL,2026-08-19,560.0,568.0,122319
ENL,2026-08-19,822.0,798.0,210
KHPL,2026-08-19,788.0,785.0,6170
TSHL,2026-08-19,360.0,365.9,4780
MHL,2026-08-19,462.0,465.0,3234
RMF1,2026-08-19,9.52,10.0,1800
MKHC,2026-08-19,252.0,261.0,12164
UNHPL,2026-08-19,373.0,371.0,36636
ICFCD83,2026-08-19,1035.0,983.3,1
DOLTI,2026-08-19,314.0,310.0,18323
AHPC,2026-08-19,258.2,260.0,58501
RBBF40,2026-08-19,8.97,9.1,12450
CYCL,2026-08-19,1415.5,1500.0,11379
HDHPC,2026-08-19,207.5,207.9,61131
ADBL,2026-08-19,302.0,300.9,25174
SANIMA,2026-08-19,369.0,370.1,87639
PBLD84,2026-08-19,1070.0,1070.0,255
LLBS,2026-08-19,895.0,862.1,2220
LVF2,2026-08-19,9.38,9.86,3400
SLBBL,2026-08-19,790.1,805.0,861
CITY,2026-08-19,361.0,359.9,50429
SCB,2026-08-19,661.0,650.0,6223
MSHL,2026-08-19,587.0,583.0,56
UMRH,2026-08-19,520.0,530.0,2056
MEN,2026-08-19,650.5,626.9,91146
KDL,2026-08-19,770.0,777.0,535
HEIP,2026-08-19,340.0,320.5,1260
TPKHL,2026-08-19,533.5,562.0,25681
MAKAR,2026-08-19,406.0,406.9,19213
BNHC,2026-08-19,266.0,280.0,5917
RSML,2026-08-19,2705.0,2710.0,57723
RAWA,2026-08-19,420.0,422.5,9202
SHPC,2026-08-19,517.5,494.0,49022
EBL,2026-08-19,730.0,730.0,23601
MFLD85,2026-08-19,1085.0,1085.0,25
SMPDA,2026-08-19,740.0,738.0,1146
MMKJL,2026-08-19,455.0,443.0,2685
BPCL,2026-08-19,640.0,641.0,4318
ANLB,2026-08-19,5100.0,5100.0,1800
AVYAN,2026-08-19,1016.0,1035.0,383
NMB50,2026-08-19,9.8,9.81,344051
PURE,2026-08-19,805.2,814.8,8313
EBLD91,2026-08-19,1133.0,1100.0,123
PPCL,2026-08-19,330.1,335.0,120724
MEL,2026-08-19,203.0,205.9,21347
SANVI,2026-08-19,592.0,590.0,4022
USHEC,2026-08-19,495.2,502.0,14971
NHDL,2026-08-19,625.5,635.0,1301
SMB,2026-08-19,1721.0,1737.0,997
HATHY,2026-08-19,618.5,603.2,22168
GHL,2026-08-19,247.3,239.0,218759
NADEP,2026-08-19,705.0,704.0,869
SPC,2026-08-19,401.0,417.0,5275
UMHL,2026-08-19,590.0,598.8,102112
MFIL,2026-08-19,760.0,747.9,20616
NABILD2089,2026-08-19,1087.3,1087.3,100
SHL,2026-08-19,498.0,498.0,24850
RSDC,2026-08-19,630.0,628.3,2279
RSY,2026-08-19,10.42,10.52,254400
FMDBL,2026-08-19,723.0,769.8,12640
BARUN,2026-08-19,323.9,316.8,16923
NHPC,2026-08-19,248.9,263.0,169326
PHCL,2026-08-19,296.1,299.2,63011
BUNGAL,2026-08-19,581.0,598.0,20116
ILBS,2026-08-19,850.0,860.0,2090
TTL,2026-08-19,697.0,704.0,5467
SWASTIK,2026-08-19,1952.0,1988.9,670
HLBSL,2026-08-19,875.0,875.0,82
HRL,2026-08-19,575.0,574.8,28865
OHL,2026-08-19,647.2,653.9,462
SHINE,2026-08-19,410.5,412.0,12667
PROFL,2026-08-19,405.0,407.0,8569
UPPER,2026-08-19,190.1,191.5,62354
JBLB,2026-08-19,1275.0,1273.2,3319
SMATA,2026-08-19,711.0,710.0,2851
NICA,2026-08-19,316.0,315.7,64786
BFC,2026-08-19,485.0,476.2,22678
GILB,2026-08-19,1100.0,1096.3,3609
IGI,2026-08-19,420.0,425.0,5470
NMFBS,2026-08-19,1120.0,1120.0,688
SINDU,2026-08-19,706.8,672.1,8256
NICAD85/86,2026-08-19,1140.0,1140.0,15
MBL,2026-08-19,249.0,248.4,50466
CORBL,2026-08-19,1027.0,1028.0,15214
SWBBL,2026-08-19,675.0,667.0,15528
PCBLP,2026-08-19,103.0,103.0,24779
BHL,2026-08-19,208.0,209.0,36974
CHDC,2026-08-19,2179.3,2182.0,9140
ACLBSL,2026-08-19,898.0,900.0,842
VLBS,2026-08-19,644.1,655.1,1244
TAMOR,2026-08-19,455.0,459.5,79851
NLICL,2026-08-19,565.0,565.1,5191
PCBL,2026-08-19,240.0,240.5,46783
NIBSF2,2026-08-19,8.79,8.8,950
SICL,2026-08-19,605.1,609.0,6906
MEHL,2026-08-19,269.0,259.0,489292
SMH,2026-08-19,505.0,502.2,4138
NLG,2026-08-19,560.0,559.8,3620
BANDIPUR,2026-08-19,686.0,682.1,14248
LICN,2026-08-19,764.5,774.0,2552
KKHC,2026-08-19,284.1,296.5,309415
RSY2,2026-08-19,8.9,9.01,11350
SMFBS,2026-08-19,1423.0,1443.0,493
ILI,2026-08-19,415.0,413.0,3462
SAPDBL,2026-08-19,700.0,743.0,35089
LUK,2026-08-19,9.9,9.99,400
SHIVM,2026-08-19,623.5,627.4,71344
BHDC,2026-08-19,425.0,426.7,16062
IHL,2026-08-19,328.0,323.5,9623
NSIF2,2026-08-19,10.97,11.0,102795
RURU,2026-08-19,603.0,600.0,11931
RHPL,2026-08-19,251.0,251.7,8864
DDBL,2026-08-19,840.0,842.9,8026
AKJCL,2026-08-19,350.0,351.8,161396
UAIL,2026-08-19,421.2,425.5,8610
BNT,2026-08-19,11880.0,11620.0,61
NIBLGF,2026-08-19,8.63,8.89,7680
UNLB,2026-08-19,1227.0,1249.9,219
KAHL,2026-08-19,544.0,550.0,25463
HIDCL,2026-08-19,263.1,251.0,27953
HFIN,2026-08-19,680.0,679.1,13819
GVL,2026-08-19,470.0,472.0,8462
PMLI,2026-08-19,407.9,425.0,4414
NABIL,2026-08-19,556.0,548.0,95755
API,2026-08-19,329.0,330.0,112132
SONA,2026-08-19,402.0,400.0,20212
NABBC,2026-08-19,805.0,804.3,4919
SKHEL,2026-08-19,950.0,950.0,2527
HURJA,2026-08-19,235.6,235.5,39189
FOWAD,2026-08-19,921.0,926.0,1122
SGHC,2026-08-19,304.5,298.1,20902
MEPDL,2026-08-19,633.0,693.6,2880
SMJC,2026-08-19,435.0,430.9,8778
APHL,2026-08-19,750.4,753.0,6427
RHGCL,2026-08-19,250.1,253.0,11477
RBCL,2026-08-19,14010.0,14049.9,180
HPPL,2026-08-19,373.0,383.0,90182
HHL,2026-08-19,329.2,332.0,12993
SPIL,2026-08-19,681.0,680.0,4772
NIMBPO,2026-08-19,141.0,140.0,6511
PBD88,2026-08-19,1175.0,1175.0,25
RLEL,2026-08-19,920.0,888.9,8109
GBIME,2026-08-19,252.0,247.9,94358
SKBBL,2026-08-19,760.0,748.0,17757
SIFC,2026-08-19,497.0,499.0,7578
SHEL,2026-08-19,298.2,298.0,100380
EDBL,2026-08-19,584.5,584.0,10238
SNLI,2026-08-19,387.6,404.1,9407
HDL,2026-08-19,1185.0,1178.2,17260
SMHL,2026-08-19,498.0,502.0,40719
PPL,2026-08-19,301.2,315.0,16689
CREST,2026-08-19,1155.0,1152.9,7972
BGWT,2026-08-19,503.0,515.0,2590
KEF,2026-08-19,11.23,11.0,177470
SARBTM,2026-08-19,802.9,779.9,15526
HIMSTAR,2026-08-19,680.1,686.4,2640
NTC,2026-08-19,871.0,888.0,6849
SNORL,2026-08-19,903.0,915.0,18899
HIDCLP,2026-08-19,185.0,185.9,50184
PCIL,2026-08-19,616.0,621.0,13207
MSLB,2026-08-19,1215.1,1218.3,927
USLB,2026-08-19,1097.0,1075.0,2652
CFCL,2026-08-19,587.0,600.0,40716
SOPL,2026-08-19,780.0,780.0,19566
SALICO,2026-08-19,582.5,591.5,4381
MKJC,2026-08-19,419.9,440.0,1009
SLBSL,2026-08-19,892.2,907.0,1025
NMBMF,2026-08-19,595.5,590.0,1250
GSY,2026-08-19,9.04,9.33,3150
MNBBL,2026-08-19,361.9,361.0,33448
DHEL,2026-08-19,592.0,584.0,11574
GBIMESY2,2026-08-19,8.94,8.95,600
H8020,2026-08-19,11.79,11.79,200
RIDI,2026-08-19,357.0,361.3,234646
MMF1,2026-08-19,8.64,8.67,8240
NMLBBL,2026-08-19,500.0,505.0,4874
SBCF,2026-08-19,9.7,9.63,2900
MDB,2026-08-19,568.0,570.5,3916
ULHC,2026-08-19,341.0,333.0,18304
NUBL,2026-08-19,595.9,595.0,1883
GBBL,2026-08-19,420.0,423.0,27929
STC,2026-08-19,5250.0,5200.0,168
LSL,2026-08-19,216.5,217.9,56190
DORDI,2026-08-19,245.6,248.0,16593
KBL,2026-08-19,213.0,214.1,149187
NMIC,2026-08-19,872.3,882.0,780
ULBSL,2026-08-19,2546.6,2628.0,739
SFMF,2026-08-19,10.1,10.3,13500
ICFC,2026-08-19,591.0,593.0,5204
SAEF2,2026-08-19,9.0,9.03,6370
HLI,2026-08-19,315.0,315.0,16202
SIKLES,2026-08-19,553.1,554.9,4222
TRH,2026-08-19,808.0,802.0,970
GBBD85,2026-08-19,1064.0,1064.0,25
SIPD,2026-08-19,612.5,645.1,28978
NMBHF2,2026-08-19,9.61,9.89,616880
NBF3,2026-08-19,9.58,9.6,9050
GMLI,2026-08-19,1050.0,1056.0,1430
SBLD2091,2026-08-19,1080.0,1080.0,300
MKCL,2026-08-19,962.0,975.0,2376
HBL,2026-08-19,196.0,191.5,24983
GUFL,2026-08-19,534.0,536.0,8115
HLICF,2026-08-19,8.44,8.61,2300
BEDC,2026-08-18,315.0,313.5,24233
NRM,2026-08-18,310.0,303.0,3177
SAIL,2026-08-18,1127.9,1025.0,52081
USHEC,2026-08-18,505.0,500.0,21896
VLUCL,2026-08-18,407.0,397.0,10621
SGHL,2026-08-18,537.6,532.0,156945
MABEL,2026-08-18,615.3,609.0,13422
UHEWA,2026-08-18,649.0,607.9,31320
NBF3,2026-08-18,9.59,9.58,14571
MLBBL,2026-08-18,1040.0,1036.0,1482
RBBF40,2026-08-18,8.97,9.05,8200
SBCF,2026-08-18,10.0,10.0,100
LEC,2026-08-18,228.0,223.0,96115
USLB,2026-08-18,1116.0,1105.0,1024
KKHC,2026-08-18,340.0,299.0,814260
DHEL,2026-08-18,620.3,595.0,11711
SONA,2026-08-18,405.0,401.1,22513
YMHL,2026-08-18,635.1,637.0,41470
UPCL,2026-08-18,345.7,344.4,43705
JOSHI,2026-08-18,283.0,273.0,55188
NIBD84,2026-08-18,1030.1,1030.1,25
GHL,2026-08-18,254.6,235.6,260474
ACLBSL,2026-08-18,915.0,901.2,1334
HURJA,2026-08-18,241.0,235.6,44585
PROFL,2026-08-18,410.0,408.9,9436
SFMF,2026-08-18,10.0,10.1,3170
CREST,2026-08-18,1160.0,1159.9,4619
HIMSTAR,2026-08-18,692.0,698.0,1146
KDBY,2026-08-18,10.91,11.05,59575
NESDO,2026-08-18,1416.1,1412.0,1040
NICAP,2026-08-18,179.0,179.0,9404
NLICL,2026-08-18,576.0,568.0,10536
SJLIC,2026-08-18,407.5,407.0,11875
GLBSL,2026-08-18,1772.0,1701.0,484
SKHL,2026-08-18,875.8,830.0,20816
NIFRAUR85/86,2026-08-18,1030.0,1030.0,25
GRDBL,2026-08-18,1032.1,1046.1,19529
ILI,2026-08-18,415.0,413.0,9526
NLO,2026-08-18,277.4,277.4,62
SOPL,2026-08-18,810.0,783.0,40742
CLI,2026-08-18,435.0,438.8,6645
NABBC,2026-08-18,815.0,802.1,12833
SLCF,2026-08-18,10.4,9.82,5560
NICGF2,2026-08-18,8.95,9.0,900
SDBD87,2026-08-18,1149.0,1121.0,80
BHPL,2026-08-18,510.3,479.0,2210
HEI,2026-08-18,529.0,524.0,10697
SPIL,2026-08-18,719.3,681.0,2964
SBI,2026-08-18,397.0,407.0,18562
SMATA,2026-08-18,715.0,710.0,5191
SSHL,2026-08-18,213.0,200.0,109269
LSL,2026-08-18,220.0,219.0,78182
SHINE,2026-08-18,414.0,411.5,7035
AHPC,2026-08-18,263.6,260.0,115810
EDBL,2026-08-18,577.0,583.1,15941
RFPL,2026-08-18,331.0,333.3,20265
GIBF1,2026-08-18,11.05,10.8,22900
MHNL,2026-08-18,240.1,241.9,11983
HPPL,2026-08-18,376.0,380.0,80641
SANVI,2026-08-18,615.0,599.8,9944
MDB,2026-08-18,570.2,579.0,2689
BGWT,2026-08-18,522.0,500.0,3407
RSDC,2026-08-18,650.0,633.0,2101
CKHL,2026-08-18,595.0,599.0,1547
MKHL,2026-08-18,500.0,498.6,3850
HBL,2026-08-18,195.0,192.9,60814
MANDU,2026-08-18,815.0,817.4,1281
NIL,2026-08-18,603.0,598.5,13513
SNORL,2026-08-18,900.0,914.0,18187
JHAPA,2026-08-18,1071.0,1060.0,4788
CORBL,2026-08-18,1030.0,1019.6,16496
MNMF1,2026-08-18,9.5,9.46,6570
NBF2,2026-08-18,9.81,9.81,3300
SPHL,2026-08-18,513.1,524.0,8452
SMB,2026-08-18,1830.0,1722.9,2754
NSIF2,2026-08-18,10.9,11.0,208749
FOWAD,2026-08-18,921.1,934.0,849
HDHPC,2026-08-18,197.9,207.5,59660
IGI,2026-08-18,424.0,428.0,2695
SLBBLP,2026-08-18,443.0,443.0,5000
SYPNL,2026-08-18,1295.0,1290.0,24651
GCIL,2026-08-18,340.1,340.0,8137
SBLD2091,2026-08-18,1079.9,1082.5,686
ADBL,2026-08-18,302.0,300.0,45445
JBLB,2026-08-18,1275.0,1275.0,2915
IHL,2026-08-18,339.0,328.0,14020
NRN,2026-08-18,1380.1,1373.0,46651
NMB50,2026-08-18,10.0,9.9,237712
SBID83,2026-08-18,1031.1,1031.1,25
SPDL,2026-08-18,386.0,364.5,17086
NMFBS,2026-08-18,1128.5,1128.5,2833
UAIL,2026-08-18,427.0,426.9,28908
SGIC,2026-08-18,450.2,446.7,9145
NBLD82,2026-08-18,1021.2,1020.5,50
MMKJL,2026-08-18,435.0,455.0,3634
ANLB,2026-08-18,5220.0,5225.0,2311
MLBL,2026-08-18,347.0,345.4,14415
WNLB,2026-08-18,1300.0,1305.0,183
SGHC,2026-08-18,303.0,302.0,52479
TAMOR,2026-08-18,470.0,455.0,171974
NMBMF,2026-08-18,595.7,595.5,3198
NHDL,2026-08-18,634.0,637.8,2012
RBCL,2026-08-18,13801.0,14000.0,94
PCIL,2026-08-18,628.0,622.0,45986
HIDCLP,2026-08-18,188.0,185.0,130806
NIBLGF,2026-08-18,8.6,8.64,36900
PRSF,2026-08-18,12.75,12.8,979489
LUK,2026-08-18,10.29,9.99,300
SHIVM,2026-08-18,630.0,624.5,81985
TPC,2026-08-18,364.1,359.1,19589
MEL,2026-08-18,209.1,206.0,42359
MPFL,2026-08-18,627.0,622.0,4134
UMRH,2026-08-18,524.0,520.0,8915
NTC,2026-08-18,895.0,886.0,11423
DHPL,2026-08-18,305.0,283.0,10778
SIKLES,2026-08-18,557.0,553.6,10316
MKJC,2026-08-18,420.9,441.9,6429
GILB,2026-08-18,1111.0,1105.8,4479
SRLI,2026-08-18,366.3,366.5,10513
MBJC,2026-08-18,265.0,263.6,15221
NBL,2026-08-18,276.0,274.6,149166
USHL,2026-08-18,535.2,540.0,575
JFL,2026-08-18,390.0,383.9,4430
ADBLB87,2026-08-18,1015.0,1012.0,500000
MERO,2026-08-18,660.0,657.0,6174
NICA,2026-08-18,320.0,315.0,83475
API,2026-08-18,333.0,330.0,117926
BUNGAL,2026-08-18,601.0,594.9,26037
SHEL,2026-08-18,303.1,298.2,135658
GSY,2026-08-18,9.3,9.3,2800
KAHL,2026-08-18,550.0,548.9,76841
SALICO,2026-08-18,588.0,583.9,10913
SAPDBL,2026-08-18,782.0,730.0,89946
MBL,2026-08-18,250.0,247.6,69046
MAKAR,2026-08-18,410.0,407.1,11443
TVCL,2026-08-18,460.0,461.1,9472
NSY,2026-08-18,8.9,9.21,3500
MKHC,2026-08-18,266.0,265.0,21820
BBC,2026-08-18,4128.0,4108.0,220
GMLI,2026-08-18,1040.0,1070.0,1892
SMPDA,2026-08-18,735.1,735.0,2050
MEPDL,2026-08-18,540.3,603.2,970
SARBTM,2026-08-18,805.0,782.1,1175
SIFC,2026-08-18,505.0,503.9,5486
HFIN,2026-08-18,669.0,679.8,31276
SHL,2026-08-18,500.2,502.9,27813
LBBL,2026-08-18,481.0,482.0,23734
KBL,2026-08-18,216.0,212.1,240507
MHL,2026-08-18,464.0,466.0,4368
SKBBL,2026-08-18,770.0,753.0,12776
AKJCL,2026-08-18,360.0,349.1,355959
RLEL,2026-08-18,899.7,920.0,23257
AHL,2026-08-18,415.0,408.0,2086
CBBL,2026-08-18,939.9,936.0,9843
NBLD85,2026-08-18,1051.0,1051.0,255
KSY,2026-08-18,9.23,9.43,11600
BPCL,2026-08-18,644.0,638.0,7966
NUBL,2026-08-18,600.0,599.9,5719
SIGS3,2026-08-18,10.88,10.8,1883385
RMF1,2026-08-18,9.7,9.7,200
GVL,2026-08-18,472.2,470.2,7695
CGH,2026-08-18,775.0,773.0,5743
ICFCD89,2026-08-18,1080.0,1083.0,75
KMCDB,2026-08-18,761.0,783.0,1323
LLBS,2026-08-18,862.1,870.0,155
PPCL,2026-08-18,355.0,333.9,13405
SFEF,2026-08-18,9.8,9.8,100
SAPIL,2026-08-18,456.5,524.6,150
HLI,2026-08-18,317.0,315.5,23119
DOLTI,2026-08-18,315.9,313.0,15229
SEF2,2026-08-18,9.0,9.03,7350
TTL,2026-08-18,710.0,705.0,9664
SAEF2,2026-08-18,8.9,9.07,6430
ULBSL,2026-08-18,2707.0,2625.0,1553
FMDBL,2026-08-18,736.3,761.0,30170
SAGF,2026-08-18,9.92,9.92,9500
MFIL,2026-08-18,735.0,748.0,20825
NFS,2026-08-18,556.0,560.0,4882
RHGCL,2026-08-18,257.9,254.7,20710
SHPC,2026-08-18,492.0,492.9,19002
ALBSL,2026-08-18,1065.0,1101.9,8104
TRH,2026-08-18,830.0,799.0,6363
NICSF,2026-08-18,8.99,8.51,9800
AVYAN,2026-08-18,1055.0,1023.5,5769
OMPL,2026-08-18,881.0,900.0,2865
SHINED,2026-08-18,1090.0,1090.0,25
UNHPL,2026-08-18,377.0,365.6,21954
NYADI,2026-08-18,362.1,361.6,2530
RHPL,2026-08-18,252.0,252.1,8395
SNLI,2026-08-18,408.3,407.9,7110
NIFRA,2026-08-18,247.0,244.8,52440
SBL,2026-08-18,410.0,408.5,61570
SADBL,2026-08-18,410.9,404.0,38397
RAWA,2026-08-18,421.3,423.6,6039
NMBHF2,2026-08-18,9.75,9.9,177644
HLICF,2026-08-18,8.3,8.7,1000
PRIN,2026-08-18,658.1,660.0,4200
GBIMESY2,2026-08-18,8.9,9.06,1150
NIBLSTF,2026-08-18,8.25,8.38,930
HATHY,2026-08-18,658.0,618.9,34935
NGPL,2026-08-18,410.2,409.9,166725
SIGS2,2026-08-18,11.02,10.53,202700
MSLB,2026-08-18,1208.0,1234.9,519
SWBBL,2026-08-18,672.0,674.8,17952
BARUN,2026-08-18,320.0,317.0,19590
SIPD,2026-08-18,650.0,644.7,13959
BHL,2026-08-18,218.0,207.6,67315
MHCL,2026-08-18,305.0,305.0,7692
GBIME,2026-08-18,251.0,245.0,229247
CITY,2026-08-18,365.0,358.2,70642
GMFIL,2026-08-18,444.6,445.0,24929
ECL,2026-08-18,1510.0,1470.0,18483
KPCL,2026-08-18,458.1,460.0,2697
SPC,2026-08-18,414.0,409.2,3444
BNHC,2026-08-18,282.3,280.0,23950
PSF,2026-08-18,12.0,12.0,8756
MBLEF,2026-08-18,10.14,9.92,56700
KBSH,2026-08-18,915.0,942.8,8785
UNL,2026-08-18,47000.0,46500.0,20
SLBBL,2026-08-18,800.0,808.0,1969
PMHPL,2026-08-18,306.1,309.8,6248
DORDI,2026-08-18,251.1,247.1,35653
GUFL,2026-08-18,535.0,536.3,13514
SHLB,2026-08-18,1400.0,1400.0,102
MCHL,2026-08-18,275.0,279.9,1023
NICFC,2026-08-18,9.05,9.07,900
DLBS,2026-08-18,1127.0,1125.0,621
BJHL,2026-08-18,735.0,714.0,19120
HIDCL,2026-08-18,254.0,251.0,60397
SOHL,2026-08-18,700.0,687.8,553373
PURE,2026-08-18,820.0,825.0,7304
CIZBD86,2026-08-18,1214.9,1214.9,10
SWASTIK,2026-08-18,1950.0,1990.1,589
HLBSL,2026-08-18,870.2,875.0,313
MLBS,2026-08-18,1091.0,1080.0,420
JBBL,2026-08-18,336.5,334.5,11081
NADEP,2026-08-18,703.1,714.0,1446
RIDI,2026-08-18,362.0,359.6,425770
MMF1,2026-08-18,9.0,8.9,2500
RNLI,2026-08-18,429.0,426.0,14581
BFC,2026-08-18,479.0,485.0,43951
RSML,2026-08-18,2841.0,2725.0,60363
NLG,2026-08-18,560.1,559.9,7493
SAHAS,2026-08-18,685.0,684.6,91815
KEF,2026-08-18,10.72,10.98,71300
NABIL,2026-08-18,555.0,550.0,36097
SMH,2026-08-18,506.1,505.0,6861
KHPL,2026-08-18,800.0,786.1,8969
CIT,2026-08-18,1700.0,1703.0,4049
HHL,2026-08-18,335.0,332.9,10590
PRVU,2026-08-18,183.0,181.8,308824
MKCL,2026-08-18,1005.6,985.0,3517
MBLD87,2026-08-18,1126.2,1126.2,28
CSY,2026-08-18,8.85,8.75,2080
NLIC,2026-08-18,729.0,722.0,19730
UMHL,2026-08-18,580.1,602.5,280487
NWCL,2026-08-18,670.2,671.5,1168
CHCL,2026-08-18,485.0,480.0,10977
DDBL,2026-08-18,848.0,841.0,14141
SKHEL,2026-08-18,958.5,954.9,2632
JSLBB,2026-08-18,990.0,970.0,963
NIMBPO,2026-08-18,143.2,137.1,2430
SCB,2026-08-18,660.0,650.0,5419
APHL,2026-08-18,775.0,750.4,26653
CFCL,2026-08-18,610.0,595.0,158580
RSY,2026-08-18,10.41,10.5,44150
NMIC,2026-08-18,916.0,887.0,1509
SLBSL,2026-08-18,927.0,918.0,1493
NICAD2091,2026-08-18,1055.0,1062.0,555
SAGAR,2026-08-18,1600.1,1570.0,13175
GBLBS,2026-08-18,703.0,698.0,4416
RSY2,2026-08-18,9.0,8.92,7350
SJCL,2026-08-18,262.0,266.7,12881
TPKHL,2026-08-18,523.5,560.0,59865
KDL,2026-08-18,770.0,768.0,332
NHPC,2026-08-18,252.7,261.9,195828
H8020,2026-08-18,11.78,12.0,2100
STC,2026-08-18,5300.0,5168.0,615
EBLD85,2026-08-18,1095.2,1100.1,62
RADHI,2026-08-18,708.0,712.0,58146
PPL,2026-08-18,304.3,317.0,10130
HDL,2026-08-18,1182.0,1180.9,22481
ILBS,2026-08-18,885.0,860.5,2228
BANDIPUR,2026-08-18,700.8,686.0,22497
SANIMA,2026-08-18,370.0,369.0,51973
SMJC,2026-08-18,456.0,429.0,32969
MLBSL,2026-08-18,1195.0,1198.0,3974
PCBL,2026-08-18,244.0,240.3,53111
CCBD88,2026-08-18,1190.0,1190.0,25
NMLBBL,2026-08-18,501.1,500.0,7092
SMHL,2026-08-18,500.0,495.3,68336
GFCL,2026-08-18,600.0,594.0,7901
UPPER,2026-08-18,187.0,190.5,51486
SICL,2026-08-18,610.4,608.0,3966
UNLB,2026-08-18,1233.0,1261.9,750
MSHL,2026-08-18,587.0,586.0,468
NICL,2026-08-18,493.2,497.9,3133
VLBS,2026-08-18,658.9,663.0,3613
RURU,2026-08-18,605.0,605.0,1933
MNBBL,2026-08-18,364.0,361.0,32160
EBL,2026-08-18,729.2,729.0,30911
GLH,2026-08-18,257.0,256.0,36943
BNT,2026-08-18,11600.0,11600.0,20
CYCL,2026-08-18,1387.0,1490.0,11092
KSBBL,2026-08-18,474.1,475.0,21887
MEHL,2026-08-18,270.0,282.9,16784
SMFBS,2026-08-18,1422.1,1457.0,543
CHL,2026-08-18,279.8,262.9,13073
PMLI,2026-08-18,428.5,429.3,5566
RLFL,2026-08-18,449.0,441.9,31193
ULHC,2026-08-18,341.5,341.0,7964
SEF,2026-08-18,9.93,9.5,535566
SPL,2026-08-18,688.8,650.0,230
SABBL,2026-08-18,880.0,946.0,23648
ALICL,2026-08-18,420.0,415.0,27054
LSH12,2026-08-18,9.0,9.1,3900
SBLD89,2026-08-18,1266.0,1266.0,25
SBLD84,2026-08-18,1055.0,1055.0,127
BHCL,2026-08-18,560.0,552.0,126207
PHCL,2026-08-18,286.0,298.0,43964
ENL,2026-08-18,819.6,799.0,514
MEN,2026-08-18,615.0,619.6,94698
CHDC,2026-08-18,2192.0,2196.0,10840
MATRI,2026-08-18,782.0,796.1,475
EBLD91,2026-08-18,1060.0,1100.0,218
NIMB,2026-08-18,198.0,187.0,145659
GMFBS,2026-08-18,1170.0,1156.0,294
SINDU,2026-08-18,714.0,675.0,10761
GBBL,2026-08-18,424.8,424.5,46867
LICN,2026-08-18,789.0,769.0,11301
AKPL,2026-08-18,251.6,249.0,96495
NICLBSL,2026-08-18,547.9,546.0,3077
ICFC,2026-08-18,595.0,593.8,4156
OHL,2026-08-18,651.1,652.0,1465
RBBD2088,2026-08-18,1053.0,1053.0,299
LVF2,2026-08-18,9.28,9.65,2600
NRIC,2026-08-18,912.0,905.0,19895
CZBIL,2026-08-18,201.6,199.6,18849
HRL,2026-08-18,570.0,579.0,32717
SWMF,2026-08-18,605.0,606.0,2126
HEIP,2026-08-18,333.0,340.0,3200
NMB,2026-08-18,241.0,239.0,37538
EHPL,2026-08-18,338.9,334.9,3869
BHDC,2026-08-18,424.0,424.2,5449
NIBSF2,2026-08-18,8.8,8.8,14350
TSHL,2026-08-18,370.5,361.0,4708
ICFCD83,2026-08-18,1035.0,1035.0,10
CLI,2026-08-17,440.0,439.4,6976
RIDI,2026-08-17,349.6,361.6,450230
RSML,2026-08-17,2570.0,2841.6,523651
MHL,2026-08-17,465.2,468.0,2420
NHPC,2026-08-17,265.0,266.0,221133
MCHL,2026-08-17,281.0,278.0,2544
PRVU,2026-08-17,185.0,183.8,222553
UMRH,2026-08-17,526.6,524.0,9105
SGHC,2026-08-17,301.0,300.0,63748
SRLI,2026-08-17,369.0,369.0,9155
PBD88,2026-08-17,1165.0,1200.0,90
TAMOR,2026-08-17,456.0,469.0,126173
RADHI,2026-08-17,700.0,717.0,58828
EDBL,2026-08-17,590.0,582.0,8190
CHL,2026-08-17,274.0,266.5,12326
NICSF,2026-08-17,8.8,8.73,1900
NICL,2026-08-17,496.0,496.0,5833
NIL,2026-08-17,609.0,606.0,11369
LUK,2026-08-17,10.09,10.6,21050
LSH12,2026-08-17,9.1,9.13,2600
SPL,2026-08-17,640.0,656.5,1022
HEI,2026-08-17,531.0,529.6,12330
HRL,2026-08-17,562.0,585.0,32184
MEL,2026-08-17,208.9,210.8,6083
AKPL,2026-08-17,253.0,252.0,60461
KHPL,2026-08-17,805.0,798.0,4629
MEPDL,2026-08-17,435.0,524.6,460
HIDCLP,2026-08-17,188.1,188.0,26089
GRDBL,2026-08-17,1032.1,1048.9,20507
HLICF,2026-08-17,8.5,8.4,700
GBBD85,2026-08-17,1064.0,1065.0,50
BJHL,2026-08-17,696.0,737.0,23307
GMFBS,2026-08-17,1175.0,1145.1,497
ICFCD83,2026-08-17,1032.0,1040.0,15
ENL,2026-08-17,810.0,805.0,370
WNLB,2026-08-17,1301.0,1312.0,408
GFCL,2026-08-17,603.0,597.5,3742
SAPDBL,2026-08-17,773.0,782.0,25645
GMLI,2026-08-17,1120.0,1066.0,1241
SFEF,2026-08-17,9.85,9.85,100
PRSF,2026-08-17,12.75,12.75,236720
FMDBL,2026-08-17,805.1,775.0,41666
MATRI,2026-08-17,800.1,800.4,68
MKJC,2026-08-17,439.0,443.0,3072
PRIN,2026-08-17,663.0,658.1,971
SABBL,2026-08-17,900.0,924.9,17985
KKHC,2026-08-17,334.7,331.0,462907
NICD83/84,2026-08-17,1011.0,1011.0,125
SHLB,2026-08-17,1400.0,1425.0,353
ADBLD83,2026-08-17,1030.0,1030.0,50
BNL,2026-08-17,14900.0,14900.0,10
SMJC,2026-08-17,432.0,480.0,18925
NMB50,2026-08-17,10.35,10.0,303727
KEF,2026-08-17,10.9,11.0,82123
RSY,2026-08-17,10.36,10.45,180769
NICBF,2026-08-17,9.21,9.21,100
PCBL,2026-08-17,243.3,244.6,80028
RBCL,2026-08-17,14050.0,14100.0,70
OHL,2026-08-17,656.0,650.0,3291
SWBBL,2026-08-17,674.2,675.0,6584
SALICO,2026-08-17,588.0,588.0,11409
NIFRA,2026-08-17,247.0,247.0,26300
HURJA,2026-08-17,245.0,241.0,34390
VLBS,2026-08-17,658.0,658.9,675
KMCDB,2026-08-17,793.0,770.0,310
RLFL,2026-08-17,455.0,442.0,13135
SMH,2026-08-17,515.9,507.6,3094
NADEP,2026-08-17,702.7,710.1,233
MKHC,2026-08-17,268.5,268.2,30531
PMHPL,2026-08-17,308.1,312.0,3138
SAGF,2026-08-17,9.9,9.92,200
SHINE,2026-08-17,414.0,414.0,19043
PMLI,2026-08-17,421.0,428.5,4599
ILI,2026-08-17,417.0,416.4,3734
NTC,2026-08-17,893.0,895.0,28242
GBLBS,2026-08-17,722.9,714.5,5674
ILBS,2026-08-17,869.0,874.0,434
HATHY,2026-08-17,677.0,652.6,15034
SONA,2026-08-17,403.0,400.5,17974
PHCL,2026-08-17,302.4,301.0,53829
LEC,2026-08-17,230.7,228.0,121520
MAKAR,2026-08-17,420.0,412.9,20070
KSBBL,2026-08-17,477.0,476.0,14115
PPL,2026-08-17,309.0,320.3,17177
MSHL,2026-08-17,587.0,591.0,452
BHDC,2026-08-17,428.0,427.0,6430
SKHL,2026-08-17,827.0,834.1,51563
SIKLES,2026-08-17,536.3,560.0,21865
SYPNL,2026-08-17,1357.6,1296.0,30705
CHDC,2026-08-17,2240.1,2213.0,5757
MFIL,2026-08-17,720.0,746.0,53994
NIMBPO,2026-08-17,140.2,139.1,9506
LSL,2026-08-17,208.1,220.4,57124
SIFC,2026-08-17,510.0,506.9,4544
YMHL,2026-08-17,615.1,637.0,49721
HLI,2026-08-17,320.0,318.0,27559
NRM,2026-08-17,300.0,304.0,8186
MNMF1,2026-08-17,9.5,9.73,25300
MMF1,2026-08-17,8.68,8.99,4500
MBL,2026-08-17,248.0,250.0,135367
CBBL,2026-08-17,935.0,935.0,15140
SPC,2026-08-17,407.4,414.0,2260
DDBL,2026-08-17,855.0,848.0,9050
KAHL,2026-08-17,530.0,550.0,58046
SFMF,2026-08-17,10.05,10.0,18000
BNHC,2026-08-17,283.0,282.3,10333
CREST,2026-08-17,1166.0,1169.7,6463
SHEL,2026-08-17,305.0,303.9,47317
SIPD,2026-08-17,669.0,658.0,20266
APHL,2026-08-17,799.0,782.0,9719
GWFD83,2026-08-17,1065.0,1065.0,25
BNT,2026-08-17,11552.0,11552.0,10
RBBF40,2026-08-17,8.97,9.01,1350
KBL,2026-08-17,220.0,215.6,181521
DHPL,2026-08-17,287.1,290.5,12398
CORBL,2026-08-17,1070.0,1040.0,17872
NMBHF2,2026-08-17,9.83,9.75,59956
SBI,2026-08-17,404.9,399.0,20000
JOSHI,2026-08-17,282.0,283.0,25583
SLBSL,2026-08-17,930.0,927.0,545
BPCL,2026-08-17,645.0,644.0,13609
NIBD84,2026-08-17,1035.0,1035.0,25
ECL,2026-08-17,1510.0,1510.0,25444
RLEL,2026-08-17,870.0,899.7,4660
PCIL,2026-08-17,639.0,632.0,20764
HLBSL,2026-08-17,870.0,894.9,2618
EBL,2026-08-17,734.0,728.0,37932
RMF2,2026-08-17,10.1,10.1,100
IGI,2026-08-17,435.0,430.0,3265
BBC,2026-08-17,4197.9,4089.0,210
API,2026-08-17,332.9,332.6,118215
GSY,2026-08-17,9.4,9.3,2440
NSY,2026-08-17,9.17,9.17,4700
ICFCD89,2026-08-17,1092.0,1082.0,50
NICGF2,2026-08-17,9.22,9.22,300
SAHAS,2026-08-17,676.0,684.0,113498
SEF,2026-08-17,9.76,10.23,79370
SMFBS,2026-08-17,1550.8,1422.1,1037
PSF,2026-08-17,12.0,12.05,23830
FOWAD,2026-08-17,940.0,940.0,1022
AKJCL,2026-08-17,345.0,355.5,188646
CIT,2026-08-17,1734.0,1701.0,3222
HFIN,2026-08-17,675.0,670.1,12723
NUBL,2026-08-17,599.0,600.0,2656
SSHL,2026-08-17,207.8,203.0,43538
MANDU,2026-08-17,875.5,820.0,3558
TTL,2026-08-17,714.0,710.0,9793
NIBSF2,2026-08-17,8.79,8.82,500
MLBS,2026-08-17,1114.0,1100.1,419
PPCL,2026-08-17,332.1,338.3,4043
GIBF1,2026-08-17,10.64,10.77,1750
SKHEL,2026-08-17,980.0,970.0,2303
ALICL,2026-08-17,416.3,421.6,14256
CZBIL,2026-08-17,202.7,201.6,58967
CITY,2026-08-17,362.0,363.0,36591
NFS,2026-08-17,562.0,560.0,6699
TSHL,2026-08-17,369.0,362.0,3439
TPC,2026-08-17,363.4,365.6,10731
NLICL,2026-08-17,580.0,576.0,64587
ACLBSL,2026-08-17,915.2,919.0,357
NESDO,2026-08-17,1435.0,1416.0,926
GBIME,2026-08-17,252.0,249.0,342941
OMPL,2026-08-17,900.0,896.0,1844
RSY2,2026-08-17,9.0,9.0,46730
NBL,2026-08-17,283.2,276.4,400533
JBBL,2026-08-17,338.0,337.0,29227
CIZBD90,2026-08-17,1244.0,1253.0,125
LICN,2026-08-17,778.0,781.0,3884
MBLEF,2026-08-17,10.8,10.45,46300
MPFL,2026-08-17,637.0,627.0,7179
SAEF2,2026-08-17,9.1,9.09,6120
GCIL,2026-08-17,344.0,341.1,7928
HEIP,2026-08-17,329.6,339.5,2830
NICA,2026-08-17,320.0,320.0,64199
BHPL,2026-08-17,498.8,486.0,4584
BEDC,2026-08-17,317.0,316.9,8609
DORDI,2026-08-17,251.0,251.0,25445
GHL,2026-08-17,249.0,242.5,306371
GMFIL,2026-08-17,450.5,447.0,3953
HPPL,2026-08-17,377.0,380.0,42112
CGH,2026-08-17,777.7,779.1,3664
SPHL,2026-08-17,558.0,526.5,5327
TVCL,2026-08-17,471.0,465.4,5679
IHL,2026-08-17,349.9,339.0,12297
SINDU,2026-08-17,672.1,680.0,10870
MEN,2026-08-17,622.0,615.4,76475
SBL,2026-08-17,414.9,409.2,107185
SHPC,2026-08-17,500.0,495.0,17984
SNLI,2026-08-17,412.0,408.3,8967
GBILD86/87,2026-08-17,1061.3,1084.0,100
MEHL,2026-08-17,279.0,270.0,16056
SPDL,2026-08-17,367.0,368.0,16229
HDHPC,2026-08-17,201.4,208.3,62668
GLBSL,2026-08-17,1733.0,1740.0,293
HBL,2026-08-17,194.0,193.9,88824
PURE,2026-08-17,815.0,827.5,3945
KSY,2026-08-17,9.02,9.25,2300
GBBL,2026-08-17,423.8,423.0,95705
USHL,2026-08-17,570.1,544.0,4633
SANVI,2026-08-17,587.0,614.0,17410
HHL,2026-08-17,330.0,337.0,8981
SMATA,2026-08-17,725.0,724.0,1105
NGPL,2026-08-17,415.0,411.0,98091
NBF2,2026-08-17,9.8,9.8,300
NIBLSTF,2026-08-17,8.58,8.43,17974
MBJC,2026-08-17,265.0,265.0,23405
EBLD91,2026-08-17,1066.0,1070.0,279
CSY,2026-08-17,8.2,8.89,6000
RSDC,2026-08-17,640.0,632.0,2044
NMBD87/88,2026-08-17,1117.6,1117.6,50
SWASTIK,2026-08-17,2000.0,1971.0,455
SAPIL,2026-08-17,404.2,456.2,160
SBD87,2026-08-17,1090.0,1090.0,25
BUNGAL,2026-08-17,590.0,606.0,47698
ULBSL,2026-08-17,2630.0,2710.0,607
SMB,2026-08-17,1810.0,1801.0,327
STC,2026-08-17,5280.0,5170.0,825
KDL,2026-08-17,775.0,773.9,2119
SJLIC,2026-08-17,413.0,412.0,6152
RNLI,2026-08-17,428.0,426.2,13204
DLBS,2026-08-17,1180.0,1150.0,319
KBSH,2026-08-17,935.0,920.1,17479
SDBD87,2026-08-17,1154.9,1155.0,143
NHDL,2026-08-17,635.0,635.0,345
UPPER,2026-08-17,192.0,192.5,66450
LBBL,2026-08-17,483.5,482.9,25863
MKHL,2026-08-17,491.0,500.0,3586
SCB,2026-08-17,659.9,649.0,7753
GBIMESY2,2026-08-17,8.91,8.96,700
UNLB,2026-08-17,1298.0,1269.8,302
SLCF,2026-08-17,9.42,10.4,21796
SOPL,2026-08-17,790.0,795.0,30604
TPKHL,2026-08-17,515.9,550.1,36340
NWCL,2026-08-17,680.2,687.0,3194
UPCL,2026-08-17,350.0,346.5,22370
MLBBL,2026-08-17,1062.0,1055.0,691
MMKJL,2026-08-17,445.0,439.0,1715
NABBC,2026-08-17,820.0,807.1,21725
SNORL,2026-08-17,894.0,910.0,30927
NICFC,2026-08-17,9.1,9.1,2100
NYADI,2026-08-17,365.0,362.2,3607
BGWT,2026-08-17,528.9,519.0,2196
RMF1,2026-08-17,9.5,10.0,91585
MSLB,2026-08-17,1219.0,1235.0,551
SAIL,2026-08-17,1100.0,1075.0,18257
RFPL,2026-08-17,330.0,334.9,13480
KSBBLD87,2026-08-17,1100.0,1100.0,25
MLBL,2026-08-17,345.2,349.7,2477
AVYAN,2026-08-17,1075.0,1069.0,1685
HIMSTAR,2026-08-17,690.0,692.0,2615
UAIL,2026-08-17,433.0,428.0,15116
SARBTM,2026-08-17,834.6,793.0,5300
NMIC,2026-08-17,941.1,890.0,2990
NIMB,2026-08-17,192.0,188.9,370510
GILB,2026-08-17,1130.0,1110.0,1571
RURU,2026-08-17,611.0,610.0,5324
SIGS2,2026-08-17,10.7,11.02,13900
NMBMF,2026-08-17,600.0,600.0,1194
MDBPO,2026-08-17,318.0,318.0,26163
GLH,2026-08-17,266.0,259.9,21441
SOHL,2026-08-17,671.0,709.0,554842
SGHL,2026-08-17,518.2,537.6,160716
ADBL,2026-08-17,304.0,302.2,121643
NICLBSL,2026-08-17,555.0,547.7,10574
SADBL,2026-08-17,408.1,410.9,9857
NLIC,2026-08-17,731.9,727.0,18615
HIDCL,2026-08-17,256.0,253.9,33360
SHL,2026-08-17,503.0,505.0,11790
SKBBL,2026-08-17,748.0,749.9,11109
NIBLGF,2026-08-17,8.83,8.85,1200
GVL,2026-08-17,470.0,472.1,8697
GUFL,2026-08-17,551.2,538.0,48182
ANLB,2026-08-17,5200.0,5310.0,699
SMHL,2026-08-17,494.0,498.8,69353
NICD88,2026-08-17,1100.0,1100.0,75
UHEWA,2026-08-17,647.0,620.0,39724
DHEL,2026-08-17,604.5,604.0,36822
C30MF,2026-08-17,10.0,10.0,100
USLB,2026-08-17,1101.0,1115.0,889
BANDIPUR,2026-08-17,693.0,700.8,19050
HDL,2026-08-17,1175.0,1179.0,23412
SPIL,2026-08-17,681.2,685.1,1359
ALBSL,2026-08-17,1080.0,1094.5,3739
NABIL,2026-08-17,549.9,551.5,30252
UMHL,2026-08-17,580.0,588.8,85030
PBD85,2026-08-17,1100.0,1100.0,50
AHPC,2026-08-17,266.0,263.4,47294
PROFL,2026-08-17,424.0,414.0,8777
SANIMA,2026-08-17,370.0,370.0,85099
AHL,2026-08-17,415.0,419.0,738
DOLTI,2026-08-17,316.0,318.4,7533
LLBS,2026-08-17,875.0,887.0,340
NLG,2026-08-17,565.0,563.9,2939
CCBD88,2026-08-17,1170.0,1205.0,50
H8020,2026-08-17,11.8,12.0,2305
SBLD89,2026-08-17,1226.0,1230.0,125
KDBY,2026-08-17,11.1,11.1,90055
EBLD85,2026-08-17,1091.8,1091.8,25
SBCF,2026-08-17,9.2,10.15,62232
TRH,2026-08-17,816.0,825.0,17444
MLBSL,2026-08-17,1279.1,1195.0,9186
MNBBL,2026-08-17,363.2,363.0,39694
USHEC,2026-08-17,501.2,505.0,12042
UNHPL,2026-08-17,378.0,370.0,22611
NMLBBL,2026-08-17,520.0,502.0,7815
NMFBS,2026-08-17,1135.0,1128.5,3849
SAGAR,2026-08-17,1653.0,1610.0,9038
MKCL,2026-08-17,1044.0,1016.0,2099
EHPL,2026-08-17,341.0,333.9,11058
SICL,2026-08-17,610.1,610.4,7555
SHIVM,2026-08-17,599.5,629.7,72346
NRN,2026-08-17,1390.0,1385.0,37467
BHCL,2026-08-17,530.0,554.0,219396
ULHC,2026-08-17,342.0,340.5,14754
RHPL,2026-08-17,255.0,253.5,8723
JSLBB,2026-08-17,974.9,992.8,423
RAWA,2026-08-17,427.0,426.0,10081
MHCL,2026-08-17,320.0,306.1,2593
JFL,2026-08-17,390.0,384.0,3217
BARUN,2026-08-17,320.0,316.2,20750
LVF2,2026-08-17,9.13,9.41,400
SMPDA,2026-08-17,741.6,748.0,1791
SLBBL,2026-08-17,761.9,807.0,17092
KPCL,2026-08-17,461.0,461.2,4250
VLUCL,2026-08-17,410.0,410.0,5297
SWMF,2026-08-17,610.0,605.3,566
MLBLD89,2026-08-17,1250.0,1250.0,25
MABEL,2026-08-17,604.0,619.0,22132
MHNL,2026-08-17,245.2,243.8,25236
CYCL,2026-08-17,1300.0,1460.0,17996
SEF2,2026-08-17,9.05,9.1,6000
JHAPA,2026-08-17,1084.9,1080.0,3466
JBLB,2026-08-17,1270.0,1276.0,7778
CFCL,2026-08-17,607.1,610.0,141158
NBLD87,2026-08-17,1080.0,1080.0,25
NMB,2026-08-17,254.0,240.0,112321
CHCL,2026-08-17,489.9,480.0,15729
MDB,2026-08-17,575.0,572.0,936
CKHL,2026-08-17,583.0,596.6,970
ICFC,2026-08-17,600.0,595.0,4909
SGIC,2026-08-17,450.5,452.0,7202
SJCL,2026-08-17,265.0,268.7,5558
BFC,2026-08-17,485.0,483.5,21487
NBF3,2026-08-17,9.58,9.75,7300
RHGCL,2026-08-17,262.7,257.9,15911
MERO,2026-08-17,660.0,655.1,5752
NRIC,2026-08-17,916.4,912.0,15801
SIGS3,2026-08-17,10.87,10.87,10338
NSIF2,2026-08-17,10.67,10.98,433583
BHL,2026-08-17,210.0,208.4,53181
JFL,2026-08-14,391.0,380.3,4569
SMPDA,2026-08-14,760.0,753.0,956
VLBS,2026-08-14,653.4,658.0,948
CITY,2026-08-14,370.0,365.0,150226
CREST,2026-08-14,1238.8,1179.0,3882
GMFBS,2026-08-14,1220.0,1158.0,140
USHL,2026-08-14,523.0,543.0,3581
NMBHF2,2026-08-14,9.53,9.65,3400
MNBBL,2026-08-14,365.0,363.2,22120
NWCL,2026-08-14,690.0,690.0,1256
HFIN,2026-08-14,679.0,680.0,16249
RFPL,2026-08-14,353.0,339.2,17513
SPC,2026-08-14,415.0,418.5,1359
CORBL,2026-08-14,1055.5,1058.0,24515
NESDO,2026-08-14,1425.0,1454.0,440
MATRI,2026-08-14,800.0,814.0,202
SPDL,2026-08-14,377.0,372.0,25744
CKHL,2026-08-14,581.0,600.6,2230
SJCL,2026-08-14,269.0,269.9,4295
BBC,2026-08-14,4210.0,4080.0,823
MDB,2026-08-14,579.0,579.0,16567
CHCL,2026-08-14,481.0,478.9,66504
MHCL,2026-08-14,311.0,311.0,943
IGI,2026-08-14,430.0,429.0,2259
MEL,2026-08-14,212.0,211.5,3652
PCIL,2026-08-14,653.0,639.0,31250
PRVU,2026-08-14,187.0,187.0,348024
KSBBL,2026-08-14,478.0,479.4,6615
RIDI,2026-08-14,371.0,367.9,264116
HATHY,2026-08-14,678.2,677.0,4648
CYCL,2026-08-14,1235.0,1355.0,8893
ADBLD83,2026-08-14,1015.0,1015.0,49
EHPL,2026-08-14,351.3,337.0,9870
SHLB,2026-08-14,1392.0,1428.6,50
HEIP,2026-08-14,320.1,320.1,10
BGWT,2026-08-14,530.0,514.1,4811
KKHC,2026-08-14,335.0,352.3,552452
TPKHL,2026-08-14,535.0,542.0,23246
NIMB,2026-08-14,202.0,193.9,75805
NICA,2026-08-14,325.0,324.4,34884
KBL,2026-08-14,225.0,216.8,155077
MLBL,2026-08-14,350.0,350.0,5948
GUFL,2026-08-14,565.3,551.0,28635
SKHL,2026-08-14,948.1,870.0,61915
LBBL,2026-08-14,487.0,483.5,23176
SBID83,2026-08-14,1066.1,1050.0,47
BARUN,2026-08-14,325.0,320.0,15063
SANIMA,2026-08-14,371.0,370.0,66561
PMLI,2026-08-14,430.1,431.1,4336
USHEC,2026-08-14,491.1,501.2,7334
NBF3,2026-08-14,9.72,9.72,14010
NICL,2026-08-14,500.6,500.0,2687
GIBF1,2026-08-14,10.5,10.69,1000
SDBD87,2026-08-14,1203.8,1167.7,12
NRIC,2026-08-14,930.0,918.0,17583
NIBSF2,2026-08-14,9.05,9.0,1290
RADHI,2026-08-14,712.0,724.0,118154
SHINED,2026-08-14,1081.0,1081.0,25
SHL,2026-08-14,511.9,504.4,6324
SADBL,2026-08-14,415.0,413.5,6438
MAKAR,2026-08-14,415.0,420.0,45197
H8020,2026-08-14,11.8,11.8,300
DOLTI,2026-08-14,328.0,319.9,13200
KSY,2026-08-14,9.11,9.11,200
HDHPC,2026-08-14,213.5,212.0,104124
PRIN,2026-08-14,665.0,662.0,5491
TRH,2026-08-14,838.0,840.0,9178
MBLEF,2026-08-14,10.4,10.38,2000
RBCL,2026-08-14,14200.0,14150.0,40
MLBSL,2026-08-14,1310.0,1279.0,1892
BNT,2026-08-14,11625.0,11625.0,10
NUBL,2026-08-14,595.4,602.0,6130
LSL,2026-08-14,225.0,219.0,83780
GBIMESY2,2026-08-14,9.0,9.0,700
RMF2,2026-08-14,10.1,10.1,5300
AKPL,2026-08-14,255.1,253.2,39240
MLBS,2026-08-14,1115.0,1116.1,150
SMJC,2026-08-14,435.2,432.2,12656
NMIC,2026-08-14,900.0,900.0,1831
MCHL,2026-08-14,280.0,280.0,4417
NMFBS,2026-08-14,1125.0,1135.0,6426
NMB50,2026-08-14,10.36,10.37,539
NHDL,2026-08-14,623.2,637.0,1000
MANDU,2026-08-14,815.5,833.9,6279
SAEF2,2026-08-14,9.0,9.13,8200
BJHL,2026-08-14,687.0,696.0,10979
GLH,2026-08-14,253.0,261.1,43273
UHEWA,2026-08-14,620.0,628.9,31432
GILB,2026-08-14,1130.0,1133.7,1536
DHPL,2026-08-14,289.9,286.0,3493
BUNGAL,2026-08-14,585.0,580.1,13721
UNL,2026-08-14,47400.0,47400.0,10
SARBTM,2026-08-14,797.7,794.9,6582
ICFCD89,2026-08-14,1080.0,1092.0,100
ICFCD83,2026-08-14,1032.0,1032.0,26
SALICO,2026-08-14,585.0,588.0,4437
MKHL,2026-08-14,495.0,500.1,2856
RLFL,2026-08-14,442.1,449.0,17082
RSY2,2026-08-14,9.0,9.08,6150
NADEP,2026-08-14,732.3,715.0,295
MHNL,2026-08-14,242.1,244.9,20572
HIMSTAR,2026-08-14,691.1,690.0,7840
LSH12,2026-08-14,9.0,9.38,6200
DDBL,2026-08-14,855.0,853.0,6500
SIKLES,2026-08-14,560.0,564.5,9325
HRL,2026-08-14,590.0,579.0,26117
SFEF,2026-08-14,9.61,10.1,1000
GVL,2026-08-14,474.6,477.0,4851
MERO,2026-08-14,665.0,665.0,302
GFCL,2026-08-14,604.0,603.0,5290
NMB,2026-08-14,254.6,242.8,35249
NMBD2085,2026-08-14,1136.0,1136.0,25
CHDC,2026-08-14,2249.8,2228.0,7563
NYADI,2026-08-14,365.0,365.0,3461
HIDCLP,2026-08-14,192.8,189.2,23278
LEC,2026-08-14,213.4,230.7,723736
GMFIL,2026-08-14,452.1,447.0,17149
MBJC,2026-08-14,267.0,265.1,6137
ADBL,2026-08-14,305.0,304.0,22448
SHINE,2026-08-14,414.7,414.9,9260
PSF,2026-08-14,12.0,12.01,2200
ULBSL,2026-08-14,2625.0,2745.0,200
GMLI,2026-08-14,1070.0,1099.0,3071
NMBMF,2026-08-14,610.0,609.9,721
SICL,2026-08-14,614.0,613.0,2758
AVYAN,2026-08-14,1097.9,1075.0,4570
LICN,2026-08-14,775.0,778.0,1149
SJLIC,2026-08-14,412.0,414.5,3076
NICGF2,2026-08-14,9.01,9.5,700
GHL,2026-08-14,256.7,249.0,314454
SOHL,2026-08-14,670.0,671.0,158405
MMF1,2026-08-14,8.73,8.94,3400
NICLBSL,2026-08-14,550.0,554.9,2571
NBLD85,2026-08-14,1021.7,1021.7,50
GBIME,2026-08-14,251.0,252.9,97314
CFCL,2026-08-14,615.0,639.0,169405
UMRH,2026-08-14,532.0,528.5,3423
NABBC,2026-08-14,802.5,811.0,4769
KPCL,2026-08-14,474.5,463.2,4234
HURJA,2026-08-14,249.9,244.4,65095
IHL,2026-08-14,344.1,343.0,9094
JSLBB,2026-08-14,950.0,969.0,1685
RSDC,2026-08-14,637.1,632.0,3919
LVF2,2026-08-14,9.13,9.13,700
BFC,2026-08-14,494.0,485.0,24707
HHL,2026-08-14,340.1,343.5,24251
CGH,2026-08-14,778.0,777.7,7520
HBL,2026-08-14,200.0,194.8,47292
DHEL,2026-08-14,600.0,594.0,11873
UNHPL,2026-08-14,380.0,374.0,13316
EBL,2026-08-14,729.6,728.0,46601
MSLB,2026-08-14,1225.1,1245.0,2468
ILI,2026-08-14,413.1,417.0,3619
ANLB,2026-08-14,5200.0,5320.0,999
NICD83/84,2026-08-14,1015.0,1005.3,950
HLICF,2026-08-14,8.5,8.6,1834
SIPD,2026-08-14,661.0,669.0,20300
SKBBL,2026-08-14,749.8,749.8,9853
SBCF,2026-08-14,9.67,9.41,2600
EDBL,2026-08-14,575.0,578.9,3124
ECL,2026-08-14,1520.0,1534.1,11310
JBBL,2026-08-14,322.0,338.0,26308
UMHL,2026-08-14,575.0,585.0,120565
NLG,2026-08-14,580.0,565.0,2330
RHPL,2026-08-14,260.0,255.5,12280
HDL,2026-08-14,1120.0,1175.0,31231
GRDBL,2026-08-14,1030.0,1041.0,2140
YMHL,2026-08-14,615.0,623.0,17131
ACLBSL,2026-08-14,943.0,937.0,26
CLI,2026-08-14,433.0,440.0,14215
GSY,2026-08-14,9.22,9.6,3500
CSY,2026-08-14,9.0,8.25,78343
ULHC,2026-08-14,341.1,342.0,63497
MBL,2026-08-14,254.5,249.0,98080
NTC,2026-08-14,866.0,883.0,31170
TPC,2026-08-14,368.0,363.4,8555
HLI,2026-08-14,319.9,320.8,21915
MEHL,2026-08-14,288.0,279.0,11581
SABBL,2026-08-14,937.1,930.0,16593
NSIF2,2026-08-14,10.72,10.67,53199
NABIL,2026-08-14,550.0,549.9,22999
GBILD84/85,2026-08-14,1101.0,1101.1,40
HEI,2026-08-14,532.0,535.0,681
GLBSL,2026-08-14,1757.0,1732.0,275
SWBBL,2026-08-14,690.0,674.2,3891
NGPL,2026-08-14,392.6,414.9,262237
MHL,2026-08-14,463.5,465.0,1564
MKHC,2026-08-14,271.0,268.5,16650
RHGCL,2026-08-14,269.7,266.7,26205
SAHAS,2026-08-14,675.0,677.0,47545
HIDCL,2026-08-14,245.9,256.0,66258
PHCL,2026-08-14,304.2,302.4,67340
ALICL,2026-08-14,419.0,420.0,7425
GBBL,2026-08-14,424.1,423.7,42406
JHAPA,2026-08-14,1080.0,1084.9,2426
SLBSL,2026-08-14,948.0,945.9,1963
CBBL,2026-08-14,936.0,933.5,6833
RLEL,2026-08-14,853.0,890.0,10283
NIBLGF,2026-08-14,9.05,8.86,700
MEN,2026-08-14,618.1,615.0,92372
MKJC,2026-08-14,447.0,449.0,4278
PCBL,2026-08-14,239.2,241.9,29726
BHPL,2026-08-14,479.0,489.9,13373
SAGF,2026-08-14,9.56,10.0,1200
SBLD2091,2026-08-14,1062.0,1062.0,25
API,2026-08-14,336.8,332.9,194581
HLBSL,2026-08-14,865.0,856.1,294
TAMOR,2026-08-14,453.0,457.0,34204
LLBS,2026-08-14,890.0,889.9,519
MLBBL,2026-08-14,1047.1,1062.0,795
UPPER,2026-08-14,193.5,193.5,45764
AHL,2026-08-14,412.0,420.5,5152
UAIL,2026-08-14,435.1,435.6,10650
KEF,2026-08-14,10.9,10.9,43800
NIBD84,2026-08-14,1030.0,1034.1,50
VLUCL,2026-08-14,410.2,413.0,7058
PURE,2026-08-14,803.1,819.0,707
UPCL,2026-08-14,349.0,348.0,18118
NICSF,2026-08-14,9.0,9.0,1790
PBLD86,2026-08-14,1131.0,1102.0,2
SANVI,2026-08-14,590.0,587.0,5206
SHPC,2026-08-14,504.9,495.1,36520
MEPDL,2026-08-14,400.0,456.2,220
NIFRA,2026-08-14,250.2,248.1,54730
BHL,2026-08-14,213.1,211.0,89659
SAPIL,2026-08-14,348.4,396.7,60
BNHC,2026-08-14,300.3,282.9,13759
TTL,2026-08-14,680.0,714.0,6817
SAGAR,2026-08-14,1662.0,1653.0,8483
C30MF,2026-08-14,10.0,10.03,200
KMCDB,2026-08-14,800.0,785.0,1672
ADBLB87,2026-08-14,1000.0,1016.0,700000
BPCL,2026-08-14,650.1,644.9,9810
NIMBPO,2026-08-14,140.0,143.9,1930
JBLB,2026-08-14,1270.0,1263.4,5810
AKJCL,2026-08-14,361.0,360.0,161617
SCB,2026-08-14,655.0,659.9,5995
SLBBL,2026-08-14,808.0,802.0,2156
RSML,2026-08-14,2420.0,2556.0,19819
SMFBS,2026-08-14,1522.0,1477.0,234
RBCLPO,2026-08-14,11195.0,11050.0,130
SBI,2026-08-14,398.0,404.9,11184
UNLB,2026-08-14,1270.1,1262.9,799
PPL,2026-08-14,310.7,325.0,8400
SEF2,2026-08-14,9.0,9.32,12250
NSY,2026-08-14,9.17,9.2,3400
GBLBS,2026-08-14,730.0,722.9,7026
SHEL,2026-08-14,308.0,306.0,36730
SPHL,2026-08-14,520.0,532.0,3126
NBLD87,2026-08-14,1080.0,1080.0,27
HPPL,2026-08-14,373.0,383.5,126149
SONA,2026-08-14,401.0,403.0,9083
SBL,2026-08-14,414.0,411.0,54134
SMHL,2026-08-14,499.0,496.0,19492
OMPL,2026-08-14,956.5,908.0,2349
EBLD91,2026-08-14,1065.0,1062.0,50
NRN,2026-08-14,1400.0,1390.0,77887
BHCL,2026-08-14,492.0,522.1,158720
SBLD83,2026-08-14,1007.0,1006.2,900
SHIVM,2026-08-14,627.7,631.0,82324
NMLBBL,2026-08-14,512.6,512.0,4769
PRSF,2026-08-14,12.72,12.72,200
KDBY,2026-08-14,10.92,11.1,115392
RBBF40,2026-08-14,8.93,9.01,4150
SGHL,2026-08-14,516.0,518.2,40393
SLCF,2026-08-14,10.25,9.7,6977
SWMF,2026-08-14,607.2,615.0,4552
OHL,2026-08-14,660.1,669.0,990
CIT,2026-08-14,1710.0,1700.0,3997
PROFL,2026-08-14,421.7,418.5,2414
RURU,2026-08-14,610.0,610.6,1681
BEDC,2026-08-14,322.7,319.4,8965
RNLI,2026-08-14,426.4,427.0,12809
RAWA,2026-08-14,429.0,428.2,12202
AHPC,2026-08-14,270.8,264.9,74965
CZBIL,2026-08-14,205.0,202.7,37173
MFIL,2026-08-14,729.0,757.0,20384
NIBLSTF,2026-08-14,8.81,8.57,118351
PBD88,2026-08-14,1170.0,1170.0,25
WNLB,2026-08-14,1300.0,1301.0,293
FOWAD,2026-08-14,940.0,944.8,1813
SNORL,2026-08-14,880.0,895.0,5560
ENL,2026-08-14,805.0,823.9,220
GBILD86/87,2026-08-14,1061.3,1060.9,150
RSY,2026-08-14,10.39,10.5,1300
ICFC,2026-08-14,604.0,600.0,11549
NBL,2026-08-14,271.0,269.8,78599
SPIL,2026-08-14,680.5,696.6,1870
CHL,2026-08-14,279.0,269.0,11467
MMKJL,2026-08-14,442.0,444.0,736
GBIMEP,2026-08-14,100.0,100.0,64721
KDL,2026-08-14,775.0,770.1,336
DORDI,2026-08-14,254.0,254.0,23277
SRLI,2026-08-14,369.1,370.5,5181
KAHL,2026-08-14,530.0,536.0,21868
NLIC,2026-08-14,734.0,731.9,14910
NFS,2026-08-14,561.1,565.0,5511
PPCL,2026-08-14,344.0,334.9,4269
SSHL,2026-08-14,197.0,204.6,82517
NHPC,2026-08-14,258.4,268.0,219724
FMDBL,2026-08-14,790.0,830.0,43843
MKCL,2026-08-14,1046.0,1048.0,4710
MNMF1,2026-08-14,9.5,9.69,10400
MABEL,2026-08-14,591.0,604.9,7838
ILBS,2026-08-14,904.0,894.0,1655
KHPL,2026-08-14,800.0,810.0,4369
TVCL,2026-08-14,486.2,475.0,942
BANDIPUR,2026-08-14,685.0,693.5,20753
NIL,2026-08-14,609.5,609.0,2400
NRM,2026-08-14,305.0,302.0,8640
SAPDBL,2026-08-14,823.0,787.8,41272
BHDC,2026-08-14,432.0,428.0,3377
USLB,2026-08-14,1121.0,1121.0,140
SOPL,2026-08-14,800.0,796.0,21037
PMHPL,2026-08-14,319.9,316.0,3281
ALBSL,2026-08-14,1081.0,1122.9,6912
SMATA,2026-08-14,728.0,722.0,927
SYPNL,2026-08-14,1350.0,1293.0,17666
TSHL,2026-08-14,371.0,361.0,4819
SGIC,2026-08-14,450.0,453.9,4867
SMB,2026-08-14,1800.0,1827.9,380
STC,2026-08-14,5200.0,5200.0,767
MPFL,2026-08-14,638.0,633.3,19938
RBBD2088,2026-08-14,1053.0,1053.0,25
SIGS3,2026-08-14,10.56,10.57,300
RMF1,2026-08-14,9.6,9.6,23325
SINDU,2026-08-14,714.0,684.0,3985
SIFC,2026-08-14,510.1,512.0,5438
APHL,2026-08-14,810.0,805.0,6512
SGHC,2026-08-14,308.0,299.0,112574
NABILD2089,2026-08-14,1060.0,1070.0,1507
SPL,2026-08-14,630.0,658.0,2860
NLICL,2026-08-14,566.0,575.0,12928
SNLI,2026-08-14,410.0,411.0,11916
SMH,2026-08-14,510.0,512.0,7123
JOSHI,2026-08-14,290.0,280.0,22086
KBSH,2026-08-14,929.1,944.9,14920
SAIL,2026-08-14,1080.0,1099.0,13813
MSHL,2026-08-14,592.0,594.0,639
SKHEL,2026-08-14,950.5,980.0,3244
GCIL,2026-08-14,342.1,344.0,7179
LUK,2026-08-14,10.0,9.8,800
NICFC,2026-08-14,9.0,9.1,1300
SWASTIK,2026-08-14,1984.6,2000.0,195
EBL,2026-08-13,724.0,722.0,12437
DLBS,2026-08-13,1150.0,1163.2,257
NLICL,2026-08-13,567.7,568.0,2823
CZBIL,2026-08-13,205.1,204.9,32743
USHL,2026-08-13,556.5,537.9,1502
NHPC,2026-08-13,271.9,271.9,241188
SKHEL,2026-08-13,956.3,970.0,2537
NBF2,2026-08-13,10.05,9.88,1900
SLBBL,2026-08-13,800.0,810.0,5034
MKHC,2026-08-13,269.0,271.0,22052
NRN,2026-08-13,1501.5,1419.8,116925
CBBL,2026-08-13,933.0,935.0,7611
CLI,2026-08-13,430.0,432.0,9320
HIDCL,2026-08-13,267.0,258.8,50911
NMBHF2,2026-08-13,9.55,9.75,1850
MERO,2026-08-13,660.2,662.0,2521
SFEF,2026-08-13,9.85,9.81,23600
CHL,2026-08-13,260.0,272.0,26533
TRH,2026-08-13,825.0,835.0,7467
UPCL,2026-08-13,350.5,348.5,20243
UMRH,2026-08-13,525.6,532.0,2027
MMF1,2026-08-13,8.8,9.0,1000
SRLI,2026-08-13,370.0,371.9,15966
NIBSF2,2026-08-13,8.8,8.85,1898
HIDCLP,2026-08-13,182.0,189.4,56677
GBIME,2026-08-13,249.9,251.6,138101
BHPL,2026-08-13,495.0,490.0,2861
BBC,2026-08-13,4200.0,4200.0,102
SWMF,2026-08-13,611.0,614.0,761
BEDC,2026-08-13,314.0,319.0,22277
KBSH,2026-08-13,950.0,957.8,18544
NGPL,2026-08-13,416.7,413.2,126937
ULBSL,2026-08-13,2625.0,2748.0,580
RMF1,2026-08-13,9.61,9.57,500
MHL,2026-08-13,462.2,470.0,4009
RBCLPO,2026-08-13,11225.0,11225.0,40
UMHL,2026-08-13,562.0,581.0,202657
PPCL,2026-08-13,335.5,337.0,24770
SMATA,2026-08-13,720.1,728.0,1879
SHLB,2026-08-13,1413.1,1390.0,291
MBJC,2026-08-13,252.9,267.0,18648
SWASTIK,2026-08-13,1980.0,2015.0,570
JFL,2026-08-13,385.0,386.9,7016
MKCL,2026-08-13,1050.0,1052.0,625
LBLD86,2026-08-13,1139.0,1083.0,2
NLIC,2026-08-13,738.0,733.9,29188
CIT,2026-08-13,1707.0,1713.6,4278
MEN,2026-08-13,616.0,614.9,43318
UNHPL,2026-08-13,380.0,379.0,17997
NBL,2026-08-13,269.0,268.7,48880
SYPNL,2026-08-13,1340.0,1300.0,30086
NICLBSL,2026-08-13,546.0,550.0,4625
NBLD87,2026-08-13,1080.0,1080.0,25
CORBL,2026-08-13,1071.0,1055.1,24249
NLG,2026-08-13,571.0,571.0,3359
SJCL,2026-08-13,269.0,270.1,6941
BHDC,2026-08-13,422.2,431.0,5400
CFCL,2026-08-13,630.0,646.0,190495
ECL,2026-08-13,1530.0,1559.9,14370
GSY,2026-08-13,9.5,9.35,2900
KBL,2026-08-13,219.0,218.0,170849
MATRI,2026-08-13,802.0,805.0,1018
PHCL,2026-08-13,296.1,304.0,103060
CREST,2026-08-13,1244.2,1179.9,2583
WNLB,2026-08-13,1316.0,1332.0,120
PPL,2026-08-13,308.0,327.0,16807
CITY,2026-08-13,372.0,370.3,39521
IGI,2026-08-13,427.0,430.0,7975
MLBBL,2026-08-13,1070.0,1062.5,1969
SOPL,2026-08-13,800.0,805.0,20489
SHINE,2026-08-13,414.9,414.7,10351
ACLBSL,2026-08-13,915.1,943.0,182
KSY,2026-08-13,9.1,9.3,500
HEI,2026-08-13,537.0,532.0,7966
NRIC,2026-08-13,939.9,926.0,9394
KDBY,2026-08-13,10.88,11.0,58048
SMB,2026-08-13,1893.3,1822.0,1325
TSHL,2026-08-13,379.0,368.0,1375
CYCL,2026-08-13,1298.8,1300.0,5611
JOSHI,2026-08-13,279.0,284.9,36722
JHAPA,2026-08-13,1077.2,1092.8,4422
GLH,2026-08-13,255.7,263.8,102439
BFC,2026-08-13,497.0,494.0,8753
NESDO,2026-08-13,1451.0,1466.9,185
SIPD,2026-08-13,672.0,680.0,33117
GLBSL,2026-08-13,1735.0,1757.0,256
NIFRAGED,2026-08-13,1010.1,1010.1,25
KSBBLD87,2026-08-13,1100.0,1100.0,25
LVF2,2026-08-13,9.1,9.11,400
AKPL,2026-08-13,256.5,255.9,68380
BJHL,2026-08-13,683.0,687.0,8562
EBLD91,2026-08-13,1040.4,1051.1,75
SNORL,2026-08-13,895.0,898.0,12482
NIMBPO,2026-08-13,141.1,140.1,4909
HIMSTAR,2026-08-13,702.3,701.3,2030
RSY2,2026-08-13,9.0,9.12,9241
SAEF2,2026-08-13,9.0,9.02,8395
SOHL,2026-08-13,690.0,680.0,228872
RSDC,2026-08-13,655.5,645.0,1674
SGHL,2026-08-13,520.0,516.0,57776
SHPC,2026-08-13,492.0,496.0,25281
NSY,2026-08-13,9.16,9.21,1700
PRVU,2026-08-13,189.0,190.0,131968
NICA,2026-08-13,326.0,325.0,30045
NIBLSTF,2026-08-13,8.56,8.56,650
MANDU,2026-08-13,802.0,811.9,5745
GBBL,2026-08-13,414.0,424.3,18886
SSHL,2026-08-13,200.0,206.4,207956
SMHL,2026-08-13,492.9,496.0,23987
SICL,2026-08-13,619.0,614.0,1680
C30MF,2026-08-13,10.0,10.0,200
SAPIL,2026-08-13,300.0,345.0,70
SMPDA,2026-08-13,746.0,749.9,780
NMIC,2026-08-13,944.4,907.0,5643
SCBD,2026-08-13,1133.0,1070.0,2
BNT,2026-08-13,11500.0,11899.0,157
SAPDBL,2026-08-13,790.0,799.9,20299
MHNL,2026-08-13,228.0,244.0,18187
CGH,2026-08-13,790.9,784.7,5159
LSL,2026-08-13,217.7,220.6,36922
SKHL,2026-08-13,840.0,998.0,51863
FMDBL,2026-08-13,788.7,776.0,18971
GBIMESY2,2026-08-13,8.86,9.0,1938
AVYAN,2026-08-13,1055.0,1089.0,10071
SPDL,2026-08-13,377.9,375.0,54290
SBI,2026-08-13,402.0,404.0,86849
SFMF,2026-08-13,10.2,10.2,8475
DORDI,2026-08-13,248.5,254.0,25790
JBLB,2026-08-13,1254.1,1260.0,2685
NABIL,2026-08-13,550.0,550.0,20477
RMF2,2026-08-13,9.9,10.1,11200
ALBSL,2026-08-13,1071.0,1125.0,13675
GCIL,2026-08-13,340.1,346.0,3656
PBLD84,2026-08-13,1070.0,1070.0,100
USLB,2026-08-13,1135.0,1121.5,626
SAHAS,2026-08-13,672.0,675.0,50827
GUFL,2026-08-13,580.0,568.1,25728
SANIMA,2026-08-13,366.0,371.8,107424
LLBS,2026-08-13,860.0,885.0,443
HBL,2026-08-13,193.3,195.0,42981
PMHPL,2026-08-13,310.0,315.9,3684
NMBMF,2026-08-13,600.1,605.0,51
NHDL,2026-08-13,644.9,623.2,4798
MBL,2026-08-13,254.0,254.8,43542
BUNGAL,2026-08-13,586.0,585.0,16109
BPCL,2026-08-13,645.0,649.0,14205
ICFCD88,2026-08-13,1105.0,1125.0,50
BOKD86,2026-08-13,1111.0,1111.0,355
YMHL,2026-08-13,626.0,623.0,13280
NICFC,2026-08-13,9.1,9.07,3500
HLBSL,2026-08-13,887.0,879.0,262
SBID83,2026-08-13,1036.0,1035.1,25
NMFBS,2026-08-13,1106.0,1108.8,2053
HHL,2026-08-13,332.0,339.0,16549
KPCL,2026-08-13,474.9,466.0,4254
GVL,2026-08-13,481.0,478.2,5081
PBD84,2026-08-13,1070.0,1070.0,25
JBBD87,2026-08-13,1106.1,1106.1,25
MAKAR,2026-08-13,412.0,411.0,42802
API,2026-08-13,333.9,331.6,164167
PBD88,2026-08-13,1200.0,1200.0,60
GBILD86/87,2026-08-13,1128.0,1065.1,3
GIBF1,2026-08-13,10.7,10.8,1900
SIKLES,2026-08-13,555.0,560.0,8363
SMJC,2026-08-13,435.0,438.0,23536
NBF3,2026-08-13,9.58,9.72,9140
MFIL,2026-08-13,745.0,766.7,38185
H8020,2026-08-13,11.71,11.8,700
LUK,2026-08-13,10.1,9.73,69315
AKJCL,2026-08-13,364.0,363.0,229686
SAGF,2026-08-13,10.0,9.8,800
NMLBBL,2026-08-13,519.0,520.0,2106
SINDU,2026-08-13,718.8,680.0,6512
SANVI,2026-08-13,590.0,595.0,8995
PURE,2026-08-13,807.1,820.0,2680
RLEL,2026-08-13,850.1,855.0,3485
MLBL,2026-08-13,348.0,351.0,15180
NADEP,2026-08-13,710.0,711.0,556
RFPL,2026-08-13,331.1,347.0,38665
TVCL,2026-08-13,470.0,472.1,3089
VLBS,2026-08-13,650.3,658.1,2737
CSY,2026-08-13,8.81,9.0,3429
BHL,2026-08-13,208.0,212.0,193280
KSBBL,2026-08-13,475.0,479.0,22050
KHPL,2026-08-13,772.6,808.0,6003
MKJC,2026-08-13,440.6,450.0,5478
PCIL,2026-08-13,622.0,650.9,116719
HEIP,2026-08-13,318.2,330.0,26174
MMKJL,2026-08-13,449.0,446.0,1998
ILI,2026-08-13,413.0,416.0,5766
OHL,2026-08-13,660.0,668.0,1214
LBBL,2026-08-13,484.1,487.0,14585
GRDBL,2026-08-13,1034.0,1049.0,8894
HFIN,2026-08-13,669.0,679.0,18355
NYADI,2026-08-13,362.2,366.0,3860
MLBSL,2026-08-13,1234.1,1310.0,3558
CHDC,2026-08-13,2216.1,2225.0,8348
DHEL,2026-08-13,598.0,600.0,17918
NICGF2,2026-08-13,8.91,8.99,800
HPPL,2026-08-13,373.0,380.5,66373
IHL,2026-08-13,346.0,344.4,7700
RHGCL,2026-08-13,262.5,265.0,41238
NCCD86,2026-08-13,1116.0,1065.0,2
JBBL,2026-08-13,337.9,338.1,9349
NRM,2026-08-13,305.0,303.0,7655
NSIF2,2026-08-13,10.68,10.89,50500
SBLD2091,2026-08-13,1031.1,1031.1,25
UAIL,2026-08-13,432.2,436.1,2909
USHEC,2026-08-13,469.3,500.0,12400
ILBS,2026-08-13,888.0,893.0,5108
SONA,2026-08-13,402.0,406.0,15164
RSY,2026-08-13,10.25,10.5,280158
SHIVM,2026-08-13,642.0,632.5,37300
PRIN,2026-08-13,656.0,664.5,1177
NIBLGF,2026-08-13,8.89,8.81,25750
KMCDB,2026-08-13,795.0,780.0,4044
SLCF,2026-08-13,9.8,10.0,6300
NUBL,2026-08-13,600.1,601.2,1128
GBBD85,2026-08-13,1061.2,1061.0,50
RSML,2026-08-13,2423.0,2546.1,21911
GBIMEP,2026-08-13,100.0,100.0,8622
DHPL,2026-08-13,280.0,289.9,2039
VLUCL,2026-08-13,416.0,413.0,4982
SPIL,2026-08-13,690.0,697.8,882
EHPL,2026-08-13,345.0,334.6,4543
NABBC,2026-08-13,802.0,806.7,11357
MEPDL,2026-08-13,355.3,396.7,220
PCBL,2026-08-13,238.2,240.0,40163
EDBL,2026-08-13,585.0,587.0,7901
SARBTM,2026-08-13,790.0,797.7,6884
NIMB,2026-08-13,193.1,195.4,114884
SIFC,2026-08-13,500.3,509.8,5706
RADHI,2026-08-13,766.2,720.0,37315
SAIL,2026-08-13,1080.0,1100.0,27795
NIL,2026-08-13,620.0,609.5,2408
FOWAD,2026-08-13,944.0,939.0,532
MNMF1,2026-08-13,9.5,9.5,800
SPL,2026-08-13,637.0,638.6,145
HDL,2026-08-13,1124.3,1166.0,11207
HATHY,2026-08-13,676.0,677.0,1764
SBL,2026-08-13,413.0,413.5,54402
TPC,2026-08-13,344.9,362.2,15375
OMPL,2026-08-13,896.1,911.0,1537
MSHL,2026-08-13,589.1,602.0,189
GILB,2026-08-13,1090.0,1110.0,6744
TAMOR,2026-08-13,451.1,453.0,19705
BNHC,2026-08-13,267.6,286.0,14315
SGHC,2026-08-13,308.0,304.0,67846
TTL,2026-08-13,700.0,712.8,4544
MSLB,2026-08-13,1252.4,1260.0,928
NMBD2085,2026-08-13,1150.0,1134.0,1
PMLI,2026-08-13,430.1,431.0,1668
BGWT,2026-08-13,528.0,530.0,3018
ANLB,2026-08-13,5200.0,5400.0,1587
SWBBL,2026-08-13,663.0,672.0,3419
NICSF,2026-08-13,8.6,8.89,1710
AHPC,2026-08-13,265.0,265.9,77596
RBBF40,2026-08-13,9.1,9.19,12144
AHL,2026-08-13,415.0,413.0,1853
MEHL,2026-08-13,287.0,288.7,3934
ICFC,2026-08-13,595.0,603.0,4175
LEC,2026-08-13,207.0,224.5,266088
DOLTI,2026-08-13,318.0,318.7,22049
HLICF,2026-08-13,8.78,8.41,700
RIDI,2026-08-13,393.7,371.0,260835
HDHPC,2026-08-13,208.8,213.5,211893
PROFL,2026-08-13,415.0,421.7,2936
CCBD88,2026-08-13,1205.0,1175.0,25
KDL,2026-08-13,799.0,775.0,225
BHCL,2026-08-13,486.2,488.6,16230
PSF,2026-08-13,11.84,12.0,6290
MEL,2026-08-13,208.1,212.0,50473
MKHL,2026-08-13,519.8,500.0,1664
HURJA,2026-08-13,240.0,245.8,158691
KKHC,2026-08-13,327.0,320.0,343949
SHL,2026-08-13,508.0,509.0,14077
SALICO,2026-08-13,602.9,598.9,2941
RAWA,2026-08-13,423.7,427.3,11088
SPHL,2026-08-13,520.0,530.7,11100
SPC,2026-08-13,411.1,418.0,1214
SJLIC,2026-08-13,408.0,415.0,7379
SMFBS,2026-08-13,1485.0,1450.0,2224
GMFBS,2026-08-13,1184.0,1180.0,397
GFCL,2026-08-13,598.0,603.9,6543
GBLBS,2026-08-13,730.3,743.6,3087
ALICL,2026-08-13,422.0,419.0,5207
SEF2,2026-08-13,9.2,9.1,8545
CIZBD90,2026-08-13,1220.0,1220.0,50
KEF,2026-08-13,10.84,10.97,353620
SHEL,2026-08-13,303.5,306.7,89508
TPKHL,2026-08-13,522.5,542.0,15904
SADBL,2026-08-13,408.0,413.5,13051
BARUN,2026-08-13,318.1,323.0,27331
GWFD83,2026-08-13,1054.3,1085.0,1
RHPL,2026-08-13,253.0,259.0,18313
MNBBL,2026-08-13,366.0,365.0,16506
LICN,2026-08-13,774.0,775.5,3982
ULHC,2026-08-13,372.0,359.0,61187
GMFIL,2026-08-13,448.1,455.0,8448
MDB,2026-08-13,575.0,583.7,864
RBCL,2026-08-13,14200.0,14200.0,10
NWCL,2026-08-13,680.4,690.0,740
KAHL,2026-08-13,508.0,539.0,23312
LSH12,2026-08-13,9.0,9.03,3950
ADBL,2026-08-13,302.0,304.8,70052
SABBL,2026-08-13,935.0,951.0,14548
UHEWA,2026-08-13,600.0,633.0,87365
MHCL,2026-08-13,308.0,315.5,5244
ENL,2026-08-13,821.6,803.7,320
SGIC,2026-08-13,453.0,457.0,4315
RNLI,2026-08-13,421.5,426.4,14413
NFS,2026-08-13,575.0,562.1,3649
NMB,2026-08-13,243.0,242.5,24299
RURU,2026-08-13,610.0,610.1,2093
BANDIPUR,2026-08-13,678.0,685.5,18749
JSLBB,2026-08-13,962.0,960.0,622
SBCF,2026-08-13,9.32,9.39,2400
SMH,2026-08-13,507.5,510.0,3808
CHCL,2026-08-13,481.0,482.1,7613
MPFL,2026-08-13,610.0,632.5,26581
ICFCD89,2026-08-13,1077.4,1092.0,275
NICL,2026-08-13,500.0,504.0,1969
RLFL,2026-08-13,426.5,449.0,16401
HLI,2026-08-13,317.0,319.9,14374
MABEL,2026-08-13,590.09,590.6,5161
PBLD86,2026-08-13,1263.0,1131.0,3
NTC,2026-08-13,892.5,865.0,7783
STC,2026-08-13,5271.0,5200.0,40
MCHL,2026-08-13,282.0,280.0,1799
SCB,2026-08-13,650.0,658.0,8897
CKHL,2026-08-13,595.0,610.0,3805
UNLB,2026-08-13,1275.0,1269.9,590
SNLI,2026-08-13,410.0,408.7,19401
APHL,2026-08-13,810.0,810.0,5280
HRL,2026-08-13,581.1,583.0,37628
MBLEF,2026-08-13,10.23,10.51,146895
SIGS3,2026-08-13,10.53,10.65,15300
UPPER,2026-08-13,191.5,193.5,74115
GMLI,2026-08-13,1127.0,1098.0,1058
PRSF,2026-08-13,12.78,12.82,11700
NIFRA,2026-08-13,252.4,252.0,84245
SLBSL,2026-08-13,927.0,947.8,318
MLBS,2026-08-13,1140.0,1138.0,285
DDBL,2026-08-13,848.0,855.0,7676
SAGAR,2026-08-13,1596.0,1700.0,6433
GHL,2026-08-13,233.9,256.7,1184057
SKBBL,2026-08-13,755.0,746.7,4097
SFEF,2026-08-12,10.0,9.8,49410
SLCF,2026-08-12,9.21,9.72,8100
NICFC,2026-08-12,9.2,9.3,4529
SBLD89,2026-08-12,1228.1,1228.1,20
SFMF,2026-08-12,10.2,10.3,2519
PRVUPO,2026-08-12,104.0,104.0,13000
PRIN,2026-08-12,669.5,666.9,4500
SBLD84,2026-08-12,1045.1,1045.1,25
GIBF1,2026-08-12,10.68,10.69,3400
TTL,2026-08-12,715.0,714.9,5674
HLICF,2026-08-12,8.5,8.53,1500
SWMF,2026-08-12,606.0,615.0,2435
MLBBL,2026-08-12,1085.0,1067.0,4754
BUNGAL,2026-08-12,591.0,588.0,10866
RBBF40,2026-08-12,9.2,9.1,32410
YMHL,2026-08-12,612.0,626.0,22832
ANLB,2026-08-12,5200.0,5305.0,2070
SAIL,2026-08-12,1150.0,1093.0,15742
SCB,2026-08-12,650.0,650.0,4802
RMF1,2026-08-12,10.02,9.84,55300
GMFBS,2026-08-12,1115.0,1152.0,222
STC,2026-08-12,5210.0,5200.0,896
ALICL,2026-08-12,428.7,418.0,9785
DHEL,2026-08-12,610.0,602.0,18205
NIL,2026-08-12,606.0,606.2,6410
SGHL,2026-08-12,498.0,519.0,55196
PCIL,2026-08-12,620.0,623.0,26706
KSBBL,2026-08-12,468.0,474.9,26203
KDL,2026-08-12,770.0,779.8,572
HURJA,2026-08-12,237.0,237.0,23768
SJCL,2026-08-12,267.1,271.0,3396
HIDCLP,2026-08-12,188.1,187.5,26415
NLICL,2026-08-12,569.5,565.0,7501
SONA,2026-08-12,405.0,402.4,12928
GBBL,2026-08-12,420.0,419.5,24874
SPHL,2026-08-12,517.0,519.9,3101
SLBSL,2026-08-12,925.0,927.0,2356
NMBMF,2026-08-12,600.0,599.0,1699
MLBS,2026-08-12,1115.0,1144.0,115
NMBHF2,2026-08-12,9.5,9.55,1200
MLBSL,2026-08-12,1370.0,1299.0,7755
LVF2,2026-08-12,9.43,9.31,8933
NRIC,2026-08-12,927.0,922.0,10977
MHNL,2026-08-12,254.1,240.0,4858
UPPER,2026-08-12,192.0,191.5,47254
NIMBPO,2026-08-12,143.1,141.0,16572
RHPL,2026-08-12,253.3,253.6,11184
SHPC,2026-08-12,498.0,494.9,10919
SMH,2026-08-12,512.0,509.4,7468
RLFL,2026-08-12,452.9,448.9,27609
HATHY,2026-08-12,681.0,676.0,4187
HLBSL,2026-08-12,863.0,875.0,737
ACLBSL,2026-08-12,927.9,943.0,628
CSY,2026-08-12,8.87,9.07,4000
SIKLES,2026-08-12,553.1,555.9,3588
KBSH,2026-08-12,950.0,961.0,13364
MAKAR,2026-08-12,420.1,415.0,18753
MSLB,2026-08-12,1246.1,1252.4,313
NFS,2026-08-12,565.0,565.0,17373
SAEF2,2026-08-12,9.0,9.08,8590
VLBS,2026-08-12,650.1,662.0,1494
NHDL,2026-08-12,631.0,642.0,1749
NIBLGF,2026-08-12,8.9,8.89,201855
NTC,2026-08-12,861.0,862.1,5408
MMF1,2026-08-12,8.72,9.01,8950
CHCL,2026-08-12,482.1,481.0,9938
SNORL,2026-08-12,901.1,903.0,8916
SPC,2026-08-12,414.0,417.8,1106
UNLB,2026-08-12,1237.0,1269.8,51
SAGF,2026-08-12,10.0,10.2,8600
JBLB,2026-08-12,1250.0,1270.0,1870
SBL,2026-08-12,411.0,410.9,44649
NICA,2026-08-12,330.0,325.1,31814
API,2026-08-12,339.8,331.0,116519
AVYAN,2026-08-12,1043.0,1060.0,2924
BHL,2026-08-12,208.0,207.7,23636
PRSF,2026-08-12,12.78,12.79,1100
FMDBL,2026-08-12,790.0,788.7,35577
MEN,2026-08-12,641.0,614.0,67448
RSY,2026-08-12,10.11,10.4,11300
SJLIC,2026-08-12,405.2,412.0,14107
NADEP,2026-08-12,701.3,720.0,209
BNT,2026-08-12,11550.0,11600.0,110
MNBBL,2026-08-12,368.8,365.0,39825
HHL,2026-08-12,330.0,332.1,20260
MFIL,2026-08-12,761.0,783.0,27501
NSIF2,2026-08-12,10.7,10.87,12306
SPIL,2026-08-12,677.0,694.0,3464
DDBL,2026-08-12,850.0,850.0,15008
NESDO,2026-08-12,1430.0,1450.0,917
BARUN,2026-08-12,319.1,317.5,16723
IGI,2026-08-12,428.0,427.1,2967
SYPNL,2026-08-12,1322.0,1298.0,32019
SOPL,2026-08-12,810.0,801.1,21064
PMHPL,2026-08-12,314.0,315.0,2826
MLBL,2026-08-12,330.7,346.5,9353
OHL,2026-08-12,656.0,670.0,2724
ICFC,2026-08-12,598.0,595.0,8451
NRM,2026-08-12,304.0,303.3,4792
NBL,2026-08-12,264.0,267.0,40763
ADBLD83,2026-08-12,1025.0,1025.0,100
ICFCD88,2026-08-12,1115.0,1130.0,75
NMLBBL,2026-08-12,519.0,514.0,2671
LBBL,2026-08-12,485.0,485.0,17555
GBIME,2026-08-12,238.2,250.0,189235
MBL,2026-08-12,254.0,254.0,33624
LEC,2026-08-12,218.0,217.8,35487
NBF3,2026-08-12,9.57,9.59,3700
JSLBB,2026-08-12,977.9,967.1,58
CBBL,2026-08-12,928.2,933.0,5915
PHCL,2026-08-12,300.0,298.5,25852
RADHI,2026-08-12,700.0,729.8,142030
NICGF2,2026-08-12,9.01,9.08,1590
SPL,2026-08-12,630.0,640.0,380
CFCL,2026-08-12,625.1,650.0,343174
DORDI,2026-08-12,247.0,250.0,9600
NHPC,2026-08-12,260.3,271.9,123741
KHPL,2026-08-12,823.7,800.1,6691
PPCL,2026-08-12,321.0,335.5,6280
SMFBS,2026-08-12,1603.3,1499.0,660
CHDC,2026-08-12,2180.0,2238.0,18189
LICN,2026-08-12,779.9,772.0,4221
ECL,2026-08-12,1530.0,1575.0,29731
LSL,2026-08-12,221.1,220.9,70498
MNMF1,2026-08-12,9.54,9.54,800
KDBY,2026-08-12,10.83,10.98,139886
BHPL,2026-08-12,499.0,485.0,1640
UNL,2026-08-12,47700.0,47700.0,10
SHLB,2026-08-12,1430.0,1456.0,431
NABIL,2026-08-12,551.0,550.0,27049
NWCL,2026-08-12,684.0,690.0,1087
USHEC,2026-08-12,497.1,494.0,10090
TVCL,2026-08-12,475.1,474.0,2990
SSHL,2026-08-12,200.0,200.0,53949
MHL,2026-08-12,466.0,464.0,2741
ADBL,2026-08-12,301.0,304.0,34081
NIFRA,2026-08-12,244.0,252.4,83476
RSDC,2026-08-12,637.1,638.4,492
LBLD86,2026-08-12,1210.0,1139.0,3
NGPL,2026-08-12,441.0,415.0,255946
JHAPA,2026-08-12,1040.4,1087.9,3313
MSHL,2026-08-12,600.0,601.0,288
HEIP,2026-08-12,328.0,328.0,10
HRL,2026-08-12,596.3,581.0,32750
KSY,2026-08-12,9.6,9.36,2130
CORBL,2026-08-12,1174.0,1086.0,38077
ICFCD89,2026-08-12,1077.1,1077.4,50
SABBL,2026-08-12,930.0,955.0,11943
SADBL,2026-08-12,413.0,409.9,25395
DLBS,2026-08-12,1145.1,1147.0,408
NCCD86,2026-08-12,1185.0,1116.0,3
SKHEL,2026-08-12,975.0,970.0,1381
MMKJL,2026-08-12,450.0,449.9,1475
NRN,2026-08-12,1350.0,1430.0,224771
UMHL,2026-08-12,560.0,575.2,46874
USLB,2026-08-12,1105.0,1115.0,549
EDBL,2026-08-12,587.9,583.5,2655
SMATA,2026-08-12,720.6,724.5,799
GCIL,2026-08-12,346.0,342.0,11274
AHPC,2026-08-12,267.0,264.0,62813
MKCL,2026-08-12,1060.0,1050.0,4366
UPCL,2026-08-12,354.8,350.0,18520
SIGS3,2026-08-12,10.6,10.6,1140
NIMBD90,2026-08-12,1217.0,1217.0,3000
NICL,2026-08-12,500.0,500.0,2876
HFIN,2026-08-12,676.0,669.0,14769
TAMOR,2026-08-12,451.1,451.0,46091
BHDC,2026-08-12,433.0,428.5,2217
PMLI,2026-08-12,436.0,432.9,23192
BGWT,2026-08-12,545.0,537.6,567
CYCL,2026-08-12,1265.1,1237.0,2655
GMFIL,2026-08-12,452.0,449.1,13326
SHEL,2026-08-12,303.3,305.0,26751
SICL,2026-08-12,612.4,615.0,5969
RMF2,2026-08-12,9.81,9.81,100
TRH,2026-08-12,799.0,825.0,8206
RSML,2026-08-12,2600.0,2550.1,23929
SIPD,2026-08-12,678.0,675.0,7484
GLH,2026-08-12,258.0,257.2,13752
LUK,2026-08-12,10.28,10.15,13300
APHL,2026-08-12,830.0,815.0,11981
ICFCD83,2026-08-12,1234.1,1049.0,42
RSY2,2026-08-12,9.01,9.08,9600
DOLTI,2026-08-12,321.0,318.0,7455
JFL,2026-08-12,385.0,388.0,4317
NABBC,2026-08-12,832.0,813.1,11627
MPFL,2026-08-12,618.0,624.0,15931
GMLI,2026-08-12,1105.0,1095.0,1005
BNHC,2026-08-12,290.0,281.6,12650
RNLI,2026-08-12,421.1,421.5,18238
KKHC,2026-08-12,316.0,324.0,341070
NSY,2026-08-12,9.0,9.4,25500
EBLD91,2026-08-12,1061.0,1061.0,25
NYADI,2026-08-12,365.0,368.9,7375
SAHAS,2026-08-12,705.0,672.0,71678
HBL,2026-08-12,194.0,195.0,118391
KBL,2026-08-12,226.8,219.0,394307
MATRI,2026-08-12,815.0,801.1,349
PRVU,2026-08-12,190.0,189.4,58663
UMRH,2026-08-12,528.1,530.0,1642
HIDCL,2026-08-12,251.8,265.0,163995
CIT,2026-08-12,1709.9,1704.7,3114
SGIC,2026-08-12,453.0,452.8,7484
RBCL,2026-08-12,14110.0,14025.0,100
SAGAR,2026-08-12,1700.0,1680.0,7720
KPCL,2026-08-12,461.0,467.0,5337
GWFD83,2026-08-12,1085.0,1054.3,11
BANDIPUR,2026-08-12,700.0,685.0,7274
GVL,2026-08-12,475.3,481.0,8931
HDHPC,2026-08-12,197.6,207.0,51851
GHL,2026-08-12,230.0,229.4,48393
H8020,2026-08-12,11.72,12.07,600
SIFC,2026-08-12,504.0,503.2,3182
CLI,2026-08-12,437.2,432.0,21143
MEL,2026-08-12,208.6,208.1,37000
NIFRAGED,2026-08-12,1020.0,1020.0,25
HPPL,2026-08-12,373.0,379.0,113217
NMB,2026-08-12,251.0,242.9,34208
SHL,2026-08-12,502.0,508.0,23413
MABEL,2026-08-12,592.1,590.1,3649
SBCF,2026-08-12,9.6,9.36,170993
ILI,2026-08-12,407.0,413.0,3607
GILB,2026-08-12,1051.8,1078.0,89
LLBS,2026-08-12,908.0,885.0,518
GRDBL,2026-08-12,1031.2,1050.0,4984
VLUCL,2026-08-12,411.0,414.9,1575
SMJC,2026-08-12,450.0,442.0,9512
IHL,2026-08-12,337.0,341.0,1410
CORBLP,2026-08-12,100.0,100.0,56175
NIBLSTF,2026-08-12,8.5,8.55,8722
AKPL,2026-08-12,255.0,252.0,57770
HEI,2026-08-12,525.0,537.9,341
RHGCL,2026-08-12,260.0,257.0,13470
BHCL,2026-08-12,466.0,493.0,12040
EBL,2026-08-12,715.0,716.6,16152
GFCL,2026-08-12,603.0,598.0,4471
PPL,2026-08-12,310.0,324.0,11444
SGHC,2026-08-12,310.0,306.9,56056
SEF,2026-08-12,10.2,10.05,16500
GBLBS,2026-08-12,729.3,749.9,989
SWBBL,2026-08-12,701.0,676.0,1383
KEF,2026-08-12,10.59,10.83,366136
SLBBL,2026-08-12,794.0,797.0,3175
SANVI,2026-08-12,570.0,599.5,6572
MEHL,2026-08-12,283.0,287.0,3555
MANDU,2026-08-12,796.0,802.0,1452
NBLD87,2026-08-12,1080.0,1074.0,5
GBBD85,2026-08-12,1060.1,1061.0,35
SBLD2091,2026-08-12,1041.8,1041.8,25
CGH,2026-08-12,775.0,778.0,6251
SANIMA,2026-08-12,369.0,366.0,143595
NLG,2026-08-12,559.0,571.0,13229
MERO,2026-08-12,663.0,663.1,1814
EHPL,2026-08-12,345.5,336.0,24313
RAWA,2026-08-12,429.0,423.8,9538
NUBL,2026-08-12,603.0,600.1,4091
NMFBS,2026-08-12,1101.0,1115.0,3265
MKHC,2026-08-12,275.0,267.0,25356
CKHL,2026-08-12,582.0,609.0,1641
TPC,2026-08-12,368.0,363.0,12403
NABILD2089,2026-08-12,1050.0,1068.1,531
NICBF,2026-08-12,9.5,9.2,600
C30MF,2026-08-12,10.0,10.0,120
MHCL,2026-08-12,314.0,312.0,1765
HDL,2026-08-12,1120.0,1166.0,17422
DHPL,2026-08-12,282.1,283.0,3173
SHIVM,2026-08-12,640.0,632.1,61657
CITY,2026-08-12,366.1,372.0,89313
UHEWA,2026-08-12,661.0,610.0,34069
NICSF,2026-08-12,8.8,8.83,33117
SMB,2026-08-12,1855.7,1807.0,146
AKJCL,2026-08-12,350.0,363.8,259591
MCHL,2026-08-12,280.0,280.0,2155
KBLD89,2026-08-12,1274.0,1257.0,1105
PSF,2026-08-12,11.86,12.0,5400
PROFL,2026-08-12,416.0,417.2,2175
RURU,2026-08-12,611.0,608.1,1239
SALICO,2026-08-12,600.0,589.0,618
MKJC,2026-08-12,455.0,448.0,5717
UNHPL,2026-08-12,368.0,377.9,24865
JBBL,2026-08-12,338.0,336.0,33905
PBLD86,2026-08-12,1383.2,1263.0,4
SMHL,2026-08-12,496.0,492.9,48400
BFC,2026-08-12,499.0,493.9,28745
SKHL,2026-08-12,870.2,883.0,8193
NLIC,2026-08-12,742.0,738.8,14922
WNLB,2026-08-12,1355.0,1315.0,255
MEPDL,2026-08-12,300.0,345.0,150
GSY,2026-08-12,9.7,9.5,1150
NIMB,2026-08-12,201.0,193.1,47338
GLBSL,2026-08-12,1740.0,1753.0,206
NBF2,2026-08-12,9.85,9.84,220
ULHC,2026-08-12,425.0,371.2,45339
PURE,2026-08-12,816.0,829.0,11760
PCBL,2026-08-12,240.0,240.0,28515
SEF2,2026-08-12,8.78,9.21,21470
MBJC,2026-08-12,261.0,265.5,11114
TSHL,2026-08-12,362.0,369.0,2458
SBI,2026-08-12,401.0,404.0,23854
SMPDA,2026-08-12,748.0,746.0,833
MBLEF,2026-08-12,10.13,10.34,137100
BJHL,2026-08-12,681.0,684.0,7016
OMPL,2026-08-12,895.1,900.0,3540
ALBSL,2026-08-12,1070.0,1114.0,4715
KAHL,2026-08-12,539.0,532.0,46191
BPCL,2026-08-12,653.0,655.0,22253
NIBSF2,2026-08-12,8.87,8.83,800
CHL,2026-08-12,260.0,264.0,9457
SNLI,2026-08-12,412.0,409.0,20127
HIMSTAR,2026-08-12,724.9,715.0,3402
RLEL,2026-08-12,865.0,855.0,18108
SRLI,2026-08-12,368.0,370.0,5232
ILBS,2026-08-12,885.0,875.0,88
CREST,2026-08-12,1247.4,1185.0,4136
FOWAD,2026-08-12,930.0,935.0,1563
KMCDB,2026-08-12,800.0,796.3,6542
JOSHI,2026-08-12,284.4,277.9,39905
BEDC,2026-08-12,323.0,316.0,10321
TPKHL,2026-08-12,550.0,550.0,19197
ULBSL,2026-08-12,2625.0,2733.0,330
MKHL,2026-08-12,495.0,500.0,3148
MDB,2026-08-12,571.0,579.8,2881
RIDI,2026-08-12,377.0,375.0,275981
NIBD84,2026-08-12,1030.3,1030.3,25
NICLBSL,2026-08-12,540.0,548.5,5770
SPDL,2026-08-12,360.9,370.5,31236
GUFL,2026-08-12,575.0,576.0,14101
PBD88,2026-08-12,1172.0,1170.0,25
RFPL,2026-08-12,342.5,336.5,9817
MND84/85,2026-08-12,1052.2,1052.2,100
SOHL,2026-08-12,670.0,690.0,319127
SWASTIK,2026-08-12,1980.0,2015.0,345
ENL,2026-08-12,800.0,847.0,1388
CZBIL,2026-08-12,203.0,203.9,32544
HLI,2026-08-12,318.0,317.0,9096
SKBBL,2026-08-12,750.0,746.2,5261
SAPDBL,2026-08-12,800.0,791.3,14082
AHL,2026-08-12,410.0,416.5,1032
SINDU,2026-08-12,704.9,684.6,8940
GBIMESY2,2026-08-12,9.06,9.11,600
UAIL,2026-08-12,430.3,435.0,4591
BBC,2026-08-12,4181.0,4200.0,271
SHINE,2026-08-12,410.0,410.0,15638
SARBTM,2026-08-12,780.0,794.9,2771
EBLD86,2026-08-12,1070.0,1070.0,25
USHL,2026-08-12,509.0,530.0,2798
LSH12,2026-08-12,9.1,9.05,12750
NMIC,2026-08-12,915.0,901.0,1137
BFC,2026-08-11,502.9,492.0,33215
FOWAD,2026-08-11,950.0,930.0,1937
NBL,2026-08-11,266.0,265.9,38561
UAIL,2026-08-11,432.0,434.0,7575
LVF2,2026-08-11,9.15,9.16,700
HIMSTAR,2026-08-11,682.1,718.9,5620
GSY,2026-08-11,9.5,9.5,4760
RSDC,2026-08-11,669.0,649.0,4373
BNHC,2026-08-11,267.9,284.5,16371
LICN,2026-08-11,770.0,770.0,3288
KPCL,2026-08-11,469.0,466.6,5489
KHPL,2026-08-11,806.2,805.3,9077
SIGS3,2026-08-11,10.95,10.85,20200
CSY,2026-08-11,8.9,8.87,4600
ANLB,2026-08-11,5300.0,5438.0,2026
HFIN,2026-08-11,687.0,679.5,19448
GRDBL,2026-08-11,1090.0,1050.9,7748
FMDBL,2026-08-11,850.0,810.7,144234
USHL,2026-08-11,523.0,535.0,1518
CHL,2026-08-11,260.0,267.3,16580
SKHEL,2026-08-11,960.0,971.1,2794
RHPL,2026-08-11,254.1,256.4,11892
ECL,2026-08-11,1577.0,1529.9,33957
NRM,2026-08-11,306.0,304.0,6042
SEF,2026-08-11,10.0,10.25,33530
KBSH,2026-08-11,960.1,980.0,13243
ULBSL,2026-08-11,2660.0,2744.2,450
KMCDB,2026-08-11,807.9,800.0,2606
GBBL,2026-08-11,418.0,419.0,21129
SIPD,2026-08-11,679.0,680.0,17493
STC,2026-08-11,5151.0,5200.0,1402
SALICO,2026-08-11,589.0,595.0,4039
GMFIL,2026-08-11,457.0,457.0,3454
MLBBL,2026-08-11,1110.0,1099.5,3056
JHAPA,2026-08-11,1070.0,1095.1,5184
DLBS,2026-08-11,1160.0,1160.0,475
MABEL,2026-08-11,596.0,597.0,7416
BPCL,2026-08-11,650.0,647.0,9518
ADBL,2026-08-11,302.1,302.5,71707
RHGCL,2026-08-11,257.8,258.0,13517
RMF1,2026-08-11,9.6,9.82,18100
WNLB,2026-08-11,1370.0,1355.0,258
PPL,2026-08-11,325.0,326.0,12624
MBL,2026-08-11,250.5,253.0,52563
NBF3,2026-08-11,9.65,9.6,4550
USLB,2026-08-11,1116.0,1120.0,1287
CYCL,2026-08-11,1271.0,1265.0,334
RSY2,2026-08-11,8.58,9.01,18520
CREST,2026-08-11,1172.0,1188.0,15159
BUNGAL,2026-08-11,585.0,591.0,25797
SMFBS,2026-08-11,1538.0,1527.0,607
GIBF1,2026-08-11,10.7,10.9,1300
APHL,2026-08-11,820.0,830.0,11603
JOSHI,2026-08-11,278.0,283.0,28480
SBLD2091,2026-08-11,1055.0,1055.0,25
KDL,2026-08-11,777.0,768.0,382
NICFC,2026-08-11,9.1,9.2,900
SEF2,2026-08-11,9.0,9.05,8040
LSL,2026-08-11,219.0,221.0,23733
GMLI,2026-08-11,1086.0,1103.0,3249
SAGF,2026-08-11,10.11,10.0,400
LEC,2026-08-11,220.9,219.0,64718
SFEF,2026-08-11,9.8,9.8,100
SGHC,2026-08-11,315.0,310.0,62019
BBC,2026-08-11,4280.0,4209.9,174
CIT,2026-08-11,1700.0,1703.0,4433
GILB,2026-08-11,1065.0,1070.4,459
GLBSL,2026-08-11,1755.0,1770.0,278
NGPL,2026-08-11,409.8,421.0,427557
SAEF2,2026-08-11,9.1,9.07,11415
NICBF,2026-08-11,9.3,9.3,300
NMBHF2,2026-08-11,9.56,9.57,2200
SBLD89,2026-08-11,1225.1,1225.1,10
UNLB,2026-08-11,1300.0,1271.9,1110
VLBS,2026-08-11,655.1,663.0,1492
ICFC,2026-08-11,614.9,597.0,10186
ACLBSL,2026-08-11,915.0,927.9,433
HDL,2026-08-11,1164.0,1162.0,17397
SINDU,2026-08-11,666.0,686.0,6159
EHPL,2026-08-11,355.9,336.2,4479
PBD85,2026-08-11,1091.8,1091.8,50
HRL,2026-08-11,583.0,579.0,33470
CGH,2026-08-11,779.9,776.3,3207
UNL,2026-08-11,48300.0,48500.0,45
MNMF1,2026-08-11,9.51,9.51,117760
SICL,2026-08-11,610.0,611.4,4788
MHNL,2026-08-11,238.0,242.0,7638
CLI,2026-08-11,435.2,437.2,6889
NIBLSTF,2026-08-11,8.54,8.59,1200
NMBMF,2026-08-11,602.5,601.2,565
NLIC,2026-08-11,738.0,738.0,28028
TSHL,2026-08-11,363.5,361.7,8670
SNLI,2026-08-11,410.0,412.0,11999
LBBL,2026-08-11,485.1,484.0,26020
GHL,2026-08-11,233.9,230.0,72720
NRN,2026-08-11,1377.1,1377.0,30644
NABIL,2026-08-11,556.0,551.0,26088
SWASTIK,2026-08-11,2023.0,1999.0,391
PRIN,2026-08-11,668.0,669.3,1425
KAHL,2026-08-11,537.0,542.0,47780
MPFL,2026-08-11,615.0,623.6,8431
GUFL,2026-08-11,573.0,573.0,28519
VLUCL,2026-08-11,435.7,411.2,2901
CKHL,2026-08-11,565.0,599.0,21398
ALBSL,2026-08-11,1055.0,1113.9,33881
SAHAS,2026-08-11,671.0,674.4,76201
CITY,2026-08-11,365.0,370.5,67765
MANDU,2026-08-11,798.0,802.0,6360
MKHC,2026-08-11,272.1,272.8,64787
SIFC,2026-08-11,505.0,505.6,2727
PRSF,2026-08-11,12.73,12.83,11855
SMB,2026-08-11,1825.0,1855.7,1579
BEDC,2026-08-11,328.6,318.0,14377
UHEWA,2026-08-11,598.0,629.9,168927
EBLD91,2026-08-11,1060.0,1088.0,126
NTC,2026-08-11,869.9,861.1,3042
RLFL,2026-08-11,457.9,446.0,11787
NBLD87,2026-08-11,1075.3,1080.0,50
CBLD88,2026-08-11,1238.0,1238.0,8075
NIMB,2026-08-11,183.3,193.3,162254
SBCF,2026-08-11,9.57,9.6,24150
SYPNL,2026-08-11,1277.0,1321.0,19605
TPKHL,2026-08-11,532.5,556.8,38961
IGI,2026-08-11,428.0,427.2,3218
MATRI,2026-08-11,800.0,808.0,197
HURJA,2026-08-11,240.5,238.0,33750
SCB,2026-08-11,653.0,649.3,12584
NIMBPO,2026-08-11,144.0,144.0,1
IHL,2026-08-11,344.0,340.4,6470
PCIL,2026-08-11,620.0,623.0,24243
SBD87,2026-08-11,1080.0,1080.0,50
RLEL,2026-08-11,867.0,863.0,3805
NADEP,2026-08-11,731.0,718.0,494
MKJC,2026-08-11,455.0,446.1,8538
SHPC,2026-08-11,495.0,498.0,32659
USHEC,2026-08-11,486.4,497.9,4333
TVCL,2026-08-11,470.0,480.0,3238
NFS,2026-08-11,565.5,560.2,6032
SAGAR,2026-08-11,1700.0,1700.0,10002
H8020,2026-08-11,12.0,11.67,700
HIDCLP,2026-08-11,189.5,187.9,68190
CCBD88,2026-08-11,1182.0,1182.0,25
GVL,2026-08-11,473.0,480.5,11966
UPPER,2026-08-11,191.8,192.0,64653
HLI,2026-08-11,316.1,318.0,18830
NLG,2026-08-11,575.0,566.0,9060
SOHL,2026-08-11,680.0,695.0,632667
MSLB,2026-08-11,1229.0,1275.0,445
SLBSL,2026-08-11,962.1,949.0,5113
AHPC,2026-08-11,265.0,264.2,59333
SHLB,2026-08-11,1434.0,1474.0,150
DHPL,2026-08-11,288.0,290.0,2686
RMF2,2026-08-11,9.82,9.82,100
ULHC,2026-08-11,365.0,436.6,74681
MFIL,2026-08-11,755.0,761.0,17264
HATHY,2026-08-11,646.0,680.0,7526
UMRH,2026-08-11,520.2,533.6,3520
TPC,2026-08-11,361.5,361.3,11589
GLH,2026-08-11,257.1,258.2,21008
SKHL,2026-08-11,890.0,892.9,7045
SPL,2026-08-11,606.4,636.1,1020
MNBBL,2026-08-11,365.0,366.8,17948
NMLBBL,2026-08-11,520.0,519.0,5696
CIZBD90,2026-08-11,1220.0,1220.0,25
UPCL,2026-08-11,345.0,349.0,33888
DDBL,2026-08-11,840.0,840.0,6728
MHCL,2026-08-11,307.5,310.0,1490
NHPC,2026-08-11,273.0,273.7,201232
NICLBSL,2026-08-11,547.0,545.2,3045
KSY,2026-08-11,9.19,9.33,6350
GMFBS,2026-08-11,1205.0,1133.0,850
ILBS,2026-08-11,840.0,878.0,1610
SPIL,2026-08-11,674.0,683.1,7935
SMHL,2026-08-11,493.0,494.0,29826
PBD88,2026-08-11,1170.0,1150.0,100
GBBD85,2026-08-11,1058.6,1058.6,25
HIDCL,2026-08-11,265.5,252.5,24870
LLBS,2026-08-11,860.0,884.0,637
NLICL,2026-08-11,568.0,567.0,10114
KBL,2026-08-11,215.0,216.0,181279
DORDI,2026-08-11,250.0,251.0,12695
SHEL,2026-08-11,309.0,305.9,44730
HDHPC,2026-08-11,207.0,207.9,63863
SMH,2026-08-11,514.0,511.9,4007
RADHI,2026-08-11,670.0,716.8,38611
HLBSL,2026-08-11,883.0,884.9,664
CZBIL,2026-08-11,200.0,202.8,62919
TTL,2026-08-11,726.3,720.0,8667
MDB,2026-08-11,570.0,576.0,1970
NSY,2026-08-11,9.3,9.2,1700
MEN,2026-08-11,609.0,610.8,113770
PPCL,2026-08-11,335.0,337.8,7123
TAMOR,2026-08-11,440.1,449.2,21063
MLBSL,2026-08-11,1560.0,1370.0,29670
SHIVM,2026-08-11,603.5,636.0,46483
SHINE,2026-08-11,418.1,410.0,14469
KKHC,2026-08-11,331.0,317.5,433088
MMKJL,2026-08-11,440.1,443.0,1563
RIDI,2026-08-11,375.0,377.0,879886
BHL,2026-08-11,196.6,208.0,50014
NMIC,2026-08-11,919.0,906.0,4285
SANVI,2026-08-11,580.0,598.9,9026
RURU,2026-08-11,610.0,607.0,3391
RBCL,2026-08-11,14399.0,14108.1,50
PHCL,2026-08-11,292.0,300.0,35029
PMLI,2026-08-11,433.0,436.0,6097
NESDO,2026-08-11,1450.0,1448.0,508
NYADI,2026-08-11,365.0,369.9,3354
SABBL,2026-08-11,970.0,957.2,16375
CORBL,2026-08-11,1150.0,1140.0,36057
MLBS,2026-08-11,1146.1,1145.0,602
NMBD87/88,2026-08-11,1080.1,1085.1,50
JBLB,2026-08-11,1255.0,1255.2,2740
NIFRA,2026-08-11,243.3,244.0,53381
HEI,2026-08-11,542.9,534.7,5131
MLBL,2026-08-11,348.0,348.0,9658
NUBL,2026-08-11,610.0,601.4,7597
SJLIC,2026-08-11,422.0,409.0,17436
NIBLGF,2026-08-11,8.81,8.88,2635
BGWT,2026-08-11,535.0,545.0,666
SPHL,2026-08-11,506.0,521.7,6183
NICA,2026-08-11,325.0,326.0,25681
NSIF2,2026-08-11,10.66,10.7,400
GFCL,2026-08-11,605.0,602.0,8533
SIKLES,2026-08-11,555.0,555.3,5433
OHL,2026-08-11,642.0,656.1,1562
RBBD2088,2026-08-11,994.1,1053.0,52
PURE,2026-08-11,815.0,826.0,1772
EDBL,2026-08-11,580.0,587.9,10182
SHL,2026-08-11,502.0,503.0,19086
KEF,2026-08-11,10.61,10.74,6760
CHCL,2026-08-11,490.0,482.0,20777
SGHL,2026-08-11,527.0,523.4,83559
LSH12,2026-08-11,9.0,9.11,5800
SMATA,2026-08-11,730.0,729.0,775
SMJC,2026-08-11,445.0,444.9,23322
SWBBL,2026-08-11,672.0,670.0,7694
SAIL,2026-08-11,1100.0,1100.0,56890
MERO,2026-08-11,664.0,663.0,2950
BNT,2026-08-11,11550.0,11550.0,40
SBLD84,2026-08-11,1050.0,1050.0,100
BHPL,2026-08-11,475.0,499.0,6066
PCBL,2026-08-11,239.1,240.0,66626
NWCL,2026-08-11,700.0,687.0,2268
MCHL,2026-08-11,275.0,282.0,2034
CHDC,2026-08-11,2170.0,2176.0,4674
DHEL,2026-08-11,608.2,615.0,29725
HHL,2026-08-11,344.0,332.1,15566
CFCL,2026-08-11,648.1,658.0,76435
NICGF2,2026-08-11,9.0,9.01,1900
GBLBS,2026-08-11,775.9,732.2,5345
ILI,2026-08-11,408.0,410.0,7939
SLBBL,2026-08-11,790.1,794.0,4911
MEL,2026-08-11,198.7,208.5,11564
SLCF,2026-08-11,9.22,9.33,1200
EBL,2026-08-11,715.0,715.0,33873
NMFBS,2026-08-11,1127.9,1104.0,1893
BJHL,2026-08-11,637.0,681.0,8696
SWMF,2026-08-11,649.9,612.0,1348
SANIMA,2026-08-11,370.1,369.0,50047
BHDC,2026-08-11,426.0,428.1,6859
C30MF,2026-08-11,9.97,9.97,1000
ENL,2026-08-11,782.0,803.0,70
SBI,2026-08-11,401.0,405.0,22384
SOPL,2026-08-11,792.0,814.0,34655
SRLI,2026-08-11,368.0,370.0,12977
SSHL,2026-08-11,191.0,201.7,56990
SJCL,2026-08-11,270.0,270.0,4195
NABBC,2026-08-11,806.2,817.0,11928
NIBSF2,2026-08-11,8.79,8.87,4100
RFPL,2026-08-11,332.5,336.5,25800
PROFL,2026-08-11,425.0,416.0,4803
SIGS2,2026-08-11,10.5,10.7,10800
TRH,2026-08-11,783.1,795.1,11635
SNORL,2026-08-11,879.8,914.9,19214
API,2026-08-11,330.0,332.0,242144
NMB,2026-08-11,243.0,243.3,19775
NICAD2091,2026-08-11,1022.3,1032.0,50
NIL,2026-08-11,620.0,606.0,4496
MKCL,2026-08-11,1042.5,1064.0,3179
SFMF,2026-08-11,10.02,10.3,11125
PSF,2026-08-11,11.8,11.84,4180
NRIC,2026-08-11,883.0,927.0,13077
MEHL,2026-08-11,288.5,282.8,9119
GBIME,2026-08-11,238.5,250.7,211271
NBF2,2026-08-11,9.81,9.83,300
NICL,2026-08-11,509.9,500.2,14229
ALICL,2026-08-11,418.0,420.0,11144
YMHL,2026-08-11,620.0,625.0,18870
NHDL,2026-08-11,635.0,640.0,1118
NIFRAUR85/86,2026-08-11,1010.0,1010.0,50
EBLD86,2026-08-11,1050.8,1050.8,25
SPDL,2026-08-11,368.0,379.8,47077
MKHL,2026-08-11,472.0,493.1,964
MAKAR,2026-08-11,446.2,419.5,29187
RSML,2026-08-11,2502.0,2626.0,31269
HPPL,2026-08-11,370.0,385.4,139819
SGIC,2026-08-11,430.0,453.0,4655
NICSF,2026-08-11,8.6,8.66,200
SAPDBL,2026-08-11,835.0,802.0,51797
GCIL,2026-08-11,344.0,347.1,12073
CBBL,2026-08-11,934.0,930.0,10589
PMHPL,2026-08-11,312.1,318.5,5691
SBL,2026-08-11,405.0,410.0,74512
MMF1,2026-08-11,8.73,8.9,12930
RNLI,2026-08-11,421.0,422.9,23788
KDBY,2026-08-11,10.96,10.88,407193
RAWA,2026-08-11,429.0,423.8,15504
AKPL,2026-08-11,252.5,254.3,39308
KSBBL,2026-08-11,464.0,470.8,45848
MHL,2026-08-11,464.1,466.1,1698
SARBTM,2026-08-11,783.0,788.0,9333
AKJCL,2026-08-11,350.0,365.0,283588
OMPL,2026-08-11,905.0,895.1,3388
GBIMESY2,2026-08-11,9.0,9.1,5700
UNHPL,2026-08-11,368.0,375.0,13749
SPC,2026-08-11,417.0,416.2,3944
UMHL,2026-08-11,570.0,578.8,51862
SCBD,2026-08-11,1133.0,1133.0,10
PRVU,2026-08-11,190.0,190.0,94685
MBJC,2026-08-11,261.4,266.6,22212
HBL,2026-08-11,190.0,194.0,57231
MSHL,2026-08-11,606.0,604.0,360
JFL,2026-08-11,385.0,386.9,3250
AVYAN,2026-08-11,1042.0,1043.0,777
BARUN,2026-08-11,320.0,319.1,14010
RSY,2026-08-11,10.14,10.27,2650
BHCL,2026-08-11,490.0,490.0,15807
SMPDA,2026-08-11,750.0,749.9,1220
AHL,2026-08-11,410.0,417.0,544
BANDIPUR,2026-08-11,675.0,686.1,20031
MBLEF,2026-08-11,10.21,10.32,30200
SADBL,2026-08-11,415.0,410.0,19081
DOLTI,2026-08-11,320.0,319.0,11936
HLICF,2026-08-11,8.47,8.5,3200
SONA,2026-08-11,403.0,403.1,13067
LUK,2026-08-11,10.1,10.59,22997
JBBL,2026-08-11,330.0,337.2,17103
RBBF40,2026-08-11,9.1,9.01,25941
SKBBL,2026-08-11,745.0,747.1,8975
UMHL,2026-08-10,570.0,579.5,13309
SWASTIK,2026-08-10,2010.0,2015.0,491
JOSHI,2026-08-10,287.0,277.9,44277
EBLD91,2026-08-10,1058.0,1088.0,175
GMFBS,2026-08-10,1188.0,1174.0,997
RBBF40,2026-08-10,9.0,9.12,3054
SFEF,2026-08-10,9.91,9.91,100
AVYAN,2026-08-10,1060.0,1051.0,1960
HDL,2026-08-10,1175.0,1165.1,16464
UAIL,2026-08-10,436.0,432.0,18300
MLBSL,2026-08-10,1602.0,1610.0,399
TPC,2026-08-10,377.4,361.5,29948
CHL,2026-08-10,260.0,267.9,13425
KSBBL,2026-08-10,475.0,468.0,74163
HLI,2026-08-10,319.0,317.0,24202
RHGCL,2026-08-10,251.3,257.0,13088
PRIN,2026-08-10,664.0,668.0,941
PSF,2026-08-10,12.0,11.9,10855
NRN,2026-08-10,1360.0,1376.0,40092
NMBD2085,2026-08-10,1150.0,1150.0,50
CZBIL,2026-08-10,202.0,200.2,39327
SLBBL,2026-08-10,814.9,799.0,1206
GMLI,2026-08-10,1086.5,1100.0,2828
AHL,2026-08-10,415.0,410.0,1857
NUBL,2026-08-10,600.0,610.0,2805
STC,2026-08-10,5170.0,5170.0,180
AKJCL,2026-08-10,355.0,366.9,237038
MND84/85,2026-08-10,1042.8,1042.8,150
NSIF2,2026-08-10,10.7,10.7,9200
NRIC,2026-08-10,930.0,929.0,10394
BARUN,2026-08-10,318.2,318.7,13245
ULHC,2026-08-10,380.0,379.7,20845
NLICL,2026-08-10,563.0,567.0,8653
EBL,2026-08-10,730.0,715.0,34924
PROFL,2026-08-10,420.0,419.0,4235
SPC,2026-08-10,411.0,418.0,970
DLBS,2026-08-10,1165.0,1180.0,328
CLI,2026-08-10,442.0,440.0,4963
SMHL,2026-08-10,494.0,493.0,34085
MLBS,2026-08-10,1130.0,1130.0,444
CREST,2026-08-10,1174.0,1179.7,4497
NBF2,2026-08-10,9.85,9.86,8206
LEC,2026-08-10,221.5,218.0,92850
SYPNL,2026-08-10,1219.8,1334.0,48549
AHPC,2026-08-10,265.5,265.0,30498
NIBLSTF,2026-08-10,8.55,8.54,2610
SOHL,2026-08-10,688.0,711.0,651181
USLB,2026-08-10,1128.0,1123.0,429
SPL,2026-08-10,632.6,638.3,1010
NICAP,2026-08-10,179.0,179.0,7981
SKBBL,2026-08-10,753.9,747.0,8895
BNT,2026-08-10,11645.0,11550.1,65
C30MF,2026-08-10,10.15,9.91,300
SANIMA,2026-08-10,370.1,369.8,47600
ANLB,2026-08-10,5819.1,5467.0,2737
BNHC,2026-08-10,287.0,282.0,9682
SLBSL,2026-08-10,965.0,970.0,4044
USHEC,2026-08-10,490.0,497.0,7383
BJHL,2026-08-10,694.0,670.0,8460
MHNL,2026-08-10,241.0,240.9,7666
CHCL,2026-08-10,493.0,484.0,9921
NICSF,2026-08-10,9.0,8.64,15345
GBBL,2026-08-10,418.0,418.6,21748
MAKAR,2026-08-10,430.0,425.0,18200
DOLTI,2026-08-10,322.0,320.0,14161
NGPL,2026-08-10,408.0,408.5,65637
RSDC,2026-08-10,636.0,657.0,8214
LSL,2026-08-10,222.5,220.0,56723
SINDU,2026-08-10,691.0,691.0,8020
GUFL,2026-08-10,564.0,560.4,13187
LUK,2026-08-10,10.6,10.06,11530
DHEL,2026-08-10,561.0,620.0,73627
NFS,2026-08-10,580.0,564.1,3855
SBCF,2026-08-10,9.58,9.4,9685
MANDU,2026-08-10,800.0,800.0,3342
NMFBS,2026-08-10,1098.0,1104.0,1058
PCIL,2026-08-10,622.0,625.0,20718
ICFCD88,2026-08-10,1164.0,1134.9,175
SOPL,2026-08-10,792.0,796.0,18146
MBJC,2026-08-10,267.0,265.2,10879
GFCL,2026-08-10,603.0,600.0,9296
MEN,2026-08-10,595.0,601.0,19092
NHDL,2026-08-10,638.0,640.0,808
ILBS,2026-08-10,851.0,865.0,1894
SADBL,2026-08-10,408.0,408.0,15687
SJLIC,2026-08-10,411.4,410.0,18094
JBBD87,2026-08-10,1140.0,1140.0,50
NYADI,2026-08-10,366.0,365.0,1795
JBBL,2026-08-10,338.2,339.0,32729
SHIVM,2026-08-10,638.7,633.3,63736
TAMOR,2026-08-10,446.0,450.0,14927
LBLD86,2026-08-10,1208.0,1210.0,20
TSHL,2026-08-10,378.0,363.0,8569
OHL,2026-08-10,665.0,651.0,561
NBLD87,2026-08-10,1092.0,1092.0,25
GLBSL,2026-08-10,1752.0,1785.0,75
KHPL,2026-08-10,803.0,806.2,8628
HFIN,2026-08-10,690.1,686.3,21606
API,2026-08-10,330.1,328.5,127348
PBD88,2026-08-10,1200.0,1200.0,30
NIMBPO,2026-08-10,142.5,144.0,17955
EDBL,2026-08-10,578.0,580.0,4050
FMDBL,2026-08-10,798.9,817.0,153815
BHDC,2026-08-10,421.4,426.0,1583
SMFBS,2026-08-10,1493.1,1500.0,106
HATHY,2026-08-10,705.0,680.0,7602
RLEL,2026-08-10,889.0,867.0,3697
CSY,2026-08-10,8.6,8.88,12599
HPPL,2026-08-10,377.1,382.0,83031
SABBL,2026-08-10,930.1,980.9,11587
CBBL,2026-08-10,929.0,930.0,4726
GHL,2026-08-10,225.2,229.8,29208
BHPL,2026-08-10,490.0,482.5,3914
HURJA,2026-08-10,239.7,239.0,28025
SANVI,2026-08-10,560.5,587.0,4175
SGHL,2026-08-10,510.0,527.8,45869
MEHL,2026-08-10,298.0,288.0,5220
GSY,2026-08-10,9.51,9.51,3700
MBLEF,2026-08-10,10.29,10.28,581500
NBLD85,2026-08-10,1020.0,1025.0,200
NTC,2026-08-10,864.0,860.0,17752
SMH,2026-08-10,503.7,507.0,9191
NIFRA,2026-08-10,245.0,244.0,49286
PPCL,2026-08-10,331.0,335.0,11404
NICAD2091,2026-08-10,1048.0,1049.0,54
KMCDB,2026-08-10,738.2,807.9,10382
H8020,2026-08-10,12.0,12.01,1200
SSHL,2026-08-10,205.0,200.5,57281
EHPL,2026-08-10,361.2,339.0,20514
MEL,2026-08-10,214.0,209.1,34787
GBILD84/85,2026-08-10,1102.0,1103.0,50
MCHL,2026-08-10,273.8,276.0,3409
JHAPA,2026-08-10,1075.0,1070.0,5182
ENL,2026-08-10,786.0,797.9,451
SAIL,2026-08-10,1050.0,1120.0,53380
KBSH,2026-08-10,965.0,966.0,14256
CIZBD90,2026-08-10,1225.0,1225.7,125
GVL,2026-08-10,480.2,480.0,1588
SHLB,2026-08-10,1474.0,1434.0,49
SHL,2026-08-10,499.0,498.0,12145
ICFC,2026-08-10,598.0,599.0,2931
APHL,2026-08-10,824.0,828.0,7668
MABEL,2026-08-10,580.0,594.0,2799
SKHEL,2026-08-10,970.0,980.0,1155
RAWA,2026-08-10,429.0,417.8,11780
HIDCL,2026-08-10,252.6,253.0,45099
UPCL,2026-08-10,350.0,345.0,35967
UPPER,2026-08-10,192.0,191.8,43154
LICN,2026-08-10,785.0,770.0,6970
BHL,2026-08-10,209.0,206.9,68161
NLG,2026-08-10,565.2,568.0,1499
UHEWA,2026-08-10,570.0,608.0,43239
NICFC,2026-08-10,9.1,9.2,6830
UNLB,2026-08-10,1260.0,1270.0,78
NMB50,2026-08-10,10.38,10.41,435
AKPL,2026-08-10,254.0,254.7,57562
RIDI,2026-08-10,360.0,386.0,762163
SPIL,2026-08-10,685.0,685.5,358
MSHL,2026-08-10,608.0,606.0,485
CKHL,2026-08-10,593.9,581.0,16440
SAEF2,2026-08-10,9.22,9.26,7350
VLBS,2026-08-10,655.0,661.0,1244
SHINED,2026-08-10,1098.0,1090.0,130
CHDC,2026-08-10,2191.0,2165.5,5977
NLIC,2026-08-10,739.0,738.0,18658
JBLB,2026-08-10,1257.0,1255.0,2308
CFCL,2026-08-10,639.0,656.5,79134
SIKLES,2026-08-10,559.0,555.2,2935
NICGF2,2026-08-10,9.0,9.23,5970
UMRH,2026-08-10,526.6,530.0,1454
SBL,2026-08-10,412.9,405.1,43011
ULBSL,2026-08-10,2660.0,2749.0,807
MFIL,2026-08-10,755.0,772.0,19366
SMJC,2026-08-10,450.0,445.0,23287
RMF2,2026-08-10,9.63,9.73,5100
NMBMF,2026-08-10,607.0,602.5,296
LLBS,2026-08-10,885.0,866.0,683
GLH,2026-08-10,260.3,257.6,20175
NRM,2026-08-10,305.5,306.4,5089
SAHAS,2026-08-10,671.9,670.3,58300
GRDBL,2026-08-10,1101.0,1059.0,6720
CYCL,2026-08-10,1216.0,1278.0,1298
KSY,2026-08-10,9.49,9.47,7000
CITY,2026-08-10,370.0,367.0,60858
MDB,2026-08-10,571.2,578.0,3978
SALICO,2026-08-10,590.0,589.0,2932
DORDI,2026-08-10,250.0,249.9,19961
KBL,2026-08-10,220.0,215.0,166580
ACLBSL,2026-08-10,917.0,915.0,912
NMB,2026-08-10,243.1,243.0,21182
PRVU,2026-08-10,200.5,188.5,267784
LVF2,2026-08-10,9.06,9.1,1800
GILB,2026-08-10,1070.1,1088.0,1167
GBLBS,2026-08-10,774.9,739.0,1293
MMF1,2026-08-10,8.9,8.98,9400
KBLD89,2026-08-10,1313.0,1313.2,79
RURU,2026-08-10,605.0,609.0,2780
SMPDA,2026-08-10,767.3,750.0,830
SMB,2026-08-10,1820.0,1848.0,1003
CORBL,2026-08-10,1065.1,1155.2,67629
DDBL,2026-08-10,827.1,840.0,10615
ILI,2026-08-10,410.0,408.2,8756
KDL,2026-08-10,751.5,778.0,320
BEDC,2026-08-10,320.0,319.1,13199
SEF2,2026-08-10,9.0,9.25,32050
JFL,2026-08-10,385.0,388.0,4185
SEF,2026-08-10,9.91,9.9,11440
HIMSTAR,2026-08-10,690.0,693.0,2624
MLBBL,2026-08-10,1120.0,1121.9,397
NSY,2026-08-10,9.2,9.48,5320
SGIC,2026-08-10,452.1,450.4,5603
KEF,2026-08-10,10.5,10.8,830832
USHL,2026-08-10,565.8,544.9,1586
FOWAD,2026-08-10,957.8,945.0,2733
KPCL,2026-08-10,468.0,469.0,3191
SNORL,2026-08-10,951.3,926.1,48245
SFMF,2026-08-10,10.01,10.01,150
BHCL,2026-08-10,485.4,490.0,19700
MHCL,2026-08-10,310.0,310.0,4149
NIBSF2,2026-08-10,8.8,8.87,17400
HIDCLP,2026-08-10,186.3,187.0,51015
MKJC,2026-08-10,450.2,455.0,2605
GCIL,2026-08-10,340.0,345.1,5383
UNHPL,2026-08-10,379.5,374.0,4858
RNLI,2026-08-10,431.7,424.0,21810
SNLI,2026-08-10,414.0,412.0,11302
TTL,2026-08-10,710.0,731.0,9300
WNLB,2026-08-10,1351.0,1332.0,139
UNL,2026-08-10,48500.0,48500.0,10
MKCL,2026-08-10,1050.2,1051.0,944
PPL,2026-08-10,312.0,326.5,7936
MPFL,2026-08-10,610.0,616.0,9050
HLICF,2026-08-10,9.0,8.72,5750
BPCL,2026-08-10,650.0,649.8,17280
SHPC,2026-08-10,497.0,495.0,22792
VLUCL,2026-08-10,420.0,415.0,6412
BANDIPUR,2026-08-10,685.0,680.0,30104
ECL,2026-08-10,1650.0,1584.0,37178
MHL,2026-08-10,463.0,468.0,700
HHL,2026-08-10,334.0,334.9,9345
SONA,2026-08-10,405.0,407.0,8324
TPKHL,2026-08-10,527.0,560.0,39899
NIBD84,2026-08-10,1035.1,1035.0,100
NHPC,2026-08-10,260.0,272.2,227236
RHPL,2026-08-10,259.0,260.0,26721
DHPL,2026-08-10,294.0,288.0,4003
HLBSL,2026-08-10,870.0,884.0,310
PBLD86,2026-08-10,1383.2,1383.2,10
KKHC,2026-08-10,320.0,321.8,242978
LBLD88,2026-08-10,1090.0,1090.0,25
MATRI,2026-08-10,809.0,802.1,240
CCBD88,2026-08-10,1165.0,1165.0,25
BFC,2026-08-10,494.2,494.6,24740
SAPDBL,2026-08-10,825.0,835.0,116158
RSML,2026-08-10,2489.0,2633.5,31036
ALBSL,2026-08-10,1061.0,1090.0,3254
SPHL,2026-08-10,510.0,520.0,1328
BUNGAL,2026-08-10,581.0,584.0,18488
HEIP,2026-08-10,330.0,337.8,20
KAHL,2026-08-10,533.1,542.0,28378
SICL,2026-08-10,610.0,610.2,4185
RADHI,2026-08-10,710.9,705.0,17998
GBBD85,2026-08-10,1045.5,1045.5,30
MNMF1,2026-08-10,9.8,9.56,26200
SAGAR,2026-08-10,1720.0,1730.0,5294
CBLD88,2026-08-10,1230.0,1250.0,26
SLCF,2026-08-10,9.36,9.5,900
RSY,2026-08-10,10.24,10.4,2600
CIT,2026-08-10,1710.1,1700.0,3577
LBBL,2026-08-10,485.1,485.0,20953
GBIME,2026-08-10,256.0,251.0,221487
SAGF,2026-08-10,10.11,10.11,200
SWBBL,2026-08-10,672.5,670.0,8339
MSLB,2026-08-10,1260.0,1259.0,1305
MERO,2026-08-10,661.2,672.0,3939
SHINE,2026-08-10,408.0,407.0,13248
BGWT,2026-08-10,554.0,548.0,1602
NICLBSL,2026-08-10,545.1,545.0,5117
MLBL,2026-08-10,351.0,348.0,17511
SPDL,2026-08-10,358.0,372.0,54800
NESDO,2026-08-10,1429.0,1458.0,187
HRL,2026-08-10,612.0,578.0,31026
NABBC,2026-08-10,825.2,812.2,22306
JSLBB,2026-08-10,979.9,980.0,305
HBL,2026-08-10,194.0,194.8,45300
GIBF1,2026-08-10,10.65,11.0,31300
HEI,2026-08-10,532.0,531.0,2214
TVCL,2026-08-10,483.0,468.1,27033
NICA,2026-08-10,326.0,325.0,25167
IGI,2026-08-10,430.0,428.0,5760
RSY2,2026-08-10,10.0,9.03,17720
ALICL,2026-08-10,424.5,418.0,11884
CGH,2026-08-10,778.0,779.9,5420
NABILD2089,2026-08-10,1025.0,1055.7,104
NMBHF2,2026-08-10,9.6,9.54,1400
NIMB,2026-08-10,195.0,192.9,82067
SIGS3,2026-08-10,10.6,10.89,26335
RMF1,2026-08-10,9.57,9.7,2500
GMFIL,2026-08-10,460.0,457.0,10821
MKHC,2026-08-10,280.0,271.0,15787
SKHL,2026-08-10,880.0,896.0,13557
PURE,2026-08-10,805.5,820.0,1858
SHEL,2026-08-10,305.1,304.2,40875
KBLPO,2026-08-10,100.0,100.0,16831
ICFCD89,2026-08-10,1064.2,1064.2,25
PHCL,2026-08-10,293.1,293.7,25842
SIPD,2026-08-10,660.0,678.9,30604
NCCD86,2026-08-10,1198.0,1185.0,21
HDHPC,2026-08-10,198.0,207.0,76396
GBIMESY2,2026-08-10,9.01,9.25,2600
LSH12,2026-08-10,9.0,9.05,5120
PMLI,2026-08-10,434.0,433.0,20168
NBL,2026-08-10,268.0,266.0,35349
OMPL,2026-08-10,893.0,894.0,2196
MNBBL,2026-08-10,367.0,366.8,9170
MMKJL,2026-08-10,454.9,450.0,1791
NICL,2026-08-10,508.7,506.9,26927
NMLBBL,2026-08-10,540.8,519.9,5609
PMHPL,2026-08-10,313.0,318.9,1755
SWMF,2026-08-10,603.5,619.0,738
SMATA,2026-08-10,728.0,730.0,1719
TRH,2026-08-10,789.0,792.0,2207
NBF3,2026-08-10,9.55,9.65,32350
PCBL,2026-08-10,243.8,239.0,21138
NABIL,2026-08-10,556.0,549.4,44025
PRSF,2026-08-10,12.91,12.85,9500
IHL,2026-08-10,350.0,345.0,4586
MNBBLP,2026-08-10,236.2,236.2,156283
SIFC,2026-08-10,504.1,503.0,9194
NADEP,2026-08-10,729.0,711.2,626
RLFL,2026-08-10,462.8,447.0,32466
SCB,2026-08-10,648.1,643.2,7703
ADBL,2026-08-10,311.0,305.0,41071
BBC,2026-08-10,4200.0,4249.0,272
NIBLGF,2026-08-10,9.0,8.8,450
SBI,2026-08-10,407.0,401.0,6504
NIL,2026-08-10,616.0,612.0,4608
SRLI,2026-08-10,370.1,368.6,36694
NICAD85/86,2026-08-10,1165.0,1166.0,191
NMIC,2026-08-10,900.0,898.0,1819
SJCL,2026-08-10,270.0,270.0,6627
NICBF,2026-08-10,9.57,9.3,200
SARBTM,2026-08-10,782.0,780.0,1989
YMHL,2026-08-10,620.0,624.0,17066
KDBY,2026-08-10,11.05,11.0,1473490
NWCL,2026-08-10,680.0,693.6,1090
RFPL,2026-08-10,330.2,332.5,16227
RBBD2088,2026-08-10,1024.4,994.1,26
RBCL,2026-08-10,14000.0,14419.0,30
MKHL,2026-08-10,482.0,496.8,2570
MBL,2026-08-10,254.7,250.3,77384
SGHC,2026-08-10,315.0,312.5,41548
UNL,2026-08-07,48500.0,48500.0,13
RSDC,2026-08-07,630.1,638.0,2369
SCB,2026-08-07,663.9,648.0,8192
SWMF,2026-08-07,606.0,619.0,7161
MERO,2026-08-07,675.0,661.2,2700
SNORL,2026-08-07,837.6,906.0,22802
UNLB,2026-08-07,1230.0,1275.9,658
SANIMA,2026-08-07,375.0,370.0,461280
DOLTI,2026-08-07,316.0,320.0,6821
HLI,2026-08-07,319.0,319.7,14437
SHIVM,2026-08-07,646.0,637.7,44267
RBCL,2026-08-07,14060.0,14210.0,40
LVF2,2026-08-07,9.1,9.06,5300
LBBL,2026-08-07,486.0,491.9,27592
SGHC,2026-08-07,321.1,315.3,38765
GMLI,2026-08-07,1106.0,1105.0,2767
NLIC,2026-08-07,743.8,739.8,18768
SBCF,2026-08-07,9.4,9.45,10900
NSY,2026-08-07,9.19,9.2,23000
ICFCD89,2026-08-07,1085.0,1092.0,222
BNHC,2026-08-07,297.6,286.2,28624
KMCDB,2026-08-07,771.8,777.0,5331
SWBBL,2026-08-07,665.0,665.0,4356
RNLI,2026-08-07,428.0,431.7,8967
NLICL,2026-08-07,570.0,562.0,16965
BHPL,2026-08-07,523.0,497.0,7298
NYADI,2026-08-07,367.3,370.0,5382
MEL,2026-08-07,212.0,214.9,17055
TSHL,2026-08-07,383.3,369.9,6016
GHL,2026-08-07,230.0,228.0,48820
CIT,2026-08-07,1719.0,1709.9,5291
MSHL,2026-08-07,608.0,608.0,1103
CHDC,2026-08-07,2207.0,2200.0,7774
MMF1,2026-08-07,8.32,8.88,14980
MHCL,2026-08-07,310.0,308.0,4148
SKHL,2026-08-07,870.1,890.0,7040
NTC,2026-08-07,870.9,863.9,8319
RFPL,2026-08-07,333.0,334.7,15251
MBLEF,2026-08-07,10.28,10.28,758456
SIFC,2026-08-07,510.0,505.5,7215
ANLB,2026-08-07,5360.0,5999.0,5041
LBBLD89,2026-08-07,1260.0,1260.0,50
TPC,2026-08-07,357.0,359.5,10040
KDL,2026-08-07,780.0,774.0,567
PPCL,2026-08-07,357.0,338.9,4212
NICBF,2026-08-07,9.1,9.57,1200
HIMSTAR,2026-08-07,696.0,696.0,4565
SPC,2026-08-07,411.0,419.0,3743
MNBBL,2026-08-07,368.0,366.3,17348
GBBL,2026-08-07,419.1,419.0,23774
RAWA,2026-08-07,426.0,420.0,14270
NIFRAGED,2026-08-07,1046.0,1030.0,1589
HLICF,2026-08-07,8.25,8.94,2934
SPIL,2026-08-07,685.1,690.0,7183
SMB,2026-08-07,1830.0,1820.0,889
BNT,2026-08-07,11645.0,11645.0,10
MKCL,2026-08-07,1041.0,1075.0,2299
JBLB,2026-08-07,1260.1,1260.8,2340
ACLBSL,2026-08-07,920.0,917.0,393
GVL,2026-08-07,479.0,482.0,6322
KKHC,2026-08-07,320.0,323.0,425658
UPPER,2026-08-07,194.0,192.0,96273
MLBBL,2026-08-07,1115.0,1119.0,306
VLUCL,2026-08-07,412.4,420.0,5158
PRVU,2026-08-07,192.3,191.0,132896
EBLD85,2026-08-07,1113.4,1060.0,2
BBC,2026-08-07,4208.0,4289.0,100
RMF2,2026-08-07,9.73,9.79,300
LSH12,2026-08-07,9.07,9.2,5900
MLBS,2026-08-07,1130.0,1152.5,158
MDB,2026-08-07,576.2,578.2,3256
VLBS,2026-08-07,655.0,666.0,1433
SEF2,2026-08-07,9.1,9.15,38577
SAGAR,2026-08-07,1725.0,1750.0,4058
SHPC,2026-08-07,505.0,498.5,12536
TRH,2026-08-07,792.0,790.0,2221
KEF,2026-08-07,10.8,10.5,127690
MBL,2026-08-07,253.0,255.0,87239
IGI,2026-08-07,429.0,430.0,7761
NMIC,2026-08-07,932.8,910.0,1872
SYPNL,2026-08-07,1242.0,1284.0,22646
SMHL,2026-08-07,499.0,494.0,19476
SKHEL,2026-08-07,960.3,990.0,1482
SLCF,2026-08-07,9.25,9.52,325
GFCL,2026-08-07,603.0,605.0,5011
GIBF1,2026-08-07,10.7,10.75,2100
SFMF,2026-08-07,10.2,10.2,1460
LEC,2026-08-07,235.2,221.2,76335
STC,2026-08-07,5250.0,5180.0,515
RURU,2026-08-07,604.0,614.0,10900
RADHI,2026-08-07,719.0,711.0,64637
RHPL,2026-08-07,244.4,259.0,4000
HLBSL,2026-08-07,870.0,870.0,217
ECL,2026-08-07,1532.0,1665.0,31215
NMBMF,2026-08-07,600.4,616.0,707
NMFBS,2026-08-07,1106.0,1101.4,7110
SFEF,2026-08-07,9.8,9.98,33700
CHCL,2026-08-07,493.7,486.0,6116
SINDU,2026-08-07,690.1,691.0,9207
MKHC,2026-08-07,271.6,280.0,356138
JSLBB,2026-08-07,980.0,980.0,200
SBL,2026-08-07,411.0,410.0,86200
SMFBS,2026-08-07,1585.0,1493.1,374
CORBL,2026-08-07,1035.0,1065.0,28501
CZBILP,2026-08-07,100.0,100.0,722042
ADBL,2026-08-07,309.0,307.9,45973
RMF1,2026-08-07,9.5,9.67,18250
RBBF40,2026-08-07,9.49,9.01,1948
SEF,2026-08-07,9.6,9.91,1410
MLBSL,2026-08-07,1601.0,1620.0,445
NICGF2,2026-08-07,9.05,9.18,1010
HIDCL,2026-08-07,252.1,254.0,20564
BARUN,2026-08-07,321.1,321.2,16558
SAGF,2026-08-07,10.26,10.26,100
NUBL,2026-08-07,602.0,605.4,2996
BHDC,2026-08-07,426.0,426.0,8716
NLG,2026-08-07,551.0,570.0,1670
SSHL,2026-08-07,205.0,200.3,78553
NMB,2026-08-07,242.0,243.1,49980
NMLBBL,2026-08-07,525.6,515.1,6361
NHPC,2026-08-07,263.3,273.0,191698
SMPDA,2026-08-07,755.0,745.0,564
CREST,2026-08-07,1253.7,1189.0,6706
NIBLSTF,2026-08-07,8.6,8.79,6700
SOPL,2026-08-07,760.0,792.0,33277
PMLI,2026-08-07,431.1,437.5,1893
SLBSL,2026-08-07,995.0,982.1,1298
BHCL,2026-08-07,486.0,489.0,16680
USHL,2026-08-07,525.4,538.9,1505
MMKJL,2026-08-07,455.0,454.9,6085
NICFC,2026-08-07,9.1,9.37,4800
TTL,2026-08-07,710.5,710.0,16478
MFIL,2026-08-07,755.0,775.0,16576
HPPL,2026-08-07,384.0,380.0,165076
SAIL,2026-08-07,1053.9,1090.0,28817
LSL,2026-08-07,222.0,220.2,58669
CSY,2026-08-07,9.0,8.85,29643
SONA,2026-08-07,401.2,408.0,23274
SBI,2026-08-07,401.0,405.9,10867
JBBL,2026-08-07,350.0,340.0,31771
SHLB,2026-08-07,1451.0,1475.0,108
KBSH,2026-08-07,950.0,980.0,22696
SJCL,2026-08-07,269.0,273.5,6788
MNMF1,2026-08-07,9.53,9.8,13700
NABBC,2026-08-07,840.0,825.4,13163
NMBHF2,2026-08-07,9.53,9.7,16200
EBL,2026-08-07,734.0,723.0,23131
SICL,2026-08-07,610.1,609.1,10149
NRIC,2026-08-07,935.0,932.0,7177
DHEL,2026-08-07,575.0,584.9,19481
MHL,2026-08-07,465.0,470.0,3960
IHL,2026-08-07,348.0,346.0,4109
ULBSL,2026-08-07,2748.0,2738.0,586
KBLD89,2026-08-07,1290.0,1275.0,1200
GUFL,2026-08-07,570.0,569.9,10774
SIKLES,2026-08-07,555.5,559.0,5586
HEI,2026-08-07,532.2,534.0,2186
KAHL,2026-08-07,554.5,542.2,31077
NICL,2026-08-07,513.4,499.0,10404
DORDI,2026-08-07,251.0,247.0,28902
SARBTM,2026-08-07,802.0,785.0,2373
NIBSF2,2026-08-07,8.74,8.76,600
ULHC,2026-08-07,388.0,379.0,124394
MPFL,2026-08-07,601.1,613.0,7828
MATRI,2026-08-07,815.0,811.0,488
AHL,2026-08-07,413.0,414.0,2712
SHINED,2026-08-07,1095.0,1095.0,50
PROFL,2026-08-07,423.0,420.0,13809
KSBBL,2026-08-07,470.1,473.6,14143
NICSF,2026-08-07,8.56,8.9,6700
SAEF2,2026-08-07,9.4,9.5,12800
SGHL,2026-08-07,525.0,518.0,50921
SMATA,2026-08-07,725.5,728.0,1029
UMHL,2026-08-07,570.0,583.0,28870
LUK,2026-08-07,10.69,10.69,1300
MEHL,2026-08-07,294.1,296.0,3838
BEDC,2026-08-07,321.6,323.0,14378
DLBS,2026-08-07,1182.1,1165.0,223
EDBL,2026-08-07,575.0,584.0,1460
ILI,2026-08-07,409.0,412.4,5178
MANDU,2026-08-07,802.0,798.0,5828
BJHL,2026-08-07,700.0,694.0,4666
RSY,2026-08-07,10.31,10.26,5300
ALICL,2026-08-07,424.8,422.0,5448
CBBL,2026-08-07,929.9,929.0,7453
NABILD2089,2026-08-07,1040.0,1040.0,25
CKHL,2026-08-07,561.5,584.0,672
RLFL,2026-08-07,465.0,452.6,10292
SPL,2026-08-07,647.0,652.0,2378
MEN,2026-08-07,595.0,595.1,43063
NBF3,2026-08-07,9.51,9.55,4830
JHAPA,2026-08-07,1086.0,1090.0,4949
API,2026-08-07,331.0,330.0,82236
NMB50,2026-08-07,10.7,10.38,7283
SAHAS,2026-08-07,672.1,671.9,46722
ILBS,2026-08-07,878.9,876.9,1049
HBL,2026-08-07,194.0,194.8,33399
BPCL,2026-08-07,648.0,650.0,3243
EHPL,2026-08-07,353.0,344.0,5513
SNLI,2026-08-07,416.0,414.0,11773
UHEWA,2026-08-07,565.1,582.0,27628
KHPL,2026-08-07,810.0,816.0,6987
BANDIPUR,2026-08-07,695.0,692.0,34855
SBID83,2026-08-07,1031.1,1031.0,100
SLBBL,2026-08-07,793.0,802.0,1646
GLH,2026-08-07,255.0,256.9,15144
SIGS3,2026-08-07,10.5,10.55,535
MABEL,2026-08-07,595.0,593.0,3650
SKBBL,2026-08-07,752.0,749.9,5056
MKHL,2026-08-07,483.2,494.9,829
PSF,2026-08-07,11.8,12.0,3800
SMH,2026-08-07,534.0,506.0,6919
AKJCL,2026-08-07,392.7,362.1,322090
H8020,2026-08-07,11.9,12.2,3900
ALBSL,2026-08-07,1050.0,1091.0,3178
HATHY,2026-08-07,681.2,693.0,4014
PURE,2026-08-07,830.0,820.0,20112
UAIL,2026-08-07,433.1,440.7,14840
HDL,2026-08-07,1170.0,1167.0,12427
NICA,2026-08-07,327.0,326.0,43627
SANVI,2026-08-07,595.1,590.0,10045
APHL,2026-08-07,825.8,828.0,10060
HHL,2026-08-07,340.0,337.0,8753
NGPL,2026-08-07,413.7,408.7,74059
DDBL,2026-08-07,825.0,829.0,3294
NADEP,2026-08-07,730.0,729.0,570
KBL,2026-08-07,218.0,215.0,187087
SALICO,2026-08-07,586.0,589.0,4215
PMHPL,2026-08-07,312.1,318.0,6014
LICN,2026-08-07,790.0,774.9,1328
SABBL,2026-08-07,985.0,979.0,24385
JFL,2026-08-07,385.0,384.5,6409
SHINE,2026-08-07,408.5,407.2,7440
YMHL,2026-08-07,639.7,621.8,26605
BUNGAL,2026-08-07,556.0,584.8,12856
SIPD,2026-08-07,690.0,680.0,15418
RIDI,2026-08-07,384.9,375.0,606959
PRSF,2026-08-07,12.91,12.91,9400
SHL,2026-08-07,498.6,499.1,16785
TVCL,2026-08-07,475.0,482.0,2631
NESDO,2026-08-07,1455.0,1458.0,774
GILB,2026-08-07,1090.0,1070.0,498
PRIN,2026-08-07,670.5,666.0,3998
USLB,2026-08-07,1125.0,1125.0,1018
KSY,2026-08-07,9.23,9.52,43030
AHPC,2026-08-07,268.8,265.9,37465
MLBL,2026-08-07,353.8,350.9,19251
TAMOR,2026-08-07,446.0,445.1,9540
GMFBS,2026-08-07,1218.0,1154.0,1933
MSLB,2026-08-07,1230.0,1258.0,909
JOSHI,2026-08-07,288.0,283.0,73222
GBIME,2026-08-07,252.3,251.0,157185
GSY,2026-08-07,9.5,9.52,56540
HEIP,2026-08-07,337.9,332.0,3160
MHNL,2026-08-07,237.7,242.0,3176
PPL,2026-08-07,313.5,328.4,9314
PCBL,2026-08-07,244.5,240.0,41391
NIMB,2026-08-07,196.1,195.0,75911
GBIMESY2,2026-08-07,8.98,9.11,8000
ICFC,2026-08-07,601.1,603.0,7627
SWASTIK,2026-08-07,2020.0,2040.0,441
KPCL,2026-08-07,468.1,468.0,3501
HRL,2026-08-07,604.3,583.0,32994
NSIF2,2026-08-07,10.65,10.8,48900
GLBSL,2026-08-07,1801.0,1795.9,279
UNHPL,2026-08-07,381.5,375.0,7991
BOKD86KA,2026-08-07,1111.1,1111.1,50
SAPDBL,2026-08-07,800.0,839.9,24319
CHL,2026-08-07,265.0,268.0,23013
CZBIL,2026-08-07,203.0,202.0,26917
HURJA,2026-08-07,238.0,238.0,29557
HFIN,2026-08-07,701.0,699.0,21761
NIL,2026-08-07,615.0,615.9,8458
ADBLD83,2026-08-07,1023.6,1023.6,25
GRDBL,2026-08-07,1030.0,1049.0,9453
TPKHL,2026-08-07,529.9,554.0,37966
SPHL,2026-08-07,520.0,524.0,8181
SOHL,2026-08-07,662.0,688.0,578177
NBL,2026-08-07,265.1,269.9,72438
BFC,2026-08-07,502.0,494.0,30161
HDHPC,2026-08-07,210.0,208.0,71273
CYCL,2026-08-07,1282.0,1280.0,1208
DHPL,2026-08-07,307.0,290.0,1477
RLEL,2026-08-07,928.0,890.0,4579
BGWT,2026-08-07,542.0,556.0,501
BHL,2026-08-07,210.0,208.9,44962
MCHL,2026-08-07,285.0,282.0,4818
MBJC,2026-08-07,266.0,267.0,4538
NABIL,2026-08-07,552.0,556.0,83780
NICLBSL,2026-08-07,545.2,547.0,7143
CLI,2026-08-07,440.0,443.9,18558
NBF2,2026-08-07,9.81,10.1,2280
UPCL,2026-08-07,346.1,350.0,17545
SHEL,2026-08-07,305.0,307.0,47541
AKPL,2026-08-07,256.1,256.6,40985
OHL,2026-08-07,652.0,665.0,2378
MAKAR,2026-08-07,435.0,429.8,31056
GBLBS,2026-08-07,731.2,738.0,1327
SADBL,2026-08-07,411.0,408.4,3960
NIMBPO,2026-08-07,145.9,145.0,27255
NWCL,2026-08-07,681.0,688.0,4545
CFCL,2026-08-07,642.0,660.0,45130
NIFRA,2026-08-07,246.0,245.1,40495
SMJC,2026-08-07,467.0,458.0,212329
HIDCLP,2026-08-07,189.9,187.5,54196
GCIL,2026-08-07,350.0,345.0,13380
NFS,2026-08-07,568.0,567.4,1379
FOWAD,2026-08-07,949.8,930.0,3506
KDBY,2026-08-07,11.11,11.09,29060
USHEC,2026-08-07,497.0,497.0,6636
SRLI,2026-08-07,372.0,374.0,17635
FMDBL,2026-08-07,758.0,781.0,49122
SJLIC,2026-08-07,412.0,412.6,6494
NRN,2026-08-07,1387.0,1371.0,51374
NRM,2026-08-07,308.1,305.1,4650
PCIL,2026-08-07,630.0,622.3,23281
PBD84,2026-08-07,1069.0,1069.0,25
UMRH,2026-08-07,528.3,526.1,3386
CBLD88,2026-08-07,1162.0,1230.0,8040
NHDL,2026-08-07,635.0,640.0,3032
CITY,2026-08-07,356.0,371.0,100371
GMFIL,2026-08-07,457.2,456.3,5395
RHGCL,2026-08-07,259.0,258.1,12524
MKJC,2026-08-07,455.8,453.0,6876
PHCL,2026-08-07,294.2,296.0,27204
OMPL,2026-08-07,910.0,893.0,4184
AVYAN,2026-08-07,1036.0,1053.0,6060
RSML,2026-08-07,2540.0,2620.0,27037
SPDL,2026-08-07,345.0,368.0,27048
ENL,2026-08-07,791.0,799.9,160
SGIC,2026-08-07,455.4,452.0,10822
WNLB,2026-08-07,1326.0,1351.0,166
CGH,2026-08-07,778.0,785.1,60218
LLBS,2026-08-07,871.0,885.0,155
SCB,2026-08-06,625.0,654.0,15658
BPCL,2026-08-06,645.0,653.0,31224
NHPC,2026-08-06,282.8,277.1,683738
SHINE,2026-08-06,410.2,408.2,20045
EDBL,2026-08-06,594.0,587.9,645
MNBBL,2026-08-06,370.0,369.5,10573
NBF3,2026-08-06,9.58,9.51,26710
SOPL,2026-08-06,807.2,800.0,36365
UAIL,2026-08-06,441.0,441.4,6261
KDBY,2026-08-06,11.03,11.11,101050
MABEL,2026-08-06,589.0,595.6,4965
JHAPA,2026-08-06,1108.0,1098.0,2330
NRIC,2026-08-06,940.0,938.9,16972
HLBSL,2026-08-06,870.0,880.0,1816
MHNL,2026-08-06,239.5,239.9,14350
KBL,2026-08-06,229.9,216.0,289577
ULHC,2026-08-06,350.0,407.2,16882
UPPER,2026-08-06,197.0,194.1,47333
HFIN,2026-08-06,702.5,709.0,16550
ACLBSL,2026-08-06,930.0,920.0,423
BFC,2026-08-06,513.9,502.0,25711
TRH,2026-08-06,779.0,792.0,4398
NICA,2026-08-06,329.2,327.9,69912
NLICL,2026-08-06,562.0,570.0,7846
SIKLES,2026-08-06,558.3,560.0,8631
NRM,2026-08-06,307.0,310.5,3279
TVCL,2026-08-06,471.0,475.1,10049
KBLD89,2026-08-06,1275.0,1275.0,100
NFS,2026-08-06,570.0,568.0,1584
BHCL,2026-08-06,492.1,494.0,15068
GHL,2026-08-06,231.0,228.5,38653
HDL,2026-08-06,1174.0,1167.0,15131
RMF1,2026-08-06,9.55,9.68,2950
RBCLPO,2026-08-06,11380.0,11380.0,15
AHL,2026-08-06,410.4,413.1,248
VLBS,2026-08-06,666.0,665.0,1848
SKHL,2026-08-06,906.0,890.0,6582
SFMF,2026-08-06,10.01,10.2,2345
LBBL,2026-08-06,504.0,491.0,94128
CCBD88,2026-08-06,1177.0,1177.0,25
MHL,2026-08-06,482.0,468.5,2541
USLB,2026-08-06,1116.0,1138.7,432
JFL,2026-08-06,391.1,391.0,3205
PRVU,2026-08-06,184.0,192.3,76081
NBLD82,2026-08-06,1023.5,1023.1,50
CSY,2026-08-06,9.0,9.02,5464
NABBC,2026-08-06,829.9,843.0,34024
SAIL,2026-08-06,1085.0,1099.0,40111
SGHC,2026-08-06,321.8,318.5,77022
ADBL,2026-08-06,304.0,308.8,143216
BBC,2026-08-06,4300.0,4278.0,505
SMFBS,2026-08-06,1535.0,1525.0,390
GFCL,2026-08-06,604.0,603.0,6743
PRIN,2026-08-06,661.1,670.5,1869
DHEL,2026-08-06,580.0,576.0,14035
CFCL,2026-08-06,646.0,675.0,182547
SKHEL,2026-08-06,986.0,989.0,2791
FMDBL,2026-08-06,759.0,758.0,6627
NWCL,2026-08-06,681.3,696.9,656
ALBSL,2026-08-06,1066.0,1085.0,4393
SAGAR,2026-08-06,1750.0,1750.0,11449
GMFIL,2026-08-06,472.0,455.3,6873
CHCL,2026-08-06,494.0,492.0,9452
GBIMEP,2026-08-06,101.6,101.6,22018
NESDO,2026-08-06,1489.0,1469.0,661
PBD85,2026-08-06,1060.0,1060.0,50
CBLD88,2026-08-06,1170.0,1150.0,6
KPCL,2026-08-06,475.0,468.1,6060
RAWA,2026-08-06,432.0,425.9,10371
RIDI,2026-08-06,385.0,384.9,1213509
EDBLPO,2026-08-06,324.0,324.0,84485
SMB,2026-08-06,1800.0,1800.0,902
SPDL,2026-08-06,389.0,362.4,34094
NMBHF2,2026-08-06,9.53,9.6,2800
SAPDBL,2026-08-06,818.9,817.0,18015
RFPL,2026-08-06,325.1,333.2,11147
ENL,2026-08-06,815.0,791.0,580
MLBBL,2026-08-06,1117.0,1121.0,1592
NABILD2089,2026-08-06,1040.0,1040.0,25
SSHL,2026-08-06,205.0,202.5,71658
MCHL,2026-08-06,282.0,280.1,4588
SNLI,2026-08-06,419.0,415.3,15725
CITY,2026-08-06,390.0,374.0,82999
RSDC,2026-08-06,637.1,635.0,2729
DHPL,2026-08-06,307.6,293.0,6643
SARBTM,2026-08-06,781.0,783.0,2374
GCIL,2026-08-06,353.0,350.0,9521
GBBL,2026-08-06,418.3,421.0,85460
SMJC,2026-08-06,418.0,449.9,17151
SNORL,2026-08-06,916.0,881.6,20417
CYCL,2026-08-06,1299.0,1290.0,389
HIMSTAR,2026-08-06,709.0,708.0,2781
GBIMESY2,2026-08-06,8.93,9.2,2900
WNLB,2026-08-06,1323.6,1335.0,49
SYPNL,2026-08-06,1251.2,1280.0,61852
MERO,2026-08-06,665.3,666.0,596
HIDCL,2026-08-06,259.0,254.6,20967
SMPDA,2026-08-06,775.0,750.0,2936
NLIC,2026-08-06,747.0,743.8,31459
MMF1,2026-08-06,9.24,8.75,1700
DLBS,2026-08-06,1215.0,1182.1,1233
NICD88,2026-08-06,1100.0,1100.0,50
MBLD2085,2026-08-06,1188.3,1188.3,125
MKJC,2026-08-06,455.7,457.0,2753
KBSH,2026-08-06,935.0,970.0,24488
SBI,2026-08-06,388.5,406.4,2968
MSHL,2026-08-06,606.0,609.0,189
PMHPL,2026-08-06,312.0,319.0,11044
SBD89,2026-08-06,1200.0,1200.0,11
HEIP,2026-08-06,337.5,337.5,10
CHL,2026-08-06,266.0,270.0,26406
SPL,2026-08-06,680.0,663.0,700
HPPL,2026-08-06,385.1,388.0,110658
KBLD86,2026-08-06,1125.0,1080.0,2
NICLBSL,2026-08-06,546.1,549.0,999
UNHPL,2026-08-06,385.0,379.0,23316
GRDBL,2026-08-06,1050.0,1047.8,24575
SOHL,2026-08-06,672.7,662.0,350719
SHPC,2026-08-06,501.0,499.9,12802
LSH12,2026-08-06,10.0,9.35,11700
RLEL,2026-08-06,885.0,886.0,3583
RURU,2026-08-06,615.0,612.1,4791
GLH,2026-08-06,257.0,257.4,19944
SHIVM,2026-08-06,646.0,645.0,46373
SRLI,2026-08-06,373.1,375.0,8668
GUFL,2026-08-06,561.0,575.9,28866
GIBF1,2026-08-06,10.7,10.98,5300
RBBF40,2026-08-06,9.02,9.04,14700
RNLI,2026-08-06,416.0,432.5,27466
EBLD85,2026-08-06,1127.0,1113.4,77
ANLB,2026-08-06,5400.0,5524.0,1194
LSL,2026-08-06,218.0,222.8,173938
EBL,2026-08-06,730.0,725.0,27393
RHPL,2026-08-06,258.0,256.5,9346
MFIL,2026-08-06,755.0,785.0,126180
SALICO,2026-08-06,594.0,586.0,4260
MBLEF,2026-08-06,10.0,10.28,7210
NLG,2026-08-06,575.0,567.0,8218
JSLBB,2026-08-06,1000.0,990.0,91
SLCF,2026-08-06,9.5,9.49,1488
PURE,2026-08-06,825.0,825.5,2721
MATRI,2026-08-06,810.1,812.2,393
SEF2,2026-08-06,9.2,9.16,26480
AKPL,2026-08-06,263.9,258.0,61982
BARUN,2026-08-06,318.0,322.7,28888
LEC,2026-08-06,229.9,224.0,105012
AHPC,2026-08-06,270.0,268.0,28461
SHL,2026-08-06,500.0,498.6,16007
C30MF,2026-08-06,10.01,9.9,600
MMKJL,2026-08-06,477.9,458.0,2213
ECL,2026-08-06,1500.0,1612.0,74398
AVYAN,2026-08-06,1055.7,1042.0,4987
GMFBS,2026-08-06,1200.0,1183.1,410
RHGCL,2026-08-06,262.9,261.0,16537
GLBSL,2026-08-06,1790.0,1801.0,123
SANVI,2026-08-06,600.0,597.0,3408
SJLIC,2026-08-06,412.5,414.2,8389
BHDC,2026-08-06,424.7,429.5,7379
RBCL,2026-08-06,14211.0,14300.0,59
OMPL,2026-08-06,904.0,905.0,2078
CREST,2026-08-06,1254.6,1194.0,3873
BNL,2026-08-06,14500.0,14500.0,10
USHEC,2026-08-06,493.0,496.1,2247
KMCDB,2026-08-06,757.6,760.2,1750
APHL,2026-08-06,830.0,828.0,10218
PCIL,2026-08-06,612.0,635.0,24618
SANIMA,2026-08-06,376.5,373.7,83168
ALICL,2026-08-06,423.0,424.8,6022
UMHL,2026-08-06,560.0,582.1,149441
RADHI,2026-08-06,745.0,715.0,25197
DORDI,2026-08-06,253.2,254.0,22370
SMATA,2026-08-06,721.2,732.0,468
MDB,2026-08-06,588.0,578.0,1905
BJHL,2026-08-06,670.0,704.0,6902
UAILPO,2026-08-06,251.0,251.0,38272
BEDC,2026-08-06,318.1,322.0,13876
NSY,2026-08-06,9.03,9.2,4500
NHDL,2026-08-06,644.0,641.0,2636
NIBLGF,2026-08-06,9.16,9.25,2800
MBL,2026-08-06,243.5,253.0,57765
NTC,2026-08-06,860.0,862.0,4505
MANDU,2026-08-06,810.0,806.0,1682
IHL,2026-08-06,354.0,348.0,5844
RSML,2026-08-06,2600.0,2541.6,49202
SGHL,2026-08-06,513.4,525.6,121282
KSY,2026-08-06,9.47,9.5,973
NBLD87,2026-08-06,1061.1,1061.1,10
CZBIL,2026-08-06,205.0,202.0,42559
JBBD87,2026-08-06,1108.0,1111.0,105
SAEF2,2026-08-06,10.0,9.5,26800
RSY,2026-08-06,10.4,10.25,11700
MLBS,2026-08-06,1135.0,1119.0,425
SAHAS,2026-08-06,680.0,672.0,49816
SIGS3,2026-08-06,10.65,10.5,400
FOWAD,2026-08-06,935.0,927.1,3048
SIFC,2026-08-06,503.0,510.0,5130
IGI,2026-08-06,439.0,429.0,5369
DDBL,2026-08-06,830.0,835.0,5724
NICBF,2026-08-06,9.07,9.1,600
JOSHI,2026-08-06,305.9,284.0,73622
HBL,2026-08-06,187.5,194.9,146075
GBBD85,2026-08-06,1050.0,1050.0,25
NICGF2,2026-08-06,8.85,9.18,2300
SIPD,2026-08-06,681.0,690.0,16708
NBF2,2026-08-06,9.94,9.9,3100
MLBSL,2026-08-06,1635.0,1600.0,1081
GILB,2026-08-06,1094.0,1090.0,1002
NIFRAGED,2026-08-06,1028.0,1028.0,30
TTL,2026-08-06,715.2,716.1,6563
SWMF,2026-08-06,605.2,610.0,3929
MEL,2026-08-06,212.2,214.6,13496
BHPL,2026-08-06,521.0,499.0,5470
LVF2,2026-08-06,9.51,9.3,800
PCBL,2026-08-06,242.5,240.1,44619
NADEP,2026-08-06,774.0,730.0,1051
GVL,2026-08-06,480.0,480.2,4787
MEHL,2026-08-06,308.0,297.0,6632
UNLB,2026-08-06,1237.0,1257.9,1195
TSHL,2026-08-06,372.0,372.2,7072
GSY,2026-08-06,9.51,9.51,3450
SLBSL,2026-08-06,990.0,999.1,1012
KDL,2026-08-06,774.0,780.0,1242
KAHL,2026-08-06,530.0,554.5,89655
MKHC,2026-08-06,285.0,285.8,12603
GBLBS,2026-08-06,743.9,737.0,749
SADBL,2026-08-06,411.0,409.0,20287
UPCL,2026-08-06,355.0,351.0,22402
SPC,2026-08-06,422.0,420.0,3894
ICFCD89,2026-08-06,1081.1,1090.0,150
SPHL,2026-08-06,522.1,520.0,2656
NGPL,2026-08-06,409.9,412.8,139627
GBIME,2026-08-06,265.8,252.3,246981
HLICF,2026-08-06,8.66,8.5,1770
SABBL,2026-08-06,980.2,985.0,15857
CORBL,2026-08-06,990.0,1025.0,88936
VLUCL,2026-08-06,415.1,419.0,874
HDHPC,2026-08-06,213.9,209.9,80586
PRSF,2026-08-06,12.9,12.89,2850
NIBD84,2026-08-06,1035.3,1035.3,50
HURJA,2026-08-06,245.0,239.1,34513
SKBBL,2026-08-06,755.0,750.5,6771
PROFLP,2026-08-06,236.0,236.0,106
HHL,2026-08-06,344.9,336.4,31851
UMRH,2026-08-06,539.0,535.1,10683
ULBSL,2026-08-06,2720.2,2700.5,472
KHPL,2026-08-06,830.4,818.0,10504
HIDCLP,2026-08-06,191.4,189.9,33728
MHCL,2026-08-06,321.0,312.1,5370
YMHL,2026-08-06,639.6,639.7,47920
API,2026-08-06,331.2,331.9,102691
MAKAR,2026-08-06,459.0,435.0,14216
SJCL,2026-08-06,274.0,272.5,4683
NICL,2026-08-06,505.0,500.0,18496
PPL,2026-08-06,309.3,330.0,19653
NMFBS,2026-08-06,1105.1,1105.0,3282
NIFRA,2026-08-06,245.0,246.0,26888
CBBL,2026-08-06,925.5,929.9,5944
SBL,2026-08-06,415.0,411.0,105901
NSIF2,2026-08-06,10.74,10.68,83800
JBBL,2026-08-06,350.1,343.0,46913
UHEWA,2026-08-06,600.0,571.8,14399
NMIC,2026-08-06,928.0,913.0,3014
NRN,2026-08-06,1382.0,1387.0,59207
SICL,2026-08-06,610.5,616.9,1397
KSBBL,2026-08-06,473.1,472.0,18622
BNHC,2026-08-06,291.0,291.0,85327
CLI,2026-08-06,442.0,440.1,6652
USHL,2026-08-06,565.9,539.0,675
SBCF,2026-08-06,9.3,9.5,9610
EHPL,2026-08-06,365.2,344.0,4094
NIBLSTF,2026-08-06,8.3,8.79,17927
NIL,2026-08-06,615.0,615.1,5407
NYADI,2026-08-06,363.3,372.2,6040
GMLI,2026-08-06,1117.0,1104.0,3222
SLBBL,2026-08-06,802.0,798.3,2203
BUNGAL,2026-08-06,588.0,585.1,20057
AKJCL,2026-08-06,385.4,374.0,707966
SONA,2026-08-06,403.0,403.0,18577
MSLB,2026-08-06,1265.0,1255.0,2572
HLI,2026-08-06,320.0,319.9,26906
SHEL,2026-08-06,305.0,306.9,78427
ILI,2026-08-06,415.8,411.2,13476
NIMB,2026-08-06,206.3,195.9,119875
SHLB,2026-08-06,1440.0,1476.9,74
SMH,2026-08-06,512.0,509.0,10300
MEN,2026-08-06,600.0,600.1,36224
CIT,2026-08-06,1711.0,1710.0,1738
BANDIPUR,2026-08-06,709.0,697.0,28780
ICFC,2026-08-06,606.1,605.0,3311
MLBL,2026-08-06,357.0,354.3,13045
MBJC,2026-08-06,265.1,267.4,13296
NBL,2026-08-06,255.5,269.0,55321
MKCL,2026-08-06,1075.0,1062.0,3386
MPFL,2026-08-06,606.0,611.0,7322
NMLBBL,2026-08-06,512.0,516.0,13451
PSF,2026-08-06,11.79,11.8,900
HRL,2026-08-06,617.0,584.0,37238
PBLD87,2026-08-06,1080.0,1080.0,100
MLBLD89,2026-08-06,1279.0,1279.0,10
H8020,2026-08-06,11.75,12.2,10858
OHL,2026-08-06,667.0,670.0,1730
PROFL,2026-08-06,425.0,423.1,5125
SMHL,2026-08-06,500.0,493.1,62515
TPC,2026-08-06,363.0,360.3,44556
NMBMF,2026-08-06,601.0,614.7,96
HATHY,2026-08-06,681.0,685.9,2640
NICSF,2026-08-06,8.6,8.56,500
MNMF1,2026-08-06,9.6,9.6,2000
KKHC,2026-08-06,320.0,320.0,525282
RLFL,2026-08-06,469.0,457.0,13466
SINDU,2026-08-06,700.0,700.0,12222
SPIL,2026-08-06,682.1,687.0,1689
SFEF,2026-08-06,9.85,9.85,300
SEF,2026-08-06,9.8,9.81,4489
SWASTIK,2026-08-06,2040.0,2025.0,190
SGIC,2026-08-06,456.7,456.3,9121
NICFC,2026-08-06,9.1,9.13,2100
NUBL,2026-08-06,602.0,613.0,2259
CHDC,2026-08-06,2228.0,2218.0,20810
BNT,2026-08-06,11610.0,11610.0,25
SWBBL,2026-08-06,711.9,673.0,7175
NABIL,2026-08-06,568.0,552.0,53215
HEI,2026-08-06,539.9,537.0,2732
TAMOR,2026-08-06,448.2,450.0,23440
NMB,2026-08-06,247.1,243.9,67206
STC,2026-08-06,5200.0,5200.0,20
PPCL,2026-08-06,358.0,340.0,10682
ILBS,2026-08-06,870.0,879.0,1129
NMB50,2026-08-06,10.32,10.6,4900
BGWT,2026-08-06,573.0,557.0,983
PHCL,2026-08-06,299.0,297.5,28105
NMBD87/88,2026-08-06,1100.0,1100.0,100
PMLI,2026-08-06,437.0,438.7,2069
JBLB,2026-08-06,1260.0,1260.0,4808
DOLTI,2026-08-06,322.0,320.0,19633
TPKHL,2026-08-06,533.0,552.0,76497
LICN,2026-08-06,780.0,776.0,5452
KEF,2026-08-06,10.5,10.5,18171
CKHL,2026-08-06,575.2,578.2,633
RMF2,2026-08-06,9.64,9.85,600
SRBLD83,2026-08-06,1015.0,1015.0,25
BHL,2026-08-06,211.0,210.0,71067
LLBS,2026-08-06,867.3,894.8,70
CGH,2026-08-06,790.0,778.3,16702
NIMBPO,2026-08-06,144.0,142.0,27298
MKHL,2026-08-06,480.2,495.3,6620
NIBSF2,2026-08-06,8.6,9.0,52174
SBLD2091,2026-08-05,1060.0,1073.5,175
HURJA,2026-08-05,241.0,239.9,52381
CREST,2026-08-05,1199.0,1194.9,2332
UMHL,2026-08-05,560.0,576.0,33291
MABEL,2026-08-05,585.1,599.0,4825
NIBLSTF,2026-08-05,8.55,8.55,690
SAHAS,2026-08-05,675.0,675.0,71042
SJCL,2026-08-05,272.0,277.8,5226
KBSH,2026-08-05,959.0,949.0,8584
NIFRAGED,2026-08-05,1028.0,1028.0,25
GMLI,2026-08-05,1110.0,1117.0,2078
SPDL,2026-08-05,362.0,371.0,98435
NIMBPO,2026-08-05,143.3,143.6,1119
NIBLGF,2026-08-05,9.43,9.43,100
NMB,2026-08-05,252.0,246.5,31890
NUBL,2026-08-05,617.8,610.0,992
RNLI,2026-08-05,430.1,437.7,9514
PRIN,2026-08-05,661.0,670.0,809
RLFL,2026-08-05,492.3,459.9,37185
NBL,2026-08-05,269.0,268.7,31003
API,2026-08-05,331.8,332.0,68858
BJHL,2026-08-05,670.0,700.0,11305
FMDBL,2026-08-05,769.0,760.0,4838
PPCL,2026-08-05,323.6,341.0,6384
CLI,2026-08-05,443.0,445.8,6235
ULBSL,2026-08-05,2749.9,2748.0,387
HHL,2026-08-05,344.0,337.0,9684
NSY,2026-08-05,9.3,9.3,4200
HLI,2026-08-05,323.0,321.8,19847
SBCF,2026-08-05,9.5,9.5,3135
NRN,2026-08-05,1450.0,1394.0,77340
SBID2090,2026-08-05,1050.0,1050.0,25
WNLB,2026-08-05,1333.1,1340.0,163
LLBS,2026-08-05,890.0,889.0,138
LICN,2026-08-05,790.0,784.5,12044
SBL,2026-08-05,417.0,417.0,206225
SMPDA,2026-08-05,747.0,755.0,2254
PURE,2026-08-05,827.0,837.6,1616
MLBSL,2026-08-05,1640.0,1635.1,497
NBLD82,2026-08-05,1055.0,1024.0,25
GSY,2026-08-05,9.51,9.69,7510
HLBSL,2026-08-05,868.0,890.0,734
GBIMESY2,2026-08-05,9.02,9.2,1250
KEF,2026-08-05,10.46,10.51,2500
NSIF2,2026-08-05,10.75,10.74,24700
NIL,2026-08-05,619.5,617.1,4926
JBLB,2026-08-05,1260.0,1261.0,3508
TPKHL,2026-08-05,520.6,545.0,28402
AKPL,2026-08-05,265.0,260.7,40866
NTC,2026-08-05,870.0,865.8,31100
SADBL,2026-08-05,413.8,411.0,9807
SKHL,2026-08-05,880.0,910.0,7276
GILB,2026-08-05,1095.0,1094.0,1243
NFS,2026-08-05,579.9,570.0,2058
MFIL,2026-08-05,765.0,773.0,69920
RMF2,2026-08-05,9.63,9.63,100
UAIL,2026-08-05,442.0,444.9,6166
EBLD85,2026-08-05,1154.7,1127.0,81
ALICL,2026-08-05,423.3,425.1,15400
SWBBL,2026-08-05,705.0,678.0,9539
AVYAN,2026-08-05,1010.0,1025.0,850
NMLBBL,2026-08-05,514.0,512.3,5250
RBCL,2026-08-05,14230.0,14230.0,10
BGWT,2026-08-05,557.0,573.0,3687
NBF3,2026-08-05,9.6,9.65,12240
SPC,2026-08-05,416.0,422.7,3826
GFCL,2026-08-05,610.0,604.1,10386
BFC,2026-08-05,505.2,506.0,21575
SALICO,2026-08-05,599.8,598.0,3879
BARUN,2026-08-05,322.0,324.0,6273
KSY,2026-08-05,9.47,9.75,530
NICAD2091,2026-08-05,1050.0,1050.0,25
SOPL,2026-08-05,810.0,815.0,23188
CGH,2026-08-05,782.0,778.5,5325
GWFD83,2026-08-05,1030.2,1085.0,2
SKBBL,2026-08-05,765.0,752.0,9107
CKHL,2026-08-05,575.8,592.9,1290
NIMBD90,2026-08-05,1253.3,1253.3,60
JHAPA,2026-08-05,1104.1,1112.0,4866
SAIL,2026-08-05,1090.0,1125.8,24492
NIFRA,2026-08-05,233.9,247.0,43465
PPL,2026-08-05,320.0,325.5,5815
TVCL,2026-08-05,473.0,473.1,2270
CIT,2026-08-05,1720.0,1710.1,2849
NMBD2085,2026-08-05,1140.0,1140.0,100
JFL,2026-08-05,387.1,389.1,3630
UNL,2026-08-05,47800.0,48000.0,20
SHLB,2026-08-05,1446.0,1450.0,30
HBL,2026-08-05,200.0,197.3,42244
RBBD2088,2026-08-05,1055.9,1056.0,50
RMF1,2026-08-05,9.58,9.55,15880
MCHL,2026-08-05,287.0,286.7,5761
KSBBL,2026-08-05,473.1,475.0,15768
NRM,2026-08-05,310.0,312.5,4257
DOLTI,2026-08-05,324.8,322.0,16541
SKHEL,2026-08-05,957.0,986.1,1492
SRBLD83,2026-08-05,1008.1,1008.1,25
NLIC,2026-08-05,749.0,748.7,10936
RIDI,2026-08-05,363.0,384.0,931453
CITY,2026-08-05,348.8,378.9,121792
SIKLES,2026-08-05,555.7,560.0,15123
DDBL,2026-08-05,837.9,831.0,11008
KHPL,2026-08-05,826.0,843.0,12729
NICGF2,2026-08-05,9.04,9.05,1600
NICA,2026-08-05,346.5,329.1,49029
CHL,2026-08-05,280.0,274.5,29174
PBLD84,2026-08-05,1087.0,1057.2,30
NMB50,2026-08-05,10.5,10.43,7655
MKJC,2026-08-05,458.0,460.0,2086
NICLBSL,2026-08-05,550.0,548.0,4346
KBLD86,2026-08-05,1180.0,1125.0,3
MHCL,2026-08-05,310.0,312.1,1370
PCIL,2026-08-05,670.0,644.0,39848
NICBF,2026-08-05,9.15,9.2,10550
GLBSL,2026-08-05,1710.0,1790.0,181
ADBLD83,2026-08-05,1025.0,1024.0,25
AHPC,2026-08-05,267.7,267.9,45466
MMF1,2026-08-05,8.77,9.27,11500
NESDO,2026-08-05,1460.0,1479.0,1037
CHDC,2026-08-05,2104.2,2228.0,12535
DLBS,2026-08-05,1248.6,1208.0,237
NICL,2026-08-05,528.1,503.0,4567
KBL,2026-08-05,226.0,219.0,326366
RSML,2026-08-05,2650.0,2619.0,31835
UNHPL,2026-08-05,388.0,379.9,9947
CFCL,2026-08-05,643.0,680.0,243275
GUFL,2026-08-05,561.3,563.0,16819
NABIL,2026-08-05,530.1,557.0,75852
SYPNL,2026-08-05,1254.0,1317.0,24063
RSDC,2026-08-05,640.0,637.1,2874
SRLI,2026-08-05,375.0,376.0,9359
VLUCL,2026-08-05,412.2,417.0,3234
PRSF,2026-08-05,12.97,12.88,13500
AHL,2026-08-05,409.0,415.0,2866
SHINE,2026-08-05,415.0,411.5,22342
GLH,2026-08-05,255.4,258.0,19639
MAKAR,2026-08-05,436.0,438.0,10730
ACLBSL,2026-08-05,915.0,930.0,1642
NWCL,2026-08-05,696.1,690.0,2631
KMCDB,2026-08-05,770.0,770.0,338
SIFC,2026-08-05,517.0,510.0,5279
SMJC,2026-08-05,460.0,440.0,8526
CIZBD90,2026-08-05,1190.0,1190.0,25
SLCF,2026-08-05,9.6,9.7,15600
NMFBS,2026-08-05,1110.0,1107.8,1913
YMHL,2026-08-05,602.0,639.6,21179
NABBC,2026-08-05,813.0,824.9,9349
HDHPC,2026-08-05,213.8,211.5,96936
MKHC,2026-08-05,288.9,287.0,17057
SIGS2,2026-08-05,10.8,10.8,200
TAMOR,2026-08-05,446.0,453.0,12052
RHGCL,2026-08-05,257.1,262.0,9625
SANIMA,2026-08-05,375.0,375.4,90544
HIMSTAR,2026-08-05,721.0,727.0,2432
OHL,2026-08-05,662.0,660.5,1028
TSHL,2026-08-05,389.0,380.0,2204
MLBS,2026-08-05,1123.3,1135.0,39
NMIC,2026-08-05,901.2,928.9,550
MERO,2026-08-05,656.1,665.3,2701
CZBIL,2026-08-05,206.0,204.9,50097
NLG,2026-08-05,585.0,585.0,4054
HRL,2026-08-05,615.0,588.0,48792
SFEF,2026-08-05,10.0,9.84,12620
SGIC,2026-08-05,458.0,459.8,1214
RADHI,2026-08-05,710.0,716.0,71244
SHEL,2026-08-05,302.2,306.9,27377
NMBMF,2026-08-05,610.0,617.9,1535
HPPL,2026-08-05,372.0,386.5,137172
GBBD85,2026-08-05,1056.0,1056.0,30
SHINED,2026-08-05,1084.0,1084.0,25
NMBHF2,2026-08-05,9.7,9.65,7110
NICFC,2026-08-05,9.1,9.12,1599
SGHL,2026-08-05,510.0,513.0,67404
KDL,2026-08-05,799.6,774.0,891
CSY,2026-08-05,9.05,9.06,5030
SEF,2026-08-05,10.0,10.0,100
MEN,2026-08-05,600.0,600.0,40438
UPCL,2026-08-05,357.0,353.0,26089
PHCL,2026-08-05,297.0,299.0,42180
SGHC,2026-08-05,312.0,318.0,25603
JSLBB,2026-08-05,985.0,985.0,50
C30MF,2026-08-05,10.25,10.25,550
RFPL,2026-08-05,333.8,330.5,13144
NHDL,2026-08-05,643.0,644.0,1157
NADEP,2026-08-05,716.0,737.2,957
MEL,2026-08-05,215.6,215.0,8332
SMFBS,2026-08-05,1581.0,1535.0,643
BNT,2026-08-05,11670.0,11700.0,90
OMPL,2026-08-05,904.0,924.9,1466
GBLBS,2026-08-05,732.3,743.9,1435
SARBTM,2026-08-05,795.0,788.0,4010
BNHC,2026-08-05,278.0,291.0,41465
RLEL,2026-08-05,878.0,898.0,6282
NBF2,2026-08-05,10.0,9.95,16600
RHPL,2026-08-05,256.0,258.0,6840
ULHC,2026-08-05,367.0,354.1,5447
MEHL,2026-08-05,300.0,299.9,5373
JBBL,2026-08-05,342.3,345.0,18013
KAHL,2026-08-05,521.0,530.0,38622
SIPD,2026-08-05,646.0,699.0,80355
KDBY,2026-08-05,10.88,11.3,88100
GMFBS,2026-08-05,1215.0,1215.0,309
APHL,2026-08-05,823.0,830.3,9248
UMRH,2026-08-05,532.09,540.0,12664
KKHC,2026-08-05,331.6,325.0,863331
NICSF,2026-08-05,8.8,8.8,5300
NHPC,2026-08-05,282.9,281.9,322098
MLBL,2026-08-05,355.2,357.0,17103
PCBLP,2026-08-05,103.0,103.0,200000
CBBL,2026-08-05,940.0,930.0,6546
UHEWA,2026-08-05,546.4,574.8,1781
FOWAD,2026-08-05,931.1,943.0,3616
LVF2,2026-08-05,9.8,9.8,200
UNLB,2026-08-05,1312.3,1237.0,120
PMLI,2026-08-05,440.0,444.0,3569
SMB,2026-08-05,1820.0,1785.0,1215
LSL,2026-08-05,228.5,224.7,110032
GBIME,2026-08-05,270.6,253.2,290873
VLBS,2026-08-05,660.0,666.0,910
MHL,2026-08-05,467.1,469.5,1739
MMKJL,2026-08-05,471.0,464.0,1803
MKCL,2026-08-05,1054.0,1075.0,3781
SCB,2026-08-05,662.0,655.9,8907
GIBF1,2026-08-05,10.68,10.73,1000
LEC,2026-08-05,231.0,228.5,74078
NYADI,2026-08-05,361.5,367.0,1642
ILI,2026-08-05,415.0,415.8,5145
SWASTIK,2026-08-05,1985.0,2030.0,367
BANDIPUR,2026-08-05,700.0,709.9,8876
GVL,2026-08-05,481.0,482.0,4385
HIDCLP,2026-08-05,188.5,189.0,41447
SHPC,2026-08-05,500.0,502.0,21976
GRDBL,2026-08-05,1090.0,1072.0,48666
MPFL,2026-08-05,600.0,615.0,8654
MNMF1,2026-08-05,9.55,9.6,600
MDB,2026-08-05,589.0,587.0,853
PMHPL,2026-08-05,322.5,320.0,1643
NICD83/84,2026-08-05,1029.0,1037.0,900
TPC,2026-08-05,370.0,369.6,19583
BHPL,2026-08-05,472.2,497.0,11994
DHPL,2026-08-05,286.2,293.0,2593
SBI,2026-08-05,403.0,408.7,12697
MFLD85,2026-08-05,1151.9,1116.0,176
STC,2026-08-05,5160.0,5200.0,230
SIGS3,2026-08-05,10.47,10.6,400
HDL,2026-08-05,1170.0,1172.0,15030
USLB,2026-08-05,1149.5,1127.0,1218
MBJC,2026-08-05,266.0,267.1,14108
SOHL,2026-08-05,585.0,672.7,909305
SABBL,2026-08-05,980.0,990.0,6498
SNORL,2026-08-05,911.0,928.0,14428
CYCL,2026-08-05,1282.2,1308.0,1215
SPIL,2026-08-05,695.0,693.9,653
PBD85,2026-08-05,1099.9,1077.0,80
NRIC,2026-08-05,930.0,937.0,29051
LBBL,2026-08-05,505.0,500.0,107373
SICL,2026-08-05,611.3,617.5,2144
NCCD86,2026-08-05,1164.0,1164.0,10
DHEL,2026-08-05,569.0,581.0,17800
NGPL,2026-08-05,411.0,407.0,69796
RAWA,2026-08-05,425.0,427.8,13750
SANVI,2026-08-05,591.0,605.0,7780
MKHL,2026-08-05,504.5,495.0,3276
IHL,2026-08-05,350.0,349.0,3162
SHIVM,2026-08-05,680.3,649.0,69463
ECL,2026-08-05,1817.9,1575.0,106014
TTL,2026-08-05,716.0,715.2,7076
EBL,2026-08-05,729.0,730.0,34151
SLBBL,2026-08-05,793.5,802.0,3877
SWMF,2026-08-05,610.0,618.0,3820
HATHY,2026-08-05,726.0,696.0,4134
SHL,2026-08-05,499.0,501.0,10373
IGI,2026-08-05,432.1,436.7,1664
ILBS,2026-08-05,865.0,883.8,1029
BUNGAL,2026-08-05,599.0,588.0,14366
NIBD84,2026-08-05,1040.1,1040.1,25
SMH,2026-08-05,497.1,514.0,10011
ENL,2026-08-05,812.0,803.9,290
MBLEF,2026-08-05,10.0,10.25,1300
HIDCL,2026-08-05,255.9,255.0,52595
BBC,2026-08-05,4122.0,4250.0,275
HEI,2026-08-05,544.9,538.8,4197
SINDU,2026-08-05,717.0,704.0,9890
ICFCD89,2026-08-05,1082.0,1082.0,25
EDBL,2026-08-05,591.0,590.9,3742
SEF2,2026-08-05,10.0,9.45,42010
PSF,2026-08-05,11.7,11.78,18300
CHCL,2026-08-05,495.0,493.0,11531
GMFIL,2026-08-05,465.0,463.9,15219
MBL,2026-08-05,255.1,255.8,84844
BEDC,2026-08-05,318.2,322.5,15567
BPCL,2026-08-05,647.1,654.0,14494
NABILD87,2026-08-05,1150.0,1116.0,1
SFMF,2026-08-05,10.15,10.11,31556
GHL,2026-08-05,214.8,231.0,38309
TRH,2026-08-05,784.8,789.0,3494
GCIL,2026-08-05,355.0,352.5,11113
MNBBL,2026-08-05,372.0,369.0,22207
GBBL,2026-08-05,412.6,415.0,52157
BHDC,2026-08-05,425.0,428.5,7798
CCBD88,2026-08-05,1177.0,1177.0,25
SNLI,2026-08-05,419.0,419.0,10385
RBBF40,2026-08-05,9.0,9.15,24909
SONA,2026-08-05,405.0,405.0,21536
EHPL,2026-08-05,353.5,347.9,9751
NLICL,2026-08-05,572.0,570.0,12252
MHNL,2026-08-05,246.0,241.7,4821
ADBL,2026-08-05,325.0,320.0,40701
MLBBL,2026-08-05,1140.0,1135.0,483
CORBL,2026-08-05,1070.0,1035.0,48129
CBLD88,2026-08-05,1172.1,1170.0,54
SMATA,2026-08-05,720.0,730.0,1225
KPCL,2026-08-05,466.1,469.0,4513
SJLIC,2026-08-05,411.5,413.0,12708
ALBSL,2026-08-05,1065.0,1102.0,12601
SPHL,2026-08-05,523.0,533.0,4656
MATRI,2026-08-05,815.0,817.5,1308
MSLB,2026-08-05,1285.0,1270.0,1365
SAGAR,2026-08-05,1760.0,1740.0,7443
BHL,2026-08-05,212.0,211.0,41055
H8020,2026-08-05,12.0,12.0,33705
USHL,2026-08-05,567.0,539.0,1703
RBCLPO,2026-08-05,11380.0,11662.0,70
USHEC,2026-08-05,491.0,495.7,3346
RSY,2026-08-05,10.41,10.41,80490
EBLD91,2026-08-05,1060.0,1058.0,100
SMHL,2026-08-05,493.0,497.0,23996
MSHL,2026-08-05,610.0,610.0,76
ICFC,2026-08-05,606.0,609.5,5758
SLBSL,2026-08-05,1011.1,990.0,3276
SPL,2026-08-05,650.0,662.0,339
HLICF,2026-08-05,8.66,8.66,1300
DORDI,2026-08-05,254.0,254.0,17615
BHCL,2026-08-05,514.5,492.1,14333
SAPDBL,2026-08-05,856.0,818.9,25175
AKJCL,2026-08-05,363.1,367.1,274641
NIBSF2,2026-08-05,8.78,8.65,5440
ANLB,2026-08-05,5400.0,5544.0,1542
PRVU,2026-08-05,193.0,193.0,104237
PCBL,2026-08-05,242.2,242.5,39909
SSHL,2026-08-05,205.0,203.0,74213
NIMB,2026-08-05,206.0,196.5,98719
UPPER,2026-08-05,194.0,195.0,54697
RURU,2026-08-05,603.1,615.0,3419
PROFL,2026-08-05,429.9,430.0,8140
MANDU,2026-08-05,801.3,810.0,1900
HFIN,2026-08-05,700.1,712.0,20376
JOSHI,2026-08-05,315.0,298.0,112792
LUK,2026-08-05,10.7,10.7,330
KSBBLD87,2026-08-05,1190.0,1087.7,125
CITY,2026-08-04,366.0,367.1,124938
SALICO,2026-08-04,593.0,599.6,5586
NICGF2,2026-08-04,9.02,9.12,2900
BHCL,2026-08-04,473.0,490.0,17762
SMB,2026-08-04,1835.1,1839.0,851
LEC,2026-08-04,236.3,228.0,304860
PROFL,2026-08-04,430.0,429.0,4689
GRDBL,2026-08-04,1120.0,1090.7,13157
NMIC,2026-08-04,930.0,929.0,1517
SJLIC,2026-08-04,412.2,413.2,6720
NRN,2026-08-04,1487.1,1396.0,44186
EBL,2026-08-04,730.0,729.0,14377
HFIN,2026-08-04,761.2,710.0,20399
GMFIL,2026-08-04,462.1,465.0,9678
NMB50,2026-08-04,10.5,10.6,20717
TRH,2026-08-04,765.1,789.0,623
GBIME,2026-08-04,262.0,257.8,246287
NHPC,2026-08-04,273.2,279.0,594849
ALICL,2026-08-04,430.0,425.9,12253
SKHL,2026-08-04,885.0,904.0,17707
CBLD88,2026-08-04,1196.6,1172.1,3
PRSF,2026-08-04,12.72,12.92,6115
PURE,2026-08-04,828.1,849.5,4908
KDL,2026-08-04,753.3,785.5,796
SCB,2026-08-04,665.0,652.6,19934
HHL,2026-08-04,335.0,334.0,11712
IHL,2026-08-04,350.0,350.1,2277
PBLD87,2026-08-04,1085.0,1085.0,25
SOHL,2026-08-04,570.0,585.0,108738
PPL,2026-08-04,320.0,326.9,14899
MHL,2026-08-04,476.0,467.1,5004
SAGAR,2026-08-04,1780.0,1752.6,11671
SRBLD83,2026-08-04,1020.0,1020.0,400
ANLB,2026-08-04,5507.0,5578.0,862
KPCL,2026-08-04,472.0,471.9,9209
BBC,2026-08-04,4289.0,4180.0,172
CGH,2026-08-04,780.0,782.0,2937
KBSH,2026-08-04,893.0,950.0,12502
NUBL,2026-08-04,620.0,610.0,2255
UNLB,2026-08-04,1250.3,1250.0,676
BNL,2026-08-04,14264.0,14264.0,10
SFEF,2026-08-04,9.8,9.85,6900
NICSF,2026-08-04,9.0,8.8,2300
CORBL,2026-08-04,1115.0,1070.5,41705
MMF1,2026-08-04,8.9,9.0,28000
ACLBSL,2026-08-04,916.1,938.9,831
CKHL,2026-08-04,579.1,593.3,715
SMH,2026-08-04,503.0,500.0,11461
JSLBB,2026-08-04,965.0,988.8,957
NIL,2026-08-04,616.2,619.5,9650
SIPD,2026-08-04,731.0,660.0,10170
GCIL,2026-08-04,355.0,352.1,6309
OHL,2026-08-04,664.1,674.0,1492
RURU,2026-08-04,604.0,610.5,1958
NBF2,2026-08-04,10.1,9.99,13114
NBF3,2026-08-04,9.9,9.75,10646
ICFCD83,2026-08-04,1272.2,1234.1,1
LBBL,2026-08-04,498.0,505.0,111896
MANDU,2026-08-04,791.0,807.0,3776
HLICF,2026-08-04,8.76,8.66,12475
RFPL,2026-08-04,332.0,331.8,19432
HURJA,2026-08-04,236.0,239.0,36183
SHINED,2026-08-04,1080.1,1076.2,150
TTL,2026-08-04,730.0,720.0,14528
HIDCL,2026-08-04,250.0,255.9,48490
RMF1,2026-08-04,9.55,9.61,24460
PCBL,2026-08-04,246.0,242.6,48350
NADEP,2026-08-04,740.0,737.9,500
USHEC,2026-08-04,495.2,495.5,6649
CHL,2026-08-04,260.2,277.8,72886
KDBY,2026-08-04,10.97,11.12,47874
SPIL,2026-08-04,683.4,695.0,7943
DDBL,2026-08-04,832.7,833.0,8928
KKHC,2026-08-04,284.0,315.9,1321921
MPFL,2026-08-04,605.0,614.8,6922
JBLB,2026-08-04,1274.0,1262.1,2190
NYADI,2026-08-04,361.7,365.1,2390
LBLD88,2026-08-04,1094.0,1090.0,25
DORDI,2026-08-04,252.5,254.0,22255
NABIL,2026-08-04,560.0,558.0,60087
HDL,2026-08-04,1170.0,1167.3,12403
KBL,2026-08-04,226.7,221.8,248870
KSBBL,2026-08-04,475.5,476.0,15433
NBL,2026-08-04,270.0,268.2,30005
DLBS,2026-08-04,1160.0,1209.0,772
BUNGAL,2026-08-04,596.0,585.0,22883
PHCL,2026-08-04,303.0,296.0,23005
MNMF1,2026-08-04,9.57,9.5,22400
CBBL,2026-08-04,934.0,935.0,10998
VLUCL,2026-08-04,419.0,422.0,5444
LLBS,2026-08-04,881.0,890.0,120
BNHC,2026-08-04,275.0,278.0,30086
NRM,2026-08-04,310.0,314.0,2575
MATRI,2026-08-04,815.0,820.0,132
RMF2,2026-08-04,9.7,9.72,300
AKJCL,2026-08-04,362.0,361.0,183762
LICN,2026-08-04,790.0,782.5,1883
SEF,2026-08-04,10.07,9.9,2200
BPCL,2026-08-04,659.0,645.0,19339
APHL,2026-08-04,826.1,828.6,10404
CHCL,2026-08-04,500.0,495.0,37504
SABBL,2026-08-04,980.0,1010.0,38277
NRIC,2026-08-04,960.0,930.0,26361
NLIC,2026-08-04,758.0,753.0,9845
RHPL,2026-08-04,258.0,256.2,6959
SGHL,2026-08-04,525.0,513.4,54401
FOWAD,2026-08-04,949.0,943.0,6459
MDB,2026-08-04,580.0,583.0,1746
SRLI,2026-08-04,370.0,377.8,14032
MKCL,2026-08-04,1105.0,1080.0,3493
HBL,2026-08-04,202.0,200.0,50421
JBBL,2026-08-04,344.0,347.5,58926
LUK,2026-08-04,10.5,10.5,18077
MEN,2026-08-04,595.2,599.0,50296
MLBSL,2026-08-04,1663.4,1680.0,457
SHL,2026-08-04,500.0,500.0,5881
LSL,2026-08-04,227.2,225.5,115489
MSHL,2026-08-04,612.0,612.0,144
NICLBSL,2026-08-04,559.0,554.0,6498
PRIN,2026-08-04,675.0,674.0,3819
NABBC,2026-08-04,783.0,813.2,26511
GLH,2026-08-04,253.7,257.8,23281
CHDC,2026-08-04,2220.0,2214.9,6100
SIFC,2026-08-04,521.0,517.0,5592
DHEL,2026-08-04,575.0,568.2,29341
PMLI,2026-08-04,440.2,440.0,6886
MFIL,2026-08-04,783.0,773.5,45645
HPPL,2026-08-04,375.0,384.8,88753
H8020,2026-08-04,12.05,12.24,22090
HDHPC,2026-08-04,210.0,211.9,83757
TPKHL,2026-08-04,550.0,548.0,31301
NMB,2026-08-04,253.0,247.0,85512
UPCL,2026-08-04,356.0,353.0,90447
SSHL,2026-08-04,205.0,203.4,58809
AHPC,2026-08-04,273.0,267.7,37668
NMBHF2,2026-08-04,9.5,9.65,900
SNLI,2026-08-04,424.5,420.0,16678
CSY,2026-08-04,9.03,9.05,5700
ECL,2026-08-04,1580.8,1731.4,16900
AKPL,2026-08-04,262.9,259.9,44118
HIMSTAR,2026-08-04,737.0,730.0,3316
LVF2,2026-08-04,10.14,10.0,14300
NIMBPO,2026-08-04,145.0,144.0,43678
ICFC,2026-08-04,611.0,605.0,8100
SICL,2026-08-04,617.0,611.1,5436
ENL,2026-08-04,805.0,810.0,210
BEDC,2026-08-04,323.0,323.0,6228
GLBSL,2026-08-04,1725.0,1796.0,283
SINDU,2026-08-04,716.1,701.0,19493
SLCF,2026-08-04,9.89,9.6,4940
JHAPA,2026-08-04,1125.0,1115.0,4736
CLI,2026-08-04,444.0,443.0,4862
KBLD86,2026-08-04,1266.5,1180.0,47
SPL,2026-08-04,651.2,657.9,2022
USLB,2026-08-04,1135.0,1149.5,223
NIBLSTF,2026-08-04,8.6,8.81,8480
SAPDBL,2026-08-04,912.0,831.1,23862
BFC,2026-08-04,503.2,510.0,49553
BHPL,2026-08-04,470.0,483.0,9291
BGWT,2026-08-04,565.0,557.0,3649
KHPL,2026-08-04,817.0,834.0,13309
GMLI,2026-08-04,1121.0,1131.9,776
HIDCLP,2026-08-04,191.0,189.0,62315
KSY,2026-08-04,9.6,9.75,500
NIFRA,2026-08-04,248.0,246.2,70806
MMKJL,2026-08-04,475.0,474.0,280
CREST,2026-08-04,1184.0,1199.7,15749
SWMF,2026-08-04,619.0,619.0,4847
SLBBL,2026-08-04,802.0,800.1,2668
RAWA,2026-08-04,420.0,427.0,27600
BANDIPUR,2026-08-04,711.0,706.0,25586
NIMBD90,2026-08-04,1281.0,1292.0,65
OMPL,2026-08-04,923.0,928.0,1360
BNT,2026-08-04,11000.5,11330.5,26
NTC,2026-08-04,873.9,865.1,16441
BHL,2026-08-04,215.0,211.5,40973
HATHY,2026-08-04,690.1,692.0,3739
RLFL,2026-08-04,466.8,468.9,43231
SHEL,2026-08-04,307.0,305.2,71014
HBLD83,2026-08-04,1019.9,1027.0,400
UNL,2026-08-04,47200.0,47200.0,10
MEL,2026-08-04,215.0,216.7,6226
NHDL,2026-08-04,643.0,641.9,4127
GBBD85,2026-08-04,1050.1,1061.0,175
RSDC,2026-08-04,641.0,640.0,1859
MHNL,2026-08-04,241.0,240.8,22641
TAMOR,2026-08-04,428.6,449.2,34970
ILI,2026-08-04,415.0,418.0,7475
MKHL,2026-08-04,495.0,493.5,1730
MKJC,2026-08-04,457.0,460.0,2060
NMBMF,2026-08-04,607.1,619.0,760
SGIC,2026-08-04,458.2,460.0,7497
HRL,2026-08-04,605.0,586.0,50862
SMPDA,2026-08-04,750.3,769.9,1885
SNORL,2026-08-04,901.2,929.9,13212
RSY,2026-08-04,10.17,10.49,11600
MHCL,2026-08-04,310.6,315.0,1277
API,2026-08-04,333.0,331.8,80675
RBBF40,2026-08-04,9.0,8.97,23100
GIBF1,2026-08-04,10.7,10.77,1900
SGHC,2026-08-04,314.0,313.3,34842
MNBBL,2026-08-04,373.0,370.5,19767
UNHPL,2026-08-04,388.0,383.9,21045
NMFBS,2026-08-04,1113.4,1110.0,1425
MSLB,2026-08-04,1323.9,1292.0,2014
GWFD83,2026-08-04,1057.1,1030.2,125
STC,2026-08-04,5160.0,5150.0,221
CIT,2026-08-04,1710.0,1714.9,2138
NLG,2026-08-04,571.0,574.9,8567
SAHAS,2026-08-04,677.0,673.5,67438
NIMB,2026-08-04,200.0,198.5,69154
UPPER,2026-08-04,200.0,194.1,39751
MKHC,2026-08-04,285.0,286.9,10976
NIBLGF,2026-08-04,9.72,9.72,200
TSHL,2026-08-04,385.0,378.3,4677
MEHL,2026-08-04,300.0,300.0,2681
SAGF,2026-08-04,10.4,10.57,10723
SPDL,2026-08-04,365.2,356.1,66102
SWASTIK,2026-08-04,2070.0,2011.1,240
MBL,2026-08-04,261.0,257.8,100019
FMDBL,2026-08-04,760.0,769.0,4432
CZBIL,2026-08-04,211.0,206.5,35974
MABEL,2026-08-04,589.1,590.0,3923
MLBL,2026-08-04,355.0,355.0,16382
TPC,2026-08-04,358.0,368.0,25546
CFCL,2026-08-04,650.0,676.0,222498
EDBL,2026-08-04,583.0,591.0,13326
SBI,2026-08-04,402.0,409.0,11710
BHDC,2026-08-04,430.2,430.0,10461
TVCL,2026-08-04,470.1,473.2,590
NICFC,2026-08-04,9.1,9.12,800
CYCL,2026-08-04,1295.0,1300.0,1353
SHINE,2026-08-04,415.0,412.7,19847
DOLTI,2026-08-04,341.0,320.1,30386
GMFBS,2026-08-04,1200.0,1215.0,273
ADBL,2026-08-04,325.0,323.0,78882
NFS,2026-08-04,572.0,571.0,12522
CZBILP,2026-08-04,100.0,100.0,722042
PPCL,2026-08-04,339.2,340.6,12527
PRVU,2026-08-04,195.0,193.2,105088
NSY,2026-08-04,9.35,9.31,3810
UHEWA,2026-08-04,576.0,572.0,6806
SBLD89,2026-08-04,1221.0,1221.0,25
ICFCD89,2026-08-04,1100.0,1092.0,50
RLEL,2026-08-04,890.0,905.0,8017
MCHL,2026-08-04,279.0,287.7,3284
GILB,2026-08-04,1087.0,1094.9,2997
SANVI,2026-08-04,600.1,599.9,2651
PBD88,2026-08-04,1162.0,1170.0,50
UAIL,2026-08-04,441.0,442.5,6283
UMRH,2026-08-04,538.0,539.9,2871
AHL,2026-08-04,413.0,411.0,1596
NIBSF2,2026-08-04,9.07,8.67,5910
ULBSL,2026-08-04,2749.0,2768.0,585
MBLEF,2026-08-04,10.26,10.25,155270
SBID83,2026-08-04,1055.0,1040.0,25
SYPNL,2026-08-04,1381.0,1320.0,21415
JFL,2026-08-04,398.0,388.1,7031
GBLBS,2026-08-04,742.0,743.0,2302
C30MF,2026-08-04,10.01,10.09,4125
GHL,2026-08-04,227.0,226.1,48554
NESDO,2026-08-04,1456.5,1475.0,505
SPHL,2026-08-04,522.0,539.0,4028
MLBBL,2026-08-04,1129.0,1144.0,656
MLBS,2026-08-04,1158.0,1158.0,296
EBLD85,2026-08-04,1125.0,1121.1,50
BJHL,2026-08-04,699.0,705.0,6625
IGI,2026-08-04,432.0,438.0,4408
GSY,2026-08-04,9.63,9.59,2500
NMLBBL,2026-08-04,515.6,515.0,15443
GFCL,2026-08-04,610.0,614.3,4301
RBCL,2026-08-04,14568.0,14450.0,30
SIGS3,2026-08-04,10.56,10.58,800
UMHL,2026-08-04,570.0,577.7,34116
SHLB,2026-08-04,1445.3,1446.0,188
SBCF,2026-08-04,9.51,9.68,18642
ALBSL,2026-08-04,1076.0,1089.0,2690
GBIMEP,2026-08-04,104.7,104.7,11396
HEI,2026-08-04,525.1,535.0,3773
SMHL,2026-08-04,490.2,493.0,61525
SBL,2026-08-04,420.0,417.9,402168
SIKLES,2026-08-04,560.0,561.0,6596
SARBTM,2026-08-04,790.1,785.0,11157
PSF,2026-08-04,12.0,11.74,3100
RIDI,2026-08-04,368.9,363.0,363171
NWCL,2026-08-04,745.3,699.7,3204
BARUN,2026-08-04,321.0,322.9,16510
NICBF,2026-08-04,9.12,9.02,1500
NICA,2026-08-04,354.7,330.0,65240
EHPL,2026-08-04,363.6,344.0,4882
MAKAR,2026-08-04,439.9,436.6,7692
YMHL,2026-08-04,627.1,617.0,24091
GBILD84/85,2026-08-04,1111.0,1099.6,101
RSML,2026-08-04,2780.0,2705.0,45708
SBD89,2026-08-04,1215.0,1200.0,50
SMJC,2026-08-04,440.1,439.0,19614
SJCL,2026-08-04,271.0,272.0,5110
SBID2090,2026-08-04,1050.0,1050.0,25
SPC,2026-08-04,419.0,424.9,1311
NLICL,2026-08-04,565.0,571.3,15927
SKBBL,2026-08-04,765.0,753.3,4048
SHPC,2026-08-04,502.1,502.1,14913
KMCDB,2026-08-04,774.0,770.0,1947
SWBBL,2026-08-04,685.0,681.9,5629
RNLI,2026-08-04,446.0,435.0,48579
ULHC,2026-08-04,383.0,361.0,3828
NGPL,2026-08-04,405.6,406.0,95593
SMATA,2026-08-04,735.0,731.0,1015
GUFL,2026-08-04,570.0,568.9,37853
NICL,2026-08-04,508.0,503.0,16874
RBBD2088,2026-08-04,1043.0,1026.7,150
MERO,2026-08-04,660.6,665.2,1709
RHGCL,2026-08-04,249.8,263.5,19930
HLI,2026-08-04,320.3,321.1,19057
SONA,2026-08-04,400.0,405.0,26355
SAIL,2026-08-04,1112.0,1101.0,53622
AVYAN,2026-08-04,1021.0,1011.0,4185
VLBS,2026-08-04,668.0,665.0,3784
MBJC,2026-08-04,265.2,268.1,6011
USHL,2026-08-04,545.0,540.0,3008
SLBSL,2026-08-04,1081.0,1023.0,5021
GVL,2026-08-04,483.0,481.1,6158
RADHI,2026-08-04,723.0,720.0,27910
KAHL,2026-08-04,527.1,526.0,28617
PCIL,2026-08-04,640.0,638.1,30411
PMHPL,2026-08-04,322.0,319.5,4674
SHIVM,2026-08-04,678.5,648.0,116651
DHPL,2026-08-04,281.2,295.0,7067
SADBL,2026-08-04,423.0,413.8,30192
SFMF,2026-08-04,10.28,10.25,5048
ILBS,2026-08-04,871.0,890.0,1583
SOPL,2026-08-04,820.0,808.0,32485
KEF,2026-08-04,10.45,10.46,10300
SANIMA,2026-08-04,375.0,374.0,84739
JOSHI,2026-08-04,278.2,300.0,224868
NSIF2,2026-08-04,10.66,10.71,20100
SMFBS,2026-08-04,1544.0,1506.0,221
HLBSL,2026-08-04,895.0,884.0,1052
SKHEL,2026-08-04,943.4,985.0,6012
GBBL,2026-08-04,415.4,417.5,32439
WNLB,2026-08-04,1330.0,1340.0,477
GBIMESY2,2026-08-04,9.3,9.12,1600
EBLD91,2026-08-04,1060.0,1060.0,25
GVL,2026-08-03,487.0,483.4,14857
NICAD2091,2026-08-03,1031.0,1031.0,50
SPIL,2026-08-03,715.0,700.0,883
SAHAS,2026-08-03,670.0,677.7,173114
CHCL,2026-08-03,499.9,497.5,57188
ANLB,2026-08-03,5500.0,5628.0,7546
VLBS,2026-08-03,670.0,670.3,1400
MBJC,2026-08-03,267.0,268.9,18771
DHPL,2026-08-03,290.1,289.0,10771
MKHC,2026-08-03,285.0,286.0,2648
NMBHF2,2026-08-03,9.58,9.77,14041
MLBSL,2026-08-03,1700.0,1615.0,607
NIMB,2026-08-03,190.0,200.8,168350
MDB,2026-08-03,595.0,588.5,2478
NABILD2089,2026-08-03,1025.0,1050.0,550
NRIC,2026-08-03,970.0,956.0,21392
NABIL,2026-08-03,528.2,557.1,53226
SIGS2,2026-08-03,10.8,10.81,10000
LEC,2026-08-03,229.9,225.1,79082
NIBLSTF,2026-08-03,8.41,8.7,63800
RADHI,2026-08-03,700.0,730.0,46959
CREST,2026-08-03,1184.0,1195.0,12935
ICFCD89,2026-08-03,1095.0,1101.0,200
SKHEL,2026-08-03,965.0,993.0,1821
CLI,2026-08-03,442.0,448.5,6668
FMDBL,2026-08-03,783.0,772.7,3091
MKHL,2026-08-03,495.0,502.0,5048
JSLBB,2026-08-03,991.0,990.0,847
HEIP,2026-08-03,332.0,338.0,694
CORBL,2026-08-03,1100.0,1115.0,33883
SHLB,2026-08-03,1474.0,1489.8,1192
PMHPL,2026-08-03,315.0,318.5,4488
SINDU,2026-08-03,716.3,721.9,11190
SKBBL,2026-08-03,757.0,759.1,14511
MATRI,2026-08-03,811.0,834.0,278
PCBL,2026-08-03,247.5,246.5,71311
NIL,2026-08-03,620.0,624.0,10157
NHPC,2026-08-03,261.4,273.2,270002
NRM,2026-08-03,310.1,313.0,3250
YMHL,2026-08-03,644.0,636.1,31529
SAIL,2026-08-03,1060.0,1144.4,132563
SGHC,2026-08-03,317.0,316.9,49048
AKJCL,2026-08-03,368.5,362.0,238164
BBC,2026-08-03,4380.0,4235.0,130
SHL,2026-08-03,500.0,500.0,23716
BFC,2026-08-03,519.7,503.2,27985
ILI,2026-08-03,418.0,416.3,5878
PROFL,2026-08-03,430.0,432.0,2347
GSY,2026-08-03,9.56,9.92,3350
SJLIC,2026-08-03,412.0,417.0,14940
PHCL,2026-08-03,300.0,298.0,41767
SNORL,2026-08-03,925.0,944.0,39699
LBBLD89,2026-08-03,1251.4,1251.4,25
USLB,2026-08-03,1135.0,1159.9,1423
HDL,2026-08-03,1170.0,1171.0,33432
GIBF1,2026-08-03,10.86,10.9,12900
RHPL,2026-08-03,255.5,257.3,16246
CIT,2026-08-03,1700.0,1720.0,1698
NIFRA,2026-08-03,248.1,247.0,76079
NBF3,2026-08-03,9.62,9.93,20900
PRSF,2026-08-03,12.73,12.88,300
NTC,2026-08-03,870.0,860.0,27525
NMB,2026-08-03,237.5,248.0,85413
MBLEF,2026-08-03,9.82,10.01,1700
EHPL,2026-08-03,348.9,346.3,8105
RMF1,2026-08-03,9.56,9.62,13900
NYADI,2026-08-03,366.3,372.8,2444
SMPDA,2026-08-03,775.0,760.0,1063
CBBL,2026-08-03,945.0,934.2,6023
MHNL,2026-08-03,239.2,240.9,16325
TPC,2026-08-03,360.0,360.0,26328
GILB,2026-08-03,1105.1,1100.0,1993
SBL,2026-08-03,394.0,420.0,247131
SIGS3,2026-08-03,10.47,10.55,2056
KKHC,2026-08-03,291.4,287.0,117485
CZBIL,2026-08-03,210.0,208.9,114286
GHL,2026-08-03,227.3,227.7,17585
SBCF,2026-08-03,9.4,9.5,20630
ICFC,2026-08-03,612.0,611.0,7604
NBL,2026-08-03,257.0,272.0,97552
CHL,2026-08-03,268.0,266.0,13213
OMPL,2026-08-03,921.0,936.0,2422
GMFBS,2026-08-03,1249.0,1230.0,844
HBL,2026-08-03,192.5,202.9,86099
SMB,2026-08-03,1860.0,1845.0,176
NICBF,2026-08-03,9.4,9.4,500
CFCL,2026-08-03,629.0,660.0,133958
MLBBL,2026-08-03,1150.0,1139.0,1217
BEDC,2026-08-03,324.9,325.0,18635
SFMF,2026-08-03,10.25,10.25,4832
NUBL,2026-08-03,621.0,621.9,856
NICA,2026-08-03,320.0,337.9,49827
BHPL,2026-08-03,480.0,479.0,5595
NMFBS,2026-08-03,1120.0,1113.4,4457
MNBBL,2026-08-03,375.0,371.3,25745
SWMF,2026-08-03,586.2,627.0,4624
NFS,2026-08-03,600.0,571.6,5830
BPCL,2026-08-03,636.1,656.5,12784
PPCL,2026-08-03,328.7,348.0,23601
CKHL,2026-08-03,604.0,597.0,12069
NRN,2026-08-03,1440.0,1417.0,108905
SBID83,2026-08-03,1055.0,1055.0,25
SBI,2026-08-03,388.0,408.0,12594
GCIL,2026-08-03,367.5,355.1,15333
WNLB,2026-08-03,1350.0,1355.0,337
SHPC,2026-08-03,504.0,503.0,29198
KDBY,2026-08-03,11.12,11.29,71200
LLBS,2026-08-03,900.0,893.0,170
SMFBS,2026-08-03,1525.0,1544.0,299
H8020,2026-08-03,11.62,11.7,400
SMH,2026-08-03,509.9,505.5,15962
NMBMF,2026-08-03,626.0,625.0,510
BHCL,2026-08-03,504.0,497.0,18887
SSHL,2026-08-03,208.0,205.0,72751
SOHL,2026-08-03,583.9,577.0,77231
SICL,2026-08-03,620.0,617.0,11375
RIDI,2026-08-03,370.2,367.8,560763
DOLTI,2026-08-03,325.0,324.9,23185
SMJC,2026-08-03,445.0,446.8,11665
NICD88,2026-08-03,1085.0,1100.0,75
SARBTM,2026-08-03,799.0,795.0,4484
TTL,2026-08-03,730.0,730.0,14520
FOWAD,2026-08-03,977.0,965.0,1326
RBCL,2026-08-03,14251.0,14590.0,50
NMIC,2026-08-03,925.0,930.0,1902
MHL,2026-08-03,481.0,476.0,1866
SMHL,2026-08-03,507.0,492.0,39945
BUNGAL,2026-08-03,608.0,594.9,16454
NGPL,2026-08-03,400.0,407.2,56271
AVYAN,2026-08-03,1020.0,1021.0,1660
ICFCD88,2026-08-03,1165.0,1170.0,125
SBLD89,2026-08-03,1240.0,1240.0,25
HLBSL,2026-08-03,900.0,894.0,2098
ALICL,2026-08-03,431.7,432.0,6775
ADBLD83,2026-08-03,1028.9,1028.9,110
NICL,2026-08-03,507.0,508.0,7848
RHGCL,2026-08-03,258.3,262.9,17837
EBLD85,2026-08-03,1130.0,1132.1,417
KHPL,2026-08-03,870.0,860.0,10196
UPPER,2026-08-03,199.0,195.1,52674
GBLBS,2026-08-03,759.9,752.0,1930
SGHL,2026-08-03,520.0,529.6,101464
SPC,2026-08-03,419.0,427.0,4720
NBF2,2026-08-03,9.92,10.14,400
SANVI,2026-08-03,596.0,605.0,6953
PBD84,2026-08-03,1070.0,1102.0,125
SHEL,2026-08-03,307.0,307.0,45753
HIDCL,2026-08-03,271.7,259.2,37351
MLBLD89,2026-08-03,1242.0,1279.0,250
ILBS,2026-08-03,860.0,898.0,895
USHEC,2026-08-03,492.1,498.0,12218
KBL,2026-08-03,214.0,224.8,437791
KSBBL,2026-08-03,480.0,475.0,30231
NWCL,2026-08-03,710.0,709.9,1543
BHDC,2026-08-03,433.0,432.0,3579
SJCL,2026-08-03,272.0,273.0,4175
UMHL,2026-08-03,570.0,577.6,39762
SHINE,2026-08-03,407.4,411.9,8517
KMCDB,2026-08-03,750.1,777.9,1097
SWBBL,2026-08-03,682.0,685.0,7632
IHL,2026-08-03,352.0,358.0,5772
LVF2,2026-08-03,9.57,10.14,1600
USHL,2026-08-03,571.5,544.0,946
MLBL,2026-08-03,359.8,356.2,17873
SHIVM,2026-08-03,642.0,646.5,71310
VLUCL,2026-08-03,440.0,429.0,2760
NLG,2026-08-03,567.3,579.0,3859
GUFL,2026-08-03,577.0,574.0,19694
KSY,2026-08-03,9.54,9.85,706646
CHDC,2026-08-03,2248.0,2225.0,11759
ADBL,2026-08-03,306.5,325.0,134712
SLCF,2026-08-03,9.6,9.61,26711
TRH,2026-08-03,772.1,786.0,1446
BANDIPUR,2026-08-03,727.0,724.0,12012
EBLD91,2026-08-03,1050.0,1060.0,125
RLFL,2026-08-03,469.6,466.8,14449
NICSF,2026-08-03,8.75,9.0,350000
GMLI,2026-08-03,1177.0,1145.0,3513
AHPC,2026-08-03,270.0,271.0,44826
EBL,2026-08-03,728.6,730.0,29414
HURJA,2026-08-03,240.0,237.9,48508
NIFRAGED,2026-08-03,1026.0,1026.2,75
BHL,2026-08-03,212.4,212.9,55478
GBBL,2026-08-03,421.0,419.0,15862
TAMOR,2026-08-03,449.0,449.5,28438
SONA,2026-08-03,408.0,405.0,15492
GLH,2026-08-03,263.0,257.1,38705
HBLD83,2026-08-03,1005.0,1007.2,65
RSDC,2026-08-03,642.0,640.5,1446
GBIME,2026-08-03,250.0,262.2,738612
ACLBSL,2026-08-03,921.1,939.9,572
KDL,2026-08-03,790.0,775.0,1312
PPL,2026-08-03,310.0,322.0,28178
HEI,2026-08-03,552.0,540.0,6507
TVCL,2026-08-03,481.1,480.7,1410
ULBSL,2026-08-03,2721.0,2774.0,337
SADBL,2026-08-03,420.9,416.0,28169
UHEWA,2026-08-03,600.0,570.1,7581
UNLB,2026-08-03,1243.0,1250.3,568
RLEL,2026-08-03,865.0,909.9,17588
RFPL,2026-08-03,340.0,334.9,19056
NADEP,2026-08-03,748.8,740.0,749
SBLD2091,2026-08-03,1065.0,1065.0,25
RAWA,2026-08-03,433.8,423.4,22450
EDBL,2026-08-03,580.0,583.0,17637
KBSH,2026-08-03,951.0,940.0,19203
PSF,2026-08-03,12.0,12.0,19500
SPL,2026-08-03,675.0,659.9,710
SMATA,2026-08-03,731.0,735.0,1732
GRDBL,2026-08-03,1051.0,1100.3,70991
UNHPL,2026-08-03,389.0,384.8,8276
SPDL,2026-08-03,375.0,365.0,94413
SOPL,2026-08-03,825.0,823.1,28239
NIBSF2,2026-08-03,8.8,8.81,2910
MSHL,2026-08-03,607.0,612.0,577
SIPD,2026-08-03,661.0,697.0,46085
NIBD84,2026-08-03,1040.0,1040.0,25
HIDCLP,2026-08-03,193.9,191.9,63867
GBBD85,2026-08-03,1052.0,1080.0,215
NICLBSL,2026-08-03,560.0,559.0,8118
MEL,2026-08-03,214.1,217.8,3248
MLBS,2026-08-03,1200.0,1158.0,260
SPHL,2026-08-03,525.0,539.5,5739
NABBC,2026-08-03,799.0,795.4,30482
API,2026-08-03,335.3,334.5,131466
DLBS,2026-08-03,1190.0,1190.0,164
PRVU,2026-08-03,187.7,196.0,109428
SANIMA,2026-08-03,354.1,374.2,92433
MKJC,2026-08-03,462.6,466.0,5108
SAGAR,2026-08-03,1700.0,1779.9,25363
MHCL,2026-08-03,317.9,318.0,11004
SLBSL,2026-08-03,1100.0,1060.0,2121
KAHL,2026-08-03,541.0,537.1,41714
UMRH,2026-08-03,548.8,537.0,1429
STC,2026-08-03,5200.0,5160.0,195
HRL,2026-08-03,605.0,595.0,62706
MERO,2026-08-03,676.0,672.1,3192
NSY,2026-08-03,9.3,9.35,33000
MMKJL,2026-08-03,480.0,481.7,2117
NICGF2,2026-08-03,9.08,9.25,10900
GFCL,2026-08-03,620.0,610.0,3702
PMLI,2026-08-03,445.0,441.3,2835
PCIL,2026-08-03,650.0,650.0,35221
ULHC,2026-08-03,350.0,369.1,18495
SBD87,2026-08-03,1100.0,1080.0,100
RMF2,2026-08-03,9.8,9.8,100
PRIN,2026-08-03,682.0,673.2,1453
KPCL,2026-08-03,472.0,472.0,6263
SRLI,2026-08-03,379.4,381.9,10752
HDHPC,2026-08-03,210.1,212.5,99278
RSML,2026-08-03,3148.0,2780.0,95826
HPPL,2026-08-03,384.0,377.0,84917
KSBBLD87,2026-08-03,1192.2,1192.2,200
GMFIL,2026-08-03,470.0,472.5,10160
NLICL,2026-08-03,566.0,572.0,36736
APHL,2026-08-03,815.0,838.0,21739
IGI,2026-08-03,448.0,432.0,3670
SABBL,2026-08-03,1085.0,1000.0,20763
NIFRAUR85/86,2026-08-03,1033.0,1033.0,30
CBLD88,2026-08-03,1187.0,1196.6,33
BJHL,2026-08-03,731.0,719.0,10916
OHL,2026-08-03,684.0,678.6,2620
SRBLD83,2026-08-03,1011.0,1020.0,210
BNHC,2026-08-03,282.0,281.0,13287
SFEF,2026-08-03,10.0,10.1,12300
ECL,2026-08-03,1374.7,1505.6,73580
JBLB,2026-08-03,1260.0,1274.0,2776
MABEL,2026-08-03,604.0,599.8,7224
SKHL,2026-08-03,884.0,914.0,15442
JFL,2026-08-03,400.0,396.0,3464
CITY,2026-08-03,371.0,369.0,52443
SAPDBL,2026-08-03,840.0,960.0,208760
NIMBD90,2026-08-03,1266.0,1245.0,35
EBLD86,2026-08-03,1081.0,1081.0,25
SIKLES,2026-08-03,569.9,560.0,11913
RURU,2026-08-03,615.0,613.0,6021
UPCL,2026-08-03,357.0,365.0,50598
DORDI,2026-08-03,253.0,254.9,26385
DHEL,2026-08-03,588.0,582.0,36329
RSY,2026-08-03,10.31,10.31,2000
SLBBL,2026-08-03,815.0,809.0,3294
GLBSL,2026-08-03,1830.0,1780.0,97
LUK,2026-08-03,10.25,10.5,6100
MFIL,2026-08-03,762.0,784.8,16938
LICN,2026-08-03,805.0,790.0,5019
KBLD89,2026-08-03,1292.6,1275.0,793
JOSHI,2026-08-03,283.0,285.0,80370
NIBLGF,2026-08-03,9.65,9.75,55000
TPKHL,2026-08-03,542.0,550.0,31896
MKCL,2026-08-03,1100.0,1105.0,1754
JBBD87,2026-08-03,1111.0,1111.0,50
NHDL,2026-08-03,649.0,643.0,1093
UAIL,2026-08-03,447.0,445.0,8733
NMLBBL,2026-08-03,520.0,523.9,4606
BGWT,2026-08-03,595.0,575.0,3913
HATHY,2026-08-03,701.0,705.0,5364
AKPL,2026-08-03,260.0,260.2,32452
ALBSL,2026-08-03,1075.0,1107.7,18794
LSL,2026-08-03,217.0,229.4,206249
HHL,2026-08-03,340.0,337.5,9114
MPFL,2026-08-03,625.0,612.5,5730
RNLI,2026-08-03,430.0,442.9,9208
JBBL,2026-08-03,346.0,343.8,26528
NLIC,2026-08-03,751.0,759.9,22489
MNMF1,2026-08-03,9.6,9.71,2900
SAGF,2026-08-03,10.15,10.4,16700
HLI,2026-08-03,325.0,324.0,27460
BARUN,2026-08-03,332.6,325.1,16158
SWASTIK,2026-08-03,2052.0,2045.0,580
MCHL,2026-08-03,280.0,283.9,974
CSY,2026-08-03,9.06,9.3,920
HIMSTAR,2026-08-03,760.5,738.7,2599
HLICF,2026-08-03,8.43,8.51,2083
C30MF,2026-08-03,10.1,10.1,289930
PURE,2026-08-03,851.0,850.0,6331
ENL,2026-08-03,805.0,813.0,672
MEHL,2026-08-03,304.0,299.9,2855
MMF1,2026-08-03,8.9,9.17,103081
GBIMESY2,2026-08-03,9.25,9.3,10600
NSIF2,2026-08-03,10.67,10.67,1100
SGIC,2026-08-03,469.0,463.0,8193
SCB,2026-08-03,618.5,651.0,17434
LBBL,2026-08-03,499.0,497.0,19051
CGH,2026-08-03,771.1,788.9,8121
MAKAR,2026-08-03,443.0,439.9,9267
TSHL,2026-08-03,380.0,385.1,9387
SALICO,2026-08-03,611.0,600.0,4203
MSLB,2026-08-03,1250.0,1317.0,22297
NESDO,2026-08-03,1470.0,1490.0,202
SIFC,2026-08-03,510.0,514.2,24228
AHL,2026-08-03,411.0,415.7,1270
RBBF40,2026-08-03,9.2,9.22,13150
NICFC,2026-08-03,9.02,9.34,11200
MBL,2026-08-03,246.5,261.0,173570
NMB50,2026-08-03,10.55,10.5,32115
DDBL,2026-08-03,830.0,835.0,7033
CYCL,2026-08-03,1301.0,1300.0,1959
SYPNL,2026-08-03,1282.5,1342.1,52381
NIMBPO,2026-08-03,143.0,145.5,91655
PBLD87,2026-08-03,1100.0,1100.0,25
RBCLPO,2026-08-03,11410.0,11380.0,20
KBLD86,2026-08-03,1387.5,1266.5,9
SEF,2026-08-03,9.8,9.79,29870
MANDU,2026-08-03,815.0,801.0,2241
JHAPA,2026-08-03,1122.0,1139.0,3132
MEN,2026-08-03,601.0,602.0,50652
SNLI,2026-08-03,428.0,424.1,14043
HFIN,2026-08-03,715.0,725.0,22860
KEF,2026-08-03,10.34,10.4,90450
PMHPL,2026-07-31,320.0,315.0,3683
ADBL,2026-07-31,318.2,322.5,147317
VLUCL,2026-07-31,428.1,429.0,9513
SGHC,2026-07-31,310.0,317.0,20293
BUNGAL,2026-07-31,582.0,597.0,27776
MLBL,2026-07-31,352.9,357.0,10082
SPC,2026-07-31,412.0,421.0,8408
BHPL,2026-07-31,450.0,480.0,4825
RIDI,2026-07-31,345.0,370.0,469740
GMFBS,2026-07-31,1238.9,1215.0,263
NLG,2026-07-31,571.1,584.0,11493
EHPL,2026-07-31,349.0,340.1,15290
TRH,2026-07-31,770.1,782.0,1222
SPHL,2026-07-31,520.0,539.6,5770
NICFC,2026-07-31,9.3,9.1,1850
KAHL,2026-07-31,534.0,544.0,37097
TPC,2026-07-31,363.8,358.5,5940
SMH,2026-07-31,515.0,498.0,13751
CLI,2026-07-31,441.0,448.0,9671
NYADI,2026-07-31,360.1,370.0,1567
PHCL,2026-07-31,296.7,299.7,39916
TAMOR,2026-07-31,448.1,449.3,27003
NIFRA,2026-07-31,246.2,249.1,43724
DORDI,2026-07-31,253.0,253.5,26615
GFCL,2026-07-31,612.0,613.1,5156
GLBSL,2026-07-31,1845.0,1810.0,189
MANDU,2026-07-31,825.0,815.0,6953
WNLB,2026-07-31,1315.2,1345.0,122
SAPDBL,2026-07-31,798.0,858.9,47605
NTC,2026-07-31,850.0,861.0,6077
ILBS,2026-07-31,850.0,883.8,3205
SMPDA,2026-07-31,759.0,762.0,677
SOPL,2026-07-31,783.8,827.0,31094
UAIL,2026-07-31,440.1,445.3,8209
PPCL,2026-07-31,321.1,345.9,10871
ULHC,2026-07-31,339.0,362.0,24501
SPIL,2026-07-31,690.0,705.9,597
ACLBSL,2026-07-31,930.0,934.0,502
MAKAR,2026-07-31,438.0,440.0,7472
NBL,2026-07-31,266.0,270.3,38421
NICBF,2026-07-31,9.5,9.5,1400
NLICL,2026-07-31,587.0,560.1,52877
NLIC,2026-07-31,754.0,759.8,11910
JBLB,2026-07-31,1246.0,1282.0,1652
SANIMA,2026-07-31,370.8,372.7,63629
SOHL,2026-07-31,571.0,583.9,179906
MHCL,2026-07-31,316.0,317.9,3275
MKJC,2026-07-31,456.0,462.6,6682
CREST,2026-07-31,1252.6,1190.0,9053
LEC,2026-07-31,224.0,225.9,78017
NSY,2026-07-31,9.3,9.45,2700
SGIC,2026-07-31,465.0,465.0,8092
EBLD85,2026-07-31,1135.0,1130.0,123
SADBLP,2026-07-31,220.0,220.0,13212
SJCL,2026-07-31,266.0,275.0,9243
SLBBL,2026-07-31,810.0,803.0,1894
IHL,2026-07-31,350.0,350.0,2315
DOLTI,2026-07-31,320.0,325.0,19315
CZBIL,2026-07-31,203.1,207.9,36995
BFC,2026-07-31,535.0,510.0,57251
SANVI,2026-07-31,586.0,604.0,6946
GBLBS,2026-07-31,726.1,748.0,1829
ANLB,2026-07-31,5500.0,5649.0,1810
CGH,2026-07-31,780.0,784.0,8571
SWBBL,2026-07-31,683.0,681.9,3994
RSML,2026-07-31,3175.0,2999.0,38722
APHL,2026-07-31,820.8,839.0,15695
SINDU,2026-07-31,714.0,723.9,48851
ENL,2026-07-31,795.1,814.5,330
SWMF,2026-07-31,616.0,617.0,3215
GRDBL,2026-07-31,1083.0,1072.0,11399
LVF2,2026-07-31,9.04,9.86,4250
RMF1,2026-07-31,9.55,9.78,13100
SAHAS,2026-07-31,660.0,665.0,42628
HEI,2026-07-31,543.9,539.0,3856
USHEC,2026-07-31,490.0,492.0,4347
CYCL,2026-07-31,1300.1,1310.0,857
H8020,2026-07-31,11.8,11.63,800
ILBSP,2026-07-31,470.5,470.5,750
HLBSL,2026-07-31,880.0,881.9,274
HIDCL,2026-07-31,260.0,258.8,17829
MFIL,2026-07-31,760.0,788.0,24102
KBL,2026-07-31,223.9,225.0,282557
HDHPC,2026-07-31,214.0,213.7,106601
HFIN,2026-07-31,668.8,720.0,22713
VLBS,2026-07-31,667.0,670.0,961
KPCL,2026-07-31,466.0,475.0,2716
MATRI,2026-07-31,810.2,830.0,326
MCHL,2026-07-31,280.0,283.8,1507
GBIMESY2,2026-07-31,9.24,9.25,3900
JFL,2026-07-31,393.0,394.0,3470
RURU,2026-07-31,614.0,614.1,387
NABIL,2026-07-31,554.5,556.0,45634
RSY,2026-07-31,10.01,10.3,900
BJHL,2026-07-31,700.0,731.3,4577
IGI,2026-07-31,432.3,437.5,10048
YMHL,2026-07-31,630.2,644.0,28063
TTL,2026-07-31,702.0,730.0,6475
SIFC,2026-07-31,520.0,519.0,2223
CHL,2026-07-31,262.6,268.0,15438
BBC,2026-07-31,4201.0,4280.0,161
SARBTM,2026-07-31,797.0,790.1,6077
MLBS,2026-07-31,1126.3,1159.0,362
SHIVM,2026-07-31,635.0,642.0,69233
SBI,2026-07-31,408.9,408.0,32635
MBL,2026-07-31,257.9,259.2,54081
JBBL,2026-07-31,344.0,347.1,23080
RAWA,2026-07-31,420.1,430.0,9126
NIBLGF,2026-07-31,9.03,9.6,12500
LLBS,2026-07-31,880.0,895.0,767
HLICF,2026-07-31,8.7,8.55,1800
NICL,2026-07-31,500.1,507.0,8107
MEN,2026-07-31,594.9,595.5,38358
NICAD2091,2026-07-31,1044.1,1044.1,25
NIBLSTF,2026-07-31,8.89,8.62,4373
SPL,2026-07-31,651.0,663.4,1940
NMBMF,2026-07-31,610.2,616.0,430
ICFC,2026-07-31,610.1,613.0,3306
MDB,2026-07-31,580.0,586.0,4205
DLBS,2026-07-31,1165.0,1214.0,233
GMFIL,2026-07-31,456.5,470.0,59668
GCIL,2026-07-31,354.1,359.0,8094
DDBL,2026-07-31,835.0,836.5,3939
AKJCL,2026-07-31,360.0,366.0,223712
SFMF,2026-07-31,10.2,10.15,19920
UPPER,2026-07-31,194.0,195.5,73985
GVL,2026-07-31,480.0,487.0,8364
UNHPL,2026-07-31,380.2,382.1,10081
PMLI,2026-07-31,440.0,442.2,2325
MNMF1,2026-07-31,9.51,9.6,1050
ILI,2026-07-31,420.0,418.0,4115
ULBSL,2026-07-31,2720.0,2775.0,433
C30MF,2026-07-31,10.07,10.07,100
UMHL,2026-07-31,573.0,581.0,95992
RLEL,2026-07-31,848.0,885.7,6130
NADEP,2026-07-31,749.0,727.0,277
TVCL,2026-07-31,476.0,489.0,2210
MKCL,2026-07-31,1100.0,1120.0,2255
ADBLD83,2026-07-31,1029.7,1025.0,45
RHPL,2026-07-31,258.5,259.9,17625
SIGS3,2026-07-31,10.71,10.42,4900
PURE,2026-07-31,833.0,863.0,6604
BEDC,2026-07-31,317.4,318.1,25955
PPL,2026-07-31,311.6,326.0,25427
AKPL,2026-07-31,255.9,261.7,54673
SBCF,2026-07-31,9.5,9.6,11700
NMFBS,2026-07-31,1116.0,1120.0,2463
MMF1,2026-07-31,8.74,9.15,32800
NICD88,2026-07-31,1100.0,1100.0,25
GIBF1,2026-07-31,10.55,10.86,1300
SYPNL,2026-07-31,1264.5,1350.0,44453
NHPC,2026-07-31,260.0,269.4,164645
NRN,2026-07-31,1400.0,1420.0,55080
GWFD83,2026-07-31,1123.3,1089.7,1
GHL,2026-07-31,213.5,226.8,22211
KKHC,2026-07-31,295.1,291.4,133825
SAGF,2026-07-31,10.05,10.05,300
MKHC,2026-07-31,275.0,285.0,8370
FOWAD,2026-07-31,977.9,964.9,2220
GMLI,2026-07-31,1130.1,1149.0,444
SAND2085,2026-07-31,1150.0,1150.0,50
BNT,2026-07-31,11300.0,11000.5,25
SFEF,2026-07-31,10.0,10.0,500
SALICO,2026-07-31,593.0,602.7,2499
MNBBL,2026-07-31,371.8,370.7,29292
NHDL,2026-07-31,630.0,647.0,5442
GBIMEP,2026-07-31,105.9,104.7,386068
KHPL,2026-07-31,890.0,870.0,51259
PCIL,2026-07-31,630.0,654.0,32107
HDL,2026-07-31,1167.0,1164.0,18896
NBF3,2026-07-31,9.75,9.88,2800
PCBL,2026-07-31,240.1,247.0,100424
KMCDB,2026-07-31,779.0,766.4,2071
NWCL,2026-07-31,692.1,714.3,2000
GBBL,2026-07-31,412.5,420.0,13519
KEF,2026-07-31,10.47,10.3,21200
NIBD84,2026-07-31,1050.0,1050.0,75
HPPL,2026-07-31,388.0,383.0,172178
HIDCLP,2026-07-31,189.0,192.8,70013
OHL,2026-07-31,675.0,678.0,2137
GUFL,2026-07-31,570.0,572.0,32720
AHPC,2026-07-31,265.0,269.0,117686
UHEWA,2026-07-31,564.0,572.1,13705
API,2026-07-31,334.8,335.3,126694
MEL,2026-07-31,213.1,218.9,5108
USLB,2026-07-31,1150.0,1135.0,2288
NMLBBL,2026-07-31,530.0,522.0,6495
SKHEL,2026-07-31,976.0,978.0,2859
PBD84,2026-07-31,1067.0,1067.0,100
EBL,2026-07-31,725.0,728.6,29334
SHINE,2026-07-31,410.0,413.0,10540
UPCL,2026-07-31,349.0,362.0,68843
ECL,2026-07-31,1195.0,1309.3,13500
CSY,2026-07-31,9.1,9.34,24577
RFPL,2026-07-31,330.0,335.3,8669
PROFL,2026-07-31,430.0,433.0,4539
RNLI,2026-07-31,440.2,444.5,11354
KDBY,2026-07-31,10.81,11.1,9500
NMIC,2026-07-31,915.1,925.0,874
GLH,2026-07-31,250.3,259.0,67704
SMFBS,2026-07-31,1500.0,1539.0,357
LBBL,2026-07-31,488.0,496.0,20417
SONA,2026-07-31,405.0,410.0,14952
HBLD83,2026-07-31,1018.0,1013.1,155
NRM,2026-07-31,304.0,315.0,2868
SADBL,2026-07-31,415.0,417.5,40797
MSLB,2026-07-31,1200.0,1229.0,431
SCB,2026-07-31,657.9,651.0,10797
NIMB,2026-07-31,189.1,199.7,140620
SNORL,2026-07-31,925.0,926.1,23492
NRIC,2026-07-31,950.0,970.0,41920
NGPL,2026-07-31,425.0,408.1,148643
SIKLES,2026-07-31,558.6,559.0,9589
CBBL,2026-07-31,932.8,932.0,14110
AHL,2026-07-31,411.0,420.0,1619
BANDIPUR,2026-07-31,711.0,727.0,34075
PSF,2026-07-31,11.45,11.74,800
BPCL,2026-07-31,645.0,655.5,20139
SAIL,2026-07-31,1060.0,1099.0,44123
AVYAN,2026-07-31,1002.1,1029.0,1441
EDBL,2026-07-31,574.1,579.0,6814
ICFCD89,2026-07-31,1092.3,1093.2,60
KBSH,2026-07-31,905.1,956.0,23851
KSBBL,2026-07-31,475.1,478.0,18173
SLCF,2026-07-31,9.7,9.89,500
SAGAR,2026-07-31,1682.0,1710.0,10413
PBD88,2026-07-31,1156.1,1156.0,30
SNLI,2026-07-31,428.0,428.0,4394
TPKHL,2026-07-31,530.0,548.9,39253
MMKJL,2026-07-31,471.5,484.0,2134
PRVU,2026-07-31,187.7,196.5,70601
SMATA,2026-07-31,732.0,731.0,3028
CORBL,2026-07-31,1150.0,1120.0,98227
HHL,2026-07-31,347.0,340.0,9428
NICSF,2026-07-31,8.97,9.0,4420
LSL,2026-07-31,228.5,228.4,104988
NICGF2,2026-07-31,9.0,9.04,600
ALICL,2026-07-31,428.7,431.7,48252
NMBHF2,2026-07-31,9.58,9.59,8121
SKHL,2026-07-31,870.0,884.0,29377
BHL,2026-07-31,210.0,212.4,71648
BHDC,2026-07-31,435.0,431.4,3261
MLBSL,2026-07-31,1675.0,1653.0,3046
NIBSF2,2026-07-31,9.0,8.8,8910
SMHL,2026-07-31,493.0,498.9,42099
HIMSTAR,2026-07-31,710.0,740.0,1586
LUK,2026-07-31,10.15,10.2,2300
MEHL,2026-07-31,301.0,302.0,2369
GBIME,2026-07-31,254.0,262.0,588735
MSHL,2026-07-31,604.0,620.5,373
PRSF,2026-07-31,12.9,12.93,2340
MHL,2026-07-31,480.0,477.8,349
CBLD88,2026-07-31,1180.0,1187.0,50
RSDC,2026-07-31,642.1,638.2,4291
DHEL,2026-07-31,552.5,587.9,11475
OMPL,2026-07-31,916.0,940.0,3207
SHPC,2026-07-31,500.0,501.0,35056
BARUN,2026-07-31,321.0,323.0,21104
NFS,2026-07-31,582.0,576.0,2941
SICL,2026-07-31,605.5,613.0,2202
HRL,2026-07-31,597.0,603.0,69303
NESDO,2026-07-31,1454.0,1495.0,436
SHEL,2026-07-31,305.0,307.7,49839
RADHI,2026-07-31,725.0,729.0,50725
SJLIC,2026-07-31,415.0,419.0,6837
GILB,2026-07-31,1105.9,1100.0,218
NIMBD90,2026-07-31,1266.0,1266.0,55
MBLEF,2026-07-31,9.9,10.1,600
RLFL,2026-07-31,460.0,465.0,11226
MKHL,2026-07-31,497.0,504.0,2237
HATHY,2026-07-31,727.0,714.0,4107
SHINED,2026-07-31,1092.0,1092.0,25
NIL,2026-07-31,618.1,620.0,1668
CITY,2026-07-31,348.5,368.2,72331
MERO,2026-07-31,670.0,671.2,4523
NICLBSL,2026-07-31,546.0,558.0,5387
NIMBPO,2026-07-31,144.0,147.0,25555
FMDBL,2026-07-31,765.0,770.0,8394
BGWT,2026-07-31,581.0,595.0,1290
SRLI,2026-07-31,381.5,379.4,4482
USHL,2026-07-31,570.1,544.3,1246
CIT,2026-07-31,1726.0,1715.0,4400
MABEL,2026-07-31,583.1,603.0,5395
RHGCL,2026-07-31,259.0,265.0,10433
BHCL,2026-07-31,486.0,503.9,28242
GSY,2026-07-31,9.53,9.65,900
CZBILP,2026-07-31,100.6,100.0,150000
STC,2026-07-31,5200.0,5150.0,289
CHDC,2026-07-31,2170.0,2221.9,25958
SHL,2026-07-31,496.0,501.0,9444
LICN,2026-07-31,793.0,787.9,4020
SIPD,2026-07-31,661.0,680.0,22151
CKHL,2026-07-31,570.4,605.6,943
DHPL,2026-07-31,286.5,294.0,749
NMB,2026-07-31,250.0,249.9,31804
MBJC,2026-07-31,264.2,267.0,19940
MLBBL,2026-07-31,1118.0,1142.0,1210
SPDL,2026-07-31,370.1,372.1,34892
JHAPA,2026-07-31,1111.0,1138.0,7234
SHLB,2026-07-31,1460.0,1474.0,100
UMRH,2026-07-31,531.0,537.2,4468
NICA,2026-07-31,335.0,336.1,26479
BNHC,2026-07-31,283.0,282.0,13889
SMJC,2026-07-31,438.1,444.0,4112
HBL,2026-07-31,197.0,202.0,61738
RBBF40,2026-07-31,9.29,9.03,4000
TSHL,2026-07-31,381.0,374.0,3561
SLBSL,2026-07-31,1090.0,1085.0,2655
NSIF2,2026-07-31,10.66,10.66,500
PRIN,2026-07-31,671.3,680.0,931
SWASTIK,2026-07-31,2023.0,2020.0,170
SSHL,2026-07-31,203.5,205.0,93044
SBL,2026-07-31,410.0,414.4,178151
KSY,2026-07-31,9.61,9.79,3382
CFCL,2026-07-31,627.1,662.0,223631
SGHL,2026-07-31,545.8,529.0,69102
HURJA,2026-07-31,230.5,236.1,30589
SABBL,2026-07-31,1031.3,1045.0,22960
UNL,2026-07-31,48590.0,48590.0,10
ALBSL,2026-07-31,1051.0,1114.8,10020
SKBBL,2026-07-31,768.0,757.0,7076
MHNL,2026-07-31,248.0,242.0,14192
UNLB,2026-07-31,1236.0,1259.0,246
NMB50,2026-07-31,10.69,10.39,7385
NUBL,2026-07-31,609.0,610.0,2862
SEF,2026-07-31,9.98,9.8,10497
SBLD2091,2026-07-31,1065.0,1065.0,25
SMB,2026-07-31,1817.1,1835.0,1046
NABBC,2026-07-31,790.0,785.2,2623
RBCL,2026-07-31,14168.0,14206.0,60
EBLD91,2026-07-31,1063.1,1064.0,75
HLI,2026-07-31,324.0,325.0,25031
NABILD2089,2026-07-31,1056.0,1056.0,25
KDL,2026-07-31,765.2,785.0,2819
MPFL,2026-07-31,607.0,619.7,3811
CHCL,2026-07-31,495.0,494.1,20369
JOSHI,2026-07-31,262.6,283.0,94932
NICFC,2026-07-30,9.05,9.28,3100
MLBL,2026-07-30,355.1,352.9,8814
MBJC,2026-07-30,269.0,266.5,33879
GSY,2026-07-30,9.5,9.8,2600
PRSF,2026-07-30,12.77,12.77,100
DHEL,2026-07-30,597.0,580.0,27695
ECL,2026-07-30,990.0,1138.6,2640
PHCL,2026-07-30,302.0,300.0,35643
MMKJL,2026-07-30,493.0,485.0,4894
CFCL,2026-07-30,611.0,660.1,133292
TPKHL,2026-07-30,557.9,539.0,38317
GBBD85,2026-07-30,1062.1,1063.0,103
SHLB,2026-07-30,1458.0,1475.0,70
TTL,2026-07-30,735.0,720.4,8053
SOPL,2026-07-30,794.2,825.0,59270
FMDBL,2026-07-30,763.0,758.0,5111
NMB,2026-07-30,246.0,248.6,29716
CHCL,2026-07-30,494.0,495.0,63422
ICFC,2026-07-30,618.0,613.0,1785
NYADI,2026-07-30,365.0,365.0,4104
RBCL,2026-07-30,14500.0,14600.0,867
SGHC,2026-07-30,324.8,318.0,50539
BGWT,2026-07-30,580.1,597.0,1583
JSLBB,2026-07-30,1000.0,999.0,264
HIDCLP,2026-07-30,193.9,189.5,51694
EBLD85,2026-07-30,1135.0,1135.0,10
MHL,2026-07-30,470.0,470.0,3265
SABBL,2026-07-30,1066.1,1063.0,13608
HRL,2026-07-30,610.0,597.0,42529
RSDC,2026-07-30,641.2,640.1,1502
MAKAR,2026-07-30,449.0,437.9,49623
SLBBL,2026-07-30,806.1,809.0,1495
SARBTM,2026-07-30,800.0,790.0,2268
MDB,2026-07-30,570.0,584.0,4005
SWBBL,2026-07-30,685.0,673.0,4763
UAIL,2026-07-30,455.0,448.0,12447
ILBS,2026-07-30,842.7,883.9,812
GHL,2026-07-30,230.0,224.7,21285
NHPC,2026-07-30,260.0,265.0,147186
SANIMA,2026-07-30,375.0,370.9,58989
NMB50,2026-07-30,10.75,10.69,1200
SHINE,2026-07-30,410.0,410.0,13148
SBLD89,2026-07-30,1240.0,1240.0,25
NBL,2026-07-30,259.0,270.0,55675
NMBMF,2026-07-30,622.0,627.9,279
SLBSL,2026-07-30,1131.1,1090.0,978
MABEL,2026-07-30,582.1,595.5,1818
TPC,2026-07-30,360.0,357.9,7495
NIBSF2,2026-07-30,8.55,8.8,10800
BFC,2026-07-30,485.0,509.8,34113
SMFBS,2026-07-30,1537.0,1500.0,458
CGH,2026-07-30,790.0,786.0,3690
SMATA,2026-07-30,740.0,740.0,2496
SANVI,2026-07-30,582.0,593.5,5263
UPPER,2026-07-30,196.0,194.0,48682
SKBBL,2026-07-30,769.0,757.9,7715
PSF,2026-07-30,11.74,11.8,13600
NIBD84,2026-07-30,1042.0,1042.0,25
SBCF,2026-07-30,9.38,9.5,3700
SEF,2026-07-30,9.75,9.81,41000
HIMSTAR,2026-07-30,728.1,725.0,3315
NICGF2,2026-07-30,9.0,9.2,1600
SALICO,2026-07-30,606.5,593.0,5176
NICLBSL,2026-07-30,556.0,552.0,6307
SCB,2026-07-30,660.8,652.0,3198
NIL,2026-07-30,636.0,618.1,1845
OMPL,2026-07-30,937.0,934.0,1695
LSL,2026-07-30,230.0,226.8,180338
SPL,2026-07-30,661.0,664.0,940
OHL,2026-07-30,678.0,675.0,1025
MPFL,2026-07-30,610.0,618.3,3992
PBD88,2026-07-30,1170.1,1181.0,75
ALBSL,2026-07-30,1051.0,1087.6,4356
WNLB,2026-07-30,1339.0,1348.0,149
NRN,2026-07-30,1419.0,1402.0,58834
NMBHF2,2026-07-30,9.58,9.75,1800
SAIL,2026-07-30,1120.0,1075.0,40817
MKHL,2026-07-30,498.6,510.0,1482
KDBY,2026-07-30,11.16,11.1,7200
GCIL,2026-07-30,360.0,359.8,15066
CIT,2026-07-30,1710.0,1716.0,1962
ILI,2026-07-30,415.5,420.0,4553
SFEF,2026-07-30,10.0,10.0,41100
UMRH,2026-07-30,538.0,539.5,10812
VLUCL,2026-07-30,426.2,438.0,1238
LLBS,2026-07-30,900.0,898.0,3094
NSY,2026-07-30,9.22,9.3,3100
NLIC,2026-07-30,760.0,752.0,9676
AKJCL,2026-07-30,366.0,360.0,246031
USLB,2026-07-30,1152.1,1152.3,962
KPCL,2026-07-30,470.0,473.0,3175
NMIC,2026-07-30,930.1,922.0,4048
EDBL,2026-07-30,573.0,574.0,5265
SADBL,2026-07-30,415.0,413.6,17721
NABIL,2026-07-30,530.0,554.5,50772
ADBLD83,2026-07-30,1015.0,1020.0,225
SAPDBL,2026-07-30,838.0,839.9,49040
SAGF,2026-07-30,10.05,10.1,1400
USHL,2026-07-30,570.0,543.0,2165
GMFBS,2026-07-30,1305.2,1222.2,201
GBBL,2026-07-30,420.0,419.0,11431
SSHL,2026-07-30,205.0,203.0,49737
NIMBPO,2026-07-30,144.1,143.8,5000
AHL,2026-07-30,417.0,420.0,1836
ANLB,2026-07-30,5500.0,5697.0,3867
CLI,2026-07-30,425.0,444.3,6750
SWMF,2026-07-30,619.0,627.0,4664
RFPL,2026-07-30,333.1,333.5,15140
SMPDA,2026-07-30,770.0,768.9,450
IGI,2026-07-30,449.5,437.0,4283
MNMF1,2026-07-30,9.51,9.58,101350
ADBL,2026-07-30,306.0,320.0,44241
PMHPL,2026-07-30,321.0,320.0,2370
SIPD,2026-07-30,682.0,678.9,24436
CSY,2026-07-30,9.0,9.02,3750
CORBL,2026-07-30,1382.8,1155.0,126446
NESDO,2026-07-30,1480.0,1495.0,972
KMCDB,2026-07-30,784.0,779.5,2158
MFIL,2026-07-30,772.0,788.0,31079
EBL,2026-07-30,727.0,724.0,10486
SJCL,2026-07-30,270.0,274.0,4932
HEI,2026-07-30,533.0,536.0,4626
GIBF1,2026-07-30,10.66,10.66,20800
ACLBSL,2026-07-30,900.1,930.0,632
KDL,2026-07-30,766.2,770.0,3572
HLICF,2026-07-30,8.7,8.69,1300
API,2026-07-30,339.0,333.0,88031
DOLTI,2026-07-30,323.6,320.0,8810
NSIF2,2026-07-30,10.98,10.66,2793
NBLD85,2026-07-30,1040.0,1045.0,1
CCBD88,2026-07-30,1190.0,1190.0,10
CITY,2026-07-30,374.0,366.8,84701
SHEL,2026-07-30,304.0,305.0,57162
SJLIC,2026-07-30,415.0,417.7,3984
MEHL,2026-07-30,307.0,306.0,1805
CYCL,2026-07-30,1340.0,1300.0,1056
BUNGAL,2026-07-30,593.0,587.0,17807
RSML,2026-07-30,3051.0,3024.0,80858
MEL,2026-07-30,218.0,217.0,30010
MBL,2026-07-30,246.1,257.0,95668
NICSF,2026-07-30,9.0,8.8,6900
C30MF,2026-07-30,9.8,10.07,10100
KSBBL,2026-07-30,484.9,479.0,20940
MLBS,2026-07-30,1140.2,1158.0,59
HLI,2026-07-30,325.8,324.3,16248
UPCL,2026-07-30,346.5,347.0,23902
STC,2026-07-30,5190.0,5189.0,346
SFMF,2026-07-30,10.15,10.15,905
NFS,2026-07-30,577.1,575.0,4385
AKPL,2026-07-30,255.2,256.9,17297
SPDL,2026-07-30,376.0,374.9,25621
HDHPC,2026-07-30,212.0,213.5,76132
BHL,2026-07-30,213.0,210.5,56897
ULBSL,2026-07-30,2700.0,2785.0,1153
NLICL,2026-07-30,584.5,570.0,33209
MANDU,2026-07-30,830.0,816.0,1759
MSLB,2026-07-30,1198.1,1220.0,753
USHEC,2026-07-30,485.0,492.0,7284
NUBL,2026-07-30,605.8,611.0,2374
PCBL,2026-07-30,230.0,241.5,40879
LUK,2026-07-30,10.47,10.46,6810
GLH,2026-07-30,253.6,252.0,24736
UMHL,2026-07-30,570.0,586.7,30899
SAHAS,2026-07-30,664.0,661.0,41565
SHPC,2026-07-30,506.0,505.0,22396
ICFCD88,2026-07-30,1140.0,1140.0,75
SBLD2091,2026-07-30,1079.4,1065.0,159
SWASTIK,2026-07-30,2011.1,2011.1,430
SGHL,2026-07-30,535.0,519.9,54154
APHL,2026-07-30,846.0,834.0,15135
GRDBL,2026-07-30,1059.0,1063.0,15731
EHPL,2026-07-30,350.0,343.5,5136
JBLB,2026-07-30,1260.0,1255.1,2062
RBBF40,2026-07-30,9.27,9.02,1343
MLBBL,2026-07-30,1140.0,1134.0,303
SMH,2026-07-30,507.0,502.9,8196
SRLI,2026-07-30,380.0,381.5,7432
NTC,2026-07-30,870.0,865.0,3581
SNORL,2026-07-30,972.0,938.0,31452
CKHL,2026-07-30,585.0,588.0,273
MLBSL,2026-07-30,1690.0,1690.0,1088
PRVU,2026-07-30,186.0,195.4,87233
NRIC,2026-07-30,950.0,945.0,13744
LEC,2026-07-30,238.2,224.8,127642
GUFL,2026-07-30,576.4,575.0,19640
UNHPL,2026-07-30,392.0,382.9,8263
KEF,2026-07-30,10.11,10.28,2900
NIBLSTF,2026-07-30,8.73,8.77,1201
RIDI,2026-07-30,368.6,363.0,294672
SMB,2026-07-30,1840.0,1816.0,750
RNLI,2026-07-30,440.3,441.9,8512
BEDC,2026-07-30,321.1,320.0,11462
TVCL,2026-07-30,477.5,476.2,1884
NADEP,2026-07-30,740.0,741.0,708
PPL,2026-07-30,325.0,328.0,20127
MHCL,2026-07-30,323.0,315.2,3485
SLCF,2026-07-30,9.75,9.99,16700
KSY,2026-07-30,9.9,9.9,1300
AHPC,2026-07-30,267.6,267.0,26286
RLFL,2026-07-30,470.9,465.0,13971
PCIL,2026-07-30,664.0,649.5,47211
NIFRAGED,2026-07-30,1026.0,1026.0,25
NGPL,2026-07-30,413.9,407.9,82194
NHDL,2026-07-30,630.0,630.0,5389
SKHL,2026-07-30,885.0,871.0,11782
HBL,2026-07-30,188.1,199.0,33687
GBIMEP,2026-07-30,114.8,111.4,47200
IHL,2026-07-30,355.0,347.1,1314
HPPL,2026-07-30,389.0,388.0,214904
MKJC,2026-07-30,465.0,468.0,3650
MEN,2026-07-30,598.9,595.8,22761
UHEWA,2026-07-30,560.0,571.0,10430
CREST,2026-07-30,1190.0,1193.0,3224
H8020,2026-07-30,11.7,11.7,3700
NIFRA,2026-07-30,250.0,248.0,27905
GWFD83,2026-07-30,1158.0,1123.3,1
SAGAR,2026-07-30,1715.0,1704.0,8271
RURU,2026-07-30,629.0,614.5,2379
CBBL,2026-07-30,938.0,928.2,10317
RAWA,2026-07-30,444.9,428.0,10012
MCHL,2026-07-30,296.2,282.0,3153
RMF1,2026-07-30,9.87,9.68,12930
HFIN,2026-07-30,717.0,704.0,28853
KHPL,2026-07-30,1008.0,902.0,31485
GFCL,2026-07-30,624.7,612.0,5737
AVYAN,2026-07-30,1013.0,1015.0,3048
SIFC,2026-07-30,520.0,517.8,3324
MATRI,2026-07-30,820.0,829.9,346
SPHL,2026-07-30,520.1,536.0,2890
KAHL,2026-07-30,548.0,536.0,40236
JOSHI,2026-07-30,269.5,265.0,11532
YMHL,2026-07-30,640.4,645.0,35977
NIBLGF,2026-07-30,9.0,9.0,3150
SKHEL,2026-07-30,971.0,976.0,4074
RHPL,2026-07-30,260.2,258.1,19919
BANDIPUR,2026-07-30,729.0,719.8,17645
RSY,2026-07-30,9.71,10.25,83208
SINDU,2026-07-30,700.1,701.0,16145
SIKLES,2026-07-30,556.0,558.6,29707
HDL,2026-07-30,1170.0,1161.2,17763
UNLB,2026-07-30,1337.2,1265.0,745
MMF1,2026-07-30,9.0,9.0,35440
CBLD88,2026-07-30,1201.0,1200.0,54
PPCL,2026-07-30,349.0,338.0,12521
SMJC,2026-07-30,444.6,442.0,7500
PBLD87,2026-07-30,1101.0,1101.0,40
BARUN,2026-07-30,325.0,323.1,21015
LICN,2026-07-30,789.9,788.0,9579
JHAPA,2026-07-30,1131.0,1119.0,5278
SBI,2026-07-30,389.5,406.9,4129
SMHL,2026-07-30,510.0,496.0,92151
GLBSL,2026-07-30,1815.0,1820.0,466
VLBS,2026-07-30,670.2,671.0,684
BBC,2026-07-30,4186.0,4280.0,706
GILB,2026-07-30,1076.3,1105.9,965
NMFBS,2026-07-30,1115.0,1116.0,1277
SHIVM,2026-07-30,626.4,636.0,71068
GMLI,2026-07-30,1135.4,1137.1,851
MHNL,2026-07-30,241.9,245.0,10825
HEIP,2026-07-30,335.0,340.0,817
HHL,2026-07-30,336.1,338.0,14272
SYPNL,2026-07-30,1335.0,1331.0,30930
RMF2,2026-07-30,9.7,10.07,2600
TSHL,2026-07-30,375.5,372.0,5485
CZBIL,2026-07-30,196.6,205.9,74445
PMLI,2026-07-30,456.5,440.5,4163
TRH,2026-07-30,771.2,785.9,788
NBF3,2026-07-30,10.09,9.85,4240
BHCL,2026-07-30,491.2,486.0,22600
NICL,2026-07-30,510.0,505.0,22144
SPIL,2026-07-30,699.0,700.0,2709
MERO,2026-07-30,671.0,677.0,3566
JBBL,2026-07-30,345.1,345.5,23798
NIMB,2026-07-30,190.0,199.0,107356
ICFCD89,2026-07-30,1099.0,1092.3,225
BPCL,2026-07-30,693.0,650.0,22963
MBLEF,2026-07-30,10.0,10.1,6350
SIGS3,2026-07-30,10.7,10.7,8400
FOWAD,2026-07-30,960.0,952.0,2251
SGIC,2026-07-30,458.1,459.8,11872
MKHC,2026-07-30,290.0,285.0,17333
UNL,2026-07-30,48200.0,48200.0,10
HLBSL,2026-07-30,897.9,880.0,780
HURJA,2026-07-30,237.0,232.0,36584
PROFL,2026-07-30,437.9,434.0,3009
MSHL,2026-07-30,609.0,602.5,1445
CHL,2026-07-30,267.0,264.0,24389
DHPL,2026-07-30,299.0,295.3,4398
KBL,2026-07-30,210.0,222.0,230853
JFL,2026-07-30,402.9,393.0,3495
NRM,2026-07-30,312.1,313.0,10101
RLEL,2026-07-30,875.4,867.8,11208
LBBL,2026-07-30,488.3,490.2,36940
PCBLP,2026-07-30,102.0,102.0,46894
HIDCL,2026-07-30,260.0,258.0,44775
RADHI,2026-07-30,700.3,724.9,57946
DLBS,2026-07-30,1193.2,1190.0,1295
GBLBS,2026-07-30,730.0,748.0,4525
NLG,2026-07-30,580.0,584.0,5555
BHPL,2026-07-30,476.0,466.3,3538
PURE,2026-07-30,841.0,852.9,3160
RHGCL,2026-07-30,258.0,264.2,15550
SPC,2026-07-30,427.9,415.0,2448
BNT,2026-07-30,11750.0,11620.0,304
LVF2,2026-07-30,9.03,9.13,6390
PRIN,2026-07-30,680.0,679.0,1156
ENL,2026-07-30,814.0,806.0,410
NMLBBL,2026-07-30,515.0,520.0,8584
GBIME,2026-07-30,244.1,256.0,286885
JBBD87,2026-07-30,1111.0,1111.0,25
NICA,2026-07-30,322.0,339.9,40428
GBIMESY2,2026-07-30,9.3,9.04,400
DDBL,2026-07-30,850.0,835.0,3545
NBLD87,2026-07-30,1090.0,1090.0,25
GMFIL,2026-07-30,465.0,459.0,11836
SICL,2026-07-30,620.0,613.0,6079
MNBBL,2026-07-30,372.0,370.0,22877
KBSH,2026-07-30,959.0,931.0,23815
BHDC,2026-07-30,433.9,433.0,3106
BJHL,2026-07-30,688.3,716.0,9417
TAMOR,2026-07-30,449.2,451.0,34393
SNLI,2026-07-30,430.1,428.0,5359
SBL,2026-07-30,392.3,410.7,99488
BNHC,2026-07-30,280.3,283.7,10658
DORDI,2026-07-30,264.9,252.7,44798
CHDC,2026-07-30,2231.0,2229.9,9047
HATHY,2026-07-30,726.0,712.0,3152
NABBC,2026-07-30,776.5,780.2,7802
SONA,2026-07-30,428.0,408.8,17828
SOHL,2026-07-30,564.1,571.0,143962
ALICL,2026-07-30,436.0,428.7,14001
SHL,2026-07-30,500.0,500.0,6446
NWCL,2026-07-30,703.0,712.0,3359
KKHC,2026-07-30,295.0,296.0,354765
ULHC,2026-07-30,345.0,340.1,4850
MKCL,2026-07-30,1150.0,1120.0,660
GVL,2026-07-30,476.1,484.5,12929
RURU,2026-07-29,620.0,618.0,1585
KBSH,2026-07-29,1008.0,945.0,25870
EBLD86,2026-07-29,1120.0,1100.1,5135
CKHL,2026-07-29,589.5,585.0,1497
SJLIC,2026-07-29,417.0,415.0,14893
RLFL,2026-07-29,462.6,463.0,13545
RBCLPO,2026-07-29,11593.0,11593.0,25
VLBS,2026-07-29,670.0,683.0,683
ECL,2026-07-29,886.8,990.1,760
RLEL,2026-07-29,877.9,899.0,4575
BEDC,2026-07-29,322.0,322.1,11327
SHEL,2026-07-29,307.0,305.0,48396
SHINED,2026-07-29,1105.6,1109.0,450
HDHPC,2026-07-29,217.7,214.5,77244
BARUN,2026-07-29,325.0,325.9,14537
PBD84,2026-07-29,1100.0,1100.0,25
MEHL,2026-07-29,305.0,307.0,2393
ANLB,2026-07-29,5600.0,5658.0,2170
HURJA,2026-07-29,232.0,234.2,16960
CYCL,2026-07-29,1360.0,1327.0,664
SANIMA,2026-07-29,368.5,372.7,118077
SANVI,2026-07-29,618.0,598.5,9226
SMFBS,2026-07-29,1515.2,1536.9,326
UNHPL,2026-07-29,386.0,389.5,19296
AHL,2026-07-29,410.4,417.0,2839
PMLI,2026-07-29,444.4,444.1,5734
RNLI,2026-07-29,440.0,445.9,12355
SPDL,2026-07-29,384.0,385.0,112049
UPPER,2026-07-29,197.7,195.4,48699
MSLB,2026-07-29,1201.0,1205.0,1042
MLBBL,2026-07-29,1135.0,1134.0,1025
MBLEF,2026-07-29,10.01,10.2,4900
JFL,2026-07-29,405.0,401.0,1989
NICSF,2026-07-29,9.0,8.95,6100
RHGCL,2026-07-29,258.3,265.0,7317
NABBC,2026-07-29,776.0,785.1,4249
EHPL,2026-07-29,360.0,343.8,5950
JBBL,2026-07-29,345.4,347.2,26253
PRSF,2026-07-29,12.71,12.95,700
CREST,2026-07-29,1190.0,1199.7,9303
GHL,2026-07-29,230.0,227.6,19151
WNLB,2026-07-29,1353.1,1354.0,137
NLICL,2026-07-29,606.9,580.0,5796
TSHL,2026-07-29,379.0,383.0,4284
DDBL,2026-07-29,842.0,836.7,4927
CITY,2026-07-29,357.4,370.0,69481
KDL,2026-07-29,790.0,784.0,3248
RMF1,2026-07-29,9.39,9.88,71860
NRIC,2026-07-29,979.0,952.0,15261
SNORL,2026-07-29,925.0,971.4,36032
BHCL,2026-07-29,496.0,495.1,15748
UMHL,2026-07-29,570.0,580.9,59984
SABBL,2026-07-29,1130.0,1099.0,21239
USHL,2026-07-29,545.1,543.0,1136
GMFBS,2026-07-29,1273.0,1243.1,404
PCIL,2026-07-29,625.0,664.0,34063
BHPL,2026-07-29,489.0,472.1,5072
NABIL,2026-07-29,558.0,557.5,58797
BNHC,2026-07-29,278.4,285.8,15053
KKHC,2026-07-29,298.0,295.0,720327
LLBS,2026-07-29,900.0,910.0,2752
BHDC,2026-07-29,426.1,433.9,4335
RSML,2026-07-29,3110.0,3118.0,57561
SMHL,2026-07-29,500.0,498.0,108803
SJCL,2026-07-29,270.8,275.0,4205
GILB,2026-07-29,1118.0,1107.0,75
SGHC,2026-07-29,315.0,324.8,171460
SBD87,2026-07-29,1087.1,1087.0,254
DHEL,2026-07-29,590.2,597.0,18392
RHPL,2026-07-29,260.1,262.2,7335
HFIN,2026-07-29,725.0,717.0,30574
HLI,2026-07-29,327.9,325.8,13625
NICAD2091,2026-07-29,1041.0,1048.1,45
JSLBB,2026-07-29,985.0,1013.9,80
SAIL,2026-07-29,1070.0,1080.0,27598
GSY,2026-07-29,10.15,9.77,10800
ULBSL,2026-07-29,2735.5,2797.5,429
CFCL,2026-07-29,686.0,642.5,258051
SAPDBL,2026-07-29,818.0,828.0,66416
UNLB,2026-07-29,1240.0,1274.0,365
MLBSL,2026-07-29,1727.0,1690.0,51
DOLTI,2026-07-29,320.0,323.6,11484
ALICL,2026-07-29,455.7,436.0,7937
ILBS,2026-07-29,870.1,887.0,78
KPCL,2026-07-29,471.0,470.0,4940
DLBS,2026-07-29,1248.6,1201.0,241
SONA,2026-07-29,407.2,407.7,15755
NESDO,2026-07-29,1500.0,1500.0,371
SGHL,2026-07-29,535.0,535.0,52308
GUFL,2026-07-29,584.0,579.0,24743
NBLD87,2026-07-29,1100.0,1100.0,25
PRIN,2026-07-29,674.0,676.6,4698
GMFIL,2026-07-29,479.9,464.9,12422
SBL,2026-07-29,412.4,412.9,91431
LICN,2026-07-29,787.2,789.9,9285
GLH,2026-07-29,251.0,253.6,11310
MKHC,2026-07-29,288.6,290.1,7635
NMFBS,2026-07-29,1120.0,1120.0,2307
SWBBL,2026-07-29,669.2,680.0,3942
GBBL,2026-07-29,416.0,422.0,54582
BUNGAL,2026-07-29,599.2,593.0,26816
TPC,2026-07-29,360.3,359.0,10655
RFPL,2026-07-29,330.1,335.0,20971
KEF,2026-07-29,10.34,10.35,127716
NUBL,2026-07-29,607.0,623.0,9183
PPL,2026-07-29,345.0,335.0,20801
NMBMF,2026-07-29,630.0,631.0,228
CORBL,2026-07-29,1350.0,1317.0,137425
CHCL,2026-07-29,496.1,494.0,79038
KSBBL,2026-07-29,487.8,482.8,22894
HIDCLP,2026-07-29,203.7,190.8,56625
RBBF40,2026-07-29,9.27,9.27,53594
MAKAR,2026-07-29,440.1,440.0,70620
NHDL,2026-07-29,633.0,630.0,6118
GMLI,2026-07-29,1145.8,1155.0,1061
KBLD89,2026-07-29,1285.0,1255.0,131
SAGAR,2026-07-29,1720.0,1724.0,4608
EBLD91,2026-07-29,1080.0,1080.0,25
UMRH,2026-07-29,530.5,534.0,2783
SGIC,2026-07-29,464.0,460.0,6341
MEN,2026-07-29,592.0,599.0,26078
NICGF2,2026-07-29,9.05,9.14,700
SAHAS,2026-07-29,663.9,663.8,60637
SMATA,2026-07-29,720.1,740.0,525
EBLD85,2026-07-29,1123.7,1130.0,180
SADBL,2026-07-29,416.5,418.0,13565
CBLD88,2026-07-29,1274.6,1221.0,88
TRH,2026-07-29,780.0,770.4,544
MHNL,2026-07-29,237.0,243.0,7798
NMBHF2,2026-07-29,9.58,9.58,80624
GBLBS,2026-07-29,769.8,749.9,3675
LEC,2026-07-29,229.5,226.9,200185
SHPC,2026-07-29,507.0,508.0,9281
GBIMEP,2026-07-29,120.8,120.8,16479
NMIC,2026-07-29,932.4,938.0,1591
NRN,2026-07-29,1390.0,1398.0,90324
ALBSL,2026-07-29,1050.0,1084.9,601
SKHEL,2026-07-29,930.4,988.0,4249
SPHL,2026-07-29,522.5,528.0,1446
SBLD89,2026-07-29,1271.0,1236.0,4520
SWMF,2026-07-29,633.0,621.1,2606
TPKHL,2026-07-29,560.0,557.9,24588
HIDCL,2026-07-29,260.1,260.0,31911
SMH,2026-07-29,506.0,506.0,4422
PMHPL,2026-07-29,326.0,321.0,7964
AHPC,2026-07-29,270.0,268.3,34746
TVCL,2026-07-29,514.5,489.4,1028
SIKLES,2026-07-29,555.0,557.0,8229
JHAPA,2026-07-29,1136.0,1134.9,3628
NIBLSTF,2026-07-29,8.66,8.99,2627
DHPL,2026-07-29,295.0,292.0,3008
HLBSL,2026-07-29,890.0,880.0,719
GBIME,2026-07-29,253.5,256.9,375124
TAMOR,2026-07-29,451.0,453.9,24714
CHL,2026-07-29,262.0,263.7,7782
AKPL,2026-07-29,257.0,258.9,34071
GIBF1,2026-07-29,10.53,10.65,4600
NICD83/84,2026-07-29,1027.1,1027.0,300
NSIF2,2026-07-29,10.84,10.75,15650
CSY,2026-07-29,9.01,9.01,5480
RSDC,2026-07-29,643.5,643.0,5340
MSHL,2026-07-29,610.0,609.3,443
MMKJL,2026-07-29,492.0,482.0,2585
NWCL,2026-07-29,707.7,716.8,2927
KAHL,2026-07-29,579.0,549.0,48643
LSL,2026-07-29,225.4,228.5,191885
SIFC,2026-07-29,505.1,518.1,3492
SLCF,2026-07-29,9.8,10.05,4150
SMPDA,2026-07-29,757.1,770.0,523
KSY,2026-07-29,9.95,9.9,1100
NICA,2026-07-29,345.0,338.9,37161
HLICF,2026-07-29,8.43,8.69,4195
BNT,2026-07-29,11750.0,11750.0,20
SOHL,2026-07-29,605.0,593.7,73945
AVYAN,2026-07-29,1037.2,1013.0,3775
API,2026-07-29,336.5,335.0,110350
RIDI,2026-07-29,365.0,369.9,389549
USLB,2026-07-29,1179.5,1182.0,281
PURE,2026-07-29,845.7,861.0,5344
STC,2026-07-29,5130.0,5190.0,1491
APHL,2026-07-29,825.6,846.0,17484
OMPL,2026-07-29,940.1,959.0,2090
MHL,2026-07-29,470.0,474.0,7960
SLBSL,2026-07-29,1075.0,1077.3,4347
GLBSL,2026-07-29,1780.0,1810.0,479
USHEC,2026-07-29,486.0,491.0,3861
SAGF,2026-07-29,10.05,10.35,700
MKHL,2026-07-29,488.3,514.0,3608
PCBL,2026-07-29,238.5,241.9,142194
HRL,2026-07-29,600.0,601.1,66078
HEI,2026-07-29,542.0,542.8,1764
RSY,2026-07-29,10.2,10.22,6950
NFS,2026-07-29,572.1,578.5,7640
FOWAD,2026-07-29,951.1,950.0,6796
EBL,2026-07-29,725.0,727.0,27058
SIGS3,2026-07-29,10.63,10.77,10900
NIL,2026-07-29,622.0,617.5,3576
MNMF1,2026-07-29,9.65,9.75,84881
NIBLGF,2026-07-29,9.11,9.11,150
BFC,2026-07-29,489.0,509.0,29657
LUK,2026-07-29,10.69,10.79,34610
GCIL,2026-07-29,354.4,358.0,15230
MDB,2026-07-29,570.0,590.0,2683
MBJC,2026-07-29,268.3,269.0,37825
NICLBSL,2026-07-29,555.0,558.0,4106
DORDI,2026-07-29,256.0,259.0,6738
SPC,2026-07-29,420.0,417.1,2099
LBBL,2026-07-29,491.1,495.0,36458
SCB,2026-07-29,650.1,657.0,12523
SKBBL,2026-07-29,768.0,758.0,5455
SWASTIK,2026-07-29,2070.0,2031.0,390
SMJC,2026-07-29,461.0,444.6,19125
MEL,2026-07-29,218.0,217.9,22064
SOPL,2026-07-29,848.0,836.0,28683
GVL,2026-07-29,480.2,486.0,14838
RMF2,2026-07-29,9.8,9.97,1400
SYPNL,2026-07-29,1350.0,1334.0,28991
ULHC,2026-07-29,346.0,345.0,4712
IGI,2026-07-29,441.0,441.0,2536
RADHI,2026-07-29,706.9,737.0,30721
NMLBBL,2026-07-29,531.0,530.1,6400
PHCL,2026-07-29,301.2,302.0,18759
NMB50,2026-07-29,10.59,10.59,500
OHL,2026-07-29,690.7,678.0,3429
NSY,2026-07-29,9.4,9.5,19600
GRDBL,2026-07-29,1121.0,1071.9,4213
SHLB,2026-07-29,1468.5,1502.9,89
MABEL,2026-07-29,593.0,600.0,7772
NGPL,2026-07-29,411.0,409.9,131658
HIMSTAR,2026-07-29,722.7,742.9,4500
CGH,2026-07-29,789.0,790.0,12085
SFEF,2026-07-29,10.0,10.02,1600
SPIL,2026-07-29,697.0,700.0,17007
SMB,2026-07-29,1816.1,1849.9,952
FMDBL,2026-07-29,750.0,762.7,6080
MLBS,2026-07-29,1116.0,1172.0,212
MANDU,2026-07-29,820.0,825.0,3558
VLUCL,2026-07-29,427.0,434.9,1378
HDL,2026-07-29,1125.8,1165.0,12341
NIFRA,2026-07-29,251.0,250.1,29582
MLBL,2026-07-29,356.1,358.0,12719
SICL,2026-07-29,614.0,611.1,9181
ADBL,2026-07-29,323.0,321.1,114885
HPPL,2026-07-29,378.0,394.7,573369
SNLI,2026-07-29,430.0,430.1,5050
BANDIPUR,2026-07-29,721.1,722.2,13667
NHPC,2026-07-29,260.0,267.6,131662
GFCL,2026-07-29,626.8,613.0,5931
SHINE,2026-07-29,414.5,412.4,6351
JBLB,2026-07-29,1260.0,1262.0,3416
NIMBPO,2026-07-29,145.9,143.4,8519
NTC,2026-07-29,858.0,869.8,14738
CZBIL,2026-07-29,218.4,206.9,82254
BGWT,2026-07-29,573.0,597.0,1589
SRLI,2026-07-29,380.5,381.2,7546
NBL,2026-07-29,274.0,272.0,46665
SEF,2026-07-29,9.9,9.75,49750
BPCL,2026-07-29,660.0,660.0,22240
CIT,2026-07-29,1717.0,1720.0,2184
UPCL,2026-07-29,355.0,349.9,16979
NICFC,2026-07-29,9.2,9.12,4172
AKJCL,2026-07-29,355.0,365.0,235655
RAWA,2026-07-29,430.0,425.9,34600
SIPD,2026-07-29,716.0,680.0,10073
SARBTM,2026-07-29,791.0,790.0,9288
SINDU,2026-07-29,720.0,710.0,17345
SKHL,2026-07-29,903.0,894.0,5088
KDBY,2026-07-29,11.0,11.16,161350
NICL,2026-07-29,520.0,510.0,24893
NIBD84,2026-07-29,1045.0,1045.0,25
KBLD90,2026-07-29,1425.9,1383.2,1
MKJC,2026-07-29,470.9,465.2,3515
CLI,2026-07-29,441.0,447.0,14371
ENL,2026-07-29,805.0,804.0,315
ICFCD89,2026-07-29,1092.7,1100.0,170
PCBLP,2026-07-29,102.0,102.0,200000
BBC,2026-07-29,4210.0,4300.0,150
JBBD87,2026-07-29,1113.0,1112.0,229
PSF,2026-07-29,11.79,11.85,4435
NBLD85,2026-07-29,1035.4,1040.0,75
RBCL,2026-07-29,14575.0,14557.0,20
PPCL,2026-07-29,355.0,346.9,7070
SLBBL,2026-07-29,815.0,806.6,2899
ICFC,2026-07-29,619.9,618.0,10039
KMCDB,2026-07-29,787.0,784.0,4774
MMF1,2026-07-29,9.0,9.2,38440
MPFL,2026-07-29,653.0,621.0,3483
NIMB,2026-07-29,203.0,199.5,129373
KHPL,2026-07-29,930.0,1061.0,25608
HBL,2026-07-29,200.8,198.0,49632
CBBL,2026-07-29,940.5,938.0,13735
SBI,2026-07-29,408.1,409.9,14663
SSHL,2026-07-29,203.4,204.5,91386
HHL,2026-07-29,339.0,340.0,22933
PBD88,2026-07-29,1182.0,1182.0,25
SBLD2091,2026-07-29,1048.1,1048.0,91
NBBD2085,2026-07-29,1160.7,1160.7,1000
UHEWA,2026-07-29,606.9,579.6,8566
YMHL,2026-07-29,637.8,650.0,50496
KBL,2026-07-29,234.1,221.0,259969
PROFL,2026-07-29,437.0,432.0,5664
NRM,2026-07-29,315.0,312.1,5945
NYADI,2026-07-29,358.1,366.1,2032
NADEP,2026-07-29,747.0,729.3,161
NBF2,2026-07-29,9.92,9.9,7500
SHL,2026-07-29,499.0,500.0,10770
MHCL,2026-07-29,328.5,314.1,2486
BOKD86KA,2026-07-29,1145.4,1145.4,9
LVF2,2026-07-29,9.35,9.3,1500
NBF3,2026-07-29,9.6,10.09,16850
NLG,2026-07-29,589.0,590.0,10656
HEIP,2026-07-29,341.9,341.9,10
PRVU,2026-07-29,207.0,195.7,130120
CHDC,2026-07-29,2282.0,2243.0,20446
SPL,2026-07-29,658.7,650.0,5481
ILI,2026-07-29,415.0,418.0,3086
SBCF,2026-07-29,9.8,9.66,4816
JOSHI,2026-07-29,260.1,264.0,7969
MFIL,2026-07-29,777.0,791.8,64463
HATHY,2026-07-29,742.6,726.0,3398
ACLBSL,2026-07-29,945.7,926.2,2437
MCHL,2026-07-29,285.2,283.3,4227
SIGS2,2026-07-29,10.3,10.5,2350
MNBBL,2026-07-29,374.0,371.2,20289
BHL,2026-07-29,215.0,213.0,29236
MBL,2026-07-29,263.0,259.0,79615
SHIVM,2026-07-29,641.5,639.2,40521
NABILD2089,2026-07-29,1056.0,1056.0,10
MERO,2026-07-29,722.0,679.0,2158
TTL,2026-07-29,724.0,730.0,9862
H8020,2026-07-29,11.7,11.7,3200
NIBSF2,2026-07-29,8.75,8.75,9500
EDBL,2026-07-29,580.1,579.0,6434
IHL,2026-07-29,348.1,350.0,5569
BJHL,2026-07-29,746.0,724.5,12310
NLIC,2026-07-29,748.1,750.0,5470
UAIL,2026-07-29,450.0,447.2,4643
NICD88,2026-07-29,1100.0,1100.0,50
GBIMESY2,2026-07-29,9.11,9.39,2000
MATRI,2026-07-29,834.5,820.0,1200
SALICO,2026-07-29,585.0,589.0,15345
MKCL,2026-07-29,1157.9,1143.9,459
NMB,2026-07-29,247.0,248.0,45491
DHPL,2026-07-28,294.0,290.0,712
MABEL,2026-07-28,604.5,606.0,6191
MLBSL,2026-07-28,1729.9,1727.0,586
API,2026-07-28,335.0,336.5,115848
SBL,2026-07-28,405.1,412.5,105124
AKJCL,2026-07-28,355.0,369.0,360028
CHDC,2026-07-28,2287.1,2280.0,20017
BBC,2026-07-28,4350.0,4300.0,224
SANIMA,2026-07-28,370.4,369.5,118951
NWCL,2026-07-28,715.0,724.0,1274
C30MF,2026-07-28,9.8,10.07,8500
PCBL,2026-07-28,243.0,242.0,66306
NMBD87/88,2026-07-28,1110.0,1110.0,25
NMBD2085,2026-07-28,1140.0,1174.0,430
MKCL,2026-07-28,1124.2,1139.0,2878
LLBS,2026-07-28,911.0,910.0,290
IGI,2026-07-28,441.0,442.8,6866
MBJC,2026-07-28,270.6,273.4,9226
MBLEF,2026-07-28,9.82,10.0,2800
HDL,2026-07-28,1177.9,1167.5,18727
CHL,2026-07-28,267.0,262.0,11341
MCHL,2026-07-28,280.0,277.1,5429
FOWAD,2026-07-28,983.0,972.7,1175
BPCL,2026-07-28,665.0,660.0,9502
GMLI,2026-07-28,1170.0,1164.0,1130
SGHL,2026-07-28,515.0,535.0,85553
SWMF,2026-07-28,627.2,635.0,2004
HATHY,2026-07-28,737.0,721.0,5096
SLBBL,2026-07-28,818.0,815.0,2542
MNMF1,2026-07-28,9.55,9.6,5800
MMKJL,2026-07-28,505.0,492.3,3759
KBL,2026-07-28,223.2,223.0,413903
SIKLES,2026-07-28,558.1,559.1,31137
NHDL,2026-07-28,625.0,639.9,629
SMB,2026-07-28,1860.0,1835.0,1391
ANLB,2026-07-28,5600.0,5735.0,3487
NBLD87,2026-07-28,1087.1,1088.0,50
ECL,2026-07-28,771.1,861.0,700
ICFC,2026-07-28,615.0,613.1,3418
ENL,2026-07-28,801.0,805.0,340
HFIN,2026-07-28,719.0,724.1,41783
LSL,2026-07-28,228.9,227.5,147788
MERO,2026-07-28,686.0,687.7,3344
CLI,2026-07-28,445.5,450.0,4683
NICGF2,2026-07-28,9.05,9.3,1900
CYCL,2026-07-28,1391.0,1360.0,582
NUBL,2026-07-28,633.0,617.0,5909
NICFC,2026-07-28,9.2,9.22,1700
HURJA,2026-07-28,237.0,234.1,56571
SADBL,2026-07-28,417.0,416.1,13423
BFC,2026-07-28,513.1,514.0,68754
RBBF40,2026-07-28,9.05,9.0,411785
RIDI,2026-07-28,355.0,372.0,575325
SMHL,2026-07-28,482.2,499.9,125870
SMFBS,2026-07-28,1560.0,1521.0,164
DOLTI,2026-07-28,325.0,323.0,22565
HRL,2026-07-28,601.0,596.0,95625
MSLB,2026-07-28,1212.5,1220.0,140
BHL,2026-07-28,211.5,214.8,66542
NLICL,2026-07-28,584.5,578.0,2003
VLBS,2026-07-28,670.3,680.0,1138
GIBF1,2026-07-28,10.61,10.68,10900
BEDC,2026-07-28,330.0,325.0,11775
SBLD89,2026-07-28,1270.0,1260.0,100
UNLB,2026-07-28,1251.0,1269.0,237
JBBL,2026-07-28,352.0,349.6,28138
UMRH,2026-07-28,530.0,538.7,3425
BHDC,2026-07-28,440.0,435.0,4477
NABIL,2026-07-28,560.0,558.0,61497
MEHL,2026-07-28,303.5,309.0,2144
PPCL,2026-07-28,330.9,348.0,5849
SJLIC,2026-07-28,419.0,417.9,7941
JBLB,2026-07-28,1270.0,1267.1,1612
AHPC,2026-07-28,271.5,270.0,96286
USLB,2026-07-28,1182.0,1178.7,117
TPC,2026-07-28,354.0,360.0,15673
DORDI,2026-07-28,255.0,259.0,25989
SGHC,2026-07-28,318.0,318.0,28212
BNHC,2026-07-28,286.7,287.0,16311
HIMSTAR,2026-07-28,749.7,739.0,6080
HIDCLP,2026-07-28,192.9,194.0,43675
PSF,2026-07-28,11.79,11.85,1700
BHPL,2026-07-28,504.1,483.0,5349
TSHL,2026-07-28,390.0,382.0,8256
BNL,2026-07-28,14700.0,14700.0,10
SWASTIK,2026-07-28,2056.0,2080.0,499
MKHC,2026-07-28,293.1,291.0,3889
NLG,2026-07-28,571.7,592.0,5855
GLH,2026-07-28,255.0,253.0,11075
RLFL,2026-07-28,474.0,470.0,19694
USHEC,2026-07-28,496.0,491.2,6608
GUFL,2026-07-28,588.0,584.0,66026
SHL,2026-07-28,505.0,500.9,25363
CFCL,2026-07-28,627.0,654.2,413605
SGIC,2026-07-28,470.0,464.2,4839
NSY,2026-07-28,9.36,9.6,1600
GBBL,2026-07-28,400.0,418.0,19611
ICFCD89,2026-07-28,1086.0,1098.0,170
NBL,2026-07-28,268.2,271.9,154284
RHGCL,2026-07-28,270.0,265.7,26229
LICN,2026-07-28,795.0,786.3,10343
EBLD86,2026-07-28,1100.4,1100.0,75
UPCL,2026-07-28,350.0,349.9,40013
MBL,2026-07-28,273.5,261.0,129578
EDBL,2026-07-28,573.0,580.0,21771
KDBY,2026-07-28,11.0,11.05,29210
KHPL,2026-07-28,900.0,944.0,17005
GLBSL,2026-07-28,1710.0,1795.0,163
SIGS2,2026-07-28,10.3,10.5,3000
SMJC,2026-07-28,452.0,460.0,18320
NICLBSL,2026-07-28,558.0,560.0,5273
ACLBSL,2026-07-28,922.0,945.7,1404
IHL,2026-07-28,350.0,354.8,2786
SBCF,2026-07-28,10.0,9.68,20950
PRSF,2026-07-28,12.75,12.85,43350
STC,2026-07-28,5200.0,5200.0,3227
SOPL,2026-07-28,901.0,848.0,45383
MHNL,2026-07-28,236.5,242.9,8180
BARUN,2026-07-28,323.1,324.2,26443
NABILD2089,2026-07-28,1081.0,1081.0,7850
GFCL,2026-07-28,617.0,617.7,3144
MNBBL,2026-07-28,375.0,372.2,10581
BJHL,2026-07-28,725.0,745.0,7654
HDHPC,2026-07-28,212.0,215.9,133774
ULHC,2026-07-28,350.0,348.0,4785
ILBS,2026-07-28,865.0,892.0,513
BUNGAL,2026-07-28,602.5,599.5,43141
SABBL,2026-07-28,1055.0,1080.0,41057
SALICO,2026-07-28,603.5,601.0,1036
KSY,2026-07-28,9.56,9.95,3700
CIZBD90,2026-07-28,1211.0,1211.0,145
CBBL,2026-07-28,937.0,940.0,12282
TPKHL,2026-07-28,553.0,560.0,46693
CHCL,2026-07-28,490.5,497.0,39946
SMATA,2026-07-28,742.0,742.0,544
NTC,2026-07-28,864.9,861.9,3201
PURE,2026-07-28,840.1,871.3,11502
SONA,2026-07-28,410.0,410.0,12499
NMBMF,2026-07-28,624.0,633.9,910
SYPNL,2026-07-28,1297.0,1360.0,42583
MANDU,2026-07-28,845.0,839.9,3309
SCBD,2026-07-28,1100.0,1100.0,6166
NLIC,2026-07-28,769.0,755.1,16667
GBIMESY2,2026-07-28,9.3,9.11,10700
SCB,2026-07-28,656.0,655.0,5553
NRN,2026-07-28,1499.0,1420.0,77185
SRLI,2026-07-28,381.0,382.6,5804
JFL,2026-07-28,400.0,400.0,895
SPL,2026-07-28,665.0,678.9,500
SKHEL,2026-07-28,999.9,979.3,5199
SHEL,2026-07-28,307.9,306.5,110117
MPFL,2026-07-28,615.0,622.3,11471
NMB50,2026-07-28,10.42,10.35,4450
SPC,2026-07-28,410.5,420.0,3222
GMFBS,2026-07-28,1212.5,1212.5,10
NIMB,2026-07-28,203.0,202.8,98021
HEI,2026-07-28,540.0,537.0,4498
RNLI,2026-07-28,444.0,444.0,17410
GBIME,2026-07-28,255.0,259.4,648297
HIDCL,2026-07-28,260.0,260.0,28585
YMHL,2026-07-28,645.7,642.0,56073
SKHL,2026-07-28,890.1,905.0,5564
CORBL,2026-07-28,1380.0,1377.9,65277
FMDBL,2026-07-28,765.2,765.2,5837
MEN,2026-07-28,595.1,597.0,18948
SMH,2026-07-28,506.0,511.0,6534
EBLD85,2026-07-28,1148.0,1123.7,15
PRVU,2026-07-28,199.0,198.0,104849
SAGAR,2026-07-28,1740.0,1755.0,23845
NIBSF2,2026-07-28,8.8,8.99,10650
SANVI,2026-07-28,600.2,605.3,12008
GBLBS,2026-07-28,723.2,752.0,1587
TTL,2026-07-28,750.0,731.0,10410
HLBSL,2026-07-28,899.8,887.0,1675
MMF1,2026-07-28,9.22,9.12,31960
CKHL,2026-07-28,602.0,607.7,3742
SJCL,2026-07-28,276.0,277.0,9773
NHPC,2026-07-28,283.0,268.0,255472
GMFIL,2026-07-28,460.0,471.0,8641
AVYAN,2026-07-28,1055.0,1042.0,1314
SINDU,2026-07-28,702.0,709.5,7508
NIFRA,2026-07-28,252.0,251.5,34669
SFMF,2026-07-28,10.06,10.11,600
RLEL,2026-07-28,863.4,905.0,13773
BGWT,2026-07-28,588.0,590.0,1769
RBCLPO,2026-07-28,11450.0,11450.0,30
SHINE,2026-07-28,414.0,414.5,24040
NSIF2,2026-07-28,10.63,10.89,10400
SARBTM,2026-07-28,793.0,791.0,7566
ULBSL,2026-07-28,2721.0,2792.0,720
RHPL,2026-07-28,251.3,262.0,6650
ALBSL,2026-07-28,1060.0,1094.0,1130
MSHL,2026-07-28,630.0,616.0,443
AKPL,2026-07-28,258.2,258.5,31048
MEL,2026-07-28,220.0,220.0,15115
SHLB,2026-07-28,1435.0,1513.9,210
JHAPA,2026-07-28,1199.2,1135.0,6428
SKBBL,2026-07-28,765.0,761.0,4245
SNORL,2026-07-28,893.5,926.0,43061
TAMOR,2026-07-28,450.0,456.0,26914
APHL,2026-07-28,809.4,869.0,19141
KSBBL,2026-07-28,489.7,486.0,14418
SAIL,2026-07-28,1045.0,1120.0,81614
SAGF,2026-07-28,10.05,10.05,400
GSY,2026-07-28,9.8,10.46,12150
PCIL,2026-07-28,697.2,655.0,33269
NIL,2026-07-28,625.0,622.0,3171
UNHPL,2026-07-28,390.0,389.9,11948
HLICF,2026-07-28,8.35,8.41,500
SFEF,2026-07-28,10.0,10.0,5990
MDB,2026-07-28,595.0,593.0,4409
NRM,2026-07-28,314.0,319.0,6260
NFS,2026-07-28,584.0,586.0,18187
NRIC,2026-07-28,1016.4,953.0,15784
NADEP,2026-07-28,750.0,747.0,1052
KPCL,2026-07-28,470.0,472.9,5611
RSML,2026-07-28,3401.0,3185.0,51466
OHL,2026-07-28,689.0,689.0,1913
SAHAS,2026-07-28,662.1,663.9,45440
GVL,2026-07-28,485.0,487.9,17359
SICL,2026-07-28,615.0,614.0,5788
NIFRAGED,2026-07-28,1026.0,1026.0,25
JSLBB,2026-07-28,1001.0,1010.0,440
CGH,2026-07-28,782.0,788.6,19197
KAHL,2026-07-28,575.0,561.3,62096
SNLI,2026-07-28,436.0,431.7,15476
NMFBS,2026-07-28,1130.0,1125.0,1845
ALICL,2026-07-28,428.0,434.0,16079
LEC,2026-07-28,227.0,227.7,253807
SBID83,2026-07-28,1055.0,1055.0,100
SMPDA,2026-07-28,783.0,766.8,1190
LUK,2026-07-28,10.3,10.91,64605
NMLBBL,2026-07-28,541.0,532.2,2189
MFIL,2026-07-28,775.0,791.9,79785
EBL,2026-07-28,726.0,725.0,23527
UAIL,2026-07-28,445.1,446.0,9356
JOSHI,2026-07-28,265.1,263.0,11562
RSDC,2026-07-28,660.0,647.6,1371
CZBIL,2026-07-28,207.0,208.0,50968
BANDIPUR,2026-07-28,730.0,730.0,18696
MHCL,2026-07-28,317.0,319.0,10653
AHL,2026-07-28,415.0,420.0,3748
MLBL,2026-07-28,355.5,356.1,8796
NMIC,2026-07-28,940.0,941.5,4519
RFPL,2026-07-28,345.0,335.0,15924
HLI,2026-07-28,328.0,328.0,22668
SEF,2026-07-28,10.1,9.79,18274
NABILD87,2026-07-28,1150.0,1150.0,24
UMHL,2026-07-28,570.0,585.0,27504
SAPDBL,2026-07-28,792.5,816.0,28841
TRH,2026-07-28,770.0,780.0,800
KKHC,2026-07-28,283.0,284.7,142474
PMHPL,2026-07-28,323.9,318.0,8237
NICL,2026-07-28,520.0,510.9,12231
NABBC,2026-07-28,782.0,790.0,4612
PMLI,2026-07-28,447.0,444.3,3895
SIGS3,2026-07-28,10.81,10.6,47650
KMCDB,2026-07-28,761.0,787.0,2495
EBLD91,2026-07-28,1070.0,1070.0,100
MLBBL,2026-07-28,1140.0,1150.0,321
GCIL,2026-07-28,358.0,360.0,20728
H8020,2026-07-28,11.7,11.81,800
CREST,2026-07-28,1195.0,1197.9,3362
SIPD,2026-07-28,715.0,696.0,30875
BNT,2026-07-28,11600.6,11620.1,59
USHL,2026-07-28,567.3,550.0,2929
RMF2,2026-07-28,10.0,10.0,1100
MHL,2026-07-28,473.0,470.0,9647
KBSH,2026-07-28,1000.0,960.0,31240
TVCL,2026-07-28,483.2,490.0,3962
NMBHF2,2026-07-28,9.6,9.61,2300
CITY,2026-07-28,372.0,369.0,103345
GRDBL,2026-07-28,1050.0,1068.0,5015
RAWA,2026-07-28,430.0,426.6,21778
HHL,2026-07-28,354.6,340.0,24027
UPPER,2026-07-28,198.9,195.5,56333
OMPL,2026-07-28,947.0,955.0,3380
PBD88,2026-07-28,1193.0,1182.0,125
HBL,2026-07-28,201.9,200.8,45079
HPPL,2026-07-28,370.0,381.9,216411
HEIP,2026-07-28,347.0,332.0,2781
DLBS,2026-07-28,1220.3,1215.0,146
KDL,2026-07-28,781.2,790.0,1967
UNL,2026-07-28,48100.0,47998.0,20
BHCL,2026-07-28,533.4,499.2,26681
SPDL,2026-07-28,402.0,378.0,94930
RADHI,2026-07-28,777.0,744.0,29341
PPL,2026-07-28,322.6,334.9,14416
GBBD85,2026-07-28,1060.0,1062.1,75
RMF1,2026-07-28,9.39,9.68,9190
PRIN,2026-07-28,678.6,679.0,3693
NICSF,2026-07-28,8.8,8.9,22080
LVF2,2026-07-28,9.32,9.35,1400
GHL,2026-07-28,229.0,227.3,19202
SWBBL,2026-07-28,668.5,688.0,17148
SBI,2026-07-28,435.0,408.1,10946
NGPL,2026-07-28,411.5,410.0,125424
DDBL,2026-07-28,835.5,842.0,2087
MAKAR,2026-07-28,445.0,442.5,24614
SLBSL,2026-07-28,1090.0,1099.9,2210
ILI,2026-07-28,423.0,419.0,9777
SIFC,2026-07-28,520.0,520.0,7712
NICD83/84,2026-07-28,1025.9,1026.0,600
NBLD85,2026-07-28,1046.0,1046.0,25
SPHL,2026-07-28,520.1,536.9,18969
NESDO,2026-07-28,1500.0,1500.0,308
NIBLGF,2026-07-28,9.22,9.22,400
VLUCL,2026-07-28,434.1,440.0,1907
SBLD2091,2026-07-28,1080.0,1080.0,350
SOHL,2026-07-28,561.5,606.3,318237
NIBLSTF,2026-07-28,8.7,8.8,1000
ADBL,2026-07-28,320.0,320.5,109926
SPIL,2026-07-28,710.0,718.0,3006
NICA,2026-07-28,340.0,340.0,89521
NIMBPO,2026-07-28,144.4,142.7,1481
NBBD2085,2026-07-28,1160.0,1160.0,9501
MATRI,2026-07-28,820.3,859.0,237
ICFCD88,2026-07-28,1125.0,1140.0,50
DHEL,2026-07-28,605.0,597.1,19944
SHIVM,2026-07-28,642.0,641.0,77097
NMB,2026-07-28,237.9,249.2,33409
RBCL,2026-07-28,14575.0,14575.0,10
KEF,2026-07-28,10.4,10.54,7000
NYADI,2026-07-28,365.1,361.2,6418
NBF3,2026-07-28,9.61,9.71,2400
RSY,2026-07-28,9.91,10.2,77100
SSHL,2026-07-28,207.9,205.0,105583
UHEWA,2026-07-28,575.0,578.0,16358
SLCF,2026-07-28,9.99,9.97,13050
MKJC,2026-07-28,469.8,471.9,3503
EHPL,2026-07-28,346.1,351.0,10871
GILB,2026-07-28,1100.0,1109.0,1071
PHCL,2026-07-28,305.2,302.0,61529
MLBS,2026-07-28,1136.6,1150.0,20
LBBL,2026-07-28,498.0,499.9,27651
WNLB,2026-07-28,1363.0,1352.7,345
CIT,2026-07-28,1720.0,1717.0,2704
SHPC,2026-07-28,512.0,511.0,12002
MKHL,2026-07-28,495.1,503.0,7193
CSY,2026-07-28,9.05,9.25,2350
PROFL,2026-07-28,437.0,437.0,8160
RURU,2026-07-28,627.5,620.2,1643
NWCL,2026-07-27,721.1,724.0,5747
JSLBB,2026-07-27,1045.0,1020.0,201
EBL,2026-07-27,732.9,726.0,58133
SFEF,2026-07-27,10.16,10.16,12200
HEIP,2026-07-27,337.8,342.0,491
SGIC,2026-07-27,475.1,468.2,5283
SMHL,2026-07-27,487.0,486.5,85568
NMIC,2026-07-27,961.0,940.0,3903
AKJCL,2026-07-27,379.0,366.2,372666
TTL,2026-07-27,765.0,746.0,13884
RBCL,2026-07-27,14600.0,14739.0,70
GBILD84/85,2026-07-27,1133.4,1133.4,9485
MEN,2026-07-27,597.1,597.4,44849
LLBS,2026-07-27,915.0,908.0,1360
NIBSF2,2026-07-27,9.1,8.87,4820
SNORL,2026-07-27,979.0,910.0,34165
VLUCL,2026-07-27,470.0,446.0,1857
SMJC,2026-07-27,473.9,458.9,33299
SAIL,2026-07-27,1163.4,1093.0,76362
NIBLGF,2026-07-27,9.65,9.22,27790
GRDBL,2026-07-27,1033.6,1074.0,6239
SHEL,2026-07-27,310.0,305.0,73957
GFCL,2026-07-27,630.0,618.0,10108
API,2026-07-27,342.0,336.0,189693
BEDC,2026-07-27,334.0,325.4,18773
SADBL,2026-07-27,422.1,417.6,29119
KHPL,2026-07-27,960.4,920.0,14408
CCBD88,2026-07-27,1326.0,1215.4,5001
SEF,2026-07-27,10.4,10.4,200
JOSHI,2026-07-27,276.9,267.0,9360
BGWT,2026-07-27,587.0,588.0,1440
SBD89,2026-07-27,1245.4,1250.0,5014
CREST,2026-07-27,1290.3,1200.3,8738
GBIMESY2,2026-07-27,9.4,9.3,2200
OHL,2026-07-27,692.0,673.1,571
JFL,2026-07-27,404.0,400.0,5971
DHPL,2026-07-27,300.0,296.9,5135
MSHL,2026-07-27,630.0,630.0,523
SGHC,2026-07-27,329.0,320.0,39421
NIMB,2026-07-27,194.0,203.0,460463
HFIN,2026-07-27,757.0,720.0,53676
SANVI,2026-07-27,635.0,616.0,11695
DORDI,2026-07-27,260.1,257.0,16665
TVCL,2026-07-27,485.0,483.0,3550
ULHC,2026-07-27,365.0,350.0,9670
UMRH,2026-07-27,537.0,536.0,6670
IHL,2026-07-27,356.1,358.8,6088
NIMBD90,2026-07-27,1220.1,1266.2,1544
GMLI,2026-07-27,1187.0,1175.0,853
SWMF,2026-07-27,635.0,631.0,1176
NABBC,2026-07-27,800.0,782.0,17891
NLIC,2026-07-27,769.0,758.0,19115
SBIBD86,2026-07-27,1152.1,1152.1,1100
PRVU,2026-07-27,200.0,198.0,274515
RFPL,2026-07-27,330.0,339.8,35602
ANLB,2026-07-27,6326.1,5768.0,3018
ENL,2026-07-27,845.0,824.0,309
PSF,2026-07-27,12.1,12.1,20935
MERO,2026-07-27,700.0,681.0,6806
EDBL,2026-07-27,581.0,575.5,12084
HATHY,2026-07-27,750.0,737.0,10058
SNLI,2026-07-27,433.0,437.0,7308
KBSH,2026-07-27,1053.0,1022.0,17202
NRIC,2026-07-27,986.0,968.0,39329
KSY,2026-07-27,9.5,9.83,701
ACLBSL,2026-07-27,950.0,949.9,295
SPHL,2026-07-27,533.0,535.0,4940
SPC,2026-07-27,424.0,418.0,3709
RHGCL,2026-07-27,261.0,268.9,6812
CITY,2026-07-27,380.0,372.7,144143
EBLD91,2026-07-27,1058.0,1062.1,100
NICL,2026-07-27,521.0,513.0,7762
SANIMA,2026-07-27,390.6,373.0,225720
NIBLSTF,2026-07-27,8.8,8.8,10400
NMBHF2,2026-07-27,9.81,9.77,126205
GMFIL,2026-07-27,482.0,469.9,30013
SMPDA,2026-07-27,773.0,760.5,1588
MNBBL,2026-07-27,365.0,375.0,25680
SFMF,2026-07-27,10.06,10.05,7500
NADEP,2026-07-27,737.0,744.8,410
SIGS3,2026-07-27,10.36,10.5,600
SICL,2026-07-27,635.0,618.0,6926
MLBBL,2026-07-27,1168.5,1158.0,443
SJCL,2026-07-27,270.8,276.4,8294
MLBSL,2026-07-27,1715.0,1735.0,568
JHAPA,2026-07-27,1201.1,1157.0,13356
KBLD89,2026-07-27,1260.0,1250.0,81
NABILD2089,2026-07-27,1080.0,1080.0,550
SOHL,2026-07-27,600.0,591.0,94026
HHL,2026-07-27,350.0,344.3,23699
SAGF,2026-07-27,10.06,10.06,300
HIMSTAR,2026-07-27,748.0,728.0,7989
NABIL,2026-07-27,553.0,560.0,155380
GILB,2026-07-27,1119.9,1096.0,4945
IGI,2026-07-27,455.0,443.0,6780
TPC,2026-07-27,364.0,360.0,12855
RADHI,2026-07-27,720.0,740.0,46649
LBBL,2026-07-27,510.0,502.9,57304
USHEC,2026-07-27,495.0,496.6,3925
SIFC,2026-07-27,521.0,520.0,9051
GLH,2026-07-27,257.1,254.0,24815
GBIME,2026-07-27,238.0,255.0,1089231
SBL,2026-07-27,410.0,409.0,122070
NLICL,2026-07-27,588.0,581.3,31299
AKPL,2026-07-27,268.0,259.8,64949
APHL,2026-07-27,897.1,852.0,30226
MBJC,2026-07-27,276.0,273.1,13360
NMB50,2026-07-27,10.74,10.42,619
NICSF,2026-07-27,8.93,9.0,1200
NRM,2026-07-27,324.0,317.0,10749
CSY,2026-07-27,9.06,9.05,18899
SMH,2026-07-27,517.1,510.0,15979
BFC,2026-07-27,506.4,516.0,99008
HEI,2026-07-27,545.0,542.0,9478
DLBS,2026-07-27,1210.0,1258.0,4370
SPDL,2026-07-27,396.5,383.0,44293
HLICF,2026-07-27,8.49,8.6,2750
CORBL,2026-07-27,1471.6,1399.9,69345
SLBBLP,2026-07-27,443.0,443.0,4314
NRN,2026-07-27,1435.0,1436.0,96305
CHL,2026-07-27,283.0,267.0,11615
MABEL,2026-07-27,638.0,615.0,9624
ECL,2026-07-27,670.6,748.7,530
SCB,2026-07-27,618.5,654.0,17457
SHPC,2026-07-27,515.0,509.0,18199
UMHL,2026-07-27,587.5,590.0,37375
BANDIPUR,2026-07-27,758.0,730.0,26143
KSBBL,2026-07-27,489.0,485.1,13245
MCHL,2026-07-27,290.0,280.0,6107
CLI,2026-07-27,450.3,453.0,29516
PMHPL,2026-07-27,320.0,327.0,6100
MKHC,2026-07-27,293.0,294.0,2973
JBLB,2026-07-27,1265.0,1280.0,2801
SONA,2026-07-27,419.5,413.6,19252
C30MF,2026-07-27,9.69,9.7,300
CHCL,2026-07-27,495.0,496.9,56689
BJHL,2026-07-27,770.4,746.0,20654
GHL,2026-07-27,234.0,231.0,45351
EBLD85,2026-07-27,1121.9,1148.0,2525
SABBL,2026-07-27,1160.0,1065.0,50654
MHL,2026-07-27,480.0,478.0,5142
UPCL,2026-07-27,357.0,351.0,30144
PRIN,2026-07-27,697.0,680.4,4966
SBI,2026-07-27,410.0,415.0,58278
MMF1,2026-07-27,9.19,9.5,4861
RBCLPO,2026-07-27,11670.2,11378.0,100
HBL,2026-07-27,206.0,201.9,92763
RURU,2026-07-27,649.0,627.5,8550
MMKJL,2026-07-27,485.0,495.0,22732
NFS,2026-07-27,581.0,585.0,10778
CZBIL,2026-07-27,199.0,208.0,164940
UNLB,2026-07-27,1265.1,1270.0,819
UHEWA,2026-07-27,580.0,582.1,18659
SMB,2026-07-27,1915.0,1860.0,1626
RLFL,2026-07-27,484.0,469.0,52582
LBLD86,2026-07-27,1229.0,1200.0,5
SRBLD83,2026-07-27,1024.3,1015.0,581
SKHEL,2026-07-27,1075.0,999.9,4178
BHPL,2026-07-27,465.0,480.1,5423
HIDCLP,2026-07-27,195.0,194.0,133068
BUNGAL,2026-07-27,634.9,603.0,38521
SAND2085,2026-07-27,1133.0,1150.0,45477
EHPL,2026-07-27,365.0,346.1,9591
MBLEF,2026-07-27,9.9,10.1,2700
KDL,2026-07-27,793.0,796.2,527
SHIVM,2026-07-27,655.0,643.5,88207
RSY,2026-07-27,10.05,10.2,13319
MEL,2026-07-27,220.0,221.2,5825
PCBL,2026-07-27,230.9,243.0,107176
SOPL,2026-07-27,893.0,858.9,79971
MKHL,2026-07-27,493.0,501.0,5754
MHNL,2026-07-27,240.8,243.8,8338
PURE,2026-07-27,872.9,855.0,7627
NMBMF,2026-07-27,625.0,636.0,747
UPPER,2026-07-27,200.0,197.0,106500
NICLBSL,2026-07-27,560.0,562.0,9570
NMBD87/88,2026-07-27,1174.7,1110.0,42279
HRL,2026-07-27,635.0,603.9,168162
ILI,2026-07-27,422.0,420.4,7541
BNT,2026-07-27,11878.0,11652.0,80
CKHL,2026-07-27,588.0,614.7,2395
LEC,2026-07-27,225.0,225.0,379290
PPL,2026-07-27,328.9,339.5,19381
ULBSL,2026-07-27,2742.8,2800.0,1152
YMHL,2026-07-27,640.1,615.0,39992
NESDO,2026-07-27,1490.0,1505.0,552
NMFBS,2026-07-27,1131.0,1126.0,4027
SHINE,2026-07-27,420.9,415.0,23408
MLBS,2026-07-27,1162.1,1162.0,525
MNMF1,2026-07-27,9.52,9.8,3401
SJLIC,2026-07-27,421.5,419.0,13067
HDL,2026-07-27,1199.0,1164.8,20739
ADBLB86,2026-07-27,1010.0,1010.0,50
MATRI,2026-07-27,828.0,845.0,529
NBF3,2026-07-27,9.7,9.9,9860
GIBF1,2026-07-27,10.6,10.7,1900
RBBF40,2026-07-27,9.07,9.29,49048
HIDCL,2026-07-27,261.3,262.0,55059
RSDC,2026-07-27,668.0,642.0,6409
NSY,2026-07-27,9.33,9.36,3200
NGPL,2026-07-27,416.1,413.0,140559
SIGS2,2026-07-27,10.1,10.5,1900
NICAD2091,2026-07-27,1033.1,1055.0,300
NTC,2026-07-27,864.1,862.0,8580
GLBSL,2026-07-27,1710.0,1800.0,246
HDHPC,2026-07-27,220.6,214.0,180860
NMBD89/90,2026-07-27,1328.9,1260.0,18315
CFCL,2026-07-27,624.4,660.0,238752
GUFL,2026-07-27,566.9,578.5,157711
CYCL,2026-07-27,1345.0,1355.0,629
VLBS,2026-07-27,686.0,686.0,3398
NIL,2026-07-27,625.0,625.1,12368
PROFL,2026-07-27,450.0,437.9,5805
MEHL,2026-07-27,315.1,312.0,4601
NICD83/84,2026-07-27,1035.0,1029.1,99
GBLBS,2026-07-27,750.0,761.2,2341
PCIL,2026-07-27,660.0,664.0,44869
MKJC,2026-07-27,500.0,472.0,8224
LSL,2026-07-27,218.8,229.7,261979
NMB,2026-07-27,235.0,250.2,178915
HURJA,2026-07-27,241.3,237.0,71050
SMATA,2026-07-27,754.0,742.0,2471
FOWAD,2026-07-27,997.0,955.0,6867
RNLI,2026-07-27,451.1,445.0,64248
NBF2,2026-07-27,10.0,10.2,2400
DOLTI,2026-07-27,335.0,325.0,24263
NHPC,2026-07-27,272.0,269.9,315028
RSML,2026-07-27,3320.0,3240.0,102801
SBLD84,2026-07-27,1031.1,1031.1,25
FMDBL,2026-07-27,780.2,765.0,7027
MBL,2026-07-27,259.0,260.5,289999
PBD88,2026-07-27,1213.0,1193.0,9850
SHLB,2026-07-27,1467.7,1470.0,52
KPCL,2026-07-27,482.0,470.1,7212
SALICO,2026-07-27,603.0,599.3,8955
CIT,2026-07-27,1734.0,1721.0,4295
NMLBBL,2026-07-27,545.0,543.8,8804
SHL,2026-07-27,502.0,502.0,25899
RMF2,2026-07-27,10.16,10.12,3350
GCIL,2026-07-27,361.3,359.0,12425
RIDI,2026-07-27,355.0,366.0,598395
CGH,2026-07-27,785.0,782.0,63570
PMLI,2026-07-27,442.0,447.4,3915
BHCL,2026-07-27,520.0,508.0,36428
RAWA,2026-07-27,440.0,434.0,30785
MHCL,2026-07-27,325.0,326.0,3106
KBL,2026-07-27,228.2,223.2,752797
SIKLES,2026-07-27,565.0,563.9,8682
RLEL,2026-07-27,941.0,890.1,14627
MKCL,2026-07-27,1152.0,1158.9,1293
NIFRA,2026-07-27,256.0,254.0,64540
BARUN,2026-07-27,335.0,325.0,28368
JBBL,2026-07-27,360.1,348.0,79116
NIFRAUR85/86,2026-07-27,1033.2,1033.2,25
SAPDBL,2026-07-27,845.0,810.0,35966
KDBY,2026-07-27,10.9,11.03,63400
SHINED,2026-07-27,1144.0,1079.1,101
H8020,2026-07-27,11.8,11.81,1000
OMPL,2026-07-27,975.0,947.6,7255
DHEL,2026-07-27,626.0,605.0,32479
NIBD84,2026-07-27,1063.3,1063.3,30
ICFCD89,2026-07-27,1100.0,1097.6,95
SMFBS,2026-07-27,1545.1,1560.0,1085
ADBL,2026-07-27,304.0,322.0,84053
SINDU,2026-07-27,754.9,710.0,20353
GSY,2026-07-27,9.51,9.87,2100
TRH,2026-07-27,785.0,771.0,767
SBLD2091,2026-07-27,1082.9,1085.0,130
NHDL,2026-07-27,645.5,639.0,2457
SAGAR,2026-07-27,1750.0,1743.0,15108
NCCD86,2026-07-27,1200.0,1200.0,22578
MAKAR,2026-07-27,460.0,445.0,53156
CHDC,2026-07-27,2267.0,2300.0,51266
RBBD83,2026-07-27,1037.3,1037.3,3643
SPIL,2026-07-27,704.5,705.0,5332
BOKD86KA,2026-07-27,1145.0,1145.4,4703
PBLD84,2026-07-27,1147.9,1119.9,5
USHL,2026-07-27,550.0,540.3,1440
SGHL,2026-07-27,550.0,520.0,113444
HLBSL,2026-07-27,900.9,883.6,817
PPCL,2026-07-27,353.9,348.0,8157
NBLD87,2026-07-27,1225.0,1120.0,9781
HPPL,2026-07-27,370.0,379.0,155350
PHCL,2026-07-27,309.0,305.2,38880
SLBSL,2026-07-27,1103.0,1105.0,1920
ICFCD88,2026-07-27,1125.0,1125.0,25
SBLD89,2026-07-27,1270.0,1271.0,9726
NYADI,2026-07-27,368.0,368.0,3919
KEF,2026-07-27,10.4,10.68,8200
NIMBPO,2026-07-27,149.2,144.4,3405
UAIL,2026-07-27,460.0,448.5,8247
NSIF2,2026-07-27,10.68,10.8,12000
STC,2026-07-27,5210.0,5200.0,1345
MANDU,2026-07-27,858.0,839.0,678
SBID89,2026-07-27,1194.2,1194.2,3000
ILBS,2026-07-27,860.0,883.9,2658
SRLI,2026-07-27,381.0,385.0,23129
GBBD85,2026-07-27,1070.0,1070.0,25
ADBLD83,2026-07-27,1034.3,1034.3,30
MFIL,2026-07-27,770.0,787.0,43541
SKBBL,2026-07-27,770.1,765.0,10866
TSHL,2026-07-27,401.0,390.0,7554
ALICL,2026-07-27,442.0,436.0,17605
NBBD2085,2026-07-27,1165.0,1159.0,2503
GMFBS,2026-07-27,1220.0,1212.3,175
KMCDB,2026-07-27,800.0,780.0,3094
ICFC,2026-07-27,628.0,613.0,4344
NBLD85,2026-07-27,1070.9,1070.9,25
NICFC,2026-07-27,9.01,9.46,23850
EBLD86,2026-07-27,1100.4,1100.4,300
USLB,2026-07-27,1181.0,1170.0,1859
RMF1,2026-07-27,9.99,9.68,1950
NICBF,2026-07-27,9.07,9.34,400
AVYAN,2026-07-27,1061.0,1059.0,2659
TAMOR,2026-07-27,451.0,451.0,43431
BBC,2026-07-27,4349.0,4265.0,102
SIPD,2026-07-27,725.0,681.0,35961
SAHAS,2026-07-27,664.6,662.1,88971
GBBL,2026-07-27,405.0,419.0,68856
SLBBL,2026-07-27,822.0,818.0,2196
SYPNL,2026-07-27,1352.8,1365.0,61654
HLI,2026-07-27,330.0,329.5,31849
GVL,2026-07-27,482.4,485.0,11292
CBBL,2026-07-27,932.0,937.0,21752
BPCL,2026-07-27,645.1,665.0,17921
MDB,2026-07-27,601.0,595.0,6678
SLCF,2026-07-27,10.26,9.7,515
AHL,2026-07-27,416.3,420.0,3400
NIFRAGED,2026-07-27,1034.0,1034.0,50
NLG,2026-07-27,603.0,589.0,8393
RHPL,2026-07-27,254.0,264.5,10714
ALBSL,2026-07-27,1051.0,1096.9,3280
KKHC,2026-07-27,282.3,283.0,297497
DDBL,2026-07-27,853.0,844.0,3955
SBCF,2026-07-27,9.61,9.95,25450
PRSF,2026-07-27,12.9,12.9,148848
SWBBL,2026-07-27,675.0,689.0,8391
BHL,2026-07-27,213.0,214.0,63844
TPKHL,2026-07-27,570.0,553.0,55680
BHDC,2026-07-27,432.0,438.1,6847
BNHC,2026-07-27,305.9,289.9,20853
NICA,2026-07-27,344.0,340.0,138033
LICN,2026-07-27,814.9,795.0,7761
NUBL,2026-07-27,633.0,623.1,5929
SSHL,2026-07-27,212.0,205.0,83463
AHPC,2026-07-27,274.9,271.3,36752
LVF2,2026-07-27,9.56,9.6,600
KAHL,2026-07-27,601.2,552.0,71399
MLBL,2026-07-27,366.8,358.0,45835
SKHL,2026-07-27,907.1,915.0,10125
SARBTM,2026-07-27,794.1,793.0,8689
WNLB,2026-07-27,1405.0,1361.0,533
MPFL,2026-07-27,610.0,624.7,22404
NBL,2026-07-27,258.4,270.0,107737
MSLB,2026-07-27,1207.1,1212.5,652
SPL,2026-07-27,665.0,665.0,4535
SWASTIK,2026-07-27,2061.5,2098.0,857
UNHPL,2026-07-27,400.0,392.0,22386
NICGF2,2026-07-27,9.55,9.27,5100
LUK,2026-07-27,9.76,10.0,9600
SCB,2026-07-24,655.09,651.0,17211
ADBL,2026-07-24,317.0,320.0,113909
EBL,2026-07-24,725.0,724.0,84744
SGHC,2026-07-24,326.0,325.0,46724
CHCL,2026-07-24,494.0,494.2,35710
SIKLES,2026-07-24,559.0,572.0,5993
SBID89,2026-07-24,1176.2,1185.0,246
HATHY,2026-07-24,759.0,755.0,11987
GMLI,2026-07-24,1159.2,1186.5,4148
BANDIPUR,2026-07-24,759.0,763.0,59743
RBCLPO,2026-07-24,11710.0,11710.0,40
CORBL,2026-07-24,1380.0,1549.0,124853
KDL,2026-07-24,791.0,813.9,1944
AVYAN,2026-07-24,1060.2,1089.0,8162
NYADI,2026-07-24,397.9,371.0,8257
NMLBBL,2026-07-24,550.9,545.9,3140
NICFC,2026-07-24,9.1,9.2,10500
NABILD87,2026-07-24,1135.0,1135.0,25
H8020,2026-07-24,12.0,12.0,1530
GFCL,2026-07-24,630.0,630.4,6717
MEN,2026-07-24,595.0,597.0,43290
SAHAS,2026-07-24,661.0,662.3,46493
MLBS,2026-07-24,1172.1,1193.0,506
SJCL,2026-07-24,281.0,285.0,5913
MBLEF,2026-07-24,10.02,10.2,1500
PPCL,2026-07-24,358.0,352.5,19158
TRH,2026-07-24,785.0,785.0,270
SRBLD83,2026-07-24,1024.2,1024.2,6400
NESDO,2026-07-24,1516.0,1520.0,333
MATRI,2026-07-24,886.0,843.0,1407
NRN,2026-07-24,1413.0,1463.0,183860
NRM,2026-07-24,330.0,328.4,12102
NHPC,2026-07-24,298.0,280.4,320535
NMBHF2,2026-07-24,9.58,9.77,1973
DOLTI,2026-07-24,312.7,331.9,18589
SFEF,2026-07-24,10.0,9.95,700
MNMF1,2026-07-24,9.8,9.7,172054
NUBL,2026-07-24,623.0,640.6,8629
PRIN,2026-07-24,697.0,695.0,8742
DHPL,2026-07-24,290.0,300.0,5641
PSF,2026-07-24,11.65,12.1,27964
SINDU,2026-07-24,683.1,719.0,12801
GHL,2026-07-24,244.1,234.0,40896
SAPDBL,2026-07-24,752.0,806.0,41139
SHL,2026-07-24,504.9,503.0,15100
HEI,2026-07-24,530.3,544.0,7482
RADHI,2026-07-24,721.0,755.0,114801
JBBD87,2026-07-24,1121.0,1121.0,25
SLBBLP,2026-07-24,443.0,443.0,20000
SKBBL,2026-07-24,755.1,766.0,9366
SOHL,2026-07-24,627.0,605.0,135996
SLBSL,2026-07-24,1082.0,1126.0,5231
GBBL,2026-07-24,416.6,426.0,64896
PRVU,2026-07-24,197.9,199.9,361992
MSLB,2026-07-24,1215.0,1244.0,354
PCBL,2026-07-24,239.0,243.0,92403
NBLD85,2026-07-24,1071.0,1040.0,80
DLBS,2026-07-24,1248.8,1220.1,150
LVF2,2026-07-24,9.66,9.66,400
PBLD86,2026-07-24,1425.9,1425.9,20
ANLB,2026-07-24,5550.0,6659.0,3788
HHL,2026-07-24,346.3,349.0,22309
MANDU,2026-07-24,816.2,857.9,5451
SJLIC,2026-07-24,420.0,427.9,13468
CHDC,2026-07-24,2180.0,2254.0,34043
PHCL,2026-07-24,310.1,309.0,121022
SICL,2026-07-24,639.8,633.7,3100
BOKD86KA,2026-07-24,1133.0,1145.0,564
GIBF1,2026-07-24,10.41,10.55,3000
SOPL,2026-07-24,905.0,893.0,93889
NMB50,2026-07-24,10.3,10.6,918
RLFL,2026-07-24,500.0,471.0,46706
MKCL,2026-07-24,1150.0,1180.0,5080
HIMSTAR,2026-07-24,775.0,770.0,11420
RFPL,2026-07-24,350.0,345.9,18660
SMH,2026-07-24,511.1,517.1,31697
RMF1,2026-07-24,9.62,9.7,260327
KPCL,2026-07-24,475.0,482.0,4122
OHL,2026-07-24,689.0,692.0,1236
RBBF40,2026-07-24,8.95,9.32,11700
HIDCL,2026-07-24,262.0,263.7,70195
SEF,2026-07-24,10.35,10.11,5870
GMFIL,2026-07-24,479.9,473.0,14104
NIMB,2026-07-24,198.0,204.2,461662
NMFBS,2026-07-24,1117.5,1131.0,1642
ULBSL,2026-07-24,2730.0,2760.0,484
GRDBLP,2026-07-24,570.0,570.0,1998
GBIME,2026-07-24,247.9,249.5,177663
FOWAD,2026-07-24,1010.0,997.0,787
EHPL,2026-07-24,360.9,358.9,19434
HDL,2026-07-24,1180.0,1166.0,24277
SPDL,2026-07-24,392.0,389.0,91184
ILBS,2026-07-24,850.0,884.0,1485
LBLD88,2026-07-24,1094.0,1094.0,15
MERO,2026-07-24,738.9,694.0,25005
RSY,2026-07-24,10.35,10.35,5150
KKHC,2026-07-24,266.5,282.3,368499
SPHL,2026-07-24,538.3,544.0,7475
SHIVM,2026-07-24,638.0,655.0,64040
NSY,2026-07-24,9.23,9.33,9600
NABIL,2026-07-24,550.0,553.1,91376
ECL,2026-07-24,571.8,651.1,250
STC,2026-07-24,5102.0,5175.0,1310
FMDBL,2026-07-24,780.0,780.0,5442
NICLBSL,2026-07-24,552.0,568.0,9403
BGWT,2026-07-24,610.0,600.1,5088
KEF,2026-07-24,10.25,10.69,24400
NMIC,2026-07-24,970.0,984.0,5608
SIFC,2026-07-24,530.0,529.0,6762
MABEL,2026-07-24,632.5,637.0,25642
HLBSL,2026-07-24,905.0,900.9,3413
APHL,2026-07-24,930.0,905.0,35842
NADEP,2026-07-24,760.0,738.0,288
SIGS2,2026-07-24,10.15,10.2,4100
NSIF2,2026-07-24,10.67,10.68,200
SHINE,2026-07-24,420.0,417.5,23905
HEIP,2026-07-24,335.0,328.0,500
RHPL,2026-07-24,263.2,267.0,11576
SHEL,2026-07-24,310.0,309.7,38004
GLH,2026-07-24,255.1,259.0,26654
NFS,2026-07-24,585.0,582.0,13295
VLBS,2026-07-24,672.0,706.0,5121
KSBBL,2026-07-24,485.0,488.6,17265
ACLBSL,2026-07-24,967.0,945.0,670
CKHL,2026-07-24,603.4,618.0,3274
MMF1,2026-07-24,9.4,9.47,45580
SAND2085,2026-07-24,1207.7,1100.0,25050
MKHC,2026-07-24,297.1,297.2,7089
PURE,2026-07-24,899.0,898.0,13573
API,2026-07-24,325.4,344.0,242798
GBLBS,2026-07-24,756.0,761.0,3251
MLBSL,2026-07-24,1740.0,1739.9,126
LICN,2026-07-24,800.1,804.0,9884
TPKHL,2026-07-24,581.0,574.0,57766
BNL,2026-07-24,14744.0,14744.0,10
MBJC,2026-07-24,273.2,276.1,8647
BNHC,2026-07-24,297.0,297.0,25926
SGHL,2026-07-24,550.0,552.0,105483
SBCF,2026-07-24,10.0,9.61,11100
SCBD,2026-07-24,1101.0,1101.0,500
SAGAR,2026-07-24,1800.0,1792.0,24706
MSHL,2026-07-24,596.0,632.0,682
CBBL,2026-07-24,932.0,938.0,7273
USLB,2026-07-24,1209.0,1181.0,3770
GMFBS,2026-07-24,1220.2,1246.0,429
NICL,2026-07-24,525.0,520.0,14533
SPIL,2026-07-24,703.0,710.0,2443
ENL,2026-07-24,855.0,849.0,240
NIBLGF,2026-07-24,8.99,9.22,800
MHNL,2026-07-24,240.0,241.5,9321
NLICL,2026-07-24,583.0,588.0,76294
SALICO,2026-07-24,601.0,609.6,7035
ICFCD89,2026-07-24,1100.0,1101.0,99
BNT,2026-07-24,11532.2,11532.2,19
SARBTM,2026-07-24,795.0,805.0,4017
NICSF,2026-07-24,9.2,9.2,11980
JOSHI,2026-07-24,274.0,270.0,10071
SANIMA,2026-07-24,366.0,372.0,100183
HIDCLP,2026-07-24,197.9,195.9,85315
JBLB,2026-07-24,1255.0,1283.0,3348
BHPL,2026-07-24,490.0,486.6,5700
NBF3,2026-07-24,9.95,9.97,6600
KBSH,2026-07-24,993.3,1050.0,148511
RLEL,2026-07-24,930.0,970.0,28028
SHPC,2026-07-24,520.0,518.6,38788
MPFL,2026-07-24,610.0,626.9,11805
SBLD84,2026-07-24,1058.0,1058.0,75
SANVI,2026-07-24,665.7,643.0,34711
NMBMF,2026-07-24,622.0,640.0,4969
HLI,2026-07-24,330.2,333.5,25210
NABILD2089,2026-07-24,1056.0,1078.0,82
GVL,2026-07-24,482.0,485.0,15952
NTC,2026-07-24,875.0,864.0,7547
ICFC,2026-07-24,611.1,628.0,9051
PCIL,2026-07-24,700.0,692.0,106254
MCHL,2026-07-24,297.9,285.0,9930
UAIL,2026-07-24,460.0,458.0,14460
SNLI,2026-07-24,438.1,441.0,5147
BFC,2026-07-24,533.0,533.0,74820
BARUN,2026-07-24,318.3,334.0,24615
SWBBL,2026-07-24,658.4,693.0,13156
MNBBL,2026-07-24,379.0,377.0,25623
SKHEL,2026-07-24,1007.0,1077.9,8890
RBBD83,2026-07-24,1037.0,1037.0,1371
ILI,2026-07-24,421.1,425.0,4515
CREST,2026-07-24,1195.0,1228.9,13501
SSHL,2026-07-24,221.1,209.5,92395
CYCL,2026-07-24,1370.0,1376.0,1100
CFCL,2026-07-24,627.0,657.2,182999
VLUCL,2026-07-24,458.0,452.0,1250
MND84/85,2026-07-24,1070.0,1075.0,100
AKPL,2026-07-24,268.5,265.7,58703
HPPL,2026-07-24,370.0,380.0,127177
SKHL,2026-07-24,944.0,935.0,28833
HDHPC,2026-07-24,217.0,218.6,145917
SMFBS,2026-07-24,1535.0,1554.0,3316
SGIC,2026-07-24,478.0,478.0,8890
SONA,2026-07-24,422.0,419.9,18074
GCIL,2026-07-24,345.8,364.0,17122
HRL,2026-07-24,641.0,629.0,98378
BUNGAL,2026-07-24,635.0,634.9,59530
GBBD85,2026-07-24,1066.0,1085.0,83
RSML,2026-07-24,3471.0,3494.0,43204
KMCDB,2026-07-24,800.0,806.0,1517
BHL,2026-07-24,225.9,217.0,92366
SRLI,2026-07-24,385.0,386.0,10494
SAIL,2026-07-24,1100.0,1108.0,91423
BHDC,2026-07-24,440.0,445.2,4356
SFMF,2026-07-24,10.3,10.03,700
DHEL,2026-07-24,600.0,626.0,74284
KHPL,2026-07-24,990.0,990.0,31107
GILB,2026-07-24,1090.1,1120.0,2229
CIT,2026-07-24,1724.0,1734.0,4293
RIDI,2026-07-24,360.0,370.0,824107
TAMOR,2026-07-24,451.0,452.6,27528
MHL,2026-07-24,489.0,485.0,6501
HURJA,2026-07-24,245.0,241.0,51790
SIPD,2026-07-24,750.0,727.0,51208
UMHL,2026-07-24,570.0,594.8,86235
NBL,2026-07-24,271.0,272.0,72549
NIBLSTF,2026-07-24,8.85,8.8,3286
MDB,2026-07-24,612.0,602.0,29104
KBL,2026-07-24,224.0,228.2,1129916
CLI,2026-07-24,443.3,454.0,11247
LUK,2026-07-24,10.36,9.76,750
SLCF,2026-07-24,10.0,10.2,3242
JSLBB,2026-07-24,1026.7,1039.0,684
DDBL,2026-07-24,840.0,854.0,4706
GLBSL,2026-07-24,1793.0,1800.0,728
PMHPL,2026-07-24,328.0,324.0,4451
JHAPA,2026-07-24,1140.0,1211.1,22390
GBILD86/87,2026-07-24,1202.0,1128.0,10003
BHCL,2026-07-24,495.0,523.9,59608
UHEWA,2026-07-24,598.0,592.0,48519
NIBD84,2026-07-24,1066.1,1050.0,85
SADBL,2026-07-24,424.0,426.3,48901
BEDC,2026-07-24,313.5,334.0,32031
SMJC,2026-07-24,448.5,470.0,99658
IGI,2026-07-24,448.1,449.8,8830
HBL,2026-07-24,192.7,206.0,144301
SBL,2026-07-24,402.0,410.0,123839
GSY,2026-07-24,9.93,9.42,6520
NICA,2026-07-24,334.2,344.2,91081
NBF2,2026-07-24,10.02,10.02,200
MMKJL,2026-07-24,475.0,496.0,6845
MLBBL,2026-07-24,1131.2,1150.0,1507
SAGF,2026-07-24,10.05,10.1,1250
SHLB,2026-07-24,1453.2,1513.0,169
PROFL,2026-07-24,441.0,444.0,8738
NMB,2026-07-24,241.8,247.1,60861
SPL,2026-07-24,678.0,675.0,1481
RHGCL,2026-07-24,265.1,273.7,18625
LSL,2026-07-24,227.0,230.3,227090
SNORL,2026-07-24,989.0,979.0,41940
MKHL,2026-07-24,498.3,507.0,3735
ADBLD83,2026-07-24,1034.0,1034.3,26406
OMPL,2026-07-24,996.0,996.0,6488
AHPC,2026-07-24,279.0,275.0,46828
NIL,2026-07-24,627.0,630.0,4967
TSHL,2026-07-24,385.0,400.0,23022
SMPDA,2026-07-24,785.0,794.0,971
ULHC,2026-07-24,367.0,359.5,7061
JFL,2026-07-24,400.1,404.0,4548
USHEC,2026-07-24,493.0,495.5,1594
TTL,2026-07-24,756.0,773.0,28478
GUFL,2026-07-24,559.0,557.0,5322
MHCL,2026-07-24,323.0,330.0,5058
EBLD86,2026-07-24,1105.0,1105.0,57
CITY,2026-07-24,389.0,387.0,117929
RBBD2088,2026-07-24,1059.0,1075.0,535
SPC,2026-07-24,430.0,426.0,5197
SIGS3,2026-07-24,10.42,10.5,25177
BJHL,2026-07-24,780.5,793.0,28911
CSY,2026-07-24,8.93,9.06,17602
LLBS,2026-07-24,920.0,935.0,235
BPCL,2026-07-24,660.2,665.0,34471
RURU,2026-07-24,633.0,631.0,4884
WNLB,2026-07-24,1398.0,1374.0,357
SWMF,2026-07-24,625.1,642.0,4913
MAKAR,2026-07-24,427.5,450.0,56320
GBIMESY2,2026-07-24,9.45,9.33,4700
CGH,2026-07-24,793.0,787.0,7873
MKJC,2026-07-24,471.0,487.0,12860
UPCL,2026-07-24,355.1,357.0,43678
PBD84,2026-07-24,1100.0,1100.0,120
NWCL,2026-07-24,705.8,739.9,3403
CHL,2026-07-24,266.2,270.0,10651
UNLB,2026-07-24,1300.0,1279.0,712
LEC,2026-07-24,224.9,224.0,140458
NICBF,2026-07-24,9.12,9.12,100
USHL,2026-07-24,565.0,559.0,2854
SYPNL,2026-07-24,1360.0,1424.0,75872
RMF2,2026-07-24,9.9,10.12,450
NGPL,2026-07-24,420.0,420.0,135494
PBLD87,2026-07-24,1119.6,1134.9,3151
NIBSF2,2026-07-24,8.7,8.85,13030
NIMBPO,2026-07-24,145.0,145.1,9857
GBILD84/85,2026-07-24,1145.0,1145.0,25
TVCL,2026-07-24,486.0,485.0,8980
NBBD2085,2026-07-24,1100.0,1133.0,1
EBLD85,2026-07-24,1130.0,1130.0,15
RBCL,2026-07-24,14510.0,14600.2,100
SABBL,2026-07-24,1063.1,1160.0,46161
NABBC,2026-07-24,793.0,786.0,8899
TPC,2026-07-24,370.0,369.5,9455
RAWA,2026-07-24,464.0,445.0,35112
UMRH,2026-07-24,534.0,540.1,6744
NLIC,2026-07-24,766.8,769.0,32030
LBBL,2026-07-24,497.0,510.0,137489
YMHL,2026-07-24,693.0,655.0,40127
NIFRA,2026-07-24,251.5,255.0,80303
UPPER,2026-07-24,200.0,200.2,85269
ALBSL,2026-07-24,1045.0,1087.0,3859
KAHL,2026-07-24,583.0,601.2,88604
MEL,2026-07-24,220.0,220.0,27150
HLICF,2026-07-24,8.66,8.75,7601
ALICL,2026-07-24,441.0,441.9,9351
KSY,2026-07-24,9.48,9.55,1200
GRDBL,2026-07-24,1130.0,1088.0,14563
CZBIL,2026-07-24,206.0,209.4,135021
RNLI,2026-07-24,451.1,455.0,10240
NIMBD90,2026-07-24,1220.1,1220.1,25
NHDL,2026-07-24,646.0,650.0,2976
SMATA,2026-07-24,741.0,754.0,2237
UNHPL,2026-07-24,402.8,397.0,25227
EDBL,2026-07-24,586.9,581.5,13509
MBL,2026-07-24,250.8,259.9,90145
MLBL,2026-07-24,365.0,364.0,29485
NLG,2026-07-24,608.8,603.9,10772
BBC,2026-07-24,4310.0,4375.0,126
DORDI,2026-07-24,264.1,263.1,14614
IHL,2026-07-24,365.0,362.5,13063
PRSF,2026-07-24,13.17,12.77,1300
SWASTIK,2026-07-24,2145.0,2098.0,845
PMLI,2026-07-24,452.0,454.0,7466
RSDC,2026-07-24,641.3,670.1,4871
MFIL,2026-07-24,777.0,795.9,27905
MEHL,2026-07-24,313.0,315.0,2623
SBD87,2026-07-24,1122.0,1120.0,1026
NICGF2,2026-07-24,9.28,9.38,12300
NRIC,2026-07-24,990.0,986.0,61419
HFIN,2026-07-24,760.0,779.0,88069
C30MF,2026-07-24,9.92,9.96,600
SMHL,2026-07-24,495.0,490.0,38221
SLBBL,2026-07-24,788.0,823.0,3942
JBBL,2026-07-24,354.0,364.1,96275
SBI,2026-07-24,409.4,413.5,68167
SMB,2026-07-24,1850.0,1915.0,4959
NMBD2085,2026-07-24,1174.68,1174.68,25
AKJCL,2026-07-24,405.8,379.0,515226
KDBY,2026-07-24,11.0,11.0,8100
AHL,2026-07-24,434.0,428.0,3436
PPL,2026-07-24,335.0,339.0,17291
KAHL,2026-07-23,550.0,583.0,75792
EDBL,2026-07-23,576.0,580.1,2458
GMFBS,2026-07-23,1251.7,1246.0,145
MEHL,2026-07-23,315.0,313.3,1520
LICN,2026-07-23,844.0,803.9,6839
SBLD89,2026-07-23,1260.0,1270.0,600
TAMOR,2026-07-23,460.0,451.5,24468
HFIN,2026-07-23,680.0,760.0,73698
OHL,2026-07-23,680.0,688.5,605
CHL,2026-07-23,268.1,266.1,14726
MEL,2026-07-23,218.0,220.0,22908
SJCL,2026-07-23,276.3,284.0,9553
NIBD84,2026-07-23,1034.0,1036.0,75
GMLI,2026-07-23,1201.0,1195.0,2062
PMLI,2026-07-23,443.0,465.0,7836
SCBD,2026-07-23,1135.0,1135.0,33
RNLI,2026-07-23,445.1,458.0,13601
YMHL,2026-07-23,620.3,660.0,42420
C30MF,2026-07-23,10.0,10.22,200
SLCF,2026-07-23,9.95,10.24,400
HIDCLP,2026-07-23,193.5,197.5,63494
SCB,2026-07-23,625.2,655.2,1974
NHDL,2026-07-23,647.0,646.9,896
HDL,2026-07-23,1189.0,1179.0,19870
SHL,2026-07-23,498.0,499.6,9794
ACLBSL,2026-07-23,930.1,950.0,442
NSIF2,2026-07-23,10.61,10.67,7675
CGH,2026-07-23,785.0,792.0,19050
NIBSF2,2026-07-23,8.57,8.89,2826
MANDU,2026-07-23,804.2,839.0,6108
SOPL,2026-07-23,833.0,905.0,82670
IGI,2026-07-23,448.0,450.0,12648
KKHC,2026-07-23,265.0,266.5,42842
LBBL,2026-07-23,491.2,502.0,53082
HIMSTAR,2026-07-23,731.0,759.0,10128
KPCL,2026-07-23,470.0,473.0,5890
SKHL,2026-07-23,904.0,929.0,17258
SMHL,2026-07-23,481.1,488.0,24159
HBL,2026-07-23,200.0,202.8,44740
MEN,2026-07-23,595.0,594.8,41095
ADBL,2026-07-23,310.0,317.0,19009
SADBL,2026-07-23,425.0,427.0,21539
GMFIL,2026-07-23,498.0,478.7,8225
SLBSL,2026-07-23,1100.0,1092.0,2568
LLBS,2026-07-23,910.0,937.0,70
MKCL,2026-07-23,1160.0,1141.0,1005
NLG,2026-07-23,588.0,595.0,17184
BJHL,2026-07-23,719.0,790.0,33953
DOLTI,2026-07-23,328.1,329.1,28008
IHL,2026-07-23,370.0,367.5,3367
MLBSL,2026-07-23,1711.0,1738.0,317
SBI,2026-07-23,392.0,409.0,7387
UAIL,2026-07-23,448.1,456.1,16603
SBCF,2026-07-23,9.66,10.18,6400
UHEWA,2026-07-23,600.0,598.0,23374
SBID83,2026-07-23,1060.0,1060.0,20
SJLIC,2026-07-23,416.0,424.9,12230
NMIC,2026-07-23,950.0,970.0,2693
NIFRAGED,2026-07-23,1030.0,1030.0,25
CORBL,2026-07-23,1400.0,1440.0,99429
HURJA,2026-07-23,240.0,242.8,53462
DLBS,2026-07-23,1264.0,1214.0,311
HEI,2026-07-23,533.0,535.9,2561
MABEL,2026-07-23,621.0,630.9,12447
DORDI,2026-07-23,259.0,263.0,21010
ILBS,2026-07-23,850.0,891.9,1447
SIKLES,2026-07-23,555.1,567.0,6009
TTL,2026-07-23,726.7,756.0,10131
NABIL,2026-07-23,546.0,550.0,40281
PRSF,2026-07-23,12.98,12.98,3890
NMLBBL,2026-07-23,531.0,545.0,4896
SBLD2091,2026-07-23,1060.0,1060.0,81
ENL,2026-07-23,820.0,834.0,671
GBBD85,2026-07-23,1065.0,1065.0,50
SARBTM,2026-07-23,808.0,798.0,5592
SWASTIK,2026-07-23,2130.0,2098.0,858
SBL,2026-07-23,380.4,406.0,113029
GBIMESY2,2026-07-23,9.3,9.5,500
GHL,2026-07-23,228.0,232.5,27581
BANDIPUR,2026-07-23,723.0,760.0,30521
UNL,2026-07-23,47800.0,48000.0,60
SHPC,2026-07-23,538.0,515.9,42994
MHNL,2026-07-23,242.5,245.0,12010
NMFBS,2026-07-23,1125.0,1130.0,7064
NIBLSTF,2026-07-23,8.6,8.85,6740
KMCDB,2026-07-23,808.0,806.9,1276
MFIL,2026-07-23,775.0,797.0,11906
MSLB,2026-07-23,1220.0,1215.0,1110
NRIC,2026-07-23,1000.0,996.0,29266
NESDO,2026-07-23,1544.2,1516.0,431
PPCL,2026-07-23,355.5,353.0,7149
CHCL,2026-07-23,485.1,494.0,31454
MPFL,2026-07-23,610.0,625.0,22732
MKHL,2026-07-23,501.0,512.0,3010
NLIC,2026-07-23,802.0,763.0,21570
SMPDA,2026-07-23,800.0,785.0,415
BARUN,2026-07-23,331.0,335.0,27519
USHL,2026-07-23,577.0,550.0,2354
MLBL,2026-07-23,355.7,360.0,13600
SPDL,2026-07-23,380.0,396.0,76025
NIFRA,2026-07-23,252.0,254.0,84407
GBBL,2026-07-23,420.0,420.0,26242
NRN,2026-07-23,1480.0,1487.1,108726
NIBLGF,2026-07-23,9.23,9.25,2150
FMDBL,2026-07-23,765.2,780.0,4640
PRIN,2026-07-23,685.0,688.0,5611
RSDC,2026-07-23,676.0,675.0,1340
DDBL,2026-07-23,841.0,849.9,2827
MERO,2026-07-23,725.0,703.8,3326
SFMF,2026-07-23,10.5,10.5,11786
SAIL,2026-07-23,1050.0,1145.0,97608
NICSF,2026-07-23,8.9,9.2,824
PROFL,2026-07-23,446.0,443.5,4575
HLI,2026-07-23,330.0,334.8,27177
NABBC,2026-07-23,798.0,793.0,5634
CIZBD90,2026-07-23,1215.0,1240.0,450
JSLBB,2026-07-23,1010.0,1026.7,47
SPHL,2026-07-23,520.0,553.7,12034
HHL,2026-07-23,342.0,350.5,46686
NADEP,2026-07-23,747.0,760.0,386
SANVI,2026-07-23,595.0,634.0,16633
RIDI,2026-07-23,380.0,378.1,658719
SAPDBL,2026-07-23,754.8,791.5,27409
NICGF2,2026-07-23,9.0,9.28,1200
UMRH,2026-07-23,547.8,540.0,3102
SGIC,2026-07-23,470.0,478.8,6542
NBF3,2026-07-23,10.0,10.0,11871
BBC,2026-07-23,4379.0,4390.0,397
SAGAR,2026-07-23,1750.0,1820.0,29234
SAHAS,2026-07-23,666.0,664.0,65752
PPL,2026-07-23,322.1,338.9,23596
SRBLD83,2026-07-23,1044.9,1044.9,10
H8020,2026-07-23,12.3,12.0,4456
GILB,2026-07-23,1100.0,1110.0,520
GLH,2026-07-23,255.1,260.8,37034
NMBMF,2026-07-23,612.4,635.0,2174
GUFL,2026-07-23,575.0,564.0,10684
BHDC,2026-07-23,437.5,444.9,7813
BNHC,2026-07-23,296.9,295.0,39381
SYPNL,2026-07-23,1400.0,1426.9,75287
RBCL,2026-07-23,14900.0,14895.0,60
GVL,2026-07-23,480.2,490.0,5271
GBLBS,2026-07-23,768.8,759.0,1234
PHCL,2026-07-23,304.1,306.0,24811
PSF,2026-07-23,11.72,12.0,14800
BHL,2026-07-23,217.0,215.2,62803
SANIMA,2026-07-23,367.9,366.0,24603
SNORL,2026-07-23,851.0,995.0,44496
NFS,2026-07-23,578.5,584.0,3795
SGHL,2026-07-23,521.0,550.0,109172
HRL,2026-07-23,636.2,641.0,90968
KBL,2026-07-23,212.0,223.0,368248
APHL,2026-07-23,837.0,930.0,64326
MBJC,2026-07-23,270.1,278.1,9932
CSY,2026-07-23,9.05,9.12,3950
NHPC,2026-07-23,299.0,284.0,356524
WNLB,2026-07-23,1332.0,1368.0,529
KBLD89,2026-07-23,1260.0,1260.0,76
NICD83/84,2026-07-23,1048.0,1048.0,20
MHL,2026-07-23,483.0,489.8,3249
HATHY,2026-07-23,767.0,757.9,3251
RHGCL,2026-07-23,266.2,270.0,40902
SIGS3,2026-07-23,10.5,10.6,376585
NABILD2089,2026-07-23,1088.0,1056.0,125
SICL,2026-07-23,645.8,634.0,3608
ULHC,2026-07-23,379.8,362.2,10466
PMHPL,2026-07-23,321.5,328.9,2640
NIMB,2026-07-23,190.0,198.4,69542
SKBBL,2026-07-23,762.0,767.0,6698
HEIP,2026-07-23,335.0,335.0,500
JOSHI,2026-07-23,268.0,271.5,12059
DHEL,2026-07-23,581.0,598.0,15918
LEC,2026-07-23,220.0,222.6,70351
RHPL,2026-07-23,268.0,267.0,9989
RFPL,2026-07-23,329.0,344.0,12529
ECL,2026-07-23,507.1,566.2,120
CHDC,2026-07-23,2200.5,2205.0,8086
EHPL,2026-07-23,363.9,355.3,8656
CREST,2026-07-23,1205.0,1201.0,14145
HPPL,2026-07-23,360.0,381.0,106938
KSBBL,2026-07-23,488.8,488.0,16398
BNT,2026-07-23,11578.1,11578.1,25
KDL,2026-07-23,820.0,813.0,286
NICL,2026-07-23,519.0,520.0,11905
NICA,2026-07-23,324.0,341.0,32463
KEF,2026-07-23,10.58,10.5,4200
SHINE,2026-07-23,414.0,417.0,11786
CYCL,2026-07-23,1397.9,1370.0,704
UMHL,2026-07-23,570.0,590.5,23783
SINDU,2026-07-23,692.9,719.0,3025
EBL,2026-07-23,753.0,719.0,21235
SIFC,2026-07-23,520.0,533.0,7222
SMATA,2026-07-23,740.0,759.7,572
UPCL,2026-07-23,359.1,362.0,44974
SFEF,2026-07-23,10.0,10.0,900
MAKAR,2026-07-23,433.2,450.0,35324
BFC,2026-07-23,526.0,533.0,64041
USHEC,2026-07-23,487.5,493.5,2945
MCHL,2026-07-23,290.1,290.0,5549
SKHEL,2026-07-23,980.0,1060.0,12382
TRH,2026-07-23,793.0,791.7,827
SEF,2026-07-23,10.18,10.38,7200
SSHL,2026-07-23,211.0,211.7,91952
NRM,2026-07-23,332.0,329.2,11195
SHLB,2026-07-23,1480.0,1498.0,70
SNLI,2026-07-23,435.0,438.1,6454
ALICL,2026-07-23,435.1,441.0,7997
CBBL,2026-07-23,929.1,932.0,11789
NTC,2026-07-23,860.0,859.0,3472
KHPL,2026-07-23,930.0,992.0,17900
JBBL,2026-07-23,354.0,359.0,28328
USLB,2026-07-23,1210.1,1200.0,673
HLBSL,2026-07-23,899.9,903.0,1375
SOHL,2026-07-23,584.0,623.0,284258
RURU,2026-07-23,625.0,634.0,6452
JHAPA,2026-07-23,1100.0,1148.0,12509
KSY,2026-07-23,9.75,9.75,1400
SWBBL,2026-07-23,676.0,693.0,65300
HIDCL,2026-07-23,266.0,263.6,46621
AKPL,2026-07-23,255.0,266.0,68149
ICFCD88,2026-07-23,1125.0,1124.2,150
RMF1,2026-07-23,10.15,9.9,245740
RLFL,2026-07-23,490.0,479.0,32135
GSY,2026-07-23,10.0,9.9,2800
SMJC,2026-07-23,438.0,440.0,9714
RSY,2026-07-23,10.03,10.35,1700
SABBL,2026-07-23,1020.3,1119.0,42190
NIL,2026-07-23,632.0,629.9,1431
SONA,2026-07-23,419.1,422.0,16385
MKJC,2026-07-23,488.2,480.0,16210
GBIME,2026-07-23,235.0,249.0,105646
LSLPO,2026-07-23,123.0,123.0,8201
LSL,2026-07-23,214.0,227.0,259236
BUNGAL,2026-07-23,669.8,635.0,191406
NGPL,2026-07-23,424.0,419.0,203489
BHPL,2026-07-23,504.9,491.0,2567
OMPL,2026-07-23,960.0,996.1,5972
MBLD2085,2026-07-23,1196.1,1225.0,75
MMF1,2026-07-23,9.4,9.5,5203
MMKJL,2026-07-23,456.0,475.0,6192
ICFC,2026-07-23,611.5,620.0,5166
SIPD,2026-07-23,668.1,745.0,51184
HDHPC,2026-07-23,218.1,220.8,123561
RLEL,2026-07-23,867.1,940.0,19571
MSHL,2026-07-23,666.7,627.3,1005
NICD88,2026-07-23,1100.0,1100.0,25
SALICO,2026-07-23,589.2,604.0,1399
PURE,2026-07-23,840.8,890.0,5046
GFCL,2026-07-23,633.0,636.0,7712
BGWT,2026-07-23,609.0,610.0,1013
RSML,2026-07-23,3510.0,3516.0,80405
MBL,2026-07-23,242.0,255.0,70137
NBF2,2026-07-23,10.08,10.31,4000
SPIL,2026-07-23,715.0,710.0,533
SAGF,2026-07-23,10.05,10.2,2440
NUBL,2026-07-23,636.0,634.4,2126
NMB,2026-07-23,232.0,243.1,26596
PCIL,2026-07-23,631.8,687.0,58160
PRVU,2026-07-23,186.0,195.9,72972
SMH,2026-07-23,515.0,514.9,22173
KDBY,2026-07-23,10.8,11.08,2000
FOWAD,2026-07-23,970.2,996.0,1235
RBBF40,2026-07-23,9.07,9.19,176251
ICFCD89,2026-07-23,1106.0,1120.0,385
DHPL,2026-07-23,303.79,298.0,2245
CLI,2026-07-23,442.2,455.0,10896
PCBL,2026-07-23,227.1,239.0,29928
NMBHF2,2026-07-23,9.84,9.7,3600
STC,2026-07-23,5200.0,5200.0,1206
BPCL,2026-07-23,705.3,670.9,19529
MKHC,2026-07-23,294.0,299.0,6383
CKHL,2026-07-23,622.9,622.0,318
CZBIL,2026-07-23,193.0,204.5,17761
UNHPL,2026-07-23,403.0,400.0,12256
TPKHL,2026-07-23,565.0,590.0,62548
MHCL,2026-07-23,315.5,324.0,3903
SMB,2026-07-23,1878.8,1848.0,2058
SPC,2026-07-23,425.5,430.0,3060
HLICF,2026-07-23,8.69,8.92,2320
GLBSL,2026-07-23,1740.0,1793.0,239
UPPER,2026-07-23,200.0,200.1,54695
RAWA,2026-07-23,464.0,442.0,23955
MBLEF,2026-07-23,10.01,10.2,2000
GCIL,2026-07-23,365.0,364.0,16393
API,2026-07-23,340.0,342.5,255571
AVYAN,2026-07-23,1083.0,1079.0,2060
UNLB,2026-07-23,1280.0,1276.0,888
ALBSL,2026-07-23,1070.0,1094.9,3151
MNBBL,2026-07-23,370.0,377.0,25308
MDB,2026-07-23,600.5,593.9,2529
NYADI,2026-07-23,367.1,379.0,2387
MLBBL,2026-07-23,1147.1,1159.9,960
TSHL,2026-07-23,393.0,385.0,4613
NICFC,2026-07-23,9.02,9.1,900
JBLB,2026-07-23,1270.0,1289.0,2765
MNMF1,2026-07-23,9.8,9.87,2020
CFCL,2026-07-23,610.0,649.9,110432
AKJCL,2026-07-23,370.0,386.5,719259
VLBS,2026-07-23,670.1,685.0,992
ANLB,2026-07-23,5600.0,5818.0,1113
SHEL,2026-07-23,306.0,312.5,58597
NSY,2026-07-23,9.21,9.5,13500
NLICL,2026-07-23,580.6,583.0,6968
GRDBL,2026-07-23,1024.1,1085.0,10852
SBLD83,2026-07-23,1040.0,1038.0,93
TVCL,2026-07-23,495.0,486.5,2785
AHL,2026-07-23,425.5,432.0,1873
VLUCL,2026-07-23,460.0,460.0,3640
LVF2,2026-07-23,9.8,9.81,1100
MLBS,2026-07-23,1160.6,1180.0,86
MSLBP,2026-07-23,735.0,735.0,20000
SMFBS,2026-07-23,1567.0,1578.0,735
LUK,2026-07-23,9.9,10.06,6820
NIMBPO,2026-07-23,142.6,145.0,4030
CIT,2026-07-23,1739.9,1724.8,2666
NBBD2085,2026-07-23,1096.9,1100.0,10000
NBL,2026-07-23,268.9,269.0,28186
JFL,2026-07-23,400.1,400.0,5347
SPL,2026-07-23,677.0,680.0,4550
TPC,2026-07-23,357.0,361.0,12649
ILI,2026-07-23,420.1,425.0,8383
AHPC,2026-07-23,274.9,277.0,59319
NWCL,2026-07-23,721.9,742.9,1960
SGHC,2026-07-23,330.0,325.0,61027
KBSH,2026-07-23,1175.0,1045.5,13394
BHCL,2026-07-23,491.0,515.0,34661
SLBBL,2026-07-23,802.1,814.0,2409
BOKD86KA,2026-07-23,1102.0,1100.0,25
GIBF1,2026-07-23,10.3,10.41,300
NICLBSL,2026-07-23,560.0,560.0,5822
ULBSL,2026-07-23,2722.0,2831.0,909
CITY,2026-07-23,390.0,389.0,98452
SRLI,2026-07-23,386.0,384.8,15884
SWMF,2026-07-23,629.0,638.9,2596
RADHI,2026-07-23,720.0,754.0,65510
SHIVM,2026-07-23,650.0,660.0,58438
BEDC,2026-07-23,340.0,330.0,23206
MATRI,2026-07-23,848.5,864.0,768
KSBBL,2026-07-22,494.0,486.0,10178
NWCL,2026-07-22,731.0,733.9,1771
UPPER,2026-07-22,190.5,199.0,110414
HEI,2026-07-22,535.0,532.0,8219
C30MF,2026-07-22,10.0,10.09,13380
SIPD,2026-07-22,670.0,686.9,29651
MATRI,2026-07-22,890.2,874.0,2579
NIFRA,2026-07-22,259.9,255.0,46525
MEHL,2026-07-22,310.1,315.0,4823
LUK,2026-07-22,9.76,9.76,100
MLBL,2026-07-22,364.9,358.9,10084
ALICL,2026-07-22,440.0,438.0,13723
UPCL,2026-07-22,360.0,365.0,58012
KAHL,2026-07-22,547.0,560.0,52360
SOPL,2026-07-22,845.0,842.1,41452
EBLD91,2026-07-22,1090.0,1090.0,125
KDL,2026-07-22,822.0,812.0,2798
HPPL,2026-07-22,360.0,370.0,91191
SWMF,2026-07-22,643.0,639.0,4912
PPCL,2026-07-22,348.6,349.0,28952
SAGF,2026-07-22,10.49,10.12,3790
DLBS,2026-07-22,1200.0,1249.0,5635
KDBY,2026-07-22,10.8,11.08,5300
SANIMA,2026-07-22,365.0,367.3,59752
SMH,2026-07-22,518.0,514.0,12605
MMF1,2026-07-22,9.18,9.69,16100
SHLB,2026-07-22,1495.0,1524.0,295
MMKJL,2026-07-22,442.0,463.4,2554
MKCL,2026-07-22,1160.0,1160.0,2479
NIBLSTF,2026-07-22,8.7,8.6,11900
SADBL,2026-07-22,423.1,425.0,60018
NICBF,2026-07-22,9.1,9.1,400
SHEL,2026-07-22,311.0,308.9,90562
SCB,2026-07-22,661.0,658.1,3467
PMLI,2026-07-22,441.1,445.0,4821
CKHL,2026-07-22,607.1,604.9,15236
KKHC,2026-07-22,267.9,268.5,51773
MNMF1,2026-07-22,9.8,9.85,50221
UMRH,2026-07-22,536.0,540.5,5162
EBLD86,2026-07-22,1095.0,1095.0,25
HRL,2026-07-22,677.2,636.2,151511
GCIL,2026-07-22,360.0,365.0,22329
EHPL,2026-07-22,370.0,356.8,15190
NIBSF2,2026-07-22,8.81,8.82,21918
PSF,2026-07-22,12.3,12.0,18715
MCHL,2026-07-22,293.0,293.0,7589
SINDU,2026-07-22,683.1,729.3,18145
SHIVM,2026-07-22,657.1,656.0,112792
BHCL,2026-07-22,510.0,499.0,39493
CITY,2026-07-22,375.6,390.0,399404
SIGS2,2026-07-22,10.04,10.04,100
NICSF,2026-07-22,9.01,9.0,7300
APHL,2026-07-22,827.1,837.5,19020
RBBD83,2026-07-22,1010.9,1010.9,25
OMPL,2026-07-22,960.0,978.0,2656
USLB,2026-07-22,1200.0,1210.0,179
SKHL,2026-07-22,881.2,905.0,11903
SHL,2026-07-22,505.0,502.0,18022
CFCL,2026-07-22,602.0,641.3,113396
VLUCL,2026-07-22,469.0,460.0,2349
NIL,2026-07-22,639.9,631.1,13854
HIMSTAR,2026-07-22,755.0,751.0,8786
NMB50,2026-07-22,10.7,10.43,10200
SAPDBL,2026-07-22,750.5,794.5,15003
SGIC,2026-07-22,471.3,472.0,4866
LVF2,2026-07-22,9.81,9.75,16000
NHDL,2026-07-22,626.0,646.0,38264
AKJCL,2026-07-22,385.0,388.0,599402
SPDL,2026-07-22,398.0,399.9,130096
RURU,2026-07-22,621.2,626.4,4499
BHL,2026-07-22,220.0,215.5,77294
KPCL,2026-07-22,480.0,476.8,5024
NMBMF,2026-07-22,615.1,621.0,3344
SAIL,2026-07-22,1000.0,1083.8,88041
MBL,2026-07-22,254.3,254.0,71269
GILB,2026-07-22,1115.0,1120.8,3591
ICFCD89,2026-07-22,1090.0,1091.0,491
SLBBL,2026-07-22,820.0,811.3,3364
SPHL,2026-07-22,535.0,546.0,5232
BGWT,2026-07-22,601.0,613.0,3182
RMF1,2026-07-22,9.85,9.67,335310
NICL,2026-07-22,525.0,519.0,11570
BARUN,2026-07-22,330.0,335.0,29119
RLEL,2026-07-22,888.1,893.9,14317
LBBL,2026-07-22,494.2,495.5,37047
SHINE,2026-07-22,415.9,414.0,22529
RHGCL,2026-07-22,266.0,272.2,12577
NABIL,2026-07-22,550.0,546.8,48017
FOWAD,2026-07-22,1000.0,997.0,5433
NGPL,2026-07-22,404.0,423.4,167493
UAIL,2026-07-22,460.0,456.0,9253
ILBS,2026-07-22,840.0,890.0,1399
HLBSL,2026-07-22,890.0,900.0,259
BANDIPUR,2026-07-22,740.0,739.1,20471
NFS,2026-07-22,582.0,582.6,10990
TTL,2026-07-22,747.0,735.0,10097
PRSF,2026-07-22,12.95,12.68,600
SPIL,2026-07-22,715.0,715.0,12469
SRBLD83,2026-07-22,1098.9,1059.9,2
AHPC,2026-07-22,278.0,275.0,53003
SYPNL,2026-07-22,1334.8,1408.9,69705
NMBD89/90,2026-07-22,1415.0,1370.0,71
RSY,2026-07-22,10.02,10.29,64700
MERO,2026-07-22,739.0,708.0,7631
NBL,2026-07-22,269.0,268.9,29103
TVCL,2026-07-22,475.3,495.0,17705
BPCL,2026-07-22,640.0,671.8,24712
SMPDA,2026-07-22,800.0,792.0,716
BEDC,2026-07-22,330.0,330.1,17694
SLBSL,2026-07-22,1110.0,1109.0,1975
MANDU,2026-07-22,801.1,824.0,2016
RADHI,2026-07-22,745.0,745.1,114815
BNHC,2026-07-22,290.4,296.9,26437
SIGS3,2026-07-22,10.56,10.5,27008
SBCF,2026-07-22,9.9,9.65,6850
MBLEF,2026-07-22,10.0,10.2,900
GMFIL,2026-07-22,472.9,475.0,39826
SRLI,2026-07-22,385.3,386.7,5898
GFCL,2026-07-22,615.1,633.0,32871
JOSHI,2026-07-22,270.0,267.8,4831
RMF2,2026-07-22,10.25,10.12,1100
NMIC,2026-07-22,934.0,977.0,2126
SAHAS,2026-07-22,665.0,662.0,73205
NLIC,2026-07-22,772.0,764.0,13922
RBBF40,2026-07-22,9.21,9.34,49105
SBL,2026-07-22,400.2,400.4,77485
TSHL,2026-07-22,390.0,392.9,7781
SANVI,2026-07-22,601.0,607.0,15700
SSHL,2026-07-22,210.2,211.0,117892
PBD85,2026-07-22,1110.0,1110.0,50
HHL,2026-07-22,340.0,352.0,56199
ECL,2026-07-22,441.0,492.4,100
HATHY,2026-07-22,770.0,755.0,9728
NBF2,2026-07-22,9.81,10.09,2880
MSLB,2026-07-22,1225.0,1221.0,157
SJLIC,2026-07-22,418.0,421.9,10327
SBLD89,2026-07-22,1250.0,1251.0,750
MEL,2026-07-22,235.0,224.6,24096
NIBD84,2026-07-22,1069.0,1040.0,80
NICFC,2026-07-22,9.0,9.27,1600
GVL,2026-07-22,486.0,490.0,12399
MHNL,2026-07-22,237.3,242.9,16493
BFC,2026-07-22,530.0,535.1,289485
BHDC,2026-07-22,437.4,445.0,5850
SKHEL,2026-07-22,970.3,1008.0,2903
BBC,2026-07-22,4300.0,4268.0,545
LEC,2026-07-22,224.8,220.0,70637
MFIL,2026-07-22,772.0,800.0,41644
EDBL,2026-07-22,586.0,583.0,5908
FMDBL,2026-07-22,780.6,773.0,8719
MBJC,2026-07-22,270.0,275.0,8848
HDL,2026-07-22,1181.0,1178.0,30326
JBBL,2026-07-22,355.0,349.0,36222
GMFBS,2026-07-22,1313.0,1251.7,1212
ANLB,2026-07-22,5650.0,5841.0,1491
TPC,2026-07-22,358.2,363.0,11270
USHL,2026-07-22,514.0,550.0,2309
KBLD90,2026-07-22,1470.0,1425.9,5
PURE,2026-07-22,842.0,885.0,24572
SARBTM,2026-07-22,814.0,790.0,25694
JBLB,2026-07-22,1255.1,1275.3,2109
CYCL,2026-07-22,1356.0,1375.0,400
PMHPL,2026-07-22,330.0,328.0,3522
ULBSL,2026-07-22,2753.8,2775.0,984
HIDCL,2026-07-22,262.6,266.0,64784
NICA,2026-07-22,342.0,340.9,45184
ICFCD88,2026-07-22,1123.0,1121.0,75
NRIC,2026-07-22,1000.0,1007.1,34488
NRN,2026-07-22,1459.7,1519.9,185785
GSY,2026-07-22,10.0,9.9,75400
MKHC,2026-07-22,291.9,300.0,6464
GMLI,2026-07-22,1215.0,1200.0,5648
DORDI,2026-07-22,260.3,262.0,14235
NADEP,2026-07-22,735.0,747.0,3070
EBL,2026-07-22,720.0,718.0,12550
MEN,2026-07-22,600.0,595.0,161649
USHEC,2026-07-22,500.0,495.2,5757
PCBL,2026-07-22,243.0,239.0,19541
JSLBB,2026-07-22,1000.0,1027.0,1618
AKPL,2026-07-22,263.0,267.0,135933
NBLD85,2026-07-22,1050.1,1050.1,25
NHPC,2026-07-22,297.0,285.4,559326
SWASTIK,2026-07-22,2120.0,2105.0,956
VLBS,2026-07-22,672.0,684.3,3007
LSL,2026-07-22,220.0,225.0,138502
API,2026-07-22,340.0,343.5,229342
ENL,2026-07-22,863.0,825.0,1366
PRIN,2026-07-22,685.1,685.0,4288
IGI,2026-07-22,444.4,450.0,16061
NMFBS,2026-07-22,1130.0,1130.0,2452
CBBL,2026-07-22,936.0,933.5,19042
RNLI,2026-07-22,450.1,456.7,15294
HLI,2026-07-22,334.0,335.0,43991
KBSH,2026-07-22,1171.0,1230.0,782
NSIF2,2026-07-22,10.97,10.65,18533
NMBHF2,2026-07-22,9.52,9.6,2250
SIFC,2026-07-22,522.0,527.0,18006
MNBBL,2026-07-22,376.5,372.0,28844
NICLBSL,2026-07-22,559.0,564.9,3933
NIFRAGED,2026-07-22,1030.0,1030.0,487
IHL,2026-07-22,360.0,366.0,2901
SHPC,2026-07-22,517.1,512.6,14476
MLBS,2026-07-22,1224.0,1190.0,120
ULHC,2026-07-22,382.0,372.0,13376
GIBF1,2026-07-22,10.31,10.55,22650
YMHL,2026-07-22,602.7,633.3,33068
PPL,2026-07-22,324.5,339.0,12678
BNT,2026-07-22,11573.0,11571.0,30
MDB,2026-07-22,590.0,587.0,2717
SMB,2026-07-22,1895.0,1844.1,1353
GBLBS,2026-07-22,746.1,762.0,1366
PHCL,2026-07-22,305.0,305.9,29640
NICAD2091,2026-07-22,1025.7,1045.0,430
ILI,2026-07-22,404.0,424.0,3020
SOHL,2026-07-22,600.0,584.0,64375
WNLB,2026-07-22,1369.0,1368.0,154
NTC,2026-07-22,875.0,857.1,12970
LICN,2026-07-22,805.0,804.4,6504
BUNGAL,2026-07-22,607.0,705.0,65595
HLICF,2026-07-22,8.48,8.95,1300
KSY,2026-07-22,10.0,9.76,10300
KMCDB,2026-07-22,792.0,803.0,3285
RLFL,2026-07-22,470.0,473.0,57262
RIDI,2026-07-22,390.0,386.0,1107447
CSY,2026-07-22,9.1,9.32,12484
ADBL,2026-07-22,314.0,318.9,79891
LBBLD89,2026-07-22,1329.9,1290.1,372
MAKAR,2026-07-22,460.0,456.0,47797
UHEWA,2026-07-22,582.0,598.8,13045
AHL,2026-07-22,445.0,430.8,1222
CHCL,2026-07-22,493.0,495.2,44279
NRM,2026-07-22,323.1,325.0,8796
CGH,2026-07-22,794.8,785.0,6372
SKBBL,2026-07-22,769.0,767.5,2377
NMB,2026-07-22,243.0,243.9,31540
RFPL,2026-07-22,342.0,345.0,28089
CLI,2026-07-22,429.0,450.0,5568
CIT,2026-07-22,1730.5,1724.0,4080
MLBLD89,2026-07-22,1280.4,1280.4,25
RAWA,2026-07-22,448.9,442.0,51392
SMFBS,2026-07-22,1621.0,1575.0,845
TAMOR,2026-07-22,447.0,452.0,22745
NUBL,2026-07-22,628.0,629.0,7278
PRVU,2026-07-22,194.0,195.0,111920
NIBLGF,2026-07-22,9.49,9.5,6100
SNORL,2026-07-22,860.0,875.0,24582
SLBBLP,2026-07-22,443.0,443.0,14000
CHDC,2026-07-22,2160.0,2219.0,10269
ICFC,2026-07-22,620.0,618.0,5520
NLICL,2026-07-22,594.0,589.0,2245
NESDO,2026-07-22,1502.0,1503.1,314
HBL,2026-07-22,199.2,200.9,29548
BJHL,2026-07-22,794.0,756.1,8067
RHPL,2026-07-22,271.0,265.1,11656
DHPL,2026-07-22,299.0,296.5,8229
CREST,2026-07-22,1220.0,1222.0,10216
GBIME,2026-07-22,245.0,247.2,136705
BOKD86KA,2026-07-22,1169.0,1134.0,136
SMJC,2026-07-22,439.1,449.8,21736
UNHPL,2026-07-22,395.1,400.0,14951
CHL,2026-07-22,273.0,268.0,12159
JBBD87,2026-07-22,1111.2,1111.2,25
SGHC,2026-07-22,316.0,333.0,69010
GRDBL,2026-07-22,1030.0,1078.0,16288
MSHL,2026-07-22,650.0,635.0,735
NICGF2,2026-07-22,9.02,9.11,1000
BNL,2026-07-22,15200.0,15200.0,30
SIKLES,2026-07-22,573.0,564.0,15618
SMATA,2026-07-22,748.2,751.1,446
NABBC,2026-07-22,750.5,792.0,10657
ACLBSL,2026-07-22,960.9,952.0,541
LLBS,2026-07-22,915.0,920.0,78
TRH,2026-07-22,799.0,793.0,2520
NYADI,2026-07-22,375.0,372.0,8179
NBBD2085,2026-07-22,1115.0,1065.0,5
GBIMESY2,2026-07-22,9.3,9.4,3350
MLBBL,2026-07-22,1176.5,1147.1,589
NICD88,2026-07-22,1115.0,1115.0,25
STC,2026-07-22,5250.0,5200.0,1220
SNLI,2026-07-22,433.1,440.0,3703
NIMBPO,2026-07-22,148.7,147.0,27505
MKJC,2026-07-22,473.0,465.0,1770
SALICO,2026-07-22,610.0,599.0,14126
PBLD87,2026-07-22,1087.0,1087.0,25
SEF,2026-07-22,9.95,10.18,20177
PCIL,2026-07-22,650.0,665.0,42196
GLH,2026-07-22,260.0,258.9,29543
SONA,2026-07-22,417.0,419.1,14123
NIMB,2026-07-22,196.0,197.0,61972
CZBIL,2026-07-22,200.5,203.0,29829
H8020,2026-07-22,11.97,12.3,469
HFIN,2026-07-22,685.0,706.9,33081
ALBSL,2026-07-22,1060.0,1101.0,2604
UNL,2026-07-22,47800.0,47800.0,10
MHCL,2026-07-22,334.9,321.0,1792
KHPL,2026-07-22,942.4,960.0,5111
MLBSL,2026-07-22,1740.0,1711.0,210
SPL,2026-07-22,660.3,677.9,3050
SFEF,2026-07-22,10.0,10.0,1860
AVYAN,2026-07-22,1076.3,1074.0,4771
GUFL,2026-07-22,560.0,565.0,11325
RBCL,2026-07-22,14590.0,14474.0,40
SWBBL,2026-07-22,694.0,690.0,17605
SMHL,2026-07-22,491.0,484.5,19125
SICL,2026-07-22,635.0,635.0,8698
SAGAR,2026-07-22,1720.0,1795.0,23162
MHL,2026-07-22,480.3,485.0,5344
JFL,2026-07-22,403.0,405.5,7555
DDBL,2026-07-22,850.0,842.1,4449
DHEL,2026-07-22,590.0,595.0,18488
NMLBBL,2026-07-22,537.0,545.0,5611
SGHL,2026-07-22,539.0,528.0,89670
GHL,2026-07-22,232.1,231.0,46936
LBLD88,2026-07-22,1118.5,1118.5,60
SBI,2026-07-22,412.0,412.0,50503
RSDC,2026-07-22,672.0,677.0,6228
SPC,2026-07-22,425.4,434.7,2086
RSML,2026-07-22,3450.0,3681.0,75158
HURJA,2026-07-22,245.1,240.0,62330
SABBL,2026-07-22,963.3,1074.0,38533
UMHL,2026-07-22,580.0,596.4,101286
MKHL,2026-07-22,510.1,514.5,17642
NLG,2026-07-22,600.0,594.0,18309
OHL,2026-07-22,685.3,685.0,760
UNLB,2026-07-22,1305.0,1287.9,280
KBL,2026-07-22,218.5,219.0,208940
GBBL,2026-07-22,420.0,421.5,32780
NBF3,2026-07-22,10.0,10.01,23750
HIDCLP,2026-07-22,198.0,195.0,89847
KEF,2026-07-22,10.26,10.63,33350
MPFL,2026-07-22,600.0,621.8,13077
NCCD86,2026-07-22,1299.0,1206.0,231
GLBSL,2026-07-22,1799.9,1813.0,499
SJCL,2026-07-22,285.0,283.0,7046
HDHPC,2026-07-22,218.0,221.0,181769
JHAPA,2026-07-22,1126.0,1111.0,11465
RBBD2088,2026-07-22,1050.0,1050.0,765
DOLTI,2026-07-22,338.9,334.9,26029
NSY,2026-07-22,9.2,9.38,2700
PROFL,2026-07-22,448.7,444.0,6781
MABEL,2026-07-22,643.7,625.0,4641
EBLD85,2026-07-22,1150.0,1150.0,25
TPKHL,2026-07-22,561.0,565.0,44494
BHPL,2026-07-22,490.0,495.9,7959
CORBL,2026-07-22,1390.0,1439.0,80525
SLCF,2026-07-22,10.0,10.1,1700
NMLBBL,2026-07-21,562.5,552.0,5746
LLBS,2026-07-21,955.0,938.0,695
H8020,2026-07-21,11.56,11.97,2300
JOSHI,2026-07-21,274.0,272.0,24021
CKHL,2026-07-21,635.0,620.1,3014
HRL,2026-07-21,624.0,645.0,341552
SMHL,2026-07-21,498.5,491.0,34365
KSY,2026-07-21,9.75,10.0,29495
MKCL,2026-07-21,1136.0,1164.0,1669
SIKLES,2026-07-21,576.0,570.0,16584
SMH,2026-07-21,519.0,521.9,75905
MBL,2026-07-21,250.0,255.5,83782
GIBF1,2026-07-21,10.41,10.52,7070
JHAPA,2026-07-21,1083.0,1148.0,11053
BNT,2026-07-21,11800.0,11621.0,20
NIFRAGED,2026-07-21,1023.1,1030.0,130
BHPL,2026-07-21,510.0,504.0,18593
GBLBS,2026-07-21,793.8,759.0,3843
MERO,2026-07-21,730.0,703.9,8476
RHPL,2026-07-21,265.0,271.8,24913
PMHPL,2026-07-21,325.1,330.0,18414
MAKAR,2026-07-21,446.7,460.0,43388
SHIVM,2026-07-21,666.0,663.1,152420
HEIP,2026-07-21,330.0,340.0,3747
SHEL,2026-07-21,316.0,311.0,92747
BJHL,2026-07-21,808.0,771.0,13838
ENL,2026-07-21,830.1,851.9,329
KBL,2026-07-21,223.9,220.9,294583
MKHC,2026-07-21,300.1,300.9,10735
SGHC,2026-07-21,339.0,332.0,67420
TSHL,2026-07-21,412.0,398.0,13800
C30MF,2026-07-21,10.0,10.01,11100
GFCL,2026-07-21,630.0,628.9,12435
KHPL,2026-07-21,997.0,992.0,11513
CORBL,2026-07-21,1450.0,1400.0,110145
NMBD89/90,2026-07-21,1460.0,1415.0,11
SBLD2091,2026-07-21,1055.0,1079.3,25866
CYCL,2026-07-21,1337.0,1385.0,1045
UMRH,2026-07-21,543.9,549.9,10942
NIBLSTF,2026-07-21,8.66,8.67,1500
PCIL,2026-07-21,665.0,665.0,71400
CIZBD90,2026-07-21,1177.0,1215.0,75
HIDCLP,2026-07-21,209.4,198.0,126820
IGI,2026-07-21,444.1,452.7,13205
GMFBS,2026-07-21,1206.1,1251.0,1000
MMKJL,2026-07-21,456.0,465.0,4295
RMF1,2026-07-21,10.0,9.9,62025
NABBC,2026-07-21,811.0,790.0,16399
PPL,2026-07-21,324.0,341.5,49192
ECL,2026-07-21,376.1,428.2,160
HHL,2026-07-21,350.0,350.0,39913
TAMOR,2026-07-21,456.0,454.0,50356
PRVU,2026-07-21,208.0,197.2,159581
KBSH,2026-07-21,1250.0,1200.0,963
MPFL,2026-07-21,626.0,622.0,11756
KBLD89,2026-07-21,1228.0,1226.0,168
NICD88,2026-07-21,1085.0,1095.0,110
CIT,2026-07-21,1715.0,1730.1,5887
NICBF,2026-07-21,9.08,9.1,2200
SBLD89,2026-07-21,1215.0,1235.0,425
RIDI,2026-07-21,350.0,378.9,1497165
SMB,2026-07-21,1900.0,1890.0,559
FMDBL,2026-07-21,760.0,780.5,15195
PHCL,2026-07-21,310.0,307.0,91387
USHEC,2026-07-21,502.0,506.0,13653
SIPD,2026-07-21,675.0,685.0,37278
BEDC,2026-07-21,334.0,334.5,39992
MMF1,2026-07-21,10.0,9.46,80084
TRH,2026-07-21,788.1,788.0,3391
SADBL,2026-07-21,422.8,425.0,36314
GBIMESY2,2026-07-21,9.26,9.3,400
SABBL,2026-07-21,996.0,1014.0,46712
BUNGAL,2026-07-21,638.0,638.0,74590
BANDIPUR,2026-07-21,746.0,745.0,44061
GMFIL,2026-07-21,470.0,469.9,26242
LEC,2026-07-21,228.5,222.3,117551
MFIL,2026-07-21,780.0,793.9,31009
UPPER,2026-07-21,202.5,200.5,101133
RSY,2026-07-21,9.95,10.1,50908
LSL,2026-07-21,223.0,223.6,333917
GLH,2026-07-21,263.1,263.9,62887
NADEP,2026-07-21,743.0,740.0,289
USHL,2026-07-21,567.0,540.8,8194
SHL,2026-07-21,503.9,505.0,31042
SINDU,2026-07-21,703.0,719.0,7424
ICFCD89,2026-07-21,1100.0,1090.0,634
GRDBL,2026-07-21,1055.5,1077.0,6926
MEL,2026-07-21,226.0,225.0,22998
NBL,2026-07-21,272.0,269.0,27376
MKHL,2026-07-21,512.0,519.0,14809
LUK,2026-07-21,10.2,9.99,13850
RSDC,2026-07-21,679.0,668.0,16999
GBBD85,2026-07-21,1067.0,1067.0,25
DOLTI,2026-07-21,334.0,339.0,44808
NRM,2026-07-21,322.0,330.0,25233
GVL,2026-07-21,496.0,492.0,21058
SGIC,2026-07-21,480.0,480.0,17911
BHL,2026-07-21,222.0,217.5,118595
RSML,2026-07-21,3460.0,3545.0,77289
VLBS,2026-07-21,703.0,692.0,2949
SBL,2026-07-21,405.0,399.0,116064
DHEL,2026-07-21,580.0,600.0,29310
HBL,2026-07-21,200.0,202.0,74503
PPCL,2026-07-21,378.0,359.0,11606
NHDL,2026-07-21,647.0,644.1,4863
NIFRA,2026-07-21,257.0,256.9,90157
MDB,2026-07-21,594.0,594.2,8366
NICAD2091,2026-07-21,1057.3,1057.3,20
GCIL,2026-07-21,373.0,368.9,25472
UAIL,2026-07-21,470.2,468.7,12044
EBL,2026-07-21,718.1,720.5,34312
JBLB,2026-07-21,1281.0,1289.0,4138
HFIN,2026-07-21,722.0,721.0,47746
MLBBL,2026-07-21,1124.3,1176.5,1594
PURE,2026-07-21,872.0,841.0,8595
AKJCL,2026-07-21,360.0,385.0,822835
SFEF,2026-07-21,10.0,10.1,1400
NIL,2026-07-21,645.0,635.0,6177
USLB,2026-07-21,1205.1,1205.0,2368
NMBMF,2026-07-21,620.0,629.0,1560
RLFL,2026-07-21,470.0,465.2,50923
EBLD85,2026-07-21,1131.0,1131.0,25
NMIC,2026-07-21,979.9,959.0,6113
SONA,2026-07-21,424.0,425.0,22728
RHGCL,2026-07-21,277.0,280.0,24789
OMPL,2026-07-21,989.0,989.0,6207
NIBLGF,2026-07-21,10.24,9.78,9000
LICN,2026-07-21,806.0,796.5,13352
MEHL,2026-07-21,330.0,315.0,6814
JBBD87,2026-07-21,1140.0,1105.8,49010
ILBS,2026-07-21,935.0,883.0,1208
CHL,2026-07-21,277.0,273.5,23160
HLBSL,2026-07-21,899.6,905.9,2614
GSY,2026-07-21,10.0,10.0,23120
SKHL,2026-07-21,892.4,899.0,22590
GBIME,2026-07-21,248.5,246.9,119856
SAIL,2026-07-21,1069.0,1038.9,59912
AHL,2026-07-21,436.0,435.0,7840
PRIN,2026-07-21,709.8,692.0,6285
MEN,2026-07-21,610.0,600.0,51644
BPCL,2026-07-21,663.0,673.0,41027
KEF,2026-07-21,10.3,10.4,14590
NICGF2,2026-07-21,9.1,9.1,900
NLICL,2026-07-21,590.0,594.0,11954
NICA,2026-07-21,325.0,342.0,56528
UHEWA,2026-07-21,593.0,600.0,58298
ICFC,2026-07-21,619.1,622.0,7446
SHLB,2026-07-21,1472.0,1540.0,430
NLG,2026-07-21,600.0,598.0,21712
SHINE,2026-07-21,416.0,415.9,22547
SOHL,2026-07-21,570.0,592.0,135872
SPIL,2026-07-21,725.0,715.0,2068
UNHPL,2026-07-21,400.0,404.8,49748
MND84/85,2026-07-21,1070.0,1070.0,155
BHDC,2026-07-21,447.6,447.1,17153
ULBSL,2026-07-21,2750.0,2839.0,480
NICSF,2026-07-21,9.01,9.0,5550
NESDO,2026-07-21,1548.0,1519.0,897
NICLBSL,2026-07-21,577.0,564.7,5863
SIGS3,2026-07-21,10.37,10.5,102400
SAHAS,2026-07-21,670.0,665.0,138790
ACLBSL,2026-07-21,920.0,966.8,786
SNLI,2026-07-21,442.5,445.0,16324
CZBIL,2026-07-21,195.0,203.5,52657
NRN,2026-07-21,1425.0,1495.0,147423
PCBL,2026-07-21,243.0,242.7,47015
JSLBB,2026-07-21,1001.5,1010.0,785
SKBBL,2026-07-21,803.2,769.0,7696
SPDL,2026-07-21,412.9,402.0,140886
NFS,2026-07-21,588.0,580.0,11307
CITY,2026-07-21,389.0,377.0,207128
RADHI,2026-07-21,764.9,762.5,121806
PSF,2026-07-21,11.94,12.0,116749
RLEL,2026-07-21,940.0,905.0,19232
MBLEF,2026-07-21,10.0,10.0,800
NSY,2026-07-21,9.41,9.42,7100
TPC,2026-07-21,372.5,366.8,10638
BHCL,2026-07-21,500.0,505.0,53742
SMJC,2026-07-21,429.4,450.0,11674
PMLI,2026-07-21,454.4,450.0,8197
RBBF40,2026-07-21,9.1,9.18,6700
SHPC,2026-07-21,522.0,517.0,26580
NBF2,2026-07-21,10.1,9.81,7200
KSBBL,2026-07-21,488.0,490.0,69100
MHCL,2026-07-21,335.0,328.0,9465
PBD88,2026-07-21,1250.0,1250.0,20
RFPL,2026-07-21,369.6,350.0,24743
SWASTIK,2026-07-21,2145.0,2142.0,882
KMCDB,2026-07-21,802.0,815.0,609
UNL,2026-07-21,47040.0,47040.0,10
CGH,2026-07-21,786.0,783.2,6576
DORDI,2026-07-21,270.0,266.7,32342
AHPC,2026-07-21,280.0,278.0,112300
NIMB,2026-07-21,201.0,198.5,169137
NICL,2026-07-21,538.4,525.9,13979
RBCLPO,2026-07-21,12150.0,11999.0,30
HPPL,2026-07-21,382.0,371.5,116926
NMFBS,2026-07-21,1140.0,1130.0,1814
SRLI,2026-07-21,394.9,390.0,18697
SBCF,2026-07-21,10.0,10.0,400
BNL,2026-07-21,14500.0,15200.0,60
MHNL,2026-07-21,247.0,244.5,33353
SPHL,2026-07-21,550.0,545.0,9824
MCHL,2026-07-21,302.1,301.3,7178
SPC,2026-07-21,417.9,436.3,5319
CREST,2026-07-21,1205.0,1239.7,13937
HEI,2026-07-21,541.0,539.9,6688
KDBY,2026-07-21,10.86,11.11,6710
GHL,2026-07-21,237.0,232.0,57541
NHPC,2026-07-21,285.0,282.9,659711
TVCL,2026-07-21,481.1,489.9,8013
HLICF,2026-07-21,8.74,8.73,1525
HDL,2026-07-21,1180.0,1188.5,48777
API,2026-07-21,346.0,344.0,409983
BFC,2026-07-21,513.0,530.0,106044
PRSF,2026-07-21,12.75,12.89,147584
SWMF,2026-07-21,647.0,644.9,5096
NSIF2,2026-07-21,10.7,10.88,23350
HURJA,2026-07-21,253.0,245.1,64980
CHDC,2026-07-21,2250.0,2209.0,39734
CSY,2026-07-21,9.03,9.1,9948
CLI,2026-07-21,464.6,451.5,13496
EHPL,2026-07-21,370.0,361.6,17531
SAGAR,2026-07-21,1726.9,1768.1,20809
RAWA,2026-07-21,453.5,447.0,43852
KAHL,2026-07-21,510.0,546.1,78927
BBC,2026-07-21,4299.7,4390.0,1912
ANLB,2026-07-21,5640.0,5845.0,2620
SLCF,2026-07-21,10.0,9.95,11920
SNORL,2026-07-21,850.0,880.0,45822
SMPDA,2026-07-21,775.0,800.0,1767
SSHL,2026-07-21,223.6,214.0,178577
NUBL,2026-07-21,635.0,632.0,2532
JBBL,2026-07-21,357.0,354.0,32674
NBLD85,2026-07-21,1067.0,1080.0,29980
YMHL,2026-07-21,623.0,630.0,46790
NTC,2026-07-21,875.0,864.9,6076
CFCL,2026-07-21,605.0,633.0,110669
AKPL,2026-07-21,280.8,265.0,67613
NBF3,2026-07-21,9.95,10.0,23354
SMFBS,2026-07-21,1555.0,1543.9,820
RNLI,2026-07-21,460.5,458.9,34536
SYPNL,2026-07-21,1327.7,1405.0,96349
SIFC,2026-07-21,532.0,527.9,10811
ALBSL,2026-07-21,1045.0,1099.1,6135
SAPDBL,2026-07-21,800.0,790.0,18231
MBJC,2026-07-21,275.1,277.5,18521
SJCL,2026-07-21,280.0,285.0,12773
OHL,2026-07-21,703.4,698.8,4353
NRIC,2026-07-21,1030.0,1018.0,82944
SALICO,2026-07-21,610.0,610.4,9246
HDHPC,2026-07-21,222.0,220.5,351246
JFL,2026-07-21,402.0,403.9,6318
MABEL,2026-07-21,611.0,635.9,14570
RBBD2088,2026-07-21,1032.0,1032.1,826
SCB,2026-07-21,665.0,663.9,8964
NWCL,2026-07-21,759.9,742.0,3496
UPCL,2026-07-21,365.0,365.9,92193
MNBBL,2026-07-21,376.8,376.0,41586
LBBL,2026-07-21,510.0,498.0,56618
NABILD2089,2026-07-21,1107.8,1057.0,38810
KPCL,2026-07-21,490.0,480.2,13052
SWBBL,2026-07-21,690.0,688.0,23136
SBI,2026-07-21,407.0,410.0,63183
MNMF1,2026-07-21,9.8,9.85,117930
GILB,2026-07-21,1111.1,1115.0,1536
NABIL,2026-07-21,552.0,549.0,102884
ALICL,2026-07-21,451.9,442.0,17026
SJLIC,2026-07-21,426.0,424.9,12357
SPL,2026-07-21,695.0,679.0,2290
ADBL,2026-07-21,314.9,314.0,39052
NICFC,2026-07-21,9.5,9.03,68780
MHL,2026-07-21,490.0,490.0,9016
STC,2026-07-21,5378.0,5250.0,481
NIMBPO,2026-07-21,145.5,146.0,794
FOWAD,2026-07-21,1029.9,1005.0,1406
NIBSF2,2026-07-21,8.73,9.0,23000
DLBS,2026-07-21,1200.0,1216.0,219
PROFL,2026-07-21,441.0,440.0,7800
NLIC,2026-07-21,806.0,773.9,26947
MBLD87,2026-07-21,1161.0,1161.0,5
APHL,2026-07-21,832.0,840.2,46207
SARBTM,2026-07-21,813.0,814.0,8330
MKJC,2026-07-21,470.0,464.0,10602
AVYAN,2026-07-21,1075.6,1096.0,6512
RMF2,2026-07-21,9.77,10.3,8210
MLBL,2026-07-21,366.9,361.0,25201
LVF2,2026-07-21,9.85,9.88,7720
HATHY,2026-07-21,785.0,770.0,30191
SOPL,2026-07-21,848.0,845.0,70713
HIMSTAR,2026-07-21,770.0,774.9,15018
NMB50,2026-07-21,10.56,10.66,25612
MLBS,2026-07-21,1175.0,1166.0,652
SMATA,2026-07-21,775.0,760.5,2083
KDL,2026-07-21,824.0,816.0,2299
KKHC,2026-07-21,271.9,268.0,70435
SANIMA,2026-07-21,363.0,368.0,112394
GUFL,2026-07-21,572.0,565.0,15007
MLBSL,2026-07-21,1780.0,1767.0,352
MATRI,2026-07-21,889.9,865.0,1130
RURU,2026-07-21,625.0,633.0,7037
WNLB,2026-07-21,1380.0,1378.1,965
IHL,2026-07-21,362.2,370.0,10216
TTL,2026-07-21,758.0,754.0,20306
RBCL,2026-07-21,14898.0,14898.0,10
TPKHL,2026-07-21,536.1,563.0,72970
DDBL,2026-07-21,811.8,850.0,5247
CHCL,2026-07-21,496.0,495.9,70099
BARUN,2026-07-21,335.1,339.0,33137
UNLB,2026-07-21,1304.0,1292.0,1323
GBBL,2026-07-21,421.0,423.9,78160
ILI,2026-07-21,427.7,424.3,13660
HIDCL,2026-07-21,280.3,268.8,75633
GLBSL,2026-07-21,1900.0,1766.1,236
SFMF,2026-07-21,10.3,10.3,91560
NYADI,2026-07-21,383.0,377.0,6280
MSLB,2026-07-21,1221.0,1248.0,1124
SANVI,2026-07-21,640.0,618.1,22751
NMB,2026-07-21,246.0,244.9,45808
SEF,2026-07-21,10.2,10.1,11000
EBLD86,2026-07-21,1085.0,1100.0,105
EDBL,2026-07-21,588.0,578.0,8979
BNHC,2026-07-21,299.0,294.0,61070
SGHL,2026-07-21,505.0,536.0,129965
KBLD90,2026-07-21,1470.0,1470.0,57
SICL,2026-07-21,639.9,638.0,4345
SIGS2,2026-07-21,10.35,10.35,1000
MSHL,2026-07-21,655.0,636.4,327
DHPL,2026-07-21,330.0,307.8,19679
ULHC,2026-07-21,365.2,371.0,18169
HLI,2026-07-21,331.5,334.0,41122
BGWT,2026-07-21,607.0,614.9,7510
SLBSL,2026-07-21,1150.0,1120.0,4265
NMBHF2,2026-07-21,9.58,9.7,26800
SLBBL,2026-07-21,810.0,820.1,2773
ICFCD88,2026-07-21,1123.0,1123.0,25
GMLI,2026-07-21,1286.9,1248.9,450
SKHEL,2026-07-21,1028.0,999.8,5627
VLUCL,2026-07-21,445.0,469.0,9872
UMHL,2026-07-21,570.0,600.0,35927
MANDU,2026-07-21,801.1,805.1,3008
NGPL,2026-07-21,435.0,425.0,174734
CBBL,2026-07-21,936.0,935.0,27633
NFS,2026-07-20,585.0,585.0,11713
FOWAD,2026-07-20,1004.0,1000.0,1214
PMHPL,2026-07-20,316.1,328.0,8635
NIBSF2,2026-07-20,8.7,9.0,13750
SARBTM,2026-07-20,800.0,813.0,4981
IGI,2026-07-20,450.0,457.0,18566
HFIN,2026-07-20,730.0,725.0,48601
UHEWA,2026-07-20,560.0,597.5,82480
RHGCL,2026-07-20,283.5,277.0,17559
SEF,2026-07-20,9.99,10.2,41510
SGHC,2026-07-20,338.0,338.8,44352
NWCL,2026-07-20,731.3,750.0,2744
SHINE,2026-07-20,414.0,419.0,33213
UNL,2026-07-20,47010.1,47015.0,20
NBF2,2026-07-20,10.0,10.1,2800
UNLB,2026-07-20,1310.0,1304.0,199
IHL,2026-07-20,369.0,367.0,15807
RBCLPO,2026-07-20,12100.0,12100.0,50
VLBS,2026-07-20,680.0,692.0,1900
RSY,2026-07-20,9.95,10.1,12000
SBCF,2026-07-20,10.11,10.15,9100
NABBC,2026-07-20,800.2,815.0,100977
GMLI,2026-07-20,1267.9,1253.9,2413
SHIVM,2026-07-20,653.5,663.0,150670
RLEL,2026-07-20,820.0,916.0,31692
AKJCL,2026-07-20,362.9,374.4,785535
CSY,2026-07-20,8.78,9.3,4900
DHPL,2026-07-20,294.9,315.0,9646
SMPDA,2026-07-20,803.0,795.0,1646
HURJA,2026-07-20,239.0,247.4,89500
TSHL,2026-07-20,413.0,411.0,21029
NMFBS,2026-07-20,1140.0,1139.0,4192
NIMBD90,2026-07-20,1290.0,1251.3,145
KBLD89,2026-07-20,1255.0,1255.0,32
MANDU,2026-07-20,790.1,801.1,3691
SHPC,2026-07-20,515.0,522.9,30319
SMFBS,2026-07-20,1643.2,1555.0,532
SAHAS,2026-07-20,665.0,666.5,124831
KHPL,2026-07-20,998.0,999.1,13133
TAMOR,2026-07-20,455.2,452.1,21223
H8020,2026-07-20,11.55,11.62,800
RFPL,2026-07-20,344.0,352.0,35490
NIMB,2026-07-20,187.0,198.0,138065
SWMF,2026-07-20,640.0,644.9,4457
TPKHL,2026-07-20,516.0,536.1,44722
NMBMF,2026-07-20,630.0,629.0,896
USLB,2026-07-20,1220.1,1229.0,657
MABEL,2026-07-20,602.0,625.0,11311
UPPER,2026-07-20,200.0,202.5,158748
SGHL,2026-07-20,481.0,503.0,101629
BUNGAL,2026-07-20,594.0,667.0,92800
RSML,2026-07-20,3150.0,3498.0,73255
BEDC,2026-07-20,346.5,334.0,18469
ADBL,2026-07-20,296.0,312.8,11892
HIDCL,2026-07-20,265.0,267.0,109486
NHDL,2026-07-20,649.0,650.0,4401
SIFC,2026-07-20,525.0,533.9,13965
MKHC,2026-07-20,293.0,301.4,12896
AKPL,2026-07-20,274.7,267.5,74585
NMB50,2026-07-20,10.89,10.88,45355
NBL,2026-07-20,253.3,269.0,30541
SAGAR,2026-07-20,1719.9,1780.3,13838
NICA,2026-07-20,323.0,342.1,73386
SAIL,2026-07-20,980.0,1069.2,78017
CGH,2026-07-20,772.0,785.0,11799
SADBL,2026-07-20,413.9,422.0,27336
MBJC,2026-07-20,275.0,277.0,11193
MBL,2026-07-20,262.0,258.1,97419
RMF2,2026-07-20,9.65,9.99,2600
ULHC,2026-07-20,375.0,370.1,12330
MLBL,2026-07-20,360.0,364.6,28740
AHL,2026-07-20,428.0,439.9,4046
BJHL,2026-07-20,762.9,808.0,7678
BNHC,2026-07-20,284.0,298.0,48388
PRVU,2026-07-20,197.0,198.5,168988
EBLD86,2026-07-20,1099.0,1100.0,575
SINDU,2026-07-20,700.0,716.0,10748
BNT,2026-07-20,11701.0,11800.0,85
APHL,2026-07-20,830.0,843.9,31993
PCIL,2026-07-20,650.0,665.0,50863
NUBL,2026-07-20,645.0,630.6,3349
RAWA,2026-07-20,440.0,453.0,80265
UNHPL,2026-07-20,398.0,405.0,48188
NICGF2,2026-07-20,9.22,9.35,2000
NRM,2026-07-20,330.0,322.0,7132
SWASTIK,2026-07-20,2090.0,2180.0,960
SCB,2026-07-20,664.0,665.0,4716
SKBBL,2026-07-20,760.0,765.0,7794
SWBBL,2026-07-20,688.0,682.9,18663
SPDL,2026-07-20,394.7,393.3,37456
EBLEB89,2026-07-20,1100.0,1100.0,50
SANVI,2026-07-20,635.0,633.0,20856
MATRI,2026-07-20,851.0,865.0,1550
RNLI,2026-07-20,455.0,459.5,9225
CHL,2026-07-20,269.0,274.0,30428
SBLD89,2026-07-20,1265.0,1240.0,45
CITY,2026-07-20,390.0,386.0,207043
KDBY,2026-07-20,10.76,11.1,53300
NABILD87,2026-07-20,1158.0,1122.4,130
MLBS,2026-07-20,1157.0,1175.5,892
GIBF1,2026-07-20,10.45,10.5,2200
HIDCLP,2026-07-20,198.0,199.5,212296
SHL,2026-07-20,499.0,503.8,15033
AVYAN,2026-07-20,1055.1,1098.0,5813
JHAPA,2026-07-20,1120.0,1140.0,17738
USHEC,2026-07-20,501.0,500.1,8723
SPL,2026-07-20,692.0,684.0,3997
SSHL,2026-07-20,207.0,213.0,161561
MEN,2026-07-20,595.0,600.0,88947
UAIL,2026-07-20,469.9,474.0,20357
HDL,2026-07-20,1191.0,1179.9,32918
BHPL,2026-07-20,489.0,486.1,4788
HLICF,2026-07-20,8.42,8.74,10620
KBL,2026-07-20,209.0,220.0,273423
GBIME,2026-07-20,246.0,245.0,82844
SHLB,2026-07-20,1520.0,1475.1,70
JOSHI,2026-07-20,269.8,274.0,9640
SJLIC,2026-07-20,424.0,426.0,22968
BHDC,2026-07-20,436.0,447.5,13904
MMF1,2026-07-20,10.0,9.75,7704
HBLD83,2026-07-20,1019.0,1019.0,100
SNLI,2026-07-20,433.0,442.5,8954
SJCL,2026-07-20,285.0,285.3,10633
CFCL,2026-07-20,601.0,636.0,69994
MHL,2026-07-20,489.9,492.0,10339
BHCL,2026-07-20,490.0,499.0,33458
SOPL,2026-07-20,823.1,848.0,49405
HLI,2026-07-20,344.4,335.5,46358
PRIN,2026-07-20,698.0,702.4,5527
MLBBL,2026-07-20,1179.5,1166.0,1699
NLIC,2026-07-20,760.0,768.2,25005
OHL,2026-07-20,690.0,704.8,2595
ALBSL,2026-07-20,1030.0,1083.9,2929
NLICL,2026-07-20,585.0,590.0,9262
GCIL,2026-07-20,385.3,372.0,31484
CBBL,2026-07-20,928.0,935.0,14360
HATHY,2026-07-20,720.0,782.0,11632
GRDBL,2026-07-20,1110.0,1088.0,34396
YMHL,2026-07-20,588.0,623.0,31396
NSIF2,2026-07-20,10.4,10.46,780
SALICO,2026-07-20,606.0,610.0,4862
KMCDB,2026-07-20,809.0,802.0,1073
MKCL,2026-07-20,1090.0,1149.0,2110
CZBIL,2026-07-20,193.0,204.9,41197
NYADI,2026-07-20,386.2,385.0,8259
LUK,2026-07-20,10.25,9.95,400
MFIL,2026-07-20,800.0,802.0,65980
SIGS3,2026-07-20,10.38,10.37,1900
MKHL,2026-07-20,518.0,527.3,13017
NIBLGF,2026-07-20,10.59,10.55,530
UMRH,2026-07-20,545.0,543.0,5520
KPCL,2026-07-20,475.0,485.0,7702
NADEP,2026-07-20,750.0,759.8,1460
BFC,2026-07-20,562.0,539.8,54997
CYCL,2026-07-20,1378.9,1360.0,956
PCBL,2026-07-20,230.0,242.5,33893
ICFCD83,2026-07-20,1211.7,1272.2,1
RSDC,2026-07-20,666.0,673.9,5985
NMIC,2026-07-20,932.0,964.0,5428
HBL,2026-07-20,190.0,200.7,28825
NICSF,2026-07-20,9.0,9.27,1855
MBLEF,2026-07-20,10.0,10.05,2000
BANDIPUR,2026-07-20,740.0,744.0,39527
BGWT,2026-07-20,560.0,590.0,5118
CHDC,2026-07-20,2179.0,2218.0,19524
GBBL,2026-07-20,412.0,421.0,59719
LLBS,2026-07-20,940.9,930.2,1821
RLFL,2026-07-20,470.0,475.0,42873
ILI,2026-07-20,423.1,427.7,10159
NICBF,2026-07-20,9.05,9.1,1500
SKHEL,2026-07-20,1000.0,1029.8,5311
SAPDBL,2026-07-20,732.2,797.0,18862
LICN,2026-07-20,805.0,804.5,5279
SLBBL,2026-07-20,826.0,820.0,2183
EBL,2026-07-20,720.0,717.5,39264
GVL,2026-07-20,495.0,497.0,12533
GILB,2026-07-20,1062.3,1110.1,3093
NMBD87/88,2026-07-20,1249.0,1211.0,42
MNMF1,2026-07-20,9.6,9.9,7500
KBSH,2026-07-20,1180.0,1219.0,513
OMPL,2026-07-20,943.0,989.0,6316
MCHL,2026-07-20,294.5,302.0,10307
LBBL,2026-07-20,494.9,500.0,57160
SIPD,2026-07-20,625.0,675.0,27332
MHCL,2026-07-20,330.0,331.9,5805
JBBL,2026-07-20,350.0,357.0,62902
NLG,2026-07-20,589.9,603.0,20230
PPL,2026-07-20,323.0,341.0,36655
PHCL,2026-07-20,303.0,309.9,81908
KAHL,2026-07-20,497.0,508.0,51475
PRSF,2026-07-20,12.79,12.75,67600
SKHL,2026-07-20,931.3,920.0,18051
FMDBL,2026-07-20,747.0,790.0,11115
CIT,2026-07-20,1698.0,1710.0,4561
GHL,2026-07-20,237.3,233.9,57167
UPCL,2026-07-20,352.0,370.0,78562
CLI,2026-07-20,450.0,457.5,10614
KKHC,2026-07-20,260.0,267.0,66730
MERO,2026-07-20,749.7,712.0,5599
MSHL,2026-07-20,693.0,658.0,1030
RBBF40,2026-07-20,9.38,9.18,91250
JBBD87,2026-07-20,1162.0,1150.0,55
GUFL,2026-07-20,560.0,572.1,15009
GBILD84/85,2026-07-20,1150.0,1150.0,25
SLCF,2026-07-20,10.2,10.0,3038
DLBS,2026-07-20,1240.0,1219.0,216
ILBS,2026-07-20,917.0,891.0,2345
HEI,2026-07-20,523.0,540.0,4950
KSBBL,2026-07-20,490.0,488.4,53127
HPPL,2026-07-20,360.0,373.1,139567
SBI,2026-07-20,380.0,409.0,40616
VLUCL,2026-07-20,443.0,452.5,3180
JSLBB,2026-07-20,994.1,1020.0,993
SONA,2026-07-20,418.0,425.0,25975
NESDO,2026-07-20,1520.0,1524.0,765
CHCL,2026-07-20,491.0,496.0,80871
MPFL,2026-07-20,620.0,626.8,5810
GWFD83,2026-07-20,1160.0,1158.0,2
GLBSL,2026-07-20,1780.1,1815.0,291
RURU,2026-07-20,632.0,634.0,12374
TVCL,2026-07-20,510.0,490.0,4323
DHEL,2026-07-20,572.0,599.0,16294
HRL,2026-07-20,582.0,616.0,185510
SMJC,2026-07-20,449.9,452.0,17260
GMFIL,2026-07-20,468.0,470.0,13779
WNLB,2026-07-20,1360.0,1370.0,343
AHPC,2026-07-20,275.0,279.1,148502
ULBSL,2026-07-20,2765.0,2888.9,617
NRN,2026-07-20,1449.0,1470.0,85891
PPCL,2026-07-20,363.3,360.0,17235
SOHL,2026-07-20,544.0,596.0,130044
DOLTI,2026-07-20,348.8,333.1,32042
MEL,2026-07-20,231.0,226.0,36999
PMLI,2026-07-20,449.0,454.4,7024
JBLB,2026-07-20,1278.0,1299.8,4938
NMLBBL,2026-07-20,557.0,553.0,4360
ENL,2026-07-20,858.0,851.0,541
LVF2,2026-07-20,9.8,9.81,1500
MEHL,2026-07-20,311.0,324.4,8859
MHNL,2026-07-20,240.0,246.9,18310
CREST,2026-07-20,1198.0,1219.8,25368
SBD87,2026-07-20,1150.0,1150.0,10
EBLD85,2026-07-20,1160.0,1160.4,120
SPIL,2026-07-20,710.0,724.0,4367
NTC,2026-07-20,880.0,869.0,9133
GSY,2026-07-20,10.0,10.0,95600
NIFRAGED,2026-07-20,1033.0,1020.8,205
NHPC,2026-07-20,272.0,280.0,571209
BBC,2026-07-20,4101.0,4250.0,291
CKHL,2026-07-20,630.0,648.9,2519
GLH,2026-07-20,255.0,265.0,40366
KDL,2026-07-20,816.0,822.0,2426
HHL,2026-07-20,341.0,349.0,23637
GFCL,2026-07-20,620.0,627.9,10603
SBL,2026-07-20,381.0,400.0,138847
NIFRA,2026-07-20,254.0,257.9,52428
TPC,2026-07-20,368.0,367.0,10946
NICL,2026-07-20,523.0,532.0,15876
BARUN,2026-07-20,330.8,338.0,58226
NIL,2026-07-20,620.0,635.4,7086
RBCL,2026-07-20,14631.0,14627.0,100
RADHI,2026-07-20,753.0,764.9,120520
MMKJL,2026-07-20,440.0,455.0,910
DDBL,2026-07-20,861.0,854.5,8964
SANIMA,2026-07-20,361.0,362.5,46296
NMBHF2,2026-07-20,9.5,9.77,8620
MLBSL,2026-07-20,1780.0,1780.0,46
NICFC,2026-07-20,9.1,9.3,1500
ACLBSL,2026-07-20,930.0,945.0,618
MKJC,2026-07-20,461.0,464.0,7396
SAND2085,2026-07-20,1245.0,1207.7,502
CORBL,2026-07-20,1490.0,1498.0,129543
HEIP,2026-07-20,340.0,340.0,23
SYPNL,2026-07-20,1350.0,1397.5,108582
ICFCD89,2026-07-20,1090.1,1100.0,200
API,2026-07-20,339.0,346.0,374987
NBF3,2026-07-20,9.95,10.0,31580
KEF,2026-07-20,10.4,10.5,19800
NICLBSL,2026-07-20,556.2,569.0,5880
SMATA,2026-07-20,760.0,761.0,2029
ALICL,2026-07-20,440.0,442.5,18488
GBIMESY2,2026-07-20,9.5,9.5,2400
GBLBS,2026-07-20,753.0,756.0,1424
SICL,2026-07-20,620.0,634.0,5785
ICFC,2026-07-20,609.0,619.5,4928
RBBD2088,2026-07-20,1050.6,1032.0,200
RMF1,2026-07-20,9.62,9.75,41738
NIBLSTF,2026-07-20,8.91,8.91,59800
SPC,2026-07-20,446.0,439.8,5615
HIMSTAR,2026-07-20,714.0,762.0,10958
STC,2026-07-20,5279.0,5295.0,359
ANLB,2026-07-20,5814.0,5700.0,4326
SMB,2026-07-20,1947.0,1900.0,3048
NBBD2085,2026-07-20,1130.1,1115.0,11100
NABIL,2026-07-20,550.0,550.0,100779
EDBL,2026-07-20,577.0,584.0,2464
LSL,2026-07-20,212.0,224.0,137613
GMFBS,2026-07-20,1220.0,1215.0,647
LBLD88,2026-07-20,1153.0,1153.0,20
SGIC,2026-07-20,475.0,485.0,9884
SFMF,2026-07-20,10.5,10.5,150
USHL,2026-07-20,540.0,540.0,4097
SMH,2026-07-20,518.0,513.2,35811
SMHL,2026-07-20,495.0,497.0,30292
RIDI,2026-07-20,332.1,359.7,576803
MSLB,2026-07-20,1216.2,1248.9,694
MDB,2026-07-20,600.0,600.0,8917
PURE,2026-07-20,870.0,872.0,5091
TTL,2026-07-20,736.0,758.0,11720
SFEF,2026-07-20,9.96,10.0,500
TRH,2026-07-20,768.0,789.9,1480
SBID2090,2026-07-20,1067.0,1067.0,25
NGPL,2026-07-20,419.9,428.8,251112
MBLD87,2026-07-20,1161.0,1161.0,25
MNBBL,2026-07-20,373.0,376.0,25911
BPCL,2026-07-20,679.8,675.0,43844
SIKLES,2026-07-20,565.0,576.0,6941
SLBSL,2026-07-20,1138.0,1104.5,1622
JFL,2026-07-20,399.0,401.9,4910
PROFL,2026-07-20,444.0,449.4,6463
NRIC,2026-07-20,913.0,1000.0,62179
SPHL,2026-07-20,550.0,554.0,6374
SHEL,2026-07-20,312.0,316.0,68754
HLBSL,2026-07-20,899.0,895.0,1241
DORDI,2026-07-20,261.0,266.6,31821
NMB,2026-07-20,233.0,246.0,52880
BHL,2026-07-20,211.3,218.1,215139
SRLI,2026-07-20,386.0,391.4,15067
SABBL,2026-07-20,914.0,973.0,15428
HDHPC,2026-07-20,215.0,222.0,259206
PSF,2026-07-20,11.87,12.0,2200
ECL,2026-07-20,333.6,372.4,80
SIGS2,2026-07-20,10.5,10.5,300
C30MF,2026-07-20,10.0,10.02,6200
NIMBPO,2026-07-20,149.0,141.3,20147
KSY,2026-07-20,9.75,9.75,800
CIZBD86,2026-07-20,1177.0,1185.0,20
UMHL,2026-07-20,585.0,600.0,47646
SNORL,2026-07-20,810.0,830.0,26070
EHPL,2026-07-20,360.0,367.9,22973
RHPL,2026-07-20,263.0,267.0,11309
MAKAR,2026-07-20,491.0,470.2,15690
LEC,2026-07-20,219.0,225.4,168116
MNBBL,2026-07-17,369.8,370.0,23996
NICGF2,2026-07-17,9.3,9.5,52027
SHPC,2026-07-17,499.0,513.0,55253
SHL,2026-07-17,492.0,499.5,17187
NRM,2026-07-17,305.1,321.0,18927
SHLB,2026-07-17,1500.0,1500.0,490
ECL,2026-07-17,296.6,323.9,50
SHEL,2026-07-17,308.5,311.8,105952
KSY,2026-07-17,10.0,9.75,700
SIKLES,2026-07-17,555.0,570.0,11901
MSHL,2026-07-17,581.0,660.0,249
NIMB,2026-07-17,195.0,196.4,93380
DOLTI,2026-07-17,315.0,332.2,30006
SAPDBL,2026-07-17,766.6,770.7,14186
SLBBL,2026-07-17,800.0,817.0,2386
BFC,2026-07-17,509.0,537.9,80119
RIDI,2026-07-17,309.7,349.5,447865
BHCL,2026-07-17,463.0,482.0,23309
SYPNL,2026-07-17,1192.3,1338.0,56308
KDL,2026-07-17,795.0,816.0,2593
SNLI,2026-07-17,423.0,436.0,7675
SOHL,2026-07-17,500.1,544.0,66962
YMHL,2026-07-17,550.0,588.1,22304
KDBY,2026-07-17,10.74,10.87,7300
CIZBD90,2026-07-17,1175.0,1175.0,1900
HIDCL,2026-07-17,254.0,264.8,61980
BNT,2026-07-17,11650.0,11650.0,70
EBL,2026-07-17,703.5,718.0,25601
NFS,2026-07-17,571.0,577.7,5529
MATRI,2026-07-17,840.0,874.0,152
SPDL,2026-07-17,372.0,394.7,117709
SLBSL,2026-07-17,1123.69,1115.0,7854
RBCLPO,2026-07-17,12443.2,12100.0,75
NMLBBL,2026-07-17,535.0,544.0,8160
ICFC,2026-07-17,605.0,608.5,10767
TTL,2026-07-17,714.9,736.0,12846
RURU,2026-07-17,636.5,619.0,5670
HFIN,2026-07-17,650.0,696.2,44863
TPKHL,2026-07-17,494.0,516.0,44421
GVL,2026-07-17,474.3,491.3,14130
SHINE,2026-07-17,412.5,413.9,18100
HLBSL,2026-07-17,882.9,883.0,274
MHCL,2026-07-17,312.0,329.0,3917
PHCL,2026-07-17,298.0,306.8,61395
SABBL,2026-07-17,850.0,914.0,13371
GBBL,2026-07-17,406.0,411.0,21076
MLBBL,2026-07-17,1137.0,1149.0,3543
RADHI,2026-07-17,735.0,737.5,88960
CHL,2026-07-17,259.0,265.2,21363
SWBBL,2026-07-17,655.0,677.0,9522
MLBLD89,2026-07-17,1280.4,1280.4,10
PRVU,2026-07-17,191.1,197.0,146628
PMLI,2026-07-17,435.9,454.9,2637
SBI,2026-07-17,394.9,399.9,34768
MERO,2026-07-17,690.1,714.0,18615
KSBBL,2026-07-17,475.0,485.8,12637
NICA,2026-07-17,331.0,339.7,43198
RMF2,2026-07-17,9.9,9.92,400
JBBL,2026-07-17,336.0,349.7,23039
ULBSL,2026-07-17,2878.0,2845.0,849
SKHL,2026-07-17,858.9,887.0,26143
BJHL,2026-07-17,700.0,754.0,9376
GWFD83,2026-07-17,1153.0,1160.0,46
SMHL,2026-07-17,485.0,492.0,43806
JSLBB,2026-07-17,1009.9,1020.0,748
NBF2,2026-07-17,9.61,9.8,500
NICFC,2026-07-17,8.8,9.1,900
APHL,2026-07-17,800.1,828.1,22129
LSL,2026-07-17,216.1,222.8,156215
UNHPL,2026-07-17,389.0,396.1,20665
LICN,2026-07-17,795.0,798.0,15549
RNLI,2026-07-17,436.0,451.8,9257
MEHL,2026-07-17,304.9,311.0,4355
CORBL,2026-07-17,1516.7,1530.0,119131
DLBS,2026-07-17,1215.0,1235.0,139
SMJC,2026-07-17,428.1,449.0,10557
NLICL,2026-07-17,565.1,588.0,15841
PPL,2026-07-17,304.0,340.0,33445
CIT,2026-07-17,1679.0,1697.0,4443
ADBLD83,2026-07-17,1062.2,1062.2,46
SARBTM,2026-07-17,779.0,795.0,5780
MBLEF,2026-07-17,9.84,10.05,7970
RAWA,2026-07-17,419.0,437.6,57692
TRH,2026-07-17,767.1,780.0,2081
NADEP,2026-07-17,739.0,750.0,611
SPL,2026-07-17,673.0,674.0,1282
MFIL,2026-07-17,789.0,800.0,116210
SBL,2026-07-17,397.0,401.0,106926
SIGS2,2026-07-17,10.67,10.67,110
ADBL,2026-07-17,309.0,311.0,29794
TVCL,2026-07-17,461.0,490.0,3133
WNLB,2026-07-17,1350.0,1381.0,281
MMKJL,2026-07-17,442.9,449.0,1413
SSHL,2026-07-17,199.0,207.5,191735
CGH,2026-07-17,765.0,773.0,7342
BUNGAL,2026-07-17,576.0,625.2,55241
ACLBSLP,2026-07-17,512.0,512.0,6960
LUK,2026-07-17,10.19,10.49,7820
GIBF1,2026-07-17,10.27,10.45,14450
LEC,2026-07-17,208.8,218.8,125636
DORDI,2026-07-17,253.0,261.9,39350
ULHC,2026-07-17,366.9,373.0,11147
JOSHI,2026-07-17,260.0,269.8,18183
PSF,2026-07-17,12.0,11.92,12716
AHL,2026-07-17,425.0,430.0,4378
SPIL,2026-07-17,719.0,725.0,448
RSML,2026-07-17,2940.0,3200.0,49947
BHDC,2026-07-17,421.3,435.9,9988
EBLD85,2026-07-17,1155.0,1153.0,90
BGWT,2026-07-17,562.3,560.0,2281
NICLBSL,2026-07-17,554.9,572.6,7397
TAMOR,2026-07-17,441.0,448.1,14552
MDB,2026-07-17,583.0,596.6,5260
GMLI,2026-07-17,1140.0,1231.0,6158
PROFL,2026-07-17,438.0,444.0,6840
MKHL,2026-07-17,513.0,518.9,15530
NTC,2026-07-17,860.0,862.0,13997
SGHC,2026-07-17,328.0,330.0,31842
NICD88,2026-07-17,1095.0,1092.1,900
NMBMF,2026-07-17,605.0,626.0,4156
RLFL,2026-07-17,462.0,470.0,31609
SKBBL,2026-07-17,758.0,763.8,5098
LVF2,2026-07-17,9.7,10.0,900
SAGF,2026-07-17,10.49,10.49,100
CITY,2026-07-17,346.0,382.0,216050
UMHL,2026-07-17,555.0,591.0,125723
HLI,2026-07-17,323.0,328.0,30096
UNLB,2026-07-17,1282.0,1300.0,339
IHL,2026-07-17,354.0,359.0,19613
SCB,2026-07-17,664.5,662.9,7453
KAHL,2026-07-17,473.0,497.0,33606
NMIC,2026-07-17,913.0,939.8,2382
NRIC,2026-07-17,950.0,961.0,35033
NABBC,2026-07-17,814.0,825.0,9854
SMFBS,2026-07-17,1524.4,1565.0,879
MEN,2026-07-17,573.0,588.0,43312
CKHL,2026-07-17,618.9,614.0,5357
NMFBS,2026-07-17,1105.1,1128.0,3343
NYADI,2026-07-17,369.7,375.0,4002
NICSF,2026-07-17,9.1,9.26,2900
JHAPA,2026-07-17,1015.0,1111.0,19345
PCBL,2026-07-17,238.8,242.0,32748
OHL,2026-07-17,696.5,690.0,2558
GFCL,2026-07-17,600.0,619.6,7728
USHL,2026-07-17,518.7,515.0,3832
NWCL,2026-07-17,734.8,749.0,1592
GBIMESY2,2026-07-17,9.69,9.69,910
AVYAN,2026-07-17,1020.0,1075.0,1529
ICFCD89,2026-07-17,1105.0,1106.0,619
JFL,2026-07-17,394.0,399.0,4090
ILBS,2026-07-17,825.0,874.0,1332
CREST,2026-07-17,1150.0,1214.7,11484
MSLB,2026-07-17,1240.0,1239.8,991
SBLD89,2026-07-17,1261.0,1261.0,10
SIPD,2026-07-17,574.9,626.0,25904
SFEF,2026-07-17,9.95,9.95,200
MKCL,2026-07-17,1110.0,1119.0,2010
MLBSL,2026-07-17,1730.8,1759.0,292
SHIVM,2026-07-17,600.0,652.0,108959
GHL,2026-07-17,219.0,226.0,45081
SINDU,2026-07-17,688.9,700.0,12796
MBL,2026-07-17,249.9,255.0,113446
GUFL,2026-07-17,555.5,559.0,15375
PMHPL,2026-07-17,320.29,325.0,6382
RSDC,2026-07-17,649.8,664.0,4400
FOWADP,2026-07-17,550.0,550.0,4350
NIFRA,2026-07-17,247.0,254.9,72653
UPPER,2026-07-17,200.8,199.0,130802
RBBF40,2026-07-17,9.7,9.38,15441
SMH,2026-07-17,509.0,512.0,36777
NIL,2026-07-17,621.9,632.0,5801
UMRH,2026-07-17,525.0,540.0,11625
SAHAS,2026-07-17,667.8,658.9,87081
HIDCLP,2026-07-17,190.9,195.3,105167
NIBLSTF,2026-07-17,8.8,9.18,24400
PCIL,2026-07-17,595.0,652.0,103764
SANVI,2026-07-17,565.0,607.7,19363
RHPL,2026-07-17,253.0,263.6,8545
STC,2026-07-17,5249.0,5259.0,657
SPHL,2026-07-17,547.0,560.8,11799
SANIMA,2026-07-17,350.1,361.0,54196
CYCL,2026-07-17,1328.0,1360.0,1228
NSIF2,2026-07-17,10.53,10.53,670
CSY,2026-07-17,9.0,9.03,2300
SAGAR,2026-07-17,1590.0,1719.9,19486
AKJCL,2026-07-17,352.0,363.0,619740
DDBL,2026-07-17,840.0,852.0,5052
NLG,2026-07-17,565.0,578.1,37975
MAKAR,2026-07-17,473.4,478.9,27092
MLBS,2026-07-17,1150.0,1190.0,348
TPC,2026-07-17,357.0,360.0,16713
API,2026-07-17,305.0,339.9,217252
NMBHF2,2026-07-17,9.93,9.56,8650
HURJA,2026-07-17,229.0,238.0,54855
HDL,2026-07-17,1148.0,1163.0,20089
GBIME,2026-07-17,242.8,246.0,98871
KHPL,2026-07-17,920.0,998.0,24893
GCIL,2026-07-17,341.0,367.0,38512
NMB,2026-07-17,241.6,245.0,24088
BEDC,2026-07-17,317.0,330.0,41743
NIBSF2,2026-07-17,8.84,8.85,3920
MEL,2026-07-17,214.0,220.0,27167
SGIC,2026-07-17,469.5,485.0,23801
SRLI,2026-07-17,375.0,386.9,11142
NGPL,2026-07-17,417.0,418.2,360263
SICL,2026-07-17,625.0,629.0,6446
NICL,2026-07-17,520.0,524.8,9270
KEF,2026-07-17,10.05,10.34,3500
ILI,2026-07-17,408.0,424.0,5127
NMB50,2026-07-17,10.45,10.6,23850
NRN,2026-07-17,1280.0,1462.6,83472
ALICL,2026-07-17,426.9,433.7,12498
SAIL,2026-07-17,796.1,963.7,67127
GILB,2026-07-17,1070.0,1100.0,1060
KMCDB,2026-07-17,782.0,797.9,2603
NABIL,2026-07-17,539.0,542.7,66735
SFMF,2026-07-17,10.2,10.2,5000
PRIN,2026-07-17,701.4,690.0,6967
HATHY,2026-07-17,675.0,720.0,10866
KPCL,2026-07-17,460.0,478.7,7411
USLB,2026-07-17,1159.0,1220.0,1411
DHPL,2026-07-17,283.0,290.0,6368
SPC,2026-07-17,425.9,435.0,7389
UHEWA,2026-07-17,550.0,572.0,37884
LLBS,2026-07-17,930.0,923.9,200
GRDBL,2026-07-17,1059.8,1058.0,6687
BANDIPUR,2026-07-17,666.0,705.0,23565
GBLBS,2026-07-17,747.5,753.0,2686
SGHL,2026-07-17,462.0,481.0,55633
HIMSTAR,2026-07-17,653.0,714.0,8444
SBLD2091,2026-07-17,1080.0,1080.0,10
MANDU,2026-07-17,819.0,800.0,593
CFCL,2026-07-17,614.7,631.6,123942
SBCF,2026-07-17,9.75,10.19,66369
MPFL,2026-07-17,607.9,619.9,8140
NBBD2085,2026-07-17,1165.0,1165.0,40
LBBL,2026-07-17,485.0,495.0,23295
AHPC,2026-07-17,266.9,272.0,77148
NBL,2026-07-17,265.3,266.6,42394
PURE,2026-07-17,821.8,870.0,10043
SWASTIK,2026-07-17,1950.0,2075.0,578
RHGCL,2026-07-17,246.6,270.0,27112
BBC,2026-07-17,4260.0,4199.9,80
BPCL,2026-07-17,650.0,671.0,31635
MKJC,2026-07-17,458.0,461.0,4530
GMFBS,2026-07-17,1222.0,1200.0,1033
MLBL,2026-07-17,353.0,360.5,20242
HDHPC,2026-07-17,206.0,216.1,208257
MHNL,2026-07-17,227.0,244.5,33394
ENL,2026-07-17,827.0,848.0,828
SCBD,2026-07-17,1130.0,1130.0,88
KBLD89,2026-07-17,1300.0,1260.0,1409
SWMF,2026-07-17,629.0,638.0,6117
BARUN,2026-07-17,322.0,334.1,36444
HBL,2026-07-17,192.5,199.5,56571
EDBL,2026-07-17,578.0,577.0,2872
SEF,2026-07-17,9.96,9.98,8497
JBLB,2026-07-17,1250.0,1296.9,6153
GMFIL,2026-07-17,447.0,468.0,16105
NHPC,2026-07-17,245.9,269.0,426685
CLI,2026-07-17,435.1,451.0,4003
ICFCD88,2026-07-17,1164.0,1155.0,25
MNMF1,2026-07-17,9.61,9.61,1100
ACLBSL,2026-07-17,932.0,935.0,611
IGI,2026-07-17,435.6,445.1,19263
HHL,2026-07-17,330.0,346.0,44564
C30MF,2026-07-17,10.2,10.2,15000
VLUCL,2026-07-17,436.0,444.0,3539
SNORL,2026-07-17,779.1,803.0,25341
CBBL,2026-07-17,918.0,929.0,12245
SMPDA,2026-07-17,735.0,780.0,2093
KBL,2026-07-17,215.0,220.0,368801
VLBS,2026-07-17,650.0,680.0,2096
FMDBL,2026-07-17,817.0,785.0,37212
RLEL,2026-07-17,740.0,799.0,20326
HEI,2026-07-17,534.9,535.0,7861
BHL,2026-07-17,200.0,212.0,119440
SALICO,2026-07-17,610.0,620.0,4612
RSY,2026-07-17,10.2,10.0,46100
SOPL,2026-07-17,780.0,823.1,56949
KKHC,2026-07-17,254.0,260.0,39565
NBF3,2026-07-17,9.7,10.0,4920
MKHC,2026-07-17,275.0,296.0,2731
CHDC,2026-07-17,2160.0,2154.9,19790
HEIP,2026-07-17,366.7,342.0,550
UPCL,2026-07-17,348.0,352.0,61680
NESDO,2026-07-17,1509.9,1525.0,231
NLIC,2026-07-17,745.0,769.9,16890
SMATA,2026-07-17,729.0,754.9,2137
CHCL,2026-07-17,484.5,487.0,16591
PPCL,2026-07-17,338.0,346.0,14383
GLH,2026-07-17,250.2,254.1,55312
KBSH,2026-07-17,1235.9,1194.0,1744
GLBSL,2026-07-17,1798.9,1765.5,579
NIMBPO,2026-07-17,146.0,147.0,3520
MCHL,2026-07-17,283.0,290.0,13687
UAIL,2026-07-17,445.5,475.9,52661
HPPL,2026-07-17,349.9,364.8,123594
RMF1,2026-07-17,9.76,9.76,11300
ANLB,2026-07-17,7560.0,6120.0,267
ICFCD83,2026-07-17,1154.0,1211.7,1
PRSF,2026-07-17,12.72,12.79,2800
SIFC,2026-07-17,523.0,525.0,8988
OMPL,2026-07-17,905.5,943.0,4239
FOWAD,2026-07-17,965.0,1004.4,2646
HRL,2026-07-17,568.0,581.9,93740
HLICF,2026-07-17,8.7,8.64,800
NUBL,2026-07-17,636.0,635.0,2774
SJCL,2026-07-17,279.0,284.1,12448
ALBSL,2026-07-17,1021.0,1075.0,7868
NSY,2026-07-17,9.46,9.7,2500
EHPL,2026-07-17,338.0,350.0,24582
SKHEL,2026-07-17,900.5,1004.0,14021
SLCF,2026-07-17,10.54,10.24,8100
CZBIL,2026-07-17,200.0,203.0,66602
SMB,2026-07-17,1869.0,1890.0,2351
SIGS3,2026-07-17,10.25,10.7,460
SADBL,2026-07-17,410.0,413.7,25726
RBCL,2026-07-17,14893.0,14894.0,30
H8020,2026-07-17,11.35,11.72,550
TSHL,2026-07-17,365.0,405.0,33801
MMF1,2026-07-17,9.46,9.87,5700
USHEC,2026-07-17,482.2,501.7,3542
SONA,2026-07-17,401.5,417.1,23789
BNHC,2026-07-17,286.0,289.9,26202
SJLIC,2026-07-17,395.0,425.0,12428
MBJC,2026-07-17,266.6,275.0,10788
MABEL,2026-07-17,567.0,602.0,10093
EBLD86,2026-07-17,1091.3,1091.3,25
BHPL,2026-07-17,471.0,489.0,8419
RFPL,2026-07-17,331.8,335.1,34545
NHDL,2026-07-17,635.0,649.0,5959
AKPL,2026-07-17,252.0,261.7,65963
MHL,2026-07-17,480.0,489.9,6720
DHEL,2026-07-17,542.0,572.0,26156
NIBD84,2026-07-16,1096.0,1102.0,48315
PCIL,2026-07-16,590.0,595.0,43238
EBLD85,2026-07-16,1160.0,1160.0,25
RMF2,2026-07-16,10.0,10.0,3100
TPC,2026-07-16,357.0,349.0,11409
RSML,2026-07-16,2970.0,2970.0,29513
KSBBL,2026-07-16,470.4,474.0,65907
SALICO,2026-07-16,597.9,605.0,11795
LICN,2026-07-16,782.0,789.8,6429
RSY,2026-07-16,9.76,10.24,8910
HIMSTAR,2026-07-16,634.0,648.5,3549
ICFCD89,2026-07-16,1108.3,1119.0,128
RBCL,2026-07-16,14797.0,14879.0,60
NBL,2026-07-16,264.0,261.6,38995
CYCL,2026-07-16,1320.0,1328.0,384
SAHAS,2026-07-16,637.1,636.0,64937
MLBS,2026-07-16,1151.0,1149.4,465
IGI,2026-07-16,449.4,449.0,12210
RSDC,2026-07-16,661.0,649.8,841
MCHL,2026-07-16,269.7,275.1,1917
JFL,2026-07-16,390.0,383.0,3435
CIZBD90,2026-07-16,1225.0,1210.0,101780
HLBSL,2026-07-16,836.1,869.4,61
IHL,2026-07-16,340.0,343.8,5430
SADBL,2026-07-16,420.0,404.0,9045
NBLD85,2026-07-16,1100.0,1100.0,20
EHPL,2026-07-16,318.3,328.3,18118
HLICF,2026-07-16,8.7,8.7,4360
RLEL,2026-07-16,743.8,713.0,7825
ICFCD88,2026-07-16,1178.6,1164.0,30
FOWAD,2026-07-16,1000.0,979.0,1764
KEF,2026-07-16,10.02,10.16,2200
MNMF1,2026-07-16,10.2,9.9,2500
SOHL,2026-07-16,520.0,509.0,107520
SMJC,2026-07-16,439.9,426.3,20465
MSHL,2026-07-16,585.0,589.0,899
EBLD86,2026-07-16,1125.0,1125.0,10
NADEP,2026-07-16,708.0,739.5,2760
MLBSL,2026-07-16,1734.0,1734.0,76
BEDC,2026-07-16,315.0,308.0,11679
TRH,2026-07-16,760.1,785.0,1675
LLBS,2026-07-16,939.3,919.9,511
GRDBL,2026-07-16,1000.4,1038.9,4462
KSY,2026-07-16,9.75,10.03,300
KBLD89,2026-07-16,1309.0,1314.0,777
BUNGAL,2026-07-16,571.9,585.0,40201
GBIMESY2,2026-07-16,9.97,9.98,16750
UHEWA,2026-07-16,578.0,553.0,28801
DLBS,2026-07-16,1133.0,1209.0,495
FOWADP,2026-07-16,550.0,550.0,5324
NGPL,2026-07-16,406.0,398.0,228603
MSLB,2026-07-16,1193.2,1230.0,246
SBLD89,2026-07-16,1273.0,1300.0,425
MMF1,2026-07-16,9.8,9.75,26000
NICFC,2026-07-16,9.5,9.06,2340
FMDBL,2026-07-16,760.0,860.0,30074
HIDCLP,2026-07-16,197.4,188.0,133299
AVYAN,2026-07-16,1029.9,1042.0,9282
VLUCL,2026-07-16,422.1,428.0,1680
RURU,2026-07-16,603.2,618.0,8361
KDBY,2026-07-16,10.69,10.74,61620
KDL,2026-07-16,760.2,784.0,1487
RLFL,2026-07-16,459.0,450.0,31854
HPPL,2026-07-16,344.0,344.0,92919
RIDI,2026-07-16,328.0,326.0,494227
NBBD2085,2026-07-16,1140.0,1140.0,142
NRN,2026-07-16,1423.8,1344.0,169919
AHL,2026-07-16,414.0,414.0,1528
SHIVM,2026-07-16,627.5,621.0,58274
GMFIL,2026-07-16,452.0,450.0,12841
HURJA,2026-07-16,229.0,226.5,24506
DHPL,2026-07-16,270.0,275.0,1171
PMLI,2026-07-16,463.0,433.1,3461
CBLD88,2026-07-16,1305.0,1314.0,5
ADBL,2026-07-16,303.1,309.0,21483
HBL,2026-07-16,193.0,194.5,24590
SGHL,2026-07-16,470.0,462.0,36739
BHDC,2026-07-16,422.0,423.0,6296
MFIL,2026-07-16,750.0,772.0,13195
SSHL,2026-07-16,190.0,194.9,74593
JBBL,2026-07-16,343.0,339.0,8028
ILI,2026-07-16,401.2,408.0,6793
NABBC,2026-07-16,821.0,795.0,15387
BHCL,2026-07-16,463.3,450.0,25338
NICGF2,2026-07-16,9.9,9.49,2680
AKJCL,2026-07-16,344.0,337.0,403201
GHL,2026-07-16,219.9,215.0,31722
NICSF,2026-07-16,9.0,9.1,2800
HFIN,2026-07-16,650.0,644.0,20044
MBJC,2026-07-16,275.0,266.5,4372
SIGS3,2026-07-16,10.2,10.5,1830
UMRH,2026-07-16,515.0,517.0,5017
SMATA,2026-07-16,720.0,730.0,1828
PMHPL,2026-07-16,325.0,315.8,1472
SAIL,2026-07-16,893.5,838.0,11597
SIPD,2026-07-16,565.0,558.9,10156
NLG,2026-07-16,603.0,558.0,9654
MHL,2026-07-16,475.0,469.0,11462
SWBBL,2026-07-16,651.0,643.0,53284
USHEC,2026-07-16,483.1,489.0,2081
SFMF,2026-07-16,10.1,10.0,10000
SMBPO,2026-07-16,986.0,986.0,7661
SNORL,2026-07-16,771.0,779.0,16511
NMB50,2026-07-16,10.19,10.18,14700
PBD88,2026-07-16,1250.0,1250.0,25
BNL,2026-07-16,14100.0,14150.0,20
NTC,2026-07-16,853.0,857.5,3418
UMHL,2026-07-16,571.7,572.0,123162
HBLD86,2026-07-16,1215.0,1220.0,65
SLBSL,2026-07-16,1103.0,1100.0,1986
BANDIPUR,2026-07-16,708.1,661.0,16750
UNHPL,2026-07-16,402.0,378.0,16510
NCCD86,2026-07-16,1225.6,1299.0,220
MKHL,2026-07-16,457.0,540.0,18305
SKBBL,2026-07-16,745.0,751.9,14872
SPDL,2026-07-16,367.0,382.9,62421
SWMF,2026-07-16,629.0,618.0,3436
GLBSL,2026-07-16,1770.0,1763.9,257
BFC,2026-07-16,509.0,514.5,24660
SPC,2026-07-16,410.1,420.9,1085
SINDU,2026-07-16,714.0,670.0,6146
SHEL,2026-07-16,299.0,302.9,821873
SBD87,2026-07-16,1166.0,1150.0,200005
API,2026-07-16,325.1,320.7,143676
SMH,2026-07-16,507.0,504.8,8435
MLBL,2026-07-16,355.8,346.0,4387
KBLD90,2026-07-16,1320.0,1488.0,246
PBLD87,2026-07-16,1120.0,1120.0,10
MEHL,2026-07-16,301.0,298.0,1755
NMIC,2026-07-16,880.0,889.9,3020
NICAD2091,2026-07-16,1090.0,1090.0,49040
MABEL,2026-07-16,560.0,552.0,7084
NBF2,2026-07-16,9.9,9.9,6311
DDBL,2026-07-16,839.9,850.0,10041
JOSHI,2026-07-16,252.0,255.9,14122
GBILD84/85,2026-07-16,1172.0,1173.0,175
PRSF,2026-07-16,12.41,12.35,153828
SMB,2026-07-16,1800.0,1827.0,3704
ICFC,2026-07-16,592.0,589.0,9136
MBLEF,2026-07-16,9.88,10.0,1600
WNLB,2026-07-16,1395.0,1350.1,610
NMFBS,2026-07-16,1109.0,1102.0,1333
RNLI,2026-07-16,437.1,440.0,6013
NIL,2026-07-16,609.0,610.0,3627
SONA,2026-07-16,401.0,401.3,11930
PBD84,2026-07-16,1085.0,1085.0,25
H8020,2026-07-16,11.65,11.65,10000
CGH,2026-07-16,808.5,755.2,6674
NBLD82,2026-07-16,1086.0,1086.0,10000
RADHI,2026-07-16,708.0,700.0,24647
ALICL,2026-07-16,428.0,419.0,13271
C30MF,2026-07-16,9.75,10.2,740
SBI,2026-07-16,385.1,392.9,10894
NRIC,2026-07-16,971.0,923.0,22497
EBLD91,2026-07-16,1100.0,1120.0,14520
CREST,2026-07-16,1186.9,1174.7,6005
MFLD85,2026-07-16,1180.0,1187.5,25
SEF,2026-07-16,10.0,10.02,10400
SIGS2,2026-07-16,10.4,11.0,7000
MKHC,2026-07-16,289.0,283.3,5751
SABBL,2026-07-16,830.1,835.0,9425
BJHL,2026-07-16,702.0,681.0,3138
NWCL,2026-07-16,693.0,723.0,3898
DHEL,2026-07-16,550.0,540.1,20078
CLI,2026-07-16,435.0,435.1,4932
HEI,2026-07-16,526.0,520.0,7317
BBC,2026-07-16,4239.0,4169.0,60
ICFCD83,2026-07-16,1140.0,1154.0,6
NUBL,2026-07-16,601.0,635.0,13871
SHINED,2026-07-16,1145.0,1144.0,7
HIDCL,2026-07-16,250.0,250.0,62953
JSLBB,2026-07-16,970.0,999.0,1396
GBBL,2026-07-16,403.0,403.8,19856
DORDI,2026-07-16,252.0,247.0,6530
ACLBSL,2026-07-16,905.0,932.0,609
NYADI,2026-07-16,358.1,359.0,4799
MBL,2026-07-16,247.0,248.0,40714
NSIF2,2026-07-16,10.23,10.23,100
CIZBD86,2026-07-16,1177.0,1177.0,1
KPCL,2026-07-16,455.3,459.0,12862
RAWA,2026-07-16,408.4,411.8,16584
SLBBL,2026-07-16,781.0,788.9,787
CHL,2026-07-16,259.0,256.0,14841
NICD88,2026-07-16,1125.0,1125.0,54
MPFL,2026-07-16,600.0,594.0,2831
MKJC,2026-07-16,468.3,445.0,2259
NHPC,2026-07-16,257.0,243.0,169424
SBCF,2026-07-16,9.37,9.75,12790
CFCL,2026-07-16,604.0,608.9,36063
NLIC,2026-07-16,781.0,749.8,18816
SHPC,2026-07-16,489.0,490.0,44711
KHPL,2026-07-16,920.0,916.0,14177
BGWT,2026-07-16,546.0,546.0,1434
MBLD2085,2026-07-16,1132.7,1233.0,33
SLCF,2026-07-16,9.7,10.55,5500
SYPNL,2026-07-16,1282.0,1255.0,37066
PROFL,2026-07-16,451.5,433.0,3120
NABIL,2026-07-16,535.5,534.9,28326
ILBS,2026-07-16,817.0,864.0,481
RBCLPO,2026-07-16,11350.0,12828.0,350
MKCL,2026-07-16,1070.0,1101.0,1594
APHL,2026-07-16,800.0,819.0,9640
CZBIL,2026-07-16,197.9,196.9,30884
MEN,2026-07-16,560.0,568.9,27746
NIMB,2026-07-16,190.0,190.0,94936
HDHPC,2026-07-16,206.0,203.0,91767
RBBF40,2026-07-16,9.71,9.99,12450
RMF1,2026-07-16,10.05,10.05,49324
NICD83/84,2026-07-16,1079.9,1079.9,10
SMHL,2026-07-16,474.0,485.0,68832
SBID2090,2026-07-16,1100.0,1100.0,21633
OMPL,2026-07-16,895.0,880.0,3590
LVF2,2026-07-16,9.75,9.77,12500
UAIL,2026-07-16,431.1,433.0,3229
LEC,2026-07-16,209.9,203.0,64279
SICL,2026-07-16,613.0,615.0,3805
GUFL,2026-07-16,545.0,540.0,2429
BHPL,2026-07-16,469.2,458.3,5513
GBIME,2026-07-16,242.0,240.0,55035
GLH,2026-07-16,244.0,243.0,21079
CIT,2026-07-16,1689.0,1670.0,3427
SBLD84,2026-07-16,1090.0,1090.0,48769
UPCL,2026-07-16,355.0,342.0,78956
NIBLSTF,2026-07-16,8.92,9.04,36531
MANDU,2026-07-16,800.0,800.0,3127
PURE,2026-07-16,753.0,865.0,8388
MAKAR,2026-07-16,452.1,488.0,14572
LBBL,2026-07-16,508.2,483.4,31140
NMB,2026-07-16,241.5,239.5,13630
MERO,2026-07-16,663.0,670.0,5384
ULBSL,2026-07-16,2729.4,2800.0,1693
ANLB,2026-07-16,7200.0,7200.0,10
YMHL,2026-07-16,546.1,556.0,17544
BHL,2026-07-16,210.0,204.0,31388
JHAPA,2026-07-16,1000.0,1015.0,6912
MLBBL,2026-07-16,1139.0,1117.0,2227
MLBLD89,2026-07-16,1320.0,1320.0,380
OHL,2026-07-16,683.4,682.0,2134
ALBSL,2026-07-16,1020.0,1050.0,3421
GMFBS,2026-07-16,1170.0,1188.0,207
KMCDB,2026-07-16,761.0,772.6,857
SMFBS,2026-07-16,1520.0,1480.0,2147
SKHL,2026-07-16,844.0,818.0,7013
CKHL,2026-07-16,531.0,638.0,32751
NRM,2026-07-16,295.1,300.0,7884
NFS,2026-07-16,575.0,555.0,11531
NIBLGF,2026-07-16,9.21,10.91,39150
SHL,2026-07-16,496.0,489.5,14876
DOLTI,2026-07-16,318.1,317.9,23852
SRBLD83,2026-07-16,1099.0,1098.9,20217
UPPER,2026-07-16,192.0,191.3,44003
BPCL,2026-07-16,612.0,668.0,37996
SIKLES,2026-07-16,553.1,554.9,5087
CITY,2026-07-16,352.0,341.1,96039
ULHC,2026-07-16,366.5,358.2,10191
AKPL,2026-07-16,264.0,249.0,48150
RFPL,2026-07-16,315.0,326.0,32454
SBLD2091,2026-07-16,1090.0,1090.0,15000
LBLD86,2026-07-16,1151.0,1229.0,216
SHINE,2026-07-16,417.3,415.0,22436
SIFC,2026-07-16,505.0,509.0,2114
GWFD83,2026-07-16,1140.8,1153.0,6
TPKHL,2026-07-16,496.0,494.8,29596
MNBBL,2026-07-16,362.4,362.9,12086
PBLD86,2026-07-16,1328.0,1470.0,39
SKHEL,2026-07-16,868.1,874.3,1920
BNT,2026-07-16,11750.0,11610.0,120
USLB,2026-07-16,1163.0,1125.6,804
EBL,2026-07-16,697.0,695.0,33249
SGHC,2026-07-16,330.0,320.0,16020
BNHC,2026-07-16,293.4,278.0,33568
CORBL,2026-07-16,1662.5,1596.5,89801
CBBL,2026-07-16,916.0,922.0,18030
NICA,2026-07-16,330.0,325.1,21138
SANVI,2026-07-16,570.0,565.0,6167
NESDO,2026-07-16,1480.0,1466.0,334
SPIL,2026-07-16,690.1,741.0,7889
NSY,2026-07-16,10.09,9.75,19800
SAPDBL,2026-07-16,720.1,730.1,17409
MDB,2026-07-16,568.0,582.0,7145
MHCL,2026-07-16,307.0,309.0,1625
CCBD88,2026-07-16,1290.0,1326.0,151035
SMPDA,2026-07-16,755.0,748.9,1270
LBBLD89,2026-07-16,1305.0,1308.0,205
RBBD2088,2026-07-16,1083.0,1083.0,24176
GILB,2026-07-16,1078.8,1060.0,2608
NICL,2026-07-16,534.4,512.9,10117
AHPC,2026-07-16,265.3,262.1,37523
JBLB,2026-07-16,1230.0,1250.0,1473
SCB,2026-07-16,639.0,666.1,14522
GSY,2026-07-16,9.91,10.3,32000
CHCL,2026-07-16,477.2,475.1,14892
KBSH,2026-07-16,1215.0,1200.1,322
ENL,2026-07-16,817.0,805.0,764
MHNL,2026-07-16,233.0,235.0,7796
GUFLPO,2026-07-16,298.0,298.0,2000
GMLI,2026-07-16,1173.0,1169.9,934
SOPL,2026-07-16,732.5,780.0,51223
SJCL,2026-07-16,269.0,272.9,8303
SFEF,2026-07-16,9.95,10.19,12800
SANIMA,2026-07-16,352.9,350.0,50971
PMLIP,2026-07-16,255.0,255.0,13000
RHGCL,2026-07-16,251.0,249.9,14851
PPCL,2026-07-16,340.8,330.0,5691
NIMBD90,2026-07-16,1271.0,1272.0,30951
MMKJL,2026-07-16,440.0,430.0,2110
USHL,2026-07-16,516.0,494.0,3800
PHCL,2026-07-16,306.7,290.0,141142
KKHC,2026-07-16,254.0,249.0,22390
STC,2026-07-16,5100.0,5169.0,56
HLI,2026-07-16,333.9,321.8,113119
NIBSF2,2026-07-16,8.85,9.1,72200
SPHL,2026-07-16,515.4,575.3,12638
KAHL,2026-07-16,480.0,473.0,20278
NIFRA,2026-07-16,244.0,245.6,39713
NMLBBL,2026-07-16,520.0,534.9,9491
NICLBSL,2026-07-16,560.0,542.0,4464
TSHL,2026-07-16,367.9,365.0,22855
SARBTM,2026-07-16,780.0,772.0,15491
TTL,2026-07-16,700.0,696.5,7422
MEL,2026-07-16,210.2,214.5,3110
KBL,2026-07-16,212.0,210.0,128012
UNLB,2026-07-16,1338.6,1275.0,375
PPL,2026-07-16,307.0,320.0,9133
ADBLD83,2026-07-16,1075.1,1095.0,200
TVCL,2026-07-16,465.0,469.0,3379
HATHY,2026-07-16,675.0,672.9,6428
PRIN,2026-07-16,676.1,668.1,1666
NICAD85/86,2026-07-16,1140.0,1174.0,100225
NMBD89/90,2026-07-16,1424.0,1460.0,70
SJLIC,2026-07-16,418.0,413.0,5855
GFCL,2026-07-16,601.1,590.1,7913
SPL,2026-07-16,618.0,662.0,6146
EDBL,2026-07-16,578.0,561.3,2995
SNLI,2026-07-16,419.0,422.1,4151
NBF3,2026-07-16,9.7,9.93,22870
CSY,2026-07-16,9.06,9.02,8920
SWASTIK,2026-07-16,1950.2,1960.0,384
MATRI,2026-07-16,808.1,839.0,289
SAGF,2026-07-16,10.01,10.45,300
NHDL,2026-07-16,639.0,630.9,17638
GVL,2026-07-16,468.0,480.0,18946
NMBHF2,2026-07-16,9.5,10.13,79180
NLICL,2026-07-16,609.0,579.0,68074
NMBMF,2026-07-16,606.6,593.0,1175
PSF,2026-07-16,11.71,11.8,6100
SHLB,2026-07-16,1479.0,1479.0,10
SCBD,2026-07-16,1137.0,1145.0,31008
CHDC,2026-07-16,2173.5,2060.2,18516
VLBS,2026-07-16,652.0,650.0,2590
GIBF1,2026-07-16,10.5,10.5,12150
BARUN,2026-07-16,314.1,319.9,18636
KBLD86,2026-07-16,1359.0,1387.5,5
GBLBS,2026-07-16,734.0,730.1,211
HDL,2026-07-16,1143.2,1140.0,36014
PCBL,2026-07-16,231.0,239.9,64646
TAMOR,2026-07-16,458.3,437.0,35199
RHPL,2026-07-16,267.7,253.0,11999
SGIC,2026-07-16,497.4,469.0,13349
SBID89,2026-07-16,1149.5,1150.0,125
SRLI,2026-07-16,370.0,378.8,10384
LSL,2026-07-16,212.1,215.1,81383
HEIP,2026-07-16,325.0,378.0,7180
SAGAR,2026-07-16,1570.0,1618.0,14532
HRL,2026-07-16,584.8,553.0,43458
GCIL,2026-07-16,323.0,340.0,28976
GBBD85,2026-07-16,1065.2,1100.0,106
HHL,2026-07-16,332.0,323.0,16728
PRVU,2026-07-16,190.0,189.6,55989
SBL,2026-07-16,390.0,395.0,284325
SBIBD86,2026-07-16,1175.0,1161.0,500
GLH,2026-07-15,245.0,244.9,28160
BJHL,2026-07-15,679.0,712.0,8116
SBI,2026-07-15,390.0,387.0,20827
CLI,2026-07-15,434.1,438.9,11976
SLCF,2026-07-15,10.0,10.0,147419
SWMF,2026-07-15,612.0,628.8,6442
GMFIL,2026-07-15,459.0,454.0,11606
NLIC,2026-07-15,740.1,743.9,43876
CIZBD90,2026-07-15,1224.0,1230.0,215
SMHL,2026-07-15,474.9,472.9,15425
MAKAR,2026-07-15,460.1,460.0,6986
SICL,2026-07-15,608.6,610.0,10214
UAIL,2026-07-15,422.0,434.0,6438
BFC,2026-07-15,535.5,507.4,18175
SNLI,2026-07-15,416.0,424.0,4205
RHPL,2026-07-15,253.1,255.0,8784
BHCL,2026-07-15,447.0,463.3,9551
SPDL,2026-07-15,369.0,361.0,27047
NUBL,2026-07-15,596.0,600.1,7036
NIBSF2,2026-07-15,8.9,9.1,39455
BANDIPUR,2026-07-15,655.0,675.0,25458
SMATA,2026-07-15,716.1,726.2,1380
NYADI,2026-07-15,356.0,367.0,8066
SGHL,2026-07-15,460.0,470.0,53760
NSIF2,2026-07-15,10.21,10.4,27040
JFL,2026-07-15,388.0,385.0,3719
MSHL,2026-07-15,617.0,600.0,856
USLB,2026-07-15,1169.0,1142.0,281
ULBSL,2026-07-15,3100.0,2873.0,220
MBLD2085,2026-07-15,1132.7,1132.7,25
SYPNL,2026-07-15,1301.0,1299.8,31623
UNLB,2026-07-15,1359.8,1275.9,241
NBBD2085,2026-07-15,1170.0,1170.0,20
GBIMESY2,2026-07-15,9.97,9.5,9700
AVYAN,2026-07-15,1030.0,1030.0,2731
UMHL,2026-07-15,555.0,573.0,29612
GBBD85,2026-07-15,1085.0,1085.0,25
CGH,2026-07-15,770.0,770.0,68796
KPCL,2026-07-15,458.0,455.0,5657
KBSH,2026-07-15,1280.0,1245.0,258
EHPL,2026-07-15,342.4,335.0,11299
EBLD85,2026-07-15,1169.0,1151.0,131
USHL,2026-07-15,511.4,492.3,1342
MABEL,2026-07-15,553.0,558.0,6930
NICL,2026-07-15,515.0,509.0,9816
PCBL,2026-07-15,231.0,232.0,25011
NMBMF,2026-07-15,582.0,595.3,808
NRM,2026-07-15,296.0,301.0,12001
KAHL,2026-07-15,479.0,479.9,22727
RADHI,2026-07-15,695.0,708.0,53843
SAHAS,2026-07-15,648.0,638.3,65747
HLICF,2026-07-15,8.75,8.7,700
GMFBS,2026-07-15,1253.0,1199.0,80
SHEL,2026-07-15,293.0,298.9,185382
NIBLSTF,2026-07-15,8.9,8.5,93040
EBLD91,2026-07-15,1083.0,1100.0,4260
SRBLD83,2026-07-15,1099.7,1099.0,21010
CREST,2026-07-15,1150.0,1186.9,6693
HEI,2026-07-15,512.0,510.9,6421
CSY,2026-07-15,9.0,9.06,7300
PBLD84,2026-07-15,1147.9,1147.9,10
SGHC,2026-07-15,320.3,334.0,14648
C30MF,2026-07-15,9.73,9.75,21920
NTC,2026-07-15,859.9,853.0,6065
RNLI,2026-07-15,440.0,441.8,5624
RBBF40,2026-07-15,9.3,9.25,38301
NIFRAUR85/86,2026-07-15,1065.0,1065.0,25
NGPL,2026-07-15,403.1,402.0,117905
OMPL,2026-07-15,878.1,888.0,5908
NICSF,2026-07-15,9.07,9.0,1600
HBLD86,2026-07-15,1193.0,1193.0,50000
ILBS,2026-07-15,815.0,840.1,1182
NIMB,2026-07-15,193.0,191.0,109105
PRIN,2026-07-15,680.0,676.1,5128
LSL,2026-07-15,217.0,215.0,53731
CZBIL,2026-07-15,199.0,196.8,21740
MEN,2026-07-15,560.0,559.0,57939
FOWAD,2026-07-15,979.0,978.8,728
AHPC,2026-07-15,264.8,264.3,57964
PPL,2026-07-15,306.0,323.1,18740
RHGCL,2026-07-15,256.0,251.0,9624
CYCL,2026-07-15,1335.0,1310.5,674
NICD88,2026-07-15,1133.0,1133.0,20010
BBC,2026-07-15,4126.9,4154.0,277
BEDC,2026-07-15,315.0,312.0,13993
CHCL,2026-07-15,482.0,476.1,20387
PHCL,2026-07-15,290.0,292.1,27475
WNLB,2026-07-15,1321.0,1380.0,175
SSHL,2026-07-15,195.0,195.3,69210
BHPL,2026-07-15,471.0,469.2,2163
NMFBSP,2026-07-15,610.0,610.0,3400
SKHL,2026-07-15,847.3,820.0,9333
SLBBL,2026-07-15,786.0,794.5,7943
PPCL,2026-07-15,334.7,334.0,2437
HBLD83,2026-07-15,1052.0,1050.1,420000
KMCDB,2026-07-15,739.2,760.0,1322
SONA,2026-07-15,404.0,407.0,13686
NRIC,2026-07-15,965.0,925.0,36726
KBL,2026-07-15,209.7,212.0,121821
NLG,2026-07-15,575.0,574.5,4425
NADEP,2026-07-15,701.0,705.0,167
SIFC,2026-07-15,520.0,510.0,5368
EBL,2026-07-15,700.0,693.1,58660
LBBL,2026-07-15,482.0,484.0,23861
GVL,2026-07-15,466.0,470.0,3334
DHEL,2026-07-15,569.9,560.0,8650
NICLBSL,2026-07-15,552.0,544.0,1272
NMLBBL,2026-07-15,533.0,527.0,935
HFIN,2026-07-15,650.0,650.0,15443
DOLTI,2026-07-15,320.0,317.9,17213
MBLEF,2026-07-15,9.88,10.14,6200
NWCL,2026-07-15,724.9,705.0,2274
ACLBSL,2026-07-15,905.0,905.0,127
RBBD2088,2026-07-15,1065.0,1070.0,312949
MANDU,2026-07-15,799.0,791.1,1119
SBLD83,2026-07-15,1070.0,1070.0,22526
SBID83,2026-07-15,1088.4,1088.4,26
SOHL,2026-07-15,530.0,523.4,43571
CFCL,2026-07-15,634.7,609.9,49009
MEL,2026-07-15,216.0,216.0,4840
SKBBL,2026-07-15,755.0,745.0,15390
GBIME,2026-07-15,240.0,239.7,64301
NESDO,2026-07-15,1520.0,1499.8,221
SHINED,2026-07-15,1138.0,1145.0,185
NIBLGF,2026-07-15,9.22,9.49,200
LBLD86,2026-07-15,1180.0,1151.0,20010
MLBSL,2026-07-15,1740.8,1735.0,118
SABBL,2026-07-15,866.0,840.0,7655
SFMF,2026-07-15,10.1,10.18,5700
JBBL,2026-07-15,339.0,342.2,33725
RLFL,2026-07-15,440.0,454.9,25070
TPC,2026-07-15,344.2,349.0,4312
VLBS,2026-07-15,651.2,652.0,752
NCCD86,2026-07-15,1190.0,1225.5,10
NBF2,2026-07-15,9.91,9.91,7100
NMB,2026-07-15,237.0,236.6,115664
BARUN,2026-07-15,318.9,316.0,32991
PROFL,2026-07-15,426.0,430.0,10047
MKCL,2026-07-15,1065.0,1070.0,1581
MEHL,2026-07-15,292.0,297.0,3479
VLUCL,2026-07-15,422.1,431.9,3992
UPPER,2026-07-15,198.0,192.0,47635
HLBSL,2026-07-15,868.9,855.0,828
ADBLD83,2026-07-15,1085.0,1076.0,105
SHL,2026-07-15,496.0,487.0,21524
DLBS,2026-07-15,1200.0,1165.0,476
SRLI,2026-07-15,366.5,373.0,13193
HIDCLP,2026-07-15,186.0,188.0,135821
HPPL,2026-07-15,346.3,343.1,88643
DHPL,2026-07-15,271.9,275.9,2733
HDL,2026-07-15,1145.0,1143.0,23382
HATHY,2026-07-15,699.0,672.2,6928
API,2026-07-15,322.1,323.8,121842
BHL,2026-07-15,205.5,207.3,113620
LLBS,2026-07-15,919.0,894.6,318
NMBD87/88,2026-07-15,1208.0,1249.0,40
GCIL,2026-07-15,322.5,323.7,22389
GWFD83,2026-07-15,1120.0,1140.8,11
NMBD89/90,2026-07-15,1304.0,1424.0,75
TSHL,2026-07-15,339.8,350.5,19262
SPC,2026-07-15,408.0,420.0,2500
JOSHI,2026-07-15,250.1,252.0,6015
MCHL,2026-07-15,273.0,278.0,8866
MFIL,2026-07-15,730.0,777.0,47072
LVF2,2026-07-15,10.0,9.95,10850
NMFBS,2026-07-15,1145.0,1107.0,1724
ULHC,2026-07-15,358.0,358.0,7237
NICFC,2026-07-15,9.17,9.49,17270
LBBLD89,2026-07-15,1305.0,1305.0,5
NICBF,2026-07-15,9.24,9.24,800
PMHPL,2026-07-15,310.1,315.0,3240
NRN,2026-07-15,1300.0,1356.0,41928
IGI,2026-07-15,429.9,428.0,5084
SMPDA,2026-07-15,770.0,740.0,1853
NMIC,2026-07-15,872.0,899.0,1427
KSBBL,2026-07-15,480.0,470.0,11263
FMDBL,2026-07-15,766.0,750.0,3751
NICGF2,2026-07-15,9.1,9.43,605
MLBBL,2026-07-15,1120.0,1109.0,1191
SHINE,2026-07-15,397.5,397.5,14499
PMLI,2026-07-15,424.2,441.0,2198
RMF1,2026-07-15,9.66,9.9,575
MKHC,2026-07-15,279.1,289.0,9099
SMFBS,2026-07-15,1529.0,1520.0,538
ALICL,2026-07-15,420.0,422.0,7934
MKHL,2026-07-15,466.0,479.9,3491
SGIC,2026-07-15,457.1,473.8,14485
GRDBL,2026-07-15,1010.1,1053.0,21518
ICFCD83,2026-07-15,1100.0,1140.0,51
JSLBB,2026-07-15,980.0,970.0,5689
KKHC,2026-07-15,250.0,247.3,14165
RMF2,2026-07-15,9.64,9.93,214700
SHIVM,2026-07-15,630.0,620.8,87046
SMB,2026-07-15,1837.7,1794.0,1191
AKPL,2026-07-15,250.0,251.5,35137
RIDI,2026-07-15,301.0,322.0,174573
ENL,2026-07-15,784.6,795.0,480
DDBL,2026-07-15,825.0,825.0,5868
HIDCL,2026-07-15,253.0,248.0,42075
NBLD85,2026-07-15,1050.4,1088.0,100050
SIKLES,2026-07-15,559.0,552.0,3028
NHPC,2026-07-15,254.9,249.9,132466
MKJC,2026-07-15,442.2,446.0,1916
SCB,2026-07-15,649.0,643.5,7822
BHDC,2026-07-15,427.0,422.1,6019
KDBY,2026-07-15,10.7,10.77,23905
MATRI,2026-07-15,818.0,815.2,21
ICFC,2026-07-15,600.0,600.0,5568
MLBS,2026-07-15,1161.0,1160.0,130
TVCL,2026-07-15,476.1,469.9,1420
SINDU,2026-07-15,670.1,680.0,4847
MFLD85,2026-07-15,1090.3,1155.5,182
RSDC,2026-07-15,638.0,645.9,560
HLI,2026-07-15,321.0,318.0,14073
MHNL,2026-07-15,227.5,231.0,10896
NBF3,2026-07-15,9.95,10.0,39300
RSY,2026-07-15,9.74,10.01,2105
MHCL,2026-07-15,305.1,308.5,3580
NFS,2026-07-15,574.0,569.0,10136
ALBSL,2026-07-15,1015.0,1052.0,812
LICN,2026-07-15,765.0,783.0,4568
MSLB,2026-07-15,1185.0,1219.0,1209
CHDC,2026-07-15,2118.0,2070.0,22240
ANLB,2026-07-15,7425.0,6860.9,20
EDBL,2026-07-15,573.0,561.5,880
MMKJL,2026-07-15,438.0,438.0,1657
USHEC,2026-07-15,483.0,485.0,2546
SAND2085,2026-07-15,1170.0,1245.0,472
SBLD84,2026-07-15,1079.0,1110.0,1
SHLB,2026-07-15,1445.0,1436.0,200
KHPL,2026-07-15,902.0,925.3,6883
PBD84,2026-07-15,1110.0,1110.0,20
CIT,2026-07-15,1680.0,1670.1,5708
SIPD,2026-07-15,597.0,565.0,6589
SLBSL,2026-07-15,1110.0,1103.0,3478
KBLD89,2026-07-15,1275.1,1310.1,1805
NABBC,2026-07-15,740.0,799.9,23899
SAPDBL,2026-07-15,708.0,733.0,8980
SMJC,2026-07-15,425.0,440.0,7898
PMLIP,2026-07-15,255.0,255.0,20349
MLBL,2026-07-15,350.0,350.0,7687
H8020,2026-07-15,11.55,12.0,3060
RFPL,2026-07-15,330.0,328.0,13611
SANIMA,2026-07-15,348.0,350.5,43142
CHL,2026-07-15,256.0,257.0,9126
RLEL,2026-07-15,733.0,743.8,8733
SWBBL,2026-07-15,643.0,650.0,12841
CKHL,2026-07-15,542.5,558.0,904
FOWADP,2026-07-15,550.0,550.0,17232
CITY,2026-07-15,349.8,346.0,90311
GBBL,2026-07-15,402.0,400.0,37105
LEC,2026-07-15,211.0,205.0,40082
DORDI,2026-07-15,245.0,246.0,10773
BNHC,2026-07-15,271.3,284.0,31776
HEIP,2026-07-15,311.0,329.0,54
RURU,2026-07-15,623.0,603.0,3491
KBLD86,2026-07-15,1302.0,1359.0,24
TTL,2026-07-15,695.0,700.0,7627
MBJC,2026-07-15,267.0,268.4,6765
PSF,2026-07-15,11.51,11.7,16630
NABIL,2026-07-15,515.0,534.0,57577
GIBF1,2026-07-15,10.27,10.5,22945
UMRH,2026-07-15,520.0,521.9,8661
NIMBPO,2026-07-15,143.0,143.0,5043
PCIL,2026-07-15,580.0,594.0,18338
PRSF,2026-07-15,12.61,12.37,103850
MMF1,2026-07-15,9.51,9.75,28597
NIL,2026-07-15,600.1,609.0,1697
MNMF1,2026-07-15,9.6,9.9,7300
GILB,2026-07-15,1045.7,1078.8,5142
BGWT,2026-07-15,555.0,545.0,2037
IHL,2026-07-15,345.0,345.2,5293
BPCL,2026-07-15,649.0,643.0,12870
MERO,2026-07-15,684.9,663.0,6576
UNHPL,2026-07-15,383.0,383.0,13025
SPHL,2026-07-15,526.0,530.0,4451
AHL,2026-07-15,413.0,415.2,1950
YMHL,2026-07-15,555.0,558.0,15696
UHEWA,2026-07-15,560.0,573.0,91472
SBID2090,2026-07-15,1100.0,1100.0,1500
GBLBS,2026-07-15,734.0,734.0,533
TAMOR,2026-07-15,431.3,436.5,8678
SADBL,2026-07-15,397.0,400.0,6211
SWASTIK,2026-07-15,1934.1,1997.0,573
SMH,2026-07-15,490.5,502.0,7303
SBCF,2026-07-15,9.65,9.65,92960
PRVU,2026-07-15,188.0,189.5,70069
JHAPA,2026-07-15,1040.0,1048.0,11369
SPL,2026-07-15,637.3,650.0,5000
BNT,2026-07-15,11699.9,11700.0,20
SARBTM,2026-07-15,775.0,774.9,13769
NSY,2026-07-15,9.2,9.61,26340
NMBHF2,2026-07-15,9.5,9.4,1800
SIGS3,2026-07-15,10.5,10.5,100
CIZBD86,2026-07-15,1173.7,1177.0,48064
SHPC,2026-07-15,495.0,489.0,21804
SIGS2,2026-07-15,10.2,10.1,1500
SOPL,2026-07-15,765.0,771.0,36729
PBLD86,2026-07-15,1289.0,1328.0,21
RAWA,2026-07-15,404.0,415.0,17890
UPCL,2026-07-15,345.0,354.0,118476
HBL,2026-07-15,190.0,193.0,27955
SEF,2026-07-15,10.0,9.96,34060
SALICO,2026-07-15,580.0,592.9,1290
NHDL,2026-07-15,645.0,639.0,2660
HDHPC,2026-07-15,195.7,206.0,74341
SBL,2026-07-15,386.0,387.9,400291
KBLD90,2026-07-15,1250.0,1325.0,134
SAGAR,2026-07-15,1505.0,1620.0,21862
NIFRAGED,2026-07-15,1041.1,1043.3,75
NIFRA,2026-07-15,248.9,245.0,32021
CBBL,2026-07-15,918.0,916.0,16222
SPIL,2026-07-15,684.0,700.0,15422
ICFCD89,2026-07-15,1120.0,1108.3,133
GBBLPO,2026-07-15,238.0,238.0,7300
AKJCL,2026-07-15,336.0,343.7,323715
KDL,2026-07-15,760.0,765.1,812
APHL,2026-07-15,809.1,820.0,16019
EBLD86,2026-07-15,1095.0,1100.0,5025
HRL,2026-07-15,560.0,557.0,33156
HHL,2026-07-15,309.0,332.8,23305
CORBL,2026-07-15,1627.5,1750.0,60676
OHL,2026-07-15,676.0,683.4,590
SKHEL,2026-07-15,898.5,889.0,3328
GMLI,2026-07-15,1145.5,1173.0,598
GUFL,2026-07-15,550.0,543.0,5311
NICA,2026-07-15,330.0,329.9,29988
SFEF,2026-07-15,10.0,10.0,700
STC,2026-07-15,5155.0,5170.0,5240
KEF,2026-07-15,10.2,10.32,15750
UNL,2026-07-15,47899.9,47200.0,20
SANVI,2026-07-15,552.0,569.0,3637
HIMSTAR,2026-07-15,650.0,649.9,3845
NICD83/84,2026-07-15,1057.0,1052.0,208100
SJCL,2026-07-15,264.0,269.0,12158
NLICL,2026-07-15,579.0,580.0,8530
TPKHL,2026-07-15,494.0,494.0,17167
ADBL,2026-07-15,306.0,303.0,27903
MBL,2026-07-15,244.8,246.9,30575
SJLIC,2026-07-15,410.0,410.0,4925
BUNGAL,2026-07-15,562.0,560.0,50118
MNBBL,2026-07-15,361.1,362.4,15584
RBCL,2026-07-15,14699.0,14699.0,10
RBCLPO,2026-07-15,11380.0,11690.0,240
SAGF,2026-07-15,10.0,10.3,5790
GSY,2026-07-15,10.0,10.0,9550
GLBSL,2026-07-15,1732.0,1770.0,169
MPFL,2026-07-15,606.2,600.0,3665
NBL,2026-07-15,265.0,259.9,31214
PCBLP,2026-07-15,105.0,105.0,12603
GHL,2026-07-15,219.9,217.5,18462
SNORL,2026-07-15,769.0,771.0,12249
GFCL,2026-07-15,610.0,600.0,7926
HURJA,2026-07-15,229.9,227.0,18128
MHL,2026-07-15,466.4,478.0,1159
ILI,2026-07-15,410.0,401.0,14014
MDB,2026-07-15,578.3,575.0,4181
KSY,2026-07-15,9.75,9.75,6044
SAIL,2026-07-15,833.0,851.0,16305
RSML,2026-07-15,2981.0,3000.0,27505
JBLB,2026-07-15,1245.0,1250.0,1411
PURE,2026-07-15,732.2,759.0,3238
HIDCL,2026-07-14,249.4,250.0,62329
NADEP,2026-07-14,700.2,700.2,1811
USHEC,2026-07-14,476.0,484.0,3552
RAWA,2026-07-14,426.0,411.9,27656
KSBBL,2026-07-14,463.0,470.0,22414
RBCLPO,2026-07-14,11100.0,11729.0,311
NSY,2026-07-14,9.08,9.2,9760
EHPL,2026-07-14,345.0,332.5,18974
UMRH,2026-07-14,521.8,519.9,5515
SFMF,2026-07-14,10.5,10.3,3800
CKHL,2026-07-14,525.0,542.5,915
PHCL,2026-07-14,287.5,289.9,52684
MKHC,2026-07-14,290.0,284.6,12308
TVCL,2026-07-14,451.0,462.3,6338
NTC,2026-07-14,846.0,850.9,11091
CFCL,2026-07-14,610.0,604.5,47824
ACLBSL,2026-07-14,900.0,910.0,2303
SGIC,2026-07-14,450.0,455.4,4344
NLIC,2026-07-14,775.0,740.2,14987
SPC,2026-07-14,420.0,420.0,5399
UNHPL,2026-07-14,380.0,382.0,23132
GBILD84/85,2026-07-14,1145.0,1179.0,41070
HDHPC,2026-07-14,192.8,206.0,74524
RLEL,2026-07-14,720.1,733.0,9458
MLBSL,2026-07-14,1633.0,1703.8,242
NMBMF,2026-07-14,588.0,599.9,900
NBLD85,2026-07-14,1079.0,1079.0,200000
HEIP,2026-07-14,311.0,320.0,35
MAKAR,2026-07-14,456.0,460.0,4172
KPCL,2026-07-14,451.6,454.0,4346
SLCF,2026-07-14,9.9,10.0,365650
UMHL,2026-07-14,551.0,575.0,34964
NMIC,2026-07-14,881.0,887.0,3254
SPL,2026-07-14,630.4,641.1,1488
MATRI,2026-07-14,815.0,815.0,674
UNL,2026-07-14,46555.0,46505.0,20
STC,2026-07-14,5052.0,5150.0,1487
SHINE,2026-07-14,397.0,396.9,21030
GSY,2026-07-14,9.95,10.1,6800
LBLD86,2026-07-14,1173.0,1180.0,50101
MHNL,2026-07-14,229.0,226.0,44919
SRLI,2026-07-14,367.0,370.9,21876
APHL,2026-07-14,824.5,835.0,17614
GMFIL,2026-07-14,448.0,449.0,10299
SAPDBL,2026-07-14,698.3,720.0,29571
ULHC,2026-07-14,367.0,357.0,23153
SBLD84,2026-07-14,1060.0,1079.0,189908
SANVI,2026-07-14,542.5,569.0,16369
RSY,2026-07-14,9.7,10.0,1200
PBLD86,2026-07-14,1218.4,1289.0,20986
MCHL,2026-07-14,275.0,272.5,6724
SMHL,2026-07-14,455.0,466.2,22459
PBD88,2026-07-14,1270.0,1285.0,26686
MKHL,2026-07-14,458.1,466.0,1254
NICGF2,2026-07-14,9.0,9.38,8200
SMB,2026-07-14,1775.0,1784.3,2043
VLUCL,2026-07-14,420.1,429.5,2184
CYCL,2026-07-14,1300.1,1344.0,1319
TPKHL,2026-07-14,500.0,496.0,31104
KBLD86,2026-07-14,1195.0,1302.0,9459
RBBD83,2026-07-14,1036.2,1036.2,51
RADHI,2026-07-14,705.0,695.0,34937
UPPER,2026-07-14,189.1,191.3,130297
SGHL,2026-07-14,462.5,461.5,56112
PSF,2026-07-14,11.02,11.8,4695
SBLD83,2026-07-14,1054.0,1048.0,44000
CITY,2026-07-14,327.8,343.0,190162
GHL,2026-07-14,216.0,216.1,39776
GCIL,2026-07-14,321.0,322.5,17134
NBL,2026-07-14,267.9,260.0,91968
LSL,2026-07-14,216.0,214.9,212116
DDBL,2026-07-14,820.0,818.6,8333
KDBY,2026-07-14,10.53,10.83,79445
SKBBL,2026-07-14,742.1,745.0,20634
ICFCD83,2026-07-14,1100.0,1100.0,50
ULBSL,2026-07-14,2710.0,3100.0,4467
MEL,2026-07-14,203.8,211.0,9125
MMF1,2026-07-14,9.59,9.8,584880
SHPC,2026-07-14,482.1,484.5,25857
KAHL,2026-07-14,472.0,479.0,44088
NRIC,2026-07-14,921.0,924.0,19799
RURU,2026-07-14,591.0,615.0,3316
BGWT,2026-07-14,534.5,550.0,2957
LBBLD89,2026-07-14,1318.0,1305.0,60966
SEF,2026-07-14,9.95,10.0,30632
PURE,2026-07-14,723.0,740.0,8693
RHPL,2026-07-14,252.0,255.1,16053
NBF3,2026-07-14,9.98,9.95,53691
SBLD89,2026-07-14,1274.2,1236.0,72102
NIFRA,2026-07-14,240.0,244.5,37484
SBLD2091,2026-07-14,1048.9,1080.0,113047
AHPC,2026-07-14,257.1,262.4,65032
KKHC,2026-07-14,245.0,250.0,33672
MEN,2026-07-14,553.0,565.0,43912
SHIVM,2026-07-14,625.0,619.0,134658
SBD89,2026-07-14,1236.0,1236.0,25
USLB,2026-07-14,1140.0,1141.6,989
BFC,2026-07-14,512.5,510.0,58912
MLBLD89,2026-07-14,1234.3,1325.0,27346
RBCL,2026-07-14,14399.9,14399.0,105
SYPNL,2026-07-14,1224.6,1277.0,46271
NABBC,2026-07-14,720.0,737.9,116099
SPHL,2026-07-14,520.0,534.0,17583
NICAD85/86,2026-07-14,1139.0,1130.0,10050
NICSF,2026-07-14,9.35,9.35,125000
SCBD,2026-07-14,1149.9,1149.9,100
AHL,2026-07-14,407.2,410.1,2490
CHL,2026-07-14,253.0,254.7,20813
SFEF,2026-07-14,10.05,10.0,18560
WNLB,2026-07-14,1300.3,1358.0,105
BOKD86,2026-07-14,1139.0,1145.0,22458
KSY,2026-07-14,9.22,9.8,3550
RBBF40,2026-07-14,9.15,9.3,2451040
SHINED,2026-07-14,1105.8,1105.0,35611
TAMOR,2026-07-14,430.1,435.1,17543
SKHEL,2026-07-14,845.0,873.9,7591
SARBTM,2026-07-14,770.1,774.9,8401
RNLI,2026-07-14,439.0,440.0,12497
RBBD2088,2026-07-14,1060.0,1065.0,147008
DHEL,2026-07-14,560.0,560.0,13237
HRL,2026-07-14,555.0,554.0,61911
SPIL,2026-07-14,685.0,684.1,12308
AKJCL,2026-07-14,326.0,340.0,496164
HPPL,2026-07-14,342.1,350.9,85585
CIZBD86,2026-07-14,1172.0,1210.0,37174
BBC,2026-07-14,4053.7,4128.0,240
NUBL,2026-07-14,590.5,595.0,2612
NMBD89/90,2026-07-14,1298.0,1304.0,112226
SBID83,2026-07-14,1094.0,1122.0,11450
SHLB,2026-07-14,1400.0,1445.0,610
VLBS,2026-07-14,650.2,645.0,4691
RMF2,2026-07-14,9.42,9.7,2100
OMPL,2026-07-14,861.0,871.9,2940
SMPDA,2026-07-14,735.2,749.0,3875
ILI,2026-07-14,409.0,411.2,6293
KEF,2026-07-14,10.36,10.5,4100
KSBBLD87,2026-07-14,1148.0,1229.0,9857
DORDI,2026-07-14,245.0,245.5,11909
MMKJL,2026-07-14,447.7,438.0,2861
MERO,2026-07-14,665.0,667.2,2053
JBBL,2026-07-14,335.0,337.5,23179
AKPL,2026-07-14,247.0,249.9,67980
SMJC,2026-07-14,425.0,436.0,6399
BHCL,2026-07-14,470.0,459.0,32984
SBI,2026-07-14,385.0,388.9,14388
NHDL,2026-07-14,620.0,631.0,471
OHL,2026-07-14,670.0,670.0,1696
NIMBPO,2026-07-14,139.7,141.0,5761
SAIL,2026-07-14,829.0,841.0,15602
NIMBD90,2026-07-14,1274.0,1250.0,310519
NRN,2026-07-14,1300.0,1346.1,63631
DOLTI,2026-07-14,310.8,315.1,29017
TPC,2026-07-14,342.0,344.0,15155
PBLD87,2026-07-14,1110.0,1150.0,35380
GIBF1,2026-07-14,10.27,10.3,21150
EDBL,2026-07-14,560.0,560.5,49491
HDL,2026-07-14,1149.0,1145.0,31356
MBL,2026-07-14,246.0,244.8,47568
NESDO,2026-07-14,1442.0,1495.0,976
UHEWA,2026-07-14,565.9,557.0,24127
SJCL,2026-07-14,268.0,266.0,12572
GLBSL,2026-07-14,1754.9,1780.0,505
MDB,2026-07-14,561.0,583.5,6030
EBLEB89,2026-07-14,1100.0,1133.0,445
MANDU,2026-07-14,790.0,804.0,2059
SBID2090,2026-07-14,1131.1,1084.0,345730
EBLD91,2026-07-14,1119.0,1082.0,331624
NLICL,2026-07-14,570.0,571.0,7835
UAIL,2026-07-14,427.0,433.0,9723
IHL,2026-07-14,329.0,340.0,4313
SLBBL,2026-07-14,794.0,783.2,3962
SJLIC,2026-07-14,404.0,407.2,10119
SHL,2026-07-14,486.5,486.0,45360
SNORL,2026-07-14,770.0,769.0,26377
AVYAN,2026-07-14,971.9,1031.0,975
SIFC,2026-07-14,501.0,507.0,5153
GVL,2026-07-14,463.0,466.0,10331
SINDU,2026-07-14,639.5,678.9,5350
SWMF,2026-07-14,608.9,612.4,2456
MKCL,2026-07-14,1043.0,1065.0,699
NBLD87,2026-07-14,1151.0,1225.0,167905
TSHL,2026-07-14,324.1,330.0,26493
KHPL,2026-07-14,870.0,902.0,14147
LVF2,2026-07-14,9.76,10.0,1600
SOHL,2026-07-14,501.6,530.0,49488
SMFBS,2026-07-14,1635.3,1529.0,1009
RSDC,2026-07-14,620.0,632.0,3869
BHDC,2026-07-14,420.0,425.0,4600
FMDBL,2026-07-14,750.0,745.0,10067
SBD87,2026-07-14,1164.0,1202.0,12485
GWFD83,2026-07-14,1114.0,1120.0,302
SIKLES,2026-07-14,541.3,544.0,14937
SRBLD83,2026-07-14,1082.0,1099.7,56850
NYADI,2026-07-14,358.9,356.0,4478
MSLB,2026-07-14,1194.1,1219.0,461
SAGAR,2026-07-14,1500.0,1528.0,5425
BHL,2026-07-14,201.0,205.5,78551
SALICO,2026-07-14,626.8,580.0,32695
NHPC,2026-07-14,251.9,247.5,262303
MLBL,2026-07-14,340.1,344.5,9655
GBILD86/87,2026-07-14,1166.9,1202.0,54091
GBBLPO,2026-07-14,238.0,238.0,49031
NABIL,2026-07-14,525.1,530.1,76835
BJHL,2026-07-14,650.0,679.9,10135
JOSHI,2026-07-14,250.0,252.4,17207
GMFBS,2026-07-14,1232.0,1196.0,351
HBLD86,2026-07-14,1197.0,1197.0,30000
SWASTIK,2026-07-14,2000.0,1980.0,704
CIT,2026-07-14,1680.0,1681.9,4503
SWBBL,2026-07-14,655.4,630.5,140967
GBIME,2026-07-14,238.0,237.2,201957
NICLBSL,2026-07-14,543.1,541.0,7772
CZBIL,2026-07-14,195.8,195.0,25872
GMLI,2026-07-14,1125.1,1170.0,3443
BEDC,2026-07-14,306.0,309.0,28196
NBF2,2026-07-14,10.0,10.0,4700
SDBD87,2026-07-14,1159.0,1241.0,17610
NICFC,2026-07-14,9.17,9.17,2600
JHAPA,2026-07-14,1021.1,1020.0,12719
ALBSL,2026-07-14,1015.0,1049.0,8124
NGPL,2026-07-14,404.0,400.3,138225
RFPL,2026-07-14,322.4,321.7,24382
TRH,2026-07-14,752.0,766.0,10226
PBD85,2026-07-14,1121.0,1125.0,80
ILBS,2026-07-14,816.0,840.0,1517
JBBD87,2026-07-14,1143.3,1195.0,8769
KMCDB,2026-07-14,787.5,760.0,4432
SADBL,2026-07-14,378.1,396.1,11565
KBSH,2026-07-14,1226.0,1261.0,366
ICFCD89,2026-07-14,1110.0,1120.0,636
RSML,2026-07-14,2980.0,3025.0,41025
NWCL,2026-07-14,691.0,705.0,420
CSY,2026-07-14,9.0,9.12,3900
MNMF1,2026-07-14,9.8,9.6,104945
NIBLSTF,2026-07-14,8.67,9.07,28000
SCB,2026-07-14,635.0,635.5,22831
NBLD82,2026-07-14,1089.9,1095.0,20205
SMATA,2026-07-14,727.0,730.0,2620
KDL,2026-07-14,733.0,759.0,2771
PRVU,2026-07-14,190.0,188.0,86426
USHL,2026-07-14,504.0,487.1,6905
NABILD87,2026-07-14,1125.0,1158.0,168554
LEC,2026-07-14,203.0,205.3,97031
HIDCLP,2026-07-14,182.8,185.4,109196
KBL,2026-07-14,209.8,208.7,151445
RLFL,2026-07-14,450.0,451.0,12621
BARUN,2026-07-14,308.0,312.0,20668
UNLB,2026-07-14,1348.4,1297.5,1981
PMLI,2026-07-14,430.0,436.0,8135
PPL,2026-07-14,302.1,321.9,22088
ANLB,2026-07-14,7073.0,7073.0,10
MBJC,2026-07-14,265.0,269.4,32860
NIFRAUR85/86,2026-07-14,1050.0,1065.0,35
MFIL,2026-07-14,760.0,767.8,46256
ALICL,2026-07-14,418.0,419.0,13641
IGI,2026-07-14,424.0,425.0,4666
CCBD88,2026-07-14,1256.0,1313.0,4726
LBBL,2026-07-14,480.0,479.9,21468
SPDL,2026-07-14,364.0,359.2,22838
SLBSL,2026-07-14,1161.1,1100.0,2776
CHCL,2026-07-14,499.8,477.9,8353
SONA,2026-07-14,399.0,400.0,29034
GLH,2026-07-14,237.2,244.9,28785
NIBSF2,2026-07-14,8.71,8.7,37595
LUK,2026-07-14,10.0,9.9,1100
NIFRAGED,2026-07-14,1040.0,1040.5,50
PMHPL,2026-07-14,304.0,309.0,6800
FOWAD,2026-07-14,946.0,951.0,2571
BPCL,2026-07-14,680.0,638.0,27855
NIBD84,2026-07-14,1082.0,1064.1,134
SIPD,2026-07-14,575.0,569.9,9433
NMBHF2,2026-07-14,9.51,9.55,1910
SKHL,2026-07-14,845.0,807.0,26367
PCIL,2026-07-14,585.1,589.7,33962
MABEL,2026-07-14,546.0,553.0,7324
TTL,2026-07-14,700.0,700.0,14606
BNHC,2026-07-14,261.3,277.0,84847
NMBD87/88,2026-07-14,1105.0,1215.0,11898
PRIN,2026-07-14,676.8,678.0,2449
CGH,2026-07-14,751.1,762.9,13989
NMBD2085,2026-07-14,1143.0,1211.0,34030
SSHL,2026-07-14,185.0,195.0,103608
ICFCD88,2026-07-14,1165.0,1178.6,120550
BNL,2026-07-14,13875.0,13872.8,120
GILB,2026-07-14,1045.0,1065.0,2478
NIMB,2026-07-14,188.5,189.1,118057
DLBS,2026-07-14,1167.0,1200.0,755
HLI,2026-07-14,317.0,318.0,21753
SAND2085,2026-07-14,1170.0,1170.0,10
HLBSL,2026-07-14,841.0,853.0,558
SICL,2026-07-14,605.0,608.6,3257
GUFL,2026-07-14,530.0,546.9,10963
SOPL,2026-07-14,750.0,765.0,45784
MHCL,2026-07-14,314.1,305.2,5302
NMFBS,2026-07-14,1100.0,1107.0,6851
GFCL,2026-07-14,595.1,600.0,8806
HBLD83,2026-07-14,1051.0,1050.0,69125
MNBBL,2026-07-14,362.8,360.0,31081
NIL,2026-07-14,602.09,614.0,4501
PBD84,2026-07-14,1082.0,1082.0,50
HFIN,2026-07-14,605.0,643.0,24763
GBIMESY2,2026-07-14,9.4,9.5,300
SNLI,2026-07-14,420.0,422.0,9739
ICFC,2026-07-14,588.0,596.6,10105
KBLD90,2026-07-14,1261.0,1250.0,420602
NMLBBL,2026-07-14,528.0,526.0,9110
YMHL,2026-07-14,555.0,555.0,19747
NICA,2026-07-14,329.0,324.2,24358
SBID89,2026-07-14,1200.0,1185.0,7649
NMFBSP,2026-07-14,610.0,610.0,10000
EBL,2026-07-14,695.0,692.6,44101
NBBD2085,2026-07-14,1138.0,1138.0,50
NICAD2091,2026-07-14,1074.0,1106.0,98598
CLI,2026-07-14,436.0,436.0,10212
CBBL,2026-07-14,910.0,914.9,12815
NABILD2089,2026-07-14,1135.0,1142.0,3175
RIDI,2026-07-14,301.0,316.0,235844
NMB,2026-07-14,235.0,235.0,29198
CORBL,2026-07-14,1550.0,1550.0,37992
RHGCL,2026-07-14,253.0,249.0,44550
BUNGAL,2026-07-14,575.0,575.0,48150
LLBS,2026-07-14,892.4,914.0,148
PPCL,2026-07-14,327.0,325.0,26018
HHL,2026-07-14,326.0,325.0,28026
KBLD89,2026-07-14,1290.0,1299.8,2025
ADBL,2026-07-14,305.0,303.0,23635
NLG,2026-07-14,580.0,575.0,11306
NICD88,2026-07-14,1109.0,1100.0,153199
JFL,2026-07-14,381.0,383.2,5939
NFS,2026-07-14,561.0,565.8,11494
MPFL,2026-07-14,605.0,594.8,17189
PRSF,2026-07-14,12.45,12.6,1500
HEI,2026-07-14,507.0,512.9,33367
NRM,2026-07-14,305.0,301.1,14261
ADBLD83,2026-07-14,1075.2,1085.0,261617
API,2026-07-14,322.0,321.9,187891
SABBL,2026-07-14,806.1,841.5,12078
SHEL,2026-07-14,290.0,292.0,378434
SIGS3,2026-07-14,10.19,10.49,505100
SBCF,2026-07-14,9.7,9.65,189932
JBLB,2026-07-14,1220.0,1245.0,5613
LICN,2026-07-14,803.0,772.0,7717
NIBLGF,2026-07-14,8.99,9.5,7300
MKJC,2026-07-14,436.1,448.9,4334
BANDIPUR,2026-07-14,652.5,668.0,28561
MSHL,2026-07-14,585.0,599.9,559
CHDC,2026-07-14,1967.0,2070.0,10537
CIZBD90,2026-07-14,1175.0,1210.0,3920
ENL,2026-07-14,800.0,762.0,1295
SGHC,2026-07-14,316.0,328.0,8951
MLBS,2026-07-14,1125.0,1184.3,600
MLBBL,2026-07-14,1076.7,1114.0,1066
GBLBS,2026-07-14,718.0,735.0,2730
MBLD87,2026-07-14,1145.18,1171.0,32669
MEHL,2026-07-14,291.6,292.0,9684
UPCL,2026-07-14,365.0,354.9,56649
SANIMA,2026-07-14,345.0,345.0,109853
SAGF,2026-07-14,10.0,10.05,300
HURJA,2026-07-14,224.0,226.0,43280
BHPL,2026-07-14,480.0,479.0,10369
HATHY,2026-07-14,665.1,690.0,3689
NICL,2026-07-14,503.0,505.0,6228
DHPL,2026-07-14,257.0,264.0,7478
RMF1,2026-07-14,9.6,9.69,1127140
MHL,2026-07-14,462.3,470.0,2932
MBLEF,2026-07-14,9.91,10.07,16500
NSIF2,2026-07-14,10.87,10.4,52099
SAHAS,2026-07-14,636.0,635.3,133886
HBL,2026-07-14,195.0,191.8,35099
GRDBL,2026-07-14,1027.0,1020.0,11619
SBL,2026-07-14,386.0,386.0,104653
GBBL,2026-07-14,395.3,396.0,20111
BOKD86KA,2026-07-14,1174.0,1169.0,120058
SMH,2026-07-14,489.0,497.0,8245
HLICF,2026-07-14,8.7,8.75,1082
H8020,2026-07-14,11.5,11.55,3030
C30MF,2026-07-14,10.01,10.02,3020
CREST,2026-07-14,1200.0,1174.9,10925
JSLBB,2026-07-14,1011.0,989.8,755
PCBL,2026-07-14,231.0,229.2,46844
PROFL,2026-07-14,422.5,425.0,5510
HIMSTAR,2026-07-14,625.0,644.0,8078
EBLD85,2026-07-14,1150.0,1150.0,411
SINDU,2026-07-13,683.1,673.1,2675
JHAPA,2026-07-13,1045.0,1039.1,10573
BOKD86,2026-07-13,1103.0,1136.0,49614
HLICF,2026-07-13,8.73,8.75,1700
NLICL,2026-07-13,582.0,570.0,46092
FOWAD,2026-07-13,960.0,960.0,2967
HDHPC,2026-07-13,205.3,202.9,92734
ENL,2026-07-13,776.0,784.0,185
MBLEF,2026-07-13,10.0,9.91,510600
NICD83/84,2026-07-13,1045.0,1050.0,8480
MMKJL,2026-07-13,447.0,449.0,1754
GBIMESY2,2026-07-13,9.09,9.5,2005175
CBBL,2026-07-13,920.0,910.0,15967
PBD88,2026-07-13,1240.0,1270.0,19876
PRIN,2026-07-13,683.8,676.8,3349
MMF1,2026-07-13,9.6,9.7,457040
KAHL,2026-07-13,510.0,486.0,38258
GSY,2026-07-13,10.0,9.95,24850
FMDBL,2026-07-13,798.0,755.0,5000
RFPL,2026-07-13,330.0,322.4,27601
SICL,2026-07-13,612.0,608.0,4332
PRVU,2026-07-13,180.0,188.0,87711
NIBLSTF,2026-07-13,8.72,8.42,151627
SANVI,2026-07-13,570.0,571.0,14705
SWASTIK,2026-07-13,1992.5,1986.0,245
CLI,2026-07-13,444.0,436.0,17029
BARUN,2026-07-13,317.0,308.7,31972
C30MF,2026-07-13,10.1,9.93,30100
UHEWA,2026-07-13,536.8,555.0,8159
KEF,2026-07-13,10.83,10.66,2408770
SLBBL,2026-07-13,780.2,786.0,3918
RMF1,2026-07-13,9.7,9.79,28500
HLBSL,2026-07-13,852.0,863.0,2172
JFL,2026-07-13,387.0,381.0,6869
H8020,2026-07-13,11.45,11.7,1220
MBL,2026-07-13,245.0,243.8,76458
KMCDB,2026-07-13,808.0,766.0,7732
KKHC,2026-07-13,256.0,245.0,37314
PCIL,2026-07-13,609.0,590.0,35156
MATRI,2026-07-13,837.5,813.0,278
TAMOR,2026-07-13,439.0,432.0,25691
NRM,2026-07-13,316.0,304.0,9356
PBLD87,2026-07-13,1122.0,1140.0,150354
KBSH,2026-07-13,1285.0,1262.0,474
NICSF,2026-07-13,9.36,9.2,3062450
MHL,2026-07-13,467.0,468.0,3478
RBBD83,2026-07-13,1068.0,1068.0,32445
MHCL,2026-07-13,312.0,305.0,5193
HHL,2026-07-13,330.2,328.0,25692
KSY,2026-07-13,9.5,9.5,2450
SBD87,2026-07-13,1165.0,1199.0,65
HRL,2026-07-13,561.0,556.0,45767
MBJC,2026-07-13,265.1,270.0,11742
SAHAS,2026-07-13,649.0,636.9,165275
NABIL,2026-07-13,530.0,526.3,48177
NYADI,2026-07-13,359.0,349.5,5622
BPCL,2026-07-13,650.0,647.9,29331
PHCL,2026-07-13,307.9,289.5,63709
NICBF,2026-07-13,9.01,8.98,3000
KBL,2026-07-13,211.3,208.0,138333
KDL,2026-07-13,776.0,755.0,1857
LSL,2026-07-13,216.5,215.1,67861
MLBBL,2026-07-13,1115.0,1110.0,390
MEL,2026-07-13,225.5,210.0,11814
TVCL,2026-07-13,484.0,461.1,3239
NIL,2026-07-13,620.0,605.0,12438
NABBC,2026-07-13,720.0,713.3,5620
LVF2,2026-07-13,9.76,9.77,700
BANDIPUR,2026-07-13,705.0,665.0,36952
NRN,2026-07-13,1350.0,1346.0,53243
NMBD89/90,2026-07-13,1311.0,1305.0,204330
RLFL,2026-07-13,464.0,450.0,19127
LUK,2026-07-13,10.3,10.0,1800
TSHL,2026-07-13,350.0,329.0,18504
NLG,2026-07-13,570.0,565.0,56368
NMB50,2026-07-13,10.49,10.49,3100
NMBD2085,2026-07-13,1150.0,1150.0,40000
SRBLD83,2026-07-13,1065.0,1082.0,80010
BHPL,2026-07-13,481.0,467.5,7903
MHNL,2026-07-13,228.1,229.0,20459
TPC,2026-07-13,363.5,346.2,10784
DHEL,2026-07-13,560.1,570.0,6557
SAPDBL,2026-07-13,775.0,735.0,31862
UNL,2026-07-13,47000.0,46555.0,30
NIFRA,2026-07-13,245.0,244.0,50878
NIMBPO,2026-07-13,139.1,143.1,327
SJCL,2026-07-13,263.2,268.0,6577
PSF,2026-07-13,11.52,11.6,1470600
USLB,2026-07-13,1152.3,1169.0,914
CGH,2026-07-13,778.0,760.0,10461
DORDI,2026-07-13,248.0,245.7,24377
MLBL,2026-07-13,345.1,343.0,13825
SLCF,2026-07-13,10.0,9.9,21000
SOHL,2026-07-13,526.0,528.0,66804
GBILD84/85,2026-07-13,1119.0,1145.0,5945
GBLBS,2026-07-13,746.0,739.0,2541
NHPC,2026-07-13,255.0,248.0,163376
NIBD84,2026-07-13,1077.0,1055.0,48399
SONA,2026-07-13,405.2,400.1,26467
CYCL,2026-07-13,1301.1,1330.0,1819
UMHL,2026-07-13,580.0,573.9,74747
AHL,2026-07-13,430.0,411.0,2368
PMLI,2026-07-13,440.0,434.1,5913
NLIC,2026-07-13,758.0,739.0,18141
ICFC,2026-07-13,592.0,588.0,10251
GMFIL,2026-07-13,450.2,448.0,7829
SIPD,2026-07-13,596.0,574.8,11523
SRLI,2026-07-13,373.0,367.0,38900
GBBL,2026-07-13,397.3,396.1,30805
GWFD83,2026-07-13,1072.5,1114.0,199
GMFBS,2026-07-13,1163.1,1174.0,833
GBIME,2026-07-13,239.3,237.5,137598
HPPL,2026-07-13,356.0,348.5,168161
GMLI,2026-07-13,1145.0,1150.0,1473
TTL,2026-07-13,715.1,699.0,14760
NFS,2026-07-13,566.5,560.1,13966
JBLB,2026-07-13,1230.0,1226.0,4029
UNHPL,2026-07-13,385.0,383.9,16037
ILBS,2026-07-13,821.0,843.5,2867
SBIBD86,2026-07-13,1182.0,1182.0,30000
SALICO,2026-07-13,592.0,597.0,9011
SMPDA,2026-07-13,752.0,748.9,1810
LICN,2026-07-13,794.0,765.0,25030
MCHL,2026-07-13,282.7,275.0,7761
JBBL,2026-07-13,340.0,333.0,31072
SMATA,2026-07-13,730.0,732.0,2347
CIZBD86,2026-07-13,1130.0,1190.0,28563
ALICL,2026-07-13,420.2,418.0,15570
MPFL,2026-07-13,600.0,599.9,6143
RSDC,2026-07-13,632.1,627.0,4118
NBL,2026-07-13,266.9,261.0,40020
PURE,2026-07-13,730.1,723.0,3641
GLBSL,2026-07-13,1770.0,1754.9,253
GIBF1,2026-07-13,10.21,10.35,1001600
SPL,2026-07-13,669.9,649.8,19435
BGWT,2026-07-13,517.0,520.0,843
SARBTM,2026-07-13,787.0,772.0,19557
GILB,2026-07-13,1090.0,1065.0,424
PROFL,2026-07-13,430.0,423.0,5570
MANDU,2026-07-13,796.2,787.0,1440
JBBD87,2026-07-13,1135.0,1110.0,59400
SFEF,2026-07-13,10.0,10.0,6000
MLBLD89,2026-07-13,1270.7,1270.7,35
SHEL,2026-07-13,295.0,290.0,70178
ULBSL,2026-07-13,3360.0,2839.0,3316
EDBL,2026-07-13,585.0,560.0,131010
SAIL,2026-07-13,850.0,826.0,18333
USHEC,2026-07-13,480.0,481.0,10014
SGHC,2026-07-13,325.0,322.0,1690
BOKD86KA,2026-07-13,1146.5,1140.0,9
BFC,2026-07-13,514.0,508.0,65267
SHIVM,2026-07-13,629.0,619.9,67449
PPL,2026-07-13,306.0,318.0,15639
IHL,2026-07-13,340.1,337.5,8814
SCBD,2026-07-13,1115.0,1132.0,113521
SNORL,2026-07-13,810.0,780.0,28359
SBL,2026-07-13,386.7,386.0,92383
RADHI,2026-07-13,705.0,693.3,43019
JSLBB,2026-07-13,997.2,1015.0,343
AKPL,2026-07-13,255.0,248.0,56210
VLUCL,2026-07-13,429.0,424.0,2129
RLEL,2026-07-13,738.0,735.0,15101
SHL,2026-07-13,490.5,486.4,29566
SGHL,2026-07-13,490.0,462.5,56722
GVL,2026-07-13,462.0,470.0,9604
BBC,2026-07-13,4091.0,4070.0,272
MFLD85,2026-07-13,1090.3,1090.3,25
NIBLGF,2026-07-13,9.22,9.0,2350
SYPNL,2026-07-13,1330.0,1289.0,54123
NMBHF2,2026-07-13,9.58,9.51,10001600
RSML,2026-07-13,3000.0,3029.0,23433
SMHL,2026-07-13,460.0,455.0,69229
MKJC,2026-07-13,449.0,447.0,2482
NUBL,2026-07-13,608.0,590.2,9618
PRSF,2026-07-13,12.62,12.6,85300
NTC,2026-07-13,845.0,846.0,6841
NBLD85,2026-07-13,1099.0,1081.0,35030
SAND2085,2026-07-13,1142.5,1139.0,244975
MABEL,2026-07-13,585.0,562.0,5550
NABILD2089,2026-07-13,1075.0,1140.0,81874
UMRH,2026-07-13,513.5,516.2,4452
RIDI,2026-07-13,309.0,315.9,210156
SEF,2026-07-13,10.1,10.0,15500
SBLD84,2026-07-13,1037.0,1037.0,69
SLBSL,2026-07-13,1100.0,1197.0,10929
SAGF,2026-07-13,9.95,9.95,1100
MSHL,2026-07-13,605.0,596.0,866
RHGCL,2026-07-13,255.5,253.0,17073
HIMSTAR,2026-07-13,680.0,627.0,8541
SHLB,2026-07-13,1405.0,1409.7,90
SMJC,2026-07-13,440.1,429.9,10403
SOPL,2026-07-13,790.0,751.0,49560
SDBD87,2026-07-13,1130.0,1130.0,30
CFCL,2026-07-13,607.0,600.1,156070
SIKLES,2026-07-13,545.2,545.0,3923
SAGAR,2026-07-13,1530.0,1535.0,4633
GRDBL,2026-07-13,1049.0,1027.0,10975
RBCLPO,2026-07-13,11153.0,11397.0,70
HEIP,2026-07-13,319.0,311.1,711
NICLBSL,2026-07-13,560.0,545.0,4919
NMIC,2026-07-13,900.1,885.0,5163
RHPL,2026-07-13,260.2,255.1,13507
NIMB,2026-07-13,199.8,188.1,166988
PBLD84,2026-07-13,1127.0,1127.0,57459
OMPL,2026-07-13,881.2,866.0,2601
HEI,2026-07-13,509.0,510.0,19501
HBL,2026-07-13,192.8,190.8,60904
EHPL,2026-07-13,329.0,339.0,17190
ILI,2026-07-13,413.1,409.0,15316
SMFBS,2026-07-13,1646.4,1580.0,3061
DOLTI,2026-07-13,323.0,309.0,37230
KDBY,2026-07-13,10.68,10.7,57045
NSIF2,2026-07-13,10.54,10.56,2000
OHL,2026-07-13,667.0,665.1,1251
GBILD86/87,2026-07-13,1144.0,1167.0,30535
GBBD85,2026-07-13,1075.2,1115.0,1026
CSY,2026-07-13,9.01,9.01,1700
CORBL,2026-07-13,1600.0,1600.0,23018
KHPL,2026-07-13,896.0,885.0,14721
SHINED,2026-07-13,1140.0,1140.0,10000
NSY,2026-07-13,9.09,9.31,21950
CHCL,2026-07-13,478.0,476.0,12296
KSBBL,2026-07-13,468.5,468.0,21045
STC,2026-07-13,5150.0,5050.0,1060
KBLD86,2026-07-13,1144.6,1195.0,40285
SJLIC,2026-07-13,415.0,405.2,33043
LBLD86,2026-07-13,1228.0,1156.3,199
SPC,2026-07-13,412.0,415.0,1000
NGPL,2026-07-13,403.0,399.0,129307
SFMF,2026-07-13,10.2,10.2,30740
NICA,2026-07-13,330.0,323.4,41983
KBLD90,2026-07-13,1225.0,1225.0,100000
SIFC,2026-07-13,511.1,500.0,11936
UPPER,2026-07-13,191.0,189.1,104329
NMFBS,2026-07-13,1110.0,1104.1,966
LEC,2026-07-13,211.0,203.3,69241
MLBS,2026-07-13,1134.0,1149.9,672
UPCL,2026-07-13,361.0,359.0,32636
SHINE,2026-07-13,398.0,397.0,15517
GUFL,2026-07-13,546.0,538.5,6731
NRIC,2026-07-13,957.0,925.0,37262
RMF2,2026-07-13,9.9,9.71,570
RAWA,2026-07-13,426.9,406.0,35619
NMB,2026-07-13,240.0,235.9,24649
NCCD86,2026-07-13,1187.0,1190.0,112239
NICL,2026-07-13,520.0,503.0,15007
SKBBL,2026-07-13,746.0,744.0,24433
MKHL,2026-07-13,467.0,465.0,3640
RURU,2026-07-13,610.0,602.5,4144
LBBL,2026-07-13,481.3,470.2,36405
LBLD88,2026-07-13,1125.0,1150.0,43150
ACLBSL,2026-07-13,893.0,908.9,615
DDBL,2026-07-13,813.0,816.0,2518
CREST,2026-07-13,1175.0,1175.0,7105
ULHC,2026-07-13,373.1,368.9,8160
BEDC,2026-07-13,315.0,310.1,26916
MNBBL,2026-07-13,362.0,360.0,33147
BNT,2026-07-13,11551.0,11551.0,20
UNLB,2026-07-13,1335.5,1286.9,816
ICFCD89,2026-07-13,1113.0,1112.0,158
NICAD85/86,2026-07-13,1131.0,1154.0,409900
NBF2,2026-07-13,9.7,10.03,27011
MEN,2026-07-13,561.0,552.8,130618
TRH,2026-07-13,783.0,774.0,1982
NMBD87/88,2026-07-13,1155.0,1135.0,423278
SWMF,2026-07-13,603.0,608.9,1412
WNLB,2026-07-13,1320.0,1340.0,181
LLBS,2026-07-13,932.0,920.0,222
MDB,2026-07-13,566.2,572.5,5241
MEHL,2026-07-13,302.0,300.0,4388
MFIL,2026-07-13,770.0,769.8,20676
KBLD89,2026-07-13,1299.8,1262.0,2
RSY,2026-07-13,9.81,10.0,5700
CHDC,2026-07-13,2092.0,2070.0,64512
HATHY,2026-07-13,681.0,679.9,4910
AVYAN,2026-07-13,1040.0,1023.0,2923
GLH,2026-07-13,247.0,240.9,50363
SBLD83,2026-07-13,1045.0,1045.0,22166
MAKAR,2026-07-13,455.0,457.0,1300
SNLI,2026-07-13,422.0,422.0,7977
NIBSF2,2026-07-13,8.86,8.46,3702321
SWBBL,2026-07-13,662.1,660.0,9075
BHL,2026-07-13,205.0,201.0,60335
SSHL,2026-07-13,195.0,192.2,78046
CHL,2026-07-13,252.0,253.0,14166
SANIMA,2026-07-13,350.0,344.0,124457
SPHL,2026-07-13,540.0,534.8,3561
BUNGAL,2026-07-13,616.9,575.0,36819
BHDC,2026-07-13,442.0,425.0,5296
NICFC,2026-07-13,9.32,9.16,1800
EBLD91,2026-07-13,1119.0,1119.0,331559
SABBL,2026-07-13,860.0,818.0,13736
MERO,2026-07-13,680.0,673.0,6275
BJHL,2026-07-13,705.0,657.0,8913
KPCL,2026-07-13,464.0,458.0,7794
SBCF,2026-07-13,9.66,9.6,3015900
MNMF1,2026-07-13,9.8,9.8,12150
ANLB,2026-07-13,6736.8,6736.8,10
MKHC,2026-07-13,294.1,286.0,16302
NHDL,2026-07-13,631.0,627.0,11015
ADBLD83,2026-07-13,1090.0,1076.0,78729
HFIN,2026-07-13,654.0,635.0,19731
CITY,2026-07-13,353.1,345.0,160589
RBBF40,2026-07-13,9.5,9.15,2652000
HDL,2026-07-13,1145.0,1142.0,34920
SKHEL,2026-07-13,924.0,862.0,6452
EBLD85,2026-07-13,1140.0,1120.0,29325
RBCL,2026-07-13,14252.0,14450.0,30
GCIL,2026-07-13,325.2,327.0,21175
TPKHL,2026-07-13,520.0,493.0,25046
NMBMF,2026-07-13,595.0,595.0,1265
BNHC,2026-07-13,282.4,275.0,83916
SBI,2026-07-13,390.0,389.8,32122
ALBSL,2026-07-13,1029.0,1041.0,6282
SIGS3,2026-07-13,10.5,10.5,67791
HIDCL,2026-07-13,247.0,246.6,32749
NESDO,2026-07-13,1480.0,1485.0,1324
SMB,2026-07-13,1854.0,1800.0,1557
SADBL,2026-07-13,397.4,398.0,8990
PPCL,2026-07-13,325.0,324.0,32459
CKHL,2026-07-13,577.0,539.0,18075
NADEP,2026-07-13,726.0,719.9,870
HIDCLP,2026-07-13,186.0,183.0,137569
PCBL,2026-07-13,232.0,231.6,54916
CZBIL,2026-07-13,195.0,193.5,39954
CIT,2026-07-13,1680.1,1675.0,4296
MSLB,2026-07-13,1269.0,1209.0,2535
NBF3,2026-07-13,9.95,9.98,14000
PMHPL,2026-07-13,322.4,304.0,5233
BHCL,2026-07-13,488.0,457.0,36748
CIZBD90,2026-07-13,1188.3,1175.0,1295
SPIL,2026-07-13,685.0,689.8,11675
EBL,2026-07-13,695.1,694.0,49185
HLI,2026-07-13,322.8,317.0,18680
SKHL,2026-07-13,883.0,837.6,12275
UAIL,2026-07-13,429.2,427.0,5172
NMLBBL,2026-07-13,522.1,528.0,5471
DHPL,2026-07-13,275.0,257.1,11997
DLBS,2026-07-13,1200.0,1199.9,751
CCBD88,2026-07-13,1230.0,1220.0,75
USHL,2026-07-13,517.6,480.0,950
APHL,2026-07-13,858.0,849.9,18305
MBLD2085,2026-07-13,1171.0,1163.0,50000
NWCL,2026-07-13,705.2,695.0,2008
SHPC,2026-07-13,500.0,485.0,29983
SGIC,2026-07-13,455.0,452.1,4331
SBLD2091,2026-07-13,1070.0,1080.0,10100
PBD85,2026-07-13,1112.0,1112.0,30000
NICGF2,2026-07-13,9.2,9.15,700
HBLD83,2026-07-13,1022.0,1052.0,40025
HURJA,2026-07-13,226.0,222.1,52638
SBLD89,2026-07-13,1260.0,1237.1,170682
IGI,2026-07-13,440.0,417.2,8425
AKJCL,2026-07-13,358.0,343.0,277593
SCB,2026-07-13,638.0,637.0,20869
MKCL,2026-07-13,1070.0,1074.0,1943
AHPC,2026-07-13,261.5,261.0,71919
API,2026-07-13,326.0,322.0,230835
SPDL,2026-07-13,365.0,360.0,18675
SMH,2026-07-13,498.0,490.0,13845
YMHL,2026-07-13,584.0,556.1,16850
JOSHI,2026-07-13,258.0,250.1,9270
GHL,2026-07-13,218.1,216.0,22203
VLBS,2026-07-13,666.1,657.1,1860
ADBL,2026-07-13,301.0,302.5,24807
MLBSL,2026-07-13,1700.0,1665.0,307
GFCL,2026-07-13,605.0,595.1,7347
RNLI,2026-07-13,440.5,439.9,17502
RLFL,2026-07-10,467.7,459.7,25717
JOSHI,2026-07-10,261.0,256.0,6106
MSLB,2026-07-10,1201.0,1232.6,1798
LLBS,2026-07-10,892.0,918.3,54
HRL,2026-07-10,561.1,561.0,36765
MFIL,2026-07-10,771.0,775.0,30764
SHL,2026-07-10,497.8,490.5,16511
SLBSL,2026-07-10,1101.9,1136.0,3863
NICSF,2026-07-10,9.3,9.35,39725
ILBS,2026-07-10,900.0,847.0,3353
MATRI,2026-07-10,825.0,820.1,381
SJCL,2026-07-10,275.0,269.0,6988
RBBF40,2026-07-10,9.25,9.26,2400
BHL,2026-07-10,207.0,203.0,86456
PBLD87,2026-07-10,1095.0,1090.0,358
LSL,2026-07-10,227.8,218.0,100709
GMFBS,2026-07-10,1220.0,1199.0,388
OHL,2026-07-10,669.0,684.5,940
SLBBL,2026-07-10,793.8,790.0,3592
RAWA,2026-07-10,441.0,418.8,20450
CGH,2026-07-10,775.0,775.0,113957
STC,2026-07-10,5179.0,5145.0,1427
SPHL,2026-07-10,540.0,546.0,2284
RHPL,2026-07-10,261.0,260.3,9772
NABBC,2026-07-10,712.0,720.0,21002
MLBSL,2026-07-10,1686.2,1700.0,301
RHGCL,2026-07-10,255.0,260.0,14385
SRBLD83,2026-07-10,1060.0,1052.1,100000
NMBMF,2026-07-10,596.4,599.0,266
SMJC,2026-07-10,440.0,437.0,13024
AKPL,2026-07-10,247.0,252.4,33869
SOPL,2026-07-10,792.6,790.0,33604
MPFL,2026-07-10,591.0,609.9,12428
SHEL,2026-07-10,297.8,295.0,36321
NMB,2026-07-10,240.0,236.5,19929
LBLD86,2026-07-10,1202.8,1228.0,49862
SPIL,2026-07-10,694.0,686.5,787
USLB,2026-07-10,1175.0,1169.0,844
RSY,2026-07-10,9.95,10.1,3200
SMHL,2026-07-10,470.0,460.0,34062
CFCL,2026-07-10,622.5,610.0,41982
BNHC,2026-07-10,300.1,297.2,4076
MKCL,2026-07-10,1082.0,1083.0,1863
HHL,2026-07-10,333.2,333.8,21448
ULHC,2026-07-10,380.0,384.5,17510
SBL,2026-07-10,390.0,389.9,76400
SAPDBL,2026-07-10,765.0,763.0,11763
GRDBL,2026-07-10,1015.3,1039.0,4683
RLEL,2026-07-10,768.0,755.0,5519
HDHPC,2026-07-10,203.1,205.0,87148
AHPC,2026-07-10,263.0,261.5,34581
SANIMA,2026-07-10,353.0,350.0,173609
GFCL,2026-07-10,603.0,605.0,8569
SALICO,2026-07-10,609.7,591.9,4171
GBBD85,2026-07-10,1090.0,1090.0,25
BOKD86KA,2026-07-10,1142.0,1146.5,145730
NIL,2026-07-10,625.0,614.9,4517
NFS,2026-07-10,575.0,567.1,10979
UPCL,2026-07-10,377.0,361.0,38248
RNLI,2026-07-10,449.7,444.0,15966
NADEP,2026-07-10,725.0,724.9,618
NICGF2,2026-07-10,9.12,9.1,6950
NSIF2,2026-07-10,10.6,10.65,800
SPC,2026-07-10,400.0,420.0,752
NMFBS,2026-07-10,1104.2,1106.1,4215
DORDI,2026-07-10,246.0,250.0,20947
CITY,2026-07-10,345.8,356.8,192387
PRVU,2026-07-10,181.0,189.0,77579
MNMF1,2026-07-10,9.8,9.85,85300
CKHL,2026-07-10,570.0,562.0,310
NYADI,2026-07-10,374.0,349.0,22407
RSML,2026-07-10,2940.0,3034.9,41428
KMCDB,2026-07-10,813.6,800.0,1186
RADHI,2026-07-10,670.0,710.0,52400
NIFRA,2026-07-10,244.0,246.0,30253
RIDI,2026-07-10,325.1,324.5,143335
SFEF,2026-07-10,9.95,10.0,300
MLBLD89,2026-07-10,1310.0,1310.0,100
EBLD86,2026-07-10,1095.0,1100.0,45
SBLD83,2026-07-10,1052.0,1038.0,52820
LBBL,2026-07-10,484.0,477.9,9726
MMKJL,2026-07-10,454.0,455.0,1633
CHDC,2026-07-10,2110.0,2117.0,11804
SSHL,2026-07-10,195.5,195.0,93126
SPDL,2026-07-10,370.0,367.9,15833
MMF1,2026-07-10,9.7,9.6,34230
SADBL,2026-07-10,408.0,399.0,12586
MKJC,2026-07-10,448.0,449.8,2568
GBILD84/85,2026-07-10,1125.0,1120.0,130017
RSDC,2026-07-10,654.0,643.0,3140
CIZBD86,2026-07-10,1178.6,1130.0,38024
ENL,2026-07-10,785.0,800.0,566
GWFD83,2026-07-10,1100.0,1072.5,300
MDB,2026-07-10,573.0,567.0,3392
GIBF1,2026-07-10,10.3,10.5,1300
KDL,2026-07-10,771.0,775.1,2429
APHL,2026-07-10,850.0,879.9,45663
SHPC,2026-07-10,497.0,490.0,40738
SHLB,2026-07-10,1413.3,1417.1,132
SCBD,2026-07-10,1141.0,1115.0,181424
HPPL,2026-07-10,363.0,365.0,29137
NWCL,2026-07-10,705.0,706.5,2365
HATHY,2026-07-10,675.0,689.8,3429
MKHL,2026-07-10,490.0,477.0,5085
NHPC,2026-07-10,256.0,253.0,148326
JBBD87,2026-07-10,1130.0,1130.0,10000
SAGF,2026-07-10,10.1,10.25,1400
SBI,2026-07-10,392.0,390.9,9092
JSLBB,2026-07-10,999.0,1028.0,271
NABILD2089,2026-07-10,1090.3,1090.3,25
FMDBL,2026-07-10,760.0,760.0,6910
GMFIL,2026-07-10,456.0,455.0,15923
BGWT,2026-07-10,532.0,516.1,5738
CSY,2026-07-10,9.02,9.05,3500
IHL,2026-07-10,350.0,345.0,6784
SMH,2026-07-10,508.2,497.0,9549
NBF2,2026-07-10,9.99,9.9,12315
SWASTIK,2026-07-10,1970.1,2034.0,244
SMFBS,2026-07-10,1619.9,1568.0,232
MHNL,2026-07-10,226.0,235.0,39780
H8020,2026-07-10,11.65,11.8,22706
LICN,2026-07-10,779.7,776.0,12912
SMATA,2026-07-10,734.0,736.0,850
SHINED,2026-07-10,1140.0,1140.0,10000
BPCL,2026-07-10,653.0,650.0,19571
CORBL,2026-07-10,1690.0,1647.0,73552
GMLI,2026-07-10,1116.0,1149.0,356
SGHL,2026-07-10,455.0,487.0,69740
SADBLP,2026-07-10,220.0,220.0,149638
BHDC,2026-07-10,434.9,430.0,11509
LUK,2026-07-10,10.0,10.0,1600
LEC,2026-07-10,196.5,206.6,57416
CLI,2026-07-10,441.0,444.9,3912
NIBSF2,2026-07-10,8.87,8.86,20300
MAKAR,2026-07-10,455.8,463.0,1536
NMBD89/90,2026-07-10,1313.0,1313.0,139614
AVYAN,2026-07-10,1040.0,1041.0,1386
NLG,2026-07-10,575.0,569.8,4916
SFMF,2026-07-10,10.2,10.2,980
NBL,2026-07-10,251.0,264.5,32108
CHL,2026-07-10,254.0,255.1,8310
NICAD85/86,2026-07-10,1125.2,1150.0,75
SAHAS,2026-07-10,645.2,642.1,151731
NRIC,2026-07-10,940.0,937.9,15390
ICFC,2026-07-10,605.0,598.0,8273
GBLBS,2026-07-10,730.0,737.0,1305
NICAD2091,2026-07-10,1060.1,1074.0,200
MKHC,2026-07-10,295.2,294.7,6432
GBIME,2026-07-10,242.0,239.5,206018
NRM,2026-07-10,320.0,318.0,6711
SABBL,2026-07-10,875.0,860.0,10053
EBL,2026-07-10,705.0,695.0,34233
CZBIL,2026-07-10,186.0,196.2,18811
SJLIC,2026-07-10,414.0,415.0,7543
ALBSL,2026-07-10,1031.0,1061.0,8403
MBJC,2026-07-10,264.0,270.0,5027
CCBD88,2026-07-10,1211.0,1230.0,10010
NIBD84,2026-07-10,1062.0,1062.0,48206
GCIL,2026-07-10,329.0,334.7,20772
PCIL,2026-07-10,606.0,609.9,60547
ADBL,2026-07-10,288.8,303.2,17742
SOHL,2026-07-10,560.0,553.6,45294
HEIP,2026-07-10,336.7,328.3,1846
MEL,2026-07-10,211.2,214.8,8809
SGHC,2026-07-10,320.0,327.0,6565
NMLBBL,2026-07-10,535.0,531.2,6390
SRLI,2026-07-10,376.9,376.9,22469
NIFRAGED,2026-07-10,1040.0,1050.0,163
JBLB,2026-07-10,1240.0,1235.0,3574
SBLD84,2026-07-10,1056.0,1056.0,43600
SIFC,2026-07-10,520.0,520.0,5616
ICFCD89,2026-07-10,1113.0,1113.0,25
TPC,2026-07-10,355.8,353.0,9618
NMB50,2026-07-10,10.25,10.25,2986
NSY,2026-07-10,9.3,9.37,35400
SHINE,2026-07-10,402.0,398.0,14060
NICLBSL,2026-07-10,552.6,551.0,3126
GVL,2026-07-10,461.0,469.8,4931
BFC,2026-07-10,544.1,512.3,45872
KBLD89,2026-07-10,1255.0,1299.8,147306
USHL,2026-07-10,496.8,493.0,2502
KBSH,2026-07-10,1339.0,1319.0,214
MHCL,2026-07-10,317.1,317.0,1410
SKHL,2026-07-10,871.0,883.0,13080
KBL,2026-07-10,210.0,210.4,81682
NIMB,2026-07-10,198.1,190.3,91492
CIZBD90,2026-07-10,1210.0,1225.0,4705
EBLD91,2026-07-10,1090.0,1110.0,26
MCHL,2026-07-10,276.0,274.6,3577
ANLB,2026-07-10,5676.0,6416.0,1203
AKJCL,2026-07-10,330.0,348.7,296296
UNHPL,2026-07-10,390.0,386.0,14789
API,2026-07-10,329.0,325.5,258635
RBBD2088,2026-07-10,1062.0,1060.0,48377
AHL,2026-07-10,420.0,421.0,2658
SMB,2026-07-10,1730.9,1854.0,1107
SBD87,2026-07-10,1127.0,1150.0,251385
BHCL,2026-07-10,474.0,474.0,35162
DHEL,2026-07-10,557.0,575.0,12300
GHL,2026-07-10,215.4,218.9,13133
UPPER,2026-07-10,192.0,190.9,55084
NICFC,2026-07-10,9.14,9.6,2750
KSY,2026-07-10,9.7,9.7,1500
VLBS,2026-07-10,664.1,666.1,941
YMHL,2026-07-10,545.0,584.0,27399
GBIMESY2,2026-07-10,9.31,9.09,1600
NABIL,2026-07-10,534.0,527.8,53475
TTL,2026-07-10,680.7,715.0,6656
SWBBL,2026-07-10,680.0,671.3,19495
TSHL,2026-07-10,355.0,340.0,19296
KDBY,2026-07-10,10.6,10.68,6650
SKBBL,2026-07-10,745.0,746.0,22695
SONA,2026-07-10,407.0,409.0,14322
NTC,2026-07-10,850.0,847.0,4449
BUNGAL,2026-07-10,571.1,600.1,39341
ADBLD83,2026-07-10,1090.0,1090.0,10
MLBBL,2026-07-10,1125.3,1129.9,486
SMPDA,2026-07-10,765.0,772.0,747
NGPL,2026-07-10,409.8,406.9,115383
CHCL,2026-07-10,477.0,478.0,37671
SYPNL,2026-07-10,1300.0,1359.0,22494
SBID83,2026-07-10,1087.0,1090.0,35475
MERO,2026-07-10,690.0,683.0,7572
NRN,2026-07-10,1371.0,1376.0,63259
PMLI,2026-07-10,444.5,442.1,2051
CIT,2026-07-10,1700.0,1684.0,5398
TRH,2026-07-10,780.0,775.0,16690
SPL,2026-07-10,650.0,651.0,762
CBBL,2026-07-10,910.0,911.0,10358
SANVI,2026-07-10,602.0,588.0,8342
ILI,2026-07-10,415.9,415.0,8894
GBILD86/87,2026-07-10,1120.0,1140.0,90
KKHC,2026-07-10,256.0,249.0,25227
HLI,2026-07-10,320.0,318.2,20729
EBLD85,2026-07-10,1104.0,1147.0,331
PROFL,2026-07-10,430.0,433.0,4948
CREST,2026-07-10,1180.0,1189.8,6962
GLH,2026-07-10,246.1,247.2,33842
SIGS2,2026-07-10,10.25,10.2,10000
RFPL,2026-07-10,331.0,330.0,40662
ACLBSL,2026-07-10,920.5,905.0,667
GILB,2026-07-10,1114.9,1090.0,1741
GSY,2026-07-10,10.1,10.0,4500
PPCL,2026-07-10,330.0,329.0,14785
EHPL,2026-07-10,369.6,346.0,20219
NESDO,2026-07-10,1500.0,1509.1,1175
KPCL,2026-07-10,467.5,461.2,8910
MBL,2026-07-10,233.0,245.3,81586
SBLD89,2026-07-10,1270.68,1282.0,177290
SINDU,2026-07-10,686.0,693.0,9583
SLCF,2026-07-10,10.0,10.0,28100
NIMBPO,2026-07-10,141.2,139.0,6314
NBF3,2026-07-10,9.7,10.1,47740
PMHPL,2026-07-10,310.0,313.1,2283
SBCF,2026-07-10,9.65,9.66,31200
PSF,2026-07-10,11.27,11.85,6700
ALICL,2026-07-10,430.0,422.4,52075
PPL,2026-07-10,315.0,322.0,18095
JBBL,2026-07-10,335.0,335.7,8670
SARBTM,2026-07-10,796.0,793.0,7314
GBBL,2026-07-10,402.0,398.0,29466
SICL,2026-07-10,611.0,612.0,3769
HLBSL,2026-07-10,865.0,871.9,311
C30MF,2026-07-10,10.01,10.01,200
NBBD2085,2026-07-10,1105.1,1105.0,16800
MEN,2026-07-10,568.0,560.0,96493
EDBL,2026-07-10,567.0,558.0,1120
DOLTI,2026-07-10,320.5,323.0,17925
USHEC,2026-07-10,479.4,483.2,6585
LVF2,2026-07-10,9.75,9.75,700
JFL,2026-07-10,396.0,376.2,6866
SEF,2026-07-10,9.96,10.22,5300
MND84/85,2026-07-10,1090.0,1100.0,88579
NICL,2026-07-10,505.0,509.1,20350
DLBS,2026-07-10,1169.0,1200.0,279
NIBLSTF,2026-07-10,9.5,8.47,120850
HIMSTAR,2026-07-10,677.9,670.0,2758
SNLI,2026-07-10,421.0,425.0,6562
GLBSL,2026-07-10,1739.0,1770.0,53
LBBLD89,2026-07-10,1320.0,1315.0,307
KHPL,2026-07-10,892.9,897.9,6756
BANDIPUR,2026-07-10,701.0,701.1,22188
BHPL,2026-07-10,499.0,489.0,2432
BBC,2026-07-10,4195.0,4168.0,205
CYCL,2026-07-10,1348.8,1320.0,1615
NICA,2026-07-10,313.5,326.7,65546
MHL,2026-07-10,475.0,471.9,1377
BJHL,2026-07-10,740.0,699.8,5344
NHDL,2026-07-10,631.0,641.0,33801
NMFBSP,2026-07-10,610.0,610.0,8130
ULBSL,2026-07-10,3200.0,3200.0,10
SWMF,2026-07-10,620.0,615.9,1832
RBBD83,2026-07-10,1061.0,1062.0,657906
NIMBD90,2026-07-10,1248.3,1248.3,300
SIPD,2026-07-10,619.5,595.1,9535
FOWAD,2026-07-10,988.0,960.0,1475
SAIL,2026-07-10,901.9,850.0,8462
RBCL,2026-07-10,14250.0,14492.0,100
SCB,2026-07-10,650.0,638.0,18019
DHPL,2026-07-10,281.0,275.0,945
NUBL,2026-07-10,617.0,608.0,1771
MANDU,2026-07-10,800.0,809.0,910
TAMOR,2026-07-10,439.1,439.0,26113
SHIVM,2026-07-10,620.0,621.5,66153
MNBBL,2026-07-10,366.7,362.0,36985
SNORL,2026-07-10,881.0,820.0,38755
HURJA,2026-07-10,230.0,226.0,56263
PURE,2026-07-10,755.0,744.0,3562
PRIN,2026-07-10,681.0,683.0,17699
HEI,2026-07-10,518.0,510.0,16277
UAIL,2026-07-10,434.0,433.0,11356
MLBLPO,2026-07-10,201.0,201.0,10454
NICBF,2026-07-10,9.12,9.1,3000
KEF,2026-07-10,10.14,11.16,20500
RMF1,2026-07-10,9.68,9.8,7600
PRSF,2026-07-10,12.58,12.7,19785
SIKLES,2026-07-10,555.0,550.0,8446
HIDCL,2026-07-10,246.8,247.4,72974
IGI,2026-07-10,440.0,427.8,8062
MBLEF,2026-07-10,9.83,10.0,1000
HLICF,2026-07-10,8.49,8.73,2832
BARUN,2026-07-10,310.0,314.0,23299
KAHL,2026-07-10,477.0,510.0,51203
PCBL,2026-07-10,240.0,231.0,50684
MSHL,2026-07-10,587.0,610.0,703
TVCL,2026-07-10,482.0,470.0,3094
BEDC,2026-07-10,318.0,318.1,14329
DDBL,2026-07-10,829.0,820.0,6310
NMIC,2026-07-10,906.0,912.0,2998
NBLD87,2026-07-10,1125.0,1174.5,781151
UMHL,2026-07-10,551.0,576.0,21273
VLUCL,2026-07-10,424.0,429.0,3444
MEHL,2026-07-10,312.4,310.0,4569
UNL,2026-07-10,47000.0,46550.1,20
RURU,2026-07-10,620.0,612.0,4126
SAGAR,2026-07-10,1560.0,1569.7,3185
NMBD2085,2026-07-10,1131.0,1131.0,15
MABEL,2026-07-10,575.0,584.0,5674
HDL,2026-07-10,1145.0,1142.6,17488
JHAPA,2026-07-10,1094.2,1077.0,8329
RMF2,2026-07-10,9.95,9.95,100
MLBL,2026-07-10,351.0,345.4,15835
SIGS3,2026-07-10,10.43,10.6,13150
NIBLGF,2026-07-10,9.02,9.5,500
HBLD86,2026-07-10,1210.0,1210.0,170
OMPL,2026-07-10,900.0,900.0,3327
KSBBL,2026-07-10,470.0,468.5,26190
UNLB,2026-07-10,1260.1,1272.8,115
UMRH,2026-07-10,523.8,518.0,10160
SGIC,2026-07-10,461.0,460.0,16129
PHCL,2026-07-10,291.1,295.0,50003
TPKHL,2026-07-10,496.0,525.8,31763
HFIN,2026-07-10,658.9,654.0,22186
WNLB,2026-07-10,1330.0,1335.0,499
HBL,2026-07-10,190.0,192.8,42614
SKHEL,2026-07-10,899.0,893.4,11603
NLICL,2026-07-10,580.0,573.0,74867
PBD88,2026-07-10,1265.0,1265.0,200
NMBHF2,2026-07-10,9.39,9.78,3799
NMBD87/88,2026-07-10,1120.0,1155.0,340
UHEWA,2026-07-10,535.6,565.0,23678
MBLD87,2026-07-10,1136.0,1145.1,100003
NLIC,2026-07-10,750.0,741.0,24299
GUFL,2026-07-10,544.0,545.0,6630
HBLD83,2026-07-10,1021.0,1017.0,620
MLBS,2026-07-10,1135.0,1169.0,30
HIDCLP,2026-07-10,186.6,184.5,103028
PCBL,2026-07-09,231.2,231.0,54301
MHL,2026-07-09,472.0,464.0,1844
PPL,2026-07-09,314.0,323.0,15131
NICD83/84,2026-07-09,1045.0,1075.0,115
SARBTM,2026-07-09,805.0,793.0,9174
GMLI,2026-07-09,1142.0,1149.9,849
RURU,2026-07-09,621.1,621.0,1667
CIT,2026-07-09,1685.1,1683.0,3820
LBBL,2026-07-09,473.1,479.0,47958
STC,2026-07-09,5060.0,5190.0,2159
ADBLD83,2026-07-09,1084.0,1084.0,130728
USHL,2026-07-09,505.3,482.5,5723
GHL,2026-07-09,216.8,216.4,36008
EDBL,2026-07-09,555.0,561.0,1390
NBBD2085,2026-07-09,1120.1,1112.0,20700
ILI,2026-07-09,413.6,415.9,3206
GBIME,2026-07-09,243.5,242.0,132974
NMFBS,2026-07-09,1108.0,1104.2,6014
SRLI,2026-07-09,375.3,376.9,19247
RMF1,2026-07-09,9.61,9.7,6200
NBF2,2026-07-09,9.8,9.7,1000
LUK,2026-07-09,10.0,10.03,12920
MABEL,2026-07-09,600.0,578.0,8069
SCB,2026-07-09,645.0,642.0,14689
SIKLES,2026-07-09,550.0,551.9,3189
HIMSTAR,2026-07-09,712.0,678.0,9538
CREST,2026-07-09,1189.0,1196.1,7972
EBLD91,2026-07-09,1090.0,1090.0,40
TSHL,2026-07-09,375.0,349.0,25691
TRH,2026-07-09,780.1,770.0,1951
SIGS3,2026-07-09,10.6,10.45,17900
FMDBL,2026-07-09,767.0,760.0,10388
SALICO,2026-07-09,605.0,592.0,26233
SBI,2026-07-09,388.1,388.3,21382
NICLBSL,2026-07-09,551.0,552.0,3694
TTL,2026-07-09,711.3,716.5,6306
HIDCL,2026-07-09,250.2,248.2,33072
MLBL,2026-07-09,349.5,348.0,13077
MKJC,2026-07-09,445.1,446.1,4777
PHCL,2026-07-09,293.0,293.8,31375
UPPER,2026-07-09,192.0,191.7,58806
HDHPC,2026-07-09,206.7,205.8,67537
SFCL,2026-07-09,375.0,370.0,5290
BUNGAL,2026-07-09,600.0,585.0,42423
NMBMF,2026-07-09,601.0,608.0,1163
SWMF,2026-07-09,615.0,607.9,2531
SGHC,2026-07-09,325.0,331.0,4000
DLBS,2026-07-09,1220.0,1200.0,245
MANDU,2026-07-09,780.0,800.0,4232
SINDU,2026-07-09,690.0,695.0,4152
LSL,2026-07-09,217.0,217.1,61732
RLEL,2026-07-09,800.0,768.0,5453
BARUN,2026-07-09,315.2,312.0,32332
NSIF2,2026-07-09,10.6,10.6,750
GBLBS,2026-07-09,748.0,731.6,1831
HBLD83,2026-07-09,1030.7,1030.0,39380
KBLD89,2026-07-09,1262.0,1262.0,1520
UHEWA,2026-07-09,577.0,563.7,16623
SMPDA,2026-07-09,803.0,785.0,1126
NIFRAGED,2026-07-09,1044.6,1054.9,82
KPCL,2026-07-09,460.3,467.5,2623
NABBC,2026-07-09,693.1,694.4,7341
MATRI,2026-07-09,824.1,826.0,333
MLBS,2026-07-09,1145.0,1144.0,100
BANDIPUR,2026-07-09,721.0,713.0,12877
RNLI,2026-07-09,445.5,449.7,14625
GBBL,2026-07-09,401.1,398.5,27617
NICL,2026-07-09,513.0,513.0,15359
NICGF2,2026-07-09,9.0,9.12,15800
MSLB,2026-07-09,1230.0,1235.0,369
PBD88,2026-07-09,1241.0,1278.0,1
MCHL,2026-07-09,293.0,274.1,9006
LLBS,2026-07-09,900.0,915.9,186
DOLTI,2026-07-09,337.9,321.0,22656
SHINED,2026-07-09,1107.0,1107.2,55
HBL,2026-07-09,191.1,194.0,29763
DHPL,2026-07-09,285.0,275.9,3308
IGI,2026-07-09,427.2,429.5,6957
SBL,2026-07-09,392.0,388.3,59169
RIDI,2026-07-09,327.0,326.5,130033
HDL,2026-07-09,1148.0,1144.0,25218
NMB,2026-07-09,235.0,235.6,38267
PMLI,2026-07-09,445.0,444.5,1509
HLI,2026-07-09,318.0,320.0,21648
MBL,2026-07-09,242.4,245.0,57546
NIBLGF,2026-07-09,9.29,9.29,521
VLBS,2026-07-09,670.0,664.0,1867
LVF2,2026-07-09,9.7,9.95,21800
JFL,2026-07-09,390.0,385.1,2671
PRVU,2026-07-09,190.0,190.0,70993
KKHC,2026-07-09,245.0,249.8,24532
PSF,2026-07-09,11.95,11.6,58350
SKHEL,2026-07-09,920.0,901.0,4535
MND84/85,2026-07-09,1080.0,1080.0,25
GRDBL,2026-07-09,1021.1,1025.1,4343
SHL,2026-07-09,492.9,492.0,33083
CBBL,2026-07-09,919.9,912.0,25423
RBBF40,2026-07-09,9.79,9.5,2700
NMBD2085,2026-07-09,1160.0,1130.0,79985
HIDCLP,2026-07-09,185.9,184.4,107229
MPFL,2026-07-09,610.0,605.0,7597
H8020,2026-07-09,11.76,11.65,700
SANIMA,2026-07-09,353.8,352.1,55167
ALICLP,2026-07-09,239.0,239.0,498960
SONA,2026-07-09,411.0,406.3,35598
AKPL,2026-07-09,252.0,250.0,72613
MKHC,2026-07-09,301.2,297.0,6796
NIFRA,2026-07-09,250.0,244.0,66307
BOKD86KA,2026-07-09,1209.6,1139.0,40
NESDO,2026-07-09,1499.0,1477.0,881
JBLB,2026-07-09,1225.0,1231.0,3616
NLICL,2026-07-09,573.7,570.2,15725
NRN,2026-07-09,1380.1,1372.0,38347
BEDC,2026-07-09,319.0,317.9,9244
CFCL,2026-07-09,611.3,614.0,144859
SBD87,2026-07-09,1116.0,1115.0,10730
BBC,2026-07-09,4115.0,4101.0,155
YMHL,2026-07-09,562.0,552.0,24730
CZBILP,2026-07-09,105.8,105.8,75000
HLICF,2026-07-09,9.16,8.75,4200
SIFC,2026-07-09,521.0,515.0,3474
NBF3,2026-07-09,10.0,9.99,49490
LBBLD89,2026-07-09,1282.0,1282.0,13
ICFCD88,2026-07-09,1120.0,1150.0,175
SOPL,2026-07-09,827.0,792.6,39702
NICAD85/86,2026-07-09,1160.0,1160.0,10
BHPL,2026-07-09,478.2,489.0,5962
BOKD86,2026-07-09,1126.0,1103.0,185318
GIBF1,2026-07-09,10.5,10.33,11200
PROFL,2026-07-09,430.0,432.9,2307
JOSHI,2026-07-09,259.0,254.0,9239
SIGS2,2026-07-09,10.3,10.25,1900
KEF,2026-07-09,10.3,10.23,62450
MDB,2026-07-09,571.0,573.0,6090
MKHL,2026-07-09,475.0,474.5,8217
SANVI,2026-07-09,597.0,594.0,10254
GVL,2026-07-09,466.2,470.0,6136
NIMB,2026-07-09,193.0,191.0,125288
KDL,2026-07-09,794.7,774.9,585
MSHL,2026-07-09,605.0,600.0,2065
SPDL,2026-07-09,365.8,369.9,18187
DORDI,2026-07-09,246.1,246.5,16707
AVYAN,2026-07-09,1030.2,1040.0,567
PBD84,2026-07-09,1120.0,1115.0,16530
SBLD2091,2026-07-09,1082.0,1082.0,14
MNMF1,2026-07-09,9.56,9.8,54620
NADEP,2026-07-09,710.1,726.9,827
WNLB,2026-07-09,1321.0,1326.0,67
CYCL,2026-07-09,1351.1,1379.9,1969
MMF1,2026-07-09,9.5,9.5,65000
BNT,2026-07-09,11600.0,11550.0,40
GBILD84/85,2026-07-09,1100.0,1120.0,181135
NHDL,2026-07-09,644.0,631.0,1413
MFIL,2026-07-09,770.0,772.0,48827
CSY,2026-07-09,9.01,9.02,3600
ICFCD89,2026-07-09,1100.5,1113.0,80
HURJA,2026-07-09,230.0,227.4,32493
EHPL,2026-07-09,359.9,352.0,3829
NFS,2026-07-09,575.5,567.0,6360
SAIL,2026-07-09,824.0,859.0,21914
SMH,2026-07-09,513.0,508.2,4815
JHAPA,2026-07-09,1083.0,1127.0,31997
HATHY,2026-07-09,691.0,689.9,6267
AKJCL,2026-07-09,343.0,347.0,297549
CCBD88,2026-07-09,1228.0,1228.0,25
PCIL,2026-07-09,618.0,609.0,20390
SFMF,2026-07-09,10.2,10.17,10000
SMHL,2026-07-09,466.1,470.0,52642
CITY,2026-07-09,371.3,363.9,169114
MAKAR,2026-07-09,455.3,458.0,775
LBLD86,2026-07-09,1240.0,1202.8,1
APHL,2026-07-09,850.0,871.6,31890
NMIC,2026-07-09,920.0,924.0,1941
PRSF,2026-07-09,12.59,12.58,26077
SMFBS,2026-07-09,1650.0,1589.9,1719
NIMBPO,2026-07-09,142.0,142.0,3937
HBLD86,2026-07-09,1205.0,1205.0,50
BHL,2026-07-09,206.0,205.0,51839
CKHL,2026-07-09,572.4,582.4,1060
NTC,2026-07-09,844.0,847.0,5465
SKBBL,2026-07-09,749.0,743.0,9757
RHPL,2026-07-09,260.0,260.2,14193
SGHL,2026-07-09,471.1,458.8,83860
OMPL,2026-07-09,955.0,900.0,5739
API,2026-07-09,333.8,328.0,138762
NUBL,2026-07-09,601.6,606.0,6643
MNBBL,2026-07-09,365.0,363.0,50083
RHGCL,2026-07-09,259.7,257.9,12540
HLBSL,2026-07-09,850.0,869.0,4231
SGIC,2026-07-09,468.0,460.1,4460
JBBL,2026-07-09,335.0,335.0,29143
SADBL,2026-07-09,400.0,400.5,10933
MEHL,2026-07-09,324.0,314.0,4543
GILB,2026-07-09,1071.6,1100.0,2022
NHPC,2026-07-09,257.9,253.0,135613
GCIL,2026-07-09,336.0,328.1,25487
PRIN,2026-07-09,680.0,680.1,4913
ADBL,2026-07-09,303.5,304.0,13934
MLBSL,2026-07-09,1739.0,1729.9,308
GSY,2026-07-09,9.95,9.95,7155
SICL,2026-07-09,615.0,611.0,5014
NYADI,2026-07-09,373.0,374.0,4846
SYPNL,2026-07-09,1310.0,1340.0,44444
NIMBD90,2026-07-09,1212.0,1212.0,50
KBSH,2026-07-09,1349.3,1301.0,269
CHDC,2026-07-09,2112.0,2109.0,10953
RSY,2026-07-09,9.8,9.95,1100
PURE,2026-07-09,780.0,749.9,8519
ALICL,2026-07-09,430.0,420.0,20644
AHPC,2026-07-09,261.0,260.1,49995
NSY,2026-07-09,9.29,9.47,8900
USHEC,2026-07-09,481.1,483.0,2656
UMHL,2026-07-09,551.0,575.0,19766
MHNL,2026-07-09,239.0,233.0,12347
SPL,2026-07-09,655.0,659.0,1875
SWASTIK,2026-07-09,2050.0,2030.0,587
SPC,2026-07-09,420.0,420.0,1969
GBBLPO,2026-07-09,238.0,238.0,5000
RBCLPO,2026-07-09,11125.0,11399.0,60
NWCL,2026-07-09,714.1,723.5,1120
NMBD87/88,2026-07-09,1133.0,1133.0,127155
NRIC,2026-07-09,940.0,940.0,19948
MEL,2026-07-09,214.0,213.7,23778
MMKJL,2026-07-09,470.0,459.0,1752
NABILD2089,2026-07-09,1153.0,1124.0,2
USLB,2026-07-09,1210.0,1170.0,2206
SNORL,2026-07-09,770.0,879.0,29352
CLI,2026-07-09,444.0,444.0,8752
NIBSF2,2026-07-09,8.75,9.1,4999
TAMOR,2026-07-09,439.0,439.2,11639
DHEL,2026-07-09,568.0,573.9,10667
HFIN,2026-07-09,650.2,658.9,16585
UAIL,2026-07-09,433.1,433.0,5873
SNLI,2026-07-09,427.5,423.1,9490
UPCL,2026-07-09,349.2,359.9,50083
NMBHF2,2026-07-09,9.5,9.4,1650
SBLD84,2026-07-09,1060.0,1029.0,5100
HRL,2026-07-09,564.0,560.0,48029
RSDC,2026-07-09,645.9,643.0,4094
NIL,2026-07-09,606.0,611.2,2434
KMCDB,2026-07-09,779.0,790.0,1876
BHDC,2026-07-09,431.0,429.0,10402
EBL,2026-07-09,700.0,697.0,12059
ULHC,2026-07-09,393.0,381.0,9055
SMATA,2026-07-09,760.0,734.0,1945
SLBSL,2026-07-09,1099.0,1159.8,5638
SSHL,2026-07-09,198.0,195.5,63363
KBLPO,2026-07-09,100.0,100.0,3041
SAHAS,2026-07-09,660.0,644.9,117331
UNHPL,2026-07-09,387.0,385.0,12508
EBLD85,2026-07-09,1116.0,1107.1,30491
SPIL,2026-07-09,688.0,694.0,6962
KBL,2026-07-09,212.0,209.0,107075
GFCL,2026-07-09,615.1,609.0,12646
MLBBL,2026-07-09,1140.0,1140.0,20
NABIL,2026-07-09,532.0,528.6,42398
NMB50,2026-07-09,10.4,10.21,9359
NLIC,2026-07-09,740.0,739.9,17824
ICFC,2026-07-09,604.2,605.0,9895
MBJC,2026-07-09,268.1,268.5,8913
SPHL,2026-07-09,545.0,545.9,3068
HEI,2026-07-09,530.1,518.0,21577
SEF,2026-07-09,10.0,9.96,21400
KSY,2026-07-09,9.65,9.94,36900
GBIMESY2,2026-07-09,9.0,9.04,1600
PFL,2026-07-09,358.0,364.0,4397
SIPD,2026-07-09,600.0,590.0,10144
CGH,2026-07-09,766.0,775.0,3628
SAGF,2026-07-09,10.0,10.25,600
MEN,2026-07-09,565.1,564.0,56042
HPPL,2026-07-09,352.5,365.1,54567
FOWAD,2026-07-09,990.0,960.0,1341
BFC,2026-07-09,518.0,523.0,148814
SOHL,2026-07-09,577.0,570.0,74396
BNHC,2026-07-09,304.1,300.1,5676
SKHL,2026-07-09,955.0,875.2,10327
NRM,2026-07-09,313.2,316.2,2781
RMF2,2026-07-09,10.0,10.0,800
NICAD2091,2026-07-09,1070.0,1070.0,40
CHL,2026-07-09,255.1,256.0,4946
NICBF,2026-07-09,9.33,9.33,900
RBBD83,2026-07-09,1036.6,1036.6,25
SBLD89,2026-07-09,1273.0,1271.0,225110
GUFL,2026-07-09,545.5,544.0,6888
SFEF,2026-07-09,10.0,10.0,17860
ENL,2026-07-09,800.2,800.1,780
SAPDBL,2026-07-09,770.5,769.5,9473
SHEL,2026-07-09,295.0,293.7,30995
IHL,2026-07-09,350.0,348.0,10822
ILBS,2026-07-09,831.3,865.0,1053
ANLB,2026-07-09,5600.0,5798.0,1731
NLG,2026-07-09,580.0,575.0,6286
NMLBBL,2026-07-09,549.0,525.0,7387
SHINE,2026-07-09,403.0,399.9,26083
NBL,2026-07-09,266.0,264.0,31375
SMB,2026-07-09,1810.0,1822.0,2096
RBCL,2026-07-09,14300.0,14201.0,160
HEIP,2026-07-09,337.0,327.0,55
GLBSL,2026-07-09,1780.0,1740.0,598
KAHL,2026-07-09,480.0,477.0,55910
MBLEF,2026-07-09,10.0,10.1,4450
RAWA,2026-07-09,427.0,420.0,23760
CZBIL,2026-07-09,192.1,195.5,42909
NGPL,2026-07-09,402.1,409.0,100458
PPCL,2026-07-09,329.0,328.7,5566
KHPL,2026-07-09,884.0,892.9,10580
NICA,2026-07-09,330.0,329.9,32553
NBLD87,2026-07-09,1093.0,1093.0,25
TPC,2026-07-09,355.5,350.0,9168
LEC,2026-07-09,211.9,206.8,52689
UMRH,2026-07-09,516.0,514.1,4878
SLBBL,2026-07-09,798.0,793.8,6026
SBCF,2026-07-09,9.7,9.6,70281
NICFC,2026-07-09,9.26,9.37,12800
NICSF,2026-07-09,9.35,9.1,52784
GBILD86/87,2026-07-09,1131.0,1119.0,315600
UNLB,2026-07-09,1332.5,1299.0,585
TVCL,2026-07-09,458.5,482.0,8782
BJHL,2026-07-09,784.0,740.0,6061
ACLBSL,2026-07-09,925.0,920.0,477
OHL,2026-07-09,670.0,669.0,232
MERO,2026-07-09,710.0,690.0,12563
SJCL,2026-07-09,267.2,272.3,4770
GMFIL,2026-07-09,460.0,454.3,4410
SHPC,2026-07-09,491.0,489.0,35609
GLH,2026-07-09,247.0,248.9,18441
SMJC,2026-07-09,447.0,440.0,8475
KSBBL,2026-07-09,475.0,470.0,20163
ULBSL,2026-07-09,2780.0,3200.0,2381
CORBL,2026-07-09,1700.0,1710.0,24208
DDBL,2026-07-09,815.2,819.1,6318
RSML,2026-07-09,3000.0,2999.0,53793
PMHPL,2026-07-09,300.3,315.0,5825
SABBL,2026-07-09,950.0,875.0,29111
BGWT,2026-07-09,562.9,560.0,1165
SAGAR,2026-07-09,1541.0,1578.0,4389
SLCF,2026-07-09,10.0,10.08,10600
AHL,2026-07-09,415.1,421.0,4736
VLUCL,2026-07-09,431.0,429.0,2520
SHIVM,2026-07-09,640.0,622.9,85479
RLFL,2026-07-09,439.9,463.3,20070
ALBSL,2026-07-09,1058.0,1064.8,1015
JBBD87,2026-07-09,1132.0,1131.0,20050
UNL,2026-07-09,46600.0,46600.0,10
LICN,2026-07-09,776.0,779.7,9199
SHLB,2026-07-09,1430.0,1436.0,130
KDBY,2026-07-09,10.5,10.67,16710
RADHI,2026-07-09,702.9,705.0,16347
SJLIC,2026-07-09,413.0,414.0,17500
NIBLSTF,2026-07-09,9.17,9.17,2350
GMFBS,2026-07-09,1240.0,1195.0,592
BHCL,2026-07-09,481.0,474.0,45833
RFPL,2026-07-09,333.0,333.8,13606
TPKHL,2026-07-09,500.1,496.0,27489
HHL,2026-07-09,330.6,335.9,13407
SWBBL,2026-07-09,670.0,669.9,43664
MKCL,2026-07-09,1070.0,1082.0,2262
MHCL,2026-07-09,312.2,316.5,4637
BPCL,2026-07-09,641.0,650.0,12759
CHCL,2026-07-09,475.1,477.0,21633
JSLBB,2026-07-09,970.0,1000.0,70
MEHL,2026-07-08,318.1,324.0,550
JBBL,2026-07-08,338.5,339.0,27611
GMFIL,2026-07-08,467.4,456.0,22158
MERO,2026-07-08,676.0,695.0,1574
HIMSTAR,2026-07-08,724.0,713.1,3085
FMDBL,2026-07-08,757.0,749.1,8071
CHL,2026-07-08,261.0,258.0,13321
OHL,2026-07-08,696.9,670.0,310
EBL,2026-07-08,707.0,698.1,19412
RBCL,2026-07-08,14480.0,14210.0,240
AKPL,2026-07-08,244.1,252.0,33244
MLBSL,2026-07-08,1700.0,1739.0,120
NICSF,2026-07-08,9.2,9.4,45900
RHPL,2026-07-08,260.1,261.1,13970
MLBL,2026-07-08,350.5,352.0,21816
SARBTM,2026-07-08,801.0,803.9,11845
CGH,2026-07-08,776.5,776.4,3919
AHL,2026-07-08,437.9,415.1,7024
HLBSL,2026-07-08,882.0,875.0,1764
NMFBS,2026-07-08,1129.5,1110.1,3268
UPCL,2026-07-08,350.0,360.0,62094
SPC,2026-07-08,420.0,422.3,6404
NABIL,2026-07-08,534.0,532.0,32674
NLG,2026-07-08,581.0,574.0,65302
SSHL,2026-07-08,211.0,197.5,64288
UNHPL,2026-07-08,387.1,387.0,16650
SINDU,2026-07-08,677.0,701.0,3824
CYCL,2026-07-08,1400.0,1380.0,896
JBLB,2026-07-08,1235.7,1239.5,2922
MHCL,2026-07-08,328.0,318.2,4284
RBBF40,2026-07-08,10.05,9.83,10481
SPL,2026-07-08,697.1,665.0,1027
JFL,2026-07-08,396.0,390.0,8190
SKHEL,2026-07-08,937.8,912.0,5265
BGWT,2026-07-08,553.0,562.9,3167
RADHI,2026-07-08,720.0,703.0,29386
NBLD85,2026-07-08,1094.0,1096.0,12369
ENL,2026-07-08,840.0,823.0,2109
AKJCL,2026-07-08,360.0,343.0,385593
SNLI,2026-07-08,431.0,427.5,15909
ANLB,2026-07-08,5685.0,5869.0,380
IGI,2026-07-08,430.0,430.0,6707
ULBSL,2026-07-08,3180.0,2840.0,624
ILI,2026-07-08,399.0,418.0,7754
PRIN,2026-07-08,692.0,685.0,6422
NADEP,2026-07-08,720.0,730.0,938
MLBS,2026-07-08,1155.1,1179.0,165
SAIL,2026-07-08,893.5,867.0,15715
CSY,2026-07-08,9.01,9.05,7000
TAMOR,2026-07-08,440.0,439.0,24035
OMPL,2026-07-08,1007.0,955.0,4020
TTL,2026-07-08,757.0,728.5,13612
SHINE,2026-07-08,410.0,403.0,22401
RIDI,2026-07-08,342.0,324.0,145830
BANDIPUR,2026-07-08,726.0,727.0,10025
JHAPA,2026-07-08,1180.0,1140.0,13188
GBLBS,2026-07-08,740.0,748.0,3394
SCB,2026-07-08,642.0,640.0,11710
GMLI,2026-07-08,1150.0,1173.9,858
NMBMF,2026-07-08,601.2,611.0,718
HPPL,2026-07-08,358.0,362.0,23084
KMCDB,2026-07-08,794.0,794.9,1303
SMFBS,2026-07-08,1700.0,1597.9,5309
PHCL,2026-07-08,300.0,293.0,52473
HLI,2026-07-08,329.4,322.0,22294
MBLD2085,2026-07-08,1165.0,1165.0,80000
NSIF2,2026-07-08,10.55,10.6,400
CFCL,2026-07-08,636.0,617.9,68234
SKHL,2026-07-08,971.0,910.0,7251
LBBL,2026-07-08,484.9,477.5,25335
NRM,2026-07-08,320.2,320.0,3666
SICL,2026-07-08,629.0,619.0,2716
NICL,2026-07-08,519.0,519.9,23010
RHGCL,2026-07-08,261.1,262.0,17038
SAGAR,2026-07-08,1540.1,1587.0,6611
NIFRA,2026-07-08,247.0,247.0,38174
NYADI,2026-07-08,371.1,375.0,3384
PPL,2026-07-08,320.1,329.7,5108
SHEL,2026-07-08,295.2,297.0,35370
SFMF,2026-07-08,10.47,10.47,100
SGHL,2026-07-08,505.0,471.1,164060
GHL,2026-07-08,221.0,218.9,15552
NMLBBL,2026-07-08,545.0,541.0,8458
PBD88,2026-07-08,1241.0,1241.0,9976
RSDC,2026-07-08,640.5,645.9,3429
CIT,2026-07-08,1700.0,1688.2,3454
GVL,2026-07-08,467.3,473.0,4501
SMATA,2026-07-08,747.0,743.0,1542
SOPL,2026-07-08,855.0,827.0,48156
TPKHL,2026-07-08,530.0,510.0,38135
USHL,2026-07-08,490.0,481.3,3240
MMF1,2026-07-08,9.9,9.79,17730
UHEWA,2026-07-08,551.0,563.0,41611
LLBS,2026-07-08,924.9,912.0,417
GUFL,2026-07-08,550.1,548.0,9564
NCCD86,2026-07-08,1125.1,1185.0,373575
HEI,2026-07-08,526.0,530.5,30261
SPDL,2026-07-08,386.0,375.1,17802
NICFC,2026-07-08,9.24,9.36,5500
ICFCD89,2026-07-08,1101.0,1115.0,470
SLBSL,2026-07-08,1120.0,1130.0,2081
SBLD84,2026-07-08,1089.0,1089.0,12832
GBILD86/87,2026-07-08,1088.0,1109.9,30055
STC,2026-07-08,5100.0,5150.0,1686
BHPL,2026-07-08,496.0,492.0,6292
BEDC,2026-07-08,327.0,321.1,21763
NMBD2085,2026-07-08,1164.0,1194.0,5
SOHL,2026-07-08,575.0,582.0,52845
NIMBD90,2026-07-08,1248.9,1212.2,35
H8020,2026-07-08,11.65,12.12,2264
BPCL,2026-07-08,650.0,646.9,20052
NICD83/84,2026-07-08,1045.0,1045.0,1870
CHDC,2026-07-08,2120.9,2099.0,8414
SALICO,2026-07-08,593.0,598.0,3711
NIBD84,2026-07-08,1077.0,1077.0,10962
ULHC,2026-07-08,401.0,391.3,11015
CHCL,2026-07-08,485.0,475.1,19146
HATHY,2026-07-08,700.0,703.0,8237
JOSHI,2026-07-08,260.0,259.6,5384
NICBF,2026-07-08,9.6,9.6,7300
SNORL,2026-07-08,750.0,786.5,31280
NABBC,2026-07-08,736.0,710.0,5619
RMF2,2026-07-08,9.81,10.1,1100
NBF3,2026-07-08,9.7,10.0,14250
BNT,2026-07-08,11600.0,11600.0,36
SANIMA,2026-07-08,355.0,353.8,70394
LSL,2026-07-08,218.0,218.0,32918
USHEC,2026-07-08,475.3,485.0,7304
GSY,2026-07-08,10.0,9.95,1700
MAKAR,2026-07-08,460.2,455.3,2460
BOKD86,2026-07-08,1095.0,1119.0,15027
VLBS,2026-07-08,675.0,672.5,3793
TRH,2026-07-08,772.1,776.0,1503
API,2026-07-08,334.0,331.0,119506
YMHL,2026-07-08,590.0,564.2,36973
NICAD2091,2026-07-08,1070.0,1070.0,120
MSHL,2026-07-08,595.0,600.0,1374
EDBL,2026-07-08,560.2,564.9,11660
LICN,2026-07-08,780.0,779.0,4590
MSLB,2026-07-08,1249.9,1242.0,967
TVCL,2026-07-08,466.0,469.0,2740
NIFRAGED,2026-07-08,1044.6,1044.6,25
UNLB,2026-07-08,1337.0,1299.0,278
NMIC,2026-07-08,943.0,938.0,3178
USLB,2026-07-08,1218.0,1210.0,1170
SGIC,2026-07-08,466.0,467.9,13329
JSLBB,2026-07-08,986.0,970.0,1176
UMHL,2026-07-08,572.1,580.0,40260
HBL,2026-07-08,200.0,196.0,47539
PBLD84,2026-07-08,1125.0,1144.0,5653
SADBL,2026-07-08,400.0,400.0,12300
PSF,2026-07-08,11.42,11.95,18100
DOLTI,2026-07-08,336.0,330.0,33112
MKCL,2026-07-08,1080.0,1087.9,960
MBJC,2026-07-08,276.0,271.2,6739
UPPER,2026-07-08,199.0,192.9,66987
NBLD87,2026-07-08,1085.0,1085.0,25
SLCF,2026-07-08,10.0,10.01,3300
NMBHF2,2026-07-08,9.6,9.79,3180
SIGS3,2026-07-08,10.48,10.47,2500
SMH,2026-07-08,520.0,514.0,8555
SAHAS,2026-07-08,654.5,648.0,74375
MHNL,2026-07-08,235.9,234.0,7885
VLUCL,2026-07-08,441.0,435.0,4346
KPCL,2026-07-08,470.0,465.0,5310
PFL,2026-07-08,364.0,364.0,6597
DHEL,2026-07-08,575.0,585.0,7177
WNLB,2026-07-08,1328.1,1346.0,88
KEF,2026-07-08,10.29,10.33,16700
NRIC,2026-07-08,945.0,935.1,16006
RAWA,2026-07-08,431.0,427.0,16193
KKHC,2026-07-08,266.79,250.0,37237
HURJA,2026-07-08,229.1,230.0,37804
HDL,2026-07-08,1150.0,1147.0,20807
FOWAD,2026-07-08,980.0,992.0,4176
MPFL,2026-07-08,620.0,619.7,17295
BHL,2026-07-08,210.0,205.1,86329
SFCL,2026-07-08,367.6,375.0,7839
MBL,2026-07-08,250.0,245.0,67349
UMRH,2026-07-08,539.0,515.0,9160
RSY,2026-07-08,10.01,10.1,66505
CIZBD90,2026-07-08,1139.1,1204.1,93146
MCHL,2026-07-08,290.0,285.0,9671
HHL,2026-07-08,339.0,336.5,19983
RLFL,2026-07-08,470.9,463.0,22973
BJHL,2026-07-08,780.0,766.1,6462
MANDU,2026-07-08,803.0,790.0,3483
GBBL,2026-07-08,409.9,405.0,17879
NIMB,2026-07-08,195.0,192.6,58091
SWMF,2026-07-08,610.0,619.8,2445
ILBS,2026-07-08,896.1,875.0,799
EHPL,2026-07-08,386.0,360.0,15712
SBID83,2026-07-08,1085.0,1085.0,10000
BHCL,2026-07-08,510.0,490.0,29957
RMF1,2026-07-08,9.52,9.78,4700
AHPC,2026-07-08,265.0,260.6,42066
PPCL,2026-07-08,333.0,333.0,12285
KSY,2026-07-08,9.01,9.57,1200
SYPNL,2026-07-08,1300.0,1354.0,36378
SIPD,2026-07-08,601.1,600.0,12126
SFEF,2026-07-08,9.95,9.95,200
GBILD84/85,2026-07-08,1111.0,1100.1,88895
BBC,2026-07-08,4112.0,4215.0,223
SHIVM,2026-07-08,628.0,623.0,66713
NRN,2026-07-08,1370.0,1395.0,67400
HLICF,2026-07-08,9.16,9.16,3400
PRVU,2026-07-08,193.7,190.2,79604
ICFCD88,2026-07-08,1140.0,1140.0,25
NICA,2026-07-08,336.0,332.0,55337
NHDL,2026-07-08,637.0,644.6,1987
MLBBL,2026-07-08,1084.9,1137.0,346
BHDC,2026-07-08,438.0,432.0,9081
ACLBSL,2026-07-08,900.0,925.0,954
RLEL,2026-07-08,860.0,809.0,7238
SWBBL,2026-07-08,680.0,683.9,11096
TSHL,2026-07-08,395.0,379.0,8952
RNLI,2026-07-08,448.0,448.5,13422
RBBD2088,2026-07-08,1083.0,1061.0,131
PMHPL,2026-07-08,320.0,316.1,1667
KBLD89,2026-07-08,1255.0,1290.0,497041
MKHL,2026-07-08,493.9,478.0,3101
MEN,2026-07-08,585.0,569.0,44649
MFIL,2026-07-08,770.0,769.8,46320
LVF2,2026-07-08,9.71,10.0,31733
UAIL,2026-07-08,436.5,436.0,11592
NIBLSTF,2026-07-08,9.34,8.91,9100
UNL,2026-07-08,47200.0,47200.0,10
ADBL,2026-07-08,307.0,304.9,24412
PMLI,2026-07-08,454.0,445.0,2180
IHL,2026-07-08,358.0,357.2,10481
NBL,2026-07-08,257.0,265.0,39787
GILB,2026-07-08,1108.9,1104.0,268
KBSH,2026-07-08,1300.0,1310.0,166
SLBBL,2026-07-08,798.0,798.0,7861
MKHC,2026-07-08,295.0,299.9,6188
HEIP,2026-07-08,329.0,329.0,35
SBD87,2026-07-08,1096.7,1116.0,200035
EBLD85,2026-07-08,1115.0,1107.1,32615
SABBL,2026-07-08,980.0,954.0,5107
RFPL,2026-07-08,345.0,337.0,19620
MATRI,2026-07-08,865.3,840.0,1474
NTC,2026-07-08,850.0,847.0,4358
NLIC,2026-07-08,745.5,739.9,20922
MABEL,2026-07-08,605.0,600.0,7412
BFC,2026-07-08,529.0,518.0,76074
ALICL,2026-07-08,435.0,432.0,7935
HIDCLP,2026-07-08,188.0,185.9,87706
HDHPC,2026-07-08,198.6,206.7,84690
MEL,2026-07-08,219.0,214.0,19721
KAHL,2026-07-08,542.2,487.0,142982
NIFRAUR85/86,2026-07-08,1050.0,1050.0,45
SBI,2026-07-08,387.1,388.7,7856
SIFC,2026-07-08,539.9,524.0,3009
SAGF,2026-07-08,9.95,9.95,300
PBD84,2026-07-08,1088.0,1088.0,13500
CBBL,2026-07-08,915.1,919.9,11723
ICFC,2026-07-08,605.5,608.0,5875
RBCLPO,2026-07-08,11140.0,11444.0,45
SEF,2026-07-08,10.0,9.91,6501
NICGF2,2026-07-08,9.2,9.2,500
GIBF1,2026-07-08,10.46,10.81,2600
NFS,2026-07-08,581.0,575.5,13065
SMPDA,2026-07-08,777.0,782.0,1153
SHLB,2026-07-08,1514.8,1453.3,307
PROFL,2026-07-08,433.1,440.0,3509
NMBD87/88,2026-07-08,1117.0,1145.0,42215
CLI,2026-07-08,458.0,449.0,9139
NICLBSL,2026-07-08,553.0,554.0,3998
SJLIC,2026-07-08,418.6,416.3,17668
PCIL,2026-07-08,640.0,623.0,23862
GLH,2026-07-08,251.0,249.0,21341
SIGS2,2026-07-08,10.31,10.31,150
AVYAN,2026-07-08,1050.5,1052.0,1229
SONA,2026-07-08,418.0,414.6,28253
MHL,2026-07-08,483.0,474.9,3811
KDL,2026-07-08,770.0,784.6,1761
MFLD85,2026-07-08,1102.0,1103.1,50
KBLD90,2026-07-08,1251.4,1202.0,250
HFIN,2026-07-08,700.0,669.1,25742
KBLD86,2026-07-08,1180.0,1180.0,69815
LEC,2026-07-08,200.5,209.8,36498
C30MF,2026-07-08,9.93,10.24,1360
NBF2,2026-07-08,10.1,9.81,19500
SHL,2026-07-08,494.0,493.0,18401
SCBD,2026-07-08,1105.0,1108.1,60974
MNBBL,2026-07-08,363.0,365.0,21812
DLBS,2026-07-08,1186.1,1201.0,1638
LUK,2026-07-08,10.3,10.3,6000
KDBY,2026-07-08,10.48,10.5,225650
HIDCL,2026-07-08,250.0,252.4,45619
SMB,2026-07-08,1880.2,1808.0,3745
SMHL,2026-07-08,479.0,473.0,26066
HRL,2026-07-08,585.0,569.5,39826
SAPDBL,2026-07-08,820.0,778.0,8941
MMKJL,2026-07-08,466.0,466.5,2537
CITY,2026-07-08,359.9,370.0,180593
GRDBL,2026-07-08,1028.1,1043.9,6327
BNHC,2026-07-08,307.0,304.0,6162
CKHL,2026-07-08,576.0,590.0,1190
PURE,2026-07-08,800.0,770.2,7384
SBL,2026-07-08,391.0,389.1,49525
KBL,2026-07-08,215.0,211.8,85303
GLBSL,2026-07-08,1822.0,1780.0,702
DORDI,2026-07-08,250.0,247.0,20342
SRBLD83,2026-07-08,1099.0,1078.0,10026
NGPL,2026-07-08,408.0,405.9,65121
NMB50,2026-07-08,10.37,10.39,15830
GBIME,2026-07-08,249.0,244.0,90962
SBCF,2026-07-08,9.5,9.6,3850
SANVI,2026-07-08,609.1,603.9,10510
KSBBL,2026-07-08,470.1,475.0,7425
SAND2085,2026-07-08,1156.0,1140.0,55287
SRLI,2026-07-08,380.0,379.9,12441
SPHL,2026-07-08,550.0,554.9,12168
SPIL,2026-07-08,688.9,689.0,4704
NABILD87,2026-07-08,1125.0,1125.0,25
MBLEF,2026-07-08,9.95,10.0,800
BUNGAL,2026-07-08,635.0,600.5,84365
GFCL,2026-07-08,607.0,615.0,8112
NUBL,2026-07-08,615.0,615.0,11164
RBBD83,2026-07-08,1038.1,1042.0,36571
PRSF,2026-07-08,12.65,12.59,163123
NWCL,2026-07-08,705.1,713.4,2322
CORBL,2026-07-08,1947.5,1775.0,24658
GBIMESY2,2026-07-08,9.05,9.2,2800
NIBLGF,2026-07-08,9.2,9.29,13900
ALBSL,2026-07-08,1032.0,1066.9,1748
RSML,2026-07-08,3020.0,3040.0,16075
GCIL,2026-07-08,343.0,336.0,21772
MKJC,2026-07-08,475.0,447.0,6303
SIKLES,2026-07-08,547.5,549.0,5403
CREST,2026-07-08,1276.8,1208.5,7080
NIL,2026-07-08,616.8,616.5,4219
SMJC,2026-07-08,445.0,447.0,11914
SJCL,2026-07-08,268.1,273.9,9131
SWASTIK,2026-07-08,2040.0,2057.9,567
SKBBL,2026-07-08,745.1,744.2,11241
NSY,2026-07-08,9.19,9.57,5400
SGHC,2026-07-08,338.0,332.2,6473
LBBLD89,2026-07-08,1335.0,1300.0,200
MNMF1,2026-07-08,9.85,9.85,38385
NMFBSP,2026-07-08,610.0,610.0,9258
NMBD89/90,2026-07-08,1322.2,1312.0,18188
TPC,2026-07-08,352.5,352.1,7716
NIMBPO,2026-07-08,143.5,145.0,2191
HBLD86,2026-07-08,1210.0,1210.0,15
PCBL,2026-07-08,237.0,234.0,40443
EBLD86,2026-07-08,1080.3,1080.3,25
NHPC,2026-07-08,260.0,255.0,136233
CZBIL,2026-07-08,190.0,195.7,28568
DDBL,2026-07-08,825.0,821.1,2707
BARUN,2026-07-08,319.1,317.0,22653
MDB,2026-07-08,588.0,575.0,5930
NESDO,2026-07-08,1515.0,1518.0,710
DHPL,2026-07-08,284.0,281.3,2184
RURU,2026-07-08,635.0,625.0,2498
NMB,2026-07-08,237.2,237.0,15811
GMFBS,2026-07-08,1236.0,1206.0,150
SHPC,2026-07-08,492.6,492.9,19830
APHL,2026-07-08,860.0,857.0,28726
NLICL,2026-07-08,571.0,577.0,7823
KHPL,2026-07-08,880.0,889.0,17680
SINDU,2026-07-07,663.1,712.0,3399
SWBBL,2026-07-07,680.0,688.0,14440
CORBL,2026-07-07,1881.0,2050.0,88493
NICFC,2026-07-07,9.17,9.35,14000
RFPL,2026-07-07,340.0,345.0,21636
SEF,2026-07-07,9.99,10.0,16100
PBD84,2026-07-07,1085.5,1085.1,125
MBJC,2026-07-07,265.1,274.0,16244
MABEL,2026-07-07,610.0,623.0,4815
SMATA,2026-07-07,750.0,746.2,1307
KDL,2026-07-07,770.1,783.0,938
HBLD86,2026-07-07,1205.0,1205.0,25
SAGF,2026-07-07,10.2,10.2,3680
H8020,2026-07-07,11.04,11.9,1650
MKHL,2026-07-07,467.9,480.1,3825
HATHY,2026-07-07,700.0,703.0,5570
KBLD90,2026-07-07,1225.0,1215.0,169867
GBIME,2026-07-07,240.0,248.5,689108
SNORL,2026-07-07,833.8,753.4,81130
GCIL,2026-07-07,346.0,343.0,18615
UMHL,2026-07-07,582.0,575.0,13721
HLBSL,2026-07-07,858.1,880.0,1335
SMJC,2026-07-07,444.0,448.0,18170
GBIMESY2,2026-07-07,9.2,9.04,2525
SLBBL,2026-07-07,802.1,805.0,2627
SARBTM,2026-07-07,804.0,808.0,4377
NMBMF,2026-07-07,611.0,609.0,2227
NLG,2026-07-07,570.0,583.0,6055
NESDO,2026-07-07,1500.0,1532.0,1281
MLBL,2026-07-07,357.9,356.8,4977
UNHPL,2026-07-07,371.0,392.0,26969
MMF1,2026-07-07,9.75,9.68,40360
ADBL,2026-07-07,290.0,308.0,25330
CBBL,2026-07-07,912.1,923.0,21087
GMLI,2026-07-07,1190.7,1185.0,550
MEHL,2026-07-07,311.5,326.0,1887
BOKD86KA,2026-07-07,1247.0,1247.0,10
ICFC,2026-07-07,615.3,616.0,1063
CHL,2026-07-07,261.0,261.0,7942
EHPL,2026-07-07,355.6,367.8,6355
NIMBD90,2026-07-07,1287.5,1287.5,67
SKHEL,2026-07-07,931.0,957.0,3825
PCBL,2026-07-07,235.0,236.7,25718
PRSF,2026-07-07,12.55,12.58,76900
NBF3,2026-07-07,10.0,10.0,19400
UNL,2026-07-07,47300.0,47300.0,10
GILB,2026-07-07,1083.1,1108.9,479
JOSHI,2026-07-07,261.0,265.0,7356
ANLB,2026-07-07,7136.0,5860.0,1841
YMHL,2026-07-07,600.0,595.0,34422
GBILD86/87,2026-07-07,1088.1,1087.2,77515
AHPC,2026-07-07,261.2,264.8,72802
SICL,2026-07-07,629.0,621.1,2246
AHL,2026-07-07,433.0,425.6,8109
CCBD88,2026-07-07,1295.0,1265.0,60
FMDBL,2026-07-07,759.0,764.0,5944
TTL,2026-07-07,700.2,737.0,4646
PFL,2026-07-07,362.0,366.0,3451
SMB,2026-07-07,1930.1,1930.0,1616
NRIC,2026-07-07,930.0,953.0,31322
UPPER,2026-07-07,190.2,194.0,74050
SBID83,2026-07-07,1063.6,1085.0,5100
GLH,2026-07-07,250.0,254.0,8267
NICD88,2026-07-07,1077.3,1077.0,50
HFIN,2026-07-07,700.0,700.0,24822
HDL,2026-07-07,1147.1,1150.0,19454
MSHL,2026-07-07,592.0,595.0,67
NRN,2026-07-07,1399.0,1405.0,30251
UHEWA,2026-07-07,570.0,580.0,33996
PMLI,2026-07-07,430.0,450.0,3726
SGIC,2026-07-07,468.0,472.0,11447
PSF,2026-07-07,11.51,11.76,1800
NHDL,2026-07-07,633.0,637.0,218
IGI,2026-07-07,430.3,434.0,2905
LBLD88,2026-07-07,1095.0,1100.0,75
PMHPL,2026-07-07,305.0,325.7,3020
FOWAD,2026-07-07,980.0,1000.0,1753
GMFBS,2026-07-07,1212.0,1209.0,314
GVL,2026-07-07,472.0,475.0,15252
NBLD82,2026-07-07,1056.3,1094.0,14905
BUNGAL,2026-07-07,630.0,635.0,79467
NIFRA,2026-07-07,248.0,249.0,35502
DOLTI,2026-07-07,330.0,336.0,15917
BGWT,2026-07-07,560.0,569.1,2621
SBI,2026-07-07,393.8,392.0,27535
MSLB,2026-07-07,1238.0,1240.0,322
SHINE,2026-07-07,400.1,407.8,12086
MAKAR,2026-07-07,464.0,467.0,1070
MBLD87,2026-07-07,1117.0,1117.0,10000
MERO,2026-07-07,699.9,690.0,7813
NBLD87,2026-07-07,1095.0,1095.0,35
SPL,2026-07-07,673.0,664.0,1550
BFC,2026-07-07,525.09,529.0,38489
MLBS,2026-07-07,1204.0,1184.9,167
SWASTIK,2026-07-07,2062.0,2066.1,160
NBL,2026-07-07,265.0,269.9,40931
NYADI,2026-07-07,378.0,377.1,5218
NICL,2026-07-07,514.0,520.9,23477
NABIL,2026-07-07,527.0,534.0,192322
NICSF,2026-07-07,9.2,9.16,1700
SIGS3,2026-07-07,10.44,10.6,900
SMH,2026-07-07,521.1,523.0,9468
NICA,2026-07-07,334.0,340.0,50145
SHIVM,2026-07-07,626.2,629.0,92320
SGHL,2026-07-07,477.0,503.1,156960
KEF,2026-07-07,10.5,10.3,35780
SPDL,2026-07-07,377.0,376.0,43346
AVYAN,2026-07-07,1049.0,1061.3,1833
ENL,2026-07-07,850.0,820.0,869
SOHL,2026-07-07,603.1,604.8,43835
GBLBS,2026-07-07,759.5,751.9,551
DHEL,2026-07-07,573.0,592.0,19267
SJLIC,2026-07-07,427.0,421.0,25062
HLI,2026-07-07,325.0,324.0,17720
SRLI,2026-07-07,375.5,381.5,18795
PPCL,2026-07-07,342.0,336.0,9415
EBL,2026-07-07,700.0,707.0,117031
CFCL,2026-07-07,602.0,628.0,96032
GRDBL,2026-07-07,1021.1,1044.8,6744
ICFCD89,2026-07-07,1100.3,1100.3,25
ILBS,2026-07-07,895.0,870.0,869
MHL,2026-07-07,459.0,491.0,26619
STC,2026-07-07,5177.0,5175.0,2316
KBSH,2026-07-07,1370.4,1330.0,1066
RHPL,2026-07-07,260.0,263.0,8851
SBL,2026-07-07,393.9,389.7,95185
GUFL,2026-07-07,545.0,556.9,2660
BNT,2026-07-07,11650.0,11650.0,20
HIDCLP,2026-07-07,188.0,188.9,117104
JFL,2026-07-07,396.0,396.9,2444
NIBLSTF,2026-07-07,8.61,9.07,12750
HHL,2026-07-07,335.0,345.0,24816
BANDIPUR,2026-07-07,725.0,737.9,10249
BEDC,2026-07-07,332.9,331.1,17683
NWCL,2026-07-07,742.4,723.0,927
KHPL,2026-07-07,846.5,885.0,15086
CREST,2026-07-07,1199.0,1216.0,19652
SAGAR,2026-07-07,1550.0,1585.0,10864
VLUCL,2026-07-07,441.0,449.9,600
CYCL,2026-07-07,1300.0,1400.0,1064
NMIC,2026-07-07,950.0,942.2,3384
KSBBL,2026-07-07,474.0,476.0,25657
LSL,2026-07-07,218.0,220.4,76065
RSML,2026-07-07,3001.0,3097.0,36795
GHL,2026-07-07,221.9,222.0,25964
TRH,2026-07-07,772.0,780.0,447
VLBS,2026-07-07,681.1,685.1,4299
UNLB,2026-07-07,1374.3,1299.0,463
RADHI,2026-07-07,680.0,710.0,41487
SBCF,2026-07-07,9.5,9.75,55946
GFCL,2026-07-07,615.0,620.0,10612
RSY,2026-07-07,9.81,10.19,51410
UMRH,2026-07-07,520.0,525.0,3483
TPC,2026-07-07,353.0,359.2,33897
HDHPC,2026-07-07,193.8,209.0,188012
SPC,2026-07-07,415.0,418.0,3415
TSHL,2026-07-07,394.0,395.0,5944
BBC,2026-07-07,4238.0,4223.0,623
ULBSL,2026-07-07,2755.0,3180.0,3314
MKHC,2026-07-07,302.0,298.0,13908
KPCL,2026-07-07,474.9,469.9,10988
SGHC,2026-07-07,340.0,338.0,3496
MEL,2026-07-07,218.0,219.9,9433
NSY,2026-07-07,9.24,9.41,23490
CSY,2026-07-07,9.2,9.01,11132
LVF2,2026-07-07,9.75,10.0,26300
SHEL,2026-07-07,295.0,299.4,51973
SMPDA,2026-07-07,780.0,789.9,1291
HURJA,2026-07-07,228.0,231.9,28024
MPFL,2026-07-07,607.0,622.8,5306
BHPL,2026-07-07,510.0,508.0,2803
GBBL,2026-07-07,383.8,405.0,49746
NTC,2026-07-07,848.0,848.0,4249
NLICL,2026-07-07,574.0,576.1,7316
ILI,2026-07-07,415.0,420.0,6687
C30MF,2026-07-07,9.81,10.2,25050
TVCL,2026-07-07,475.0,478.1,7896
USHEC,2026-07-07,483.2,488.2,6300
NICBF,2026-07-07,9.36,9.36,600
NICAD85/86,2026-07-07,1126.0,1131.0,40201
SMHL,2026-07-07,465.0,479.0,57575
SOPL,2026-07-07,835.1,855.0,38411
JHAPA,2026-07-07,1200.0,1181.0,12000
AKPL,2026-07-07,255.0,256.9,42004
NIBLGF,2026-07-07,9.46,9.3,2750
SJCL,2026-07-07,268.1,275.5,9410
NFS,2026-07-07,604.9,597.0,12159
USLB,2026-07-07,1200.0,1218.7,1162
TAMOR,2026-07-07,442.0,445.0,49043
MLBSL,2026-07-07,1754.0,1750.0,527
SANVI,2026-07-07,588.4,620.0,6841
ULHC,2026-07-07,403.1,410.0,5387
SCBD,2026-07-07,1103.0,1103.0,25
NSIF2,2026-07-07,10.54,10.54,100
GMFIL,2026-07-07,450.0,465.0,6263
RURU,2026-07-07,636.0,637.0,6337
EBLD91,2026-07-07,1100.0,1100.0,18420
HBL,2026-07-07,196.0,200.0,40248
SAHAS,2026-07-07,640.1,655.0,52775
NABBC,2026-07-07,750.0,750.0,7985
SLCF,2026-07-07,10.0,10.1,2400
NIMBPO,2026-07-07,146.0,147.9,1384
SONA,2026-07-07,417.2,420.0,8814
RLFL,2026-07-07,464.1,467.9,19594
DHPL,2026-07-07,290.4,292.0,3589
CIZBD90,2026-07-07,1215.0,1106.0,12270
KMCDB,2026-07-07,809.0,818.0,413
DORDI,2026-07-07,248.0,252.0,16049
RSDC,2026-07-07,669.0,647.0,2326
SALICO,2026-07-07,596.3,602.6,4340
MNMF1,2026-07-07,9.6,9.85,3610
SFCL,2026-07-07,396.9,386.9,4897
UPCL,2026-07-07,351.5,360.0,47764
NLIC,2026-07-07,751.5,746.9,23714
SNLI,2026-07-07,446.0,433.8,7392
KDBY,2026-07-07,10.31,10.48,326800
CLI,2026-07-07,445.0,458.0,7869
WNLB,2026-07-07,1350.0,1352.2,116
SPIL,2026-07-07,690.0,693.9,7589
LBBL,2026-07-07,476.0,482.0,19959
BNHC,2026-07-07,309.8,307.0,2928
SIFC,2026-07-07,540.0,539.7,2635
SHPC,2026-07-07,499.9,493.6,73448
NICLBSL,2026-07-07,560.0,555.9,1703
CKHL,2026-07-07,570.0,593.0,1000
LEC,2026-07-07,208.2,211.0,33106
RAWA,2026-07-07,431.0,436.0,23723
CHDC,2026-07-07,2090.0,2098.1,8200
RHGCL,2026-07-07,268.0,269.0,15663
GBILD84/85,2026-07-07,1123.0,1125.0,2483
BHDC,2026-07-07,457.0,437.9,4794
SAIL,2026-07-07,870.0,895.9,16220
HIMSTAR,2026-07-07,721.1,740.0,3798
GBBD85,2026-07-07,1091.0,1098.0,152892
KBL,2026-07-07,213.8,214.8,154693
MCHL,2026-07-07,282.0,290.0,5362
EBLD86,2026-07-07,1089.9,1082.0,70
APHL,2026-07-07,850.0,870.0,20186
SABBL,2026-07-07,980.1,989.8,3573
USHL,2026-07-07,525.0,498.3,3515
SAPDBL,2026-07-07,773.0,786.0,15386
HPPL,2026-07-07,359.0,361.9,24662
SHLB,2026-07-07,1532.0,1520.0,125
LICN,2026-07-07,778.0,787.9,6043
SFEF,2026-07-07,9.95,9.95,400
RBBF40,2026-07-07,9.2,10.36,10150
JSLBB,2026-07-07,1025.0,985.6,476
NMB50,2026-07-07,10.49,10.69,4500
MKJC,2026-07-07,462.0,462.0,6136
PRIN,2026-07-07,683.0,692.0,2927
HIDCL,2026-07-07,251.1,253.0,35413
SHL,2026-07-07,499.8,496.0,54285
MKCL,2026-07-07,1098.0,1097.0,2259
SWMF,2026-07-07,614.0,622.0,3164
MHNL,2026-07-07,240.9,235.5,12325
NMBHF2,2026-07-07,9.51,9.57,4500
API,2026-07-07,330.0,334.9,146305
NICAD2091,2026-07-07,1055.1,1056.1,50
CITY,2026-07-07,363.9,378.8,241373
MNBBL,2026-07-07,358.0,364.0,34542
PROFL,2026-07-07,442.0,439.0,2904
DLBS,2026-07-07,1237.0,1216.1,923
EDBL,2026-07-07,560.0,567.5,3810
SKBBL,2026-07-07,753.0,751.0,35157
ADBLD83,2026-07-07,1070.0,1084.9,167046
RBCL,2026-07-07,14500.0,14500.0,90
SANIMA,2026-07-07,358.0,355.0,98731
NMLBBL,2026-07-07,545.0,553.9,5680
KAHL,2026-07-07,462.5,516.4,2530
MBL,2026-07-07,245.0,248.0,67777
NICGF2,2026-07-07,8.99,9.15,1500
PCIL,2026-07-07,602.3,639.8,20793
OHL,2026-07-07,690.0,689.9,304
MATRI,2026-07-07,870.0,865.2,148
NCCD86,2026-07-07,1180.0,1144.6,3
HLICF,2026-07-07,9.0,8.9,700
NHPC,2026-07-07,255.0,260.0,155050
GSY,2026-07-07,9.9,10.1,344290
MHCL,2026-07-07,318.1,334.0,4162
NMB,2026-07-07,238.0,239.0,60096
BHL,2026-07-07,209.9,210.0,42951
BJHL,2026-07-07,791.0,800.0,5412
NIMB,2026-07-07,193.0,195.9,74983
PPL,2026-07-07,320.1,336.9,7212
SIGS2,2026-07-07,10.5,10.6,3000
NGPL,2026-07-07,410.0,413.0,99920
MFLD85,2026-07-07,1101.7,1101.7,15
BHCL,2026-07-07,515.0,516.0,16873
SIKLES,2026-07-07,560.0,555.0,10935
CZBIL,2026-07-07,187.2,199.5,66542
SLBSL,2026-07-07,1179.3,1154.0,4163
UAIL,2026-07-07,440.0,442.7,10953
PRVU,2026-07-07,190.5,193.7,116751
MBLEF,2026-07-07,9.97,9.95,2650
SYPNL,2026-07-07,1283.5,1367.5,28176
MMKJL,2026-07-07,465.0,466.0,1809
HEI,2026-07-07,536.0,541.0,8569
RNLI,2026-07-07,455.0,449.3,13131
LUK,2026-07-07,10.71,10.4,5200
NRM,2026-07-07,326.9,323.0,3776
AKJCL,2026-07-07,345.2,355.0,349480
CHCL,2026-07-07,480.0,479.1,11937
NABILD87,2026-07-07,1140.0,1140.0,27548
CGH,2026-07-07,778.0,780.0,45335
MLBBL,2026-07-07,1137.0,1142.0,2270
SDBD87,2026-07-07,1115.0,1112.1,6
OMPL,2026-07-07,995.0,988.0,2921
NUBL,2026-07-07,616.0,623.0,6328
SKHL,2026-07-07,920.0,925.0,9076
ACLBSL,2026-07-07,920.0,925.0,584
MLBLD89,2026-07-07,1272.1,1272.1,25
BPCL,2026-07-07,648.0,653.9,9422
RMF1,2026-07-07,9.81,9.81,1550
JBLB,2026-07-07,1249.9,1240.0,4173
NMFBS,2026-07-07,1119.0,1114.0,2844
GIBF1,2026-07-07,10.69,10.69,500
NADEP,2026-07-07,720.0,720.0,720
CIT,2026-07-07,1695.0,1695.0,4851
NBF2,2026-07-07,10.3,10.0,2000
BARUN,2026-07-07,322.0,322.0,20307
NIL,2026-07-07,629.9,616.8,6442
KKHC,2026-07-07,267.8,259.4,28052
GLBSL,2026-07-07,1745.5,1770.0,222
PURE,2026-07-07,791.0,814.0,3076
DDBL,2026-07-07,826.2,825.0,6858
SBLD89,2026-07-07,1309.7,1310.0,60
SCB,2026-07-07,649.9,646.0,20745
SMFBS,2026-07-07,1620.5,1644.0,448
BOKD86,2026-07-07,1072.3,1095.0,91
JBBL,2026-07-07,339.0,345.0,26329
IHL,2026-07-07,370.0,358.0,3395
NBLD85,2026-07-07,1075.0,1086.9,4965
HRL,2026-07-07,575.0,579.0,50356
SPHL,2026-07-07,551.0,546.3,2120
TPKHL,2026-07-07,540.0,530.5,57686
KSY,2026-07-07,9.4,9.2,28400
MEN,2026-07-07,572.0,574.0,111938
SADBL,2026-07-07,405.0,403.5,27263
ALBSL,2026-07-07,1060.0,1069.9,8085
RLEL,2026-07-07,830.0,840.0,3582
MANDU,2026-07-07,812.0,806.2,455
SIPD,2026-07-07,600.0,609.0,14593
LLBS,2026-07-07,928.9,924.9,452
PHCL,2026-07-07,281.7,299.9,26636
NIBSF2,2026-07-07,8.8,8.98,14314
EBLD85,2026-07-07,1132.0,1097.0,129936
MDB,2026-07-07,579.0,584.0,4752
SBLD2091,2026-07-07,1090.0,1090.0,25
SSHL,2026-07-07,199.0,201.0,101125
RIDI,2026-07-07,307.8,335.5,233464
ALICL,2026-07-07,442.8,435.0,16956
MFIL,2026-07-07,771.0,774.5,70988
NBLD87,2026-07-06,1095.0,1095.0,25
CYCL,2026-07-06,1400.0,1348.4,2525
NABBC,2026-07-06,740.0,745.0,4552
SMPDA,2026-07-06,804.0,780.0,918
BEDC,2026-07-06,350.7,329.9,21623
KPCL,2026-07-06,472.8,469.0,3597
CHDC,2026-07-06,2080.1,2088.0,7881
OHL,2026-07-06,671.1,690.0,375
PFL,2026-07-06,360.0,362.0,8394
PPCL,2026-07-06,340.0,342.0,7065
SEF,2026-07-06,9.98,10.0,20300
SMHL,2026-07-06,470.0,465.0,12898
GFCL,2026-07-06,627.0,605.7,24735
NFS,2026-07-06,649.9,592.0,51456
NBL,2026-07-06,270.0,265.5,29755
NMFBS,2026-07-06,1106.0,1119.0,1503
SPIL,2026-07-06,675.0,690.0,8180
PRSF,2026-07-06,12.61,12.54,51500
CFCL,2026-07-06,589.0,633.6,245145
UNLB,2026-07-06,1381.0,1311.0,628
SIFC,2026-07-06,523.1,533.0,5236
BHL,2026-07-06,213.9,207.9,53963
MDB,2026-07-06,572.1,577.9,6231
SIPD,2026-07-06,621.4,613.0,8457
ILBS,2026-07-06,850.0,870.0,2153
HLBSL,2026-07-06,856.0,860.0,859
NMBD2085,2026-07-06,1195.0,1164.0,41
FOWAD,2026-07-06,1000.0,985.0,2052
GLBSL,2026-07-06,1825.0,1761.0,1451
PMLI,2026-07-06,441.5,446.0,4130
NMB50,2026-07-06,10.19,10.19,7500
BFC,2026-07-06,561.7,528.0,95344
SBI,2026-07-06,389.0,393.9,16623
NICFC,2026-07-06,9.4,9.39,32500
NIMBPO,2026-07-06,149.3,149.2,274
JOSHI,2026-07-06,265.0,262.9,7473
MLBSL,2026-07-06,1715.0,1740.0,258
MKJC,2026-07-06,465.0,462.0,5234
KSY,2026-07-06,9.51,9.67,600
AVYAN,2026-07-06,1070.0,1059.9,2230
DLBS,2026-07-06,1299.0,1240.0,400
SWMF,2026-07-06,614.0,613.0,1879
CKHL,2026-07-06,600.0,582.5,893
APHL,2026-07-06,853.1,887.0,26917
MKCL,2026-07-06,1080.0,1086.0,1387
RSML,2026-07-06,3360.0,3070.0,18466
EBL,2026-07-06,702.0,696.0,34303
SMATA,2026-07-06,749.0,744.0,758
NLG,2026-07-06,577.1,577.7,640
SADBL,2026-07-06,388.0,401.5,8689
NICL,2026-07-06,514.1,519.0,7975
KBSH,2026-07-06,1430.0,1330.5,222
NMBMF,2026-07-06,606.1,610.0,2838
KKHC,2026-07-06,273.6,260.0,83612
PMHPL,2026-07-06,334.1,317.0,3657
GBILD86/87,2026-07-06,1100.0,1080.0,80390
EHPL,2026-07-06,374.0,364.0,9317
NMLBBL,2026-07-06,542.0,543.0,4025
NIBLGF,2026-07-06,9.02,9.5,6800
SHIVM,2026-07-06,633.0,625.1,102859
HIDCLP,2026-07-06,189.6,185.7,92367
NICSF,2026-07-06,9.24,9.35,18300
RHPL,2026-07-06,262.0,262.0,6623
SHINED,2026-07-06,1125.0,1125.0,50
NESDO,2026-07-06,1550.0,1529.9,596
AKPL,2026-07-06,243.3,255.0,29032
KMCDB,2026-07-06,797.0,809.0,1915
BHDC,2026-07-06,438.0,436.1,5889
ALBSL,2026-07-06,1060.0,1066.1,1385
SBIBD86,2026-07-06,1184.5,1184.5,10
CCBD88,2026-07-06,1289.0,1258.1,10430
JSLBB,2026-07-06,1000.0,1025.0,113
NIMBD90,2026-07-06,1274.0,1250.0,49344
CITY,2026-07-06,397.9,383.0,182994
SABBL,2026-07-06,1030.0,983.0,3739
CHL,2026-07-06,270.0,261.0,5118
NICA,2026-07-06,343.0,334.0,40166
AKJCL,2026-07-06,358.2,345.0,280889
HLICF,2026-07-06,9.06,8.9,3584
NYADI,2026-07-06,360.0,380.0,4715
SLBBL,2026-07-06,806.0,802.1,3489
ENL,2026-07-06,820.0,828.0,440
NHDL,2026-07-06,625.0,640.0,14681
KEF,2026-07-06,10.57,10.65,2900
TTL,2026-07-06,740.3,737.0,4461
CZBIL,2026-07-06,199.0,197.0,28624
SHPC,2026-07-06,505.0,494.1,18504
PBD88,2026-07-06,1270.0,1241.6,760
MMF1,2026-07-06,9.75,9.47,11150
SMB,2026-07-06,1962.0,1921.0,4014
SHL,2026-07-06,500.0,493.0,27533
SIGS2,2026-07-06,10.8,10.5,2350
H8020,2026-07-06,11.62,11.62,200
NIBD84,2026-07-06,1079.9,1109.9,486043
SRBLD83,2026-07-06,1091.9,1099.0,5
MNBBLP,2026-07-06,236.2,236.2,40000
SSHL,2026-07-06,201.9,196.8,67341
SOPL,2026-07-06,875.0,852.0,46845
BBC,2026-07-06,4192.0,4136.0,351
HFIN,2026-07-06,722.0,700.0,27090
VLBS,2026-07-06,681.1,683.1,1018
CHCL,2026-07-06,482.0,479.0,7045
BHCL,2026-07-06,522.0,520.0,34509
PURE,2026-07-06,810.0,813.0,5840
SKBBL,2026-07-06,755.0,749.0,12088
LBBLD89,2026-07-06,1320.0,1320.0,200
MBLEF,2026-07-06,9.98,10.0,3400
BNHC,2026-07-06,305.0,306.2,1635
SCBD,2026-07-06,1126.5,1126.5,75
NBLD82,2026-07-06,1056.4,1056.3,50
GCIL,2026-07-06,372.7,345.6,16154
MEHL,2026-07-06,327.0,321.0,1280
SBCF,2026-07-06,9.53,9.66,10400
C30MF,2026-07-06,9.92,9.92,600
SMH,2026-07-06,540.0,522.0,3982
STC,2026-07-06,5071.0,5177.0,1263
BHPL,2026-07-06,510.0,518.0,4523
ADBLD83,2026-07-06,1077.2,1070.0,585
DORDI,2026-07-06,250.0,248.0,21033
RBCL,2026-07-06,14599.0,14200.0,281
SLBSL,2026-07-06,1177.2,1160.0,2968
DDBL,2026-07-06,831.0,825.1,4611
SLCF,2026-07-06,10.02,10.01,85450
HPPL,2026-07-06,357.0,358.8,23643
EBLD85,2026-07-06,1150.0,1150.1,100
PHCL,2026-07-06,296.1,296.5,48714
BPCL,2026-07-06,652.0,648.0,31858
MFIL,2026-07-06,770.0,773.0,38800
RHGCL,2026-07-06,275.0,262.0,22726
MAKAR,2026-07-06,475.0,464.0,3150
GMFIL,2026-07-06,465.5,464.8,10107
SKHEL,2026-07-06,1029.0,950.0,3750
SGIC,2026-07-06,465.0,468.0,4811
MERO,2026-07-06,705.0,690.1,5348
KAHL,2026-07-06,410.1,449.1,470
SHINE,2026-07-06,401.5,400.0,12241
RSDC,2026-07-06,670.0,650.0,3177
NICGF2,2026-07-06,9.45,9.2,7700
HURJA,2026-07-06,231.0,230.4,25766
CLI,2026-07-06,444.0,451.9,5660
TPC,2026-07-06,360.0,354.0,32375
SBL,2026-07-06,394.8,388.4,53220
NIBLSTF,2026-07-06,9.5,8.6,3700
IHL,2026-07-06,368.0,364.0,3997
LLBS,2026-07-06,914.0,924.0,801
PRIN,2026-07-06,701.0,689.9,17880
SALICO,2026-07-06,591.2,598.3,31753
SANVI,2026-07-06,635.0,619.3,3978
PSF,2026-07-06,11.8,11.76,36300
RSY,2026-07-06,10.2,10.0,79800
PCIL,2026-07-06,645.6,634.0,31985
BANDIPUR,2026-07-06,737.1,727.0,10680
KHPL,2026-07-06,855.0,869.9,13938
MSLB,2026-07-06,1235.0,1238.0,514
TPKHL,2026-07-06,554.8,555.0,51401
SINDU,2026-07-06,696.0,698.0,2973
LUK,2026-07-06,10.01,10.5,24447
ACLBSL,2026-07-06,922.1,916.0,1645
HRL,2026-07-06,578.1,578.5,29470
HBL,2026-07-06,198.3,196.5,34660
SHEL,2026-07-06,300.0,296.0,36907
CREST,2026-07-06,1306.7,1214.9,5233
JBBL,2026-07-06,340.0,335.0,25632
ICFCD89,2026-07-06,1091.2,1100.0,650
SIGS3,2026-07-06,10.7,10.6,2800
NMIC,2026-07-06,953.0,950.0,1535
KDL,2026-07-06,770.0,784.0,1721
EBLD91,2026-07-06,1100.0,1100.0,110
MLBS,2026-07-06,1155.0,1187.0,285
NHPC,2026-07-06,255.0,254.5,110741
MATRI,2026-07-06,888.0,865.1,314
NLICL,2026-07-06,590.0,572.0,24807
NSIF2,2026-07-06,10.54,10.79,17100
GVL,2026-07-06,474.0,473.1,3052
HIMSTAR,2026-07-06,761.0,743.0,7139
FMDBL,2026-07-06,763.0,761.0,5022
SIKLES,2026-07-06,555.1,552.0,6863
RURU,2026-07-06,659.9,636.1,1336
ALICL,2026-07-06,437.0,432.0,14023
ILI,2026-07-06,420.0,417.1,7305
MSHL,2026-07-06,587.2,610.0,200
ULHC,2026-07-06,422.3,414.0,6826
BARUN,2026-07-06,324.0,319.0,18658
MLBL,2026-07-06,356.0,354.0,11054
GBLBS,2026-07-06,742.2,741.2,2433
PBLD87,2026-07-06,1085.0,1085.0,25
NICAD2091,2026-07-06,1065.1,1065.1,25
NBLD85,2026-07-06,1075.0,1087.0,105
NIL,2026-07-06,624.0,622.0,3105
CIT,2026-07-06,1692.0,1693.0,3211
GRDBL,2026-07-06,1018.1,1029.0,3402
SWBBL,2026-07-06,718.4,692.0,7833
RADHI,2026-07-06,701.0,706.0,44897
SONA,2026-07-06,423.0,417.5,15241
SHLB,2026-07-06,1488.0,1514.9,60
AHL,2026-07-06,450.0,435.0,5780
CORBL,2026-07-06,1750.0,1980.0,31645
ICFCD88,2026-07-06,1132.0,1132.0,25
KBLD90,2026-07-06,1225.0,1225.0,25
PROFL,2026-07-06,440.0,439.0,6688
UNHPL,2026-07-06,391.0,386.0,9846
SBLD89,2026-07-06,1256.6,1293.0,5050
KSBBL,2026-07-06,477.0,475.0,13948
SYPNL,2026-07-06,1358.0,1351.0,41930
DHEL,2026-07-06,594.0,589.0,10719
HDL,2026-07-06,1153.7,1146.0,17396
USLB,2026-07-06,1215.0,1205.2,1030
MANDU,2026-07-06,811.0,810.0,1931
ADBL,2026-07-06,307.0,303.5,8251
BNT,2026-07-06,11898.9,11600.0,20
RBBF40,2026-07-06,9.2,9.1,7700
SGHC,2026-07-06,359.9,338.7,5152
NMBHF2,2026-07-06,9.6,9.8,3905
MHNL,2026-07-06,240.0,236.0,14910
SJCL,2026-07-06,267.5,267.0,13102
SJLIC,2026-07-06,417.5,420.0,10206
NIFRA,2026-07-06,250.0,247.6,40432
ILBSP,2026-07-06,470.5,470.5,24000
SAGAR,2026-07-06,1599.0,1535.0,3429
ANLB,2026-07-06,7356.0,6796.5,26
MLBBL,2026-07-06,1149.0,1136.5,601
UAIL,2026-07-06,435.0,438.0,9696
MBL,2026-07-06,250.5,245.6,65861
CIZBD86,2026-07-06,1215.0,1215.0,25
SMFBS,2026-07-06,1698.0,1644.0,6697
HDHPC,2026-07-06,209.0,204.0,73594
GBBD85,2026-07-06,1082.2,1065.2,371
SAND2085,2026-07-06,1154.3,1154.3,25
NRN,2026-07-06,1455.0,1407.0,91268
SRLI,2026-07-06,380.0,378.9,17040
HIDCL,2026-07-06,253.0,250.9,38105
NMB,2026-07-06,241.5,236.4,16948
NRM,2026-07-06,335.0,323.0,6814
SPDL,2026-07-06,383.0,367.9,36969
PRVU,2026-07-06,204.1,190.5,90106
MEN,2026-07-06,575.0,570.0,64267
GILB,2026-07-06,1119.0,1113.0,5829
SARBTM,2026-07-06,818.0,803.5,10113
GMFBS,2026-07-06,1198.1,1215.0,542
PPL,2026-07-06,318.3,336.9,14845
MABEL,2026-07-06,640.0,615.0,7996
NUBL,2026-07-06,626.0,618.0,982
UHEWA,2026-07-06,570.0,573.0,43284
HHL,2026-07-06,348.1,333.0,13285
SKHL,2026-07-06,976.5,918.0,10287
SNORL,2026-07-06,725.1,794.1,12640
KBL,2026-07-06,225.6,209.1,110715
GBIME,2026-07-06,243.0,241.0,75273
NIMB,2026-07-06,198.0,193.0,33185
CBBL,2026-07-06,920.0,915.5,15681
BGWT,2026-07-06,575.0,560.0,2225
SAHAS,2026-07-06,644.0,645.0,50593
NLIC,2026-07-06,745.0,743.9,16536
LBBL,2026-07-06,459.0,478.9,32227
MCHL,2026-07-06,297.0,289.0,4749
NIBSF2,2026-07-06,8.91,9.02,9950
SFCL,2026-07-06,382.0,378.0,15378
NADEP,2026-07-06,721.0,716.0,826
RMF1,2026-07-06,9.8,9.94,9100
UNL,2026-07-06,47799.9,47799.9,10
SOHL,2026-07-06,610.0,603.1,55530
PCBL,2026-07-06,233.0,234.0,36817
HEI,2026-07-06,559.0,540.1,7969
HEIP,2026-07-06,325.0,338.2,3010
BUNGAL,2026-07-06,690.0,630.0,85489
MHCL,2026-07-06,325.0,321.2,1568
JFL,2026-07-06,400.0,395.1,4189
LSL,2026-07-06,219.0,215.0,99155
HATHY,2026-07-06,701.0,697.0,8560
USHEC,2026-07-06,498.7,486.1,3054
NABILD87,2026-07-06,1125.0,1125.0,24155
CGH,2026-07-06,774.9,772.0,11818
NBF3,2026-07-06,9.7,10.0,11775
NICLBSL,2026-07-06,550.0,553.0,3029
IGI,2026-07-06,430.0,428.2,4065
LVF2,2026-07-06,9.7,9.75,820
GHL,2026-07-06,218.1,220.0,13060
RAWA,2026-07-06,446.9,435.0,30044
MEL,2026-07-06,218.0,219.8,10956
RLEL,2026-07-06,850.0,845.0,4841
NBF2,2026-07-06,10.09,10.3,24200
RMF2,2026-07-06,10.2,10.1,7350
UPCL,2026-07-06,350.1,348.0,21176
GSY,2026-07-06,9.7,9.9,3300
NGPL,2026-07-06,416.9,408.3,74380
TAMOR,2026-07-06,439.0,439.0,26105
SAIL,2026-07-06,900.0,887.0,9888
SICL,2026-07-06,618.0,620.0,3416
HLI,2026-07-06,322.0,320.3,24197
ICFC,2026-07-06,614.0,611.0,3761
TSHL,2026-07-06,434.2,394.0,78499
SAGF,2026-07-06,10.18,10.29,8075
BJHL,2026-07-06,810.0,805.0,5654
MBJC,2026-07-06,274.0,271.0,13199
SMJC,2026-07-06,450.0,447.0,9906
VLUCL,2026-07-06,454.0,447.0,1065
RIDI,2026-07-06,331.1,324.0,191773
UMRH,2026-07-06,531.9,524.4,10131
NWCL,2026-07-06,711.1,721.0,659
NRIC,2026-07-06,940.0,932.1,7402
SNLI,2026-07-06,440.0,433.1,5255
DHPL,2026-07-06,282.1,282.0,1260
SPC,2026-07-06,410.1,410.0,3743
MNBBL,2026-07-06,366.0,364.0,38117
MPFL,2026-07-06,605.0,617.6,13469
GMLI,2026-07-06,1158.0,1157.0,755
NABIL,2026-07-06,530.0,526.0,37851
RLFL,2026-07-06,475.9,472.0,31089
WNLB,2026-07-06,1370.0,1350.0,127
LEC,2026-07-06,211.0,209.0,22975
JBLB,2026-07-06,1234.1,1236.0,3827
DOLTI,2026-07-06,339.9,335.0,21405
USHL,2026-07-06,557.5,500.0,7063
OMPL,2026-07-06,995.0,990.0,4349
MKHC,2026-07-06,296.0,297.0,7828
ULBSL,2026-07-06,3255.0,2899.9,266
CBLD88,2026-07-06,1285.0,1305.0,5
JHAPA,2026-07-06,1260.0,1231.0,13018
BOKD86KA,2026-07-06,1211.1,1211.0,75
NICBF,2026-07-06,9.06,9.09,6100
UPPER,2026-07-06,192.2,190.2,61064
SPL,2026-07-06,652.1,659.0,2330
SANIMA,2026-07-06,362.0,353.2,41339
SWASTIK,2026-07-06,2105.0,2062.0,596
API,2026-07-06,332.0,330.0,182193
KBLD89,2026-07-06,1285.0,1292.8,145
GBBL,2026-07-06,404.1,404.0,14528
LICN,2026-07-06,786.1,777.4,8150
GIBF1,2026-07-06,10.62,11.02,1900
MMKJL,2026-07-06,471.5,465.0,1625
MNMF1,2026-07-06,9.58,9.67,6150
NTC,2026-07-06,850.0,847.0,4024
MHL,2026-07-06,463.0,465.2,1043
RNLI,2026-07-06,452.0,452.0,8176
MLBLD89,2026-07-06,1295.7,1235.1,380
SFEF,2026-07-06,10.02,10.0,1800
EDBL,2026-07-06,560.0,560.0,8890
CIZBD90,2026-07-06,1202.0,1202.0,50
SPHL,2026-07-06,601.6,560.0,6586
SGHL,2026-07-06,396.7,455.0,1260
MKHL,2026-07-06,490.0,482.0,2881
CSY,2026-07-06,9.2,9.19,13983
TVCL,2026-07-06,499.0,475.2,5127
SCB,2026-07-06,645.0,641.0,6074
SBID2090,2026-07-06,1166.0,1166.0,444
RFPL,2026-07-06,333.0,337.1,20047
KDBY,2026-07-06,11.0,10.85,478100
GBIMESY2,2026-07-06,9.2,9.2,1100
GLH,2026-07-06,251.0,250.0,26111
TRH,2026-07-06,770.0,772.5,765
NSY,2026-07-06,9.23,9.3,1900
GUFL,2026-07-06,557.0,550.0,8436
UMHL,2026-07-06,575.0,582.7,60550
AHPC,2026-07-06,261.0,261.3,58403
SAPDBL,2026-07-06,821.1,775.1,11713
YMHL,2026-07-06,640.0,606.5,40245
