Symbol,Date,Open,Close,Volume
YMHL,2026-09-14,555.1,562.0,19538
KHPL,2026-09-14,746.0,755.0,11583
JOSHI,2026-09-14,260.0,256.1,31717
JSLBB,2026-09-14,959.0,972.0,50
KAHL,2026-09-14,492.0,499.7,19318
KBL,2026-09-14,215.0,216.9,169944
KBSH,2026-09-14,803.0,836.0,7075
KDBY,2026-09-14,10.17,10.05,32450
KDL,2026-09-14,621.0,616.0,50267
KEF,2026-09-14,9.08,9.3,28500
KKHC,2026-09-14,274.5,272.0,96533
NGPL,2026-09-14,399.0,401.0,100338
KMCDB,2026-09-14,792.0,810.0,5535
KPCL,2026-09-14,455.0,465.0,6540
KSBBL,2026-09-14,440.0,449.0,16228
LBBL,2026-09-14,484.5,484.0,17004
LEC,2026-09-14,252.0,250.0,935670
LICN,2026-09-14,760.0,764.0,4118
LLBS,2026-09-14,860.0,863.0,211
LSH12,2026-09-14,8.64,8.83,1200
JHAPA,2026-09-14,1048.0,1058.0,2108
JFL,2026-09-14,280.0,273.0,23657
JBLB,2026-09-14,1301.1,1267.0,3277
JBBL,2026-09-14,337.0,340.0,35199
HHL,2026-09-14,326.0,336.0,11785
HIDCL,2026-09-14,245.0,246.5,56429
HIDCLP,2026-09-14,189.1,188.3,112984
HIMSTAR,2026-09-14,650.0,655.1,3566
HLBSL,2026-09-14,855.0,871.0,670
HLI,2026-09-14,295.0,304.0,31870
HLICF,2026-09-14,8.2,8.24,300
HPPL,2026-09-14,381.0,379.5,76245
HRL,2026-09-14,505.0,516.9,47769
HURJA,2026-09-14,249.0,252.0,213347
ICFC,2026-09-14,590.0,586.6,5533
ICFCD88,2026-09-14,1092.3,1125.0,50
ICFCD89,2026-09-14,1090.0,1099.9,138
IGI,2026-09-14,390.0,395.0,4359
IHL,2026-09-14,304.0,310.0,10149
ILBS,2026-09-14,830.0,925.9,9175
ILI,2026-09-14,410.0,418.0,7926
LSL,2026-09-14,225.1,229.4,396536
LUK,2026-09-14,9.7,9.28,11670
MABEL,2026-09-14,600.0,610.0,15846
MKJC,2026-09-14,279.0,286.7,12898
MLBL,2026-09-14,354.0,357.0,5581
MLBS,2026-09-14,1000.0,1019.0,989
MLBSL,2026-09-14,1090.0,1088.1,449
MMF1,2026-09-14,9.0,8.88,4606
MMKJL,2026-09-14,351.0,355.0,6180
MNBBL,2026-09-14,333.0,335.1,32146
MNMF1,2026-09-14,9.0,9.15,3602
MPFL,2026-09-14,537.0,565.0,31611
MSHL,2026-09-14,510.0,525.0,644
MSLB,2026-09-14,1166.2,1184.0,1757
NABBC,2026-09-14,715.0,700.0,11523
NABIL,2026-09-14,552.0,554.0,38965
NADEP,2026-09-14,679.0,685.0,1287
NBF2,2026-09-14,9.73,9.6,51500
NBF3,2026-09-14,9.42,9.36,8030
NBL,2026-09-14,278.0,282.5,112412
NCCD86,2026-09-14,1204.0,1204.0,25
MLBBL,2026-09-14,951.0,955.0,2234
MKHL,2026-09-14,495.1,505.0,1594
MAKAR,2026-09-14,402.2,410.0,99925
MKHC,2026-09-14,265.0,259.5,10993
MANDU,2026-09-14,673.2,699.8,9186
MATRI,2026-09-14,720.0,745.0,2333
MBJC,2026-09-14,280.0,285.9,33218
MBL,2026-09-14,263.5,250.7,96940
MBLEF,2026-09-14,9.21,9.22,500
MCHL,2026-09-14,262.0,264.0,3180
MDB,2026-09-14,551.0,565.0,7477
MEHL,2026-09-14,244.0,243.0,109756
MEL,2026-09-14,207.0,216.0,38875
MEN,2026-09-14,640.0,646.9,106682
MEPDL,2026-09-14,637.0,643.5,15111
MERO,2026-09-14,600.1,613.0,12419
MFIL,2026-09-14,720.0,755.0,36008
MHCL,2026-09-14,280.0,285.0,3206
MHL,2026-09-14,450.0,461.0,5744
MHNL,2026-09-14,254.8,257.0,37093
MKCL,2026-09-14,917.0,890.0,685
HFIN,2026-09-14,621.0,631.0,20361
HEIP,2026-09-14,301.0,313.0,230
HEI,2026-09-14,460.0,471.9,9682
BHDC,2026-09-14,417.0,424.9,12855
BHPL,2026-09-14,427.5,459.9,8922
BJHL,2026-09-14,637.3,650.0,16205
BNHC,2026-09-14,270.0,276.0,26049
BOKD86,2026-09-14,1087.0,1087.0,10
BPCL,2026-09-14,642.0,653.9,29947
BUNGAL,2026-09-14,520.0,523.0,10121
C30MF,2026-09-14,10.0,10.03,14454
CBBL,2026-09-14,942.0,951.0,30022
CFCL,2026-09-14,591.0,573.9,99986
CGH,2026-09-14,767.0,786.0,12361
CHCL,2026-09-14,352.1,358.7,41436
CHDC,2026-09-14,2232.0,2255.0,16204
CHL,2026-09-14,261.9,260.5,11033
CIT,2026-09-14,1700.0,1717.1,4847
CITY,2026-09-14,347.4,344.9,70040
CIZBD86,2026-09-14,1210.0,1210.0,91
CKHL,2026-09-14,590.0,590.0,440
BHL,2026-09-14,211.5,211.0,116539
BHCL,2026-09-14,522.0,523.5,25972
CORBL,2026-09-14,817.0,817.9,10517
BGWT,2026-09-14,470.1,497.0,23307
ACLBSL,2026-09-14,880.0,878.0,1139
ADBL,2026-09-14,300.0,302.0,23638
AHL,2026-09-14,358.0,358.0,1812
AHPC,2026-09-14,261.0,266.0,82055
AKJCL,2026-09-14,340.0,343.9,199427
AKPL,2026-09-14,255.0,256.7,83551
ALBSL,2026-09-14,1122.0,1192.1,50848
ALICL,2026-09-14,399.0,404.0,12122
ANLB,2026-09-14,4800.0,4975.0,553
APHL,2026-09-14,647.0,697.0,8406
API,2026-09-14,335.0,340.0,523868
AVYAN,2026-09-14,1058.3,1034.0,4214
BANDIPUR,2026-09-14,639.0,644.8,27396
BARUN,2026-09-14,325.0,319.2,57989
BBC,2026-09-14,3965.0,4098.0,662
BEDC,2026-09-14,298.0,304.0,14388
BFC,2026-09-14,443.9,446.0,11763
CLI,2026-09-14,412.0,425.0,23906
CREST,2026-09-14,1055.0,1060.2,4094
HDL,2026-09-14,1192.0,1201.0,59826
GBLBS,2026-09-14,649.7,641.9,1835
GFCL,2026-09-14,565.0,569.6,3308
GHL,2026-09-14,251.8,244.9,328440
GIBF1,2026-09-14,11.49,11.59,27450
GILB,2026-09-14,1100.0,1118.0,3216
GLBSL,2026-09-14,1601.3,1640.0,839
GLH,2026-09-14,259.0,257.2,40859
GMFBS,2026-09-14,1097.0,1119.0,1650
GMFIL,2026-09-14,408.0,421.0,6856
GMLI,2026-09-14,1014.9,1003.7,526
GRDBL,2026-09-14,920.0,940.0,4077
GSY,2026-09-14,8.9,9.01,800
GUFL,2026-09-14,495.0,503.5,4226
GVL,2026-09-14,480.5,494.0,26087
H8020,2026-09-14,12.4,12.48,79240
HATHY,2026-09-14,609.0,595.0,12261
HBL,2026-09-14,188.0,190.0,39261
HDHPC,2026-09-14,213.8,211.5,93016
GCIL,2026-09-14,367.8,374.9,22001
GBIMESY2,2026-09-14,8.75,8.75,700
CSY,2026-09-14,8.18,8.45,4300
GBIME,2026-09-14,250.0,253.0,135724
CYCL,2026-09-14,1450.0,1500.0,10053
CZBIL,2026-09-14,200.0,202.0,32466
DDBL,2026-09-14,845.0,844.1,4803
DHEL,2026-09-14,550.2,570.0,20892
DHPL,2026-09-14,274.9,275.0,4650
DLBS,2026-09-14,970.0,973.4,217
DOLTI,2026-09-14,307.0,307.0,36023
DORDI,2026-09-14,248.0,251.0,38218
EBL,2026-09-14,719.0,724.0,25682
ECL,2026-09-14,1300.0,1373.0,18439
EDBL,2026-09-14,566.0,572.5,2003
EHPL,2026-09-14,331.8,326.0,10528
ENL,2026-09-14,595.0,571.0,18069
FMDBL,2026-09-14,730.0,744.0,6123
FOWAD,2026-09-14,878.0,889.0,1132
GBBD85,2026-09-14,1036.5,1036.5,25
GBBL,2026-09-14,443.0,446.0,195789
NESDO,2026-09-14,1330.0,1344.9,187
NFS,2026-09-14,485.0,500.9,9539
NHDL,2026-09-14,611.0,630.0,2764
SKBBL,2026-09-14,756.0,758.3,7044
SIFC,2026-09-14,478.4,479.5,12158
SIGS2,2026-09-14,9.55,9.55,2500
SIGS3,2026-09-14,10.1,10.17,400
SIKLES,2026-09-14,570.0,571.4,10732
SINDU,2026-09-14,394.0,405.3,47416
SIPD,2026-09-14,607.8,609.0,31407
SJCL,2026-09-14,239.0,240.0,26955
SJLIC,2026-09-14,406.0,409.5,5523
SKHEL,2026-09-14,854.0,830.5,2388
SANVI,2026-09-14,580.0,584.8,14195
SKHL,2026-09-14,749.4,746.1,6351
SLBBL,2026-09-14,784.5,801.0,5713
SLBSL,2026-09-14,870.0,880.0,786
SLCF,2026-09-14,9.0,9.2,1500
SMATA,2026-09-14,694.0,701.0,891
SMB,2026-09-14,1769.8,1800.0,764
SMFBS,2026-09-14,1358.1,1401.0,1153
SMH,2026-09-14,502.0,523.1,31259
SICL,2026-09-14,523.0,560.0,9377
SHPC,2026-09-14,518.0,522.0,76689
SHLB,2026-09-14,1300.0,1340.0,191
SHL,2026-09-14,505.0,505.0,28074
SARBTM,2026-09-14,791.0,795.0,11765
SBCF,2026-09-14,9.33,9.33,500
SBI,2026-09-14,404.3,404.9,12898
SBID2090,2026-09-14,1072.2,1072.2,50
SBID83,2026-09-14,1060.0,1060.0,10
SBL,2026-09-14,418.7,422.0,155348
SBLD84,2026-09-14,1016.7,1020.1,50
SCB,2026-09-14,655.0,650.0,10522
SEF,2026-09-14,9.5,9.56,18033
SEF2,2026-09-14,8.68,9.0,4200
SFEF,2026-09-14,9.31,9.1,2600
SGHC,2026-09-14,296.0,300.0,29323
SGHL,2026-09-14,496.0,501.0,60595
SGIC,2026-09-14,376.1,389.0,18321
SHEL,2026-09-14,299.0,300.3,35041
SHINE,2026-09-14,428.0,426.1,86326
SHIVM,2026-09-14,663.0,670.0,158053
SMHL,2026-09-14,462.0,460.0,52377
SMJC,2026-09-14,400.5,412.3,9267
SMPDA,2026-09-14,730.0,742.0,2184
TRH,2026-09-14,781.0,799.0,13042
TTL,2026-09-14,680.0,694.0,4406
TVCL,2026-09-14,290.4,300.0,19326
UAIL,2026-09-14,370.0,377.5,6581
UHEWA,2026-09-14,580.0,593.0,39831
ULBSL,2026-09-14,2666.0,2536.0,906
ULHC,2026-09-14,323.0,330.9,7071
UMHL,2026-09-14,545.0,550.0,36307
UMRH,2026-09-14,519.0,511.2,8961
UNHPL,2026-09-14,355.0,356.6,18613
UNLB,2026-09-14,1233.9,1222.0,625
UPCL,2026-09-14,333.0,338.0,41249
UPPER,2026-09-14,199.3,193.0,86344
USHEC,2026-09-14,487.0,498.0,6159
USHL,2026-09-14,535.0,520.0,1033
USLB,2026-09-14,983.1,1010.0,1098
VLBS,2026-09-14,601.0,620.0,733
VLUCL,2026-09-14,378.0,385.0,4935
TSHL,2026-09-14,350.0,357.0,3780
TPKHL,2026-09-14,500.0,508.0,16017
SNLI,2026-09-14,392.0,396.8,29251
TPC,2026-09-14,350.0,361.0,17383
SNORL,2026-09-14,866.2,870.0,19019
SOHL,2026-09-14,650.0,655.0,157371
SONA,2026-09-14,392.0,397.0,20645
SOPL,2026-09-14,740.0,754.9,23277
SPC,2026-09-14,409.0,397.7,3092
SPDL,2026-09-14,353.0,352.5,26686
SPHL,2026-09-14,500.0,524.9,7453
SPIL,2026-09-14,577.0,604.0,1931
SPL,2026-09-14,624.7,631.3,1790
SRLI,2026-09-14,357.1,361.1,15666
SSHL,2026-09-14,213.0,207.0,135130
STC,2026-09-14,5400.1,5450.0,871
SWASTIK,2026-09-14,1817.0,1815.0,412
SWBBL,2026-09-14,687.0,688.9,3042
SWMF,2026-09-14,589.9,592.9,3420
SYPNL,2026-09-14,1320.0,1315.0,28294
TAMOR,2026-09-14,498.0,516.9,398521
SAPDBL,2026-09-14,603.3,630.0,53757
SAPIL,2026-09-14,1400.0,1444.0,43535
SANIMA,2026-09-14,372.0,373.0,164822
NMB,2026-09-14,244.0,243.0,34167
NMBMF,2026-09-14,580.0,588.0,989
NMBUR93/94,2026-09-14,907.6,907.6,25
NMFBS,2026-09-14,1125.0,1120.0,2227
NMIC,2026-09-14,791.0,825.0,4211
NMLBBL,2026-09-14,499.0,502.4,3379
NRIC,2026-09-14,815.0,818.0,37803
NRM,2026-09-14,283.0,290.0,9951
NRN,2026-09-14,1439.0,1448.0,171552
NSIF2,2026-09-14,9.87,10.08,3600
NSY,2026-09-14,9.06,9.13,2800
NTC,2026-09-14,884.0,886.0,3280
NUBL,2026-09-14,575.0,577.0,12496
NWCL,2026-09-14,590.0,595.0,640
NYADI,2026-09-14,348.0,367.8,9386
OHL,2026-09-14,619.9,625.0,1730
OMPL,2026-09-14,860.0,882.0,3113
PBD93,2026-09-14,1010.0,1038.0,6899
NMBHF2,2026-09-14,8.9,8.92,200400
NLICL,2026-09-14,565.0,565.0,3009
PCIL,2026-09-14,607.0,615.0,55881
NLIC,2026-09-14,700.0,709.0,23494
NHPC,2026-09-14,264.6,263.0,152642
NIBLGF,2026-09-14,8.5,8.5,101668
NIBLSTF,2026-09-14,8.4,8.5,1650
NIBSF2,2026-09-14,8.4,8.5,1150
NICA,2026-09-14,306.0,314.0,44186
NICAD2091,2026-09-14,1082.0,1082.0,25
NICFC,2026-09-14,8.45,8.6,1100
NICGF2,2026-09-14,8.7,8.47,550
NICL,2026-09-14,435.0,446.9,9372
NICLBSL,2026-09-14,506.0,517.0,3750
NICSF,2026-09-14,8.2,8.6,2600
NIFRA,2026-09-14,244.0,246.9,46696
NIFRAGED,2026-09-14,1014.3,1025.1,50
NIL,2026-09-14,520.0,524.0,18315
NIMB,2026-09-14,185.0,188.1,87303
NIMBPO,2026-09-14,138.0,142.0,1653
NLG,2026-09-14,516.0,534.9,23531
PBLD84,2026-09-14,1070.0,1080.0,100
PCBL,2026-09-14,244.5,242.0,78377
PHCL,2026-09-14,306.0,304.8,73658
RIDI,2026-09-14,350.0,350.0,363246
RMF1,2026-09-14,9.4,9.4,500
RMF2,2026-09-14,9.75,9.75,100
RNLI,2026-09-14,425.0,429.8,13005
RSDC,2026-09-14,627.0,622.0,2581
RSML,2026-09-14,2840.0,2936.0,60604
RSY,2026-09-14,9.19,9.2,600
RSY2,2026-09-14,9.0,8.95,4800
RURU,2026-09-14,576.6,596.8,2689
SABBL,2026-09-14,900.0,895.0,5739
SADBL,2026-09-14,414.5,412.0,16077
SAEF2,2026-09-14,8.97,9.0,3700
SAGAR,2026-09-14,1599.0,1550.0,4398
SAGF,2026-09-14,9.3,9.4,500
SAHAS,2026-09-14,720.0,696.0,64267
SAIL,2026-09-14,1008.8,990.0,29761
SALICO,2026-09-14,525.0,535.1,7252
SAND2085,2026-09-14,1113.1,1100.0,135
RLFL,2026-09-14,424.9,432.0,30669
RLEL,2026-09-14,759.0,789.9,19826
RHPL,2026-09-14,169.8,166.8,70565
PSF,2026-09-14,10.7,10.84,119544
PMHPL,2026-09-14,300.0,310.0,3819
PMLI,2026-09-14,405.0,414.0,2442
PPCL,2026-09-14,342.9,338.9,20449
PPL,2026-09-14,302.0,322.0,23096
PRIN,2026-09-14,593.1,602.0,5810
PROFL,2026-09-14,379.0,381.0,5861
PRSF,2026-09-14,11.88,11.76,30888
PRVUPO,2026-09-14,100.0,100.0,30813
PRVU,2026-09-14,176.9,185.3,108987
PURE,2026-09-14,764.0,773.0,8948
RADHI,2026-09-14,719.0,700.0,65131
RAWA,2026-09-14,406.2,414.0,11610
RBBD2088,2026-09-14,1041.0,1060.0,75
RBBF40,2026-09-14,9.0,8.85,400
RBCL,2026-09-14,13365.0,13330.0,101
RFPL,2026-09-14,330.0,337.7,26706
RHGCL,2026-09-14,250.0,271.5,57905
RADHI,2026-09-11,670.0,692.0,23157
KDL,2026-09-11,620.0,621.0,68220
RBBF40,2026-09-11,9.0,9.0,1600
RBBD2088,2026-09-11,1073.0,1073.0,30
RAWA,2026-09-11,404.0,407.0,23331
YMHL,2026-09-11,548.0,555.1,11324
PURE,2026-09-11,774.9,764.0,7236
AKPL,2026-09-11,247.0,255.0,127972
BHDC,2026-09-11,419.0,417.0,4528
BHCL,2026-09-11,510.1,521.0,49856
BGWT,2026-09-11,450.0,476.0,22847
ADBL,2026-09-11,298.0,300.0,15444
ADBLD83,2026-09-11,1050.9,1050.9,10
AHL,2026-09-11,343.0,359.0,1372
AHPC,2026-09-11,257.0,261.0,101409
AKJCL,2026-09-11,334.9,339.8,239711
ALBSL,2026-09-11,1078.0,1156.0,64777
BFC,2026-09-11,418.0,434.0,14226
ALICL,2026-09-11,398.0,399.2,16496
ANLB,2026-09-11,4751.0,4930.0,592
APHL,2026-09-11,665.0,681.0,2619
API,2026-09-11,327.0,334.7,229569
AVYAN,2026-09-11,1000.0,1091.0,1250
BANDIPUR,2026-09-11,599.4,639.0,19704
BARUN,2026-09-11,308.9,319.0,42924
BBC,2026-09-11,3863.1,4040.0,234
BHL,2026-09-11,206.0,211.5,256797
CORBL,2026-09-11,814.0,817.0,16851
CLI,2026-09-11,412.0,415.0,15310
CKHL,2026-09-11,574.0,588.0,989
HBL,2026-09-11,185.2,188.0,49771
CFCL,2026-09-11,586.0,584.7,46950
BHPL,2026-09-11,437.0,450.0,3303
BJHL,2026-09-11,635.1,657.0,18585
BNHC,2026-09-11,263.0,271.3,12998
BNT,2026-09-11,11750.0,11510.1,20
BPCL,2026-09-11,645.0,642.0,10390
BUNGAL,2026-09-11,500.0,520.0,7032
C30MF,2026-09-11,9.75,9.76,500
CBBL,2026-09-11,940.0,942.1,11255
CGH,2026-09-11,761.0,767.1,11374
CSY,2026-09-11,8.22,8.43,13400
CHCL,2026-09-11,350.0,352.1,98317
CHDC,2026-09-11,2210.0,2234.0,11292
CHL,2026-09-11,251.0,257.0,17046
CIT,2026-09-11,1685.0,1700.4,3127
CITY,2026-09-11,333.0,342.0,87015
BEDC,2026-09-11,291.0,298.9,21080
CREST,2026-09-11,1050.0,1075.0,1607
FOWAD,2026-09-11,895.0,878.9,2069
DORDI,2026-09-11,235.4,249.0,48461
GBIME,2026-09-11,250.0,250.6,148823
GBBL,2026-09-11,440.0,443.0,111320
GBBD85,2026-09-11,1050.0,1050.0,25
DDBL,2026-09-11,832.1,837.6,8528
DHEL,2026-09-11,543.2,556.0,6994
DHPL,2026-09-11,261.3,274.0,1807
DLBS,2026-09-11,955.0,983.0,447
DOLTI,2026-09-11,300.0,306.0,52969
EBL,2026-09-11,718.0,719.9,36839
CYCL,2026-09-11,1450.0,1513.0,4576
EBLD85,2026-09-11,1100.2,1100.2,25
EBLD86,2026-09-11,1082.1,1154.0,355
EBLD91,2026-09-11,1103.0,1110.0,188
EBLEB89,2026-09-11,1102.0,1102.0,55
ECL,2026-09-11,1275.0,1342.9,21809
EDBL,2026-09-11,567.0,566.9,2443
EHPL,2026-09-11,318.0,316.0,3515
ENL,2026-09-11,651.0,593.9,30848
GBIMEP,2026-09-11,100.0,100.0,7037
H8020,2026-09-11,12.5,12.4,39956
GWFD83,2026-09-11,1018.2,1049.6,16
GVL,2026-09-11,472.5,484.9,11003
HATHY,2026-09-11,570.3,609.0,21134
GLH,2026-09-11,248.0,255.0,50859
GBIMESY2,2026-09-11,8.75,8.8,6800
GBLBS,2026-09-11,623.0,635.0,5739
GCIL,2026-09-11,363.0,367.8,22046
GFCL,2026-09-11,564.9,561.3,9445
GHL,2026-09-11,246.7,239.9,206662
GIBF1,2026-09-11,11.23,11.6,44444
GILB,2026-09-11,1100.0,1090.5,939
GLBSL,2026-09-11,1633.8,1629.0,280
GMFBS,2026-09-11,1105.8,1154.0,584
CZBIL,2026-09-11,195.1,200.0,33713
GMFIL,2026-09-11,416.9,413.8,3815
GMLI,2026-09-11,970.0,991.9,3616
GRDBL,2026-09-11,913.0,938.0,7434
GSY,2026-09-11,8.95,8.95,1700
GUFL,2026-09-11,490.0,495.0,7602
HBLD86,2026-09-11,1185.0,1198.0,10166
HDHPC,2026-09-11,207.0,213.8,292330
MFLD85,2026-09-11,1105.0,1105.0,25
HIMSTAR,2026-09-11,649.0,659.0,1280
HLBSL,2026-09-11,836.2,859.0,1651
HDL,2026-09-11,1189.0,1192.0,28552
HEI,2026-09-11,442.0,460.0,11718
HEIP,2026-09-11,292.0,308.8,1719
HFIN,2026-09-11,612.9,621.0,20671
HHL,2026-09-11,322.0,328.0,18982
HIDCL,2026-09-11,240.0,245.0,47609
HIDCLP,2026-09-11,180.0,186.5,181912
HLI,2026-09-11,292.0,294.0,23094
MFIL,2026-09-11,720.0,728.0,17757
ILBS,2026-09-11,836.3,870.0,8884
HLICF,2026-09-11,8.2,8.35,1400
HPPL,2026-09-11,363.6,375.0,110915
HRL,2026-09-11,485.0,503.9,52280
HURJA,2026-09-11,234.9,247.0,149139
ICFC,2026-09-11,578.0,586.8,1001
ICFCD89,2026-09-11,1100.0,1093.1,90
IGI,2026-09-11,384.4,389.0,11236
NBF2,2026-09-11,9.74,9.72,800
ILI,2026-09-11,402.5,409.1,5168
JBLB,2026-09-11,1187.5,1255.8,2379
LICN,2026-09-11,759.9,754.9,7564
JFL,2026-09-11,278.0,280.0,43949
JHAPA,2026-09-11,1089.9,1050.0,4190
JOSHI,2026-09-11,251.1,261.9,19331
JSLBB,2026-09-11,930.3,959.0,132
KAHL,2026-09-11,471.1,493.0,18607
KBL,2026-09-11,212.0,215.0,177697
KBSH,2026-09-11,758.1,803.0,5575
KDBY,2026-09-11,9.8,10.09,38600
KEF,2026-09-11,9.06,9.1,400
JBBL,2026-09-11,325.4,334.5,12564
KHPL,2026-09-11,737.1,750.0,4001
KKHC,2026-09-11,274.0,273.7,125343
KMCDB,2026-09-11,809.9,807.0,4327
KPCL,2026-09-11,444.1,454.0,6762
KSBBL,2026-09-11,441.0,440.8,22088
LBBL,2026-09-11,473.0,479.0,38716
LEC,2026-09-11,250.0,252.2,1434225
IHL,2026-09-11,304.9,306.0,2432
LLBS,2026-09-11,860.0,880.0,928
LSH12,2026-09-11,8.96,8.9,2300
MKCL,2026-09-11,900.0,896.9,587
MHL,2026-09-11,443.0,455.0,2347
MHCL,2026-09-11,272.5,280.0,1404
LVF2,2026-09-11,9.0,9.1,400
MABEL,2026-09-11,585.0,600.0,5507
MAKAR,2026-09-11,400.0,402.0,86279
MANDU,2026-09-11,671.0,684.9,20509
MATRI,2026-09-11,720.0,725.0,259
MBJC,2026-09-11,275.1,285.0,36467
MBL,2026-09-11,250.0,251.0,36390
MBLEF,2026-09-11,9.16,9.21,1350
MCHL,2026-09-11,236.0,262.0,4251
MDB,2026-09-11,551.1,551.0,3636
MEHL,2026-09-11,235.0,244.0,91916
MEL,2026-09-11,198.3,207.0,44375
MEN,2026-09-11,640.0,640.0,80851
MEPDL,2026-09-11,605.2,637.0,21033
MERO,2026-09-11,594.0,618.0,2970
MHNL,2026-09-11,239.0,251.0,31803
NABILD2089,2026-09-11,1105.0,1105.0,19
LSL,2026-09-11,226.5,227.3,86278
NABIL,2026-09-11,552.0,552.0,37182
MMF1,2026-09-11,8.9,8.95,900
MKHC,2026-09-11,251.2,256.5,12722
MKHL,2026-09-11,499.9,505.0,3595
MKJC,2026-09-11,267.4,280.0,22462
MLBBL,2026-09-11,913.0,939.0,1310
MLBL,2026-09-11,342.4,354.9,16051
MLBLD89,2026-09-11,1299.0,1341.0,3622
MLBS,2026-09-11,1000.0,1000.0,68
MLBSL,2026-09-11,1052.0,1076.0,1307
MMKJL,2026-09-11,325.0,351.0,16411
LUK,2026-09-11,9.5,9.49,1710
MNBBL,2026-09-11,326.5,332.3,51019
MNMF1,2026-09-11,9.0,9.0,4500
MPFL,2026-09-11,570.0,537.0,21137
MSHL,2026-09-11,500.0,510.0,422
MSLB,2026-09-11,1150.1,1172.1,1184
NABBC,2026-09-11,705.0,700.0,7722
FMDBL,2026-09-11,720.1,727.1,10084
NADEP,2026-09-11,676.0,680.0,800
SYPNL,2026-09-11,1354.9,1311.0,33320
NESDO,2026-09-11,1301.0,1329.0,87
NUBL,2026-09-11,556.0,570.0,11532
NWCL,2026-09-11,575.1,583.9,1819
NIMB,2026-09-11,184.0,185.9,72399
NIFRAGED,2026-09-11,1035.0,1011.1,50
SAIL,2026-09-11,999.0,1008.8,20798
NIBLSTF,2026-09-11,8.26,8.4,449711
NBLD85,2026-09-11,1070.0,1070.0,1019
NCCD86,2026-09-11,1180.0,1241.0,12345
NFS,2026-09-11,474.8,483.0,6361
PRVU,2026-09-11,180.0,181.5,117184
NGPL,2026-09-11,390.1,397.4,72583
NHDL,2026-09-11,630.0,628.9,3456
NHPC,2026-09-11,257.9,264.6,291214
NIBLGF,2026-09-11,8.31,8.5,259482
NIBSF2,2026-09-11,8.4,8.4,100
NIFRA,2026-09-11,240.0,244.0,43754
NICA,2026-09-11,305.0,308.4,14681
PRSF,2026-09-11,11.79,11.62,12100
NTC,2026-09-11,889.0,884.0,6278
NSY,2026-09-11,8.92,9.33,2700
NSIF2,2026-09-11,9.65,10.09,9175
NRN,2026-09-11,1360.0,1439.0,129615
TAMOR,2026-09-11,488.5,497.0,148360
SANIMA,2026-09-11,369.9,370.0,238384
ACLBSL,2026-09-11,898.9,880.0,1315
NBL,2026-09-11,276.0,278.0,118261
NMIC,2026-09-11,785.0,797.7,3761
NIMBPO,2026-09-11,137.0,136.9,623
NLG,2026-09-11,514.0,516.5,5130
NLIC,2026-09-11,703.9,698.5,13160
NLICL,2026-09-11,551.0,558.0,7668
NMB,2026-09-11,251.3,242.0,32518
NMBHF2,2026-09-11,9.0,8.91,780
NMBMF,2026-09-11,584.0,575.1,935
NMFBS,2026-09-11,1125.0,1125.0,2813
NMLBBL,2026-09-11,485.0,497.0,14672
NIL,2026-09-11,510.0,515.0,12106
NRIC,2026-09-11,787.0,797.0,11135
NRM,2026-09-11,275.0,283.0,5358
NICAD85/86,2026-09-11,1120.0,1120.0,600
NICBF,2026-09-11,8.47,8.47,100
NICFC,2026-09-11,8.7,8.7,200
SABBL,2026-09-11,889.0,899.6,5023
SAEF2,2026-09-11,8.97,9.0,5550
SAGAR,2026-09-11,1520.0,1558.9,2791
SAGF,2026-09-11,9.3,9.4,500
SAHAS,2026-09-11,686.0,691.0,90495
RHGCL,2026-09-11,245.0,261.1,79923
RFPL,2026-09-11,323.9,334.5,19374
RBCLPO,2026-09-11,11200.0,11200.0,10
RBCL,2026-09-11,13579.0,13620.0,40
PCBL,2026-09-11,239.0,241.0,40689
PCIL,2026-09-11,598.9,607.2,22884
PHCL,2026-09-11,296.6,305.0,60529
PMHPL,2026-09-11,304.0,302.8,6113
PMLI,2026-09-11,398.0,405.6,3357
PPCL,2026-09-11,325.0,334.7,16980
PPL,2026-09-11,288.8,317.0,21373
PRIN,2026-09-11,593.0,592.1,1733
PROFL,2026-09-11,370.0,371.0,3192
SADBL,2026-09-11,407.0,411.0,15136
RURU,2026-09-11,565.0,582.0,2878
NICGF2,2026-09-11,8.7,8.7,200
RSY2,2026-09-11,8.9,9.05,6300
NICL,2026-09-11,422.0,435.0,8603
NICLBSL,2026-09-11,507.0,509.5,7177
NICSF,2026-09-11,8.17,8.2,700
NYADI,2026-09-11,336.1,351.9,1939
OHL,2026-09-11,600.1,619.0,935
OMPL,2026-09-11,876.0,853.0,2026
RSML,2026-09-11,2840.0,2930.0,50599
RHPL,2026-09-11,175.3,169.8,104056
RIDI,2026-09-11,346.0,351.0,253155
RLEL,2026-09-11,733.0,759.0,16617
RLFL,2026-09-11,420.0,419.0,11241
RMF1,2026-09-11,9.32,9.69,26000
RMF2,2026-09-11,9.75,9.75,410
RNLI,2026-09-11,411.6,429.9,43851
RSDC,2026-09-11,613.0,625.0,2068
RSY,2026-09-11,9.17,9.44,80496
PBD93,2026-09-11,1026.0,1026.0,7429
NBF3,2026-09-11,9.4,9.6,5199
SWMF,2026-09-11,606.9,585.0,1388
SWBBL,2026-09-11,670.0,684.6,1673
SMHL,2026-09-11,445.0,462.0,53069
SHLB,2026-09-11,1220.0,1265.0,328
SAND2085,2026-09-11,1144.9,1145.0,439
SBLD2091,2026-09-11,1115.0,1194.8,7758
SANVI,2026-09-11,547.1,580.0,22646
SAPDBL,2026-09-11,611.0,635.0,24118
SAPIL,2026-09-11,1204.6,1370.0,53992
SARBTM,2026-09-11,785.0,794.5,7947
SBCF,2026-09-11,9.06,9.33,4700
SBD87,2026-09-11,1062.0,1062.0,25
SBI,2026-09-11,401.0,404.3,66517
SBL,2026-09-11,418.1,419.0,107170
SCB,2026-09-11,647.1,648.0,10449
SHL,2026-09-11,501.9,505.3,22053
SEF,2026-09-11,9.6,9.6,42700
SEF2,2026-09-11,8.6,8.87,7390
SGHC,2026-09-11,294.0,296.0,19715
SGHL,2026-09-11,485.0,496.1,52881
SICL,2026-09-11,540.0,550.0,6747
SMH,2026-09-11,490.0,502.0,4442
SHEL,2026-09-11,291.1,299.8,83228
SMFBS,2026-09-11,1355.7,1399.0,154
SALICO,2026-09-11,520.0,525.3,7385
SKHEL,2026-09-11,844.9,830.0,2281
SIFC,2026-09-11,465.0,470.0,4554
SIGS3,2026-09-11,10.0,10.13,4400
SIKLES,2026-09-11,568.1,565.0,10649
SINDU,2026-09-11,341.8,394.0,142459
SIPD,2026-09-11,640.4,607.9,35658
SJCL,2026-09-11,226.0,232.1,8360
SJLIC,2026-09-11,398.8,406.0,26290
SKBBL,2026-09-11,750.0,757.7,5199
SKHL,2026-09-11,735.0,736.0,4971
SHPC,2026-09-11,512.3,517.7,58697
SLBBL,2026-09-11,784.5,790.8,466
SLBSL,2026-09-11,864.0,870.0,478
SLCF,2026-09-11,9.0,9.0,100
SMATA,2026-09-11,688.0,694.0,654
SMB,2026-09-11,1777.0,1742.0,192
SGIC,2026-09-11,377.0,380.5,5826
SHINE,2026-09-11,415.0,422.0,24159
SWASTIK,2026-09-11,1785.0,1817.0,460
USLB,2026-09-11,997.0,1012.0,1265
VLUCL,2026-09-11,365.0,378.0,2501
TSHL,2026-09-11,335.0,347.5,9500
TRH,2026-09-11,788.0,776.0,1281
TPKHL,2026-09-11,464.2,499.0,22099
TPC,2026-09-11,345.1,357.7,15889
SOHL,2026-09-11,640.0,654.0,193154
SONA,2026-09-11,406.3,391.7,30121
SOPL,2026-09-11,720.0,740.0,14843
SPC,2026-09-11,361.7,390.0,5731
SPDL,2026-09-11,336.0,345.0,18850
SPHL,2026-09-11,500.0,516.0,13535
SPIL,2026-09-11,577.0,577.0,2640
SPL,2026-09-11,604.0,639.0,1234
SRBLD83,2026-09-11,1020.0,1020.0,25
SRLI,2026-09-11,355.0,357.0,7310
SSHL,2026-09-11,200.0,212.3,593275
STC,2026-09-11,5464.0,5400.1,1615
VLBS,2026-09-11,602.0,610.0,2035
USHL,2026-09-11,500.1,519.9,3446
SHIVM,2026-09-11,659.0,663.0,104620
USHEC,2026-09-11,495.0,495.0,22554
SMJC,2026-09-11,396.0,405.0,8309
SMPDA,2026-09-11,707.0,733.0,969
SNLI,2026-09-11,383.4,391.9,13099
UNHPL,2026-09-11,350.0,350.4,31055
TTL,2026-09-11,671.1,683.0,4692
TVCL,2026-09-11,275.0,282.0,5424
UAIL,2026-09-11,358.0,373.8,16917
UHEWA,2026-09-11,580.0,591.8,43149
ULBSL,2026-09-11,2400.0,2763.3,3761
ULHC,2026-09-11,320.0,323.1,11612
UMHL,2026-09-11,545.0,544.9,23250
UMRH,2026-09-11,512.0,514.9,6347
UNL,2026-09-11,47200.0,47200.0,1
SNORL,2026-09-11,868.2,889.0,21233
UNLB,2026-09-11,1211.5,1226.0,391
UPCL,2026-09-11,335.0,332.8,41448
UPPER,2026-09-11,184.2,189.9,103694
PSF,2026-09-11,10.8,10.83,9160
UNL,2026-09-10,47000.0,47200.0,70
UPCL,2026-09-10,335.0,331.1,25476
UPPER,2026-09-10,184.0,185.0,58917
SNLI,2026-09-10,380.0,381.0,11836
KDBY,2026-09-10,9.77,9.94,34500
HURJA,2026-09-10,231.0,235.0,45230
ICFC,2026-09-10,583.0,580.5,3709
ICFCD89,2026-09-10,1110.0,1089.0,50
API,2026-09-10,334.0,326.0,169478
SIGS2,2026-09-10,9.84,9.66,3400
C30MF,2026-09-10,9.76,10.05,2300
KSBBL,2026-09-10,450.0,441.1,12539
JBBL,2026-09-10,331.9,328.6,17313
JHAPA,2026-09-10,1050.0,1038.0,4331
GRDBL,2026-09-10,915.0,931.0,9339
JOSHI,2026-09-10,257.0,254.0,8493
JSLBB,2026-09-10,910.0,959.0,69
KAHL,2026-09-10,458.9,484.0,18972
KBL,2026-09-10,214.8,212.2,129317
KBLD86,2026-09-10,1180.0,1197.0,235
KDL,2026-09-10,654.3,620.3,102845
HEI,2026-09-10,461.1,450.0,13299
IHL,2026-09-10,305.0,299.6,6621
HRL,2026-09-10,487.1,499.9,62893
HDL,2026-09-10,1193.8,1183.0,14197
HBL,2026-09-10,187.0,185.2,51294
ILI,2026-09-10,405.0,405.0,9718
GUFL,2026-09-10,485.0,480.0,11740
GVL,2026-09-10,479.0,476.2,12083
BJHL,2026-09-10,645.1,648.0,5979
BHL,2026-09-10,199.0,204.8,76538
JBLB,2026-09-10,1254.0,1250.0,2053
HIDCLP,2026-09-10,180.0,178.5,42303
HIMSTAR,2026-09-10,650.0,648.9,1155
HLBSL,2026-09-10,846.1,859.0,254
HLI,2026-09-10,296.0,290.3,17464
HLICF,2026-09-10,8.21,8.44,2450
HEIP,2026-09-10,306.0,292.0,71
HFIN,2026-09-10,620.0,612.9,23400
HHL,2026-09-10,319.0,319.0,23017
HIDCL,2026-09-10,237.5,240.0,23479
HPPL,2026-09-10,365.0,367.0,42742
LEC,2026-09-10,217.0,246.1,1927027
KSY,2026-09-10,8.79,8.84,300
ILBS,2026-09-10,815.0,857.0,815
KEF,2026-09-10,9.49,9.3,48100
KHPL,2026-09-10,716.3,749.0,2690
MCHL,2026-09-10,243.1,248.0,3972
MDB,2026-09-10,550.0,550.0,5149
MEHL,2026-09-10,228.0,232.9,68389
MEL,2026-09-10,199.4,202.0,10887
LLBS,2026-09-10,869.0,884.5,20
MHCL,2026-09-10,271.7,275.0,1640
MSLB,2026-09-10,1175.1,1184.9,205
MSHL,2026-09-10,490.3,505.0,538
MLBL,2026-09-10,351.0,349.5,11140
NABBC,2026-09-10,690.0,698.0,12174
LICN,2026-09-10,741.5,755.0,5287
MERO,2026-09-10,587.2,590.2,1504
MFIL,2026-09-10,720.0,726.0,20844
MKHC,2026-09-10,257.0,255.1,9057
MKHL,2026-09-10,494.0,494.7,1840
MKJC,2026-09-10,260.3,274.0,12797
MLBBL,2026-09-10,916.1,938.9,1719
MLBSL,2026-09-10,1075.0,1075.1,471
MKCL,2026-09-10,875.0,890.0,286
MBL,2026-09-10,250.0,249.0,43419
KKHC,2026-09-10,268.0,268.0,69228
MHL,2026-09-10,438.1,443.9,2945
KMCDB,2026-09-10,839.7,799.5,7675
KPCL,2026-09-10,450.0,445.5,9170
IGI,2026-09-10,384.9,383.5,10917
MLBS,2026-09-10,998.0,1000.0,20
MEN,2026-09-10,634.0,636.0,78042
MAKAR,2026-09-10,397.7,400.0,128407
LSH12,2026-09-10,9.0,8.97,2000
MEPDL,2026-09-10,625.0,616.0,22938
NABILD87,2026-09-10,1087.5,1087.5,25
HATHY,2026-09-10,575.0,576.9,22877
MBLEF,2026-09-10,9.2,9.16,2630
LSL,2026-09-10,226.0,224.0,112172
LVF2,2026-09-10,9.0,9.1,2200
MABEL,2026-09-10,576.3,580.0,4182
MANDU,2026-09-10,680.2,671.0,7889
HDHPC,2026-09-10,187.2,205.0,163051
MBJC,2026-09-10,275.1,278.0,23607
GSY,2026-09-10,8.9,8.92,5600
GMLI,2026-09-10,950.0,944.0,445
MHNL,2026-09-10,238.0,240.0,5930
CFCL,2026-09-10,560.0,586.0,83530
CORBL,2026-09-10,850.0,814.0,30795
ADBLD83,2026-09-10,1021.2,1020.3,375
SIFC,2026-09-10,465.0,466.8,8972
LBBL,2026-09-10,470.3,475.0,21494
BUNGAL,2026-09-10,531.0,515.0,14558
CBBL,2026-09-10,947.5,942.0,14364
CLI,2026-09-10,413.5,411.0,15595
CCBD88,2026-09-10,1175.0,1210.0,50
BNHC,2026-09-10,260.0,262.3,11346
GBLBS,2026-09-10,679.1,622.0,8484
BNL,2026-09-10,13929.3,13929.2,40
BNT,2026-09-10,11349.0,11688.0,71
BPCL,2026-09-10,643.0,639.0,6882
CGH,2026-09-10,770.0,762.4,5023
CITY,2026-09-10,337.0,333.0,53886
BGWT,2026-09-10,458.0,450.9,10903
BHCL,2026-09-10,503.5,523.0,18373
GBIME,2026-09-10,254.0,248.6,221176
CKHL,2026-09-10,575.4,588.0,80
BEDC,2026-09-10,286.0,291.0,20644
BBC,2026-09-10,3956.0,3980.0,386
BARUN,2026-09-10,306.6,310.8,12916
KBLD89,2026-09-10,1318.4,1311.0,25
YMHL,2026-09-10,549.0,559.0,14529
APHL,2026-09-10,646.1,664.0,6725
ANLB,2026-09-10,4750.0,4839.0,841
H8020,2026-09-10,11.9,12.2,51342
GLBSL,2026-09-10,1610.0,1601.0,167
AHL,2026-09-10,350.0,350.2,743
AHPC,2026-09-10,254.9,253.5,50940
AKJCL,2026-09-10,340.0,332.1,156469
AKPL,2026-09-10,250.0,247.4,42821
ALBSL,2026-09-10,1095.0,1108.8,6569
ALICL,2026-09-10,395.0,398.0,3280
AVYAN,2026-09-10,980.0,991.0,2999
BHPL,2026-09-10,470.7,436.9,4308
ACLBSL,2026-09-10,870.0,878.1,132
ADBL,2026-09-10,300.0,297.9,6851
BANDIPUR,2026-09-10,611.3,630.9,23974
BFC,2026-09-10,439.0,420.0,20069
CHCL,2026-09-10,358.1,346.0,99110
CHDC,2026-09-10,2215.4,2205.0,12607
ECL,2026-09-10,1275.0,1278.0,10009
EHPL,2026-09-10,331.9,314.0,4658
ENL,2026-09-10,600.0,620.0,32270
NABIL,2026-09-10,555.0,552.5,56560
SKBBL,2026-09-10,750.0,753.0,3189
CZBIL,2026-09-10,190.3,197.0,25004
GWFD83,2026-09-10,1020.6,1018.2,196
CYCL,2026-09-10,1520.0,1520.0,17391
GBBL,2026-09-10,444.1,440.6,182771
CSY,2026-09-10,8.1,8.21,3850
FMDBL,2026-09-10,689.8,722.7,3866
GFCL,2026-09-10,560.0,566.9,7522
GHL,2026-09-10,216.6,235.9,192055
GIBF1,2026-09-10,11.13,11.25,355555
GILB,2026-09-10,1085.0,1103.0,231
CREST,2026-09-10,1050.0,1070.0,2379
FOWAD,2026-09-10,881.0,877.9,1386
GMFIL,2026-09-10,405.7,410.8,4458
EDBL,2026-09-10,535.9,565.0,2213
GCIL,2026-09-10,370.1,363.3,29826
CHL,2026-09-10,244.0,248.0,11594
EBLEB89,2026-09-10,1070.0,1070.0,25
CIT,2026-09-10,1700.0,1685.0,3832
BHDC,2026-09-10,411.2,411.7,5756
GBIMESY2,2026-09-10,8.75,8.8,400
GBILD84/85,2026-09-10,1130.0,1135.0,50
DOLTI,2026-09-10,276.0,299.0,59470
NABILD2089,2026-09-10,1098.0,1100.0,350
EBL,2026-09-10,718.0,718.0,50488
NADEP,2026-09-10,677.0,676.0,515
EBLD91,2026-09-10,1071.5,1071.3,100
DDBL,2026-09-10,847.0,839.0,1688
DHEL,2026-09-10,551.0,543.3,9563
DHPL,2026-09-10,265.0,269.0,2893
DLBS,2026-09-10,985.0,955.0,1020
DORDI,2026-09-10,236.5,238.0,13736
GLH,2026-09-10,243.0,248.0,25771
EBLD85,2026-09-10,1120.0,1096.9,27
GMFBS,2026-09-10,1200.0,1164.0,346
MMF1,2026-09-10,8.9,9.06,14460
MATRI,2026-09-10,730.0,715.0,103
MMKJL,2026-09-10,328.7,342.0,2155
SHPC,2026-09-10,510.0,512.3,75978
SGHC,2026-09-10,294.9,287.0,11970
SGHL,2026-09-10,465.8,486.0,52014
SGIC,2026-09-10,379.9,376.0,6310
SHIVM,2026-09-10,663.0,653.6,99214
SANVI,2026-09-10,550.1,555.0,5076
SICL,2026-09-10,550.0,546.0,2356
SMH,2026-09-10,527.1,495.4,5622
SHLB,2026-09-10,1240.1,1245.0,160
TTL,2026-09-10,684.0,680.0,5476
SLBSL,2026-09-10,840.0,870.0,250
SHL,2026-09-10,500.0,501.9,101711
SINDU,2026-09-10,402.0,359.7,12753
SIPD,2026-09-10,595.0,610.0,19354
SJCL,2026-09-10,230.0,230.2,9739
SJLIC,2026-09-10,392.0,402.0,3671
SMJC,2026-09-10,398.0,403.9,2956
SAHAS,2026-09-10,692.0,688.0,44455
SLBBL,2026-09-10,779.1,798.8,7227
SEF2,2026-09-10,8.86,8.71,5955
SEF,2026-09-10,9.56,9.58,27604
SCB,2026-09-10,652.0,645.1,14578
SBLD2091,2026-09-10,1086.0,1118.9,505
MNBBL,2026-09-10,318.0,325.6,95324
RSY,2026-09-10,9.45,9.4,20604
RSY2,2026-09-10,8.65,8.9,5423
TAMOR,2026-09-10,494.0,489.0,150330
SADBL,2026-09-10,400.3,407.9,4518
SWBBL,2026-09-10,667.0,670.0,12246
SAIL,2026-09-10,1027.0,999.0,46957
SHINE,2026-09-10,415.0,417.0,21335
NGPL,2026-09-10,392.0,390.0,83445
SAPIL,2026-09-10,1180.0,1268.0,41352
SANIMA,2026-09-10,365.0,368.1,79663
SIGS3,2026-09-10,10.04,10.08,3900
SAPDBL,2026-09-10,644.9,629.5,22444
SARBTM,2026-09-10,790.0,784.1,10717
SBCF,2026-09-10,9.02,9.05,600
SBI,2026-09-10,401.0,403.9,419124
SBL,2026-09-10,420.2,417.8,81396
NIMB,2026-09-10,182.5,182.0,61107
SLCF,2026-09-10,9.05,9.0,900
RNLI,2026-09-10,410.0,412.0,10674
TRH,2026-09-10,775.0,771.0,829
SSHL,2026-09-10,181.5,200.4,184682
STC,2026-09-10,5305.0,5369.9,2518
VLUCL,2026-09-10,368.6,374.0,1560
TPKHL,2026-09-10,494.0,488.0,14274
USHL,2026-09-10,498.4,508.0,638
ULHC,2026-09-10,307.0,320.0,26539
SMHL,2026-09-10,467.1,459.0,78881
SNORL,2026-09-10,880.0,883.0,21745
SMPDA,2026-09-10,725.0,720.0,221
SMATA,2026-09-10,674.1,685.0,1017
SOHL,2026-09-10,649.0,640.0,128482
UNLB,2026-09-10,1215.0,1227.8,373
USHEC,2026-09-10,485.0,494.5,4514
ULBSL,2026-09-10,2425.0,2500.0,3832
UHEWA,2026-09-10,580.0,585.0,22788
VLBS,2026-09-10,605.0,602.0,2215
UMRH,2026-09-10,514.0,514.0,1187
UMHL,2026-09-10,550.0,552.6,19576
SRLI,2026-09-10,351.1,355.0,10321
SPL,2026-09-10,687.7,621.0,1624
SPIL,2026-09-10,588.0,577.0,1600
SPHL,2026-09-10,502.6,513.4,2907
SMB,2026-09-10,1725.0,1750.0,1188
SMFBS,2026-09-10,1338.6,1388.0,289
SWASTIK,2026-09-10,1825.0,1800.9,1298
SHEL,2026-09-10,290.0,291.0,44810
SYPNL,2026-09-10,1260.7,1321.0,50817
USLB,2026-09-10,990.0,997.9,1390
UNHPL,2026-09-10,347.0,346.9,16249
SWMF,2026-09-10,572.1,578.0,577
TSHL,2026-09-10,341.9,340.0,1904
TVCL,2026-09-10,290.0,283.0,10953
SALICO,2026-09-10,528.9,525.9,3313
TPC,2026-09-10,345.5,353.5,15302
UAIL,2026-09-10,360.0,360.0,11076
SONA,2026-09-10,395.0,387.0,41481
SOPL,2026-09-10,725.1,726.7,15554
SPC,2026-09-10,385.1,380.7,2100
SPDL,2026-09-10,362.2,341.0,32989
RSDC,2026-09-10,591.9,615.0,557
RSML,2026-09-10,3142.0,2910.0,71366
RMF1,2026-09-10,9.5,9.41,3350
NIBLGF,2026-09-10,8.5,8.51,10900
NIBSF2,2026-09-10,8.29,8.46,7520
NICA,2026-09-10,309.0,303.1,69017
NICBF,2026-09-10,8.7,8.63,200
NICSF,2026-09-10,8.21,8.25,4200
NSY,2026-09-10,9.0,8.99,4900
NRM,2026-09-10,275.1,275.0,11351
NRIC,2026-09-10,798.0,791.6,9113
SKHEL,2026-09-10,811.0,825.0,1492
NUBL,2026-09-10,563.1,556.0,3690
NSIF2,2026-09-10,9.82,9.9,21800
SKHL,2026-09-10,735.0,732.0,10689
NIFRAGED,2026-09-10,1010.0,1040.3,6
NIL,2026-09-10,510.0,510.0,8675
NIMBPO,2026-09-10,142.1,140.0,3710
SIKLES,2026-09-10,568.1,561.0,2521
NLIC,2026-09-10,705.0,699.0,9791
RLFL,2026-09-10,416.0,415.9,11533
NIBLSTF,2026-09-10,8.17,8.17,31300
NHPC,2026-09-10,254.4,255.7,117146
NMBHF2,2026-09-10,9.0,9.05,19950
NLG,2026-09-10,500.0,503.5,6932
MNMF1,2026-09-10,9.15,9.02,10600
MPFL,2026-09-10,597.8,569.5,16800
MFLD85,2026-09-10,1100.0,1102.0,75
KBSH,2026-09-10,818.8,798.0,6956
JFL,2026-09-10,260.0,278.0,46008
NESDO,2026-09-10,1315.0,1339.9,595
NICL,2026-09-10,421.0,419.0,6319
NICGF2,2026-09-10,8.7,8.96,31190
NWCL,2026-09-10,586.0,585.0,1873
NICLBSL,2026-09-10,500.1,506.0,5046
NIFRA,2026-09-10,242.0,240.0,68749
NBF3,2026-09-10,9.39,9.4,11700
NBL,2026-09-10,278.0,276.0,97537
NBLD85,2026-09-10,1040.0,1040.0,25
NFS,2026-09-10,480.0,471.0,21999
SAGF,2026-09-10,9.35,9.4,700
NHDL,2026-09-10,625.1,618.0,1731
NMB,2026-09-10,243.0,239.4,49794
NLICL,2026-09-10,551.0,558.0,4994
NMBMF,2026-09-10,575.0,574.0,970
PCIL,2026-09-10,609.9,598.9,28144
NMFBS,2026-09-10,1120.0,1130.7,1508
PPL,2026-09-10,301.0,304.0,12857
PRIN,2026-09-10,595.0,590.0,7097
PRSF,2026-09-10,12.52,11.7,13300
PURE,2026-09-10,763.0,768.0,2947
SAGAR,2026-09-10,1481.1,1538.0,5579
RURU,2026-09-10,585.0,582.0,369
PRVU,2026-09-10,179.0,179.2,84730
OHL,2026-09-10,607.0,601.0,680
SAEF2,2026-09-10,8.97,9.0,7850
RADHI,2026-09-10,710.0,677.0,6905
RBCL,2026-09-10,13303.0,13250.0,550
RBCLPO,2026-09-10,10873.7,11546.3,50
RHGCL,2026-09-10,241.2,245.9,8862
RHPL,2026-09-10,160.0,167.0,236673
RIDI,2026-09-10,347.1,346.8,327974
RLEL,2026-09-10,740.2,755.0,9880
RAWA,2026-09-10,408.0,400.0,13700
PMLI,2026-09-10,395.3,398.0,1738
PHCL,2026-09-10,295.0,296.2,26532
NTC,2026-09-10,891.0,883.1,5014
NYADI,2026-09-10,342.9,344.0,1765
NMIC,2026-09-10,765.3,776.2,1314
NMLBBL,2026-09-10,481.1,478.0,2513
NICFC,2026-09-10,8.77,8.79,800
SABBL,2026-09-10,890.0,889.0,9118
PSF,2026-09-10,11.77,10.89,67050
PPCL,2026-09-10,351.2,331.9,11253
PCBL,2026-09-10,239.5,239.5,42719
NRN,2026-09-10,1400.0,1419.0,135300
RFPL,2026-09-10,324.3,326.9,9192
PMHPL,2026-09-10,295.0,298.0,10645
NMBUR93/94,2026-09-10,920.0,907.6,75
RBBF40,2026-09-10,9.0,9.2,1400
OMPL,2026-09-10,890.0,888.5,2119
PROFL,2026-09-10,365.0,368.1,7144
PBD93,2026-09-10,1000.0,1026.0,9717
PBD88,2026-09-10,1200.0,1200.0,50
BHPL,2026-09-09,430.0,457.0,12100
ALICL,2026-09-09,407.9,398.0,6052
BHCL,2026-09-09,515.8,530.0,33038
API,2026-09-09,329.0,327.5,114456
AVYAN,2026-09-09,988.2,991.0,2377
BANDIPUR,2026-09-09,640.0,643.4,21473
BARUN,2026-09-09,309.3,309.0,32939
APHL,2026-09-09,670.0,680.1,6558
BBC,2026-09-09,4003.0,4001.7,393
MFLD85,2026-09-09,1090.0,1105.0,245
KDBY,2026-09-09,9.97,9.98,25450
KEF,2026-09-09,9.71,9.51,44850
KBSH,2026-09-09,828.0,795.0,8794
KDL,2026-09-09,690.7,623.2,134662
HIMSTAR,2026-09-09,645.9,650.0,3536
MSLB,2026-09-09,1190.1,1199.0,2383
LICN,2026-09-09,755.0,751.7,11671
LSH12,2026-09-09,8.92,9.22,6350
MCHL,2026-09-09,259.9,247.5,3493
LUK,2026-09-09,9.3,9.78,2500
MDB,2026-09-09,556.0,556.0,10722
MEHL,2026-09-09,229.9,228.0,48122
MEL,2026-09-09,199.6,199.3,7051
MEN,2026-09-09,629.9,633.1,76885
MEPDL,2026-09-09,644.0,628.0,13916
AHPC,2026-09-09,253.3,254.9,51132
CIT,2026-09-09,1714.0,1700.0,5936
MHNL,2026-09-09,229.9,238.0,12356
LVF2,2026-09-09,9.03,9.05,1800
LSL,2026-09-09,236.2,226.0,43166
SYPNL,2026-09-09,1335.0,1327.0,75400
KMCDB,2026-09-09,779.0,799.8,5461
JSLBB,2026-09-09,949.0,935.0,73
KAHL,2026-09-09,490.0,483.0,26585
MABEL,2026-09-09,587.7,587.1,23820
ILI,2026-09-09,405.0,408.0,7144
MMF1,2026-09-09,9.0,8.99,4500
KBLD86,2026-09-09,1177.0,1177.0,19
KHPL,2026-09-09,740.0,754.0,4842
KKHC,2026-09-09,266.1,265.0,80641
KPCL,2026-09-09,455.0,452.0,6612
MBL,2026-09-09,262.5,249.5,50743
KSBBL,2026-09-09,447.0,450.3,23904
KSY,2026-09-09,8.75,8.77,1700
LBBLD89,2026-09-09,1285.0,1285.0,25
MANDU,2026-09-09,643.2,700.0,39347
HLICF,2026-09-09,8.26,8.21,950
HLI,2026-09-09,296.6,296.0,8925
LEC,2026-09-09,215.0,214.0,94638
LLBS,2026-09-09,846.0,869.0,166
NABIL,2026-09-09,553.0,552.0,48778
MLBSL,2026-09-09,1070.0,1077.0,899
MKCL,2026-09-09,890.0,900.0,2852
NCCD86,2026-09-09,1118.0,1155.0,12167
FMDBL,2026-09-09,734.0,726.1,6834
NSIF2,2026-09-09,9.87,9.85,10300
NSY,2026-09-09,9.03,9.0,3800
PROFL,2026-09-09,377.0,374.0,12262
NABBC,2026-09-09,712.0,709.9,39511
MATRI,2026-09-09,725.0,725.0,216
SIKLES,2026-09-09,573.0,568.1,5495
TRH,2026-09-09,795.0,765.0,17561
NESDO,2026-09-09,1300.0,1339.0,241
MKHC,2026-09-09,264.9,257.0,7641
NFS,2026-09-09,521.0,491.1,21181
NGPL,2026-09-09,399.0,392.9,100075
NHDL,2026-09-09,637.9,626.0,821
NHPC,2026-09-09,261.0,254.5,97442
NRN,2026-09-09,1400.0,1405.0,118245
NRM,2026-09-09,287.0,275.1,12463
NRIC,2026-09-09,810.0,799.0,15764
SWBBL,2026-09-09,679.0,675.0,4724
ENL,2026-09-09,657.1,587.9,171560
EHPL,2026-09-09,330.7,316.1,10015
MBLEF,2026-09-09,9.03,9.1,1700
MHCL,2026-09-09,280.0,279.4,2586
MKHL,2026-09-09,483.0,495.2,2908
HLBSL,2026-09-09,854.0,869.9,250
HIDCLP,2026-09-09,181.0,180.0,51586
MBJC,2026-09-09,276.0,280.0,72787
NIFRA,2026-09-09,240.0,241.7,30562
MKJC,2026-09-09,290.0,274.0,34500
NTC,2026-09-09,928.2,888.0,9362
MLBL,2026-09-09,354.6,345.2,10891
MLBBL,2026-09-09,934.0,943.8,794
MLBS,2026-09-09,967.0,998.0,230
MHL,2026-09-09,452.9,445.5,1110
MMKJL,2026-09-09,355.0,346.0,6191
MNBBL,2026-09-09,340.0,318.4,209434
MNMF1,2026-09-09,9.01,9.05,1650
MPFL,2026-09-09,585.2,585.0,2749
MLBLD89,2026-09-09,1325.0,1311.0,3329
MSHL,2026-09-09,503.0,504.0,1034
JOSHI,2026-09-09,257.0,258.0,5452
JHAPA,2026-09-09,1016.1,1038.0,7788
JBLB,2026-09-09,1252.0,1254.2,5354
DORDI,2026-09-09,240.0,240.0,17869
EBL,2026-09-09,714.0,718.0,32334
CYCL,2026-09-09,1504.8,1550.0,3748
BUNGAL,2026-09-09,520.0,531.0,17641
BPCL,2026-09-09,646.0,643.0,4544
GFCL,2026-09-09,575.0,573.0,13266
HDHPC,2026-09-09,200.8,197.0,65850
HDL,2026-09-09,1188.0,1187.0,28507
BOKD86,2026-09-09,1053.1,1084.6,1
EBLD85,2026-09-09,1151.4,1120.0,42
CLI,2026-09-09,414.0,413.0,12524
GBBD85,2026-09-09,1070.0,1070.0,30
EBLD86,2026-09-09,1113.0,1082.1,357
EBLD91,2026-09-09,1066.2,1098.0,81
ECL,2026-09-09,1300.0,1285.0,9869
H8020,2026-09-09,12.12,12.02,103255
GVL,2026-09-09,487.0,479.0,15271
GUFL,2026-09-09,501.0,490.0,16440
ANLB,2026-09-09,4800.0,4870.0,507
CSY,2026-09-09,8.3,8.3,15571
GBBL,2026-09-09,450.0,444.0,191215
GBILD86/87,2026-09-09,1085.0,1085.0,25
BGWT,2026-09-09,466.5,461.1,19987
CKHL,2026-09-09,575.0,593.0,808
CZBIL,2026-09-09,209.4,199.8,19083
DHEL,2026-09-09,559.7,559.0,13699
ALBSL,2026-09-09,1071.0,1114.0,18823
AKPL,2026-09-09,250.0,249.0,100108
BFC,2026-09-09,450.0,437.0,30003
GMLI,2026-09-09,951.0,957.9,430
CFCL,2026-09-09,589.0,561.0,291259
BHL,2026-09-09,202.0,200.0,37042
CGH,2026-09-09,768.0,770.0,9163
CHCL,2026-09-09,363.0,358.1,63908
CHDC,2026-09-09,2215.0,2230.0,13702
CHL,2026-09-09,254.6,246.0,9455
CIZBD90,2026-09-09,1225.0,1225.0,25
DDBL,2026-09-09,840.0,846.9,4082
HIDCL,2026-09-09,255.1,240.0,30539
BEDC,2026-09-09,287.0,285.5,4833
GSY,2026-09-09,8.9,8.93,3000
CREST,2026-09-09,1050.0,1050.0,7119
JBBL,2026-09-09,334.9,329.0,28133
ILBS,2026-09-09,835.0,833.0,1568
HFIN,2026-09-09,625.0,620.0,19129
HHL,2026-09-09,315.0,319.0,9220
GCIL,2026-09-09,378.5,372.0,37249
GBLBS,2026-09-09,657.0,647.0,5324
BNT,2026-09-09,11630.0,11700.0,20
C30MF,2026-09-09,9.71,9.75,200
IHL,2026-09-09,295.0,302.9,8838
MAKAR,2026-09-09,402.0,400.0,53462
HPPL,2026-09-09,367.3,367.2,49823
HATHY,2026-09-09,591.2,575.0,17339
HRL,2026-09-09,516.0,502.1,49983
HURJA,2026-09-09,231.1,232.0,39646
ICFC,2026-09-09,585.0,582.8,4677
ICFCD88,2026-09-09,1120.0,1112.0,75
ICFCD89,2026-09-09,1065.8,1086.1,240
IGI,2026-09-09,376.0,380.0,6421
KBL,2026-09-09,215.0,213.2,109831
SKBBL,2026-09-09,745.2,751.0,5554
HEIP,2026-09-09,300.0,297.7,310
HEI,2026-09-09,462.0,460.0,6900
MERO,2026-09-09,612.0,599.0,3914
MFIL,2026-09-09,720.0,726.0,10872
GLBSL,2026-09-09,1605.0,1610.0,245
NUBL,2026-09-09,568.0,564.9,6771
NIMB,2026-09-09,192.9,182.2,76954
DOLTI,2026-09-09,282.9,276.3,12639
DLBS,2026-09-09,990.0,1000.0,250
GBIME,2026-09-09,254.0,250.4,126513
GBIMESY2,2026-09-09,8.9,8.81,2700
GIBF1,2026-09-09,11.09,11.0,1261369
GILB,2026-09-09,1116.0,1112.4,3367
GLH,2026-09-09,246.2,245.0,24035
GBILD84/85,2026-09-09,1125.0,1125.0,25
GMFBS,2026-09-09,1170.0,1170.0,1418
GMFIL,2026-09-09,412.0,417.9,8815
GRDBL,2026-09-09,943.0,940.0,5828
DHPL,2026-09-09,273.0,268.0,3519
CBBL,2026-09-09,940.0,947.0,22863
GHL,2026-09-09,227.9,228.0,72673
SWMF,2026-09-09,584.0,584.0,1699
NMLBBL,2026-09-09,497.9,485.0,5347
TAMOR,2026-09-09,496.0,493.1,266955
SOPL,2026-09-09,738.0,731.0,24640
SLBBL,2026-09-09,805.0,787.0,2917
SAIL,2026-09-09,1050.0,1027.0,37607
SEF,2026-09-09,9.4,9.6,105570
UMRH,2026-09-09,518.8,516.0,2590
UNHPL,2026-09-09,355.0,353.8,14572
TTL,2026-09-09,687.0,684.2,3280
TPC,2026-09-09,346.0,348.9,16556
SONA,2026-09-09,380.0,395.0,33696
SPC,2026-09-09,417.9,390.0,5462
SHPC,2026-09-09,506.0,513.0,78918
SPDL,2026-09-09,354.9,345.0,12009
SPHL,2026-09-09,525.0,514.0,5226
SPIL,2026-09-09,600.0,588.0,2693
SRBLD83,2026-09-09,1020.0,1020.0,300
SIFC,2026-09-09,479.7,469.0,21246
SICL,2026-09-09,534.0,550.0,23009
USHEC,2026-09-09,490.0,494.0,2390
UPPER,2026-09-09,190.1,184.0,49873
NBF2,2026-09-09,10.0,10.0,200
VLBS,2026-09-09,610.4,618.9,2062
FOWAD,2026-09-09,880.0,880.0,2592
SJCL,2026-09-09,232.0,232.0,15301
SAEF2,2026-09-09,9.0,9.0,10100
TPKHL,2026-09-09,504.0,502.0,20972
SMB,2026-09-09,1813.0,1752.1,206
NMIC,2026-09-09,793.0,785.0,2691
NBBD2085,2026-09-09,1160.0,1160.0,15
SIGS3,2026-09-09,10.0,10.11,4151
SINDU,2026-09-09,493.5,423.1,5486
SIPD,2026-09-09,582.0,611.8,28422
SJLIC,2026-09-09,395.1,400.0,16197
USLB,2026-09-09,1000.0,1014.0,518
SKHEL,2026-09-09,805.1,834.0,2391
TSHL,2026-09-09,333.0,342.0,5089
NYADI,2026-09-09,351.0,351.2,1628
SANIMA,2026-09-09,365.1,366.8,78728
SCB,2026-09-09,649.0,651.1,9478
SSHL,2026-09-09,193.0,191.0,36669
SEF2,2026-09-09,8.74,8.87,7780
SGHC,2026-09-09,296.0,290.4,14257
UPCL,2026-09-09,340.0,344.5,63743
SGHL,2026-09-09,490.0,490.3,56670
SGIC,2026-09-09,380.0,378.0,13429
RBBD83,2026-09-09,1035.0,1045.0,35
PURE,2026-09-09,760.0,769.0,9732
RADHI,2026-09-09,690.0,684.0,49217
RAWA,2026-09-09,413.0,404.1,18345
SNLI,2026-09-09,389.0,385.0,19369
EDBL,2026-09-09,569.0,564.1,1144
JFL,2026-09-09,300.0,266.6,125289
PSF,2026-09-09,12.28,12.13,263368
PRSF,2026-09-09,12.8,12.9,671300
NADEP,2026-09-09,671.0,677.1,1670
SBL,2026-09-09,442.5,425.0,115390
BHDC,2026-09-09,416.4,419.9,11329
PPL,2026-09-09,306.0,304.0,9925
BNHC,2026-09-09,263.0,262.9,14892
CORBL,2026-09-09,893.0,859.0,15157
BJHL,2026-09-09,640.0,657.9,18521
CBLD88,2026-09-09,1165.7,1235.0,320
HBL,2026-09-09,188.0,186.0,44416
CITY,2026-09-09,342.0,337.0,57074
YMHL,2026-09-09,557.0,564.9,12981
PRVUPO,2026-09-09,101.0,101.0,11087
UAIL,2026-09-09,368.0,362.7,16870
SOHL,2026-09-09,660.0,650.0,222845
SHIVM,2026-09-09,664.2,662.6,200599
SHL,2026-09-09,501.0,501.8,14645
SNORL,2026-09-09,878.0,880.0,11314
SKHL,2026-09-09,725.0,730.0,23108
SPL,2026-09-09,597.2,655.0,1820
SMPDA,2026-09-09,710.7,725.0,1654
SMHL,2026-09-09,460.0,467.0,91714
SHEL,2026-09-09,294.0,290.0,60085
SFMF,2026-09-09,9.25,9.2,5200
TVCL,2026-09-09,311.0,293.1,41641
UHEWA,2026-09-09,580.0,587.9,20927
ULBSL,2026-09-09,2980.0,2498.0,2088
ULHC,2026-09-09,267.8,299.0,24818
UMHL,2026-09-09,550.0,553.0,36512
SMJC,2026-09-09,401.1,404.0,9185
UNL,2026-09-09,46400.0,46000.0,50
USHL,2026-09-09,501.8,512.0,1389
NABILD2089,2026-09-09,1100.0,1068.0,150
VLUCL,2026-09-09,381.0,379.9,4624
SLBSL,2026-09-09,900.0,860.0,1262
PHCL,2026-09-09,296.2,297.0,40951
NMFBS,2026-09-09,1137.0,1130.0,3794
SAHAS,2026-09-09,694.0,692.0,77557
ACLBSL,2026-09-09,886.0,884.0,373
NICLBSL,2026-09-09,512.0,513.0,7329
PRVU,2026-09-09,182.0,180.4,90119
NLIC,2026-09-09,701.0,701.9,10790
OHL,2026-09-09,605.0,607.6,479
PCIL,2026-09-09,618.2,609.9,30687
PMHPL,2026-09-09,301.5,294.0,1085
NICFC,2026-09-09,8.77,9.03,14697
PMLI,2026-09-09,400.0,401.0,3966
PPCL,2026-09-09,344.5,334.5,4571
RSY,2026-09-09,9.47,9.46,102200
RSML,2026-09-09,2941.1,2993.0,143170
RSDC,2026-09-09,628.0,623.0,1118
PCBL,2026-09-09,256.0,240.0,24434
SLCF,2026-09-09,9.03,8.92,7100
NICAD2091,2026-09-09,1090.0,1090.0,25
SADBL,2026-09-09,395.0,409.0,8412
SABBL,2026-09-09,916.7,894.0,14340
RURU,2026-09-09,573.1,590.0,327
RSY2,2026-09-09,8.74,8.8,7000
SAGAR,2026-09-09,1593.0,1559.0,5169
RBCLPO,2026-09-09,11210.0,11210.0,10
NBL,2026-09-09,279.9,277.1,99062
NBF3,2026-09-09,9.5,9.37,28456
NIBLGF,2026-09-09,8.5,8.59,26800
SALICO,2026-09-09,535.0,519.0,2199
NLICL,2026-09-09,546.3,550.2,6589
NMB,2026-09-09,251.8,242.3,28107
NMBHF2,2026-09-09,9.16,9.23,1800
NMBMF,2026-09-09,594.0,583.0,1110
NMBUR93/94,2026-09-09,903.1,903.1,25
NIL,2026-09-09,524.0,513.0,11296
SHLB,2026-09-09,1250.0,1253.0,149
NLG,2026-09-09,514.0,504.3,9347
PRIN,2026-09-09,570.0,594.0,5985
SWASTIK,2026-09-09,1821.0,1825.0,190
NICA,2026-09-09,324.4,308.0,32159
NICBF,2026-09-09,8.65,8.66,13700
AHL,2026-09-09,355.0,356.3,3135
AKJCL,2026-09-09,344.0,338.0,246140
SAPDBL,2026-09-09,683.0,632.0,51465
NICL,2026-09-09,432.5,430.9,8663
RBBD2088,2026-09-09,1090.0,1095.0,325
NICGF2,2026-09-09,8.72,8.7,800
OMPL,2026-09-09,885.0,900.0,3359
NIMBPO,2026-09-09,138.0,140.9,5078
LBBL,2026-09-09,480.2,476.0,18091
UNLB,2026-09-09,1222.0,1215.3,221
SANVI,2026-09-09,559.0,558.0,6042
SAPIL,2026-09-09,1245.0,1240.0,22815
SMH,2026-09-09,507.0,502.0,3170
SARBTM,2026-09-09,798.0,796.4,7869
SBCF,2026-09-09,9.04,9.29,1000
SBI,2026-09-09,395.0,402.0,24215
SBLD2091,2026-09-09,1100.0,1082.0,525
SHINE,2026-09-09,417.1,416.5,20258
SAND2085,2026-09-09,1115.5,1115.5,205
NIBLSTF,2026-09-09,8.34,8.25,1140
SMATA,2026-09-09,700.0,691.0,949
NWCL,2026-09-09,596.1,590.0,2522
RBBF40,2026-09-09,9.0,9.1,700
SMFBS,2026-09-09,1307.0,1380.0,143
RHPL,2026-09-09,170.0,163.0,116106
ADBL,2026-09-09,299.0,299.0,22639
ADBLD83,2026-09-09,1020.1,1020.1,100
RBCL,2026-09-09,14168.0,13381.1,60
PBD88,2026-09-09,1200.0,1200.0,25
SAGF,2026-09-09,9.3,9.35,600
SRLI,2026-09-09,351.4,355.0,5002
RFPL,2026-09-09,328.0,327.2,25764
RHGCL,2026-09-09,250.0,245.0,4519
NIBSF2,2026-09-09,8.2,8.29,52700
RIDI,2026-09-09,348.0,347.9,287314
RLEL,2026-09-09,741.0,762.9,14441
RLFL,2026-09-09,416.0,421.4,29040
RMF1,2026-09-09,9.65,9.79,4600
RMF2,2026-09-09,9.7,9.75,10500
NICSF,2026-09-09,8.35,8.25,450
RNLI,2026-09-09,414.0,411.0,9402
STC,2026-09-09,5225.0,5263.1,660
SINDU,2026-09-07,556.3,497.7,20260
NIL,2026-09-07,525.0,525.0,24286
ULHC,2026-09-07,305.0,260.0,7071
ULBSL,2026-09-07,3072.0,2840.0,30
USHEC,2026-09-07,491.0,499.0,4805
SKBBL,2026-09-07,741.0,746.1,5863
SPC,2026-09-07,390.0,398.0,6974
SIPD,2026-09-07,579.0,591.1,17398
UMRH,2026-09-07,514.0,519.7,6291
SIKLES,2026-09-07,566.1,578.0,25126
SMHL,2026-09-07,520.0,527.0,191907
MNBBL,2026-09-07,356.0,346.0,106524
KEF,2026-09-07,9.5,9.75,16476
ILI,2026-09-07,404.0,405.0,7460
KAHL,2026-09-07,490.0,493.0,15554
ILBS,2026-09-07,815.0,836.9,1029
RAWA,2026-09-07,393.0,413.9,29843
HIMSTAR,2026-09-07,632.0,649.0,4379
UNL,2026-09-07,46350.0,46300.0,80
PROFL,2026-09-07,375.0,380.0,5377
GMLI,2026-09-07,919.0,951.0,602
SMFBS,2026-09-07,1312.0,1345.0,77
MEHL,2026-09-07,227.0,228.0,44646
KBLD86,2026-09-07,1177.0,1143.0,45
JSLBB,2026-09-07,924.2,944.0,188
ICFCD88,2026-09-07,1119.0,1118.0,50
JHAPA,2026-09-07,1012.0,1021.0,2517
HURJA,2026-09-07,230.0,233.5,44635
NBBD2085,2026-09-07,1145.0,1150.0,6420
HLI,2026-09-07,295.0,296.6,18552
HIDCLP,2026-09-07,179.5,181.9,30638
KDBY,2026-09-07,9.79,9.94,42955
HDL,2026-09-07,1170.0,1187.0,24480
CHDC,2026-09-07,2202.0,2215.0,10148
BGWT,2026-09-07,471.0,474.0,20189
EBLEB89,2026-09-07,1070.0,1070.0,23
GUFL,2026-09-07,518.0,502.7,11404
MERO,2026-09-07,595.0,600.0,8304
LUK,2026-09-07,9.21,9.5,2297
BFC,2026-09-07,455.4,450.0,24371
KDL,2026-09-07,730.0,727.0,3012
HEI,2026-09-07,477.0,469.9,9749
CYCL,2026-09-07,1569.3,1584.0,13229
GBIMESY2,2026-09-07,8.75,8.9,600
BNHC,2026-09-07,258.0,263.8,10214
MABEL,2026-09-07,554.0,587.7,5632
LVF2,2026-09-07,9.0,9.3,1400
EBLD91,2026-09-07,1099.1,1099.1,25
HEIP,2026-09-07,304.0,304.0,400
IHL,2026-09-07,299.0,292.2,9160
LEC,2026-09-07,210.2,215.0,73636
TRH,2026-09-07,787.0,798.0,7293
KBL,2026-09-07,213.0,215.0,157430
HPPL,2026-09-07,380.0,370.5,60500
MSHL,2026-09-07,534.0,518.0,147
MAKAR,2026-09-07,407.0,402.0,50130
ICFC,2026-09-07,598.5,582.1,3470
HRL,2026-09-07,520.0,516.0,50365
MKCL,2026-09-07,899.0,911.0,2080
EDBL,2026-09-07,579.0,575.0,104136
LBBL,2026-09-07,465.0,485.0,28681
KSBBL,2026-09-07,459.0,449.1,36919
MKHL,2026-09-07,482.2,496.1,934
KBSH,2026-09-07,802.0,809.0,6367
HFIN,2026-09-07,622.0,629.0,21542
JOSHI,2026-09-07,256.0,261.5,8714
KPCL,2026-09-07,445.3,449.1,4518
CCBD88,2026-09-07,1175.0,1175.0,25
MBLEF,2026-09-07,9.13,9.15,930
MLBBL,2026-09-07,919.2,945.0,2565
MPFL,2026-09-07,584.1,595.0,2600
MKJC,2026-09-07,290.0,289.4,31973
NABBC,2026-09-07,715.1,711.1,10527
MATRI,2026-09-07,710.1,723.0,1210
MEPDL,2026-09-07,660.0,644.0,18706
MFIL,2026-09-07,720.0,733.0,13447
ICFCD89,2026-09-07,1090.0,1095.0,50
MDB,2026-09-07,550.8,559.7,10109
JFL,2026-09-07,361.0,313.6,72312
YMHL,2026-09-07,550.0,560.0,11530
KHPL,2026-09-07,735.0,740.0,2771
IGI,2026-09-07,380.0,378.8,19276
KSY,2026-09-07,8.59,8.75,1400
HBLD86,2026-09-07,1157.4,1157.4,7500
LSL,2026-09-07,234.1,225.0,113537
MLBS,2026-09-07,980.0,981.0,100
MBL,2026-09-07,255.0,250.0,44708
HDHPC,2026-09-07,199.8,200.8,50657
MANDU,2026-09-07,677.0,677.0,10657
LICN,2026-09-07,747.0,756.0,9538
KMCDB,2026-09-07,740.0,820.0,11566
HHL,2026-09-07,323.0,315.0,19609
HIDCL,2026-09-07,240.5,243.0,72026
MLBL,2026-09-07,344.0,349.6,21834
EBLD86,2026-09-07,1082.1,1081.0,50
BHPL,2026-09-07,430.0,432.0,4956
APHL,2026-09-07,670.0,690.0,6214
GBBL,2026-09-07,450.0,447.0,401185
RBCL,2026-09-07,13755.6,13755.6,10
AHPC,2026-09-07,248.2,253.3,44610
AKJCL,2026-09-07,357.3,340.6,116479
BUNGAL,2026-09-07,515.0,526.0,9952
BHDC,2026-09-07,430.0,422.0,2460
GBIME,2026-09-07,262.5,251.9,110870
MHCL,2026-09-07,281.3,280.0,6450
GMFIL,2026-09-07,414.0,418.0,5966
GLBSL,2026-09-07,1600.0,1601.1,274
NABILD2089,2026-09-07,1097.0,1100.0,888
MMF1,2026-09-07,8.98,9.0,2500
AHL,2026-09-07,366.0,360.0,4679
C30MF,2026-09-07,9.95,9.95,6700
BEDC,2026-09-07,286.0,287.0,6739
MSLB,2026-09-07,1197.0,1225.0,6586
CHL,2026-09-07,250.0,250.5,12826
GMFBS,2026-09-07,1067.0,1145.0,574
HBL,2026-09-07,188.0,189.0,78585
SAND2085,2026-09-07,1149.9,1149.9,85
JBLB,2026-09-07,1270.0,1252.0,4936
CKHL,2026-09-07,585.0,591.0,1942
GILB,2026-09-07,1095.0,1116.0,8463
TTL,2026-09-07,680.0,685.0,6472
PMLI,2026-09-07,397.0,401.9,9006
SMH,2026-09-07,503.0,509.3,7260
RBCLPO,2026-09-07,10900.0,11551.5,60
TPKHL,2026-09-07,507.0,510.0,17101
PPCL,2026-09-07,335.0,338.5,7990
AVYAN,2026-09-07,988.0,1002.0,972
CHCL,2026-09-07,368.5,369.2,100943
ADBL,2026-09-07,311.8,300.0,28634
BJHL,2026-09-07,630.1,653.0,10049
PPL,2026-09-07,287.8,306.0,12765
PBD85,2026-09-07,1114.9,1115.0,350
UPPER,2026-09-07,182.0,183.0,70470
PHCL,2026-09-07,300.1,298.8,60592
PBD88,2026-09-07,1175.0,1195.0,35
BHCL,2026-09-07,513.0,542.9,99020
CBBL,2026-09-07,935.0,943.0,12870
MBJC,2026-09-07,271.6,278.5,80806
BARUN,2026-09-07,314.9,312.0,20989
CBLD88,2026-09-07,1160.6,1165.7,8
GBBD85,2026-09-07,1055.1,1085.0,125
DLBS,2026-09-07,993.0,1000.0,137
CGH,2026-09-07,767.0,769.3,7983
BBC,2026-09-07,4072.7,4076.0,87
MNMF1,2026-09-07,9.0,9.13,14650
CZBIL,2026-09-07,198.8,199.5,44539
CIZBD90,2026-09-07,1225.0,1225.0,25
GFCL,2026-09-07,572.0,575.0,4082
MEL,2026-09-07,200.1,199.6,4199
BHL,2026-09-07,199.0,201.0,56544
BANDIPUR,2026-09-07,644.0,645.9,17005
CFCL,2026-09-07,569.0,595.0,92390
CITY,2026-09-07,340.0,342.0,48423
CREST,2026-09-07,1049.0,1074.0,4210
DDBL,2026-09-07,833.0,841.1,3163
GSY,2026-09-07,8.95,9.0,2350
GHL,2026-09-07,226.8,228.0,70778
GWFD83,2026-09-07,1020.1,1020.1,10
GCIL,2026-09-07,380.0,378.5,37171
DOLTI,2026-09-07,283.0,280.0,14523
EBLD85,2026-09-07,1151.4,1151.4,14
FMDBL,2026-09-07,727.1,739.8,4669
API,2026-09-07,330.0,329.0,172177
GRDBL,2026-09-07,970.0,962.0,7604
BNL,2026-09-07,14360.0,14360.0,10
BNT,2026-09-07,11600.0,11630.0,70
BPCL,2026-09-07,634.0,645.0,13485
CORBL,2026-09-07,896.0,892.9,14518
CLI,2026-09-07,412.0,413.1,11366
ANLB,2026-09-07,4880.0,4908.0,753
FOWAD,2026-09-07,918.2,880.0,1465
H8020,2026-09-07,12.0,12.48,89141
GLH,2026-09-07,245.0,246.2,17060
DORDI,2026-09-07,237.0,240.0,7723
HATHY,2026-09-07,609.0,594.5,9650
NADEP,2026-09-07,670.0,689.0,256
ALBSL,2026-09-07,1150.0,1102.1,13298
AKPL,2026-09-07,246.0,250.0,77445
CIT,2026-09-07,1720.0,1713.9,4898
GIBF1,2026-09-07,10.51,11.08,254584
VLUCL,2026-09-07,379.5,381.0,2693
HLBSL,2026-09-07,855.0,855.0,635
JBBL,2026-09-07,323.0,334.9,43266
SAPIL,2026-09-07,1204.8,1245.0,24421
SYPNL,2026-09-07,1345.0,1344.0,101030
SHL,2026-09-07,503.0,502.5,27156
ENL,2026-09-07,854.0,691.6,16300
SHEL,2026-09-07,293.7,293.9,35627
RBBD2088,2026-09-07,1090.0,1090.0,1800
SIGS3,2026-09-07,10.0,10.2,6449
SBCF,2026-09-07,8.77,9.04,2200
SIGS2,2026-09-07,9.94,9.94,500
MLBSL,2026-09-07,1060.0,1072.0,888
SFEF,2026-09-07,9.59,9.59,100
KKHC,2026-09-07,266.0,267.9,153445
MMKJL,2026-09-07,368.0,355.2,8022
SJCL,2026-09-07,231.0,232.5,21624
SEF,2026-09-07,9.41,9.41,64400
SLBBL,2026-09-07,792.9,799.0,8071
SIFC,2026-09-07,487.9,480.1,1834
SKHL,2026-09-07,725.0,725.0,18121
UHEWA,2026-09-07,583.0,586.2,49711
SAPDBL,2026-09-07,689.0,682.0,14377
RNLI,2026-09-07,411.0,414.0,5480
NBF2,2026-09-07,10.09,9.82,2760
SARBTM,2026-09-07,795.0,797.0,15949
PRVU,2026-09-07,177.5,180.0,122816
NMBHF2,2026-09-07,8.8,9.24,11000
RLEL,2026-09-07,770.0,760.0,16786
RIDI,2026-09-07,344.0,347.7,232720
RHPL,2026-09-07,173.0,170.2,109353
SSHL,2026-09-07,191.2,193.0,50337
SFMF,2026-09-07,9.3,9.02,1450
CSY,2026-09-07,8.38,8.3,36825
SBI,2026-09-07,400.0,402.0,27589
SMATA,2026-09-07,690.0,695.0,2294
SBLD2091,2026-09-07,1057.0,1090.0,169
NICGF2,2026-09-07,8.64,8.89,600
EHPL,2026-09-07,321.3,315.0,6034
TPC,2026-09-07,346.0,346.0,11936
SPHL,2026-09-07,505.5,514.0,4307
GVL,2026-09-07,473.0,485.9,12386
SHIVM,2026-09-07,694.0,664.2,128175
MHL,2026-09-07,445.0,452.9,4993
UNLB,2026-09-07,1271.0,1258.0,200
NRIC,2026-09-07,800.1,805.0,15042
TVCL,2026-09-07,325.0,317.2,3627
SONA,2026-09-07,400.0,398.0,107843
USHL,2026-09-07,502.0,501.0,1128
SOHL,2026-09-07,655.0,654.0,246562
SBL,2026-09-07,417.0,421.5,154937
SGIC,2026-09-07,380.0,379.0,17027
SKHEL,2026-09-07,795.0,830.0,1126
SRLI,2026-09-07,366.0,355.0,10669
SGHC,2026-09-07,287.4,295.0,29194
SEF2,2026-09-07,8.8,9.0,6350
NABIL,2026-09-07,545.1,552.5,126376
UMHL,2026-09-07,550.0,553.9,25242
SHPC,2026-09-07,500.2,509.8,63930
JBBLPO,2026-09-07,179.0,179.0,2006
SJLIC,2026-09-07,395.0,398.0,8388
UAIL,2026-09-07,363.0,368.5,7838
SPDL,2026-09-07,342.2,346.0,16760
USLB,2026-09-07,1013.0,1020.0,546
PMHPL,2026-09-07,293.5,294.9,6499
SOPL,2026-09-07,720.0,738.0,27444
SLCF,2026-09-07,9.03,9.03,100
UPCL,2026-09-07,344.0,345.0,87414
SANVI,2026-09-07,549.0,559.0,7416
SHLB,2026-09-07,1250.0,1265.0,50
SBID83,2026-09-07,1050.0,1050.0,25
SPL,2026-09-07,610.0,615.6,1839
TAMOR,2026-09-07,528.1,497.1,112276
SLBSL,2026-09-07,907.9,899.0,577
SICL,2026-09-07,525.0,550.0,23346
SWASTIK,2026-09-07,1820.0,1859.0,360
STC,2026-09-07,5288.0,5226.1,1003
SMB,2026-09-07,1750.0,1785.0,961
SMJC,2026-09-07,405.0,403.0,14325
SGHL,2026-09-07,481.1,499.3,55299
SMPDA,2026-09-07,710.0,721.0,1222
TSHL,2026-09-07,330.1,333.0,2710
VLBS,2026-09-07,601.0,620.0,1623
SNORL,2026-09-07,870.0,878.0,17285
SCB,2026-09-07,660.0,649.1,6334
SHINE,2026-09-07,410.0,419.9,37396
LLBS,2026-09-07,871.1,870.5,542
NMB,2026-09-07,250.4,239.9,45643
NLICL,2026-09-07,550.3,550.3,5233
SAIL,2026-09-07,994.0,1056.2,59583
NTC,2026-09-07,900.0,884.0,7862
PRSF,2026-09-07,12.9,12.7,22405
RBBF40,2026-09-07,8.73,9.0,1100
NWCL,2026-09-07,600.0,598.0,1723
NICA,2026-09-07,310.5,309.0,38044
NESDO,2026-09-07,1272.2,1320.0,401
NRN,2026-09-07,1391.0,1400.0,40081
SPIL,2026-09-07,590.0,599.9,9818
NUBL,2026-09-07,570.0,568.0,11530
MHNL,2026-09-07,236.0,242.0,20881
SAGF,2026-09-07,9.5,9.33,700
MKHC,2026-09-07,269.6,260.0,23751
NSIF2,2026-09-07,9.9,9.87,66675
NMIC,2026-09-07,777.0,793.0,3305
NMFBS,2026-09-07,1120.0,1135.0,2127
SNLI,2026-09-07,375.0,389.0,12332
RMF2,2026-09-07,9.5,9.7,700
SAGAR,2026-09-07,1500.0,1593.0,13464
ECL,2026-09-07,1218.0,1297.0,10282
PCIL,2026-09-07,589.1,618.2,22324
SAHAS,2026-09-07,686.9,694.0,72219
NLIC,2026-09-07,696.0,701.0,11863
HLICF,2026-09-07,8.3,8.51,2100
LSH12,2026-09-07,8.95,8.95,2800
MEN,2026-09-07,627.1,630.0,68850
MCHL,2026-09-07,250.0,255.0,4308
ALICL,2026-09-07,397.0,402.0,10546
DHEL,2026-09-07,556.0,577.0,15211
OHL,2026-09-07,620.0,623.0,856
NFS,2026-09-07,525.0,524.9,6013
NMBUR93/94,2026-09-07,909.0,930.0,75
NLG,2026-09-07,500.0,514.5,10044
NMBD89/90,2026-09-07,1225.0,1225.0,25
EBL,2026-09-07,717.5,716.0,32619
GBLBS,2026-09-07,651.1,657.0,4218
DHPL,2026-09-07,263.0,272.0,3839
NMLBBL,2026-09-07,485.0,488.0,2896
NIMB,2026-09-07,191.1,183.8,94930
NBL,2026-09-07,276.0,279.0,133042
NICSF,2026-09-07,8.22,8.35,1100
ACLBSL,2026-09-07,899.0,886.0,835
NRM,2026-09-07,285.2,287.0,6638
NIMBPO,2026-09-07,140.0,139.0,1012
PRIN,2026-09-07,605.0,600.0,7620
OMPL,2026-09-07,880.0,895.0,2582
NGPL,2026-09-07,390.0,393.8,82826
NHPC,2026-09-07,250.0,257.0,159367
NICL,2026-09-07,430.0,436.9,8608
RFPL,2026-09-07,330.0,328.1,6314
RADHI,2026-09-07,679.0,690.0,31235
RLFL,2026-09-07,415.0,424.0,5708
RSML,2026-09-07,2850.0,2940.0,86181
RSY,2026-09-07,9.51,9.47,49300
SWMF,2026-09-07,579.0,584.0,3348
SANIMA,2026-09-07,370.0,365.0,68952
SAEF2,2026-09-07,9.03,9.0,11000
RSDC,2026-09-07,615.0,628.0,5199
SABBL,2026-09-07,875.1,916.7,14837
RHGCL,2026-09-07,245.0,250.0,9727
RURU,2026-09-07,570.6,585.0,2411
NIFRA,2026-09-07,240.0,240.9,38391
NMBMF,2026-09-07,580.0,589.0,1126
RSY2,2026-09-07,8.9,9.01,7520
NIBSF2,2026-09-07,8.2,8.3,203610
PURE,2026-09-07,662.0,761.3,9496
NICLBSL,2026-09-07,513.1,512.8,9569
UNHPL,2026-09-07,356.0,355.0,12344
NBF3,2026-09-07,9.55,9.64,25750
RMF1,2026-09-07,9.5,9.7,1150
SADBL,2026-09-07,400.0,410.4,7784
SALICO,2026-09-07,528.0,527.5,4733
SWBBL,2026-09-07,670.0,677.0,6104
PSF,2026-09-07,12.0,12.28,256210
NSY,2026-09-07,8.91,9.3,2900
NICFC,2026-09-07,8.72,8.77,1350
NYADI,2026-09-07,345.0,351.1,6014
PCBL,2026-09-07,249.9,243.9,43028
NICD88,2026-09-07,1085.0,1085.0,14
NICAD2091,2026-09-07,1093.0,1093.0,50
NHDL,2026-09-07,629.0,635.0,1011
NIBLGF,2026-09-07,8.36,8.5,2855
NIBLSTF,2026-09-07,8.1,8.34,3730
RLEL,2026-09-03,790.0,772.0,4752
USLB,2026-09-03,1014.0,1012.7,221
SPDL,2026-09-03,350.0,348.9,11031
SHIVM,2026-09-03,660.0,661.0,174067
SLBBL,2026-09-03,775.2,780.8,1411
SEF2,2026-09-03,9.0,8.93,8700
SHINED,2026-09-03,1105.0,1096.0,26
HIDCL,2026-09-03,239.6,239.0,29189
KMCDB,2026-09-03,735.0,772.0,9805
GLBSL,2026-09-03,1585.2,1611.0,207
JBLB,2026-09-03,1248.0,1248.1,1790
JBBL,2026-09-03,325.0,325.0,24532
LVF2,2026-09-03,9.01,9.27,5700
HRL,2026-09-03,515.0,519.9,41825
MLBS,2026-09-03,995.0,995.0,603
KEF,2026-09-03,9.5,9.7,8800
KHPL,2026-09-03,738.0,740.1,6607
SIFC,2026-09-03,480.0,478.0,2743
MHCL,2026-09-03,276.0,285.0,1155
UMHL,2026-09-03,555.0,562.4,133544
LLBS,2026-09-03,879.0,846.1,388
OHL,2026-09-03,616.0,620.0,546
KBSH,2026-09-03,803.0,802.0,11658
KSBBL,2026-09-03,475.0,463.0,27883
MHL,2026-09-03,442.5,445.0,1354
MKHC,2026-09-03,255.0,269.6,64064
HIDCLP,2026-09-03,180.0,179.5,30426
LSH12,2026-09-03,9.0,9.01,2000
JOSHI,2026-09-03,257.0,256.0,9860
BNT,2026-09-03,11649.0,11650.0,120
GFCL,2026-09-03,563.3,572.0,3460
MBL,2026-09-03,242.2,246.0,106970
MBLEF,2026-09-03,9.07,9.13,14893
SRLI,2026-09-03,352.0,355.2,13933
GILB,2026-09-03,1074.0,1091.0,622
NABIL,2026-09-03,540.0,539.0,21616
EBLD85,2026-09-03,1122.7,1122.7,50
HEIP,2026-09-03,308.8,303.4,2155
MMKJL,2026-09-03,388.0,368.9,8438
PPL,2026-09-03,303.0,302.9,26321
HHL,2026-09-03,321.0,319.9,10206
HLI,2026-09-03,296.0,295.0,20749
CITY,2026-09-03,345.0,340.0,56349
MEPDL,2026-09-03,618.4,660.0,24744
HFIN,2026-09-03,615.0,622.9,28307
PMHPL,2026-09-03,289.0,298.0,2073
UNLB,2026-09-03,1258.9,1234.8,503
TTL,2026-09-03,685.0,680.0,4541
KKHC,2026-09-03,253.0,264.1,60972
JFL,2026-09-03,370.0,368.9,6967
MHNL,2026-09-03,235.0,235.5,2318
MAKAR,2026-09-03,411.0,406.5,103617
KBLD89,2026-09-03,1280.0,1280.0,280
MABEL,2026-09-03,550.0,564.0,3709
HDL,2026-09-03,1164.0,1170.3,16547
HIMSTAR,2026-09-03,654.0,632.0,2279
MANDU,2026-09-03,665.0,677.0,5408
KBL,2026-09-03,212.8,213.0,153621
KDBY,2026-09-03,10.0,9.82,143900
SLCF,2026-09-03,9.0,9.06,1750
MFLD85,2026-09-03,1105.0,1105.0,75
ICFCD88,2026-09-03,1105.1,1105.1,25
ICFC,2026-09-03,585.5,585.0,3923
HPPL,2026-09-03,367.0,363.1,41254
MERO,2026-09-03,609.8,606.0,1110
SJCL,2026-09-03,238.0,236.2,28546
ICFCD83,2026-09-03,843.2,868.4,1
MLBLD89,2026-09-03,1287.5,1287.5,25
ILI,2026-09-03,400.0,404.9,9663
HLBSL,2026-09-03,841.2,855.0,226
IHL,2026-09-03,299.0,304.0,5362
MND84/85,2026-09-03,1052.0,1052.0,65
YMHL,2026-09-03,562.0,562.0,16837
KBLD86,2026-09-03,1110.0,1143.3,8
IGI,2026-09-03,380.1,377.0,5529
ILBS,2026-09-03,800.0,837.0,1697
MCHL,2026-09-03,248.0,253.0,5221
MATRI,2026-09-03,706.6,716.2,269
MLBL,2026-09-03,340.0,344.0,5673
MBLD87,2026-09-03,1127.0,1127.0,65
HLICF,2026-09-03,8.5,8.31,1000
MSLB,2026-09-03,1200.1,1196.0,928
LICN,2026-09-03,759.8,754.0,9370
KPCL,2026-09-03,447.2,447.1,3101
JBBD87,2026-09-03,1154.9,1170.0,435
LSL,2026-09-03,221.3,223.0,78161
MBJC,2026-09-03,267.9,274.0,62315
MNMF1,2026-09-03,9.05,9.0,2100
HEI,2026-09-03,474.0,464.7,14341
ANLB,2026-09-03,5617.0,5023.5,1068
HBL,2026-09-03,185.0,187.6,34664
CHDC,2026-09-03,2170.0,2179.0,2892
MEL,2026-09-03,197.5,200.5,6981
NBLD87,2026-09-03,1065.1,1065.1,25
ACLBSL,2026-09-03,900.0,894.9,804
ADBL,2026-09-03,299.0,297.0,9898
LBBL,2026-09-03,473.0,482.8,17558
ALBSL,2026-09-03,1060.0,1190.0,13128
DDBL,2026-09-03,839.0,831.0,1725
SHINE,2026-09-03,405.5,408.9,20749
CKHL,2026-09-03,577.0,615.0,646
MNBBL,2026-09-03,356.0,356.9,28287
GBIME,2026-09-03,250.4,250.0,147780
GHL,2026-09-03,235.0,221.0,65253
BFC,2026-09-03,464.4,458.0,6315
UAIL,2026-09-03,366.5,363.3,13863
CLI,2026-09-03,412.1,415.0,5103
BHPL,2026-09-03,460.9,438.0,3870
HURJA,2026-09-03,232.0,228.0,36438
NADEP,2026-09-03,695.0,685.0,303
HDHPC,2026-09-03,200.9,198.3,51411
AHL,2026-09-03,365.0,366.0,2543
CGH,2026-09-03,768.0,767.0,7006
AHPC,2026-09-03,249.9,248.2,38059
AKPL,2026-09-03,245.0,245.0,43929
SIKLES,2026-09-03,561.0,566.1,9256
BHL,2026-09-03,200.0,198.0,50408
RSY2,2026-09-03,8.7,8.92,9630
RADHI,2026-09-03,681.0,679.0,39400
CHCL,2026-09-03,377.0,370.2,137474
GBBL,2026-09-03,430.0,436.3,199020
PURE,2026-09-03,770.0,662.0,8483
GUFL,2026-09-03,504.0,506.0,9819
NESDO,2026-09-03,1310.0,1307.9,627
AKJCL,2026-09-03,347.7,340.3,281818
GMFBS,2026-09-03,1062.0,1066.6,281
BEDC,2026-09-03,286.0,286.0,11605
AVYAN,2026-09-03,1028.5,1007.0,1868
MPFL,2026-09-03,594.9,589.6,2316
PMLI,2026-09-03,402.0,398.3,5367
CFCL,2026-09-03,603.3,598.4,116315
APHL,2026-09-03,680.0,673.3,4386
GIBF1,2026-09-03,10.45,10.51,24650
GRDBL,2026-09-03,911.0,977.0,9490
MDB,2026-09-03,554.3,553.0,7670
GBIMESY2,2026-09-03,8.89,8.93,500
MEN,2026-09-03,621.0,627.1,159060
GCIL,2026-09-03,386.0,379.3,22215
DOLTI,2026-09-03,286.4,282.0,25887
SALICO,2026-09-03,520.1,526.8,5837
DLBS,2026-09-03,981.2,993.0,302
BARUN,2026-09-03,308.0,307.0,27286
C30MF,2026-09-03,9.75,9.95,600
MFIL,2026-09-03,725.0,730.0,15417
GMLI,2026-09-03,950.0,944.0,1021
BPCL,2026-09-03,644.0,633.6,5079
BBC,2026-09-03,4050.0,4082.0,212
BANDIPUR,2026-09-03,645.0,644.0,10507
CYCL,2026-09-03,1559.3,1599.9,12853
CBBL,2026-09-03,927.7,932.0,3931
CBBLPO,2026-09-03,511.0,511.0,4414
DHPL,2026-09-03,276.4,264.0,3793
CSY,2026-09-03,8.64,8.63,74651
EBLEB89,2026-09-03,1040.1,1067.0,51
CREST,2026-09-03,1059.0,1049.0,1811
MEHL,2026-09-03,230.0,227.0,78734
BHCL,2026-09-03,520.0,540.0,13335
BGWT,2026-09-03,466.0,477.0,62270
ALICL,2026-09-03,398.0,399.5,15632
PRSF,2026-09-03,12.7,12.89,225597
API,2026-09-03,330.0,326.1,115353
HATHY,2026-09-03,607.0,609.0,7502
GLH,2026-09-03,241.5,245.0,25858
SIGS3,2026-09-03,9.95,10.1,20400
CORBL,2026-09-03,900.0,896.0,11070
CIZBD90,2026-09-03,1259.0,1261.7,150
CHL,2026-09-03,262.2,250.0,14915
CIT,2026-09-03,1658.0,1719.9,11654
DHEL,2026-09-03,550.2,571.0,9552
DORDI,2026-09-03,244.0,236.7,9039
H8020,2026-09-03,11.96,12.0,3678997
GBLBS,2026-09-03,650.0,660.0,2007
GVL,2026-09-03,475.0,479.0,7893
BHDC,2026-09-03,413.0,414.3,6633
MLBSL,2026-09-03,1060.0,1055.0,1070
BJHL,2026-09-03,650.0,647.9,6403
MLBBL,2026-09-03,916.1,925.0,867
LUK,2026-09-03,9.41,9.4,300
ENL,2026-09-03,797.0,813.6,335
SSHL,2026-09-03,193.5,191.2,49706
STC,2026-09-03,5269.0,5206.1,1168
SPL,2026-09-03,645.0,640.0,4541
SKBBL,2026-09-03,741.0,741.0,7787
SMFBS,2026-09-03,1398.0,1333.0,403
SFMF,2026-09-03,9.27,9.27,3850
SPIL,2026-09-03,605.0,595.3,1456
OMPL,2026-09-03,880.0,883.0,1363
UNHPL,2026-09-03,355.5,353.7,5151
RHGCL,2026-09-03,243.0,247.8,6594
SHPC,2026-09-03,505.0,505.2,68850
SJLIC,2026-09-03,395.0,397.7,7388
MKHL,2026-09-03,487.0,494.0,2969
LEC,2026-09-03,210.5,210.0,71132
RLFL,2026-09-03,424.0,418.1,7707
TPC,2026-09-03,340.0,344.0,6250
BNHC,2026-09-03,261.9,259.5,10821
MKJC,2026-09-03,295.0,290.0,47203
SCB,2026-09-03,645.1,645.5,19963
SEF,2026-09-03,9.4,9.4,519000
SFEF,2026-09-03,9.85,9.86,5100
NYADI,2026-09-03,338.3,345.0,2251
CBLD88,2026-09-03,1160.6,1160.6,10
PRVU,2026-09-03,179.0,177.5,64386
NUBL,2026-09-03,564.1,570.0,2889
SGIC,2026-09-03,375.0,379.8,10686
SBI,2026-09-03,395.0,397.9,75210
SAPIL,2026-09-03,1220.0,1210.0,34865
SANIMA,2026-09-03,361.0,360.0,67627
SHLB,2026-09-03,1250.0,1251.0,705
SICL,2026-09-03,525.0,522.6,6841
SBCF,2026-09-03,9.2,9.02,2200
NMBD89/90,2026-09-03,1259.6,1259.6,25
SBID89,2026-09-03,1135.0,1163.9,103
NWCL,2026-09-03,590.2,597.0,1160
UPPER,2026-09-03,183.5,182.0,67824
SAGAR,2026-09-03,1550.0,1500.0,3864
SMB,2026-09-03,1740.0,1718.1,421
USHL,2026-09-03,539.7,515.0,4175
ECL,2026-09-03,1275.0,1282.0,10889
SAHAS,2026-09-03,689.0,686.9,55247
SGHL,2026-09-03,484.0,481.1,43151
SOPL,2026-09-03,728.0,725.0,26050
SANVI,2026-09-03,556.1,550.0,6791
SARBTM,2026-09-03,797.0,795.0,7917
SMATA,2026-09-03,685.0,682.0,1340
SGHC,2026-09-03,286.0,287.3,15667
WNLB,2026-09-03,971.1,1055.0,2068
USHEC,2026-09-03,484.0,492.2,8329
VLBS,2026-09-03,618.5,619.0,2035
GSY,2026-09-03,8.95,8.95,5900
MKCL,2026-09-03,861.0,899.9,1680
SIPD,2026-09-03,585.0,580.0,7186
UHEWA,2026-09-03,590.0,583.6,15127
SMPDA,2026-09-03,729.0,720.0,519
SLBSL,2026-09-03,865.0,889.9,18
SMJC,2026-09-03,406.0,405.0,7472
UMRH,2026-09-03,505.1,514.0,2839
ULHC,2026-09-03,290.0,300.0,10180
UPCL,2026-09-03,339.0,344.0,39119
SPC,2026-09-03,408.9,397.9,1285
SYPNL,2026-09-03,1215.6,1281.0,58760
JHAPA,2026-09-03,1010.0,1012.0,1683
CZBIL,2026-09-03,207.0,198.8,23707
EDBL,2026-09-03,579.9,570.0,1730
EHPL,2026-09-03,308.0,312.0,10143
SHL,2026-09-03,498.0,502.0,6427
SMH,2026-09-03,495.9,499.0,5945
SMHL,2026-09-03,545.0,527.0,167364
NICFC,2026-09-03,8.7,8.72,2500
SBL,2026-09-03,408.0,412.0,68249
TSHL,2026-09-03,335.0,333.4,1576
VLUCL,2026-09-03,386.2,379.5,2365
SKHL,2026-09-03,735.0,730.0,15978
SHEL,2026-09-03,291.1,293.7,26314
RURU,2026-09-03,567.0,572.5,3001
FMDBL,2026-09-03,720.0,726.0,3971
SOHL,2026-09-03,650.0,650.5,194626
SNORL,2026-09-03,855.1,879.0,9438
TPKHL,2026-09-03,505.0,515.0,23830
NICGF2,2026-09-03,8.5,8.64,8415
NMFBS,2026-09-03,1097.6,1112.0,1694
NIFRA,2026-09-03,241.0,240.0,36551
UNL,2026-09-03,46250.0,46250.0,10
RMF1,2026-09-03,9.29,9.5,19600
SAIL,2026-09-03,996.0,994.0,23510
MSHL,2026-09-03,510.0,534.0,517
NABBC,2026-09-03,728.0,732.0,8368
RBCLPO,2026-09-03,11215.0,11215.1,20
EBL,2026-09-03,713.0,716.1,17284
NMLBBL,2026-09-03,475.6,484.0,817
NRIC,2026-09-03,830.0,800.0,8425
SWMF,2026-09-03,581.5,579.0,1019
NIMB,2026-09-03,183.0,182.0,90898
SWBBL,2026-09-03,670.0,670.0,5240
TVCL,2026-09-03,319.0,330.0,11916
NMBMF,2026-09-03,580.0,580.0,230
NIL,2026-09-03,524.0,520.0,10455
NRN,2026-09-03,1400.0,1391.0,38921
NMB,2026-09-03,239.0,238.5,26122
SAGF,2026-09-03,9.9,9.63,5200
NICSF,2026-09-03,8.55,8.31,2037
RIDI,2026-09-03,355.0,344.0,272952
NHPC,2026-09-03,254.9,254.0,92558
NMBUR93/94,2026-09-03,915.0,909.0,80
NGPL,2026-09-03,397.0,388.0,123903
RFPL,2026-09-03,327.0,326.0,15011
JSLBB,2026-09-03,925.0,949.8,40
KAHL,2026-09-03,480.0,490.0,18961
SKHEL,2026-09-03,815.5,819.0,2769
BUNGAL,2026-09-03,520.0,515.0,7510
ULBSL,2026-09-03,2926.0,2926.0,10
PSF,2026-09-03,12.0,11.99,76101
NSY,2026-09-03,9.0,9.16,2400
NICL,2026-09-03,426.3,420.0,7318
NIBLGF,2026-09-03,8.6,8.36,200
FOWAD,2026-09-03,850.0,874.5,3595
TRH,2026-09-03,809.9,790.0,4149
NIBLSTF,2026-09-03,8.01,8.3,450
NLIC,2026-09-03,695.0,696.0,7257
PPCL,2026-09-03,345.4,335.0,3967
EBLD91,2026-09-03,1125.0,1133.0,35
NBF2,2026-09-03,9.75,9.8,1600
SONA,2026-09-03,415.0,404.0,23807
NTC,2026-09-03,890.0,881.0,7356
SINDU,2026-09-03,564.0,585.5,3256
NICA,2026-09-03,308.0,309.5,26480
RBCL,2026-09-03,13400.0,13355.0,50
SADBL,2026-09-03,406.0,406.5,11628
NMIC,2026-09-03,795.0,777.0,3494
NICAD85/86,2026-09-03,1120.0,1120.0,340
RNLI,2026-09-03,405.0,410.0,8261
RSDC,2026-09-03,615.0,619.9,1542
NHDL,2026-09-03,616.0,633.0,90
RSML,2026-09-03,2681.3,2830.0,146528
TAMOR,2026-09-03,500.0,503.0,265982
NBF3,2026-09-03,9.11,9.54,7800
PROFL,2026-09-03,381.1,380.0,6334
SAEF2,2026-09-03,8.97,9.03,3300
RBBD2088,2026-09-03,1066.0,1066.6,35
SAPDBL,2026-09-03,662.0,689.0,19590
SNLI,2026-09-03,380.0,386.3,11828
NICD88,2026-09-03,1099.0,1095.0,50
RSY,2026-09-03,9.39,9.47,7040
PRIN,2026-09-03,585.2,593.0,1668
RBBF40,2026-09-03,9.0,9.0,700
NICBF,2026-09-03,8.95,8.72,20000
NICLBSL,2026-09-03,512.0,515.0,7262
NIBSF2,2026-09-03,8.35,8.35,600
NRM,2026-09-03,285.0,285.2,2515
NFS,2026-09-03,525.0,525.0,3136
NBL,2026-09-03,275.1,275.9,90624
NSIF2,2026-09-03,10.0,9.9,208045
PCIL,2026-09-03,628.0,620.1,21397
PCBL,2026-09-03,237.1,238.0,40298
NLG,2026-09-03,505.0,494.0,6165
SABBL,2026-09-03,850.0,879.0,5900
MMF1,2026-09-03,8.64,8.77,5641
NMBHF2,2026-09-03,8.55,8.98,1700
RAWA,2026-09-03,395.0,393.0,16939
GMFIL,2026-09-03,420.0,414.1,6329
KDL,2026-09-03,730.0,740.0,420
SWASTIK,2026-09-03,1804.0,1844.9,530
SPHL,2026-09-03,515.0,518.0,13060
PHCL,2026-09-03,300.0,302.8,33666
RHPL,2026-09-03,175.0,173.1,115868
NLICL,2026-09-03,553.0,550.0,5530
SMJC,2026-09-02,400.0,406.0,5764
RHPL,2026-09-02,168.0,178.8,398731
HFIN,2026-09-02,617.0,618.0,8779
RBCL,2026-09-02,13106.0,13301.0,255
BARUN,2026-09-02,301.4,308.5,6097
MATRI,2026-09-02,705.6,715.0,829
MLBBL,2026-09-02,910.0,927.0,333
HATHY,2026-09-02,603.0,609.0,7782
MAKAR,2026-09-02,398.0,404.1,90227
LEC,2026-09-02,210.0,210.2,30889
NIBD84,2026-09-02,1031.1,1031.1,55
ECL,2026-09-02,1318.0,1294.0,17687
EDBL,2026-09-02,564.0,575.0,4431
BGWT,2026-09-02,468.0,485.0,4309
GRDBL,2026-09-02,940.0,957.9,4052
NMBHF2,2026-09-02,8.44,8.58,1500
NIMBD90,2026-09-02,1200.1,1200.1,25
NIBSF2,2026-09-02,8.3,8.33,24500
EHPL,2026-09-02,312.6,306.3,6151
SOPL,2026-09-02,731.0,734.0,15417
SBIBD86,2026-09-02,1130.0,1130.0,25
STC,2026-09-02,5180.0,5193.7,624
RBCLPO,2026-09-02,10573.1,10890.2,70
RLFL,2026-09-02,426.0,420.9,7599
SGHC,2026-09-02,288.0,286.0,28167
RMF1,2026-09-02,9.26,9.02,2450
NLICL,2026-09-02,553.0,551.7,9348
NADEP,2026-09-02,688.9,697.7,1984
SJCL,2026-09-02,239.0,238.9,39823
SNLI,2026-09-02,385.0,388.0,7412
CHL,2026-09-02,240.0,249.8,17866
NIFRAGED,2026-09-02,1010.0,1010.0,25
BNT,2026-09-02,11650.0,11650.0,10
EBLD91,2026-09-02,1099.0,1100.0,150
SADBL,2026-09-02,411.0,406.0,18209
SPDL,2026-09-02,345.0,345.0,23918
APHL,2026-09-02,667.0,677.0,4303
ACLBSL,2026-09-02,865.0,894.8,243
SARBTM,2026-09-02,806.5,794.0,12943
UMRH,2026-09-02,501.3,514.0,3128
HEIP,2026-09-02,308.9,300.2,1015
ADBL,2026-09-02,311.8,296.6,14551
NRM,2026-09-02,275.0,283.8,5274
NLIC,2026-09-02,695.0,695.0,10711
SMFBS,2026-09-02,1355.0,1394.0,278
RURU,2026-09-02,574.0,565.1,3770
SAHAS,2026-09-02,711.0,688.3,144771
NRN,2026-09-02,1350.0,1410.0,91068
RADHI,2026-09-02,671.0,675.0,80053
NBBD2085,2026-09-02,1145.0,1145.0,25
SANIMA,2026-09-02,362.0,358.1,59055
PRSF,2026-09-02,12.66,12.7,5301
BHDC,2026-09-02,409.7,412.5,7307
NIBLGF,2026-09-02,8.49,8.6,4495
PHCL,2026-09-02,291.8,300.0,31386
NMBMF,2026-09-02,581.0,580.0,36
PMHPL,2026-09-02,295.0,291.5,2050
GIBF1,2026-09-02,10.4,10.48,1400
ALICL,2026-09-02,385.1,398.0,11261
SLBSL,2026-09-02,854.0,865.0,278
SBI,2026-09-02,390.1,400.0,9535
USLB,2026-09-02,976.0,995.0,2192
SSHL,2026-09-02,191.0,193.3,34026
NMIC,2026-09-02,772.0,785.0,880
NICA,2026-09-02,309.0,308.0,21103
MCHL,2026-09-02,247.6,254.2,5699
NYADI,2026-09-02,337.5,346.0,625
MFIL,2026-09-02,712.0,719.0,12126
NESDO,2026-09-02,1300.0,1293.0,253
PRVU,2026-09-02,176.8,176.0,73002
HDHPC,2026-09-02,196.1,198.7,52761
RLEL,2026-09-02,780.0,790.0,10835
GBLBS,2026-09-02,662.8,659.5,3890
SAGF,2026-09-02,10.0,10.0,1100
BJHL,2026-09-02,655.0,642.0,3213
EBLD86,2026-09-02,1050.6,1050.6,25
UMHL,2026-09-02,555.0,558.5,18488
MSHL,2026-09-02,505.0,522.0,766
NHDL,2026-09-02,612.1,629.0,475
SRLI,2026-09-02,351.0,353.5,21852
GMLI,2026-09-02,921.1,949.8,543
NSY,2026-09-02,9.0,9.06,14600
GBIMESY2,2026-09-02,8.9,8.89,920
SHPC,2026-09-02,498.0,504.9,58027
TPC,2026-09-02,339.0,344.0,9052
SINDU,2026-09-02,580.0,592.0,4208
NICAD85/86,2026-09-02,1120.0,1120.0,225
NICBF,2026-09-02,8.69,8.69,100
NIMB,2026-09-02,181.5,183.0,61162
GBBD85,2026-09-02,1075.0,1082.0,507
RSDC,2026-09-02,615.0,615.0,384
SFMF,2026-09-02,9.35,9.35,2100
GCIL,2026-09-02,376.0,386.0,67343
SAIL,2026-09-02,937.0,998.0,12680
WNLB,2026-09-02,965.0,970.0,958
GMFBS,2026-09-02,1090.0,1090.0,338
MBL,2026-09-02,244.0,244.8,116645
VLBS,2026-09-02,600.0,619.0,805
NWCL,2026-09-02,590.0,606.0,691
CHCL,2026-09-02,372.0,377.0,157769
LICN,2026-09-02,769.7,759.8,1915
LBBLD89,2026-09-02,1267.9,1267.9,25
NRIC,2026-09-02,795.0,806.0,11164
MLBSL,2026-09-02,1064.0,1037.0,1289
ULHC,2026-09-02,282.0,291.0,1297
PCBL,2026-09-02,235.0,237.0,19436
LUK,2026-09-02,9.7,9.7,100
TPKHL,2026-09-02,488.0,505.0,16416
BANDIPUR,2026-09-02,642.0,642.0,9073
SMATA,2026-09-02,675.0,683.0,421
NBF3,2026-09-02,9.21,9.11,11700
SMHL,2026-09-02,525.0,538.0,161690
DHEL,2026-09-02,540.2,566.8,13134
SBCF,2026-09-02,8.75,9.02,2750
VLUCL,2026-09-02,390.0,375.0,2651
NBLD82,2026-09-02,1021.1,1018.5,200
RSML,2026-09-02,2650.0,2695.0,27750
GSY,2026-09-02,8.9,8.94,12730
HLICF,2026-09-02,8.55,8.3,950
MBJC,2026-09-02,256.5,266.3,40691
SABBL,2026-09-02,857.0,865.2,4276
SLCF,2026-09-02,9.0,9.1,400
NMLBBL,2026-09-02,475.0,481.5,2607
KMCDB,2026-09-02,755.1,763.0,1864
SBLD2091,2026-09-02,1060.0,1057.1,50
NGPL,2026-09-02,390.0,394.0,58392
NIMBPO,2026-09-02,139.2,137.0,5201
NMBUR93/94,2026-09-02,970.0,941.0,50
GBIME,2026-09-02,245.0,249.9,367046
ULBSL,2026-09-02,2390.0,2790.0,2064
GUFL,2026-09-02,501.0,503.6,10826
NABILD2089,2026-09-02,1095.0,1070.0,47
RHGCL,2026-09-02,241.0,243.0,3895
UNLB,2026-09-02,1193.1,1224.9,210
SBID83,2026-09-02,1050.0,1050.0,25
NSIF2,2026-09-02,9.9,10.0,993
UNHPL,2026-09-02,355.0,354.0,14890
SJLIC,2026-09-02,395.0,397.0,6066
SHIVM,2026-09-02,657.0,658.0,165180
UHEWA,2026-09-02,590.0,595.0,49163
SHL,2026-09-02,501.5,500.0,28236
ENL,2026-09-02,820.0,817.8,586
TTL,2026-09-02,680.0,678.9,6878
MHL,2026-09-02,435.1,443.3,5301
GLBSL,2026-09-02,1590.0,1620.0,452
HURJA,2026-09-02,226.1,230.0,16174
HPPL,2026-09-02,356.0,363.8,66936
SHINE,2026-09-02,411.0,407.8,21297
UPCL,2026-09-02,323.0,338.9,52734
NICL,2026-09-02,430.0,425.9,15161
SFEF,2026-09-02,9.62,9.85,273082
NIFRA,2026-09-02,250.0,241.0,45229
MLBS,2026-09-02,1005.0,994.3,449
SPL,2026-09-02,669.9,664.0,2870
SIKLES,2026-09-02,551.1,563.9,2355
SHLB,2026-09-02,1230.0,1250.0,89
NLG,2026-09-02,494.4,490.5,7656
NIL,2026-09-02,513.0,524.0,5885
SBL,2026-09-02,407.9,408.7,34952
SKHL,2026-09-02,715.0,735.0,10003
UAIL,2026-09-02,365.0,366.5,29708
SEF2,2026-09-02,9.0,9.0,4660
GMFIL,2026-09-02,418.0,417.0,4265
NABBC,2026-09-02,700.0,728.3,22081
SMB,2026-09-02,1711.5,1718.0,265
SGHL,2026-09-02,470.0,483.1,40895
BPCL,2026-09-02,637.0,644.0,8745
SMH,2026-09-02,490.3,492.1,7138
TVCL,2026-09-02,330.0,335.0,18038
SANVI,2026-09-02,558.0,560.0,8385
IGI,2026-09-02,382.0,380.1,12385
SICL,2026-09-02,520.0,520.0,14567
RSY2,2026-09-02,8.67,8.9,5400
YMHL,2026-09-02,568.0,564.0,13691
KEF,2026-09-02,9.78,9.7,861
LBLD88,2026-09-02,1125.0,1122.0,5
DORDI,2026-09-02,233.6,239.0,8694
CITY,2026-09-02,340.4,344.7,32621
BHL,2026-09-02,197.0,199.0,41602
TSHL,2026-09-02,335.0,333.7,1610
SNORL,2026-09-02,851.0,864.0,7340
CYCL,2026-09-02,1500.0,1574.9,8606
ANLB,2026-09-02,4810.0,5350.0,1484
GHL,2026-09-02,229.0,224.3,44586
KBL,2026-09-02,221.0,212.8,120607
BEDC,2026-09-02,281.5,285.0,10134
SEF,2026-09-02,9.17,9.27,68120
DOLTI,2026-09-02,276.0,284.0,9859
SAGAR,2026-09-02,1491.0,1520.0,3034
MPFL,2026-09-02,581.0,585.1,9314
NBL,2026-09-02,272.0,274.1,53211
NUBL,2026-09-02,570.0,575.0,2234
LSL,2026-09-02,219.0,221.0,68290
MMF1,2026-09-02,8.74,8.9,7500
CBBL,2026-09-02,927.0,930.5,8138
NICGF2,2026-09-02,8.56,8.7,400
C30MF,2026-09-02,9.95,9.95,2000
CGH,2026-09-02,771.0,768.0,8912
MEPDL,2026-09-02,581.4,620.0,18518
HBLD86,2026-09-02,1145.0,1155.0,2510
PROFL,2026-09-02,385.0,380.9,3390
NFS,2026-09-02,534.9,525.0,3515
RNLI,2026-09-02,423.0,407.9,10977
NIBLSTF,2026-09-02,8.03,8.22,1300
GLH,2026-09-02,241.0,244.3,14725
GILB,2026-09-02,1095.0,1090.1,1525
RBBF40,2026-09-02,9.0,9.27,600
MMKJL,2026-09-02,346.0,381.4,22847
BUNGAL,2026-09-02,519.0,519.0,7970
JHAPA,2026-09-02,1010.1,1019.5,1605
MKHL,2026-09-02,480.0,486.9,337
SAEF2,2026-09-02,9.0,8.99,3300
NMFBS,2026-09-02,1100.0,1097.6,2582
PPCL,2026-09-02,330.0,329.0,782
LSH12,2026-09-02,8.86,9.0,3300
ALBSL,2026-09-02,1070.0,1098.9,4295
NMB,2026-09-02,235.0,239.6,56136
KPCL,2026-09-02,446.1,447.0,7330
CKHL,2026-09-02,551.0,566.5,570
JOSHI,2026-09-02,252.0,258.9,8009
HDL,2026-09-02,1177.0,1164.0,7157
BHPL,2026-09-02,431.6,439.0,2922
RAWA,2026-09-02,390.1,400.0,14427
PURE,2026-09-02,750.1,763.8,6898
USHL,2026-09-02,509.2,514.0,1924
API,2026-09-02,327.0,329.2,78284
PPL,2026-09-02,300.0,303.0,7980
TAMOR,2026-09-02,495.0,504.0,282709
RBBD2088,2026-09-02,1035.6,1035.6,25
DLBS,2026-09-02,990.0,985.1,584
JBBL,2026-09-02,323.0,327.0,15957
HIDCL,2026-09-02,232.6,239.4,49951
PSF,2026-09-02,12.0,12.01,3785
SHEL,2026-09-02,290.0,293.5,31205
NHPC,2026-09-02,251.0,255.9,88957
CLI,2026-09-02,415.0,412.2,8136
HLBSL,2026-09-02,849.0,858.9,1798
OMPL,2026-09-02,860.0,885.0,1241
MSLB,2026-09-02,1200.0,1210.0,753
MKHC,2026-09-02,232.1,250.0,28799
JBLB,2026-09-02,1245.0,1249.0,2320
SLBBL,2026-09-02,800.0,780.0,3829
AKPL,2026-09-02,242.0,243.0,52121
AHL,2026-09-02,363.0,363.8,210
CREST,2026-09-02,1038.0,1050.0,2865
GWFD83,2026-09-02,1016.0,1046.0,11
CIT,2026-09-02,1666.0,1656.7,3766
CHDC,2026-09-02,2132.0,2167.0,4206
NICLBSL,2026-09-02,511.0,519.9,2302
SYPNL,2026-09-02,1197.1,1279.5,29110
CSY,2026-09-02,8.15,8.64,3300
PMLI,2026-09-02,399.0,402.1,3826
KKHC,2026-09-02,261.3,266.0,41553
SIGS2,2026-09-02,9.7,9.74,25200
SWMF,2026-09-02,579.0,581.5,1997
SPC,2026-09-02,377.0,397.0,4207
NMBD2085,2026-09-02,1102.1,1102.1,25
SAPDBL,2026-09-02,693.1,696.0,3972
SONA,2026-09-02,407.0,410.0,31693
HIMSTAR,2026-09-02,621.1,638.5,1447
HLI,2026-09-02,295.0,293.0,17370
MNBBL,2026-09-02,353.0,354.9,15015
USHEC,2026-09-02,485.0,484.0,10300
HBL,2026-09-02,186.0,187.5,71755
HIDCLP,2026-09-02,182.4,180.7,43912
ICFCD89,2026-09-02,1081.6,1088.0,200
DDBL,2026-09-02,830.0,834.0,2073
GVL,2026-09-02,465.1,472.6,6188
MERO,2026-09-02,584.9,609.8,582
NICFC,2026-09-02,8.7,8.75,1700
BNHC,2026-09-02,255.0,258.0,11372
LVF2,2026-09-02,8.9,9.27,4400
NBF2,2026-09-02,9.72,9.8,8300
CFCL,2026-09-02,578.0,635.0,157841
NICSF,2026-09-02,8.36,8.52,2200
BHCL,2026-09-02,520.0,543.0,14166
HEI,2026-09-02,440.4,465.7,34761
OHL,2026-09-02,600.3,619.0,3472
ICFCD88,2026-09-02,1123.8,1123.8,25
ILI,2026-09-02,400.1,398.7,4772
SIPD,2026-09-02,566.0,581.0,7920
IHL,2026-09-02,294.0,299.5,7760
MKCL,2026-09-02,840.0,860.0,638
MNMF1,2026-09-02,9.15,9.12,900
LLBS,2026-09-02,840.0,858.0,212
MEL,2026-09-02,197.0,197.6,7489
MABEL,2026-09-02,547.1,557.0,3107
MEN,2026-09-02,615.0,621.8,37143
KHPL,2026-09-02,701.0,738.0,4756
SCB,2026-09-02,654.7,645.1,4028
H8020,2026-09-02,11.6,11.62,500
AVYAN,2026-09-02,1010.0,1000.0,2446
KBLD89,2026-09-02,1260.0,1260.0,20
SPHL,2026-09-02,510.0,517.0,2915
SPIL,2026-09-02,580.0,604.4,4155
SRBLD83,2026-09-02,1008.6,1006.1,300
SAPIL,2026-09-02,1238.0,1230.0,26980
MLBL,2026-09-02,344.9,343.8,4602
BFC,2026-09-02,463.0,459.9,9008
KDL,2026-09-02,720.0,730.0,794
UPPER,2026-09-02,180.0,183.4,48034
SKHEL,2026-09-02,790.0,815.0,3478
DHPL,2026-09-02,275.0,270.0,862
KAHL,2026-09-02,475.0,484.0,15295
BNL,2026-09-02,14800.0,14800.0,10
RIDI,2026-09-02,350.0,352.0,275315
GBBL,2026-09-02,420.0,426.0,63766
SMPDA,2026-09-02,720.1,720.0,992
KSBBL,2026-09-02,475.0,480.0,93966
AKJCL,2026-09-02,358.0,344.3,174884
CZBIL,2026-09-02,195.0,197.2,18119
JSLBB,2026-09-02,920.0,925.0,108
JFL,2026-09-02,365.0,370.0,1645
EBLD85,2026-09-02,1147.0,1090.0,2
HHL,2026-09-02,317.0,320.0,13737
ICFC,2026-09-02,587.0,583.6,3860
MBLEF,2026-09-02,9.0,9.04,900
RFPL,2026-09-02,315.0,327.0,10445
EBL,2026-09-02,710.3,715.0,21847
KSY,2026-09-02,9.1,8.84,300
MHCL,2026-09-02,277.0,284.0,4703
MHNL,2026-09-02,230.0,236.9,2653
PRIN,2026-09-02,583.0,594.0,21512
SALICO,2026-09-02,525.0,531.0,6369
SIFC,2026-09-02,480.1,482.5,7680
PCIL,2026-09-02,623.0,628.0,27613
HRL,2026-09-02,490.2,519.0,38965
RMF2,2026-09-02,9.41,9.28,500
KBSH,2026-09-02,821.0,791.0,15592
ILBS,2026-09-02,830.0,829.0,213
SIGS3,2026-09-02,10.0,10.0,100
FOWAD,2026-09-02,885.8,870.0,1955
CORBL,2026-09-02,877.0,885.0,6634
MKJC,2026-09-02,278.0,297.4,41361
NABIL,2026-09-02,540.0,537.5,24088
MDB,2026-09-02,550.0,553.5,6148
NTC,2026-09-02,877.0,881.0,3130
MANDU,2026-09-02,657.9,666.0,1712
SGIC,2026-09-02,377.0,375.9,31478
EBLEB89,2026-09-02,1067.0,1067.0,30
SWASTIK,2026-09-02,1810.0,1839.8,160
SOHL,2026-09-02,655.0,663.0,184091
SWBBL,2026-09-02,667.0,664.0,947
RSY,2026-09-02,9.39,9.42,310
AHPC,2026-09-02,250.0,248.5,39183
SKBBL,2026-09-02,747.9,741.0,5788
MEHL,2026-09-02,230.0,230.0,38588
PBD88,2026-09-02,1165.0,1161.0,50
LBBL,2026-09-02,470.0,477.8,14679
GFCL,2026-09-02,570.0,570.0,1855
TRH,2026-09-02,766.3,799.0,14870
KDBY,2026-09-02,9.81,9.81,11600
FMDBL,2026-09-02,709.0,724.9,5905
BBC,2026-09-02,3952.0,4034.0,88
UHEWA,2026-09-01,586.0,594.0,49534
VLUCL,2026-09-01,368.0,379.0,4018
MHL,2026-09-01,449.0,445.0,3452
UNLB,2026-09-01,1200.0,1229.9,1363
MAKAR,2026-09-01,389.0,397.0,51732
PPL,2026-09-01,280.3,300.0,11128
NHPC,2026-09-01,250.0,251.8,151272
NIMBPO,2026-09-01,138.0,138.4,2411
PURE,2026-09-01,774.4,763.0,6497
PROFL,2026-09-01,380.0,375.0,6095
SAEF2,2026-09-01,8.8,9.0,4925
PMLI,2026-09-01,392.6,403.0,4514
PHCL,2026-09-01,288.3,297.0,44782
PPCL,2026-09-01,342.1,330.0,9421
NICLBSL,2026-09-01,529.0,518.0,3071
SAPDBL,2026-09-01,705.0,706.8,11472
VLBS,2026-09-01,607.9,612.0,3673
RSDC,2026-09-01,605.0,614.0,968
WNLB,2026-09-01,1012.0,972.2,2024
SAHAS,2026-09-01,701.0,685.0,82155
SADBL,2026-09-01,404.0,405.0,15889
PRVU,2026-09-01,178.0,176.8,108731
NRIC,2026-09-01,790.0,795.0,39897
SBCF,2026-09-01,8.9,9.02,7900
PCBL,2026-09-01,234.0,235.0,31155
RSY2,2026-09-01,8.89,8.93,5297
NBL,2026-09-01,271.0,271.0,55196
GBIME,2026-09-01,240.0,240.0,80037
NUBL,2026-09-01,571.0,570.0,6741
RMF1,2026-09-01,9.21,9.26,1000
RBBF40,2026-09-01,8.74,9.04,3100
RAWA,2026-09-01,392.0,394.9,11036
RBBD2088,2026-09-01,1055.0,1055.0,52
RHGCL,2026-09-01,245.0,241.0,3635
RLEL,2026-09-01,780.0,790.0,3901
NGPL,2026-09-01,385.2,390.9,39216
NIBD84,2026-09-01,1017.2,1017.2,25
NRN,2026-09-01,1365.0,1363.0,29988
NICL,2026-09-01,422.0,424.7,8475
NIBLSTF,2026-09-01,8.0,8.17,2050
RIDI,2026-09-01,340.0,347.7,264912
NMFBS,2026-09-01,1108.0,1100.0,3379
RSML,2026-09-01,2700.0,2718.0,23024
NLICL,2026-09-01,554.5,547.3,8302
CREST,2026-09-01,1040.0,1038.0,5610
NMB,2026-09-01,247.0,235.8,29655
TRH,2026-09-01,790.0,790.0,50
RMF2,2026-09-01,9.7,9.7,30200
NLG,2026-09-01,481.0,494.4,11037
NICGF2,2026-09-01,8.75,8.82,1100
NWCL,2026-09-01,585.0,595.0,1533
NICA,2026-09-01,306.0,308.0,19910
UNHPL,2026-09-01,355.0,353.5,12471
UPCL,2026-09-01,324.2,330.0,25654
PBD88,2026-09-01,1170.0,1185.0,51
RURU,2026-09-01,568.0,569.0,5364
RBCL,2026-09-01,13789.0,13500.0,30
NIBSF2,2026-09-01,8.25,8.49,1400
NIBLGF,2026-09-01,8.4,8.25,950
SJCL,2026-09-01,227.0,239.9,74997
TPC,2026-09-01,340.0,342.0,9714
NMIC,2026-09-01,781.0,777.0,2617
NICAD85/86,2026-09-01,1120.0,1120.0,20
SYPNL,2026-09-01,1293.0,1260.1,31283
ICFC,2026-09-01,578.0,586.0,8561
HFIN,2026-09-01,610.0,617.9,15514
NICFC,2026-09-01,8.71,8.81,1000
NICBF,2026-09-01,8.82,8.89,22200
NSIF2,2026-09-01,9.95,9.95,400
NHDL,2026-09-01,619.5,624.5,341
NTC,2026-09-01,872.0,877.0,4812
RFPL,2026-09-01,315.2,323.0,14015
NIL,2026-09-01,502.8,521.9,7349
OMPL,2026-09-01,860.0,870.0,2741
NIMB,2026-09-01,181.0,182.2,49646
SPDL,2026-09-01,340.3,349.5,15860
STC,2026-09-01,5175.0,5180.0,435
SSHL,2026-09-01,188.0,191.4,64040
ULBSL,2026-09-01,2861.0,2494.0,1780
SOPL,2026-09-01,736.0,731.2,16544
SMPDA,2026-09-01,730.0,725.0,1211
USHL,2026-09-01,546.0,514.0,1342
SAGAR,2026-09-01,1480.0,1500.0,5622
SPC,2026-09-01,382.0,385.0,2505
RSY,2026-09-01,9.4,9.42,3700
OHL,2026-09-01,610.0,610.0,680
NMBMF,2026-09-01,580.0,589.9,442
SAGF,2026-09-01,9.75,9.77,26300
NYADI,2026-09-01,340.0,346.0,942
HLICF,2026-09-01,8.3,8.55,600
PSF,2026-09-01,12.2,12.0,92578
SNORL,2026-09-01,850.1,862.9,16564
SWBBL,2026-09-01,670.0,667.0,10671
SPHL,2026-09-01,513.0,521.0,15036
TAMOR,2026-09-01,479.9,495.0,185492
UPPER,2026-09-01,189.1,181.8,75163
SEF2,2026-09-01,8.73,9.0,7600
TSHL,2026-09-01,310.0,328.7,4432
PRSF,2026-09-01,12.7,12.7,27390
SRLI,2026-09-01,351.3,353.0,10317
RNLI,2026-09-01,428.0,406.5,9120
SMJC,2026-09-01,393.0,400.0,5356
SGHC,2026-09-01,280.0,285.7,15626
SOHL,2026-09-01,640.4,659.0,210674
PBD85,2026-09-01,1114.9,1114.9,100
NICAD2091,2026-09-01,1061.2,1061.2,15
SANIMA,2026-09-01,359.0,358.0,131652
ULHC,2026-09-01,278.6,287.5,7721
SKHEL,2026-09-01,790.0,790.0,4221
SONA,2026-09-01,416.1,407.0,62300
TTL,2026-09-01,670.0,671.2,5263
SPIL,2026-09-01,571.1,596.0,3717
SGIC,2026-09-01,378.0,383.0,34338
SPL,2026-09-01,638.0,638.0,3016
JBLB,2026-09-01,1236.1,1250.0,2441
TPKHL,2026-09-01,470.2,498.5,19469
RLFL,2026-09-01,423.0,419.8,7320
USHEC,2026-09-01,480.0,484.0,4395
SCB,2026-09-01,645.0,647.0,6507
PRIN,2026-09-01,573.2,584.9,18237
SWMF,2026-09-01,571.3,578.0,2960
SNLI,2026-09-01,382.2,387.6,9077
NMBHF2,2026-09-01,8.5,8.7,750
SALICO,2026-09-01,512.1,523.0,6505
SBI,2026-09-01,392.1,398.9,10681
SHLB,2026-09-01,1262.0,1256.0,199
SHEL,2026-09-01,290.0,290.5,32653
SMHL,2026-09-01,520.0,527.0,75453
RADHI,2026-09-01,668.5,681.0,40656
SAPIL,2026-09-01,1250.0,1253.0,51350
NSY,2026-09-01,9.03,9.0,500
SKBBL,2026-09-01,741.0,741.0,4981
NFS,2026-09-01,534.9,528.0,4022
NBLD85,2026-09-01,1025.1,1025.1,25
UAIL,2026-09-01,371.0,375.0,28172
NLIC,2026-09-01,689.0,693.8,10815
NMBUR93/94,2026-09-01,951.6,999.0,770
SAIL,2026-09-01,980.0,983.0,16748
SFMF,2026-09-01,9.48,9.5,14439
UMHL,2026-09-01,551.0,560.0,26124
SHL,2026-09-01,498.0,500.0,30819
SBLD83,2026-09-01,1015.0,1015.0,835
SIPD,2026-09-01,568.0,579.8,8352
SIFC,2026-09-01,482.0,480.0,4405
SMB,2026-09-01,1712.1,1720.0,507
SICL,2026-09-01,527.0,528.6,9009
SGHL,2026-09-01,470.0,481.0,44897
TVCL,2026-09-01,340.0,338.0,18312
SABBL,2026-09-01,845.0,870.0,6134
NRM,2026-09-01,278.0,283.0,9360
NICSF,2026-09-01,8.25,8.28,700
JHAPA,2026-09-01,1000.0,1019.0,2665
BUNGAL,2026-09-01,505.0,516.9,12673
SKHL,2026-09-01,674.0,715.0,11514
KEF,2026-09-01,9.39,9.5,300
SANVI,2026-09-01,555.0,558.0,5091
SMATA,2026-09-01,675.0,680.0,1119
SJLIC,2026-09-01,390.0,399.0,13188
GBIMESY2,2026-09-01,9.15,9.01,1500
SLBSL,2026-09-01,883.0,867.0,638
BFC,2026-09-01,458.9,453.0,12427
SEF,2026-09-01,9.21,9.45,8765
LUK,2026-09-01,9.15,9.42,230
EHPL,2026-09-01,309.0,303.5,7525
SIGS3,2026-09-01,10.2,10.15,79179
ACLBSL,2026-09-01,892.0,888.9,272
DLBS,2026-09-01,990.0,990.1,265
SHINE,2026-09-01,414.8,407.9,11320
NMLBBL,2026-09-01,483.0,479.9,8965
PMHPL,2026-09-01,292.7,295.0,11605
SHPC,2026-09-01,494.5,497.9,85509
SHIVM,2026-09-01,661.0,654.0,207849
MLBS,2026-09-01,1000.0,1028.0,142
ILBS,2026-09-01,811.1,836.0,1691
MSHL,2026-09-01,510.0,520.0,986
FOWAD,2026-09-01,858.0,860.0,4686
H8020,2026-09-01,11.7,11.65,31240
GILB,2026-09-01,1085.4,1075.0,1501
DOLTI,2026-09-01,282.0,280.0,13933
BBC,2026-09-01,4000.0,4003.0,70
ECL,2026-09-01,1320.0,1317.6,15255
DDBL,2026-09-01,822.0,824.7,2668
BHCL,2026-09-01,530.0,544.0,24956
BARUN,2026-09-01,310.0,307.0,18271
SIGS2,2026-09-01,9.79,9.42,37610
GLBSL,2026-09-01,1628.7,1630.0,876
MKCL,2026-09-01,820.0,840.0,2495
CGH,2026-09-01,760.0,771.9,7760
MLBL,2026-09-01,340.0,341.9,6399
BEDC,2026-09-01,270.0,281.9,12142
GRDBL,2026-09-01,957.8,950.0,3453
CBBL,2026-09-01,939.2,929.0,11355
SWASTIK,2026-09-01,1810.0,1825.1,372
DHEL,2026-09-01,530.0,554.9,7770
EBLD86,2026-09-01,1060.0,1070.0,30
EBLD85,2026-09-01,1146.9,1147.0,129
GBILD84/85,2026-09-01,1120.0,1120.0,25
GWFD83,2026-09-01,1016.3,1016.0,96
SBL,2026-09-01,411.0,407.7,118873
CLI,2026-09-01,412.0,419.0,7586
GMFIL,2026-09-01,419.0,410.0,11170
GSY,2026-09-01,8.5,8.93,3100
CORBL,2026-09-01,836.5,883.0,15206
GCIL,2026-09-01,399.2,376.0,67409
DHPL,2026-09-01,266.9,273.5,7333
HBL,2026-09-01,185.5,186.8,36459
CITY,2026-09-01,339.0,340.0,77720
API,2026-09-01,320.0,325.6,119139
AKPL,2026-09-01,240.0,242.5,52815
IGI,2026-09-01,365.1,377.9,17217
HBLPO,2026-09-01,102.0,102.0,100
PCIL,2026-09-01,646.0,623.2,30235
RHPL,2026-09-01,174.0,168.7,267473
SMH,2026-09-01,498.0,493.0,4643
NIFRA,2026-09-01,240.0,240.0,50608
BNT,2026-09-01,11890.0,11650.0,70
BJHL,2026-09-01,639.0,649.9,7603
HDHPC,2026-09-01,198.0,196.5,84217
BGWT,2026-09-01,480.0,467.0,6554
APHL,2026-09-01,655.1,678.9,3694
AHL,2026-09-01,358.0,373.8,905
CSY,2026-09-01,8.01,8.4,82200
CZBIL,2026-09-01,201.6,194.2,23265
YMHL,2026-09-01,560.0,569.0,14180
BHL,2026-09-01,195.3,197.0,61438
AKJCL,2026-09-01,332.1,342.6,302525
CKHL,2026-09-01,545.0,551.0,891
CIT,2026-09-01,1652.2,1663.0,7064
MFIL,2026-09-01,710.0,722.9,12358
BHDC,2026-09-01,406.0,409.7,6911
FMDBL,2026-09-01,720.1,723.0,16955
GBLBS,2026-09-01,655.0,662.8,755
ALICL,2026-09-01,390.2,395.0,13800
GHL,2026-09-01,220.0,223.0,44935
NABILD2089,2026-09-01,1095.0,1095.0,25
BNHC,2026-09-01,254.0,254.9,12582
GFCL,2026-09-01,562.1,569.8,3621
AVYAN,2026-09-01,976.0,987.1,2521
CHDC,2026-09-01,2185.0,2150.0,8731
EDBL,2026-09-01,569.9,569.9,549
HATHY,2026-09-01,590.0,617.4,15410
C30MF,2026-09-01,9.7,9.95,2400
SARBTM,2026-09-01,819.0,800.0,11400
CHCL,2026-09-01,350.0,372.0,199747
GUFL,2026-09-01,490.0,499.0,5941
KMCDB,2026-09-01,782.0,762.1,895
ENL,2026-09-01,775.5,822.0,780
GMLI,2026-09-01,905.2,948.0,582
MHCL,2026-09-01,266.0,280.0,3321
MEN,2026-09-01,612.0,618.0,43302
MKJC,2026-09-01,276.3,284.9,54406
MCHL,2026-09-01,232.0,247.6,9973
NBF3,2026-09-01,9.1,9.12,2100
MKHL,2026-09-01,461.0,483.0,1070
KSBBL,2026-09-01,470.2,474.6,40097
JBBL,2026-09-01,325.0,324.7,13819
BANDIPUR,2026-09-01,635.0,642.0,16126
ANLB,2026-09-01,4800.0,4859.0,1476
DORDI,2026-09-01,233.1,236.5,21839
GMFBS,2026-09-01,1084.0,1110.0,547
KDL,2026-09-01,710.0,720.0,631
CFCL,2026-09-01,567.0,582.0,34751
HEI,2026-09-01,450.0,453.0,22009
ICFCD89,2026-09-01,1090.0,1101.0,209
MEHL,2026-09-01,232.9,229.0,42137
HRL,2026-09-01,520.0,516.0,55431
HPPL,2026-09-01,367.7,359.0,45731
MERO,2026-09-01,590.0,602.9,2715
CYCL,2026-09-01,1534.3,1528.0,5065
SMFBS,2026-09-01,1285.0,1355.7,153
ADBL,2026-09-01,295.5,297.0,19954
MLBBL,2026-09-01,900.0,925.0,1359
MMF1,2026-09-01,8.97,8.99,12079
LSL,2026-09-01,217.5,219.0,40394
MBJC,2026-09-01,251.0,257.9,31131
UMRH,2026-09-01,511.9,509.9,4759
SLBBL,2026-09-01,779.0,778.1,2528
MHNL,2026-09-01,226.9,231.0,7622
MDB,2026-09-01,562.0,555.0,8324
MATRI,2026-09-01,730.0,720.0,83
JSLBB,2026-09-01,910.1,947.9,685
MEL,2026-09-01,195.0,197.0,9080
CHL,2026-09-01,244.0,245.8,9276
MNBBL,2026-09-01,353.0,353.3,11365
SINDU,2026-09-01,587.3,596.0,12750
HIMSTAR,2026-09-01,623.0,638.9,3691
NABBC,2026-09-01,740.0,726.9,14172
LBBL,2026-09-01,479.0,468.0,17278
LEC,2026-09-01,197.6,210.0,60259
LICN,2026-09-01,752.0,756.0,4019
HIDCL,2026-09-01,235.1,236.2,92472
NADEP,2026-09-01,683.0,698.9,3154
HURJA,2026-09-01,225.9,229.0,34665
SLCF,2026-09-01,9.03,9.1,500
SFEF,2026-09-01,9.85,9.83,275500
AHPC,2026-09-01,247.6,247.5,93971
JFL,2026-09-01,368.0,371.0,2514
MBL,2026-09-01,246.0,245.0,56031
MANDU,2026-09-01,650.0,657.9,1631
MBLEF,2026-09-01,8.5,9.0,3330
KAHL,2026-09-01,465.0,475.0,21230
JOSHI,2026-09-01,252.5,258.5,5021
HEIP,2026-09-01,308.5,300.1,3080
KBL,2026-09-01,221.0,211.0,127006
KSY,2026-09-01,8.85,9.1,300
NABIL,2026-09-01,535.0,536.5,25051
MPFL,2026-09-01,580.0,583.3,3569
LSH12,2026-09-01,8.73,8.86,2000
KKHC,2026-09-01,266.9,265.2,70361
MKHC,2026-09-01,233.0,236.0,9355
MNMF1,2026-09-01,9.05,9.11,2400
HHL,2026-09-01,311.1,318.0,7869
LBLD88,2026-09-01,1125.0,1125.0,25
MSLB,2026-09-01,1180.0,1190.0,929
MMKJL,2026-09-01,315.3,346.0,9498
BHPL,2026-09-01,454.0,435.0,5667
EBL,2026-09-01,712.0,710.3,18597
GIBF1,2026-09-01,10.39,10.47,30700
BPCL,2026-09-01,625.5,640.0,7413
GLH,2026-09-01,240.0,242.0,22164
HLBSL,2026-09-01,851.0,859.4,1427
KDBY,2026-09-01,9.75,9.81,10020
HDL,2026-09-01,1160.0,1157.9,14685
USLB,2026-09-01,951.0,975.0,712
IHL,2026-09-01,295.0,297.0,5561
KBSH,2026-09-01,839.0,821.0,11553
HIDCLP,2026-09-01,181.0,179.0,60184
SIKLES,2026-09-01,549.0,557.8,4875
ILI,2026-09-01,399.0,400.0,5416
LLBS,2026-09-01,903.0,865.0,394
NESDO,2026-09-01,1300.0,1300.0,399
MEPDL,2026-09-01,616.0,611.9,32574
KHPL,2026-09-01,739.0,730.3,5561
MLBSL,2026-09-01,1050.0,1036.1,1955
MABEL,2026-09-01,547.0,557.0,3926
KPCL,2026-09-01,446.0,447.1,7696
GBBL,2026-09-01,418.5,421.0,34024
ALBSL,2026-09-01,1065.0,1110.0,13867
GVL,2026-09-01,468.0,470.0,8502
EBLD91,2026-09-01,1056.1,1087.0,125
HLI,2026-09-01,290.1,294.0,28792
KBLD89,2026-08-31,1250.0,1250.0,30
SWASTIK,2026-08-31,1850.0,1859.9,666
TVCL,2026-08-31,345.0,344.0,26131
SPHL,2026-08-31,510.0,540.0,8262
SMATA,2026-08-31,680.0,675.0,2353
SWMF,2026-08-31,578.5,580.0,1379
NRN,2026-08-31,1351.0,1339.0,18536
HHL,2026-08-31,323.0,317.0,15130
MSLB,2026-08-31,1191.0,1200.0,390
UNL,2026-08-31,46300.0,46200.0,20
HLBSL,2026-08-31,849.0,850.0,426
MLBSL,2026-08-31,1128.0,1050.0,2828
MLBS,2026-08-31,990.0,1000.0,140
HRL,2026-08-31,537.4,515.0,95707
JHAPA,2026-08-31,1010.0,1001.3,2291
JBLB,2026-08-31,1245.0,1239.0,2045
HIDCLP,2026-08-31,181.4,179.0,48073
HEI,2026-08-31,488.0,459.0,17668
IHL,2026-08-31,291.0,295.0,4452
JSLBB,2026-08-31,933.0,933.0,10
KBLD86,2026-08-31,1110.0,1110.0,300
KBSH,2026-08-31,924.0,839.0,9031
LBBL,2026-08-31,473.0,467.7,17234
HFIN,2026-08-31,625.0,612.0,15409
ILI,2026-08-31,403.0,399.0,11181
HLI,2026-08-31,301.0,287.0,48460
EHPL,2026-08-31,329.5,300.0,13035
MEHL,2026-08-31,230.1,234.9,82844
KKHC,2026-08-31,266.1,263.3,76177
JFL,2026-08-31,374.0,372.0,2323
BEDC,2026-08-31,285.0,278.0,23583
CYCL,2026-08-31,1620.0,1615.0,10510
MBL,2026-08-31,250.0,245.0,62567
GILB,2026-08-31,1083.0,1070.0,6100
SHEL,2026-08-31,290.0,289.0,52408
LLBS,2026-08-31,855.6,860.0,148
LEC,2026-08-31,213.0,208.0,75287
HDL,2026-08-31,1169.0,1157.0,18704
GMLI,2026-08-31,950.0,933.0,828
HATHY,2026-08-31,620.0,600.0,10350
GHL,2026-08-31,225.0,220.0,78097
KHPL,2026-08-31,750.0,741.0,3933
MHNL,2026-08-31,236.0,233.9,8450
HDHPC,2026-08-31,200.0,195.5,111889
RAWA,2026-08-31,427.5,397.5,5545
SMPDA,2026-08-31,735.0,729.0,1161
GBIMESY2,2026-08-31,9.0,8.92,2300
KAHL,2026-08-31,502.5,476.0,24009
KDBY,2026-08-31,9.68,9.8,16925
GUFL,2026-08-31,494.0,495.0,11606
HIMSTAR,2026-08-31,650.0,640.0,4645
MKHC,2026-08-31,244.9,233.0,14448
MEPDL,2026-08-31,675.0,630.0,34393
MANDU,2026-08-31,681.0,635.0,3851
HEIP,2026-08-31,304.0,318.0,2010
MMKJL,2026-08-31,340.0,322.9,19330
MBJC,2026-08-31,255.0,256.9,50127
ILBS,2026-08-31,820.0,834.9,756
MKCL,2026-08-31,867.0,820.0,3930
BHL,2026-08-31,200.0,195.3,76883
PURE,2026-08-31,746.1,775.0,6232
MKJC,2026-08-31,320.0,276.3,106702
LSL,2026-08-31,217.0,217.1,63898
MLBBL,2026-08-31,937.0,915.0,4090
LICN,2026-08-31,756.0,752.1,13018
MERO,2026-08-31,600.3,601.0,1662
GWFD83,2026-08-31,1027.0,1016.2,400
SJCL,2026-08-31,227.0,231.1,37981
MFIL,2026-08-31,705.0,723.9,12622
NABILD2089,2026-08-31,1050.0,1100.0,5558
IGI,2026-08-31,398.9,374.0,21350
MAKAR,2026-08-31,402.0,390.2,55437
KEF,2026-08-31,9.8,9.5,10492
HPPL,2026-08-31,372.2,358.0,51754
KDL,2026-08-31,720.0,715.0,2197
USLB,2026-08-31,950.0,951.0,1314
SFMF,2026-08-31,9.61,9.61,100
RBBF40,2026-08-31,9.48,8.98,200
MEN,2026-08-31,618.0,614.4,72186
CFCL,2026-08-31,560.0,580.0,45402
MABEL,2026-08-31,553.1,553.3,5017
MMF1,2026-08-31,8.5,8.96,4879
BPCL,2026-08-31,635.0,627.0,20854
MCHL,2026-08-31,246.4,238.8,9868
HLICF,2026-08-31,8.3,8.5,6673
NABBC,2026-08-31,741.0,743.9,8953
MDB,2026-08-31,551.0,554.0,8615
MHCL,2026-08-31,275.0,274.0,3178
LSH12,2026-08-31,9.11,9.0,5850
MPFL,2026-08-31,595.0,586.0,3609
BHPL,2026-08-31,450.0,433.0,6093
GMFBS,2026-08-31,1131.0,1114.0,315
HURJA,2026-08-31,231.0,226.0,45909
USHEC,2026-08-31,490.0,481.3,6455
GVL,2026-08-31,467.2,472.0,15776
UPPER,2026-08-31,184.0,181.2,78180
API,2026-08-31,325.9,322.2,132043
CHDC,2026-08-31,2170.0,2144.9,6712
AHPC,2026-08-31,251.0,247.5,57393
AKJCL,2026-08-31,343.0,336.9,136000
CORBL,2026-08-31,900.0,880.5,12108
JBBD87,2026-08-31,1133.0,1133.0,25
AVYAN,2026-08-31,1004.0,1000.0,3542
LUK,2026-08-31,9.35,9.12,29400
ANLB,2026-08-31,4800.0,4944.0,1294
BBC,2026-08-31,4067.9,4000.0,668
SJLIC,2026-08-31,400.0,390.2,12818
CKHL,2026-08-31,558.0,553.1,200
ECL,2026-08-31,1400.0,1320.0,19251
MFLD85,2026-08-31,1105.0,1105.0,90
CBBL,2026-08-31,932.0,921.0,10679
GFCL,2026-08-31,563.3,569.0,8718
GLBSL,2026-08-31,1670.0,1679.0,71
SICL,2026-08-31,545.0,527.1,14180
SKHEL,2026-08-31,877.0,815.0,7026
BOKD86,2026-08-31,1078.0,1053.1,50
CHL,2026-08-31,258.4,244.0,47208
KBL,2026-08-31,210.0,211.0,178540
BGWT,2026-08-31,505.0,493.0,2067
NICAD2091,2026-08-31,1062.9,1094.0,2119
SMHL,2026-08-31,525.0,525.0,92542
YMHL,2026-08-31,575.0,571.0,12681
MNMF1,2026-08-31,9.03,9.1,59500
APHL,2026-08-31,674.5,670.6,11133
ALICL,2026-08-31,391.2,393.9,9322
PROFL,2026-08-31,385.0,375.1,3775
NICSF,2026-08-31,8.43,8.2,8100
RHGCL,2026-08-31,246.1,242.0,15523
CSY,2026-08-31,8.3,8.21,58830
PMHPL,2026-08-31,295.0,295.0,6205
CITY,2026-08-31,329.7,339.0,59505
ICFCD88,2026-08-31,1091.2,1091.1,25
BHCL,2026-08-31,528.0,545.0,47279
BNT,2026-08-31,11551.0,11570.0,50
KSY,2026-08-31,8.85,8.85,1500
ICFC,2026-08-31,580.5,580.5,3428
AHL,2026-08-31,380.0,369.0,1613
FOWAD,2026-08-31,878.0,859.0,3569
DORDI,2026-08-31,242.0,236.1,21125
FMDBL,2026-08-31,715.5,720.0,6866
DLBS,2026-08-31,985.0,990.0,168
EBLD85,2026-08-31,1140.0,1140.9,50
GBILD84/85,2026-08-31,1150.0,1150.0,10
BHDC,2026-08-31,417.0,406.0,13062
ADBL,2026-08-31,305.0,295.5,16748
HBL,2026-08-31,187.0,186.8,43451
MLBL,2026-08-31,340.0,340.0,18802
GRDBL,2026-08-31,961.0,978.9,2639
CLI,2026-08-31,415.0,412.3,6700
EBLD91,2026-08-31,1058.0,1066.0,75
GBBD85,2026-08-31,1054.0,1058.0,50
GBLBS,2026-08-31,660.0,660.0,2351
BFC,2026-08-31,465.0,448.5,15468
ENL,2026-08-31,765.0,784.0,730
GBIME,2026-08-31,242.0,240.0,85641
GCIL,2026-08-31,375.0,398.0,173367
GMFIL,2026-08-31,415.0,410.0,3496
GLH,2026-08-31,247.5,241.4,33674
BARUN,2026-08-31,312.0,309.0,28623
GSY,2026-08-31,8.89,8.92,8900
GIBF1,2026-08-31,10.62,10.6,1500
BNHC,2026-08-31,255.0,252.0,20722
KMCDB,2026-08-31,762.0,767.0,2055
UAIL,2026-08-31,380.0,371.3,19219
ALBSL,2026-08-31,1071.0,1084.0,1215
DOLTI,2026-08-31,285.0,282.0,21538
CZBIL,2026-08-31,192.2,192.0,16973
DHPL,2026-08-31,272.0,269.8,4193
C30MF,2026-08-31,9.75,9.95,1550
BJHL,2026-08-31,645.1,639.0,6320
MBLEF,2026-08-31,9.5,8.5,73543
AKPL,2026-08-31,238.0,241.0,83964
CREST,2026-08-31,1100.0,1044.0,6811
BANDIPUR,2026-08-31,657.0,638.9,28076
CIZBD86,2026-08-31,1214.0,1177.6,100
EBL,2026-08-31,726.0,711.9,47912
JOSHI,2026-08-31,256.1,255.0,10141
MKHL,2026-08-31,474.2,471.6,1887
SPL,2026-08-31,621.7,619.9,1204
SMFBS,2026-08-31,1305.0,1319.0,122
RSY2,2026-08-31,8.9,9.0,37750
SFEF,2026-08-31,9.65,9.85,300400
SEF2,2026-08-31,8.9,9.0,7800
SHL,2026-08-31,511.0,497.1,12590
SIGS3,2026-08-31,10.67,9.91,52730
SLCF,2026-08-31,9.1,9.01,300
RADHI,2026-08-31,680.4,674.0,42630
SINDU,2026-08-31,602.9,587.3,5867
DHEL,2026-08-31,547.1,543.0,8446
PRVU,2026-08-31,169.7,175.5,88370
SBI,2026-08-31,415.0,398.7,10366
SBLD83,2026-08-31,1020.0,1000.0,115
SKBBL,2026-08-31,740.2,741.6,6986
SHPC,2026-08-31,498.0,495.0,50020
MATRI,2026-08-31,741.0,726.0,365
SIPD,2026-08-31,582.0,581.0,11039
SMH,2026-08-31,491.0,490.0,8607
DDBL,2026-08-31,830.0,822.1,3443
SGHC,2026-08-31,290.0,285.0,16888
SGHL,2026-08-31,494.0,471.2,60004
EDBL,2026-08-31,566.2,563.1,2535
SADBL,2026-08-31,405.0,403.7,13115
SKHL,2026-08-31,730.0,709.1,12937
NSIF2,2026-08-31,10.08,9.8,4100
PHCL,2026-08-31,293.4,292.0,62526
OHL,2026-08-31,605.0,595.1,1985
RBCLPO,2026-08-31,10867.0,10900.0,60
KSBBL,2026-08-31,474.0,474.0,22039
SWBBL,2026-08-31,658.1,663.9,4323
SAPIL,2026-08-31,1464.5,1276.0,115467
SBID89,2026-08-31,1130.0,1130.0,25
VLUCL,2026-08-31,373.0,368.0,2695
NICLBSL,2026-08-31,531.0,519.0,5419
OMPL,2026-08-31,860.0,855.0,2399
SPC,2026-08-31,408.8,382.0,9991
SHINE,2026-08-31,404.0,407.0,19306
SARBTM,2026-08-31,799.9,813.9,34470
TAMOR,2026-08-31,477.5,480.0,91097
TPC,2026-08-31,345.0,344.0,7928
MHL,2026-08-31,450.0,447.0,3670
MSHL,2026-08-31,530.0,510.3,1760
JBBL,2026-08-31,327.0,325.0,24411
SBL,2026-08-31,407.0,411.0,47057
KPCL,2026-08-31,448.0,448.0,7654
SAEF2,2026-08-31,8.87,9.0,4700
UHEWA,2026-08-31,600.0,590.0,23268
NLG,2026-08-31,516.0,483.9,12920
TPKHL,2026-08-31,490.1,488.0,18884
SOPL,2026-08-31,758.0,736.0,19391
WNLB,2026-08-31,1110.0,1012.0,1905
STC,2026-08-31,5200.0,5168.0,265
SMJC,2026-08-31,411.2,400.0,15436
BUNGAL,2026-08-31,540.0,510.1,20729
TRH,2026-08-31,796.0,790.0,26643
SNLI,2026-08-31,380.0,387.6,10890
SRLI,2026-08-31,357.3,354.7,20451
UNHPL,2026-08-31,345.0,349.8,19119
UMRH,2026-08-31,505.1,514.9,4276
SNORL,2026-08-31,860.1,850.1,11040
NICD88,2026-08-31,1067.0,1067.0,25
UNLB,2026-08-31,1277.0,1233.9,1017
SHLB,2026-08-31,1285.0,1262.5,380
SIKLES,2026-08-31,565.0,553.1,2868
SCB,2026-08-31,650.0,642.3,10921
SYPNL,2026-08-31,1244.3,1293.0,85617
SIGS2,2026-08-31,10.27,9.9,59830
SPIL,2026-08-31,611.1,588.0,15057
NICFC,2026-08-31,8.88,8.78,1100
LBLD86,2026-08-31,1097.0,1085.0,100
NICA,2026-08-31,308.0,306.0,42554
ULBSL,2026-08-31,2310.0,2725.0,1952
SIFC,2026-08-31,485.0,482.4,4637
SBCF,2026-08-31,9.01,8.73,9556
SAPDBL,2026-08-31,715.0,705.9,7498
NBL,2026-08-31,272.0,270.0,52568
VLBS,2026-08-31,615.0,607.9,2289
SLBSL,2026-08-31,880.0,882.5,85
SEF,2026-08-31,9.47,9.21,5700
PPL,2026-08-31,293.0,295.0,24282
SPDL,2026-08-31,359.8,349.7,32622
TSHL,2026-08-31,336.0,325.0,3321
ULHC,2026-08-31,300.0,287.1,10586
NIBSF2,2026-08-31,8.41,8.5,2980
PCBL,2026-08-31,235.0,233.5,33319
ACLBSL,2026-08-31,900.0,892.4,650
NRM,2026-08-31,285.0,280.0,5610
SSHL,2026-08-31,192.0,188.0,80406
NWCL,2026-08-31,598.0,581.0,1722
PBLD87,2026-08-31,1100.0,1100.0,10
NIMB,2026-08-31,190.0,182.7,71528
SAGAR,2026-08-31,1501.0,1476.0,6205
PSF,2026-08-31,12.22,11.91,4750
NADEP,2026-08-31,692.6,704.0,172
NMBMF,2026-08-31,590.0,589.0,2365
NIBLGF,2026-08-31,8.5,8.32,900
RLEL,2026-08-31,801.8,790.0,9255
RMF2,2026-08-31,9.78,9.76,55695
NABIL,2026-08-31,540.0,535.2,43318
NYADI,2026-08-31,340.1,343.8,6849
RSML,2026-08-31,2770.0,2724.0,44684
SGIC,2026-08-31,400.1,378.0,21974
UMHL,2026-08-31,550.1,558.0,93138
USHL,2026-08-31,520.0,520.0,412
SALICO,2026-08-31,548.0,521.6,22540
NRIC,2026-08-31,851.0,793.0,55459
NICBF,2026-08-31,8.82,8.82,100
NMFBS,2026-08-31,1105.2,1108.0,1645
SHIVM,2026-08-31,665.0,664.0,397552
CHCL,2026-08-31,395.0,362.5,326757
H8020,2026-08-31,11.7,11.7,42830
MEL,2026-08-31,197.1,195.0,17134
HIDCL,2026-08-31,240.0,236.8,45104
CGH,2026-08-31,761.0,763.1,5167
NMIC,2026-08-31,800.0,790.0,4801
GBBL,2026-08-31,422.0,420.1,13793
NESDO,2026-08-31,1310.0,1300.0,550
NLIC,2026-08-31,690.0,685.9,18184
NMLBBL,2026-08-31,485.0,477.0,3251
MNBBL,2026-08-31,353.2,353.0,23052
RBBD2088,2026-08-31,1081.4,1050.4,1626
NBF2,2026-08-31,9.72,9.72,1750
SOHL,2026-08-31,660.0,648.0,75473
RFPL,2026-08-31,321.1,322.0,29050
NMBHF2,2026-08-31,8.36,8.5,2300
NTC,2026-08-31,874.0,870.0,4811
NUBL,2026-08-31,574.0,571.0,1706
RSDC,2026-08-31,611.0,610.0,1674
RURU,2026-08-31,570.1,572.1,656
RNLI,2026-08-31,415.0,408.0,17767
RMF1,2026-08-31,9.25,9.3,1900
PCIL,2026-08-31,621.0,646.0,105652
SAHAS,2026-08-31,682.0,670.9,126626
NIL,2026-08-31,540.1,516.0,13941
RHPL,2026-08-31,183.0,165.9,379967
PRIN,2026-08-31,583.0,573.2,7325
NICGF2,2026-08-31,8.6,8.7,3600
SANVI,2026-08-31,570.0,560.0,3669
PRSF,2026-08-31,12.78,12.7,53194
NBF3,2026-08-31,9.11,9.35,13150
PMLI,2026-08-31,405.0,400.1,2485
PPCL,2026-08-31,317.1,325.9,18337
RSY,2026-08-31,9.51,9.61,800
SABBL,2026-08-31,852.1,860.0,10333
PBD88,2026-08-31,1170.0,1170.0,25
SANIMA,2026-08-31,359.0,359.0,166345
RIDI,2026-08-31,343.0,339.5,214321
NIFRA,2026-08-31,240.0,240.1,76713
RBCL,2026-08-31,13470.0,13388.0,225
NMBUR93/94,2026-08-31,986.0,981.0,100
NIBLSTF,2026-08-31,8.16,8.18,400
SONA,2026-08-31,415.0,416.9,188835
SMB,2026-08-31,1710.0,1722.0,525
NHDL,2026-08-31,615.0,619.5,2492
TTL,2026-08-31,685.0,670.2,8539
NMB,2026-08-31,236.0,235.3,44597
SAGF,2026-08-31,9.85,9.75,176364
NHPC,2026-08-31,254.0,248.0,129856
UPCL,2026-08-31,325.2,324.0,68824
SAIL,2026-08-31,962.0,985.0,17724
SLBBL,2026-08-31,772.1,779.0,1128
NLICL,2026-08-31,555.0,538.4,12662
NFS,2026-08-31,535.0,525.0,5886
NGPL,2026-08-31,395.0,390.0,97306
CIT,2026-08-31,1670.1,1652.2,5288
RLFL,2026-08-31,434.9,414.9,13700
NSY,2026-08-31,9.1,9.3,3600
NICL,2026-08-31,432.0,416.9,30964
GFCL,2026-08-27,558.0,570.0,4172
BHCL,2026-08-27,525.2,555.0,104157
TSHL,2026-08-27,335.0,338.0,2038
UHEWA,2026-08-27,633.7,604.0,35926
UNL,2026-08-27,47200.0,47200.0,10
GRDBL,2026-08-27,947.0,984.0,1436
MEPDL,2026-08-27,661.2,675.0,28463
SGIC,2026-08-27,411.0,400.1,25209
NESDO,2026-08-27,1330.0,1345.0,1126
RMF1,2026-08-27,9.21,9.3,500
NADEP,2026-08-27,688.7,714.0,662
RHPL,2026-08-27,195.0,188.0,420658
FMDBL,2026-08-27,730.0,728.0,7542
EBLD91,2026-08-27,1061.0,1061.0,100
JSLBB,2026-08-27,942.0,960.0,137
RMF2,2026-08-27,9.76,9.76,100
WNLB,2026-08-27,1125.0,1110.0,516
NTC,2026-08-27,875.0,875.0,4323
HDL,2026-08-27,1162.0,1163.0,27280
KHPL,2026-08-27,779.0,760.0,8615
MEN,2026-08-27,606.0,618.0,68663
RBBF40,2026-08-27,9.45,9.25,259200
NIFRA,2026-08-27,238.0,239.0,54380
ANLB,2026-08-27,4800.0,4920.0,1103
SPDL,2026-08-27,345.4,353.0,23695
NMBMF,2026-08-27,590.0,590.0,867
CORBL,2026-08-27,864.5,902.2,20583
TTL,2026-08-27,690.0,690.0,7942
GBLBS,2026-08-27,650.1,666.0,2671
RIDI,2026-08-27,342.0,345.9,265159
PHCL,2026-08-27,295.0,297.6,32761
SADBL,2026-08-27,400.0,405.0,4270
RNLI,2026-08-27,410.0,415.0,4954
GLBSL,2026-08-27,1690.0,1705.0,160
RSY2,2026-08-27,8.67,9.16,5400
AHL,2026-08-27,384.0,390.0,2010
CYCL,2026-08-27,1528.6,1612.0,14132
NICFC,2026-08-27,8.8,8.88,300
MLBS,2026-08-27,1010.0,1020.0,180
MKCL,2026-08-27,860.5,870.0,2553
MLBSL,2026-08-27,1117.0,1096.0,1473
GMFIL,2026-08-27,410.9,418.9,9007
KKHC,2026-08-27,280.2,269.0,125700
API,2026-08-27,325.0,325.9,177092
SINDU,2026-08-27,592.5,613.9,8787
GMLI,2026-08-27,947.7,958.4,722
HIMSTAR,2026-08-27,655.0,659.9,4618
ULHC,2026-08-27,297.0,301.0,9032
GBILD86/87,2026-08-27,1056.0,1055.0,25
ICFCD89,2026-08-27,1100.0,1086.1,100
BHPL,2026-08-27,446.0,458.0,1928
IGI,2026-08-27,391.0,392.9,16845
NMB,2026-08-27,236.2,236.8,22851
MMF1,2026-08-27,9.15,8.7,9800
SARBTM,2026-08-27,795.6,793.0,46652
SAPDBL,2026-08-27,673.2,720.0,26834
HLICF,2026-08-27,8.2,8.28,2600
PMLI,2026-08-27,402.5,409.9,3000
MEHL,2026-08-27,220.0,234.6,51237
NFS,2026-08-27,530.0,536.9,4113
NICGF2,2026-08-27,8.63,8.69,400
NRM,2026-08-27,285.4,288.5,3975
SMFBS,2026-08-27,1390.0,1369.0,425
TVCL,2026-08-27,380.0,354.0,35333
PCIL,2026-08-27,576.4,621.0,67638
MLBBL,2026-08-27,930.0,943.0,2637
CBBL,2026-08-27,930.0,932.0,5994
SAGF,2026-08-27,9.81,9.85,10250
STC,2026-08-27,5168.0,5170.0,256
LBLD88,2026-08-27,1122.0,1122.0,5
NICBF,2026-08-27,9.04,9.04,100
TAMOR,2026-08-27,472.7,482.0,123358
SJCL,2026-08-27,220.4,227.0,115395
SKBBL,2026-08-27,740.0,742.5,2334
ICFC,2026-08-27,577.0,590.0,4898
KDBY,2026-08-27,9.93,9.75,43690
ILBS,2026-08-27,820.0,838.0,1506
MBJC,2026-08-27,251.0,257.1,46949
NMBHF2,2026-08-27,8.6,8.6,500
SYPNL,2026-08-27,1220.0,1244.3,43645
VLBS,2026-08-27,610.2,620.0,1533
PMHPL,2026-08-27,300.0,300.0,7634
SOPL,2026-08-27,717.0,758.0,35623
C30MF,2026-08-27,9.7,9.76,200
NBF2,2026-08-27,9.71,9.72,1100
SIPD,2026-08-27,570.0,596.0,13150
NCCD86,2026-08-27,1118.0,1118.0,150
SCB,2026-08-27,644.0,645.0,8398
SBL,2026-08-27,404.3,411.0,58300
ENL,2026-08-27,808.9,764.0,2398
NICAD2091,2026-08-27,1030.0,1032.0,50
CIZBD90,2026-08-27,1225.0,1225.0,30
KPCL,2026-08-27,445.1,454.0,3208
APHL,2026-08-27,660.2,689.0,10791
NRN,2026-08-27,1376.9,1349.5,32407
CGH,2026-08-27,761.0,770.0,6632
SPIL,2026-08-27,625.0,625.0,8797
SPHL,2026-08-27,512.0,523.0,2683
KDL,2026-08-27,711.0,731.1,1796
SEF2,2026-08-27,8.85,9.1,10100
PURE,2026-08-27,759.0,768.0,5411
SPC,2026-08-27,390.0,397.0,7096
RLFL,2026-08-27,437.0,430.0,16321
PRIN,2026-08-27,595.0,599.6,6616
NUBL,2026-08-27,568.1,574.0,3191
KBSH,2026-08-27,880.0,880.0,6681
NIL,2026-08-27,556.0,549.9,13763
SHLB,2026-08-27,1310.0,1323.9,700
SBCF,2026-08-27,9.48,9.27,4400
SJLIC,2026-08-27,398.0,402.8,10237
SKHEL,2026-08-27,858.7,877.0,5023
MABEL,2026-08-27,558.0,567.3,5846
SAHAS,2026-08-27,675.0,682.0,94363
NWCL,2026-08-27,601.2,603.0,2066
BHDC,2026-08-27,415.1,420.0,15954
MATRI,2026-08-27,775.0,760.0,1550
UPPER,2026-08-27,184.5,184.0,129011
OHL,2026-08-27,602.0,620.0,2612
NIBLSTF,2026-08-27,8.41,8.41,5650
SANVI,2026-08-27,555.0,579.0,13434
BARUN,2026-08-27,307.2,313.9,32387
UNLB,2026-08-27,1279.0,1240.0,111
USLB,2026-08-27,945.0,970.0,2224
BNHC,2026-08-27,262.0,263.6,16010
CFCL,2026-08-27,570.0,585.7,32748
SEF,2026-08-27,9.29,9.2,220868
SMB,2026-08-27,1702.0,1745.0,633
GBBL,2026-08-27,418.0,422.0,24151
AKJCL,2026-08-27,322.0,343.0,340803
SONA,2026-08-27,387.0,408.0,154353
SLCF,2026-08-27,9.1,9.1,250
NMFBS,2026-08-27,1082.0,1105.2,978
ULBSL,2026-08-27,2500.0,2408.0,1385
BHL,2026-08-27,198.5,199.7,129021
NICSF,2026-08-27,8.6,8.48,6400
FOWAD,2026-08-27,865.2,878.0,3029
PROFL,2026-08-27,371.0,384.0,8472
SHINE,2026-08-27,405.0,408.0,7983
SAPIL,2026-08-27,1273.5,1394.8,4690
NSIF2,2026-08-27,10.0,9.94,18100
NICL,2026-08-27,450.0,442.2,22351
SIFC,2026-08-27,480.0,485.1,4744
MANDU,2026-08-27,712.0,700.1,741
ILI,2026-08-27,400.0,403.2,6097
HEI,2026-08-27,491.0,489.9,30286
PRVU,2026-08-27,175.0,178.6,115369
GIBF1,2026-08-27,10.61,10.62,1700
SHEL,2026-08-27,288.1,292.6,70837
BANDIPUR,2026-08-27,636.0,657.0,13563
ACLBSL,2026-08-27,880.0,900.0,389
BNT,2026-08-27,11510.0,11550.1,36
AHPC,2026-08-27,250.0,252.7,76204
JFL,2026-08-27,367.2,384.8,1773
SAIL,2026-08-27,968.0,970.1,18103
GVL,2026-08-27,461.0,476.2,7835
SAGAR,2026-08-27,1485.0,1522.0,3430
BNL,2026-08-27,14405.0,14405.0,10
NBL,2026-08-27,271.0,272.3,85643
GHL,2026-08-27,230.0,226.9,81589
JBBL,2026-08-27,326.4,331.9,30488
NMBUR93/94,2026-08-27,963.0,990.0,35
NABILD2089,2026-08-27,1060.0,1058.0,100
ALBSL,2026-08-27,1060.0,1108.0,4224
MSLB,2026-08-27,1224.0,1214.0,216
NABBC,2026-08-27,758.0,751.2,8720
NMIC,2026-08-27,830.0,821.0,6752
SWMF,2026-08-27,580.0,587.0,2162
HATHY,2026-08-27,606.0,625.5,10850
GILB,2026-08-27,1045.1,1089.5,917
DORDI,2026-08-27,235.0,242.0,55038
TPKHL,2026-08-27,500.0,509.0,23278
SPL,2026-08-27,665.0,640.9,1595
ALICL,2026-08-27,393.1,402.3,9411
SBD89,2026-08-27,1190.0,1190.0,25
NIMB,2026-08-27,183.0,185.0,86645
NLICL,2026-08-27,553.1,566.9,5126
CHL,2026-08-27,255.0,258.4,13267
RAWA,2026-08-27,425.2,407.2,18698
BBC,2026-08-27,4001.0,4050.0,423
MKHC,2026-08-27,243.0,246.9,13055
CSY,2026-08-27,8.37,8.5,5493
RSML,2026-08-27,2686.0,2728.0,40235
NICLBSL,2026-08-27,512.0,528.0,3053
NICA,2026-08-27,306.0,308.1,36729
JBLB,2026-08-27,1238.0,1249.2,2963
MPFL,2026-08-27,583.3,597.6,7085
DDBL,2026-08-27,819.0,835.0,3078
CHDC,2026-08-27,2161.0,2183.0,6452
AVYAN,2026-08-27,1000.0,1017.6,2454
NABIL,2026-08-27,535.0,540.2,36950
USHEC,2026-08-27,483.0,496.0,699
NIBSF2,2026-08-27,8.5,8.5,200
GCIL,2026-08-27,343.0,370.0,149484
SRLIP,2026-08-27,197.6,197.6,910
DHPL,2026-08-27,265.1,274.5,4139
KSY,2026-08-27,8.92,8.92,500
HBL,2026-08-27,189.0,188.7,43589
NGPL,2026-08-27,390.1,398.0,102967
GBILD84/85,2026-08-27,1130.0,1130.0,25
BGWT,2026-08-27,475.3,513.0,1568
H8020,2026-08-27,11.95,11.74,14670
UMRH,2026-08-27,507.0,519.7,1535
SBID89,2026-08-27,1130.0,1130.0,500
MHL,2026-08-27,437.0,458.8,2338
RSDC,2026-08-27,613.0,611.2,1229
UAIL,2026-08-27,395.0,388.8,14724
MMKJL,2026-08-27,363.8,345.0,21103
KSBBL,2026-08-27,470.0,474.0,25087
SMATA,2026-08-27,685.1,695.0,2766
SALICOPO,2026-08-27,270.0,270.0,16696
HHL,2026-08-27,320.0,326.8,9662
NRIC,2026-08-27,865.0,851.0,18548
CITY,2026-08-27,344.0,347.0,44664
GBIMESY2,2026-08-27,8.89,8.89,400
GLH,2026-08-27,242.0,247.5,47653
BFC,2026-08-27,445.0,459.7,17454
BPCL,2026-08-27,630.0,640.0,8262
HFIN,2026-08-27,602.0,628.0,18504
SLBBL,2026-08-27,787.0,790.0,1465
SWASTIK,2026-08-27,1901.1,1904.0,473
BJHL,2026-08-27,666.0,665.0,8596
MDB,2026-08-27,555.2,557.0,9161
SHIVM,2026-08-27,624.0,650.0,335852
SMH,2026-08-27,495.0,500.0,8984
SRLI,2026-08-27,352.1,357.3,12826
PPCL,2026-08-27,321.0,326.9,11377
HLBSL,2026-08-27,859.9,850.0,1520
LSH12,2026-08-27,9.0,9.11,2300
SWBBL,2026-08-27,690.0,668.0,4617
GMFBS,2026-08-27,1110.0,1146.0,1466
RBBD2088,2026-08-27,1042.0,1050.0,50
BOKD86KA,2026-08-27,1096.5,1096.5,25
MBL,2026-08-27,245.0,248.0,27224
HDHPC,2026-08-27,199.9,202.0,72503
NMLBBL,2026-08-27,490.0,490.0,6588
PPL,2026-08-27,301.1,308.0,16069
SABBL,2026-08-27,870.0,870.0,8221
NLG,2026-08-27,515.1,516.0,12499
HEIP,2026-08-27,328.6,309.3,5010
NHPC,2026-08-27,250.0,254.6,188666
LBBL,2026-08-27,462.3,473.0,10037
RLEL,2026-08-27,810.4,844.0,17401
CIT,2026-08-27,1660.0,1670.0,5804
SBI,2026-08-27,403.0,400.0,413584
SLBSL,2026-08-27,862.4,877.0,615
GUFL,2026-08-27,525.0,494.0,13618
TPC,2026-08-27,340.1,350.0,13402
RBCL,2026-08-27,13400.0,13802.0,20
RSY,2026-08-27,9.9,9.44,11800
IHL,2026-08-27,300.0,300.0,7597
SNLI,2026-08-27,376.0,390.0,9361
CBLD88,2026-08-27,1155.0,1155.0,15
MEL,2026-08-27,198.0,201.9,10526
SHPC,2026-08-27,490.0,502.0,54573
SICL,2026-08-27,567.0,559.0,27524
LSL,2026-08-27,213.1,217.0,26219
EDBL,2026-08-27,565.0,566.0,4709
SANIMA,2026-08-27,365.0,369.0,95391
VLUCL,2026-08-27,368.0,383.5,4663
LICN,2026-08-27,755.0,761.5,10475
RBCLPO,2026-08-27,11100.0,11200.0,20
MHNL,2026-08-27,230.7,238.8,15056
EHPL,2026-08-27,321.0,313.9,21982
SIKLES,2026-08-27,547.0,565.0,12776
SSHL,2026-08-27,192.0,194.0,101350
DHEL,2026-08-27,550.0,564.0,15783
SFEF,2026-08-27,9.5,9.65,51836
RHGCL,2026-08-27,241.1,249.0,13851
MNBBL,2026-08-27,353.3,357.0,14896
LLBS,2026-08-27,895.0,882.0,97
HRL,2026-08-27,535.0,537.4,72553
CREST,2026-08-27,1083.5,1074.1,5051
RURU,2026-08-27,575.1,585.0,1455
SMPDA,2026-08-27,712.1,740.0,898
ECL,2026-08-27,1443.1,1400.0,13789
MNMF1,2026-08-27,9.26,9.3,26000
SALICO,2026-08-27,565.0,553.0,7686
MBLEF,2026-08-27,9.58,9.51,21300
UNHPL,2026-08-27,355.0,358.0,8745
CLI,2026-08-27,412.5,417.1,4575
MAKAR,2026-08-27,420.0,401.0,176382
KEF,2026-08-27,9.4,9.68,4300
KBL,2026-08-27,212.0,212.0,230009
GSY,2026-08-27,9.15,8.95,55000
NIMBPO,2026-08-27,141.7,141.9,6718
AKPL,2026-08-27,238.0,244.0,73271
PSF,2026-08-27,11.82,12.17,620100
EBL,2026-08-27,734.0,729.5,16639
SLBBLP,2026-08-27,443.0,443.0,10913
NHDL,2026-08-27,616.0,623.0,727
CKHL,2026-08-27,561.0,575.0,210
LUK,2026-08-27,9.55,9.57,300
SOHL,2026-08-27,655.4,660.0,160615
BEDC,2026-08-27,285.0,289.0,12811
KAHL,2026-08-27,480.0,502.5,26809
USHL,2026-08-27,551.2,533.7,2261
JHAPA,2026-08-27,1000.0,1013.0,4079
HBLD86,2026-08-27,1112.4,1112.4,25
HPPL,2026-08-27,366.2,369.0,92389
SIGS2,2026-08-27,10.5,10.27,1870
SNORL,2026-08-27,865.2,866.0,7877
NSY,2026-08-27,9.3,9.2,3300
YMHL,2026-08-27,575.0,593.9,9782
MKJC,2026-08-27,334.7,325.0,78815
SAEF2,2026-08-27,8.93,9.05,5400
HLI,2026-08-27,301.0,300.0,34374
SMJC,2026-08-27,411.0,419.0,7841
PCBL,2026-08-27,237.0,235.5,23140
MSHL,2026-08-27,544.0,546.0,623
KMCDB,2026-08-27,763.0,774.6,382
SGHC,2026-08-27,287.0,290.0,18639
SIGS3,2026-08-27,10.6,10.99,1300
MERO,2026-08-27,601.0,616.9,2755
NBF3,2026-08-27,9.5,9.34,13100
PRSF,2026-08-27,12.54,12.75,22600
CZBIL,2026-08-27,192.2,194.8,40593
MCHL,2026-08-27,256.0,254.0,7893
NIBLGF,2026-08-27,8.5,8.54,1400
DOLTI,2026-08-27,288.0,291.6,33990
LEC,2026-08-27,205.0,213.0,94705
UMHL,2026-08-27,563.0,559.9,19324
TRH,2026-08-27,800.0,818.0,3953
MLBL,2026-08-27,336.6,347.8,20729
SBID83,2026-08-27,1060.0,1060.0,25
JOSHI,2026-08-27,248.0,259.8,18387
SGHL,2026-08-27,485.0,493.8,62868
SMHL,2026-08-27,518.0,525.0,76086
UPCL,2026-08-27,322.1,333.0,15766
DLBS,2026-08-27,1003.0,1007.1,513
GBIME,2026-08-27,241.1,242.0,236991
NYADI,2026-08-27,337.3,350.0,3951
KBLD89,2026-08-27,1250.0,1250.0,25
ADBL,2026-08-27,295.0,299.0,47003
MKHL,2026-08-27,476.0,486.5,1805
MHCL,2026-08-27,273.6,275.0,4283
OMPL,2026-08-27,860.0,872.0,1392
CHCL,2026-08-27,405.7,405.0,407762
HIDCLP,2026-08-27,180.1,181.4,48874
MFIL,2026-08-27,700.0,735.0,28866
SHL,2026-08-27,500.0,508.7,12179
BUNGAL,2026-08-27,545.0,542.9,19450
NLIC,2026-08-27,700.0,690.3,12855
RADHI,2026-08-27,680.0,685.0,60072
SKHL,2026-08-27,740.1,750.3,10744
EBLD85,2026-08-27,1110.0,1110.0,25
HIDCL,2026-08-27,238.5,242.0,87588
HURJA,2026-08-27,225.0,230.0,41082
RFPL,2026-08-27,322.0,330.0,16059
SIPD,2026-08-26,601.0,587.0,13727
SWASTIK,2026-08-26,1935.0,1940.0,622
SAEF2,2026-08-26,9.04,9.05,2600
SBD87,2026-08-26,1085.0,1062.0,61
ULBSL,2026-08-26,2381.0,2442.0,1828
GBIME,2026-08-26,244.8,243.1,102470
HBLD86,2026-08-26,1136.1,1080.0,1
SMFBS,2026-08-26,1335.0,1430.0,113
CBBL,2026-08-26,940.0,933.0,10111
HPPL,2026-08-26,371.1,375.0,92831
KMCDB,2026-08-26,780.0,778.0,2228
HEIP,2026-08-26,328.9,338.7,14087
NICFC,2026-08-26,8.64,8.92,1000
PMLI,2026-08-26,411.1,404.1,5330
SADBL,2026-08-26,404.1,404.0,48471
EBL,2026-08-26,734.0,730.0,30910
MLBSL,2026-08-26,1163.0,1130.0,856
GLBSL,2026-08-26,1700.0,1675.0,584
JBBD87,2026-08-26,1100.1,1100.1,25
KBSH,2026-08-26,900.0,897.0,11744
CFCL,2026-08-26,575.0,579.0,63426
SOHL,2026-08-26,670.0,663.9,238817
BHPL,2026-08-26,485.0,458.9,5272
LEC,2026-08-26,210.1,209.1,157840
HATHY,2026-08-26,615.0,621.0,8858
HHL,2026-08-26,323.0,325.0,50492
HRL,2026-08-26,556.09,549.0,82424
JBBL,2026-08-26,333.0,332.0,188204
PRSF,2026-08-26,12.7,12.6,349498
LICN,2026-08-26,760.0,764.9,6089
BUNGAL,2026-08-26,560.0,540.0,22032
HBL,2026-08-26,190.0,189.5,37365
MSLB,2026-08-26,1195.3,1224.0,474
MMKJL,2026-08-26,414.9,375.0,22353
NADEP,2026-08-26,730.0,710.0,2450
LSH12,2026-08-26,8.89,9.0,2600
AKPL,2026-08-26,245.0,241.0,114466
LSL,2026-08-26,217.8,216.9,47922
DHPL,2026-08-26,283.2,270.0,7792
CORBL,2026-08-26,953.2,884.0,28484
MNBBL,2026-08-26,358.3,357.0,34574
MBJC,2026-08-26,260.0,256.0,109208
NIBSF2,2026-08-26,8.4,8.5,800
HIDCLP,2026-08-26,182.1,180.2,51643
LVF2,2026-08-26,8.92,9.0,900
KSBBL,2026-08-26,471.0,470.0,57511
MHNL,2026-08-26,236.2,237.8,23992
ICFCD89,2026-08-26,1074.6,1100.0,150
MEN,2026-08-26,615.0,615.0,90791
UHEWA,2026-08-26,580.1,667.0,95365
USLB,2026-08-26,1020.0,970.0,1457
RMF1,2026-08-26,9.5,9.45,1300
NWCL,2026-08-26,625.1,615.0,3683
MCHL,2026-08-26,272.0,261.0,10078
IGI,2026-08-26,412.0,403.0,23461
YMHL,2026-08-26,571.0,589.9,21969
MHL,2026-08-26,458.0,450.0,11337
KKHC,2026-08-26,270.0,266.9,195594
KPCL,2026-08-26,460.0,457.0,14792
KSY,2026-08-26,9.19,9.19,100
JBLB,2026-08-26,1279.0,1242.2,2561
KEF,2026-08-26,10.0,9.41,4394
HIDCL,2026-08-26,246.0,242.0,78589
HDHPC,2026-08-26,203.0,199.9,239107
NABILD2089,2026-08-26,1060.9,1087.9,32
MHCL,2026-08-26,285.1,282.0,18143
USHEC,2026-08-26,497.1,492.0,13955
LBBL,2026-08-26,479.0,473.0,96154
MERO,2026-08-26,620.2,605.6,8918
MMF1,2026-08-26,8.96,9.07,19695
KHPL,2026-08-26,815.1,803.0,11605
HURJA,2026-08-26,234.0,228.0,77058
HLI,2026-08-26,307.0,305.0,25215
MEHL,2026-08-26,230.5,229.7,116943
NABIL,2026-08-26,540.6,536.8,42608
HLICF,2026-08-26,8.23,8.3,4000
USHL,2026-08-26,515.9,525.0,2257
JFL,2026-08-26,378.0,378.5,4771
CCBD88,2026-08-26,1168.0,1165.0,25
KDL,2026-08-26,743.6,732.0,1832
ILI,2026-08-26,410.0,405.2,12430
HIMSTAR,2026-08-26,651.0,655.0,2520
SKHEL,2026-08-26,878.6,885.0,2148
LUK,2026-08-26,9.83,9.83,100
LBLD88,2026-08-26,1122.0,1122.0,10
MLBBL,2026-08-26,960.0,954.0,779
MKCL,2026-08-26,900.0,885.9,4285
LLBS,2026-08-26,899.0,885.0,90
MLBS,2026-08-26,1050.6,1029.0,130
RBBF40,2026-08-26,9.11,9.3,69386
KDBY,2026-08-26,9.97,10.03,32418
MEL,2026-08-26,200.2,201.5,26326
GRDBL,2026-08-26,972.0,969.5,2545
CZBIL,2026-08-26,197.9,194.9,40896
MAKAR,2026-08-26,445.0,426.0,46463
CIZBD90,2026-08-26,1250.0,1250.0,300
CITY,2026-08-26,346.0,343.9,67057
C30MF,2026-08-26,9.75,9.75,85300
SMJC,2026-08-26,435.0,419.9,20913
AKJCL,2026-08-26,364.4,338.0,270728
PHCL,2026-08-26,298.0,300.0,94678
BANDIPUR,2026-08-26,653.1,653.5,29564
AVYAN,2026-08-26,1011.0,1010.0,1667
MFLD85,2026-08-26,1104.0,1105.0,310
CREST,2026-08-26,1215.5,1117.0,4429
BNL,2026-08-26,14600.0,14850.0,20
CGH,2026-08-26,770.0,770.0,14827
MKHL,2026-08-26,488.1,489.0,3077
CKHL,2026-08-26,580.0,577.5,540
IHL,2026-08-26,304.0,300.0,12790
BHCL,2026-08-26,553.0,552.8,65198
CSY,2026-08-26,8.36,8.5,1000
GUFL,2026-08-26,513.0,500.0,17852
CHCL,2026-08-26,455.0,427.0,480553
BBC,2026-08-26,4128.0,4050.0,189
MANDU,2026-08-26,700.0,732.4,7138
OMPL,2026-08-26,880.0,860.0,3981
SOPL,2026-08-26,748.0,729.0,25470
WNLB,2026-08-26,1135.0,1126.0,81
SAPDBL,2026-08-26,685.0,694.0,18766
SMATA,2026-08-26,700.0,690.0,3485
RAWA,2026-08-26,412.9,405.0,18983
BPCL,2026-08-26,649.0,640.0,19420
UPCL,2026-08-26,330.1,331.0,43302
PCBLP,2026-08-26,105.0,105.0,308120
SRBLD83,2026-08-26,1025.0,1025.0,25
SANVI,2026-08-26,551.5,564.7,11404
ANLB,2026-08-26,5003.0,5001.5,865
CLI,2026-08-26,425.0,419.0,10136
GCIL,2026-08-26,338.0,342.0,20586
MPFL,2026-08-26,600.1,599.0,10667
GFCL,2026-08-26,571.1,568.0,9269
OHL,2026-08-26,627.0,619.0,3028
RLFL,2026-08-26,436.0,427.0,20684
BHL,2026-08-26,204.0,201.0,166255
CHL,2026-08-26,262.0,259.0,22799
GIBF1,2026-08-26,10.85,10.62,108550
GLH,2026-08-26,250.0,246.5,65375
DORDI,2026-08-26,247.0,239.0,50432
MABEL,2026-08-26,573.3,570.3,3402
GMLI,2026-08-26,985.2,977.0,1532
EHPL,2026-08-26,332.8,318.0,20697
ENL,2026-08-26,833.9,833.9,10
BFC,2026-08-26,455.1,454.9,22165
CHDC,2026-08-26,2162.0,2184.0,13890
JHAPA,2026-08-26,1015.0,1001.2,3811
MATRI,2026-08-26,770.0,754.0,159
MLBL,2026-08-26,343.2,344.0,42896
SMB,2026-08-26,1770.0,1735.0,505
JOSHI,2026-08-26,256.0,251.0,21174
GHL,2026-08-26,230.0,226.8,86312
ACLBSL,2026-08-26,892.0,880.0,757
GBLBS,2026-08-26,674.0,668.0,3947
ALBSL,2026-08-26,1065.0,1086.5,15197
BEDC,2026-08-26,300.0,288.5,33606
GBBD85,2026-08-26,1050.0,1054.1,95
MBLEF,2026-08-26,9.56,9.58,1900
SAGAR,2026-08-26,1515.0,1497.0,11396
RBCLPO,2026-08-26,11299.0,11299.0,10
BARUN,2026-08-26,315.0,310.0,32146
BHDC,2026-08-26,423.0,417.0,13794
AHPC,2026-08-26,257.0,251.5,179592
BGWT,2026-08-26,514.6,489.9,4523
PCBL,2026-08-26,237.9,237.8,40466
SEF2,2026-08-26,8.88,9.1,4300
H8020,2026-08-26,11.95,11.96,20100
API,2026-08-26,329.0,327.5,168054
BNT,2026-08-26,11610.0,11505.0,40
GMFIL,2026-08-26,421.0,410.9,37847
GBIMESY2,2026-08-26,8.9,8.9,100
ADBL,2026-08-26,299.1,296.0,30400
HDL,2026-08-26,1170.0,1162.0,21254
BNHC,2026-08-26,270.0,266.2,29940
MEPDL,2026-08-26,700.0,666.0,34433
CIT,2026-08-26,1682.0,1660.0,7117
AHL,2026-08-26,400.0,395.5,1670
NRM,2026-08-26,297.0,292.5,18241
ICFC,2026-08-26,585.2,585.1,8938
KBL,2026-08-26,214.0,212.5,189203
PPCL,2026-08-26,326.1,327.7,9069
GUFLPO,2026-08-26,298.0,298.0,7037
SARBTM,2026-08-26,789.8,779.0,5082
TPKHL,2026-08-26,515.0,500.1,32526
SANIMA,2026-08-26,370.3,365.5,114162
SKBBL,2026-08-26,745.0,740.0,15050
NRN,2026-08-26,1355.9,1344.0,33244
SHLB,2026-08-26,1350.2,1350.0,582
SJLIC,2026-08-26,402.0,400.1,13788
MFIL,2026-08-26,735.0,728.9,20251
SICL,2026-08-26,598.09,582.0,29724
ALICL,2026-08-26,410.0,404.8,34634
SNLI,2026-08-26,395.0,379.8,40370
MKJC,2026-08-26,402.0,352.3,66903
HLBSL,2026-08-26,857.0,863.0,517
SCB,2026-08-26,646.0,644.0,4572
JSLBB,2026-08-26,920.0,942.0,206
UNHPL,2026-08-26,365.0,355.0,25943
MNMF1,2026-08-26,9.22,9.29,1420
NABBC,2026-08-26,760.0,758.4,3880
SINDU,2026-08-26,615.0,610.0,15703
FMDBL,2026-08-26,742.0,723.0,14554
SBI,2026-08-26,396.0,399.0,43044
SJCL,2026-08-26,250.0,231.9,230441
PSF,2026-08-26,12.0,12.1,203445
SPDL,2026-08-26,358.1,352.0,24777
MKHC,2026-08-26,252.0,247.9,17930
RSY,2026-08-26,10.23,9.93,1100
SBL,2026-08-26,408.0,408.5,110122
MBL,2026-08-26,251.0,248.0,35090
SMHL,2026-08-26,526.0,518.0,171944
GILB,2026-08-26,1083.0,1072.5,1800
NBF2,2026-08-26,9.54,9.67,300
VLUCL,2026-08-26,386.0,374.0,5669
SGIC,2026-08-26,430.0,417.0,37457
SKHL,2026-08-26,780.0,751.0,18724
SWMF,2026-08-26,594.5,588.5,1904
EDBL,2026-08-26,565.0,568.0,7211
VLBS,2026-08-26,635.0,627.9,2231
SHINE,2026-08-26,405.2,405.0,10398
SLBSL,2026-08-26,873.2,889.0,498
SIKLES,2026-08-26,560.5,559.0,20603
ILBS,2026-08-26,830.0,844.9,1501
SAPIL,2026-08-26,1055.0,1212.9,1820
TPC,2026-08-26,353.0,346.1,16786
SNORL,2026-08-26,900.0,889.9,14233
TSHL,2026-08-26,350.5,335.0,5655
SGHC,2026-08-26,300.0,290.0,54919
SAIL,2026-08-26,1032.2,955.0,24112
TVCL,2026-08-26,440.0,390.0,80510
SLBBL,2026-08-26,784.4,787.9,813
SPL,2026-08-26,623.0,648.9,3509
BJHL,2026-08-26,730.0,686.5,6088
MSHL,2026-08-26,561.0,550.0,1789
STC,2026-08-26,5170.0,5168.0,296
UAIL,2026-08-26,417.9,397.2,23931
SLCF,2026-08-26,9.1,9.05,3100
ULHC,2026-08-26,321.0,306.0,12837
SRLIP,2026-08-26,197.6,197.6,27138
SIGS3,2026-08-26,10.85,10.85,275800
UNLB,2026-08-26,1216.0,1242.9,120
SHEL,2026-08-26,295.0,293.5,84510
UMHL,2026-08-26,560.0,563.0,70162
TTL,2026-08-26,692.0,688.9,9977
SHIVM,2026-08-26,621.5,624.0,107624
TRH,2026-08-26,794.0,803.0,764
SRLI,2026-08-26,364.1,357.0,40937
DLBS,2026-08-26,1022.0,1034.0,333
SHPC,2026-08-26,510.2,499.0,143012
ECL,2026-08-26,1406.0,1465.0,23427
SALICO,2026-08-26,572.0,565.2,23097
FOWAD,2026-08-26,893.0,887.0,4052
SMH,2026-08-26,500.0,497.0,8848
SYPNL,2026-08-26,1200.0,1220.0,27607
KAHL,2026-08-26,500.0,490.8,32048
NESDO,2026-08-26,1331.0,1349.0,542
SEF,2026-08-26,9.5,9.49,76000
SGHL,2026-08-26,506.0,492.0,71460
NSIF2,2026-08-26,10.1,9.95,12900
EBLD85,2026-08-26,1096.9,1129.8,45
NLIC,2026-08-26,710.0,700.0,39396
SHL,2026-08-26,503.0,508.0,29027
MDB,2026-08-26,577.5,562.0,5591
SHINED,2026-08-26,1100.0,1125.0,225
RSY2,2026-08-26,8.88,8.93,3700
SPIL,2026-08-26,666.0,640.0,10013
RURU,2026-08-26,586.0,586.0,5675
SFEF,2026-08-26,9.5,9.63,213800
GSY,2026-08-26,9.17,9.15,1100
PBD85,2026-08-26,1110.0,1108.9,240
NMBMF,2026-08-26,581.1,578.0,1863
SIFC,2026-08-26,490.0,482.0,9919
RMF2,2026-08-26,9.81,9.81,200
NICBF,2026-08-26,9.3,9.3,200
SSHL,2026-08-26,196.8,193.1,119667
NLG,2026-08-26,545.0,530.0,29244
SONA,2026-08-26,386.2,388.4,34358
RHGCL,2026-08-26,247.8,248.0,15280
PROFL,2026-08-26,382.6,379.9,9595
NMB,2026-08-26,239.0,237.5,27838
NICSF,2026-08-26,8.6,8.36,600
NIBLGF,2026-08-26,9.05,8.54,7000
DOLTI,2026-08-26,299.0,288.0,23988
NIBD84,2026-08-26,1022.6,1030.0,100
SBCF,2026-08-26,9.48,9.21,3100
NBF3,2026-08-26,9.42,9.58,1200
CYCL,2026-08-26,1516.2,1609.0,20879
HFIN,2026-08-26,627.0,616.0,27117
TAMOR,2026-08-26,480.0,480.0,406065
PURE,2026-08-26,748.0,759.0,5981
UPPER,2026-08-26,185.0,184.5,176491
GVL,2026-08-26,471.0,472.5,18176
NMIC,2026-08-26,865.0,842.0,2689
SPC,2026-08-26,404.9,399.0,4377
NCCD86,2026-08-26,1100.6,1105.0,130
RHPL,2026-08-26,230.0,205.2,571997
NMBPO,2026-08-26,133.3,133.3,10112
APHL,2026-08-26,694.0,672.1,11600
UMRH,2026-08-26,520.0,515.0,10237
NIFRA,2026-08-26,240.1,239.3,75226
RBCL,2026-08-26,14275.0,13800.0,50
PRVU,2026-08-26,180.0,179.0,151945
EBLD86,2026-08-26,1055.2,1055.1,25
HEI,2026-08-26,515.0,505.0,24828
RIDI,2026-08-26,354.9,343.0,348571
NLICL,2026-08-26,560.0,560.0,5300
NMFBS,2026-08-26,1110.0,1110.0,2423
NICL,2026-08-26,482.1,455.0,62074
DDBL,2026-08-26,835.0,829.2,4532
SWBBL,2026-08-26,664.0,667.0,5761
DHEL,2026-08-26,565.1,555.0,15773
RFPL,2026-08-26,326.0,331.0,27518
SPHL,2026-08-26,551.0,522.0,12515
NSY,2026-08-26,9.01,9.29,4916
RSDC,2026-08-26,611.0,613.0,2913
PMHPL,2026-08-26,311.7,304.0,7096
NHDL,2026-08-26,616.0,628.0,564
NFS,2026-08-26,530.1,530.3,6500
NICA,2026-08-26,308.0,308.0,62038
RADHI,2026-08-26,690.1,688.0,95325
RNLI,2026-08-26,420.5,413.1,37459
NUBL,2026-08-26,572.3,575.0,5332
RSML,2026-08-26,2741.0,2706.0,24922
PPL,2026-08-26,294.1,304.0,26131
NTC,2026-08-26,885.0,875.0,7271
NGPL,2026-08-26,400.0,396.9,180724
NMBHF2,2026-08-26,8.93,8.84,700
NMB50,2026-08-26,9.69,9.68,12000
NICLBSL,2026-08-26,525.0,527.2,9792
GBBL,2026-08-26,421.7,420.7,13281
ADBLD83,2026-08-26,1039.9,1039.9,37
RLEL,2026-08-26,831.2,853.0,17276
NIMBPO,2026-08-26,139.1,140.0,2742
SMPDA,2026-08-26,735.0,733.0,803
NRIC,2026-08-26,886.0,869.8,43920
NIMB,2026-08-26,185.2,183.3,109066
RBBD2088,2026-08-26,1050.0,1042.0,200
NMLBBL,2026-08-26,493.0,490.0,1895
CZBILP,2026-08-26,100.0,109.0,58616
NMBUR93/94,2026-08-26,962.0,990.8,125
NBL,2026-08-26,275.0,271.7,87211
NIL,2026-08-26,586.0,560.0,16778
SAHAS,2026-08-26,685.0,681.9,238492
SABBL,2026-08-26,884.6,870.0,10241
NYADI,2026-08-26,350.2,344.5,5019
GMFBS,2026-08-26,1114.0,1130.0,1070
NHPC,2026-08-26,258.8,250.0,329656
PRIN,2026-08-26,633.0,600.0,34021
PCIL,2026-08-26,600.0,594.1,27688
SAIL,2026-08-25,990.0,983.1,11911
MPFL,2026-08-25,607.0,604.0,2069
KAHL,2026-08-25,499.0,503.0,33972
NICA,2026-08-25,310.1,308.3,48486
KEF,2026-08-25,9.43,10.0,10300
PRSF,2026-08-25,12.75,12.75,142750
NGPL,2026-08-25,407.9,404.0,125020
MNMF1,2026-08-25,9.23,9.35,1390
HURJA,2026-08-25,236.9,233.5,31529
BARUN,2026-08-25,320.0,318.0,25425
LBBLD89,2026-08-25,1231.0,1231.0,25
NYADI,2026-08-25,350.4,350.0,3621
CGH,2026-08-25,770.0,775.0,100526
MKHC,2026-08-25,255.0,252.4,7651
NLG,2026-08-25,570.9,557.8,2510
SMATA,2026-08-25,690.1,687.0,3980
OMPL,2026-08-25,875.1,871.0,3151
SAGAR,2026-08-25,1515.0,1549.9,3876
GRDBL,2026-08-25,950.3,999.9,6338
SANVI,2026-08-25,576.8,568.5,11125
ADBL,2026-08-25,300.0,298.8,20967
ACLBSL,2026-08-25,901.0,892.0,397
JOSHI,2026-08-25,261.0,258.0,20145
MSHL,2026-08-25,565.2,561.3,1491
PRIN,2026-08-25,642.1,640.0,6724
RSML,2026-08-25,2744.9,2727.0,64986
LVF2,2026-08-25,8.93,8.92,3000
SBID89,2026-08-25,1160.0,1160.0,200
GBILD84/85,2026-08-25,1135.0,1135.0,10
GMLI,2026-08-25,1000.0,985.2,1157
SWMF,2026-08-25,600.0,594.5,1770
PBD88,2026-08-25,1181.0,1181.0,50
BHL,2026-08-25,195.0,204.0,169712
SAEF2,2026-08-25,9.01,9.04,8210
CIZBD90,2026-08-25,1250.0,1261.0,175
BUNGAL,2026-08-25,560.0,564.8,17363
SEF,2026-08-25,9.02,9.28,16175
JHAPA,2026-08-25,1030.0,1028.5,2940
HDHPC,2026-08-25,204.8,204.1,44706
SPDL,2026-08-25,352.0,359.5,15058
ULBSL,2026-08-25,2350.0,2450.0,5199
DOLTI,2026-08-25,304.9,299.0,33481
SWASTIK,2026-08-25,1995.0,1930.2,465
SANIMA,2026-08-25,370.0,370.7,200121
BNHC,2026-08-25,276.7,272.0,7888
NICLBSL,2026-08-25,539.0,533.0,6746
ICFCD89,2026-08-25,1066.2,1099.0,295
AVYAN,2026-08-25,1021.0,1020.0,960
ULHC,2026-08-25,321.7,320.0,17522
C30MF,2026-08-25,9.95,10.0,16100
HATHY,2026-08-25,630.0,633.4,18050
NICFC,2026-08-25,8.93,8.9,3398
NMBMF,2026-08-25,590.0,594.0,999
CREST,2026-08-25,1050.0,1253.0,17603
MMF1,2026-08-25,9.19,8.7,10100
NSIF2,2026-08-25,10.0,10.08,19451
FOWAD,2026-08-25,905.0,896.1,3063
ILI,2026-08-25,410.1,411.0,5781
NRN,2026-08-25,1352.0,1359.0,30750
SHINE,2026-08-25,406.2,409.0,13589
NLICL,2026-08-25,562.9,563.9,11340
GBIME,2026-08-25,244.5,244.8,118818
DHEL,2026-08-25,570.0,574.0,6094
SAPIL,2026-08-25,917.0,1054.7,1420
NBF3,2026-08-25,9.5,9.7,61100
HDL,2026-08-25,1170.0,1169.0,12827
SGHL,2026-08-25,511.0,511.8,58020
PMHPL,2026-08-25,296.4,311.7,2868
CYCL,2026-08-25,1520.0,1596.0,30200
GCIL,2026-08-25,336.0,338.0,7116
STC,2026-08-25,5215.0,5170.0,346
HLBSL,2026-08-25,858.0,871.0,523
GBIMESY2,2026-08-25,8.89,8.9,700
SIGS2,2026-08-25,10.4,10.36,14400
ALICL,2026-08-25,418.5,410.6,19149
TAMOR,2026-08-25,478.0,480.4,161614
KDL,2026-08-25,743.6,743.6,2429
LICN,2026-08-25,770.0,765.0,6544
MKJC,2026-08-25,420.0,414.4,8554
PRVU,2026-08-25,181.5,180.7,104845
KBL,2026-08-25,213.9,214.0,143906
SIPD,2026-08-25,620.0,609.0,6493
MBL,2026-08-25,246.3,249.9,25388
NMBHF2,2026-08-25,9.18,9.2,1460
BEDC,2026-08-25,304.0,298.0,13742
GLBSL,2026-08-25,1709.0,1712.0,305
AHL,2026-08-25,397.0,398.0,2240
NIFRAGED,2026-08-25,1000.1,1000.1,50
SFMF,2026-08-25,9.7,9.6,3501
ENL,2026-08-25,833.9,833.9,10
APHL,2026-08-25,693.0,694.0,7496
MFIL,2026-08-25,740.0,738.0,14765
JBLB,2026-08-25,1250.0,1246.2,2853
NTC,2026-08-25,885.0,883.0,2875
MATRI,2026-08-25,767.0,770.0,992
MSLB,2026-08-25,1201.1,1225.0,590
SINDU,2026-08-25,650.0,619.0,8091
MBJC,2026-08-25,270.0,268.6,15615
SPL,2026-08-25,640.0,630.0,580
NHDL,2026-08-25,623.2,622.0,2148
MANDU,2026-08-25,734.0,711.2,3553
UHEWA,2026-08-25,600.0,604.0,50458
CSY,2026-08-25,8.91,8.57,9390
SHL,2026-08-25,509.0,508.9,24876
GVL,2026-08-25,480.0,478.9,3775
RAWA,2026-08-25,421.0,412.9,18261
SBLD2091,2026-08-25,1060.0,1056.0,65
EDBL,2026-08-25,570.0,581.4,16155
NRM,2026-08-25,296.0,299.0,3605
NIFRA,2026-08-25,242.0,241.8,36195
SIFC,2026-08-25,494.0,495.0,3226
SNLI,2026-08-25,396.1,395.1,12085
RSY,2026-08-25,10.4,10.54,42400
CBBL,2026-08-25,935.0,936.0,10369
LEC,2026-08-25,213.9,212.9,115597
LSL,2026-08-25,218.0,217.0,76286
MMKJL,2026-08-25,429.0,424.0,1393
ALBSL,2026-08-25,1067.0,1100.0,10355
NIBLGF,2026-08-25,8.9,8.8,11000
CHDC,2026-08-25,2239.8,2196.9,16323
SNORL,2026-08-25,882.0,910.0,31859
RLFL,2026-08-25,439.9,431.0,7865
SAPDBL,2026-08-25,691.0,699.0,12790
MBLD87,2026-08-25,1127.0,1127.0,30
MEPDL,2026-08-25,700.1,699.0,42665
AKPL,2026-08-25,258.0,247.0,40708
MABEL,2026-08-25,583.0,584.0,2537
NMFBS,2026-08-25,1116.0,1110.0,1542
CZBILP,2026-08-25,103.0,103.0,10000
SSHL,2026-08-25,200.0,196.8,56951
NICGF2,2026-08-25,8.71,8.74,300
MCHL,2026-08-25,272.0,274.9,1100
KSY,2026-08-25,8.96,9.47,1000
LSH12,2026-08-25,8.85,8.95,4100
KSBBL,2026-08-25,473.1,470.0,58122
TRH,2026-08-25,803.3,794.0,15119
FMDBL,2026-08-25,745.0,735.0,17516
NESDO,2026-08-25,1330.3,1353.0,342
KHPL,2026-08-25,737.0,778.0,9385
API,2026-08-25,331.0,329.8,95180
NIL,2026-08-25,591.0,586.0,5860
LUK,2026-08-25,9.41,9.55,12500
NMBUR93/94,2026-08-25,962.0,990.0,50
SEF2,2026-08-25,8.8,9.15,15500
GMFIL,2026-08-25,435.0,424.0,17443
H8020,2026-08-25,12.1,12.19,133620
HEI,2026-08-25,520.1,524.0,6967
NBF2,2026-08-25,10.0,9.83,1200
UMHL,2026-08-25,550.0,567.8,54235
SYPNL,2026-08-25,1244.0,1241.9,39000
NCCD86,2026-08-25,1100.2,1110.0,50
RHPL,2026-08-25,243.0,241.4,11330
GLH,2026-08-25,250.0,250.0,23395
UPPER,2026-08-25,190.0,189.0,52504
SAHAS,2026-08-25,685.0,685.0,71955
BHDC,2026-08-25,424.0,428.0,7600
PCBL,2026-08-25,238.0,239.0,31052
PURE,2026-08-25,769.3,766.0,3109
RADHI,2026-08-25,695.1,699.0,28168
NIBSF2,2026-08-25,8.15,8.53,3639
LBBL,2026-08-25,476.9,479.0,9780
ECL,2026-08-25,1330.0,1406.0,16866
KDBY,2026-08-25,9.97,10.05,28891
KKHC,2026-08-25,280.0,274.0,88154
TVCL,2026-08-25,464.9,448.0,5768
CHCL,2026-08-25,489.0,475.1,21111
USHEC,2026-08-25,500.2,498.0,3724
AKJCL,2026-08-25,349.0,347.1,280618
MBLEF,2026-08-25,9.56,9.56,5300
NMB50,2026-08-25,9.75,9.7,17000
MKHL,2026-08-25,493.2,493.1,3134
GBBL,2026-08-25,421.0,422.0,28406
NIBD84,2026-08-25,1030.0,1033.1,190
NICAD2091,2026-08-25,1025.0,1025.0,25
NIBLSTF,2026-08-25,8.24,8.41,710
MHCL,2026-08-25,295.0,289.6,4438
GIBF1,2026-08-25,10.75,10.75,68300
VLUCL,2026-08-25,389.9,384.0,2454
KBSH,2026-08-25,890.0,910.0,6917
HLI,2026-08-25,310.0,307.0,23966
HLICF,2026-08-25,8.35,8.3,3270
USHL,2026-08-25,532.0,520.0,875
RNLI,2026-08-25,420.5,420.6,7905
NSY,2026-08-25,9.01,9.2,6900
HBL,2026-08-25,189.8,190.0,40866
VLBS,2026-08-25,633.1,635.2,980
EBL,2026-08-25,726.1,731.9,15310
NWCL,2026-08-25,635.1,631.0,4184
SKBBL,2026-08-25,754.9,746.0,6480
HIMSTAR,2026-08-25,665.0,658.0,3400
HBLD86,2026-08-25,1170.0,1136.1,1
SRLI,2026-08-25,365.1,365.8,9916
MERO,2026-08-25,630.0,625.0,2060
TPKHL,2026-08-25,520.0,529.0,23539
SHINED,2026-08-25,1100.0,1100.0,55
SONA,2026-08-25,389.0,385.1,41551
BANDIPUR,2026-08-25,660.0,656.0,18955
BNT,2026-08-25,11764.0,11625.0,40
MEN,2026-08-25,619.0,620.0,47825
SBI,2026-08-25,404.0,404.0,28731
PMLI,2026-08-25,421.9,412.6,3674
SIKLES,2026-08-25,555.1,560.5,7030
RMF1,2026-08-25,9.05,9.37,900
SHIVM,2026-08-25,624.0,621.4,81006
SGHC,2026-08-25,305.0,300.2,25362
ILBSP,2026-08-25,460.0,460.0,6000
SKHL,2026-08-25,792.0,776.8,13268
NFS,2026-08-25,541.0,539.8,5447
RFPL,2026-08-25,332.5,329.0,20092
CKHL,2026-08-25,580.0,594.5,608
HFIN,2026-08-25,645.0,633.0,30301
DDBL,2026-08-25,833.0,838.0,10640
RBBD2088,2026-08-25,1030.0,1030.0,25
GFCL,2026-08-25,579.0,573.0,7490
CBLD88,2026-08-25,1201.0,1165.0,25
MLBSL,2026-08-25,1164.0,1163.0,1789
HRL,2026-08-25,561.0,559.4,33395
SMH,2026-08-25,512.0,504.5,7516
SIGS3,2026-08-25,10.95,11.0,89127
LLBS,2026-08-25,863.0,886.0,222
BBC,2026-08-25,4100.0,4052.0,203
BGWT,2026-08-25,512.0,500.0,1753
MEHL,2026-08-25,250.0,236.9,76312
CFCL,2026-08-25,580.0,582.2,41479
SLCF,2026-08-25,9.04,9.3,300
SRBLD83,2026-08-25,1015.0,1015.0,25
BJHL,2026-08-25,685.0,710.0,8804
SJLIC,2026-08-25,405.0,404.0,8689
SICL,2026-08-25,603.0,600.0,10433
RBCLPO,2026-08-25,11090.0,11090.0,10
PBD85,2026-08-25,1100.0,1100.0,120
RBBF40,2026-08-25,9.1,9.3,123752
DHPL,2026-08-25,258.4,275.0,5744
GBBD85,2026-08-25,1065.1,1065.1,55
AHPC,2026-08-25,260.0,257.5,66248
SBID2090,2026-08-25,1030.0,1041.0,80
MKCL,2026-08-25,872.5,890.0,1935
GMFBS,2026-08-25,1130.0,1148.0,1227
MLBS,2026-08-25,1090.0,1083.0,60
RSDC,2026-08-25,637.0,619.1,1184
SJCL,2026-08-25,262.0,261.1,13486
SLBSL,2026-08-25,900.0,896.0,862
BHPL,2026-08-25,470.0,476.0,5446
SPIL,2026-08-25,662.1,666.0,7794
NICL,2026-08-25,484.1,486.9,9712
SWBBL,2026-08-25,666.0,670.5,3659
NIMBPO,2026-08-25,142.8,141.0,2049
SPC,2026-08-25,411.0,404.9,6767
EBLD91,2026-08-25,1069.0,1069.0,25
RBCL,2026-08-25,14000.0,14149.0,100
JFL,2026-08-25,374.3,379.0,3746
SHPC,2026-08-25,514.0,514.0,69259
CITY,2026-08-25,354.0,349.9,76545
HIDCL,2026-08-25,248.0,247.0,65423
NMIC,2026-08-25,868.0,865.0,1110
NABILD2089,2026-08-25,1053.0,1030.0,525
USLB,2026-08-25,1051.0,1019.9,2726
GSY,2026-08-25,9.17,9.18,2000
TSHL,2026-08-25,345.0,340.9,4087
MAKAR,2026-08-25,439.8,439.0,2212363
SGIC,2026-08-25,439.1,438.0,7259
NABIL,2026-08-25,541.5,540.6,31533
JSLBB,2026-08-25,945.0,940.0,105
CLI,2026-08-25,425.0,426.0,8403
CIT,2026-08-25,1681.0,1680.0,4874
SBCF,2026-08-25,8.95,9.21,1100
SFEF,2026-08-25,9.64,9.64,100
SALICO,2026-08-25,580.1,584.0,10146
RIDI,2026-08-25,356.5,351.9,344936
SMHL,2026-08-25,520.0,524.8,246169
PHCL,2026-08-25,300.0,298.7,48345
DORDI,2026-08-25,249.9,245.6,13702
UAIL,2026-08-25,418.0,416.0,13029
SAGF,2026-08-25,10.0,10.1,24696
JBBL,2026-08-25,333.0,333.0,25679
TTL,2026-08-25,697.0,697.0,5822
HIDCLP,2026-08-25,183.7,182.2,37296
SPHL,2026-08-25,533.0,580.0,15160
NICBF,2026-08-25,9.03,9.03,200
NMBD87/88,2026-08-25,1080.0,1085.0,50
RMF2,2026-08-25,10.0,10.0,3000
NADEP,2026-08-25,690.0,742.0,713
SABBL,2026-08-25,919.0,886.6,11235
RSY2,2026-08-25,8.71,9.15,15100
SCB,2026-08-25,648.0,651.0,6371
UNHPL,2026-08-25,370.0,362.0,9872
IHL,2026-08-25,322.0,312.5,9223
SHEL,2026-08-25,295.0,297.0,41658
ANLB,2026-08-25,5000.0,5085.0,294
BHCL,2026-08-25,515.1,553.0,77615
UNLB,2026-08-25,1292.0,1249.0,690
DLBS,2026-08-25,1115.5,1034.2,163
PSF,2026-08-25,12.2,12.1,59735
SBL,2026-08-25,412.0,411.9,66770
CZBIL,2026-08-25,198.1,196.9,38774
SMFBS,2026-08-25,1418.0,1400.1,1254
BFC,2026-08-25,474.5,455.0,16109
CORBL,2026-08-25,942.0,907.9,43576
NUBL,2026-08-25,585.1,586.2,7825
SMPDA,2026-08-25,730.1,735.0,1382
UMRH,2026-08-25,534.8,522.0,3000
MHL,2026-08-25,455.1,463.0,1481
BPCL,2026-08-25,657.0,653.0,15893
NMB,2026-08-25,240.9,239.0,38691
NBLD87,2026-08-25,1080.0,1080.0,25
TPC,2026-08-25,361.5,353.0,12565
SKHEL,2026-08-25,900.1,903.0,2558
KPCL,2026-08-25,459.0,465.0,2325
HEIP,2026-08-25,326.0,339.0,6390
ILBS,2026-08-25,833.0,849.9,242
PPL,2026-08-25,306.0,309.5,21890
SHLB,2026-08-25,1355.0,1352.0,90
GHL,2026-08-25,229.9,228.9,57639
GUFL,2026-08-25,515.0,509.7,11948
SOHL,2026-08-25,680.0,679.0,202485
MHNL,2026-08-25,239.2,239.0,9875
UPCL,2026-08-25,340.0,338.0,36092
OHL,2026-08-25,630.0,628.0,916
SOPL,2026-08-25,750.0,748.0,24448
GILB,2026-08-25,1095.0,1086.6,1066
PPCL,2026-08-25,332.9,329.7,4346
SARBTM,2026-08-25,776.1,780.0,3681
HPPL,2026-08-25,375.0,378.0,100522
NLIC,2026-08-25,717.0,706.9,31012
EHPL,2026-08-25,332.6,317.0,7473
MDB,2026-08-25,563.0,561.0,6090
NABBC,2026-08-25,785.0,774.0,3535
MLBL,2026-08-25,350.0,348.9,9353
NBL,2026-08-25,275.0,274.8,57995
MLBBL,2026-08-25,940.0,953.5,1478
NMLBBL,2026-08-25,495.0,491.9,6089
MNBBL,2026-08-25,365.0,358.3,19955
IGI,2026-08-25,418.0,417.0,12399
YMHL,2026-08-25,570.0,586.0,16145
RHGCL,2026-08-25,254.9,251.9,17319
HHL,2026-08-25,333.0,328.0,27990
NMBD89/90,2026-08-25,1223.0,1223.0,25
GBLBS,2026-08-25,679.4,674.0,862
WNLB,2026-08-25,1134.0,1135.8,1939
SADBL,2026-08-25,408.0,407.0,10233
SMJC,2026-08-25,425.0,430.0,9405
SMB,2026-08-25,1748.0,1759.0,230
RLEL,2026-08-25,864.5,874.9,21652
MFLD85,2026-08-25,1075.9,1075.9,50
NHPC,2026-08-25,266.0,258.8,127057
CHL,2026-08-25,262.0,265.0,8828
NRIC,2026-08-25,893.0,887.0,11956
RURU,2026-08-25,595.0,594.0,5676
KMCDB,2026-08-25,770.0,783.0,1999
NIMB,2026-08-25,186.0,186.0,58197
ICFC,2026-08-25,591.0,590.0,4378
NICSF,2026-08-25,8.8,8.67,2740
MEL,2026-08-25,203.0,203.0,8367
GWFD83,2026-08-25,1034.0,1035.0,50
SLBBL,2026-08-25,799.0,790.0,2245
PROFL,2026-08-25,395.0,386.0,6620
PCIL,2026-08-25,606.0,600.0,19968
SIPD,2026-08-24,638.0,621.0,11173
CGH,2026-08-24,771.0,775.0,12090
RBBF40,2026-08-24,8.88,9.0,259800
KDBY,2026-08-24,9.97,9.99,22890
DHEL,2026-08-24,570.1,570.0,13411
NHPC,2026-08-24,265.9,261.6,108683
CHDC,2026-08-24,2205.0,2218.0,12370
SPC,2026-08-24,408.1,408.0,7322
HDL,2026-08-24,1174.0,1170.9,21859
MKJC,2026-08-24,424.1,413.0,20060
NIBLSTF,2026-08-24,8.16,8.47,6900
MATRI,2026-08-24,785.1,780.0,752
RHGCL,2026-08-24,265.0,254.9,13324
RIDI,2026-08-24,360.0,357.0,262744
SMHL,2026-08-24,500.0,513.0,52583
GBIME,2026-08-24,247.0,244.5,61628
PURE,2026-08-24,797.0,769.3,8386
ILI,2026-08-24,410.3,411.0,6424
NICLBSL,2026-08-24,534.0,539.0,3384
SYPNL,2026-08-24,1197.0,1244.0,23267
SPHL,2026-08-24,515.0,561.0,10568
NMBUR93/94,2026-08-24,1000.0,962.0,585
SHIVM,2026-08-24,630.1,626.7,44336
SABBL,2026-08-24,904.0,875.7,8158
NLIC,2026-08-24,717.0,713.8,8919
SAGF,2026-08-24,9.95,10.0,31600
JOSHI,2026-08-24,263.0,259.0,18100
EHPL,2026-08-24,321.1,323.0,7659
CITY,2026-08-24,359.8,354.0,78994
WNLB,2026-08-24,1250.0,1169.0,3860
UMHL,2026-08-24,571.2,572.9,21949
NMBD87/88,2026-08-24,1084.1,1084.1,25
MHNL,2026-08-24,239.1,241.8,13016
APHL,2026-08-24,735.0,704.6,10595
SBL,2026-08-24,414.0,412.8,76890
CFCL,2026-08-24,592.0,599.6,42409
HEIP,2026-08-24,339.0,330.1,18110
ENL,2026-08-24,830.0,817.9,915
RSY,2026-08-24,10.4,10.7,4700
HFIN,2026-08-24,662.0,646.0,15132
TSHL,2026-08-24,353.0,342.0,10102
SHINE,2026-08-24,408.0,408.0,23017
SBCF,2026-08-24,9.6,9.22,6000
MAKAR,2026-08-24,395.7,418.9,23561
USHL,2026-08-24,565.8,540.0,1684
SCB,2026-08-24,652.0,648.5,3942
MCHL,2026-08-24,275.0,274.0,2461
NLG,2026-08-24,544.5,554.9,4669
HIMSTAR,2026-08-24,670.0,655.0,6689
PRIN,2026-08-24,650.0,643.0,9309
GLBSL,2026-08-24,1691.0,1720.0,163
SWASTIK,2026-08-24,1910.1,1987.0,615
SCBD,2026-08-24,1102.1,1056.6,63
MLBBL,2026-08-24,990.0,949.9,10940
RBCL,2026-08-24,13900.0,13803.0,60
PHCL,2026-08-24,308.0,302.0,64179
GRDBL,2026-08-24,921.5,979.6,8042
KMCDB,2026-08-24,783.3,770.0,1976
UHEWA,2026-08-24,580.0,600.0,65777
OMPL,2026-08-24,880.0,893.0,2929
SMFBS,2026-08-24,1408.0,1378.2,983
EBLD91,2026-08-24,1044.0,1102.0,67
ULHC,2026-08-24,335.0,321.7,11308
PCBL,2026-08-24,242.0,239.7,50938
HRL,2026-08-24,565.0,561.0,41925
GSY,2026-08-24,9.14,9.2,4200
NICBF,2026-08-24,9.3,9.3,100
NIL,2026-08-24,595.0,591.0,9479
UPCL,2026-08-24,341.0,341.0,48035
NICL,2026-08-24,489.0,484.0,8500
ANLB,2026-08-24,5000.0,5119.0,727
NICFC,2026-08-24,9.0,9.2,4273
DOLTI,2026-08-24,306.1,304.9,18552
PSF,2026-08-24,12.0,12.03,243798
GMLI,2026-08-24,1015.0,1000.0,802
BJHL,2026-08-24,715.0,720.0,14892
SWBBL,2026-08-24,672.9,667.5,11196
HLBSL,2026-08-24,870.0,875.5,565
H8020,2026-08-24,12.0,12.0,6000
MANDU,2026-08-24,741.0,738.0,828
GMFIL,2026-08-24,447.0,435.0,13698
SKHEL,2026-08-24,864.5,900.1,3411
SICL,2026-08-24,603.0,606.0,6622
NMBHF2,2026-08-24,9.62,9.46,400
TVCL,2026-08-24,454.0,454.9,1780
PPCL,2026-08-24,345.0,331.0,93288
UMRH,2026-08-24,520.0,520.0,631
NCCD86,2026-08-24,1118.0,1118.0,175
RLFL,2026-08-24,442.0,433.0,34855
SWMF,2026-08-24,609.0,590.0,4645
SKBBL,2026-08-24,750.1,746.0,6549
SMPDA,2026-08-24,736.0,735.0,2188
SOPL,2026-08-24,760.0,754.1,24219
SMH,2026-08-24,505.1,508.0,2904
NICSF,2026-08-24,8.77,8.85,11540
SFEF,2026-08-24,9.56,9.86,21700
ALBSL,2026-08-24,1030.0,1100.0,2261
DLBS,2026-08-24,1000.1,1150.0,3008
NRIC,2026-08-24,898.0,893.8,28572
SONA,2026-08-24,398.0,392.1,28905
ALICL,2026-08-24,415.2,413.0,6826
SKHL,2026-08-24,809.9,792.1,7395
SAPDBL,2026-08-24,664.1,699.9,9409
LBBL,2026-08-24,474.9,474.1,21638
HEI,2026-08-24,523.5,519.7,4901
BUNGAL,2026-08-24,579.0,572.0,18772
NHDL,2026-08-24,621.4,624.4,3900
GVL,2026-08-24,484.0,478.0,9417
GLH,2026-08-24,253.0,251.0,32377
SJLIC,2026-08-24,404.1,405.0,7592
HLICF,2026-08-24,8.4,8.5,700
SHINED,2026-08-24,1079.0,1116.0,661
ILBS,2026-08-24,841.0,859.0,1591
UAIL,2026-08-24,420.0,418.0,9300
CIT,2026-08-24,1694.0,1681.0,8070
SAEF2,2026-08-24,9.0,9.06,4500
MHCL,2026-08-24,298.3,296.5,3030
YMHL,2026-08-24,645.0,600.0,23049
UNHPL,2026-08-24,372.0,365.9,23968
SAHAS,2026-08-24,693.0,684.0,154981
KBLD86,2026-08-24,1112.4,1112.0,80
NMFBS,2026-08-24,1110.1,1116.0,3471
SANVI,2026-08-24,573.0,576.8,4928
SALICO,2026-08-24,584.0,582.0,3384
SGHC,2026-08-24,303.0,304.4,30763
NMLBBL,2026-08-24,494.5,492.0,10681
TAMOR,2026-08-24,483.0,478.0,143846
SGHL,2026-08-24,518.0,511.0,88635
BEDC,2026-08-24,312.0,302.0,22965
HATHY,2026-08-24,612.0,630.3,15298
MLBLD89,2026-08-24,1250.0,1250.0,100
RSML,2026-08-24,2800.0,2728.0,46283
MNBBL,2026-08-24,361.0,358.6,22749
SNORL,2026-08-24,886.0,882.0,10345
NABBC,2026-08-24,799.0,766.7,8639
RSY2,2026-08-24,8.9,8.96,254600
GBBL,2026-08-24,420.0,420.1,31899
SNLI,2026-08-24,400.1,398.0,6030
ICFCD83,2026-08-24,887.5,843.2,1
RADHI,2026-08-24,748.9,703.9,49818
CHL,2026-08-24,266.0,266.0,16692
MBLEF,2026-08-24,9.54,9.55,11300
SFMF,2026-08-24,9.8,9.7,39230
LSL,2026-08-24,220.0,218.0,59957
SGIC,2026-08-24,448.0,441.0,8131
BGWT,2026-08-24,520.0,512.0,2059
MDB,2026-08-24,560.0,563.0,5733
MMF1,2026-08-24,8.7,8.95,8501
RFPL,2026-08-24,333.0,333.5,13461
SEF2,2026-08-24,8.74,9.05,8400
SHPC,2026-08-24,528.0,514.2,101396
NSY,2026-08-24,9.7,9.0,8700
ADBL,2026-08-24,301.0,299.5,22197
NICGF2,2026-08-24,9.0,8.96,2000
SAPIL,2026-08-24,837.0,917.2,960
NBLD87,2026-08-24,1080.0,1080.0,50
ICFCD89,2026-08-24,1085.0,1097.0,40
SLBSL,2026-08-24,900.0,900.0,812
AHL,2026-08-24,395.0,397.9,3338
TPKHL,2026-08-24,545.0,530.0,25532
SLCF,2026-08-24,9.3,9.31,300
PRSF,2026-08-24,12.91,12.73,205100
SLBBL,2026-08-24,803.0,790.1,7956
AKPL,2026-08-24,249.0,247.0,42314
GFCL,2026-08-24,590.0,579.9,12610
PBD88,2026-08-24,1181.0,1181.0,75
NMB50,2026-08-24,9.86,9.75,49692
CBBL,2026-08-24,938.0,935.1,6757
NRN,2026-08-24,1365.1,1363.5,27743
CKHL,2026-08-24,578.0,590.5,618
SBID2090,2026-08-24,1049.0,1050.0,475
BNT,2026-08-24,11890.0,11900.0,20
LEC,2026-08-24,218.0,213.9,167696
SINDU,2026-08-24,625.5,622.0,12296
MEL,2026-08-24,210.0,202.8,12740
VLUCL,2026-08-24,397.0,389.9,20365
KBL,2026-08-24,216.0,213.9,123980
NMBMF,2026-08-24,590.1,597.8,2277
GBLBS,2026-08-24,690.0,679.5,3985
PMLI,2026-08-24,420.0,415.0,6294
DHPL,2026-08-24,275.0,272.0,3346
SAGAR,2026-08-24,1540.0,1540.0,2203
VLBS,2026-08-24,640.0,645.0,2112
MERO,2026-08-24,638.0,630.0,4901
BNHC,2026-08-24,275.0,276.7,11719
PCIL,2026-08-24,610.0,607.9,23117
SPIL,2026-08-24,676.0,666.1,5703
SIFC,2026-08-24,497.0,497.8,6325
IHL,2026-08-24,325.0,315.0,11408
SPL,2026-08-24,618.2,638.0,1706
CSY,2026-08-24,8.55,9.01,3700
NFS,2026-08-24,560.0,544.0,11370
PPL,2026-08-24,311.0,309.9,14298
NIMB,2026-08-24,188.0,186.0,117401
IGI,2026-08-24,418.0,416.7,15382
SIGS3,2026-08-24,10.87,11.0,50619
MKHC,2026-08-24,252.0,254.9,22706
SMB,2026-08-24,1733.0,1758.0,612
CYCL,2026-08-24,1392.7,1600.0,28021
SPDL,2026-08-24,379.0,360.0,25694
MHL,2026-08-24,460.0,462.8,2440
ECL,2026-08-24,1400.1,1330.0,23235
GBBD85,2026-08-24,1045.6,1081.0,380
MLBL,2026-08-24,348.1,349.8,20948
KSBBL,2026-08-24,474.0,470.0,30491
SARBTM,2026-08-24,805.0,775.0,8866
LLBS,2026-08-24,851.0,879.9,613
NWCL,2026-08-24,635.1,646.0,750
KEF,2026-08-24,9.7,9.7,11972
HIDCLP,2026-08-24,183.5,183.9,54602
NBL,2026-08-24,277.0,275.0,81835
BANDIPUR,2026-08-24,676.0,665.9,11753
MLBSL,2026-08-24,1190.0,1180.0,1656
KDL,2026-08-24,746.0,754.0,1700
NGPL,2026-08-24,407.0,403.2,105732
NBF3,2026-08-24,9.56,9.7,15800
AHPC,2026-08-24,260.0,259.7,43548
FMDBL,2026-08-24,774.9,750.0,13813
EDBL,2026-08-24,585.0,583.0,129582
HPPL,2026-08-24,375.0,379.9,63912
LSH12,2026-08-24,8.55,8.93,22100
NUBL,2026-08-24,590.0,586.0,4450
SAIL,2026-08-24,1020.0,1015.0,22819
STC,2026-08-24,5184.0,5195.0,404
SANIMA,2026-08-24,370.0,370.0,80447
GMFBS,2026-08-24,1125.1,1164.9,159
KHPL,2026-08-24,779.9,737.0,11826
NESDO,2026-08-24,1390.0,1355.0,879
NADEP,2026-08-24,701.1,700.0,1118
CORBL,2026-08-24,970.0,942.0,28323
BBC,2026-08-24,4119.0,4076.0,295
MEN,2026-08-24,626.0,619.1,85608
SJCL,2026-08-24,266.0,263.8,9809
RHPL,2026-08-24,248.0,243.0,38476
SMJC,2026-08-24,429.0,435.0,10561
SHEL,2026-08-24,300.0,297.5,88785
RSDC,2026-08-24,621.0,619.1,2462
SADBL,2026-08-24,414.9,409.0,9326
SIKLES,2026-08-24,565.0,566.0,7336
NIMBPO,2026-08-24,140.0,140.0,2380
NLICL,2026-08-24,562.0,562.8,4354
MSHL,2026-08-24,570.0,570.0,640
ULBSL,2026-08-24,2471.0,2455.0,297
NYADI,2026-08-24,356.1,358.0,2459
MBJC,2026-08-24,267.0,269.1,25690
UNLB,2026-08-24,1240.0,1254.9,461
SBI,2026-08-24,395.1,405.0,11934
SSHL,2026-08-24,198.0,198.5,28237
NMB,2026-08-24,241.0,240.0,38854
OHL,2026-08-24,640.1,630.3,2297
CLI,2026-08-24,430.0,426.5,5124
MEHL,2026-08-24,244.0,245.0,58223
CZBIL,2026-08-24,200.0,197.0,48924
PROFL,2026-08-24,403.1,395.0,6832
RAWA,2026-08-24,415.2,414.0,12059
HLI,2026-08-24,315.0,311.0,55510
NRM,2026-08-24,303.0,296.0,5160
AKJCL,2026-08-24,348.0,346.0,156596
TRH,2026-08-24,820.0,802.0,1087
NICD83/84,2026-08-24,1006.0,1010.0,300
LVF2,2026-08-24,9.08,9.1,2400
BHPL,2026-08-24,501.0,470.0,4298
AVYAN,2026-08-24,1011.0,1031.0,5960
GILB,2026-08-24,1080.1,1085.8,1040
USLB,2026-08-24,1085.0,1065.0,574
GCIL,2026-08-24,337.2,341.0,13377
RLEL,2026-08-24,900.0,910.0,29515
BHL,2026-08-24,207.0,205.0,142617
UPPER,2026-08-24,192.0,189.4,88944
FOWAD,2026-08-24,915.0,905.0,2572
MEPDL,2026-08-24,774.0,713.9,76385
ACLBSL,2026-08-24,911.0,909.0,500
HBL,2026-08-24,192.0,189.8,36563
JHAPA,2026-08-24,1035.0,1029.7,2361
DDBL,2026-08-24,841.0,832.0,1465
EBL,2026-08-24,737.0,726.1,42165
PMHPL,2026-08-24,345.9,311.9,13487
LUK,2026-08-24,10.0,9.7,200
RBCLPO,2026-08-24,11110.0,11368.0,70
UNL,2026-08-24,47200.0,47200.0,10
TTL,2026-08-24,700.0,697.0,6997
API,2026-08-24,335.0,331.0,137437
NSIF2,2026-08-24,10.68,10.1,40689
CBLD88,2026-08-24,1176.0,1190.0,50
ICFC,2026-08-24,592.3,591.0,4101
SMATA,2026-08-24,705.4,700.1,3605
GHL,2026-08-24,233.0,228.0,135966
RURU,2026-08-24,596.2,595.0,4361
NABILD2089,2026-08-24,1056.0,1085.0,40
NABIL,2026-08-24,545.0,541.5,34780
SBLD84,2026-08-24,1025.0,1025.0,30
HDHPC,2026-08-24,208.5,205.5,85141
KKHC,2026-08-24,269.9,278.9,168038
KAHL,2026-08-24,553.3,506.0,48136
NIFRA,2026-08-24,242.0,241.0,58152
GBIMESY2,2026-08-24,8.89,8.92,800
HIDCL,2026-08-24,249.0,248.0,76586
MMKJL,2026-08-24,444.9,430.0,1545
JBBL,2026-08-24,332.5,332.9,13717
NIBLGF,2026-08-24,8.61,8.85,15600
NBF2,2026-08-24,9.85,10.09,2020
KPCL,2026-08-24,464.0,463.0,4456
GUFL,2026-08-24,525.0,515.0,18771
NIBSF2,2026-08-24,8.5,8.38,47150
BHCL,2026-08-24,541.0,542.2,50571
KBSH,2026-08-24,930.0,888.1,10659
SHL,2026-08-24,500.0,509.9,52670
BHDC,2026-08-24,422.3,427.8,6778
BFC,2026-08-24,481.0,463.5,15215
GIBF1,2026-08-24,10.8,10.8,700
SRLI,2026-08-24,368.0,364.4,13943
NTC,2026-08-24,890.0,880.0,4545
JSLBB,2026-08-24,940.0,945.0,704
MSLB,2026-08-24,1211.0,1215.0,265
PRVU,2026-08-24,183.0,181.1,86305
HHL,2026-08-24,326.3,332.0,53783
MBL,2026-08-24,247.0,249.9,28944
SDBD87,2026-08-24,1105.0,1107.2,27
USHEC,2026-08-24,504.0,500.0,3798
TPC,2026-08-24,351.1,356.0,6406
KSY,2026-08-24,9.15,9.2,600
SHLB,2026-08-24,1380.0,1370.0,80
DORDI,2026-08-24,246.0,247.2,11437
BARUN,2026-08-24,318.0,316.2,31105
NICAD85/86,2026-08-24,1140.0,1140.0,20
SEF,2026-08-24,9.55,9.27,30002
CHCL,2026-08-24,490.0,478.0,18735
MABEL,2026-08-24,585.1,599.0,4920
NMIC,2026-08-24,877.0,868.0,2107
JBLB,2026-08-24,1255.0,1249.0,4043
KBLD89,2026-08-24,1235.0,1235.0,25
JFL,2026-08-24,375.0,378.0,3363
CREST,2026-08-24,1148.0,1090.0,5646
LICN,2026-08-24,770.0,764.0,14247
SOHL,2026-08-24,685.0,678.9,175007
MNMF1,2026-08-24,9.25,9.5,3540
MLBS,2026-08-24,1016.5,1071.0,361
HURJA,2026-08-24,238.0,233.5,41095
EBLD85,2026-08-24,1116.5,1065.0,2
MKHL,2026-08-24,490.0,496.0,420
MKCL,2026-08-24,920.0,895.0,4758
MPFL,2026-08-24,615.0,608.0,6060
RMF1,2026-08-24,9.32,9.32,600
BPCL,2026-08-24,648.0,659.8,31735
MFIL,2026-08-24,740.0,740.0,27115
SBLD2091,2026-08-24,1060.0,1060.0,475
GWFD83,2026-08-24,1034.0,1034.0,14
NICA,2026-08-24,314.0,311.0,50912
RNLI,2026-08-24,427.0,423.0,9249
RMF2,2026-08-24,10.01,10.01,100
SAIL,2026-08-21,1025.0,1025.0,10691
RIDI,2026-08-21,365.0,359.9,513142
CKHL,2026-08-21,576.0,595.3,1815
NRIC,2026-08-21,906.0,902.0,17663
MNBBL,2026-08-21,360.0,361.0,23842
CSY,2026-08-21,8.7,8.76,1121
CBLD88,2026-08-21,1205.0,1201.0,25
SBL,2026-08-21,412.0,414.0,115661
LICN,2026-08-21,763.0,770.0,9536
SMHL,2026-08-21,523.0,517.0,167377
ICFCD83,2026-08-21,934.2,887.5,1
RNLI,2026-08-21,427.0,426.8,8950
HATHY,2026-08-21,581.0,610.0,18238
OHL,2026-08-21,642.0,643.9,485
JSLBB,2026-08-21,950.0,967.0,294
MLBS,2026-08-21,1081.5,1070.0,60
SOHL,2026-08-21,680.0,686.0,352814
TTL,2026-08-21,705.1,705.0,5896
EBLD91,2026-08-21,1067.0,1067.0,25
AHPC,2026-08-21,264.0,260.9,81447
ULBSL,2026-08-21,2500.0,2525.0,1170
LSH12,2026-08-21,8.9,8.95,5100
SPL,2026-08-21,667.9,648.8,359
KEF,2026-08-21,10.0,9.71,71120
MKHL,2026-08-21,507.8,500.0,3695
MERO,2026-08-21,640.0,636.0,5609
KBSH,2026-08-21,900.0,911.0,10287
EBLD85,2026-08-21,1141.0,1116.5,27
BPCL,2026-08-21,655.0,660.0,86126
HIMSTAR,2026-08-21,685.0,670.0,3560
HURJA,2026-08-21,238.0,234.1,29860
CYCL,2026-08-21,1382.3,1466.0,17878
ILBS,2026-08-21,840.0,858.8,691
KSBBL,2026-08-21,480.0,474.0,9433
GILB,2026-08-21,1100.0,1090.0,5923
SNLI,2026-08-21,402.0,401.0,7044
KAHL,2026-08-21,535.0,527.0,49833
AHL,2026-08-21,395.0,396.0,1848
MCHL,2026-08-21,275.0,279.0,2449
LUK,2026-08-21,9.74,9.74,1000
MPFL,2026-08-21,610.2,610.8,2293
KPCL,2026-08-21,467.0,464.0,5955
GMFBS,2026-08-21,1180.0,1159.0,476
HPPL,2026-08-21,370.0,380.0,115323
HLI,2026-08-21,321.0,314.0,27356
DHEL,2026-08-21,585.0,579.0,15456
IHL,2026-08-21,326.0,325.0,3066
UMHL,2026-08-21,560.0,579.9,65205
JOSHI,2026-08-21,265.0,263.0,27734
KBLD90,2026-08-21,1341.8,1341.8,75
IGI,2026-08-21,422.4,420.0,8518
MHCL,2026-08-21,302.0,298.3,2295
MEL,2026-08-21,202.6,204.0,7910
HDHPC,2026-08-21,209.0,207.8,66065
LSL,2026-08-21,220.0,220.0,50702
EBL,2026-08-21,736.5,737.0,22824
KDBY,2026-08-21,9.98,9.97,106530
KMCDB,2026-08-21,766.1,774.0,2114
PCBL,2026-08-21,240.0,241.0,42617
SHEL,2026-08-21,302.0,300.0,61465
HDL,2026-08-21,1178.0,1172.5,10688
MMKJL,2026-08-21,439.0,436.3,1110
GBBD85,2026-08-21,1077.8,1077.8,50
SKHEL,2026-08-21,940.0,910.0,5616
CBBL,2026-08-21,940.0,939.5,12260
GSY,2026-08-21,9.18,9.35,3100
MKJC,2026-08-21,435.0,424.1,5526
LBBL,2026-08-21,481.0,475.1,26089
ACLBSL,2026-08-21,892.0,911.0,803
TRH,2026-08-21,805.0,812.1,6074
GHL,2026-08-21,231.1,231.0,123745
LVF2,2026-08-21,9.3,9.08,420
MBLEF,2026-08-21,9.51,9.53,500
HLICF,2026-08-21,8.0,8.55,2050
KSY,2026-08-21,8.89,9.16,3785
MHNL,2026-08-21,246.0,244.0,19873
YMHL,2026-08-21,616.0,614.5,22153
NYADI,2026-08-21,356.2,356.0,3564
BGWT,2026-08-21,510.1,520.4,1919
MEHL,2026-08-21,250.0,244.0,167370
JFL,2026-08-21,380.0,380.0,3187
ILI,2026-08-21,409.3,413.3,4845
HEI,2026-08-21,524.1,527.0,7521
MKHC,2026-08-21,262.0,259.0,29006
MEPDL,2026-08-21,837.4,774.0,130560
HHL,2026-08-21,325.5,334.8,23293
MABEL,2026-08-21,637.8,594.0,3631
CLI,2026-08-21,462.0,430.0,16441
ICFCD88,2026-08-21,1110.1,1110.0,50
CFCL,2026-08-21,593.2,599.0,48090
BJHL,2026-08-21,709.5,720.0,22624
BHCL,2026-08-21,540.0,541.0,78538
NABIL,2026-08-21,550.0,545.0,38251
MBL,2026-08-21,252.9,250.0,29083
CORBL,2026-08-21,995.0,972.0,20893
DORDI,2026-08-21,255.0,246.7,20788
GIBF1,2026-08-21,10.69,10.9,600
GBBL,2026-08-21,423.0,421.8,33850
AKJCL,2026-08-21,355.9,348.9,303459
BNHC,2026-08-21,279.8,278.6,13953
SLCF,2026-08-21,9.46,9.5,200
MHL,2026-08-21,465.0,459.0,5507
PHCL,2026-08-21,303.0,306.9,117073
HLBSL,2026-08-21,856.0,870.0,634
NMB50,2026-08-21,9.9,9.86,66820
LLBS,2026-08-21,857.0,877.0,174
KKHC,2026-08-21,278.0,269.9,179537
CGH,2026-08-21,771.5,772.3,16231
BNL,2026-08-21,14500.0,14900.0,20
SLBBL,2026-08-21,790.5,798.0,3073
MSLB,2026-08-21,1235.0,1234.0,176
HBL,2026-08-21,192.0,191.4,59408
DLBS,2026-08-21,1081.0,1027.0,2990
MATRI,2026-08-21,788.0,788.0,524
GUFLPO,2026-08-21,298.0,298.0,3968
HIDCLP,2026-08-21,187.0,184.5,47435
NICGF2,2026-08-21,9.0,9.0,1500
ALICL,2026-08-21,418.1,415.2,8641
BARUN,2026-08-21,320.0,320.1,38157
GLBSL,2026-08-21,1710.0,1730.0,283
SIGS3,2026-08-21,11.0,11.0,372573
RAWA,2026-08-21,426.9,418.4,11573
NBF3,2026-08-21,9.5,9.67,14800
NMBHF2,2026-08-21,9.85,9.91,36510
APHL,2026-08-21,760.0,738.0,8515
GRDBL,2026-08-21,980.0,970.0,12904
SPDL,2026-08-21,365.0,361.0,38965
C30MF,2026-08-21,9.87,9.87,100
GCIL,2026-08-21,340.4,340.5,6378
NADEP,2026-08-21,715.0,710.9,1762
NIBLSTF,2026-08-21,8.5,8.33,4737
PMHPL,2026-08-21,312.9,345.9,14186
JBLB,2026-08-21,1260.0,1256.1,4817
GVL,2026-08-21,482.0,483.0,23230
GMFIL,2026-08-21,443.3,440.8,3422
BANDIPUR,2026-08-21,682.0,676.9,22401
MMF1,2026-08-21,8.8,8.95,5020
BNT,2026-08-21,11700.0,11750.0,50
GBIMESY2,2026-08-21,8.89,8.96,1200
BEDC,2026-08-21,307.2,308.0,16674
CREST,2026-08-21,1120.0,1140.0,4635
ANLB,2026-08-21,5000.0,5140.0,791
HBLD86,2026-08-21,1220.0,1170.0,4
RADHI,2026-08-21,705.0,715.4,29312
CCBD88,2026-08-21,1200.5,1200.5,25
NLIC,2026-08-21,717.0,717.0,22723
ADBLD83,2026-08-21,1039.0,1039.0,19
HEIP,2026-08-21,322.0,329.8,7986
GLH,2026-08-21,258.8,252.3,38536
MDB,2026-08-21,566.5,567.0,9102
MSHL,2026-08-21,604.0,575.0,730
MLBSL,2026-08-21,1210.0,1184.2,1255
MAKAR,2026-08-21,416.5,416.5,12516
BUNGAL,2026-08-21,600.0,584.0,16715
KHPL,2026-08-21,795.0,773.0,5444
BHL,2026-08-21,209.0,207.0,53988
BHDC,2026-08-21,434.0,425.0,16556
SBD87,2026-08-21,1085.0,1085.0,25
DOLTI,2026-08-21,311.9,306.1,19104
GUFL,2026-08-21,540.0,520.0,36430
BBC,2026-08-21,4022.0,4100.0,538
NESDO,2026-08-21,1385.0,1395.0,382
CITY,2026-08-21,357.0,359.0,62667
API,2026-08-21,335.0,335.0,127525
CHL,2026-08-21,272.0,266.0,16060
EHPL,2026-08-21,349.6,321.2,12112
ENL,2026-08-21,824.6,820.0,345
ALBSL,2026-08-21,1067.0,1079.0,4049
CHCL,2026-08-21,483.0,484.4,23326
BHPL,2026-08-21,475.5,478.0,6701
HRL,2026-08-21,570.0,565.0,33333
SHLB,2026-08-21,1385.0,1397.0,139
KDL,2026-08-21,764.0,763.3,1365
CIT,2026-08-21,1691.0,1695.0,4864
KBL,2026-08-21,215.0,215.4,112416
ICFCD89,2026-08-21,1090.0,1100.0,180
SYPNL,2026-08-21,1206.5,1260.0,20283
STC,2026-08-21,5190.6,5184.0,1348
SMJC,2026-08-21,428.1,437.0,15290
UHEWA,2026-08-21,601.0,607.3,85655
SHL,2026-08-21,505.0,500.2,19907
NICA,2026-08-21,312.9,314.0,53856
USHL,2026-08-21,509.2,538.9,829
SOPL,2026-08-21,776.0,769.4,29006
RSML,2026-08-21,2849.0,2775.0,94674
BFC,2026-08-21,482.0,474.0,16843
NABBC,2026-08-21,805.0,786.9,16510
MLBL,2026-08-21,350.0,350.0,8792
HFIN,2026-08-21,640.3,662.0,34171
NICBF,2026-08-21,9.91,9.3,1840
SALICO,2026-08-21,583.0,584.0,11314
SPC,2026-08-21,411.0,414.0,5713
VLBS,2026-08-21,640.1,649.7,3485
ICFC,2026-08-21,600.0,596.0,6122
MKCL,2026-08-21,948.0,920.0,6399
CHDC,2026-08-21,2204.0,2240.0,10637
NICSF,2026-08-21,9.0,8.77,21660
SBLD89,2026-08-21,1285.0,1293.5,50
PSF,2026-08-21,11.9,11.9,16500
EDBL,2026-08-21,580.0,577.0,1987
RSY,2026-08-21,10.25,10.65,14400
SMB,2026-08-21,1755.0,1760.0,502
WNLB,2026-08-21,1280.1,1280.0,241
AKPL,2026-08-21,250.0,249.0,51718
ADBL,2026-08-21,300.1,301.0,31051
SIKLES,2026-08-21,564.1,568.0,17792
GBLBS,2026-08-21,685.1,671.0,7437
NBL,2026-08-21,277.0,276.8,138444
MBJC,2026-08-21,262.0,267.4,58254
SANVI,2026-08-21,586.0,573.0,14119
SEF,2026-08-21,9.28,9.51,61015
RBCL,2026-08-21,13660.0,14069.8,20
SAGF,2026-08-21,9.99,9.99,100
NIMBPO,2026-08-21,137.3,137.5,960
UPCL,2026-08-21,347.0,341.1,35483
DHPL,2026-08-21,281.2,280.0,7883
SEF2,2026-08-21,9.02,9.01,13922
MANDU,2026-08-21,765.0,763.9,4328
NRN,2026-08-21,1370.0,1375.0,65821
SAPDBL,2026-08-21,680.0,699.0,40340
RURU,2026-08-21,601.0,600.0,4784
LEC,2026-08-21,220.4,217.3,197561
MFIL,2026-08-21,740.0,746.9,19708
UNLB,2026-08-21,1226.0,1259.9,20
SONA,2026-08-21,399.1,398.0,21349
FMDBL,2026-08-21,780.0,758.0,17445
GBIME,2026-08-21,247.5,246.2,162508
PRIN,2026-08-21,665.0,650.0,4800
USLB,2026-08-21,1065.0,1085.0,162
SSHL,2026-08-21,200.0,198.0,77267
SIPD,2026-08-21,647.0,648.0,6048
SHPC,2026-08-21,520.0,527.2,348089
VLUCL,2026-08-21,404.9,397.0,5139
ULHC,2026-08-21,333.0,330.1,19338
NSY,2026-08-21,8.86,9.52,1900
KSBBLD87,2026-08-21,1095.1,1112.2,55
UMRH,2026-08-21,523.0,527.0,1618
NMB,2026-08-21,239.0,240.8,52872
SKHL,2026-08-21,820.0,811.7,20938
NLICL,2026-08-21,563.0,562.0,14932
SBCF,2026-08-21,9.6,9.6,200
SRLI,2026-08-21,366.0,368.5,9011
SLBSL,2026-08-21,891.0,914.0,571
SINDU,2026-08-21,653.1,640.0,9724
GFCL,2026-08-21,593.0,590.0,4575
SARBTM,2026-08-21,798.0,779.0,5070
SGHL,2026-08-21,534.0,522.0,70674
UAIL,2026-08-21,429.0,425.0,11986
MNMF1,2026-08-21,9.23,9.43,1200
NHDL,2026-08-21,634.0,635.0,3951
UPPER,2026-08-21,192.0,190.2,90573
NTC,2026-08-21,900.0,885.0,8567
SMPDA,2026-08-21,745.0,747.9,1756
SGHC,2026-08-21,302.0,303.0,29756
SPIL,2026-08-21,685.0,678.0,2652
UNHPL,2026-08-21,373.0,367.0,16265
NMLBBL,2026-08-21,491.0,494.5,4327
TPC,2026-08-21,356.0,356.3,9350
TPKHL,2026-08-21,529.2,545.0,35665
H8020,2026-08-21,12.0,12.0,10300
SHINE,2026-08-21,410.0,409.0,7778
SPHL,2026-08-21,515.0,527.9,3907
RBBF40,2026-08-21,8.78,8.91,400
SWASTIK,2026-08-21,1988.0,1951.4,220
NIBD84,2026-08-21,1035.0,1035.0,25
SMFBS,2026-08-21,1426.0,1408.0,1157
SWBBL,2026-08-21,673.0,672.9,8320
NRM,2026-08-21,300.0,295.1,14926
FOWAD,2026-08-21,920.0,918.0,2916
SAHAS,2026-08-21,701.0,695.0,162254
NSIF2,2026-08-21,11.1,11.01,279240
NHPC,2026-08-21,272.0,265.8,200387
NIBSF2,2026-08-21,8.58,8.57,950
CZBIL,2026-08-21,201.5,201.6,40338
SABBL,2026-08-21,929.6,904.0,12820
NIBLGF,2026-08-21,8.28,8.8,25300
AVYAN,2026-08-21,1050.0,1040.0,3703
TSHL,2026-08-21,369.0,357.1,3495
RMF2,2026-08-21,10.1,10.1,1050
NIL,2026-08-21,599.0,592.5,9802
PROFL,2026-08-21,399.0,403.0,3474
GMLI,2026-08-21,974.0,1025.0,2102
TVCL,2026-08-21,460.0,454.1,7766
PBD88,2026-08-21,1175.0,1175.0,25
NUBL,2026-08-21,590.0,587.0,5635
JHAPA,2026-08-21,1037.0,1035.0,4387
MEN,2026-08-21,640.0,626.3,179665
SAPIL,2026-08-21,714.4,797.6,400
NIFRA,2026-08-21,232.0,242.2,38326
NMIC,2026-08-21,888.0,877.0,3415
SIFC,2026-08-21,497.9,497.0,3449
NMBMF,2026-08-21,600.0,600.0,710
RLEL,2026-08-21,925.0,925.9,16181
NIFRAGED,2026-08-21,1010.0,1010.0,25
NLG,2026-08-21,572.0,558.8,6089
SCB,2026-08-21,651.0,650.0,2936
NICFC,2026-08-21,9.25,8.99,1669
SAEF2,2026-08-21,9.01,9.01,5300
DDBL,2026-08-21,845.0,839.5,8277
NWCL,2026-08-21,664.0,644.0,3662
NIMB,2026-08-21,187.0,187.5,68777
OMPL,2026-08-21,901.0,898.0,1669
SMH,2026-08-21,514.0,510.2,5099
JBBL,2026-08-21,333.0,333.9,20618
SJLIC,2026-08-21,410.0,407.0,13659
NFS,2026-08-21,561.0,550.1,6985
RFPL,2026-08-21,340.0,337.0,31953
NMFBS,2026-08-21,1125.0,1117.0,5971
RHPL,2026-08-21,249.0,248.9,20492
RMF1,2026-08-21,9.5,9.5,350
HIDCL,2026-08-21,250.0,249.0,50980
SADBL,2026-08-21,410.0,408.0,10127
SJCL,2026-08-21,263.0,265.5,2271
MLBBL,2026-08-21,1010.1,997.0,2761
SBI,2026-08-21,401.0,402.9,25805
SAGAR,2026-08-21,1568.0,1557.0,3512
PRVU,2026-08-21,187.7,183.0,118235
NICLBSL,2026-08-21,544.0,542.9,7211
PPCL,2026-08-21,340.0,329.1,9805
PRSF,2026-08-21,12.81,12.95,20400
RSY2,2026-08-21,9.0,8.92,4900
SHIVM,2026-08-21,632.0,633.0,50478
SANIMA,2026-08-21,372.8,370.6,31631
ECL,2026-08-21,1430.0,1400.1,12129
RSDC,2026-08-21,621.0,627.0,2516
TAMOR,2026-08-21,485.0,484.7,270640
SWMF,2026-08-21,593.0,604.0,2643
PURE,2026-08-21,795.0,797.0,14570
USHEC,2026-08-21,501.4,505.0,43787
SGIC,2026-08-21,449.0,449.9,6502
SNORL,2026-08-21,890.0,886.0,12290
PMLI,2026-08-21,421.0,422.7,2594
PBLD86,2026-08-21,1102.0,1103.0,1
PPL,2026-08-21,298.3,313.0,17528
SICL,2026-08-21,606.0,607.1,3399
PCBLP,2026-08-21,103.0,103.0,142796
SFMF,2026-08-21,10.2,9.9,3400
PCIL,2026-08-21,620.0,615.0,24622
RLFL,2026-08-21,438.9,435.0,15773
SMATA,2026-08-21,712.0,705.0,1898
NICL,2026-08-21,504.9,488.0,11362
RHGCL,2026-08-21,250.4,268.0,17134
SKBBL,2026-08-21,750.0,751.5,11764
NGPL,2026-08-21,411.9,407.0,114342
SOPL,2026-08-20,775.0,776.0,27619
ACLBSL,2026-08-20,900.0,909.0,562
SMJC,2026-08-20,428.0,428.1,8558
SFMF,2026-08-20,10.2,10.2,21600
DOLTI,2026-08-20,311.0,308.9,20935
RSML,2026-08-20,2685.0,2784.0,110600
NMFBS,2026-08-20,1120.0,1118.0,5949
GVL,2026-08-20,470.0,482.3,14430
MBJC,2026-08-20,262.1,264.0,10282
NLG,2026-08-20,559.8,559.8,5356
NYADI,2026-08-20,360.0,359.0,5237
MKHL,2026-08-20,496.2,494.1,4543
YMHL,2026-08-20,620.0,625.0,16310
KSBBL,2026-08-20,476.0,480.0,19586
CREST,2026-08-20,1145.0,1144.0,6890
IHL,2026-08-20,322.0,326.0,9482
HLI,2026-08-20,315.0,316.0,25393
NMBMF,2026-08-20,600.0,599.8,1330
HFIN,2026-08-20,670.0,674.0,15445
CFCL,2026-08-20,590.0,590.1,47494
SLCF,2026-08-20,10.0,9.7,1100
SSHL,2026-08-20,200.0,200.0,56891
BEDC,2026-08-20,310.0,307.0,17068
IGI,2026-08-20,428.0,422.5,2790
BARUN,2026-08-20,316.0,317.0,17115
ADBL,2026-08-20,300.0,300.1,49169
NCCD86,2026-08-20,1101.2,1102.1,40
HRL,2026-08-20,560.0,570.0,32868
CGH,2026-08-20,769.0,771.0,4394
HLICF,2026-08-20,8.61,8.37,1400
SMATA,2026-08-20,710.0,710.0,3643
MNMF1,2026-08-20,9.38,9.5,31150
SNLI,2026-08-20,404.0,400.4,20441
ALICL,2026-08-20,415.0,419.9,12470
GBBL,2026-08-20,420.5,423.5,43022
KDL,2026-08-20,766.0,764.0,895
ILI,2026-08-20,412.0,415.0,7178
HEI,2026-08-20,523.0,529.0,18340
NBF3,2026-08-20,9.6,9.67,10100
BUNGAL,2026-08-20,627.0,588.0,13603
RSY,2026-08-20,10.3,10.55,10300
GBLBS,2026-08-20,700.0,698.0,1539
CBBL,2026-08-20,939.9,939.0,8287
MHCL,2026-08-20,296.1,303.1,2480
NIBLSTF,2026-08-20,8.31,8.38,6650
ICFCD89,2026-08-20,1090.0,1090.0,60
SPL,2026-08-20,641.0,651.9,1275
AVYAN,2026-08-20,1035.0,1034.0,2612
SBL,2026-08-20,406.3,411.5,106139
MCHL,2026-08-20,275.0,280.0,3530
DHEL,2026-08-20,580.0,585.0,14910
LLBS,2026-08-20,850.0,867.0,497
CHCL,2026-08-20,480.0,483.8,30342
NSIF2,2026-08-20,11.1,11.0,342164
AKPL,2026-08-20,250.0,249.8,32954
HPPL,2026-08-20,378.0,379.3,103853
KBL,2026-08-20,215.0,215.5,127383
JBLB,2026-08-20,1270.0,1264.1,3407
FOWAD,2026-08-20,925.0,915.0,5033
BHPL,2026-08-20,467.1,468.1,2723
EDBL,2026-08-20,590.0,583.8,998
BFC,2026-08-20,488.0,482.0,8180
CHL,2026-08-20,267.0,268.0,15090
SIGS3,2026-08-20,11.1,11.0,179099
SWASTIK,2026-08-20,1946.0,1988.8,1146
MEHL,2026-08-20,259.0,250.0,184863
HIDCLP,2026-08-20,188.0,184.2,93293
OMPL,2026-08-20,885.0,901.9,1781
NABILD2089,2026-08-20,1087.3,1087.3,25
H8020,2026-08-20,11.8,11.8,5785
MKCL,2026-08-20,960.0,960.0,2120
SMB,2026-08-20,1730.0,1759.0,311
HBL,2026-08-20,192.0,191.4,21684
ULHC,2026-08-20,349.6,338.4,10224
ALBSL,2026-08-20,1065.0,1105.0,929
SIPD,2026-08-20,645.1,663.0,5783
UPCL,2026-08-20,340.1,343.0,33262
KEF,2026-08-20,10.67,10.01,74596
CLI,2026-08-20,435.0,440.0,15739
MBL,2026-08-20,248.4,251.0,138300
PCBL,2026-08-20,240.0,240.0,16616
BPCL,2026-08-20,640.0,655.0,18405
CSY,2026-08-20,8.65,8.7,800
JSLBB,2026-08-20,950.0,968.9,78
ICFC,2026-08-20,590.3,597.0,6162
NMLBBL,2026-08-20,499.7,500.0,3977
RLEL,2026-08-20,888.0,925.0,29089
NRM,2026-08-20,301.0,300.1,4865
MLBBL,2026-08-20,1037.0,1030.0,1233
SMPDA,2026-08-20,730.6,749.9,937
GLBSL,2026-08-20,1743.0,1710.0,391
GCIL,2026-08-20,340.0,344.9,7927
RBBF40,2026-08-20,8.83,9.0,7200
SARBTM,2026-08-20,818.8,788.6,3778
UPPER,2026-08-20,201.0,191.0,53394
RMF2,2026-08-20,10.1,10.1,420
MPFL,2026-08-20,610.0,614.0,4737
HIDCL,2026-08-20,252.9,253.8,17179
MEL,2026-08-20,204.1,205.0,24700
SHINED,2026-08-20,1080.1,1095.0,48
HIMSTAR,2026-08-20,671.0,688.7,1570
MHNL,2026-08-20,237.0,244.6,10655
GSY,2026-08-20,9.06,9.32,23100
NICLBSL,2026-08-20,546.9,543.5,3698
AKJCL,2026-08-20,350.6,355.0,136047
GBIME,2026-08-20,249.0,247.5,103072
MFIL,2026-08-20,745.0,748.8,21688
SJCL,2026-08-20,263.1,264.0,6728
EBLD85,2026-08-20,1141.0,1141.0,10
RFPL,2026-08-20,325.0,337.0,20195
LSH12,2026-08-20,8.95,9.0,2300
GUFL,2026-08-20,532.0,535.0,11894
PMLI,2026-08-20,420.0,425.0,2617
GBILD84/85,2026-08-20,1153.0,1153.0,10
BANDIPUR,2026-08-20,682.0,680.3,13764
RHPL,2026-08-20,251.0,248.4,27841
MKHC,2026-08-20,264.0,260.9,14335
CHDC,2026-08-20,2199.0,2205.9,8465
UMHL,2026-08-20,585.0,582.0,98661
LUK,2026-08-20,10.28,9.74,8100
GBIMESY2,2026-08-20,8.89,9.1,400
RURU,2026-08-20,600.0,603.0,8453
MABEL,2026-08-20,610.0,607.5,4376
SBID83,2026-08-20,1059.9,1060.0,100
SAIL,2026-08-20,1010.0,1046.0,24081
CZBIL,2026-08-20,198.2,201.7,25254
SLBBL,2026-08-20,786.5,800.0,1513
MLBL,2026-08-20,347.0,349.0,7294
LBBL,2026-08-20,480.0,480.0,25054
CIT,2026-08-20,1692.1,1695.0,2720
ICFCD83,2026-08-20,983.3,934.2,1
NIFRA,2026-08-20,242.1,244.0,37783
KBSH,2026-08-20,950.0,938.5,10051
MEN,2026-08-20,626.0,639.0,215289
SJLIC,2026-08-20,407.0,410.0,13730
SIFC,2026-08-20,495.0,497.9,3281
MSLB,2026-08-20,1218.3,1237.9,520
BHL,2026-08-20,210.0,208.0,45117
KPCL,2026-08-20,458.0,466.0,3577
ECL,2026-08-20,1400.0,1452.0,12723
BBC,2026-08-20,4250.0,4130.0,372
NADEP,2026-08-20,696.4,709.0,575
RIDI,2026-08-20,365.0,364.8,258955
MLBS,2026-08-20,1050.0,1050.0,246
MATRI,2026-08-20,790.1,805.0,328
ILBS,2026-08-20,860.0,860.0,1619
RMF1,2026-08-20,9.85,9.57,13700
NABBC,2026-08-20,802.1,804.1,8932
HDHPC,2026-08-20,210.0,209.0,49580
DDBL,2026-08-20,832.1,849.9,8432
LVF2,2026-08-20,9.57,9.58,200
EBLD86,2026-08-20,1070.0,1070.0,25
BJHL,2026-08-20,710.0,724.0,17571
CITY,2026-08-20,377.8,357.0,61854
EBL,2026-08-20,731.0,734.9,47132
KDBY,2026-08-20,10.5,9.97,12520
MMF1,2026-08-20,8.7,8.96,8784
SKBBL,2026-08-20,755.0,750.0,8931
C30MF,2026-08-20,10.0,10.0,4200
NICSF,2026-08-20,8.4,8.85,2050
AHPC,2026-08-20,259.0,260.5,83023
MANDU,2026-08-20,814.7,840.0,17075
EHPL,2026-08-20,340.0,333.0,10364
BHCL,2026-08-20,552.0,559.9,55660
MLBSL,2026-08-20,1220.0,1219.9,1440
KKHC,2026-08-20,287.7,278.8,255787
ANLB,2026-08-20,5050.0,5138.0,1420
BHDC,2026-08-20,426.0,434.0,8167
SINDU,2026-08-20,679.9,660.0,8300
CIZBD90,2026-08-20,1230.0,1225.0,50
SHPC,2026-08-20,490.1,514.0,156670
MDB,2026-08-20,570.0,566.2,15393
NIMB,2026-08-20,188.0,187.5,85941
MBLEF,2026-08-20,9.51,9.57,500
EBLD91,2026-08-20,1080.0,1100.0,175
MFLD85,2026-08-20,1085.0,1085.0,100
PRSF,2026-08-20,12.75,12.9,5980
SHIVM,2026-08-20,632.0,631.0,28823
SEF,2026-08-20,9.4,9.3,76895
NUBL,2026-08-20,595.0,590.0,3064
DLBS,2026-08-20,1125.0,1084.0,531
NTC,2026-08-20,888.1,898.5,30738
SADBL,2026-08-20,405.0,405.0,11179
NFS,2026-08-20,565.0,555.0,6697
NIMBPO,2026-08-20,144.1,141.0,42
RBBD83,2026-08-20,1010.3,1010.3,25
BNHC,2026-08-20,280.0,279.8,11074
ENL,2026-08-20,798.0,818.5,40
DORDI,2026-08-20,248.0,249.0,10476
PBLD84,2026-08-20,1065.1,1065.1,25
NIBSF2,2026-08-20,8.79,8.58,15300
STC,2026-08-20,5106.1,5200.0,1097
USHL,2026-08-20,529.5,535.9,3065
MMKJL,2026-08-20,438.1,439.0,4919
NMIC,2026-08-20,870.4,888.0,860
SBLD89,2026-08-20,1293.0,1280.1,85
NWCL,2026-08-20,658.0,646.5,5613
RBCL,2026-08-20,14000.0,13815.0,20
PSF,2026-08-20,11.81,11.87,10546
NICBF,2026-08-20,9.67,9.64,1615
PRIN,2026-08-20,649.0,652.0,5322
UNHPL,2026-08-20,372.9,372.0,16180
JHAPA,2026-08-20,1045.0,1040.0,5328
GFCL,2026-08-20,591.5,593.8,2429
SEF2,2026-08-20,9.02,9.03,4900
SNORL,2026-08-20,900.0,909.0,7387
JFL,2026-08-20,385.0,381.0,2855
HHL,2026-08-20,332.0,329.1,8910
RHGCL,2026-08-20,250.4,254.0,6713
AHL,2026-08-20,395.0,401.0,1091
KAHL,2026-08-20,540.0,540.0,22715
SANVI,2026-08-20,580.0,588.9,5230
NMB50,2026-08-20,9.76,10.02,34360
MKJC,2026-08-20,433.0,432.2,6109
NLICL,2026-08-20,560.09,563.0,14317
UAIL,2026-08-20,421.2,429.0,8731
NICAD2091,2026-08-20,1050.0,1050.0,25
DHPL,2026-08-20,284.0,283.0,624
USHEC,2026-08-20,495.6,511.0,19508
SKHL,2026-08-20,767.6,817.0,16944
CKHL,2026-08-20,580.0,588.0,120
SWMF,2026-08-20,601.0,607.9,2678
GIBF1,2026-08-20,10.8,10.9,1100
GHL,2026-08-20,234.9,234.9,70682
LICN,2026-08-20,770.0,769.0,7404
NMB,2026-08-20,239.9,240.0,38559
SPDL,2026-08-20,360.2,365.0,23274
RSDC,2026-08-20,621.0,626.7,903
SPHL,2026-08-20,500.0,530.9,10386
API,2026-08-20,331.0,335.4,139127
NBF2,2026-08-20,9.55,9.85,6320
SGIC,2026-08-20,445.1,450.9,4132
SMH,2026-08-20,502.2,514.0,15544
LSL,2026-08-20,218.0,219.3,69495
SBI,2026-08-20,393.0,404.9,12579
NABIL,2026-08-20,550.0,548.5,27241
SDBD87,2026-08-20,1121.0,1105.0,52
ADBLB87,2026-08-20,1012.0,1015.0,500000
RLFL,2026-08-20,433.1,436.0,11299
UMRH,2026-08-20,519.2,530.0,5998
HEIP,2026-08-20,322.0,322.0,354
SCB,2026-08-20,654.0,650.0,5957
TPKHL,2026-08-20,534.8,556.0,22973
RAWA,2026-08-20,421.0,421.0,7135
SHINE,2026-08-20,412.0,411.6,2231
SGHL,2026-08-20,537.0,534.0,58434
SGHC,2026-08-20,305.0,299.7,57288
JBBL,2026-08-20,334.2,334.0,17330
NRIC,2026-08-20,900.2,906.0,16137
MNBBL,2026-08-20,361.0,360.0,35952
VLUCL,2026-08-20,399.0,393.2,3010
CYCL,2026-08-20,1425.0,1455.0,7870
SLBSL,2026-08-20,930.0,918.0,1684
OHL,2026-08-20,654.0,652.0,766
NMBHF2,2026-08-20,9.7,9.9,29640
UHEWA,2026-08-20,601.0,620.0,143161
NRN,2026-08-20,1393.0,1390.0,27952
CCBD88,2026-08-20,1220.0,1220.0,17
USLB,2026-08-20,1100.0,1094.0,1857
SAHAS,2026-08-20,705.0,709.0,236924
RNLI,2026-08-20,422.1,428.9,10189
HATHY,2026-08-20,606.0,581.0,22871
GMFBS,2026-08-20,1150.0,1165.0,24
PROFL,2026-08-20,406.0,409.9,3180
TVCL,2026-08-20,460.0,465.0,15545
RSY2,2026-08-20,8.9,8.98,11000
UNLB,2026-08-20,1274.9,1261.9,1454
SONA,2026-08-20,400.0,399.1,24184
ULBSL,2026-08-20,2554.0,2548.0,3136
TAMOR,2026-08-20,462.0,481.8,314336
RADHI,2026-08-20,707.0,718.0,83477
NIL,2026-08-20,602.0,598.3,6055
LEC,2026-08-20,219.0,221.7,102327
NGPL,2026-08-20,406.5,412.0,170242
SAPDBL,2026-08-20,740.0,713.9,36671
SMFBS,2026-08-20,1477.0,1422.0,384
NHPC,2026-08-20,265.4,272.0,193614
NIBLGF,2026-08-20,8.64,8.48,1500
VLBS,2026-08-20,652.0,650.0,2603
SKHEL,2026-08-20,932.0,960.0,971
KMCDB,2026-08-20,790.0,780.0,321
WNLB,2026-08-20,1300.0,1301.0,109
PPCL,2026-08-20,333.0,335.0,7340
KHPL,2026-08-20,772.1,785.0,4591
NICFC,2026-08-20,8.75,9.25,4801
MSHL,2026-08-20,600.0,587.0,689
MAKAR,2026-08-20,400.0,420.0,39703
MERO,2026-08-20,648.0,641.5,4620
FMDBL,2026-08-20,771.8,768.9,8680
SAGF,2026-08-20,9.99,9.99,100
PCIL,2026-08-20,620.0,622.9,25154
BNT,2026-08-20,11666.0,11750.0,20
PURE,2026-08-20,800.0,807.0,7110
SABBL,2026-08-20,930.0,930.0,11404
GLH,2026-08-20,250.1,255.0,24874
APHL,2026-08-20,743.3,750.0,6043
SHL,2026-08-20,499.0,498.0,19847
SWBBL,2026-08-20,670.0,672.4,4896
SAGAR,2026-08-20,1580.1,1568.1,4434
HDL,2026-08-20,1184.0,1177.0,11771
SAPIL,2026-08-20,621.2,693.6,180
MHL,2026-08-20,458.2,468.0,1598
GMFIL,2026-08-20,441.5,440.0,12318
MEPDL,2026-08-20,728.2,797.6,28980
SRLI,2026-08-20,369.0,367.1,7112
HURJA,2026-08-20,233.3,237.9,18279
NBLD82,2026-08-20,1051.1,1051.1,100
TSHL,2026-08-20,365.0,364.7,1367
SYPNL,2026-08-20,1207.5,1270.0,26575
SPC,2026-08-20,414.0,416.6,4467
CORBL,2026-08-20,1028.0,994.0,31498
NICL,2026-08-20,495.0,491.1,11067
SOHL,2026-08-20,682.1,699.0,333263
SAEF2,2026-08-20,9.02,9.04,3950
BGWT,2026-08-20,515.5,520.0,7990
HLBSL,2026-08-20,875.0,874.0,1291
TTL,2026-08-20,704.0,710.0,5078
PMHPL,2026-08-20,304.0,303.8,9764
PRVU,2026-08-20,182.0,183.0,92882
NLIC,2026-08-20,720.0,717.0,32677
GILB,2026-08-20,1129.0,1100.0,1763
SPIL,2026-08-20,714.0,685.0,4999
SBCF,2026-08-20,9.6,9.6,2450
SIKLES,2026-08-20,553.0,567.0,18583
JOSHI,2026-08-20,270.0,267.7,41056
SHLB,2026-08-20,1383.0,1384.0,69
PHCL,2026-08-20,298.2,303.0,94316
SIGS2,2026-08-20,10.53,10.51,14010
SMHL,2026-08-20,502.0,522.9,314263
SICL,2026-08-20,610.0,606.1,3507
SALICO,2026-08-20,589.0,583.0,2444
KSY,2026-08-20,9.16,9.16,2180
NICGF2,2026-08-20,9.0,9.0,500
TRH,2026-08-20,800.0,815.0,7205
PPL,2026-08-20,299.3,314.0,18393
NBL,2026-08-20,275.0,277.0,207413
SHEL,2026-08-20,295.0,302.0,52751
NHDL,2026-08-20,639.0,635.3,1457
NICA,2026-08-20,308.0,313.6,64478
TPC,2026-08-20,360.0,359.0,9830
NESDO,2026-08-20,1411.9,1395.0,315
GRDBL,2026-08-20,1000.0,979.5,21674
NSY,2026-08-20,9.03,9.1,1416
SANIMA,2026-08-20,368.9,371.0,67237
GMLI,2026-08-20,1026.0,1025.1,1101
NICLBSL,2026-08-19,540.1,546.9,5413
DORDI,2026-08-19,245.6,248.0,16593
PBLD84,2026-08-19,1070.0,1070.0,255
NHDL,2026-08-19,625.5,635.0,1301
SNLI,2026-08-19,387.6,404.1,9407
SBI,2026-08-19,386.7,401.0,12380
SGIC,2026-08-19,444.1,449.4,4594
NMBHF2,2026-08-19,9.61,9.89,616880
NWCL,2026-08-19,670.0,672.0,1250
NADEP,2026-08-19,705.0,704.0,869
SJLIC,2026-08-19,407.0,407.0,8478
SARBTM,2026-08-19,802.9,779.9,15526
LBBL,2026-08-19,477.0,480.0,15713
SPL,2026-08-19,633.2,659.0,1360
MPFL,2026-08-19,614.0,615.0,11927
MNBBL,2026-08-19,361.9,361.0,33448
SKHL,2026-08-19,871.5,808.0,20773
SSHL,2026-08-19,200.1,200.8,36822
EBL,2026-08-19,730.0,730.0,23601
MDB,2026-08-19,568.0,570.5,3916
HBL,2026-08-19,196.0,191.5,24983
KSY,2026-08-19,9.16,9.17,300
EBLD85,2026-08-19,1100.1,1108.0,7
MBL,2026-08-19,249.0,248.4,50466
SFMF,2026-08-19,10.1,10.3,13500
CKHL,2026-08-19,582.0,595.0,130
VLBS,2026-08-19,644.1,655.1,1244
HIMSTAR,2026-08-19,680.1,686.4,2640
SPC,2026-08-19,401.0,417.0,5275
MLBS,2026-08-19,1050.0,1080.0,671
ECL,2026-08-19,1397.0,1436.0,11764
GCIL,2026-08-19,339.8,342.0,3060
CBBL,2026-08-19,934.0,935.0,15799
BANDIPUR,2026-08-19,686.0,682.1,14248
DLBS,2026-08-19,1154.0,1098.5,624
JBLB,2026-08-19,1275.0,1273.2,3319
HLI,2026-08-19,315.0,315.0,16202
KDBY,2026-08-19,11.1,11.05,83390
GUFL,2026-08-19,534.0,536.0,8115
BEDC,2026-08-19,329.0,311.9,9325
JFL,2026-08-19,381.0,381.7,1949
GBIME,2026-08-19,252.0,247.9,94358
RIDI,2026-08-19,357.0,361.3,234646
BHPL,2026-08-19,456.0,477.4,7699
SAPIL,2026-08-19,537.7,603.2,190
MABEL,2026-08-19,638.0,604.0,6437
MKHL,2026-08-19,489.0,496.1,1521
BHL,2026-08-19,208.0,209.0,36974
KPCL,2026-08-19,460.0,461.0,2718
MFIL,2026-08-19,760.0,747.9,20616
SMATA,2026-08-19,711.0,710.0,2851
SINDU,2026-08-19,706.8,672.1,8256
RBCL,2026-08-19,14010.0,14049.9,180
SWMF,2026-08-19,600.1,603.8,7552
NSIF2,2026-08-19,10.97,11.0,102795
HRL,2026-08-19,575.0,574.8,28865
SALICO,2026-08-19,582.5,591.5,4381
KBL,2026-08-19,213.0,214.1,149187
MKJC,2026-08-19,419.9,440.0,1009
TVCL,2026-08-19,463.0,472.0,8258
JOSHI,2026-08-19,259.4,273.0,12225
NLIC,2026-08-19,722.0,718.9,30984
SAGAR,2026-08-19,1491.5,1580.0,3732
NGPL,2026-08-19,412.0,407.0,129970
MCHL,2026-08-19,277.0,282.0,5961
RHPL,2026-08-19,251.0,251.7,8864
NIMBPO,2026-08-19,141.0,140.0,6511
ALICL,2026-08-19,419.9,415.0,12451
SKHEL,2026-08-19,950.0,950.0,2527
CGH,2026-08-19,773.0,770.0,6679
BPCL,2026-08-19,640.0,641.0,4318
HEI,2026-08-19,529.0,529.0,412
NFS,2026-08-19,560.0,556.6,3714
HLICF,2026-08-19,8.44,8.61,2300
MERO,2026-08-19,645.2,646.0,2309
NIL,2026-08-19,599.0,602.0,5556
ILI,2026-08-19,415.0,413.0,3462
LLBS,2026-08-19,895.0,862.1,2220
MAKAR,2026-08-19,406.0,406.9,19213
RADHI,2026-08-19,712.0,708.0,45501
JBBL,2026-08-19,334.0,334.2,15663
HPPL,2026-08-19,373.0,383.0,90182
NICSF,2026-08-19,8.3,8.3,1600
RLEL,2026-08-19,920.0,888.9,8109
PMHPL,2026-08-19,305.0,307.0,7696
SANIMA,2026-08-19,369.0,370.1,87639
NABILD2089,2026-08-19,1087.3,1087.3,100
CCBD88,2026-08-19,1190.0,1190.0,25
LSH12,2026-08-19,9.1,8.95,2700
GLBSL,2026-08-19,1710.0,1742.0,906
ICFC,2026-08-19,591.0,593.0,5204
SICL,2026-08-19,605.1,609.0,6906
IGI,2026-08-19,420.0,425.0,5470
MHCL,2026-08-19,300.5,303.2,4832
MBLEF,2026-08-19,9.7,9.7,2750
SMJC,2026-08-19,435.0,430.9,8778
BUNGAL,2026-08-19,581.0,598.0,20116
GHL,2026-08-19,247.3,239.0,218759
ANLB,2026-08-19,5100.0,5100.0,1800
CZBIL,2026-08-19,198.1,199.0,47556
PPL,2026-08-19,301.2,315.0,16689
KKHC,2026-08-19,284.1,296.5,309415
MLBSL,2026-08-19,1220.0,1218.0,2428
HIDCL,2026-08-19,263.1,251.0,27953
SHL,2026-08-19,498.0,498.0,24850
CYCL,2026-08-19,1415.5,1500.0,11379
SKBBL,2026-08-19,760.0,748.0,17757
APHL,2026-08-19,750.4,753.0,6427
MHL,2026-08-19,462.0,465.0,3234
IHL,2026-08-19,328.0,323.5,9623
GMLI,2026-08-19,1050.0,1056.0,1430
ILBS,2026-08-19,850.0,860.0,2090
MSHL,2026-08-19,587.0,583.0,56
BARUN,2026-08-19,323.9,316.8,16923
MEHL,2026-08-19,269.0,259.0,489292
NSY,2026-08-19,9.0,9.3,3400
NRIC,2026-08-19,905.0,911.0,15465
CHDC,2026-08-19,2179.3,2182.0,9140
PRIN,2026-08-19,652.2,656.0,2403
KBSH,2026-08-19,920.0,937.0,7989
CSY,2026-08-19,8.51,8.65,4150
GVL,2026-08-19,470.0,472.0,8462
ADBLD83,2026-08-19,1041.0,1039.0,100
MMF1,2026-08-19,8.64,8.67,8240
SAPDBL,2026-08-19,700.0,743.0,35089
SLBBL,2026-08-19,790.1,805.0,861
KSBBL,2026-08-19,476.9,479.0,10045
KAHL,2026-08-19,544.0,550.0,25463
HDL,2026-08-19,1185.0,1178.2,17260
MNMF1,2026-08-19,9.45,9.65,39850
BJHL,2026-08-19,697.1,720.0,12715
STC,2026-08-19,5250.0,5200.0,168
GRDBL,2026-08-19,1030.0,1014.0,9113
HFIN,2026-08-19,680.0,679.1,13819
CHL,2026-08-19,260.1,262.5,7682
CIT,2026-08-19,1705.0,1700.0,4292
DDBL,2026-08-19,840.0,842.9,8026
TAMOR,2026-08-19,455.0,459.5,79851
RAWA,2026-08-19,420.0,422.5,9202
GBBL,2026-08-19,420.0,423.0,27929
MANDU,2026-08-19,817.4,801.0,3375
SIKLES,2026-08-19,553.1,554.9,4222
MEN,2026-08-19,650.5,626.9,91146
EDBL,2026-08-19,584.5,584.0,10238
GBIMESY2,2026-08-19,8.94,8.95,600
LEC,2026-08-19,211.9,220.9,239048
SCB,2026-08-19,661.0,650.0,6223
NIMB,2026-08-19,187.0,188.0,93306
LVF2,2026-08-19,9.38,9.86,3400
MEPDL,2026-08-19,633.0,693.6,2880
MLBL,2026-08-19,345.4,348.0,7870
BNHC,2026-08-19,266.0,280.0,5917
NRN,2026-08-19,1371.0,1379.0,30721
NABIL,2026-08-19,556.0,548.0,95755
NMBMF,2026-08-19,595.5,590.0,1250
MHNL,2026-08-19,236.6,242.4,11085
DHEL,2026-08-19,592.0,584.0,11574
ALBSL,2026-08-19,1065.0,1099.8,9558
MLBBL,2026-08-19,1030.0,1029.9,1789
GMFBS,2026-08-19,1160.0,1170.0,298
ICFCD89,2026-08-19,1085.0,1085.0,20
GMFIL,2026-08-19,446.1,448.9,5122
NBL,2026-08-19,275.0,275.0,163307
BBC,2026-08-19,4103.0,4140.0,79
HATHY,2026-08-19,618.5,603.2,22168
SANVI,2026-08-19,592.0,590.0,4022
HHL,2026-08-19,329.2,332.0,12993
BHDC,2026-08-19,425.0,426.7,16062
MATRI,2026-08-19,795.0,802.0,316
BHCL,2026-08-19,560.0,568.0,122319
WNLB,2026-08-19,1300.0,1325.0,157
MMKJL,2026-08-19,455.0,443.0,2685
JSLBB,2026-08-19,941.0,960.0,111
NABBC,2026-08-19,805.0,804.3,4919
SBL,2026-08-19,407.0,408.2,55032
UNL,2026-08-19,46600.0,46600.0,10
SBCF,2026-08-19,9.7,9.63,2900
SHEL,2026-08-19,298.2,298.0,100380
RSY,2026-08-19,10.42,10.52,254400
ADBL,2026-08-19,302.0,300.9,25174
AKPL,2026-08-19,246.0,249.0,30765
PURE,2026-08-19,805.2,814.8,8313
UHEWA,2026-08-19,577.6,610.0,34954
SABBL,2026-08-19,900.0,940.0,11997
SMH,2026-08-19,505.0,502.2,4138
PRSF,2026-08-19,12.9,12.91,2538
FOWAD,2026-08-19,921.0,926.0,1122
USHL,2026-08-19,535.0,540.0,948
SHLB,2026-08-19,1360.0,1415.0,110
RSDC,2026-08-19,630.0,628.3,2279
SAGF,2026-08-19,10.0,9.98,10100
CREST,2026-08-19,1155.0,1152.9,7972
SLBSL,2026-08-19,892.2,907.0,1025
GBBD85,2026-08-19,1064.0,1064.0,25
OMPL,2026-08-19,880.0,900.0,1482
NIBSF2,2026-08-19,8.79,8.8,950
NTC,2026-08-19,871.0,888.0,6849
ULBSL,2026-08-19,2546.6,2628.0,739
SEF,2026-08-19,9.75,9.34,72500
GILB,2026-08-19,1100.0,1096.3,3609
RURU,2026-08-19,603.0,600.0,11931
TPC,2026-08-19,359.0,358.5,6105
NIBLSTF,2026-08-19,8.38,8.41,1500
SWASTIK,2026-08-19,1952.0,1988.9,670
USHEC,2026-08-19,495.2,502.0,14971
TRH,2026-08-19,808.0,802.0,970
TPKHL,2026-08-19,533.5,562.0,25681
EHPL,2026-08-19,351.6,335.0,18402
AHPC,2026-08-19,258.2,260.0,58501
EBLD91,2026-08-19,1133.0,1100.0,123
AHL,2026-08-19,387.6,400.0,2678
NMB,2026-08-19,239.0,238.7,42441
RMF1,2026-08-19,9.52,10.0,1800
NMIC,2026-08-19,872.3,882.0,780
NMFBS,2026-08-19,1120.0,1120.0,688
SFEF,2026-08-19,9.8,9.8,100
SBLD2091,2026-08-19,1080.0,1080.0,300
NICA,2026-08-19,316.0,315.7,64786
SADBL,2026-08-19,400.3,404.0,10013
SIGS3,2026-08-19,10.99,11.0,207987
OHL,2026-08-19,647.2,653.9,462
ICFCD83,2026-08-19,1035.0,983.3,1
NCCD86,2026-08-19,1096.9,1096.9,10
NICGF2,2026-08-19,9.0,8.97,1000
NICAD85/86,2026-08-19,1140.0,1140.0,15
HEIP,2026-08-19,340.0,320.5,1260
RSML,2026-08-19,2705.0,2710.0,57723
HURJA,2026-08-19,235.6,235.5,39189
GLH,2026-08-19,245.0,252.7,20506
API,2026-08-19,329.0,330.0,112132
SIPD,2026-08-19,612.5,645.1,28978
AVYAN,2026-08-19,1016.0,1035.0,383
NICFC,2026-08-19,8.83,9.0,1201
SGHL,2026-08-19,530.0,538.9,75638
NHPC,2026-08-19,248.9,263.0,169326
SHINE,2026-08-19,410.5,412.0,12667
LICN,2026-08-19,764.5,774.0,2552
NESDO,2026-08-19,1407.0,1412.0,855
SMFBS,2026-08-19,1423.0,1443.0,493
SGHC,2026-08-19,304.5,298.1,20902
NICBF,2026-08-19,9.21,9.48,500
TTL,2026-08-19,697.0,704.0,5467
NUBL,2026-08-19,595.9,595.0,1883
FMDBL,2026-08-19,723.0,769.8,12640
DOLTI,2026-08-19,314.0,310.0,18323
KHPL,2026-08-19,788.0,785.0,6170
CLI,2026-08-19,438.0,435.0,11805
GFCL,2026-08-19,590.0,591.5,3051
DHPL,2026-08-19,285.0,281.0,2441
UPPER,2026-08-19,190.1,191.5,62354
MEL,2026-08-19,203.0,205.9,21347
UMHL,2026-08-19,590.0,598.8,102112
SHPC,2026-08-19,517.5,494.0,49022
NICL,2026-08-19,509.9,494.8,2352
MKCL,2026-08-19,962.0,975.0,2376
CHCL,2026-08-19,480.0,479.0,7975
MBJC,2026-08-19,260.0,264.0,8272
LUK,2026-08-19,9.9,9.99,400
UMRH,2026-08-19,520.0,530.0,2056
SOPL,2026-08-19,780.0,780.0,19566
RHGCL,2026-08-19,250.1,253.0,11477
JHAPA,2026-08-19,1065.0,1045.0,3586
SMHL,2026-08-19,498.0,502.0,40719
NBF3,2026-08-19,9.58,9.6,9050
PMLI,2026-08-19,407.9,425.0,4414
LSL,2026-08-19,216.5,217.9,56190
SMPDA,2026-08-19,740.0,738.0,1146
SPIL,2026-08-19,681.0,680.0,4772
YMHL,2026-08-19,620.0,634.7,13126
UAIL,2026-08-19,421.2,425.5,8610
BGWT,2026-08-19,503.0,515.0,2590
PHCL,2026-08-19,296.1,299.2,63011
PBLD87,2026-08-19,1070.1,1102.2,50
RBBD2088,2026-08-19,1050.0,1050.0,25
ACLBSL,2026-08-19,898.0,900.0,842
SIFC,2026-08-19,497.0,499.0,7578
PCBL,2026-08-19,240.0,240.5,46783
JBBD87,2026-08-19,1100.1,1100.1,25
PCIL,2026-08-19,616.0,621.0,13207
NMLBBL,2026-08-19,500.0,505.0,4874
SAIL,2026-08-19,1040.5,1029.9,30039
SAHAS,2026-08-19,684.6,701.0,253936
NIBLGF,2026-08-19,8.63,8.89,7680
PRVU,2026-08-19,181.0,182.0,213491
SPHL,2026-08-19,535.0,515.0,3294
KMCDB,2026-08-19,788.7,785.0,2713
HDHPC,2026-08-19,207.5,207.9,61131
SJCL,2026-08-19,263.1,265.0,9118
USLB,2026-08-19,1097.0,1075.0,2652
BFC,2026-08-19,485.0,476.2,22678
RNLI,2026-08-19,426.0,421.4,12683
NMB50,2026-08-19,9.8,9.81,344051
CFCL,2026-08-19,587.0,600.0,40716
CITY,2026-08-19,361.0,359.9,50429
SOHL,2026-08-19,687.8,682.1,247607
C30MF,2026-08-19,10.0,10.0,800
ULHC,2026-08-19,341.0,333.0,18304
HIDCLP,2026-08-19,185.0,185.9,50184
H8020,2026-08-19,11.79,11.79,200
RSY2,2026-08-19,8.9,9.01,11350
GBLBS,2026-08-19,690.0,702.5,1855
PSF,2026-08-19,11.82,11.84,1654
PBD88,2026-08-19,1175.0,1175.0,25
NYADI,2026-08-19,360.1,360.0,1532
RBBF40,2026-08-19,8.97,9.1,12450
NICD83/84,2026-08-19,1003.0,1002.8,2345
UPCL,2026-08-19,349.9,342.2,17262
SPDL,2026-08-19,360.5,366.9,13337
GIBF1,2026-08-19,10.62,10.76,15905
SMB,2026-08-19,1721.0,1737.0,997
UNLB,2026-08-19,1227.0,1249.9,219
SYPNL,2026-08-19,1225.5,1271.0,29613
SONA,2026-08-19,402.0,400.0,20212
ENL,2026-08-19,822.0,798.0,210
KEF,2026-08-19,11.23,11.0,177470
MKHC,2026-08-19,252.0,261.0,12164
TSHL,2026-08-19,360.0,365.9,4780
BNT,2026-08-19,11880.0,11620.0,61
GBILD84/85,2026-08-19,1120.0,1123.0,148
SNORL,2026-08-19,903.0,915.0,18899
SRLI,2026-08-19,366.0,368.7,9087
PPCL,2026-08-19,330.1,335.0,120724
PROFL,2026-08-19,405.0,407.0,8569
CORBL,2026-08-19,1027.0,1028.0,15214
RFPL,2026-08-19,323.4,332.0,9294
PCBLP,2026-08-19,103.0,103.0,24779
SEF2,2026-08-19,9.01,9.02,7950
MFLD85,2026-08-19,1085.0,1085.0,25
SAEF2,2026-08-19,9.0,9.03,6370
SLCF,2026-08-19,10.0,10.0,300
UNHPL,2026-08-19,373.0,371.0,36636
GSY,2026-08-19,9.04,9.33,3150
LBLD88,2026-08-19,1122.7,1122.7,49
MSLB,2026-08-19,1215.1,1218.3,927
VLUCL,2026-08-19,399.0,400.0,4923
AKJCL,2026-08-19,350.0,351.8,161396
NRM,2026-08-19,296.0,301.0,6548
NLICL,2026-08-19,565.0,565.1,5191
SWBBL,2026-08-19,675.0,667.0,15528
RLFL,2026-08-19,419.9,443.0,8191
NLG,2026-08-19,560.0,559.8,3620
NIFRA,2026-08-19,240.0,244.2,29497
SHIVM,2026-08-19,623.5,627.4,71344
NICAD2091,2026-08-19,1072.0,1073.6,36
HLBSL,2026-08-19,875.0,875.0,82
KDL,2026-08-19,770.0,777.0,535
EDBL,2026-08-18,577.0,583.1,15941
SJLIC,2026-08-18,407.5,407.0,11875
ENL,2026-08-18,819.6,799.0,514
IHL,2026-08-18,339.0,328.0,14020
UNHPL,2026-08-18,377.0,365.6,21954
SKHL,2026-08-18,875.8,830.0,20816
NICSF,2026-08-18,8.99,8.51,9800
UNLB,2026-08-18,1233.0,1261.9,750
RAWA,2026-08-18,421.3,423.6,6039
NESDO,2026-08-18,1416.1,1412.0,1040
KHPL,2026-08-18,800.0,786.1,8969
BFC,2026-08-18,479.0,485.0,43951
HIDCL,2026-08-18,254.0,251.0,60397
SBI,2026-08-18,397.0,407.0,18562
NIBSF2,2026-08-18,8.8,8.8,14350
SAPIL,2026-08-18,456.5,524.6,150
DHPL,2026-08-18,305.0,283.0,10778
KKHC,2026-08-18,340.0,299.0,814260
NBLD85,2026-08-18,1051.0,1051.0,255
JBBL,2026-08-18,336.5,334.5,11081
GRDBL,2026-08-18,1032.1,1046.1,19529
EBL,2026-08-18,729.2,729.0,30911
SLBBLP,2026-08-18,443.0,443.0,5000
ACLBSL,2026-08-18,915.0,901.2,1334
NABIL,2026-08-18,555.0,550.0,36097
JFL,2026-08-18,390.0,383.9,4430
KEF,2026-08-18,10.72,10.98,71300
RBBD2088,2026-08-18,1053.0,1053.0,299
HRL,2026-08-18,570.0,579.0,32717
KSBBL,2026-08-18,474.1,475.0,21887
HHL,2026-08-18,335.0,332.9,10590
BUNGAL,2026-08-18,601.0,594.9,26037
MHCL,2026-08-18,305.0,305.0,7692
NBL,2026-08-18,276.0,274.6,149166
RSY2,2026-08-18,9.0,8.92,7350
SGHC,2026-08-18,303.0,302.0,52479
KBSH,2026-08-18,915.0,942.8,8785
ANLB,2026-08-18,5220.0,5225.0,2311
KAHL,2026-08-18,550.0,548.9,76841
MMKJL,2026-08-18,435.0,455.0,3634
MLBL,2026-08-18,347.0,345.4,14415
DOLTI,2026-08-18,315.9,313.0,15229
MEPDL,2026-08-18,540.3,603.2,970
YMHL,2026-08-18,635.1,637.0,41470
SPIL,2026-08-18,719.3,681.0,2964
JSLBB,2026-08-18,990.0,970.0,963
SAGAR,2026-08-18,1600.1,1570.0,13175
NLIC,2026-08-18,729.0,722.0,19730
HLBSL,2026-08-18,870.2,875.0,313
MANDU,2026-08-18,815.0,817.4,1281
ICFCD89,2026-08-18,1080.0,1083.0,75
MHNL,2026-08-18,240.1,241.9,11983
MHL,2026-08-18,464.0,466.0,4368
NMB50,2026-08-18,10.0,9.9,237712
KPCL,2026-08-18,458.1,460.0,2697
KDBY,2026-08-18,10.91,11.05,59575
PROFL,2026-08-18,410.0,408.9,9436
RBCL,2026-08-18,13801.0,14000.0,94
MKHL,2026-08-18,500.0,498.6,3850
KDL,2026-08-18,770.0,768.0,332
MLBBL,2026-08-18,1040.0,1036.0,1482
HPPL,2026-08-18,376.0,380.0,80641
NFS,2026-08-18,556.0,560.0,4882
UHEWA,2026-08-18,649.0,607.9,31320
SNLI,2026-08-18,408.3,407.9,7110
MNMF1,2026-08-18,9.5,9.46,6570
NBF2,2026-08-18,9.81,9.81,3300
LSL,2026-08-18,220.0,219.0,78182
CYCL,2026-08-18,1387.0,1490.0,11092
PPCL,2026-08-18,355.0,333.9,13405
MBJC,2026-08-18,265.0,263.6,15221
BHL,2026-08-18,218.0,207.6,67315
MDB,2026-08-18,570.2,579.0,2689
MNBBL,2026-08-18,364.0,361.0,32160
HLICF,2026-08-18,8.3,8.7,1000
MKJC,2026-08-18,420.9,441.9,6429
SPL,2026-08-18,688.8,650.0,230
MKCL,2026-08-18,1005.6,985.0,3517
MPFL,2026-08-18,627.0,622.0,4134
LVF2,2026-08-18,9.28,9.65,2600
ICFC,2026-08-18,595.0,593.8,4156
MLBS,2026-08-18,1091.0,1080.0,420
LUK,2026-08-18,10.29,9.99,300
MBL,2026-08-18,250.0,247.6,69046
PRSF,2026-08-18,12.75,12.8,979489
IGI,2026-08-18,424.0,428.0,2695
GMFIL,2026-08-18,444.6,445.0,24929
KBL,2026-08-18,216.0,212.1,240507
DLBS,2026-08-18,1127.0,1125.0,621
APHL,2026-08-18,775.0,750.4,26653
MLBSL,2026-08-18,1195.0,1198.0,3974
EBLD91,2026-08-18,1060.0,1100.0,218
SBLD2091,2026-08-18,1079.9,1082.5,686
AHPC,2026-08-18,263.6,260.0,115810
ADBLB87,2026-08-18,1015.0,1012.0,500000
BBC,2026-08-18,4128.0,4108.0,220
GUFL,2026-08-18,535.0,536.3,13514
HIDCLP,2026-08-18,188.0,185.0,130806
MEL,2026-08-18,209.1,206.0,42359
MBLEF,2026-08-18,10.14,9.92,56700
GBIME,2026-08-18,251.0,245.0,229247
LEC,2026-08-18,228.0,223.0,96115
HEI,2026-08-18,529.0,524.0,10697
MFIL,2026-08-18,735.0,748.0,20825
CSY,2026-08-18,8.85,8.75,2080
ICFCD83,2026-08-18,1035.0,1035.0,10
CGH,2026-08-18,775.0,773.0,5743
PCIL,2026-08-18,628.0,622.0,45986
BEDC,2026-08-18,315.0,313.5,24233
CHCL,2026-08-18,485.0,480.0,10977
TSHL,2026-08-18,370.5,361.0,4708
GHL,2026-08-18,254.6,235.6,260474
HEIP,2026-08-18,333.0,340.0,3200
API,2026-08-18,333.0,330.0,117926
NTC,2026-08-18,895.0,886.0,11423
SMPDA,2026-08-18,735.1,735.0,2050
NIFRAUR85/86,2026-08-18,1030.0,1030.0,25
MATRI,2026-08-18,782.0,796.1,475
SPC,2026-08-18,414.0,409.2,3444
ALICL,2026-08-18,420.0,415.0,27054
MERO,2026-08-18,660.0,657.0,6174
GFCL,2026-08-18,600.0,594.0,7901
NADEP,2026-08-18,703.1,714.0,1446
SAPDBL,2026-08-18,782.0,730.0,89946
NICL,2026-08-18,493.2,497.9,3133
HDL,2026-08-18,1182.0,1180.9,22481
GSY,2026-08-18,9.3,9.3,2800
GLH,2026-08-18,257.0,256.0,36943
HFIN,2026-08-18,669.0,679.8,31276
HATHY,2026-08-18,658.0,618.9,34935
JOSHI,2026-08-18,283.0,273.0,55188
MSHL,2026-08-18,587.0,586.0,468
NWCL,2026-08-18,670.2,671.5,1168
AKJCL,2026-08-18,360.0,349.1,355959
CREST,2026-08-18,1160.0,1159.9,4619
NICAD2091,2026-08-18,1055.0,1062.0,555
MEHL,2026-08-18,270.0,282.9,16784
SHPC,2026-08-18,492.0,492.9,19002
CITY,2026-08-18,365.0,358.2,70642
ECL,2026-08-18,1510.0,1470.0,18483
GBBL,2026-08-18,424.8,424.5,46867
CCBD88,2026-08-18,1190.0,1190.0,25
JBLB,2026-08-18,1275.0,1275.0,2915
MABEL,2026-08-18,615.3,609.0,13422
CLI,2026-08-18,435.0,438.8,6645
GVL,2026-08-18,472.2,470.2,7695
LSH12,2026-08-18,9.0,9.1,3900
AKPL,2026-08-18,251.6,249.0,96495
CIZBD86,2026-08-18,1214.9,1214.9,10
HURJA,2026-08-18,241.0,235.6,44585
MEN,2026-08-18,615.0,619.6,94698
NIBD84,2026-08-18,1030.1,1030.1,25
CBBL,2026-08-18,939.9,936.0,9843
NMBMF,2026-08-18,595.7,595.5,3198
STC,2026-08-18,5300.0,5168.0,615
GMFBS,2026-08-18,1170.0,1156.0,294
JHAPA,2026-08-18,1071.0,1060.0,4788
HBL,2026-08-18,195.0,192.9,60814
GLBSL,2026-08-18,1772.0,1701.0,484
MBLD87,2026-08-18,1126.2,1126.2,28
MSLB,2026-08-18,1208.0,1234.9,519
GMLI,2026-08-18,1040.0,1070.0,1892
DORDI,2026-08-18,251.1,247.1,35653
KMCDB,2026-08-18,761.0,783.0,1323
BPCL,2026-08-18,644.0,638.0,7966
RADHI,2026-08-18,708.0,712.0,58146
CIT,2026-08-18,1700.0,1703.0,4049
BHPL,2026-08-18,510.3,479.0,2210
RSML,2026-08-18,2841.0,2725.0,60363
SAIL,2026-08-18,1127.9,1025.0,52081
CFCL,2026-08-18,610.0,595.0,158580
MAKAR,2026-08-18,410.0,407.1,11443
ULHC,2026-08-18,341.5,341.0,7964
MCHL,2026-08-18,275.0,279.9,1023
CZBIL,2026-08-18,201.6,199.6,18849
BGWT,2026-08-18,522.0,500.0,3407
SBL,2026-08-18,410.0,408.5,61570
LICN,2026-08-18,789.0,769.0,11301
ALBSL,2026-08-18,1065.0,1101.9,8104
GILB,2026-08-18,1111.0,1105.8,4479
SICL,2026-08-18,610.4,608.0,3966
UPCL,2026-08-18,345.7,344.4,43705
DHEL,2026-08-18,620.3,595.0,11711
SEF,2026-08-18,9.93,9.5,535566
TTL,2026-08-18,710.0,705.0,9664
GBIMESY2,2026-08-18,8.9,9.06,1150
SHEL,2026-08-18,303.1,298.2,135658
SADBL,2026-08-18,410.9,404.0,38397
ULBSL,2026-08-18,2707.0,2625.0,1553
OHL,2026-08-18,651.1,652.0,1465
SLCF,2026-08-18,10.4,9.82,5560
SMJC,2026-08-18,456.0,429.0,32969
SIGS2,2026-08-18,11.02,10.53,202700
SPHL,2026-08-18,513.1,524.0,8452
OMPL,2026-08-18,881.0,900.0,2865
SHINED,2026-08-18,1090.0,1090.0,25
BJHL,2026-08-18,735.0,714.0,19120
SANVI,2026-08-18,615.0,599.8,9944
UPPER,2026-08-18,187.0,190.5,51486
RHPL,2026-08-18,252.0,252.1,8395
SYPNL,2026-08-18,1295.0,1290.0,24651
NHDL,2026-08-18,634.0,637.8,2012
LLBS,2026-08-18,862.1,870.0,155
BARUN,2026-08-18,320.0,317.0,19590
SIPD,2026-08-18,650.0,644.7,13959
MKHC,2026-08-18,266.0,265.0,21820
NYADI,2026-08-18,362.1,361.6,2530
SNORL,2026-08-18,900.0,914.0,18187
GBLBS,2026-08-18,703.0,698.0,4416
SBLD89,2026-08-18,1266.0,1266.0,25
HIMSTAR,2026-08-18,692.0,698.0,1146
VLBS,2026-08-18,658.9,663.0,3613
NMIC,2026-08-18,916.0,887.0,1509
RURU,2026-08-18,605.0,605.0,1933
SGHL,2026-08-18,537.6,532.0,156945
SWASTIK,2026-08-18,1950.0,1990.1,589
FMDBL,2026-08-18,736.3,761.0,30170
HDHPC,2026-08-18,197.9,207.5,59660
SBID83,2026-08-18,1031.1,1031.1,25
ILBS,2026-08-18,885.0,860.5,2228
RHGCL,2026-08-18,257.9,254.7,20710
SMFBS,2026-08-18,1422.1,1457.0,543
ILI,2026-08-18,415.0,413.0,9526
NBF3,2026-08-18,9.59,9.58,14571
SHIVM,2026-08-18,630.0,624.5,81985
PMHPL,2026-08-18,306.1,309.8,6248
SIKLES,2026-08-18,557.0,553.6,10316
NICA,2026-08-18,320.0,315.0,83475
TVCL,2026-08-18,460.0,461.1,9472
NLICL,2026-08-18,576.0,568.0,10536
UMRH,2026-08-18,524.0,520.0,8915
CHL,2026-08-18,279.8,262.9,13073
SIFC,2026-08-18,505.0,503.9,5486
SANIMA,2026-08-18,370.0,369.0,51973
LBBL,2026-08-18,481.0,482.0,23734
SKHEL,2026-08-18,958.5,954.9,2632
NSIF2,2026-08-18,10.9,11.0,208749
SMATA,2026-08-18,715.0,710.0,5191
SRLI,2026-08-18,366.3,366.5,10513
SABBL,2026-08-18,880.0,946.0,23648
GCIL,2026-08-18,340.1,340.0,8137
RFPL,2026-08-18,331.0,333.3,20265
NIBLSTF,2026-08-18,8.25,8.38,930
SOPL,2026-08-18,810.0,783.0,40742
UAIL,2026-08-18,427.0,426.9,28908
NIFRA,2026-08-18,247.0,244.8,52440
UNL,2026-08-18,47000.0,46500.0,20
CHDC,2026-08-18,2192.0,2196.0,10840
PCBL,2026-08-18,244.0,240.3,53111
EBLD85,2026-08-18,1095.2,1100.1,62
BHDC,2026-08-18,424.0,424.2,5449
SKBBL,2026-08-18,770.0,753.0,12776
SLBSL,2026-08-18,927.0,918.0,1493
SLBBL,2026-08-18,800.0,808.0,1969
PSF,2026-08-18,12.0,12.0,8756
SAEF2,2026-08-18,8.9,9.07,6430
SHINE,2026-08-18,414.0,411.5,7035
PMLI,2026-08-18,428.5,429.3,5566
SFMF,2026-08-18,10.0,10.1,3170
BHCL,2026-08-18,560.0,552.0,126207
NIMB,2026-08-18,198.0,187.0,145659
SWBBL,2026-08-18,672.0,674.8,17952
SOHL,2026-08-18,700.0,687.8,553373
SIGS3,2026-08-18,10.88,10.8,1883385
EHPL,2026-08-18,338.9,334.9,3869
RNLI,2026-08-18,429.0,426.0,14581
SJCL,2026-08-18,262.0,266.7,12881
NRIC,2026-08-18,912.0,905.0,19895
USHL,2026-08-18,535.2,540.0,575
PRIN,2026-08-18,658.1,660.0,4200
RLEL,2026-08-18,899.7,920.0,23257
KSY,2026-08-18,9.23,9.43,11600
TAMOR,2026-08-18,470.0,455.0,171974
RSY,2026-08-18,10.41,10.5,44150
MMF1,2026-08-18,9.0,8.9,2500
PHCL,2026-08-18,286.0,298.0,43964
NGPL,2026-08-18,410.2,409.9,166725
NLO,2026-08-18,277.4,277.4,62
NICGF2,2026-08-18,8.95,9.0,900
NMBHF2,2026-08-18,9.75,9.9,177644
H8020,2026-08-18,11.78,12.0,2100
RIDI,2026-08-18,362.0,359.6,425770
UMHL,2026-08-18,580.1,602.5,280487
VLUCL,2026-08-18,407.0,397.0,10621
FOWAD,2026-08-18,921.1,934.0,849
NHPC,2026-08-18,252.7,261.9,195828
RBBF40,2026-08-18,8.97,9.05,8200
AHL,2026-08-18,415.0,408.0,2086
BNHC,2026-08-18,282.3,280.0,23950
SARBTM,2026-08-18,805.0,782.1,1175
ADBL,2026-08-18,302.0,300.0,45445
DDBL,2026-08-18,848.0,841.0,14141
NICFC,2026-08-18,9.05,9.07,900
NBLD82,2026-08-18,1021.2,1020.5,50
SDBD87,2026-08-18,1149.0,1121.0,80
SPDL,2026-08-18,386.0,364.5,17086
NIBLGF,2026-08-18,8.6,8.64,36900
NIMBPO,2026-08-18,143.2,137.1,2430
CORBL,2026-08-18,1030.0,1019.6,16496
BANDIPUR,2026-08-18,700.8,686.0,22497
NMB,2026-08-18,241.0,239.0,37538
SONA,2026-08-18,405.0,401.1,22513
BNT,2026-08-18,11600.0,11600.0,20
CKHL,2026-08-18,595.0,599.0,1547
SEF2,2026-08-18,9.0,9.03,7350
NIL,2026-08-18,603.0,598.5,13513
NUBL,2026-08-18,600.0,599.9,5719
SALICO,2026-08-18,588.0,583.9,10913
TPC,2026-08-18,364.1,359.1,19589
SMB,2026-08-18,1830.0,1722.9,2754
SMH,2026-08-18,506.1,505.0,6861
SBLD84,2026-08-18,1055.0,1055.0,127
PRVU,2026-08-18,183.0,181.8,308824
TPKHL,2026-08-18,523.5,560.0,59865
RLFL,2026-08-18,449.0,441.9,31193
NMFBS,2026-08-18,1128.5,1128.5,2833
SWMF,2026-08-18,605.0,606.0,2126
HLI,2026-08-18,317.0,315.5,23119
NICAP,2026-08-18,179.0,179.0,9404
TRH,2026-08-18,830.0,799.0,6363
SHL,2026-08-18,500.2,502.9,27813
NABBC,2026-08-18,815.0,802.1,12833
SMHL,2026-08-18,500.0,495.3,68336
NSY,2026-08-18,8.9,9.21,3500
SSHL,2026-08-18,213.0,200.0,109269
SAGF,2026-08-18,9.92,9.92,9500
USHEC,2026-08-18,505.0,500.0,21896
SCB,2026-08-18,660.0,650.0,5419
NMLBBL,2026-08-18,501.1,500.0,7092
GIBF1,2026-08-18,11.05,10.8,22900
AVYAN,2026-08-18,1055.0,1023.5,5769
WNLB,2026-08-18,1300.0,1305.0,183
SBCF,2026-08-18,10.0,10.0,100
SHLB,2026-08-18,1400.0,1400.0,102
NRM,2026-08-18,310.0,303.0,3177
SGIC,2026-08-18,450.2,446.7,9145
NLG,2026-08-18,560.1,559.9,7493
PURE,2026-08-18,820.0,825.0,7304
RSDC,2026-08-18,650.0,633.0,2101
RMF1,2026-08-18,9.7,9.7,200
SFEF,2026-08-18,9.8,9.8,100
SAHAS,2026-08-18,685.0,684.6,91815
USLB,2026-08-18,1116.0,1105.0,1024
NRN,2026-08-18,1380.1,1373.0,46651
NICLBSL,2026-08-18,547.9,546.0,3077
PPL,2026-08-18,304.3,317.0,10130
SINDU,2026-08-18,714.0,675.0,10761
HLICF,2026-08-17,8.5,8.4,700
SMH,2026-08-17,515.9,507.6,3094
KBSH,2026-08-17,935.0,920.1,17479
LVF2,2026-08-17,9.13,9.41,400
CGH,2026-08-17,777.7,779.1,3664
GMLI,2026-08-17,1120.0,1066.0,1241
BHCL,2026-08-17,530.0,554.0,219396
MDB,2026-08-17,575.0,572.0,936
CFCL,2026-08-17,607.1,610.0,141158
SMB,2026-08-17,1810.0,1801.0,327
NIL,2026-08-17,609.0,606.0,11369
SIFC,2026-08-17,510.0,506.9,4544
NIBSF2,2026-08-17,8.79,8.82,500
LBBL,2026-08-17,483.5,482.9,25863
SGHC,2026-08-17,301.0,300.0,63748
ICFC,2026-08-17,600.0,595.0,4909
NMB,2026-08-17,254.0,240.0,112321
ANLB,2026-08-17,5200.0,5310.0,699
NABBC,2026-08-17,820.0,807.1,21725
DLBS,2026-08-17,1180.0,1150.0,319
SBD87,2026-08-17,1090.0,1090.0,25
CHCL,2026-08-17,489.9,480.0,15729
PBD85,2026-08-17,1100.0,1100.0,50
RFPL,2026-08-17,330.0,334.9,13480
UAIL,2026-08-17,433.0,428.0,15116
UMRH,2026-08-17,526.6,524.0,9105
USHEC,2026-08-17,501.2,505.0,12042
NICD83/84,2026-08-17,1011.0,1011.0,125
SMATA,2026-08-17,725.0,724.0,1105
SBLD89,2026-08-17,1226.0,1230.0,125
SLBSL,2026-08-17,930.0,927.0,545
MKCL,2026-08-17,1044.0,1016.0,2099
SHL,2026-08-17,503.0,505.0,11790
NWCL,2026-08-17,680.2,687.0,3194
SDBD87,2026-08-17,1154.9,1155.0,143
SPDL,2026-08-17,367.0,368.0,16229
RHGCL,2026-08-17,262.7,257.9,15911
SGIC,2026-08-17,450.5,452.0,7202
RNLI,2026-08-17,428.0,426.2,13204
SJLIC,2026-08-17,413.0,412.0,6152
SPIL,2026-08-17,681.2,685.1,1359
NIFRA,2026-08-17,247.0,247.0,26300
SJCL,2026-08-17,265.0,268.7,5558
JBLB,2026-08-17,1270.0,1276.0,7778
RBBF40,2026-08-17,8.97,9.01,1350
BJHL,2026-08-17,696.0,737.0,23307
UMHL,2026-08-17,580.0,588.8,85030
NTC,2026-08-17,893.0,895.0,28242
MERO,2026-08-17,660.0,655.1,5752
HEI,2026-08-17,531.0,529.6,12330
NSIF2,2026-08-17,10.67,10.98,433583
PURE,2026-08-17,815.0,827.5,3945
RSY,2026-08-17,10.36,10.45,180769
ALICL,2026-08-17,416.3,421.6,14256
BANDIPUR,2026-08-17,693.0,700.8,19050
HLBSL,2026-08-17,870.0,894.9,2618
PHCL,2026-08-17,302.4,301.0,53829
SFEF,2026-08-17,9.85,9.85,100
NRIC,2026-08-17,916.4,912.0,15801
NMFBS,2026-08-17,1135.0,1128.5,3849
USLB,2026-08-17,1101.0,1115.0,889
SAIL,2026-08-17,1100.0,1075.0,18257
KDBY,2026-08-17,11.1,11.1,90055
KPCL,2026-08-17,461.0,461.2,4250
MLBSL,2026-08-17,1279.1,1195.0,9186
NBF3,2026-08-17,9.58,9.75,7300
EBLD91,2026-08-17,1066.0,1070.0,279
HRL,2026-08-17,562.0,585.0,32184
GILB,2026-08-17,1130.0,1110.0,1571
BHL,2026-08-17,210.0,208.4,53181
SANIMA,2026-08-17,370.0,370.0,85099
SCB,2026-08-17,659.9,649.0,7753
MHL,2026-08-17,465.2,468.0,2420
OMPL,2026-08-17,900.0,896.0,1844
NIBLSTF,2026-08-17,8.58,8.43,17974
USHL,2026-08-17,570.1,544.0,4633
UNLB,2026-08-17,1298.0,1269.8,302
PRVU,2026-08-17,185.0,183.8,222553
MLBBL,2026-08-17,1062.0,1055.0,691
HURJA,2026-08-17,245.0,241.0,34390
H8020,2026-08-17,11.8,12.0,2305
GUFL,2026-08-17,551.2,538.0,48182
JHAPA,2026-08-17,1084.9,1080.0,3466
PMHPL,2026-08-17,308.1,312.0,3138
OHL,2026-08-17,656.0,650.0,3291
HHL,2026-08-17,330.0,337.0,8981
SMPDA,2026-08-17,741.6,748.0,1791
MBLEF,2026-08-17,10.8,10.45,46300
SICL,2026-08-17,610.1,610.4,7555
TPC,2026-08-17,363.4,365.6,10731
NICGF2,2026-08-17,9.22,9.22,300
TPKHL,2026-08-17,515.9,550.1,36340
SFMF,2026-08-17,10.05,10.0,18000
NMLBBL,2026-08-17,520.0,502.0,7815
UNHPL,2026-08-17,378.0,370.0,22611
SKBBL,2026-08-17,748.0,749.9,11109
SOPL,2026-08-17,790.0,795.0,30604
RHPL,2026-08-17,255.0,253.5,8723
ULBSL,2026-08-17,2630.0,2710.0,607
KHPL,2026-08-17,805.0,798.0,4629
PSF,2026-08-17,12.0,12.05,23830
YMHL,2026-08-17,615.1,637.0,49721
MDBPO,2026-08-17,318.0,318.0,26163
MSLB,2026-08-17,1219.0,1235.0,551
NICL,2026-08-17,496.0,496.0,5833
SLBBL,2026-08-17,761.9,807.0,17092
PBD88,2026-08-17,1165.0,1200.0,90
PROFL,2026-08-17,424.0,414.0,8777
KDL,2026-08-17,775.0,773.9,2119
BARUN,2026-08-17,320.0,316.2,20750
CHL,2026-08-17,274.0,266.5,12326
NMBMF,2026-08-17,600.0,600.0,1194
SNLI,2026-08-17,412.0,408.3,8967
ALBSL,2026-08-17,1080.0,1094.5,3739
MMKJL,2026-08-17,445.0,439.0,1715
HIMSTAR,2026-08-17,690.0,692.0,2615
NIMB,2026-08-17,192.0,188.9,370510
SWASTIK,2026-08-17,2000.0,1971.0,455
BUNGAL,2026-08-17,590.0,606.0,47698
SIKLES,2026-08-17,536.3,560.0,21865
NICLBSL,2026-08-17,555.0,547.7,10574
NMIC,2026-08-17,941.1,890.0,2990
VLUCL,2026-08-17,410.0,410.0,5297
SIPD,2026-08-17,669.0,658.0,20266
LSH12,2026-08-17,9.1,9.13,2600
SEF2,2026-08-17,9.05,9.1,6000
ULHC,2026-08-17,342.0,340.5,14754
TTL,2026-08-17,714.0,710.0,9793
TVCL,2026-08-17,471.0,465.4,5679
SOHL,2026-08-17,671.0,709.0,554842
RMF1,2026-08-17,9.5,10.0,91585
SAGF,2026-08-17,9.9,9.92,200
RBCL,2026-08-17,14050.0,14100.0,70
SWMF,2026-08-17,610.0,605.3,566
NHPC,2026-08-17,265.0,266.0,221133
SIGS2,2026-08-17,10.7,11.02,13900
CHDC,2026-08-17,2240.1,2213.0,5757
ADBL,2026-08-17,304.0,302.2,121643
UPPER,2026-08-17,192.0,192.5,66450
SADBL,2026-08-17,408.1,410.9,9857
UHEWA,2026-08-17,647.0,620.0,39724
SEF,2026-08-17,9.76,10.23,79370
MKHL,2026-08-17,491.0,500.0,3586
GBBL,2026-08-17,423.8,423.0,95705
JSLBB,2026-08-17,974.9,992.8,423
RURU,2026-08-17,611.0,610.0,5324
NYADI,2026-08-17,365.0,362.2,3607
BGWT,2026-08-17,528.9,519.0,2196
NBLD87,2026-08-17,1080.0,1080.0,25
ICFCD89,2026-08-17,1092.0,1082.0,50
DHEL,2026-08-17,604.5,604.0,36822
SABBL,2026-08-17,900.0,924.9,17985
RSDC,2026-08-17,640.0,632.0,2044
SNORL,2026-08-17,894.0,910.0,30927
RAWA,2026-08-17,427.0,426.0,10081
NLG,2026-08-17,565.0,563.9,2939
NMBD87/88,2026-08-17,1117.6,1117.6,50
STC,2026-08-17,5280.0,5170.0,825
SANVI,2026-08-17,587.0,614.0,17410
NESDO,2026-08-17,1435.0,1416.0,926
BFC,2026-08-17,485.0,483.5,21487
SMHL,2026-08-17,494.0,498.8,69353
MBJC,2026-08-17,265.0,265.0,23405
NLIC,2026-08-17,731.9,727.0,18615
SARBTM,2026-08-17,834.6,793.0,5300
SRLI,2026-08-17,369.0,369.0,9155
RIDI,2026-08-17,349.6,361.6,450230
SIGS3,2026-08-17,10.87,10.87,10338
DHPL,2026-08-17,287.1,290.5,12398
NIBLGF,2026-08-17,8.83,8.85,1200
SPL,2026-08-17,640.0,656.5,1022
NICBF,2026-08-17,9.21,9.21,100
SAPIL,2026-08-17,404.2,456.2,160
NMBHF2,2026-08-17,9.83,9.75,59956
CLI,2026-08-17,440.0,439.4,6976
GLH,2026-08-17,266.0,259.9,21441
NIMBPO,2026-08-17,140.2,139.1,9506
VLBS,2026-08-17,658.0,658.9,675
PCIL,2026-08-17,639.0,632.0,20764
GWFD83,2026-08-17,1065.0,1065.0,25
DORDI,2026-08-17,251.0,251.0,25445
HIDCL,2026-08-17,256.0,253.9,33360
MANDU,2026-08-17,875.5,820.0,3558
RMF2,2026-08-17,10.1,10.1,100
BEDC,2026-08-17,317.0,316.9,8609
NICA,2026-08-17,320.0,320.0,64199
SMFBS,2026-08-17,1550.8,1422.1,1037
CIZBD90,2026-08-17,1244.0,1253.0,125
CORBL,2026-08-17,1070.0,1040.0,17872
RADHI,2026-08-17,700.0,717.0,58828
SONA,2026-08-17,403.0,400.5,17974
SBCF,2026-08-17,9.2,10.15,62232
LSL,2026-08-17,208.1,220.4,57124
RLEL,2026-08-17,870.0,899.7,4660
HIDCLP,2026-08-17,188.1,188.0,26089
PMLI,2026-08-17,421.0,428.5,4599
CZBIL,2026-08-17,202.7,201.6,58967
AKJCL,2026-08-17,345.0,355.5,188646
NBL,2026-08-17,283.2,276.4,400533
BNL,2026-08-17,14900.0,14900.0,10
SSHL,2026-08-17,207.8,203.0,43538
SHEL,2026-08-17,305.0,303.9,47317
MMF1,2026-08-17,8.68,8.99,4500
LLBS,2026-08-17,875.0,887.0,340
SMJC,2026-08-17,432.0,480.0,18925
CYCL,2026-08-17,1300.0,1460.0,17996
MEN,2026-08-17,622.0,615.4,76475
SHIVM,2026-08-17,599.5,629.7,72346
GCIL,2026-08-17,344.0,341.1,7928
JOSHI,2026-08-17,282.0,283.0,25583
ILI,2026-08-17,417.0,416.4,3734
HPPL,2026-08-17,377.0,380.0,42112
BHPL,2026-08-17,498.8,486.0,4584
GBBD85,2026-08-17,1064.0,1065.0,50
SKHEL,2026-08-17,980.0,970.0,2303
GHL,2026-08-17,249.0,242.5,306371
JBBL,2026-08-17,338.0,337.0,29227
KSBBLD87,2026-08-17,1100.0,1100.0,25
MLBS,2026-08-17,1114.0,1100.1,419
HDHPC,2026-08-17,201.4,208.3,62668
KEF,2026-08-17,10.9,11.0,82123
HBL,2026-08-17,194.0,193.9,88824
SALICO,2026-08-17,588.0,588.0,11409
IHL,2026-08-17,349.9,339.0,12297
CKHL,2026-08-17,583.0,596.6,970
MHCL,2026-08-17,320.0,306.1,2593
UPCL,2026-08-17,350.0,346.5,22370
EHPL,2026-08-17,341.0,333.9,11058
MABEL,2026-08-17,604.0,619.0,22132
SPC,2026-08-17,407.4,414.0,2260
MNMF1,2026-08-17,9.5,9.73,25300
SGHL,2026-08-17,518.2,537.6,160716
FOWAD,2026-08-17,940.0,940.0,1022
BBC,2026-08-17,4197.9,4089.0,210
SBI,2026-08-17,404.9,399.0,20000
MPFL,2026-08-17,637.0,627.0,7179
HDL,2026-08-17,1175.0,1179.0,23412
KAHL,2026-08-17,530.0,550.0,58046
KSBBL,2026-08-17,477.0,476.0,14115
TRH,2026-08-17,816.0,825.0,17444
SWBBL,2026-08-17,674.2,675.0,6584
RLFL,2026-08-17,455.0,442.0,13135
EBL,2026-08-17,734.0,728.0,37932
LICN,2026-08-17,778.0,781.0,3884
ICFCD83,2026-08-17,1032.0,1040.0,15
PPL,2026-08-17,309.0,320.3,17177
IGI,2026-08-17,435.0,430.0,3265
APHL,2026-08-17,799.0,782.0,9719
HFIN,2026-08-17,675.0,670.1,12723
NIBD84,2026-08-17,1035.0,1035.0,25
EBLD85,2026-08-17,1091.8,1091.8,25
MATRI,2026-08-17,800.1,800.4,68
NGPL,2026-08-17,415.0,411.0,98091
MEHL,2026-08-17,279.0,270.0,16056
KBL,2026-08-17,220.0,215.6,181521
SYPNL,2026-08-17,1357.6,1296.0,30705
HEIP,2026-08-17,329.6,339.5,2830
ADBLD83,2026-08-17,1030.0,1030.0,50
ECL,2026-08-17,1510.0,1510.0,25444
NHDL,2026-08-17,635.0,635.0,345
NRN,2026-08-17,1390.0,1385.0,37467
SHPC,2026-08-17,500.0,495.0,17984
CCBD88,2026-08-17,1170.0,1205.0,50
FMDBL,2026-08-17,805.1,775.0,41666
BHDC,2026-08-17,428.0,427.0,6430
GVL,2026-08-17,470.0,472.1,8697
GRDBL,2026-08-17,1032.1,1048.9,20507
GBIME,2026-08-17,252.0,249.0,342941
MKHC,2026-08-17,268.5,268.2,30531
PRIN,2026-08-17,663.0,658.1,971
PCBL,2026-08-17,243.3,244.6,80028
SLCF,2026-08-17,9.42,10.4,21796
BNHC,2026-08-17,283.0,282.3,10333
NLICL,2026-08-17,580.0,576.0,64587
EDBL,2026-08-17,590.0,582.0,8190
SKHL,2026-08-17,827.0,834.1,51563
HLI,2026-08-17,320.0,318.0,27559
GFCL,2026-08-17,603.0,597.5,3742
SPHL,2026-08-17,558.0,526.5,5327
BPCL,2026-08-17,645.0,644.0,13609
NADEP,2026-08-17,702.7,710.1,233
NUBL,2026-08-17,599.0,600.0,2656
GBILD86/87,2026-08-17,1061.3,1084.0,100
NBF2,2026-08-17,9.8,9.8,300
NSY,2026-08-17,9.17,9.17,4700
MFIL,2026-08-17,720.0,746.0,53994
CREST,2026-08-17,1166.0,1169.7,6463
SAGAR,2026-08-17,1653.0,1610.0,9038
CSY,2026-08-17,8.2,8.89,6000
MHNL,2026-08-17,245.2,243.8,25236
SAEF2,2026-08-17,9.1,9.09,6120
NRM,2026-08-17,300.0,304.0,8186
DOLTI,2026-08-17,316.0,318.4,7533
TSHL,2026-08-17,369.0,362.0,3439
MLBLD89,2026-08-17,1250.0,1250.0,25
GIBF1,2026-08-17,10.64,10.77,1750
CIT,2026-08-17,1734.0,1701.0,3222
GLBSL,2026-08-17,1733.0,1740.0,293
API,2026-08-17,332.9,332.6,118215
NABIL,2026-08-17,549.9,551.5,30252
MAKAR,2026-08-17,420.0,412.9,20070
GBLBS,2026-08-17,722.9,714.5,5674
ILBS,2026-08-17,869.0,874.0,434
WNLB,2026-08-17,1301.0,1312.0,408
BNT,2026-08-17,11552.0,11552.0,10
SINDU,2026-08-17,672.1,680.0,10870
KKHC,2026-08-17,334.7,331.0,462907
ACLBSL,2026-08-17,915.2,919.0,357
CBBL,2026-08-17,935.0,935.0,15140
AHL,2026-08-17,415.0,419.0,738
SHLB,2026-08-17,1400.0,1425.0,353
GMFBS,2026-08-17,1175.0,1145.1,497
ENL,2026-08-17,810.0,805.0,370
RSY2,2026-08-17,9.0,9.0,46730
HATHY,2026-08-17,677.0,652.6,15034
NFS,2026-08-17,562.0,560.0,6699
SBL,2026-08-17,414.9,409.2,107185
MSHL,2026-08-17,587.0,591.0,452
LEC,2026-08-17,230.7,228.0,121520
MNBBL,2026-08-17,363.2,363.0,39694
MEPDL,2026-08-17,435.0,524.6,460
KMCDB,2026-08-17,793.0,770.0,310
CITY,2026-08-17,362.0,363.0,36591
PPCL,2026-08-17,332.1,338.3,4043
PRSF,2026-08-17,12.75,12.75,236720
TAMOR,2026-08-17,456.0,469.0,126173
MCHL,2026-08-17,281.0,278.0,2544
KSY,2026-08-17,9.02,9.25,2300
GBIMESY2,2026-08-17,8.91,8.96,700
AHPC,2026-08-17,266.0,263.4,47294
DDBL,2026-08-17,855.0,848.0,9050
C30MF,2026-08-17,10.0,10.0,100
GSY,2026-08-17,9.4,9.3,2440
SAPDBL,2026-08-17,773.0,782.0,25645
MEL,2026-08-17,208.9,210.8,6083
MBL,2026-08-17,248.0,250.0,135367
AKPL,2026-08-17,253.0,252.0,60461
NMB50,2026-08-17,10.35,10.0,303727
RSML,2026-08-17,2570.0,2841.6,523651
NICD88,2026-08-17,1100.0,1100.0,75
SHINE,2026-08-17,414.0,414.0,19043
LUK,2026-08-17,10.09,10.6,21050
MKJC,2026-08-17,439.0,443.0,3072
NICSF,2026-08-17,8.8,8.73,1900
MLBL,2026-08-17,345.2,349.7,2477
GMFIL,2026-08-17,450.5,447.0,3953
NICFC,2026-08-17,9.1,9.1,2100
AVYAN,2026-08-17,1075.0,1069.0,1685
JFL,2026-08-17,390.0,384.0,3217
SAHAS,2026-08-17,676.0,684.0,113498
NLICL,2026-08-14,566.0,575.0,12928
SMHL,2026-08-14,499.0,496.0,19492
TVCL,2026-08-14,486.2,475.0,942
RIDI,2026-08-14,371.0,367.9,264116
KEF,2026-08-14,10.9,10.9,43800
NICFC,2026-08-14,9.0,9.1,1300
NRM,2026-08-14,305.0,302.0,8640
HIMSTAR,2026-08-14,691.1,690.0,7840
PMLI,2026-08-14,430.1,431.1,4336
NICD83/84,2026-08-14,1015.0,1005.3,950
HIDCL,2026-08-14,245.9,256.0,66258
NHDL,2026-08-14,623.2,637.0,1000
RHGCL,2026-08-14,269.7,266.7,26205
PRIN,2026-08-14,665.0,662.0,5491
NIMB,2026-08-14,202.0,193.9,75805
KHPL,2026-08-14,800.0,810.0,4369
SWASTIK,2026-08-14,1984.6,2000.0,195
NSY,2026-08-14,9.17,9.2,3400
ILBS,2026-08-14,904.0,894.0,1655
SMB,2026-08-14,1800.0,1827.9,380
MMKJL,2026-08-14,442.0,444.0,736
NBLD85,2026-08-14,1021.7,1021.7,50
RURU,2026-08-14,610.0,610.6,1681
GBILD86/87,2026-08-14,1061.3,1060.9,150
TRH,2026-08-14,838.0,840.0,9178
PURE,2026-08-14,803.1,819.0,707
SHIVM,2026-08-14,627.7,631.0,82324
NMLBBL,2026-08-14,512.6,512.0,4769
RNLI,2026-08-14,426.4,427.0,12809
SPHL,2026-08-14,520.0,532.0,3126
SKHEL,2026-08-14,950.5,980.0,3244
PHCL,2026-08-14,304.2,302.4,67340
UNLB,2026-08-14,1270.1,1262.9,799
RADHI,2026-08-14,712.0,724.0,118154
SRLI,2026-08-14,369.1,370.5,5181
PSF,2026-08-14,12.0,12.01,2200
AHL,2026-08-14,412.0,420.5,5152
SAIL,2026-08-14,1080.0,1099.0,13813
RSY,2026-08-14,10.39,10.5,1300
SFEF,2026-08-14,9.61,10.1,1000
SWBBL,2026-08-14,690.0,674.2,3891
NMIC,2026-08-14,900.0,900.0,1831
H8020,2026-08-14,11.8,11.8,300
NICSF,2026-08-14,9.0,9.0,1790
USHEC,2026-08-14,491.1,501.2,7334
KDL,2026-08-14,775.0,770.1,336
SBLD83,2026-08-14,1007.0,1006.2,900
RSDC,2026-08-14,637.1,632.0,3919
LEC,2026-08-14,213.4,230.7,723736
CGH,2026-08-14,778.0,777.7,7520
PPL,2026-08-14,310.7,325.0,8400
SIPD,2026-08-14,661.0,669.0,20300
SAEF2,2026-08-14,9.0,9.13,8200
RHPL,2026-08-14,260.0,255.5,12280
PCIL,2026-08-14,653.0,639.0,31250
GBIMEP,2026-08-14,100.0,100.0,64721
OHL,2026-08-14,660.1,669.0,990
DHEL,2026-08-14,600.0,594.0,11873
PRVU,2026-08-14,187.0,187.0,348024
SEF2,2026-08-14,9.0,9.32,12250
RLFL,2026-08-14,442.1,449.0,17082
PPCL,2026-08-14,344.0,334.9,4269
NMBHF2,2026-08-14,9.53,9.65,3400
PROFL,2026-08-14,421.7,418.5,2414
MEHL,2026-08-14,288.0,279.0,11581
MEPDL,2026-08-14,400.0,456.2,220
RSML,2026-08-14,2420.0,2556.0,19819
MBJC,2026-08-14,267.0,265.1,6137
NIFRA,2026-08-14,250.2,248.1,54730
JOSHI,2026-08-14,290.0,280.0,22086
NIBLGF,2026-08-14,9.05,8.86,700
OMPL,2026-08-14,956.5,908.0,2349
NFS,2026-08-14,561.1,565.0,5511
SALICO,2026-08-14,585.0,588.0,4437
GHL,2026-08-14,256.7,249.0,314454
RBBF40,2026-08-14,8.93,9.01,4150
NMFBS,2026-08-14,1125.0,1135.0,6426
UMRH,2026-08-14,532.0,528.5,3423
USHL,2026-08-14,523.0,543.0,3581
SABBL,2026-08-14,937.1,930.0,16593
SPDL,2026-08-14,377.0,372.0,25744
VLUCL,2026-08-14,410.2,413.0,7058
RMF1,2026-08-14,9.6,9.6,23325
SADBL,2026-08-14,415.0,413.5,6438
RBCLPO,2026-08-14,11195.0,11050.0,130
JBBL,2026-08-14,322.0,338.0,26308
NIMBPO,2026-08-14,140.0,143.9,1930
SLBBL,2026-08-14,808.0,802.0,2156
NBL,2026-08-14,271.0,269.8,78599
SBCF,2026-08-14,9.67,9.41,2600
SGIC,2026-08-14,450.0,453.9,4867
SMATA,2026-08-14,728.0,722.0,927
TSHL,2026-08-14,371.0,361.0,4819
PBLD86,2026-08-14,1131.0,1102.0,2
TAMOR,2026-08-14,453.0,457.0,34204
UAIL,2026-08-14,435.1,435.6,10650
BEDC,2026-08-14,322.7,319.4,8965
SWMF,2026-08-14,607.2,615.0,4552
NRN,2026-08-14,1400.0,1390.0,77887
GBBL,2026-08-14,424.1,423.7,42406
API,2026-08-14,336.8,332.9,194581
NWCL,2026-08-14,690.0,690.0,1256
PMHPL,2026-08-14,319.9,316.0,3281
CORBL,2026-08-14,1055.5,1058.0,24515
SPC,2026-08-14,415.0,418.5,1359
TPC,2026-08-14,368.0,363.4,8555
NLIC,2026-08-14,734.0,731.9,14910
NIBD84,2026-08-14,1030.0,1034.1,50
SMJC,2026-08-14,435.2,432.2,12656
SLBSL,2026-08-14,948.0,945.9,1963
SNORL,2026-08-14,880.0,895.0,5560
SHPC,2026-08-14,504.9,495.1,36520
SHINE,2026-08-14,414.7,414.9,9260
SLCF,2026-08-14,10.25,9.7,6977
GVL,2026-08-14,474.6,477.0,4851
RBBD2088,2026-08-14,1053.0,1053.0,25
UPPER,2026-08-14,193.5,193.5,45764
BHCL,2026-08-14,492.0,522.1,158720
HLI,2026-08-14,319.9,320.8,21915
EDBL,2026-08-14,575.0,578.9,3124
MPFL,2026-08-14,638.0,633.3,19938
SONA,2026-08-14,401.0,403.0,9083
DORDI,2026-08-14,254.0,254.0,23277
DOLTI,2026-08-14,328.0,319.9,13200
SKBBL,2026-08-14,749.8,749.8,9853
RLEL,2026-08-14,853.0,890.0,10283
SBL,2026-08-14,414.0,411.0,54134
GRDBL,2026-08-14,1030.0,1041.0,2140
SMH,2026-08-14,510.0,512.0,7123
MKJC,2026-08-14,447.0,449.0,4278
SHINED,2026-08-14,1081.0,1081.0,25
SBLD2091,2026-08-14,1062.0,1062.0,25
ALBSL,2026-08-14,1081.0,1122.9,6912
SOPL,2026-08-14,800.0,796.0,21037
NIBSF2,2026-08-14,9.05,9.0,1290
NHPC,2026-08-14,258.4,268.0,219724
SHLB,2026-08-14,1392.0,1428.6,50
SPIL,2026-08-14,680.5,696.6,1870
KSY,2026-08-14,9.11,9.11,200
SBI,2026-08-14,398.0,404.9,11184
STC,2026-08-14,5200.0,5200.0,767
SNLI,2026-08-14,410.0,411.0,11916
GCIL,2026-08-14,342.1,344.0,7179
ICFC,2026-08-14,604.0,600.0,11549
SGHC,2026-08-14,308.0,299.0,112574
SANIMA,2026-08-14,371.0,370.0,66561
UNHPL,2026-08-14,380.0,374.0,13316
ENL,2026-08-14,805.0,823.9,220
MLBBL,2026-08-14,1047.1,1062.0,795
GBILD84/85,2026-08-14,1101.0,1101.1,40
SYPNL,2026-08-14,1350.0,1293.0,17666
NTC,2026-08-14,866.0,883.0,31170
PBD88,2026-08-14,1170.0,1170.0,25
SMFBS,2026-08-14,1522.0,1477.0,234
SSHL,2026-08-14,197.0,204.6,82517
TPKHL,2026-08-14,535.0,542.0,23246
SCB,2026-08-14,655.0,659.9,5995
SAPDBL,2026-08-14,823.0,787.8,41272
SAGF,2026-08-14,9.56,10.0,1200
ALICL,2026-08-14,419.0,420.0,7425
USLB,2026-08-14,1121.0,1121.0,140
ULBSL,2026-08-14,2625.0,2745.0,200
NMB50,2026-08-14,10.36,10.37,539
NIL,2026-08-14,609.5,609.0,2400
MERO,2026-08-14,665.0,665.0,302
NGPL,2026-08-14,392.6,414.9,262237
PRSF,2026-08-14,12.72,12.72,200
MEN,2026-08-14,618.1,615.0,92372
SDBD87,2026-08-14,1203.8,1167.7,12
GSY,2026-08-14,9.22,9.6,3500
SOHL,2026-08-14,670.0,671.0,158405
TTL,2026-08-14,680.0,714.0,6817
SGHL,2026-08-14,516.0,518.2,40393
VLBS,2026-08-14,653.4,658.0,948
NBF3,2026-08-14,9.72,9.72,14010
HPPL,2026-08-14,373.0,383.5,126149
KMCDB,2026-08-14,800.0,785.0,1672
MHL,2026-08-14,463.5,465.0,1564
CREST,2026-08-14,1238.8,1179.0,3882
GFCL,2026-08-14,604.0,603.0,5290
SJLIC,2026-08-14,412.0,414.5,3076
AKPL,2026-08-14,255.1,253.2,39240
CHDC,2026-08-14,2249.8,2228.0,7563
HURJA,2026-08-14,249.9,244.4,65095
ULHC,2026-08-14,341.1,342.0,63497
GILB,2026-08-14,1130.0,1133.7,1536
JFL,2026-08-14,391.0,380.3,4569
UMHL,2026-08-14,575.0,585.0,120565
SKHL,2026-08-14,948.1,870.0,61915
APHL,2026-08-14,810.0,805.0,6512
SHL,2026-08-14,511.9,504.4,6324
GUFL,2026-08-14,565.3,551.0,28635
IGI,2026-08-14,430.0,429.0,2259
NMBMF,2026-08-14,610.0,609.9,721
EBLD91,2026-08-14,1065.0,1062.0,50
HRL,2026-08-14,590.0,579.0,26117
CHCL,2026-08-14,481.0,478.9,66504
RSY2,2026-08-14,9.0,9.08,6150
SBID83,2026-08-14,1066.1,1050.0,47
BARUN,2026-08-14,325.0,320.0,15063
NADEP,2026-08-14,732.3,715.0,295
NABILD2089,2026-08-14,1060.0,1070.0,1507
GBIME,2026-08-14,251.0,252.9,97314
SMPDA,2026-08-14,760.0,753.0,956
ANLB,2026-08-14,5200.0,5320.0,999
RMF2,2026-08-14,10.1,10.1,5300
ECL,2026-08-14,1520.0,1534.1,11310
HIDCLP,2026-08-14,192.8,189.2,23278
MHNL,2026-08-14,242.1,244.9,20572
NYADI,2026-08-14,365.0,365.0,3461
MSLB,2026-08-14,1225.1,1245.0,2468
UHEWA,2026-08-14,620.0,628.9,31432
HATHY,2026-08-14,678.2,677.0,4648
BNHC,2026-08-14,300.3,282.9,13759
NABBC,2026-08-14,802.5,811.0,4769
UNL,2026-08-14,47400.0,47400.0,10
CYCL,2026-08-14,1235.0,1355.0,8893
AKJCL,2026-08-14,361.0,360.0,161617
CHL,2026-08-14,279.0,269.0,11467
PCBL,2026-08-14,239.2,241.9,29726
BJHL,2026-08-14,687.0,696.0,10979
UPCL,2026-08-14,349.0,348.0,18118
CIT,2026-08-14,1710.0,1700.0,3997
CLI,2026-08-14,433.0,440.0,14215
CSY,2026-08-14,9.0,8.25,78343
SPL,2026-08-14,630.0,658.0,2860
CBBL,2026-08-14,936.0,933.5,6833
NSIF2,2026-08-14,10.72,10.67,53199
RFPL,2026-08-14,353.0,339.2,17513
BHDC,2026-08-14,432.0,428.0,3377
SAHAS,2026-08-14,675.0,677.0,47545
BNT,2026-08-14,11625.0,11625.0,10
AHPC,2026-08-14,270.8,264.9,74965
CFCL,2026-08-14,615.0,639.0,169405
GMLI,2026-08-14,1070.0,1099.0,3071
NICGF2,2026-08-14,9.01,9.5,700
SARBTM,2026-08-14,797.7,794.9,6582
NICA,2026-08-14,325.0,324.4,34884
CKHL,2026-08-14,581.0,600.6,2230
EBL,2026-08-14,729.6,728.0,46601
AVYAN,2026-08-14,1097.9,1075.0,4570
HEI,2026-08-14,532.0,535.0,681
MKHC,2026-08-14,271.0,268.5,16650
ICFCD89,2026-08-14,1080.0,1092.0,100
GBIMESY2,2026-08-14,9.0,9.0,700
BGWT,2026-08-14,530.0,514.1,4811
MATRI,2026-08-14,800.0,814.0,202
BPCL,2026-08-14,650.1,644.9,9810
MHCL,2026-08-14,311.0,311.0,943
SICL,2026-08-14,614.0,613.0,2758
ADBLB87,2026-08-14,1000.0,1016.0,700000
LSH12,2026-08-14,9.0,9.38,6200
ACLBSL,2026-08-14,943.0,937.0,26
GBLBS,2026-08-14,730.0,722.9,7026
EHPL,2026-08-14,351.3,337.0,9870
BHL,2026-08-14,213.1,211.0,89659
SJCL,2026-08-14,269.0,269.9,4295
SIKLES,2026-08-14,560.0,564.5,9325
C30MF,2026-08-14,10.0,10.03,200
NUBL,2026-08-14,595.4,602.0,6130
MKCL,2026-08-14,1046.0,1048.0,4710
GLBSL,2026-08-14,1757.0,1732.0,275
MLBSL,2026-08-14,1310.0,1279.0,1892
LVF2,2026-08-14,9.13,9.13,700
BUNGAL,2026-08-14,585.0,580.1,13721
CZBIL,2026-08-14,205.0,202.7,37173
RAWA,2026-08-14,429.0,428.2,12202
NICLBSL,2026-08-14,550.0,554.9,2571
KBL,2026-08-14,225.0,216.8,155077
RBCL,2026-08-14,14200.0,14150.0,40
MBLEF,2026-08-14,10.4,10.38,2000
BANDIPUR,2026-08-14,685.0,693.5,20753
MSHL,2026-08-14,592.0,594.0,639
LSL,2026-08-14,225.0,219.0,83780
HDHPC,2026-08-14,213.5,212.0,104124
ADBL,2026-08-14,305.0,304.0,22448
LLBS,2026-08-14,890.0,889.9,519
ADBLD83,2026-08-14,1015.0,1015.0,49
BHPL,2026-08-14,479.0,489.9,13373
NIBLSTF,2026-08-14,8.81,8.57,118351
MCHL,2026-08-14,280.0,280.0,4417
HLICF,2026-08-14,8.5,8.6,1834
BFC,2026-08-14,494.0,485.0,24707
GMFBS,2026-08-14,1220.0,1158.0,140
KKHC,2026-08-14,335.0,352.3,552452
ILI,2026-08-14,413.1,417.0,3619
MLBS,2026-08-14,1115.0,1116.1,150
MBL,2026-08-14,254.5,249.0,98080
SAGAR,2026-08-14,1662.0,1653.0,8483
LBBL,2026-08-14,487.0,483.5,23176
SIGS3,2026-08-14,10.56,10.57,300
KSBBL,2026-08-14,478.0,479.4,6615
MABEL,2026-08-14,591.0,604.9,7838
MEL,2026-08-14,212.0,211.5,3652
SANVI,2026-08-14,590.0,587.0,5206
JHAPA,2026-08-14,1080.0,1084.9,2426
FMDBL,2026-08-14,790.0,830.0,43843
NBLD87,2026-08-14,1080.0,1080.0,27
LUK,2026-08-14,10.0,9.8,800
MMF1,2026-08-14,8.73,8.94,3400
SINDU,2026-08-14,714.0,684.0,3985
NRIC,2026-08-14,930.0,918.0,17583
NICL,2026-08-14,500.6,500.0,2687
SHEL,2026-08-14,308.0,306.0,36730
NESDO,2026-08-14,1425.0,1454.0,440
DHPL,2026-08-14,289.9,286.0,3493
DDBL,2026-08-14,855.0,853.0,6500
MKHL,2026-08-14,495.0,500.1,2856
NMBD2085,2026-08-14,1136.0,1136.0,25
MDB,2026-08-14,579.0,579.0,16567
MNBBL,2026-08-14,365.0,363.2,22120
SAPIL,2026-08-14,348.4,396.7,60
HFIN,2026-08-14,679.0,680.0,16249
HDL,2026-08-14,1120.0,1175.0,31231
NLG,2026-08-14,580.0,565.0,2330
IHL,2026-08-14,344.1,343.0,9094
FOWAD,2026-08-14,940.0,944.8,1813
MAKAR,2026-08-14,415.0,420.0,45197
KPCL,2026-08-14,474.5,463.2,4234
KDBY,2026-08-14,10.92,11.1,115392
HBL,2026-08-14,200.0,194.8,47292
GMFIL,2026-08-14,452.1,447.0,17149
YMHL,2026-08-14,615.0,623.0,17131
NABIL,2026-08-14,550.0,549.9,22999
KAHL,2026-08-14,530.0,536.0,21868
KBSH,2026-08-14,929.1,944.9,14920
CITY,2026-08-14,370.0,365.0,150226
MFIL,2026-08-14,729.0,757.0,20384
GIBF1,2026-08-14,10.5,10.69,1000
NMB,2026-08-14,254.6,242.8,35249
MLBL,2026-08-14,350.0,350.0,5948
HEIP,2026-08-14,320.1,320.1,10
BBC,2026-08-14,4210.0,4080.0,823
MNMF1,2026-08-14,9.5,9.69,10400
HHL,2026-08-14,340.1,343.5,24251
LICN,2026-08-14,775.0,778.0,1149
MANDU,2026-08-14,815.5,833.9,6279
HLBSL,2026-08-14,865.0,856.1,294
SIFC,2026-08-14,510.1,512.0,5438
JSLBB,2026-08-14,950.0,969.0,1685
JBLB,2026-08-14,1270.0,1263.4,5810
WNLB,2026-08-14,1300.0,1301.0,293
ICFCD83,2026-08-14,1032.0,1032.0,26
GLH,2026-08-14,253.0,261.1,43273
PBLD86,2026-08-13,1263.0,1131.0,3
JBBL,2026-08-13,337.9,338.1,9349
SJCL,2026-08-13,269.0,270.1,6941
PMHPL,2026-08-13,310.0,315.9,3684
NBL,2026-08-13,269.0,268.7,48880
KKHC,2026-08-13,327.0,320.0,343949
SARBTM,2026-08-13,790.0,797.7,6884
NLIC,2026-08-13,738.0,733.9,29188
GMLI,2026-08-13,1127.0,1098.0,1058
PCBL,2026-08-13,238.2,240.0,40163
MBLEF,2026-08-13,10.23,10.51,146895
MFIL,2026-08-13,745.0,766.7,38185
RHPL,2026-08-13,253.0,259.0,18313
SABBL,2026-08-13,935.0,951.0,14548
RADHI,2026-08-13,766.2,720.0,37315
NICL,2026-08-13,500.0,504.0,1969
SIFC,2026-08-13,500.3,509.8,5706
NMBD2085,2026-08-13,1150.0,1134.0,1
NIMBPO,2026-08-13,141.1,140.1,4909
MKCL,2026-08-13,1050.0,1052.0,625
TTL,2026-08-13,700.0,712.8,4544
ANLB,2026-08-13,5200.0,5400.0,1587
NIBSF2,2026-08-13,8.8,8.85,1898
SYPNL,2026-08-13,1340.0,1300.0,30086
SONA,2026-08-13,402.0,406.0,15164
CORBL,2026-08-13,1071.0,1055.1,24249
KDBY,2026-08-13,10.88,11.0,58048
SIPD,2026-08-13,672.0,680.0,33117
STC,2026-08-13,5271.0,5200.0,40
NBLD87,2026-08-13,1080.0,1080.0,25
MKJC,2026-08-13,440.6,450.0,5478
NLG,2026-08-13,571.0,571.0,3359
CZBIL,2026-08-13,205.1,204.9,32743
SCB,2026-08-13,650.0,658.0,8897
CHL,2026-08-13,260.0,272.0,26533
SFMF,2026-08-13,10.2,10.2,8475
IGI,2026-08-13,427.0,430.0,7975
SHL,2026-08-13,508.0,509.0,14077
MPFL,2026-08-13,610.0,632.5,26581
PSF,2026-08-13,11.84,12.0,6290
SBLD2091,2026-08-13,1031.1,1031.1,25
GMFBS,2026-08-13,1184.0,1180.0,397
UPCL,2026-08-13,350.5,348.5,20243
SCBD,2026-08-13,1133.0,1070.0,2
JHAPA,2026-08-13,1077.2,1092.8,4422
SNORL,2026-08-13,895.0,898.0,12482
SWASTIK,2026-08-13,1980.0,2015.0,570
SGHL,2026-08-13,520.0,516.0,57776
RLEL,2026-08-13,850.1,855.0,3485
NICSF,2026-08-13,8.6,8.89,1710
CIT,2026-08-13,1707.0,1713.6,4278
NTC,2026-08-13,892.5,865.0,7783
GHL,2026-08-13,233.9,256.7,1184057
DORDI,2026-08-13,248.5,254.0,25790
BHPL,2026-08-13,495.0,490.0,2861
GVL,2026-08-13,481.0,478.2,5081
RFPL,2026-08-13,331.1,347.0,38665
NABBC,2026-08-13,802.0,806.7,11357
ILI,2026-08-13,413.0,416.0,5766
CHCL,2026-08-13,481.0,482.1,7613
SRLI,2026-08-13,370.0,371.9,15966
SBID83,2026-08-13,1036.0,1035.1,25
BJHL,2026-08-13,683.0,687.0,8562
SPDL,2026-08-13,377.9,375.0,54290
UHEWA,2026-08-13,600.0,633.0,87365
GLBSL,2026-08-13,1735.0,1757.0,256
GFCL,2026-08-13,598.0,603.9,6543
MCHL,2026-08-13,282.0,280.0,1799
JFL,2026-08-13,385.0,386.9,7016
NIFRAGED,2026-08-13,1010.1,1010.1,25
SBL,2026-08-13,413.0,413.5,54402
SAEF2,2026-08-13,9.0,9.02,8395
RMF2,2026-08-13,9.9,10.1,11200
SGHC,2026-08-13,308.0,304.0,67846
RNLI,2026-08-13,421.5,426.4,14413
NMBHF2,2026-08-13,9.55,9.75,1850
PHCL,2026-08-13,296.1,304.0,103060
NICA,2026-08-13,326.0,325.0,30045
SOPL,2026-08-13,800.0,805.0,20489
UPPER,2026-08-13,191.5,193.5,74115
SMB,2026-08-13,1893.3,1822.0,1325
SAGAR,2026-08-13,1596.0,1700.0,6433
SWMF,2026-08-13,611.0,614.0,761
SWBBL,2026-08-13,663.0,672.0,3419
FOWAD,2026-08-13,944.0,939.0,532
SEF2,2026-08-13,9.2,9.1,8545
SBCF,2026-08-13,9.32,9.39,2400
KMCDB,2026-08-13,795.0,780.0,4044
NWCL,2026-08-13,680.4,690.0,740
MEL,2026-08-13,208.1,212.0,50473
LSH12,2026-08-13,9.0,9.03,3950
MDB,2026-08-13,575.0,583.7,864
EHPL,2026-08-13,345.0,334.6,4543
ULHC,2026-08-13,372.0,359.0,61187
NRN,2026-08-13,1501.5,1419.8,116925
NICFC,2026-08-13,9.1,9.07,3500
RBBF40,2026-08-13,9.1,9.19,12144
SPL,2026-08-13,637.0,638.6,145
SJLIC,2026-08-13,408.0,415.0,7379
UMRH,2026-08-13,525.6,532.0,2027
ECL,2026-08-13,1530.0,1559.9,14370
SBI,2026-08-13,402.0,404.0,86849
GBBD85,2026-08-13,1061.2,1061.0,50
PBD88,2026-08-13,1200.0,1200.0,60
SANVI,2026-08-13,590.0,595.0,8995
BGWT,2026-08-13,528.0,530.0,3018
SINDU,2026-08-13,718.8,680.0,6512
RAWA,2026-08-13,423.7,427.3,11088
SAPIL,2026-08-13,300.0,345.0,70
MNMF1,2026-08-13,9.5,9.5,800
PBD84,2026-08-13,1070.0,1070.0,25
NSY,2026-08-13,9.16,9.21,1700
GSY,2026-08-13,9.5,9.35,2900
SMH,2026-08-13,507.5,510.0,3808
RIDI,2026-08-13,393.7,371.0,260835
SOHL,2026-08-13,690.0,680.0,228872
GIBF1,2026-08-13,10.7,10.8,1900
RLFL,2026-08-13,426.5,449.0,16401
WNLB,2026-08-13,1316.0,1332.0,120
YMHL,2026-08-13,626.0,623.0,13280
RSY2,2026-08-13,9.0,9.12,9241
RMF1,2026-08-13,9.61,9.57,500
SMATA,2026-08-13,720.1,728.0,1879
NUBL,2026-08-13,600.1,601.2,1128
ACLBSL,2026-08-13,915.1,943.0,182
SHEL,2026-08-13,303.5,306.7,89508
NMB,2026-08-13,243.0,242.5,24299
MBL,2026-08-13,254.0,254.8,43542
SPIL,2026-08-13,690.0,697.8,882
PMLI,2026-08-13,430.1,431.0,1668
EBL,2026-08-13,724.0,722.0,12437
MLBBL,2026-08-13,1070.0,1062.5,1969
CLI,2026-08-13,430.0,432.0,9320
NYADI,2026-08-13,362.2,366.0,3860
PRVU,2026-08-13,189.0,190.0,131968
SPC,2026-08-13,411.1,418.0,1214
BHDC,2026-08-13,422.2,431.0,5400
MSHL,2026-08-13,589.1,602.0,189
NLICL,2026-08-13,567.7,568.0,2823
MEHL,2026-08-13,287.0,288.7,3934
GBLBS,2026-08-13,730.3,743.6,3087
UNHPL,2026-08-13,380.0,379.0,17997
KBSH,2026-08-13,950.0,957.8,18544
SFEF,2026-08-13,9.85,9.81,23600
VLUCL,2026-08-13,416.0,413.0,4982
UMHL,2026-08-13,562.0,581.0,202657
DLBS,2026-08-13,1150.0,1163.2,257
RURU,2026-08-13,610.0,610.1,2093
NIBLGF,2026-08-13,8.89,8.81,25750
BOKD86,2026-08-13,1111.0,1111.0,355
BHCL,2026-08-13,486.2,488.6,16230
SLCF,2026-08-13,9.8,10.0,6300
TAMOR,2026-08-13,451.1,453.0,19705
SAHAS,2026-08-13,672.0,675.0,50827
CBBL,2026-08-13,933.0,935.0,7611
AKJCL,2026-08-13,364.0,363.0,229686
NMBMF,2026-08-13,600.1,605.0,51
BPCL,2026-08-13,645.0,649.0,14205
LEC,2026-08-13,207.0,224.5,266088
PPCL,2026-08-13,335.5,337.0,24770
MKHC,2026-08-13,269.0,271.0,22052
RHGCL,2026-08-13,262.5,265.0,41238
OMPL,2026-08-13,896.1,911.0,1537
ULBSL,2026-08-13,2625.0,2748.0,580
SLBBL,2026-08-13,800.0,810.0,5034
HDHPC,2026-08-13,208.8,213.5,211893
NIL,2026-08-13,620.0,609.5,2408
NBF2,2026-08-13,10.05,9.88,1900
PBLD84,2026-08-13,1070.0,1070.0,100
JOSHI,2026-08-13,279.0,284.9,36722
SADBL,2026-08-13,408.0,413.5,13051
MLBS,2026-08-13,1140.0,1138.0,285
USHL,2026-08-13,556.5,537.9,1502
MMF1,2026-08-13,8.8,9.0,1000
SIGS3,2026-08-13,10.53,10.65,15300
NHPC,2026-08-13,271.9,271.9,241188
GRDBL,2026-08-13,1034.0,1049.0,8894
TSHL,2026-08-13,379.0,368.0,1375
HIDCL,2026-08-13,267.0,258.8,50911
CSY,2026-08-13,8.81,9.0,3429
MMKJL,2026-08-13,449.0,446.0,1998
HLBSL,2026-08-13,887.0,879.0,262
MLBSL,2026-08-13,1234.1,1310.0,3558
ADBL,2026-08-13,302.0,304.8,70052
VLBS,2026-08-13,650.3,658.1,2737
NICGF2,2026-08-13,8.91,8.99,800
BHL,2026-08-13,208.0,212.0,193280
TVCL,2026-08-13,470.0,472.1,3089
SPHL,2026-08-13,520.0,530.7,11100
GWFD83,2026-08-13,1054.3,1085.0,1
CHDC,2026-08-13,2216.1,2225.0,8348
NMFBS,2026-08-13,1106.0,1108.8,2053
LSL,2026-08-13,217.7,220.6,36922
DHEL,2026-08-13,598.0,600.0,17918
HFIN,2026-08-13,669.0,679.0,18355
MBJC,2026-08-13,252.9,267.0,18648
NSIF2,2026-08-13,10.68,10.89,50500
BANDIPUR,2026-08-13,678.0,685.5,18749
UNLB,2026-08-13,1275.0,1269.9,590
APHL,2026-08-13,810.0,810.0,5280
NRIC,2026-08-13,939.9,926.0,9394
BNHC,2026-08-13,267.6,286.0,14315
MAKAR,2026-08-13,412.0,411.0,42802
MEN,2026-08-13,616.0,614.9,43318
NABIL,2026-08-13,550.0,550.0,20477
GILB,2026-08-13,1090.0,1110.0,6744
SALICO,2026-08-13,602.9,598.9,2941
JBBD87,2026-08-13,1106.1,1106.1,25
KEF,2026-08-13,10.84,10.97,353620
SGIC,2026-08-13,453.0,457.0,4315
CYCL,2026-08-13,1298.8,1300.0,5611
NADEP,2026-08-13,710.0,711.0,556
NHDL,2026-08-13,644.9,623.2,4798
CIZBD90,2026-08-13,1220.0,1220.0,50
C30MF,2026-08-13,10.0,10.0,200
SAIL,2026-08-13,1080.0,1100.0,27795
TRH,2026-08-13,825.0,835.0,7467
CITY,2026-08-13,372.0,370.3,39521
PPL,2026-08-13,308.0,327.0,16807
SLBSL,2026-08-13,927.0,947.8,318
USHEC,2026-08-13,469.3,500.0,12400
SHPC,2026-08-13,492.0,496.0,25281
NMLBBL,2026-08-13,519.0,520.0,2106
PRSF,2026-08-13,12.78,12.82,11700
ICFC,2026-08-13,595.0,603.0,4175
CKHL,2026-08-13,595.0,610.0,3805
MSLB,2026-08-13,1252.4,1260.0,928
OHL,2026-08-13,660.0,668.0,1214
RSY,2026-08-13,10.25,10.5,280158
LVF2,2026-08-13,9.1,9.11,400
KBL,2026-08-13,219.0,218.0,170849
HPPL,2026-08-13,373.0,380.5,66373
SMHL,2026-08-13,492.9,496.0,23987
KSY,2026-08-13,9.1,9.3,500
ILBS,2026-08-13,888.0,893.0,5108
RBCL,2026-08-13,14200.0,14200.0,10
UAIL,2026-08-13,432.2,436.1,2909
NIFRA,2026-08-13,252.4,252.0,84245
EDBL,2026-08-13,585.0,587.0,7901
MATRI,2026-08-13,802.0,805.0,1018
JBLB,2026-08-13,1254.1,1260.0,2685
GMFIL,2026-08-13,448.1,455.0,8448
SKHL,2026-08-13,840.0,998.0,51863
LBBL,2026-08-13,484.1,487.0,14585
SANIMA,2026-08-13,366.0,371.8,107424
PRIN,2026-08-13,656.0,664.5,1177
MNBBL,2026-08-13,366.0,365.0,16506
SAGF,2026-08-13,10.0,9.8,800
SSHL,2026-08-13,200.0,206.4,207956
NBF3,2026-08-13,9.58,9.72,9140
NICLBSL,2026-08-13,546.0,550.0,4625
MERO,2026-08-13,660.2,662.0,2521
MKHL,2026-08-13,519.8,500.0,1664
HEIP,2026-08-13,318.2,330.0,26174
EBLD91,2026-08-13,1040.4,1051.1,75
HATHY,2026-08-13,676.0,677.0,1764
TPKHL,2026-08-13,522.5,542.0,15904
LICN,2026-08-13,774.0,775.5,3982
PCIL,2026-08-13,622.0,650.9,116719
NRM,2026-08-13,305.0,303.0,7655
BFC,2026-08-13,497.0,494.0,8753
GBILD86/87,2026-08-13,1128.0,1065.1,3
KDL,2026-08-13,799.0,775.0,225
NGPL,2026-08-13,416.7,413.2,126937
DDBL,2026-08-13,848.0,855.0,7676
GLH,2026-08-13,255.7,263.8,102439
SMJC,2026-08-13,435.0,438.0,23536
LLBS,2026-08-13,860.0,885.0,443
HBL,2026-08-13,193.3,195.0,42981
RSDC,2026-08-13,655.5,645.0,1674
NIMB,2026-08-13,193.1,195.4,114884
HDL,2026-08-13,1124.3,1166.0,11207
KSBBLD87,2026-08-13,1100.0,1100.0,25
CGH,2026-08-13,790.9,784.7,5159
RSML,2026-08-13,2423.0,2546.1,21911
CCBD88,2026-08-13,1205.0,1175.0,25
GBIMESY2,2026-08-13,8.86,9.0,1938
SMPDA,2026-08-13,746.0,749.9,780
ALBSL,2026-08-13,1071.0,1125.0,13675
DHPL,2026-08-13,280.0,289.9,2039
TPC,2026-08-13,344.9,362.2,15375
AKPL,2026-08-13,256.5,255.9,68380
RBCLPO,2026-08-13,11225.0,11225.0,40
SKBBL,2026-08-13,755.0,746.7,4097
GBIMEP,2026-08-13,100.0,100.0,8622
BEDC,2026-08-13,314.0,319.0,22277
AHL,2026-08-13,415.0,413.0,1853
MHL,2026-08-13,462.2,470.0,4009
BUNGAL,2026-08-13,586.0,585.0,16109
NCCD86,2026-08-13,1116.0,1065.0,2
MABEL,2026-08-13,590.09,590.6,5161
HRL,2026-08-13,581.1,583.0,37628
KAHL,2026-08-13,508.0,539.0,23312
KSBBL,2026-08-13,475.0,479.0,22050
MLBL,2026-08-13,348.0,351.0,15180
SICL,2026-08-13,619.0,614.0,1680
JSLBB,2026-08-13,962.0,960.0,622
NESDO,2026-08-13,1451.0,1466.9,185
GBIME,2026-08-13,249.9,251.6,138101
KHPL,2026-08-13,772.6,808.0,6003
SMFBS,2026-08-13,1485.0,1450.0,2224
HLI,2026-08-13,317.0,319.9,14374
API,2026-08-13,333.9,331.6,164167
USLB,2026-08-13,1135.0,1121.5,626
MANDU,2026-08-13,802.0,811.9,5745
HHL,2026-08-13,332.0,339.0,16549
HURJA,2026-08-13,240.0,245.8,158691
BNT,2026-08-13,11500.0,11899.0,157
SKHEL,2026-08-13,956.3,970.0,2537
NMIC,2026-08-13,944.4,907.0,5643
LUK,2026-08-13,10.1,9.73,69315
PURE,2026-08-13,807.1,820.0,2680
SAPDBL,2026-08-13,790.0,799.9,20299
ICFCD89,2026-08-13,1077.4,1092.0,275
HEI,2026-08-13,537.0,532.0,7966
SIKLES,2026-08-13,555.0,560.0,8363
HLICF,2026-08-13,8.78,8.41,700
CREST,2026-08-13,1244.2,1179.9,2583
DOLTI,2026-08-13,318.0,318.7,22049
HIMSTAR,2026-08-13,702.3,701.3,2030
NFS,2026-08-13,575.0,562.1,3649
MHNL,2026-08-13,228.0,244.0,18187
ALICL,2026-08-13,422.0,419.0,5207
KPCL,2026-08-13,474.9,466.0,4254
H8020,2026-08-13,11.71,11.8,700
NIBLSTF,2026-08-13,8.56,8.56,650
GCIL,2026-08-13,340.1,346.0,3656
FMDBL,2026-08-13,788.7,776.0,18971
ICFCD88,2026-08-13,1105.0,1125.0,50
ENL,2026-08-13,821.6,803.7,320
SHLB,2026-08-13,1413.1,1390.0,291
IHL,2026-08-13,346.0,344.4,7700
MHCL,2026-08-13,308.0,315.5,5244
LBLD86,2026-08-13,1139.0,1083.0,2
GUFL,2026-08-13,580.0,568.1,25728
GBBL,2026-08-13,414.0,424.3,18886
PROFL,2026-08-13,415.0,421.7,2936
MEPDL,2026-08-13,355.3,396.7,220
SNLI,2026-08-13,410.0,408.7,19401
CFCL,2026-08-13,630.0,646.0,190495
AHPC,2026-08-13,265.0,265.9,77596
BARUN,2026-08-13,318.1,323.0,27331
AVYAN,2026-08-13,1055.0,1089.0,10071
BBC,2026-08-13,4200.0,4200.0,102
SHIVM,2026-08-13,642.0,632.5,37300
HIDCLP,2026-08-13,182.0,189.4,56677
SHINE,2026-08-13,414.9,414.7,10351
GHL,2026-08-12,230.0,229.4,48393
IHL,2026-08-12,337.0,341.0,1410
TPKHL,2026-08-12,550.0,550.0,19197
JBLB,2026-08-12,1250.0,1270.0,1870
CHCL,2026-08-12,482.1,481.0,9938
KDBY,2026-08-12,10.83,10.98,139886
GUFL,2026-08-12,575.0,576.0,14101
DHEL,2026-08-12,610.0,602.0,18205
NIL,2026-08-12,606.0,606.2,6410
CSY,2026-08-12,8.87,9.07,4000
NMBHF2,2026-08-12,9.5,9.55,1200
GLBSL,2026-08-12,1740.0,1753.0,206
KSBBL,2026-08-12,468.0,474.9,26203
NHPC,2026-08-12,260.3,271.9,123741
SIKLES,2026-08-12,553.1,555.9,3588
HRL,2026-08-12,596.3,581.0,32750
CREST,2026-08-12,1247.4,1185.0,4136
PHCL,2026-08-12,300.0,298.5,25852
SKBBL,2026-08-12,750.0,746.2,5261
NICL,2026-08-12,500.0,500.0,2876
SCB,2026-08-12,650.0,650.0,4802
APHL,2026-08-12,830.0,815.0,11981
ICFC,2026-08-12,598.0,595.0,8451
BEDC,2026-08-12,323.0,316.0,10321
LSH12,2026-08-12,9.1,9.05,12750
HLBSL,2026-08-12,863.0,875.0,737
PCBL,2026-08-12,240.0,240.0,28515
SICL,2026-08-12,612.4,615.0,5969
PPL,2026-08-12,310.0,324.0,11444
SPHL,2026-08-12,517.0,519.9,3101
NMBMF,2026-08-12,600.0,599.0,1699
SIFC,2026-08-12,504.0,503.2,3182
SYPNL,2026-08-12,1322.0,1298.0,32019
IGI,2026-08-12,428.0,427.1,2967
ICFCD83,2026-08-12,1234.1,1049.0,42
RURU,2026-08-12,611.0,608.1,1239
STC,2026-08-12,5210.0,5200.0,896
GBBL,2026-08-12,420.0,419.5,24874
SMJC,2026-08-12,450.0,442.0,9512
UNL,2026-08-12,47700.0,47700.0,10
GMLI,2026-08-12,1105.0,1095.0,1005
NICLBSL,2026-08-12,540.0,548.5,5770
SNORL,2026-08-12,901.1,903.0,8916
RBBF40,2026-08-12,9.2,9.1,32410
SFMF,2026-08-12,10.2,10.3,2519
RHPL,2026-08-12,253.3,253.6,11184
PROFL,2026-08-12,416.0,417.2,2175
NICFC,2026-08-12,9.2,9.3,4529
SBLD2091,2026-08-12,1041.8,1041.8,25
NYADI,2026-08-12,365.0,368.9,7375
RIDI,2026-08-12,377.0,375.0,275981
NABBC,2026-08-12,832.0,813.1,11627
NMB,2026-08-12,251.0,242.9,34208
SINDU,2026-08-12,704.9,684.6,8940
C30MF,2026-08-12,10.0,10.0,120
SAIL,2026-08-12,1150.0,1093.0,15742
SGIC,2026-08-12,453.0,452.8,7484
ULBSL,2026-08-12,2625.0,2733.0,330
PMLI,2026-08-12,436.0,432.9,23192
RLEL,2026-08-12,865.0,855.0,18108
ULHC,2026-08-12,425.0,371.2,45339
SMH,2026-08-12,512.0,509.4,7468
VLUCL,2026-08-12,411.0,414.9,1575
SPL,2026-08-12,630.0,640.0,380
LLBS,2026-08-12,908.0,885.0,518
SIPD,2026-08-12,678.0,675.0,7484
RLFL,2026-08-12,452.9,448.9,27609
ALBSL,2026-08-12,1070.0,1114.0,4715
GBIMESY2,2026-08-12,9.06,9.11,600
H8020,2026-08-12,11.72,12.07,600
SKHEL,2026-08-12,975.0,970.0,1381
LEC,2026-08-12,218.0,217.8,35487
TVCL,2026-08-12,475.1,474.0,2990
HEIP,2026-08-12,328.0,328.0,10
RBCL,2026-08-12,14110.0,14025.0,100
SMHL,2026-08-12,496.0,492.9,48400
SFEF,2026-08-12,10.0,9.8,49410
LBBL,2026-08-12,485.0,485.0,17555
NLG,2026-08-12,559.0,571.0,13229
AKPL,2026-08-12,255.0,252.0,57770
RSDC,2026-08-12,637.1,638.4,492
CHDC,2026-08-12,2180.0,2238.0,18189
NWCL,2026-08-12,684.0,690.0,1087
SOPL,2026-08-12,810.0,801.1,21064
NRN,2026-08-12,1350.0,1430.0,224771
SMATA,2026-08-12,720.6,724.5,799
AHPC,2026-08-12,267.0,264.0,62813
YMHL,2026-08-12,612.0,626.0,22832
SEF,2026-08-12,10.2,10.05,16500
MBLEF,2026-08-12,10.13,10.34,137100
NICBF,2026-08-12,9.5,9.2,600
LSL,2026-08-12,221.1,220.9,70498
NBF2,2026-08-12,9.85,9.84,220
OMPL,2026-08-12,895.1,900.0,3540
CBBL,2026-08-12,928.2,933.0,5915
MHCL,2026-08-12,314.0,312.0,1765
SPDL,2026-08-12,360.9,370.5,31236
HATHY,2026-08-12,681.0,676.0,4187
NIMBD90,2026-08-12,1217.0,1217.0,3000
SIGS3,2026-08-12,10.6,10.6,1140
MNBBL,2026-08-12,368.8,365.0,39825
UNHPL,2026-08-12,368.0,377.9,24865
JHAPA,2026-08-12,1040.4,1087.9,3313
BUNGAL,2026-08-12,591.0,588.0,10866
SLBSL,2026-08-12,925.0,927.0,2356
AVYAN,2026-08-12,1043.0,1060.0,2924
NTC,2026-08-12,861.0,862.1,5408
RMF1,2026-08-12,10.02,9.84,55300
WNLB,2026-08-12,1355.0,1315.0,255
NICA,2026-08-12,330.0,325.1,31814
MSHL,2026-08-12,600.0,601.0,288
HIMSTAR,2026-08-12,724.9,715.0,3402
SMFBS,2026-08-12,1603.3,1499.0,660
PPCL,2026-08-12,321.0,335.5,6280
SLBBL,2026-08-12,794.0,797.0,3175
NABIL,2026-08-12,551.0,550.0,27049
NABILD2089,2026-08-12,1050.0,1068.1,531
MHNL,2026-08-12,254.1,240.0,4858
ACLBSL,2026-08-12,927.9,943.0,628
SGHC,2026-08-12,310.0,306.9,56056
NLIC,2026-08-12,742.0,738.8,14922
PRIN,2026-08-12,669.5,666.9,4500
RSML,2026-08-12,2600.0,2550.1,23929
BGWT,2026-08-12,545.0,537.6,567
SONA,2026-08-12,405.0,402.4,12928
LBLD86,2026-08-12,1210.0,1139.0,3
NFS,2026-08-12,565.0,565.0,17373
MBL,2026-08-12,254.0,254.0,33624
TAMOR,2026-08-12,451.1,451.0,46091
SBCF,2026-08-12,9.6,9.36,170993
DOLTI,2026-08-12,321.0,318.0,7455
SJLIC,2026-08-12,405.2,412.0,14107
KAHL,2026-08-12,539.0,532.0,46191
CFCL,2026-08-12,625.1,650.0,343174
NADEP,2026-08-12,701.3,720.0,209
HLICF,2026-08-12,8.5,8.53,1500
SHPC,2026-08-12,498.0,494.9,10919
PCIL,2026-08-12,620.0,623.0,26706
HIDCL,2026-08-12,251.8,265.0,163995
MMF1,2026-08-12,8.72,9.01,8950
AHL,2026-08-12,410.0,416.5,1032
SKHL,2026-08-12,870.2,883.0,8193
UPCL,2026-08-12,354.8,350.0,18520
MLBSL,2026-08-12,1370.0,1299.0,7755
PBD88,2026-08-12,1172.0,1170.0,25
RSY2,2026-08-12,9.01,9.08,9600
SADBL,2026-08-12,413.0,409.9,25395
SWASTIK,2026-08-12,1980.0,2015.0,345
JSLBB,2026-08-12,977.9,967.1,58
SLCF,2026-08-12,9.21,9.72,8100
PRSF,2026-08-12,12.78,12.79,1100
SHIVM,2026-08-12,640.0,632.1,61657
NHDL,2026-08-12,631.0,642.0,1749
SWBBL,2026-08-12,701.0,676.0,1383
BJHL,2026-08-12,681.0,684.0,7016
SJCL,2026-08-12,267.1,271.0,3396
PRVU,2026-08-12,190.0,189.4,58663
UMHL,2026-08-12,560.0,575.2,46874
NIBD84,2026-08-12,1030.3,1030.3,25
SPIL,2026-08-12,677.0,694.0,3464
NGPL,2026-08-12,441.0,415.0,255946
MND84/85,2026-08-12,1052.2,1052.2,100
SABBL,2026-08-12,930.0,955.0,11943
CORBLP,2026-08-12,100.0,100.0,56175
TRH,2026-08-12,799.0,825.0,8206
NICGF2,2026-08-12,9.01,9.08,1590
ADBLD83,2026-08-12,1025.0,1025.0,100
USHEC,2026-08-12,497.1,494.0,10090
SSHL,2026-08-12,200.0,200.0,53949
NBLD87,2026-08-12,1080.0,1074.0,5
NMIC,2026-08-12,915.0,901.0,1137
MERO,2026-08-12,663.0,663.1,1814
CORBL,2026-08-12,1174.0,1086.0,38077
LUK,2026-08-12,10.28,10.15,13300
KSY,2026-08-12,9.6,9.36,2130
BFC,2026-08-12,499.0,493.9,28745
UAIL,2026-08-12,430.3,435.0,4591
USLB,2026-08-12,1105.0,1115.0,549
EBLD91,2026-08-12,1061.0,1061.0,25
NIFRAGED,2026-08-12,1020.0,1020.0,25
TPC,2026-08-12,368.0,363.0,12403
SAGAR,2026-08-12,1700.0,1680.0,7720
NRIC,2026-08-12,927.0,922.0,10977
GIBF1,2026-08-12,10.68,10.69,3400
LVF2,2026-08-12,9.43,9.31,8933
BHCL,2026-08-12,466.0,493.0,12040
GBIME,2026-08-12,238.2,250.0,189235
SAPDBL,2026-08-12,800.0,791.3,14082
ILBS,2026-08-12,885.0,875.0,88
NUBL,2026-08-12,603.0,600.1,4091
MCHL,2026-08-12,280.0,280.0,2155
BHDC,2026-08-12,433.0,428.5,2217
ALICL,2026-08-12,428.7,418.0,9785
RFPL,2026-08-12,342.5,336.5,9817
MPFL,2026-08-12,618.0,624.0,15931
MFIL,2026-08-12,761.0,783.0,27501
MEHL,2026-08-12,283.0,287.0,3555
FOWAD,2026-08-12,930.0,935.0,1563
OHL,2026-08-12,656.0,670.0,2724
NBF3,2026-08-12,9.57,9.59,3700
SALICO,2026-08-12,600.0,589.0,618
BANDIPUR,2026-08-12,700.0,685.0,7274
ECL,2026-08-12,1530.0,1575.0,29731
PMHPL,2026-08-12,314.0,315.0,2826
CKHL,2026-08-12,582.0,609.0,1641
NMFBS,2026-08-12,1101.0,1115.0,3265
PSF,2026-08-12,11.86,12.0,5400
SPC,2026-08-12,414.0,417.8,1106
GSY,2026-08-12,9.7,9.5,1150
MEPDL,2026-08-12,300.0,345.0,150
SEF2,2026-08-12,8.78,9.21,21470
GILB,2026-08-12,1051.8,1078.0,89
MHL,2026-08-12,466.0,464.0,2741
GLH,2026-08-12,258.0,257.2,13752
CIT,2026-08-12,1709.9,1704.7,3114
MKHL,2026-08-12,495.0,500.0,3148
SRLI,2026-08-12,368.0,370.0,5232
BARUN,2026-08-12,319.1,317.5,16723
KKHC,2026-08-12,316.0,324.0,341070
SGHL,2026-08-12,498.0,519.0,55196
RHGCL,2026-08-12,260.0,257.0,13470
MABEL,2026-08-12,592.1,590.1,3649
RSY,2026-08-12,10.11,10.4,11300
RADHI,2026-08-12,700.0,729.8,142030
MKJC,2026-08-12,455.0,448.0,5717
BNHC,2026-08-12,290.0,281.6,12650
NIMBPO,2026-08-12,143.1,141.0,16572
MBJC,2026-08-12,261.0,265.5,11114
GCIL,2026-08-12,346.0,342.0,11274
UNLB,2026-08-12,1237.0,1269.8,51
MDB,2026-08-12,571.0,579.8,2881
RNLI,2026-08-12,421.1,421.5,18238
KDL,2026-08-12,770.0,779.8,572
SARBTM,2026-08-12,780.0,794.9,2771
RAWA,2026-08-12,429.0,423.8,9538
KMCDB,2026-08-12,800.0,796.3,6542
NESDO,2026-08-12,1430.0,1450.0,917
DORDI,2026-08-12,247.0,250.0,9600
MMKJL,2026-08-12,450.0,449.9,1475
JFL,2026-08-12,385.0,388.0,4317
SHL,2026-08-12,502.0,508.0,23413
NICSF,2026-08-12,8.8,8.83,33117
VLBS,2026-08-12,650.1,662.0,1494
MLBBL,2026-08-12,1085.0,1067.0,4754
SANIMA,2026-08-12,369.0,366.0,143595
NMLBBL,2026-08-12,519.0,514.0,2671
JBBL,2026-08-12,338.0,336.0,33905
NBL,2026-08-12,264.0,267.0,40763
KEF,2026-08-12,10.59,10.83,366136
SAHAS,2026-08-12,705.0,672.0,71678
NIBLSTF,2026-08-12,8.5,8.55,8722
MSLB,2026-08-12,1246.1,1252.4,313
MAKAR,2026-08-12,420.1,415.0,18753
CZBIL,2026-08-12,203.0,203.9,32544
TTL,2026-08-12,715.0,714.9,5674
NSY,2026-08-12,9.0,9.4,25500
NIMB,2026-08-12,201.0,193.1,47338
HEI,2026-08-12,525.0,537.9,341
ADBL,2026-08-12,301.0,304.0,34081
MEN,2026-08-12,641.0,614.0,67448
ILI,2026-08-12,407.0,413.0,3607
DDBL,2026-08-12,850.0,850.0,15008
CLI,2026-08-12,437.2,432.0,21143
PBLD86,2026-08-12,1383.2,1263.0,4
GBBD85,2026-08-12,1060.1,1061.0,35
SBL,2026-08-12,411.0,410.9,44649
CYCL,2026-08-12,1265.1,1237.0,2655
NSIF2,2026-08-12,10.7,10.87,12306
SANVI,2026-08-12,570.0,599.5,6572
CGH,2026-08-12,775.0,778.0,6251
SHINE,2026-08-12,410.0,410.0,15638
EHPL,2026-08-12,345.5,336.0,24313
HDL,2026-08-12,1120.0,1166.0,17422
CHL,2026-08-12,260.0,264.0,9457
ICFCD88,2026-08-12,1115.0,1130.0,75
DLBS,2026-08-12,1145.1,1147.0,408
CITY,2026-08-12,366.1,372.0,89313
USHL,2026-08-12,509.0,530.0,2798
GMFBS,2026-08-12,1115.0,1152.0,222
ANLB,2026-08-12,5200.0,5305.0,2070
SNLI,2026-08-12,412.0,409.0,20127
HFIN,2026-08-12,676.0,669.0,14769
KHPL,2026-08-12,823.7,800.1,6691
HDHPC,2026-08-12,197.6,207.0,51851
UMRH,2026-08-12,528.1,530.0,1642
MANDU,2026-08-12,796.0,802.0,1452
MKCL,2026-08-12,1060.0,1050.0,4366
PURE,2026-08-12,816.0,829.0,11760
SMPDA,2026-08-12,748.0,746.0,833
SAEF2,2026-08-12,9.0,9.08,8590
SHLB,2026-08-12,1430.0,1456.0,431
MEL,2026-08-12,208.6,208.1,37000
NCCD86,2026-08-12,1185.0,1116.0,3
NIFRA,2026-08-12,244.0,252.4,83476
GWFD83,2026-08-12,1085.0,1054.3,11
SHEL,2026-08-12,303.3,305.0,26751
EDBL,2026-08-12,587.9,583.5,2655
GMFIL,2026-08-12,452.0,449.1,13326
NLICL,2026-08-12,569.5,565.0,7501
MKHC,2026-08-12,275.0,267.0,25356
HBL,2026-08-12,194.0,195.0,118391
FMDBL,2026-08-12,790.0,788.7,35577
KBLD89,2026-08-12,1274.0,1257.0,1105
SBLD84,2026-08-12,1045.1,1045.1,25
JOSHI,2026-08-12,284.4,277.9,39905
SOHL,2026-08-12,670.0,690.0,319127
SBLD89,2026-08-12,1228.1,1228.1,20
API,2026-08-12,339.8,331.0,116519
BHL,2026-08-12,208.0,207.7,23636
GBLBS,2026-08-12,729.3,749.9,989
DHPL,2026-08-12,282.1,283.0,3173
TSHL,2026-08-12,362.0,369.0,2458
NIBLGF,2026-08-12,8.9,8.89,201855
PRVUPO,2026-08-12,104.0,104.0,13000
NRM,2026-08-12,304.0,303.3,4792
SWMF,2026-08-12,606.0,615.0,2435
EBLD86,2026-08-12,1070.0,1070.0,25
HIDCLP,2026-08-12,188.1,187.5,26415
UPPER,2026-08-12,192.0,191.5,47254
BHPL,2026-08-12,499.0,485.0,1640
ENL,2026-08-12,800.0,847.0,1388
AKJCL,2026-08-12,350.0,363.8,259591
KBL,2026-08-12,226.8,219.0,394307
GFCL,2026-08-12,603.0,598.0,4471
BNT,2026-08-12,11550.0,11600.0,110
BBC,2026-08-12,4181.0,4200.0,271
MATRI,2026-08-12,815.0,801.1,349
BPCL,2026-08-12,653.0,655.0,22253
UHEWA,2026-08-12,661.0,610.0,34069
HHL,2026-08-12,330.0,332.1,20260
GVL,2026-08-12,475.3,481.0,8931
HPPL,2026-08-12,373.0,379.0,113217
NIBSF2,2026-08-12,8.87,8.83,800
HURJA,2026-08-12,237.0,237.0,23768
ICFCD89,2026-08-12,1077.1,1077.4,50
SMB,2026-08-12,1855.7,1807.0,146
EBL,2026-08-12,715.0,716.6,16152
GRDBL,2026-08-12,1031.2,1050.0,4984
HLI,2026-08-12,318.0,317.0,9096
SBI,2026-08-12,401.0,404.0,23854
KPCL,2026-08-12,461.0,467.0,5337
MLBL,2026-08-12,330.7,346.5,9353
SAGF,2026-08-12,10.0,10.2,8600
KBSH,2026-08-12,950.0,961.0,13364
RMF2,2026-08-12,9.81,9.81,100
MNMF1,2026-08-12,9.54,9.54,800
MLBS,2026-08-12,1115.0,1144.0,115
LICN,2026-08-12,779.9,772.0,4221
HIDCL,2026-08-11,265.5,252.5,24870
HPPL,2026-08-11,370.0,385.4,139819
UAIL,2026-08-11,432.0,434.0,7575
TRH,2026-08-11,783.1,795.1,11635
NICSF,2026-08-11,8.6,8.66,200
NMBD87/88,2026-08-11,1080.1,1085.1,50
ENL,2026-08-11,782.0,803.0,70
JBBL,2026-08-11,330.0,337.2,17103
MEN,2026-08-11,609.0,610.8,113770
OHL,2026-08-11,642.0,656.1,1562
MNBBL,2026-08-11,365.0,366.8,17948
NABIL,2026-08-11,556.0,551.0,26088
PMLI,2026-08-11,433.0,436.0,6097
AKJCL,2026-08-11,350.0,365.0,283588
NICL,2026-08-11,509.9,500.2,14229
SBLD89,2026-08-11,1225.1,1225.1,10
ALBSL,2026-08-11,1055.0,1113.9,33881
GCIL,2026-08-11,344.0,347.1,12073
CITY,2026-08-11,365.0,370.5,67765
KSY,2026-08-11,9.19,9.33,6350
TPC,2026-08-11,361.5,361.3,11589
MSHL,2026-08-11,606.0,604.0,360
GSY,2026-08-11,9.5,9.5,4760
HDHPC,2026-08-11,207.0,207.9,63863
GRDBL,2026-08-11,1090.0,1050.9,7748
LICN,2026-08-11,770.0,770.0,3288
KBSH,2026-08-11,960.1,980.0,13243
DORDI,2026-08-11,250.0,251.0,12695
SADBL,2026-08-11,415.0,410.0,19081
HIDCLP,2026-08-11,189.5,187.9,68190
DDBL,2026-08-11,840.0,840.0,6728
PRIN,2026-08-11,668.0,669.3,1425
SICL,2026-08-11,610.0,611.4,4788
BNHC,2026-08-11,267.9,284.5,16371
USHEC,2026-08-11,486.4,497.9,4333
NFS,2026-08-11,565.5,560.2,6032
NBL,2026-08-11,266.0,265.9,38561
BFC,2026-08-11,502.9,492.0,33215
ANLB,2026-08-11,5300.0,5438.0,2026
AHPC,2026-08-11,265.0,264.2,59333
HLI,2026-08-11,316.1,318.0,18830
USHL,2026-08-11,523.0,535.0,1518
AKPL,2026-08-11,252.5,254.3,39308
RAWA,2026-08-11,429.0,423.8,15504
H8020,2026-08-11,12.0,11.67,700
SALICO,2026-08-11,589.0,595.0,4039
ULBSL,2026-08-11,2660.0,2744.2,450
SEF2,2026-08-11,9.0,9.05,8040
PSF,2026-08-11,11.8,11.84,4180
HBL,2026-08-11,190.0,194.0,57231
SBLD2091,2026-08-11,1055.0,1055.0,25
SLBBL,2026-08-11,790.1,794.0,4911
SWBBL,2026-08-11,672.0,670.0,7694
KMCDB,2026-08-11,807.9,800.0,2606
SWMF,2026-08-11,649.9,612.0,1348
LBBL,2026-08-11,485.1,484.0,26020
MLBSL,2026-08-11,1560.0,1370.0,29670
DOLTI,2026-08-11,320.0,319.0,11936
SMB,2026-08-11,1825.0,1855.7,1579
FOWAD,2026-08-11,950.0,930.0,1937
HATHY,2026-08-11,646.0,680.0,7526
SAGF,2026-08-11,10.11,10.0,400
GILB,2026-08-11,1065.0,1070.4,459
TSHL,2026-08-11,363.5,361.7,8670
CZBIL,2026-08-11,200.0,202.8,62919
SEF,2026-08-11,10.0,10.25,33530
KDBY,2026-08-11,10.96,10.88,407193
ICFC,2026-08-11,614.9,597.0,10186
PRSF,2026-08-11,12.73,12.83,11855
LEC,2026-08-11,220.9,219.0,64718
PBD85,2026-08-11,1091.8,1091.8,50
SHLB,2026-08-11,1434.0,1474.0,150
MMKJL,2026-08-11,440.1,443.0,1563
LVF2,2026-08-11,9.15,9.16,700
NMBHF2,2026-08-11,9.56,9.57,2200
SGHC,2026-08-11,315.0,310.0,62019
SSHL,2026-08-11,191.0,201.7,56990
SIGS2,2026-08-11,10.5,10.7,10800
SAEF2,2026-08-11,9.1,9.07,11415
NIFRAUR85/86,2026-08-11,1010.0,1010.0,50
RSY2,2026-08-11,8.58,9.01,18520
SMATA,2026-08-11,730.0,729.0,775
MFIL,2026-08-11,755.0,761.0,17264
VLUCL,2026-08-11,435.7,411.2,2901
UPPER,2026-08-11,191.8,192.0,64653
PURE,2026-08-11,815.0,826.0,1772
PPCL,2026-08-11,335.0,337.8,7123
SNLI,2026-08-11,410.0,412.0,11999
UMRH,2026-08-11,520.2,533.6,3520
MEHL,2026-08-11,288.5,282.8,9119
KDL,2026-08-11,777.0,768.0,382
BANDIPUR,2026-08-11,675.0,686.1,20031
SHIVM,2026-08-11,603.5,636.0,46483
NBLD87,2026-08-11,1075.3,1080.0,50
ALICL,2026-08-11,418.0,420.0,11144
LUK,2026-08-11,10.1,10.59,22997
NRIC,2026-08-11,883.0,927.0,13077
SHPC,2026-08-11,495.0,498.0,32659
SHINE,2026-08-11,418.1,410.0,14469
CSY,2026-08-11,8.9,8.87,4600
EBLD86,2026-08-11,1050.8,1050.8,25
LSL,2026-08-11,219.0,221.0,23733
NICA,2026-08-11,325.0,326.0,25681
BPCL,2026-08-11,650.0,647.0,9518
SHL,2026-08-11,502.0,503.0,19086
WNLB,2026-08-11,1370.0,1355.0,258
NLG,2026-08-11,575.0,566.0,9060
NIFRA,2026-08-11,243.3,244.0,53381
SINDU,2026-08-11,666.0,686.0,6159
PMHPL,2026-08-11,312.1,318.5,5691
SPDL,2026-08-11,368.0,379.8,47077
GMFBS,2026-08-11,1205.0,1133.0,850
RBBF40,2026-08-11,9.1,9.01,25941
GMFIL,2026-08-11,457.0,457.0,3454
HIMSTAR,2026-08-11,682.1,718.9,5620
RMF2,2026-08-11,9.82,9.82,100
MHCL,2026-08-11,307.5,310.0,1490
NMLBBL,2026-08-11,520.0,519.0,5696
MANDU,2026-08-11,798.0,802.0,6360
GBIME,2026-08-11,238.5,250.7,211271
NICBF,2026-08-11,9.3,9.3,300
RLFL,2026-08-11,457.9,446.0,11787
NMBMF,2026-08-11,602.5,601.2,565
MHNL,2026-08-11,238.0,242.0,7638
SBLD84,2026-08-11,1050.0,1050.0,100
STC,2026-08-11,5151.0,5200.0,1402
SIPD,2026-08-11,679.0,680.0,17493
GVL,2026-08-11,473.0,480.5,11966
SMH,2026-08-11,514.0,511.9,4007
MBJC,2026-08-11,261.4,266.6,22212
GLBSL,2026-08-11,1755.0,1770.0,278
HLICF,2026-08-11,8.47,8.5,3200
CHL,2026-08-11,260.0,267.3,16580
MKCL,2026-08-11,1042.5,1064.0,3179
ADBL,2026-08-11,302.1,302.5,71707
SKHEL,2026-08-11,960.0,971.1,2794
FMDBL,2026-08-11,850.0,810.7,144234
MKHC,2026-08-11,272.1,272.8,64787
RBBD2088,2026-08-11,994.1,1053.0,52
HRL,2026-08-11,583.0,579.0,33470
DLBS,2026-08-11,1160.0,1160.0,475
HEI,2026-08-11,542.9,534.7,5131
SWASTIK,2026-08-11,2023.0,1999.0,391
NICAD2091,2026-08-11,1022.3,1032.0,50
KBL,2026-08-11,215.0,216.0,181279
LLBS,2026-08-11,860.0,884.0,637
CBLD88,2026-08-11,1238.0,1238.0,8075
SOHL,2026-08-11,680.0,695.0,632667
NADEP,2026-08-11,731.0,718.0,494
NSY,2026-08-11,9.3,9.2,1700
MKJC,2026-08-11,455.0,446.1,8538
SLCF,2026-08-11,9.22,9.33,1200
CHCL,2026-08-11,490.0,482.0,20777
SRLI,2026-08-11,368.0,370.0,12977
PHCL,2026-08-11,292.0,300.0,35029
SPC,2026-08-11,417.0,416.2,3944
C30MF,2026-08-11,9.97,9.97,1000
TAMOR,2026-08-11,440.1,449.2,21063
SAGAR,2026-08-11,1700.0,1700.0,10002
NBF2,2026-08-11,9.81,9.83,300
LSH12,2026-08-11,9.0,9.11,5800
TPKHL,2026-08-11,532.5,556.8,38961
MPFL,2026-08-11,615.0,623.6,8431
GBBL,2026-08-11,418.0,419.0,21129
CCBD88,2026-08-11,1182.0,1182.0,25
AHL,2026-08-11,410.0,417.0,544
KKHC,2026-08-11,331.0,317.5,433088
JOSHI,2026-08-11,278.0,283.0,28480
GFCL,2026-08-11,605.0,602.0,8533
EDBL,2026-08-11,580.0,587.9,10182
SGHL,2026-08-11,527.0,523.4,83559
BJHL,2026-08-11,637.0,681.0,8696
SCBD,2026-08-11,1133.0,1133.0,10
NMB,2026-08-11,243.0,243.3,19775
RFPL,2026-08-11,332.5,336.5,25800
MLBS,2026-08-11,1146.1,1145.0,602
ULHC,2026-08-11,365.0,436.6,74681
RHPL,2026-08-11,254.1,256.4,11892
EBLD91,2026-08-11,1060.0,1088.0,126
GHL,2026-08-11,233.9,230.0,72720
NIL,2026-08-11,620.0,606.0,4496
MLBBL,2026-08-11,1110.0,1099.5,3056
SPL,2026-08-11,606.4,636.1,1020
NESDO,2026-08-11,1450.0,1448.0,508
NUBL,2026-08-11,610.0,601.4,7597
MABEL,2026-08-11,596.0,597.0,7416
RSY,2026-08-11,10.14,10.27,2650
MCHL,2026-08-11,275.0,282.0,2034
SOPL,2026-08-11,792.0,814.0,34655
BEDC,2026-08-11,328.6,318.0,14377
MHL,2026-08-11,464.1,466.1,1698
JFL,2026-08-11,385.0,386.9,3250
OMPL,2026-08-11,905.0,895.1,3388
CBBL,2026-08-11,934.0,930.0,10589
CIT,2026-08-11,1700.0,1703.0,4433
SIFC,2026-08-11,505.0,505.6,2727
NRM,2026-08-11,306.0,304.0,6042
PBD88,2026-08-11,1170.0,1150.0,100
PCBL,2026-08-11,239.1,240.0,66626
DHPL,2026-08-11,288.0,290.0,2686
IGI,2026-08-11,428.0,427.2,3218
BNT,2026-08-11,11550.0,11550.0,40
SPHL,2026-08-11,506.0,521.7,6183
BHL,2026-08-11,196.6,208.0,50014
RIDI,2026-08-11,375.0,377.0,879886
SHEL,2026-08-11,309.0,305.9,44730
YMHL,2026-08-11,620.0,625.0,18870
NSIF2,2026-08-11,10.66,10.7,400
RURU,2026-08-11,610.0,607.0,3391
SLBSL,2026-08-11,962.1,949.0,5113
MMF1,2026-08-11,8.73,8.9,12930
HLBSL,2026-08-11,883.0,884.9,664
CORBL,2026-08-11,1150.0,1140.0,36057
MEL,2026-08-11,198.7,208.5,11564
SFMF,2026-08-11,10.02,10.3,11125
SBL,2026-08-11,405.0,410.0,74512
MERO,2026-08-11,664.0,663.0,2950
SIKLES,2026-08-11,555.0,555.3,5433
SBI,2026-08-11,401.0,405.0,22384
BHPL,2026-08-11,475.0,499.0,6066
RADHI,2026-08-11,670.0,716.8,38611
NWCL,2026-08-11,700.0,687.0,2268
SJCL,2026-08-11,270.0,270.0,4195
HHL,2026-08-11,344.0,332.1,15566
PROFL,2026-08-11,425.0,416.0,4803
SAPDBL,2026-08-11,835.0,802.0,51797
NLICL,2026-08-11,568.0,567.0,10114
JHAPA,2026-08-11,1070.0,1095.1,5184
NIBLSTF,2026-08-11,8.54,8.59,1200
NMFBS,2026-08-11,1127.9,1104.0,1893
BHCL,2026-08-11,490.0,490.0,15807
EHPL,2026-08-11,355.9,336.2,4479
SGIC,2026-08-11,430.0,453.0,4655
USLB,2026-08-11,1116.0,1120.0,1287
JBLB,2026-08-11,1255.0,1255.2,2740
CLI,2026-08-11,435.2,437.2,6889
DHEL,2026-08-11,608.2,615.0,29725
GUFL,2026-08-11,573.0,573.0,28519
ILI,2026-08-11,408.0,410.0,7939
MATRI,2026-08-11,800.0,808.0,197
NICGF2,2026-08-11,9.0,9.01,1900
SNORL,2026-08-11,879.8,914.9,19214
PRVU,2026-08-11,190.0,190.0,94685
HURJA,2026-08-11,240.5,238.0,33750
ACLBSL,2026-08-11,915.0,927.9,433
RSML,2026-08-11,2502.0,2626.0,31269
NMIC,2026-08-11,919.0,906.0,4285
SANVI,2026-08-11,580.0,598.9,9026
CFCL,2026-08-11,648.1,658.0,76435
UMHL,2026-08-11,570.0,578.8,51862
GMLI,2026-08-11,1086.0,1103.0,3249
MNMF1,2026-08-11,9.51,9.51,117760
MLBL,2026-08-11,348.0,348.0,9658
SANIMA,2026-08-11,370.1,369.0,50047
SMFBS,2026-08-11,1538.0,1527.0,607
NGPL,2026-08-11,409.8,421.0,427557
NIMB,2026-08-11,183.3,193.3,162254
PCIL,2026-08-11,620.0,623.0,24243
UNLB,2026-08-11,1300.0,1271.9,1110
NIBLGF,2026-08-11,8.81,8.88,2635
IHL,2026-08-11,344.0,340.4,6470
VLBS,2026-08-11,655.1,663.0,1492
NIBSF2,2026-08-11,8.79,8.87,4100
ILBS,2026-08-11,840.0,878.0,1610
CIZBD90,2026-08-11,1220.0,1220.0,25
ECL,2026-08-11,1577.0,1529.9,33957
GBIMESY2,2026-08-11,9.0,9.1,5700
NHDL,2026-08-11,635.0,640.0,1118
UNHPL,2026-08-11,368.0,375.0,13749
RNLI,2026-08-11,421.0,422.9,23788
UPCL,2026-08-11,345.0,349.0,33888
KAHL,2026-08-11,537.0,542.0,47780
KHPL,2026-08-11,806.2,805.3,9077
MDB,2026-08-11,570.0,576.0,1970
NICFC,2026-08-11,9.1,9.2,900
SCB,2026-08-11,653.0,649.3,12584
SMJC,2026-08-11,445.0,444.9,23322
NRN,2026-08-11,1377.1,1377.0,30644
CREST,2026-08-11,1172.0,1188.0,15159
TTL,2026-08-11,726.3,720.0,8667
SBD87,2026-08-11,1080.0,1080.0,50
UNL,2026-08-11,48300.0,48500.0,45
GBLBS,2026-08-11,775.9,732.2,5345
SABBL,2026-08-11,970.0,957.2,16375
MBL,2026-08-11,250.5,253.0,52563
BUNGAL,2026-08-11,585.0,591.0,25797
MAKAR,2026-08-11,446.2,419.5,29187
NLIC,2026-08-11,738.0,738.0,28028
HFIN,2026-08-11,687.0,679.5,19448
SJLIC,2026-08-11,422.0,409.0,17436
APHL,2026-08-11,820.0,830.0,11603
SONA,2026-08-11,403.0,403.1,13067
GLH,2026-08-11,257.1,258.2,21008
NTC,2026-08-11,869.9,861.1,3042
NIMBPO,2026-08-11,144.0,144.0,1
SIGS3,2026-08-11,10.95,10.85,20200
BGWT,2026-08-11,535.0,545.0,666
NHPC,2026-08-11,273.0,273.7,201232
UHEWA,2026-08-11,598.0,629.9,168927
NBF3,2026-08-11,9.65,9.6,4550
EBL,2026-08-11,715.0,715.0,33873
BHDC,2026-08-11,426.0,428.1,6859
KSBBL,2026-08-11,464.0,470.8,45848
CYCL,2026-08-11,1271.0,1265.0,334
RSDC,2026-08-11,669.0,649.0,4373
SAHAS,2026-08-11,671.0,674.4,76201
MBLEF,2026-08-11,10.21,10.32,30200
SFEF,2026-08-11,9.8,9.8,100
SKHL,2026-08-11,890.0,892.9,7045
GIBF1,2026-08-11,10.7,10.9,1300
MKHL,2026-08-11,472.0,493.1,964
CKHL,2026-08-11,565.0,599.0,21398
SKBBL,2026-08-11,745.0,747.1,8975
BARUN,2026-08-11,320.0,319.1,14010
KPCL,2026-08-11,469.0,466.6,5489
CGH,2026-08-11,779.9,776.3,3207
TVCL,2026-08-11,470.0,480.0,3238
PPL,2026-08-11,325.0,326.0,12624
GBBD85,2026-08-11,1058.6,1058.6,25
CHDC,2026-08-11,2170.0,2176.0,4674
SMHL,2026-08-11,493.0,494.0,29826
RMF1,2026-08-11,9.6,9.82,18100
NABBC,2026-08-11,806.2,817.0,11928
KEF,2026-08-11,10.61,10.74,6760
SPIL,2026-08-11,674.0,683.1,7935
NICLBSL,2026-08-11,547.0,545.2,3045
MSLB,2026-08-11,1229.0,1275.0,445
API,2026-08-11,330.0,332.0,242144
RLEL,2026-08-11,867.0,863.0,3805
SBCF,2026-08-11,9.57,9.6,24150
SARBTM,2026-08-11,783.0,788.0,9333
NYADI,2026-08-11,365.0,369.9,3354
HDL,2026-08-11,1164.0,1162.0,17397
SAIL,2026-08-11,1100.0,1100.0,56890
AVYAN,2026-08-11,1042.0,1043.0,777
RBCL,2026-08-11,14399.0,14108.1,50
SMPDA,2026-08-11,750.0,749.9,1220
BBC,2026-08-11,4280.0,4209.9,174
RHGCL,2026-08-11,257.8,258.0,13517
SYPNL,2026-08-11,1277.0,1321.0,19605
NICAD85/86,2026-08-10,1165.0,1166.0,191
GVL,2026-08-10,480.2,480.0,1588
JBBL,2026-08-10,338.2,339.0,32729
ICFCD89,2026-08-10,1064.2,1064.2,25
USHEC,2026-08-10,490.0,497.0,7383
RSY2,2026-08-10,10.0,9.03,17720
PPCL,2026-08-10,331.0,335.0,11404
RMF2,2026-08-10,9.63,9.73,5100
SNLI,2026-08-10,414.0,412.0,11302
PSF,2026-08-10,12.0,11.9,10855
NMLBBL,2026-08-10,540.8,519.9,5609
NBLD87,2026-08-10,1092.0,1092.0,25
IHL,2026-08-10,350.0,345.0,4586
FMDBL,2026-08-10,798.9,817.0,153815
LSH12,2026-08-10,9.0,9.05,5120
DHEL,2026-08-10,561.0,620.0,73627
TRH,2026-08-10,789.0,792.0,2207
SPDL,2026-08-10,358.0,372.0,54800
KAHL,2026-08-10,533.1,542.0,28378
NIBSF2,2026-08-10,8.8,8.87,17400
KBLPO,2026-08-10,100.0,100.0,16831
MLBSL,2026-08-10,1602.0,1610.0,399
NABIL,2026-08-10,556.0,549.4,44025
ULHC,2026-08-10,380.0,379.7,20845
RLEL,2026-08-10,889.0,867.0,3697
GBBD85,2026-08-10,1045.5,1045.5,30
RFPL,2026-08-10,330.2,332.5,16227
SIPD,2026-08-10,660.0,678.9,30604
RSML,2026-08-10,2489.0,2633.5,31036
PBD88,2026-08-10,1200.0,1200.0,30
NGPL,2026-08-10,408.0,408.5,65637
NMIC,2026-08-10,900.0,898.0,1819
NBL,2026-08-10,268.0,266.0,35349
KKHC,2026-08-10,320.0,321.8,242978
HDHPC,2026-08-10,198.0,207.0,76396
YMHL,2026-08-10,620.0,624.0,17066
GBIMESY2,2026-08-10,9.01,9.25,2600
UHEWA,2026-08-10,570.0,608.0,43239
HHL,2026-08-10,334.0,334.9,9345
PPL,2026-08-10,312.0,326.5,7936
DDBL,2026-08-10,827.1,840.0,10615
LBLD88,2026-08-10,1090.0,1090.0,25
HLBSL,2026-08-10,870.0,884.0,310
SARBTM,2026-08-10,782.0,780.0,1989
UNHPL,2026-08-10,379.5,374.0,4858
JSLBB,2026-08-10,979.9,980.0,305
UPCL,2026-08-10,350.0,345.0,35967
SBCF,2026-08-10,9.58,9.4,9685
PRSF,2026-08-10,12.91,12.85,9500
ALBSL,2026-08-10,1061.0,1090.0,3254
SPC,2026-08-10,411.0,418.0,970
SCB,2026-08-10,648.1,643.2,7703
ECL,2026-08-10,1650.0,1584.0,37178
NIFRA,2026-08-10,245.0,244.0,49286
NESDO,2026-08-10,1429.0,1458.0,187
BEDC,2026-08-10,320.0,319.1,13199
LUK,2026-08-10,10.6,10.06,11530
CSY,2026-08-10,8.6,8.88,12599
GRDBL,2026-08-10,1101.0,1059.0,6720
SMFBS,2026-08-10,1493.1,1500.0,106
MKJC,2026-08-10,450.2,455.0,2605
NRIC,2026-08-10,930.0,929.0,10394
SIFC,2026-08-10,504.1,503.0,9194
HIDCLP,2026-08-10,186.3,187.0,51015
MEHL,2026-08-10,298.0,288.0,5220
NBF3,2026-08-10,9.55,9.65,32350
RBCL,2026-08-10,14000.0,14419.0,30
GCIL,2026-08-10,340.0,345.1,5383
MNBBLP,2026-08-10,236.2,236.2,156283
IGI,2026-08-10,430.0,428.0,5760
HIMSTAR,2026-08-10,690.0,693.0,2624
CBLD88,2026-08-10,1230.0,1250.0,26
SHPC,2026-08-10,497.0,495.0,22792
NBLD85,2026-08-10,1020.0,1025.0,200
GLBSL,2026-08-10,1752.0,1785.0,75
KDBY,2026-08-10,11.05,11.0,1473490
CIT,2026-08-10,1710.1,1700.0,3577
MEL,2026-08-10,214.0,209.1,34787
RLFL,2026-08-10,462.8,447.0,32466
TVCL,2026-08-10,483.0,468.1,27033
HBL,2026-08-10,194.0,194.8,45300
JFL,2026-08-10,385.0,388.0,4185
PCBL,2026-08-10,243.8,239.0,21138
SICL,2026-08-10,610.0,610.2,4185
BHCL,2026-08-10,485.4,490.0,19700
NIMBPO,2026-08-10,142.5,144.0,17955
BFC,2026-08-10,494.2,494.6,24740
CORBL,2026-08-10,1065.1,1155.2,67629
TPC,2026-08-10,377.4,361.5,29948
SAEF2,2026-08-10,9.22,9.26,7350
CHDC,2026-08-10,2191.0,2165.5,5977
HEI,2026-08-10,532.0,531.0,2214
HRL,2026-08-10,612.0,578.0,31026
SAHAS,2026-08-10,671.9,670.3,58300
UMRH,2026-08-10,526.6,530.0,1454
MSHL,2026-08-10,608.0,606.0,485
AHL,2026-08-10,415.0,410.0,1857
UNL,2026-08-10,48500.0,48500.0,10
HDL,2026-08-10,1175.0,1165.1,16464
VLBS,2026-08-10,655.0,661.0,1244
RMF1,2026-08-10,9.57,9.7,2500
AKPL,2026-08-10,254.0,254.7,57562
SGHC,2026-08-10,315.0,312.5,41548
MHL,2026-08-10,463.0,468.0,700
CREST,2026-08-10,1174.0,1179.7,4497
SMJC,2026-08-10,450.0,445.0,23287
SPL,2026-08-10,632.6,638.3,1010
HATHY,2026-08-10,705.0,680.0,7602
SPHL,2026-08-10,510.0,520.0,1328
NMBHF2,2026-08-10,9.6,9.54,1400
ILI,2026-08-10,410.0,408.2,8756
SHIVM,2026-08-10,638.7,633.3,63736
MNMF1,2026-08-10,9.8,9.56,26200
TPKHL,2026-08-10,527.0,560.0,39899
NSIF2,2026-08-10,10.7,10.7,9200
SMH,2026-08-10,503.7,507.0,9191
BHL,2026-08-10,209.0,206.9,68161
RURU,2026-08-10,605.0,609.0,2780
GBILD84/85,2026-08-10,1102.0,1103.0,50
OMPL,2026-08-10,893.0,894.0,2196
GUFL,2026-08-10,564.0,560.4,13187
UNLB,2026-08-10,1260.0,1270.0,78
SKHL,2026-08-10,880.0,896.0,13557
MKCL,2026-08-10,1050.2,1051.0,944
NYADI,2026-08-10,366.0,365.0,1795
PBLD86,2026-08-10,1383.2,1383.2,10
RBBD2088,2026-08-10,1024.4,994.1,26
GSY,2026-08-10,9.51,9.51,3700
CKHL,2026-08-10,593.9,581.0,16440
ACLBSL,2026-08-10,917.0,915.0,912
WNLB,2026-08-10,1351.0,1332.0,139
SAGF,2026-08-10,10.11,10.11,200
SHEL,2026-08-10,305.1,304.2,40875
SEF2,2026-08-10,9.0,9.25,32050
SMPDA,2026-08-10,767.3,750.0,830
SPIL,2026-08-10,685.0,685.5,358
TTL,2026-08-10,710.0,731.0,9300
NHPC,2026-08-10,260.0,272.2,227236
BPCL,2026-08-10,650.0,649.8,17280
MKHL,2026-08-10,482.0,496.8,2570
NICBF,2026-08-10,9.57,9.3,200
NIMB,2026-08-10,195.0,192.9,82067
BHDC,2026-08-10,421.4,426.0,1583
SLBSL,2026-08-10,965.0,970.0,4044
ENL,2026-08-10,786.0,797.9,451
SANVI,2026-08-10,560.5,587.0,4175
NABILD2089,2026-08-10,1025.0,1055.7,104
HLICF,2026-08-10,9.0,8.72,5750
BANDIPUR,2026-08-10,685.0,680.0,30104
GBIME,2026-08-10,256.0,251.0,221487
SWMF,2026-08-10,603.5,619.0,738
UPPER,2026-08-10,192.0,191.8,43154
MPFL,2026-08-10,610.0,616.0,9050
BGWT,2026-08-10,554.0,548.0,1602
HURJA,2026-08-10,239.7,239.0,28025
NICA,2026-08-10,326.0,325.0,25167
SBI,2026-08-10,407.0,401.0,6504
CCBD88,2026-08-10,1165.0,1165.0,25
PMLI,2026-08-10,434.0,433.0,20168
FOWAD,2026-08-10,957.8,945.0,2733
SKHEL,2026-08-10,970.0,980.0,1155
USLB,2026-08-10,1128.0,1123.0,429
KHPL,2026-08-10,803.0,806.2,8628
MHNL,2026-08-10,241.0,240.9,7666
MSLB,2026-08-10,1260.0,1259.0,1305
SAGAR,2026-08-10,1720.0,1730.0,5294
PURE,2026-08-10,805.5,820.0,1858
SHINED,2026-08-10,1098.0,1090.0,130
SMATA,2026-08-10,728.0,730.0,1719
AKJCL,2026-08-10,355.0,366.9,237038
SLBBL,2026-08-10,814.9,799.0,1206
SAPDBL,2026-08-10,825.0,835.0,116158
RHGCL,2026-08-10,251.3,257.0,13088
SFMF,2026-08-10,10.01,10.01,150
RIDI,2026-08-10,360.0,386.0,762163
UMHL,2026-08-10,570.0,579.5,13309
MABEL,2026-08-10,580.0,594.0,2799
MHCL,2026-08-10,310.0,310.0,4149
SMHL,2026-08-10,494.0,493.0,34085
MANDU,2026-08-10,800.0,800.0,3342
NIBLSTF,2026-08-10,8.55,8.54,2610
EBL,2026-08-10,730.0,715.0,34924
SHL,2026-08-10,499.0,498.0,12145
LBLD86,2026-08-10,1208.0,1210.0,20
NICAP,2026-08-10,179.0,179.0,7981
NICFC,2026-08-10,9.1,9.2,6830
RSDC,2026-08-10,636.0,657.0,8214
ALICL,2026-08-10,424.5,418.0,11884
MLBS,2026-08-10,1130.0,1130.0,444
SINDU,2026-08-10,691.0,691.0,8020
UAIL,2026-08-10,436.0,432.0,18300
BNHC,2026-08-10,287.0,282.0,9682
GBBL,2026-08-10,418.0,418.6,21748
MAKAR,2026-08-10,430.0,425.0,18200
OHL,2026-08-10,665.0,651.0,561
CZBIL,2026-08-10,202.0,200.2,39327
NHDL,2026-08-10,638.0,640.0,808
MFIL,2026-08-10,755.0,772.0,19366
NMB50,2026-08-10,10.38,10.41,435
SRLI,2026-08-10,370.1,368.6,36694
SYPNL,2026-08-10,1219.8,1334.0,48549
SEF,2026-08-10,9.91,9.9,11440
NLG,2026-08-10,565.2,568.0,1499
NSY,2026-08-10,9.2,9.48,5320
NUBL,2026-08-10,600.0,610.0,2805
NMB,2026-08-10,243.1,243.0,21182
RBBF40,2026-08-10,9.0,9.12,3054
SBL,2026-08-10,412.9,405.1,43011
MNBBL,2026-08-10,367.0,366.8,9170
EBLD91,2026-08-10,1058.0,1088.0,175
NRM,2026-08-10,305.5,306.4,5089
SWBBL,2026-08-10,672.5,670.0,8339
JBBD87,2026-08-10,1140.0,1140.0,50
SADBL,2026-08-10,408.0,408.0,15687
EDBL,2026-08-10,578.0,580.0,4050
PRIN,2026-08-10,664.0,668.0,941
LICN,2026-08-10,785.0,770.0,6970
RNLI,2026-08-10,431.7,424.0,21810
RAWA,2026-08-10,429.0,417.8,11780
NMBD2085,2026-08-10,1150.0,1150.0,50
MMF1,2026-08-10,8.9,8.98,9400
MBL,2026-08-10,254.7,250.3,77384
LBBL,2026-08-10,485.1,485.0,20953
JOSHI,2026-08-10,287.0,277.9,44277
HIDCL,2026-08-10,252.6,253.0,45099
DHPL,2026-08-10,294.0,288.0,4003
SIKLES,2026-08-10,559.0,555.2,2935
KBL,2026-08-10,220.0,215.0,166580
NLIC,2026-08-10,739.0,738.0,18658
PHCL,2026-08-10,293.1,293.7,25842
STC,2026-08-10,5170.0,5170.0,180
LEC,2026-08-10,221.5,218.0,92850
AVYAN,2026-08-10,1060.0,1051.0,1960
ULBSL,2026-08-10,2660.0,2749.0,807
CBBL,2026-08-10,929.0,930.0,4726
SSHL,2026-08-10,205.0,200.5,57281
SLCF,2026-08-10,9.36,9.5,900
SNORL,2026-08-10,951.3,926.1,48245
BUNGAL,2026-08-10,581.0,584.0,18488
CHL,2026-08-10,260.0,267.9,13425
SJLIC,2026-08-10,411.4,410.0,18094
CLI,2026-08-10,442.0,440.0,4963
SAIL,2026-08-10,1050.0,1120.0,53380
MEN,2026-08-10,595.0,601.0,19092
SALICO,2026-08-10,590.0,589.0,2932
SABBL,2026-08-10,930.1,980.9,11587
SGIC,2026-08-10,452.1,450.4,5603
MCHL,2026-08-10,273.8,276.0,3409
NLICL,2026-08-10,563.0,567.0,8653
PRVU,2026-08-10,200.5,188.5,267784
SANIMA,2026-08-10,370.1,369.8,47600
HPPL,2026-08-10,377.1,382.0,83031
SOPL,2026-08-10,792.0,796.0,18146
SONA,2026-08-10,405.0,407.0,8324
TAMOR,2026-08-10,446.0,450.0,14927
NICSF,2026-08-10,9.0,8.64,15345
MKHC,2026-08-10,280.0,271.0,15787
LVF2,2026-08-10,9.06,9.1,1800
GMFBS,2026-08-10,1188.0,1174.0,997
ANLB,2026-08-10,5819.1,5467.0,2737
DOLTI,2026-08-10,322.0,320.0,14161
KEF,2026-08-10,10.5,10.8,830832
NBF2,2026-08-10,9.85,9.86,8206
AHPC,2026-08-10,265.5,265.0,30498
APHL,2026-08-10,824.0,828.0,7668
CFCL,2026-08-10,639.0,656.5,79134
EHPL,2026-08-10,361.2,339.0,20514
DLBS,2026-08-10,1165.0,1180.0,328
SHINE,2026-08-10,408.0,407.0,13248
GIBF1,2026-08-10,10.65,11.0,31300
MBJC,2026-08-10,267.0,265.2,10879
KSBBL,2026-08-10,475.0,468.0,74163
NWCL,2026-08-10,680.0,693.6,1090
MLBL,2026-08-10,351.0,348.0,17511
BNT,2026-08-10,11645.0,11550.1,65
DORDI,2026-08-10,250.0,249.9,19961
GBLBS,2026-08-10,774.9,739.0,1293
BHPL,2026-08-10,490.0,482.5,3914
BJHL,2026-08-10,694.0,670.0,8460
SKBBL,2026-08-10,753.9,747.0,8895
SGHL,2026-08-10,510.0,527.8,45869
RADHI,2026-08-10,710.9,705.0,17998
KPCL,2026-08-10,468.0,469.0,3191
NIL,2026-08-10,616.0,612.0,4608
MDB,2026-08-10,571.2,578.0,3978
GMFIL,2026-08-10,460.0,457.0,10821
ICFCD88,2026-08-10,1164.0,1134.9,175
MERO,2026-08-10,661.2,672.0,3939
NICGF2,2026-08-10,9.0,9.23,5970
KBSH,2026-08-10,965.0,966.0,14256
MATRI,2026-08-10,809.0,802.1,240
LSL,2026-08-10,222.5,220.0,56723
C30MF,2026-08-10,10.15,9.91,300
LLBS,2026-08-10,885.0,866.0,683
API,2026-08-10,330.1,328.5,127348
CGH,2026-08-10,778.0,779.9,5420
HEIP,2026-08-10,330.0,337.8,20
RSY,2026-08-10,10.24,10.4,2600
NADEP,2026-08-10,729.0,711.2,626
ADBL,2026-08-10,311.0,305.0,41071
PROFL,2026-08-10,420.0,419.0,4235
NFS,2026-08-10,580.0,564.1,3855
SHLB,2026-08-10,1474.0,1434.0,49
MMKJL,2026-08-10,454.9,450.0,1791
CITY,2026-08-10,370.0,367.0,60858
SFEF,2026-08-10,9.91,9.91,100
KDL,2026-08-10,751.5,778.0,320
H8020,2026-08-10,12.0,12.01,1200
MLBBL,2026-08-10,1120.0,1121.9,397
KBLD89,2026-08-10,1313.0,1313.2,79
NRN,2026-08-10,1360.0,1376.0,40092
GLH,2026-08-10,260.3,257.6,20175
NMBMF,2026-08-10,607.0,602.5,296
VLUCL,2026-08-10,420.0,415.0,6412
NMFBS,2026-08-10,1098.0,1104.0,1058
NICL,2026-08-10,508.7,506.9,26927
JHAPA,2026-08-10,1075.0,1070.0,5182
SJCL,2026-08-10,270.0,270.0,6627
GILB,2026-08-10,1070.1,1088.0,1167
RHPL,2026-08-10,259.0,260.0,26721
NICLBSL,2026-08-10,545.1,545.0,5117
HFIN,2026-08-10,690.1,686.3,21606
PCIL,2026-08-10,622.0,625.0,20718
USHL,2026-08-10,565.8,544.9,1586
TSHL,2026-08-10,378.0,363.0,8569
BBC,2026-08-10,4200.0,4249.0,272
GMLI,2026-08-10,1086.5,1100.0,2828
JBLB,2026-08-10,1257.0,1255.0,2308
CIZBD90,2026-08-10,1225.0,1225.7,125
SIGS3,2026-08-10,10.6,10.89,26335
CYCL,2026-08-10,1216.0,1278.0,1298
ILBS,2026-08-10,851.0,865.0,1894
KSY,2026-08-10,9.49,9.47,7000
NIBLGF,2026-08-10,9.0,8.8,450
NABBC,2026-08-10,825.2,812.2,22306
HLI,2026-08-10,319.0,317.0,24202
SWASTIK,2026-08-10,2010.0,2015.0,491
GHL,2026-08-10,225.2,229.8,29208
KMCDB,2026-08-10,738.2,807.9,10382
ICFC,2026-08-10,598.0,599.0,2931
PMHPL,2026-08-10,313.0,318.9,1755
GFCL,2026-08-10,603.0,600.0,9296
MND84/85,2026-08-10,1042.8,1042.8,150
MBLEF,2026-08-10,10.29,10.28,581500
NTC,2026-08-10,864.0,860.0,17752
NCCD86,2026-08-10,1198.0,1185.0,21
NICAD2091,2026-08-10,1048.0,1049.0,54
SOHL,2026-08-10,688.0,711.0,651181
NIBD84,2026-08-10,1035.1,1035.0,100
CHCL,2026-08-10,493.0,484.0,9921
BARUN,2026-08-10,318.2,318.7,13245
SMB,2026-08-10,1820.0,1848.0,1003
KBSH,2026-08-07,950.0,980.0,22696
RLEL,2026-08-07,928.0,890.0,4579
NTC,2026-08-07,870.9,863.9,8319
TPKHL,2026-08-07,529.9,554.0,37966
UNL,2026-08-07,48500.0,48500.0,13
KPCL,2026-08-07,468.1,468.0,3501
RAWA,2026-08-07,426.0,420.0,14270
BNT,2026-08-07,11645.0,11645.0,10
BHPL,2026-08-07,523.0,497.0,7298
KKHC,2026-08-07,320.0,323.0,425658
SEF,2026-08-07,9.6,9.91,1410
SYPNL,2026-08-07,1242.0,1284.0,22646
TVCL,2026-08-07,475.0,482.0,2631
JOSHI,2026-08-07,288.0,283.0,73222
NMBMF,2026-08-07,600.4,616.0,707
PRVU,2026-08-07,192.3,191.0,132896
FOWAD,2026-08-07,949.8,930.0,3506
API,2026-08-07,331.0,330.0,82236
SKHL,2026-08-07,870.1,890.0,7040
SHINED,2026-08-07,1095.0,1095.0,50
LSL,2026-08-07,222.0,220.2,58669
BOKD86KA,2026-08-07,1111.1,1111.1,50
NLIC,2026-08-07,743.8,739.8,18768
RFPL,2026-08-07,333.0,334.7,15251
KMCDB,2026-08-07,771.8,777.0,5331
FMDBL,2026-08-07,758.0,781.0,49122
NMB50,2026-08-07,10.7,10.38,7283
KBL,2026-08-07,218.0,215.0,187087
UNHPL,2026-08-07,381.5,375.0,7991
SGHC,2026-08-07,321.1,315.3,38765
NMB,2026-08-07,242.0,243.1,49980
TAMOR,2026-08-07,446.0,445.1,9540
LICN,2026-08-07,790.0,774.9,1328
NESDO,2026-08-07,1455.0,1458.0,774
GSY,2026-08-07,9.5,9.52,56540
CITY,2026-08-07,356.0,371.0,100371
SEF2,2026-08-07,9.1,9.15,38577
PURE,2026-08-07,830.0,820.0,20112
SPC,2026-08-07,411.0,419.0,3743
PCIL,2026-08-07,630.0,622.3,23281
MBLEF,2026-08-07,10.28,10.28,758456
CLI,2026-08-07,440.0,443.9,18558
MHCL,2026-08-07,310.0,308.0,4148
SJLIC,2026-08-07,412.0,412.6,6494
DDBL,2026-08-07,825.0,829.0,3294
NHDL,2026-08-07,635.0,640.0,3032
SSHL,2026-08-07,205.0,200.3,78553
SGIC,2026-08-07,455.4,452.0,10822
NRM,2026-08-07,308.1,305.1,4650
GBIME,2026-08-07,252.3,251.0,157185
H8020,2026-08-07,11.9,12.2,3900
PRIN,2026-08-07,670.5,666.0,3998
NIFRAGED,2026-08-07,1046.0,1030.0,1589
AKJCL,2026-08-07,392.7,362.1,322090
ANLB,2026-08-07,5360.0,5999.0,5041
SAEF2,2026-08-07,9.4,9.5,12800
GHL,2026-08-07,230.0,228.0,48820
MBJC,2026-08-07,266.0,267.0,4538
SLBBL,2026-08-07,793.0,802.0,1646
HDHPC,2026-08-07,210.0,208.0,71273
PCBL,2026-08-07,244.5,240.0,41391
GMFIL,2026-08-07,457.2,456.3,5395
RBCL,2026-08-07,14060.0,14210.0,40
MKCL,2026-08-07,1041.0,1075.0,2299
NRN,2026-08-07,1387.0,1371.0,51374
LVF2,2026-08-07,9.1,9.06,5300
GBIMESY2,2026-08-07,8.98,9.11,8000
HLI,2026-08-07,319.0,319.7,14437
GRDBL,2026-08-07,1030.0,1049.0,9453
ILI,2026-08-07,409.0,412.4,5178
RHGCL,2026-08-07,259.0,258.1,12524
SMFBS,2026-08-07,1585.0,1493.1,374
NMIC,2026-08-07,932.8,910.0,1872
SHIVM,2026-08-07,646.0,637.7,44267
KBLD89,2026-08-07,1290.0,1275.0,1200
VLUCL,2026-08-07,412.4,420.0,5158
MKHC,2026-08-07,271.6,280.0,356138
BGWT,2026-08-07,542.0,556.0,501
ADBLD83,2026-08-07,1023.6,1023.6,25
ALBSL,2026-08-07,1050.0,1091.0,3178
NMLBBL,2026-08-07,525.6,515.1,6361
SMPDA,2026-08-07,755.0,745.0,564
SLCF,2026-08-07,9.25,9.52,325
SMHL,2026-08-07,499.0,494.0,19476
BEDC,2026-08-07,321.6,323.0,14378
SBCF,2026-08-07,9.4,9.45,10900
SHLB,2026-08-07,1451.0,1475.0,108
NBL,2026-08-07,265.1,269.9,72438
BPCL,2026-08-07,648.0,650.0,3243
MANDU,2026-08-07,802.0,798.0,5828
KDL,2026-08-07,780.0,774.0,567
PROFL,2026-08-07,423.0,420.0,13809
MBL,2026-08-07,253.0,255.0,87239
MLBBL,2026-08-07,1115.0,1119.0,306
HIDCLP,2026-08-07,189.9,187.5,54196
AKPL,2026-08-07,256.1,256.6,40985
RSY,2026-08-07,10.31,10.26,5300
SIPD,2026-08-07,690.0,680.0,15418
SANIMA,2026-08-07,375.0,370.0,461280
RMF2,2026-08-07,9.73,9.79,300
MLBL,2026-08-07,353.8,350.9,19251
RSML,2026-08-07,2540.0,2620.0,27037
NUBL,2026-08-07,602.0,605.4,2996
SKHEL,2026-08-07,960.3,990.0,1482
MSHL,2026-08-07,608.0,608.0,1103
KEF,2026-08-07,10.8,10.5,127690
SRLI,2026-08-07,372.0,374.0,17635
PBD84,2026-08-07,1069.0,1069.0,25
SWBBL,2026-08-07,665.0,665.0,4356
BBC,2026-08-07,4208.0,4289.0,100
UPCL,2026-08-07,346.1,350.0,17545
CZBIL,2026-08-07,203.0,202.0,26917
APHL,2026-08-07,825.8,828.0,10060
KSBBL,2026-08-07,470.1,473.6,14143
HEI,2026-08-07,532.2,534.0,2186
ECL,2026-08-07,1532.0,1665.0,31215
MEHL,2026-08-07,294.1,296.0,3838
GFCL,2026-08-07,603.0,605.0,5011
SBL,2026-08-07,411.0,410.0,86200
SPHL,2026-08-07,520.0,524.0,8181
PHCL,2026-08-07,294.2,296.0,27204
SBID83,2026-08-07,1031.1,1031.0,100
SOHL,2026-08-07,662.0,688.0,578177
NABILD2089,2026-08-07,1040.0,1040.0,25
CBLD88,2026-08-07,1162.0,1230.0,8040
SAHAS,2026-08-07,672.1,671.9,46722
SHPC,2026-08-07,505.0,498.5,12536
UNLB,2026-08-07,1230.0,1275.9,658
HEIP,2026-08-07,337.9,332.0,3160
SPL,2026-08-07,647.0,652.0,2378
MHL,2026-08-07,465.0,470.0,3960
KSY,2026-08-07,9.23,9.52,43030
RNLI,2026-08-07,428.0,431.7,8967
SPDL,2026-08-07,345.0,368.0,27048
MABEL,2026-08-07,595.0,593.0,3650
CORBL,2026-08-07,1035.0,1065.0,28501
BANDIPUR,2026-08-07,695.0,692.0,34855
GMLI,2026-08-07,1106.0,1105.0,2767
EBLD85,2026-08-07,1113.4,1060.0,2
NICBF,2026-08-07,9.1,9.57,1200
NSY,2026-08-07,9.19,9.2,23000
LBBL,2026-08-07,486.0,491.9,27592
MMF1,2026-08-07,8.32,8.88,14980
CHDC,2026-08-07,2207.0,2200.0,7774
TPC,2026-08-07,357.0,359.5,10040
SIKLES,2026-08-07,555.5,559.0,5586
HIMSTAR,2026-08-07,696.0,696.0,4565
MKHL,2026-08-07,483.2,494.9,829
NICLBSL,2026-08-07,545.2,547.0,7143
HRL,2026-08-07,604.3,583.0,32994
GMFBS,2026-08-07,1218.0,1154.0,1933
HLBSL,2026-08-07,870.0,870.0,217
EBL,2026-08-07,734.0,723.0,23131
CFCL,2026-08-07,642.0,660.0,45130
USHL,2026-08-07,525.4,538.9,1505
SAPDBL,2026-08-07,800.0,839.9,24319
DHPL,2026-08-07,307.0,290.0,1477
HBL,2026-08-07,194.0,194.8,33399
SMJC,2026-08-07,467.0,458.0,212329
AHPC,2026-08-07,268.8,265.9,37465
RADHI,2026-08-07,719.0,711.0,64637
SIGS3,2026-08-07,10.5,10.55,535
STC,2026-08-07,5250.0,5180.0,515
CGH,2026-08-07,778.0,785.1,60218
NLG,2026-08-07,551.0,570.0,1670
SICL,2026-08-07,610.1,609.1,10149
SAGF,2026-08-07,10.26,10.26,100
EHPL,2026-08-07,353.0,344.0,5513
MNBBL,2026-08-07,368.0,366.3,17348
SPIL,2026-08-07,685.1,690.0,7183
RHPL,2026-08-07,244.4,259.0,4000
SFMF,2026-08-07,10.2,10.2,1460
GILB,2026-08-07,1090.0,1070.0,498
NIL,2026-08-07,615.0,615.9,8458
NABBC,2026-08-07,840.0,825.4,13163
BHCL,2026-08-07,486.0,489.0,16680
NBF2,2026-08-07,9.81,10.1,2280
SBI,2026-08-07,401.0,405.9,10867
OHL,2026-08-07,652.0,665.0,2378
HIDCL,2026-08-07,252.1,254.0,20564
NBF3,2026-08-07,9.51,9.55,4830
NLICL,2026-08-07,570.0,562.0,16965
CSY,2026-08-07,9.0,8.85,29643
KAHL,2026-08-07,554.5,542.2,31077
SNLI,2026-08-07,416.0,414.0,11773
PRSF,2026-08-07,12.91,12.91,9400
CIT,2026-08-07,1719.0,1709.9,5291
MATRI,2026-08-07,815.0,811.0,488
JFL,2026-08-07,385.0,384.5,6409
OMPL,2026-08-07,910.0,893.0,4184
YMHL,2026-08-07,639.7,621.8,26605
SHEL,2026-08-07,305.0,307.0,47541
GUFL,2026-08-07,570.0,569.9,10774
USLB,2026-08-07,1125.0,1125.0,1018
SWMF,2026-08-07,606.0,619.0,7161
CBBL,2026-08-07,929.9,929.0,7453
MLBS,2026-08-07,1130.0,1152.5,158
ADBL,2026-08-07,309.0,307.9,45973
PPL,2026-08-07,313.5,328.4,9314
JHAPA,2026-08-07,1086.0,1090.0,4949
NIMB,2026-08-07,196.1,195.0,75911
TRH,2026-08-07,792.0,790.0,2221
KDBY,2026-08-07,11.11,11.09,29060
GCIL,2026-08-07,350.0,345.0,13380
CREST,2026-08-07,1253.7,1189.0,6706
JBLB,2026-08-07,1260.1,1260.8,2340
LUK,2026-08-07,10.69,10.69,1300
GBLBS,2026-08-07,731.2,738.0,1327
NWCL,2026-08-07,681.0,688.0,4545
RSDC,2026-08-07,630.1,638.0,2369
LBBLD89,2026-08-07,1260.0,1260.0,50
BHL,2026-08-07,210.0,208.9,44962
UMHL,2026-08-07,570.0,583.0,28870
SMB,2026-08-07,1830.0,1820.0,889
SGHL,2026-08-07,525.0,518.0,50921
AHL,2026-08-07,413.0,414.0,2712
BUNGAL,2026-08-07,556.0,584.8,12856
HHL,2026-08-07,340.0,337.0,8753
SARBTM,2026-08-07,802.0,785.0,2373
CZBILP,2026-08-07,100.0,100.0,722042
PSF,2026-08-07,11.8,12.0,3800
VLBS,2026-08-07,655.0,666.0,1433
GBBL,2026-08-07,419.1,419.0,23774
TSHL,2026-08-07,383.3,369.9,6016
RIDI,2026-08-07,384.9,375.0,606959
SONA,2026-08-07,401.2,408.0,23274
TTL,2026-08-07,710.5,710.0,16478
IHL,2026-08-07,348.0,346.0,4109
DORDI,2026-08-07,251.0,247.0,28902
BJHL,2026-08-07,700.0,694.0,4666
SNORL,2026-08-07,837.6,906.0,22802
NABIL,2026-08-07,552.0,556.0,83780
SHINE,2026-08-07,408.5,407.2,7440
IGI,2026-08-07,429.0,430.0,7761
NYADI,2026-08-07,367.3,370.0,5382
GLH,2026-08-07,255.0,256.9,15144
NICL,2026-08-07,513.4,499.0,10404
MSLB,2026-08-07,1230.0,1258.0,909
MAKAR,2026-08-07,435.0,429.8,31056
MMKJL,2026-08-07,455.0,454.9,6085
NIBSF2,2026-08-07,8.74,8.76,600
UAIL,2026-08-07,433.1,440.7,14840
GLBSL,2026-08-07,1801.0,1795.9,279
NIBLSTF,2026-08-07,8.6,8.79,6700
SABBL,2026-08-07,985.0,979.0,24385
HPPL,2026-08-07,384.0,380.0,165076
MPFL,2026-08-07,601.1,613.0,7828
MERO,2026-08-07,675.0,661.2,2700
HURJA,2026-08-07,238.0,238.0,29557
CHL,2026-08-07,265.0,268.0,23013
ULBSL,2026-08-07,2748.0,2738.0,586
NRIC,2026-08-07,935.0,932.0,7177
NSIF2,2026-08-07,10.65,10.8,48900
DLBS,2026-08-07,1182.1,1165.0,223
UHEWA,2026-08-07,565.1,582.0,27628
ICFC,2026-08-07,601.1,603.0,7627
BFC,2026-08-07,502.0,494.0,30161
ILBS,2026-08-07,878.9,876.9,1049
NIMBPO,2026-08-07,145.9,145.0,27255
NADEP,2026-08-07,730.0,729.0,570
NMFBS,2026-08-07,1106.0,1101.4,7110
DHEL,2026-08-07,575.0,584.9,19481
CKHL,2026-08-07,561.5,584.0,672
NICSF,2026-08-07,8.56,8.9,6700
JBBL,2026-08-07,350.0,340.0,31771
SAGAR,2026-08-07,1725.0,1750.0,4058
MNMF1,2026-08-07,9.53,9.8,13700
PPCL,2026-08-07,357.0,338.9,4212
SJCL,2026-08-07,269.0,273.5,6788
NGPL,2026-08-07,413.7,408.7,74059
MKJC,2026-08-07,455.8,453.0,6876
NICFC,2026-08-07,9.1,9.37,4800
NHPC,2026-08-07,263.3,273.0,191698
HDL,2026-08-07,1170.0,1167.0,12427
HLICF,2026-08-07,8.25,8.94,2934
RMF1,2026-08-07,9.5,9.67,18250
BNHC,2026-08-07,297.6,286.2,28624
USHEC,2026-08-07,497.0,497.0,6636
GVL,2026-08-07,479.0,482.0,6322
SMH,2026-08-07,534.0,506.0,6919
MEN,2026-08-07,595.0,595.1,43063
MLBSL,2026-08-07,1601.0,1620.0,445
CYCL,2026-08-07,1282.0,1280.0,1208
NICGF2,2026-08-07,9.05,9.18,1010
SFEF,2026-08-07,9.8,9.98,33700
ICFCD89,2026-08-07,1085.0,1092.0,222
RBBF40,2026-08-07,9.49,9.01,1948
SANVI,2026-08-07,595.1,590.0,10045
SIFC,2026-08-07,510.0,505.5,7215
SMATA,2026-08-07,725.5,728.0,1029
MCHL,2026-08-07,285.0,282.0,4818
SADBL,2026-08-07,411.0,408.4,3960
SKBBL,2026-08-07,752.0,749.9,5056
HATHY,2026-08-07,681.2,693.0,4014
LLBS,2026-08-07,871.0,885.0,155
SINDU,2026-08-07,690.1,691.0,9207
NMBHF2,2026-08-07,9.53,9.7,16200
PMLI,2026-08-07,431.1,437.5,1893
HFIN,2026-08-07,701.0,699.0,21761
NIFRA,2026-08-07,246.0,245.1,40495
SCB,2026-08-07,663.9,648.0,8192
BARUN,2026-08-07,321.1,321.2,16558
MEL,2026-08-07,212.0,214.9,17055
MHNL,2026-08-07,237.7,242.0,3176
WNLB,2026-08-07,1326.0,1351.0,166
LEC,2026-08-07,235.2,221.2,76335
DOLTI,2026-08-07,316.0,320.0,6821
RURU,2026-08-07,604.0,614.0,10900
EDBL,2026-08-07,575.0,584.0,1460
ALICL,2026-08-07,424.8,422.0,5448
KHPL,2026-08-07,810.0,816.0,6987
UPPER,2026-08-07,194.0,192.0,96273
SAIL,2026-08-07,1053.9,1090.0,28817
ACLBSL,2026-08-07,920.0,917.0,393
CHCL,2026-08-07,493.7,486.0,6116
LSH12,2026-08-07,9.07,9.2,5900
SHL,2026-08-07,498.6,499.1,16785
JSLBB,2026-08-07,980.0,980.0,200
UMRH,2026-08-07,528.3,526.1,3386
ULHC,2026-08-07,388.0,379.0,124394
MDB,2026-08-07,576.2,578.2,3256
ENL,2026-08-07,791.0,799.9,160
AVYAN,2026-08-07,1036.0,1053.0,6060
NFS,2026-08-07,568.0,567.4,1379
SLBSL,2026-08-07,995.0,982.1,1298
PMHPL,2026-08-07,312.1,318.0,6014
SWASTIK,2026-08-07,2020.0,2040.0,441
SALICO,2026-08-07,586.0,589.0,4215
RLFL,2026-08-07,465.0,452.6,10292
BHDC,2026-08-07,426.0,426.0,8716
NICA,2026-08-07,327.0,326.0,43627
MFIL,2026-08-07,755.0,775.0,16576
SOPL,2026-08-07,760.0,792.0,33277
GIBF1,2026-08-07,10.7,10.75,2100
NMB,2026-08-06,247.1,243.9,67206
KEF,2026-08-06,10.5,10.5,18171
SMB,2026-08-06,1800.0,1800.0,902
GCIL,2026-08-06,353.0,350.0,9521
DORDI,2026-08-06,253.2,254.0,22370
HIDCL,2026-08-06,259.0,254.6,20967
SFEF,2026-08-06,9.85,9.85,300
PMHPL,2026-08-06,312.0,319.0,11044
PRSF,2026-08-06,12.9,12.89,2850
CFCL,2026-08-06,646.0,675.0,182547
SARBTM,2026-08-06,781.0,783.0,2374
HIMSTAR,2026-08-06,709.0,708.0,2781
KKHC,2026-08-06,320.0,320.0,525282
USHL,2026-08-06,565.9,539.0,675
CITY,2026-08-06,390.0,374.0,82999
PURE,2026-08-06,825.0,825.5,2721
SMJC,2026-08-06,418.0,449.9,17151
JSLBB,2026-08-06,1000.0,990.0,91
EHPL,2026-08-06,365.2,344.0,4094
BJHL,2026-08-06,670.0,704.0,6902
SGHC,2026-08-06,321.8,318.5,77022
NICGF2,2026-08-06,8.85,9.18,2300
MLBSL,2026-08-06,1635.0,1600.0,1081
MLBBL,2026-08-06,1117.0,1121.0,1592
GILB,2026-08-06,1094.0,1090.0,1002
SBD89,2026-08-06,1200.0,1200.0,11
NMBD87/88,2026-08-06,1100.0,1100.0,100
SOHL,2026-08-06,672.7,662.0,350719
OHL,2026-08-06,667.0,670.0,1730
KBLD86,2026-08-06,1125.0,1080.0,2
SALICO,2026-08-06,594.0,586.0,4260
MFIL,2026-08-06,755.0,785.0,126180
KDL,2026-08-06,774.0,780.0,1242
DDBL,2026-08-06,830.0,835.0,5724
RURU,2026-08-06,615.0,612.1,4791
SEF2,2026-08-06,9.2,9.16,26480
NICD88,2026-08-06,1100.0,1100.0,50
RLFL,2026-08-06,469.0,457.0,13466
RFPL,2026-08-06,325.1,333.2,11147
NIFRAGED,2026-08-06,1028.0,1028.0,30
SHPC,2026-08-06,501.0,499.9,12802
CSY,2026-08-06,9.0,9.02,5464
SANVI,2026-08-06,600.0,597.0,3408
SMPDA,2026-08-06,775.0,750.0,2936
CORBL,2026-08-06,990.0,1025.0,88936
LSH12,2026-08-06,10.0,9.35,11700
EBL,2026-08-06,730.0,725.0,27393
GHL,2026-08-06,231.0,228.5,38653
JBBL,2026-08-06,350.1,343.0,46913
SEF,2026-08-06,9.8,9.81,4489
RBBF40,2026-08-06,9.02,9.04,14700
UAIL,2026-08-06,441.0,441.4,6261
ECL,2026-08-06,1500.0,1612.0,74398
HDL,2026-08-06,1174.0,1167.0,15131
SFMF,2026-08-06,10.01,10.2,2345
SAIL,2026-08-06,1085.0,1099.0,40111
NESDO,2026-08-06,1489.0,1469.0,661
DOLTI,2026-08-06,322.0,320.0,19633
ULBSL,2026-08-06,2720.2,2700.5,472
NIL,2026-08-06,615.0,615.1,5407
MERO,2026-08-06,665.3,666.0,596
RMF2,2026-08-06,9.64,9.85,600
MMKJL,2026-08-06,477.9,458.0,2213
MKHC,2026-08-06,285.0,285.8,12603
MABEL,2026-08-06,589.0,595.6,4965
UPPER,2026-08-06,197.0,194.1,47333
KMCDB,2026-08-06,757.6,760.2,1750
CYCL,2026-08-06,1299.0,1290.0,389
DLBS,2026-08-06,1215.0,1182.1,1233
BBC,2026-08-06,4300.0,4278.0,505
AHL,2026-08-06,410.4,413.1,248
KDBY,2026-08-06,11.03,11.11,101050
SAHAS,2026-08-06,680.0,672.0,49816
GIBF1,2026-08-06,10.7,10.98,5300
ACLBSL,2026-08-06,930.0,920.0,423
SIPD,2026-08-06,681.0,690.0,16708
SHEL,2026-08-06,305.0,306.9,78427
NMBHF2,2026-08-06,9.53,9.6,2800
C30MF,2026-08-06,10.01,9.9,600
RBCL,2026-08-06,14211.0,14300.0,59
SIGS3,2026-08-06,10.65,10.5,400
GRDBL,2026-08-06,1050.0,1047.8,24575
SAPDBL,2026-08-06,818.9,817.0,18015
MEL,2026-08-06,212.2,214.6,13496
HLI,2026-08-06,320.0,319.9,26906
KBLD89,2026-08-06,1275.0,1275.0,100
SYPNL,2026-08-06,1251.2,1280.0,61852
JHAPA,2026-08-06,1108.0,1098.0,2330
ANLB,2026-08-06,5400.0,5524.0,1194
HFIN,2026-08-06,702.5,709.0,16550
GBLBS,2026-08-06,743.9,737.0,749
JBBD87,2026-08-06,1108.0,1111.0,105
JOSHI,2026-08-06,305.9,284.0,73622
BNT,2026-08-06,11610.0,11610.0,25
RSML,2026-08-06,2600.0,2541.6,49202
LICN,2026-08-06,780.0,776.0,5452
NFS,2026-08-06,570.0,568.0,1584
GBBD85,2026-08-06,1050.0,1050.0,25
HRL,2026-08-06,617.0,584.0,37238
SWASTIK,2026-08-06,2040.0,2025.0,190
SWMF,2026-08-06,605.2,610.0,3929
MLBS,2026-08-06,1135.0,1119.0,425
TSHL,2026-08-06,372.0,372.2,7072
AHPC,2026-08-06,270.0,268.0,28461
GMFIL,2026-08-06,472.0,455.3,6873
CHL,2026-08-06,266.0,270.0,26406
SBI,2026-08-06,388.5,406.4,2968
BNL,2026-08-06,14500.0,14500.0,10
GSY,2026-08-06,9.51,9.51,3450
NLICL,2026-08-06,562.0,570.0,7846
PPCL,2026-08-06,358.0,340.0,10682
BHL,2026-08-06,211.0,210.0,71067
DHPL,2026-08-06,307.6,293.0,6643
UNHPL,2026-08-06,385.0,379.0,23316
HHL,2026-08-06,344.9,336.4,31851
UPCL,2026-08-06,355.0,351.0,22402
LBBL,2026-08-06,504.0,491.0,94128
NIBSF2,2026-08-06,8.6,9.0,52174
ICFC,2026-08-06,606.1,605.0,3311
SNLI,2026-08-06,419.0,415.3,15725
UNLB,2026-08-06,1237.0,1257.9,1195
MDB,2026-08-06,588.0,578.0,1905
PBD85,2026-08-06,1060.0,1060.0,50
MBLD2085,2026-08-06,1188.3,1188.3,125
GBIMESY2,2026-08-06,8.93,9.2,2900
SADBL,2026-08-06,411.0,409.0,20287
SRBLD83,2026-08-06,1015.0,1015.0,25
CZBIL,2026-08-06,205.0,202.0,42559
MLBL,2026-08-06,357.0,354.3,13045
HPPL,2026-08-06,385.1,388.0,110658
RLEL,2026-08-06,885.0,886.0,3583
MEHL,2026-08-06,308.0,297.0,6632
SPDL,2026-08-06,389.0,362.4,34094
GLH,2026-08-06,257.0,257.4,19944
SLBSL,2026-08-06,990.0,999.1,1012
RHPL,2026-08-06,258.0,256.5,9346
TTL,2026-08-06,715.2,716.1,6563
APHL,2026-08-06,830.0,828.0,10218
GVL,2026-08-06,480.0,480.2,4787
SCB,2026-08-06,625.0,654.0,15658
NBL,2026-08-06,255.5,269.0,55321
SJLIC,2026-08-06,412.5,414.2,8389
SANIMA,2026-08-06,376.5,373.7,83168
HEI,2026-08-06,539.9,537.0,2732
MSLB,2026-08-06,1265.0,1255.0,2572
HEIP,2026-08-06,337.5,337.5,10
MBLEF,2026-08-06,10.0,10.28,7210
LEC,2026-08-06,229.9,224.0,105012
SHIVM,2026-08-06,646.0,645.0,46373
AKPL,2026-08-06,263.9,258.0,61982
EDBL,2026-08-06,594.0,587.9,645
NIMBPO,2026-08-06,144.0,142.0,27298
OMPL,2026-08-06,904.0,905.0,2078
CBLD88,2026-08-06,1170.0,1150.0,6
NLG,2026-08-06,575.0,567.0,8218
IHL,2026-08-06,354.0,348.0,5844
BFC,2026-08-06,513.9,502.0,25711
NSY,2026-08-06,9.03,9.2,4500
MCHL,2026-08-06,282.0,280.1,4588
SHL,2026-08-06,500.0,498.6,16007
NMFBS,2026-08-06,1105.1,1105.0,3282
NBF2,2026-08-06,9.94,9.9,3100
BHCL,2026-08-06,492.1,494.0,15068
NRM,2026-08-06,307.0,310.5,3279
HBL,2026-08-06,187.5,194.9,146075
PRIN,2026-08-06,661.1,670.5,1869
NADEP,2026-08-06,774.0,730.0,1051
TVCL,2026-08-06,471.0,475.1,10049
GUFL,2026-08-06,561.0,575.9,28866
NICSF,2026-08-06,8.6,8.56,500
KPCL,2026-08-06,475.0,468.1,6060
TPKHL,2026-08-06,533.0,552.0,76497
KAHL,2026-08-06,530.0,554.5,89655
MHCL,2026-08-06,321.0,312.1,5370
NSIF2,2026-08-06,10.74,10.68,83800
ICFCD89,2026-08-06,1081.1,1090.0,150
NHDL,2026-08-06,644.0,641.0,2636
CHCL,2026-08-06,494.0,492.0,9452
PMLI,2026-08-06,437.0,438.7,2069
BEDC,2026-08-06,318.1,322.0,13876
CIT,2026-08-06,1711.0,1710.0,1738
FOWAD,2026-08-06,935.0,927.1,3048
NIBLSTF,2026-08-06,8.3,8.79,17927
BGWT,2026-08-06,573.0,557.0,983
NHPC,2026-08-06,282.8,277.1,683738
UMRH,2026-08-06,539.0,535.1,10683
HDHPC,2026-08-06,213.9,209.9,80586
NIBD84,2026-08-06,1035.3,1035.3,50
ALBSL,2026-08-06,1066.0,1085.0,4393
NABBC,2026-08-06,829.9,843.0,34024
MBL,2026-08-06,243.5,253.0,57765
MANDU,2026-08-06,810.0,806.0,1682
NMB50,2026-08-06,10.32,10.6,4900
NBLD82,2026-08-06,1023.5,1023.1,50
SSHL,2026-08-06,205.0,202.5,71658
MKCL,2026-08-06,1075.0,1062.0,3386
CLI,2026-08-06,442.0,440.1,6652
RSY,2026-08-06,10.4,10.25,11700
ADBL,2026-08-06,304.0,308.8,143216
SAGAR,2026-08-06,1750.0,1750.0,11449
PROFLP,2026-08-06,236.0,236.0,106
JBLB,2026-08-06,1260.0,1260.0,4808
TAMOR,2026-08-06,448.2,450.0,23440
USLB,2026-08-06,1116.0,1138.7,432
MHL,2026-08-06,482.0,468.5,2541
NUBL,2026-08-06,602.0,613.0,2259
GBIME,2026-08-06,265.8,252.3,246981
PHCL,2026-08-06,299.0,297.5,28105
SMH,2026-08-06,512.0,509.0,10300
SPIL,2026-08-06,682.1,687.0,1689
NBF3,2026-08-06,9.58,9.51,26710
NABIL,2026-08-06,568.0,552.0,53215
GLBSL,2026-08-06,1790.0,1801.0,123
ILBS,2026-08-06,870.0,879.0,1129
NWCL,2026-08-06,681.3,696.9,656
SJCL,2026-08-06,274.0,272.5,4683
MLBLD89,2026-08-06,1279.0,1279.0,10
MEN,2026-08-06,600.0,600.1,36224
SMFBS,2026-08-06,1535.0,1525.0,390
NYADI,2026-08-06,363.3,372.2,6040
SLCF,2026-08-06,9.5,9.49,1488
NMBMF,2026-08-06,601.0,614.7,96
IGI,2026-08-06,439.0,429.0,5369
SWBBL,2026-08-06,711.9,673.0,7175
FMDBL,2026-08-06,759.0,758.0,6627
SMATA,2026-08-06,721.2,732.0,468
LLBS,2026-08-06,867.3,894.8,70
JFL,2026-08-06,391.1,391.0,3205
SICL,2026-08-06,610.5,616.9,1397
GBBL,2026-08-06,418.3,421.0,85460
MNBBL,2026-08-06,370.0,369.5,10573
SINDU,2026-08-06,700.0,700.0,12222
VLBS,2026-08-06,666.0,665.0,1848
PPL,2026-08-06,309.3,330.0,19653
NICFC,2026-08-06,9.1,9.13,2100
NICL,2026-08-06,505.0,500.0,18496
AKJCL,2026-08-06,385.4,374.0,707966
HIDCLP,2026-08-06,191.4,189.9,33728
KSY,2026-08-06,9.47,9.5,973
STC,2026-08-06,5200.0,5200.0,20
PROFL,2026-08-06,425.0,423.1,5125
RNLI,2026-08-06,416.0,432.5,27466
KHPL,2026-08-06,830.4,818.0,10504
KBL,2026-08-06,229.9,216.0,289577
SGHL,2026-08-06,513.4,525.6,121282
NIFRA,2026-08-06,245.0,246.0,26888
BARUN,2026-08-06,318.0,322.7,28888
AVYAN,2026-08-06,1055.7,1042.0,4987
MPFL,2026-08-06,606.0,611.0,7322
GMFBS,2026-08-06,1200.0,1183.1,410
SIFC,2026-08-06,503.0,510.0,5130
SOPL,2026-08-06,807.2,800.0,36365
LSL,2026-08-06,218.0,222.8,173938
PSF,2026-08-06,11.79,11.8,900
NMLBBL,2026-08-06,512.0,516.0,13451
PCIL,2026-08-06,612.0,635.0,24618
RHGCL,2026-08-06,262.9,261.0,16537
NTC,2026-08-06,860.0,862.0,4505
UHEWA,2026-08-06,600.0,571.8,14399
UAILPO,2026-08-06,251.0,251.0,38272
MATRI,2026-08-06,810.1,812.2,393
SPL,2026-08-06,680.0,663.0,700
CGH,2026-08-06,790.0,778.3,16702
CCBD88,2026-08-06,1177.0,1177.0,25
ILI,2026-08-06,415.8,411.2,13476
SABBL,2026-08-06,980.2,985.0,15857
BPCL,2026-08-06,645.0,653.0,31224
SBL,2026-08-06,415.0,411.0,105901
EBLD85,2026-08-06,1127.0,1113.4,77
KSBBL,2026-08-06,473.1,472.0,18622
SNORL,2026-08-06,916.0,881.6,20417
GMLI,2026-08-06,1117.0,1104.0,3222
MMF1,2026-08-06,9.24,8.75,1700
SONA,2026-08-06,403.0,403.0,18577
RADHI,2026-08-06,745.0,715.0,25197
UMHL,2026-08-06,560.0,582.1,149441
ENL,2026-08-06,815.0,791.0,580
ALICL,2026-08-06,423.0,424.8,6022
NBLD87,2026-08-06,1061.1,1061.1,10
BNHC,2026-08-06,291.0,291.0,85327
NLIC,2026-08-06,747.0,743.8,31459
CREST,2026-08-06,1254.6,1194.0,3873
HURJA,2026-08-06,245.0,239.1,34513
ULHC,2026-08-06,350.0,407.2,16882
MKHL,2026-08-06,480.2,495.3,6620
SHINE,2026-08-06,410.2,408.2,20045
USHEC,2026-08-06,493.0,496.1,2247
SAEF2,2026-08-06,10.0,9.5,26800
GBIMEP,2026-08-06,101.6,101.6,22018
SMHL,2026-08-06,500.0,493.1,62515
NICBF,2026-08-06,9.07,9.1,600
PBLD87,2026-08-06,1080.0,1080.0,100
NICA,2026-08-06,329.2,327.9,69912
BHPL,2026-08-06,521.0,499.0,5470
NIMB,2026-08-06,206.3,195.9,119875
MSHL,2026-08-06,606.0,609.0,189
RBCLPO,2026-08-06,11380.0,11380.0,15
SKHEL,2026-08-06,986.0,989.0,2791
VLUCL,2026-08-06,415.1,419.0,874
HATHY,2026-08-06,681.0,685.9,2640
NABILD2089,2026-08-06,1040.0,1040.0,25
NIBLGF,2026-08-06,9.16,9.25,2800
NGPL,2026-08-06,409.9,412.8,139627
NRIC,2026-08-06,940.0,938.9,16972
BHDC,2026-08-06,424.7,429.5,7379
TPC,2026-08-06,363.0,360.3,44556
SHLB,2026-08-06,1440.0,1476.9,74
NRN,2026-08-06,1382.0,1387.0,59207
HLBSL,2026-08-06,870.0,880.0,1816
RMF1,2026-08-06,9.55,9.68,2950
CHDC,2026-08-06,2228.0,2218.0,20810
PCBL,2026-08-06,242.5,240.1,44619
MHNL,2026-08-06,239.5,239.9,14350
SLBBL,2026-08-06,802.0,798.3,2203
MAKAR,2026-08-06,459.0,435.0,14216
SIKLES,2026-08-06,558.3,560.0,8631
RSDC,2026-08-06,637.1,635.0,2729
DHEL,2026-08-06,580.0,576.0,14035
SBCF,2026-08-06,9.3,9.5,9610
EDBLPO,2026-08-06,324.0,324.0,84485
WNLB,2026-08-06,1323.6,1335.0,49
MNMF1,2026-08-06,9.6,9.6,2000
TRH,2026-08-06,779.0,792.0,4398
CKHL,2026-08-06,575.2,578.2,633
HLICF,2026-08-06,8.66,8.5,1770
SPHL,2026-08-06,522.1,520.0,2656
NMIC,2026-08-06,928.0,913.0,3014
SKBBL,2026-08-06,755.0,750.5,6771
RAWA,2026-08-06,432.0,425.9,10371
H8020,2026-08-06,11.75,12.2,10858
SKHL,2026-08-06,906.0,890.0,6582
SRLI,2026-08-06,373.1,375.0,8668
GFCL,2026-08-06,604.0,603.0,6743
NICLBSL,2026-08-06,546.1,549.0,999
MBJC,2026-08-06,265.1,267.4,13296
LVF2,2026-08-06,9.51,9.3,800
CBBL,2026-08-06,925.5,929.9,5944
BUNGAL,2026-08-06,588.0,585.1,20057
RIDI,2026-08-06,385.0,384.9,1213509
API,2026-08-06,331.2,331.9,102691
YMHL,2026-08-06,639.6,639.7,47920
SPC,2026-08-06,422.0,420.0,3894
SGIC,2026-08-06,456.7,456.3,9121
MKJC,2026-08-06,455.7,457.0,2753
BANDIPUR,2026-08-06,709.0,697.0,28780
KBSH,2026-08-06,935.0,970.0,24488
PRVU,2026-08-06,184.0,192.3,76081
ALICL,2026-08-05,423.3,425.1,15400
NLIC,2026-08-05,749.0,748.7,10936
MCHL,2026-08-05,287.0,286.7,5761
NIMBD90,2026-08-05,1253.3,1253.3,60
CIT,2026-08-05,1720.0,1710.1,2849
MERO,2026-08-05,656.1,665.3,2701
JBLB,2026-08-05,1260.0,1261.0,3508
RURU,2026-08-05,603.1,615.0,3419
SGHL,2026-08-05,510.0,513.0,67404
DLBS,2026-08-05,1248.6,1208.0,237
CSY,2026-08-05,9.05,9.06,5030
SMPDA,2026-08-05,747.0,755.0,2254
ALBSL,2026-08-05,1065.0,1102.0,12601
HATHY,2026-08-05,726.0,696.0,4134
CHDC,2026-08-05,2104.2,2228.0,12535
SADBL,2026-08-05,413.8,411.0,9807
CGH,2026-08-05,782.0,778.5,5325
AKJCL,2026-08-05,363.1,367.1,274641
MANDU,2026-08-05,801.3,810.0,1900
SEF,2026-08-05,10.0,10.0,100
SANIMA,2026-08-05,375.0,375.4,90544
BNHC,2026-08-05,278.0,291.0,41465
SOPL,2026-08-05,810.0,815.0,23188
KEF,2026-08-05,10.46,10.51,2500
EBL,2026-08-05,729.0,730.0,34151
DOLTI,2026-08-05,324.8,322.0,16541
BFC,2026-08-05,505.2,506.0,21575
SCB,2026-08-05,662.0,655.9,8907
NMBD2085,2026-08-05,1140.0,1140.0,100
PPL,2026-08-05,320.0,325.5,5815
GWFD83,2026-08-05,1030.2,1085.0,2
SGIC,2026-08-05,458.0,459.8,1214
SRLI,2026-08-05,375.0,376.0,9359
SHL,2026-08-05,499.0,501.0,10373
RAWA,2026-08-05,425.0,427.8,13750
HPPL,2026-08-05,372.0,386.5,137172
NYADI,2026-08-05,361.5,367.0,1642
GBIME,2026-08-05,270.6,253.2,290873
NBF2,2026-08-05,10.0,9.95,16600
CLI,2026-08-05,443.0,445.8,6235
HBL,2026-08-05,200.0,197.3,42244
GSY,2026-08-05,9.51,9.69,7510
ACLBSL,2026-08-05,915.0,930.0,1642
NFS,2026-08-05,579.9,570.0,2058
SABBL,2026-08-05,980.0,990.0,6498
SEF2,2026-08-05,10.0,9.45,42010
MBJC,2026-08-05,266.0,267.1,14108
SHIVM,2026-08-05,680.3,649.0,69463
GFCL,2026-08-05,610.0,604.1,10386
PCIL,2026-08-05,670.0,644.0,39848
SBL,2026-08-05,417.0,417.0,206225
SLBBL,2026-08-05,793.5,802.0,3877
NMFBS,2026-08-05,1110.0,1107.8,1913
GBLBS,2026-08-05,732.3,743.9,1435
GMFIL,2026-08-05,465.0,463.9,15219
HLBSL,2026-08-05,868.0,890.0,734
ANLB,2026-08-05,5400.0,5544.0,1542
SJLIC,2026-08-05,411.5,413.0,12708
SKBBL,2026-08-05,765.0,752.0,9107
MATRI,2026-08-05,815.0,817.5,1308
NMB50,2026-08-05,10.5,10.43,7655
EBLD91,2026-08-05,1060.0,1058.0,100
GLBSL,2026-08-05,1710.0,1790.0,181
NMB,2026-08-05,252.0,246.5,31890
UPPER,2026-08-05,194.0,195.0,54697
NIMB,2026-08-05,206.0,196.5,98719
GUFL,2026-08-05,561.3,563.0,16819
HFIN,2026-08-05,700.1,712.0,20376
SPIL,2026-08-05,695.0,693.9,653
NLG,2026-08-05,585.0,585.0,4054
SONA,2026-08-05,405.0,405.0,21536
NICL,2026-08-05,528.1,503.0,4567
CZBIL,2026-08-05,206.0,204.9,50097
ADBL,2026-08-05,325.0,320.0,40701
ILI,2026-08-05,415.0,415.8,5145
SMJC,2026-08-05,460.0,440.0,8526
AHPC,2026-08-05,267.7,267.9,45466
BARUN,2026-08-05,322.0,324.0,6273
TRH,2026-08-05,784.8,789.0,3494
BHDC,2026-08-05,425.0,428.5,7798
NCCD86,2026-08-05,1164.0,1164.0,10
NBL,2026-08-05,269.0,268.7,31003
KKHC,2026-08-05,331.6,325.0,863331
JBBL,2026-08-05,342.3,345.0,18013
NICSF,2026-08-05,8.8,8.8,5300
SMB,2026-08-05,1820.0,1785.0,1215
TAMOR,2026-08-05,446.0,453.0,12052
CFCL,2026-08-05,643.0,680.0,243275
UPCL,2026-08-05,357.0,353.0,26089
SICL,2026-08-05,611.3,617.5,2144
SPL,2026-08-05,650.0,662.0,339
UNL,2026-08-05,47800.0,48000.0,20
AKPL,2026-08-05,265.0,260.7,40866
C30MF,2026-08-05,10.25,10.25,550
EHPL,2026-08-05,353.5,347.9,9751
PMHPL,2026-08-05,322.5,320.0,1643
PCBL,2026-08-05,242.2,242.5,39909
VLBS,2026-08-05,660.0,666.0,910
FMDBL,2026-08-05,769.0,760.0,4838
NMLBBL,2026-08-05,514.0,512.3,5250
BHL,2026-08-05,212.0,211.0,41055
KBL,2026-08-05,226.0,219.0,326366
ULBSL,2026-08-05,2749.9,2748.0,387
SAIL,2026-08-05,1090.0,1125.8,24492
OHL,2026-08-05,662.0,660.5,1028
HIMSTAR,2026-08-05,721.0,727.0,2432
NBF3,2026-08-05,9.6,9.65,12240
TPKHL,2026-08-05,520.6,545.0,28402
SALICO,2026-08-05,599.8,598.0,3879
SHEL,2026-08-05,302.2,306.9,27377
RADHI,2026-08-05,710.0,716.0,71244
PRIN,2026-08-05,661.0,670.0,809
WNLB,2026-08-05,1333.1,1340.0,163
PBLD84,2026-08-05,1087.0,1057.2,30
HLI,2026-08-05,323.0,321.8,19847
FOWAD,2026-08-05,931.1,943.0,3616
NADEP,2026-08-05,716.0,737.2,957
NMBMF,2026-08-05,610.0,617.9,1535
GVL,2026-08-05,481.0,482.0,4385
SBLD2091,2026-08-05,1060.0,1073.5,175
KSBBLD87,2026-08-05,1190.0,1087.7,125
KAHL,2026-08-05,521.0,530.0,38622
MAKAR,2026-08-05,436.0,438.0,10730
RLFL,2026-08-05,492.3,459.9,37185
SBCF,2026-08-05,9.5,9.5,3135
RSDC,2026-08-05,640.0,637.1,2874
SKHEL,2026-08-05,957.0,986.1,1492
NIFRA,2026-08-05,233.9,247.0,43465
PRSF,2026-08-05,12.97,12.88,13500
SMATA,2026-08-05,720.0,730.0,1225
RNLI,2026-08-05,430.1,437.7,9514
LVF2,2026-08-05,9.8,9.8,200
MMF1,2026-08-05,8.77,9.27,11500
SPHL,2026-08-05,523.0,533.0,4656
RHGCL,2026-08-05,257.1,262.0,9625
NMBHF2,2026-08-05,9.7,9.65,7110
PURE,2026-08-05,827.0,837.6,1616
MSHL,2026-08-05,610.0,610.0,76
NTC,2026-08-05,870.0,865.8,31100
ULHC,2026-08-05,367.0,354.1,5447
CHCL,2026-08-05,495.0,493.0,11531
CBBL,2026-08-05,940.0,930.0,6546
KSY,2026-08-05,9.47,9.75,530
SIFC,2026-08-05,517.0,510.0,5279
TVCL,2026-08-05,473.0,473.1,2270
SINDU,2026-08-05,717.0,704.0,9890
PPCL,2026-08-05,323.6,341.0,6384
KSBBL,2026-08-05,473.1,475.0,15768
GMFBS,2026-08-05,1215.0,1215.0,309
GHL,2026-08-05,214.8,231.0,38309
MFIL,2026-08-05,765.0,773.0,69920
NICFC,2026-08-05,9.1,9.12,1599
NIBLGF,2026-08-05,9.43,9.43,100
NICGF2,2026-08-05,9.04,9.05,1600
CITY,2026-08-05,348.8,378.9,121792
LUK,2026-08-05,10.7,10.7,330
UHEWA,2026-08-05,546.4,574.8,1781
ADBLD83,2026-08-05,1025.0,1024.0,25
BJHL,2026-08-05,670.0,700.0,11305
UMRH,2026-08-05,532.09,540.0,12664
IHL,2026-08-05,350.0,349.0,3162
NICD83/84,2026-08-05,1029.0,1037.0,900
NSIF2,2026-08-05,10.75,10.74,24700
MSLB,2026-08-05,1285.0,1270.0,1365
NMIC,2026-08-05,901.2,928.9,550
MHCL,2026-08-05,310.0,312.1,1370
SFMF,2026-08-05,10.15,10.11,31556
CCBD88,2026-08-05,1177.0,1177.0,25
NABIL,2026-08-05,530.1,557.0,75852
DHEL,2026-08-05,569.0,581.0,17800
LBBL,2026-08-05,505.0,500.0,107373
HEI,2026-08-05,544.9,538.8,4197
MEL,2026-08-05,215.6,215.0,8332
MNMF1,2026-08-05,9.55,9.6,600
KBSH,2026-08-05,959.0,949.0,8584
NLICL,2026-08-05,572.0,570.0,12252
NRM,2026-08-05,310.0,312.5,4257
SAHAS,2026-08-05,675.0,675.0,71042
UMHL,2026-08-05,560.0,576.0,33291
MEN,2026-08-05,600.0,600.0,40438
SMFBS,2026-08-05,1581.0,1535.0,643
TPC,2026-08-05,370.0,369.6,19583
HDHPC,2026-08-05,213.8,211.5,96936
NIBD84,2026-08-05,1040.1,1040.1,25
H8020,2026-08-05,12.0,12.0,33705
DDBL,2026-08-05,837.9,831.0,11008
KMCDB,2026-08-05,770.0,770.0,338
SARBTM,2026-08-05,795.0,788.0,4010
HHL,2026-08-05,344.0,337.0,9684
GMLI,2026-08-05,1110.0,1117.0,2078
BEDC,2026-08-05,318.2,322.5,15567
NABBC,2026-08-05,813.0,824.9,9349
MNBBL,2026-08-05,372.0,369.0,22207
NIFRAGED,2026-08-05,1028.0,1028.0,25
PSF,2026-08-05,11.7,11.78,18300
KBLD86,2026-08-05,1180.0,1125.0,3
MHNL,2026-08-05,246.0,241.7,4821
HLICF,2026-08-05,8.66,8.66,1300
PMLI,2026-08-05,440.0,444.0,3569
RSY,2026-08-05,10.41,10.41,80490
MBLEF,2026-08-05,10.0,10.25,1300
SAPDBL,2026-08-05,856.0,818.9,25175
SWBBL,2026-08-05,705.0,678.0,9539
TSHL,2026-08-05,389.0,380.0,2204
NWCL,2026-08-05,696.1,690.0,2631
SAGAR,2026-08-05,1760.0,1740.0,7443
SIGS2,2026-08-05,10.8,10.8,200
BNT,2026-08-05,11670.0,11700.0,90
NICA,2026-08-05,346.5,329.1,49029
MHL,2026-08-05,467.1,469.5,1739
LEC,2026-08-05,231.0,228.5,74078
KDL,2026-08-05,799.6,774.0,891
SBID2090,2026-08-05,1050.0,1050.0,25
UAIL,2026-08-05,442.0,444.9,6166
USLB,2026-08-05,1149.5,1127.0,1218
NIL,2026-08-05,619.5,617.1,4926
SHINED,2026-08-05,1084.0,1084.0,25
SWMF,2026-08-05,610.0,618.0,3820
SPC,2026-08-05,416.0,422.7,3826
CIZBD90,2026-08-05,1190.0,1190.0,25
ICFC,2026-08-05,606.0,609.5,5758
NABILD87,2026-08-05,1150.0,1116.0,1
RHPL,2026-08-05,256.0,258.0,6840
SBI,2026-08-05,403.0,408.7,12697
SRBLD83,2026-08-05,1008.1,1008.1,25
NRIC,2026-08-05,930.0,937.0,29051
NRN,2026-08-05,1450.0,1394.0,77340
GRDBL,2026-08-05,1090.0,1072.0,48666
CYCL,2026-08-05,1282.2,1308.0,1215
USHL,2026-08-05,567.0,539.0,1703
KDBY,2026-08-05,10.88,11.3,88100
ECL,2026-08-05,1817.9,1575.0,106014
HURJA,2026-08-05,241.0,239.9,52381
BHPL,2026-08-05,472.2,497.0,11994
SHPC,2026-08-05,500.0,502.0,21976
LSL,2026-08-05,228.5,224.7,110032
MDB,2026-08-05,589.0,587.0,853
MKHC,2026-08-05,288.9,287.0,17057
SLBSL,2026-08-05,1011.1,990.0,3276
PCBLP,2026-08-05,103.0,103.0,200000
RSML,2026-08-05,2650.0,2619.0,31835
MLBS,2026-08-05,1123.3,1135.0,39
ILBS,2026-08-05,865.0,883.8,1029
NGPL,2026-08-05,411.0,407.0,69796
SIGS3,2026-08-05,10.47,10.6,400
HIDCLP,2026-08-05,188.5,189.0,41447
EDBL,2026-08-05,591.0,590.9,3742
ICFCD89,2026-08-05,1082.0,1082.0,25
RBBD2088,2026-08-05,1055.9,1056.0,50
BHCL,2026-08-05,514.5,492.1,14333
BBC,2026-08-05,4122.0,4250.0,275
RMF1,2026-08-05,9.58,9.55,15880
SLCF,2026-08-05,9.6,9.7,15600
MLBL,2026-08-05,355.2,357.0,17103
SHINE,2026-08-05,415.0,411.5,22342
NSY,2026-08-05,9.3,9.3,4200
NIBLSTF,2026-08-05,8.55,8.55,690
JFL,2026-08-05,387.1,389.1,3630
SIPD,2026-08-05,646.0,699.0,80355
RBCLPO,2026-08-05,11380.0,11662.0,70
SIKLES,2026-08-05,555.7,560.0,15123
RBBF40,2026-08-05,9.0,9.15,24909
OMPL,2026-08-05,904.0,924.9,1466
GCIL,2026-08-05,355.0,352.5,11113
NESDO,2026-08-05,1460.0,1479.0,1037
VLUCL,2026-08-05,412.2,417.0,3234
RBCL,2026-08-05,14230.0,14230.0,10
MPFL,2026-08-05,600.0,615.0,8654
BUNGAL,2026-08-05,599.0,588.0,14366
RIDI,2026-08-05,363.0,384.0,931453
JHAPA,2026-08-05,1104.1,1112.0,4866
NUBL,2026-08-05,617.8,610.0,992
STC,2026-08-05,5160.0,5200.0,230
NICBF,2026-08-05,9.15,9.2,10550
MLBBL,2026-08-05,1140.0,1135.0,483
AHL,2026-08-05,409.0,415.0,2866
PROFL,2026-08-05,429.9,430.0,8140
MKHL,2026-08-05,504.5,495.0,3276
CORBL,2026-08-05,1070.0,1035.0,48129
LICN,2026-08-05,790.0,784.5,12044
SOHL,2026-08-05,585.0,672.7,909305
SGHC,2026-08-05,312.0,318.0,25603
IGI,2026-08-05,432.1,436.7,1664
SANVI,2026-08-05,591.0,605.0,7780
BPCL,2026-08-05,647.1,654.0,14494
NBLD82,2026-08-05,1055.0,1024.0,25
MKCL,2026-08-05,1054.0,1075.0,3781
ENL,2026-08-05,812.0,803.9,290
LLBS,2026-08-05,890.0,889.0,138
NIMBPO,2026-08-05,143.3,143.6,1119
CKHL,2026-08-05,575.8,592.9,1290
SPDL,2026-08-05,362.0,371.0,98435
MMKJL,2026-08-05,471.0,464.0,1803
UNLB,2026-08-05,1312.3,1237.0,120
RLEL,2026-08-05,878.0,898.0,6282
GIBF1,2026-08-05,10.68,10.73,1000
SNLI,2026-08-05,419.0,419.0,10385
SMHL,2026-08-05,493.0,497.0,23996
GBBL,2026-08-05,412.6,415.0,52157
BGWT,2026-08-05,557.0,573.0,3687
MABEL,2026-08-05,585.1,599.0,4825
GLH,2026-08-05,255.4,258.0,19639
SHLB,2026-08-05,1446.0,1450.0,30
KHPL,2026-08-05,826.0,843.0,12729
CBLD88,2026-08-05,1172.1,1170.0,54
MLBSL,2026-08-05,1640.0,1635.1,497
AVYAN,2026-08-05,1010.0,1025.0,850
PHCL,2026-08-05,297.0,299.0,42180
GILB,2026-08-05,1095.0,1094.0,1243
SYPNL,2026-08-05,1254.0,1317.0,24063
SWASTIK,2026-08-05,1985.0,2030.0,367
YMHL,2026-08-05,602.0,639.6,21179
RMF2,2026-08-05,9.63,9.63,100
KPCL,2026-08-05,466.1,469.0,4513
RFPL,2026-08-05,333.8,330.5,13144
JOSHI,2026-08-05,315.0,298.0,112792
NIBSF2,2026-08-05,8.78,8.65,5440
HDL,2026-08-05,1170.0,1172.0,15030
NHDL,2026-08-05,643.0,644.0,1157
SKHL,2026-08-05,880.0,910.0,7276
GBIMESY2,2026-08-05,9.02,9.2,1250
JSLBB,2026-08-05,985.0,985.0,50
DHPL,2026-08-05,286.2,293.0,2593
NICAD2091,2026-08-05,1050.0,1050.0,25
MFLD85,2026-08-05,1151.9,1116.0,176
MBL,2026-08-05,255.1,255.8,84844
USHEC,2026-08-05,491.0,495.7,3346
API,2026-08-05,331.8,332.0,68858
EBLD85,2026-08-05,1154.7,1127.0,81
HIDCL,2026-08-05,255.9,255.0,52595
SMH,2026-08-05,497.1,514.0,10011
TTL,2026-08-05,716.0,715.2,7076
PBD85,2026-08-05,1099.9,1077.0,80
SJCL,2026-08-05,272.0,277.8,5226
SNORL,2026-08-05,911.0,928.0,14428
NHPC,2026-08-05,282.9,281.9,322098
UNHPL,2026-08-05,388.0,379.9,9947
GBBD85,2026-08-05,1056.0,1056.0,30
MKJC,2026-08-05,458.0,460.0,2086
NICLBSL,2026-08-05,550.0,548.0,4346
DORDI,2026-08-05,254.0,254.0,17615
APHL,2026-08-05,823.0,830.3,9248
CREST,2026-08-05,1199.0,1194.9,2332
BANDIPUR,2026-08-05,700.0,709.9,8876
CHL,2026-08-05,280.0,274.5,29174
HRL,2026-08-05,615.0,588.0,48792
SSHL,2026-08-05,205.0,203.0,74213
SFEF,2026-08-05,10.0,9.84,12620
PRVU,2026-08-05,193.0,193.0,104237
MEHL,2026-08-05,300.0,299.9,5373
UNLB,2026-08-04,1250.3,1250.0,676
DORDI,2026-08-04,252.5,254.0,22255
NYADI,2026-08-04,361.7,365.1,2390
NADEP,2026-08-04,740.0,737.9,500
MLBSL,2026-08-04,1663.4,1680.0,457
MEHL,2026-08-04,300.0,300.0,2681
RAWA,2026-08-04,420.0,427.0,27600
LSL,2026-08-04,227.2,225.5,115489
ACLBSL,2026-08-04,916.1,938.9,831
NBL,2026-08-04,270.0,268.2,30005
GBIMESY2,2026-08-04,9.3,9.12,1600
GUFL,2026-08-04,570.0,568.9,37853
EHPL,2026-08-04,363.6,344.0,4882
SFMF,2026-08-04,10.28,10.25,5048
USLB,2026-08-04,1135.0,1149.5,223
KSBBL,2026-08-04,475.5,476.0,15433
NABIL,2026-08-04,560.0,558.0,60087
SARBTM,2026-08-04,790.1,785.0,11157
UPPER,2026-08-04,200.0,194.1,39751
MNBBL,2026-08-04,373.0,370.5,19767
MDB,2026-08-04,580.0,583.0,1746
AKJCL,2026-08-04,362.0,361.0,183762
HIDCLP,2026-08-04,191.0,189.0,62315
NICFC,2026-08-04,9.1,9.12,800
CHCL,2026-08-04,500.0,495.0,37504
NBF3,2026-08-04,9.9,9.75,10646
PBLD87,2026-08-04,1085.0,1085.0,25
SFEF,2026-08-04,9.8,9.85,6900
CORBL,2026-08-04,1115.0,1070.5,41705
MMF1,2026-08-04,8.9,9.0,28000
MHL,2026-08-04,476.0,467.1,5004
HURJA,2026-08-04,236.0,239.0,36183
RHPL,2026-08-04,258.0,256.2,6959
MEN,2026-08-04,595.2,599.0,50296
ADBL,2026-08-04,325.0,323.0,78882
RHGCL,2026-08-04,249.8,263.5,19930
MATRI,2026-08-04,815.0,820.0,132
JBBL,2026-08-04,344.0,347.5,58926
NFS,2026-08-04,572.0,571.0,12522
NLIC,2026-08-04,758.0,753.0,9845
H8020,2026-08-04,12.05,12.24,22090
PHCL,2026-08-04,303.0,296.0,23005
BUNGAL,2026-08-04,596.0,585.0,22883
VLUCL,2026-08-04,419.0,422.0,5444
LUK,2026-08-04,10.5,10.5,18077
CIT,2026-08-04,1710.0,1714.9,2138
SLBSL,2026-08-04,1081.0,1023.0,5021
HIDCL,2026-08-04,250.0,255.9,48490
SMFBS,2026-08-04,1544.0,1506.0,221
KBL,2026-08-04,226.7,221.8,248870
PSF,2026-08-04,12.0,11.74,3100
GHL,2026-08-04,227.0,226.1,48554
DOLTI,2026-08-04,341.0,320.1,30386
GBBL,2026-08-04,415.4,417.5,32439
SMJC,2026-08-04,440.1,439.0,19614
BNT,2026-08-04,11000.5,11330.5,26
SYPNL,2026-08-04,1381.0,1320.0,21415
CHDC,2026-08-04,2220.0,2214.9,6100
TAMOR,2026-08-04,428.6,449.2,34970
KDBY,2026-08-04,10.97,11.12,47874
VLBS,2026-08-04,668.0,665.0,3784
SMHL,2026-08-04,490.2,493.0,61525
PMLI,2026-08-04,440.2,440.0,6886
SRLI,2026-08-04,370.0,377.8,14032
MEL,2026-08-04,215.0,216.7,6226
RSDC,2026-08-04,641.0,640.0,1859
KAHL,2026-08-04,527.1,526.0,28617
SHPC,2026-08-04,502.1,502.1,14913
ILBS,2026-08-04,871.0,890.0,1583
MLBBL,2026-08-04,1129.0,1144.0,656
ALICL,2026-08-04,430.0,425.9,12253
SJLIC,2026-08-04,412.2,413.2,6720
NIBLGF,2026-08-04,9.72,9.72,200
WNLB,2026-08-04,1330.0,1340.0,477
SCB,2026-08-04,665.0,652.6,19934
NICL,2026-08-04,508.0,503.0,16874
DLBS,2026-08-04,1160.0,1209.0,772
YMHL,2026-08-04,627.1,617.0,24091
MBJC,2026-08-04,265.2,268.1,6011
MPFL,2026-08-04,605.0,614.8,6922
NGPL,2026-08-04,405.6,406.0,95593
MERO,2026-08-04,660.6,665.2,1709
SHIVM,2026-08-04,678.5,648.0,116651
SIFC,2026-08-04,521.0,517.0,5592
EBLD85,2026-08-04,1125.0,1121.1,50
BANDIPUR,2026-08-04,711.0,706.0,25586
HIMSTAR,2026-08-04,737.0,730.0,3316
KKHC,2026-08-04,284.0,315.9,1321921
GWFD83,2026-08-04,1057.1,1030.2,125
MLBL,2026-08-04,355.0,355.0,16382
ANLB,2026-08-04,5507.0,5578.0,862
LVF2,2026-08-04,10.14,10.0,14300
UPCL,2026-08-04,356.0,353.0,90447
DHEL,2026-08-04,575.0,568.2,29341
PCBL,2026-08-04,246.0,242.6,48350
NICSF,2026-08-04,9.0,8.8,2300
NICA,2026-08-04,354.7,330.0,65240
MSLB,2026-08-04,1323.9,1292.0,2014
SAGF,2026-08-04,10.4,10.57,10723
NIMBD90,2026-08-04,1281.0,1292.0,65
HHL,2026-08-04,335.0,334.0,11712
PRIN,2026-08-04,675.0,674.0,3819
LLBS,2026-08-04,881.0,890.0,120
BFC,2026-08-04,503.2,510.0,49553
BNL,2026-08-04,14264.0,14264.0,10
SAHAS,2026-08-04,677.0,673.5,67438
JSLBB,2026-08-04,965.0,988.8,957
CSY,2026-08-04,9.03,9.05,5700
GLH,2026-08-04,253.7,257.8,23281
KBLD86,2026-08-04,1266.5,1180.0,47
SNLI,2026-08-04,424.5,420.0,16678
MCHL,2026-08-04,279.0,287.7,3284
RFPL,2026-08-04,332.0,331.8,19432
HATHY,2026-08-04,690.1,692.0,3739
NIMB,2026-08-04,200.0,198.5,69154
NRN,2026-08-04,1487.1,1396.0,44186
NIFRA,2026-08-04,248.0,246.2,70806
C30MF,2026-08-04,10.01,10.09,4125
MKHC,2026-08-04,285.0,286.9,10976
OHL,2026-08-04,664.1,674.0,1492
HBLD83,2026-08-04,1019.9,1027.0,400
USHL,2026-08-04,545.0,540.0,3008
CLI,2026-08-04,444.0,443.0,4862
GIBF1,2026-08-04,10.7,10.77,1900
TSHL,2026-08-04,385.0,378.3,4677
SGHC,2026-08-04,314.0,313.3,34842
ALBSL,2026-08-04,1076.0,1089.0,2690
LICN,2026-08-04,790.0,782.5,1883
UNL,2026-08-04,47200.0,47200.0,10
BNHC,2026-08-04,275.0,278.0,30086
RURU,2026-08-04,604.0,610.5,1958
SBI,2026-08-04,402.0,409.0,11710
AHPC,2026-08-04,273.0,267.7,37668
SGHL,2026-08-04,525.0,513.4,54401
NABBC,2026-08-04,783.0,813.2,26511
HBL,2026-08-04,202.0,200.0,50421
SLBBL,2026-08-04,802.0,800.1,2668
API,2026-08-04,333.0,331.8,80675
RBBF40,2026-08-04,9.0,8.97,23100
BPCL,2026-08-04,659.0,645.0,19339
RBCL,2026-08-04,14568.0,14450.0,30
KDL,2026-08-04,753.3,785.5,796
SPIL,2026-08-04,683.4,695.0,7943
PROFL,2026-08-04,430.0,429.0,4689
OMPL,2026-08-04,923.0,928.0,1360
JBLB,2026-08-04,1274.0,1262.1,2190
CKHL,2026-08-04,579.1,593.3,715
NHDL,2026-08-04,643.0,641.9,4127
AVYAN,2026-08-04,1021.0,1011.0,4185
KBSH,2026-08-04,893.0,950.0,12502
MHNL,2026-08-04,241.0,240.8,22641
SAGAR,2026-08-04,1780.0,1752.6,11671
SPL,2026-08-04,651.2,657.9,2022
ENL,2026-08-04,805.0,810.0,210
SMH,2026-08-04,503.0,500.0,11461
GBLBS,2026-08-04,742.0,743.0,2302
AKPL,2026-08-04,262.9,259.9,44118
GBBD85,2026-08-04,1050.1,1061.0,175
SHL,2026-08-04,500.0,500.0,5881
NICLBSL,2026-08-04,559.0,554.0,6498
GRDBL,2026-08-04,1120.0,1090.7,13157
AHL,2026-08-04,413.0,411.0,1596
BGWT,2026-08-04,565.0,557.0,3649
RMF2,2026-08-04,9.7,9.72,300
HRL,2026-08-04,605.0,586.0,50862
GVL,2026-08-04,483.0,481.1,6158
SHINE,2026-08-04,415.0,412.7,19847
PURE,2026-08-04,828.1,849.5,4908
PCIL,2026-08-04,640.0,638.1,30411
CZBIL,2026-08-04,211.0,206.5,35974
SWBBL,2026-08-04,685.0,681.9,5629
NRIC,2026-08-04,960.0,930.0,26361
ICFC,2026-08-04,611.0,605.0,8100
MBL,2026-08-04,261.0,257.8,100019
RLEL,2026-08-04,890.0,905.0,8017
BHPL,2026-08-04,470.0,483.0,9291
MABEL,2026-08-04,589.1,590.0,3923
CYCL,2026-08-04,1295.0,1300.0,1353
SBID83,2026-08-04,1055.0,1040.0,25
CITY,2026-08-04,366.0,367.1,124938
SPC,2026-08-04,419.0,424.9,1311
STC,2026-08-04,5160.0,5150.0,221
NMBMF,2026-08-04,607.1,619.0,760
SGIC,2026-08-04,458.2,460.0,7497
RLFL,2026-08-04,466.8,468.9,43231
JFL,2026-08-04,398.0,388.1,7031
NMFBS,2026-08-04,1113.4,1110.0,1425
NWCL,2026-08-04,745.3,699.7,3204
BBC,2026-08-04,4289.0,4180.0,172
SBCF,2026-08-04,9.51,9.68,18642
HEI,2026-08-04,525.1,535.0,3773
SHINED,2026-08-04,1080.1,1076.2,150
TVCL,2026-08-04,470.1,473.2,590
SMPDA,2026-08-04,750.3,769.9,1885
SBL,2026-08-04,420.0,417.9,402168
NIMBPO,2026-08-04,145.0,144.0,43678
SALICO,2026-08-04,593.0,599.6,5586
SIGS3,2026-08-04,10.56,10.58,800
GMFIL,2026-08-04,462.1,465.0,9678
SMATA,2026-08-04,735.0,731.0,1015
DHPL,2026-08-04,281.2,295.0,7067
MKHL,2026-08-04,495.0,493.5,1730
NICGF2,2026-08-04,9.02,9.12,2900
BEDC,2026-08-04,323.0,323.0,6228
HDHPC,2026-08-04,210.0,211.9,83757
RNLI,2026-08-04,446.0,435.0,48579
GFCL,2026-08-04,610.0,614.3,4301
APHL,2026-08-04,826.1,828.6,10404
NLG,2026-08-04,571.0,574.9,8567
RIDI,2026-08-04,368.9,363.0,363171
NTC,2026-08-04,873.9,865.1,16441
ULBSL,2026-08-04,2749.0,2768.0,585
BJHL,2026-08-04,699.0,705.0,6625
NUBL,2026-08-04,620.0,610.0,2255
SJCL,2026-08-04,271.0,272.0,5110
USHEC,2026-08-04,495.2,495.5,6649
CFCL,2026-08-04,650.0,676.0,222498
MBLEF,2026-08-04,10.26,10.25,155270
SAIL,2026-08-04,1112.0,1101.0,53622
KSY,2026-08-04,9.6,9.75,500
CREST,2026-08-04,1184.0,1199.7,15749
NRM,2026-08-04,310.0,314.0,2575
NMBHF2,2026-08-04,9.5,9.65,900
SLCF,2026-08-04,9.89,9.6,4940
SAPDBL,2026-08-04,912.0,831.1,23862
EBL,2026-08-04,730.0,729.0,14377
MANDU,2026-08-04,791.0,807.0,3776
MMKJL,2026-08-04,475.0,474.0,280
BARUN,2026-08-04,321.0,322.9,16510
ICFCD83,2026-08-04,1272.2,1234.1,1
NSY,2026-08-04,9.35,9.31,3810
ICFCD89,2026-08-04,1100.0,1092.0,50
SBLD89,2026-08-04,1221.0,1221.0,25
GBIMEP,2026-08-04,104.7,104.7,11396
NBF2,2026-08-04,10.1,9.99,13114
FMDBL,2026-08-04,760.0,769.0,4432
MHCL,2026-08-04,310.6,315.0,1277
SBID2090,2026-08-04,1050.0,1050.0,25
SANVI,2026-08-04,600.1,599.9,2651
SMB,2026-08-04,1835.1,1839.0,851
IGI,2026-08-04,432.0,438.0,4408
SRBLD83,2026-08-04,1020.0,1020.0,400
KMCDB,2026-08-04,774.0,770.0,1947
UNHPL,2026-08-04,388.0,383.9,21045
EBLD91,2026-08-04,1060.0,1060.0,25
SIPD,2026-08-04,731.0,660.0,10170
NIL,2026-08-04,616.2,619.5,9650
SPDL,2026-08-04,365.2,356.1,66102
PBD88,2026-08-04,1162.0,1170.0,50
JOSHI,2026-08-04,278.2,300.0,224868
MKJC,2026-08-04,457.0,460.0,2060
GCIL,2026-08-04,355.0,352.1,6309
BHDC,2026-08-04,430.2,430.0,10461
HFIN,2026-08-04,761.2,710.0,20399
MKCL,2026-08-04,1105.0,1080.0,3493
HPPL,2026-08-04,375.0,384.8,88753
SWASTIK,2026-08-04,2070.0,2011.1,240
MSHL,2026-08-04,612.0,612.0,144
SSHL,2026-08-04,205.0,203.4,58809
FOWAD,2026-08-04,949.0,943.0,6459
HDL,2026-08-04,1170.0,1167.3,12403
SWMF,2026-08-04,619.0,619.0,4847
SNORL,2026-08-04,901.2,929.9,13212
MFIL,2026-08-04,783.0,773.5,45645
MNMF1,2026-08-04,9.57,9.5,22400
BHL,2026-08-04,215.0,211.5,40973
RADHI,2026-08-04,723.0,720.0,27910
UMHL,2026-08-04,570.0,577.7,34116
NSIF2,2026-08-04,10.66,10.71,20100
JHAPA,2026-08-04,1125.0,1115.0,4736
NMIC,2026-08-04,930.0,929.0,1517
SONA,2026-08-04,400.0,405.0,26355
SKBBL,2026-08-04,765.0,753.3,4048
KEF,2026-08-04,10.45,10.46,10300
NHPC,2026-08-04,273.2,279.0,594849
SIKLES,2026-08-04,560.0,561.0,6596
HLI,2026-08-04,320.3,321.1,19057
TRH,2026-08-04,765.1,789.0,623
SOPL,2026-08-04,820.0,808.0,32485
ECL,2026-08-04,1580.8,1731.4,16900
SHLB,2026-08-04,1445.3,1446.0,188
CHL,2026-08-04,260.2,277.8,72886
CZBILP,2026-08-04,100.0,100.0,722042
NMB,2026-08-04,253.0,247.0,85512
SICL,2026-08-04,617.0,611.1,5436
HLICF,2026-08-04,8.76,8.66,12475
NIBSF2,2026-08-04,9.07,8.67,5910
CGH,2026-08-04,780.0,782.0,2937
SANIMA,2026-08-04,375.0,374.0,84739
PRSF,2026-08-04,12.72,12.92,6115
SKHEL,2026-08-04,943.4,985.0,6012
UHEWA,2026-08-04,576.0,572.0,6806
SABBL,2026-08-04,980.0,1010.0,38277
HLBSL,2026-08-04,895.0,884.0,1052
RSY,2026-08-04,10.17,10.49,11600
LBLD88,2026-08-04,1094.0,1090.0,25
GBIME,2026-08-04,262.0,257.8,246287
UAIL,2026-08-04,441.0,442.5,6283
SADBL,2026-08-04,423.0,413.8,30192
UMRH,2026-08-04,538.0,539.9,2871
SKHL,2026-08-04,885.0,904.0,17707
SBD89,2026-08-04,1215.0,1200.0,50
GBILD84/85,2026-08-04,1111.0,1099.6,101
RSML,2026-08-04,2780.0,2705.0,45708
ILI,2026-08-04,415.0,418.0,7475
SINDU,2026-08-04,716.1,701.0,19493
CBLD88,2026-08-04,1196.6,1172.1,3
GMFBS,2026-08-04,1200.0,1215.0,273
IHL,2026-08-04,350.0,350.1,2277
PRVU,2026-08-04,195.0,193.2,105088
NMB50,2026-08-04,10.5,10.6,20717
GILB,2026-08-04,1087.0,1094.9,2997
NLICL,2026-08-04,565.0,571.3,15927
RMF1,2026-08-04,9.55,9.61,24460
GLBSL,2026-08-04,1725.0,1796.0,283
SOHL,2026-08-04,570.0,585.0,108738
NMLBBL,2026-08-04,515.6,515.0,15443
NIBLSTF,2026-08-04,8.6,8.81,8480
TPC,2026-08-04,358.0,368.0,25546
LEC,2026-08-04,236.3,228.0,304860
NESDO,2026-08-04,1456.5,1475.0,505
ULHC,2026-08-04,383.0,361.0,3828
LBBL,2026-08-04,498.0,505.0,111896
BHCL,2026-08-04,473.0,490.0,17762
CBBL,2026-08-04,934.0,935.0,10998
SPHL,2026-08-04,522.0,539.0,4028
PPL,2026-08-04,320.0,326.9,14899
NICBF,2026-08-04,9.12,9.02,1500
TTL,2026-08-04,730.0,720.0,14528
KPCL,2026-08-04,472.0,471.9,9209
PPCL,2026-08-04,339.2,340.6,12527
EDBL,2026-08-04,583.0,591.0,13326
MLBS,2026-08-04,1158.0,1158.0,296
SEF,2026-08-04,10.07,9.9,2200
DDBL,2026-08-04,832.7,833.0,8928
RBBD2088,2026-08-04,1043.0,1026.7,150
GSY,2026-08-04,9.63,9.59,2500
SHEL,2026-08-04,307.0,305.2,71014
KHPL,2026-08-04,817.0,834.0,13309
MAKAR,2026-08-04,439.9,436.6,7692
TPKHL,2026-08-04,550.0,548.0,31301
PMHPL,2026-08-04,322.0,319.5,4674
GMLI,2026-08-04,1121.0,1131.9,776
JBBD87,2026-08-03,1111.0,1111.0,50
ALICL,2026-08-03,431.7,432.0,6775
SPDL,2026-08-03,375.0,365.0,94413
SGHC,2026-08-03,317.0,316.9,49048
NHPC,2026-08-03,261.4,273.2,270002
HIMSTAR,2026-08-03,760.5,738.7,2599
HURJA,2026-08-03,240.0,237.9,48508
ECL,2026-08-03,1374.7,1505.6,73580
ACLBSL,2026-08-03,921.1,939.9,572
SBL,2026-08-03,394.0,420.0,247131
SBCF,2026-08-03,9.4,9.5,20630
HPPL,2026-08-03,384.0,377.0,84917
GBIMESY2,2026-08-03,9.25,9.3,10600
SHPC,2026-08-03,504.0,503.0,29198
APHL,2026-08-03,815.0,838.0,21739
HATHY,2026-08-03,701.0,705.0,5364
PHCL,2026-08-03,300.0,298.0,41767
NYADI,2026-08-03,366.3,372.8,2444
CBBL,2026-08-03,945.0,934.2,6023
LSL,2026-08-03,217.0,229.4,206249
LVF2,2026-08-03,9.57,10.14,1600
NBF3,2026-08-03,9.62,9.93,20900
NICGF2,2026-08-03,9.08,9.25,10900
CKHL,2026-08-03,604.0,597.0,12069
ALBSL,2026-08-03,1075.0,1107.7,18794
NIFRAGED,2026-08-03,1026.0,1026.2,75
SIPD,2026-08-03,661.0,697.0,46085
MABEL,2026-08-03,604.0,599.8,7224
ICFCD88,2026-08-03,1165.0,1170.0,125
GFCL,2026-08-03,620.0,610.0,3702
RSML,2026-08-03,3148.0,2780.0,95826
EBLD86,2026-08-03,1081.0,1081.0,25
ANLB,2026-08-03,5500.0,5628.0,7546
JBBL,2026-08-03,346.0,343.8,26528
SALICO,2026-08-03,611.0,600.0,4203
BGWT,2026-08-03,595.0,575.0,3913
PSF,2026-08-03,12.0,12.0,19500
NICFC,2026-08-03,9.02,9.34,11200
GLH,2026-08-03,263.0,257.1,38705
ULBSL,2026-08-03,2721.0,2774.0,337
MERO,2026-08-03,676.0,672.1,3192
GMFIL,2026-08-03,470.0,472.5,10160
SFEF,2026-08-03,10.0,10.1,12300
ULHC,2026-08-03,350.0,369.1,18495
SBD87,2026-08-03,1100.0,1080.0,100
TRH,2026-08-03,772.1,786.0,1446
MSLB,2026-08-03,1250.0,1317.0,22297
BJHL,2026-08-03,731.0,719.0,10916
OHL,2026-08-03,684.0,678.6,2620
RAWA,2026-08-03,433.8,423.4,22450
CSY,2026-08-03,9.06,9.3,920
SKHL,2026-08-03,884.0,914.0,15442
H8020,2026-08-03,11.62,11.7,400
FOWAD,2026-08-03,977.0,965.0,1326
LICN,2026-08-03,805.0,790.0,5019
SHEL,2026-08-03,307.0,307.0,45753
HLICF,2026-08-03,8.43,8.51,2083
UNLB,2026-08-03,1243.0,1250.3,568
BPCL,2026-08-03,636.1,656.5,12784
SAGF,2026-08-03,10.15,10.4,16700
MMF1,2026-08-03,8.9,9.17,103081
MKCL,2026-08-03,1100.0,1105.0,1754
UPCL,2026-08-03,357.0,365.0,50598
TSHL,2026-08-03,380.0,385.1,9387
SMB,2026-08-03,1860.0,1845.0,176
SEF,2026-08-03,9.8,9.79,29870
RLEL,2026-08-03,865.0,909.9,17588
EBL,2026-08-03,728.6,730.0,29414
MKJC,2026-08-03,462.6,466.0,5108
SAGAR,2026-08-03,1700.0,1779.9,25363
GCIL,2026-08-03,367.5,355.1,15333
GBIME,2026-08-03,250.0,262.2,738612
DLBS,2026-08-03,1190.0,1190.0,164
BBC,2026-08-03,4380.0,4235.0,130
SADBL,2026-08-03,420.9,416.0,28169
KEF,2026-08-03,10.34,10.4,90450
NIBD84,2026-08-03,1040.0,1040.0,25
CHL,2026-08-03,268.0,266.0,13213
SIKLES,2026-08-03,569.9,560.0,11913
TPC,2026-08-03,360.0,360.0,26328
SINDU,2026-08-03,716.3,721.9,11190
NICA,2026-08-03,320.0,337.9,49827
UHEWA,2026-08-03,600.0,570.1,7581
SANVI,2026-08-03,596.0,605.0,6953
KSBBL,2026-08-03,480.0,475.0,30231
C30MF,2026-08-03,10.1,10.1,289930
DHPL,2026-08-03,290.1,289.0,10771
SHLB,2026-08-03,1474.0,1489.8,1192
NMLBBL,2026-08-03,520.0,523.9,4606
HDHPC,2026-08-03,210.1,212.5,99278
RBCL,2026-08-03,14251.0,14590.0,50
NSY,2026-08-03,9.3,9.35,33000
SSHL,2026-08-03,208.0,205.0,72751
MEL,2026-08-03,214.1,217.8,3248
ADBL,2026-08-03,306.5,325.0,134712
NRN,2026-08-03,1440.0,1417.0,108905
MBJC,2026-08-03,267.0,268.9,18771
SOHL,2026-08-03,583.9,577.0,77231
PURE,2026-08-03,851.0,850.0,6331
WNLB,2026-08-03,1350.0,1355.0,337
BUNGAL,2026-08-03,608.0,594.9,16454
SOPL,2026-08-03,825.0,823.1,28239
DOLTI,2026-08-03,325.0,324.9,23185
ILBS,2026-08-03,860.0,898.0,895
MMKJL,2026-08-03,480.0,481.7,2117
SRLI,2026-08-03,379.4,381.9,10752
NIMB,2026-08-03,190.0,200.8,168350
PCBL,2026-08-03,247.5,246.5,71311
BNHC,2026-08-03,282.0,281.0,13287
NMIC,2026-08-03,925.0,930.0,1902
NADEP,2026-08-03,748.8,740.0,749
CLI,2026-08-03,442.0,448.5,6668
MLBLD89,2026-08-03,1242.0,1279.0,250
AHPC,2026-08-03,270.0,271.0,44826
NABIL,2026-08-03,528.2,557.1,53226
NLG,2026-08-03,567.3,579.0,3859
MLBL,2026-08-03,359.8,356.2,17873
SPL,2026-08-03,675.0,659.9,710
PPL,2026-08-03,310.0,322.0,28178
NMB50,2026-08-03,10.55,10.5,32115
SPC,2026-08-03,419.0,427.0,4720
GRDBL,2026-08-03,1051.0,1100.3,70991
CGH,2026-08-03,771.1,788.9,8121
BHDC,2026-08-03,433.0,432.0,3579
SABBL,2026-08-03,1085.0,1000.0,20763
SMH,2026-08-03,509.9,505.5,15962
KBSH,2026-08-03,951.0,940.0,19203
JOSHI,2026-08-03,283.0,285.0,80370
HLI,2026-08-03,325.0,324.0,27460
JFL,2026-08-03,400.0,396.0,3464
RURU,2026-08-03,615.0,613.0,6021
SAHAS,2026-08-03,670.0,677.7,173114
CORBL,2026-08-03,1100.0,1115.0,33883
PBD84,2026-08-03,1070.0,1102.0,125
JSLBB,2026-08-03,991.0,990.0,847
MDB,2026-08-03,595.0,588.5,2478
MHCL,2026-08-03,317.9,318.0,11004
NMBMF,2026-08-03,626.0,625.0,510
TTL,2026-08-03,730.0,730.0,14520
HEI,2026-08-03,552.0,540.0,6507
PRIN,2026-08-03,682.0,673.2,1453
USHL,2026-08-03,571.5,544.0,946
SIGS2,2026-08-03,10.8,10.81,10000
SHIVM,2026-08-03,642.0,646.5,71310
NIFRAUR85/86,2026-08-03,1033.0,1033.0,30
KKHC,2026-08-03,291.4,287.0,117485
BARUN,2026-08-03,332.6,325.1,16158
SICL,2026-08-03,620.0,617.0,11375
MLBSL,2026-08-03,1700.0,1615.0,607
CIT,2026-08-03,1700.0,1720.0,1698
CYCL,2026-08-03,1301.0,1300.0,1959
KDL,2026-08-03,790.0,775.0,1312
PMLI,2026-08-03,445.0,441.3,2835
GIBF1,2026-08-03,10.86,10.9,12900
MAKAR,2026-08-03,443.0,439.9,9267
MEHL,2026-08-03,304.0,299.9,2855
MPFL,2026-08-03,625.0,612.5,5730
RIDI,2026-08-03,370.2,367.8,560763
KBLD86,2026-08-03,1387.5,1266.5,9
SBI,2026-08-03,388.0,408.0,12594
SANIMA,2026-08-03,354.1,374.2,92433
NIMBD90,2026-08-03,1266.0,1245.0,35
ICFCD89,2026-08-03,1095.0,1101.0,200
GLBSL,2026-08-03,1830.0,1780.0,97
NESDO,2026-08-03,1470.0,1490.0,202
SKHEL,2026-08-03,965.0,993.0,1821
BANDIPUR,2026-08-03,727.0,724.0,12012
MATRI,2026-08-03,811.0,834.0,278
SBID83,2026-08-03,1055.0,1055.0,25
HLBSL,2026-08-03,900.0,894.0,2098
NUBL,2026-08-03,621.0,621.9,856
MNBBL,2026-08-03,375.0,371.3,25745
SHINE,2026-08-03,407.4,411.9,8517
MLBS,2026-08-03,1200.0,1158.0,260
KHPL,2026-08-03,870.0,860.0,10196
SJCL,2026-08-03,272.0,273.0,4175
NIMBPO,2026-08-03,143.0,145.5,91655
RBBF40,2026-08-03,9.2,9.22,13150
SPHL,2026-08-03,525.0,539.5,5739
NABILD2089,2026-08-03,1025.0,1050.0,550
PRVU,2026-08-03,187.7,196.0,109428
SPIL,2026-08-03,715.0,700.0,883
GMLI,2026-08-03,1177.0,1145.0,3513
NLICL,2026-08-03,566.0,572.0,36736
KBL,2026-08-03,214.0,224.8,437791
TAMOR,2026-08-03,449.0,449.5,28438
SMJC,2026-08-03,445.0,446.8,11665
SWASTIK,2026-08-03,2052.0,2045.0,580
SNORL,2026-08-03,925.0,944.0,39699
NICBF,2026-08-03,9.4,9.4,500
CFCL,2026-08-03,629.0,660.0,133958
SARBTM,2026-08-03,799.0,795.0,4484
IGI,2026-08-03,448.0,432.0,3670
HHL,2026-08-03,340.0,337.5,9114
NWCL,2026-08-03,710.0,709.9,1543
SGHL,2026-08-03,520.0,529.6,101464
HRL,2026-08-03,605.0,595.0,62706
SKBBL,2026-08-03,757.0,759.1,14511
UMRH,2026-08-03,548.8,537.0,1429
SMFBS,2026-08-03,1525.0,1544.0,299
NBL,2026-08-03,257.0,272.0,97552
RSDC,2026-08-03,642.0,640.5,1446
DORDI,2026-08-03,253.0,254.9,26385
GMFBS,2026-08-03,1249.0,1230.0,844
BFC,2026-08-03,519.7,503.2,27985
ICFC,2026-08-03,612.0,611.0,7604
SMHL,2026-08-03,507.0,492.0,39945
KDBY,2026-08-03,11.12,11.29,71200
RSY,2026-08-03,10.31,10.31,2000
CITY,2026-08-03,371.0,369.0,52443
HBL,2026-08-03,192.5,202.9,86099
YMHL,2026-08-03,644.0,636.1,31529
UNHPL,2026-08-03,389.0,384.8,8276
SIFC,2026-08-03,510.0,514.2,24228
CZBIL,2026-08-03,210.0,208.9,114286
RLFL,2026-08-03,469.6,466.8,14449
MBLEF,2026-08-03,9.82,10.01,1700
NSIF2,2026-08-03,10.67,10.67,1100
SYPNL,2026-08-03,1282.5,1342.1,52381
PRSF,2026-08-03,12.73,12.88,300
BHL,2026-08-03,212.4,212.9,55478
HEIP,2026-08-03,332.0,338.0,694
SAIL,2026-08-03,1060.0,1144.4,132563
NICLBSL,2026-08-03,560.0,559.0,8118
NIBLGF,2026-08-03,9.65,9.75,55000
ENL,2026-08-03,805.0,813.0,672
KMCDB,2026-08-03,750.1,777.9,1097
RHGCL,2026-08-03,258.3,262.9,17837
HDL,2026-08-03,1170.0,1171.0,33432
BHCL,2026-08-03,504.0,497.0,18887
TPKHL,2026-08-03,542.0,550.0,31896
SFMF,2026-08-03,10.25,10.25,4832
CBLD88,2026-08-03,1187.0,1196.6,33
PBLD87,2026-08-03,1100.0,1100.0,25
VLUCL,2026-08-03,440.0,429.0,2760
AHL,2026-08-03,411.0,415.7,1270
SIGS3,2026-08-03,10.47,10.55,2056
NHDL,2026-08-03,649.0,643.0,1093
NABBC,2026-08-03,799.0,795.4,30482
SWMF,2026-08-03,586.2,627.0,4624
MBL,2026-08-03,246.5,261.0,173570
SMATA,2026-08-03,731.0,735.0,1732
VLBS,2026-08-03,670.0,670.3,1400
SMPDA,2026-08-03,775.0,760.0,1063
SBLD89,2026-08-03,1240.0,1240.0,25
GHL,2026-08-03,227.3,227.7,17585
AVYAN,2026-08-03,1020.0,1021.0,1660
MHL,2026-08-03,481.0,476.0,1866
MKHL,2026-08-03,495.0,502.0,5048
SGIC,2026-08-03,469.0,463.0,8193
SCB,2026-08-03,618.5,651.0,17434
ADBLD83,2026-08-03,1028.9,1028.9,110
RMF2,2026-08-03,9.8,9.8,100
SJLIC,2026-08-03,412.0,417.0,14940
SLBSL,2026-08-03,1100.0,1060.0,2121
GVL,2026-08-03,487.0,483.4,14857
NRIC,2026-08-03,970.0,956.0,21392
SONA,2026-08-03,408.0,405.0,15492
LEC,2026-08-03,229.9,225.1,79082
NIFRA,2026-08-03,248.1,247.0,76079
AKJCL,2026-08-03,368.5,362.0,238164
UAIL,2026-08-03,447.0,445.0,8733
PCIL,2026-08-03,650.0,650.0,35221
RHPL,2026-08-03,255.5,257.3,16246
RBCLPO,2026-08-03,11410.0,11380.0,20
NGPL,2026-08-03,400.0,407.2,56271
RMF1,2026-08-03,9.56,9.62,13900
CHCL,2026-08-03,499.9,497.5,57188
UPPER,2026-08-03,199.0,195.1,52674
NMBHF2,2026-08-03,9.58,9.77,14041
MCHL,2026-08-03,280.0,283.9,974
DDBL,2026-08-03,830.0,835.0,7033
IHL,2026-08-03,352.0,358.0,5772
MSHL,2026-08-03,607.0,612.0,577
GUFL,2026-08-03,577.0,574.0,19694
NMFBS,2026-08-03,1120.0,1113.4,4457
NICD88,2026-08-03,1085.0,1100.0,75
PMHPL,2026-08-03,315.0,318.5,4488
LUK,2026-08-03,10.25,10.5,6100
SAPDBL,2026-08-03,840.0,960.0,208760
GBLBS,2026-08-03,759.9,752.0,1930
SRBLD83,2026-08-03,1011.0,1020.0,210
GBBL,2026-08-03,421.0,419.0,15862
MNMF1,2026-08-03,9.6,9.71,2900
OMPL,2026-08-03,921.0,936.0,2422
BHPL,2026-08-03,480.0,479.0,5595
NTC,2026-08-03,870.0,860.0,27525
LLBS,2026-08-03,900.0,893.0,170
RFPL,2026-08-03,340.0,334.9,19056
CREST,2026-08-03,1184.0,1195.0,12935
NBF2,2026-08-03,9.92,10.14,400
NIBLSTF,2026-08-03,8.41,8.7,63800
NICAD2091,2026-08-03,1031.0,1031.0,50
EBLD85,2026-08-03,1130.0,1132.1,417
NIBSF2,2026-08-03,8.8,8.81,2910
UMHL,2026-08-03,570.0,577.6,39762
MHNL,2026-08-03,239.2,240.9,16325
NICSF,2026-08-03,8.75,9.0,350000
KSBBLD87,2026-08-03,1192.2,1192.2,200
JBLB,2026-08-03,1260.0,1274.0,2776
TVCL,2026-08-03,481.1,480.7,1410
USLB,2026-08-03,1135.0,1159.9,1423
RNLI,2026-08-03,430.0,442.9,9208
USHEC,2026-08-03,492.1,498.0,12218
STC,2026-08-03,5200.0,5160.0,195
GBBD85,2026-08-03,1052.0,1080.0,215
DHEL,2026-08-03,588.0,582.0,36329
HFIN,2026-08-03,715.0,725.0,22860
SBLD2091,2026-08-03,1065.0,1065.0,25
JHAPA,2026-08-03,1122.0,1139.0,3132
CHDC,2026-08-03,2248.0,2225.0,11759
LBBL,2026-08-03,499.0,497.0,19051
BEDC,2026-08-03,324.9,325.0,18635
HIDCL,2026-08-03,271.7,259.2,37351
GILB,2026-08-03,1105.1,1100.0,1993
HIDCLP,2026-08-03,193.9,191.9,63867
NIL,2026-08-03,620.0,624.0,10157
NLIC,2026-08-03,751.0,759.9,22489
RADHI,2026-08-03,700.0,730.0,46959
MKHC,2026-08-03,285.0,286.0,2648
LBBLD89,2026-08-03,1251.4,1251.4,25
KBLD89,2026-08-03,1292.6,1275.0,793
SNLI,2026-08-03,428.0,424.1,14043
FMDBL,2026-08-03,783.0,772.7,3091
EHPL,2026-08-03,348.9,346.3,8105
EDBL,2026-08-03,580.0,583.0,17637
MFIL,2026-08-03,762.0,784.8,16938
KAHL,2026-08-03,541.0,537.1,41714
SLCF,2026-08-03,9.6,9.61,26711
GSY,2026-08-03,9.56,9.92,3350
ILI,2026-08-03,418.0,416.3,5878
KSY,2026-08-03,9.54,9.85,706646
SHL,2026-08-03,500.0,500.0,23716
AKPL,2026-08-03,260.0,260.2,32452
MANDU,2026-08-03,815.0,801.0,2241
API,2026-08-03,335.3,334.5,131466
MLBBL,2026-08-03,1150.0,1139.0,1217
SWBBL,2026-08-03,682.0,685.0,7632
NICL,2026-08-03,507.0,508.0,7848
EBLD91,2026-08-03,1050.0,1060.0,125
SLBBL,2026-08-03,815.0,809.0,3294
NRM,2026-08-03,310.1,313.0,3250
HBLD83,2026-08-03,1005.0,1007.2,65
KPCL,2026-08-03,472.0,472.0,6263
PPCL,2026-08-03,328.7,348.0,23601
NFS,2026-08-03,600.0,571.6,5830
MEN,2026-08-03,601.0,602.0,50652
PROFL,2026-08-03,430.0,432.0,2347
NMB,2026-08-03,237.5,248.0,85413
PPCL,2026-07-31,321.1,345.9,10871
NBL,2026-07-31,266.0,270.3,38421
SANVI,2026-07-31,586.0,604.0,6946
BNHC,2026-07-31,283.0,282.0,13889
MKHL,2026-07-31,497.0,504.0,2237
MPFL,2026-07-31,607.0,619.7,3811
SADBL,2026-07-31,415.0,417.5,40797
STC,2026-07-31,5200.0,5150.0,289
YMHL,2026-07-31,630.2,644.0,28063
TPKHL,2026-07-31,530.0,548.9,39253
LSL,2026-07-31,228.5,228.4,104988
LVF2,2026-07-31,9.04,9.86,4250
RSY,2026-07-31,10.01,10.3,900
DDBL,2026-07-31,835.0,836.5,3939
CZBILP,2026-07-31,100.6,100.0,150000
KHPL,2026-07-31,890.0,870.0,51259
SAHAS,2026-07-31,660.0,665.0,42628
SLBBL,2026-07-31,810.0,803.0,1894
IHL,2026-07-31,350.0,350.0,2315
GHL,2026-07-31,213.5,226.8,22211
HBLD83,2026-07-31,1018.0,1013.1,155
SMATA,2026-07-31,732.0,731.0,3028
NRM,2026-07-31,304.0,315.0,2868
SWMF,2026-07-31,616.0,617.0,3215
NFS,2026-07-31,582.0,576.0,2941
SHINED,2026-07-31,1092.0,1092.0,25
SPHL,2026-07-31,520.0,539.6,5770
FMDBL,2026-07-31,765.0,770.0,8394
SWASTIK,2026-07-31,2023.0,2020.0,170
SLBSL,2026-07-31,1090.0,1085.0,2655
SBL,2026-07-31,410.0,414.4,178151
GILB,2026-07-31,1105.9,1100.0,218
SPIL,2026-07-31,690.0,705.9,597
SBCF,2026-07-31,9.5,9.6,11700
MANDU,2026-07-31,825.0,815.0,6953
BFC,2026-07-31,535.0,510.0,57251
PBD88,2026-07-31,1156.1,1156.0,30
SMPDA,2026-07-31,759.0,762.0,677
SRLI,2026-07-31,381.5,379.4,4482
PURE,2026-07-31,833.0,863.0,6604
TAMOR,2026-07-31,448.1,449.3,27003
NSY,2026-07-31,9.3,9.45,2700
SIFC,2026-07-31,520.0,519.0,2223
NABILD2089,2026-07-31,1056.0,1056.0,25
NABIL,2026-07-31,554.5,556.0,45634
SOPL,2026-07-31,783.8,827.0,31094
SIGS3,2026-07-31,10.71,10.42,4900
SFEF,2026-07-31,10.0,10.0,500
NLG,2026-07-31,571.1,584.0,11493
UAIL,2026-07-31,440.1,445.3,8209
KDBY,2026-07-31,10.81,11.1,9500
USHL,2026-07-31,570.1,544.3,1246
NICBF,2026-07-31,9.5,9.5,1400
NLIC,2026-07-31,754.0,759.8,11910
BNT,2026-07-31,11300.0,11000.5,25
SHINE,2026-07-31,410.0,413.0,10540
UNHPL,2026-07-31,380.2,382.1,10081
KPCL,2026-07-31,466.0,475.0,2716
DORDI,2026-07-31,253.0,253.5,26615
HDHPC,2026-07-31,214.0,213.7,106601
SAPDBL,2026-07-31,798.0,858.9,47605
BGWT,2026-07-31,581.0,595.0,1290
KDL,2026-07-31,765.2,785.0,2819
SEF,2026-07-31,9.98,9.8,10497
SICL,2026-07-31,605.5,613.0,2202
GBIMESY2,2026-07-31,9.24,9.25,3900
ULHC,2026-07-31,339.0,362.0,24501
MKHC,2026-07-31,275.0,285.0,8370
SADBLP,2026-07-31,220.0,220.0,13212
PROFL,2026-07-31,430.0,433.0,4539
SPC,2026-07-31,412.0,421.0,8408
RMF1,2026-07-31,9.55,9.78,13100
SMH,2026-07-31,515.0,498.0,13751
SKHL,2026-07-31,870.0,884.0,29377
HDL,2026-07-31,1167.0,1164.0,18896
ACLBSL,2026-07-31,930.0,934.0,502
NLICL,2026-07-31,587.0,560.1,52877
RAWA,2026-07-31,420.1,430.0,9126
NICL,2026-07-31,500.1,507.0,8107
UNL,2026-07-31,48590.0,48590.0,10
GMFBS,2026-07-31,1238.9,1215.0,263
GLBSL,2026-07-31,1845.0,1810.0,189
SAGAR,2026-07-31,1682.0,1710.0,10413
MBJC,2026-07-31,264.2,267.0,19940
NADEP,2026-07-31,749.0,727.0,277
MBL,2026-07-31,257.9,259.2,54081
CBBL,2026-07-31,932.8,932.0,14110
UPCL,2026-07-31,349.0,362.0,68843
NIMBPO,2026-07-31,144.0,147.0,25555
KEF,2026-07-31,10.47,10.3,21200
KSY,2026-07-31,9.61,9.79,3382
JOSHI,2026-07-31,262.6,283.0,94932
SHEL,2026-07-31,305.0,307.7,49839
NMIC,2026-07-31,915.1,925.0,874
ILBS,2026-07-31,850.0,883.8,3205
TSHL,2026-07-31,381.0,374.0,3561
NICSF,2026-07-31,8.97,9.0,4420
PCIL,2026-07-31,630.0,654.0,32107
GFCL,2026-07-31,612.0,613.1,5156
EBL,2026-07-31,725.0,728.6,29334
EBLD85,2026-07-31,1135.0,1130.0,123
GSY,2026-07-31,9.53,9.65,900
BPCL,2026-07-31,645.0,655.5,20139
ULBSL,2026-07-31,2720.0,2775.0,433
SCB,2026-07-31,657.9,651.0,10797
CITY,2026-07-31,348.5,368.2,72331
SALICO,2026-07-31,593.0,602.7,2499
EBLD91,2026-07-31,1063.1,1064.0,75
SHLB,2026-07-31,1460.0,1474.0,100
SIKLES,2026-07-31,558.6,559.0,9589
PSF,2026-07-31,11.45,11.74,800
MMKJL,2026-07-31,471.5,484.0,2134
SAIL,2026-07-31,1060.0,1099.0,44123
MCHL,2026-07-31,280.0,283.8,1507
ILI,2026-07-31,420.0,418.0,4115
NIFRA,2026-07-31,246.2,249.1,43724
GVL,2026-07-31,480.0,487.0,8364
RFPL,2026-07-31,330.0,335.3,8669
RHPL,2026-07-31,258.5,259.9,17625
SLCF,2026-07-31,9.7,9.89,500
BJHL,2026-07-31,700.0,731.3,4577
JHAPA,2026-07-31,1111.0,1138.0,7234
SONA,2026-07-31,405.0,410.0,14952
TPC,2026-07-31,363.8,358.5,5940
GIBF1,2026-07-31,10.55,10.86,1300
NBF3,2026-07-31,9.75,9.88,2800
NYADI,2026-07-31,360.1,370.0,1567
NSIF2,2026-07-31,10.66,10.66,500
NIBSF2,2026-07-31,9.0,8.8,8910
NIBLSTF,2026-07-31,8.89,8.62,4373
SBLD2091,2026-07-31,1065.0,1065.0,25
PPL,2026-07-31,311.6,326.0,25427
JBBL,2026-07-31,344.0,347.1,23080
SAGF,2026-07-31,10.05,10.05,300
SJCL,2026-07-31,266.0,275.0,9243
VLUCL,2026-07-31,428.1,429.0,9513
LBBL,2026-07-31,488.0,496.0,20417
HEI,2026-07-31,543.9,539.0,3856
PHCL,2026-07-31,296.7,299.7,39916
RBBF40,2026-07-31,9.29,9.03,4000
SKBBL,2026-07-31,768.0,757.0,7076
SMFBS,2026-07-31,1500.0,1539.0,357
VLBS,2026-07-31,667.0,670.0,961
SARBTM,2026-07-31,797.0,790.1,6077
MEL,2026-07-31,213.1,218.9,5108
GBLBS,2026-07-31,726.1,748.0,1829
DHEL,2026-07-31,552.5,587.9,11475
RLFL,2026-07-31,460.0,465.0,11226
GLH,2026-07-31,250.3,259.0,67704
SSHL,2026-07-31,203.5,205.0,93044
BBC,2026-07-31,4201.0,4280.0,161
BHCL,2026-07-31,486.0,503.9,28242
KSBBL,2026-07-31,475.1,478.0,18173
LUK,2026-07-31,10.15,10.2,2300
CIT,2026-07-31,1726.0,1715.0,4400
RNLI,2026-07-31,440.2,444.5,11354
CHDC,2026-07-31,2170.0,2221.9,25958
RBCL,2026-07-31,14168.0,14206.0,60
CYCL,2026-07-31,1300.1,1310.0,857
SABBL,2026-07-31,1031.3,1045.0,22960
BHPL,2026-07-31,450.0,480.0,4825
NUBL,2026-07-31,609.0,610.0,2862
RIDI,2026-07-31,345.0,370.0,469740
SWBBL,2026-07-31,683.0,681.9,3994
NICFC,2026-07-31,9.3,9.1,1850
SOHL,2026-07-31,571.0,583.9,179906
NHPC,2026-07-31,260.0,269.4,164645
KAHL,2026-07-31,534.0,544.0,37097
MLBL,2026-07-31,352.9,357.0,10082
HURJA,2026-07-31,230.5,236.1,30589
NICLBSL,2026-07-31,546.0,558.0,5387
NMB50,2026-07-31,10.69,10.39,7385
BARUN,2026-07-31,321.0,323.0,21104
PCBL,2026-07-31,240.1,247.0,100424
OMPL,2026-07-31,916.0,940.0,3207
SBI,2026-07-31,408.9,408.0,32635
ILBSP,2026-07-31,470.5,470.5,750
KBSH,2026-07-31,905.1,956.0,23851
NWCL,2026-07-31,692.1,714.3,2000
HLI,2026-07-31,324.0,325.0,25031
USHEC,2026-07-31,490.0,492.0,4347
NICA,2026-07-31,335.0,336.1,26479
MNMF1,2026-07-31,9.51,9.6,1050
RHGCL,2026-07-31,259.0,265.0,10433
PRIN,2026-07-31,671.3,680.0,931
SMB,2026-07-31,1817.1,1835.0,1046
UMHL,2026-07-31,573.0,581.0,95992
ENL,2026-07-31,795.1,814.5,330
HIDCLP,2026-07-31,189.0,192.8,70013
KKHC,2026-07-31,295.1,291.4,133825
GCIL,2026-07-31,354.1,359.0,8094
PBD84,2026-07-31,1067.0,1067.0,100
NMBMF,2026-07-31,610.2,616.0,430
PRVU,2026-07-31,187.7,196.5,70601
AVYAN,2026-07-31,1002.1,1029.0,1441
MMF1,2026-07-31,8.74,9.15,32800
GBBL,2026-07-31,412.5,420.0,13519
HLBSL,2026-07-31,880.0,881.9,274
MERO,2026-07-31,670.0,671.2,4523
SMHL,2026-07-31,493.0,498.9,42099
MEN,2026-07-31,594.9,595.5,38358
ANLB,2026-07-31,5500.0,5649.0,1810
TVCL,2026-07-31,476.0,489.0,2210
NMBHF2,2026-07-31,9.58,9.59,8121
HATHY,2026-07-31,727.0,714.0,4107
HHL,2026-07-31,347.0,340.0,9428
GMFIL,2026-07-31,456.5,470.0,59668
CBLD88,2026-07-31,1180.0,1187.0,50
MABEL,2026-07-31,583.1,603.0,5395
PRSF,2026-07-31,12.9,12.93,2340
NIBD84,2026-07-31,1050.0,1050.0,75
MNBBL,2026-07-31,371.8,370.7,29292
SHPC,2026-07-31,500.0,501.0,35056
HRL,2026-07-31,597.0,603.0,69303
SJLIC,2026-07-31,415.0,419.0,6837
GBIMEP,2026-07-31,105.9,104.7,386068
NIMB,2026-07-31,189.1,199.7,140620
MKJC,2026-07-31,456.0,462.6,6682
CREST,2026-07-31,1252.6,1190.0,9053
GRDBL,2026-07-31,1083.0,1072.0,11399
USLB,2026-07-31,1150.0,1135.0,2288
MLBBL,2026-07-31,1118.0,1142.0,1210
CLI,2026-07-31,441.0,448.0,9671
MSHL,2026-07-31,604.0,620.5,373
SFMF,2026-07-31,10.2,10.15,19920
UNLB,2026-07-31,1236.0,1259.0,246
NICGF2,2026-07-31,9.0,9.04,600
RADHI,2026-07-31,725.0,729.0,50725
AHL,2026-07-31,411.0,420.0,1619
ALICL,2026-07-31,428.7,431.7,48252
SPL,2026-07-31,651.0,663.4,1940
MHNL,2026-07-31,248.0,242.0,14192
AHPC,2026-07-31,265.0,269.0,117686
NESDO,2026-07-31,1454.0,1495.0,436
OHL,2026-07-31,675.0,678.0,2137
NIBLGF,2026-07-31,9.03,9.6,12500
GMLI,2026-07-31,1130.1,1149.0,444
NGPL,2026-07-31,425.0,408.1,148643
EDBL,2026-07-31,574.1,579.0,6814
SYPNL,2026-07-31,1264.5,1350.0,44453
LICN,2026-07-31,793.0,787.9,4020
MKCL,2026-07-31,1100.0,1120.0,2255
RSDC,2026-07-31,642.1,638.2,4291
SGIC,2026-07-31,465.0,465.0,8092
BANDIPUR,2026-07-31,711.0,727.0,34075
SPDL,2026-07-31,370.1,372.1,34892
MAKAR,2026-07-31,438.0,440.0,7472
C30MF,2026-07-31,10.07,10.07,100
SANIMA,2026-07-31,370.8,372.7,63629
HIMSTAR,2026-07-31,710.0,740.0,1586
BEDC,2026-07-31,317.4,318.1,25955
MSLB,2026-07-31,1200.0,1229.0,431
ADBLD83,2026-07-31,1029.7,1025.0,45
API,2026-07-31,334.8,335.3,126694
AKJCL,2026-07-31,360.0,366.0,223712
MATRI,2026-07-31,810.2,830.0,326
ICFCD89,2026-07-31,1092.3,1093.2,60
ADBL,2026-07-31,318.2,322.5,147317
ALBSL,2026-07-31,1051.0,1114.8,10020
CGH,2026-07-31,780.0,784.0,8571
NHDL,2026-07-31,630.0,647.0,5442
HPPL,2026-07-31,388.0,383.0,172178
UHEWA,2026-07-31,564.0,572.1,13705
HLICF,2026-07-31,8.7,8.55,1800
MLBSL,2026-07-31,1675.0,1653.0,3046
PMLI,2026-07-31,440.0,442.2,2325
FOWAD,2026-07-31,977.9,964.9,2220
NMLBBL,2026-07-31,530.0,522.0,6495
SGHC,2026-07-31,310.0,317.0,20293
GUFL,2026-07-31,570.0,572.0,32720
RSML,2026-07-31,3175.0,2999.0,38722
GBIME,2026-07-31,254.0,262.0,588735
H8020,2026-07-31,11.8,11.63,800
MEHL,2026-07-31,301.0,302.0,2369
MHL,2026-07-31,480.0,477.8,349
JFL,2026-07-31,393.0,394.0,3470
NRIC,2026-07-31,950.0,970.0,41920
RURU,2026-07-31,614.0,614.1,387
CKHL,2026-07-31,570.4,605.6,943
BHDC,2026-07-31,435.0,431.4,3261
RLEL,2026-07-31,848.0,885.7,6130
TTL,2026-07-31,702.0,730.0,6475
NTC,2026-07-31,850.0,861.0,6077
NMB,2026-07-31,250.0,249.9,31804
SIPD,2026-07-31,661.0,680.0,22151
BUNGAL,2026-07-31,582.0,597.0,27776
CFCL,2026-07-31,627.1,662.0,223631
CZBIL,2026-07-31,203.1,207.9,36995
CORBL,2026-07-31,1150.0,1120.0,98227
CHCL,2026-07-31,495.0,494.1,20369
DOLTI,2026-07-31,320.0,325.0,19315
NICD88,2026-07-31,1100.0,1100.0,25
JBLB,2026-07-31,1246.0,1282.0,1652
CSY,2026-07-31,9.1,9.34,24577
SNORL,2026-07-31,925.0,926.1,23492
LEC,2026-07-31,224.0,225.9,78017
NABBC,2026-07-31,790.0,785.2,2623
SKHEL,2026-07-31,976.0,978.0,2859
SNLI,2026-07-31,428.0,428.0,4394
PMHPL,2026-07-31,320.0,315.0,3683
TRH,2026-07-31,770.1,782.0,1222
MLBS,2026-07-31,1126.3,1159.0,362
SHL,2026-07-31,496.0,501.0,9444
GWFD83,2026-07-31,1123.3,1089.7,1
SHIVM,2026-07-31,635.0,642.0,69233
HIDCL,2026-07-31,260.0,258.8,17829
SGHL,2026-07-31,545.8,529.0,69102
AKPL,2026-07-31,255.9,261.7,54673
MBLEF,2026-07-31,9.9,10.1,600
NICAD2091,2026-07-31,1044.1,1044.1,25
APHL,2026-07-31,820.8,839.0,15695
EHPL,2026-07-31,349.0,340.1,15290
MDB,2026-07-31,580.0,586.0,4205
CHL,2026-07-31,262.6,268.0,15438
BHL,2026-07-31,210.0,212.4,71648
SAND2085,2026-07-31,1150.0,1150.0,50
HFIN,2026-07-31,668.8,720.0,22713
ICFC,2026-07-31,610.1,613.0,3306
IGI,2026-07-31,432.3,437.5,10048
MHCL,2026-07-31,316.0,317.9,3275
DHPL,2026-07-31,286.5,294.0,749
WNLB,2026-07-31,1315.2,1345.0,122
ECL,2026-07-31,1195.0,1309.3,13500
NMFBS,2026-07-31,1116.0,1120.0,2463
LLBS,2026-07-31,880.0,895.0,767
UMRH,2026-07-31,531.0,537.2,4468
UPPER,2026-07-31,194.0,195.5,73985
KBL,2026-07-31,223.9,225.0,282557
MFIL,2026-07-31,760.0,788.0,24102
DLBS,2026-07-31,1165.0,1214.0,233
SINDU,2026-07-31,714.0,723.9,48851
NIMBD90,2026-07-31,1266.0,1266.0,55
SMJC,2026-07-31,438.1,444.0,4112
NIL,2026-07-31,618.1,620.0,1668
HBL,2026-07-31,197.0,202.0,61738
KMCDB,2026-07-31,779.0,766.4,2071
NRN,2026-07-31,1400.0,1420.0,55080
MKCL,2026-07-30,1150.0,1120.0,660
SAGF,2026-07-30,10.05,10.1,1400
UPPER,2026-07-30,196.0,194.0,48682
NBF3,2026-07-30,10.09,9.85,4240
NLG,2026-07-30,580.0,584.0,5555
HRL,2026-07-30,610.0,597.0,42529
HIDCL,2026-07-30,260.0,258.0,44775
TAMOR,2026-07-30,449.2,451.0,34393
SYPNL,2026-07-30,1335.0,1331.0,30930
LVF2,2026-07-30,9.03,9.13,6390
NICL,2026-07-30,510.0,505.0,22144
SARBTM,2026-07-30,800.0,790.0,2268
RHPL,2026-07-30,260.2,258.1,19919
SLBSL,2026-07-30,1131.1,1090.0,978
MANDU,2026-07-30,830.0,816.0,1759
HDL,2026-07-30,1170.0,1161.2,17763
ICFCD88,2026-07-30,1140.0,1140.0,75
EBLD85,2026-07-30,1135.0,1135.0,10
NIL,2026-07-30,636.0,618.1,1845
SHLB,2026-07-30,1458.0,1475.0,70
NICA,2026-07-30,322.0,339.9,40428
SHL,2026-07-30,500.0,500.0,6446
CHL,2026-07-30,267.0,264.0,24389
JFL,2026-07-30,402.9,393.0,3495
PURE,2026-07-30,841.0,852.9,3160
LEC,2026-07-30,238.2,224.8,127642
RSDC,2026-07-30,641.2,640.1,1502
HHL,2026-07-30,336.1,338.0,14272
KAHL,2026-07-30,548.0,536.0,40236
NRIC,2026-07-30,950.0,945.0,13744
RURU,2026-07-30,629.0,614.5,2379
GMFIL,2026-07-30,465.0,459.0,11836
SLBBL,2026-07-30,806.1,809.0,1495
SPHL,2026-07-30,520.1,536.0,2890
SANVI,2026-07-30,582.0,593.5,5263
RNLI,2026-07-30,440.3,441.9,8512
NMB50,2026-07-30,10.75,10.69,1200
MBL,2026-07-30,246.1,257.0,95668
PCIL,2026-07-30,664.0,649.5,47211
NHDL,2026-07-30,630.0,630.0,5389
MERO,2026-07-30,671.0,677.0,3566
ALICL,2026-07-30,436.0,428.7,14001
FOWAD,2026-07-30,960.0,952.0,2251
BHPL,2026-07-30,476.0,466.3,3538
FMDBL,2026-07-30,763.0,758.0,5111
NRM,2026-07-30,312.1,313.0,10101
SFEF,2026-07-30,10.0,10.0,41100
BARUN,2026-07-30,325.0,323.1,21015
KDL,2026-07-30,766.2,770.0,3572
DLBS,2026-07-30,1193.2,1190.0,1295
GBBD85,2026-07-30,1062.1,1063.0,103
PPL,2026-07-30,325.0,328.0,20127
MMF1,2026-07-30,9.0,9.0,35440
SMPDA,2026-07-30,770.0,768.9,450
SBLD89,2026-07-30,1240.0,1240.0,25
VLUCL,2026-07-30,426.2,438.0,1238
MATRI,2026-07-30,820.0,829.9,346
RADHI,2026-07-30,700.3,724.9,57946
PRIN,2026-07-30,680.0,679.0,1156
ILBS,2026-07-30,842.7,883.9,812
VLBS,2026-07-30,670.2,671.0,684
SBLD2091,2026-07-30,1079.4,1065.0,159
LBBL,2026-07-30,488.3,490.2,36940
SHINE,2026-07-30,410.0,410.0,13148
NWCL,2026-07-30,703.0,712.0,3359
MHCL,2026-07-30,323.0,315.2,3485
UHEWA,2026-07-30,560.0,571.0,10430
SNLI,2026-07-30,430.1,428.0,5359
ENL,2026-07-30,814.0,806.0,410
TRH,2026-07-30,771.2,785.9,788
SMJC,2026-07-30,444.6,442.0,7500
NMB,2026-07-30,246.0,248.6,29716
GUFL,2026-07-30,576.4,575.0,19640
KPCL,2026-07-30,470.0,473.0,3175
GMLI,2026-07-30,1135.4,1137.1,851
LLBS,2026-07-30,900.0,898.0,3094
TSHL,2026-07-30,375.5,372.0,5485
MFIL,2026-07-30,772.0,788.0,31079
NHPC,2026-07-30,260.0,265.0,147186
SKHEL,2026-07-30,971.0,976.0,4074
NBLD87,2026-07-30,1090.0,1090.0,25
NLIC,2026-07-30,760.0,752.0,9676
MLBL,2026-07-30,355.1,352.9,8814
PHCL,2026-07-30,302.0,300.0,35643
BHCL,2026-07-30,491.2,486.0,22600
CITY,2026-07-30,374.0,366.8,84701
JBBD87,2026-07-30,1111.0,1111.0,25
SIGS3,2026-07-30,10.7,10.7,8400
KEF,2026-07-30,10.11,10.28,2900
MBLEF,2026-07-30,10.0,10.1,6350
PCBLP,2026-07-30,102.0,102.0,46894
SBCF,2026-07-30,9.38,9.5,3700
RMF2,2026-07-30,9.7,10.07,2600
BJHL,2026-07-30,688.3,716.0,9417
MKJC,2026-07-30,465.0,468.0,3650
NABBC,2026-07-30,776.5,780.2,7802
API,2026-07-30,339.0,333.0,88031
SADBL,2026-07-30,415.0,413.6,17721
DDBL,2026-07-30,850.0,835.0,3545
SGIC,2026-07-30,458.1,459.8,11872
MBJC,2026-07-30,269.0,266.5,33879
DHPL,2026-07-30,299.0,295.3,4398
GHL,2026-07-30,230.0,224.7,21285
MSLB,2026-07-30,1198.1,1220.0,753
NYADI,2026-07-30,365.0,365.0,4104
NUBL,2026-07-30,605.8,611.0,2374
SSHL,2026-07-30,205.0,203.0,49737
CFCL,2026-07-30,611.0,660.1,133292
SIPD,2026-07-30,682.0,678.9,24436
HLICF,2026-07-30,8.7,8.69,1300
HBL,2026-07-30,188.1,199.0,33687
NICFC,2026-07-30,9.05,9.28,3100
KKHC,2026-07-30,295.0,296.0,354765
SHIVM,2026-07-30,626.4,636.0,71068
LICN,2026-07-30,789.9,788.0,9579
JBBL,2026-07-30,345.1,345.5,23798
NIMBPO,2026-07-30,144.1,143.8,5000
SOPL,2026-07-30,794.2,825.0,59270
SGHC,2026-07-30,324.8,318.0,50539
KHPL,2026-07-30,1008.0,902.0,31485
BNT,2026-07-30,11750.0,11620.0,304
TPC,2026-07-30,360.0,357.9,7495
SAIL,2026-07-30,1120.0,1075.0,40817
HLI,2026-07-30,325.8,324.3,16248
NGPL,2026-07-30,413.9,407.9,82194
CHCL,2026-07-30,494.0,495.0,63422
JOSHI,2026-07-30,269.5,265.0,11532
UNL,2026-07-30,48200.0,48200.0,10
AVYAN,2026-07-30,1013.0,1015.0,3048
NIBLSTF,2026-07-30,8.73,8.77,1201
GIBF1,2026-07-30,10.66,10.66,20800
GVL,2026-07-30,476.1,484.5,12929
TPKHL,2026-07-30,557.9,539.0,38317
RAWA,2026-07-30,444.9,428.0,10012
SMB,2026-07-30,1840.0,1816.0,750
SHPC,2026-07-30,506.0,505.0,22396
CGH,2026-07-30,790.0,786.0,3690
ICFC,2026-07-30,618.0,613.0,1785
MKHC,2026-07-30,290.0,285.0,17333
HDHPC,2026-07-30,212.0,213.5,76132
GBLBS,2026-07-30,730.0,748.0,4525
AHL,2026-07-30,417.0,420.0,1836
CBLD88,2026-07-30,1201.0,1200.0,54
SICL,2026-07-30,620.0,613.0,6079
NIBLGF,2026-07-30,9.0,9.0,3150
STC,2026-07-30,5190.0,5189.0,346
SINDU,2026-07-30,700.1,701.0,16145
MHNL,2026-07-30,241.9,245.0,10825
H8020,2026-07-30,11.7,11.7,3700
BPCL,2026-07-30,693.0,650.0,22963
TTL,2026-07-30,735.0,720.4,8053
NLICL,2026-07-30,584.5,570.0,33209
CBBL,2026-07-30,938.0,928.2,10317
HEIP,2026-07-30,335.0,340.0,817
MNMF1,2026-07-30,9.51,9.58,101350
SPL,2026-07-30,661.0,664.0,940
GLH,2026-07-30,253.6,252.0,24736
MCHL,2026-07-30,296.2,282.0,3153
SMFBS,2026-07-30,1537.0,1500.0,458
KMCDB,2026-07-30,784.0,779.5,2158
BANDIPUR,2026-07-30,729.0,719.8,17645
CHDC,2026-07-30,2231.0,2229.9,9047
RBCL,2026-07-30,14500.0,14600.0,867
NIFRA,2026-07-30,250.0,248.0,27905
RIDI,2026-07-30,368.6,363.0,294672
SAGAR,2026-07-30,1715.0,1704.0,8271
SNORL,2026-07-30,972.0,938.0,31452
SIKLES,2026-07-30,556.0,558.6,29707
BUNGAL,2026-07-30,593.0,587.0,17807
BHDC,2026-07-30,433.9,433.0,3106
CREST,2026-07-30,1190.0,1193.0,3224
MABEL,2026-07-30,582.1,595.5,1818
CCBD88,2026-07-30,1190.0,1190.0,10
SFMF,2026-07-30,10.15,10.15,905
NMIC,2026-07-30,930.1,922.0,4048
OHL,2026-07-30,678.0,675.0,1025
LSL,2026-07-30,230.0,226.8,180338
GBIMESY2,2026-07-30,9.3,9.04,400
RSY,2026-07-30,9.71,10.25,83208
JBLB,2026-07-30,1260.0,1255.1,2062
PPCL,2026-07-30,349.0,338.0,12521
SIFC,2026-07-30,520.0,517.8,3324
BNHC,2026-07-30,280.3,283.7,10658
GSY,2026-07-30,9.5,9.8,2600
AHPC,2026-07-30,267.6,267.0,26286
SMHL,2026-07-30,510.0,496.0,92151
MMKJL,2026-07-30,493.0,485.0,4894
PMLI,2026-07-30,456.5,440.5,4163
GFCL,2026-07-30,624.7,612.0,5737
MKHL,2026-07-30,498.6,510.0,1482
PRVU,2026-07-30,186.0,195.4,87233
GRDBL,2026-07-30,1059.0,1063.0,15731
UNHPL,2026-07-30,392.0,382.9,8263
GLBSL,2026-07-30,1815.0,1820.0,466
NIBSF2,2026-07-30,8.55,8.8,10800
MAKAR,2026-07-30,449.0,437.9,49623
MDB,2026-07-30,570.0,584.0,4005
CKHL,2026-07-30,585.0,588.0,273
MEL,2026-07-30,218.0,217.0,30010
SAPDBL,2026-07-30,838.0,839.9,49040
SJLIC,2026-07-30,415.0,417.7,3984
SWBBL,2026-07-30,685.0,673.0,4763
CYCL,2026-07-30,1340.0,1300.0,1056
SALICO,2026-07-30,606.5,593.0,5176
KBL,2026-07-30,210.0,222.0,230853
PBLD87,2026-07-30,1101.0,1101.0,40
RLFL,2026-07-30,470.9,465.0,13971
GBIMEP,2026-07-30,114.8,111.4,47200
PMHPL,2026-07-30,321.0,320.0,2370
GBBL,2026-07-30,420.0,419.0,11431
PROFL,2026-07-30,437.9,434.0,3009
SCB,2026-07-30,660.8,652.0,3198
IHL,2026-07-30,355.0,347.1,1314
CIT,2026-07-30,1710.0,1716.0,1962
LUK,2026-07-30,10.47,10.46,6810
NSIF2,2026-07-30,10.98,10.66,2793
EHPL,2026-07-30,350.0,343.5,5136
KSY,2026-07-30,9.9,9.9,1300
ACLBSL,2026-07-30,900.1,930.0,632
HIMSTAR,2026-07-30,728.1,725.0,3315
MPFL,2026-07-30,610.0,618.3,3992
SBI,2026-07-30,389.5,406.9,4129
BFC,2026-07-30,485.0,509.8,34113
ANLB,2026-07-30,5500.0,5697.0,3867
MLBS,2026-07-30,1140.2,1158.0,59
MNBBL,2026-07-30,372.0,370.0,22877
KDBY,2026-07-30,11.16,11.1,7200
SAHAS,2026-07-30,664.0,661.0,41565
SOHL,2026-07-30,564.1,571.0,143962
ULBSL,2026-07-30,2700.0,2785.0,1153
EDBL,2026-07-30,573.0,574.0,5265
WNLB,2026-07-30,1339.0,1348.0,149
NICSF,2026-07-30,9.0,8.8,6900
NTC,2026-07-30,870.0,865.0,3581
HFIN,2026-07-30,717.0,704.0,28853
SWMF,2026-07-30,619.0,627.0,4664
MEN,2026-07-30,598.9,595.8,22761
DORDI,2026-07-30,264.9,252.7,44798
APHL,2026-07-30,846.0,834.0,15135
HPPL,2026-07-30,389.0,388.0,214904
PRSF,2026-07-30,12.77,12.77,100
DHEL,2026-07-30,597.0,580.0,27695
KSBBL,2026-07-30,484.9,479.0,20940
GBIME,2026-07-30,244.1,256.0,286885
SRLI,2026-07-30,380.0,381.5,7432
MEHL,2026-07-30,307.0,306.0,1805
NMBMF,2026-07-30,622.0,627.9,279
PCBL,2026-07-30,230.0,241.5,40879
NBLD85,2026-07-30,1040.0,1045.0,1
UMHL,2026-07-30,570.0,586.7,30899
JHAPA,2026-07-30,1131.0,1119.0,5278
CZBIL,2026-07-30,196.6,205.9,74445
ILI,2026-07-30,415.5,420.0,4553
SMATA,2026-07-30,740.0,740.0,2496
GMFBS,2026-07-30,1305.2,1222.2,201
OMPL,2026-07-30,937.0,934.0,1695
RLEL,2026-07-30,875.4,867.8,11208
SPIL,2026-07-30,699.0,700.0,2709
SPC,2026-07-30,427.9,415.0,2448
BGWT,2026-07-30,580.1,597.0,1583
SGHL,2026-07-30,535.0,519.9,54154
RFPL,2026-07-30,333.1,333.5,15140
NFS,2026-07-30,577.1,575.0,4385
ICFCD89,2026-07-30,1099.0,1092.3,225
RSML,2026-07-30,3051.0,3024.0,80858
AKPL,2026-07-30,255.2,256.9,17297
USLB,2026-07-30,1152.1,1152.3,962
MLBBL,2026-07-30,1140.0,1134.0,303
DOLTI,2026-07-30,323.6,320.0,8810
BHL,2026-07-30,213.0,210.5,56897
SMH,2026-07-30,507.0,502.9,8196
NICLBSL,2026-07-30,556.0,552.0,6307
HURJA,2026-07-30,237.0,232.0,36584
SLCF,2026-07-30,9.75,9.99,16700
YMHL,2026-07-30,640.4,645.0,35977
NMLBBL,2026-07-30,515.0,520.0,8584
C30MF,2026-07-30,9.8,10.07,10100
CORBL,2026-07-30,1382.8,1155.0,126446
ECL,2026-07-30,990.0,1138.6,2640
NADEP,2026-07-30,740.0,741.0,708
HATHY,2026-07-30,726.0,712.0,3152
SONA,2026-07-30,428.0,408.8,17828
SBL,2026-07-30,392.3,410.7,99488
TVCL,2026-07-30,477.5,476.2,1884
EBL,2026-07-30,727.0,724.0,10486
HIDCLP,2026-07-30,193.9,189.5,51694
KBSH,2026-07-30,959.0,931.0,23815
SPDL,2026-07-30,376.0,374.9,25621
ULHC,2026-07-30,345.0,340.1,4850
MSHL,2026-07-30,609.0,602.5,1445
SWASTIK,2026-07-30,2011.1,2011.1,430
USHEC,2026-07-30,485.0,492.0,7284
SHEL,2026-07-30,304.0,305.0,57162
RHGCL,2026-07-30,258.0,264.2,15550
BEDC,2026-07-30,321.1,320.0,11462
RBBF40,2026-07-30,9.27,9.02,1343
RMF1,2026-07-30,9.87,9.68,12930
SEF,2026-07-30,9.75,9.81,41000
UPCL,2026-07-30,346.5,347.0,23902
NICGF2,2026-07-30,9.0,9.2,1600
NIBD84,2026-07-30,1042.0,1042.0,25
CLI,2026-07-30,425.0,444.3,6750
ADBL,2026-07-30,306.0,320.0,44241
SJCL,2026-07-30,270.0,274.0,4932
PSF,2026-07-30,11.74,11.8,13600
MHL,2026-07-30,470.0,470.0,3265
SANIMA,2026-07-30,375.0,370.9,58989
ALBSL,2026-07-30,1051.0,1087.6,4356
NIMB,2026-07-30,190.0,199.0,107356
NRN,2026-07-30,1419.0,1402.0,58834
NMFBS,2026-07-30,1115.0,1116.0,1277
GILB,2026-07-30,1076.3,1105.9,965
SKHL,2026-07-30,885.0,871.0,11782
NSY,2026-07-30,9.22,9.3,3100
CSY,2026-07-30,9.0,9.02,3750
UMRH,2026-07-30,538.0,539.5,10812
IGI,2026-07-30,449.5,437.0,4283
PBD88,2026-07-30,1170.1,1181.0,75
NBL,2026-07-30,259.0,270.0,55675
NABIL,2026-07-30,530.0,554.5,50772
BBC,2026-07-30,4186.0,4280.0,706
ADBLD83,2026-07-30,1015.0,1020.0,225
HEI,2026-07-30,533.0,536.0,4626
AKJCL,2026-07-30,366.0,360.0,246031
GCIL,2026-07-30,360.0,359.8,15066
NIFRAGED,2026-07-30,1026.0,1026.0,25
USHL,2026-07-30,570.0,543.0,2165
MLBSL,2026-07-30,1690.0,1690.0,1088
JSLBB,2026-07-30,1000.0,999.0,264
UAIL,2026-07-30,455.0,448.0,12447
UNLB,2026-07-30,1337.2,1265.0,745
SABBL,2026-07-30,1066.1,1063.0,13608
NMBHF2,2026-07-30,9.58,9.75,1800
SKBBL,2026-07-30,769.0,757.9,7715
NESDO,2026-07-30,1480.0,1495.0,972
HLBSL,2026-07-30,897.9,880.0,780
GWFD83,2026-07-30,1158.0,1123.3,1
SKHEL,2026-07-29,930.4,988.0,4249
HHL,2026-07-29,339.0,340.0,22933
MNBBL,2026-07-29,374.0,371.2,20289
TAMOR,2026-07-29,451.0,453.9,24714
SSHL,2026-07-29,203.4,204.5,91386
PHCL,2026-07-29,301.2,302.0,18759
SBLD2091,2026-07-29,1048.1,1048.0,91
MLBBL,2026-07-29,1135.0,1134.0,1025
KPCL,2026-07-29,471.0,470.0,4940
NHDL,2026-07-29,633.0,630.0,6118
UMHL,2026-07-29,570.0,580.9,59984
BNT,2026-07-29,11750.0,11750.0,20
BOKD86KA,2026-07-29,1145.4,1145.4,9
SRLI,2026-07-29,380.5,381.2,7546
BHPL,2026-07-29,489.0,472.1,5072
ADBL,2026-07-29,323.0,321.1,114885
STC,2026-07-29,5130.0,5190.0,1491
EBLD86,2026-07-29,1120.0,1100.1,5135
CKHL,2026-07-29,589.5,585.0,1497
GRDBL,2026-07-29,1121.0,1071.9,4213
FOWAD,2026-07-29,951.1,950.0,6796
NIBLGF,2026-07-29,9.11,9.11,150
API,2026-07-29,336.5,335.0,110350
SGIC,2026-07-29,464.0,460.0,6341
RHGCL,2026-07-29,258.3,265.0,7317
NBL,2026-07-29,274.0,272.0,46665
NIBSF2,2026-07-29,8.75,8.75,9500
PRSF,2026-07-29,12.71,12.95,700
SHIVM,2026-07-29,641.5,639.2,40521
PSF,2026-07-29,11.79,11.85,4435
GMFBS,2026-07-29,1273.0,1243.1,404
NICL,2026-07-29,520.0,510.0,24893
NBBD2085,2026-07-29,1160.7,1160.7,1000
TPKHL,2026-07-29,560.0,557.9,24588
CFCL,2026-07-29,686.0,642.5,258051
BANDIPUR,2026-07-29,721.1,722.2,13667
MLBL,2026-07-29,356.1,358.0,12719
APHL,2026-07-29,825.6,846.0,17484
NLG,2026-07-29,589.0,590.0,10656
RSML,2026-07-29,3110.0,3118.0,57561
MPFL,2026-07-29,653.0,621.0,3483
NBF3,2026-07-29,9.6,10.09,16850
NIL,2026-07-29,622.0,617.5,3576
SIKLES,2026-07-29,555.0,557.0,8229
GLH,2026-07-29,251.0,253.6,11310
PPCL,2026-07-29,355.0,346.9,7070
GHL,2026-07-29,230.0,227.6,19151
SALICO,2026-07-29,585.0,589.0,15345
SWASTIK,2026-07-29,2070.0,2031.0,390
SOHL,2026-07-29,605.0,593.7,73945
BARUN,2026-07-29,325.0,325.9,14537
OMPL,2026-07-29,940.1,959.0,2090
MAKAR,2026-07-29,440.1,440.0,70620
NIBD84,2026-07-29,1045.0,1045.0,25
SNLI,2026-07-29,430.0,430.1,5050
GCIL,2026-07-29,354.4,358.0,15230
NUBL,2026-07-29,607.0,623.0,9183
PPL,2026-07-29,345.0,335.0,20801
UMRH,2026-07-29,530.5,534.0,2783
BGWT,2026-07-29,573.0,597.0,1589
CGH,2026-07-29,789.0,790.0,12085
MATRI,2026-07-29,834.5,820.0,1200
SMH,2026-07-29,506.0,506.0,4422
JSLBB,2026-07-29,985.0,1013.9,80
KBLD90,2026-07-29,1425.9,1383.2,1
SBCF,2026-07-29,9.8,9.66,4816
SBL,2026-07-29,412.4,412.9,91431
GILB,2026-07-29,1118.0,1107.0,75
PROFL,2026-07-29,437.0,432.0,5664
LBBL,2026-07-29,491.1,495.0,36458
PCBL,2026-07-29,238.5,241.9,142194
CSY,2026-07-29,9.01,9.01,5480
SAIL,2026-07-29,1070.0,1080.0,27598
HEIP,2026-07-29,341.9,341.9,10
NIMB,2026-07-29,203.0,199.5,129373
MKHC,2026-07-29,288.6,290.1,7635
MHL,2026-07-29,470.0,474.0,7960
SGHL,2026-07-29,535.0,535.0,52308
CLI,2026-07-29,441.0,447.0,14371
KEF,2026-07-29,10.34,10.35,127716
SHLB,2026-07-29,1468.5,1502.9,89
NFS,2026-07-29,572.1,578.5,7640
OHL,2026-07-29,690.7,678.0,3429
JHAPA,2026-07-29,1136.0,1134.9,3628
GSY,2026-07-29,10.15,9.77,10800
ANLB,2026-07-29,5600.0,5658.0,2170
MEHL,2026-07-29,305.0,307.0,2393
CHDC,2026-07-29,2282.0,2243.0,20446
MSLB,2026-07-29,1201.0,1205.0,1042
ALBSL,2026-07-29,1050.0,1084.9,601
HEI,2026-07-29,542.0,542.8,1764
NICD88,2026-07-29,1100.0,1100.0,50
MLBS,2026-07-29,1116.0,1172.0,212
NABIL,2026-07-29,558.0,557.5,58797
HIDCL,2026-07-29,260.1,260.0,31911
SHEL,2026-07-29,307.0,305.0,48396
SAPDBL,2026-07-29,818.0,828.0,66416
RLFL,2026-07-29,462.6,463.0,13545
USHEC,2026-07-29,486.0,491.0,3861
MHCL,2026-07-29,328.5,314.1,2486
SBLD89,2026-07-29,1271.0,1236.0,4520
NLICL,2026-07-29,606.9,580.0,5796
CREST,2026-07-29,1190.0,1199.7,9303
MKHL,2026-07-29,488.3,514.0,3608
KKHC,2026-07-29,298.0,295.0,720327
GMFIL,2026-07-29,479.9,464.9,12422
KSY,2026-07-29,9.95,9.9,1100
PCBLP,2026-07-29,102.0,102.0,200000
MBJC,2026-07-29,268.3,269.0,37825
ECL,2026-07-29,886.8,990.1,760
NESDO,2026-07-29,1500.0,1500.0,371
EBLD91,2026-07-29,1080.0,1080.0,25
BFC,2026-07-29,489.0,509.0,29657
SOPL,2026-07-29,848.0,836.0,28683
AKJCL,2026-07-29,355.0,365.0,235655
KBSH,2026-07-29,1008.0,945.0,25870
BUNGAL,2026-07-29,599.2,593.0,26816
UAIL,2026-07-29,450.0,447.2,4643
NICFC,2026-07-29,9.2,9.12,4172
DHEL,2026-07-29,590.2,597.0,18392
GLBSL,2026-07-29,1780.0,1810.0,479
GUFL,2026-07-29,584.0,579.0,24743
SPHL,2026-07-29,522.5,528.0,1446
NABILD2089,2026-07-29,1056.0,1056.0,10
EBL,2026-07-29,725.0,727.0,27058
GIBF1,2026-07-29,10.53,10.65,4600
MMF1,2026-07-29,9.0,9.2,38440
DOLTI,2026-07-29,320.0,323.6,11484
SIGS3,2026-07-29,10.63,10.77,10900
SPC,2026-07-29,420.0,417.1,2099
SMJC,2026-07-29,461.0,444.6,19125
MKJC,2026-07-29,470.9,465.2,3515
SARBTM,2026-07-29,791.0,790.0,9288
NADEP,2026-07-29,747.0,729.3,161
MHNL,2026-07-29,237.0,243.0,7798
KSBBL,2026-07-29,487.8,482.8,22894
LUK,2026-07-29,10.69,10.79,34610
NBLD85,2026-07-29,1035.4,1040.0,75
SONA,2026-07-29,407.2,407.7,15755
PCIL,2026-07-29,625.0,664.0,34063
SHL,2026-07-29,499.0,500.0,10770
BEDC,2026-07-29,322.0,322.1,11327
SBD87,2026-07-29,1087.1,1087.0,254
MERO,2026-07-29,722.0,679.0,2158
AKPL,2026-07-29,257.0,258.9,34071
ALICL,2026-07-29,455.7,436.0,7937
SLBSL,2026-07-29,1075.0,1077.3,4347
NBLD87,2026-07-29,1100.0,1100.0,25
PRIN,2026-07-29,674.0,676.6,4698
HURJA,2026-07-29,232.0,234.2,16960
HLICF,2026-07-29,8.43,8.69,4195
MABEL,2026-07-29,593.0,600.0,7772
CBBL,2026-07-29,940.5,938.0,13735
MSHL,2026-07-29,610.0,609.3,443
TPC,2026-07-29,360.3,359.0,10655
JFL,2026-07-29,405.0,401.0,1989
SCB,2026-07-29,650.1,657.0,12523
GBIME,2026-07-29,253.5,256.9,375124
RURU,2026-07-29,620.0,618.0,1585
AHL,2026-07-29,410.4,417.0,2839
RBCL,2026-07-29,14575.0,14557.0,20
PURE,2026-07-29,845.7,861.0,5344
HLBSL,2026-07-29,890.0,880.0,719
HPPL,2026-07-29,378.0,394.7,573369
GFCL,2026-07-29,626.8,613.0,5931
SYPNL,2026-07-29,1350.0,1334.0,28991
RAWA,2026-07-29,430.0,425.9,34600
RSY,2026-07-29,10.2,10.22,6950
ILBS,2026-07-29,870.1,887.0,78
NMLBBL,2026-07-29,531.0,530.1,6400
AVYAN,2026-07-29,1037.2,1013.0,3775
ULHC,2026-07-29,346.0,345.0,4712
ILI,2026-07-29,415.0,418.0,3086
PBD88,2026-07-29,1182.0,1182.0,25
MCHL,2026-07-29,285.2,283.3,4227
RSDC,2026-07-29,643.5,643.0,5340
SMHL,2026-07-29,500.0,498.0,108803
DDBL,2026-07-29,842.0,836.7,4927
NICA,2026-07-29,345.0,338.9,37161
SHPC,2026-07-29,507.0,508.0,9281
TSHL,2026-07-29,379.0,383.0,4284
SIGS2,2026-07-29,10.3,10.5,2350
SIFC,2026-07-29,505.1,518.1,3492
HLI,2026-07-29,327.9,325.8,13625
H8020,2026-07-29,11.7,11.7,3200
VLBS,2026-07-29,670.0,683.0,683
KBLD89,2026-07-29,1285.0,1255.0,131
CZBIL,2026-07-29,218.4,206.9,82254
SEF,2026-07-29,9.9,9.75,49750
RFPL,2026-07-29,330.1,335.0,20971
SIPD,2026-07-29,716.0,680.0,10073
RADHI,2026-07-29,706.9,737.0,30721
ENL,2026-07-29,805.0,804.0,315
AHPC,2026-07-29,270.0,268.3,34746
MLBSL,2026-07-29,1727.0,1690.0,51
CORBL,2026-07-29,1350.0,1317.0,137425
NBF2,2026-07-29,9.92,9.9,7500
UNLB,2026-07-29,1240.0,1274.0,365
SFEF,2026-07-29,10.0,10.02,1600
KAHL,2026-07-29,579.0,549.0,48643
DORDI,2026-07-29,256.0,259.0,6738
MFIL,2026-07-29,777.0,791.8,64463
GBIMESY2,2026-07-29,9.11,9.39,2000
LLBS,2026-07-29,900.0,910.0,2752
NMIC,2026-07-29,932.4,938.0,1591
IHL,2026-07-29,348.1,350.0,5569
SINDU,2026-07-29,720.0,710.0,17345
HDL,2026-07-29,1125.8,1165.0,12341
NLIC,2026-07-29,748.1,750.0,5470
SPIL,2026-07-29,697.0,700.0,17007
WNLB,2026-07-29,1353.1,1354.0,137
RMF2,2026-07-29,9.8,9.97,1400
SANIMA,2026-07-29,368.5,372.7,118077
CITY,2026-07-29,357.4,370.0,69481
ICFC,2026-07-29,619.9,618.0,10039
NHPC,2026-07-29,260.0,267.6,131662
SKHL,2026-07-29,903.0,894.0,5088
HATHY,2026-07-29,742.6,726.0,3398
SMATA,2026-07-29,720.1,740.0,525
EDBL,2026-07-29,580.1,579.0,6434
NICGF2,2026-07-29,9.05,9.14,700
SLBBL,2026-07-29,815.0,806.6,2899
SICL,2026-07-29,614.0,611.1,9181
BPCL,2026-07-29,660.0,660.0,22240
UPCL,2026-07-29,355.0,349.9,16979
RHPL,2026-07-29,260.1,262.2,7335
PRVU,2026-07-29,207.0,195.7,130120
BJHL,2026-07-29,746.0,724.5,12310
NRIC,2026-07-29,979.0,952.0,15261
PMLI,2026-07-29,444.4,444.1,5734
MBLEF,2026-07-29,10.01,10.2,4900
NICLBSL,2026-07-29,555.0,558.0,4106
GBLBS,2026-07-29,769.8,749.9,3675
RNLI,2026-07-29,440.0,445.9,12355
UPPER,2026-07-29,197.7,195.4,48699
LVF2,2026-07-29,9.35,9.3,1500
UHEWA,2026-07-29,606.9,579.6,8566
USLB,2026-07-29,1179.5,1182.0,281
HDHPC,2026-07-29,217.7,214.5,77244
ACLBSL,2026-07-29,945.7,926.2,2437
DHPL,2026-07-29,295.0,292.0,3008
RMF1,2026-07-29,9.39,9.88,71860
GBIMEP,2026-07-29,120.8,120.8,16479
TTL,2026-07-29,724.0,730.0,9862
BHCL,2026-07-29,496.0,495.1,15748
JBBD87,2026-07-29,1113.0,1112.0,229
BBC,2026-07-29,4210.0,4300.0,150
SJLIC,2026-07-29,417.0,415.0,14893
NICD83/84,2026-07-29,1027.1,1027.0,300
GVL,2026-07-29,480.2,486.0,14838
SBI,2026-07-29,408.1,409.9,14663
FMDBL,2026-07-29,750.0,762.7,6080
MDB,2026-07-29,570.0,590.0,2683
LSL,2026-07-29,225.4,228.5,191885
SJCL,2026-07-29,270.8,275.0,4205
MBL,2026-07-29,263.0,259.0,79615
SMB,2026-07-29,1816.1,1849.9,952
NMB,2026-07-29,247.0,248.0,45491
SABBL,2026-07-29,1130.0,1099.0,21239
KMCDB,2026-07-29,787.0,784.0,4774
BHDC,2026-07-29,426.1,433.9,4335
ULBSL,2026-07-29,2735.5,2797.5,429
KDBY,2026-07-29,11.0,11.16,161350
MANDU,2026-07-29,820.0,825.0,3558
MKCL,2026-07-29,1157.9,1143.9,459
IGI,2026-07-29,441.0,441.0,2536
USHL,2026-07-29,545.1,543.0,1136
KBL,2026-07-29,234.1,221.0,259969
MNMF1,2026-07-29,9.65,9.75,84881
GMLI,2026-07-29,1145.8,1155.0,1061
PMHPL,2026-07-29,326.0,321.0,7964
TRH,2026-07-29,780.0,770.4,544
YMHL,2026-07-29,637.8,650.0,50496
SADBL,2026-07-29,416.5,418.0,13565
BHL,2026-07-29,215.0,213.0,29236
CBLD88,2026-07-29,1274.6,1221.0,88
KHPL,2026-07-29,930.0,1061.0,25608
SKBBL,2026-07-29,768.0,758.0,5455
SANVI,2026-07-29,618.0,598.5,9226
HIDCLP,2026-07-29,203.7,190.8,56625
TVCL,2026-07-29,514.5,489.4,1028
NYADI,2026-07-29,358.1,366.1,2032
NMBHF2,2026-07-29,9.58,9.58,80624
VLUCL,2026-07-29,427.0,434.9,1378
NTC,2026-07-29,858.0,869.8,14738
NIBLSTF,2026-07-29,8.66,8.99,2627
MEL,2026-07-29,218.0,217.9,22064
SGHC,2026-07-29,315.0,324.8,171460
SAHAS,2026-07-29,663.9,663.8,60637
SHINE,2026-07-29,414.5,412.4,6351
SPL,2026-07-29,658.7,650.0,5481
SHINED,2026-07-29,1105.6,1109.0,450
NICSF,2026-07-29,9.0,8.95,6100
SPDL,2026-07-29,384.0,385.0,112049
RBCLPO,2026-07-29,11593.0,11593.0,25
SWBBL,2026-07-29,669.2,680.0,3942
EBLD85,2026-07-29,1123.7,1130.0,180
CYCL,2026-07-29,1360.0,1327.0,664
NMFBS,2026-07-29,1120.0,1120.0,2307
GBBL,2026-07-29,416.0,422.0,54582
BNHC,2026-07-29,278.4,285.8,15053
LEC,2026-07-29,229.5,226.9,200185
SWMF,2026-07-29,633.0,621.1,2606
SAGAR,2026-07-29,1720.0,1724.0,4608
SMPDA,2026-07-29,757.1,770.0,523
SMFBS,2026-07-29,1515.2,1536.9,326
NSY,2026-07-29,9.4,9.5,19600
EHPL,2026-07-29,360.0,343.8,5950
NICAD2091,2026-07-29,1041.0,1048.1,45
RLEL,2026-07-29,877.9,899.0,4575
NSIF2,2026-07-29,10.84,10.75,15650
MMKJL,2026-07-29,492.0,482.0,2585
NWCL,2026-07-29,707.7,716.8,2927
NRN,2026-07-29,1390.0,1398.0,90324
NIMBPO,2026-07-29,145.9,143.4,8519
CHL,2026-07-29,262.0,263.7,7782
NGPL,2026-07-29,411.0,409.9,131658
SLCF,2026-07-29,9.8,10.05,4150
JBLB,2026-07-29,1260.0,1262.0,3416
HRL,2026-07-29,600.0,601.1,66078
JBBL,2026-07-29,345.4,347.2,26253
SAGF,2026-07-29,10.05,10.35,700
LICN,2026-07-29,787.2,789.9,9285
JOSHI,2026-07-29,260.1,264.0,7969
KDL,2026-07-29,790.0,784.0,3248
SNORL,2026-07-29,925.0,971.4,36032
RIDI,2026-07-29,365.0,369.9,389549
ICFCD89,2026-07-29,1092.7,1100.0,170
MEN,2026-07-29,592.0,599.0,26078
HBL,2026-07-29,200.8,198.0,49632
DLBS,2026-07-29,1248.6,1201.0,241
UNHPL,2026-07-29,386.0,389.5,19296
NABBC,2026-07-29,776.0,785.1,4249
PBD84,2026-07-29,1100.0,1100.0,25
NRM,2026-07-29,315.0,312.1,5945
HFIN,2026-07-29,725.0,717.0,30574
NMBMF,2026-07-29,630.0,631.0,228
NMB50,2026-07-29,10.59,10.59,500
CHCL,2026-07-29,496.1,494.0,79038
HIMSTAR,2026-07-29,722.7,742.9,4500
RBBF40,2026-07-29,9.27,9.27,53594
CIT,2026-07-29,1717.0,1720.0,2184
NIFRA,2026-07-29,251.0,250.1,29582
LBBL,2026-07-28,498.0,499.9,27651
NABBC,2026-07-28,782.0,790.0,4612
RBCL,2026-07-28,14575.0,14575.0,10
NRIC,2026-07-28,1016.4,953.0,15784
RFPL,2026-07-28,345.0,335.0,15924
ICFCD88,2026-07-28,1125.0,1140.0,50
JOSHI,2026-07-28,265.1,263.0,11562
UAIL,2026-07-28,445.1,446.0,9356
GBBD85,2026-07-28,1060.0,1062.1,75
HDHPC,2026-07-28,212.0,215.9,133774
SADBL,2026-07-28,417.0,416.1,13423
SFEF,2026-07-28,10.0,10.0,5990
SNLI,2026-07-28,436.0,431.7,15476
SHPC,2026-07-28,512.0,511.0,12002
EBLD91,2026-07-28,1070.0,1070.0,100
NRN,2026-07-28,1499.0,1420.0,77185
NBLD85,2026-07-28,1046.0,1046.0,25
NRM,2026-07-28,314.0,319.0,6260
ULHC,2026-07-28,350.0,348.0,4785
NHDL,2026-07-28,625.0,639.9,629
NYADI,2026-07-28,365.1,361.2,6418
H8020,2026-07-28,11.7,11.81,800
NMB,2026-07-28,237.9,249.2,33409
CYCL,2026-07-28,1391.0,1360.0,582
KDL,2026-07-28,781.2,790.0,1967
PROFL,2026-07-28,437.0,437.0,8160
NIFRA,2026-07-28,252.0,251.5,34669
APHL,2026-07-28,809.4,869.0,19141
MLBBL,2026-07-28,1140.0,1150.0,321
MFIL,2026-07-28,775.0,791.9,79785
NIMBPO,2026-07-28,144.4,142.7,1481
RURU,2026-07-28,627.5,620.2,1643
TSHL,2026-07-28,390.0,382.0,8256
SKBBL,2026-07-28,765.0,761.0,4245
CREST,2026-07-28,1195.0,1197.9,3362
GMFBS,2026-07-28,1212.5,1212.5,10
ALICL,2026-07-28,428.0,434.0,16079
IGI,2026-07-28,441.0,442.8,6866
TPKHL,2026-07-28,553.0,560.0,46693
CKHL,2026-07-28,602.0,607.7,3742
NIMB,2026-07-28,203.0,202.8,98021
RSY,2026-07-28,9.91,10.2,77100
BARUN,2026-07-28,323.1,324.2,26443
SLBSL,2026-07-28,1090.0,1099.9,2210
VLUCL,2026-07-28,434.1,440.0,1907
MLBS,2026-07-28,1136.6,1150.0,20
NIFRAGED,2026-07-28,1026.0,1026.0,25
LLBS,2026-07-28,911.0,910.0,290
CLI,2026-07-28,445.5,450.0,4683
SPIL,2026-07-28,710.0,718.0,3006
HEI,2026-07-28,540.0,537.0,4498
CSY,2026-07-28,9.05,9.25,2350
PMLI,2026-07-28,447.0,444.3,3895
MHCL,2026-07-28,317.0,319.0,10653
NICFC,2026-07-28,9.2,9.22,1700
SBI,2026-07-28,435.0,408.1,10946
NICLBSL,2026-07-28,558.0,560.0,5273
NICSF,2026-07-28,8.8,8.9,22080
SWMF,2026-07-28,627.2,635.0,2004
DHEL,2026-07-28,605.0,597.1,19944
NESDO,2026-07-28,1500.0,1500.0,308
PURE,2026-07-28,840.1,871.3,11502
DHPL,2026-07-28,294.0,290.0,712
PBD88,2026-07-28,1193.0,1182.0,125
RSDC,2026-07-28,660.0,647.6,1371
OHL,2026-07-28,689.0,689.0,1913
SWASTIK,2026-07-28,2056.0,2080.0,499
NICL,2026-07-28,520.0,510.9,12231
SLCF,2026-07-28,9.99,9.97,13050
RLEL,2026-07-28,863.4,905.0,13773
MMF1,2026-07-28,9.22,9.12,31960
PPL,2026-07-28,322.6,334.9,14416
CHL,2026-07-28,267.0,262.0,11341
UPCL,2026-07-28,350.0,349.9,40013
ENL,2026-07-28,801.0,805.0,340
UPPER,2026-07-28,198.9,195.5,56333
RHPL,2026-07-28,251.3,262.0,6650
SFMF,2026-07-28,10.06,10.11,600
CZBIL,2026-07-28,207.0,208.0,50968
MKCL,2026-07-28,1124.2,1139.0,2878
SCBD,2026-07-28,1100.0,1100.0,6166
SIFC,2026-07-28,520.0,520.0,7712
SPHL,2026-07-28,520.1,536.9,18969
NMLBBL,2026-07-28,541.0,532.2,2189
NICA,2026-07-28,340.0,340.0,89521
SCB,2026-07-28,656.0,655.0,5553
AHL,2026-07-28,415.0,420.0,3748
GRDBL,2026-07-28,1050.0,1068.0,5015
SHINE,2026-07-28,414.0,414.5,24040
CIZBD90,2026-07-28,1211.0,1211.0,145
DLBS,2026-07-28,1220.3,1215.0,146
SANVI,2026-07-28,600.2,605.3,12008
SAGF,2026-07-28,10.05,10.05,400
RMF1,2026-07-28,9.39,9.68,9190
SMB,2026-07-28,1860.0,1835.0,1391
SSHL,2026-07-28,207.9,205.0,105583
NMBHF2,2026-07-28,9.6,9.61,2300
SMPDA,2026-07-28,783.0,766.8,1190
SYPNL,2026-07-28,1297.0,1360.0,42583
SPC,2026-07-28,410.5,420.0,3222
BANDIPUR,2026-07-28,730.0,730.0,18696
LUK,2026-07-28,10.3,10.91,64605
SHEL,2026-07-28,307.9,306.5,110117
KPCL,2026-07-28,470.0,472.9,5611
SKHEL,2026-07-28,999.9,979.3,5199
NMFBS,2026-07-28,1130.0,1125.0,1845
MKHC,2026-07-28,293.1,291.0,3889
JBLB,2026-07-28,1270.0,1267.1,1612
RMF2,2026-07-28,10.0,10.0,1100
NABILD2089,2026-07-28,1081.0,1081.0,7850
BJHL,2026-07-28,725.0,745.0,7654
ICFC,2026-07-28,615.0,613.1,3418
PPCL,2026-07-28,330.9,348.0,5849
SBID83,2026-07-28,1055.0,1055.0,100
AVYAN,2026-07-28,1055.0,1042.0,1314
UNL,2026-07-28,48100.0,47998.0,20
SAIL,2026-07-28,1045.0,1120.0,81614
NADEP,2026-07-28,750.0,747.0,1052
DORDI,2026-07-28,255.0,259.0,25989
C30MF,2026-07-28,9.8,10.07,8500
DOLTI,2026-07-28,325.0,323.0,22565
NHPC,2026-07-28,283.0,268.0,255472
SOHL,2026-07-28,561.5,606.3,318237
NMBMF,2026-07-28,624.0,633.9,910
KSBBL,2026-07-28,489.7,486.0,14418
PCBL,2026-07-28,243.0,242.0,66306
MNMF1,2026-07-28,9.55,9.6,5800
HEIP,2026-07-28,347.0,332.0,2781
NABILD87,2026-07-28,1150.0,1150.0,24
SIKLES,2026-07-28,558.1,559.1,31137
JFL,2026-07-28,400.0,400.0,895
NTC,2026-07-28,864.9,861.9,3201
PRSF,2026-07-28,12.75,12.85,43350
EBLD86,2026-07-28,1100.4,1100.0,75
PRVU,2026-07-28,199.0,198.0,104849
NICGF2,2026-07-28,9.05,9.3,1900
NIBSF2,2026-07-28,8.8,8.99,10650
SINDU,2026-07-28,702.0,709.5,7508
KSY,2026-07-28,9.56,9.95,3700
SRLI,2026-07-28,381.0,382.6,5804
HIDCLP,2026-07-28,192.9,194.0,43675
NWCL,2026-07-28,715.0,724.0,1274
GVL,2026-07-28,485.0,487.9,17359
BBC,2026-07-28,4350.0,4300.0,224
SICL,2026-07-28,615.0,614.0,5788
EBL,2026-07-28,726.0,725.0,23527
NMBD2085,2026-07-28,1140.0,1174.0,430
SPDL,2026-07-28,402.0,378.0,94930
MSHL,2026-07-28,630.0,616.0,443
ANLB,2026-07-28,5600.0,5735.0,3487
SEF,2026-07-28,10.1,9.79,18274
RLFL,2026-07-28,474.0,470.0,19694
JHAPA,2026-07-28,1199.2,1135.0,6428
NGPL,2026-07-28,411.5,410.0,125424
LSL,2026-07-28,228.9,227.5,147788
LEC,2026-07-28,227.0,227.7,253807
NMIC,2026-07-28,940.0,941.5,4519
ALBSL,2026-07-28,1060.0,1094.0,1130
HHL,2026-07-28,354.6,340.0,24027
HFIN,2026-07-28,719.0,724.1,41783
MABEL,2026-07-28,604.5,606.0,6191
NICD83/84,2026-07-28,1025.9,1026.0,600
ACLBSL,2026-07-28,922.0,945.7,1404
RADHI,2026-07-28,777.0,744.0,29341
RBBF40,2026-07-28,9.05,9.0,411785
MPFL,2026-07-28,615.0,622.3,11471
AKJCL,2026-07-28,355.0,369.0,360028
MEL,2026-07-28,220.0,220.0,15115
MNBBL,2026-07-28,375.0,372.2,10581
SMFBS,2026-07-28,1560.0,1521.0,164
NSY,2026-07-28,9.36,9.6,1600
MEHL,2026-07-28,303.5,309.0,2144
NMBD87/88,2026-07-28,1110.0,1110.0,25
CHCL,2026-07-28,490.5,497.0,39946
UNHPL,2026-07-28,390.0,389.9,11948
PRIN,2026-07-28,678.6,679.0,3693
HRL,2026-07-28,601.0,596.0,95625
BHDC,2026-07-28,440.0,435.0,4477
SGIC,2026-07-28,470.0,464.2,4839
TPC,2026-07-28,354.0,360.0,15673
CITY,2026-07-28,372.0,369.0,103345
KBL,2026-07-28,223.2,223.0,413903
UHEWA,2026-07-28,575.0,578.0,16358
NIBLSTF,2026-07-28,8.7,8.8,1000
HPPL,2026-07-28,370.0,381.9,216411
NMB50,2026-07-28,10.42,10.35,4450
SARBTM,2026-07-28,793.0,791.0,7566
GIBF1,2026-07-28,10.61,10.68,10900
PHCL,2026-07-28,305.2,302.0,61529
SBCF,2026-07-28,10.0,9.68,20950
SJLIC,2026-07-28,419.0,417.9,7941
LICN,2026-07-28,795.0,786.3,10343
MCHL,2026-07-28,280.0,277.1,5429
UNLB,2026-07-28,1251.0,1269.0,237
PCIL,2026-07-28,697.2,655.0,33269
GCIL,2026-07-28,358.0,360.0,20728
CFCL,2026-07-28,627.0,654.2,413605
HBL,2026-07-28,201.9,200.8,45079
SANIMA,2026-07-28,370.4,369.5,118951
AHPC,2026-07-28,271.5,270.0,96286
CORBL,2026-07-28,1380.0,1377.9,65277
ULBSL,2026-07-28,2721.0,2792.0,720
GSY,2026-07-28,9.8,10.46,12150
GLH,2026-07-28,255.0,253.0,11075
GBIMESY2,2026-07-28,9.3,9.11,10700
HIDCL,2026-07-28,260.0,260.0,28585
SNORL,2026-07-28,893.5,926.0,43061
CGH,2026-07-28,782.0,788.6,19197
NLICL,2026-07-28,584.5,578.0,2003
SBLD2091,2026-07-28,1080.0,1080.0,350
CIT,2026-07-28,1720.0,1717.0,2704
PMHPL,2026-07-28,323.9,318.0,8237
MLBSL,2026-07-28,1729.9,1727.0,586
JSLBB,2026-07-28,1001.0,1010.0,440
NLIC,2026-07-28,769.0,755.1,16667
KBSH,2026-07-28,1000.0,960.0,31240
SIGS3,2026-07-28,10.81,10.6,47650
MHL,2026-07-28,473.0,470.0,9647
TTL,2026-07-28,750.0,731.0,10410
AKPL,2026-07-28,258.2,258.5,31048
SOPL,2026-07-28,901.0,848.0,45383
GFCL,2026-07-28,617.0,617.7,3144
BHL,2026-07-28,211.5,214.8,66542
SAPDBL,2026-07-28,792.5,816.0,28841
SHLB,2026-07-28,1435.0,1513.9,210
NFS,2026-07-28,584.0,586.0,18187
GMLI,2026-07-28,1170.0,1164.0,1130
BUNGAL,2026-07-28,602.5,599.5,43141
MMKJL,2026-07-28,505.0,492.3,3759
KAHL,2026-07-28,575.0,561.3,62096
BFC,2026-07-28,513.1,514.0,68754
VLBS,2026-07-28,670.3,680.0,1138
NBF3,2026-07-28,9.61,9.71,2400
ILBS,2026-07-28,865.0,892.0,513
SKHL,2026-07-28,890.1,905.0,5564
CBBL,2026-07-28,937.0,940.0,12282
LVF2,2026-07-28,9.32,9.35,1400
SBL,2026-07-28,405.1,412.5,105124
GBIME,2026-07-28,255.0,259.4,648297
SAGAR,2026-07-28,1740.0,1755.0,23845
SMH,2026-07-28,506.0,511.0,6534
ECL,2026-07-28,771.1,861.0,700
DDBL,2026-07-28,835.5,842.0,2087
TRH,2026-07-28,770.0,780.0,800
MANDU,2026-07-28,845.0,839.9,3309
RNLI,2026-07-28,444.0,444.0,17410
USHEC,2026-07-28,496.0,491.2,6608
SPL,2026-07-28,665.0,678.9,500
RBCLPO,2026-07-28,11450.0,11450.0,30
SWBBL,2026-07-28,668.5,688.0,17148
BGWT,2026-07-28,588.0,590.0,1769
PSF,2026-07-28,11.79,11.85,1700
HLBSL,2026-07-28,899.8,887.0,1675
KHPL,2026-07-28,900.0,944.0,17005
MDB,2026-07-28,595.0,593.0,4409
KDBY,2026-07-28,11.0,11.05,29210
SIPD,2026-07-28,715.0,696.0,30875
BPCL,2026-07-28,665.0,660.0,9502
UMHL,2026-07-28,570.0,585.0,27504
SBLD89,2026-07-28,1270.0,1260.0,100
YMHL,2026-07-28,645.7,642.0,56073
WNLB,2026-07-28,1363.0,1352.7,345
KEF,2026-07-28,10.4,10.54,7000
HLI,2026-07-28,328.0,328.0,22668
MHNL,2026-07-28,236.5,242.9,8180
GBLBS,2026-07-28,723.2,752.0,1587
BNHC,2026-07-28,286.7,287.0,16311
EHPL,2026-07-28,346.1,351.0,10871
SGHC,2026-07-28,318.0,318.0,28212
MBL,2026-07-28,273.5,261.0,129578
MATRI,2026-07-28,820.3,859.0,237
SHL,2026-07-28,505.0,500.9,25363
ILI,2026-07-28,423.0,419.0,9777
NUBL,2026-07-28,633.0,617.0,5909
BHCL,2026-07-28,533.4,499.2,26681
SMATA,2026-07-28,742.0,742.0,544
GILB,2026-07-28,1100.0,1109.0,1071
NBBD2085,2026-07-28,1160.0,1160.0,9501
MERO,2026-07-28,686.0,687.7,3344
KMCDB,2026-07-28,761.0,787.0,2495
OMPL,2026-07-28,947.0,955.0,3380
SMHL,2026-07-28,482.2,499.9,125870
GMFIL,2026-07-28,460.0,471.0,8641
NSIF2,2026-07-28,10.63,10.89,10400
MLBL,2026-07-28,355.5,356.1,8796
MEN,2026-07-28,595.1,597.0,18948
SJCL,2026-07-28,276.0,277.0,9773
USHL,2026-07-28,567.3,550.0,2929
TAMOR,2026-07-28,450.0,456.0,26914
MAKAR,2026-07-28,445.0,442.5,24614
SIGS2,2026-07-28,10.3,10.5,3000
MBLEF,2026-07-28,9.82,10.0,2800
BNL,2026-07-28,14700.0,14700.0,10
KKHC,2026-07-28,283.0,284.7,142474
NBL,2026-07-28,268.2,271.9,154284
UMRH,2026-07-28,530.0,538.7,3425
SONA,2026-07-28,410.0,410.0,12499
GUFL,2026-07-28,588.0,584.0,66026
HURJA,2026-07-28,237.0,234.1,56571
SALICO,2026-07-28,603.5,601.0,1036
API,2026-07-28,335.0,336.5,115848
HLICF,2026-07-28,8.35,8.41,500
FMDBL,2026-07-28,765.2,765.2,5837
IHL,2026-07-28,350.0,354.8,2786
SHIVM,2026-07-28,642.0,641.0,77097
STC,2026-07-28,5200.0,5200.0,3227
RHGCL,2026-07-28,270.0,265.7,26229
MBJC,2026-07-28,270.6,273.4,9226
FOWAD,2026-07-28,983.0,972.7,1175
SMJC,2026-07-28,452.0,460.0,18320
NLG,2026-07-28,571.7,592.0,5855
EDBL,2026-07-28,573.0,580.0,21771
NIL,2026-07-28,625.0,622.0,3171
NIBLGF,2026-07-28,9.22,9.22,400
EBLD85,2026-07-28,1148.0,1123.7,15
GBBL,2026-07-28,400.0,418.0,19611
CHDC,2026-07-28,2287.1,2280.0,20017
MKJC,2026-07-28,469.8,471.9,3503
RIDI,2026-07-28,355.0,372.0,575325
BHPL,2026-07-28,504.1,483.0,5349
NBLD87,2026-07-28,1087.1,1088.0,50
MSLB,2026-07-28,1212.5,1220.0,140
HIMSTAR,2026-07-28,749.7,739.0,6080
USLB,2026-07-28,1182.0,1178.7,117
RAWA,2026-07-28,430.0,426.6,21778
GHL,2026-07-28,229.0,227.3,19202
BEDC,2026-07-28,330.0,325.0,11775
HDL,2026-07-28,1177.9,1167.5,18727
JBBL,2026-07-28,352.0,349.6,28138
NABIL,2026-07-28,560.0,558.0,61497
ICFCD89,2026-07-28,1086.0,1098.0,170
SLBBL,2026-07-28,818.0,815.0,2542
RSML,2026-07-28,3401.0,3185.0,51466
ADBL,2026-07-28,320.0,320.5,109926
SGHL,2026-07-28,515.0,535.0,85553
MKHL,2026-07-28,495.1,503.0,7193
TVCL,2026-07-28,483.2,490.0,3962
GLBSL,2026-07-28,1710.0,1795.0,163
BNT,2026-07-28,11600.6,11620.1,59
SAHAS,2026-07-28,662.1,663.9,45440
SABBL,2026-07-28,1055.0,1080.0,41057
HATHY,2026-07-28,737.0,721.0,5096
KSY,2026-07-27,9.5,9.83,701
CBBL,2026-07-27,932.0,937.0,21752
HLICF,2026-07-27,8.49,8.6,2750
CZBIL,2026-07-27,199.0,208.0,164940
CORBL,2026-07-27,1471.6,1399.9,69345
NYADI,2026-07-27,368.0,368.0,3919
SJCL,2026-07-27,270.8,276.4,8294
SAIL,2026-07-27,1163.4,1093.0,76362
ECL,2026-07-27,670.6,748.7,530
IGI,2026-07-27,455.0,443.0,6780
CREST,2026-07-27,1290.3,1200.3,8738
ULBSL,2026-07-27,2742.8,2800.0,1152
DOLTI,2026-07-27,335.0,325.0,24263
LICN,2026-07-27,814.9,795.0,7761
NIMBPO,2026-07-27,149.2,144.4,3405
MLBL,2026-07-27,366.8,358.0,45835
USLB,2026-07-27,1181.0,1170.0,1859
SAGAR,2026-07-27,1750.0,1743.0,15108
GMFIL,2026-07-27,482.0,469.9,30013
GILB,2026-07-27,1119.9,1096.0,4945
RNLI,2026-07-27,451.1,445.0,64248
BFC,2026-07-27,506.4,516.0,99008
SYPNL,2026-07-27,1352.8,1365.0,61654
ICFCD88,2026-07-27,1125.0,1125.0,25
PURE,2026-07-27,872.9,855.0,7627
WNLB,2026-07-27,1405.0,1361.0,533
SFEF,2026-07-27,10.16,10.16,12200
BJHL,2026-07-27,770.4,746.0,20654
SOPL,2026-07-27,893.0,858.9,79971
SIGS3,2026-07-27,10.36,10.5,600
UMHL,2026-07-27,587.5,590.0,37375
NIL,2026-07-27,625.0,625.1,12368
CKHL,2026-07-27,588.0,614.7,2395
SBI,2026-07-27,410.0,415.0,58278
CYCL,2026-07-27,1345.0,1355.0,629
ANLB,2026-07-27,6326.1,5768.0,3018
ILBS,2026-07-27,860.0,883.9,2658
NIMBD90,2026-07-27,1220.1,1266.2,1544
PPL,2026-07-27,328.9,339.5,19381
PMLI,2026-07-27,442.0,447.4,3915
GLH,2026-07-27,257.1,254.0,24815
ILI,2026-07-27,422.0,420.4,7541
BHL,2026-07-27,213.0,214.0,63844
AHL,2026-07-27,416.3,420.0,3400
HLBSL,2026-07-27,900.9,883.6,817
MKHC,2026-07-27,293.0,294.0,2973
ADBLD83,2026-07-27,1034.3,1034.3,30
NADEP,2026-07-27,737.0,744.8,410
SBD89,2026-07-27,1245.4,1250.0,5014
MHL,2026-07-27,480.0,478.0,5142
SLBSL,2026-07-27,1103.0,1105.0,1920
LBLD86,2026-07-27,1229.0,1200.0,5
SAGF,2026-07-27,10.06,10.06,300
ALICL,2026-07-27,442.0,436.0,17605
NUBL,2026-07-27,633.0,623.1,5929
TPC,2026-07-27,364.0,360.0,12855
NRN,2026-07-27,1435.0,1436.0,96305
LBBL,2026-07-27,510.0,502.9,57304
MHCL,2026-07-27,325.0,326.0,3106
SLCF,2026-07-27,10.26,9.7,515
MABEL,2026-07-27,638.0,615.0,9624
JOSHI,2026-07-27,276.9,267.0,9360
GMFBS,2026-07-27,1220.0,1212.3,175
MKCL,2026-07-27,1152.0,1158.9,1293
RMF2,2026-07-27,10.16,10.12,3350
NIBLSTF,2026-07-27,8.8,8.8,10400
DDBL,2026-07-27,853.0,844.0,3955
MEL,2026-07-27,220.0,221.2,5825
HEI,2026-07-27,545.0,542.0,9478
SWASTIK,2026-07-27,2061.5,2098.0,857
BARUN,2026-07-27,335.0,325.0,28368
NRM,2026-07-27,324.0,317.0,10749
UHEWA,2026-07-27,580.0,582.1,18659
UPCL,2026-07-27,357.0,351.0,30144
RFPL,2026-07-27,330.0,339.8,35602
PROFL,2026-07-27,450.0,437.9,5805
SADBL,2026-07-27,422.1,417.6,29119
FMDBL,2026-07-27,780.2,765.0,7027
MHNL,2026-07-27,240.8,243.8,8338
GRDBL,2026-07-27,1033.6,1074.0,6239
HBL,2026-07-27,206.0,201.9,92763
MBL,2026-07-27,259.0,260.5,289999
LSL,2026-07-27,218.8,229.7,261979
NICL,2026-07-27,521.0,513.0,7762
SNLI,2026-07-27,433.0,437.0,7308
MNMF1,2026-07-27,9.52,9.8,3401
SCB,2026-07-27,618.5,654.0,17457
NMBD89/90,2026-07-27,1328.9,1260.0,18315
GUFL,2026-07-27,566.9,578.5,157711
SHL,2026-07-27,502.0,502.0,25899
ADBLB86,2026-07-27,1010.0,1010.0,50
SANVI,2026-07-27,635.0,616.0,11695
SRBLD83,2026-07-27,1024.3,1015.0,581
HEIP,2026-07-27,337.8,342.0,491
SAND2085,2026-07-27,1133.0,1150.0,45477
GSY,2026-07-27,9.51,9.87,2100
CIT,2026-07-27,1734.0,1721.0,4295
ENL,2026-07-27,845.0,824.0,309
NBLD85,2026-07-27,1070.9,1070.9,25
HLI,2026-07-27,330.0,329.5,31849
SWBBL,2026-07-27,675.0,689.0,8391
EDBL,2026-07-27,581.0,575.5,12084
NSIF2,2026-07-27,10.68,10.8,12000
SABBL,2026-07-27,1160.0,1065.0,50654
SHINED,2026-07-27,1144.0,1079.1,101
ULHC,2026-07-27,365.0,350.0,9670
BPCL,2026-07-27,645.1,665.0,17921
NICBF,2026-07-27,9.07,9.34,400
APHL,2026-07-27,897.1,852.0,30226
BOKD86KA,2026-07-27,1145.0,1145.4,4703
ICFC,2026-07-27,628.0,613.0,4344
SBLD89,2026-07-27,1270.0,1271.0,9726
MCHL,2026-07-27,290.0,280.0,6107
SPDL,2026-07-27,396.5,383.0,44293
UNLB,2026-07-27,1265.1,1270.0,819
NBF3,2026-07-27,9.7,9.9,9860
SMFBS,2026-07-27,1545.1,1560.0,1085
ALBSL,2026-07-27,1051.0,1096.9,3280
SMHL,2026-07-27,487.0,486.5,85568
SKBBL,2026-07-27,770.1,765.0,10866
MLBBL,2026-07-27,1168.5,1158.0,443
MKHL,2026-07-27,493.0,501.0,5754
NMFBS,2026-07-27,1131.0,1126.0,4027
HRL,2026-07-27,635.0,603.9,168162
SMPDA,2026-07-27,773.0,760.5,1588
SMJC,2026-07-27,473.9,458.9,33299
SHEL,2026-07-27,310.0,305.0,73957
BANDIPUR,2026-07-27,758.0,730.0,26143
OMPL,2026-07-27,975.0,947.6,7255
SBIBD86,2026-07-27,1152.1,1152.1,1100
SBID89,2026-07-27,1194.2,1194.2,3000
MBLEF,2026-07-27,9.9,10.1,2700
MLBSL,2026-07-27,1715.0,1735.0,568
SLBBLP,2026-07-27,443.0,443.0,4314
HIMSTAR,2026-07-27,748.0,728.0,7989
SKHEL,2026-07-27,1075.0,999.9,4178
USHEC,2026-07-27,495.0,496.6,3925
SGIC,2026-07-27,475.1,468.2,5283
HPPL,2026-07-27,370.0,379.0,155350
PPCL,2026-07-27,353.9,348.0,8157
SICL,2026-07-27,635.0,618.0,6926
SGHC,2026-07-27,329.0,320.0,39421
SMB,2026-07-27,1915.0,1860.0,1626
BEDC,2026-07-27,334.0,325.4,18773
RBBD83,2026-07-27,1037.3,1037.3,3643
NFS,2026-07-27,581.0,585.0,10778
NCCD86,2026-07-27,1200.0,1200.0,22578
GBBD85,2026-07-27,1070.0,1070.0,25
DLBS,2026-07-27,1210.0,1258.0,4370
MAKAR,2026-07-27,460.0,445.0,53156
NMBHF2,2026-07-27,9.81,9.77,126205
HIDCL,2026-07-27,261.3,262.0,55059
GCIL,2026-07-27,361.3,359.0,12425
TRH,2026-07-27,785.0,771.0,767
ACLBSL,2026-07-27,950.0,949.9,295
NHPC,2026-07-27,272.0,269.9,315028
MPFL,2026-07-27,610.0,624.7,22404
NSY,2026-07-27,9.33,9.36,3200
KDL,2026-07-27,793.0,796.2,527
JBBL,2026-07-27,360.1,348.0,79116
SOHL,2026-07-27,600.0,591.0,94026
PMHPL,2026-07-27,320.0,327.0,6100
TTL,2026-07-27,765.0,746.0,13884
SHIVM,2026-07-27,655.0,643.5,88207
SINDU,2026-07-27,754.9,710.0,20353
EBLD85,2026-07-27,1121.9,1148.0,2525
MMF1,2026-07-27,9.19,9.5,4861
RBBF40,2026-07-27,9.07,9.29,49048
BNT,2026-07-27,11878.0,11652.0,80
NBF2,2026-07-27,10.0,10.2,2400
CLI,2026-07-27,450.3,453.0,29516
HIDCLP,2026-07-27,195.0,194.0,133068
SHLB,2026-07-27,1467.7,1470.0,52
JHAPA,2026-07-27,1201.1,1157.0,13356
CSY,2026-07-27,9.06,9.05,18899
API,2026-07-27,342.0,336.0,189693
NMBD87/88,2026-07-27,1174.7,1110.0,42279
GBBL,2026-07-27,405.0,419.0,68856
HFIN,2026-07-27,757.0,720.0,53676
AKPL,2026-07-27,268.0,259.8,64949
BBC,2026-07-27,4349.0,4265.0,102
KBSH,2026-07-27,1053.0,1022.0,17202
VLBS,2026-07-27,686.0,686.0,3398
CITY,2026-07-27,380.0,372.7,144143
HATHY,2026-07-27,750.0,737.0,10058
NIFRA,2026-07-27,256.0,254.0,64540
NMB50,2026-07-27,10.74,10.42,619
RURU,2026-07-27,649.0,627.5,8550
GMLI,2026-07-27,1187.0,1175.0,853
SAPDBL,2026-07-27,845.0,810.0,35966
LVF2,2026-07-27,9.56,9.6,600
SEF,2026-07-27,10.4,10.4,200
PRSF,2026-07-27,12.9,12.9,148848
NICFC,2026-07-27,9.01,9.46,23850
JSLBB,2026-07-27,1045.0,1020.0,201
RAWA,2026-07-27,440.0,434.0,30785
PSF,2026-07-27,12.1,12.1,20935
NESDO,2026-07-27,1490.0,1505.0,552
NMLBBL,2026-07-27,545.0,543.8,8804
PBD88,2026-07-27,1213.0,1193.0,9850
USHL,2026-07-27,550.0,540.3,1440
IHL,2026-07-27,356.1,358.8,6088
SRLI,2026-07-27,381.0,385.0,23129
NICAD2091,2026-07-27,1033.1,1055.0,300
MNBBL,2026-07-27,365.0,375.0,25680
H8020,2026-07-27,11.8,11.81,1000
NABBC,2026-07-27,800.0,782.0,17891
MDB,2026-07-27,601.0,595.0,6678
NICGF2,2026-07-27,9.55,9.27,5100
CCBD88,2026-07-27,1326.0,1215.4,5001
MERO,2026-07-27,700.0,681.0,6806
CGH,2026-07-27,785.0,782.0,63570
ICFCD89,2026-07-27,1100.0,1097.6,95
TPKHL,2026-07-27,570.0,553.0,55680
NIFRAGED,2026-07-27,1034.0,1034.0,50
SBLD2091,2026-07-27,1082.9,1085.0,130
GBLBS,2026-07-27,750.0,761.2,2341
MEHL,2026-07-27,315.1,312.0,4601
NGPL,2026-07-27,416.1,413.0,140559
PCIL,2026-07-27,660.0,664.0,44869
NMIC,2026-07-27,961.0,940.0,3903
TAMOR,2026-07-27,451.0,451.0,43431
SALICO,2026-07-27,603.0,599.3,8955
AHPC,2026-07-27,274.9,271.3,36752
KBLD89,2026-07-27,1260.0,1250.0,81
SMATA,2026-07-27,754.0,742.0,2471
SIKLES,2026-07-27,565.0,563.9,8682
LUK,2026-07-27,9.76,10.0,9600
AVYAN,2026-07-27,1061.0,1059.0,2659
KDBY,2026-07-27,10.9,11.03,63400
YMHL,2026-07-27,640.1,615.0,39992
NWCL,2026-07-27,721.1,724.0,5747
KHPL,2026-07-27,960.4,920.0,14408
SLBBL,2026-07-27,822.0,818.0,2196
MFIL,2026-07-27,770.0,787.0,43541
LEC,2026-07-27,225.0,225.0,379290
UMRH,2026-07-27,537.0,536.0,6670
RMF1,2026-07-27,9.99,9.68,1950
MSLB,2026-07-27,1207.1,1212.5,652
PRVU,2026-07-27,200.0,198.0,274515
HURJA,2026-07-27,241.3,237.0,71050
RBCLPO,2026-07-27,11670.2,11378.0,100
UPPER,2026-07-27,200.0,197.0,106500
KSBBL,2026-07-27,489.0,485.1,13245
BNHC,2026-07-27,305.9,289.9,20853
NMB,2026-07-27,235.0,250.2,178915
RLEL,2026-07-27,941.0,890.1,14627
SPC,2026-07-27,424.0,418.0,3709
JBLB,2026-07-27,1265.0,1280.0,2801
UNHPL,2026-07-27,400.0,392.0,22386
SAHAS,2026-07-27,664.6,662.1,88971
VLUCL,2026-07-27,470.0,446.0,1857
OHL,2026-07-27,692.0,673.1,571
SGHL,2026-07-27,550.0,520.0,113444
SBCF,2026-07-27,9.61,9.95,25450
HHL,2026-07-27,350.0,344.3,23699
GBILD84/85,2026-07-27,1133.4,1133.4,9485
GLBSL,2026-07-27,1710.0,1800.0,246
SFMF,2026-07-27,10.06,10.05,7500
KMCDB,2026-07-27,800.0,780.0,3094
GBIMESY2,2026-07-27,9.4,9.3,2200
RLFL,2026-07-27,484.0,469.0,52582
GHL,2026-07-27,234.0,231.0,45351
SSHL,2026-07-27,212.0,205.0,83463
RHGCL,2026-07-27,261.0,268.9,6812
PCBL,2026-07-27,230.9,243.0,107176
NIBLGF,2026-07-27,9.65,9.22,27790
GVL,2026-07-27,482.4,485.0,11292
MLBS,2026-07-27,1162.1,1162.0,525
SNORL,2026-07-27,979.0,910.0,34165
SKHL,2026-07-27,907.1,915.0,10125
SMH,2026-07-27,517.1,510.0,15979
GIBF1,2026-07-27,10.6,10.7,1900
RSML,2026-07-27,3320.0,3240.0,102801
TSHL,2026-07-27,401.0,390.0,7554
CFCL,2026-07-27,624.4,660.0,238752
NIBD84,2026-07-27,1063.3,1063.3,30
SIGS2,2026-07-27,10.1,10.5,1900
DORDI,2026-07-27,260.1,257.0,16665
RSY,2026-07-27,10.05,10.2,13319
NLICL,2026-07-27,588.0,581.3,31299
SIFC,2026-07-27,521.0,520.0,9051
KPCL,2026-07-27,482.0,470.1,7212
NICA,2026-07-27,344.0,340.0,138033
NIFRAUR85/86,2026-07-27,1033.2,1033.2,25
UAIL,2026-07-27,460.0,448.5,8247
NIBSF2,2026-07-27,9.1,8.87,4820
NLG,2026-07-27,603.0,589.0,8393
SONA,2026-07-27,419.5,413.6,19252
PRIN,2026-07-27,697.0,680.4,4966
NLIC,2026-07-27,769.0,758.0,19115
C30MF,2026-07-27,9.69,9.7,300
NABIL,2026-07-27,553.0,560.0,155380
BUNGAL,2026-07-27,634.9,603.0,38521
MMKJL,2026-07-27,485.0,495.0,22732
HDL,2026-07-27,1199.0,1164.8,20739
BHDC,2026-07-27,432.0,438.1,6847
KBL,2026-07-27,228.2,223.2,752797
SJLIC,2026-07-27,421.5,419.0,13067
SIPD,2026-07-27,725.0,681.0,35961
NIMB,2026-07-27,194.0,203.0,460463
BGWT,2026-07-27,587.0,588.0,1440
NHDL,2026-07-27,645.5,639.0,2457
NICSF,2026-07-27,8.93,9.0,1200
RBCL,2026-07-27,14600.0,14739.0,70
NICD83/84,2026-07-27,1035.0,1029.1,99
TVCL,2026-07-27,485.0,483.0,3550
PHCL,2026-07-27,309.0,305.2,38880
KAHL,2026-07-27,601.2,552.0,71399
RSDC,2026-07-27,668.0,642.0,6409
NICLBSL,2026-07-27,560.0,562.0,9570
EHPL,2026-07-27,365.0,346.1,9591
MANDU,2026-07-27,858.0,839.0,678
JFL,2026-07-27,404.0,400.0,5971
NBBD2085,2026-07-27,1165.0,1159.0,2503
SPHL,2026-07-27,533.0,535.0,4940
CHCL,2026-07-27,495.0,496.9,56689
MBJC,2026-07-27,276.0,273.1,13360
SHPC,2026-07-27,515.0,509.0,18199
DHPL,2026-07-27,300.0,296.9,5135
SARBTM,2026-07-27,794.1,793.0,8689
SBL,2026-07-27,410.0,409.0,122070
SANIMA,2026-07-27,390.6,373.0,225720
DHEL,2026-07-27,626.0,605.0,32479
MSHL,2026-07-27,630.0,630.0,523
NRIC,2026-07-27,986.0,968.0,39329
EBLD86,2026-07-27,1100.4,1100.4,300
BHCL,2026-07-27,520.0,508.0,36428
HDHPC,2026-07-27,220.6,214.0,180860
EBLD91,2026-07-27,1058.0,1062.1,100
SPIL,2026-07-27,704.5,705.0,5332
SHINE,2026-07-27,420.9,415.0,23408
NBL,2026-07-27,258.4,270.0,107737
NABILD2089,2026-07-27,1080.0,1080.0,550
CHL,2026-07-27,283.0,267.0,11615
KEF,2026-07-27,10.4,10.68,8200
CHDC,2026-07-27,2267.0,2300.0,51266
KKHC,2026-07-27,282.3,283.0,297497
MATRI,2026-07-27,828.0,845.0,529
EBL,2026-07-27,732.9,726.0,58133
STC,2026-07-27,5210.0,5200.0,1345
RADHI,2026-07-27,720.0,740.0,46649
PBLD84,2026-07-27,1147.9,1119.9,5
RHPL,2026-07-27,254.0,264.5,10714
SBLD84,2026-07-27,1031.1,1031.1,25
NTC,2026-07-27,864.1,862.0,8580
LLBS,2026-07-27,915.0,908.0,1360
MKJC,2026-07-27,500.0,472.0,8224
MEN,2026-07-27,597.1,597.4,44849
NBLD87,2026-07-27,1225.0,1120.0,9781
FOWAD,2026-07-27,997.0,955.0,6867
GBIME,2026-07-27,238.0,255.0,1089231
GFCL,2026-07-27,630.0,618.0,10108
SWMF,2026-07-27,635.0,631.0,1176
ADBL,2026-07-27,304.0,322.0,84053
AKJCL,2026-07-27,379.0,366.2,372666
SPL,2026-07-27,665.0,665.0,4535
BHPL,2026-07-27,465.0,480.1,5423
NMBMF,2026-07-27,625.0,636.0,747
RIDI,2026-07-27,355.0,366.0,598395
NESDO,2026-07-24,1516.0,1520.0,333
SLBSL,2026-07-24,1082.0,1126.0,5231
SBI,2026-07-24,409.4,413.5,68167
SMPDA,2026-07-24,785.0,794.0,971
NLICL,2026-07-24,583.0,588.0,76294
SANVI,2026-07-24,665.7,643.0,34711
SARBTM,2026-07-24,795.0,805.0,4017
RBBD2088,2026-07-24,1059.0,1075.0,535
SBL,2026-07-24,402.0,410.0,123839
RADHI,2026-07-24,721.0,755.0,114801
OHL,2026-07-24,689.0,692.0,1236
GIBF1,2026-07-24,10.41,10.55,3000
PSF,2026-07-24,11.65,12.1,27964
RLFL,2026-07-24,500.0,471.0,46706
KAHL,2026-07-24,583.0,601.2,88604
GRDBL,2026-07-24,1130.0,1088.0,14563
GBILD84/85,2026-07-24,1145.0,1145.0,25
BHDC,2026-07-24,440.0,445.2,4356
MATRI,2026-07-24,886.0,843.0,1407
APHL,2026-07-24,930.0,905.0,35842
HIDCL,2026-07-24,262.0,263.7,70195
NICLBSL,2026-07-24,552.0,568.0,9403
JBLB,2026-07-24,1255.0,1283.0,3348
SAPDBL,2026-07-24,752.0,806.0,41139
NBLD85,2026-07-24,1071.0,1040.0,80
MSHL,2026-07-24,596.0,632.0,682
SOPL,2026-07-24,905.0,893.0,93889
DHPL,2026-07-24,290.0,300.0,5641
MABEL,2026-07-24,632.5,637.0,25642
SFEF,2026-07-24,10.0,9.95,700
ADBLD83,2026-07-24,1034.0,1034.3,26406
SJCL,2026-07-24,281.0,285.0,5913
NICFC,2026-07-24,9.1,9.2,10500
DOLTI,2026-07-24,312.7,331.9,18589
H8020,2026-07-24,12.0,12.0,1530
NUBL,2026-07-24,623.0,640.6,8629
SWASTIK,2026-07-24,2145.0,2098.0,845
HHL,2026-07-24,346.3,349.0,22309
MEN,2026-07-24,595.0,597.0,43290
SHPC,2026-07-24,520.0,518.6,38788
PBLD86,2026-07-24,1425.9,1425.9,20
HLI,2026-07-24,330.2,333.5,25210
NIMBD90,2026-07-24,1220.1,1220.1,25
JSLBB,2026-07-24,1026.7,1039.0,684
AKPL,2026-07-24,268.5,265.7,58703
STC,2026-07-24,5102.0,5175.0,1310
KPCL,2026-07-24,475.0,482.0,4122
NFS,2026-07-24,585.0,582.0,13295
SIGS2,2026-07-24,10.15,10.2,4100
RLEL,2026-07-24,930.0,970.0,28028
HATHY,2026-07-24,759.0,755.0,11987
CHCL,2026-07-24,494.0,494.2,35710
NRM,2026-07-24,330.0,328.4,12102
NTC,2026-07-24,875.0,864.0,7547
USHEC,2026-07-24,493.0,495.5,1594
SBID89,2026-07-24,1176.2,1185.0,246
NHPC,2026-07-24,298.0,280.4,320535
MCHL,2026-07-24,297.9,285.0,9930
BNHC,2026-07-24,297.0,297.0,25926
VLBS,2026-07-24,672.0,706.0,5121
BGWT,2026-07-24,610.0,600.1,5088
SLBBL,2026-07-24,788.0,823.0,3942
LICN,2026-07-24,800.1,804.0,9884
GVL,2026-07-24,482.0,485.0,15952
BNT,2026-07-24,11532.2,11532.2,19
KBL,2026-07-24,224.0,228.2,1129916
SAGF,2026-07-24,10.05,10.1,1250
PCIL,2026-07-24,700.0,692.0,106254
MERO,2026-07-24,738.9,694.0,25005
NRN,2026-07-24,1413.0,1463.0,183860
PURE,2026-07-24,899.0,898.0,13573
MANDU,2026-07-24,816.2,857.9,5451
NIFRA,2026-07-24,251.5,255.0,80303
SGHC,2026-07-24,326.0,325.0,46724
BHPL,2026-07-24,490.0,486.6,5700
SIFC,2026-07-24,530.0,529.0,6762
PHCL,2026-07-24,310.1,309.0,121022
ICFCD89,2026-07-24,1100.0,1101.0,99
NSY,2026-07-24,9.23,9.33,9600
JOSHI,2026-07-24,274.0,270.0,10071
SKBBL,2026-07-24,755.1,766.0,9366
NBF3,2026-07-24,9.95,9.97,6600
FOWAD,2026-07-24,1010.0,997.0,787
KBSH,2026-07-24,993.3,1050.0,148511
MKCL,2026-07-24,1150.0,1180.0,5080
PPCL,2026-07-24,358.0,352.5,19158
KMCDB,2026-07-24,800.0,806.0,1517
SSHL,2026-07-24,221.1,209.5,92395
LBLD88,2026-07-24,1094.0,1094.0,15
MBLEF,2026-07-24,10.02,10.2,1500
SAGAR,2026-07-24,1800.0,1792.0,24706
SHIVM,2026-07-24,638.0,655.0,64040
SMB,2026-07-24,1850.0,1915.0,4959
SHEL,2026-07-24,310.0,309.7,38004
MKHC,2026-07-24,297.1,297.2,7089
BHL,2026-07-24,225.9,217.0,92366
API,2026-07-24,325.4,344.0,242798
NABILD87,2026-07-24,1135.0,1135.0,25
ULBSL,2026-07-24,2730.0,2760.0,484
TPKHL,2026-07-24,581.0,574.0,57766
SIGS3,2026-07-24,10.42,10.5,25177
SPDL,2026-07-24,392.0,389.0,91184
AHPC,2026-07-24,279.0,275.0,46828
SLCF,2026-07-24,10.0,10.2,3242
AKJCL,2026-07-24,405.8,379.0,515226
SJLIC,2026-07-24,420.0,427.9,13468
BARUN,2026-07-24,318.3,334.0,24615
SBLD84,2026-07-24,1058.0,1058.0,75
ENL,2026-07-24,855.0,849.0,240
SMFBS,2026-07-24,1535.0,1554.0,3316
GBLBS,2026-07-24,756.0,761.0,3251
NMFBS,2026-07-24,1117.5,1131.0,1642
SAND2085,2026-07-24,1207.7,1100.0,25050
RAWA,2026-07-24,464.0,445.0,35112
RFPL,2026-07-24,350.0,345.9,18660
GMLI,2026-07-24,1159.2,1186.5,4148
HLBSL,2026-07-24,905.0,900.9,3413
BANDIPUR,2026-07-24,759.0,763.0,59743
SALICO,2026-07-24,601.0,609.6,7035
GCIL,2026-07-24,345.8,364.0,17122
SHINE,2026-07-24,420.0,417.5,23905
MND84/85,2026-07-24,1070.0,1075.0,100
TVCL,2026-07-24,486.0,485.0,8980
SKHL,2026-07-24,944.0,935.0,28833
NIBSF2,2026-07-24,8.7,8.85,13030
TRH,2026-07-24,785.0,785.0,270
JBBL,2026-07-24,354.0,364.1,96275
MLBS,2026-07-24,1172.1,1193.0,506
BFC,2026-07-24,533.0,533.0,74820
ICFC,2026-07-24,611.1,628.0,9051
KKHC,2026-07-24,266.5,282.3,368499
C30MF,2026-07-24,9.92,9.96,600
SNLI,2026-07-24,438.1,441.0,5147
MMF1,2026-07-24,9.4,9.47,45580
SCB,2026-07-24,655.09,651.0,17211
NMIC,2026-07-24,970.0,984.0,5608
SAIL,2026-07-24,1100.0,1108.0,91423
PBD84,2026-07-24,1100.0,1100.0,120
HEI,2026-07-24,530.3,544.0,7482
JBBD87,2026-07-24,1121.0,1121.0,25
NICSF,2026-07-24,9.2,9.2,11980
NICL,2026-07-24,525.0,520.0,14533
MEL,2026-07-24,220.0,220.0,27150
SINDU,2026-07-24,683.1,719.0,12801
MPFL,2026-07-24,610.0,626.9,11805
GBIMESY2,2026-07-24,9.45,9.33,4700
SPHL,2026-07-24,538.3,544.0,7475
HIDCLP,2026-07-24,197.9,195.9,85315
SBCF,2026-07-24,10.0,9.61,11100
NADEP,2026-07-24,760.0,738.0,288
CHDC,2026-07-24,2180.0,2254.0,34043
GRDBLP,2026-07-24,570.0,570.0,1998
MLBSL,2026-07-24,1740.0,1739.9,126
GBIME,2026-07-24,247.9,249.5,177663
RBCLPO,2026-07-24,11710.0,11710.0,40
MHNL,2026-07-24,240.0,241.5,9321
SANIMA,2026-07-24,366.0,372.0,100183
GHL,2026-07-24,244.1,234.0,40896
CREST,2026-07-24,1195.0,1228.9,13501
CLI,2026-07-24,443.3,454.0,11247
MEHL,2026-07-24,313.0,315.0,2623
EBL,2026-07-24,725.0,724.0,84744
PRIN,2026-07-24,697.0,695.0,8742
GMFIL,2026-07-24,479.9,473.0,14104
NMBHF2,2026-07-24,9.58,9.77,1973
RBCL,2026-07-24,14510.0,14600.2,100
SGIC,2026-07-24,478.0,478.0,8890
DHEL,2026-07-24,600.0,626.0,74284
SBD87,2026-07-24,1122.0,1120.0,1026
GILB,2026-07-24,1090.1,1120.0,2229
NIBLSTF,2026-07-24,8.85,8.8,3286
MNMF1,2026-07-24,9.8,9.7,172054
SKHEL,2026-07-24,1007.0,1077.9,8890
CITY,2026-07-24,389.0,387.0,117929
GUFL,2026-07-24,559.0,557.0,5322
IGI,2026-07-24,448.1,449.8,8830
NICBF,2026-07-24,9.12,9.12,100
PCBL,2026-07-24,239.0,243.0,92403
SGHL,2026-07-24,550.0,552.0,105483
ILI,2026-07-24,421.1,425.0,4515
YMHL,2026-07-24,693.0,655.0,40127
SADBL,2026-07-24,424.0,426.3,48901
MHCL,2026-07-24,323.0,330.0,5058
SAHAS,2026-07-24,661.0,662.3,46493
DLBS,2026-07-24,1248.8,1220.1,150
BHCL,2026-07-24,495.0,523.9,59608
LUK,2026-07-24,10.36,9.76,750
SWBBL,2026-07-24,658.4,693.0,13156
RMF1,2026-07-24,9.62,9.7,260327
SWMF,2026-07-24,625.1,642.0,4913
PROFL,2026-07-24,441.0,444.0,8738
RSY,2026-07-24,10.35,10.35,5150
CYCL,2026-07-24,1370.0,1376.0,1100
PBLD87,2026-07-24,1119.6,1134.9,3151
OMPL,2026-07-24,996.0,996.0,6488
EDBL,2026-07-24,586.9,581.5,13509
RHPL,2026-07-24,263.2,267.0,11576
SHLB,2026-07-24,1453.2,1513.0,169
RSDC,2026-07-24,641.3,670.1,4871
SRBLD83,2026-07-24,1024.2,1024.2,6400
SCBD,2026-07-24,1101.0,1101.0,500
MLBBL,2026-07-24,1131.2,1150.0,1507
NWCL,2026-07-24,705.8,739.9,3403
MHL,2026-07-24,489.0,485.0,6501
NICGF2,2026-07-24,9.28,9.38,12300
PMHPL,2026-07-24,328.0,324.0,4451
KHPL,2026-07-24,990.0,990.0,31107
BEDC,2026-07-24,313.5,334.0,32031
BJHL,2026-07-24,780.5,793.0,28911
ILBS,2026-07-24,850.0,884.0,1485
HRL,2026-07-24,641.0,629.0,98378
SONA,2026-07-24,422.0,419.9,18074
UAIL,2026-07-24,460.0,458.0,14460
GLBSL,2026-07-24,1793.0,1800.0,728
AHL,2026-07-24,434.0,428.0,3436
CFCL,2026-07-24,627.0,657.2,182999
KEF,2026-07-24,10.25,10.69,24400
UMHL,2026-07-24,570.0,594.8,86235
HFIN,2026-07-24,760.0,779.0,88069
TAMOR,2026-07-24,451.0,452.6,27528
BNL,2026-07-24,14744.0,14744.0,10
JFL,2026-07-24,400.1,404.0,4548
SMH,2026-07-24,511.1,517.1,31697
NIBLGF,2026-07-24,8.99,9.22,800
KDL,2026-07-24,791.0,813.9,1944
GFCL,2026-07-24,630.0,630.4,6717
EBLD85,2026-07-24,1130.0,1130.0,15
GSY,2026-07-24,9.93,9.42,6520
NYADI,2026-07-24,397.9,371.0,8257
SPIL,2026-07-24,703.0,710.0,2443
LEC,2026-07-24,224.9,224.0,140458
UNHPL,2026-07-24,402.8,397.0,25227
NMLBBL,2026-07-24,550.9,545.9,3140
NBF2,2026-07-24,10.02,10.02,200
SIPD,2026-07-24,750.0,727.0,51208
NHDL,2026-07-24,646.0,650.0,2976
PRVU,2026-07-24,197.9,199.9,361992
CSY,2026-07-24,8.93,9.06,17602
KSBBL,2026-07-24,485.0,488.6,17265
UPPER,2026-07-24,200.0,200.2,85269
UHEWA,2026-07-24,598.0,592.0,48519
RSML,2026-07-24,3471.0,3494.0,43204
HDL,2026-07-24,1180.0,1166.0,24277
MAKAR,2026-07-24,427.5,450.0,56320
TSHL,2026-07-24,385.0,400.0,23022
ULHC,2026-07-24,367.0,359.5,7061
SPC,2026-07-24,430.0,426.0,5197
JHAPA,2026-07-24,1140.0,1211.1,22390
WNLB,2026-07-24,1398.0,1374.0,357
EBLD86,2026-07-24,1105.0,1105.0,57
MSLB,2026-07-24,1215.0,1244.0,354
SHL,2026-07-24,504.9,503.0,15100
GBBL,2026-07-24,416.6,426.0,64896
LBBL,2026-07-24,497.0,510.0,137489
PMLI,2026-07-24,452.0,454.0,7466
GMFBS,2026-07-24,1220.2,1246.0,429
SMJC,2026-07-24,448.5,470.0,99658
CKHL,2026-07-24,603.4,618.0,3274
RBBF40,2026-07-24,8.95,9.32,11700
NBL,2026-07-24,271.0,272.0,72549
NRIC,2026-07-24,990.0,986.0,61419
NBBD2085,2026-07-24,1100.0,1133.0,1
NGPL,2026-07-24,420.0,420.0,135494
CBBL,2026-07-24,932.0,938.0,7273
RIDI,2026-07-24,360.0,370.0,824107
GBILD86/87,2026-07-24,1202.0,1128.0,10003
MKJC,2026-07-24,471.0,487.0,12860
UPCL,2026-07-24,355.1,357.0,43678
ACLBSL,2026-07-24,967.0,945.0,670
MLBL,2026-07-24,365.0,364.0,29485
NICA,2026-07-24,334.2,344.2,91081
HURJA,2026-07-24,245.0,241.0,51790
NIMBPO,2026-07-24,145.0,145.1,9857
ANLB,2026-07-24,5550.0,6659.0,3788
VLUCL,2026-07-24,458.0,452.0,1250
NABBC,2026-07-24,793.0,786.0,8899
TTL,2026-07-24,756.0,773.0,28478
RMF2,2026-07-24,9.9,10.12,450
IHL,2026-07-24,365.0,362.5,13063
ALICL,2026-07-24,441.0,441.9,9351
BPCL,2026-07-24,660.2,665.0,34471
CORBL,2026-07-24,1380.0,1549.0,124853
NLIC,2026-07-24,766.8,769.0,32030
SIKLES,2026-07-24,559.0,572.0,5993
NSIF2,2026-07-24,10.67,10.68,200
HEIP,2026-07-24,335.0,328.0,500
NABILD2089,2026-07-24,1056.0,1078.0,82
NABIL,2026-07-24,550.0,553.1,91376
CGH,2026-07-24,793.0,787.0,7873
NMB,2026-07-24,241.8,247.1,60861
SOHL,2026-07-24,627.0,605.0,135996
MKHL,2026-07-24,498.3,507.0,3735
LVF2,2026-07-24,9.66,9.66,400
USHL,2026-07-24,565.0,559.0,2854
UNLB,2026-07-24,1300.0,1279.0,712
USLB,2026-07-24,1209.0,1181.0,3770
LLBS,2026-07-24,920.0,935.0,235
SLBBLP,2026-07-24,443.0,443.0,20000
TPC,2026-07-24,370.0,369.5,9455
NIBD84,2026-07-24,1066.1,1050.0,85
BBC,2026-07-24,4310.0,4375.0,126
ALBSL,2026-07-24,1045.0,1087.0,3859
FMDBL,2026-07-24,780.0,780.0,5442
HDHPC,2026-07-24,217.0,218.6,145917
HLICF,2026-07-24,8.66,8.75,7601
MMKJL,2026-07-24,475.0,496.0,6845
UMRH,2026-07-24,534.0,540.1,6744
ECL,2026-07-24,571.8,651.1,250
GLH,2026-07-24,255.1,259.0,26654
ADBL,2026-07-24,317.0,320.0,113909
RBBD83,2026-07-24,1037.0,1037.0,1371
CHL,2026-07-24,266.2,270.0,10651
PPL,2026-07-24,335.0,339.0,17291
NMBMF,2026-07-24,622.0,640.0,4969
NIL,2026-07-24,627.0,630.0,4967
SICL,2026-07-24,639.8,633.7,3100
SABBL,2026-07-24,1063.1,1160.0,46161
CZBIL,2026-07-24,206.0,209.4,135021
NLG,2026-07-24,608.8,603.9,10772
SFMF,2026-07-24,10.3,10.03,700
RHGCL,2026-07-24,265.1,273.7,18625
EHPL,2026-07-24,360.9,358.9,19434
SEF,2026-07-24,10.35,10.11,5870
SPL,2026-07-24,678.0,675.0,1481
DDBL,2026-07-24,840.0,854.0,4706
PRSF,2026-07-24,13.17,12.77,1300
MBJC,2026-07-24,273.2,276.1,8647
CIT,2026-07-24,1724.0,1734.0,4293
AVYAN,2026-07-24,1060.2,1089.0,8162
KSY,2026-07-24,9.48,9.55,1200
NMB50,2026-07-24,10.3,10.6,918
DORDI,2026-07-24,264.1,263.1,14614
SMATA,2026-07-24,741.0,754.0,2237
SNORL,2026-07-24,989.0,979.0,41940
NMBD2085,2026-07-24,1174.68,1174.68,25
HIMSTAR,2026-07-24,775.0,770.0,11420
MNBBL,2026-07-24,379.0,377.0,25623
GBBD85,2026-07-24,1066.0,1085.0,83
MDB,2026-07-24,612.0,602.0,29104
HBL,2026-07-24,192.7,206.0,144301
SYPNL,2026-07-24,1360.0,1424.0,75872
BUNGAL,2026-07-24,635.0,634.9,59530
NIMB,2026-07-24,198.0,204.2,461662
SRLI,2026-07-24,385.0,386.0,10494
BOKD86KA,2026-07-24,1133.0,1145.0,564
MBL,2026-07-24,250.8,259.9,90145
SMHL,2026-07-24,495.0,490.0,38221
LSL,2026-07-24,227.0,230.3,227090
RNLI,2026-07-24,451.1,455.0,10240
MFIL,2026-07-24,777.0,795.9,27905
HPPL,2026-07-24,370.0,380.0,127177
RURU,2026-07-24,633.0,631.0,4884
KDBY,2026-07-24,11.0,11.0,8100
ECL,2026-07-23,507.1,566.2,120
BOKD86KA,2026-07-23,1102.0,1100.0,25
VLBS,2026-07-23,670.1,685.0,992
NICL,2026-07-23,519.0,520.0,11905
SBLD89,2026-07-23,1260.0,1270.0,600
YMHL,2026-07-23,620.3,660.0,42420
BARUN,2026-07-23,331.0,335.0,27519
SNORL,2026-07-23,851.0,995.0,44496
SPIL,2026-07-23,715.0,710.0,533
MSHL,2026-07-23,666.7,627.3,1005
CHL,2026-07-23,268.1,266.1,14726
KDL,2026-07-23,820.0,813.0,286
RSDC,2026-07-23,676.0,675.0,1340
TSHL,2026-07-23,393.0,385.0,4613
ICFC,2026-07-23,611.5,620.0,5166
KSY,2026-07-23,9.75,9.75,1400
OHL,2026-07-23,680.0,688.5,605
HBL,2026-07-23,200.0,202.8,44740
DLBS,2026-07-23,1264.0,1214.0,311
CREST,2026-07-23,1205.0,1201.0,14145
SHIVM,2026-07-23,650.0,660.0,58438
CITY,2026-07-23,390.0,389.0,98452
NSIF2,2026-07-23,10.61,10.67,7675
GRDBL,2026-07-23,1024.1,1085.0,10852
GMLI,2026-07-23,1201.0,1195.0,2062
TAMOR,2026-07-23,460.0,451.5,24468
LEC,2026-07-23,220.0,222.6,70351
SMH,2026-07-23,515.0,514.9,22173
NADEP,2026-07-23,747.0,760.0,386
NWCL,2026-07-23,721.9,742.9,1960
CFCL,2026-07-23,610.0,649.9,110432
SMFBS,2026-07-23,1567.0,1578.0,735
LSL,2026-07-23,214.0,227.0,259236
PURE,2026-07-23,840.8,890.0,5046
BGWT,2026-07-23,609.0,610.0,1013
PCIL,2026-07-23,631.8,687.0,58160
MBLEF,2026-07-23,10.01,10.2,2000
USLB,2026-07-23,1210.1,1200.0,673
CHDC,2026-07-23,2200.5,2205.0,8086
HDHPC,2026-07-23,218.1,220.8,123561
CGH,2026-07-23,785.0,792.0,19050
GILB,2026-07-23,1100.0,1110.0,520
MEN,2026-07-23,595.0,594.8,41095
EHPL,2026-07-23,363.9,355.3,8656
HURJA,2026-07-23,240.0,242.8,53462
ICFCD89,2026-07-23,1106.0,1120.0,385
MNMF1,2026-07-23,9.8,9.87,2020
NMIC,2026-07-23,950.0,970.0,2693
GBIMESY2,2026-07-23,9.3,9.5,500
HLICF,2026-07-23,8.69,8.92,2320
GHL,2026-07-23,228.0,232.5,27581
AHPC,2026-07-23,274.9,277.0,59319
VLUCL,2026-07-23,460.0,460.0,3640
HIDCLP,2026-07-23,193.5,197.5,63494
GMFBS,2026-07-23,1251.7,1246.0,145
AVYAN,2026-07-23,1083.0,1079.0,2060
NMB,2026-07-23,232.0,243.1,26596
KSBBL,2026-07-23,488.8,488.0,16398
CYCL,2026-07-23,1397.9,1370.0,704
KPCL,2026-07-23,470.0,473.0,5890
HEIP,2026-07-23,335.0,335.0,500
PMLI,2026-07-23,443.0,465.0,7836
LICN,2026-07-23,844.0,803.9,6839
SPC,2026-07-23,425.5,430.0,3060
BJHL,2026-07-23,719.0,790.0,33953
KKHC,2026-07-23,265.0,266.5,42842
SCBD,2026-07-23,1135.0,1135.0,33
MLBSL,2026-07-23,1711.0,1738.0,317
SKBBL,2026-07-23,762.0,767.0,6698
HPPL,2026-07-23,360.0,381.0,106938
MATRI,2026-07-23,848.5,864.0,768
BNT,2026-07-23,11578.1,11578.1,25
MBL,2026-07-23,242.0,255.0,70137
IHL,2026-07-23,370.0,367.5,3367
SHPC,2026-07-23,538.0,515.9,42994
H8020,2026-07-23,12.3,12.0,4456
GUFL,2026-07-23,575.0,564.0,10684
ANLB,2026-07-23,5600.0,5818.0,1113
MAKAR,2026-07-23,433.2,450.0,35324
SAGF,2026-07-23,10.05,10.2,2440
AKJCL,2026-07-23,370.0,386.5,719259
UMHL,2026-07-23,570.0,590.5,23783
RLEL,2026-07-23,867.1,940.0,19571
SIKLES,2026-07-23,555.1,567.0,6009
MEHL,2026-07-23,315.0,313.3,1520
WNLB,2026-07-23,1332.0,1368.0,529
NIBSF2,2026-07-23,8.57,8.89,2826
GIBF1,2026-07-23,10.3,10.41,300
JHAPA,2026-07-23,1100.0,1148.0,12509
KBSH,2026-07-23,1175.0,1045.5,13394
HFIN,2026-07-23,680.0,760.0,73698
NGPL,2026-07-23,424.0,419.0,203489
NBF2,2026-07-23,10.08,10.31,4000
CHCL,2026-07-23,485.1,494.0,31454
SAGAR,2026-07-23,1750.0,1820.0,29234
ALBSL,2026-07-23,1070.0,1094.9,3151
BNHC,2026-07-23,296.9,295.0,39381
ICFCD88,2026-07-23,1125.0,1124.2,150
BHL,2026-07-23,217.0,215.2,62803
MNBBL,2026-07-23,370.0,377.0,25308
HEI,2026-07-23,533.0,535.9,2561
GLH,2026-07-23,255.1,260.8,37034
BPCL,2026-07-23,705.3,670.9,19529
HHL,2026-07-23,342.0,350.5,46686
NICGF2,2026-07-23,9.0,9.28,1200
RSY,2026-07-23,10.03,10.35,1700
GCIL,2026-07-23,365.0,364.0,16393
RBBF40,2026-07-23,9.07,9.19,176251
DORDI,2026-07-23,259.0,263.0,21010
BHPL,2026-07-23,504.9,491.0,2567
MCHL,2026-07-23,290.1,290.0,5549
LLBS,2026-07-23,910.0,937.0,70
DHEL,2026-07-23,581.0,598.0,15918
NBL,2026-07-23,268.9,269.0,28186
MMF1,2026-07-23,9.4,9.5,5203
PPL,2026-07-23,322.1,338.9,23596
HRL,2026-07-23,636.2,641.0,90968
UNLB,2026-07-23,1280.0,1276.0,888
C30MF,2026-07-23,10.0,10.22,200
NMBMF,2026-07-23,612.4,635.0,2174
KAHL,2026-07-23,550.0,583.0,75792
SOHL,2026-07-23,584.0,623.0,284258
SAIL,2026-07-23,1050.0,1145.0,97608
BUNGAL,2026-07-23,669.8,635.0,191406
SAPDBL,2026-07-23,754.8,791.5,27409
NYADI,2026-07-23,367.1,379.0,2387
CSY,2026-07-23,9.05,9.12,3950
HLBSL,2026-07-23,899.9,903.0,1375
SAHAS,2026-07-23,666.0,664.0,65752
MBJC,2026-07-23,270.1,278.1,9932
GLBSL,2026-07-23,1740.0,1793.0,239
CZBIL,2026-07-23,193.0,204.5,17761
SJCL,2026-07-23,276.3,284.0,9553
MMKJL,2026-07-23,456.0,475.0,6192
BHDC,2026-07-23,437.5,444.9,7813
KEF,2026-07-23,10.58,10.5,4200
SMB,2026-07-23,1878.8,1848.0,2058
AKPL,2026-07-23,255.0,266.0,68149
CIZBD90,2026-07-23,1215.0,1240.0,450
SHL,2026-07-23,498.0,499.6,9794
EBL,2026-07-23,753.0,719.0,21235
API,2026-07-23,340.0,342.5,255571
GFCL,2026-07-23,633.0,636.0,7712
RIDI,2026-07-23,380.0,378.1,658719
RAWA,2026-07-23,464.0,442.0,23955
PMHPL,2026-07-23,321.5,328.9,2640
HIMSTAR,2026-07-23,731.0,759.0,10128
MEL,2026-07-23,218.0,220.0,22908
NBBD2085,2026-07-23,1096.9,1100.0,10000
NICD88,2026-07-23,1100.0,1100.0,25
USHEC,2026-07-23,487.5,493.5,2945
SBI,2026-07-23,392.0,409.0,7387
SFMF,2026-07-23,10.5,10.5,11786
UHEWA,2026-07-23,600.0,598.0,23374
JBLB,2026-07-23,1270.0,1289.0,2765
APHL,2026-07-23,837.0,930.0,64326
FOWAD,2026-07-23,970.2,996.0,1235
MLBBL,2026-07-23,1147.1,1159.9,960
GSY,2026-07-23,10.0,9.9,2800
SALICO,2026-07-23,589.2,604.0,1399
AHL,2026-07-23,425.5,432.0,1873
LSLPO,2026-07-23,123.0,123.0,8201
IGI,2026-07-23,448.0,450.0,12648
KDBY,2026-07-23,10.8,11.08,2000
SRBLD83,2026-07-23,1044.9,1044.9,10
SONA,2026-07-23,419.1,422.0,16385
ACLBSL,2026-07-23,930.1,950.0,442
SIPD,2026-07-23,668.1,745.0,51184
TPKHL,2026-07-23,565.0,590.0,62548
OMPL,2026-07-23,960.0,996.1,5972
SIGS3,2026-07-23,10.5,10.6,376585
ALICL,2026-07-23,435.1,441.0,7997
NFS,2026-07-23,578.5,584.0,3795
SHINE,2026-07-23,414.0,417.0,11786
RFPL,2026-07-23,329.0,344.0,12529
SWBBL,2026-07-23,676.0,693.0,65300
SEF,2026-07-23,10.18,10.38,7200
SJLIC,2026-07-23,416.0,424.9,12230
SHEL,2026-07-23,306.0,312.5,58597
SBLD83,2026-07-23,1040.0,1038.0,93
JSLBB,2026-07-23,1010.0,1026.7,47
SOPL,2026-07-23,833.0,905.0,82670
GBBL,2026-07-23,420.0,420.0,26242
NRN,2026-07-23,1480.0,1487.1,108726
SLCF,2026-07-23,9.95,10.24,400
SFEF,2026-07-23,10.0,10.0,900
NHDL,2026-07-23,647.0,646.9,896
NABILD2089,2026-07-23,1088.0,1056.0,125
SRLI,2026-07-23,386.0,384.8,15884
MKCL,2026-07-23,1160.0,1141.0,1005
MSLBP,2026-07-23,735.0,735.0,20000
RLFL,2026-07-23,490.0,479.0,32135
NBF3,2026-07-23,10.0,10.0,11871
MKHC,2026-07-23,294.0,299.0,6383
NTC,2026-07-23,860.0,859.0,3472
SINDU,2026-07-23,692.9,719.0,3025
NHPC,2026-07-23,299.0,284.0,356524
SNLI,2026-07-23,435.0,438.1,6454
SARBTM,2026-07-23,808.0,798.0,5592
SMATA,2026-07-23,740.0,759.7,572
RHGCL,2026-07-23,266.2,270.0,40902
DDBL,2026-07-23,841.0,849.9,2827
PHCL,2026-07-23,304.1,306.0,24811
JBBL,2026-07-23,354.0,359.0,28328
ADBL,2026-07-23,310.0,317.0,19009
SMJC,2026-07-23,438.0,440.0,9714
ULBSL,2026-07-23,2722.0,2831.0,909
SMHL,2026-07-23,481.1,488.0,24159
RHPL,2026-07-23,268.0,267.0,9989
NLG,2026-07-23,588.0,595.0,17184
SBL,2026-07-23,380.4,406.0,113029
MDB,2026-07-23,600.5,593.9,2529
NUBL,2026-07-23,636.0,634.4,2126
UMRH,2026-07-23,547.8,540.0,3102
SPHL,2026-07-23,520.0,553.7,12034
RURU,2026-07-23,625.0,634.0,6452
TRH,2026-07-23,793.0,791.7,827
KBL,2026-07-23,212.0,223.0,368248
HDL,2026-07-23,1189.0,1179.0,19870
UAIL,2026-07-23,448.1,456.1,16603
ILBS,2026-07-23,850.0,891.9,1447
NRM,2026-07-23,332.0,329.2,11195
SBLD2091,2026-07-23,1060.0,1060.0,81
NIMB,2026-07-23,190.0,198.4,69542
SLBBL,2026-07-23,802.1,814.0,2409
SHLB,2026-07-23,1480.0,1498.0,70
JFL,2026-07-23,400.1,400.0,5347
SWASTIK,2026-07-23,2130.0,2098.0,858
SYPNL,2026-07-23,1400.0,1426.9,75287
GVL,2026-07-23,480.2,490.0,5271
USHL,2026-07-23,577.0,550.0,2354
SANIMA,2026-07-23,367.9,366.0,24603
TTL,2026-07-23,726.7,756.0,10131
SGHC,2026-07-23,330.0,325.0,61027
DHPL,2026-07-23,303.79,298.0,2245
SGHL,2026-07-23,521.0,550.0,109172
KHPL,2026-07-23,930.0,992.0,17900
NICFC,2026-07-23,9.02,9.1,900
TPC,2026-07-23,357.0,361.0,12649
PROFL,2026-07-23,446.0,443.5,4575
GBBD85,2026-07-23,1065.0,1065.0,50
NLICL,2026-07-23,580.6,583.0,6968
TVCL,2026-07-23,495.0,486.5,2785
UNL,2026-07-23,47800.0,48000.0,60
CORBL,2026-07-23,1400.0,1440.0,99429
GBIME,2026-07-23,235.0,249.0,105646
LUK,2026-07-23,9.9,10.06,6820
ENL,2026-07-23,820.0,834.0,671
NICSF,2026-07-23,8.9,9.2,824
RNLI,2026-07-23,445.1,458.0,13601
MLBS,2026-07-23,1160.6,1180.0,86
BEDC,2026-07-23,340.0,330.0,23206
NIBLSTF,2026-07-23,8.6,8.85,6740
SLBSL,2026-07-23,1100.0,1092.0,2568
HIDCL,2026-07-23,266.0,263.6,46621
BFC,2026-07-23,526.0,533.0,64041
SWMF,2026-07-23,629.0,638.9,2596
RMF1,2026-07-23,10.15,9.9,245740
BHCL,2026-07-23,491.0,515.0,34661
UPPER,2026-07-23,200.0,200.1,54695
NICD83/84,2026-07-23,1048.0,1048.0,20
PPCL,2026-07-23,355.5,353.0,7149
NMBHF2,2026-07-23,9.84,9.7,3600
PCBL,2026-07-23,227.1,239.0,29928
MKHL,2026-07-23,501.0,512.0,3010
EDBL,2026-07-23,576.0,580.1,2458
GBLBS,2026-07-23,768.8,759.0,1234
SMPDA,2026-07-23,800.0,785.0,415
JOSHI,2026-07-23,268.0,271.5,12059
HATHY,2026-07-23,767.0,757.9,3251
KMCDB,2026-07-23,808.0,806.9,1276
SABBL,2026-07-23,1020.3,1119.0,42190
NRIC,2026-07-23,1000.0,996.0,29266
NLIC,2026-07-23,802.0,763.0,21570
MLBL,2026-07-23,355.7,360.0,13600
SBID83,2026-07-23,1060.0,1060.0,20
UPCL,2026-07-23,359.1,362.0,44974
NIL,2026-07-23,632.0,629.9,1431
MANDU,2026-07-23,804.2,839.0,6108
NIBLGF,2026-07-23,9.23,9.25,2150
MSLB,2026-07-23,1220.0,1215.0,1110
MHCL,2026-07-23,315.5,324.0,3903
DOLTI,2026-07-23,328.1,329.1,28008
NIFRA,2026-07-23,252.0,254.0,84407
CKHL,2026-07-23,622.9,622.0,318
ULHC,2026-07-23,379.8,362.2,10466
LVF2,2026-07-23,9.8,9.81,1100
CBBL,2026-07-23,929.1,932.0,11789
STC,2026-07-23,5200.0,5200.0,1206
SICL,2026-07-23,645.8,634.0,3608
NICLBSL,2026-07-23,560.0,560.0,5822
NIMBPO,2026-07-23,142.6,145.0,4030
MERO,2026-07-23,725.0,703.8,3326
SPDL,2026-07-23,380.0,396.0,76025
UNHPL,2026-07-23,403.0,400.0,12256
FMDBL,2026-07-23,765.2,780.0,4640
SGIC,2026-07-23,470.0,478.8,6542
KBLD89,2026-07-23,1260.0,1260.0,76
SSHL,2026-07-23,211.0,211.7,91952
BANDIPUR,2026-07-23,723.0,760.0,30521
HLI,2026-07-23,330.0,334.8,27177
NABIL,2026-07-23,546.0,550.0,40281
MFIL,2026-07-23,775.0,797.0,11906
PRIN,2026-07-23,685.0,688.0,5611
SKHL,2026-07-23,904.0,929.0,17258
SKHEL,2026-07-23,980.0,1060.0,12382
CIT,2026-07-23,1739.9,1724.8,2666
SPL,2026-07-23,677.0,680.0,4550
RSML,2026-07-23,3510.0,3516.0,80405
MABEL,2026-07-23,621.0,630.9,12447
PRVU,2026-07-23,186.0,195.9,72972
MHL,2026-07-23,483.0,489.8,3249
CLI,2026-07-23,442.2,455.0,10896
PRSF,2026-07-23,12.98,12.98,3890
NIBD84,2026-07-23,1034.0,1036.0,75
LBBL,2026-07-23,491.2,502.0,53082
MKJC,2026-07-23,488.2,480.0,16210
NABBC,2026-07-23,798.0,793.0,5634
NMFBS,2026-07-23,1125.0,1130.0,7064
GMFIL,2026-07-23,498.0,478.7,8225
NESDO,2026-07-23,1544.2,1516.0,431
RADHI,2026-07-23,720.0,754.0,65510
NICA,2026-07-23,324.0,341.0,32463
SCB,2026-07-23,625.2,655.2,1974
NSY,2026-07-23,9.21,9.5,13500
SIFC,2026-07-23,520.0,533.0,7222
PSF,2026-07-23,11.72,12.0,14800
MHNL,2026-07-23,242.5,245.0,12010
ILI,2026-07-23,420.1,425.0,8383
MPFL,2026-07-23,610.0,625.0,22732
NMLBBL,2026-07-23,531.0,545.0,4896
BBC,2026-07-23,4379.0,4390.0,397
SADBL,2026-07-23,425.0,427.0,21539
MBLD2085,2026-07-23,1196.1,1225.0,75
NIFRAGED,2026-07-23,1030.0,1030.0,25
SANVI,2026-07-23,595.0,634.0,16633
SBCF,2026-07-23,9.66,10.18,6400
RBCL,2026-07-23,14900.0,14895.0,60
PBD85,2026-07-22,1110.0,1110.0,50
CHL,2026-07-22,273.0,268.0,12159
RMF2,2026-07-22,10.25,10.12,1100
HLBSL,2026-07-22,890.0,900.0,259
CGH,2026-07-22,794.8,785.0,6372
SMHL,2026-07-22,491.0,484.5,19125
TPKHL,2026-07-22,561.0,565.0,44494
NBF2,2026-07-22,9.81,10.09,2880
SNORL,2026-07-22,860.0,875.0,24582
MATRI,2026-07-22,890.2,874.0,2579
NSY,2026-07-22,9.2,9.38,2700
BNHC,2026-07-22,290.4,296.9,26437
CHDC,2026-07-22,2160.0,2219.0,10269
MSLB,2026-07-22,1225.0,1221.0,157
SPL,2026-07-22,660.3,677.9,3050
USLB,2026-07-22,1200.0,1210.0,179
DDBL,2026-07-22,850.0,842.1,4449
PURE,2026-07-22,842.0,885.0,24572
UMRH,2026-07-22,536.0,540.5,5162
NRM,2026-07-22,323.1,325.0,8796
MBLEF,2026-07-22,10.0,10.2,900
TPC,2026-07-22,358.2,363.0,11270
NIBLSTF,2026-07-22,8.7,8.6,11900
KSY,2026-07-22,10.0,9.76,10300
USHEC,2026-07-22,500.0,495.2,5757
SGHC,2026-07-22,316.0,333.0,69010
MLBSL,2026-07-22,1740.0,1711.0,210
NMLBBL,2026-07-22,537.0,545.0,5611
SKHL,2026-07-22,881.2,905.0,11903
GBLBS,2026-07-22,746.1,762.0,1366
HEI,2026-07-22,535.0,532.0,8219
RSDC,2026-07-22,672.0,677.0,6228
CZBIL,2026-07-22,200.5,203.0,29829
HFIN,2026-07-22,685.0,706.9,33081
NICLBSL,2026-07-22,559.0,564.9,3933
MSHL,2026-07-22,650.0,635.0,735
RSML,2026-07-22,3450.0,3681.0,75158
MKCL,2026-07-22,1160.0,1160.0,2479
UPPER,2026-07-22,190.5,199.0,110414
SARBTM,2026-07-22,814.0,790.0,25694
EHPL,2026-07-22,370.0,356.8,15190
NBBD2085,2026-07-22,1115.0,1065.0,5
ULHC,2026-07-22,382.0,372.0,13376
SABBL,2026-07-22,963.3,1074.0,38533
SPDL,2026-07-22,398.0,399.9,130096
TAMOR,2026-07-22,447.0,452.0,22745
RNLI,2026-07-22,450.1,456.7,15294
KEF,2026-07-22,10.26,10.63,33350
NESDO,2026-07-22,1502.0,1503.1,314
MHCL,2026-07-22,334.9,321.0,1792
TRH,2026-07-22,799.0,793.0,2520
BARUN,2026-07-22,330.0,335.0,29119
KMCDB,2026-07-22,792.0,803.0,3285
TTL,2026-07-22,747.0,735.0,10097
SJCL,2026-07-22,285.0,283.0,7046
API,2026-07-22,340.0,343.5,229342
CFCL,2026-07-22,602.0,641.3,113396
OHL,2026-07-22,685.3,685.0,760
SIGS3,2026-07-22,10.56,10.5,27008
ICFC,2026-07-22,620.0,618.0,5520
HATHY,2026-07-22,770.0,755.0,9728
SIGS2,2026-07-22,10.04,10.04,100
BHPL,2026-07-22,490.0,495.9,7959
PSF,2026-07-22,12.3,12.0,18715
NWCL,2026-07-22,731.0,733.9,1771
SLBBLP,2026-07-22,443.0,443.0,14000
BEDC,2026-07-22,330.0,330.1,17694
NIFRAGED,2026-07-22,1030.0,1030.0,487
MDB,2026-07-22,590.0,587.0,2717
BHDC,2026-07-22,437.4,445.0,5850
RBCL,2026-07-22,14590.0,14474.0,40
NLICL,2026-07-22,594.0,589.0,2245
MNMF1,2026-07-22,9.8,9.85,50221
DOLTI,2026-07-22,338.9,334.9,26029
EBLD85,2026-07-22,1150.0,1150.0,25
BOKD86KA,2026-07-22,1169.0,1134.0,136
MERO,2026-07-22,739.0,708.0,7631
BHL,2026-07-22,220.0,215.5,77294
NRN,2026-07-22,1459.7,1519.9,185785
SMFBS,2026-07-22,1621.0,1575.0,845
NIMBPO,2026-07-22,148.7,147.0,27505
UNHPL,2026-07-22,395.1,400.0,14951
SSHL,2026-07-22,210.2,211.0,117892
ICFCD88,2026-07-22,1123.0,1121.0,75
BJHL,2026-07-22,794.0,756.1,8067
GLBSL,2026-07-22,1799.9,1813.0,499
KDL,2026-07-22,822.0,812.0,2798
SMB,2026-07-22,1895.0,1844.1,1353
NCCD86,2026-07-22,1299.0,1206.0,231
CORBL,2026-07-22,1390.0,1439.0,80525
AKPL,2026-07-22,263.0,267.0,135933
CITY,2026-07-22,375.6,390.0,399404
DHEL,2026-07-22,590.0,595.0,18488
UNLB,2026-07-22,1305.0,1287.9,280
SIKLES,2026-07-22,573.0,564.0,15618
NABIL,2026-07-22,550.0,546.8,48017
PPL,2026-07-22,324.5,339.0,12678
HIDCL,2026-07-22,262.6,266.0,64784
KBSH,2026-07-22,1171.0,1230.0,782
AVYAN,2026-07-22,1076.3,1074.0,4771
SWBBL,2026-07-22,694.0,690.0,17605
YMHL,2026-07-22,602.7,633.3,33068
BHCL,2026-07-22,510.0,499.0,39493
MANDU,2026-07-22,801.1,824.0,2016
SMJC,2026-07-22,439.1,449.8,21736
NMBMF,2026-07-22,615.1,621.0,3344
ADBL,2026-07-22,314.0,318.9,79891
MLBL,2026-07-22,364.9,358.9,10084
NYADI,2026-07-22,375.0,372.0,8179
UNL,2026-07-22,47800.0,47800.0,10
ACLBSL,2026-07-22,960.9,952.0,541
BPCL,2026-07-22,640.0,671.8,24712
SAGAR,2026-07-22,1720.0,1795.0,23162
SKHEL,2026-07-22,970.3,1008.0,2903
GRDBL,2026-07-22,1030.0,1078.0,16288
HDHPC,2026-07-22,218.0,221.0,181769
NICGF2,2026-07-22,9.02,9.11,1000
RBBD83,2026-07-22,1010.9,1010.9,25
MHL,2026-07-22,480.3,485.0,5344
MPFL,2026-07-22,600.0,621.8,13077
SNLI,2026-07-22,433.1,440.0,3703
PRSF,2026-07-22,12.95,12.68,600
SPHL,2026-07-22,535.0,546.0,5232
NUBL,2026-07-22,628.0,629.0,7278
GLH,2026-07-22,260.0,258.9,29543
NIMB,2026-07-22,196.0,197.0,61972
SOPL,2026-07-22,845.0,842.1,41452
RAWA,2026-07-22,448.9,442.0,51392
SHPC,2026-07-22,517.1,512.6,14476
SIFC,2026-07-22,522.0,527.0,18006
SRBLD83,2026-07-22,1098.9,1059.9,2
NICA,2026-07-22,342.0,340.9,45184
APHL,2026-07-22,827.1,837.5,19020
NBF3,2026-07-22,10.0,10.01,23750
BANDIPUR,2026-07-22,740.0,739.1,20471
NICD88,2026-07-22,1115.0,1115.0,25
C30MF,2026-07-22,10.0,10.09,13380
GHL,2026-07-22,232.1,231.0,46936
NIBSF2,2026-07-22,8.81,8.82,21918
JFL,2026-07-22,403.0,405.5,7555
SMATA,2026-07-22,748.2,751.1,446
PRIN,2026-07-22,685.1,685.0,4288
AKJCL,2026-07-22,385.0,388.0,599402
JSLBB,2026-07-22,1000.0,1027.0,1618
BNL,2026-07-22,15200.0,15200.0,30
RBBD2088,2026-07-22,1050.0,1050.0,765
RLFL,2026-07-22,470.0,473.0,57262
EBLD91,2026-07-22,1090.0,1090.0,125
PROFL,2026-07-22,448.7,444.0,6781
SOHL,2026-07-22,600.0,584.0,64375
ICFCD89,2026-07-22,1090.0,1091.0,491
HIMSTAR,2026-07-22,755.0,751.0,8786
MKJC,2026-07-22,473.0,465.0,1770
NIL,2026-07-22,639.9,631.1,13854
JHAPA,2026-07-22,1126.0,1111.0,11465
MABEL,2026-07-22,643.7,625.0,4641
MKHL,2026-07-22,510.1,514.5,17642
GUFL,2026-07-22,560.0,565.0,11325
SBLD89,2026-07-22,1250.0,1251.0,750
MBL,2026-07-22,254.3,254.0,71269
SALICO,2026-07-22,610.0,599.0,14126
NLG,2026-07-22,600.0,594.0,18309
MEN,2026-07-22,600.0,595.0,161649
SLCF,2026-07-22,10.0,10.1,1700
NHPC,2026-07-22,297.0,285.4,559326
ULBSL,2026-07-22,2753.8,2775.0,984
PBLD87,2026-07-22,1087.0,1087.0,25
CSY,2026-07-22,9.1,9.32,12484
HURJA,2026-07-22,245.1,240.0,62330
SONA,2026-07-22,417.0,419.1,14123
ILI,2026-07-22,404.0,424.0,3020
HLI,2026-07-22,334.0,335.0,43991
HBL,2026-07-22,199.2,200.9,29548
FOWAD,2026-07-22,1000.0,997.0,5433
NLIC,2026-07-22,772.0,764.0,13922
SHIVM,2026-07-22,657.1,656.0,112792
LEC,2026-07-22,224.8,220.0,70637
SHLB,2026-07-22,1495.0,1524.0,295
MKHC,2026-07-22,291.9,300.0,6464
SANIMA,2026-07-22,365.0,367.3,59752
PMLI,2026-07-22,441.1,445.0,4821
MMF1,2026-07-22,9.18,9.69,16100
GILB,2026-07-22,1115.0,1120.8,3591
SJLIC,2026-07-22,418.0,421.9,10327
GMLI,2026-07-22,1215.0,1200.0,5648
HRL,2026-07-22,677.2,636.2,151511
NFS,2026-07-22,582.0,582.6,10990
DORDI,2026-07-22,260.3,262.0,14235
AHL,2026-07-22,445.0,430.8,1222
LBBLD89,2026-07-22,1329.9,1290.1,372
NADEP,2026-07-22,735.0,747.0,3070
USHL,2026-07-22,514.0,550.0,2309
CBBL,2026-07-22,936.0,933.5,19042
CREST,2026-07-22,1220.0,1222.0,10216
SBI,2026-07-22,412.0,412.0,50503
MAKAR,2026-07-22,460.0,456.0,47797
SGIC,2026-07-22,471.3,472.0,4866
NSIF2,2026-07-22,10.97,10.65,18533
JBBD87,2026-07-22,1111.2,1111.2,25
SKBBL,2026-07-22,769.0,767.5,2377
GCIL,2026-07-22,360.0,365.0,22329
RBBF40,2026-07-22,9.21,9.34,49105
LICN,2026-07-22,805.0,804.4,6504
RIDI,2026-07-22,390.0,386.0,1107447
MLBLD89,2026-07-22,1280.4,1280.4,25
NRIC,2026-07-22,1000.0,1007.1,34488
IGI,2026-07-22,444.4,450.0,16061
ENL,2026-07-22,863.0,825.0,1366
KSBBL,2026-07-22,494.0,486.0,10178
NICL,2026-07-22,525.0,519.0,11570
VLUCL,2026-07-22,469.0,460.0,2349
RMF1,2026-07-22,9.85,9.67,335310
NMB50,2026-07-22,10.7,10.43,10200
HHL,2026-07-22,340.0,352.0,56199
NGPL,2026-07-22,404.0,423.4,167493
UHEWA,2026-07-22,582.0,598.8,13045
SAHAS,2026-07-22,665.0,662.0,73205
KKHC,2026-07-22,267.9,268.5,51773
GBBL,2026-07-22,420.0,421.5,32780
BGWT,2026-07-22,601.0,613.0,3182
KDBY,2026-07-22,10.8,11.08,5300
NICFC,2026-07-22,9.0,9.27,1600
HPPL,2026-07-22,360.0,370.0,91191
GBIME,2026-07-22,245.0,247.2,136705
LSL,2026-07-22,220.0,225.0,138502
JBLB,2026-07-22,1255.1,1275.3,2109
GIBF1,2026-07-22,10.31,10.55,22650
RADHI,2026-07-22,745.0,745.1,114815
MBJC,2026-07-22,270.0,275.0,8848
KPCL,2026-07-22,480.0,476.8,5024
SHL,2026-07-22,505.0,502.0,18022
SINDU,2026-07-22,683.1,729.3,18145
UMHL,2026-07-22,580.0,596.4,101286
GMFBS,2026-07-22,1313.0,1251.7,1212
JOSHI,2026-07-22,270.0,267.8,4831
LLBS,2026-07-22,915.0,920.0,78
KBL,2026-07-22,218.5,219.0,208940
MLBS,2026-07-22,1224.0,1190.0,120
HIDCLP,2026-07-22,198.0,195.0,89847
NMFBS,2026-07-22,1130.0,1130.0,2452
FMDBL,2026-07-22,780.6,773.0,8719
TVCL,2026-07-22,475.3,495.0,17705
NIBD84,2026-07-22,1069.0,1040.0,80
BFC,2026-07-22,530.0,535.1,289485
SWMF,2026-07-22,643.0,639.0,4912
NMBHF2,2026-07-22,9.52,9.6,2250
SRLI,2026-07-22,385.3,386.7,5898
SBCF,2026-07-22,9.9,9.65,6850
UAIL,2026-07-22,460.0,456.0,9253
GMFIL,2026-07-22,472.9,475.0,39826
NICAD2091,2026-07-22,1025.7,1045.0,430
RHPL,2026-07-22,271.0,265.1,11656
SPC,2026-07-22,425.4,434.7,2086
BUNGAL,2026-07-22,607.0,705.0,65595
HDL,2026-07-22,1181.0,1178.0,30326
EDBL,2026-07-22,586.0,583.0,5908
RFPL,2026-07-22,342.0,345.0,28089
SFEF,2026-07-22,10.0,10.0,1860
CHCL,2026-07-22,493.0,495.2,44279
TSHL,2026-07-22,390.0,392.9,7781
NBLD85,2026-07-22,1050.1,1050.1,25
SEF,2026-07-22,9.95,10.18,20177
EBLD86,2026-07-22,1095.0,1095.0,25
SIPD,2026-07-22,670.0,686.9,29651
UPCL,2026-07-22,360.0,365.0,58012
SADBL,2026-07-22,423.1,425.0,60018
MHNL,2026-07-22,237.3,242.9,16493
PCIL,2026-07-22,650.0,665.0,42196
NMB,2026-07-22,243.0,243.9,31540
MFIL,2026-07-22,772.0,800.0,41644
SLBBL,2026-07-22,820.0,811.3,3364
SYPNL,2026-07-22,1334.8,1408.9,69705
NMIC,2026-07-22,934.0,977.0,2126
DLBS,2026-07-22,1200.0,1249.0,5635
RLEL,2026-07-22,888.1,893.9,14317
NABBC,2026-07-22,750.5,792.0,10657
KAHL,2026-07-22,547.0,560.0,52360
SANVI,2026-07-22,601.0,607.0,15700
MCHL,2026-07-22,293.0,293.0,7589
LBBL,2026-07-22,494.2,495.5,37047
CYCL,2026-07-22,1356.0,1375.0,400
SBL,2026-07-22,400.2,400.4,77485
SAIL,2026-07-22,1000.0,1083.8,88041
NMBD89/90,2026-07-22,1415.0,1370.0,71
KBLD90,2026-07-22,1470.0,1425.9,5
AHPC,2026-07-22,278.0,275.0,53003
PCBL,2026-07-22,243.0,239.0,19541
GFCL,2026-07-22,615.1,633.0,32871
WNLB,2026-07-22,1369.0,1368.0,154
MEL,2026-07-22,235.0,224.6,24096
CIT,2026-07-22,1730.5,1724.0,4080
NICSF,2026-07-22,9.01,9.0,7300
RSY,2026-07-22,10.02,10.29,64700
SAPDBL,2026-07-22,750.5,794.5,15003
HLICF,2026-07-22,8.48,8.95,1300
RHGCL,2026-07-22,266.0,272.2,12577
CLI,2026-07-22,429.0,450.0,5568
OMPL,2026-07-22,960.0,978.0,2656
STC,2026-07-22,5250.0,5200.0,1220
NHDL,2026-07-22,626.0,646.0,38264
MMKJL,2026-07-22,442.0,463.4,2554
ALICL,2026-07-22,440.0,438.0,13723
LUK,2026-07-22,9.76,9.76,100
BBC,2026-07-22,4300.0,4268.0,545
MEHL,2026-07-22,310.1,315.0,4823
SAGF,2026-07-22,10.49,10.12,3790
PRVU,2026-07-22,194.0,195.0,111920
NTC,2026-07-22,875.0,857.1,12970
PPCL,2026-07-22,348.6,349.0,28952
JBBL,2026-07-22,355.0,349.0,36222
SMPDA,2026-07-22,800.0,792.0,716
MLBBL,2026-07-22,1176.5,1147.1,589
VLBS,2026-07-22,672.0,684.3,3007
ILBS,2026-07-22,840.0,890.0,1399
MNBBL,2026-07-22,376.5,372.0,28844
ALBSL,2026-07-22,1060.0,1101.0,2604
EBL,2026-07-22,720.0,718.0,12550
GVL,2026-07-22,486.0,490.0,12399
IHL,2026-07-22,360.0,366.0,2901
SLBSL,2026-07-22,1110.0,1109.0,1975
CKHL,2026-07-22,607.1,604.9,15236
LBLD88,2026-07-22,1118.5,1118.5,60
GSY,2026-07-22,10.0,9.9,75400
GBIMESY2,2026-07-22,9.3,9.4,3350
SHEL,2026-07-22,311.0,308.9,90562
BNT,2026-07-22,11573.0,11571.0,30
NIFRA,2026-07-22,259.9,255.0,46525
SPIL,2026-07-22,715.0,715.0,12469
SCB,2026-07-22,661.0,658.1,3467
NICBF,2026-07-22,9.1,9.1,400
SGHL,2026-07-22,539.0,528.0,89670
SMH,2026-07-22,518.0,514.0,12605
H8020,2026-07-22,11.97,12.3,469
NBL,2026-07-22,269.0,268.9,29103
LVF2,2026-07-22,9.81,9.75,16000
KHPL,2026-07-22,942.4,960.0,5111
PHCL,2026-07-22,305.0,305.9,29640
DHPL,2026-07-22,299.0,296.5,8229
SHINE,2026-07-22,415.9,414.0,22529
RURU,2026-07-22,621.2,626.4,4499
SICL,2026-07-22,635.0,635.0,8698
PMHPL,2026-07-22,330.0,328.0,3522
ECL,2026-07-22,441.0,492.4,100
SWASTIK,2026-07-22,2120.0,2105.0,956
ANLB,2026-07-22,5650.0,5841.0,1491
NIBLGF,2026-07-22,9.49,9.5,6100
HURJA,2026-07-21,253.0,245.1,64980
MHL,2026-07-21,490.0,490.0,9016
KMCDB,2026-07-21,802.0,815.0,609
TAMOR,2026-07-21,456.0,454.0,50356
SKBBL,2026-07-21,803.2,769.0,7696
APHL,2026-07-21,832.0,840.2,46207
VLUCL,2026-07-21,445.0,469.0,9872
SWMF,2026-07-21,647.0,644.9,5096
CIZBD90,2026-07-21,1177.0,1215.0,75
SAPDBL,2026-07-21,800.0,790.0,18231
CHL,2026-07-21,277.0,273.5,23160
SPHL,2026-07-21,550.0,545.0,9824
CGH,2026-07-21,786.0,783.2,6576
MMKJL,2026-07-21,456.0,465.0,4295
ULHC,2026-07-21,365.2,371.0,18169
NLIC,2026-07-21,806.0,773.9,26947
GMFIL,2026-07-21,470.0,469.9,26242
SMATA,2026-07-21,775.0,760.5,2083
HDHPC,2026-07-21,222.0,220.5,351246
TPKHL,2026-07-21,536.1,563.0,72970
AHPC,2026-07-21,280.0,278.0,112300
NBF3,2026-07-21,9.95,10.0,23354
SLBSL,2026-07-21,1150.0,1120.0,4265
ILI,2026-07-21,427.7,424.3,13660
TPC,2026-07-21,372.5,366.8,10638
STC,2026-07-21,5378.0,5250.0,481
EDBL,2026-07-21,588.0,578.0,8979
CBBL,2026-07-21,936.0,935.0,27633
SKHEL,2026-07-21,1028.0,999.8,5627
KBLD90,2026-07-21,1470.0,1470.0,57
FOWAD,2026-07-21,1029.9,1005.0,1406
NICL,2026-07-21,538.4,525.9,13979
AKPL,2026-07-21,280.8,265.0,67613
BGWT,2026-07-21,607.0,614.9,7510
JFL,2026-07-21,402.0,403.9,6318
RBCLPO,2026-07-21,12150.0,11999.0,30
CREST,2026-07-21,1205.0,1239.7,13937
BARUN,2026-07-21,335.1,339.0,33137
HLI,2026-07-21,331.5,334.0,41122
SPL,2026-07-21,695.0,679.0,2290
NLG,2026-07-21,600.0,598.0,21712
SGIC,2026-07-21,480.0,480.0,17911
MBLD87,2026-07-21,1161.0,1161.0,5
NMLBBL,2026-07-21,562.5,552.0,5746
RBBF40,2026-07-21,9.1,9.18,6700
HLICF,2026-07-21,8.74,8.73,1525
MHCL,2026-07-21,335.0,328.0,9465
MLBSL,2026-07-21,1780.0,1767.0,352
NHDL,2026-07-21,647.0,644.1,4863
NABIL,2026-07-21,552.0,549.0,102884
YMHL,2026-07-21,623.0,630.0,46790
BHL,2026-07-21,222.0,217.5,118595
SHPC,2026-07-21,522.0,517.0,26580
LEC,2026-07-21,228.5,222.3,117551
MCHL,2026-07-21,302.1,301.3,7178
BHCL,2026-07-21,500.0,505.0,53742
HIMSTAR,2026-07-21,770.0,774.9,15018
RNLI,2026-07-21,460.5,458.9,34536
NMBHF2,2026-07-21,9.58,9.7,26800
SWBBL,2026-07-21,690.0,688.0,23136
ICFCD88,2026-07-21,1123.0,1123.0,25
NYADI,2026-07-21,383.0,377.0,6280
FMDBL,2026-07-21,760.0,780.5,15195
UAIL,2026-07-21,470.2,468.7,12044
DHPL,2026-07-21,330.0,307.8,19679
MMF1,2026-07-21,10.0,9.46,80084
SIPD,2026-07-21,675.0,685.0,37278
NMB50,2026-07-21,10.56,10.66,25612
HEI,2026-07-21,541.0,539.9,6688
MEL,2026-07-21,226.0,225.0,22998
JBBD87,2026-07-21,1140.0,1105.8,49010
JSLBB,2026-07-21,1001.5,1010.0,785
MAKAR,2026-07-21,446.7,460.0,43388
MKJC,2026-07-21,470.0,464.0,10602
RHPL,2026-07-21,265.0,271.8,24913
IGI,2026-07-21,444.1,452.7,13205
BEDC,2026-07-21,334.0,334.5,39992
RBCL,2026-07-21,14898.0,14898.0,10
NMFBS,2026-07-21,1140.0,1130.0,1814
RADHI,2026-07-21,764.9,762.5,121806
SFMF,2026-07-21,10.3,10.3,91560
MLBS,2026-07-21,1175.0,1166.0,652
SEF,2026-07-21,10.2,10.1,11000
NGPL,2026-07-21,435.0,425.0,174734
UMHL,2026-07-21,570.0,600.0,35927
ADBL,2026-07-21,314.9,314.0,39052
USHEC,2026-07-21,502.0,506.0,13653
KPCL,2026-07-21,490.0,480.2,13052
TSHL,2026-07-21,412.0,398.0,13800
SOPL,2026-07-21,848.0,845.0,70713
DHEL,2026-07-21,580.0,600.0,29310
KBL,2026-07-21,223.9,220.9,294583
UPCL,2026-07-21,365.0,365.9,92193
KSBBL,2026-07-21,488.0,490.0,69100
RBBD2088,2026-07-21,1032.0,1032.1,826
HDL,2026-07-21,1180.0,1188.5,48777
NWCL,2026-07-21,759.9,742.0,3496
BNL,2026-07-21,14500.0,15200.0,60
KAHL,2026-07-21,510.0,546.1,78927
ECL,2026-07-21,376.1,428.2,160
SCB,2026-07-21,665.0,663.9,8964
HFIN,2026-07-21,722.0,721.0,47746
NICGF2,2026-07-21,9.1,9.1,900
HPPL,2026-07-21,382.0,371.5,116926
SOHL,2026-07-21,570.0,592.0,135872
SMB,2026-07-21,1900.0,1890.0,559
SARBTM,2026-07-21,813.0,814.0,8330
MERO,2026-07-21,730.0,703.9,8476
SKHL,2026-07-21,892.4,899.0,22590
HATHY,2026-07-21,785.0,770.0,30191
WNLB,2026-07-21,1380.0,1378.1,965
BBC,2026-07-21,4299.7,4390.0,1912
CHCL,2026-07-21,496.0,495.9,70099
NRIC,2026-07-21,1030.0,1018.0,82944
SWASTIK,2026-07-21,2145.0,2142.0,882
API,2026-07-21,346.0,344.0,409983
DDBL,2026-07-21,811.8,850.0,5247
TTL,2026-07-21,758.0,754.0,20306
PROFL,2026-07-21,441.0,440.0,7800
MNMF1,2026-07-21,9.8,9.85,117930
RMF2,2026-07-21,9.77,10.3,8210
PHCL,2026-07-21,310.0,307.0,91387
NMB,2026-07-21,246.0,244.9,45808
SANVI,2026-07-21,640.0,618.1,22751
NUBL,2026-07-21,635.0,632.0,2532
MLBBL,2026-07-21,1124.3,1176.5,1594
NICSF,2026-07-21,9.01,9.0,5550
PMLI,2026-07-21,454.4,450.0,8197
MHNL,2026-07-21,247.0,244.5,33353
NIMB,2026-07-21,201.0,198.5,169137
MANDU,2026-07-21,801.1,805.1,3008
SICL,2026-07-21,639.9,638.0,4345
CHDC,2026-07-21,2250.0,2209.0,39734
NICFC,2026-07-21,9.5,9.03,68780
DLBS,2026-07-21,1200.0,1216.0,219
NIL,2026-07-21,645.0,635.0,6177
SMPDA,2026-07-21,775.0,800.0,1767
SIFC,2026-07-21,532.0,527.9,10811
NBF2,2026-07-21,10.1,9.81,7200
SGHL,2026-07-21,505.0,536.0,129965
BUNGAL,2026-07-21,638.0,638.0,74590
MABEL,2026-07-21,611.0,635.9,14570
MATRI,2026-07-21,889.9,865.0,1130
BNHC,2026-07-21,299.0,294.0,61070
EBLD86,2026-07-21,1085.0,1100.0,105
MSLB,2026-07-21,1221.0,1248.0,1124
H8020,2026-07-21,11.56,11.97,2300
GIBF1,2026-07-21,10.41,10.52,7070
SAGAR,2026-07-21,1726.9,1768.1,20809
PRIN,2026-07-21,709.8,692.0,6285
SLBBL,2026-07-21,810.0,820.1,2773
SMH,2026-07-21,519.0,521.9,75905
GBLBS,2026-07-21,793.8,759.0,3843
SBI,2026-07-21,407.0,410.0,63183
UNHPL,2026-07-21,400.0,404.8,49748
AVYAN,2026-07-21,1075.6,1096.0,6512
NBLD85,2026-07-21,1067.0,1080.0,29980
MSHL,2026-07-21,655.0,636.4,327
GBBL,2026-07-21,421.0,423.9,78160
C30MF,2026-07-21,10.0,10.01,11100
GILB,2026-07-21,1111.1,1115.0,1536
NIMBPO,2026-07-21,145.5,146.0,794
NICLBSL,2026-07-21,577.0,564.7,5863
LLBS,2026-07-21,955.0,938.0,695
LVF2,2026-07-21,9.85,9.88,7720
CLI,2026-07-21,464.6,451.5,13496
SALICO,2026-07-21,610.0,610.4,9246
SPDL,2026-07-21,412.9,402.0,140886
BPCL,2026-07-21,663.0,673.0,41027
SIGS2,2026-07-21,10.35,10.35,1000
EBL,2026-07-21,718.1,720.5,34312
SFEF,2026-07-21,10.0,10.1,1400
MND84/85,2026-07-21,1070.0,1070.0,155
SBCF,2026-07-21,10.0,10.0,400
ALBSL,2026-07-21,1045.0,1099.1,6135
BFC,2026-07-21,513.0,530.0,106044
UNL,2026-07-21,47040.0,47040.0,10
SAHAS,2026-07-21,670.0,665.0,138790
MBLEF,2026-07-21,10.0,10.0,800
NRN,2026-07-21,1425.0,1495.0,147423
NMBD89/90,2026-07-21,1460.0,1415.0,11
BANDIPUR,2026-07-21,746.0,745.0,44061
KEF,2026-07-21,10.3,10.4,14590
GBIME,2026-07-21,248.5,246.9,119856
MKHC,2026-07-21,300.1,300.9,10735
SJLIC,2026-07-21,426.0,424.9,12357
GRDBL,2026-07-21,1055.5,1077.0,6926
MEHL,2026-07-21,330.0,315.0,6814
ENL,2026-07-21,830.1,851.9,329
SBL,2026-07-21,405.0,399.0,116064
RSML,2026-07-21,3460.0,3545.0,77289
PBD88,2026-07-21,1250.0,1250.0,20
PPCL,2026-07-21,378.0,359.0,11606
EHPL,2026-07-21,370.0,361.6,17531
NMIC,2026-07-21,979.9,959.0,6113
SIGS3,2026-07-21,10.37,10.5,102400
RHGCL,2026-07-21,277.0,280.0,24789
RFPL,2026-07-21,369.6,350.0,24743
TRH,2026-07-21,788.1,788.0,3391
NIFRA,2026-07-21,257.0,256.9,90157
NFS,2026-07-21,588.0,580.0,11307
SSHL,2026-07-21,223.6,214.0,178577
AKJCL,2026-07-21,360.0,385.0,822835
PURE,2026-07-21,872.0,841.0,8595
CZBIL,2026-07-21,195.0,203.5,52657
SPIL,2026-07-21,725.0,715.0,2068
PRSF,2026-07-21,12.75,12.89,147584
SBLD89,2026-07-21,1215.0,1235.0,425
NICAD2091,2026-07-21,1057.3,1057.3,20
UNLB,2026-07-21,1304.0,1292.0,1323
PSF,2026-07-21,11.94,12.0,116749
MNBBL,2026-07-21,376.8,376.0,41586
ILBS,2026-07-21,935.0,883.0,1208
NIBLGF,2026-07-21,10.24,9.78,9000
JHAPA,2026-07-21,1083.0,1148.0,11053
GBBD85,2026-07-21,1067.0,1067.0,25
DOLTI,2026-07-21,334.0,339.0,44808
BJHL,2026-07-21,808.0,771.0,13838
RIDI,2026-07-21,350.0,378.9,1497165
MDB,2026-07-21,594.0,594.2,8366
NRM,2026-07-21,322.0,330.0,25233
KKHC,2026-07-21,271.9,268.0,70435
DORDI,2026-07-21,270.0,266.7,32342
RAWA,2026-07-21,453.5,447.0,43852
ANLB,2026-07-21,5640.0,5845.0,2620
NTC,2026-07-21,875.0,864.9,6076
RMF1,2026-07-21,10.0,9.9,62025
LBBL,2026-07-21,510.0,498.0,56618
JBLB,2026-07-21,1281.0,1289.0,4138
TVCL,2026-07-21,481.1,489.9,8013
RLEL,2026-07-21,940.0,905.0,19232
AHL,2026-07-21,436.0,435.0,7840
GSY,2026-07-21,10.0,10.0,23120
VLBS,2026-07-21,703.0,692.0,2949
SONA,2026-07-21,424.0,425.0,22728
NMBMF,2026-07-21,620.0,629.0,1560
NESDO,2026-07-21,1548.0,1519.0,897
RSY,2026-07-21,9.95,10.1,50908
NLICL,2026-07-21,590.0,594.0,11954
RSDC,2026-07-21,679.0,668.0,16999
PCBL,2026-07-21,243.0,242.7,47015
NICA,2026-07-21,325.0,342.0,56528
SHEL,2026-07-21,316.0,311.0,92747
SMHL,2026-07-21,498.5,491.0,34365
NABBC,2026-07-21,811.0,790.0,16399
GLBSL,2026-07-21,1900.0,1766.1,236
SNLI,2026-07-21,442.5,445.0,16324
ACLBSL,2026-07-21,920.0,966.8,786
CITY,2026-07-21,389.0,377.0,207128
SANIMA,2026-07-21,363.0,368.0,112394
LICN,2026-07-21,806.0,796.5,13352
SPC,2026-07-21,417.9,436.3,5319
OMPL,2026-07-21,989.0,989.0,6207
CIT,2026-07-21,1715.0,1730.1,5887
MBJC,2026-07-21,275.1,277.5,18521
SHL,2026-07-21,503.9,505.0,31042
GMFBS,2026-07-21,1206.1,1251.0,1000
ICFCD89,2026-07-21,1100.0,1090.0,634
NHPC,2026-07-21,285.0,282.9,659711
CKHL,2026-07-21,635.0,620.1,3014
NICD88,2026-07-21,1085.0,1095.0,110
SABBL,2026-07-21,996.0,1014.0,46712
ICFC,2026-07-21,619.1,622.0,7446
SHIVM,2026-07-21,666.0,663.1,152420
RLFL,2026-07-21,470.0,465.2,50923
SJCL,2026-07-21,280.0,285.0,12773
USLB,2026-07-21,1205.1,1205.0,2368
BHDC,2026-07-21,447.6,447.1,17153
GHL,2026-07-21,237.0,232.0,57541
MBL,2026-07-21,250.0,255.5,83782
NSIF2,2026-07-21,10.7,10.88,23350
PMHPL,2026-07-21,325.1,330.0,18414
NADEP,2026-07-21,743.0,740.0,289
NABILD2089,2026-07-21,1107.8,1057.0,38810
IHL,2026-07-21,362.2,370.0,10216
NIBSF2,2026-07-21,8.73,9.0,23000
HEIP,2026-07-21,330.0,340.0,3747
OHL,2026-07-21,703.4,698.8,4353
PPL,2026-07-21,324.0,341.5,49192
HIDCL,2026-07-21,280.3,268.8,75633
SAIL,2026-07-21,1069.0,1038.9,59912
SNORL,2026-07-21,850.0,880.0,45822
CFCL,2026-07-21,605.0,633.0,110669
SYPNL,2026-07-21,1327.7,1405.0,96349
SMJC,2026-07-21,429.4,450.0,11674
SGHC,2026-07-21,339.0,332.0,67420
LSL,2026-07-21,223.0,223.6,333917
UPPER,2026-07-21,202.5,200.5,101133
GMLI,2026-07-21,1286.9,1248.9,450
NBL,2026-07-21,272.0,269.0,27376
HHL,2026-07-21,350.0,350.0,39913
HLBSL,2026-07-21,899.6,905.9,2614
RURU,2026-07-21,625.0,633.0,7037
GCIL,2026-07-21,373.0,368.9,25472
USHL,2026-07-21,567.0,540.8,8194
MKHL,2026-07-21,512.0,519.0,14809
MFIL,2026-07-21,780.0,793.9,31009
HRL,2026-07-21,624.0,645.0,341552
PRVU,2026-07-21,208.0,197.2,159581
UMRH,2026-07-21,543.9,549.9,10942
UHEWA,2026-07-21,593.0,600.0,58298
CYCL,2026-07-21,1337.0,1385.0,1045
SBLD2091,2026-07-21,1055.0,1079.3,25866
JOSHI,2026-07-21,274.0,272.0,24021
GLH,2026-07-21,263.1,263.9,62887
ULBSL,2026-07-21,2750.0,2839.0,480
HBL,2026-07-21,200.0,202.0,74503
KBSH,2026-07-21,1250.0,1200.0,963
LUK,2026-07-21,10.2,9.99,13850
SHINE,2026-07-21,416.0,415.9,22547
BHPL,2026-07-21,510.0,504.0,18593
KBLD89,2026-07-21,1228.0,1226.0,168
MPFL,2026-07-21,626.0,622.0,11756
NIBLSTF,2026-07-21,8.66,8.67,1500
MEN,2026-07-21,610.0,600.0,51644
PCIL,2026-07-21,665.0,665.0,71400
MLBL,2026-07-21,366.9,361.0,25201
SADBL,2026-07-21,422.8,425.0,36314
SRLI,2026-07-21,394.9,390.0,18697
KDL,2026-07-21,824.0,816.0,2299
GBIMESY2,2026-07-21,9.26,9.3,400
SINDU,2026-07-21,703.0,719.0,7424
BNT,2026-07-21,11800.0,11621.0,20
CSY,2026-07-21,9.03,9.1,9948
KSY,2026-07-21,9.75,10.0,29495
KDBY,2026-07-21,10.86,11.11,6710
NIFRAGED,2026-07-21,1023.1,1030.0,130
SHLB,2026-07-21,1472.0,1540.0,430
NICBF,2026-07-21,9.08,9.1,2200
EBLD85,2026-07-21,1131.0,1131.0,25
GUFL,2026-07-21,572.0,565.0,15007
GFCL,2026-07-21,630.0,628.9,12435
HIDCLP,2026-07-21,209.4,198.0,126820
CORBL,2026-07-21,1450.0,1400.0,110145
KHPL,2026-07-21,997.0,992.0,11513
SIKLES,2026-07-21,576.0,570.0,16584
GVL,2026-07-21,496.0,492.0,21058
ALICL,2026-07-21,451.9,442.0,17026
SLCF,2026-07-21,10.0,9.95,11920
JBBL,2026-07-21,357.0,354.0,32674
NSY,2026-07-21,9.41,9.42,7100
SMFBS,2026-07-21,1555.0,1543.9,820
MKCL,2026-07-21,1136.0,1164.0,1669
KBL,2026-07-20,209.0,220.0,273423
SAIL,2026-07-20,980.0,1069.2,78017
GBBL,2026-07-20,412.0,421.0,59719
VLBS,2026-07-20,680.0,692.0,1900
HDL,2026-07-20,1191.0,1179.9,32918
GMLI,2026-07-20,1267.9,1253.9,2413
FMDBL,2026-07-20,747.0,790.0,11115
SFEF,2026-07-20,9.96,10.0,500
NHPC,2026-07-20,272.0,280.0,571209
SPDL,2026-07-20,394.7,393.3,37456
NUBL,2026-07-20,645.0,630.6,3349
CITY,2026-07-20,390.0,386.0,207043
MMKJL,2026-07-20,440.0,455.0,910
BHPL,2026-07-20,489.0,486.1,4788
NICGF2,2026-07-20,9.22,9.35,2000
SICL,2026-07-20,620.0,634.0,5785
BARUN,2026-07-20,330.8,338.0,58226
BHCL,2026-07-20,490.0,499.0,33458
SLBBL,2026-07-20,826.0,820.0,2183
SHLB,2026-07-20,1520.0,1475.1,70
NICFC,2026-07-20,9.1,9.3,1500
SKBBL,2026-07-20,760.0,765.0,7794
SMPDA,2026-07-20,803.0,795.0,1646
LSL,2026-07-20,212.0,224.0,137613
CIZBD86,2026-07-20,1177.0,1185.0,20
MDB,2026-07-20,600.0,600.0,8917
SMJC,2026-07-20,449.9,452.0,17260
USLB,2026-07-20,1220.1,1229.0,657
MABEL,2026-07-20,602.0,625.0,11311
NWCL,2026-07-20,731.3,750.0,2744
NBL,2026-07-20,253.3,269.0,30541
BNT,2026-07-20,11701.0,11800.0,85
AKJCL,2026-07-20,362.9,374.4,785535
SYPNL,2026-07-20,1350.0,1397.5,108582
BGWT,2026-07-20,560.0,590.0,5118
JBBD87,2026-07-20,1162.0,1150.0,55
NMBMF,2026-07-20,630.0,629.0,896
KDL,2026-07-20,816.0,822.0,2426
KEF,2026-07-20,10.4,10.5,19800
KAHL,2026-07-20,497.0,508.0,51475
KKHC,2026-07-20,260.0,267.0,66730
VLUCL,2026-07-20,443.0,452.5,3180
NRN,2026-07-20,1449.0,1470.0,85891
GILB,2026-07-20,1062.3,1110.1,3093
CZBIL,2026-07-20,193.0,204.9,41197
ULBSL,2026-07-20,2765.0,2888.9,617
SMH,2026-07-20,518.0,513.2,35811
SJCL,2026-07-20,285.0,285.3,10633
AHPC,2026-07-20,275.0,279.1,148502
KMCDB,2026-07-20,809.0,802.0,1073
MCHL,2026-07-20,294.5,302.0,10307
RNLI,2026-07-20,455.0,459.5,9225
HHL,2026-07-20,341.0,349.0,23637
SAHAS,2026-07-20,665.0,666.5,124831
DDBL,2026-07-20,861.0,854.5,8964
MBLEF,2026-07-20,10.0,10.05,2000
MEL,2026-07-20,231.0,226.0,36999
NMBHF2,2026-07-20,9.5,9.77,8620
NYADI,2026-07-20,386.2,385.0,8259
SAGAR,2026-07-20,1719.9,1780.3,13838
GWFD83,2026-07-20,1160.0,1158.0,2
KSBBL,2026-07-20,490.0,488.4,53127
SMHL,2026-07-20,495.0,497.0,30292
HLI,2026-07-20,344.4,335.5,46358
SAND2085,2026-07-20,1245.0,1207.7,502
TAMOR,2026-07-20,455.2,452.1,21223
MMF1,2026-07-20,10.0,9.75,7704
C30MF,2026-07-20,10.0,10.02,6200
MHCL,2026-07-20,330.0,331.9,5805
TPKHL,2026-07-20,516.0,536.1,44722
MLBBL,2026-07-20,1179.5,1166.0,1699
UPCL,2026-07-20,352.0,370.0,78562
NBF2,2026-07-20,10.0,10.1,2800
RBBF40,2026-07-20,9.38,9.18,91250
RLFL,2026-07-20,470.0,475.0,42873
SJLIC,2026-07-20,424.0,426.0,22968
GLH,2026-07-20,255.0,265.0,40366
NABILD87,2026-07-20,1158.0,1122.4,130
RLEL,2026-07-20,820.0,916.0,31692
BJHL,2026-07-20,762.9,808.0,7678
SARBTM,2026-07-20,800.0,813.0,4981
SPL,2026-07-20,692.0,684.0,3997
CLI,2026-07-20,450.0,457.5,10614
GUFL,2026-07-20,560.0,572.1,15009
RSY,2026-07-20,9.95,10.1,12000
UAIL,2026-07-20,469.9,474.0,20357
NRM,2026-07-20,330.0,322.0,7132
NIBLSTF,2026-07-20,8.91,8.91,59800
GRDBL,2026-07-20,1110.0,1088.0,34396
SADBL,2026-07-20,413.9,422.0,27336
EDBL,2026-07-20,577.0,584.0,2464
NICSF,2026-07-20,9.0,9.27,1855
JFL,2026-07-20,399.0,401.9,4910
MBJC,2026-07-20,275.0,277.0,11193
SBI,2026-07-20,380.0,409.0,40616
CIT,2026-07-20,1698.0,1710.0,4561
CHL,2026-07-20,269.0,274.0,30428
RBBD2088,2026-07-20,1050.6,1032.0,200
GBILD84/85,2026-07-20,1150.0,1150.0,25
KHPL,2026-07-20,998.0,999.1,13133
JSLBB,2026-07-20,994.1,1020.0,993
SANVI,2026-07-20,635.0,633.0,20856
HEIP,2026-07-20,340.0,340.0,23
CSY,2026-07-20,8.78,9.3,4900
NSIF2,2026-07-20,10.4,10.46,780
APHL,2026-07-20,830.0,843.9,31993
HBLD83,2026-07-20,1019.0,1019.0,100
IGI,2026-07-20,450.0,457.0,18566
NLG,2026-07-20,589.9,603.0,20230
LUK,2026-07-20,10.25,9.95,400
ICFCD89,2026-07-20,1090.1,1100.0,200
NRIC,2026-07-20,913.0,1000.0,62179
MSHL,2026-07-20,693.0,658.0,1030
JBLB,2026-07-20,1278.0,1299.8,4938
SIPD,2026-07-20,625.0,675.0,27332
SEF,2026-07-20,9.99,10.2,41510
PMHPL,2026-07-20,316.1,328.0,8635
DHEL,2026-07-20,572.0,599.0,16294
SKHEL,2026-07-20,1000.0,1029.8,5311
UHEWA,2026-07-20,560.0,597.5,82480
FOWAD,2026-07-20,1004.0,1000.0,1214
ICFCD83,2026-07-20,1211.7,1272.2,1
RHPL,2026-07-20,263.0,267.0,11309
NIL,2026-07-20,620.0,635.4,7086
WNLB,2026-07-20,1360.0,1370.0,343
GLBSL,2026-07-20,1780.1,1815.0,291
ALBSL,2026-07-20,1030.0,1083.9,2929
HIMSTAR,2026-07-20,714.0,762.0,10958
HLBSL,2026-07-20,899.0,895.0,1241
SIFC,2026-07-20,525.0,533.9,13965
MNBBL,2026-07-20,373.0,376.0,25911
CORBL,2026-07-20,1490.0,1498.0,129543
SABBL,2026-07-20,914.0,973.0,15428
SIGS2,2026-07-20,10.5,10.5,300
NHDL,2026-07-20,649.0,650.0,4401
KBSH,2026-07-20,1180.0,1219.0,513
SWASTIK,2026-07-20,2090.0,2180.0,960
JHAPA,2026-07-20,1120.0,1140.0,17738
H8020,2026-07-20,11.55,11.62,800
EBLD86,2026-07-20,1099.0,1100.0,575
MFIL,2026-07-20,800.0,802.0,65980
GVL,2026-07-20,495.0,497.0,12533
BHDC,2026-07-20,436.0,447.5,13904
AKPL,2026-07-20,274.7,267.5,74585
PPCL,2026-07-20,363.3,360.0,17235
DHPL,2026-07-20,294.9,315.0,9646
NBBD2085,2026-07-20,1130.1,1115.0,11100
YMHL,2026-07-20,588.0,623.0,31396
SPC,2026-07-20,446.0,439.8,5615
PRIN,2026-07-20,698.0,702.4,5527
DORDI,2026-07-20,261.0,266.6,31821
NESDO,2026-07-20,1520.0,1524.0,765
HURJA,2026-07-20,239.0,247.4,89500
SWBBL,2026-07-20,688.0,682.9,18663
SMATA,2026-07-20,760.0,761.0,2029
STC,2026-07-20,5279.0,5295.0,359
UMHL,2026-07-20,585.0,600.0,47646
PHCL,2026-07-20,303.0,309.9,81908
UNL,2026-07-20,47010.1,47015.0,20
HIDCLP,2026-07-20,198.0,199.5,212296
CGH,2026-07-20,772.0,785.0,11799
ANLB,2026-07-20,5814.0,5700.0,4326
NIMBPO,2026-07-20,149.0,141.3,20147
UNLB,2026-07-20,1310.0,1304.0,199
CHDC,2026-07-20,2179.0,2218.0,19524
AHL,2026-07-20,428.0,439.9,4046
MERO,2026-07-20,749.7,712.0,5599
MKHL,2026-07-20,518.0,527.3,13017
SALICO,2026-07-20,606.0,610.0,4862
SLBSL,2026-07-20,1138.0,1104.5,1622
SMB,2026-07-20,1947.0,1900.0,3048
RFPL,2026-07-20,344.0,352.0,35490
ACLBSL,2026-07-20,930.0,945.0,618
ADBL,2026-07-20,296.0,312.8,11892
SNORL,2026-07-20,810.0,830.0,26070
ILBS,2026-07-20,917.0,891.0,2345
LBBL,2026-07-20,494.9,500.0,57160
LBLD88,2026-07-20,1153.0,1153.0,20
SBD87,2026-07-20,1150.0,1150.0,10
HPPL,2026-07-20,360.0,373.1,139567
GBIME,2026-07-20,246.0,245.0,82844
MNMF1,2026-07-20,9.6,9.9,7500
NTC,2026-07-20,880.0,869.0,9133
ICFC,2026-07-20,609.0,619.5,4928
MAKAR,2026-07-20,491.0,470.2,15690
SHPC,2026-07-20,515.0,522.9,30319
EBLD85,2026-07-20,1160.0,1160.4,120
LLBS,2026-07-20,940.9,930.2,1821
MATRI,2026-07-20,851.0,865.0,1550
SBID2090,2026-07-20,1067.0,1067.0,25
NIBSF2,2026-07-20,8.7,9.0,13750
ILI,2026-07-20,423.1,427.7,10159
RIDI,2026-07-20,332.1,359.7,576803
SBCF,2026-07-20,10.11,10.15,9100
PURE,2026-07-20,870.0,872.0,5091
CHCL,2026-07-20,491.0,496.0,80871
NICLBSL,2026-07-20,556.2,569.0,5880
LICN,2026-07-20,805.0,804.5,5279
ULHC,2026-07-20,375.0,370.1,12330
HFIN,2026-07-20,730.0,725.0,48601
SWMF,2026-07-20,640.0,644.9,4457
RBCLPO,2026-07-20,12100.0,12100.0,50
NMB50,2026-07-20,10.89,10.88,45355
GMFIL,2026-07-20,468.0,470.0,13779
DLBS,2026-07-20,1240.0,1219.0,216
MLBS,2026-07-20,1157.0,1175.5,892
SIGS3,2026-07-20,10.38,10.37,1900
PCBL,2026-07-20,230.0,242.5,33893
PSF,2026-07-20,11.87,12.0,2200
RADHI,2026-07-20,753.0,764.9,120520
NIBLGF,2026-07-20,10.59,10.55,530
SBLD89,2026-07-20,1265.0,1240.0,45
GMFBS,2026-07-20,1220.0,1215.0,647
RURU,2026-07-20,632.0,634.0,12374
NIMBD90,2026-07-20,1290.0,1251.3,145
MBL,2026-07-20,262.0,258.1,97419
SMFBS,2026-07-20,1643.2,1555.0,532
EBLEB89,2026-07-20,1100.0,1100.0,50
UMRH,2026-07-20,545.0,543.0,5520
SHEL,2026-07-20,312.0,316.0,68754
API,2026-07-20,339.0,346.0,374987
CREST,2026-07-20,1198.0,1219.8,25368
MSLB,2026-07-20,1216.2,1248.9,694
HLICF,2026-07-20,8.42,8.74,10620
KSY,2026-07-20,9.75,9.75,800
KBLD89,2026-07-20,1255.0,1255.0,32
HRL,2026-07-20,582.0,616.0,185510
NABIL,2026-07-20,550.0,550.0,100779
SGHC,2026-07-20,338.0,338.8,44352
NMLBBL,2026-07-20,557.0,553.0,4360
BHL,2026-07-20,211.3,218.1,215139
CFCL,2026-07-20,601.0,636.0,69994
SGIC,2026-07-20,475.0,485.0,9884
TVCL,2026-07-20,510.0,490.0,4323
GBIMESY2,2026-07-20,9.5,9.5,2400
NLIC,2026-07-20,760.0,768.2,25005
NICBF,2026-07-20,9.05,9.1,1500
BEDC,2026-07-20,346.5,334.0,18469
GCIL,2026-07-20,385.3,372.0,31484
NICL,2026-07-20,523.0,532.0,15876
RMF2,2026-07-20,9.65,9.99,2600
RAWA,2026-07-20,440.0,453.0,80265
JOSHI,2026-07-20,269.8,274.0,9640
NABBC,2026-07-20,800.2,815.0,100977
HEI,2026-07-20,523.0,540.0,4950
NICA,2026-07-20,323.0,342.1,73386
HBL,2026-07-20,190.0,200.7,28825
BBC,2026-07-20,4101.0,4250.0,291
TTL,2026-07-20,736.0,758.0,11720
PRVU,2026-07-20,197.0,198.5,168988
AVYAN,2026-07-20,1055.1,1098.0,5813
SSHL,2026-07-20,207.0,213.0,161561
MKJC,2026-07-20,461.0,464.0,7396
SKHL,2026-07-20,931.3,920.0,18051
SPIL,2026-07-20,710.0,724.0,4367
NMIC,2026-07-20,932.0,964.0,5428
NLICL,2026-07-20,585.0,590.0,9262
GHL,2026-07-20,237.3,233.9,57167
GIBF1,2026-07-20,10.45,10.5,2200
NGPL,2026-07-20,419.9,428.8,251112
MLBL,2026-07-20,360.0,364.6,28740
GSY,2026-07-20,10.0,10.0,95600
BNHC,2026-07-20,284.0,298.0,48388
SOPL,2026-07-20,823.1,848.0,49405
CKHL,2026-07-20,630.0,648.9,2519
MANDU,2026-07-20,790.1,801.1,3691
SBL,2026-07-20,381.0,400.0,138847
GFCL,2026-07-20,620.0,627.9,10603
UPPER,2026-07-20,200.0,202.5,158748
RSML,2026-07-20,3150.0,3498.0,73255
NMFBS,2026-07-20,1140.0,1139.0,4192
NMB,2026-07-20,233.0,246.0,52880
ECL,2026-07-20,333.6,372.4,80
MEN,2026-07-20,595.0,600.0,88947
SGHL,2026-07-20,481.0,503.0,101629
MKCL,2026-07-20,1090.0,1149.0,2110
NBF3,2026-07-20,9.95,10.0,31580
LEC,2026-07-20,219.0,225.4,168116
KPCL,2026-07-20,475.0,485.0,7702
SONA,2026-07-20,418.0,425.0,25975
RHGCL,2026-07-20,283.5,277.0,17559
SIKLES,2026-07-20,565.0,576.0,6941
SFMF,2026-07-20,10.5,10.5,150
HIDCL,2026-07-20,265.0,267.0,109486
NMBD87/88,2026-07-20,1249.0,1211.0,42
MBLD87,2026-07-20,1161.0,1161.0,25
HATHY,2026-07-20,720.0,782.0,11632
OMPL,2026-07-20,943.0,989.0,6316
SINDU,2026-07-20,700.0,716.0,10748
JBBL,2026-07-20,350.0,357.0,62902
ENL,2026-07-20,858.0,851.0,541
MPFL,2026-07-20,620.0,626.8,5810
BPCL,2026-07-20,679.8,675.0,43844
BANDIPUR,2026-07-20,740.0,744.0,39527
ALICL,2026-07-20,440.0,442.5,18488
GBLBS,2026-07-20,753.0,756.0,1424
NIFRAGED,2026-07-20,1033.0,1020.8,205
SANIMA,2026-07-20,361.0,362.5,46296
MHNL,2026-07-20,240.0,246.9,18310
SLCF,2026-07-20,10.2,10.0,3038
BUNGAL,2026-07-20,594.0,667.0,92800
USHL,2026-07-20,540.0,540.0,4097
PPL,2026-07-20,323.0,341.0,36655
TPC,2026-07-20,368.0,367.0,10946
EHPL,2026-07-20,360.0,367.9,22973
NADEP,2026-07-20,750.0,759.8,1460
RSDC,2026-07-20,666.0,673.9,5985
CYCL,2026-07-20,1378.9,1360.0,956
SRLI,2026-07-20,386.0,391.4,15067
IHL,2026-07-20,369.0,367.0,15807
MLBSL,2026-07-20,1780.0,1780.0,46
SHL,2026-07-20,499.0,503.8,15033
SOHL,2026-07-20,544.0,596.0,130044
NFS,2026-07-20,585.0,585.0,11713
OHL,2026-07-20,690.0,704.8,2595
SHIVM,2026-07-20,653.5,663.0,150670
SCB,2026-07-20,664.0,665.0,4716
NIFRA,2026-07-20,254.0,257.9,52428
TSHL,2026-07-20,413.0,411.0,21029
MEHL,2026-07-20,311.0,324.4,8859
SPHL,2026-07-20,550.0,554.0,6374
NIMB,2026-07-20,187.0,198.0,138065
DOLTI,2026-07-20,348.8,333.1,32042
EBL,2026-07-20,720.0,717.5,39264
HDHPC,2026-07-20,215.0,222.0,259206
PROFL,2026-07-20,444.0,449.4,6463
SNLI,2026-07-20,433.0,442.5,8954
USHEC,2026-07-20,501.0,500.1,8723
CBBL,2026-07-20,928.0,935.0,14360
LVF2,2026-07-20,9.8,9.81,1500
RMF1,2026-07-20,9.62,9.75,41738
MKHC,2026-07-20,293.0,301.4,12896
SAPDBL,2026-07-20,732.2,797.0,18862
RBCL,2026-07-20,14631.0,14627.0,100
MHL,2026-07-20,489.9,492.0,10339
SHINE,2026-07-20,414.0,419.0,33213
PCIL,2026-07-20,650.0,665.0,50863
BFC,2026-07-20,562.0,539.8,54997
PRSF,2026-07-20,12.79,12.75,67600
PMLI,2026-07-20,449.0,454.4,7024
KDBY,2026-07-20,10.76,11.1,53300
UNHPL,2026-07-20,398.0,405.0,48188
TRH,2026-07-20,768.0,789.9,1480
TPKHL,2026-07-17,494.0,516.0,44421
BHPL,2026-07-17,471.0,489.0,8419
CZBIL,2026-07-17,200.0,203.0,66602
NICLBSL,2026-07-17,554.9,572.6,7397
PPCL,2026-07-17,338.0,346.0,14383
KAHL,2026-07-17,473.0,497.0,33606
NWCL,2026-07-17,734.8,749.0,1592
EBLD85,2026-07-17,1155.0,1153.0,90
SAGAR,2026-07-17,1590.0,1719.9,19486
NABBC,2026-07-17,814.0,825.0,9854
SIGS2,2026-07-17,10.67,10.67,110
TTL,2026-07-17,714.9,736.0,12846
GUFL,2026-07-17,555.5,559.0,15375
SANVI,2026-07-17,565.0,607.7,19363
SBLD89,2026-07-17,1261.0,1261.0,10
SMHL,2026-07-17,485.0,492.0,43806
KEF,2026-07-17,10.05,10.34,3500
JBBL,2026-07-17,336.0,349.7,23039
FOWAD,2026-07-17,965.0,1004.4,2646
CIT,2026-07-17,1679.0,1697.0,4443
KHPL,2026-07-17,920.0,998.0,24893
SGHC,2026-07-17,328.0,330.0,31842
DHEL,2026-07-17,542.0,572.0,26156
TAMOR,2026-07-17,441.0,448.1,14552
CITY,2026-07-17,346.0,382.0,216050
BGWT,2026-07-17,562.3,560.0,2281
CSY,2026-07-17,9.0,9.03,2300
RNLI,2026-07-17,436.0,451.8,9257
SPHL,2026-07-17,547.0,560.8,11799
ULBSL,2026-07-17,2878.0,2845.0,849
JFL,2026-07-17,394.0,399.0,4090
LICN,2026-07-17,795.0,798.0,15549
NIFRA,2026-07-17,247.0,254.9,72653
LSL,2026-07-17,216.1,222.8,156215
TRH,2026-07-17,767.1,780.0,2081
GCIL,2026-07-17,341.0,367.0,38512
NLICL,2026-07-17,565.1,588.0,15841
SWBBL,2026-07-17,655.0,677.0,9522
ICFCD83,2026-07-17,1154.0,1211.7,1
API,2026-07-17,305.0,339.9,217252
NRIC,2026-07-17,950.0,961.0,35033
GHL,2026-07-17,219.0,226.0,45081
BJHL,2026-07-17,700.0,754.0,9376
ICFCD89,2026-07-17,1105.0,1106.0,619
NMBHF2,2026-07-17,9.93,9.56,8650
ILI,2026-07-17,408.0,424.0,5127
SCBD,2026-07-17,1130.0,1130.0,88
SEF,2026-07-17,9.96,9.98,8497
SKHEL,2026-07-17,900.5,1004.0,14021
MABEL,2026-07-17,567.0,602.0,10093
CIZBD90,2026-07-17,1175.0,1175.0,1900
GMFIL,2026-07-17,447.0,468.0,16105
NICGF2,2026-07-17,9.3,9.5,52027
SIFC,2026-07-17,523.0,525.0,8988
SFEF,2026-07-17,9.95,9.95,200
MKJC,2026-07-17,458.0,461.0,4530
PSF,2026-07-17,12.0,11.92,12716
SBI,2026-07-17,394.9,399.9,34768
ALBSL,2026-07-17,1021.0,1075.0,7868
OMPL,2026-07-17,905.5,943.0,4239
NMB,2026-07-17,241.6,245.0,24088
MKHL,2026-07-17,513.0,518.9,15530
GIBF1,2026-07-17,10.27,10.45,14450
RLEL,2026-07-17,740.0,799.0,20326
MBJC,2026-07-17,266.6,275.0,10788
NHDL,2026-07-17,635.0,649.0,5959
GBIME,2026-07-17,242.8,246.0,98871
KBSH,2026-07-17,1235.9,1194.0,1744
SNLI,2026-07-17,423.0,436.0,7675
DOLTI,2026-07-17,315.0,332.2,30006
STC,2026-07-17,5249.0,5259.0,657
EBLD86,2026-07-17,1091.3,1091.3,25
SHIVM,2026-07-17,600.0,652.0,108959
RIDI,2026-07-17,309.7,349.5,447865
SMB,2026-07-17,1869.0,1890.0,2351
MLBS,2026-07-17,1150.0,1190.0,348
FMDBL,2026-07-17,817.0,785.0,37212
HEIP,2026-07-17,366.7,342.0,550
NICSF,2026-07-17,9.1,9.26,2900
HBL,2026-07-17,192.5,199.5,56571
UMRH,2026-07-17,525.0,540.0,11625
GFCL,2026-07-17,600.0,619.6,7728
KPCL,2026-07-17,460.0,478.7,7411
HPPL,2026-07-17,349.9,364.8,123594
MAKAR,2026-07-17,473.4,478.9,27092
NRN,2026-07-17,1280.0,1462.6,83472
RFPL,2026-07-17,331.8,335.1,34545
DDBL,2026-07-17,840.0,852.0,5052
GILB,2026-07-17,1070.0,1100.0,1060
HEI,2026-07-17,534.9,535.0,7861
GVL,2026-07-17,474.3,491.3,14130
NICD88,2026-07-17,1095.0,1092.1,900
ALICL,2026-07-17,426.9,433.7,12498
MANDU,2026-07-17,819.0,800.0,593
KBLD89,2026-07-17,1300.0,1260.0,1409
MLBLD89,2026-07-17,1280.4,1280.4,10
SIPD,2026-07-17,574.9,626.0,25904
NADEP,2026-07-17,739.0,750.0,611
NICL,2026-07-17,520.0,524.8,9270
SLBBL,2026-07-17,800.0,817.0,2386
GRDBL,2026-07-17,1059.8,1058.0,6687
ADBL,2026-07-17,309.0,311.0,29794
NIMB,2026-07-17,195.0,196.4,93380
GBIMESY2,2026-07-17,9.69,9.69,910
BARUN,2026-07-17,322.0,334.1,36444
SYPNL,2026-07-17,1192.3,1338.0,56308
SHL,2026-07-17,492.0,499.5,17187
MPFL,2026-07-17,607.9,619.9,8140
NBBD2085,2026-07-17,1165.0,1165.0,40
SPC,2026-07-17,425.9,435.0,7389
UHEWA,2026-07-17,550.0,572.0,37884
MMF1,2026-07-17,9.46,9.87,5700
ANLB,2026-07-17,7560.0,6120.0,267
CHCL,2026-07-17,484.5,487.0,16591
BBC,2026-07-17,4260.0,4199.9,80
HIMSTAR,2026-07-17,653.0,714.0,8444
SOPL,2026-07-17,780.0,823.1,56949
SJCL,2026-07-17,279.0,284.1,12448
SBCF,2026-07-17,9.75,10.19,66369
PURE,2026-07-17,821.8,870.0,10043
MCHL,2026-07-17,283.0,290.0,13687
AHPC,2026-07-17,266.9,272.0,77148
SIGS3,2026-07-17,10.25,10.7,460
HDL,2026-07-17,1148.0,1163.0,20089
KKHC,2026-07-17,254.0,260.0,39565
VLBS,2026-07-17,650.0,680.0,2096
MHL,2026-07-17,480.0,489.9,6720
JSLBB,2026-07-17,1009.9,1020.0,748
NBF3,2026-07-17,9.7,10.0,4920
SHEL,2026-07-17,308.5,311.8,105952
PMHPL,2026-07-17,320.29,325.0,6382
SFMF,2026-07-17,10.2,10.2,5000
RADHI,2026-07-17,735.0,737.5,88960
UPPER,2026-07-17,200.8,199.0,130802
CREST,2026-07-17,1150.0,1214.7,11484
NYADI,2026-07-17,369.7,375.0,4002
CGH,2026-07-17,765.0,773.0,7342
MHNL,2026-07-17,227.0,244.5,33394
GBBL,2026-07-17,406.0,411.0,21076
MKHC,2026-07-17,275.0,296.0,2731
BFC,2026-07-17,509.0,537.9,80119
RLFL,2026-07-17,462.0,470.0,31609
CORBL,2026-07-17,1516.7,1530.0,119131
NRM,2026-07-17,305.1,321.0,18927
H8020,2026-07-17,11.35,11.72,550
UNLB,2026-07-17,1282.0,1300.0,339
SLCF,2026-07-17,10.54,10.24,8100
HLICF,2026-07-17,8.7,8.64,800
MHCL,2026-07-17,312.0,329.0,3917
HURJA,2026-07-17,229.0,238.0,54855
SABBL,2026-07-17,850.0,914.0,13371
NIL,2026-07-17,621.9,632.0,5801
YMHL,2026-07-17,550.0,588.1,22304
MSLB,2026-07-17,1240.0,1239.8,991
RMF1,2026-07-17,9.76,9.76,11300
GMLI,2026-07-17,1140.0,1231.0,6158
GMFBS,2026-07-17,1222.0,1200.0,1033
HLI,2026-07-17,323.0,328.0,30096
EHPL,2026-07-17,338.0,350.0,24582
MNBBL,2026-07-17,369.8,370.0,23996
HDHPC,2026-07-17,206.0,216.1,208257
MEN,2026-07-17,573.0,588.0,43312
RAWA,2026-07-17,419.0,437.6,57692
USHEC,2026-07-17,482.2,501.7,3542
AVYAN,2026-07-17,1020.0,1075.0,1529
MEHL,2026-07-17,304.9,311.0,4355
NESDO,2026-07-17,1509.9,1525.0,231
TVCL,2026-07-17,461.0,490.0,3133
CLI,2026-07-17,435.1,451.0,4003
NMB50,2026-07-17,10.45,10.6,23850
SHLB,2026-07-17,1500.0,1500.0,490
BEDC,2026-07-17,317.0,330.0,41743
NMFBS,2026-07-17,1105.1,1128.0,3343
MEL,2026-07-17,214.0,220.0,27167
SPDL,2026-07-17,372.0,394.7,117709
PCIL,2026-07-17,595.0,652.0,103764
TPC,2026-07-17,357.0,360.0,16713
SGIC,2026-07-17,469.5,485.0,23801
NIMBPO,2026-07-17,146.0,147.0,3520
MLBL,2026-07-17,353.0,360.5,20242
PRVU,2026-07-17,191.1,197.0,146628
ILBS,2026-07-17,825.0,874.0,1332
JHAPA,2026-07-17,1015.0,1111.0,19345
ULHC,2026-07-17,366.9,373.0,11147
RSY,2026-07-17,10.2,10.0,46100
NABIL,2026-07-17,539.0,542.7,66735
JOSHI,2026-07-17,260.0,269.8,18183
NICFC,2026-07-17,8.8,9.1,900
SKBBL,2026-07-17,758.0,763.8,5098
KBL,2026-07-17,215.0,220.0,368801
KMCDB,2026-07-17,782.0,797.9,2603
NBL,2026-07-17,265.3,266.6,42394
MATRI,2026-07-17,840.0,874.0,152
CYCL,2026-07-17,1328.0,1360.0,1228
NSIF2,2026-07-17,10.53,10.53,670
SMPDA,2026-07-17,735.0,780.0,2093
ACLBSLP,2026-07-17,512.0,512.0,6960
ENL,2026-07-17,827.0,848.0,828
MBL,2026-07-17,249.9,255.0,113446
HRL,2026-07-17,568.0,581.9,93740
PHCL,2026-07-17,298.0,306.8,61395
IHL,2026-07-17,354.0,359.0,19613
LEC,2026-07-17,208.8,218.8,125636
RURU,2026-07-17,636.5,619.0,5670
HATHY,2026-07-17,675.0,720.0,10866
NTC,2026-07-17,860.0,862.0,13997
NFS,2026-07-17,571.0,577.7,5529
TSHL,2026-07-17,365.0,405.0,33801
RSDC,2026-07-17,649.8,664.0,4400
PCBL,2026-07-17,238.8,242.0,32748
RSML,2026-07-17,2940.0,3200.0,49947
APHL,2026-07-17,800.1,828.1,22129
RHPL,2026-07-17,253.0,263.6,8545
HIDCLP,2026-07-17,190.9,195.3,105167
EDBL,2026-07-17,578.0,577.0,2872
ADBLD83,2026-07-17,1062.2,1062.2,46
AKJCL,2026-07-17,352.0,363.0,619740
DLBS,2026-07-17,1215.0,1235.0,139
SWMF,2026-07-17,629.0,638.0,6117
C30MF,2026-07-17,10.2,10.2,15000
KDBY,2026-07-17,10.74,10.87,7300
NMLBBL,2026-07-17,535.0,544.0,8160
UNHPL,2026-07-17,389.0,396.1,20665
BNHC,2026-07-17,286.0,289.9,26202
SPIL,2026-07-17,719.0,725.0,448
SAHAS,2026-07-17,667.8,658.9,87081
CHDC,2026-07-17,2160.0,2154.9,19790
SAGF,2026-07-17,10.49,10.49,100
LVF2,2026-07-17,9.7,10.0,900
SRLI,2026-07-17,375.0,386.9,11142
SADBL,2026-07-17,410.0,413.7,25726
NICA,2026-07-17,331.0,339.7,43198
IGI,2026-07-17,435.6,445.1,19263
NUBL,2026-07-17,636.0,635.0,2774
LLBS,2026-07-17,930.0,923.9,200
NGPL,2026-07-17,417.0,418.2,360263
RMF2,2026-07-17,9.9,9.92,400
SBL,2026-07-17,397.0,401.0,106926
ICFCD88,2026-07-17,1164.0,1155.0,25
SSHL,2026-07-17,199.0,207.5,191735
SKHL,2026-07-17,858.9,887.0,26143
SIKLES,2026-07-17,555.0,570.0,11901
NIBLSTF,2026-07-17,8.8,9.18,24400
PMLI,2026-07-17,435.9,454.9,2637
SLBSL,2026-07-17,1123.69,1115.0,7854
CKHL,2026-07-17,618.9,614.0,5357
SCB,2026-07-17,664.5,662.9,7453
MNMF1,2026-07-17,9.61,9.61,1100
BHCL,2026-07-17,463.0,482.0,23309
OHL,2026-07-17,696.5,690.0,2558
GWFD83,2026-07-17,1153.0,1160.0,46
GLBSL,2026-07-17,1798.9,1765.5,579
NLG,2026-07-17,565.0,578.1,37975
NMBMF,2026-07-17,605.0,626.0,4156
SINDU,2026-07-17,688.9,700.0,12796
HIDCL,2026-07-17,254.0,264.8,61980
SICL,2026-07-17,625.0,629.0,6446
PRIN,2026-07-17,701.4,690.0,6967
HHL,2026-07-17,330.0,346.0,44564
AKPL,2026-07-17,252.0,261.7,65963
UMHL,2026-07-17,555.0,591.0,125723
MLBSL,2026-07-17,1730.8,1759.0,292
SAPDBL,2026-07-17,766.6,770.7,14186
SAIL,2026-07-17,796.1,963.7,67127
MLBBL,2026-07-17,1137.0,1149.0,3543
LUK,2026-07-17,10.19,10.49,7820
NSY,2026-07-17,9.46,9.7,2500
SMH,2026-07-17,509.0,512.0,36777
MSHL,2026-07-17,581.0,660.0,249
CFCL,2026-07-17,614.7,631.6,123942
VLUCL,2026-07-17,436.0,444.0,3539
NMIC,2026-07-17,913.0,939.8,2382
MERO,2026-07-17,690.1,714.0,18615
EBL,2026-07-17,703.5,718.0,25601
GLH,2026-07-17,250.2,254.1,55312
BUNGAL,2026-07-17,576.0,625.2,55241
SMATA,2026-07-17,729.0,754.9,2137
HLBSL,2026-07-17,882.9,883.0,274
BHDC,2026-07-17,421.3,435.9,9988
BPCL,2026-07-17,650.0,671.0,31635
SARBTM,2026-07-17,779.0,795.0,5780
RHGCL,2026-07-17,246.6,270.0,27112
PPL,2026-07-17,304.0,340.0,33445
SANIMA,2026-07-17,350.1,361.0,54196
UPCL,2026-07-17,348.0,352.0,61680
CBBL,2026-07-17,918.0,929.0,12245
RBCL,2026-07-17,14893.0,14894.0,30
RBBF40,2026-07-17,9.7,9.38,15441
SPL,2026-07-17,673.0,674.0,1282
PRSF,2026-07-17,12.72,12.79,2800
SMFBS,2026-07-17,1524.4,1565.0,879
ICFC,2026-07-17,605.0,608.5,10767
GBLBS,2026-07-17,747.5,753.0,2686
SHINE,2026-07-17,412.5,413.9,18100
DORDI,2026-07-17,253.0,261.9,39350
NBF2,2026-07-17,9.61,9.8,500
FOWADP,2026-07-17,550.0,550.0,4350
SJLIC,2026-07-17,395.0,425.0,12428
WNLB,2026-07-17,1350.0,1381.0,281
CHL,2026-07-17,259.0,265.2,21363
NIBSF2,2026-07-17,8.84,8.85,3920
DHPL,2026-07-17,283.0,290.0,6368
SBLD2091,2026-07-17,1080.0,1080.0,10
MDB,2026-07-17,583.0,596.6,5260
SOHL,2026-07-17,500.1,544.0,66962
SWASTIK,2026-07-17,1950.0,2075.0,578
MKCL,2026-07-17,1110.0,1119.0,2010
USLB,2026-07-17,1159.0,1220.0,1411
UAIL,2026-07-17,445.5,475.9,52661
MFIL,2026-07-17,789.0,800.0,116210
NHPC,2026-07-17,245.9,269.0,426685
KSY,2026-07-17,10.0,9.75,700
MMKJL,2026-07-17,442.9,449.0,1413
ACLBSL,2026-07-17,932.0,935.0,611
NLIC,2026-07-17,745.0,769.9,16890
SMJC,2026-07-17,428.1,449.0,10557
SALICO,2026-07-17,610.0,620.0,4612
JBLB,2026-07-17,1250.0,1296.9,6153
HFIN,2026-07-17,650.0,696.2,44863
USHL,2026-07-17,518.7,515.0,3832
BHL,2026-07-17,200.0,212.0,119440
BANDIPUR,2026-07-17,666.0,705.0,23565
PROFL,2026-07-17,438.0,444.0,6840
SNORL,2026-07-17,779.1,803.0,25341
SGHL,2026-07-17,462.0,481.0,55633
ECL,2026-07-17,296.6,323.9,50
RBCLPO,2026-07-17,12443.2,12100.0,75
MBLEF,2026-07-17,9.84,10.05,7970
SHPC,2026-07-17,499.0,513.0,55253
SONA,2026-07-17,401.5,417.1,23789
KDL,2026-07-17,795.0,816.0,2593
BNT,2026-07-17,11650.0,11650.0,70
AHL,2026-07-17,425.0,430.0,4378
KSBBL,2026-07-17,475.0,485.8,12637
LBBL,2026-07-17,485.0,495.0,23295
UNHPL,2026-07-16,402.0,378.0,16510
PBD88,2026-07-16,1250.0,1250.0,25
NWCL,2026-07-16,693.0,723.0,3898
NMBD89/90,2026-07-16,1424.0,1460.0,70
MHL,2026-07-16,475.0,469.0,11462
SPHL,2026-07-16,515.4,575.3,12638
AKJCL,2026-07-16,344.0,337.0,403201
SPC,2026-07-16,410.1,420.9,1085
MANDU,2026-07-16,800.0,800.0,3127
PHCL,2026-07-16,306.7,290.0,141142
GUFLPO,2026-07-16,298.0,298.0,2000
NRM,2026-07-16,295.1,300.0,7884
SSHL,2026-07-16,190.0,194.9,74593
SBD87,2026-07-16,1166.0,1150.0,200005
HHL,2026-07-16,332.0,323.0,16728
GUFL,2026-07-16,545.0,540.0,2429
GMLI,2026-07-16,1173.0,1169.9,934
MKJC,2026-07-16,468.3,445.0,2259
NIBLGF,2026-07-16,9.21,10.91,39150
MFIL,2026-07-16,750.0,772.0,13195
RHPL,2026-07-16,267.7,253.0,11999
KSY,2026-07-16,9.75,10.03,300
MPFL,2026-07-16,600.0,594.0,2831
IHL,2026-07-16,340.0,343.8,5430
HLICF,2026-07-16,8.7,8.7,4360
NHPC,2026-07-16,257.0,243.0,169424
LVF2,2026-07-16,9.75,9.77,12500
PMHPL,2026-07-16,325.0,315.8,1472
ALBSL,2026-07-16,1020.0,1050.0,3421
MHCL,2026-07-16,307.0,309.0,1625
GLH,2026-07-16,244.0,243.0,21079
CFCL,2026-07-16,604.0,608.9,36063
KBLD90,2026-07-16,1320.0,1488.0,246
SBID89,2026-07-16,1149.5,1150.0,125
PMLIP,2026-07-16,255.0,255.0,13000
USLB,2026-07-16,1163.0,1125.6,804
NRN,2026-07-16,1423.8,1344.0,169919
BNT,2026-07-16,11750.0,11610.0,120
PPCL,2026-07-16,340.8,330.0,5691
RHGCL,2026-07-16,251.0,249.9,14851
NCCD86,2026-07-16,1225.6,1299.0,220
LICN,2026-07-16,782.0,789.8,6429
SAPDBL,2026-07-16,720.1,730.1,17409
EDBL,2026-07-16,578.0,561.3,2995
SMHL,2026-07-16,474.0,485.0,68832
BGWT,2026-07-16,546.0,546.0,1434
NSY,2026-07-16,10.09,9.75,19800
CIZBD86,2026-07-16,1177.0,1177.0,1
KBL,2026-07-16,212.0,210.0,128012
NESDO,2026-07-16,1480.0,1466.0,334
MSHL,2026-07-16,585.0,589.0,899
SHIVM,2026-07-16,627.5,621.0,58274
PSF,2026-07-16,11.71,11.8,6100
SMPDA,2026-07-16,755.0,748.9,1270
CITY,2026-07-16,352.0,341.1,96039
HEI,2026-07-16,526.0,520.0,7317
RFPL,2026-07-16,315.0,326.0,32454
LBBL,2026-07-16,508.2,483.4,31140
GIBF1,2026-07-16,10.5,10.5,12150
JFL,2026-07-16,390.0,383.0,3435
GFCL,2026-07-16,601.1,590.1,7913
SAGAR,2026-07-16,1570.0,1618.0,14532
CBBL,2026-07-16,916.0,922.0,18030
SAGF,2026-07-16,10.01,10.45,300
HFIN,2026-07-16,650.0,644.0,20044
OHL,2026-07-16,683.4,682.0,2134
PCBL,2026-07-16,231.0,239.9,64646
HDHPC,2026-07-16,206.0,203.0,91767
RBBD2088,2026-07-16,1083.0,1083.0,24176
SCB,2026-07-16,639.0,666.1,14522
SIGS2,2026-07-16,10.4,11.0,7000
KBLD86,2026-07-16,1359.0,1387.5,5
RBCL,2026-07-16,14797.0,14879.0,60
SRLI,2026-07-16,370.0,378.8,10384
MKCL,2026-07-16,1070.0,1101.0,1594
CHL,2026-07-16,259.0,256.0,14841
AVYAN,2026-07-16,1029.9,1042.0,9282
SABBL,2026-07-16,830.1,835.0,9425
DOLTI,2026-07-16,318.1,317.9,23852
NMFBS,2026-07-16,1109.0,1102.0,1333
OMPL,2026-07-16,895.0,880.0,3590
NIMB,2026-07-16,190.0,190.0,94936
ICFCD88,2026-07-16,1178.6,1164.0,30
EBLD85,2026-07-16,1160.0,1160.0,25
KMCDB,2026-07-16,761.0,772.6,857
MDB,2026-07-16,568.0,582.0,7145
DDBL,2026-07-16,839.9,850.0,10041
NMBMF,2026-07-16,606.6,593.0,1175
NGPL,2026-07-16,406.0,398.0,228603
BHL,2026-07-16,210.0,204.0,31388
RADHI,2026-07-16,708.0,700.0,24647
FOWADP,2026-07-16,550.0,550.0,5324
MNBBL,2026-07-16,362.4,362.9,12086
JSLBB,2026-07-16,970.0,999.0,1396
SYPNL,2026-07-16,1282.0,1255.0,37066
FOWAD,2026-07-16,1000.0,979.0,1764
EBLD91,2026-07-16,1100.0,1120.0,14520
MCHL,2026-07-16,269.7,275.1,1917
NBL,2026-07-16,264.0,261.6,38995
CHCL,2026-07-16,477.2,475.1,14892
APHL,2026-07-16,800.0,819.0,9640
SRBLD83,2026-07-16,1099.0,1098.9,20217
HATHY,2026-07-16,675.0,672.9,6428
ICFCD83,2026-07-16,1140.0,1154.0,6
BBC,2026-07-16,4239.0,4169.0,60
NMB50,2026-07-16,10.19,10.18,14700
USHL,2026-07-16,516.0,494.0,3800
UPPER,2026-07-16,192.0,191.3,44003
SBI,2026-07-16,385.1,392.9,10894
NIBD84,2026-07-16,1096.0,1102.0,48315
UHEWA,2026-07-16,578.0,553.0,28801
SBLD2091,2026-07-16,1090.0,1090.0,15000
NBF2,2026-07-16,9.9,9.9,6311
SAHAS,2026-07-16,637.1,636.0,64937
NICLBSL,2026-07-16,560.0,542.0,4464
RURU,2026-07-16,603.2,618.0,8361
SHL,2026-07-16,496.0,489.5,14876
RSDC,2026-07-16,661.0,649.8,841
SOHL,2026-07-16,520.0,509.0,107520
KBLD89,2026-07-16,1309.0,1314.0,777
KAHL,2026-07-16,480.0,473.0,20278
RMF2,2026-07-16,10.0,10.0,3100
SWBBL,2026-07-16,651.0,643.0,53284
TAMOR,2026-07-16,458.3,437.0,35199
MHNL,2026-07-16,233.0,235.0,7796
SFMF,2026-07-16,10.1,10.0,10000
MERO,2026-07-16,663.0,670.0,5384
SAIL,2026-07-16,893.5,838.0,11597
SICL,2026-07-16,613.0,615.0,3805
SMJC,2026-07-16,439.9,426.3,20465
SIKLES,2026-07-16,553.1,554.9,5087
UMHL,2026-07-16,571.7,572.0,123162
RSML,2026-07-16,2970.0,2970.0,29513
ACLBSL,2026-07-16,905.0,932.0,609
SHINED,2026-07-16,1145.0,1144.0,7
MKHC,2026-07-16,289.0,283.3,5751
NBLD82,2026-07-16,1086.0,1086.0,10000
SBLD89,2026-07-16,1273.0,1300.0,425
BUNGAL,2026-07-16,571.9,585.0,40201
STC,2026-07-16,5100.0,5169.0,56
AHL,2026-07-16,414.0,414.0,1528
UNLB,2026-07-16,1338.6,1275.0,375
NUBL,2026-07-16,601.0,635.0,13871
PPL,2026-07-16,307.0,320.0,9133
MBJC,2026-07-16,275.0,266.5,4372
JOSHI,2026-07-16,252.0,255.9,14122
PMLI,2026-07-16,463.0,433.1,3461
NICL,2026-07-16,534.4,512.9,10117
TRH,2026-07-16,760.1,785.0,1675
PURE,2026-07-16,753.0,865.0,8388
SARBTM,2026-07-16,780.0,772.0,15491
NIBLSTF,2026-07-16,8.92,9.04,36531
BNHC,2026-07-16,293.4,278.0,33568
SMH,2026-07-16,507.0,504.8,8435
ILBS,2026-07-16,817.0,864.0,481
KDBY,2026-07-16,10.69,10.74,61620
MFLD85,2026-07-16,1180.0,1187.5,25
SWASTIK,2026-07-16,1950.2,1960.0,384
VLBS,2026-07-16,652.0,650.0,2590
DHPL,2026-07-16,270.0,275.0,1171
BNL,2026-07-16,14100.0,14150.0,20
TPC,2026-07-16,357.0,349.0,11409
HIDCLP,2026-07-16,197.4,188.0,133299
LBLD86,2026-07-16,1151.0,1229.0,216
NIFRA,2026-07-16,244.0,245.6,39713
NSIF2,2026-07-16,10.23,10.23,100
HPPL,2026-07-16,344.0,344.0,92919
RLFL,2026-07-16,459.0,450.0,31854
AKPL,2026-07-16,264.0,249.0,48150
SHPC,2026-07-16,489.0,490.0,44711
KHPL,2026-07-16,920.0,916.0,14177
CBLD88,2026-07-16,1305.0,1314.0,5
JBLB,2026-07-16,1230.0,1250.0,1473
SLBSL,2026-07-16,1103.0,1100.0,1986
PCIL,2026-07-16,590.0,595.0,43238
DORDI,2026-07-16,252.0,247.0,6530
PBD84,2026-07-16,1085.0,1085.0,25
GBIMESY2,2026-07-16,9.97,9.98,16750
NLG,2026-07-16,603.0,558.0,9654
NMB,2026-07-16,241.5,239.5,13630
USHEC,2026-07-16,483.1,489.0,2081
BEDC,2026-07-16,315.0,308.0,11679
ILI,2026-07-16,401.2,408.0,6793
CSY,2026-07-16,9.06,9.02,8920
NLICL,2026-07-16,609.0,579.0,68074
KKHC,2026-07-16,254.0,249.0,22390
PRIN,2026-07-16,676.1,668.1,1666
SBID2090,2026-07-16,1100.0,1100.0,21633
SNLI,2026-07-16,419.0,422.1,4151
SPL,2026-07-16,618.0,662.0,6146
PRVU,2026-07-16,190.0,189.6,55989
SINDU,2026-07-16,714.0,670.0,6146
GLBSL,2026-07-16,1770.0,1763.9,257
RBCLPO,2026-07-16,11350.0,12828.0,350
DHEL,2026-07-16,550.0,540.1,20078
CREST,2026-07-16,1186.9,1174.7,6005
PRSF,2026-07-16,12.41,12.35,153828
GSY,2026-07-16,9.91,10.3,32000
SKBBL,2026-07-16,745.0,751.9,14872
HBLD86,2026-07-16,1215.0,1220.0,65
HURJA,2026-07-16,229.0,226.5,24506
NLIC,2026-07-16,781.0,749.8,18816
GHL,2026-07-16,219.9,215.0,31722
CCBD88,2026-07-16,1290.0,1326.0,151035
SMATA,2026-07-16,720.0,730.0,1828
SANIMA,2026-07-16,352.9,350.0,50971
KPCL,2026-07-16,455.3,459.0,12862
GMFIL,2026-07-16,452.0,450.0,12841
BHDC,2026-07-16,422.0,423.0,6296
SHLB,2026-07-16,1479.0,1479.0,10
GBBL,2026-07-16,403.0,403.8,19856
SJCL,2026-07-16,269.0,272.9,8303
NIBSF2,2026-07-16,8.85,9.1,72200
MLBS,2026-07-16,1151.0,1149.4,465
SBCF,2026-07-16,9.37,9.75,12790
GBLBS,2026-07-16,734.0,730.1,211
CGH,2026-07-16,808.5,755.2,6674
NICD88,2026-07-16,1125.0,1125.0,54
BJHL,2026-07-16,702.0,681.0,3138
NBLD85,2026-07-16,1100.0,1100.0,20
CZBIL,2026-07-16,197.9,196.9,30884
SGIC,2026-07-16,497.4,469.0,13349
CIZBD90,2026-07-16,1225.0,1210.0,101780
ENL,2026-07-16,817.0,805.0,764
NIL,2026-07-16,609.0,610.0,3627
MBLEF,2026-07-16,9.88,10.0,1600
SMBPO,2026-07-16,986.0,986.0,7661
SJLIC,2026-07-16,418.0,413.0,5855
VLUCL,2026-07-16,422.1,428.0,1680
SLCF,2026-07-16,9.7,10.55,5500
RMF1,2026-07-16,10.05,10.05,49324
UMRH,2026-07-16,515.0,517.0,5017
PROFL,2026-07-16,451.5,433.0,3120
GCIL,2026-07-16,323.0,340.0,28976
RLEL,2026-07-16,743.8,713.0,7825
MAKAR,2026-07-16,452.1,488.0,14572
HDL,2026-07-16,1143.2,1140.0,36014
NICFC,2026-07-16,9.5,9.06,2340
NHDL,2026-07-16,639.0,630.9,17638
SHINE,2026-07-16,417.3,415.0,22436
SIPD,2026-07-16,565.0,558.9,10156
WNLB,2026-07-16,1395.0,1350.1,610
NICA,2026-07-16,330.0,325.1,21138
MATRI,2026-07-16,808.1,839.0,289
CKHL,2026-07-16,531.0,638.0,32751
GBIME,2026-07-16,242.0,240.0,55035
NADEP,2026-07-16,708.0,739.5,2760
LLBS,2026-07-16,939.3,919.9,511
SBIBD86,2026-07-16,1175.0,1161.0,500
NYADI,2026-07-16,358.1,359.0,4799
ALICL,2026-07-16,428.0,419.0,13271
DLBS,2026-07-16,1133.0,1209.0,495
ADBL,2026-07-16,303.1,309.0,21483
SOPL,2026-07-16,732.5,780.0,51223
EHPL,2026-07-16,318.3,328.3,18118
TSHL,2026-07-16,367.9,365.0,22855
LEC,2026-07-16,209.9,203.0,64279
CIT,2026-07-16,1689.0,1670.0,3427
KDL,2026-07-16,760.2,784.0,1487
LSL,2026-07-16,212.1,215.1,81383
NMIC,2026-07-16,880.0,889.9,3020
SANVI,2026-07-16,570.0,565.0,6167
SMFBS,2026-07-16,1520.0,1480.0,2147
ULBSL,2026-07-16,2729.4,2800.0,1693
SADBL,2026-07-16,420.0,404.0,9045
MMF1,2026-07-16,9.8,9.75,26000
MLBSL,2026-07-16,1734.0,1734.0,76
SKHL,2026-07-16,844.0,818.0,7013
NICAD2091,2026-07-16,1090.0,1090.0,49040
HLBSL,2026-07-16,836.1,869.4,61
GMFBS,2026-07-16,1170.0,1188.0,207
HBL,2026-07-16,193.0,194.5,24590
ANLB,2026-07-16,7200.0,7200.0,10
SBL,2026-07-16,390.0,395.0,284325
RBBF40,2026-07-16,9.71,9.99,12450
NIMBD90,2026-07-16,1271.0,1272.0,30951
MBL,2026-07-16,247.0,248.0,40714
CORBL,2026-07-16,1662.5,1596.5,89801
PBLD86,2026-07-16,1328.0,1470.0,39
NICD83/84,2026-07-16,1079.9,1079.9,10
H8020,2026-07-16,11.65,11.65,10000
MBLD2085,2026-07-16,1132.7,1233.0,33
SPDL,2026-07-16,367.0,382.9,62421
SONA,2026-07-16,401.0,401.3,11930
SIGS3,2026-07-16,10.2,10.5,1830
SMB,2026-07-16,1800.0,1827.0,3704
GBBD85,2026-07-16,1065.2,1100.0,106
NBBD2085,2026-07-16,1140.0,1140.0,142
BFC,2026-07-16,509.0,514.5,24660
AHPC,2026-07-16,265.3,262.1,37523
NABIL,2026-07-16,535.5,534.9,28326
KSBBL,2026-07-16,470.4,474.0,65907
NMLBBL,2026-07-16,520.0,534.9,9491
HIDCL,2026-07-16,250.0,250.0,62953
BANDIPUR,2026-07-16,708.1,661.0,16750
NRIC,2026-07-16,971.0,923.0,22497
SGHL,2026-07-16,470.0,462.0,36739
BPCL,2026-07-16,612.0,668.0,37996
ULHC,2026-07-16,366.5,358.2,10191
MEN,2026-07-16,560.0,568.9,27746
ADBLD83,2026-07-16,1075.1,1095.0,200
HRL,2026-07-16,584.8,553.0,43458
JHAPA,2026-07-16,1000.0,1015.0,6912
SIFC,2026-07-16,505.0,509.0,2114
HEIP,2026-07-16,325.0,378.0,7180
MLBLD89,2026-07-16,1320.0,1320.0,380
SHEL,2026-07-16,299.0,302.9,821873
SFEF,2026-07-16,9.95,10.19,12800
RSY,2026-07-16,9.76,10.24,8910
FMDBL,2026-07-16,760.0,860.0,30074
NICAD85/86,2026-07-16,1140.0,1174.0,100225
YMHL,2026-07-16,546.1,556.0,17544
MMKJL,2026-07-16,440.0,430.0,2110
SWMF,2026-07-16,629.0,618.0,3436
RAWA,2026-07-16,408.4,411.8,16584
BHPL,2026-07-16,469.2,458.3,5513
GVL,2026-07-16,468.0,480.0,18946
SKHEL,2026-07-16,868.1,874.3,1920
SPIL,2026-07-16,690.1,741.0,7889
ICFC,2026-07-16,592.0,589.0,9136
KEF,2026-07-16,10.02,10.16,2200
CHDC,2026-07-16,2173.5,2060.2,18516
BARUN,2026-07-16,314.1,319.9,18636
NFS,2026-07-16,575.0,555.0,11531
TPKHL,2026-07-16,496.0,494.8,29596
EBLD86,2026-07-16,1125.0,1125.0,10
UAIL,2026-07-16,431.1,433.0,3229
MEL,2026-07-16,210.2,214.5,3110
GBILD84/85,2026-07-16,1172.0,1173.0,175
NABBC,2026-07-16,821.0,795.0,15387
PBLD87,2026-07-16,1120.0,1120.0,10
MNMF1,2026-07-16,10.2,9.9,2500
MKHL,2026-07-16,457.0,540.0,18305
RIDI,2026-07-16,328.0,326.0,494227
GILB,2026-07-16,1078.8,1060.0,2608
SGHC,2026-07-16,330.0,320.0,16020
MABEL,2026-07-16,560.0,552.0,7084
MLBL,2026-07-16,355.8,346.0,4387
HLI,2026-07-16,333.9,321.8,113119
CYCL,2026-07-16,1320.0,1328.0,384
SCBD,2026-07-16,1137.0,1145.0,31008
C30MF,2026-07-16,9.75,10.2,740
NBF3,2026-07-16,9.7,9.93,22870
ICFCD89,2026-07-16,1108.3,1119.0,128
NICGF2,2026-07-16,9.9,9.49,2680
MSLB,2026-07-16,1193.2,1230.0,246
JBBL,2026-07-16,343.0,339.0,8028
GWFD83,2026-07-16,1140.8,1153.0,6
NTC,2026-07-16,853.0,857.5,3418
MLBBL,2026-07-16,1139.0,1117.0,2227
HIMSTAR,2026-07-16,634.0,648.5,3549
BHCL,2026-07-16,463.3,450.0,25338
SBLD84,2026-07-16,1090.0,1090.0,48769
NMBHF2,2026-07-16,9.5,10.13,79180
KBSH,2026-07-16,1215.0,1200.1,322
NICSF,2026-07-16,9.0,9.1,2800
SNORL,2026-07-16,771.0,779.0,16511
IGI,2026-07-16,449.4,449.0,12210
TVCL,2026-07-16,465.0,469.0,3379
MEHL,2026-07-16,301.0,298.0,1755
SEF,2026-07-16,10.0,10.02,10400
SALICO,2026-07-16,597.9,605.0,11795
SLBBL,2026-07-16,781.0,788.9,787
UPCL,2026-07-16,355.0,342.0,78956
GRDBL,2026-07-16,1000.4,1038.9,4462
API,2026-07-16,325.1,320.7,143676
LBBLD89,2026-07-16,1305.0,1308.0,205
TTL,2026-07-16,700.0,696.5,7422
RNLI,2026-07-16,437.1,440.0,6013
CLI,2026-07-16,435.0,435.1,4932
EBL,2026-07-16,697.0,695.0,33249
MPFL,2026-07-15,606.2,600.0,3665
SMJC,2026-07-15,425.0,440.0,7898
DLBS,2026-07-15,1200.0,1165.0,476
NABBC,2026-07-15,740.0,799.9,23899
NLICL,2026-07-15,579.0,580.0,8530
SLBBL,2026-07-15,786.0,794.5,7943
NRM,2026-07-15,296.0,301.0,12001
SNLI,2026-07-15,416.0,424.0,4205
GILB,2026-07-15,1045.7,1078.8,5142
NABIL,2026-07-15,515.0,534.0,57577
SAHAS,2026-07-15,648.0,638.3,65747
GBIME,2026-07-15,240.0,239.7,64301
SBL,2026-07-15,386.0,387.9,400291
UPCL,2026-07-15,345.0,354.0,118476
RLFL,2026-07-15,440.0,454.9,25070
NICLBSL,2026-07-15,552.0,544.0,1272
TPKHL,2026-07-15,494.0,494.0,17167
JSLBB,2026-07-15,980.0,970.0,5689
MEN,2026-07-15,560.0,559.0,57939
NWCL,2026-07-15,724.9,705.0,2274
ICFCD83,2026-07-15,1100.0,1140.0,51
CIZBD86,2026-07-15,1173.7,1177.0,48064
RSML,2026-07-15,2981.0,3000.0,27505
MKCL,2026-07-15,1065.0,1070.0,1581
LBLD86,2026-07-15,1180.0,1151.0,20010
CHL,2026-07-15,256.0,257.0,9126
MEHL,2026-07-15,292.0,297.0,3479
LLBS,2026-07-15,919.0,894.6,318
SPHL,2026-07-15,526.0,530.0,4451
BHL,2026-07-15,205.5,207.3,113620
OMPL,2026-07-15,878.1,888.0,5908
SAND2085,2026-07-15,1170.0,1245.0,472
NRN,2026-07-15,1300.0,1356.0,41928
NMIC,2026-07-15,872.0,899.0,1427
FMDBL,2026-07-15,766.0,750.0,3751
SKBBL,2026-07-15,755.0,745.0,15390
SBCF,2026-07-15,9.65,9.65,92960
MFIL,2026-07-15,730.0,777.0,47072
SKHEL,2026-07-15,898.5,889.0,3328
JFL,2026-07-15,388.0,385.0,3719
SICL,2026-07-15,608.6,610.0,10214
MERO,2026-07-15,684.9,663.0,6576
DOLTI,2026-07-15,320.0,317.9,17213
JBBL,2026-07-15,339.0,342.2,33725
HBLD83,2026-07-15,1052.0,1050.1,420000
NIMB,2026-07-15,193.0,191.0,109105
PCIL,2026-07-15,580.0,594.0,18338
SOHL,2026-07-15,530.0,523.4,43571
VLBS,2026-07-15,651.2,652.0,752
PHCL,2026-07-15,290.0,292.1,27475
SPL,2026-07-15,637.3,650.0,5000
SINDU,2026-07-15,670.1,680.0,4847
USHL,2026-07-15,511.4,492.3,1342
SJCL,2026-07-15,264.0,269.0,12158
LICN,2026-07-15,765.0,783.0,4568
NADEP,2026-07-15,701.0,705.0,167
SMH,2026-07-15,490.5,502.0,7303
NMBD87/88,2026-07-15,1208.0,1249.0,40
RFPL,2026-07-15,330.0,328.0,13611
NBBD2085,2026-07-15,1170.0,1170.0,20
MFLD85,2026-07-15,1090.3,1155.5,182
NIBLGF,2026-07-15,9.22,9.49,200
MDB,2026-07-15,578.3,575.0,4181
SGHL,2026-07-15,460.0,470.0,53760
SANVI,2026-07-15,552.0,569.0,3637
SRBLD83,2026-07-15,1099.7,1099.0,21010
STC,2026-07-15,5155.0,5170.0,5240
SHL,2026-07-15,496.0,487.0,21524
MHL,2026-07-15,466.4,478.0,1159
SWMF,2026-07-15,612.0,628.8,6442
MLBSL,2026-07-15,1740.8,1735.0,118
UAIL,2026-07-15,422.0,434.0,6438
HLBSL,2026-07-15,868.9,855.0,828
ILI,2026-07-15,410.0,401.0,14014
UPPER,2026-07-15,198.0,192.0,47635
BJHL,2026-07-15,679.0,712.0,8116
NICA,2026-07-15,330.0,329.9,29988
GSY,2026-07-15,10.0,10.0,9550
NUBL,2026-07-15,596.0,600.1,7036
JBLB,2026-07-15,1245.0,1250.0,1411
SAIL,2026-07-15,833.0,851.0,16305
ADBLD83,2026-07-15,1085.0,1076.0,105
EBLD85,2026-07-15,1169.0,1151.0,131
AHPC,2026-07-15,264.8,264.3,57964
BNT,2026-07-15,11699.9,11700.0,20
SBI,2026-07-15,390.0,387.0,20827
GHL,2026-07-15,219.9,217.5,18462
HRL,2026-07-15,560.0,557.0,33156
GVL,2026-07-15,466.0,470.0,3334
RSY,2026-07-15,9.74,10.01,2105
LBBLD89,2026-07-15,1305.0,1305.0,5
RMF2,2026-07-15,9.64,9.93,214700
SWASTIK,2026-07-15,1934.1,1997.0,573
MKHC,2026-07-15,279.1,289.0,9099
HHL,2026-07-15,309.0,332.8,23305
NIBSF2,2026-07-15,8.9,9.1,39455
RBBD2088,2026-07-15,1065.0,1070.0,312949
TSHL,2026-07-15,339.8,350.5,19262
SHINED,2026-07-15,1138.0,1145.0,185
AKPL,2026-07-15,250.0,251.5,35137
KSY,2026-07-15,9.75,9.75,6044
KBLD86,2026-07-15,1302.0,1359.0,24
SABBL,2026-07-15,866.0,840.0,7655
EDBL,2026-07-15,573.0,561.5,880
PRIN,2026-07-15,680.0,676.1,5128
DORDI,2026-07-15,245.0,246.0,10773
ULBSL,2026-07-15,3100.0,2873.0,220
GIBF1,2026-07-15,10.27,10.5,22945
HLICF,2026-07-15,8.75,8.7,700
SOPL,2026-07-15,765.0,771.0,36729
MSHL,2026-07-15,617.0,600.0,856
PSF,2026-07-15,11.51,11.7,16630
MMF1,2026-07-15,9.51,9.75,28597
SSHL,2026-07-15,195.0,195.3,69210
HEI,2026-07-15,512.0,510.9,6421
NICSF,2026-07-15,9.07,9.0,1600
KBSH,2026-07-15,1280.0,1245.0,258
NICD83/84,2026-07-15,1057.0,1052.0,208100
ALICL,2026-07-15,420.0,422.0,7934
RNLI,2026-07-15,440.0,441.8,5624
ULHC,2026-07-15,358.0,358.0,7237
SANIMA,2026-07-15,348.0,350.5,43142
GBBL,2026-07-15,402.0,400.0,37105
NFS,2026-07-15,574.0,569.0,10136
CSY,2026-07-15,9.0,9.06,7300
ILBS,2026-07-15,815.0,840.1,1182
SBID2090,2026-07-15,1100.0,1100.0,1500
PBLD86,2026-07-15,1289.0,1328.0,21
NBF3,2026-07-15,9.95,10.0,39300
UNL,2026-07-15,47899.9,47200.0,20
NICL,2026-07-15,515.0,509.0,9816
GMLI,2026-07-15,1145.5,1173.0,598
GBBLPO,2026-07-15,238.0,238.0,7300
CBBL,2026-07-15,918.0,916.0,16222
TAMOR,2026-07-15,431.3,436.5,8678
BEDC,2026-07-15,315.0,312.0,13993
SCB,2026-07-15,649.0,643.5,7822
GRDBL,2026-07-15,1010.1,1053.0,21518
UMHL,2026-07-15,555.0,573.0,29612
RBCLPO,2026-07-15,11380.0,11690.0,240
HATHY,2026-07-15,699.0,672.2,6928
SWBBL,2026-07-15,643.0,650.0,12841
PRVU,2026-07-15,188.0,189.5,70069
PPCL,2026-07-15,334.7,334.0,2437
KBLD89,2026-07-15,1275.1,1310.1,1805
SPC,2026-07-15,408.0,420.0,2500
USHEC,2026-07-15,483.0,485.0,2546
EBLD86,2026-07-15,1095.0,1100.0,5025
NICFC,2026-07-15,9.17,9.49,17270
PCBL,2026-07-15,231.0,232.0,25011
DDBL,2026-07-15,825.0,825.0,5868
GBLBS,2026-07-15,734.0,734.0,533
PMLI,2026-07-15,424.2,441.0,2198
HIDCL,2026-07-15,253.0,248.0,42075
MCHL,2026-07-15,273.0,278.0,8866
MANDU,2026-07-15,799.0,791.1,1119
USLB,2026-07-15,1169.0,1142.0,281
NCCD86,2026-07-15,1190.0,1225.5,10
NICGF2,2026-07-15,9.1,9.43,605
GWFD83,2026-07-15,1120.0,1140.8,11
ENL,2026-07-15,784.6,795.0,480
KBL,2026-07-15,209.7,212.0,121821
BGWT,2026-07-15,555.0,545.0,2037
IHL,2026-07-15,345.0,345.2,5293
SAGAR,2026-07-15,1505.0,1620.0,21862
NRIC,2026-07-15,965.0,925.0,36726
AKJCL,2026-07-15,336.0,343.7,323715
ICFC,2026-07-15,600.0,600.0,5568
NICD88,2026-07-15,1133.0,1133.0,20010
CYCL,2026-07-15,1335.0,1310.5,674
NICBF,2026-07-15,9.24,9.24,800
BNHC,2026-07-15,271.3,284.0,31776
MBL,2026-07-15,244.8,246.9,30575
RADHI,2026-07-15,695.0,708.0,53843
SEF,2026-07-15,10.0,9.96,34060
NSY,2026-07-15,9.2,9.61,26340
WNLB,2026-07-15,1321.0,1380.0,175
KBLD90,2026-07-15,1250.0,1325.0,134
SHIVM,2026-07-15,630.0,620.8,87046
NIFRA,2026-07-15,248.9,245.0,32021
RMF1,2026-07-15,9.66,9.9,575
PRSF,2026-07-15,12.61,12.37,103850
KMCDB,2026-07-15,739.2,760.0,1322
RHGCL,2026-07-15,256.0,251.0,9624
SIKLES,2026-07-15,559.0,552.0,3028
FOWAD,2026-07-15,979.0,978.8,728
SHLB,2026-07-15,1445.0,1436.0,200
MHCL,2026-07-15,305.1,308.5,3580
SYPNL,2026-07-15,1301.0,1299.8,31623
MLBS,2026-07-15,1161.0,1160.0,130
SONA,2026-07-15,404.0,407.0,13686
NBF2,2026-07-15,9.91,9.91,7100
TTL,2026-07-15,695.0,700.0,7627
NHDL,2026-07-15,645.0,639.0,2660
TVCL,2026-07-15,476.1,469.9,1420
CKHL,2026-07-15,542.5,558.0,904
RIDI,2026-07-15,301.0,322.0,174573
C30MF,2026-07-15,9.73,9.75,21920
TPC,2026-07-15,344.2,349.0,4312
GLH,2026-07-15,245.0,244.9,28160
SADBL,2026-07-15,397.0,400.0,6211
RBCL,2026-07-15,14699.0,14699.0,10
KEF,2026-07-15,10.2,10.32,15750
BUNGAL,2026-07-15,562.0,560.0,50118
NSIF2,2026-07-15,10.21,10.4,27040
CGH,2026-07-15,770.0,770.0,68796
KHPL,2026-07-15,902.0,925.3,6883
JHAPA,2026-07-15,1040.0,1048.0,11369
NLG,2026-07-15,575.0,574.5,4425
BFC,2026-07-15,535.5,507.4,18175
PROFL,2026-07-15,426.0,430.0,10047
EBL,2026-07-15,700.0,693.1,58660
CFCL,2026-07-15,634.7,609.9,49009
KSBBL,2026-07-15,480.0,470.0,11263
CLI,2026-07-15,434.1,438.9,11976
NMLBBL,2026-07-15,533.0,527.0,935
NIL,2026-07-15,600.1,609.0,1697
ALBSL,2026-07-15,1015.0,1052.0,812
PBD84,2026-07-15,1110.0,1110.0,20
MBLD2085,2026-07-15,1132.7,1132.7,25
LSL,2026-07-15,217.0,215.0,53731
NTC,2026-07-15,859.9,853.0,6065
MLBBL,2026-07-15,1120.0,1109.0,1191
SGHC,2026-07-15,320.3,334.0,14648
SBLD84,2026-07-15,1079.0,1110.0,1
NMBHF2,2026-07-15,9.5,9.4,1800
HIMSTAR,2026-07-15,650.0,649.9,3845
NESDO,2026-07-15,1520.0,1499.8,221
NMBD89/90,2026-07-15,1304.0,1424.0,75
DHPL,2026-07-15,271.9,275.9,2733
GMFBS,2026-07-15,1253.0,1199.0,80
UNLB,2026-07-15,1359.8,1275.9,241
SMB,2026-07-15,1837.7,1794.0,1191
BHDC,2026-07-15,427.0,422.1,6019
BPCL,2026-07-15,649.0,643.0,12870
NBL,2026-07-15,265.0,259.9,31214
GFCL,2026-07-15,610.0,600.0,7926
NIFRAGED,2026-07-15,1041.1,1043.3,75
SALICO,2026-07-15,580.0,592.9,1290
SFMF,2026-07-15,10.1,10.18,5700
SAGF,2026-07-15,10.0,10.3,5790
CORBL,2026-07-15,1627.5,1750.0,60676
ICFCD89,2026-07-15,1120.0,1108.3,133
HIDCLP,2026-07-15,186.0,188.0,135821
LEC,2026-07-15,211.0,205.0,40082
H8020,2026-07-15,11.55,12.0,3060
HFIN,2026-07-15,650.0,650.0,15443
MATRI,2026-07-15,818.0,815.2,21
NMB,2026-07-15,237.0,236.6,115664
PPL,2026-07-15,306.0,323.1,18740
MAKAR,2026-07-15,460.1,460.0,6986
NLIC,2026-07-15,740.1,743.9,43876
SNORL,2026-07-15,769.0,771.0,12249
FOWADP,2026-07-15,550.0,550.0,17232
CHDC,2026-07-15,2118.0,2070.0,22240
SFEF,2026-07-15,10.0,10.0,700
AVYAN,2026-07-15,1030.0,1030.0,2731
KKHC,2026-07-15,250.0,247.3,14165
SMPDA,2026-07-15,770.0,740.0,1853
SAPDBL,2026-07-15,708.0,733.0,8980
SMFBS,2026-07-15,1529.0,1520.0,538
HPPL,2026-07-15,346.3,343.1,88643
NMBMF,2026-07-15,582.0,595.3,808
GCIL,2026-07-15,322.5,323.7,22389
RURU,2026-07-15,623.0,603.0,3491
CIZBD90,2026-07-15,1224.0,1230.0,215
GBBD85,2026-07-15,1085.0,1085.0,25
MMKJL,2026-07-15,438.0,438.0,1657
MKJC,2026-07-15,442.2,446.0,1916
BHPL,2026-07-15,471.0,469.2,2163
GMFIL,2026-07-15,459.0,454.0,11606
CIT,2026-07-15,1680.0,1670.1,5708
YMHL,2026-07-15,555.0,558.0,15696
MKHL,2026-07-15,466.0,479.9,3491
UHEWA,2026-07-15,560.0,573.0,91472
ACLBSL,2026-07-15,905.0,905.0,127
APHL,2026-07-15,809.1,820.0,16019
SJLIC,2026-07-15,410.0,410.0,4925
HDHPC,2026-07-15,195.7,206.0,74341
NHPC,2026-07-15,254.9,249.9,132466
MHNL,2026-07-15,227.5,231.0,10896
SIPD,2026-07-15,597.0,565.0,6589
HURJA,2026-07-15,229.9,227.0,18128
SBLD83,2026-07-15,1070.0,1070.0,22526
BARUN,2026-07-15,318.9,316.0,32991
KAHL,2026-07-15,479.0,479.9,22727
LVF2,2026-07-15,10.0,9.95,10850
CITY,2026-07-15,349.8,346.0,90311
MLBL,2026-07-15,350.0,350.0,7687
DHEL,2026-07-15,569.9,560.0,8650
ANLB,2026-07-15,7425.0,6860.9,20
HDL,2026-07-15,1145.0,1143.0,23382
UNHPL,2026-07-15,383.0,383.0,13025
MABEL,2026-07-15,553.0,558.0,6930
HBL,2026-07-15,190.0,193.0,27955
SLBSL,2026-07-15,1110.0,1103.0,3478
MBJC,2026-07-15,267.0,268.4,6765
PMHPL,2026-07-15,310.1,315.0,3240
RHPL,2026-07-15,253.1,255.0,8784
NIFRAUR85/86,2026-07-15,1065.0,1065.0,25
UMRH,2026-07-15,520.0,521.9,8661
MNBBL,2026-07-15,361.1,362.4,15584
HEIP,2026-07-15,311.0,329.0,54
NBLD85,2026-07-15,1050.4,1088.0,100050
EHPL,2026-07-15,342.4,335.0,11299
SMATA,2026-07-15,716.1,726.2,1380
RLEL,2026-07-15,733.0,743.8,8733
BBC,2026-07-15,4126.9,4154.0,277
PBLD84,2026-07-15,1147.9,1147.9,10
API,2026-07-15,322.1,323.8,121842
NIMBPO,2026-07-15,143.0,143.0,5043
PURE,2026-07-15,732.2,759.0,3238
SPDL,2026-07-15,369.0,361.0,27047
VLUCL,2026-07-15,422.1,431.9,3992
BANDIPUR,2026-07-15,655.0,675.0,25458
KDL,2026-07-15,760.0,765.1,812
SHINE,2026-07-15,397.5,397.5,14499
HBLD86,2026-07-15,1193.0,1193.0,50000
NGPL,2026-07-15,403.1,402.0,117905
SKHL,2026-07-15,847.3,820.0,9333
BHCL,2026-07-15,447.0,463.3,9551
SMHL,2026-07-15,474.9,472.9,15425
NIBLSTF,2026-07-15,8.9,8.5,93040
SLCF,2026-07-15,10.0,10.0,147419
RSDC,2026-07-15,638.0,645.9,560
SBID83,2026-07-15,1088.4,1088.4,26
MEL,2026-07-15,216.0,216.0,4840
JOSHI,2026-07-15,250.1,252.0,6015
EBLD91,2026-07-15,1083.0,1100.0,4260
IGI,2026-07-15,429.9,428.0,5084
SGIC,2026-07-15,457.1,473.8,14485
SRLI,2026-07-15,366.5,373.0,13193
SPIL,2026-07-15,684.0,700.0,15422
NMFBSP,2026-07-15,610.0,610.0,3400
AHL,2026-07-15,413.0,415.2,1950
OHL,2026-07-15,676.0,683.4,590
SARBTM,2026-07-15,775.0,774.9,13769
CZBIL,2026-07-15,199.0,196.8,21740
GBIMESY2,2026-07-15,9.97,9.5,9700
KPCL,2026-07-15,458.0,455.0,5657
RAWA,2026-07-15,404.0,415.0,17890
SHEL,2026-07-15,293.0,298.9,185382
ADBL,2026-07-15,306.0,303.0,27903
MNMF1,2026-07-15,9.6,9.9,7300
SIGS2,2026-07-15,10.2,10.1,1500
KDBY,2026-07-15,10.7,10.77,23905
SIFC,2026-07-15,520.0,510.0,5368
LBBL,2026-07-15,482.0,484.0,23861
MBLEF,2026-07-15,9.88,10.14,6200
GUFL,2026-07-15,550.0,543.0,5311
NMFBS,2026-07-15,1145.0,1107.0,1724
CHCL,2026-07-15,482.0,476.1,20387
GLBSL,2026-07-15,1732.0,1770.0,169
PCBLP,2026-07-15,105.0,105.0,12603
HLI,2026-07-15,321.0,318.0,14073
NYADI,2026-07-15,356.0,367.0,8066
MSLB,2026-07-15,1185.0,1219.0,1209
CREST,2026-07-15,1150.0,1186.9,6693
PMLIP,2026-07-15,255.0,255.0,20349
RBBF40,2026-07-15,9.3,9.25,38301
SHPC,2026-07-15,495.0,489.0,21804
SIGS3,2026-07-15,10.5,10.5,100
ICFC,2026-07-14,588.0,596.6,10105
USLB,2026-07-14,1140.0,1141.6,989
LSL,2026-07-14,216.0,214.9,212116
GVL,2026-07-14,463.0,466.0,10331
HPPL,2026-07-14,342.1,350.9,85585
MLBLD89,2026-07-14,1234.3,1325.0,27346
JSLBB,2026-07-14,1011.0,989.8,755
ENL,2026-07-14,800.0,762.0,1295
NMFBSP,2026-07-14,610.0,610.0,10000
NMBD87/88,2026-07-14,1105.0,1215.0,11898
NFS,2026-07-14,561.0,565.8,11494
BNL,2026-07-14,13875.0,13872.8,120
SBI,2026-07-14,385.0,388.9,14388
TSHL,2026-07-14,324.1,330.0,26493
C30MF,2026-07-14,10.01,10.02,3020
GFCL,2026-07-14,595.1,600.0,8806
CLI,2026-07-14,436.0,436.0,10212
PBLD87,2026-07-14,1110.0,1150.0,35380
EBL,2026-07-14,695.0,692.6,44101
KBSH,2026-07-14,1226.0,1261.0,366
SWMF,2026-07-14,608.9,612.4,2456
KDL,2026-07-14,733.0,759.0,2771
BFC,2026-07-14,512.5,510.0,58912
HLICF,2026-07-14,8.7,8.75,1082
KSBBLD87,2026-07-14,1148.0,1229.0,9857
ICFCD89,2026-07-14,1110.0,1120.0,636
HIMSTAR,2026-07-14,625.0,644.0,8078
NIBLSTF,2026-07-14,8.67,9.07,28000
DHPL,2026-07-14,257.0,264.0,7478
SLCF,2026-07-14,9.9,10.0,365650
RSY,2026-07-14,9.7,10.0,1200
MMF1,2026-07-14,9.59,9.8,584880
AKJCL,2026-07-14,326.0,340.0,496164
MHNL,2026-07-14,229.0,226.0,44919
RBCLPO,2026-07-14,11100.0,11729.0,311
NMBHF2,2026-07-14,9.51,9.55,1910
UMRH,2026-07-14,521.8,519.9,5515
NHPC,2026-07-14,251.9,247.5,262303
GILB,2026-07-14,1045.0,1065.0,2478
HEIP,2026-07-14,311.0,320.0,35
MKHL,2026-07-14,458.1,466.0,1254
USHEC,2026-07-14,476.0,484.0,3552
AHPC,2026-07-14,257.1,262.4,65032
SJCL,2026-07-14,268.0,266.0,12572
HHL,2026-07-14,326.0,325.0,28026
OHL,2026-07-14,670.0,670.0,1696
MSHL,2026-07-14,585.0,599.9,559
SHEL,2026-07-14,290.0,292.0,378434
NESDO,2026-07-14,1442.0,1495.0,976
TPC,2026-07-14,342.0,344.0,15155
SHPC,2026-07-14,482.1,484.5,25857
CIT,2026-07-14,1680.0,1681.9,4503
ALICL,2026-07-14,418.0,419.0,13641
EDBL,2026-07-14,560.0,560.5,49491
SFMF,2026-07-14,10.5,10.3,3800
GBBL,2026-07-14,395.3,396.0,20111
UAIL,2026-07-14,427.0,433.0,9723
SGIC,2026-07-14,450.0,455.4,4344
SBCF,2026-07-14,9.7,9.65,189932
NGPL,2026-07-14,404.0,400.3,138225
DHEL,2026-07-14,560.0,560.0,13237
SBID89,2026-07-14,1200.0,1185.0,7649
HIDCL,2026-07-14,249.4,250.0,62329
ADBLD83,2026-07-14,1075.2,1085.0,261617
SARBTM,2026-07-14,770.1,774.9,8401
VLBS,2026-07-14,650.2,645.0,4691
SNORL,2026-07-14,770.0,769.0,26377
IGI,2026-07-14,424.0,425.0,4666
SRBLD83,2026-07-14,1082.0,1099.7,56850
BHL,2026-07-14,201.0,205.5,78551
MHL,2026-07-14,462.3,470.0,2932
NLICL,2026-07-14,570.0,571.0,7835
KBLD89,2026-07-14,1290.0,1299.8,2025
NIMBPO,2026-07-14,139.7,141.0,5761
PPCL,2026-07-14,327.0,325.0,26018
NIFRAGED,2026-07-14,1040.0,1040.5,50
NBF3,2026-07-14,9.98,9.95,53691
SPDL,2026-07-14,364.0,359.2,22838
NICAD2091,2026-07-14,1074.0,1106.0,98598
JHAPA,2026-07-14,1021.1,1020.0,12719
USHL,2026-07-14,504.0,487.1,6905
NICFC,2026-07-14,9.17,9.17,2600
BHCL,2026-07-14,470.0,459.0,32984
NMBD2085,2026-07-14,1143.0,1211.0,34030
SAGAR,2026-07-14,1500.0,1528.0,5425
ILI,2026-07-14,409.0,411.2,6293
RMF2,2026-07-14,9.42,9.7,2100
SEF,2026-07-14,9.95,10.0,30632
NICL,2026-07-14,503.0,505.0,6228
ICFCD83,2026-07-14,1100.0,1100.0,50
AHL,2026-07-14,407.2,410.1,2490
SDBD87,2026-07-14,1159.0,1241.0,17610
LBLD86,2026-07-14,1173.0,1180.0,50101
RFPL,2026-07-14,322.4,321.7,24382
HDHPC,2026-07-14,192.8,206.0,74524
SBLD2091,2026-07-14,1048.9,1080.0,113047
RSML,2026-07-14,2980.0,3025.0,41025
SJLIC,2026-07-14,404.0,407.2,10119
LBBL,2026-07-14,480.0,479.9,21468
NABIL,2026-07-14,525.1,530.1,76835
JOSHI,2026-07-14,250.0,252.4,17207
LUK,2026-07-14,10.0,9.9,1100
SCB,2026-07-14,635.0,635.5,22831
CORBL,2026-07-14,1550.0,1550.0,37992
NMIC,2026-07-14,881.0,887.0,3254
NMLBBL,2026-07-14,528.0,526.0,9110
SMHL,2026-07-14,455.0,466.2,22459
GLH,2026-07-14,237.2,244.9,28785
SALICO,2026-07-14,626.8,580.0,32695
SLBBL,2026-07-14,794.0,783.2,3962
TRH,2026-07-14,752.0,766.0,10226
NIFRA,2026-07-14,240.0,244.5,37484
BEDC,2026-07-14,306.0,309.0,28196
SCBD,2026-07-14,1149.9,1149.9,100
GBIMESY2,2026-07-14,9.4,9.5,300
NSIF2,2026-07-14,10.87,10.4,52099
RBBD83,2026-07-14,1036.2,1036.2,51
MERO,2026-07-14,665.0,667.2,2053
CHCL,2026-07-14,499.8,477.9,8353
SHL,2026-07-14,486.5,486.0,45360
GBBLPO,2026-07-14,238.0,238.0,49031
SHLB,2026-07-14,1400.0,1445.0,610
KPCL,2026-07-14,451.6,454.0,4346
NHDL,2026-07-14,620.0,631.0,471
GBILD86/87,2026-07-14,1166.9,1202.0,54091
BPCL,2026-07-14,680.0,638.0,27855
RBBD2088,2026-07-14,1060.0,1065.0,147008
RSDC,2026-07-14,620.0,632.0,3869
HEI,2026-07-14,507.0,512.9,33367
FMDBL,2026-07-14,750.0,745.0,10067
NBLD87,2026-07-14,1151.0,1225.0,167905
RBBF40,2026-07-14,9.15,9.3,2451040
NLIC,2026-07-14,775.0,740.2,14987
KAHL,2026-07-14,472.0,479.0,44088
HLBSL,2026-07-14,841.0,853.0,558
SBLD89,2026-07-14,1274.2,1236.0,72102
KHPL,2026-07-14,870.0,902.0,14147
CGH,2026-07-14,751.1,762.9,13989
GBIME,2026-07-14,238.0,237.2,201957
MLBSL,2026-07-14,1633.0,1703.8,242
RLEL,2026-07-14,720.1,733.0,9458
NBBD2085,2026-07-14,1138.0,1138.0,50
PMHPL,2026-07-14,304.0,309.0,6800
ILBS,2026-07-14,816.0,840.0,1517
BHPL,2026-07-14,480.0,479.0,10369
GWFD83,2026-07-14,1114.0,1120.0,302
NRM,2026-07-14,305.0,301.1,14261
MPFL,2026-07-14,605.0,594.8,17189
TTL,2026-07-14,700.0,700.0,14606
SIGS3,2026-07-14,10.19,10.49,505100
RURU,2026-07-14,591.0,615.0,3316
RAWA,2026-07-14,426.0,411.9,27656
GMLI,2026-07-14,1125.1,1170.0,3443
DDBL,2026-07-14,820.0,818.6,8333
RADHI,2026-07-14,705.0,695.0,34937
OMPL,2026-07-14,861.0,871.9,2940
VLUCL,2026-07-14,420.1,429.5,2184
BOKD86KA,2026-07-14,1174.0,1169.0,120058
SHINE,2026-07-14,397.0,396.9,21030
MKHC,2026-07-14,290.0,284.6,12308
SKHEL,2026-07-14,845.0,873.9,7591
PBLD86,2026-07-14,1218.4,1289.0,20986
EHPL,2026-07-14,345.0,332.5,18974
MNBBL,2026-07-14,362.8,360.0,31081
SBID83,2026-07-14,1094.0,1122.0,11450
SSHL,2026-07-14,185.0,195.0,103608
NICSF,2026-07-14,9.35,9.35,125000
MHCL,2026-07-14,314.1,305.2,5302
BBC,2026-07-14,4053.7,4128.0,240
RNLI,2026-07-14,439.0,440.0,12497
RHGCL,2026-07-14,253.0,249.0,44550
SBD89,2026-07-14,1236.0,1236.0,25
PMLI,2026-07-14,430.0,436.0,8135
EBLEB89,2026-07-14,1100.0,1133.0,445
NRIC,2026-07-14,921.0,924.0,19799
MKJC,2026-07-14,436.1,448.9,4334
HBLD83,2026-07-14,1051.0,1050.0,69125
MABEL,2026-07-14,546.0,553.0,7324
HBLD86,2026-07-14,1197.0,1197.0,30000
UNLB,2026-07-14,1348.4,1297.5,1981
SIKLES,2026-07-14,541.3,544.0,14937
MLBL,2026-07-14,340.1,344.5,9655
NMBD89/90,2026-07-14,1298.0,1304.0,112226
NYADI,2026-07-14,358.9,356.0,4478
GHL,2026-07-14,216.0,216.1,39776
NBLD85,2026-07-14,1079.0,1079.0,200000
GCIL,2026-07-14,321.0,322.5,17134
WNLB,2026-07-14,1300.3,1358.0,105
PRIN,2026-07-14,676.8,678.0,2449
SADBL,2026-07-14,378.1,396.1,11565
NICLBSL,2026-07-14,543.1,541.0,7772
TPKHL,2026-07-14,500.0,496.0,31104
IHL,2026-07-14,329.0,340.0,4313
NICAD85/86,2026-07-14,1139.0,1130.0,10050
CFCL,2026-07-14,610.0,604.5,47824
GMFBS,2026-07-14,1232.0,1196.0,351
MEL,2026-07-14,203.8,211.0,9125
MBJC,2026-07-14,265.0,269.4,32860
KBL,2026-07-14,209.8,208.7,151445
MAKAR,2026-07-14,456.0,460.0,4172
SFEF,2026-07-14,10.05,10.0,18560
NMB,2026-07-14,235.0,235.0,29198
SNLI,2026-07-14,420.0,422.0,9739
DORDI,2026-07-14,245.0,245.5,11909
AVYAN,2026-07-14,971.9,1031.0,975
NABILD2089,2026-07-14,1135.0,1142.0,3175
SAPDBL,2026-07-14,698.3,720.0,29571
NWCL,2026-07-14,691.0,705.0,420
SANIMA,2026-07-14,345.0,345.0,109853
RMF1,2026-07-14,9.6,9.69,1127140
DOLTI,2026-07-14,310.8,315.1,29017
LEC,2026-07-14,203.0,205.3,97031
APHL,2026-07-14,824.5,835.0,17614
SMPDA,2026-07-14,735.2,749.0,3875
UNHPL,2026-07-14,380.0,382.0,23132
RHPL,2026-07-14,252.0,255.1,16053
PCBL,2026-07-14,231.0,229.2,46844
HLI,2026-07-14,317.0,318.0,21753
KDBY,2026-07-14,10.53,10.83,79445
NIBSF2,2026-07-14,8.71,8.7,37595
GBILD84/85,2026-07-14,1145.0,1179.0,41070
CZBIL,2026-07-14,195.8,195.0,25872
GLBSL,2026-07-14,1754.9,1780.0,505
CYCL,2026-07-14,1300.1,1344.0,1319
MDB,2026-07-14,561.0,583.5,6030
KBLD86,2026-07-14,1195.0,1302.0,9459
SPC,2026-07-14,420.0,420.0,5399
ADBL,2026-07-14,305.0,303.0,23635
SBID2090,2026-07-14,1131.1,1084.0,345730
SWBBL,2026-07-14,655.4,630.5,140967
HATHY,2026-07-14,665.1,690.0,3689
PRVU,2026-07-14,190.0,188.0,86426
NLG,2026-07-14,580.0,575.0,11306
CREST,2026-07-14,1200.0,1174.9,10925
JBBL,2026-07-14,335.0,337.5,23179
NSY,2026-07-14,9.08,9.2,9760
SINDU,2026-07-14,639.5,678.9,5350
NIBLGF,2026-07-14,8.99,9.5,7300
RIDI,2026-07-14,301.0,316.0,235844
CCBD88,2026-07-14,1256.0,1313.0,4726
SIPD,2026-07-14,575.0,569.9,9433
PRSF,2026-07-14,12.45,12.6,1500
MKCL,2026-07-14,1043.0,1065.0,699
MMKJL,2026-07-14,447.7,438.0,2861
NUBL,2026-07-14,590.5,595.0,2612
SOHL,2026-07-14,501.6,530.0,49488
SOPL,2026-07-14,750.0,765.0,45784
PCIL,2026-07-14,585.1,589.7,33962
EBLD91,2026-07-14,1119.0,1082.0,331624
SIFC,2026-07-14,501.0,507.0,5153
MEHL,2026-07-14,291.6,292.0,9684
BHDC,2026-07-14,420.0,425.0,4600
BNHC,2026-07-14,261.3,277.0,84847
SHINED,2026-07-14,1105.8,1105.0,35611
PBD88,2026-07-14,1270.0,1285.0,26686
CIZBD90,2026-07-14,1175.0,1210.0,3920
SWASTIK,2026-07-14,2000.0,1980.0,704
MLBS,2026-07-14,1125.0,1184.3,600
CITY,2026-07-14,327.8,343.0,190162
SBLD84,2026-07-14,1060.0,1079.0,189908
MNMF1,2026-07-14,9.8,9.6,104945
NBLD82,2026-07-14,1089.9,1095.0,20205
MFIL,2026-07-14,760.0,767.8,46256
SPIL,2026-07-14,685.0,684.1,12308
MBLEF,2026-07-14,9.91,10.07,16500
SYPNL,2026-07-14,1224.6,1277.0,46271
JBLB,2026-07-14,1220.0,1245.0,5613
NRN,2026-07-14,1300.0,1346.1,63631
NICD88,2026-07-14,1109.0,1100.0,153199
PURE,2026-07-14,723.0,740.0,8693
UPPER,2026-07-14,189.1,191.3,130297
CHL,2026-07-14,253.0,254.7,20813
KMCDB,2026-07-14,787.5,760.0,4432
SAIL,2026-07-14,829.0,841.0,15602
API,2026-07-14,322.0,321.9,187891
BANDIPUR,2026-07-14,652.5,668.0,28561
NIFRAUR85/86,2026-07-14,1050.0,1065.0,35
STC,2026-07-14,5052.0,5150.0,1487
JFL,2026-07-14,381.0,383.2,5939
EBLD85,2026-07-14,1150.0,1150.0,411
HIDCLP,2026-07-14,182.8,185.4,109196
SMH,2026-07-14,489.0,497.0,8245
NMFBS,2026-07-14,1100.0,1107.0,6851
ALBSL,2026-07-14,1015.0,1049.0,8124
NBL,2026-07-14,267.9,260.0,91968
NIL,2026-07-14,602.09,614.0,4501
BUNGAL,2026-07-14,575.0,575.0,48150
LLBS,2026-07-14,892.4,914.0,148
ANLB,2026-07-14,7073.0,7073.0,10
KKHC,2026-07-14,245.0,250.0,33672
RBCL,2026-07-14,14399.9,14399.0,105
CIZBD86,2026-07-14,1172.0,1210.0,37174
UMHL,2026-07-14,551.0,575.0,34964
LICN,2026-07-14,803.0,772.0,7717
CBBL,2026-07-14,910.0,914.9,12815
KEF,2026-07-14,10.36,10.5,4100
SONA,2026-07-14,399.0,400.0,29034
NICGF2,2026-07-14,9.0,9.38,8200
HRL,2026-07-14,555.0,554.0,61911
SAGF,2026-07-14,10.0,10.05,300
YMHL,2026-07-14,555.0,555.0,19747
NIMB,2026-07-14,188.5,189.1,118057
PBD84,2026-07-14,1082.0,1082.0,50
JBBD87,2026-07-14,1143.3,1195.0,8769
CHDC,2026-07-14,1967.0,2070.0,10537
BARUN,2026-07-14,308.0,312.0,20668
NTC,2026-07-14,846.0,850.9,11091
ULBSL,2026-07-14,2710.0,3100.0,4467
NICA,2026-07-14,329.0,324.2,24358
MCHL,2026-07-14,275.0,272.5,6724
PROFL,2026-07-14,422.5,425.0,5510
SABBL,2026-07-14,806.1,841.5,12078
KSY,2026-07-14,9.22,9.8,3550
SANVI,2026-07-14,542.5,569.0,16369
SBLD83,2026-07-14,1054.0,1048.0,44000
SMFBS,2026-07-14,1635.3,1529.0,1009
PPL,2026-07-14,302.1,321.9,22088
SPL,2026-07-14,630.4,641.1,1488
H8020,2026-07-14,11.5,11.55,3030
ACLBSL,2026-07-14,900.0,910.0,2303
LBBLD89,2026-07-14,1318.0,1305.0,60966
SMATA,2026-07-14,727.0,730.0,2620
GRDBL,2026-07-14,1027.0,1020.0,11619
SBD87,2026-07-14,1164.0,1202.0,12485
CSY,2026-07-14,9.0,9.12,3900
SMB,2026-07-14,1775.0,1784.3,2043
CKHL,2026-07-14,525.0,542.5,915
SPHL,2026-07-14,520.0,534.0,17583
PBD85,2026-07-14,1121.0,1125.0,80
NIBD84,2026-07-14,1082.0,1064.1,134
GSY,2026-07-14,9.95,10.1,6800
SGHL,2026-07-14,462.5,461.5,56112
UHEWA,2026-07-14,565.9,557.0,24127
MBLD87,2026-07-14,1145.18,1171.0,32669
MSLB,2026-07-14,1194.1,1219.0,461
SKBBL,2026-07-14,742.1,745.0,20634
LVF2,2026-07-14,9.76,10.0,1600
SAHAS,2026-07-14,636.0,635.3,133886
HDL,2026-07-14,1149.0,1145.0,31356
BOKD86,2026-07-14,1139.0,1145.0,22458
PHCL,2026-07-14,287.5,289.9,52684
ICFCD88,2026-07-14,1165.0,1178.6,120550
GBLBS,2026-07-14,718.0,735.0,2730
BJHL,2026-07-14,650.0,679.9,10135
BGWT,2026-07-14,534.5,550.0,2957
GIBF1,2026-07-14,10.27,10.3,21150
SGHC,2026-07-14,316.0,328.0,8951
TAMOR,2026-07-14,430.1,435.1,17543
NABILD87,2026-07-14,1125.0,1158.0,168554
SICL,2026-07-14,605.0,608.6,3257
AKPL,2026-07-14,247.0,249.9,67980
HURJA,2026-07-14,224.0,226.0,43280
NBF2,2026-07-14,10.0,10.0,4700
TVCL,2026-07-14,451.0,462.3,6338
SHIVM,2026-07-14,625.0,619.0,134658
MANDU,2026-07-14,790.0,804.0,2059
NIMBD90,2026-07-14,1274.0,1250.0,310519
SRLI,2026-07-14,367.0,370.9,21876
NMBMF,2026-07-14,588.0,599.9,900
KBLD90,2026-07-14,1261.0,1250.0,420602
NABBC,2026-07-14,720.0,737.9,116099
MBL,2026-07-14,246.0,244.8,47568
UPCL,2026-07-14,365.0,354.9,56649
UNL,2026-07-14,46555.0,46505.0,20
NADEP,2026-07-14,700.2,700.2,1811
FOWAD,2026-07-14,946.0,951.0,2571
HFIN,2026-07-14,605.0,643.0,24763
SAND2085,2026-07-14,1170.0,1170.0,10
MEN,2026-07-14,553.0,565.0,43912
SLBSL,2026-07-14,1161.1,1100.0,2776
MATRI,2026-07-14,815.0,815.0,674
SMJC,2026-07-14,425.0,436.0,6399
KSBBL,2026-07-14,463.0,470.0,22414
GUFL,2026-07-14,530.0,546.9,10963
ULHC,2026-07-14,367.0,357.0,23153
PSF,2026-07-14,11.02,11.8,4695
RLFL,2026-07-14,450.0,451.0,12621
SKHL,2026-07-14,845.0,807.0,26367
GMFIL,2026-07-14,448.0,449.0,10299
HBL,2026-07-14,195.0,191.8,35099
SBL,2026-07-14,386.0,386.0,104653
MLBBL,2026-07-14,1076.7,1114.0,1066
DLBS,2026-07-14,1167.0,1200.0,755
GBBL,2026-07-13,397.3,396.1,30805
SBL,2026-07-13,386.7,386.0,92383
ICFC,2026-07-13,592.0,588.0,10251
UNHPL,2026-07-13,385.0,383.9,16037
EHPL,2026-07-13,329.0,339.0,17190
CHDC,2026-07-13,2092.0,2070.0,64512
RHPL,2026-07-13,260.2,255.1,13507
NYADI,2026-07-13,359.0,349.5,5622
HPPL,2026-07-13,356.0,348.5,168161
KBLD89,2026-07-13,1299.8,1262.0,2
RBCL,2026-07-13,14252.0,14450.0,30
BOKD86KA,2026-07-13,1146.5,1140.0,9
HRL,2026-07-13,561.0,556.0,45767
PPL,2026-07-13,306.0,318.0,15639
GIBF1,2026-07-13,10.21,10.35,1001600
GBBD85,2026-07-13,1075.2,1115.0,1026
RIDI,2026-07-13,309.0,315.9,210156
LSL,2026-07-13,216.5,215.1,67861
SARBTM,2026-07-13,787.0,772.0,19557
PBLD87,2026-07-13,1122.0,1140.0,150354
ANLB,2026-07-13,6736.8,6736.8,10
SBD87,2026-07-13,1165.0,1199.0,65
HEIP,2026-07-13,319.0,311.1,711
IHL,2026-07-13,340.1,337.5,8814
DHEL,2026-07-13,560.1,570.0,6557
PHCL,2026-07-13,307.9,289.5,63709
GRDBL,2026-07-13,1049.0,1027.0,10975
C30MF,2026-07-13,10.1,9.93,30100
NRIC,2026-07-13,957.0,925.0,37262
KAHL,2026-07-13,510.0,486.0,38258
SHPC,2026-07-13,500.0,485.0,29983
SMHL,2026-07-13,460.0,455.0,69229
BGWT,2026-07-13,517.0,520.0,843
PBD85,2026-07-13,1112.0,1112.0,30000
SWMF,2026-07-13,603.0,608.9,1412
ALBSL,2026-07-13,1029.0,1041.0,6282
AHPC,2026-07-13,261.5,261.0,71919
MEHL,2026-07-13,302.0,300.0,4388
RFPL,2026-07-13,330.0,322.4,27601
HBLD83,2026-07-13,1022.0,1052.0,40025
MBJC,2026-07-13,265.1,270.0,11742
SEF,2026-07-13,10.1,10.0,15500
MHNL,2026-07-13,228.1,229.0,20459
ACLBSL,2026-07-13,893.0,908.9,615
PROFL,2026-07-13,430.0,423.0,5570
NICFC,2026-07-13,9.32,9.16,1800
HDHPC,2026-07-13,205.3,202.9,92734
PURE,2026-07-13,730.1,723.0,3641
NMBD89/90,2026-07-13,1311.0,1305.0,204330
CKHL,2026-07-13,577.0,539.0,18075
DOLTI,2026-07-13,323.0,309.0,37230
NRM,2026-07-13,316.0,304.0,9356
UNL,2026-07-13,47000.0,46555.0,30
BUNGAL,2026-07-13,616.9,575.0,36819
SJLIC,2026-07-13,415.0,405.2,33043
TAMOR,2026-07-13,439.0,432.0,25691
NFS,2026-07-13,566.5,560.1,13966
GHL,2026-07-13,218.1,216.0,22203
NICSF,2026-07-13,9.36,9.2,3062450
CFCL,2026-07-13,607.0,600.1,156070
SPIL,2026-07-13,685.0,689.8,11675
NABILD2089,2026-07-13,1075.0,1140.0,81874
USHL,2026-07-13,517.6,480.0,950
MDB,2026-07-13,566.2,572.5,5241
BHPL,2026-07-13,481.0,467.5,7903
SIPD,2026-07-13,596.0,574.8,11523
GWFD83,2026-07-13,1072.5,1114.0,199
UMRH,2026-07-13,513.5,516.2,4452
MERO,2026-07-13,680.0,673.0,6275
PCIL,2026-07-13,609.0,590.0,35156
EDBL,2026-07-13,585.0,560.0,131010
GBILD86/87,2026-07-13,1144.0,1167.0,30535
SHINED,2026-07-13,1140.0,1140.0,10000
SDBD87,2026-07-13,1130.0,1130.0,30
SONA,2026-07-13,405.2,400.1,26467
SAHAS,2026-07-13,649.0,636.9,165275
SCBD,2026-07-13,1115.0,1132.0,113521
NWCL,2026-07-13,705.2,695.0,2008
CCBD88,2026-07-13,1230.0,1220.0,75
NIMB,2026-07-13,199.8,188.1,166988
SMH,2026-07-13,498.0,490.0,13845
CHL,2026-07-13,252.0,253.0,14166
LEC,2026-07-13,211.0,203.3,69241
SBI,2026-07-13,390.0,389.8,32122
NABIL,2026-07-13,530.0,526.3,48177
SPC,2026-07-13,412.0,415.0,1000
CBBL,2026-07-13,920.0,910.0,15967
SAPDBL,2026-07-13,775.0,735.0,31862
PSF,2026-07-13,11.52,11.6,1470600
NTC,2026-07-13,845.0,846.0,6841
SBLD2091,2026-07-13,1070.0,1080.0,10100
JBLB,2026-07-13,1230.0,1226.0,4029
LLBS,2026-07-13,932.0,920.0,222
JFL,2026-07-13,387.0,381.0,6869
BHDC,2026-07-13,442.0,425.0,5296
PRIN,2026-07-13,683.8,676.8,3349
SMPDA,2026-07-13,752.0,748.9,1810
TPC,2026-07-13,363.5,346.2,10784
NIBLGF,2026-07-13,9.22,9.0,2350
HFIN,2026-07-13,654.0,635.0,19731
SBIBD86,2026-07-13,1182.0,1182.0,30000
SFMF,2026-07-13,10.2,10.2,30740
BOKD86,2026-07-13,1103.0,1136.0,49614
MKJC,2026-07-13,449.0,447.0,2482
LICN,2026-07-13,794.0,765.0,25030
HLBSL,2026-07-13,852.0,863.0,2172
NICAD85/86,2026-07-13,1131.0,1154.0,409900
NBLD85,2026-07-13,1099.0,1081.0,35030
VLBS,2026-07-13,666.1,657.1,1860
SLCF,2026-07-13,10.0,9.9,21000
CREST,2026-07-13,1175.0,1175.0,7105
MEN,2026-07-13,561.0,552.8,130618
GBIMESY2,2026-07-13,9.09,9.5,2005175
MBL,2026-07-13,245.0,243.8,76458
HLI,2026-07-13,322.8,317.0,18680
GMLI,2026-07-13,1145.0,1150.0,1473
BARUN,2026-07-13,317.0,308.7,31972
NLICL,2026-07-13,582.0,570.0,46092
SBLD83,2026-07-13,1045.0,1045.0,22166
AVYAN,2026-07-13,1040.0,1023.0,2923
BANDIPUR,2026-07-13,705.0,665.0,36952
BNHC,2026-07-13,282.4,275.0,83916
NESDO,2026-07-13,1480.0,1485.0,1324
KBL,2026-07-13,211.3,208.0,138333
TVCL,2026-07-13,484.0,461.1,3239
MKCL,2026-07-13,1070.0,1074.0,1943
NICBF,2026-07-13,9.01,8.98,3000
KSY,2026-07-13,9.5,9.5,2450
API,2026-07-13,326.0,322.0,230835
MLBLD89,2026-07-13,1270.7,1270.7,35
GBILD84/85,2026-07-13,1119.0,1145.0,5945
MNBBL,2026-07-13,362.0,360.0,33147
SHLB,2026-07-13,1405.0,1409.7,90
SBCF,2026-07-13,9.66,9.6,3015900
SRLI,2026-07-13,373.0,367.0,38900
MSLB,2026-07-13,1269.0,1209.0,2535
LBBL,2026-07-13,481.3,470.2,36405
CYCL,2026-07-13,1301.1,1330.0,1819
JHAPA,2026-07-13,1045.0,1039.1,10573
CITY,2026-07-13,353.1,345.0,160589
NICGF2,2026-07-13,9.2,9.15,700
RADHI,2026-07-13,705.0,693.3,43019
MLBS,2026-07-13,1134.0,1149.9,672
NABBC,2026-07-13,720.0,713.3,5620
TTL,2026-07-13,715.1,699.0,14760
MLBL,2026-07-13,345.1,343.0,13825
TSHL,2026-07-13,350.0,329.0,18504
ILBS,2026-07-13,821.0,843.5,2867
RBBF40,2026-07-13,9.5,9.15,2652000
NICL,2026-07-13,520.0,503.0,15007
SKHL,2026-07-13,883.0,837.6,12275
HEI,2026-07-13,509.0,510.0,19501
SAND2085,2026-07-13,1142.5,1139.0,244975
SANVI,2026-07-13,570.0,571.0,14705
SHL,2026-07-13,490.5,486.4,29566
CIZBD86,2026-07-13,1130.0,1190.0,28563
ALICL,2026-07-13,420.2,418.0,15570
EBLD85,2026-07-13,1140.0,1120.0,29325
SMB,2026-07-13,1854.0,1800.0,1557
MKHC,2026-07-13,294.1,286.0,16302
BPCL,2026-07-13,650.0,647.9,29331
NSY,2026-07-13,9.09,9.31,21950
GMFIL,2026-07-13,450.2,448.0,7829
UMHL,2026-07-13,580.0,573.9,74747
UHEWA,2026-07-13,536.8,555.0,8159
GILB,2026-07-13,1090.0,1065.0,424
USLB,2026-07-13,1152.3,1169.0,914
FOWAD,2026-07-13,960.0,960.0,2967
RLEL,2026-07-13,738.0,735.0,15101
VLUCL,2026-07-13,429.0,424.0,2129
WNLB,2026-07-13,1320.0,1340.0,181
NIMBPO,2026-07-13,139.1,143.1,327
MBLEF,2026-07-13,10.0,9.91,510600
SHIVM,2026-07-13,629.0,619.9,67449
NMBD2085,2026-07-13,1150.0,1150.0,40000
H8020,2026-07-13,11.45,11.7,1220
NMB,2026-07-13,240.0,235.9,24649
NRN,2026-07-13,1350.0,1346.0,53243
CGH,2026-07-13,778.0,760.0,10461
NMB50,2026-07-13,10.49,10.49,3100
SLBBL,2026-07-13,780.2,786.0,3918
BNT,2026-07-13,11551.0,11551.0,20
BEDC,2026-07-13,315.0,310.1,26916
PMHPL,2026-07-13,322.4,304.0,5233
NMBHF2,2026-07-13,9.58,9.51,10001600
MEL,2026-07-13,225.5,210.0,11814
SFEF,2026-07-13,10.0,10.0,6000
MABEL,2026-07-13,585.0,562.0,5550
SKBBL,2026-07-13,746.0,744.0,24433
KKHC,2026-07-13,256.0,245.0,37314
PPCL,2026-07-13,325.0,324.0,32459
NADEP,2026-07-13,726.0,719.9,870
NBF3,2026-07-13,9.95,9.98,14000
UNLB,2026-07-13,1335.5,1286.9,816
NIFRA,2026-07-13,245.0,244.0,50878
LBLD88,2026-07-13,1125.0,1150.0,43150
SSHL,2026-07-13,195.0,192.2,78046
STC,2026-07-13,5150.0,5050.0,1060
NMIC,2026-07-13,900.1,885.0,5163
ULHC,2026-07-13,373.1,368.9,8160
PMLI,2026-07-13,440.0,434.1,5913
RSY,2026-07-13,9.81,10.0,5700
MFIL,2026-07-13,770.0,769.8,20676
NLIC,2026-07-13,758.0,739.0,18141
SCB,2026-07-13,638.0,637.0,20869
SPHL,2026-07-13,540.0,534.8,3561
GLBSL,2026-07-13,1770.0,1754.9,253
SNORL,2026-07-13,810.0,780.0,28359
SAGAR,2026-07-13,1530.0,1535.0,4633
DLBS,2026-07-13,1200.0,1199.9,751
FMDBL,2026-07-13,798.0,755.0,5000
NIBLSTF,2026-07-13,8.72,8.42,151627
ENL,2026-07-13,776.0,784.0,185
UAIL,2026-07-13,429.2,427.0,5172
HHL,2026-07-13,330.2,328.0,25692
NSIF2,2026-07-13,10.54,10.56,2000
LVF2,2026-07-13,9.76,9.77,700
HBL,2026-07-13,192.8,190.8,60904
KBLD90,2026-07-13,1225.0,1225.0,100000
HIDCLP,2026-07-13,186.0,183.0,137569
HURJA,2026-07-13,226.0,222.1,52638
SOHL,2026-07-13,526.0,528.0,66804
SGHL,2026-07-13,490.0,462.5,56722
SLBSL,2026-07-13,1100.0,1197.0,10929
NMBMF,2026-07-13,595.0,595.0,1265
JSLBB,2026-07-13,997.2,1015.0,343
NIBD84,2026-07-13,1077.0,1055.0,48399
CLI,2026-07-13,444.0,436.0,17029
LUK,2026-07-13,10.3,10.0,1800
SAIL,2026-07-13,850.0,826.0,18333
NBL,2026-07-13,266.9,261.0,40020
MFLD85,2026-07-13,1090.3,1090.3,25
MKHL,2026-07-13,467.0,465.0,3640
CIZBD90,2026-07-13,1188.3,1175.0,1295
GLH,2026-07-13,247.0,240.9,50363
KEF,2026-07-13,10.83,10.66,2408770
SINDU,2026-07-13,683.1,673.1,2675
CIT,2026-07-13,1680.1,1675.0,4296
MMKJL,2026-07-13,447.0,449.0,1754
NIL,2026-07-13,620.0,605.0,12438
GBIME,2026-07-13,239.3,237.5,137598
SPL,2026-07-13,669.9,649.8,19435
RLFL,2026-07-13,464.0,450.0,19127
NICLBSL,2026-07-13,560.0,545.0,4919
MMF1,2026-07-13,9.6,9.7,457040
SMFBS,2026-07-13,1646.4,1580.0,3061
APHL,2026-07-13,858.0,849.9,18305
DHPL,2026-07-13,275.0,257.1,11997
SAGF,2026-07-13,9.95,9.95,1100
KDBY,2026-07-13,10.68,10.7,57045
RBBD83,2026-07-13,1068.0,1068.0,32445
KPCL,2026-07-13,464.0,458.0,7794
SKHEL,2026-07-13,924.0,862.0,6452
RMF2,2026-07-13,9.9,9.71,570
JOSHI,2026-07-13,258.0,250.1,9270
EBL,2026-07-13,695.1,694.0,49185
DORDI,2026-07-13,248.0,245.7,24377
AKJCL,2026-07-13,358.0,343.0,277593
RNLI,2026-07-13,440.5,439.9,17502
KDL,2026-07-13,776.0,755.0,1857
JBBD87,2026-07-13,1135.0,1110.0,59400
KBSH,2026-07-13,1285.0,1262.0,474
GVL,2026-07-13,462.0,470.0,9604
BHL,2026-07-13,205.0,201.0,60335
SGHC,2026-07-13,325.0,322.0,1690
SANIMA,2026-07-13,350.0,344.0,124457
SWASTIK,2026-07-13,1992.5,1986.0,245
NICA,2026-07-13,330.0,323.4,41983
MCHL,2026-07-13,282.7,275.0,7761
GCIL,2026-07-13,325.2,327.0,21175
AHL,2026-07-13,430.0,411.0,2368
RMF1,2026-07-13,9.7,9.79,28500
PRSF,2026-07-13,12.62,12.6,85300
GUFL,2026-07-13,546.0,538.5,6731
NHDL,2026-07-13,631.0,627.0,11015
BJHL,2026-07-13,705.0,657.0,8913
RBCLPO,2026-07-13,11153.0,11397.0,70
UPPER,2026-07-13,191.0,189.1,104329
SYPNL,2026-07-13,1330.0,1289.0,54123
KSBBL,2026-07-13,468.5,468.0,21045
EBLD91,2026-07-13,1119.0,1119.0,331559
SGIC,2026-07-13,455.0,452.1,4331
KHPL,2026-07-13,896.0,885.0,14721
GFCL,2026-07-13,605.0,595.1,7347
SIGS3,2026-07-13,10.5,10.5,67791
ILI,2026-07-13,413.1,409.0,15316
NGPL,2026-07-13,403.0,399.0,129307
RAWA,2026-07-13,426.9,406.0,35619
PBLD84,2026-07-13,1127.0,1127.0,57459
NICD83/84,2026-07-13,1045.0,1050.0,8480
MLBSL,2026-07-13,1700.0,1665.0,307
SICL,2026-07-13,612.0,608.0,4332
HATHY,2026-07-13,681.0,679.9,4910
SIFC,2026-07-13,511.1,500.0,11936
NMFBS,2026-07-13,1110.0,1104.1,966
CORBL,2026-07-13,1600.0,1600.0,23018
USHEC,2026-07-13,480.0,481.0,10014
GBLBS,2026-07-13,746.0,739.0,2541
SALICO,2026-07-13,592.0,597.0,9011
TPKHL,2026-07-13,520.0,493.0,25046
NHPC,2026-07-13,255.0,248.0,163376
AKPL,2026-07-13,255.0,248.0,56210
ICFCD89,2026-07-13,1113.0,1112.0,158
BHCL,2026-07-13,488.0,457.0,36748
NCCD86,2026-07-13,1187.0,1190.0,112239
NUBL,2026-07-13,608.0,590.2,9618
GMFBS,2026-07-13,1163.1,1174.0,833
SWBBL,2026-07-13,662.1,660.0,9075
CZBIL,2026-07-13,195.0,193.5,39954
IGI,2026-07-13,440.0,417.2,8425
LBLD86,2026-07-13,1228.0,1156.3,199
SOPL,2026-07-13,790.0,751.0,49560
SMATA,2026-07-13,730.0,732.0,2347
NBF2,2026-07-13,9.7,10.03,27011
MATRI,2026-07-13,837.5,813.0,278
PCBL,2026-07-13,232.0,231.6,54916
MSHL,2026-07-13,605.0,596.0,866
MNMF1,2026-07-13,9.8,9.8,12150
HLICF,2026-07-13,8.73,8.75,1700
BBC,2026-07-13,4091.0,4070.0,272
SMJC,2026-07-13,440.1,429.9,10403
HIMSTAR,2026-07-13,680.0,627.0,8541
CSY,2026-07-13,9.01,9.01,1700
MAKAR,2026-07-13,455.0,457.0,1300
SIKLES,2026-07-13,545.2,545.0,3923
BFC,2026-07-13,514.0,508.0,65267
NLG,2026-07-13,570.0,565.0,56368
SADBL,2026-07-13,397.4,398.0,8990
MANDU,2026-07-13,796.2,787.0,1440
PRVU,2026-07-13,180.0,188.0,87711
RHGCL,2026-07-13,255.5,253.0,17073
OHL,2026-07-13,667.0,665.1,1251
DDBL,2026-07-13,813.0,816.0,2518
PBD88,2026-07-13,1240.0,1270.0,19876
JBBL,2026-07-13,340.0,333.0,31072
MLBBL,2026-07-13,1115.0,1110.0,390
NMBD87/88,2026-07-13,1155.0,1135.0,423278
ADBLD83,2026-07-13,1090.0,1076.0,78729
MHCL,2026-07-13,312.0,305.0,5193
CHCL,2026-07-13,478.0,476.0,12296
SJCL,2026-07-13,263.2,268.0,6577
SHEL,2026-07-13,295.0,290.0,70178
ADBL,2026-07-13,301.0,302.5,24807
RSDC,2026-07-13,632.1,627.0,4118
SNLI,2026-07-13,422.0,422.0,7977
SPDL,2026-07-13,365.0,360.0,18675
KBLD86,2026-07-13,1144.6,1195.0,40285
KMCDB,2026-07-13,808.0,766.0,7732
SABBL,2026-07-13,860.0,818.0,13736
NMLBBL,2026-07-13,522.1,528.0,5471
RSML,2026-07-13,3000.0,3029.0,23433
NIBSF2,2026-07-13,8.86,8.46,3702321
MBLD2085,2026-07-13,1171.0,1163.0,50000
SBLD84,2026-07-13,1037.0,1037.0,69
UPCL,2026-07-13,361.0,359.0,32636
HDL,2026-07-13,1145.0,1142.0,34920
TRH,2026-07-13,783.0,774.0,1982
YMHL,2026-07-13,584.0,556.1,16850
HIDCL,2026-07-13,247.0,246.6,32749
MPFL,2026-07-13,600.0,599.9,6143
RURU,2026-07-13,610.0,602.5,4144
GSY,2026-07-13,10.0,9.95,24850
MHL,2026-07-13,467.0,468.0,3478
SHINE,2026-07-13,398.0,397.0,15517
SRBLD83,2026-07-13,1065.0,1082.0,80010
OMPL,2026-07-13,881.2,866.0,2601
ULBSL,2026-07-13,3360.0,2839.0,3316
SBLD89,2026-07-13,1260.0,1237.1,170682
MLBLD89,2026-07-10,1310.0,1310.0,100
VLBS,2026-07-10,664.1,666.1,941
SIKLES,2026-07-10,555.0,550.0,8446
NESDO,2026-07-10,1500.0,1509.1,1175
KPCL,2026-07-10,467.5,461.2,8910
NABBC,2026-07-10,712.0,720.0,21002
EBLD86,2026-07-10,1095.0,1100.0,45
RADHI,2026-07-10,670.0,710.0,52400
UNHPL,2026-07-10,390.0,386.0,14789
LVF2,2026-07-10,9.75,9.75,700
BARUN,2026-07-10,310.0,314.0,23299
ICFC,2026-07-10,605.0,598.0,8273
GBIME,2026-07-10,242.0,239.5,206018
GFCL,2026-07-10,603.0,605.0,8569
MDB,2026-07-10,573.0,567.0,3392
RBCL,2026-07-10,14250.0,14492.0,100
JSLBB,2026-07-10,999.0,1028.0,271
BNHC,2026-07-10,300.1,297.2,4076
GIBF1,2026-07-10,10.3,10.5,1300
NSIF2,2026-07-10,10.6,10.65,800
CREST,2026-07-10,1180.0,1189.8,6962
SHIVM,2026-07-10,620.0,621.5,66153
SHINE,2026-07-10,402.0,398.0,14060
NMLBBL,2026-07-10,535.0,531.2,6390
UNLB,2026-07-10,1260.1,1272.8,115
HEIP,2026-07-10,336.7,328.3,1846
PBLD87,2026-07-10,1095.0,1090.0,358
NIFRAGED,2026-07-10,1040.0,1050.0,163
RLFL,2026-07-10,467.7,459.7,25717
MKHL,2026-07-10,490.0,477.0,5085
H8020,2026-07-10,11.65,11.8,22706
SARBTM,2026-07-10,796.0,793.0,7314
API,2026-07-10,329.0,325.5,258635
BHL,2026-07-10,207.0,203.0,86456
RMF2,2026-07-10,9.95,9.95,100
SJCL,2026-07-10,275.0,269.0,6988
MBLEF,2026-07-10,9.83,10.0,1000
GCIL,2026-07-10,329.0,334.7,20772
PPCL,2026-07-10,330.0,329.0,14785
NBBD2085,2026-07-10,1105.1,1105.0,16800
NIBLSTF,2026-07-10,9.5,8.47,120850
NYADI,2026-07-10,374.0,349.0,22407
UMHL,2026-07-10,551.0,576.0,21273
NBL,2026-07-10,251.0,264.5,32108
SBLD89,2026-07-10,1270.68,1282.0,177290
SBI,2026-07-10,392.0,390.9,9092
NMFBSP,2026-07-10,610.0,610.0,8130
SMATA,2026-07-10,734.0,736.0,850
ADBL,2026-07-10,288.8,303.2,17742
SBLD84,2026-07-10,1056.0,1056.0,43600
MLBSL,2026-07-10,1686.2,1700.0,301
NBF3,2026-07-10,9.7,10.1,47740
GMFBS,2026-07-10,1220.0,1199.0,388
CIT,2026-07-10,1700.0,1684.0,5398
SHPC,2026-07-10,497.0,490.0,40738
NMBD2085,2026-07-10,1131.0,1131.0,15
STC,2026-07-10,5179.0,5145.0,1427
HLICF,2026-07-10,8.49,8.73,2832
BHCL,2026-07-10,474.0,474.0,35162
DHPL,2026-07-10,281.0,275.0,945
ILI,2026-07-10,415.9,415.0,8894
CKHL,2026-07-10,570.0,562.0,310
MLBL,2026-07-10,351.0,345.4,15835
SLCF,2026-07-10,10.0,10.0,28100
RNLI,2026-07-10,449.7,444.0,15966
LUK,2026-07-10,10.0,10.0,1600
NMBHF2,2026-07-10,9.39,9.78,3799
KDL,2026-07-10,771.0,775.1,2429
DORDI,2026-07-10,246.0,250.0,20947
NRN,2026-07-10,1371.0,1376.0,63259
BOKD86KA,2026-07-10,1142.0,1146.5,145730
UHEWA,2026-07-10,535.6,565.0,23678
SCBD,2026-07-10,1141.0,1115.0,181424
RBBF40,2026-07-10,9.25,9.26,2400
SMB,2026-07-10,1730.9,1854.0,1107
LLBS,2026-07-10,892.0,918.3,54
USHL,2026-07-10,496.8,493.0,2502
CIZBD86,2026-07-10,1178.6,1130.0,38024
HURJA,2026-07-10,230.0,226.0,56263
RBBD83,2026-07-10,1061.0,1062.0,657906
AKJCL,2026-07-10,330.0,348.7,296296
ILBS,2026-07-10,900.0,847.0,3353
CIZBD90,2026-07-10,1210.0,1225.0,4705
NSY,2026-07-10,9.3,9.37,35400
NLG,2026-07-10,575.0,569.8,4916
MANDU,2026-07-10,800.0,809.0,910
NABILD2089,2026-07-10,1090.3,1090.3,25
TVCL,2026-07-10,482.0,470.0,3094
SNLI,2026-07-10,421.0,425.0,6562
GLH,2026-07-10,246.1,247.2,33842
HHL,2026-07-10,333.2,333.8,21448
RAWA,2026-07-10,441.0,418.8,20450
SFEF,2026-07-10,9.95,10.0,300
SHEL,2026-07-10,297.8,295.0,36321
BGWT,2026-07-10,532.0,516.1,5738
SGHL,2026-07-10,455.0,487.0,69740
EHPL,2026-07-10,369.6,346.0,20219
GSY,2026-07-10,10.1,10.0,4500
MND84/85,2026-07-10,1090.0,1100.0,88579
KHPL,2026-07-10,892.9,897.9,6756
PCBL,2026-07-10,240.0,231.0,50684
KBL,2026-07-10,210.0,210.4,81682
SHL,2026-07-10,497.8,490.5,16511
SWMF,2026-07-10,620.0,615.9,1832
RBBD2088,2026-07-10,1062.0,1060.0,48377
GBILD84/85,2026-07-10,1125.0,1120.0,130017
IGI,2026-07-10,440.0,427.8,8062
KBLD89,2026-07-10,1255.0,1299.8,147306
UMRH,2026-07-10,523.8,518.0,10160
MKJC,2026-07-10,448.0,449.8,2568
HEI,2026-07-10,518.0,510.0,16277
SIGS3,2026-07-10,10.43,10.6,13150
MEL,2026-07-10,211.2,214.8,8809
MATRI,2026-07-10,825.0,820.1,381
HATHY,2026-07-10,675.0,689.8,3429
CHCL,2026-07-10,477.0,478.0,37671
GBLBS,2026-07-10,730.0,737.0,1305
CORBL,2026-07-10,1690.0,1647.0,73552
MERO,2026-07-10,690.0,683.0,7572
GLBSL,2026-07-10,1739.0,1770.0,53
CITY,2026-07-10,345.8,356.8,192387
SBID83,2026-07-10,1087.0,1090.0,35475
SHINED,2026-07-10,1140.0,1140.0,10000
OMPL,2026-07-10,900.0,900.0,3327
UNL,2026-07-10,47000.0,46550.1,20
GMLI,2026-07-10,1116.0,1149.0,356
SMH,2026-07-10,508.2,497.0,9549
BFC,2026-07-10,544.1,512.3,45872
GBBD85,2026-07-10,1090.0,1090.0,25
USLB,2026-07-10,1175.0,1169.0,844
NGPL,2026-07-10,409.8,406.9,115383
MLBS,2026-07-10,1135.0,1169.0,30
RIDI,2026-07-10,325.1,324.5,143335
CCBD88,2026-07-10,1211.0,1230.0,10010
SOPL,2026-07-10,792.6,790.0,33604
BUNGAL,2026-07-10,571.1,600.1,39341
TPKHL,2026-07-10,496.0,525.8,31763
RMF1,2026-07-10,9.68,9.8,7600
SALICO,2026-07-10,609.7,591.9,4171
HIDCL,2026-07-10,246.8,247.4,72974
MBL,2026-07-10,233.0,245.3,81586
RHPL,2026-07-10,261.0,260.3,9772
NICBF,2026-07-10,9.12,9.1,3000
SRBLD83,2026-07-10,1060.0,1052.1,100000
DLBS,2026-07-10,1169.0,1200.0,279
MBJC,2026-07-10,264.0,270.0,5027
SPL,2026-07-10,650.0,651.0,762
SMJC,2026-07-10,440.0,437.0,13024
PMLI,2026-07-10,444.5,442.1,2051
SINDU,2026-07-10,686.0,693.0,9583
MHNL,2026-07-10,226.0,235.0,39780
EBLD85,2026-07-10,1104.0,1147.0,331
LBLD86,2026-07-10,1202.8,1228.0,49862
DDBL,2026-07-10,829.0,820.0,6310
SBLD83,2026-07-10,1052.0,1038.0,52820
NHPC,2026-07-10,256.0,253.0,148326
PMHPL,2026-07-10,310.0,313.1,2283
CFCL,2026-07-10,622.5,610.0,41982
NADEP,2026-07-10,725.0,724.9,618
MNMF1,2026-07-10,9.8,9.85,85300
NMFBS,2026-07-10,1104.2,1106.1,4215
MMKJL,2026-07-10,454.0,455.0,1633
KAHL,2026-07-10,477.0,510.0,51203
RSY,2026-07-10,9.95,10.1,3200
RSDC,2026-07-10,654.0,643.0,3140
MKCL,2026-07-10,1082.0,1083.0,1863
JOSHI,2026-07-10,261.0,256.0,6106
SWBBL,2026-07-10,680.0,671.3,19495
RSML,2026-07-10,2940.0,3034.9,41428
UPPER,2026-07-10,192.0,190.9,55084
NRM,2026-07-10,320.0,318.0,6711
NBF2,2026-07-10,9.99,9.9,12315
KSBBL,2026-07-10,470.0,468.5,26190
CHDC,2026-07-10,2110.0,2117.0,11804
KMCDB,2026-07-10,813.6,800.0,1186
MBLD87,2026-07-10,1136.0,1145.1,100003
HBL,2026-07-10,190.0,192.8,42614
ALBSL,2026-07-10,1031.0,1061.0,8403
HPPL,2026-07-10,363.0,365.0,29137
SPDL,2026-07-10,370.0,367.9,15833
NIMBD90,2026-07-10,1248.3,1248.3,300
NTC,2026-07-10,850.0,847.0,4449
NFS,2026-07-10,575.0,567.1,10979
PRIN,2026-07-10,681.0,683.0,17699
NBLD87,2026-07-10,1125.0,1174.5,781151
SMHL,2026-07-10,470.0,460.0,34062
SCB,2026-07-10,650.0,638.0,18019
NLIC,2026-07-10,750.0,741.0,24299
SHLB,2026-07-10,1413.3,1417.1,132
HDL,2026-07-10,1145.0,1142.6,17488
MSLB,2026-07-10,1201.0,1232.6,1798
PPL,2026-07-10,315.0,322.0,18095
NIFRA,2026-07-10,244.0,246.0,30253
SMFBS,2026-07-10,1619.9,1568.0,232
NMB,2026-07-10,240.0,236.5,19929
MCHL,2026-07-10,276.0,274.6,3577
BJHL,2026-07-10,740.0,699.8,5344
MMF1,2026-07-10,9.7,9.6,34230
MKHC,2026-07-10,295.2,294.7,6432
KBSH,2026-07-10,1339.0,1319.0,214
SBCF,2026-07-10,9.65,9.66,31200
SSHL,2026-07-10,195.5,195.0,93126
SOHL,2026-07-10,560.0,553.6,45294
IHL,2026-07-10,350.0,345.0,6784
PRVU,2026-07-10,181.0,189.0,77579
ICFCD89,2026-07-10,1113.0,1113.0,25
HFIN,2026-07-10,658.9,654.0,22186
UAIL,2026-07-10,434.0,433.0,11356
GVL,2026-07-10,461.0,469.8,4931
SKHL,2026-07-10,871.0,883.0,13080
APHL,2026-07-10,850.0,879.9,45663
SPHL,2026-07-10,540.0,546.0,2284
SJLIC,2026-07-10,414.0,415.0,7543
PCIL,2026-07-10,606.0,609.9,60547
LICN,2026-07-10,779.7,776.0,12912
SRLI,2026-07-10,376.9,376.9,22469
LEC,2026-07-10,196.5,206.6,57416
ENL,2026-07-10,785.0,800.0,566
EDBL,2026-07-10,567.0,558.0,1120
SKBBL,2026-07-10,745.0,746.0,22695
KKHC,2026-07-10,256.0,249.0,25227
USHEC,2026-07-10,479.4,483.2,6585
SBL,2026-07-10,390.0,389.9,76400
MHCL,2026-07-10,317.1,317.0,1410
GMFIL,2026-07-10,456.0,455.0,15923
NICA,2026-07-10,313.5,326.7,65546
MEHL,2026-07-10,312.4,310.0,4569
GRDBL,2026-07-10,1015.3,1039.0,4683
NIBSF2,2026-07-10,8.87,8.86,20300
UPCL,2026-07-10,377.0,361.0,38248
NIMB,2026-07-10,198.1,190.3,91492
CYCL,2026-07-10,1348.8,1320.0,1615
NIBD84,2026-07-10,1062.0,1062.0,48206
SICL,2026-07-10,611.0,612.0,3769
ACLBSL,2026-07-10,920.5,905.0,667
MEN,2026-07-10,568.0,560.0,96493
NIMBPO,2026-07-10,141.2,139.0,6314
NICAD2091,2026-07-10,1060.1,1074.0,200
EBL,2026-07-10,705.0,695.0,34233
GBBL,2026-07-10,402.0,398.0,29466
PROFL,2026-07-10,430.0,433.0,4948
ULBSL,2026-07-10,3200.0,3200.0,10
JBBD87,2026-07-10,1130.0,1130.0,10000
SIFC,2026-07-10,520.0,520.0,5616
NMBMF,2026-07-10,596.4,599.0,266
MABEL,2026-07-10,575.0,584.0,5674
EBLD91,2026-07-10,1090.0,1110.0,26
PBD88,2026-07-10,1265.0,1265.0,200
TAMOR,2026-07-10,439.1,439.0,26113
OHL,2026-07-10,669.0,684.5,940
RURU,2026-07-10,620.0,612.0,4126
SFMF,2026-07-10,10.2,10.2,980
SANVI,2026-07-10,602.0,588.0,8342
TTL,2026-07-10,680.7,715.0,6656
SLBSL,2026-07-10,1101.9,1136.0,3863
GBIMESY2,2026-07-10,9.31,9.09,1600
RHGCL,2026-07-10,255.0,260.0,14385
NICFC,2026-07-10,9.14,9.6,2750
HBLD86,2026-07-10,1210.0,1210.0,170
BEDC,2026-07-10,318.0,318.1,14329
NMBD89/90,2026-07-10,1313.0,1313.0,139614
SGHC,2026-07-10,320.0,327.0,6565
GILB,2026-07-10,1114.9,1090.0,1741
CGH,2026-07-10,775.0,775.0,113957
JBLB,2026-07-10,1240.0,1235.0,3574
ANLB,2026-07-10,5676.0,6416.0,1203
SYPNL,2026-07-10,1300.0,1359.0,22494
HLI,2026-07-10,320.0,318.2,20729
NMIC,2026-07-10,906.0,912.0,2998
MAKAR,2026-07-10,455.8,463.0,1536
CHL,2026-07-10,254.0,255.1,8310
CZBIL,2026-07-10,186.0,196.2,18811
BHPL,2026-07-10,499.0,489.0,2432
SBD87,2026-07-10,1127.0,1150.0,251385
NICGF2,2026-07-10,9.12,9.1,6950
SKHEL,2026-07-10,899.0,893.4,11603
MFIL,2026-07-10,771.0,775.0,30764
FMDBL,2026-07-10,760.0,760.0,6910
MPFL,2026-07-10,591.0,609.9,12428
SAIL,2026-07-10,901.9,850.0,8462
SGIC,2026-07-10,461.0,460.0,16129
AHL,2026-07-10,420.0,421.0,2658
ULHC,2026-07-10,380.0,384.5,17510
LBBL,2026-07-10,484.0,477.9,9726
SANIMA,2026-07-10,353.0,350.0,173609
NMB50,2026-07-10,10.25,10.25,2986
DOLTI,2026-07-10,320.5,323.0,17925
BPCL,2026-07-10,653.0,650.0,19571
SONA,2026-07-10,407.0,409.0,14322
SLBBL,2026-07-10,793.8,790.0,3592
SADBL,2026-07-10,408.0,399.0,12586
ALICL,2026-07-10,430.0,422.4,52075
C30MF,2026-07-10,10.01,10.01,200
MLBLPO,2026-07-10,201.0,201.0,10454
SPIL,2026-07-10,694.0,686.5,787
RFPL,2026-07-10,331.0,330.0,40662
PHCL,2026-07-10,291.1,295.0,50003
GWFD83,2026-07-10,1100.0,1072.5,300
LBBLD89,2026-07-10,1320.0,1315.0,307
NRIC,2026-07-10,940.0,937.9,15390
NUBL,2026-07-10,617.0,608.0,1771
SIPD,2026-07-10,619.5,595.1,9535
KEF,2026-07-10,10.14,11.16,20500
DHEL,2026-07-10,557.0,575.0,12300
SAHAS,2026-07-10,645.2,642.1,151731
GBILD86/87,2026-07-10,1120.0,1140.0,90
SMPDA,2026-07-10,765.0,772.0,747
AVYAN,2026-07-10,1040.0,1041.0,1386
SAPDBL,2026-07-10,765.0,763.0,11763
HIMSTAR,2026-07-10,677.9,670.0,2758
TPC,2026-07-10,355.8,353.0,9618
NWCL,2026-07-10,705.0,706.5,2365
MLBBL,2026-07-10,1125.3,1129.9,486
ADBLD83,2026-07-10,1090.0,1090.0,10
LSL,2026-07-10,227.8,218.0,100709
PSF,2026-07-10,11.27,11.85,6700
PURE,2026-07-10,755.0,744.0,3562
SPC,2026-07-10,400.0,420.0,752
NIL,2026-07-10,625.0,614.9,4517
NICL,2026-07-10,505.0,509.1,20350
MSHL,2026-07-10,587.0,610.0,703
MNBBL,2026-07-10,366.7,362.0,36985
MHL,2026-07-10,475.0,471.9,1377
SAGF,2026-07-10,10.1,10.25,1400
TRH,2026-07-10,780.0,775.0,16690
NMBD87/88,2026-07-10,1120.0,1155.0,340
WNLB,2026-07-10,1330.0,1335.0,499
SABBL,2026-07-10,875.0,860.0,10053
YMHL,2026-07-10,545.0,584.0,27399
AKPL,2026-07-10,247.0,252.4,33869
BANDIPUR,2026-07-10,701.0,701.1,22188
NICLBSL,2026-07-10,552.6,551.0,3126
SNORL,2026-07-10,881.0,820.0,38755
CLI,2026-07-10,441.0,444.9,3912
NIBLGF,2026-07-10,9.02,9.5,500
SAGAR,2026-07-10,1560.0,1569.7,3185
AHPC,2026-07-10,263.0,261.5,34581
HIDCLP,2026-07-10,186.6,184.5,103028
JHAPA,2026-07-10,1094.2,1077.0,8329
BHDC,2026-07-10,434.9,430.0,11509
KSY,2026-07-10,9.7,9.7,1500
HRL,2026-07-10,561.1,561.0,36765
HLBSL,2026-07-10,865.0,871.9,311
TSHL,2026-07-10,355.0,340.0,19296
NICAD85/86,2026-07-10,1125.2,1150.0,75
VLUCL,2026-07-10,424.0,429.0,3444
CBBL,2026-07-10,910.0,911.0,10358
JBBL,2026-07-10,335.0,335.7,8670
SADBLP,2026-07-10,220.0,220.0,149638
FOWAD,2026-07-10,988.0,960.0,1475
GHL,2026-07-10,215.4,218.9,13133
RLEL,2026-07-10,768.0,755.0,5519
KDBY,2026-07-10,10.6,10.68,6650
NHDL,2026-07-10,631.0,641.0,33801
NICSF,2026-07-10,9.3,9.35,39725
SIGS2,2026-07-10,10.25,10.2,10000
PRSF,2026-07-10,12.58,12.7,19785
CSY,2026-07-10,9.02,9.05,3500
HBLD83,2026-07-10,1021.0,1017.0,620
SEF,2026-07-10,9.96,10.22,5300
GUFL,2026-07-10,544.0,545.0,6630
NABIL,2026-07-10,534.0,527.8,53475
JFL,2026-07-10,396.0,376.2,6866
BBC,2026-07-10,4195.0,4168.0,205
NLICL,2026-07-10,580.0,573.0,74867
SWASTIK,2026-07-10,1970.1,2034.0,244
HDHPC,2026-07-10,203.1,205.0,87148
PCBL,2026-07-09,231.2,231.0,54301
DOLTI,2026-07-09,337.9,321.0,22656
SOPL,2026-07-09,827.0,792.6,39702
MBJC,2026-07-09,268.1,268.5,8913
SIGS2,2026-07-09,10.3,10.25,1900
CCBD88,2026-07-09,1228.0,1228.0,25
KDBY,2026-07-09,10.5,10.67,16710
KEF,2026-07-09,10.3,10.23,62450
PRVU,2026-07-09,190.0,190.0,70993
NHDL,2026-07-09,644.0,631.0,1413
BEDC,2026-07-09,319.0,317.9,9244
HLBSL,2026-07-09,850.0,869.0,4231
KHPL,2026-07-09,884.0,892.9,10580
PBD88,2026-07-09,1241.0,1278.0,1
CZBILP,2026-07-09,105.8,105.8,75000
RLEL,2026-07-09,800.0,768.0,5453
CSY,2026-07-09,9.01,9.02,3600
NMBD87/88,2026-07-09,1133.0,1133.0,127155
ALICL,2026-07-09,430.0,420.0,20644
SKBBL,2026-07-09,749.0,743.0,9757
BNHC,2026-07-09,304.1,300.1,5676
HATHY,2026-07-09,691.0,689.9,6267
DDBL,2026-07-09,815.2,819.1,6318
SHEL,2026-07-09,295.0,293.7,30995
RBBD83,2026-07-09,1036.6,1036.6,25
SGIC,2026-07-09,468.0,460.1,4460
MEL,2026-07-09,214.0,213.7,23778
NICLBSL,2026-07-09,551.0,552.0,3694
HIMSTAR,2026-07-09,712.0,678.0,9538
HFIN,2026-07-09,650.2,658.9,16585
RLFL,2026-07-09,439.9,463.3,20070
BJHL,2026-07-09,784.0,740.0,6061
FMDBL,2026-07-09,767.0,760.0,10388
ALBSL,2026-07-09,1058.0,1064.8,1015
KBSH,2026-07-09,1349.3,1301.0,269
SICL,2026-07-09,615.0,611.0,5014
SINDU,2026-07-09,690.0,695.0,4152
NICFC,2026-07-09,9.26,9.37,12800
MABEL,2026-07-09,600.0,578.0,8069
SAGAR,2026-07-09,1541.0,1578.0,4389
UNL,2026-07-09,46600.0,46600.0,10
NICAD85/86,2026-07-09,1160.0,1160.0,10
SJLIC,2026-07-09,413.0,414.0,17500
IHL,2026-07-09,350.0,348.0,10822
CKHL,2026-07-09,572.4,582.4,1060
SHINE,2026-07-09,403.0,399.9,26083
SMFBS,2026-07-09,1650.0,1589.9,1719
ICFCD88,2026-07-09,1120.0,1150.0,175
UHEWA,2026-07-09,577.0,563.7,16623
SSHL,2026-07-09,198.0,195.5,63363
RNLI,2026-07-09,445.5,449.7,14625
NIBSF2,2026-07-09,8.75,9.1,4999
SNORL,2026-07-09,770.0,879.0,29352
MNBBL,2026-07-09,365.0,363.0,50083
SLBBL,2026-07-09,798.0,793.8,6026
GMLI,2026-07-09,1142.0,1149.9,849
LBBL,2026-07-09,473.1,479.0,47958
SMJC,2026-07-09,447.0,440.0,8475
YMHL,2026-07-09,562.0,552.0,24730
SYPNL,2026-07-09,1310.0,1340.0,44444
MSLB,2026-07-09,1230.0,1235.0,369
SPC,2026-07-09,420.0,420.0,1969
SAPDBL,2026-07-09,770.5,769.5,9473
BFC,2026-07-09,518.0,523.0,148814
HLI,2026-07-09,318.0,320.0,21648
SANIMA,2026-07-09,353.8,352.1,55167
PROFL,2026-07-09,430.0,432.9,2307
VLBS,2026-07-09,670.0,664.0,1867
PURE,2026-07-09,780.0,749.9,8519
SWBBL,2026-07-09,670.0,669.9,43664
SPHL,2026-07-09,545.0,545.9,3068
KBL,2026-07-09,212.0,209.0,107075
MLBSL,2026-07-09,1739.0,1729.9,308
PFL,2026-07-09,358.0,364.0,4397
SFEF,2026-07-09,10.0,10.0,17860
SANVI,2026-07-09,597.0,594.0,10254
SRLI,2026-07-09,375.3,376.9,19247
GBILD84/85,2026-07-09,1100.0,1120.0,181135
NMBD2085,2026-07-09,1160.0,1130.0,79985
JBBD87,2026-07-09,1132.0,1131.0,20050
ILBS,2026-07-09,831.3,865.0,1053
NICGF2,2026-07-09,9.0,9.12,15800
UPCL,2026-07-09,349.2,359.9,50083
NMB,2026-07-09,235.0,235.6,38267
RHGCL,2026-07-09,259.7,257.9,12540
MKCL,2026-07-09,1070.0,1082.0,2262
NICL,2026-07-09,513.0,513.0,15359
SIKLES,2026-07-09,550.0,551.9,3189
GVL,2026-07-09,466.2,470.0,6136
MKHL,2026-07-09,475.0,474.5,8217
SHIVM,2026-07-09,640.0,622.9,85479
MHCL,2026-07-09,312.2,316.5,4637
GCIL,2026-07-09,336.0,328.1,25487
TPC,2026-07-09,355.5,350.0,9168
ICFC,2026-07-09,604.2,605.0,9895
JOSHI,2026-07-09,259.0,254.0,9239
PBD84,2026-07-09,1120.0,1115.0,16530
NFS,2026-07-09,575.5,567.0,6360
HLICF,2026-07-09,9.16,8.75,4200
NBL,2026-07-09,266.0,264.0,31375
MAKAR,2026-07-09,455.3,458.0,775
NSY,2026-07-09,9.29,9.47,8900
NYADI,2026-07-09,373.0,374.0,4846
CHCL,2026-07-09,475.1,477.0,21633
RMF2,2026-07-09,10.0,10.0,800
UAIL,2026-07-09,433.1,433.0,5873
NRN,2026-07-09,1380.1,1372.0,38347
SBLD2091,2026-07-09,1082.0,1082.0,14
NUBL,2026-07-09,601.6,606.0,6643
NMLBBL,2026-07-09,549.0,525.0,7387
SCB,2026-07-09,645.0,642.0,14689
SPDL,2026-07-09,365.8,369.9,18187
NABBC,2026-07-09,693.1,694.4,7341
HRL,2026-07-09,564.0,560.0,48029
GLBSL,2026-07-09,1780.0,1740.0,598
NICD83/84,2026-07-09,1045.0,1075.0,115
EBLD91,2026-07-09,1090.0,1090.0,40
NBF3,2026-07-09,10.0,9.99,49490
ULHC,2026-07-09,393.0,381.0,9055
RIDI,2026-07-09,327.0,326.5,130033
SFMF,2026-07-09,10.2,10.17,10000
CREST,2026-07-09,1189.0,1196.1,7972
OMPL,2026-07-09,955.0,900.0,5739
SPIL,2026-07-09,688.0,694.0,6962
CFCL,2026-07-09,611.3,614.0,144859
SMATA,2026-07-09,760.0,734.0,1945
ICFCD89,2026-07-09,1100.5,1113.0,80
JSLBB,2026-07-09,970.0,1000.0,70
CITY,2026-07-09,371.3,363.9,169114
BHPL,2026-07-09,478.2,489.0,5962
HURJA,2026-07-09,230.0,227.4,32493
LLBS,2026-07-09,900.0,915.9,186
MBL,2026-07-09,242.4,245.0,57546
SABBL,2026-07-09,950.0,875.0,29111
BUNGAL,2026-07-09,600.0,585.0,42423
HDL,2026-07-09,1148.0,1144.0,25218
NTC,2026-07-09,844.0,847.0,5465
KSY,2026-07-09,9.65,9.94,36900
AKJCL,2026-07-09,343.0,347.0,297549
CZBIL,2026-07-09,192.1,195.5,42909
SWASTIK,2026-07-09,2050.0,2030.0,587
NIL,2026-07-09,606.0,611.2,2434
MLBBL,2026-07-09,1140.0,1140.0,20
SIGS3,2026-07-09,10.6,10.45,17900
NMBHF2,2026-07-09,9.5,9.4,1650
NIMBD90,2026-07-09,1212.0,1212.0,50
SPL,2026-07-09,655.0,659.0,1875
HHL,2026-07-09,330.6,335.9,13407
TPKHL,2026-07-09,500.1,496.0,27489
RBBF40,2026-07-09,9.79,9.5,2700
PPL,2026-07-09,314.0,323.0,15131
NABIL,2026-07-09,532.0,528.6,42398
ADBL,2026-07-09,303.5,304.0,13934
GLH,2026-07-09,247.0,248.9,18441
NBF2,2026-07-09,9.8,9.7,1000
LUK,2026-07-09,10.0,10.03,12920
SGHC,2026-07-09,325.0,331.0,4000
RHPL,2026-07-09,260.0,260.2,14193
CYCL,2026-07-09,1351.1,1379.9,1969
SOHL,2026-07-09,577.0,570.0,74396
SFCL,2026-07-09,375.0,370.0,5290
KKHC,2026-07-09,245.0,249.8,24532
FOWAD,2026-07-09,990.0,960.0,1341
SALICO,2026-07-09,605.0,592.0,26233
SBCF,2026-07-09,9.7,9.6,70281
NICBF,2026-07-09,9.33,9.33,900
SADBL,2026-07-09,400.0,400.5,10933
MMF1,2026-07-09,9.5,9.5,65000
SMB,2026-07-09,1810.0,1822.0,2096
EBL,2026-07-09,700.0,697.0,12059
TSHL,2026-07-09,375.0,349.0,25691
UMRH,2026-07-09,516.0,514.1,4878
CBBL,2026-07-09,919.9,912.0,25423
SHPC,2026-07-09,491.0,489.0,35609
PMLI,2026-07-09,445.0,444.5,1509
GBILD86/87,2026-07-09,1131.0,1119.0,315600
GBIMESY2,2026-07-09,9.0,9.04,1600
IGI,2026-07-09,427.2,429.5,6957
NSIF2,2026-07-09,10.6,10.6,750
GBBL,2026-07-09,401.1,398.5,27617
GSY,2026-07-09,9.95,9.95,7155
SHL,2026-07-09,492.9,492.0,33083
USHL,2026-07-09,505.3,482.5,5723
DORDI,2026-07-09,246.1,246.5,16707
PHCL,2026-07-09,293.0,293.8,31375
KBLPO,2026-07-09,100.0,100.0,3041
BANDIPUR,2026-07-09,721.0,713.0,12877
SBLD89,2026-07-09,1273.0,1271.0,225110
EHPL,2026-07-09,359.9,352.0,3829
MEHL,2026-07-09,324.0,314.0,4543
MSHL,2026-07-09,605.0,600.0,2065
GMFBS,2026-07-09,1240.0,1195.0,592
UMHL,2026-07-09,551.0,575.0,19766
SWMF,2026-07-09,615.0,607.9,2531
SGHL,2026-07-09,471.1,458.8,83860
PRIN,2026-07-09,680.0,680.1,4913
PMHPL,2026-07-09,300.3,315.0,5825
KMCDB,2026-07-09,779.0,790.0,1876
BARUN,2026-07-09,315.2,312.0,32332
MERO,2026-07-09,710.0,690.0,12563
NADEP,2026-07-09,710.1,726.9,827
NGPL,2026-07-09,402.1,409.0,100458
ULBSL,2026-07-09,2780.0,3200.0,2381
GRDBL,2026-07-09,1021.1,1025.1,4343
HIDCLP,2026-07-09,185.9,184.4,107229
SBI,2026-07-09,388.1,388.3,21382
JFL,2026-07-09,390.0,385.1,2671
MLBS,2026-07-09,1145.0,1144.0,100
NLICL,2026-07-09,573.7,570.2,15725
NIFRAGED,2026-07-09,1044.6,1054.9,82
BPCL,2026-07-09,641.0,650.0,12759
MKJC,2026-07-09,445.1,446.1,4777
RURU,2026-07-09,621.1,621.0,1667
NIBLSTF,2026-07-09,9.17,9.17,2350
RADHI,2026-07-09,702.9,705.0,16347
RSML,2026-07-09,3000.0,2999.0,53793
ILI,2026-07-09,413.6,415.9,3206
HBLD86,2026-07-09,1205.0,1205.0,50
NICA,2026-07-09,330.0,329.9,32553
JBLB,2026-07-09,1225.0,1231.0,3616
GFCL,2026-07-09,615.1,609.0,12646
BOKD86KA,2026-07-09,1209.6,1139.0,40
MEN,2026-07-09,565.1,564.0,56042
NICSF,2026-07-09,9.35,9.1,52784
NIBLGF,2026-07-09,9.29,9.29,521
OHL,2026-07-09,670.0,669.0,232
AHL,2026-07-09,415.1,421.0,4736
DHEL,2026-07-09,568.0,573.9,10667
UPPER,2026-07-09,192.0,191.7,58806
RSDC,2026-07-09,645.9,643.0,4094
AVYAN,2026-07-09,1030.2,1040.0,567
NBLD87,2026-07-09,1093.0,1093.0,25
SMPDA,2026-07-09,803.0,785.0,1126
HPPL,2026-07-09,352.5,365.1,54567
TVCL,2026-07-09,458.5,482.0,8782
UNHPL,2026-07-09,387.0,385.0,12508
HEIP,2026-07-09,337.0,327.0,55
KDL,2026-07-09,794.7,774.9,585
LSL,2026-07-09,217.0,217.1,61732
ANLB,2026-07-09,5600.0,5798.0,1731
MND84/85,2026-07-09,1080.0,1080.0,25
LBBLD89,2026-07-09,1282.0,1282.0,13
RBCL,2026-07-09,14300.0,14201.0,160
SAIL,2026-07-09,824.0,859.0,21914
NMBMF,2026-07-09,601.0,608.0,1163
GIBF1,2026-07-09,10.5,10.33,11200
SONA,2026-07-09,411.0,406.3,35598
NLG,2026-07-09,580.0,575.0,6286
KSBBL,2026-07-09,475.0,470.0,20163
LVF2,2026-07-09,9.7,9.95,21800
SLCF,2026-07-09,10.0,10.08,10600
PRSF,2026-07-09,12.59,12.58,26077
APHL,2026-07-09,850.0,871.6,31890
H8020,2026-07-09,11.76,11.65,700
KPCL,2026-07-09,460.3,467.5,2623
MCHL,2026-07-09,293.0,274.1,9006
ADBLD83,2026-07-09,1084.0,1084.0,130728
DLBS,2026-07-09,1220.0,1200.0,245
SARBTM,2026-07-09,805.0,793.0,9174
UNLB,2026-07-09,1332.5,1299.0,585
ACLBSL,2026-07-09,925.0,920.0,477
NMIC,2026-07-09,920.0,924.0,1941
PPCL,2026-07-09,329.0,328.7,5566
NRIC,2026-07-09,940.0,940.0,19948
GMFIL,2026-07-09,460.0,454.3,4410
SJCL,2026-07-09,267.2,272.3,4770
AHPC,2026-07-09,261.0,260.1,49995
MNMF1,2026-07-09,9.56,9.8,54620
LICN,2026-07-09,776.0,779.7,9199
KBLD89,2026-07-09,1262.0,1262.0,1520
USLB,2026-07-09,1210.0,1170.0,2206
GBLBS,2026-07-09,748.0,731.6,1831
NABILD2089,2026-07-09,1153.0,1124.0,2
GUFL,2026-07-09,545.5,544.0,6888
TAMOR,2026-07-09,439.0,439.2,11639
SIPD,2026-07-09,600.0,590.0,10144
RBCLPO,2026-07-09,11125.0,11399.0,60
GHL,2026-07-09,216.8,216.4,36008
SHINED,2026-07-09,1107.0,1107.2,55
SBD87,2026-07-09,1116.0,1115.0,10730
WNLB,2026-07-09,1321.0,1326.0,67
MFIL,2026-07-09,770.0,772.0,48827
STC,2026-07-09,5060.0,5190.0,2159
NHPC,2026-07-09,257.9,253.0,135613
TRH,2026-07-09,780.1,770.0,1951
MDB,2026-07-09,571.0,573.0,6090
NLIC,2026-07-09,740.0,739.9,17824
SAHAS,2026-07-09,660.0,644.9,117331
MBLEF,2026-07-09,10.0,10.1,4450
LBLD86,2026-07-09,1240.0,1202.8,1
CORBL,2026-07-09,1700.0,1710.0,24208
HBLD83,2026-07-09,1030.7,1030.0,39380
BGWT,2026-07-09,562.9,560.0,1165
GBIME,2026-07-09,243.5,242.0,132974
HBL,2026-07-09,191.1,194.0,29763
RAWA,2026-07-09,427.0,420.0,23760
TTL,2026-07-09,711.3,716.5,6306
BBC,2026-07-09,4115.0,4101.0,155
GILB,2026-07-09,1071.6,1100.0,2022
MHL,2026-07-09,472.0,464.0,1844
NICAD2091,2026-07-09,1070.0,1070.0,40
NESDO,2026-07-09,1499.0,1477.0,881
MKHC,2026-07-09,301.2,297.0,6796
GBBLPO,2026-07-09,238.0,238.0,5000
API,2026-07-09,333.8,328.0,138762
CHDC,2026-07-09,2112.0,2109.0,10953
NWCL,2026-07-09,714.1,723.5,1120
BHCL,2026-07-09,481.0,474.0,45833
MANDU,2026-07-09,780.0,800.0,4232
RSY,2026-07-09,9.8,9.95,1100
USHEC,2026-07-09,481.1,483.0,2656
SMHL,2026-07-09,466.1,470.0,52642
MHNL,2026-07-09,239.0,233.0,12347
CIT,2026-07-09,1685.1,1683.0,3820
SAGF,2026-07-09,10.0,10.25,600
MATRI,2026-07-09,824.1,826.0,333
SKHEL,2026-07-09,920.0,901.0,4535
SHLB,2026-07-09,1430.0,1436.0,130
LEC,2026-07-09,211.9,206.8,52689
HEI,2026-07-09,530.1,518.0,21577
NBBD2085,2026-07-09,1120.1,1112.0,20700
NMFBS,2026-07-09,1108.0,1104.2,6014
EDBL,2026-07-09,555.0,561.0,1390
RMF1,2026-07-09,9.61,9.7,6200
SLBSL,2026-07-09,1099.0,1159.8,5638
CHL,2026-07-09,255.1,256.0,4946
MPFL,2026-07-09,610.0,605.0,7597
NIFRA,2026-07-09,250.0,244.0,66307
CLI,2026-07-09,444.0,444.0,8752
HDHPC,2026-07-09,206.7,205.8,67537
BHDC,2026-07-09,431.0,429.0,10402
CGH,2026-07-09,766.0,775.0,3628
SMH,2026-07-09,513.0,508.2,4815
SIFC,2026-07-09,521.0,515.0,3474
NIMB,2026-07-09,193.0,191.0,125288
RFPL,2026-07-09,333.0,333.8,13606
MLBL,2026-07-09,349.5,348.0,13077
SKHL,2026-07-09,955.0,875.2,10327
VLUCL,2026-07-09,431.0,429.0,2520
BHL,2026-07-09,206.0,205.0,51839
BNT,2026-07-09,11600.0,11550.0,40
SBL,2026-07-09,392.0,388.3,59169
ALICLP,2026-07-09,239.0,239.0,498960
EBLD85,2026-07-09,1116.0,1107.1,30491
SEF,2026-07-09,10.0,9.96,21400
NIMBPO,2026-07-09,142.0,142.0,3937
BOKD86,2026-07-09,1126.0,1103.0,185318
AKPL,2026-07-09,252.0,250.0,72613
DHPL,2026-07-09,285.0,275.9,3308
JBBL,2026-07-09,335.0,335.0,29143
PCIL,2026-07-09,618.0,609.0,20390
SBLD84,2026-07-09,1060.0,1029.0,5100
JHAPA,2026-07-09,1083.0,1127.0,31997
MMKJL,2026-07-09,470.0,459.0,1752
PSF,2026-07-09,11.95,11.6,58350
NMB50,2026-07-09,10.4,10.21,9359
SNLI,2026-07-09,427.5,423.1,9490
NRM,2026-07-09,313.2,316.2,2781
HIDCL,2026-07-09,250.2,248.2,33072
ENL,2026-07-09,800.2,800.1,780
KAHL,2026-07-09,480.0,477.0,55910
NICLBSL,2026-07-08,553.0,554.0,3998
SIKLES,2026-07-08,547.5,549.0,5403
SICL,2026-07-08,629.0,619.0,2716
BHDC,2026-07-08,438.0,432.0,9081
MSHL,2026-07-08,595.0,600.0,1374
NABBC,2026-07-08,736.0,710.0,5619
NLG,2026-07-08,581.0,574.0,65302
SAIL,2026-07-08,893.5,867.0,15715
RHGCL,2026-07-08,261.1,262.0,17038
LBBLD89,2026-07-08,1335.0,1300.0,200
SHLB,2026-07-08,1514.8,1453.3,307
GIBF1,2026-07-08,10.46,10.81,2600
NADEP,2026-07-08,720.0,730.0,938
CKHL,2026-07-08,576.0,590.0,1190
MLBBL,2026-07-08,1084.9,1137.0,346
NIL,2026-07-08,616.8,616.5,4219
MNMF1,2026-07-08,9.85,9.85,38385
CBBL,2026-07-08,915.1,919.9,11723
HFIN,2026-07-08,700.0,669.1,25742
SMH,2026-07-08,520.0,514.0,8555
MATRI,2026-07-08,865.3,840.0,1474
GILB,2026-07-08,1108.9,1104.0,268
MLBL,2026-07-08,350.5,352.0,21816
RADHI,2026-07-08,720.0,703.0,29386
CLI,2026-07-08,458.0,449.0,9139
SAHAS,2026-07-08,654.5,648.0,74375
MERO,2026-07-08,676.0,695.0,1574
ALICL,2026-07-08,435.0,432.0,7935
SYPNL,2026-07-08,1300.0,1354.0,36378
DDBL,2026-07-08,825.0,821.1,2707
BBC,2026-07-08,4112.0,4215.0,223
GRDBL,2026-07-08,1028.1,1043.9,6327
FMDBL,2026-07-08,757.0,749.1,8071
CSY,2026-07-08,9.01,9.05,7000
PHCL,2026-07-08,300.0,293.0,52473
NLIC,2026-07-08,745.5,739.9,20922
MFLD85,2026-07-08,1102.0,1103.1,50
SFEF,2026-07-08,9.95,9.95,200
PCBL,2026-07-08,237.0,234.0,40443
SNLI,2026-07-08,431.0,427.5,15909
MLBSL,2026-07-08,1700.0,1739.0,120
UHEWA,2026-07-08,551.0,563.0,41611
NICFC,2026-07-08,9.24,9.36,5500
EDBL,2026-07-08,560.2,564.9,11660
RFPL,2026-07-08,345.0,337.0,19620
SKBBL,2026-07-08,745.1,744.2,11241
HLBSL,2026-07-08,882.0,875.0,1764
STC,2026-07-08,5100.0,5150.0,1686
TSHL,2026-07-08,395.0,379.0,8952
SIGS3,2026-07-08,10.48,10.47,2500
KEF,2026-07-08,10.29,10.33,16700
HEIP,2026-07-08,329.0,329.0,35
PRSF,2026-07-08,12.65,12.59,163123
MHL,2026-07-08,483.0,474.9,3811
OMPL,2026-07-08,1007.0,955.0,4020
NMBD89/90,2026-07-08,1322.2,1312.0,18188
PROFL,2026-07-08,433.1,440.0,3509
GHL,2026-07-08,221.0,218.9,15552
NBL,2026-07-08,257.0,265.0,39787
SWBBL,2026-07-08,680.0,683.9,11096
ULBSL,2026-07-08,3180.0,2840.0,624
RSY,2026-07-08,10.01,10.1,66505
JBLB,2026-07-08,1235.7,1239.5,2922
SJCL,2026-07-08,268.1,273.9,9131
SFCL,2026-07-08,367.6,375.0,7839
MHNL,2026-07-08,235.9,234.0,7885
PURE,2026-07-08,800.0,770.2,7384
SMB,2026-07-08,1880.2,1808.0,3745
MAKAR,2026-07-08,460.2,455.3,2460
BOKD86,2026-07-08,1095.0,1119.0,15027
CREST,2026-07-08,1276.8,1208.5,7080
DLBS,2026-07-08,1186.1,1201.0,1638
GVL,2026-07-08,467.3,473.0,4501
MSLB,2026-07-08,1249.9,1242.0,967
RMF1,2026-07-08,9.52,9.78,4700
NBLD87,2026-07-08,1085.0,1085.0,25
GBBL,2026-07-08,409.9,405.0,17879
NIFRA,2026-07-08,247.0,247.0,38174
BUNGAL,2026-07-08,635.0,600.5,84365
MKHL,2026-07-08,493.9,478.0,3101
UNL,2026-07-08,47200.0,47200.0,10
GFCL,2026-07-08,607.0,615.0,8112
SABBL,2026-07-08,980.0,954.0,5107
EBLD85,2026-07-08,1115.0,1107.1,32615
EBL,2026-07-08,707.0,698.1,19412
TPC,2026-07-08,352.5,352.1,7716
SPIL,2026-07-08,688.9,689.0,4704
IGI,2026-07-08,430.0,430.0,6707
RHPL,2026-07-08,260.1,261.1,13970
LICN,2026-07-08,780.0,779.0,4590
NICD83/84,2026-07-08,1045.0,1045.0,1870
SOPL,2026-07-08,855.0,827.0,48156
PPCL,2026-07-08,333.0,333.0,12285
KDBY,2026-07-08,10.48,10.5,225650
NABIL,2026-07-08,534.0,532.0,32674
BNHC,2026-07-08,307.0,304.0,6162
NLICL,2026-07-08,571.0,577.0,7823
NCCD86,2026-07-08,1125.1,1185.0,373575
SHPC,2026-07-08,492.6,492.9,19830
NMLBBL,2026-07-08,545.0,541.0,8458
KBLD89,2026-07-08,1255.0,1290.0,497041
GLBSL,2026-07-08,1822.0,1780.0,702
BEDC,2026-07-08,327.0,321.1,21763
NIMB,2026-07-08,195.0,192.6,58091
CIZBD90,2026-07-08,1139.1,1204.1,93146
SGHL,2026-07-08,505.0,471.1,164060
EBLD86,2026-07-08,1080.3,1080.3,25
UMHL,2026-07-08,572.1,580.0,40260
SAND2085,2026-07-08,1156.0,1140.0,55287
SJLIC,2026-07-08,418.6,416.3,17668
ULHC,2026-07-08,401.0,391.3,11015
BHCL,2026-07-08,510.0,490.0,29957
SADBL,2026-07-08,400.0,400.0,12300
MFIL,2026-07-08,770.0,769.8,46320
HIDCL,2026-07-08,250.0,252.4,45619
SWASTIK,2026-07-08,2040.0,2057.9,567
PCIL,2026-07-08,640.0,623.0,23862
RBCL,2026-07-08,14480.0,14210.0,240
SEF,2026-07-08,10.0,9.91,6501
MANDU,2026-07-08,803.0,790.0,3483
GMFIL,2026-07-08,467.4,456.0,22158
GMLI,2026-07-08,1150.0,1173.9,858
SAGAR,2026-07-08,1540.1,1587.0,6611
ALBSL,2026-07-08,1032.0,1066.9,1748
LUK,2026-07-08,10.3,10.3,6000
KBL,2026-07-08,215.0,211.8,85303
USHL,2026-07-08,490.0,481.3,3240
KPCL,2026-07-08,470.0,465.0,5310
PRIN,2026-07-08,692.0,685.0,6422
TTL,2026-07-08,757.0,728.5,13612
MNBBL,2026-07-08,363.0,365.0,21812
OHL,2026-07-08,696.9,670.0,310
NBF3,2026-07-08,9.7,10.0,14250
MKCL,2026-07-08,1080.0,1087.9,960
UPPER,2026-07-08,199.0,192.9,66987
SANIMA,2026-07-08,355.0,353.8,70394
ANLB,2026-07-08,5685.0,5869.0,380
NMIC,2026-07-08,943.0,938.0,3178
VLBS,2026-07-08,675.0,672.5,3793
NIBLGF,2026-07-08,9.2,9.29,13900
SNORL,2026-07-08,750.0,786.5,31280
SBCF,2026-07-08,9.5,9.6,3850
RLFL,2026-07-08,470.9,463.0,22973
DORDI,2026-07-08,250.0,247.0,20342
BANDIPUR,2026-07-08,726.0,727.0,10025
GBIMESY2,2026-07-08,9.05,9.2,2800
LSL,2026-07-08,218.0,218.0,32918
KBLD86,2026-07-08,1180.0,1180.0,69815
SBID83,2026-07-08,1085.0,1085.0,10000
SPC,2026-07-08,420.0,422.3,6404
SRLI,2026-07-08,380.0,379.9,12441
BJHL,2026-07-08,780.0,766.1,6462
PSF,2026-07-08,11.42,11.95,18100
MMF1,2026-07-08,9.9,9.79,17730
CIT,2026-07-08,1700.0,1688.2,3454
BARUN,2026-07-08,319.1,317.0,22653
RNLI,2026-07-08,448.0,448.5,13422
LLBS,2026-07-08,924.9,912.0,417
KMCDB,2026-07-08,794.0,794.9,1303
USHEC,2026-07-08,475.3,485.0,7304
USLB,2026-07-08,1218.0,1210.0,1170
KSY,2026-07-08,9.01,9.57,1200
RSDC,2026-07-08,640.5,645.9,3429
SAPDBL,2026-07-08,820.0,778.0,8941
NICAD2091,2026-07-08,1070.0,1070.0,120
GUFL,2026-07-08,550.1,548.0,9564
ICFCD89,2026-07-08,1101.0,1115.0,470
SLCF,2026-07-08,10.0,10.01,3300
CHL,2026-07-08,261.0,258.0,13321
ENL,2026-07-08,840.0,823.0,2109
NSY,2026-07-08,9.19,9.57,5400
RBBD2088,2026-07-08,1083.0,1061.0,131
SRBLD83,2026-07-08,1099.0,1078.0,10026
NICBF,2026-07-08,9.6,9.6,7300
SMPDA,2026-07-08,777.0,782.0,1153
NHDL,2026-07-08,637.0,644.6,1987
SOHL,2026-07-08,575.0,582.0,52845
NIBD84,2026-07-08,1077.0,1077.0,10962
SPHL,2026-07-08,550.0,554.9,12168
BGWT,2026-07-08,553.0,562.9,3167
NICL,2026-07-08,519.0,519.9,23010
ACLBSL,2026-07-08,900.0,925.0,954
SAGF,2026-07-08,9.95,9.95,300
MMKJL,2026-07-08,466.0,466.5,2537
SCBD,2026-07-08,1105.0,1108.1,60974
SMATA,2026-07-08,747.0,743.0,1542
PFL,2026-07-08,364.0,364.0,6597
NRM,2026-07-08,320.2,320.0,3666
HATHY,2026-07-08,700.0,703.0,8237
SIFC,2026-07-08,539.9,524.0,3009
HPPL,2026-07-08,358.0,362.0,23084
MHCL,2026-07-08,328.0,318.2,4284
KAHL,2026-07-08,542.2,487.0,142982
NRIC,2026-07-08,945.0,935.1,16006
RAWA,2026-07-08,431.0,427.0,16193
TVCL,2026-07-08,466.0,469.0,2740
GBIME,2026-07-08,249.0,244.0,90962
MEL,2026-07-08,219.0,214.0,19721
SHIVM,2026-07-08,628.0,623.0,66713
NRN,2026-07-08,1370.0,1395.0,67400
CYCL,2026-07-08,1400.0,1380.0,896
AVYAN,2026-07-08,1050.5,1052.0,1229
RBBD83,2026-07-08,1038.1,1042.0,36571
NABILD87,2026-07-08,1125.0,1125.0,25
SPDL,2026-07-08,386.0,375.1,17802
PRVU,2026-07-08,193.7,190.2,79604
NESDO,2026-07-08,1515.0,1518.0,710
MCHL,2026-07-08,290.0,285.0,9671
DOLTI,2026-07-08,336.0,330.0,33112
MBLD2085,2026-07-08,1165.0,1165.0,80000
ADBL,2026-07-08,307.0,304.9,24412
JOSHI,2026-07-08,260.0,259.6,5384
JFL,2026-07-08,396.0,390.0,8190
NHPC,2026-07-08,260.0,255.0,136233
CITY,2026-07-08,359.9,370.0,180593
API,2026-07-08,334.0,331.0,119506
NUBL,2026-07-08,615.0,615.0,11164
BHPL,2026-07-08,496.0,492.0,6292
NIMBD90,2026-07-08,1248.9,1212.2,35
SGIC,2026-07-08,466.0,467.9,13329
GBILD86/87,2026-07-08,1088.0,1109.9,30055
SALICO,2026-07-08,593.0,598.0,3711
HEI,2026-07-08,526.0,530.5,30261
PBLD84,2026-07-08,1125.0,1144.0,5653
ICFCD88,2026-07-08,1140.0,1140.0,25
VLUCL,2026-07-08,441.0,435.0,4346
NBLD85,2026-07-08,1094.0,1096.0,12369
HHL,2026-07-08,339.0,336.5,19983
APHL,2026-07-08,860.0,857.0,28726
LEC,2026-07-08,200.5,209.8,36498
SIPD,2026-07-08,601.1,600.0,12126
SBD87,2026-07-08,1096.7,1116.0,200035
SKHEL,2026-07-08,937.8,912.0,5265
SLBSL,2026-07-08,1120.0,1130.0,2081
BNT,2026-07-08,11600.0,11600.0,36
HRL,2026-07-08,585.0,569.5,39826
ICFC,2026-07-08,605.5,608.0,5875
SWMF,2026-07-08,610.0,619.8,2445
KHPL,2026-07-08,880.0,889.0,17680
UAIL,2026-07-08,436.5,436.0,11592
MABEL,2026-07-08,605.0,600.0,7412
UPCL,2026-07-08,350.0,360.0,62094
KSBBL,2026-07-08,470.1,475.0,7425
AHPC,2026-07-08,265.0,260.6,42066
NMB50,2026-07-08,10.37,10.39,15830
MEN,2026-07-08,585.0,569.0,44649
KBLD90,2026-07-08,1251.4,1202.0,250
PPL,2026-07-08,320.1,329.7,5108
LBBL,2026-07-08,484.9,477.5,25335
JHAPA,2026-07-08,1180.0,1140.0,13188
NTC,2026-07-08,850.0,847.0,4358
NIBLSTF,2026-07-08,9.34,8.91,9100
NIFRAGED,2026-07-08,1044.6,1044.6,25
CGH,2026-07-08,776.5,776.4,3919
GCIL,2026-07-08,343.0,336.0,21772
SHINE,2026-07-08,410.0,403.0,22401
RSML,2026-07-08,3020.0,3040.0,16075
UNLB,2026-07-08,1337.0,1299.0,278
KKHC,2026-07-08,266.79,250.0,37237
NYADI,2026-07-08,371.1,375.0,3384
SHL,2026-07-08,494.0,493.0,18401
SANVI,2026-07-08,609.1,603.9,10510
NMB,2026-07-08,237.2,237.0,15811
JSLBB,2026-07-08,986.0,970.0,1176
GBILD84/85,2026-07-08,1111.0,1100.1,88895
CHDC,2026-07-08,2120.9,2099.0,8414
HBL,2026-07-08,200.0,196.0,47539
MEHL,2026-07-08,318.1,324.0,550
NMBD2085,2026-07-08,1164.0,1194.0,5
GMFBS,2026-07-08,1236.0,1206.0,150
SHEL,2026-07-08,295.2,297.0,35370
SMFBS,2026-07-08,1700.0,1597.9,5309
GBLBS,2026-07-08,740.0,748.0,3394
PBD84,2026-07-08,1088.0,1088.0,13500
KBSH,2026-07-08,1300.0,1310.0,166
NMBMF,2026-07-08,601.2,611.0,718
MPFL,2026-07-08,620.0,619.7,17295
SKHL,2026-07-08,971.0,910.0,7251
SCB,2026-07-08,642.0,640.0,11710
MBL,2026-07-08,250.0,245.0,67349
MKHC,2026-07-08,295.0,299.9,6188
MDB,2026-07-08,588.0,575.0,5930
TRH,2026-07-08,772.1,776.0,1503
NMBHF2,2026-07-08,9.6,9.79,3180
KDL,2026-07-08,770.0,784.6,1761
HIMSTAR,2026-07-08,724.0,713.1,3085
RBCLPO,2026-07-08,11140.0,11444.0,45
MKJC,2026-07-08,475.0,447.0,6303
AKPL,2026-07-08,244.1,252.0,33244
MBLEF,2026-07-08,9.95,10.0,800
BFC,2026-07-08,529.0,518.0,76074
GSY,2026-07-08,10.0,9.95,1700
RURU,2026-07-08,635.0,625.0,2498
NSIF2,2026-07-08,10.55,10.6,400
FOWAD,2026-07-08,980.0,992.0,4176
HBLD86,2026-07-08,1210.0,1210.0,15
NMBD87/88,2026-07-08,1117.0,1145.0,42215
NFS,2026-07-08,581.0,575.5,13065
CHCL,2026-07-08,485.0,475.1,19146
JBBL,2026-07-08,338.5,339.0,27611
DHEL,2026-07-08,575.0,585.0,7177
C30MF,2026-07-08,9.93,10.24,1360
HIDCLP,2026-07-08,188.0,185.9,87706
NMFBS,2026-07-08,1129.5,1110.1,3268
SBLD84,2026-07-08,1089.0,1089.0,12832
SBL,2026-07-08,391.0,389.1,49525
LVF2,2026-07-08,9.71,10.0,31733
UNHPL,2026-07-08,387.1,387.0,16650
NGPL,2026-07-08,408.0,405.9,65121
YMHL,2026-07-08,590.0,564.2,36973
DHPL,2026-07-08,284.0,281.3,2184
IHL,2026-07-08,358.0,357.2,10481
SSHL,2026-07-08,211.0,197.5,64288
RMF2,2026-07-08,9.81,10.1,1100
SGHC,2026-07-08,338.0,332.2,6473
NICA,2026-07-08,336.0,332.0,55337
HDL,2026-07-08,1150.0,1147.0,20807
SONA,2026-07-08,418.0,414.6,28253
HDHPC,2026-07-08,198.6,206.7,84690
GLH,2026-07-08,251.0,249.0,21341
SINDU,2026-07-08,677.0,701.0,3824
NIFRAUR85/86,2026-07-08,1050.0,1050.0,45
PMLI,2026-07-08,454.0,445.0,2180
HLI,2026-07-08,329.4,322.0,22294
AHL,2026-07-08,437.9,415.1,7024
ILBS,2026-07-08,896.1,875.0,799
HURJA,2026-07-08,229.1,230.0,37804
NBF2,2026-07-08,10.1,9.81,19500
SARBTM,2026-07-08,801.0,803.9,11845
SMHL,2026-07-08,479.0,473.0,26066
SPL,2026-07-08,697.1,665.0,1027
NMFBSP,2026-07-08,610.0,610.0,9258
ILI,2026-07-08,399.0,418.0,7754
SMJC,2026-07-08,445.0,447.0,11914
NWCL,2026-07-08,705.1,713.4,2322
BHL,2026-07-08,210.0,205.1,86329
PMHPL,2026-07-08,320.0,316.1,1667
RLEL,2026-07-08,860.0,809.0,7238
CFCL,2026-07-08,636.0,617.9,68234
TAMOR,2026-07-08,440.0,439.0,24035
SFMF,2026-07-08,10.47,10.47,100
TPKHL,2026-07-08,530.0,510.0,38135
H8020,2026-07-08,11.65,12.12,2264
SBI,2026-07-08,387.1,388.7,7856
AKJCL,2026-07-08,360.0,343.0,385593
SLBBL,2026-07-08,798.0,798.0,7861
RIDI,2026-07-08,342.0,324.0,145830
HLICF,2026-07-08,9.16,9.16,3400
RBBF40,2026-07-08,10.05,9.83,10481
NIMBPO,2026-07-08,143.5,145.0,2191
NICGF2,2026-07-08,9.2,9.2,500
MBJC,2026-07-08,276.0,271.2,6739
CORBL,2026-07-08,1947.5,1775.0,24658
EHPL,2026-07-08,386.0,360.0,15712
WNLB,2026-07-08,1328.1,1346.0,88
PBD88,2026-07-08,1241.0,1241.0,9976
UMRH,2026-07-08,539.0,515.0,9160
MLBS,2026-07-08,1155.1,1179.0,165
CZBIL,2026-07-08,190.0,195.7,28568
BPCL,2026-07-08,650.0,646.9,20052
SIGS2,2026-07-08,10.31,10.31,150
NICSF,2026-07-08,9.2,9.4,45900
PFL,2026-07-07,362.0,366.0,3451
APHL,2026-07-07,850.0,870.0,20186
GMFIL,2026-07-07,450.0,465.0,6263
NMFBS,2026-07-07,1119.0,1114.0,2844
PSF,2026-07-07,11.51,11.76,1800
SGHC,2026-07-07,340.0,338.0,3496
NHDL,2026-07-07,633.0,637.0,218
BHDC,2026-07-07,457.0,437.9,4794
DHPL,2026-07-07,290.4,292.0,3589
MPFL,2026-07-07,607.0,622.8,5306
BOKD86KA,2026-07-07,1247.0,1247.0,10
HDL,2026-07-07,1147.1,1150.0,19454
SPL,2026-07-07,673.0,664.0,1550
NMB50,2026-07-07,10.49,10.69,4500
RHGCL,2026-07-07,268.0,269.0,15663
SCBD,2026-07-07,1103.0,1103.0,25
STC,2026-07-07,5177.0,5175.0,2316
SBID83,2026-07-07,1063.6,1085.0,5100
RSML,2026-07-07,3001.0,3097.0,36795
BNT,2026-07-07,11650.0,11650.0,20
NIFRA,2026-07-07,248.0,249.0,35502
MBJC,2026-07-07,265.1,274.0,16244
NICLBSL,2026-07-07,560.0,555.9,1703
RSDC,2026-07-07,669.0,647.0,2326
NICA,2026-07-07,334.0,340.0,50145
SMATA,2026-07-07,750.0,746.2,1307
NBF3,2026-07-07,10.0,10.0,19400
NESDO,2026-07-07,1500.0,1532.0,1281
NABILD87,2026-07-07,1140.0,1140.0,27548
NICGF2,2026-07-07,8.99,9.15,1500
MMKJL,2026-07-07,465.0,466.0,1809
NBLD82,2026-07-07,1056.3,1094.0,14905
SBLD2091,2026-07-07,1090.0,1090.0,25
GBIMESY2,2026-07-07,9.2,9.04,2525
USHL,2026-07-07,525.0,498.3,3515
KSBBL,2026-07-07,474.0,476.0,25657
ADBLD83,2026-07-07,1070.0,1084.9,167046
NFS,2026-07-07,604.9,597.0,12159
HIMSTAR,2026-07-07,721.1,740.0,3798
JFL,2026-07-07,396.0,396.9,2444
MAKAR,2026-07-07,464.0,467.0,1070
SICL,2026-07-07,629.0,621.1,2246
MMF1,2026-07-07,9.75,9.68,40360
PBD84,2026-07-07,1085.5,1085.1,125
RADHI,2026-07-07,680.0,710.0,41487
KPCL,2026-07-07,474.9,469.9,10988
SJLIC,2026-07-07,427.0,421.0,25062
SARBTM,2026-07-07,804.0,808.0,4377
MLBL,2026-07-07,357.9,356.8,4977
OHL,2026-07-07,690.0,689.9,304
ADBL,2026-07-07,290.0,308.0,25330
MBLD87,2026-07-07,1117.0,1117.0,10000
SKHEL,2026-07-07,931.0,957.0,3825
UNLB,2026-07-07,1374.3,1299.0,463
GBIME,2026-07-07,240.0,248.5,689108
BUNGAL,2026-07-07,630.0,635.0,79467
PMHPL,2026-07-07,305.0,325.7,3020
YMHL,2026-07-07,600.0,595.0,34422
NLG,2026-07-07,570.0,583.0,6055
MABEL,2026-07-07,610.0,623.0,4815
SPDL,2026-07-07,377.0,376.0,43346
LVF2,2026-07-07,9.75,10.0,26300
HLI,2026-07-07,325.0,324.0,17720
FOWAD,2026-07-07,980.0,1000.0,1753
NIMB,2026-07-07,193.0,195.9,74983
GUFL,2026-07-07,545.0,556.9,2660
CIT,2026-07-07,1695.0,1695.0,4851
GLBSL,2026-07-07,1745.5,1770.0,222
CHL,2026-07-07,261.0,261.0,7942
LBLD88,2026-07-07,1095.0,1100.0,75
UMHL,2026-07-07,582.0,575.0,13721
MFIL,2026-07-07,771.0,774.5,70988
ICFC,2026-07-07,615.3,616.0,1063
ALBSL,2026-07-07,1060.0,1069.9,8085
GSY,2026-07-07,9.9,10.1,344290
SMB,2026-07-07,1930.1,1930.0,1616
EBLD86,2026-07-07,1089.9,1082.0,70
SPHL,2026-07-07,551.0,546.3,2120
SLCF,2026-07-07,10.0,10.1,2400
NBLD87,2026-07-07,1095.0,1095.0,35
SANIMA,2026-07-07,358.0,355.0,98731
HIDCLP,2026-07-07,188.0,188.9,117104
ICFCD89,2026-07-07,1100.3,1100.3,25
CSY,2026-07-07,9.2,9.01,11132
LSL,2026-07-07,218.0,220.4,76065
SIGS3,2026-07-07,10.44,10.6,900
VLBS,2026-07-07,681.1,685.1,4299
SAPDBL,2026-07-07,773.0,786.0,15386
GBLBS,2026-07-07,759.5,751.9,551
TAMOR,2026-07-07,442.0,445.0,49043
NICSF,2026-07-07,9.2,9.16,1700
SEF,2026-07-07,9.99,10.0,16100
RNLI,2026-07-07,455.0,449.3,13131
SBL,2026-07-07,393.9,389.7,95185
MERO,2026-07-07,699.9,690.0,7813
JBBL,2026-07-07,339.0,345.0,26329
ENL,2026-07-07,850.0,820.0,869
SWASTIK,2026-07-07,2062.0,2066.1,160
SOHL,2026-07-07,603.1,604.8,43835
MKHC,2026-07-07,302.0,298.0,13908
PPL,2026-07-07,320.1,336.9,7212
RBBF40,2026-07-07,9.2,10.36,10150
TTL,2026-07-07,700.2,737.0,4646
TPKHL,2026-07-07,540.0,530.5,57686
BHPL,2026-07-07,510.0,508.0,2803
NIBSF2,2026-07-07,8.8,8.98,14314
SRLI,2026-07-07,375.5,381.5,18795
MHL,2026-07-07,459.0,491.0,26619
RMF1,2026-07-07,9.81,9.81,1550
PRSF,2026-07-07,12.55,12.58,76900
HLICF,2026-07-07,9.0,8.9,700
GHL,2026-07-07,221.9,222.0,25964
UNL,2026-07-07,47300.0,47300.0,10
SAGF,2026-07-07,10.2,10.2,3680
ILBS,2026-07-07,895.0,870.0,869
KBSH,2026-07-07,1370.4,1330.0,1066
SALICO,2026-07-07,596.3,602.6,4340
RLFL,2026-07-07,464.1,467.9,19594
CHCL,2026-07-07,480.0,479.1,11937
MDB,2026-07-07,579.0,584.0,4752
GBILD86/87,2026-07-07,1088.1,1087.2,77515
SPC,2026-07-07,415.0,418.0,3415
PPCL,2026-07-07,342.0,336.0,9415
JBLB,2026-07-07,1249.9,1240.0,4173
MNBBL,2026-07-07,358.0,364.0,34542
UPCL,2026-07-07,351.5,360.0,47764
SMFBS,2026-07-07,1620.5,1644.0,448
SMJC,2026-07-07,444.0,448.0,18170
SINDU,2026-07-07,663.1,712.0,3399
CYCL,2026-07-07,1300.0,1400.0,1064
BHL,2026-07-07,209.9,210.0,42951
TPC,2026-07-07,353.0,359.2,33897
ILI,2026-07-07,415.0,420.0,6687
GCIL,2026-07-07,346.0,343.0,18615
MKJC,2026-07-07,462.0,462.0,6136
SBLD89,2026-07-07,1309.7,1310.0,60
AHL,2026-07-07,433.0,425.6,8109
AVYAN,2026-07-07,1049.0,1061.3,1833
BBC,2026-07-07,4238.0,4223.0,623
DHEL,2026-07-07,573.0,592.0,19267
C30MF,2026-07-07,9.81,10.2,25050
MLBS,2026-07-07,1204.0,1184.9,167
DORDI,2026-07-07,248.0,252.0,16049
SAHAS,2026-07-07,640.1,655.0,52775
BFC,2026-07-07,525.09,529.0,38489
VLUCL,2026-07-07,441.0,449.9,600
EHPL,2026-07-07,355.6,367.8,6355
GRDBL,2026-07-07,1021.1,1044.8,6744
CLI,2026-07-07,445.0,458.0,7869
JOSHI,2026-07-07,261.0,265.0,7356
KEF,2026-07-07,10.5,10.3,35780
NGPL,2026-07-07,410.0,413.0,99920
NMBMF,2026-07-07,611.0,609.0,2227
UMRH,2026-07-07,520.0,525.0,3483
HURJA,2026-07-07,228.0,231.9,28024
SHLB,2026-07-07,1532.0,1520.0,125
TRH,2026-07-07,772.0,780.0,447
BEDC,2026-07-07,332.9,331.1,17683
SNORL,2026-07-07,833.8,753.4,81130
HIDCL,2026-07-07,251.1,253.0,35413
NRIC,2026-07-07,930.0,953.0,31322
JHAPA,2026-07-07,1200.0,1181.0,12000
NSY,2026-07-07,9.24,9.41,23490
SIPD,2026-07-07,600.0,609.0,14593
HDHPC,2026-07-07,193.8,209.0,188012
RURU,2026-07-07,636.0,637.0,6337
NIMBD90,2026-07-07,1287.5,1287.5,67
ANLB,2026-07-07,7136.0,5860.0,1841
NWCL,2026-07-07,742.4,723.0,927
MKHL,2026-07-07,467.9,480.1,3825
MLBSL,2026-07-07,1754.0,1750.0,527
SYPNL,2026-07-07,1283.5,1367.5,28176
RFPL,2026-07-07,340.0,345.0,21636
SAIL,2026-07-07,870.0,895.9,16220
KDBY,2026-07-07,10.31,10.48,326800
SHPC,2026-07-07,499.9,493.6,73448
USHEC,2026-07-07,483.2,488.2,6300
SNLI,2026-07-07,446.0,433.8,7392
SBI,2026-07-07,393.8,392.0,27535
NYADI,2026-07-07,378.0,377.1,5218
LLBS,2026-07-07,928.9,924.9,452
HBL,2026-07-07,196.0,200.0,40248
SGIC,2026-07-07,468.0,472.0,11447
NICBF,2026-07-07,9.36,9.36,600
GVL,2026-07-07,472.0,475.0,15252
UHEWA,2026-07-07,570.0,580.0,33996
RSY,2026-07-07,9.81,10.19,51410
MSHL,2026-07-07,592.0,595.0,67
HRL,2026-07-07,575.0,579.0,50356
HPPL,2026-07-07,359.0,361.9,24662
NICAD85/86,2026-07-07,1126.0,1131.0,40201
SIFC,2026-07-07,540.0,539.7,2635
MEN,2026-07-07,572.0,574.0,111938
MANDU,2026-07-07,812.0,806.2,455
NTC,2026-07-07,848.0,848.0,4249
BNHC,2026-07-07,309.8,307.0,2928
KDL,2026-07-07,770.1,783.0,938
ULBSL,2026-07-07,2755.0,3180.0,3314
SHL,2026-07-07,499.8,496.0,54285
GBBD85,2026-07-07,1091.0,1098.0,152892
LBBL,2026-07-07,476.0,482.0,19959
RAWA,2026-07-07,431.0,436.0,23723
KBL,2026-07-07,213.8,214.8,154693
PHCL,2026-07-07,281.7,299.9,26636
PURE,2026-07-07,791.0,814.0,3076
RIDI,2026-07-07,307.8,335.5,233464
IGI,2026-07-07,430.3,434.0,2905
SADBL,2026-07-07,405.0,403.5,27263
SKBBL,2026-07-07,753.0,751.0,35157
MNMF1,2026-07-07,9.6,9.85,3610
CITY,2026-07-07,363.9,378.8,241373
NICD88,2026-07-07,1077.3,1077.0,50
CHDC,2026-07-07,2090.0,2098.1,8200
KAHL,2026-07-07,462.5,516.4,2530
SDBD87,2026-07-07,1115.0,1112.1,6
NIL,2026-07-07,629.9,616.8,6442
IHL,2026-07-07,370.0,358.0,3395
PCIL,2026-07-07,602.3,639.8,20793
KMCDB,2026-07-07,809.0,818.0,413
SONA,2026-07-07,417.2,420.0,8814
SJCL,2026-07-07,268.1,275.5,9410
SCB,2026-07-07,649.9,646.0,20745
GMFBS,2026-07-07,1212.0,1209.0,314
LICN,2026-07-07,778.0,787.9,6043
PROFL,2026-07-07,442.0,439.0,2904
SOPL,2026-07-07,835.1,855.0,38411
NSIF2,2026-07-07,10.54,10.54,100
MHNL,2026-07-07,240.9,235.5,12325
API,2026-07-07,330.0,334.9,146305
PMLI,2026-07-07,430.0,450.0,3726
BHCL,2026-07-07,515.0,516.0,16873
NHPC,2026-07-07,255.0,260.0,155050
HFIN,2026-07-07,700.0,700.0,24822
MSLB,2026-07-07,1238.0,1240.0,322
TSHL,2026-07-07,394.0,395.0,5944
LUK,2026-07-07,10.71,10.4,5200
UPPER,2026-07-07,190.2,194.0,74050
MKCL,2026-07-07,1098.0,1097.0,2259
EBLD91,2026-07-07,1100.0,1100.0,18420
DLBS,2026-07-07,1237.0,1216.1,923
NIMBPO,2026-07-07,146.0,147.9,1384
USLB,2026-07-07,1200.0,1218.7,1162
TVCL,2026-07-07,475.0,478.1,7896
NLIC,2026-07-07,751.5,746.9,23714
SKHL,2026-07-07,920.0,925.0,9076
SANVI,2026-07-07,588.4,620.0,6841
NLICL,2026-07-07,574.0,576.1,7316
NIBLSTF,2026-07-07,8.61,9.07,12750
NBL,2026-07-07,265.0,269.9,40931
SHINE,2026-07-07,400.1,407.8,12086
SBCF,2026-07-07,9.5,9.75,55946
OMPL,2026-07-07,995.0,988.0,2921
HLBSL,2026-07-07,858.1,880.0,1335
SMPDA,2026-07-07,780.0,789.9,1291
KHPL,2026-07-07,846.5,885.0,15086
ACLBSL,2026-07-07,920.0,925.0,584
JSLBB,2026-07-07,1025.0,985.6,476
DDBL,2026-07-07,826.2,825.0,6858
MBLEF,2026-07-07,9.97,9.95,2650
SFCL,2026-07-07,396.9,386.9,4897
MHCL,2026-07-07,318.1,334.0,4162
NICL,2026-07-07,514.0,520.9,23477
NICFC,2026-07-07,9.17,9.35,14000
CZBIL,2026-07-07,187.2,199.5,66542
HEI,2026-07-07,536.0,541.0,8569
SFEF,2026-07-07,9.95,9.95,400
AKJCL,2026-07-07,345.2,355.0,349480
NRM,2026-07-07,326.9,323.0,3776
MBL,2026-07-07,245.0,248.0,67777
SSHL,2026-07-07,199.0,201.0,101125
FMDBL,2026-07-07,759.0,764.0,5944
LEC,2026-07-07,208.2,211.0,33106
SMH,2026-07-07,521.1,523.0,9468
CFCL,2026-07-07,602.0,628.0,96032
SHIVM,2026-07-07,626.2,629.0,92320
MEHL,2026-07-07,311.5,326.0,1887
H8020,2026-07-07,11.04,11.9,1650
KSY,2026-07-07,9.4,9.2,28400
RBCL,2026-07-07,14500.0,14500.0,90
CORBL,2026-07-07,1881.0,2050.0,88493
MCHL,2026-07-07,282.0,290.0,5362
CKHL,2026-07-07,570.0,593.0,1000
GILB,2026-07-07,1083.1,1108.9,479
MLBBL,2026-07-07,1137.0,1142.0,2270
RLEL,2026-07-07,830.0,840.0,3582
NMLBBL,2026-07-07,545.0,553.9,5680
BANDIPUR,2026-07-07,725.0,737.9,10249
ULHC,2026-07-07,403.1,410.0,5387
GBILD84/85,2026-07-07,1123.0,1125.0,2483
SMHL,2026-07-07,465.0,479.0,57575
CGH,2026-07-07,778.0,780.0,45335
GMLI,2026-07-07,1190.7,1185.0,550
NABIL,2026-07-07,527.0,534.0,192322
ALICL,2026-07-07,442.8,435.0,16956
BGWT,2026-07-07,560.0,569.1,2621
GBBL,2026-07-07,383.8,405.0,49746
MEL,2026-07-07,218.0,219.9,9433
EDBL,2026-07-07,560.0,567.5,3810
SIKLES,2026-07-07,560.0,555.0,10935
NMIC,2026-07-07,950.0,942.2,3384
NRN,2026-07-07,1399.0,1405.0,30251
RHPL,2026-07-07,260.0,263.0,8851
SWBBL,2026-07-07,680.0,688.0,14440
SLBBL,2026-07-07,802.1,805.0,2627
CCBD88,2026-07-07,1295.0,1265.0,60
MFLD85,2026-07-07,1101.7,1101.7,15
UNHPL,2026-07-07,371.0,392.0,26969
MLBLD89,2026-07-07,1272.1,1272.1,25
BOKD86,2026-07-07,1072.3,1095.0,91
KKHC,2026-07-07,267.8,259.4,28052
SABBL,2026-07-07,980.1,989.8,3573
EBLD85,2026-07-07,1132.0,1097.0,129936
GLH,2026-07-07,250.0,254.0,8267
PCBL,2026-07-07,235.0,236.7,25718
KBLD90,2026-07-07,1225.0,1215.0,169867
NADEP,2026-07-07,720.0,720.0,720
NBF2,2026-07-07,10.3,10.0,2000
WNLB,2026-07-07,1350.0,1352.2,116
HATHY,2026-07-07,700.0,703.0,5570
SWMF,2026-07-07,614.0,622.0,3164
NICAD2091,2026-07-07,1055.1,1056.1,50
SLBSL,2026-07-07,1179.3,1154.0,4163
GFCL,2026-07-07,615.0,620.0,10612
HBLD86,2026-07-07,1205.0,1205.0,25
AHPC,2026-07-07,261.2,264.8,72802
NMB,2026-07-07,238.0,239.0,60096
PRVU,2026-07-07,190.5,193.7,116751
BJHL,2026-07-07,791.0,800.0,5412
BARUN,2026-07-07,322.0,322.0,20307
SPIL,2026-07-07,690.0,693.9,7589
CIZBD90,2026-07-07,1215.0,1106.0,12270
NUBL,2026-07-07,616.0,623.0,6328
MATRI,2026-07-07,870.0,865.2,148
SAGAR,2026-07-07,1550.0,1585.0,10864
DOLTI,2026-07-07,330.0,336.0,15917
BPCL,2026-07-07,648.0,653.9,9422
HHL,2026-07-07,335.0,345.0,24816
GIBF1,2026-07-07,10.69,10.69,500
CREST,2026-07-07,1199.0,1216.0,19652
UAIL,2026-07-07,440.0,442.7,10953
EBL,2026-07-07,700.0,707.0,117031
SGHL,2026-07-07,477.0,503.1,156960
NMBHF2,2026-07-07,9.51,9.57,4500
NIBLGF,2026-07-07,9.46,9.3,2750
PRIN,2026-07-07,683.0,692.0,2927
NBLD85,2026-07-07,1075.0,1086.9,4965
SIGS2,2026-07-07,10.5,10.6,3000
NABBC,2026-07-07,750.0,750.0,7985
AKPL,2026-07-07,255.0,256.9,42004
SHEL,2026-07-07,295.0,299.4,51973
CBBL,2026-07-07,912.1,923.0,21087
NCCD86,2026-07-07,1180.0,1144.6,3
PRVU,2026-07-06,204.1,190.5,90106
AHL,2026-07-06,450.0,435.0,5780
BJHL,2026-07-06,810.0,805.0,5654
KMCDB,2026-07-06,797.0,809.0,1915
SKHL,2026-07-06,976.5,918.0,10287
LVF2,2026-07-06,9.7,9.75,820
SIPD,2026-07-06,621.4,613.0,8457
NICAD2091,2026-07-06,1065.1,1065.1,25
CORBL,2026-07-06,1750.0,1980.0,31645
SGHC,2026-07-06,359.9,338.7,5152
BHDC,2026-07-06,438.0,436.1,5889
SBID2090,2026-07-06,1166.0,1166.0,444
IGI,2026-07-06,430.0,428.2,4065
HIDCLP,2026-07-06,189.6,185.7,92367
CSY,2026-07-06,9.2,9.19,13983
PCBL,2026-07-06,233.0,234.0,36817
EDBL,2026-07-06,560.0,560.0,8890
GBLBS,2026-07-06,742.2,741.2,2433
RMF1,2026-07-06,9.8,9.94,9100
SPHL,2026-07-06,601.6,560.0,6586
RBBF40,2026-07-06,9.2,9.1,7700
KDBY,2026-07-06,11.0,10.85,478100
UNHPL,2026-07-06,391.0,386.0,9846
SAIL,2026-07-06,900.0,887.0,9888
BNT,2026-07-06,11898.9,11600.0,20
SKBBL,2026-07-06,755.0,749.0,12088
NABIL,2026-07-06,530.0,526.0,37851
MNBBL,2026-07-06,366.0,364.0,38117
SAND2085,2026-07-06,1154.3,1154.3,25
GBBD85,2026-07-06,1082.2,1065.2,371
JHAPA,2026-07-06,1260.0,1231.0,13018
SAPDBL,2026-07-06,821.1,775.1,11713
RLFL,2026-07-06,475.9,472.0,31089
USHL,2026-07-06,557.5,500.0,7063
SYPNL,2026-07-06,1358.0,1351.0,41930
SMPDA,2026-07-06,804.0,780.0,918
BEDC,2026-07-06,350.7,329.9,21623
MNMF1,2026-07-06,9.58,9.67,6150
GMLI,2026-07-06,1158.0,1157.0,755
UHEWA,2026-07-06,570.0,573.0,43284
CIZBD90,2026-07-06,1202.0,1202.0,50
NADEP,2026-07-06,721.0,716.0,826
NABILD87,2026-07-06,1125.0,1125.0,24155
SFCL,2026-07-06,382.0,378.0,15378
JSLBB,2026-07-06,1000.0,1025.0,113
BHPL,2026-07-06,510.0,518.0,4523
SWBBL,2026-07-06,718.4,692.0,7833
UMRH,2026-07-06,531.9,524.4,10131
SMFBS,2026-07-06,1698.0,1644.0,6697
ALICL,2026-07-06,437.0,432.0,14023
NMLBBL,2026-07-06,542.0,543.0,4025
JBBL,2026-07-06,340.0,335.0,25632
SICL,2026-07-06,618.0,620.0,3416
SBCF,2026-07-06,9.53,9.66,10400
API,2026-07-06,332.0,330.0,182193
SANIMA,2026-07-06,362.0,353.2,41339
DOLTI,2026-07-06,339.9,335.0,21405
NLICL,2026-07-06,590.0,572.0,24807
UPCL,2026-07-06,350.1,348.0,21176
NRM,2026-07-06,335.0,323.0,6814
UNL,2026-07-06,47799.9,47799.9,10
MCHL,2026-07-06,297.0,289.0,4749
DDBL,2026-07-06,831.0,825.1,4611
NLIC,2026-07-06,745.0,743.9,16536
BHL,2026-07-06,213.9,207.9,53963
SHIVM,2026-07-06,633.0,625.1,102859
UAIL,2026-07-06,435.0,438.0,9696
GBBL,2026-07-06,404.1,404.0,14528
SCB,2026-07-06,645.0,641.0,6074
NIMB,2026-07-06,198.0,193.0,33185
GILB,2026-07-06,1119.0,1113.0,5829
CYCL,2026-07-06,1400.0,1348.4,2525
CLI,2026-07-06,444.0,451.9,5660
BPCL,2026-07-06,652.0,648.0,31858
HIDCL,2026-07-06,253.0,250.9,38105
PROFL,2026-07-06,440.0,439.0,6688
PBLD87,2026-07-06,1085.0,1085.0,25
DHPL,2026-07-06,282.1,282.0,1260
GIBF1,2026-07-06,10.62,11.02,1900
HFIN,2026-07-06,722.0,700.0,27090
HHL,2026-07-06,348.1,333.0,13285
SMJC,2026-07-06,450.0,447.0,9906
HDL,2026-07-06,1153.7,1146.0,17396
MHCL,2026-07-06,325.0,321.2,1568
MHNL,2026-07-06,240.0,236.0,14910
LICN,2026-07-06,786.1,777.4,8150
MPFL,2026-07-06,605.0,617.6,13469
MMKJL,2026-07-06,471.5,465.0,1625
SRLI,2026-07-06,380.0,378.9,17040
SJCL,2026-07-06,267.5,267.0,13102
RSML,2026-07-06,3360.0,3070.0,18466
SARBTM,2026-07-06,818.0,803.5,10113
GBIMESY2,2026-07-06,9.2,9.2,1100
VLUCL,2026-07-06,454.0,447.0,1065
NBF3,2026-07-06,9.7,10.0,11775
ADBL,2026-07-06,307.0,303.5,8251
MEL,2026-07-06,218.0,219.8,10956
MSLB,2026-07-06,1235.0,1238.0,514
SGIC,2026-07-06,465.0,468.0,4811
SONA,2026-07-06,423.0,417.5,15241
SHLB,2026-07-06,1488.0,1514.9,60
GBIME,2026-07-06,243.0,241.0,75273
CBLD88,2026-07-06,1285.0,1305.0,5
SNLI,2026-07-06,440.0,433.1,5255
TAMOR,2026-07-06,439.0,439.0,26105
SABBL,2026-07-06,1030.0,983.0,3739
NMBHF2,2026-07-06,9.6,9.8,3905
ILI,2026-07-06,420.0,417.1,7305
NABBC,2026-07-06,740.0,745.0,4552
NBLD85,2026-07-06,1075.0,1087.0,105
MLBBL,2026-07-06,1149.0,1136.5,601
NMB,2026-07-06,241.5,236.4,16948
MLBL,2026-07-06,356.0,354.0,11054
SMH,2026-07-06,540.0,522.0,3982
RNLI,2026-07-06,452.0,452.0,8176
GHL,2026-07-06,218.1,220.0,13060
HEI,2026-07-06,559.0,540.1,7969
SOHL,2026-07-06,610.0,603.1,55530
KBLD89,2026-07-06,1285.0,1292.8,145
ULBSL,2026-07-06,3255.0,2899.9,266
SALICO,2026-07-06,591.2,598.3,31753
GUFL,2026-07-06,557.0,550.0,8436
RADHI,2026-07-06,701.0,706.0,44897
MKCL,2026-07-06,1080.0,1086.0,1387
BARUN,2026-07-06,324.0,319.0,18658
RIDI,2026-07-06,331.1,324.0,191773
HATHY,2026-07-06,701.0,697.0,8560
NRN,2026-07-06,1455.0,1407.0,91268
ICFCD88,2026-07-06,1132.0,1132.0,25
USLB,2026-07-06,1215.0,1205.2,1030
EHPL,2026-07-06,374.0,364.0,9317
SAGAR,2026-07-06,1599.0,1535.0,3429
SAGF,2026-07-06,10.18,10.29,8075
ADBLD83,2026-07-06,1077.2,1070.0,585
BOKD86KA,2026-07-06,1211.1,1211.0,75
NIBSF2,2026-07-06,8.91,9.02,9950
MKHL,2026-07-06,490.0,482.0,2881
DORDI,2026-07-06,250.0,248.0,21033
HDHPC,2026-07-06,209.0,204.0,73594
KBLD90,2026-07-06,1225.0,1225.0,25
MANDU,2026-07-06,811.0,810.0,1931
LUK,2026-07-06,10.01,10.5,24447
GFCL,2026-07-06,627.0,605.7,24735
NIFRA,2026-07-06,250.0,247.6,40432
UPPER,2026-07-06,192.2,190.2,61064
CIZBD86,2026-07-06,1215.0,1215.0,25
OMPL,2026-07-06,995.0,990.0,4349
ANLB,2026-07-06,7356.0,6796.5,26
NICLBSL,2026-07-06,550.0,553.0,3029
ILBSP,2026-07-06,470.5,470.5,24000
LBBL,2026-07-06,459.0,478.9,32227
PMLI,2026-07-06,441.5,446.0,4130
NICFC,2026-07-06,9.4,9.39,32500
MSHL,2026-07-06,587.2,610.0,200
BBC,2026-07-06,4192.0,4136.0,351
NICBF,2026-07-06,9.06,9.09,6100
GBILD86/87,2026-07-06,1100.0,1080.0,80390
SHPC,2026-07-06,505.0,494.1,18504
BUNGAL,2026-07-06,690.0,630.0,85489
RURU,2026-07-06,659.9,636.1,1336
YMHL,2026-07-06,640.0,606.5,40245
USHEC,2026-07-06,498.7,486.1,3054
NRIC,2026-07-06,940.0,932.1,7402
PHCL,2026-07-06,296.1,296.5,48714
CKHL,2026-07-06,600.0,582.5,893
HBL,2026-07-06,198.3,196.5,34660
WNLB,2026-07-06,1370.0,1350.0,127
LSL,2026-07-06,219.0,215.0,99155
SKHEL,2026-07-06,1029.0,950.0,3750
ICFC,2026-07-06,614.0,611.0,3761
MATRI,2026-07-06,888.0,865.1,314
SBL,2026-07-06,394.8,388.4,53220
HURJA,2026-07-06,231.0,230.4,25766
RSDC,2026-07-06,670.0,650.0,3177
SCBD,2026-07-06,1126.5,1126.5,75
FOWAD,2026-07-06,1000.0,985.0,2052
DHEL,2026-07-06,594.0,589.0,10719
SGHL,2026-07-06,396.7,455.0,1260
NIBD84,2026-07-06,1079.9,1109.9,486043
SANVI,2026-07-06,635.0,619.3,3978
KBSH,2026-07-06,1430.0,1330.5,222
MLBLD89,2026-07-06,1295.7,1235.1,380
FMDBL,2026-07-06,763.0,761.0,5022
SBLD89,2026-07-06,1256.6,1293.0,5050
KHPL,2026-07-06,855.0,869.9,13938
H8020,2026-07-06,11.62,11.62,200
SIKLES,2026-07-06,555.1,552.0,6863
RLEL,2026-07-06,850.0,845.0,4841
C30MF,2026-07-06,9.92,9.92,600
SHL,2026-07-06,500.0,493.0,27533
CHL,2026-07-06,270.0,261.0,5118
CREST,2026-07-06,1306.7,1214.9,5233
NIBLSTF,2026-07-06,9.5,8.6,3700
HLI,2026-07-06,322.0,320.3,24197
NESDO,2026-07-06,1550.0,1529.9,596
SSHL,2026-07-06,201.9,196.8,67341
ILBS,2026-07-06,850.0,870.0,2153
HPPL,2026-07-06,357.0,358.8,23643
MKJC,2026-07-06,465.0,462.0,5234
SWMF,2026-07-06,614.0,613.0,1879
NICGF2,2026-07-06,9.45,9.2,7700
LBBLD89,2026-07-06,1320.0,1320.0,200
HIMSTAR,2026-07-06,761.0,743.0,7139
MERO,2026-07-06,705.0,690.1,5348
MABEL,2026-07-06,640.0,615.0,7996
AKJCL,2026-07-06,358.2,345.0,280889
SLCF,2026-07-06,10.02,10.01,85450
RHGCL,2026-07-06,275.0,262.0,22726
NHDL,2026-07-06,625.0,640.0,14681
KAHL,2026-07-06,410.1,449.1,470
PPCL,2026-07-06,340.0,342.0,7065
VLBS,2026-07-06,681.1,683.1,1018
MMF1,2026-07-06,9.75,9.47,11150
RHPL,2026-07-06,262.0,262.0,6623
TVCL,2026-07-06,499.0,475.2,5127
MHL,2026-07-06,463.0,465.2,1043
MLBS,2026-07-06,1155.0,1187.0,285
GMFBS,2026-07-06,1198.1,1215.0,542
SPC,2026-07-06,410.1,410.0,3743
GSY,2026-07-06,9.7,9.9,3300
NMB50,2026-07-06,10.19,10.19,7500
AVYAN,2026-07-06,1070.0,1059.9,2230
CGH,2026-07-06,774.9,772.0,11818
MEHL,2026-07-06,327.0,321.0,1280
TRH,2026-07-06,770.0,772.5,765
MKHC,2026-07-06,296.0,297.0,7828
NLG,2026-07-06,577.1,577.7,640
JBLB,2026-07-06,1234.1,1236.0,3827
PBD88,2026-07-06,1270.0,1241.6,760
ENL,2026-07-06,820.0,828.0,440
PPL,2026-07-06,318.3,336.9,14845
RMF2,2026-07-06,10.2,10.1,7350
UMHL,2026-07-06,575.0,582.7,60550
LEC,2026-07-06,211.0,209.0,22975
NYADI,2026-07-06,360.0,380.0,4715
NUBL,2026-07-06,626.0,618.0,982
MEN,2026-07-06,575.0,570.0,64267
HRL,2026-07-06,578.1,578.5,29470
NTC,2026-07-06,850.0,847.0,4024
HEIP,2026-07-06,325.0,338.2,3010
KBL,2026-07-06,225.6,209.1,110715
NBF2,2026-07-06,10.09,10.3,24200
NIL,2026-07-06,624.0,622.0,3105
NMIC,2026-07-06,953.0,950.0,1535
SINDU,2026-07-06,696.0,698.0,2973
SWASTIK,2026-07-06,2105.0,2062.0,596
SIGS2,2026-07-06,10.8,10.5,2350
NMBD2085,2026-07-06,1195.0,1164.0,41
ICFCD89,2026-07-06,1091.2,1100.0,650
NSIF2,2026-07-06,10.54,10.79,17100
IHL,2026-07-06,368.0,364.0,3997
RSY,2026-07-06,10.2,10.0,79800
NFS,2026-07-06,649.9,592.0,51456
BFC,2026-07-06,561.7,528.0,95344
AHPC,2026-07-06,261.0,261.3,58403
BANDIPUR,2026-07-06,737.1,727.0,10680
KKHC,2026-07-06,273.6,260.0,83612
TPC,2026-07-06,360.0,354.0,32375
SLBSL,2026-07-06,1177.2,1160.0,2968
SOPL,2026-07-06,875.0,852.0,46845
AKPL,2026-07-06,243.3,255.0,29032
GMFIL,2026-07-06,465.5,464.8,10107
CHDC,2026-07-06,2080.1,2088.0,7881
MBL,2026-07-06,250.5,245.6,65861
PRIN,2026-07-06,701.0,689.9,17880
EBLD91,2026-07-06,1100.0,1100.0,110
KDL,2026-07-06,770.0,784.0,1721
SHINED,2026-07-06,1125.0,1125.0,50
SRBLD83,2026-07-06,1091.9,1099.0,5
PMHPL,2026-07-06,334.1,317.0,3657
EBLD85,2026-07-06,1150.0,1150.1,100
PFL,2026-07-06,360.0,362.0,8394
CHCL,2026-07-06,482.0,479.0,7045
PURE,2026-07-06,810.0,813.0,5840
APHL,2026-07-06,853.1,887.0,26917
EBL,2026-07-06,702.0,696.0,34303
NICA,2026-07-06,343.0,334.0,40166
ULHC,2026-07-06,422.3,414.0,6826
CBBL,2026-07-06,920.0,915.5,15681
JFL,2026-07-06,400.0,395.1,4189
ACLBSL,2026-07-06,922.1,916.0,1645
CCBD88,2026-07-06,1289.0,1258.1,10430
SPIL,2026-07-06,675.0,690.0,8180
ALBSL,2026-07-06,1060.0,1066.1,1385
HLICF,2026-07-06,9.06,8.9,3584
TTL,2026-07-06,740.3,737.0,4461
MBLEF,2026-07-06,9.98,10.0,3400
MFIL,2026-07-06,770.0,773.0,38800
KPCL,2026-07-06,472.8,469.0,3597
NMFBS,2026-07-06,1106.0,1119.0,1503
NWCL,2026-07-06,711.1,721.0,659
CITY,2026-07-06,397.9,383.0,182994
GCIL,2026-07-06,372.7,345.6,16154
UNLB,2026-07-06,1381.0,1311.0,628
SMATA,2026-07-06,749.0,744.0,758
NMBMF,2026-07-06,606.1,610.0,2838
SMB,2026-07-06,1962.0,1921.0,4014
CZBIL,2026-07-06,199.0,197.0,28624
RFPL,2026-07-06,333.0,337.1,20047
KEF,2026-07-06,10.57,10.65,2900
NICL,2026-07-06,514.1,519.0,7975
SJLIC,2026-07-06,417.5,420.0,10206
NICSF,2026-07-06,9.24,9.35,18300
CIT,2026-07-06,1692.0,1693.0,3211
PSF,2026-07-06,11.8,11.76,36300
MAKAR,2026-07-06,475.0,464.0,3150
SAHAS,2026-07-06,644.0,645.0,50593
RAWA,2026-07-06,446.9,435.0,30044
GRDBL,2026-07-06,1018.1,1029.0,3402
BGWT,2026-07-06,575.0,560.0,2225
NIMBPO,2026-07-06,149.3,149.2,274
SADBL,2026-07-06,388.0,401.5,8689
MLBSL,2026-07-06,1715.0,1740.0,258
SNORL,2026-07-06,725.1,794.1,12640
SLBBL,2026-07-06,806.0,802.1,3489
NSY,2026-07-06,9.23,9.3,1900
CFCL,2026-07-06,589.0,633.6,245145
NBL,2026-07-06,270.0,265.5,29755
NIBLGF,2026-07-06,9.02,9.5,6800
RBCL,2026-07-06,14599.0,14200.0,281
HLBSL,2026-07-06,856.0,860.0,859
SHEL,2026-07-06,300.0,296.0,36907
SBI,2026-07-06,389.0,393.9,16623
GLH,2026-07-06,251.0,250.0,26111
NGPL,2026-07-06,416.9,408.3,74380
TPKHL,2026-07-06,554.8,555.0,51401
SBIBD86,2026-07-06,1184.5,1184.5,10
SPL,2026-07-06,652.1,659.0,2330
MDB,2026-07-06,572.1,577.9,6231
SEF,2026-07-06,9.98,10.0,20300
MBJC,2026-07-06,274.0,271.0,13199
LLBS,2026-07-06,914.0,924.0,801
SHINE,2026-07-06,401.5,400.0,12241
BNHC,2026-07-06,305.0,306.2,1635
TSHL,2026-07-06,434.2,394.0,78499
BHCL,2026-07-06,522.0,520.0,34509
NIMBD90,2026-07-06,1274.0,1250.0,49344
SMHL,2026-07-06,470.0,465.0,12898
JOSHI,2026-07-06,265.0,262.9,7473
DLBS,2026-07-06,1299.0,1240.0,400
MNBBLP,2026-07-06,236.2,236.2,40000
GVL,2026-07-06,474.0,473.1,3052
PRSF,2026-07-06,12.61,12.54,51500
OHL,2026-07-06,671.1,690.0,375
NBLD87,2026-07-06,1095.0,1095.0,25
GLBSL,2026-07-06,1825.0,1761.0,1451
NBLD82,2026-07-06,1056.4,1056.3,50
SIFC,2026-07-06,523.1,533.0,5236
SIGS3,2026-07-06,10.7,10.6,2800
SFEF,2026-07-06,10.02,10.0,1800
KSBBL,2026-07-06,477.0,475.0,13948
SPDL,2026-07-06,383.0,367.9,36969
NHPC,2026-07-06,255.0,254.5,110741
STC,2026-07-06,5071.0,5177.0,1263
PCIL,2026-07-06,645.6,634.0,31985
KSY,2026-07-06,9.51,9.67,600
SICL,2026-07-03,630.0,623.0,5933
NLG,2026-07-03,590.0,590.0,7141
CHL,2026-07-03,268.0,267.0,5273
SKBBL,2026-07-03,752.9,751.0,16576
ADBLB,2026-07-03,1000.0,1000.0,430000
IGI,2026-07-03,432.0,430.0,6848
CKHL,2026-07-03,622.0,600.0,336
NABBC,2026-07-03,760.0,754.0,14853
NBLD82,2026-07-03,1066.0,1060.0,15000
MFIL,2026-07-03,736.0,774.0,54721
SMPDA,2026-07-03,785.0,795.0,1212
LICN,2026-07-03,838.0,790.0,10271
BHPL,2026-07-03,512.8,498.0,4400
GFCL,2026-07-03,631.0,627.0,13123
SMJC,2026-07-03,455.0,455.0,30998
LBBL,2026-07-03,480.2,482.9,35483
KSBBL,2026-07-03,475.0,477.0,10575
BPCL,2026-07-03,692.8,665.0,18917
RBCLPO,2026-07-03,11450.0,11450.0,20
JOSHI,2026-07-03,269.0,267.1,5599
RNLI,2026-07-03,446.0,452.0,4195
SFCL,2026-07-03,375.0,376.0,9691
CYCL,2026-07-03,1400.1,1430.0,1236
SHEL,2026-07-03,300.0,301.9,42721
NYADI,2026-07-03,381.1,378.2,11494
MCHL,2026-07-03,300.0,296.0,3468
MEHL,2026-07-03,339.0,327.0,2740
KDBY,2026-07-03,11.1,11.07,65627
TAMOR,2026-07-03,446.0,440.5,24496
HEIP,2026-07-03,321.0,328.7,475
NHPC,2026-07-03,270.0,261.9,84513
AKJCL,2026-07-03,363.9,358.0,230860
CFCL,2026-07-03,615.0,620.0,143035
SAIL,2026-07-03,900.0,905.3,13555
H8020,2026-07-03,11.65,11.95,400
SHPC,2026-07-03,493.0,495.0,26410
UHEWA,2026-07-03,580.0,580.0,33789
SMH,2026-07-03,536.0,531.0,7404
JHAPA,2026-07-03,1250.0,1269.0,10537
ICFCD89,2026-07-03,1116.0,1110.0,20658
SHL,2026-07-03,490.0,491.2,7613
LSL,2026-07-03,230.0,221.0,292521
RMF1,2026-07-03,9.81,9.8,1500
APHL,2026-07-03,859.8,898.0,25254
HDHPC,2026-07-03,197.2,206.3,84162
SWMF,2026-07-03,620.0,627.0,2469
GMFBS,2026-07-03,1240.0,1235.0,526
USHEC,2026-07-03,490.0,498.0,3809
NIL,2026-07-03,636.0,624.0,31359
RSY,2026-07-03,10.0,10.01,400
KHPL,2026-07-03,905.1,865.0,15475
IHL,2026-07-03,373.0,373.0,5349
GCIL,2026-07-03,337.2,355.0,10360
KKHC,2026-07-03,246.0,288.0,194041
KBSH,2026-07-03,1449.9,1405.0,1133
GMLI,2026-07-03,1155.0,1180.0,814
BHL,2026-07-03,208.1,210.0,49877
LEC,2026-07-03,222.6,211.0,41787
HLI,2026-07-03,326.0,324.0,18804
SABBL,2026-07-03,1015.0,1015.0,5615
SBL,2026-07-03,390.0,390.1,151305
SNORL,2026-07-03,618.6,690.6,920
OHL,2026-07-03,695.0,680.1,3742
NSY,2026-07-03,9.31,9.5,1700
CIT,2026-07-03,1700.0,1700.0,3365
NIFRAGED,2026-07-03,1044.4,1044.4,75
NMBHF2,2026-07-03,9.5,9.78,2122
HATHY,2026-07-03,705.0,701.0,4617
GLH,2026-07-03,256.8,253.9,10118
JFL,2026-07-03,406.0,398.5,2478
DHPL,2026-07-03,300.0,286.0,2875
NMIC,2026-07-03,950.0,969.0,1629
LUK,2026-07-03,10.01,10.01,15310
SAPDBL,2026-07-03,785.0,782.0,13244
UNHPL,2026-07-03,386.1,392.9,14430
NIFRAUR85/86,2026-07-03,1065.0,1065.0,30
MBJC,2026-07-03,275.0,275.1,9993
KBL,2026-07-03,226.0,214.9,193594
MLBBL,2026-07-03,1151.0,1150.0,372
MHCL,2026-07-03,335.0,326.5,3413
ALBSL,2026-07-03,1065.0,1098.0,9852
NESDO,2026-07-03,1531.0,1525.0,1898
JBBL,2026-07-03,340.0,343.0,17138
HRL,2026-07-03,570.0,583.0,27782
DOLTI,2026-07-03,341.0,339.9,15371
HFIN,2026-07-03,771.7,727.0,24307
SIFC,2026-07-03,540.0,535.0,14480
NIMBPO,2026-07-03,145.4,145.5,12423
SFEF,2026-07-03,10.02,10.02,100
NMB,2026-07-03,240.0,239.2,27440
SOHL,2026-07-03,615.0,610.0,43111
MHNL,2026-07-03,242.0,241.0,19546
PPCL,2026-07-03,360.0,347.8,22279
SHLB,2026-07-03,1503.5,1488.0,267
PSF,2026-07-03,11.8,11.82,4500
MBLEF,2026-07-03,10.2,10.0,300
KPCL,2026-07-03,470.0,472.8,4638
AHPC,2026-07-03,266.0,264.0,87859
LLBS,2026-07-03,932.0,942.0,573
NMFBS,2026-07-03,1116.0,1116.0,4895
PRVU,2026-07-03,205.0,194.4,96361
MPFL,2026-07-03,602.0,619.0,8351
GMFIL,2026-07-03,478.9,468.0,20807
PMLI,2026-07-03,468.0,450.0,5531
SKHL,2026-07-03,920.9,930.0,13126
GBLBS,2026-07-03,756.0,759.0,1615
MHL,2026-07-03,471.0,476.8,9499
HBLD86,2026-07-03,1183.0,1183.0,19975
SWBBL,2026-07-03,697.8,684.2,16081
NICL,2026-07-03,535.0,522.8,22952
SBIBD86,2026-07-03,1150.0,1150.0,20000
SBCF,2026-07-03,9.61,9.8,9600
UPPER,2026-07-03,194.0,194.0,57257
UMRH,2026-07-03,520.0,521.5,5524
ULBSL,2026-07-03,2710.0,3100.0,2201
SNLI,2026-07-03,435.3,439.0,11316
MNBBL,2026-07-03,368.9,366.0,31153
CSY,2026-07-03,9.03,9.2,1950
DLBS,2026-07-03,1398.4,1307.0,2110
ACLBSL,2026-07-03,916.0,925.0,512
PURE,2026-07-03,830.0,826.0,2856
NIMB,2026-07-03,205.0,195.9,94278
SGHL,2026-07-03,359.5,395.7,230
NICD88,2026-07-03,1100.0,1100.0,30
SLBBL,2026-07-03,808.0,805.0,3167
HIDCLP,2026-07-03,191.7,189.3,69977
NIBLSTF,2026-07-03,9.12,9.3,10180
NSIF2,2026-07-03,10.56,10.79,40300
NUBL,2026-07-03,620.1,626.0,2493
SPDL,2026-07-03,386.4,372.0,47415
BJHL,2026-07-03,775.0,832.0,7754
SIKLES,2026-07-03,561.0,557.0,4499
WNLB,2026-07-03,1353.0,1370.0,45
MSLB,2026-07-03,1235.0,1235.0,1211
C30MF,2026-07-03,10.0,10.18,2400
BHDC,2026-07-03,441.0,443.0,6224
RSDC,2026-07-03,670.0,658.0,4700
AVYAN,2026-07-03,1096.0,1067.0,4295
FMDBL,2026-07-03,760.0,761.0,8871
NICD83/84,2026-07-03,1045.0,1045.0,100
SBID2090,2026-07-03,1166.0,1166.0,13880
CLI,2026-07-03,445.3,448.9,6174
MERO,2026-07-03,702.1,705.0,5810
SADBL,2026-07-03,420.0,408.0,15582
BNT,2026-07-03,11510.2,11600.1,40
ICFC,2026-07-03,629.0,615.0,11779
GSY,2026-07-03,9.75,9.78,5900
PFL,2026-07-03,365.0,360.0,8158
UNLB,2026-07-03,1324.9,1319.0,4470
BUNGAL,2026-07-03,652.0,665.1,33322
CITY,2026-07-03,404.9,392.5,137190
GUFL,2026-07-03,558.0,557.0,7420
NGPL,2026-07-03,410.0,412.2,94433
UAIL,2026-07-03,457.4,441.0,26768
GIBF1,2026-07-03,10.53,10.62,600
SYPNL,2026-07-03,1355.0,1359.0,27554
HURJA,2026-07-03,234.9,233.3,22810
BBC,2026-07-03,4298.9,4286.0,127
PROFL,2026-07-03,443.0,440.0,11845
NRIC,2026-07-03,948.0,940.0,40862
CREST,2026-07-03,1244.5,1244.9,14906
NTC,2026-07-03,849.9,846.0,7001
NWCL,2026-07-03,726.0,727.1,1504
MANDU,2026-07-03,806.5,811.0,410
MATRI,2026-07-03,880.0,888.0,2884
GVL,2026-07-03,476.0,476.9,3925
GHL,2026-07-03,224.7,223.0,19747
SANVI,2026-07-03,617.0,635.0,6005
GBBLPO,2026-07-03,238.0,238.0,4787
ULHC,2026-07-03,497.0,429.0,99792
PMHPL,2026-07-03,327.0,325.9,4824
HBL,2026-07-03,200.0,198.3,26139
RHGCL,2026-07-03,267.5,272.0,9099
NADEP,2026-07-03,720.1,721.3,391
SLCF,2026-07-03,10.1,10.05,7610
BOKD86,2026-07-03,1088.1,1086.5,9600
KEF,2026-07-03,10.52,10.79,44852
UNL,2026-07-03,47000.0,46600.0,100
FOWAD,2026-07-03,970.0,990.0,649
BGWT,2026-07-03,585.4,559.0,4345
GLBSL,2026-07-03,1820.0,1803.0,348
NLICL,2026-07-03,594.3,573.0,18259
BNHC,2026-07-03,308.0,311.0,9307
SINDU,2026-07-03,701.1,710.0,4171
SMFBS,2026-07-03,1650.0,1651.1,8375
SHINE,2026-07-03,404.9,402.0,13565
EBL,2026-07-03,704.0,700.0,14095
SCB,2026-07-03,647.0,648.0,6192
HDL,2026-07-03,1160.0,1153.0,20232
SKHEL,2026-07-03,980.1,989.9,5605
TTL,2026-07-03,755.0,750.2,13586
NRM,2026-07-03,325.0,335.0,8736
NMLBBL,2026-07-03,552.0,552.0,7023
BFC,2026-07-03,497.8,535.0,187575
RFPL,2026-07-03,335.1,343.1,15850
SGHC,2026-07-03,354.1,342.9,8016
USHL,2026-07-03,560.7,531.0,4787
SBID83,2026-07-03,1099.0,1063.3,10509
SCBD,2026-07-03,1164.0,1160.0,38108
MMKJL,2026-07-03,489.0,470.3,1905
CHDC,2026-07-03,2109.0,2110.0,33496
PCBL,2026-07-03,233.0,236.0,58482
UPCL,2026-07-03,364.0,355.0,140909
PPL,2026-07-03,330.0,335.0,14720
SPC,2026-07-03,410.0,416.0,4014
HIMSTAR,2026-07-03,761.0,773.0,3050
HHL,2026-07-03,335.0,338.0,10272
TVCL,2026-07-03,485.0,485.1,3115
KMCDB,2026-07-03,816.6,815.0,1864
MSHL,2026-07-03,602.0,604.0,409
RURU,2026-07-03,640.1,641.2,4841
AHL,2026-07-03,435.5,437.0,2107
SSHL,2026-07-03,200.0,200.0,102291
SOPL,2026-07-03,865.0,881.0,57306
YMHL,2026-07-03,660.0,640.0,36650
HLBSL,2026-07-03,861.3,869.0,1733
NRN,2026-07-03,1413.0,1433.0,122303
VLBS,2026-07-03,700.0,690.0,4259
NBF2,2026-07-03,9.8,9.87,61300
SRLI,2026-07-03,380.0,381.1,8865
BANDIPUR,2026-07-03,749.0,746.0,12987
OMPL,2026-07-03,1010.0,997.1,3267
RLFL,2026-07-03,469.1,474.9,71755
MKHL,2026-07-03,475.1,504.7,7838
PBD85,2026-07-03,1101.1,1101.1,53
ADBL,2026-07-03,310.0,307.0,10218
TPKHL,2026-07-03,566.8,584.0,44285
SPL,2026-07-03,652.0,662.0,1996
SWASTIK,2026-07-03,2040.0,2060.0,438
SIGS2,2026-07-03,10.48,10.95,7150
SFMF,2026-07-03,10.5,10.79,9686
NIFRA,2026-07-03,250.0,249.2,56485
UMHL,2026-07-03,577.0,585.0,54077
JSLBB,2026-07-03,991.0,1016.0,238
BEDC,2026-07-03,340.0,334.0,21770
SMB,2026-07-03,2008.0,1970.0,3231
ENL,2026-07-03,845.0,838.0,465
GRDBL,2026-07-03,1023.0,1040.0,3077
SALICO,2026-07-03,597.0,609.0,3815
PHCL,2026-07-03,298.5,298.9,42156
RBCL,2026-07-03,14300.0,14400.0,150
NICGF2,2026-07-03,9.1,9.21,900
NICBF,2026-07-03,9.3,9.3,1200
HIDCL,2026-07-03,255.6,253.0,36904
ALICL,2026-07-03,436.5,437.1,24533
SIGS3,2026-07-03,10.46,10.6,800
SJLIC,2026-07-03,418.0,420.5,5891
SJCL,2026-07-03,268.0,272.0,34152
MABEL,2026-07-03,635.2,640.0,5973
DORDI,2026-07-03,254.0,252.0,15560
TPC,2026-07-03,364.8,355.0,8174
NICLBSL,2026-07-03,552.0,554.0,6482
ILBS,2026-07-03,875.9,886.3,467
MAKAR,2026-07-03,487.0,479.0,4529
NICAD2091,2026-07-03,1052.1,1052.1,25
CORBL,2026-07-03,1775.0,1775.0,2314
SAHAS,2026-07-03,642.0,645.0,67212
HPPL,2026-07-03,360.0,362.9,11019
SLBSL,2026-07-03,1160.0,1143.0,10001
CZBIL,2026-07-03,210.0,199.0,21922
DHEL,2026-07-03,571.0,594.0,17508
GILB,2026-07-03,1102.0,1119.0,3452
ANLB,2026-07-03,7006.6,7006.6,10
MDB,2026-07-03,580.4,579.3,25608
SBI,2026-07-03,398.9,393.9,142560
MLBS,2026-07-03,1179.0,1189.9,923
GBIMESY2,2026-07-03,9.2,9.22,1150
NBL,2026-07-03,267.1,267.7,16153
JBLB,2026-07-03,1240.0,1245.0,6043
GBBL,2026-07-03,409.5,404.1,24226
RHPL,2026-07-03,259.0,264.0,3399
NICAD85/86,2026-07-03,1130.0,1130.0,39165
LVF2,2026-07-03,9.9,10.0,6640
NICA,2026-07-03,340.0,335.1,32743
BARUN,2026-07-03,323.0,323.5,12129
NFS,2026-07-03,580.0,670.0,74156
MMF1,2026-07-03,9.7,9.75,5300
SPIL,2026-07-03,682.0,695.0,1588
RBBF40,2026-07-03,9.12,9.25,1550
NICSF,2026-07-03,9.21,9.24,6300
MBL,2026-07-03,257.0,247.7,85765
NABIL,2026-07-03,540.0,530.0,114343
PRIN,2026-07-03,697.0,700.0,7843
RSML,2026-07-03,3437.0,3200.0,21379
EBLD86,2026-07-03,1081.0,1085.0,55
SANIMA,2026-07-03,359.5,357.0,99362
CGH,2026-07-03,776.0,772.2,7038
SHIVM,2026-07-03,640.0,627.1,109957
HEI,2026-07-03,554.0,543.0,7399
HLICF,2026-07-03,8.66,8.8,4400
RADHI,2026-07-03,720.0,720.0,44335
RAWA,2026-07-03,441.3,444.9,15448
MEL,2026-07-03,220.2,218.0,27636
MNBBLP,2026-07-03,236.2,236.2,20000
SONA,2026-07-03,422.0,423.0,15593
PRSF,2026-07-03,13.0,12.61,160200
NICFC,2026-07-03,9.17,9.4,1430
MKCL,2026-07-03,1088.0,1097.9,2106
DDBL,2026-07-03,834.0,830.0,4198
MKHC,2026-07-03,300.0,299.0,9706
SGIC,2026-07-03,463.6,467.9,6992
KSY,2026-07-03,9.6,9.75,6890
SBD87,2026-07-03,1100.0,1096.6,20105
KAHL,2026-07-03,349.8,390.6,150
RLEL,2026-07-03,850.0,860.0,7183
EDBL,2026-07-03,558.2,569.5,5924
ILI,2026-07-03,417.0,422.0,4982
USLB,2026-07-03,1230.0,1237.0,815
GBIME,2026-07-03,249.0,243.0,324953
TSHL,2026-07-03,423.0,457.0,4108
SMHL,2026-07-03,469.1,472.0,15617
API,2026-07-03,333.0,334.9,139836
EHPL,2026-07-03,370.1,369.2,16268
NIBSF2,2026-07-03,9.1,9.1,2813
BHCL,2026-07-03,535.0,526.2,53824
ADBLD83,2026-07-03,1056.2,1070.0,10526
SIPD,2026-07-03,640.0,630.0,5312
TRH,2026-07-03,770.0,783.0,465
NMBMF,2026-07-03,610.0,617.0,1248
SAGAR,2026-07-03,1540.0,1599.8,7327
CBBL,2026-07-03,918.7,917.8,16357
SMATA,2026-07-03,760.0,749.0,2391
SBID89,2026-07-03,1230.0,1230.0,225
AKPL,2026-07-03,259.7,256.1,26934
GWFD83,2026-07-03,1100.0,1100.0,78
STC,2026-07-03,5162.1,5170.0,2478
MLBSL,2026-07-03,1705.2,1712.0,57
SEF,2026-07-03,9.95,9.95,1000
VLUCL,2026-07-03,448.1,454.0,935
KBLD90,2026-07-03,1219.0,1219.0,40000
RIDI,2026-07-03,333.9,331.0,106358
KBLD89,2026-07-03,1231.1,1255.2,315825
NBF3,2026-07-03,9.9,10.0,19450
NLIC,2026-07-03,781.0,744.5,17656
MNMF1,2026-07-03,9.56,9.85,25700
SARBTM,2026-07-03,810.1,804.0,5595
NHDL,2026-07-03,622.8,637.0,2589
SRBLD83,2026-07-03,1060.7,1091.9,5
MKJC,2026-07-03,458.0,461.0,3103
PCIL,2026-07-03,651.0,654.0,20256
MLBL,2026-07-03,352.1,356.0,14719
SPHL,2026-07-03,555.0,573.0,11542
MEN,2026-07-03,575.0,574.0,44432
KDL,2026-07-03,760.1,770.0,1320
CHCL,2026-07-03,480.0,482.0,8055
NHPC,2026-07-02,265.9,264.7,105470
DHPL,2026-07-02,300.3,287.6,1208
GRDBL,2026-07-02,1030.0,1048.9,1900
ILI,2026-07-02,424.0,421.0,4849
NIBLGF,2026-07-02,9.5,9.25,9900
JBBD87,2026-07-02,1118.0,1118.0,50
BEDC,2026-07-02,338.0,340.0,18690
ICFC,2026-07-02,617.0,615.0,2927
HDL,2026-07-02,1150.0,1150.0,16574
BHCL,2026-07-02,540.0,534.0,22899
RSY,2026-07-02,10.04,10.3,2350
RFPL,2026-07-02,342.0,343.0,24102
ADBL,2026-07-02,320.0,306.8,11685
SKHEL,2026-07-02,980.0,985.0,4181
HLI,2026-07-02,331.0,326.6,26346
PRSF,2026-07-02,12.85,12.9,130900
EHPL,2026-07-02,371.2,371.0,9487
CREST,2026-07-02,1161.0,1310.0,18471
ANLB,2026-07-02,5761.0,6673.0,10311
SAHAS,2026-07-02,655.9,642.0,122806
ILBS,2026-07-02,900.0,896.8,1391
SYPNL,2026-07-02,1289.2,1355.0,14413
GLBSL,2026-07-02,1838.8,1835.8,539
NICD83/84,2026-07-02,1043.0,1036.0,50
NMB,2026-07-02,238.5,241.0,38113
SABBL,2026-07-02,1000.0,1023.0,5440
NLIC,2026-07-02,782.2,744.0,19400
RADHI,2026-07-02,722.0,720.0,29147
SMJC,2026-07-02,472.4,453.0,13738
SAGF,2026-07-02,10.2,10.49,2200
NRN,2026-07-02,1400.0,1419.9,37733
RURU,2026-07-02,656.0,644.9,5276
HFIN,2026-07-02,738.2,735.0,14536
JBLB,2026-07-02,1247.0,1253.0,2293
PCBL,2026-07-02,232.1,236.4,30982
GHL,2026-07-02,223.0,223.0,13820
NIL,2026-07-02,620.0,621.1,3150
CHL,2026-07-02,270.0,267.1,6764
PHCL,2026-07-02,303.0,299.9,26756
GIBF1,2026-07-02,10.53,10.6,68597
SIGS2,2026-07-02,10.8,10.8,10500
HBL,2026-07-02,194.0,200.0,48210
GFCL,2026-07-02,639.0,631.6,7906
BUNGAL,2026-07-02,650.0,652.0,33044
SARBTM,2026-07-02,810.0,808.8,2378
MLBSL,2026-07-02,1711.0,1740.0,550
HLICF,2026-07-02,8.76,8.92,900
ALICL,2026-07-02,438.9,436.5,12803
NICD88,2026-07-02,1077.1,1077.1,25
SBID83,2026-07-02,1083.0,1096.0,70350
SPC,2026-07-02,415.0,417.0,1139
ULBSL,2026-07-02,2725.0,2798.0,210
HIDCLP,2026-07-02,190.0,189.9,118833
SKBBL,2026-07-02,751.5,752.9,13105
SBCF,2026-07-02,9.8,9.9,7400
NICA,2026-07-02,334.0,344.0,45178
EBLD86,2026-07-02,1086.0,1086.0,25
SAIL,2026-07-02,920.0,918.9,9359
SANIMA,2026-07-02,352.0,357.0,25904
MPFL,2026-07-02,600.0,612.0,3924
BPCL,2026-07-02,674.7,659.9,15303
NWCL,2026-07-02,732.1,730.0,360
GMFIL,2026-07-02,441.0,469.0,8739
MKHC,2026-07-02,303.0,301.5,8357
MMF1,2026-07-02,9.93,9.7,12700
KBL,2026-07-02,212.0,215.3,220816
LBBL,2026-07-02,494.9,488.0,19077
GCIL,2026-07-02,357.0,354.9,15266
MERO,2026-07-02,709.1,707.8,2306
PPCL,2026-07-02,376.9,347.0,14226
CSY,2026-07-02,9.12,9.3,2700
SBLD89,2026-07-02,1287.5,1220.0,95840
AHPC,2026-07-02,269.0,264.0,51227
RLFL,2026-07-02,467.3,469.7,45907
HATHY,2026-07-02,715.0,705.0,2817
AKPL,2026-07-02,258.0,257.7,23956
CGH,2026-07-02,766.0,768.4,19565
CIZBD90,2026-07-02,1202.0,1202.0,25
GBLBS,2026-07-02,745.3,750.0,1791
SPL,2026-07-02,675.0,668.0,924
HBLD86,2026-07-02,1200.0,1183.0,50025
SJLIC,2026-07-02,430.0,424.8,8089
NYADI,2026-07-02,376.1,381.5,720
MHL,2026-07-02,470.0,476.0,3480
SHEL,2026-07-02,300.0,299.0,47708
UHEWA,2026-07-02,619.0,587.0,26170
NMLBBL,2026-07-02,545.0,552.0,6560
HEIP,2026-07-02,320.0,320.0,60
NSY,2026-07-02,9.55,9.31,2900
KSY,2026-07-02,9.73,9.72,400
DORDI,2026-07-02,257.0,252.5,7997
SNORL,2026-07-02,537.9,600.6,180
UPCL,2026-07-02,362.0,372.6,74910
NMBD2085,2026-07-02,1169.0,1195.0,20
AKJCL,2026-07-02,370.0,362.0,231421
UPPER,2026-07-02,194.5,194.0,41920
RBBF40,2026-07-02,9.1,9.2,2100
GMLI,2026-07-02,1210.0,1180.0,563
CBLD88,2026-07-02,1270.0,1285.0,5
HDHPC,2026-07-02,209.0,207.5,90283
GUFL,2026-07-02,562.9,558.0,8092
NICAD85/86,2026-07-02,1226.1,1130.0,360836
UAIL,2026-07-02,452.5,463.9,19610
RSDC,2026-07-02,664.0,652.0,2719
SANVI,2026-07-02,633.9,633.0,4798
SGHL,2026-07-02,299.3,344.1,410
PBD88,2026-07-02,1256.5,1270.0,205
CZBIL,2026-07-02,197.9,201.1,55214
TPKHL,2026-07-02,618.0,596.6,41840
MEN,2026-07-02,580.0,575.0,63345
PPL,2026-07-02,318.3,337.0,20382
MKHL,2026-07-02,495.0,479.0,3726
PFL,2026-07-02,351.6,364.9,3357
SPIL,2026-07-02,713.8,691.0,2712
DHEL,2026-07-02,585.0,577.7,10885
NRIC,2026-07-02,955.0,939.0,10924
BFC,2026-07-02,507.9,524.0,78781
SADBL,2026-07-02,403.1,409.9,8023
MNBBL,2026-07-02,363.0,367.8,10559
MSLB,2026-07-02,1239.0,1240.0,454
LVF2,2026-07-02,9.99,9.87,600
RAWA,2026-07-02,448.0,446.0,15623
ENL,2026-07-02,815.0,831.0,590
NIMBPO,2026-07-02,142.0,145.2,6010
SMATA,2026-07-02,759.9,753.0,944
SWASTIK,2026-07-02,2050.0,2040.0,1241
UNLB,2026-07-02,1287.0,1324.9,453
EBLD85,2026-07-02,1135.0,1120.0,151305
UMHL,2026-07-02,583.0,577.2,14624
KKHC,2026-07-02,260.0,258.0,36977
SLCF,2026-07-02,10.01,10.03,11100
HHL,2026-07-02,340.0,339.8,11457
BNHC,2026-07-02,314.9,314.7,6063
SAPDBL,2026-07-02,789.0,786.5,17249
LBLD86,2026-07-02,1225.0,1240.0,15
MBL,2026-07-02,245.8,249.8,82504
OMPL,2026-07-02,1024.4,1010.0,1043
HPPL,2026-07-02,366.0,363.8,9926
HIDCL,2026-07-02,256.0,255.5,53596
GVL,2026-07-02,475.0,475.0,5508
FOWAD,2026-07-02,979.9,970.0,1127
DLBS,2026-07-02,1235.0,1472.0,5030
SHL,2026-07-02,498.0,493.0,6333
TTL,2026-07-02,750.0,750.0,4615
HRL,2026-07-02,594.0,584.0,32398
MLBL,2026-07-02,355.5,355.0,20147
HIMSTAR,2026-07-02,816.0,780.0,5357
RIDI,2026-07-02,336.0,333.6,72024
MKJC,2026-07-02,460.0,456.1,1718
MMKJL,2026-07-02,476.2,477.0,1507
SFCL,2026-07-02,370.0,375.8,6971
ACLBSL,2026-07-02,930.0,942.2,432
NFS,2026-07-02,584.0,583.0,5796
SONA,2026-07-02,451.5,425.2,5112
MCHL,2026-07-02,303.5,304.8,1466
JSLBB,2026-07-02,995.0,1019.0,408
NMFBS,2026-07-02,1112.0,1116.0,2569
SIGS3,2026-07-02,10.65,10.6,59750
NICBF,2026-07-02,9.3,9.3,500
SKHL,2026-07-02,981.7,920.9,7336
TVCL,2026-07-02,485.0,494.8,4235
SMB,2026-07-02,2001.0,2008.0,9043
SRBLD83,2026-07-02,1075.0,1060.7,25
APHL,2026-07-02,888.0,905.0,27833
SHIVM,2026-07-02,639.9,632.0,52384
MLBS,2026-07-02,1168.0,1166.0,530
RBCL,2026-07-02,14305.0,14449.9,175
PMHPL,2026-07-02,317.0,326.5,4482
NMB50,2026-07-02,10.49,10.5,5200
MKCL,2026-07-02,1104.0,1088.0,650
SAND2085,2026-07-02,1189.0,1190.0,6
BBC,2026-07-02,4160.3,4260.0,150
SHINE,2026-07-02,415.6,403.0,8973
RBCLPO,2026-07-02,11730.0,11730.0,3
RHPL,2026-07-02,262.0,261.9,5280
CFCL,2026-07-02,605.6,617.9,66859
KMCDB,2026-07-02,832.9,815.5,2168
ICFCD89,2026-07-02,1086.1,1109.0,375
LSL,2026-07-02,220.0,222.0,1917570
NABIL,2026-07-02,530.0,541.0,231443
IHL,2026-07-02,367.1,373.5,3021
CHCL,2026-07-02,481.0,480.0,29848
RMF2,2026-07-02,9.96,10.0,1200
MLBBL,2026-07-02,1140.0,1150.0,684
GSY,2026-07-02,10.0,9.86,24040
SIFC,2026-07-02,538.0,537.0,1125
SBLD84,2026-07-02,1085.0,1085.0,82764
SPHL,2026-07-02,560.0,570.0,5667
BHPL,2026-07-02,500.0,504.9,3220
NABBC,2026-07-02,777.0,752.0,2959
SICL,2026-07-02,618.0,625.9,2980
SBIBD86,2026-07-02,1139.8,1150.0,100
KSBBL,2026-07-02,475.0,474.0,6323
MDB,2026-07-02,593.4,582.0,8404
HLBSL,2026-07-02,853.6,887.9,2262
NIFRA,2026-07-02,255.0,254.0,25838
BARUN,2026-07-02,323.0,322.0,12825
GILB,2026-07-02,1094.0,1070.1,1289
MHCL,2026-07-02,331.2,333.0,1017
DOLTI,2026-07-02,353.0,345.0,22168
RLEL,2026-07-02,848.0,858.0,4228
KEF,2026-07-02,10.75,10.61,2700
MABEL,2026-07-02,657.0,654.8,8415
NIMB,2026-07-02,200.0,197.9,122748
MANDU,2026-07-02,766.0,820.0,1230
LLBS,2026-07-02,906.0,920.0,1075
SRLI,2026-07-02,379.1,380.4,8507
MHNL,2026-07-02,243.0,245.6,18888
RBBD2088,2026-07-02,1055.5,1087.5,616
TAMOR,2026-07-02,442.2,444.0,20600
SOPL,2026-07-02,885.0,865.0,48210
MAKAR,2026-07-02,465.7,473.1,321
SMHL,2026-07-02,475.0,473.8,9989
GMFBS,2026-07-02,1200.1,1252.0,705
CIT,2026-07-02,1700.1,1704.0,4129
NICGF2,2026-07-02,9.2,9.3,13200
HURJA,2026-07-02,237.0,234.2,31435
RHGCL,2026-07-02,267.1,273.0,13359
NMBMF,2026-07-02,616.0,626.9,1543
NICAD2091,2026-07-02,1060.0,1070.0,210
MNMF1,2026-07-02,9.7,9.85,1950
HEI,2026-07-02,535.5,545.0,5623
GBIMESY2,2026-07-02,9.3,9.35,1000
NIBLSTF,2026-07-02,9.22,9.01,1000
SCB,2026-07-02,645.0,647.0,13552
NICFC,2026-07-02,9.3,9.45,4600
PMLI,2026-07-02,452.0,455.0,5021
SBID2090,2026-07-02,1128.7,1162.4,5
NLG,2026-07-02,578.0,586.0,3855
BANDIPUR,2026-07-02,770.0,753.0,11214
NLICL,2026-07-02,590.0,594.3,8212
KAHL,2026-07-02,295.4,339.7,200
SBD87,2026-07-02,1087.0,1087.0,30
SAGAR,2026-07-02,1587.1,1541.1,1813
GBILD86/87,2026-07-02,1108.0,1108.0,25
RMF1,2026-07-02,9.83,9.86,200
NICLBSL,2026-07-02,558.0,552.0,2646
LUK,2026-07-02,9.9,10.0,7485
VLBS,2026-07-02,685.0,696.0,2609
KHPL,2026-07-02,866.0,862.0,12345
API,2026-07-02,336.0,333.8,114229
MFIL,2026-07-02,755.0,774.0,18220
EBLD91,2026-07-02,1090.0,1090.0,25
MSHL,2026-07-02,626.0,619.8,370
GBIME,2026-07-02,250.0,249.0,364120
RSML,2026-07-02,3230.0,3274.0,79286
TPC,2026-07-02,365.0,360.0,1178
NTC,2026-07-02,848.0,849.0,5018
BNT,2026-07-02,11650.0,11700.0,30
CITY,2026-07-02,403.0,401.8,173365
SHINED,2026-07-02,1096.1,1097.0,120
NGPL,2026-07-02,409.1,411.8,50388
OHL,2026-07-02,682.0,680.0,245
NBLD85,2026-07-02,1065.0,1100.0,134
SEF,2026-07-02,10.25,9.95,22300
EDBL,2026-07-02,555.3,568.9,7240
BJHL,2026-07-02,855.0,815.1,8238
SLBBL,2026-07-02,805.0,808.0,8632
AHL,2026-07-02,450.9,447.3,5792
NMIC,2026-07-02,965.0,958.0,1927
TSHL,2026-07-02,435.0,435.1,2126
H8020,2026-07-02,11.36,11.95,26777
NBF3,2026-07-02,9.82,10.0,33900
SBI,2026-07-02,386.0,392.2,1984
NICL,2026-07-02,512.4,520.0,10810
NIBD84,2026-07-02,1075.0,1085.0,14178
NBF2,2026-07-02,10.36,10.06,2700
SOHL,2026-07-02,612.1,617.8,19463
JOSHI,2026-07-02,261.5,269.1,7924
NUBL,2026-07-02,615.2,624.0,3517
SMPDA,2026-07-02,816.0,801.0,1018
C30MF,2026-07-02,10.15,10.18,1500
VLUCL,2026-07-02,451.0,448.0,409
BHDC,2026-07-02,443.0,442.9,2966
CYCL,2026-07-02,1503.5,1437.9,1969
DDBL,2026-07-02,839.9,822.2,5344
USHL,2026-07-02,565.0,534.1,3840
SMFBS,2026-07-02,1682.0,1670.0,6190
SIPD,2026-07-02,648.0,640.0,3860
MEHL,2026-07-02,325.2,332.0,456
JHAPA,2026-07-02,1270.0,1268.9,10147
SLBSL,2026-07-02,1236.9,1200.0,2007
NRM,2026-07-02,329.0,330.0,6301
MBLPO,2026-07-02,132.0,132.0,2686
SINDU,2026-07-02,703.2,721.9,2180
SDBD87,2026-07-02,1120.0,1115.0,75
CHDC,2026-07-02,2130.0,2124.0,14787
SMH,2026-07-02,543.9,531.0,5724
NICSF,2026-07-02,9.26,9.48,24800
STC,2026-07-02,5235.0,5179.9,1250
SHPC,2026-07-02,502.0,495.0,16601
SALICO,2026-07-02,605.0,614.0,4987
NADEP,2026-07-02,735.0,725.0,777
BGWT,2026-07-02,597.9,586.2,343
NIFRAGED,2026-07-02,1026.2,1042.0,93
SSHL,2026-07-02,203.0,201.1,81816
MBJC,2026-07-02,275.0,275.0,4623
KBSH,2026-07-02,1390.0,1410.0,181
FMDBL,2026-07-02,763.6,763.0,12709
NMBHF2,2026-07-02,9.5,9.7,3010
CBBL,2026-07-02,922.9,910.0,10348
SBL,2026-07-02,391.0,393.8,47940
ICFCD88,2026-07-02,1138.0,1138.0,25
SGIC,2026-07-02,475.0,465.8,5755
CKHL,2026-07-02,601.0,609.0,375
MATRI,2026-07-02,853.0,862.0,1414
NESDO,2026-07-02,1525.0,1545.0,170
IGI,2026-07-02,438.0,431.1,10304
PRVU,2026-07-02,191.0,197.0,141263
UNHPL,2026-07-02,393.0,388.0,8405
EBL,2026-07-02,695.6,704.0,96493
NSIF2,2026-07-02,11.0,10.74,15659
PURE,2026-07-02,843.9,840.3,1130
KDBY,2026-07-02,10.89,11.08,115604
JFL,2026-07-02,398.0,396.0,3236
ULHC,2026-07-02,420.0,496.8,31541
AVYAN,2026-07-02,1043.0,1044.0,310
YMHL,2026-07-02,715.0,663.2,35070
SFMF,2026-07-02,10.6,10.8,1100
RNLI,2026-07-02,451.5,449.0,5246
BHL,2026-07-02,214.0,210.0,28827
GBILD84/85,2026-07-02,1115.0,1115.0,23010
SPDL,2026-07-02,387.0,368.0,8083
SWBBL,2026-07-02,693.1,697.8,13743
KDL,2026-07-02,760.0,775.0,1010
SGHC,2026-07-02,347.1,338.0,8417
CLI,2026-07-02,448.0,451.0,7338
SWMF,2026-07-02,615.1,628.0,1581
LICN,2026-07-02,838.9,799.0,7799
LEC,2026-07-02,215.4,212.0,25040
PROFL,2026-07-02,433.0,439.5,5616
MBLEF,2026-07-02,10.0,10.0,2750
KPCL,2026-07-02,475.0,471.5,3912
NBL,2026-07-02,265.0,270.0,59762
USLB,2026-07-02,1236.1,1230.0,1053
CMF2,2026-07-02,9.44,9.9,3000
JBBL,2026-07-02,336.0,339.0,17044
ALBSL,2026-07-02,1040.0,1099.6,12674
MEL,2026-07-02,222.0,220.1,11142
NIBSF2,2026-07-02,9.02,9.1,400
SIKLES,2026-07-02,557.1,561.8,4491
KBLD90,2026-07-02,1249.0,1222.0,30165
UMRH,2026-07-02,520.5,517.8,8505
SFEF,2026-07-02,9.9,10.02,500
ICFCD83,2026-07-02,1086.4,1086.4,190
PCIL,2026-07-02,634.7,661.0,33466
GLH,2026-07-02,252.1,254.8,6509
PSF,2026-07-02,11.9,11.88,35000
PRIN,2026-07-02,682.0,689.0,1837
KBLD89,2026-07-02,1231.3,1231.1,25
WNLB,2026-07-02,1370.0,1353.0,180
NHDL,2026-07-02,638.0,641.0,5658
NABILD2089,2026-07-02,1122.7,1153.0,2
CORBL,2026-07-02,1833.0,1700.0,27014
USHEC,2026-07-02,487.0,500.0,3544
SJCL,2026-07-02,270.0,271.8,14454
SNLI,2026-07-02,440.0,438.3,9847
SHLB,2026-07-02,1461.8,1550.0,345
GBBL,2026-07-02,402.1,405.0,8510
SAIL,2026-07-01,834.1,919.9,23431
KBSH,2026-07-01,1300.0,1410.0,1044
GLH,2026-07-01,251.0,257.0,19388
MMKJL,2026-07-01,466.0,476.0,2297
GSY,2026-07-01,9.7,10.0,14560
UPPER,2026-07-01,181.0,194.5,66171
SBL,2026-07-01,390.0,389.9,69857
DHPL,2026-07-01,287.2,286.0,2955
CSY,2026-07-01,9.07,9.25,8245
USLB,2026-07-01,1220.0,1245.0,1476
UPCL,2026-07-01,341.5,354.9,43605
SPDL,2026-07-01,362.0,368.6,21140
SWBBL,2026-07-01,697.5,702.0,19669
RMF1,2026-07-01,9.77,10.0,2070
RBCLPO,2026-07-01,11424.3,11730.0,20
SMB,2026-07-01,1983.9,2054.0,8874
ENL,2026-07-01,810.0,819.2,154
SMH,2026-07-01,530.0,536.0,9401
KPCL,2026-07-01,470.0,475.0,4462
USHL,2026-07-01,585.7,538.1,3269
SGIC,2026-07-01,457.0,469.9,17746
BARUN,2026-07-01,316.0,321.0,31213
AKPL,2026-07-01,250.1,258.0,45072
SIKLES,2026-07-01,559.9,561.8,4722
NIMB,2026-07-01,199.5,193.0,62331
CORBL,2026-07-01,1804.1,1800.0,36575
SIGS2,2026-07-01,10.5,10.5,10000
SPIL,2026-07-01,699.0,700.0,2284
PRIN,2026-07-01,690.0,691.0,5819
MBJC,2026-07-01,272.0,277.0,9594
SHEL,2026-07-01,295.0,300.0,37575
MKJC,2026-07-01,445.3,460.0,610
CFCL,2026-07-01,592.0,609.9,67593
MSHL,2026-07-01,590.0,639.8,1982
NMBD2085,2026-07-01,1135.0,1169.0,5
RHGCL,2026-07-01,270.7,273.0,37498
ICFCD89,2026-07-01,1094.1,1100.0,200
ILBSP,2026-07-01,485.0,485.0,9629
NWCL,2026-07-01,722.0,732.0,1320
CHL,2026-07-01,261.9,268.0,12315
OHL,2026-07-01,685.0,682.0,2830
PCBLP,2026-07-01,105.0,105.0,8041
SBCF,2026-07-01,10.0,9.8,2900
UMHL,2026-07-01,576.0,580.0,46983
RBBF40,2026-07-01,9.03,9.13,800
WNLB,2026-07-01,1369.0,1370.0,320
YMHL,2026-07-01,635.0,689.0,53491
HFIN,2026-07-01,703.1,738.2,34966
ADBL,2026-07-01,300.0,305.0,11287
HRL,2026-07-01,568.2,585.0,41670
NMBMF,2026-07-01,614.9,628.7,930
ANLB,2026-07-01,5707.0,6061.5,387
BBC,2026-07-01,4234.9,4279.0,375
SADBL,2026-07-01,404.0,407.0,199292
NLG,2026-07-01,576.3,590.0,3062
NLICL,2026-07-01,565.0,583.0,3833
SAHAS,2026-07-01,630.0,644.0,52403
SHINED,2026-07-01,1097.0,1100.3,195
GCIL,2026-07-01,349.0,354.7,11186
SNLI,2026-07-01,430.1,440.6,9044
AVYAN,2026-07-01,1053.8,1048.9,1277
MNBBLP,2026-07-01,236.2,236.2,46996
HEIP,2026-07-01,330.6,320.7,21
JOSHI,2026-07-01,252.0,267.5,6827
UNLB,2026-07-01,1318.0,1326.5,905
NMB,2026-07-01,230.0,238.2,24489
ACLBSL,2026-07-01,952.0,941.0,366
SKHL,2026-07-01,901.2,935.0,19269
SIGS3,2026-07-01,10.65,10.55,20090
NLIC,2026-07-01,740.0,745.0,7316
GFCL,2026-07-01,682.5,631.0,32913
HPPL,2026-07-01,358.0,362.0,14075
NICA,2026-07-01,323.2,333.9,43504
TSHL,2026-07-01,448.0,445.0,7925
MKCL,2026-07-01,1099.0,1104.0,2122
TVCL,2026-07-01,480.0,485.0,13262
SLCF,2026-07-01,10.0,10.05,44000
UMRH,2026-07-01,520.0,522.9,6361
NICAD2091,2026-07-01,1061.0,1067.0,100
NADEP,2026-07-01,731.9,720.0,607
FMDBL,2026-07-01,779.0,764.5,13796
NICSF,2026-07-01,9.22,9.3,10700
ILBS,2026-07-01,884.0,897.0,3317
VLBS,2026-07-01,678.0,685.1,1706
UHEWA,2026-07-01,610.0,590.0,19750
SPHL,2026-07-01,560.0,577.0,25095
SMFBS,2026-07-01,1614.0,1682.0,9144
NIBLSTF,2026-07-01,9.05,9.08,2900
NRN,2026-07-01,1440.0,1427.0,116706
VLUCL,2026-07-01,436.1,451.9,4672
CITY,2026-07-01,420.0,403.0,159716
SWASTIK,2026-07-01,2100.0,2102.0,895
BHCL,2026-07-01,529.2,546.0,25120
NTC,2026-07-01,848.0,847.9,4586
RIDI,2026-07-01,325.0,336.0,193210
NICFC,2026-07-01,8.99,9.35,3100
MFLD85,2026-07-01,1120.0,1115.0,300
SONA,2026-07-01,416.0,430.0,9964
SBI,2026-07-01,387.0,387.0,18166
SFEF,2026-07-01,9.9,10.19,10595
RLFL,2026-07-01,461.1,475.0,67406
NMB50,2026-07-01,10.35,10.35,500
CBLD88,2026-07-01,1235.0,1270.0,87
TAMOR,2026-07-01,435.7,446.0,12768
KBL,2026-07-01,205.9,210.1,140421
SEF,2026-07-01,10.2,10.25,46000
APHL,2026-07-01,807.5,888.0,29517
TTL,2026-07-01,721.0,750.0,9017
RBCL,2026-07-01,14300.0,14490.0,110
EBL,2026-07-01,699.9,694.0,25799
MLBBL,2026-07-01,1140.0,1140.0,1016
DOLTI,2026-07-01,335.0,345.9,69764
SBLD84,2026-07-01,1065.1,1065.0,50
KBLD90,2026-07-01,1215.0,1215.0,25
GBLBS,2026-07-01,750.0,754.0,1793
PURE,2026-07-01,802.0,843.9,5242
MNMF1,2026-07-01,9.5,9.81,6250
BNT,2026-07-01,11600.0,11600.0,10
NMBHF2,2026-07-01,9.53,9.78,16100
NHPC,2026-07-01,255.0,265.9,224002
ICFCD88,2026-07-01,1130.1,1138.0,50
BUNGAL,2026-07-01,639.0,637.0,26572
SRBLD83,2026-07-01,1075.0,1075.0,10
SAGAR,2026-07-01,1490.0,1589.9,4757
KBLPO,2026-07-01,100.0,100.0,373303
HURJA,2026-07-01,231.0,237.0,47776
SHPC,2026-07-01,486.0,496.8,17449
CKHL,2026-07-01,615.0,610.0,3079
LBLD86,2026-07-01,1227.0,1227.0,20
KMCDB,2026-07-01,816.9,810.0,1970
PFL,2026-07-01,369.8,360.0,7048
KBLD86,2026-07-01,1180.0,1215.0,7
PRVU,2026-07-01,187.1,191.5,76106
TRH,2026-07-01,770.0,770.0,1595
MATRI,2026-07-01,827.1,853.0,423
HEI,2026-07-01,551.0,541.2,1744
NSIF2,2026-07-01,10.54,10.79,10350
BHL,2026-07-01,209.0,210.9,67517
SANVI,2026-07-01,613.0,630.0,10963
CREST,2026-07-01,1158.0,1196.0,8432
CHDC,2026-07-01,2125.0,2132.0,32955
SOHL,2026-07-01,610.0,624.0,72848
HIDCLP,2026-07-01,186.0,189.0,138036
NIL,2026-07-01,614.3,624.9,2153
HHL,2026-07-01,330.0,340.0,14697
MAKAR,2026-07-01,461.0,476.9,2856
OMPL,2026-07-01,975.0,1000.0,2999
SRLI,2026-07-01,375.1,382.0,11926
USHEC,2026-07-01,500.0,492.0,4548
MHL,2026-07-01,455.0,470.0,2817
RHPL,2026-07-01,260.0,264.0,9961
LICN,2026-07-01,793.0,799.0,2859
MLBLD89,2026-07-01,1258.0,1258.0,25
PMLI,2026-07-01,440.0,458.0,2777
NBF2,2026-07-01,10.1,10.06,3000
MANDU,2026-07-01,786.0,806.3,778
NMIC,2026-07-01,945.0,965.0,4494
SCBD,2026-07-01,1200.0,1200.0,1000
EBLD86,2026-07-01,1090.0,1090.0,25
MKHL,2026-07-01,470.0,485.0,2318
GILB,2026-07-01,1103.0,1094.0,562
GMFBS,2026-07-01,1190.0,1227.0,124
SINDU,2026-07-01,662.2,706.1,5551
SAPDBL,2026-07-01,825.0,789.0,12900
NESDO,2026-07-01,1510.0,1539.9,525
NABIL,2026-07-01,520.0,525.0,44906
SOPL,2026-07-01,833.0,885.0,69314
MHNL,2026-07-01,245.0,244.0,7320
SANIMA,2026-07-01,354.0,351.9,98218
AHL,2026-07-01,471.0,449.0,6939
BFC,2026-07-01,499.7,505.0,39789
HLI,2026-07-01,316.0,329.0,27314
SARBTM,2026-07-01,816.8,814.0,3806
KDL,2026-07-01,749.1,765.0,1262
MSLB,2026-07-01,1244.0,1226.0,444
LLBS,2026-07-01,920.0,934.0,1235
RSML,2026-07-01,3195.0,3400.0,54822
SMPDA,2026-07-01,772.0,793.0,1219
KKHC,2026-07-01,255.0,264.0,128603
SLBBLP,2026-07-01,456.0,456.0,1038
RLEL,2026-07-01,830.0,860.1,4141
PCBL,2026-07-01,231.5,233.9,64115
MERO,2026-07-01,708.2,709.0,2905
HBL,2026-07-01,190.0,194.0,30343
IGI,2026-07-01,441.0,438.0,4239
NICLBSL,2026-07-01,550.0,557.9,4761
GHL,2026-07-01,215.0,223.0,32901
SIFC,2026-07-01,538.9,540.0,2118
GMFIL,2026-07-01,469.0,464.0,4875
UNHPL,2026-07-01,392.0,393.0,30215
NBLD87,2026-07-01,1084.5,1084.5,25
FOWAD,2026-07-01,970.0,979.9,1672
EHPL,2026-07-01,391.6,373.0,19616
SPL,2026-07-01,670.0,665.0,630
SWMF,2026-07-01,614.0,621.8,877
NGPL,2026-07-01,404.0,414.9,106621
CMF2,2026-07-01,10.15,9.69,5951
KSY,2026-07-01,9.7,9.99,3210
NUBL,2026-07-01,626.9,625.0,2566
CIT,2026-07-01,1685.0,1705.0,3895
EBLD91,2026-07-01,1090.0,1090.0,225
MBLEF,2026-07-01,10.22,10.0,5100
HIMSTAR,2026-07-01,741.0,794.0,6088
KEF,2026-07-01,10.52,10.56,17980
SCB,2026-07-01,650.0,641.0,21494
GBIMESY2,2026-07-01,9.25,9.5,2200
NIFRAGED,2026-07-01,1041.2,1041.2,50
NRIC,2026-07-01,920.0,944.0,20583
BJHL,2026-07-01,795.0,900.0,7876
H8020,2026-07-01,11.35,11.35,1200
AKJCL,2026-07-01,361.0,366.0,472111
NBF3,2026-07-01,9.89,10.0,5300
NMFBS,2026-07-01,1111.0,1120.1,785
MEL,2026-07-01,220.0,222.0,35696
BHDC,2026-07-01,440.0,443.2,4654
SJLIC,2026-07-01,415.0,425.0,5788
NMBD87/88,2026-07-01,1110.0,1085.1,126
SJCL,2026-07-01,268.0,272.0,7392
TPC,2026-07-01,350.0,359.2,6577
LBBL,2026-07-01,471.0,485.0,19750
JFL,2026-07-01,407.8,398.0,2276
DHEL,2026-07-01,565.0,585.0,9790
SYPNL,2026-07-01,1267.3,1357.0,45120
AHPC,2026-07-01,261.0,266.9,55140
SSHL,2026-07-01,196.0,204.4,161143
CZBIL,2026-07-01,199.0,196.1,32911
GBBL,2026-07-01,400.0,404.9,13064
NSY,2026-07-01,9.1,9.55,4000
SBID2090,2026-07-01,1064.0,1128.7,13940
HATHY,2026-07-01,671.0,713.9,7042
RSY,2026-07-01,9.8,10.14,1100
MNBBL,2026-07-01,362.0,367.9,13722
LUK,2026-07-01,10.01,10.2,35250
MBL,2026-07-01,243.9,243.0,54300
NBL,2026-07-01,260.1,265.0,25349
GBILD86/87,2026-07-01,1108.0,1108.0,30
SLBSL,2026-07-01,1160.0,1302.0,4366
GUFL,2026-07-01,550.1,558.0,6024
MDB,2026-07-01,597.4,582.0,6962
CCBD88,2026-07-01,1297.0,1297.0,25
NRM,2026-07-01,315.5,329.0,8953
CBBL,2026-07-01,906.0,910.0,13798
SRLIP,2026-07-01,208.0,208.0,88402
SIPD,2026-07-01,610.0,648.4,14520
JSLBB,2026-07-01,995.0,1015.0,129
SMJC,2026-07-01,445.5,450.0,9162
HLBSL,2026-07-01,879.9,875.5,172
BEDC,2026-07-01,325.0,337.4,21748
SFCL,2026-07-01,371.0,373.9,5814
RBBD2088,2026-07-01,1056.1,1056.1,25
GRDBL,2026-07-01,1015.0,1038.8,4025
NICL,2026-07-01,522.9,526.0,24242
SGHC,2026-07-01,329.0,337.0,4461
CYCL,2026-07-01,1289.2,1550.0,3450
ULHC,2026-07-01,417.0,432.0,10977
MBLD2085,2026-07-01,1150.0,1184.5,5
BHPL,2026-07-01,490.0,500.0,6189
SHL,2026-07-01,489.9,492.0,13270
JBLB,2026-07-01,1236.0,1247.0,5400
RFPL,2026-07-01,320.0,346.0,11991
DDBL,2026-07-01,820.0,830.0,41539
MMF1,2026-07-01,9.71,9.65,20200
STC,2026-07-01,5150.0,5235.0,2596
PBLD87,2026-07-01,1091.0,1090.0,90
SKHEL,2026-07-01,933.0,980.1,4859
SMHL,2026-07-01,458.1,475.0,11823
KDBY,2026-07-01,10.67,10.99,150202
HIDCL,2026-07-01,250.0,254.0,31442
ICFC,2026-07-01,612.0,613.2,5327
RSDC,2026-07-01,627.0,648.0,3409
DLBS,2026-07-01,1349.5,1295.0,1371
SABBL,2026-07-01,970.0,1010.0,7525
TPKHL,2026-07-01,596.0,618.2,75170
SMATA,2026-07-01,735.0,755.0,1702
MEHL,2026-07-01,337.6,334.9,5573
SBIBD86,2026-07-01,1175.0,1175.0,200
KSBBL,2026-07-01,473.0,476.3,7679
PBD88,2026-07-01,1255.0,1256.5,20
CGH,2026-07-01,764.0,774.0,37166
NABBC,2026-07-01,789.0,772.0,3342
NICBF,2026-07-01,9.03,9.03,250
SKBBL,2026-07-01,751.0,752.0,5173
NIFRA,2026-07-01,247.0,253.9,46129
RAWA,2026-07-01,430.0,449.5,32411
MHCL,2026-07-01,339.0,338.9,5068
SHLB,2026-07-01,1479.3,1507.0,581
CLI,2026-07-01,440.0,448.0,8478
NYADI,2026-07-01,358.0,381.3,4983
LEC,2026-07-01,209.0,212.5,50709
ULBSL,2026-07-01,2762.0,2805.0,292
PPCL,2026-07-01,343.7,359.0,17268
RNLI,2026-07-01,440.1,451.5,5521
GLBSL,2026-07-01,1838.8,1838.8,1111
NIMBD90,2026-07-01,1275.0,1270.0,111230
UNL,2026-07-01,46550.0,46505.0,40
CHCL,2026-07-01,477.0,481.0,14543
PRSF,2026-07-01,12.79,12.75,119300
PPL,2026-07-01,303.1,335.0,15666
EDBL,2026-07-01,565.0,565.0,2545
NIBLGF,2026-07-01,9.3,9.25,1300
ALBSL,2026-07-01,1030.0,1077.0,3511
PROFL,2026-07-01,437.0,439.0,2642
SAND2085,2026-07-01,1165.9,1189.0,20
JBBL,2026-07-01,338.0,338.0,24688
PMHPL,2026-07-01,314.0,320.0,7480
MFIL,2026-07-01,760.0,779.6,6891
RURU,2026-07-01,630.1,642.0,6461
MLBL,2026-07-01,354.8,355.5,15638
RMF2,2026-07-01,10.0,10.25,1000
DORDI,2026-07-01,245.0,254.8,27435
GBIME,2026-07-01,238.0,242.0,335428
HLICF,2026-07-01,8.69,8.76,5500
BGWT,2026-07-01,599.2,597.0,632
SNORL,2026-07-01,467.8,522.3,130
LSL,2026-07-01,215.5,219.0,1345112
LVF2,2026-07-01,9.91,10.0,1204
NHDL,2026-07-01,620.2,638.7,4465
MABEL,2026-07-01,630.0,657.0,9609
NBLD82,2026-07-01,1060.0,1060.0,200
HDL,2026-07-01,1142.0,1147.0,13221
GVL,2026-07-01,467.0,475.0,5464
PCIL,2026-07-01,627.0,664.9,37225
NICGF2,2026-07-01,9.01,9.42,10500
BANDIPUR,2026-07-01,711.0,759.0,27614
BPCL,2026-07-01,637.0,642.6,35359
HDHPC,2026-07-01,202.0,208.5,103329
UAIL,2026-07-01,451.0,465.0,12842
MLBSL,2026-07-01,1713.0,1745.0,294
SHIVM,2026-07-01,624.0,632.0,96022
PHCL,2026-07-01,296.0,301.0,49012
GBBD85,2026-07-01,1070.4,1109.0,101
SAGF,2026-07-01,10.05,10.2,1950
BNHC,2026-07-01,312.0,314.5,4489
NFS,2026-07-01,566.0,583.6,8380
MKHC,2026-07-01,293.0,303.0,6715
RADHI,2026-07-01,680.0,722.0,119315
SICL,2026-07-01,612.3,624.0,1388
API,2026-07-01,333.0,334.8,170972
SHINE,2026-07-01,398.1,403.0,11162
NIBSF2,2026-07-01,9.0,9.02,1500
GIBF1,2026-07-01,10.56,10.59,6450
KHPL,2026-07-01,830.0,862.0,16525
MEN,2026-07-01,578.0,578.0,32653
MPFL,2026-07-01,590.0,610.0,7782
ADBLD83,2026-07-01,1057.0,1056.4,25
ALICL,2026-07-01,435.0,438.9,6732
SDBD87,2026-07-01,1115.0,1115.0,100
JHAPA,2026-07-01,1280.0,1280.0,14193
NMLBBL,2026-07-01,542.0,548.0,4556
PSF,2026-07-01,11.75,11.9,67218
MCHL,2026-07-01,292.0,305.0,6437
NIMBPO,2026-07-01,149.0,146.0,20
GMLI,2026-07-01,1147.0,1178.5,510
SBLD2091,2026-07-01,1084.9,1084.0,10150
SLBBL,2026-07-01,799.0,809.0,8489
MLBS,2026-07-01,1169.0,1162.0,890
IHL,2026-07-01,363.0,372.6,9407
SALICO,2026-07-01,613.5,604.0,2679
C30MF,2026-07-01,10.2,10.25,1940
SPC,2026-07-01,420.0,420.0,1355
ILI,2026-07-01,410.0,423.0,6912
NABILD2089,2026-07-01,1073.0,1122.7,8944
MSLB,2026-06-30,1220.0,1245.0,578
SBID2090,2026-06-30,1101.0,1068.0,4
HEIP,2026-06-30,320.7,321.0,540
NHDL,2026-06-30,625.1,636.0,8364
KPCL,2026-06-30,471.2,465.0,6943
NICA,2026-06-30,330.0,327.1,30707
PPCL,2026-06-30,356.3,337.0,19438
EBLD91,2026-06-30,1090.0,1090.0,50
SLBBL,2026-06-30,810.0,799.0,4312
NESDO,2026-06-30,1530.0,1528.0,644
SMB,2026-06-30,1860.7,1984.0,9919
SINDU,2026-06-30,692.4,697.0,5247
ICFCD89,2026-06-30,1095.0,1098.3,565
GBIME,2026-06-30,246.0,238.0,117471
MEN,2026-06-30,574.5,570.0,68774
CYCL,2026-06-30,1385.0,1357.0,862
FOWAD,2026-06-30,970.0,960.0,3275
SWMF,2026-06-30,619.0,614.9,5575
CIZBD86,2026-06-30,1214.6,1180.0,110
HPPL,2026-06-30,355.0,358.0,31914
HLICF,2026-06-30,8.7,8.69,2000
BANDIPUR,2026-06-30,710.6,722.0,19129
YMHL,2026-06-30,728.2,636.5,129250
CHDC,2026-06-30,2164.9,2115.0,22019
MLBS,2026-06-30,1131.0,1169.5,177
GCIL,2026-06-30,355.0,349.0,20739
SARBTM,2026-06-30,810.0,804.0,6172
SIGS3,2026-06-30,10.41,10.65,12049
NIFRAUR85/86,2026-06-30,1065.0,1065.0,40
BNL,2026-06-30,14301.8,14301.8,10
TSHL,2026-06-30,470.0,445.2,3447
SWBBL,2026-06-30,690.2,697.7,5825
CITY,2026-06-30,420.0,404.0,87210
ACLBSL,2026-06-30,938.0,930.0,1013
AHPC,2026-06-30,260.1,261.0,74273
RHPL,2026-06-30,260.0,260.0,17229
HEI,2026-06-30,525.0,535.0,8078
UPPER,2026-06-30,192.0,190.5,81395
KKHC,2026-06-30,245.4,250.0,98170
NLIC,2026-06-30,744.0,737.0,26169
NIBD84,2026-06-30,1051.3,1065.0,155
RADHI,2026-06-30,712.3,700.0,35098
CORBL,2026-06-30,1660.0,1899.0,7961
RLFL,2026-06-30,462.0,460.9,55032
GUFL,2026-06-30,541.0,535.0,7443
ANLB,2026-06-30,5714.0,5882.0,372
SJCL,2026-06-30,268.0,267.0,12324
DHPL,2026-06-30,277.3,279.0,2677
NGPL,2026-06-30,408.0,402.9,84495
MBLEF,2026-06-30,9.93,9.96,3100
ALBSL,2026-06-30,1040.0,1075.0,4809
KSBBL,2026-06-30,470.1,469.0,13598
MERO,2026-06-30,695.1,699.6,1409
PBD85,2026-06-30,1069.1,1069.1,25
SAHAS,2026-06-30,641.9,630.2,99717
NSY,2026-06-30,9.0,9.28,5940
LVF2,2026-06-30,10.0,10.19,14940
NRM,2026-06-30,328.0,321.1,8787
NRN,2026-06-30,1485.7,1412.5,68301
SMFBS,2026-06-30,1470.0,1611.0,15796
NICLBSL,2026-06-30,550.1,546.1,6071
HIMSTAR,2026-06-30,740.0,751.0,6351
WNLB,2026-06-30,1350.0,1330.0,100
TAMOR,2026-06-30,441.0,438.6,36500
GIBF1,2026-06-30,10.55,10.7,2900
SHEL,2026-06-30,298.0,294.8,43653
SMPDA,2026-06-30,786.1,794.0,1803
SCB,2026-06-30,641.0,641.0,14142
TVCL,2026-06-30,486.0,479.0,5195
UHEWA,2026-06-30,582.0,581.9,31231
RMF2,2026-06-30,10.0,10.0,300
BFC,2026-06-30,504.5,492.1,26201
DLBS,2026-06-30,1349.0,1349.0,3324
MLBSL,2026-06-30,1700.0,1713.0,374
PCBL,2026-06-30,231.0,232.4,34867
RLEL,2026-06-30,842.1,851.0,11107
MHNL,2026-06-30,240.2,239.4,19091
NUBL,2026-06-30,635.0,617.0,3837
UNLB,2026-06-30,1326.0,1280.0,380
GBILD84/85,2026-06-30,1145.0,1128.0,1200
LLBS,2026-06-30,920.0,920.0,10
SABBL,2026-06-30,956.3,979.0,4816
STC,2026-06-30,5165.0,5199.0,483
API,2026-06-30,333.0,331.7,190230
TPKHL,2026-06-30,728.2,596.3,179731
NICGF2,2026-06-30,9.1,9.12,7900
NBF2,2026-06-30,9.9,10.05,1920
TRH,2026-06-30,760.0,765.0,1605
LBBL,2026-06-30,475.0,473.9,29360
BHCL,2026-06-30,545.0,536.0,21900
CZBIL,2026-06-30,194.0,194.0,30137
KBL,2026-06-30,208.0,204.2,161059
AHL,2026-06-30,470.0,448.8,4653
SJLICP,2026-06-30,240.1,240.1,300000
MHCL,2026-06-30,330.0,330.0,4110
BPCL,2026-06-30,649.0,636.0,16893
USHEC,2026-06-30,500.0,485.7,5151
SCBD,2026-06-30,1154.0,1208.1,38183
NIFRA,2026-06-30,249.0,247.2,52807
NLG,2026-06-30,582.0,580.0,6598
NBLD87,2026-06-30,1120.0,1086.4,5
JBLB,2026-06-30,1244.1,1236.0,5868
SYPNL,2026-06-30,1350.0,1334.0,25410
SLBSL,2026-06-30,1160.0,1193.9,8624
MMF1,2026-06-30,9.35,9.7,10350
SBLD2091,2026-06-30,1055.0,1080.0,125
RIDI,2026-06-30,313.5,326.9,97236
SIPD,2026-06-30,648.0,620.0,12614
MMKJL,2026-06-30,470.1,467.0,2150
NICD88,2026-06-30,1085.0,1079.0,155
JBBD87,2026-06-30,1122.0,1122.0,100
EBLD85,2026-06-30,1194.0,1160.0,190
GBLBS,2026-06-30,740.1,748.8,4435
EDBL,2026-06-30,558.0,553.4,5033
MATRI,2026-06-30,850.0,850.0,702
NICL,2026-06-30,521.0,513.7,7677
IGI,2026-06-30,446.5,431.9,7898
LBLD88,2026-06-30,1085.0,1085.0,25
GBBL,2026-06-30,402.0,399.0,16329
TPC,2026-06-30,345.0,350.3,14174
NIBLSTF,2026-06-30,8.89,9.31,1200
MBJC,2026-06-30,288.8,272.4,14315
PRIN,2026-06-30,699.0,679.7,7156
MAKAR,2026-06-30,466.0,465.0,2007
JSLBB,2026-06-30,1000.2,1011.0,311
MKJC,2026-06-30,462.0,456.1,4842
OMPL,2026-06-30,1007.0,975.0,6112
DOLTI,2026-06-30,344.0,330.5,24835
GSY,2026-06-30,9.8,9.8,21500
SNORL,2026-06-30,411.9,454.2,90
HIDCLP,2026-06-30,186.0,185.1,122586
NMBHF2,2026-06-30,9.52,9.74,7100
DORDI,2026-06-30,248.0,242.0,27955
RBCLPO,2026-06-30,11225.0,11777.6,140
HBL,2026-06-30,192.0,191.1,25063
JFL,2026-06-30,397.0,397.0,4720
BHL,2026-06-30,209.9,206.2,74056
RBCL,2026-06-30,14200.0,14200.0,35
ICFC,2026-06-30,609.0,605.0,11261
NMB50,2026-06-30,10.18,10.18,100
SPL,2026-06-30,655.0,670.0,935
CFCL,2026-06-30,607.5,592.0,73934
MKHC,2026-06-30,295.6,297.0,16151
LEC,2026-06-30,211.0,207.5,72140
AKJCL,2026-06-30,357.9,360.0,275111
ENL,2026-06-30,830.0,820.0,230
CREST,2026-06-30,1256.7,1192.0,6097
RBBF40,2026-06-30,9.2,9.3,2100
MFIL,2026-06-30,736.8,772.0,31384
PBD88,2026-06-30,1215.0,1220.0,75
NTC,2026-06-30,843.0,843.0,6339
SGHC,2026-06-30,329.0,328.0,8638
MLBL,2026-06-30,355.9,352.0,24329
SLCF,2026-06-30,10.6,10.15,27750
ALICL,2026-06-30,430.0,434.8,18840
NYADI,2026-06-30,370.2,376.0,3248
SBD87,2026-06-30,1088.1,1088.0,125
PMHPL,2026-06-30,311.2,314.0,2479
KDBY,2026-06-30,10.78,10.79,734450
USLB,2026-06-30,1230.0,1213.0,1537
PURE,2026-06-30,845.0,802.0,5000
SOPL,2026-06-30,850.0,833.1,95026
NIBLGF,2026-06-30,9.5,9.31,1900
GFCL,2026-06-30,622.1,650.0,20482
UMHL,2026-06-30,614.0,575.0,25628
ADBLD83,2026-06-30,1079.9,1079.9,25
VLBS,2026-06-30,680.0,678.0,2585
BGWT,2026-06-30,604.0,587.1,1429
CMF2,2026-06-30,9.87,9.87,5100
SIFC,2026-06-30,537.0,526.1,66995
SAGF,2026-06-30,10.05,10.07,1270
SOHL,2026-06-30,618.0,612.1,47290
USHL,2026-06-30,586.8,557.9,1038
ICFCD88,2026-06-30,1143.0,1143.0,10
UMRH,2026-06-30,525.0,515.0,9653
RAWA,2026-06-30,430.0,446.6,26799
SBI,2026-06-30,390.1,385.1,22923
BNHC,2026-06-30,306.1,312.0,2983
PRVU,2026-06-30,189.0,187.2,55501
NABILD2089,2026-06-30,1090.0,1060.0,27
CBBL,2026-06-30,910.0,906.5,20142
MNBBL,2026-06-30,365.0,362.5,24239
NHPC,2026-06-30,264.8,255.0,205607
EBLD86,2026-06-30,1101.0,1101.0,25
GMFBS,2026-06-30,1247.0,1218.0,236
PRSF,2026-06-30,12.5,12.47,3800
RHGCL,2026-06-30,257.1,263.9,14224
PMLI,2026-06-30,450.2,444.0,9681
RURU,2026-06-30,639.0,637.0,3418
SPDL,2026-06-30,356.6,357.0,32023
CLI,2026-06-30,442.0,443.0,11086
ULBSL,2026-06-30,2785.0,2799.0,183
ULHC,2026-06-30,420.0,421.1,16470
NSIF2,2026-06-30,10.57,10.65,62900
NIBSF2,2026-06-30,9.0,9.2,7900
KSY,2026-06-30,9.65,9.65,500
NMB,2026-06-30,240.0,235.5,28083
RSDC,2026-06-30,632.4,638.0,4298
HURJA,2026-06-30,226.1,229.0,33676
SANVI,2026-06-30,607.0,613.5,19886
SFCL,2026-06-30,365.0,369.0,6196
NABILD87,2026-06-30,1125.1,1125.1,25
RSML,2026-06-30,3110.0,3189.0,22936
KBLD89,2026-06-30,1287.0,1251.0,275
NICSF,2026-06-30,9.3,9.3,32650
DHEL,2026-06-30,610.0,567.0,11477
NIL,2026-06-30,610.1,609.0,3689
KBLD90,2026-06-30,1203.2,1206.2,128
GHL,2026-06-30,222.0,215.5,57759
SPIL,2026-06-30,681.0,685.0,2790
CBLD88,2026-06-30,1200.0,1200.0,25
VLUCL,2026-06-30,446.0,439.0,2488
BOKD86,2026-06-30,1080.0,1085.0,60
NIMBPO,2026-06-30,144.0,145.0,17026
SJLIC,2026-06-30,410.0,418.0,6255
GLBSL,2026-06-30,1798.0,1838.8,1770
HLI,2026-06-30,322.5,319.8,40405
UNHPL,2026-06-30,380.0,386.0,11561
BBC,2026-06-30,4141.0,4162.0,193
HHL,2026-06-30,336.0,332.0,24009
BHPL,2026-06-30,503.0,490.0,9049
CSY,2026-06-30,9.12,9.35,5153
SHPC,2026-06-30,490.0,485.0,52274
JOSHI,2026-06-30,259.0,259.6,10309
SADBL,2026-06-30,402.0,398.0,115722
CCBD88,2026-06-30,1265.0,1271.0,245
RNLI,2026-06-30,444.6,444.1,9182
NICFC,2026-06-30,9.02,9.1,2950
SAGAR,2026-06-30,1480.0,1526.0,3551
NFS,2026-06-30,579.9,566.0,4664
LBBLD89,2026-06-30,1302.9,1302.9,25
MSHL,2026-06-30,591.5,585.0,2129
HLBSL,2026-06-30,849.1,873.9,1743
HFIN,2026-06-30,729.0,721.0,20249
NMIC,2026-06-30,952.0,945.0,1528
SAIL,2026-06-30,913.0,878.0,28256
NABIL,2026-06-30,526.0,521.9,24993
GMFIL,2026-06-30,450.0,459.0,6735
ILBS,2026-06-30,871.0,884.0,2911
ILI,2026-06-30,415.0,419.0,4671
GLH,2026-06-30,250.0,248.1,23802
SFMF,2026-06-30,10.8,10.8,100
SMHL,2026-06-30,470.0,469.0,16069
SHLB,2026-06-30,1401.0,1525.0,520
GBIMESY2,2026-06-30,9.1,9.21,300
SFEF,2026-06-30,9.9,9.9,700
BHDC,2026-06-30,439.0,433.3,10529
KMCDB,2026-06-30,823.0,816.9,6047
PFL,2026-06-30,365.0,363.7,4839
MEHL,2026-06-30,330.0,327.9,2521
CKHL,2026-06-30,586.1,599.0,291
DDBL,2026-06-30,821.0,817.0,9727
PROFL,2026-06-30,449.9,425.2,6503
NLICL,2026-06-30,567.0,574.0,7644
MNMF1,2026-06-30,9.76,9.75,1100
SWASTIK,2026-06-30,2173.0,2071.0,1402
NRIC,2026-06-30,935.0,919.0,25082
SIGS2,2026-06-30,10.45,10.5,500
GBBD85,2026-06-30,1070.1,1080.0,45
SMJC,2026-06-30,455.0,441.1,9934
SEF,2026-06-30,10.16,10.2,3500
CIZBD90,2026-06-30,1240.0,1202.8,150
RBBD83,2026-06-30,1038.0,1038.0,40
SKBBL,2026-06-30,751.0,748.0,14427
LSL,2026-06-30,222.1,213.6,84181
LUK,2026-06-30,10.0,10.01,11900
C30MF,2026-06-30,9.94,9.96,400
KBSH,2026-06-30,1295.0,1285.0,568
SBLD84,2026-06-30,1065.0,1065.0,50
NMBMF,2026-06-30,616.0,619.9,1101
NIFRAGED,2026-06-30,1041.4,1041.1,80
SBL,2026-06-30,388.4,387.1,344827
CHL,2026-06-30,260.9,261.9,10171
NMFBS,2026-06-30,1101.2,1114.0,2620
BUNGAL,2026-06-30,705.0,639.0,45755
MANDU,2026-06-30,810.0,805.0,2469
RSY,2026-06-30,9.71,10.0,2300
SAPDBL,2026-06-30,780.0,786.3,30782
EHPL,2026-06-30,385.0,373.0,15024
CGH,2026-06-30,765.0,764.0,7118
NABBC,2026-06-30,780.0,770.0,1550
SKHL,2026-06-30,925.0,915.0,7392
SBLD89,2026-06-30,1287.0,1287.5,50
GWFD83,2026-06-30,1116.0,1117.0,150
KDL,2026-06-30,763.5,750.1,2672
NIMB,2026-06-30,190.0,190.0,134717
HATHY,2026-06-30,720.0,687.0,9658
NBL,2026-06-30,265.0,262.2,38827
MBL,2026-06-30,241.0,240.0,44137
KBLD86,2026-06-30,1180.0,1180.0,50
RMF1,2026-06-30,9.71,9.8,1487
SNLI,2026-06-30,430.1,431.5,9408
CIT,2026-06-30,1700.0,1685.9,9520
H8020,2026-06-30,11.11,11.35,502900
NWCL,2026-06-30,727.4,719.0,1919
GVL,2026-06-30,471.0,465.8,6598
GILB,2026-06-30,1110.0,1076.0,2053
LICN,2026-06-30,790.0,793.0,4015
SGIC,2026-06-30,460.0,457.0,11831
EBL,2026-06-30,700.0,694.0,28812
SSHL,2026-06-30,197.0,193.9,77934
MKHL,2026-06-30,468.1,467.0,4632
HDHPC,2026-06-30,206.0,202.5,74856
MABEL,2026-06-30,643.5,630.0,9451
SHINED,2026-06-30,1097.0,1097.0,25
PCIL,2026-06-30,660.0,639.0,39939
GMLI,2026-06-30,1146.7,1146.8,1238
SPC,2026-06-30,420.0,411.0,4699
HBLD86,2026-06-30,1200.0,1200.0,245
SMATA,2026-06-30,750.0,743.0,1358
RFPL,2026-06-30,346.1,336.6,20642
SONA,2026-06-30,416.1,416.1,11325
SICL,2026-06-30,612.3,612.3,4351
SHINE,2026-06-30,401.0,396.4,17234
SBID83,2026-06-30,1085.0,1085.0,205
KEF,2026-06-30,10.51,10.52,3500
MLBBL,2026-06-30,1141.0,1135.0,2158
SRLI,2026-06-30,380.0,379.0,13997
KHPL,2026-06-30,836.0,843.1,12498
ADBL,2026-06-30,302.0,302.0,14556
NADEP,2026-06-30,710.1,711.0,967
NICAD2091,2026-06-30,1060.0,1061.0,225
BEDC,2026-06-30,314.9,325.0,41942
AKPL,2026-06-30,255.0,252.5,71324
NMLBBL,2026-06-30,558.0,546.6,7457
MPFL,2026-06-30,600.0,605.0,29052
MEL,2026-06-30,216.2,219.0,13520
SIKLES,2026-06-30,560.0,547.0,19300
SBCF,2026-06-30,10.0,10.0,20350
IHL,2026-06-30,365.0,353.0,11861
GRDBL,2026-06-30,972.0,1027.9,3045
AVYAN,2026-06-30,1043.0,1044.7,706
PHCL,2026-06-30,296.0,292.1,49849
APHL,2026-06-30,812.3,849.9,27374
PBLD84,2026-06-30,1093.1,1093.0,14365
UAIL,2026-06-30,450.0,448.1,5778
NBF3,2026-06-30,9.81,10.15,108340
PPL,2026-06-30,311.6,319.0,15094
HDL,2026-06-30,1154.0,1141.0,18147
MLBLD89,2026-06-30,1296.4,1296.4,10
MDB,2026-06-30,582.0,580.0,14151
SMH,2026-06-30,545.1,521.7,20317
SALICO,2026-06-30,591.0,597.0,2528
NICBF,2026-06-30,9.08,9.08,200
SKHEL,2026-06-30,963.3,974.8,3796
HIDCL,2026-06-30,252.8,250.0,36176
SHL,2026-06-30,490.0,487.0,21792
PSF,2026-06-30,11.66,11.7,9900
HRL,2026-06-30,610.0,571.0,60645
FMDBL,2026-06-30,767.0,762.8,5475
UPCL,2026-06-30,327.0,341.5,41053
JBBL,2026-06-30,336.0,334.8,16149
CHCL,2026-06-30,477.0,472.5,11763
BJHL,2026-06-30,777.1,790.2,5826
MKCL,2026-06-30,1090.0,1090.0,1191
BARUN,2026-06-30,319.5,314.0,20598
SPHL,2026-06-30,585.0,577.0,8800
MCHL,2026-06-30,288.1,288.2,5630
JHAPA,2026-06-30,1280.0,1287.0,2805
OHL,2026-06-30,660.5,672.0,1518
SANIMA,2026-06-30,352.0,349.0,70248
TTL,2026-06-30,704.9,725.0,8021
MHL,2026-06-30,461.0,460.0,7842
SHIVM,2026-06-30,633.0,624.0,68220
UNL,2026-06-30,46990.0,46900.0,24
C30MF,2026-06-29,9.9,9.94,7700
NIFRA,2026-06-29,249.0,248.1,46385
RBBD2088,2026-06-29,1072.2,1059.3,81
KMCDB,2026-06-29,797.2,823.0,2052
STC,2026-06-29,5190.0,5165.0,418
GFCL,2026-06-29,623.0,627.0,13219
ADBL,2026-06-29,300.2,304.7,7222
AKPL,2026-06-29,257.0,254.1,39337
SJCL,2026-06-29,273.1,270.0,13928
BNT,2026-06-29,11600.0,11600.0,10
MLBSL,2026-06-29,1702.0,1710.0,748
DOLTI,2026-06-29,346.0,336.0,35735
HLICF,2026-06-29,8.7,8.9,950
NICSF,2026-06-29,9.25,9.35,12200
HHL,2026-06-29,342.0,338.0,14576
NIMBPO,2026-06-29,145.0,145.0,6871
SBID89,2026-06-29,1131.6,1220.0,360
SLBBLP,2026-06-29,456.0,456.0,1038
BHDC,2026-06-29,422.0,440.0,8492
LUK,2026-06-29,10.0,10.05,7125
CHL,2026-06-29,261.5,260.9,8654
NTC,2026-06-29,848.0,843.0,8209
AKJCL,2026-06-29,346.0,357.9,222203
SHL,2026-06-29,492.0,488.2,10113
SRLI,2026-06-29,381.0,380.0,15328
ANLB,2026-06-29,5722.6,5884.9,509
LEC,2026-06-29,215.0,211.0,45182
ULBSL,2026-06-29,2810.0,2805.0,874
NMB50,2026-06-29,10.02,10.08,9200
NIBLGF,2026-06-29,9.53,9.5,1300
NGPL,2026-06-29,405.2,408.0,75939
BPCL,2026-06-29,654.9,642.0,33936
CHCL,2026-06-29,477.0,476.0,30778
MBLEF,2026-06-29,9.86,9.95,25500
GVL,2026-06-29,477.0,470.0,15207
UNL,2026-06-29,46601.0,46000.0,80
LICN,2026-06-29,793.0,798.6,5107
EBLD85,2026-06-29,1155.0,1160.0,100
HFIN,2026-06-29,750.0,730.1,28578
SPL,2026-06-29,650.1,665.9,1539
KEF,2026-06-29,10.55,10.79,3050
ICFC,2026-06-29,623.0,615.0,7224
ULHC,2026-06-29,444.1,416.6,6385
MBLD87,2026-06-29,1147.0,1147.0,20
EDBL,2026-06-29,555.0,559.7,3256
NMLBBL,2026-06-29,559.0,550.4,6402
LBBL,2026-06-29,479.0,477.0,33789
KBSH,2026-06-29,1317.0,1321.0,266
AHL,2026-06-29,480.9,448.0,6301
SOHL,2026-06-29,658.0,625.0,56202
GMFIL,2026-06-29,467.0,465.0,4481
IGI,2026-06-29,431.0,435.0,5246
HDHPC,2026-06-29,197.5,204.0,103095
HIMSTAR,2026-06-29,712.5,745.0,5977
NRM,2026-06-29,317.0,329.0,16080
BHCL,2026-06-29,586.6,545.0,45338
NIFRAUR85/86,2026-06-29,1065.0,1065.0,200
KBL,2026-06-29,210.0,207.0,173277
LLBS,2026-06-29,965.0,920.0,2489
CORBL,2026-06-29,1714.0,1680.0,3472
SBD89,2026-06-29,1236.0,1236.0,25
MSHL,2026-06-29,606.0,607.9,1285
SHIVM,2026-06-29,634.0,624.1,75442
TRH,2026-06-29,769.0,771.0,3051
MSLB,2026-06-29,1228.0,1222.3,301
MKHC,2026-06-29,305.0,302.0,11865
BANDIPUR,2026-06-29,767.0,748.0,22104
CBLD88,2026-06-29,1200.0,1215.0,80
SJLIC,2026-06-29,420.0,421.0,10086
PMLI,2026-06-29,455.3,450.1,6326
MLBBL,2026-06-29,1143.1,1160.0,636
HURJA,2026-06-29,236.0,231.3,39810
DORDI,2026-06-29,255.0,246.0,16160
SKHEL,2026-06-29,1020.0,1014.0,1923
NIBSF2,2026-06-29,9.01,9.06,10600
EBL,2026-06-29,700.0,698.0,22267
USHL,2026-06-29,579.7,558.9,1956
KPCL,2026-06-29,475.0,470.3,7818
ALICL,2026-06-29,440.0,436.9,17209
PCIL,2026-06-29,647.9,662.0,24776
DHEL,2026-06-29,624.0,582.0,10477
SIFC,2026-06-29,554.6,534.0,15032
RIDI,2026-06-29,334.0,329.9,118762
SGIC,2026-06-29,468.2,462.3,9118
NMFBS,2026-06-29,1098.1,1115.0,1809
USHEC,2026-06-29,486.3,487.0,4665
NIBLSTF,2026-06-29,9.03,9.3,7807
TVCL,2026-06-29,499.0,495.9,26670
CFCL,2026-06-29,612.1,616.7,85647
MEL,2026-06-29,226.0,220.0,10876
NICLBSL,2026-06-29,552.0,555.0,3859
MABEL,2026-06-29,665.1,658.0,10688
SHINED,2026-06-29,1097.1,1097.1,25
SFEF,2026-06-29,9.85,10.0,259035
HRL,2026-06-29,586.0,581.0,56082
SLBSL,2026-06-29,1172.1,1200.0,2168
NIL,2026-06-29,615.1,617.0,4997
RSDC,2026-06-29,640.2,640.0,1964
KSY,2026-06-29,9.8,9.8,3010
RLFL,2026-06-29,488.0,469.0,45312
GLH,2026-06-29,249.1,251.0,22944
PMHPL,2026-06-29,318.0,317.9,9468
SBLD89,2026-06-29,1250.0,1250.0,138
MEHL,2026-06-29,333.8,335.0,4013
NSY,2026-06-29,9.2,9.3,5000
RSML,2026-06-29,3120.0,3247.0,25644
NBLD85,2026-06-29,1065.0,1065.0,30
KDL,2026-06-29,798.9,759.1,5386
RSY,2026-06-29,10.15,10.01,18800
LSL,2026-06-29,205.5,222.0,55272
SALICO,2026-06-29,595.0,605.0,5565
CGH,2026-06-29,775.0,768.0,21444
NFS,2026-06-29,596.0,576.0,4524
HIDCLP,2026-06-29,187.6,186.9,66313
RADHI,2026-06-29,729.0,717.8,46448
CSY,2026-06-29,9.0,9.12,6700
SAIL,2026-06-29,955.0,929.0,11983
UMHL,2026-06-29,582.0,584.8,30925
CMF2,2026-06-29,9.84,10.1,5100
GHL,2026-06-29,220.0,222.0,31379
CZBIL,2026-06-29,198.0,196.0,23539
SAGAR,2026-06-29,1550.0,1533.4,2527
EBLD91,2026-06-29,1090.0,1090.0,375
SHEL,2026-06-29,298.0,294.0,71606
PRVU,2026-06-29,191.8,189.0,89751
MBJC,2026-06-29,273.0,275.1,14472
SPC,2026-06-29,420.0,415.0,3389
SADBL,2026-06-29,400.0,399.9,11212
PRIN,2026-06-29,677.1,680.2,7216
TPC,2026-06-29,356.0,354.0,8611
GRDBL,2026-06-29,1021.1,1023.0,7234
GBBD85,2026-06-29,1075.2,1075.3,50
API,2026-06-29,336.9,332.5,207481
MANDU,2026-06-29,810.0,812.0,1656
JBLB,2026-06-29,1261.0,1251.0,4376
SEF,2026-06-29,10.49,10.47,225
SBLD2091,2026-06-29,1080.0,1080.0,25
SPDL,2026-06-29,370.0,363.0,10438
KSBBL,2026-06-29,481.0,472.0,26250
NABIL,2026-06-29,525.0,524.0,29220
SLBBL,2026-06-29,810.0,810.0,2830
BGWT,2026-06-29,600.0,604.0,1038
MLBS,2026-06-29,1152.0,1163.9,260
USLB,2026-06-29,1275.0,1255.8,2325
ICFCD88,2026-06-29,1140.0,1140.0,50
HIDCL,2026-06-29,254.0,252.8,49719
TTL,2026-06-29,745.0,742.0,5430
NBLD87,2026-06-29,1119.0,1120.0,90
APHL,2026-06-29,831.3,855.0,31428
BHL,2026-06-29,220.7,207.5,72705
MPFL,2026-06-29,610.0,613.9,9967
PPL,2026-06-29,317.3,327.9,9063
NBL,2026-06-29,263.0,262.5,25405
SMFBS,2026-06-29,1498.0,1454.0,173
NICGF2,2026-06-29,9.15,9.2,14600
SWMF,2026-06-29,625.6,629.0,2206
SNLI,2026-06-29,436.0,434.0,11496
BARUN,2026-06-29,322.5,319.0,35284
PPCL,2026-06-29,346.1,346.0,5940
SOPL,2026-06-29,920.0,885.3,98158
MHL,2026-06-29,464.0,466.2,2627
BHPL,2026-06-29,505.5,505.0,4713
IHL,2026-06-29,375.0,365.0,7366
NBF3,2026-06-29,9.78,10.0,39750
HBL,2026-06-29,193.0,192.7,22982
MLBL,2026-06-29,351.2,353.0,21753
HDL,2026-06-29,1150.9,1143.5,16527
PBLD84,2026-06-29,1072.2,1072.2,26
NWCL,2026-06-29,740.2,730.1,1943
MKHL,2026-06-29,476.1,479.0,2870
UNHPL,2026-06-29,397.4,395.4,13948
MHCL,2026-06-29,350.0,330.0,2934
KDBY,2026-06-29,10.89,10.8,71450
NSIF2,2026-06-29,10.52,10.57,2620
PFL,2026-06-29,367.0,365.0,3665
SHINE,2026-06-29,402.6,400.0,24992
CKHL,2026-06-29,610.0,600.0,1724
GMLI,2026-06-29,1148.0,1170.0,1996
RNLI,2026-06-29,450.5,447.4,9263
RBCL,2026-06-29,14407.0,14251.0,120
RMF2,2026-06-29,10.1,10.1,6800
NICL,2026-06-29,510.0,516.0,14087
ICFCD89,2026-06-29,1094.2,1096.5,110
TSHL,2026-06-29,467.6,467.9,1559
SNORL,2026-06-29,353.8,395.0,60
MATRI,2026-06-29,845.1,854.1,1333
SIGS3,2026-06-29,10.55,10.6,52370
CHDC,2026-06-29,2145.0,2127.0,22383
NYADI,2026-06-29,375.1,379.9,5066
SICL,2026-06-29,615.0,615.1,5274
MBL,2026-06-29,243.0,240.5,62622
UPCL,2026-06-29,326.9,343.7,39684
GLBSL,2026-06-29,1751.0,1798.0,642
MKCL,2026-06-29,1083.1,1095.0,2233
RHPL,2026-06-29,262.1,259.5,17133
BUNGAL,2026-06-29,662.0,671.5,43084
CREST,2026-06-29,1185.0,1196.9,5673
CIT,2026-06-29,1690.0,1690.5,9804
SAPDBL,2026-06-29,854.7,798.0,10329
RBCLPO,2026-06-29,11200.0,11549.9,60
ALBSL,2026-06-29,1056.0,1063.0,865
SCB,2026-06-29,654.0,641.0,6638
SBCF,2026-06-29,9.8,10.0,5300
GBIMESY2,2026-06-29,9.0,9.27,1600
NBF2,2026-06-29,9.87,10.16,2100
MHNL,2026-06-29,243.2,243.5,1922
FMDBL,2026-06-29,760.0,761.0,4951
SWBBL,2026-06-29,667.0,698.0,2857
GBILD86/87,2026-06-29,1141.8,1108.0,38742
MDB,2026-06-29,587.5,582.9,5192
SANIMA,2026-06-29,352.5,352.0,69295
HPPL,2026-06-29,355.1,357.0,19196
DDBL,2026-06-29,833.0,820.0,6313
CBBL,2026-06-29,906.1,910.6,11251
NMB,2026-06-29,238.0,237.9,33682
GWFD83,2026-06-29,1100.0,1100.0,120
SIPD,2026-06-29,707.0,648.0,16505
SFCL,2026-06-29,366.1,366.0,5203
RLEL,2026-06-29,870.0,867.0,5587
SPIL,2026-06-29,693.5,685.1,7502
HLI,2026-06-29,330.0,324.8,46741
HATHY,2026-06-29,722.0,711.0,6238
RAWA,2026-06-29,450.0,449.9,31734
NMIC,2026-06-29,973.0,952.0,2935
ENL,2026-06-29,824.0,843.9,60
SONA,2026-06-29,421.0,419.0,12403
BNHC,2026-06-29,315.1,313.0,3074
H8020,2026-06-29,11.5,11.35,1036981
SINDU,2026-06-29,700.0,704.0,3079
VLBS,2026-06-29,690.0,685.3,1803
SCBD,2026-06-29,1121.0,1121.0,25
PRSF,2026-06-29,12.46,12.52,118631
KHPL,2026-06-29,890.1,880.0,13740
NIMB,2026-06-29,184.0,190.0,63330
NICFC,2026-06-29,9.1,9.07,3750
NADEP,2026-06-29,722.0,722.0,466
NLG,2026-06-29,590.0,587.0,7543
GMFBS,2026-06-29,1260.0,1211.0,760
NMBHF2,2026-06-29,9.56,9.65,3950
MEN,2026-06-29,580.0,574.2,25964
GCIL,2026-06-29,345.0,352.3,16173
HEI,2026-06-29,532.1,537.0,5403
PBD88,2026-06-29,1215.0,1215.0,25
NHDL,2026-06-29,625.09,630.0,1927
BEDC,2026-06-29,330.0,331.4,38469
NHPC,2026-06-29,278.9,262.0,97288
GBLBS,2026-06-29,767.6,750.0,2570
SGHC,2026-06-29,343.9,335.1,2790
ILBS,2026-06-29,875.0,892.0,1016
SBI,2026-06-29,388.0,390.0,5742
GSY,2026-06-29,9.72,10.0,13200
SBL,2026-06-29,392.0,387.5,49220
ILI,2026-06-29,418.0,417.3,11216
GUFL,2026-06-29,546.0,540.0,8521
SMPDA,2026-06-29,814.0,806.0,1339
UHEWA,2026-06-29,580.0,590.0,26243
RMF1,2026-06-29,10.05,9.75,68427
WNLB,2026-06-29,1365.0,1350.0,630
UAIL,2026-06-29,456.0,450.0,14243
SKHL,2026-06-29,901.0,928.0,9780
EHPL,2026-06-29,381.8,378.0,16196
UNLB,2026-06-29,1320.0,1288.1,365
YMHL,2026-06-29,603.2,693.6,1150
NICBF,2026-06-29,9.05,9.04,800
VLUCL,2026-06-29,450.6,450.1,2905
SMJC,2026-06-29,450.0,445.0,7693
JFL,2026-06-29,401.0,400.2,7025
MMKJL,2026-06-29,479.0,473.0,485
SMB,2026-06-29,1940.0,1955.2,8387
NUBL,2026-06-29,635.9,626.0,1810
BBC,2026-06-29,4279.9,4246.9,211
CYCL,2026-06-29,1395.2,1385.0,1355
RURU,2026-06-29,640.0,639.0,620
PBLD87,2026-06-29,1090.0,1090.0,50
DHPL,2026-06-29,285.0,281.5,2435
UPPER,2026-06-29,192.0,191.4,63640
HEIP,2026-06-29,330.0,330.0,500
GIBF1,2026-06-29,10.54,10.6,3200
KKHC,2026-06-29,244.5,239.0,45288
JOSHI,2026-06-29,269.0,260.0,9097
SMATA,2026-06-29,749.0,750.0,2647
SPHL,2026-06-29,579.0,563.0,4978
PCBL,2026-06-29,233.0,233.3,32246
NESDO,2026-06-29,1515.0,1530.0,813
NBBD2085,2026-06-29,1135.0,1135.0,32
NICA,2026-06-29,330.1,328.3,36913
SHLB,2026-06-29,1412.0,1420.0,70
NLIC,2026-06-29,746.5,741.0,16558
MCHL,2026-06-29,302.0,293.0,6863
GBIME,2026-06-29,237.0,239.3,371470
RHGCL,2026-06-29,265.0,265.0,9392
ACLBSL,2026-06-29,939.0,938.0,4085
MLBLD89,2026-06-29,1258.0,1260.0,50
PURE,2026-06-29,840.0,848.5,1052
MKJC,2026-06-29,462.0,462.0,2226
SHPC,2026-06-29,495.0,491.2,28983
SABBL,2026-06-29,970.0,969.4,6949
BFC,2026-06-29,490.0,500.0,22822
UMRH,2026-06-29,525.1,525.1,4563
SMHL,2026-06-29,466.4,470.0,15336
LVF2,2026-06-29,10.0,10.0,17220
RBBF40,2026-06-29,9.18,9.25,700
SYPNL,2026-06-29,1367.0,1343.0,37552
SAHAS,2026-06-29,641.0,641.9,92824
GBBL,2026-06-29,405.0,402.0,25970
SFMF,2026-06-29,10.5,10.5,1000
AVYAN,2026-06-29,1041.0,1043.0,1444
PHCL,2026-06-29,300.0,298.0,43846
SAGF,2026-06-29,10.0,10.0,12000
GILB,2026-06-29,1071.5,1095.0,2352
NLICL,2026-06-29,569.0,570.0,13416
AHPC,2026-06-29,265.0,262.2,41458
MAKAR,2026-06-29,478.0,471.0,3242
MERO,2026-06-29,710.0,707.1,3115
SIGS2,2026-06-29,10.5,10.5,5100
SIKLES,2026-06-29,560.0,555.1,4341
NBLD82,2026-06-29,1070.0,1070.0,25
NRN,2026-06-29,1410.0,1415.0,61605
NABBC,2026-06-29,799.9,780.1,9295
NMBMF,2026-06-29,620.0,616.1,917
SKBBL,2026-06-29,755.0,751.0,7296
PROFL,2026-06-29,440.1,438.3,3626
SANVI,2026-06-29,649.2,637.1,8800
MNMF1,2026-06-29,9.75,9.81,3000
RFPL,2026-06-29,350.0,351.0,15569
CIZBD90,2026-06-29,1200.0,1210.0,35
NIFRAGED,2026-06-29,1041.5,1041.4,125
OMPL,2026-06-29,1035.0,1007.0,3307
KBLD90,2026-06-29,1216.0,1206.1,75
SWASTIK,2026-06-29,2180.0,2173.0,918
SSHL,2026-06-29,199.9,196.4,59038
TAMOR,2026-06-29,443.0,441.4,12687
HLBSL,2026-06-29,875.0,874.5,830
MNBBL,2026-06-29,370.0,365.0,20958
MMF1,2026-06-29,9.87,9.6,27821
MFIL,2026-06-29,760.0,775.5,26549
SLCF,2026-06-29,9.83,10.3,12800
FOWAD,2026-06-29,1000.0,980.1,4065
BJHL,2026-06-29,800.0,818.0,5123
NRIC,2026-06-29,940.0,942.0,29106
SARBTM,2026-06-29,811.0,809.0,2280
DLBS,2026-06-29,1225.0,1420.0,1472
TPKHL,2026-06-29,633.3,693.6,3620
CLI,2026-06-29,447.5,445.0,6274
JHAPA,2026-06-29,1295.0,1299.9,8925
PSF,2026-06-29,11.65,11.76,86600
OHL,2026-06-29,675.0,668.4,1664
JSLBB,2026-06-29,1005.0,1029.9,180
SMH,2026-06-29,547.0,545.1,2130
CITY,2026-06-29,399.6,408.0,176446
JBBL,2026-06-29,335.3,336.0,27449
SYPNL,2026-06-26,1325.3,1367.0,27629
AHPC,2026-06-26,265.1,264.3,49651
HIDCLP,2026-06-26,191.8,189.0,82361
HLBSL,2026-06-26,884.0,875.0,1808
RNLI,2026-06-26,452.0,451.0,13883
TTL,2026-06-26,754.0,752.0,7567
ICFCD89,2026-06-26,1100.0,1113.8,218
RBBF40,2026-06-26,9.11,9.18,2100
SAHAS,2026-06-26,648.0,647.0,61540
NBF2,2026-06-26,10.15,10.15,6924
SWBBL,2026-06-26,693.0,701.0,13604
SNLI,2026-06-26,433.3,438.0,10082
SWASTIK,2026-06-26,2200.0,2201.0,253
PMHPL,2026-06-26,324.0,322.0,2268
SIKLES,2026-06-26,566.0,561.0,8085
API,2026-06-26,338.9,336.9,185402
TVCL,2026-06-26,510.7,493.9,6299
SBL,2026-06-26,392.0,388.0,49450
UNL,2026-06-26,47350.0,46700.1,50
UHEWA,2026-06-26,615.0,590.0,23880
GLH,2026-06-26,256.9,252.6,27963
JOSHI,2026-06-26,265.0,267.0,2649
KBLD86,2026-06-26,1200.0,1166.7,1
NIMBPO,2026-06-26,146.9,146.9,20
KPCL,2026-06-26,480.0,475.0,4498
BARUN,2026-06-26,322.0,325.0,12410
SMB,2026-06-26,1940.2,1930.0,2529
CZBILP,2026-06-26,105.8,105.8,14825
GIBF1,2026-06-26,10.53,10.53,510
USLB,2026-06-26,1285.0,1274.5,713
KHPL,2026-06-26,950.0,914.0,14555
CORBL,2026-06-26,1700.0,1714.0,2695
KSBBL,2026-06-26,475.4,475.0,12549
IHL,2026-06-26,375.0,375.0,3804
SGIC,2026-06-26,475.0,473.0,9210
TAMOR,2026-06-26,444.1,445.0,11929
SMJC,2026-06-26,455.0,450.0,12906
LVF2,2026-06-26,9.6,9.8,400
SBD87,2026-06-26,1072.1,1072.1,10
HDHPC,2026-06-26,209.0,207.8,86401
DLBS,2026-06-26,1238.9,1235.0,740
HATHY,2026-06-26,740.0,722.0,6784
MSHL,2026-06-26,635.1,619.0,2309
MLBSL,2026-06-26,1721.0,1731.0,1054
NIMB,2026-06-26,191.0,191.8,55008
BANDIPUR,2026-06-26,762.0,770.0,10998
AVYAN,2026-06-26,1040.1,1060.0,1451
SOHL,2026-06-26,612.0,627.0,54287
UNHPL,2026-06-26,380.0,397.3,49117
ULBSL,2026-06-26,2800.0,2790.0,215
MNBBLP,2026-06-26,236.2,236.2,22995
PBD88,2026-06-26,1220.0,1215.0,150
MFIL,2026-06-26,740.0,790.0,87081
PCBL,2026-06-26,235.9,233.0,30850
SONA,2026-06-26,424.0,420.0,12008
NHDL,2026-06-26,642.0,640.0,1402
LBLD88,2026-06-26,1088.5,1088.0,25
SJLIC,2026-06-26,422.0,423.0,7751
IGI,2026-06-26,447.5,439.9,2990
BUNGAL,2026-06-26,669.9,662.0,59751
HIMSTAR,2026-06-26,753.1,750.0,3483
AHL,2026-06-26,493.0,468.6,9472
EHPL,2026-06-26,402.1,381.7,7095
GMLI,2026-06-26,1148.0,1167.0,936
H8020,2026-06-26,11.5,11.5,11499
SANVI,2026-06-26,657.0,650.5,10305
MKHC,2026-06-26,305.0,308.5,9291
CZBIL,2026-06-26,197.7,198.0,29095
UNLB,2026-06-26,1330.0,1315.0,780
NICA,2026-06-26,333.0,331.9,25518
NBF3,2026-06-26,9.7,10.03,31589
RBCL,2026-06-26,14360.0,14645.0,50
SGHC,2026-06-26,335.0,336.0,8294
MNMF1,2026-06-26,9.76,9.85,52750
TPKHL,2026-06-26,540.3,603.2,630
GBIMESY2,2026-06-26,9.23,9.25,500
CMF2,2026-06-26,9.66,9.86,1700
SBID89,2026-06-26,1132.1,1132.1,100
GBIME,2026-06-26,237.0,236.7,44620
PRVU,2026-06-26,189.0,190.0,52160
NLG,2026-06-26,600.0,594.9,5560
MKJC,2026-06-26,483.0,465.1,2564
MHCL,2026-06-26,339.0,335.0,2364
FOWAD,2026-06-26,1020.0,990.0,1406
SABBL,2026-06-26,963.0,976.0,5918
SOPL,2026-06-26,920.0,927.0,102340
HLICF,2026-06-26,9.0,8.92,942
LBBLD89,2026-06-26,1255.0,1265.0,255
NSY,2026-06-26,9.28,9.42,6250
KBSH,2026-06-26,1352.3,1357.0,418
SJCL,2026-06-26,270.1,273.1,3304
SRLI,2026-06-26,383.1,383.0,18936
HHL,2026-06-26,324.9,342.0,29544
MATRI,2026-06-26,860.0,850.0,604
RHPL,2026-06-26,260.5,262.0,10324
RAWA,2026-06-26,457.0,454.5,41827
ANLB,2026-06-26,5725.1,5894.0,333
NUBL,2026-06-26,632.0,635.0,367
HURJA,2026-06-26,235.0,234.3,25750
RHGCL,2026-06-26,273.6,269.0,29347
SBCF,2026-06-26,9.8,9.9,3100
SFEF,2026-06-26,10.0,10.0,130300
GWFD83,2026-06-26,1078.6,1071.0,200
CLI,2026-06-26,448.2,447.5,7226
HIDCL,2026-06-26,253.0,254.9,47991
RLEL,2026-06-26,862.0,870.0,3663
GBILD86/87,2026-06-26,1141.8,1141.8,290470
BNHC,2026-06-26,320.0,315.1,3805
KKHC,2026-06-26,244.0,240.9,50669
SHINE,2026-06-26,406.0,404.0,13241
NMIC,2026-06-26,918.9,973.0,1759
PURE,2026-06-26,845.0,848.0,4735
MEL,2026-06-26,213.8,225.0,8157
NIMBD90,2026-06-26,1230.8,1280.0,31041
SIGS2,2026-06-26,10.26,10.25,9000
SMFBS,2026-06-26,1518.0,1544.0,100
NICAD2091,2026-06-26,1055.7,1056.1,50
KBL,2026-06-26,210.5,208.0,67682
JBLB,2026-06-26,1257.0,1261.0,2726
UPCL,2026-06-26,350.0,344.1,37778
SAIL,2026-06-26,964.0,955.0,12236
CGH,2026-06-26,770.0,764.0,6617
RLFL,2026-06-26,489.0,481.9,53781
KMCDB,2026-06-26,892.4,821.0,2723
CIT,2026-06-26,1729.0,1702.0,8228
SLCF,2026-06-26,9.9,10.1,11600
SPC,2026-06-26,448.0,428.0,9345
RIDI,2026-06-26,338.5,334.0,146337
MHL,2026-06-26,490.0,476.0,9577
SPDL,2026-06-26,374.5,362.5,35362
ENL,2026-06-26,826.0,846.5,293
MMF1,2026-06-26,9.72,9.6,57800
OHL,2026-06-26,681.0,683.0,506
NLIC,2026-06-26,745.5,747.5,11174
NHPC,2026-06-26,266.0,265.7,141420
AKPL,2026-06-26,269.8,256.8,43756
MBL,2026-06-26,247.7,243.0,32449
SBI,2026-06-26,390.8,393.9,61114
NRM,2026-06-26,311.0,321.0,5813
RFPL,2026-06-26,349.9,350.0,16243
ULHC,2026-06-26,417.0,423.0,6563
SEF,2026-06-26,10.16,10.35,2300
GBLBS,2026-06-26,769.0,767.6,782
MPFL,2026-06-26,602.0,615.5,5759
ICFCD88,2026-06-26,1140.0,1140.0,25
NABBC,2026-06-26,787.0,788.0,22160
APHL,2026-06-26,880.0,875.0,25803
CKHL,2026-06-26,627.0,620.0,597
MABEL,2026-06-26,669.4,670.0,4876
NBLD85,2026-06-26,1074.6,1074.6,50000
SLBBL,2026-06-26,810.0,811.0,1929
MLBBL,2026-06-26,1184.0,1167.9,313
UMHL,2026-06-26,590.0,588.6,39800
CITY,2026-06-26,391.0,407.9,287346
YMHL,2026-06-26,540.3,603.2,350
MSLBP,2026-06-26,735.0,735.0,7087
MBJC,2026-06-26,275.8,277.0,20247
NRIC,2026-06-26,955.0,947.8,18724
EBL,2026-06-26,701.5,700.0,20087
SMH,2026-06-26,554.0,545.0,5188
JBBL,2026-06-26,343.0,338.0,28817
MLBS,2026-06-26,1179.9,1169.0,285
BHL,2026-06-26,221.5,210.2,27113
BHCL,2026-06-26,552.0,558.7,82999
LUK,2026-06-26,10.25,10.25,1000
GSY,2026-06-26,9.8,10.0,2300
UPPER,2026-06-26,195.0,194.0,66357
NICD88,2026-06-26,1106.3,1085.1,60
NADEP,2026-06-26,730.5,730.0,948
SICL,2026-06-26,617.0,618.0,7909
SARBTM,2026-06-26,830.0,811.0,19562
TPC,2026-06-26,376.9,356.0,21922
NICLBSL,2026-06-26,560.1,553.1,4535
BNL,2026-06-26,14744.0,14744.0,10
NIBLSTF,2026-06-26,9.5,9.3,13100
NGPL,2026-06-26,410.0,410.0,51286
BEDC,2026-06-26,354.0,342.5,21011
RURU,2026-06-26,644.0,643.1,7158
KEF,2026-06-26,10.4,10.71,149500
KSY,2026-06-26,9.75,9.65,4000
BHDC,2026-06-26,426.0,444.0,6232
BFC,2026-06-26,519.0,513.0,44614
SHEL,2026-06-26,300.4,299.1,52824
DHEL,2026-06-26,586.1,595.0,9290
RSY,2026-06-26,10.12,10.13,2900
WNLB,2026-06-26,1370.2,1360.0,11
NMB50,2026-06-26,10.2,10.2,100
CBBL,2026-06-26,911.0,910.7,12223
MEHL,2026-06-26,342.2,344.0,5828
EBLEB89,2026-06-26,1079.9,1080.0,60
EDBL,2026-06-26,560.1,555.6,5152
NTC,2026-06-26,850.0,845.0,6192
SHPC,2026-06-26,506.9,495.9,24737
MBLEF,2026-06-26,10.0,9.98,66900
NMBD87/88,2026-06-26,1118.7,1135.0,25405
ADBL,2026-06-26,308.0,305.0,8138
MHNL,2026-06-26,247.0,250.0,3731
USHEC,2026-06-26,493.0,491.3,2230
GBILD84/85,2026-06-26,1129.7,1128.0,254207
RMF1,2026-06-26,10.0,10.05,10000
BGWT,2026-06-26,597.0,598.9,4420
MKCL,2026-06-26,1104.0,1112.0,1796
UMRH,2026-06-26,540.0,528.1,5827
GRDBL,2026-06-26,1054.0,1048.0,3317
SPIL,2026-06-26,704.0,705.0,2552
RSML,2026-06-26,3160.0,3248.0,31125
SAPDBL,2026-06-26,854.1,814.0,103495
OMPL,2026-06-26,1080.0,1035.0,3699
MERO,2026-06-26,702.5,710.9,3438
RADHI,2026-06-26,726.0,729.0,22868
JHAPA,2026-06-26,1250.0,1308.0,13500
DORDI,2026-06-26,252.0,248.0,30374
DHPL,2026-06-26,280.3,285.0,1797
CIZBD90,2026-06-26,1223.0,1223.0,2647
HBLD86,2026-06-26,1200.0,1200.0,15
RBCLPO,2026-06-26,11300.0,11300.0,70
NIBLGF,2026-06-26,9.45,9.82,1800
CSY,2026-06-26,9.0,9.2,6100
NMFBS,2026-06-26,1115.0,1115.0,3526
SALICO,2026-06-26,591.0,612.5,6280
MBLD87,2026-06-26,1147.0,1147.0,20
BBC,2026-06-26,4290.0,4260.0,254
GHL,2026-06-26,223.8,222.0,16233
HLI,2026-06-26,334.6,328.9,14972
HRL,2026-06-26,585.0,586.0,38211
NMBD89/90,2026-06-26,1266.9,1363.0,27958
GFCL,2026-06-26,636.0,630.0,5026
ILI,2026-06-26,423.0,421.0,12328
SMHL,2026-06-26,486.4,472.9,30264
SKHL,2026-06-26,907.0,928.0,8912
NSIF2,2026-06-26,10.62,10.67,61400
TSHL,2026-06-26,480.0,475.0,3754
PPCL,2026-06-26,346.0,353.9,7483
CHDC,2026-06-26,2209.0,2165.3,9754
NIFRAGED,2026-06-26,1041.2,1041.2,75
ALICL,2026-06-26,435.1,440.1,13287
HPPL,2026-06-26,365.0,360.5,23227
DOLTI,2026-06-26,351.0,346.0,24507
VLUCL,2026-06-26,456.0,458.5,452
KDL,2026-06-26,790.0,780.0,3102
SMATA,2026-06-26,751.0,750.0,3960
PCIL,2026-06-26,680.0,682.0,18481
GMFIL,2026-06-26,482.9,471.4,10003
SIFC,2026-06-26,559.8,540.0,10518
ILBS,2026-06-26,901.0,890.1,643
SAGAR,2026-06-26,1517.0,1570.0,8412
SCB,2026-06-26,659.0,641.8,6161
MLBL,2026-06-26,356.0,354.9,11205
NFS,2026-06-26,599.8,580.0,7882
NICGF2,2026-06-26,9.27,9.17,1800
EBLD86,2026-06-26,1100.0,1100.0,300
SHINEP,2026-06-26,222.0,222.0,10282
NMLBBL,2026-06-26,574.0,560.0,2854
KDBY,2026-06-26,10.87,10.95,4500
GMFBS,2026-06-26,1270.0,1226.2,575
CFCL,2026-06-26,593.6,619.5,62869
NICL,2026-06-26,527.0,516.5,18181
PFL,2026-06-26,364.0,366.0,5346
NIL,2026-06-26,620.0,620.0,2316
MAKAR,2026-06-26,480.0,478.2,2550
PBD85,2026-06-26,1077.2,1077.0,25
ACLBSL,2026-06-26,945.0,939.0,1611
VLBS,2026-06-26,691.0,695.0,2944
SFMF,2026-06-26,10.67,10.67,7335
MNBBL,2026-06-26,369.0,366.9,51617
HEIP,2026-06-26,344.0,327.9,2045
SPL,2026-06-26,670.0,665.0,494
STC,2026-06-26,5154.0,5190.0,98
MANDU,2026-06-26,812.6,823.0,631
BOKD86,2026-06-26,1136.4,1105.0,98799
NBLD87,2026-06-26,1109.4,1130.0,195244
PROFL,2026-06-26,454.0,443.3,3309
PHCL,2026-06-26,300.0,300.0,58394
PSF,2026-06-26,11.75,11.75,12000
MSLB,2026-06-26,1219.0,1253.0,736
NICSF,2026-06-26,9.2,9.44,4040
SKBBL,2026-06-26,760.0,752.0,12823
NMBMF,2026-06-26,622.3,622.0,1722
SADBL,2026-06-26,408.0,403.0,18749
RMF2,2026-06-26,10.0,10.41,200
DDBL,2026-06-26,840.0,830.0,6800
NYADI,2026-06-26,385.0,380.0,2050
AKJCL,2026-06-26,363.3,362.6,419420
SBLD84,2026-06-26,1050.0,1050.0,25
SPHL,2026-06-26,570.0,569.7,7074
BJHL,2026-06-26,839.0,825.0,3860
SINDU,2026-06-26,699.1,709.0,4945
GLBSL,2026-06-26,1835.0,1800.0,1021
BNT,2026-06-26,11739.9,11740.0,50
GBBL,2026-06-26,404.9,405.8,18698
PRSF,2026-06-26,12.51,12.5,97790
MEN,2026-06-26,586.0,579.0,31724
SBID83,2026-06-26,1070.0,1093.3,850
CHL,2026-06-26,275.0,265.0,7045
KBLD90,2026-06-26,1224.0,1224.0,4953
NMB,2026-06-26,241.5,237.9,9709
SLBSL,2026-06-26,1222.6,1207.0,4088
LSL,2026-06-26,218.6,216.3,151428
SAGF,2026-06-26,10.0,10.01,400
JSLBB,2026-06-26,1048.5,1031.0,469
ICFCD83,2026-06-26,1120.0,1120.0,333
HDL,2026-06-26,1147.0,1147.0,17608
GCIL,2026-06-26,373.0,362.5,18881
LBBL,2026-06-26,477.4,479.9,121893
MMKJL,2026-06-26,471.0,479.0,1405
MKHL,2026-06-26,485.0,480.2,3680
LICN,2026-06-26,791.1,804.9,6708
PRIN,2026-06-26,691.1,680.1,7689
CREST,2026-06-26,1198.8,1198.9,12425
BPCL,2026-06-26,617.5,654.9,44676
TRH,2026-06-26,766.0,766.0,491
NICFC,2026-06-26,9.14,9.26,600
SSHL,2026-06-26,200.0,198.9,69601
SHIVM,2026-06-26,638.0,628.6,130169
BHPL,2026-06-26,519.9,505.5,1342
NIBSF2,2026-06-26,9.01,9.0,42291
RSDC,2026-06-26,655.0,640.2,5284
PMLI,2026-06-26,458.4,455.3,9073
SHL,2026-06-26,492.1,492.0,8477
USHL,2026-06-26,576.8,562.9,1426
PBLD84,2026-06-26,1070.1,1075.1,1
SMPDA,2026-06-26,829.0,807.0,2914
NABIL,2026-06-26,523.0,525.0,47709
JFL,2026-06-26,401.2,401.0,6612
HFIN,2026-06-26,755.0,755.0,27566
UAIL,2026-06-26,470.0,456.0,6678
CHCL,2026-06-26,483.0,477.0,12562
GVL,2026-06-26,477.3,477.6,13040
LLBS,2026-06-26,923.0,923.0,18
MCHL,2026-06-26,301.1,302.0,8061
HEI,2026-06-26,553.0,538.0,3859
SIGS3,2026-06-26,10.8,10.84,74110
SANIMA,2026-06-26,359.0,352.3,30855
NABILD2089,2026-06-26,1090.0,1090.0,34
SHLB,2026-06-26,1410.0,1449.0,20
NBL,2026-06-26,267.7,263.0,15814
C30MF,2026-06-26,10.0,10.0,100
GUFL,2026-06-26,551.0,545.0,8169
ICFC,2026-06-26,617.0,625.0,2028
SKHEL,2026-06-26,1097.0,1035.0,2390
ALBSL,2026-06-26,1067.0,1070.0,14709
NIFRA,2026-06-26,251.4,250.0,46482
LEC,2026-06-26,214.0,212.6,45241
SWMF,2026-06-26,648.5,640.0,1250
CYCL,2026-06-26,1420.0,1432.9,2241
NRN,2026-06-26,1411.0,1418.0,52433
SNORL,2026-06-26,298.7,343.5,70
NMBHF2,2026-06-26,9.61,9.62,3200
PPL,2026-06-26,333.0,334.0,12894
NESDO,2026-06-26,1530.0,1540.0,2812
SIPD,2026-06-26,662.0,673.5,15727
NWCL,2026-06-26,745.0,746.0,660
FMDBL,2026-06-26,810.6,770.0,8921
GILB,2026-06-26,1101.0,1102.0,182
HBL,2026-06-26,193.0,193.0,25765
SFCL,2026-06-26,371.0,366.1,8049
NICBF,2026-06-26,9.3,9.3,100
MDB,2026-06-26,590.0,587.0,5400
NLICL,2026-06-26,565.5,567.1,11537
NHDL,2026-06-24,626.0,633.9,4898
SIKLES,2026-06-24,597.0,561.3,12090
BFC,2026-06-24,486.7,520.1,87068
DORDI,2026-06-24,258.0,254.9,24443
SMH,2026-06-24,560.0,562.0,4092
USHEC,2026-06-24,485.0,488.0,5125
MSHL,2026-06-24,665.0,667.0,678
HLI,2026-06-24,333.8,329.5,28924
GBBL,2026-06-24,405.5,406.0,55111
LLBS,2026-06-24,925.0,944.0,20
MLBL,2026-06-24,356.1,355.0,20668
TAMOR,2026-06-24,449.0,444.7,29611
SRLI,2026-06-24,388.0,385.9,22186
RURU,2026-06-24,640.0,642.5,3642
H8020,2026-06-24,12.0,11.53,2600
KHPL,2026-06-24,930.0,899.9,30181
NBL,2026-06-24,265.0,263.5,44282
OHL,2026-06-24,682.0,698.9,2080
MLBS,2026-06-24,1175.0,1197.0,465
MSLB,2026-06-24,1265.0,1231.1,393
KMCDB,2026-06-24,820.0,815.3,1040
SGHC,2026-06-24,355.0,343.9,14055
NIMB,2026-06-24,194.0,192.0,102159
UPPER,2026-06-24,187.0,194.1,75504
ILI,2026-06-24,426.1,424.0,28992
SAPDBL,2026-06-24,830.0,854.9,134189
CITY,2026-06-24,379.1,395.0,75525
BEDC,2026-06-24,359.0,346.0,30077
SMPDA,2026-06-24,801.0,812.0,964
MPFL,2026-06-24,585.0,615.0,25176
RLFL,2026-06-24,462.7,499.0,200470
EBL,2026-06-24,699.0,699.0,33095
MCHL,2026-06-24,302.0,303.0,10467
BUNGAL,2026-06-24,700.0,669.0,36626
HDL,2026-06-24,1146.0,1140.2,28211
GVL,2026-06-24,484.0,476.5,13248
SICL,2026-06-24,619.0,615.7,2823
RMF2,2026-06-24,9.82,9.82,100
SCB,2026-06-24,644.3,640.1,46033
NADEP,2026-06-24,752.9,739.8,2872
PHCL,2026-06-24,314.9,303.0,64154
NBF3,2026-06-24,9.81,9.99,42190
NICLBSL,2026-06-24,561.1,561.5,5054
RADHI,2026-06-24,727.6,729.0,56919
ULHC,2026-06-24,412.0,414.0,6973
CSY,2026-06-24,9.02,9.15,8450
PPL,2026-06-24,324.8,334.0,16636
API,2026-06-24,337.0,337.8,219330
CYCL,2026-06-24,1400.0,1606.8,3422
BANDIPUR,2026-06-24,800.0,779.5,40626
JOSHI,2026-06-24,265.0,265.0,9345
GMFBS,2026-06-24,1265.0,1252.0,151
KBSH,2026-06-24,1391.0,1370.1,332
SANIMA,2026-06-24,354.5,349.4,121598
LSL,2026-06-24,227.8,216.4,53842
ICFC,2026-06-24,621.0,619.0,20016
SHLB,2026-06-24,1436.0,1435.0,565
SADBL,2026-06-24,405.0,403.6,31613
KEF,2026-06-24,10.38,10.54,17300
NIFRAGED,2026-06-24,1050.0,1060.0,76
NBF2,2026-06-24,9.9,9.91,400
YMHL,2026-06-24,408.6,456.2,190
HHL,2026-06-24,345.0,342.9,31585
PURE,2026-06-24,861.0,867.0,5401
VLBS,2026-06-24,702.2,705.0,3609
MLBSL,2026-06-24,1720.1,1772.0,394
NIL,2026-06-24,621.0,620.9,5593
MKHL,2026-06-24,482.1,493.9,7940
JBBL,2026-06-24,347.5,341.0,25321
MEHL,2026-06-24,344.1,350.0,4536
DDBL,2026-06-24,841.5,836.1,9898
SKBBL,2026-06-24,757.5,756.8,15361
IHL,2026-06-24,375.0,372.0,18578
SIGS2,2026-06-24,10.25,10.22,1000
GBLBS,2026-06-24,760.0,767.0,2151
SBLD84,2026-06-24,1068.0,1068.0,22
MKHC,2026-06-24,311.0,304.0,16651
HFIN,2026-06-24,761.1,756.0,51168
NIBLSTF,2026-06-24,9.5,9.25,1223
SOPL,2026-06-24,1041.0,988.4,172660
CLI,2026-06-24,450.1,447.7,18636
BNT,2026-06-24,11525.0,11525.0,10
UNHPL,2026-06-24,380.0,397.0,27215
NIFRA,2026-06-24,254.5,252.0,81241
BHDC,2026-06-24,425.1,445.0,8193
MLBBL,2026-06-24,1155.0,1160.0,840
MFIL,2026-06-24,780.0,774.0,35561
CHDC,2026-06-24,2219.1,2188.9,19112
RBCL,2026-06-24,14301.0,14399.0,50
MBL,2026-06-24,248.6,244.9,57549
GBIME,2026-06-24,239.0,240.0,139676
APHL,2026-06-24,860.0,875.0,39477
CMF2,2026-06-24,9.62,9.89,22000
ACLBSL,2026-06-24,940.0,955.0,1035
LUK,2026-06-24,10.7,10.79,1800
PCIL,2026-06-24,705.0,690.0,63460
TVCL,2026-06-24,487.0,484.1,5597
LBLD88,2026-06-24,1088.4,1088.7,7
MBLEF,2026-06-24,9.84,10.0,65670
SHINE,2026-06-24,405.0,405.5,20104
SANVI,2026-06-24,655.1,673.9,15193
SGIC,2026-06-24,468.3,473.5,10307
UNLB,2026-06-24,1327.1,1350.3,265
KDL,2026-06-24,801.4,799.0,2593
PBD88,2026-06-24,1217.0,1217.0,25
USLB,2026-06-24,1322.0,1300.0,2925
CZBIL,2026-06-24,197.0,196.3,43194
CIT,2026-06-24,1630.3,1712.1,7008
TPC,2026-06-24,382.2,358.0,26103
BHCL,2026-06-24,525.0,547.0,65740
DHEL,2026-06-24,595.1,598.9,19213
BJHL,2026-06-24,800.0,943.0,8327
SIFC,2026-06-24,547.0,552.9,21188
MNBBLP,2026-06-24,236.2,236.2,5000
KSBBL,2026-06-24,479.2,475.0,26732
NICGF2,2026-06-24,9.12,9.25,2926
ILBS,2026-06-24,895.0,909.8,2458
RSY,2026-06-24,10.16,10.16,5200
TPKHL,2026-06-24,408.6,456.2,240
SPL,2026-06-24,671.0,679.0,1900
NTC,2026-06-24,849.0,844.0,10354
GIBF1,2026-06-24,10.53,10.55,700
HRL,2026-06-24,577.0,594.0,111805
C30MF,2026-06-24,9.81,10.0,300
RSDC,2026-06-24,655.0,652.9,8568
NHPC,2026-06-24,272.0,271.7,306086
NABILD2089,2026-06-24,1090.0,1081.0,55
HLBSL,2026-06-24,856.0,865.0,280
LEC,2026-06-24,213.1,214.0,50896
SHIVM,2026-06-24,666.0,630.0,166650
SAHAS,2026-06-24,650.0,642.8,171685
MNBBL,2026-06-24,368.0,370.0,42135
CREST,2026-06-24,1225.0,1208.0,8168
SAGAR,2026-06-24,1580.0,1593.0,17989
SLBSL,2026-06-24,1180.0,1220.0,1475
GHL,2026-06-24,226.0,221.0,59237
HLICF,2026-06-24,8.88,8.88,4100
KKHC,2026-06-24,242.1,239.1,38024
SARBTM,2026-06-24,820.0,816.2,8690
MERO,2026-06-24,707.5,710.0,6968
SMATA,2026-06-24,750.2,753.3,3523
NICAD2091,2026-06-24,1055.0,1055.0,49040
NICA,2026-06-24,330.5,331.0,62959
NFS,2026-06-24,595.1,591.0,8565
LICN,2026-06-24,798.3,804.0,17191
GRDBL,2026-06-24,1037.0,1054.0,8782
PMHPL,2026-06-24,324.0,325.9,10119
NMFBS,2026-06-24,1130.0,1106.2,6881
SLBBL,2026-06-24,815.2,815.0,6331
GUFL,2026-06-24,549.0,551.0,7166
NLG,2026-06-24,619.8,602.9,6332
SHINED,2026-06-24,1100.0,1100.0,200
PPCL,2026-06-24,381.5,364.5,7636
NABBC,2026-06-24,813.9,777.0,5857
NYADI,2026-06-24,377.1,381.0,3993
NWCL,2026-06-24,746.0,747.0,2695
SHEL,2026-06-24,316.0,302.0,74968
JSLBB,2026-06-24,1012.1,1045.0,562
JBLB,2026-06-24,1220.0,1260.0,3544
SSHL,2026-06-24,203.0,200.0,160577
FOWAD,2026-06-24,1000.0,996.0,2021
HDHPC,2026-06-24,213.1,211.5,191131
MKJC,2026-06-24,470.6,475.0,4467
GCIL,2026-06-24,368.0,367.0,22636
AKPL,2026-06-24,259.5,262.6,87384
EBLD86,2026-06-24,1081.1,1082.0,50
FMDBL,2026-06-24,733.0,768.0,16136
ALBSL,2026-06-24,1090.0,1080.0,4470
UAIL,2026-06-24,456.0,462.0,9730
PRVU,2026-06-24,191.4,190.8,90641
RHGCL,2026-06-24,270.1,269.9,33761
HURJA,2026-06-24,241.0,237.7,52364
MDB,2026-06-24,627.9,590.0,7458
ICFCD88,2026-06-24,1115.1,1148.0,75
SBCF,2026-06-24,9.79,10.0,32900
KPCL,2026-06-24,484.0,477.0,8420
MHCL,2026-06-24,349.0,335.8,4259
MHNL,2026-06-24,252.0,251.0,13999
CHL,2026-06-24,270.1,266.0,13333
MBJC,2026-06-24,279.1,278.0,17102
NIMBPO,2026-06-24,147.0,145.0,974
KBL,2026-06-24,209.2,211.0,222033
SMHL,2026-06-24,475.0,475.0,24205
GLH,2026-06-24,255.3,253.0,67845
ADBL,2026-06-24,302.1,307.7,17126
CFCL,2026-06-24,591.9,624.0,99615
HPPL,2026-06-24,358.0,364.0,16382
NMIC,2026-06-24,1005.0,980.0,3147
PROFL,2026-06-24,452.4,453.0,22598
SKHL,2026-06-24,900.0,937.0,34743
PFL,2026-06-24,366.1,365.0,7337
SMB,2026-06-24,1850.0,1959.0,12201
SAGF,2026-06-24,10.1,10.01,6200
SMJC,2026-06-24,437.0,455.0,20456
MANDU,2026-06-24,815.0,821.0,2000
CORBL,2026-06-24,1766.0,1712.2,2603
TTL,2026-06-24,767.0,756.0,15947
GILB,2026-06-24,1093.3,1116.0,941
NMBHF2,2026-06-24,9.56,9.7,2220
NICBF,2026-06-24,9.22,9.22,100
SPC,2026-06-24,438.0,438.0,6831
NRM,2026-06-24,325.0,317.5,16378
HEI,2026-06-24,547.0,543.0,12780
ANLB,2026-06-24,5899.0,5875.0,161
HIDCL,2026-06-24,255.1,256.0,84472
RLEL,2026-06-24,880.0,887.0,10346
BHPL,2026-06-24,492.0,519.9,7740
SWASTIK,2026-06-24,2321.9,2200.0,864
MATRI,2026-06-24,860.0,864.0,427
NMLBBL,2026-06-24,565.1,565.0,3778
SPDL,2026-06-24,399.0,373.9,46128
NESDO,2026-06-24,1576.0,1570.0,1512
EDBL,2026-06-24,569.9,558.2,5351
ICFCD83,2026-06-24,1119.9,1120.0,100
NMB50,2026-06-24,10.21,10.19,400
JFL,2026-06-24,405.0,403.0,7024
NGPL,2026-06-24,420.0,415.0,185220
NMBMF,2026-06-24,633.0,636.9,1395
AVYAN,2026-06-24,1055.0,1055.0,4154
SLCF,2026-06-24,10.0,10.09,10300
NRIC,2026-06-24,918.0,958.5,27800
HBL,2026-06-24,205.6,193.8,48449
STC,2026-06-24,5261.0,5250.0,289
UHEWA,2026-06-24,630.0,620.0,40623
WNLB,2026-06-24,1350.1,1390.0,83
BARUN,2026-06-24,337.0,329.0,38770
SWMF,2026-06-24,649.0,649.8,3827
MEL,2026-06-24,226.0,226.6,22951
UMHL,2026-06-24,581.0,591.0,199398
LVF2,2026-06-24,9.71,9.75,500
MAKAR,2026-06-24,480.1,481.2,3841
NIBLGF,2026-06-24,9.35,9.5,5800
SEF,2026-06-24,10.3,10.3,3221
CHCL,2026-06-24,481.0,479.0,20045
UMRH,2026-06-24,533.0,532.0,5971
HATHY,2026-06-24,754.0,737.0,5757
CBBL,2026-06-24,912.0,910.5,15062
SAIL,2026-06-24,1020.0,971.0,31648
SBID89,2026-06-24,1138.18,1138.18,10
SOHL,2026-06-24,631.0,617.0,105967
SHL,2026-06-24,490.0,494.9,18141
PSF,2026-06-24,11.8,11.81,57800
DLBS,2026-06-24,1237.0,1275.0,2295
NRN,2026-06-24,1350.0,1429.9,71317
LBBL,2026-06-24,489.6,482.0,45004
SBL,2026-06-24,394.5,391.5,134543
GMLI,2026-06-24,1200.0,1180.0,2726
NABIL,2026-06-24,529.0,524.5,68419
ALICL,2026-06-24,441.1,440.1,29108
TSHL,2026-06-24,501.0,503.0,2662
NIBSF2,2026-06-24,9.07,9.08,800
BPCL,2026-06-24,666.0,657.0,32236
NICSF,2026-06-24,9.2,9.3,14500
MMKJL,2026-06-24,480.0,480.0,5922
RIDI,2026-06-24,319.0,342.0,241933
IGI,2026-06-24,439.0,436.0,11010
EBLD91,2026-06-24,1090.0,1090.0,675
GMFIL,2026-06-24,492.0,481.9,21510
NICFC,2026-06-24,8.97,9.27,1900
SABBL,2026-06-24,986.0,967.7,13935
KDBY,2026-06-24,10.87,10.95,906700
UNL,2026-06-24,47000.0,47000.0,80
VLUCL,2026-06-24,474.0,473.0,2795
DOLTI,2026-06-24,351.0,349.0,34591
NSIF2,2026-06-24,10.56,10.53,9900
SYPNL,2026-06-24,1311.0,1399.9,45410
DHPL,2026-06-24,304.0,289.0,5226
AHL,2026-06-24,460.0,470.0,2505
CKHL,2026-06-24,621.0,630.0,252
SFEF,2026-06-24,10.0,10.1,20800
SALICO,2026-06-24,591.1,599.0,3261
MNMF1,2026-06-24,9.76,9.88,40277
RMF1,2026-06-24,10.0,10.0,5510
ENL,2026-06-24,864.0,849.0,480
CBLD88,2026-06-24,1215.4,1215.4,50
MMF1,2026-06-24,9.79,9.63,28430
RAWA,2026-06-24,458.1,455.3,72751
SJLIC,2026-06-24,429.0,422.6,23840
PBLD84,2026-06-24,1077.2,1076.0,200
SPHL,2026-06-24,551.0,581.0,18082
SPIL,2026-06-24,694.1,708.9,2230
NLIC,2026-06-24,749.2,744.9,43879
PRIN,2026-06-24,682.1,686.0,9834
SNLI,2026-06-24,441.6,439.3,14283
NMB,2026-06-24,241.0,239.3,31810
HEIP,2026-06-24,333.0,333.0,51
CORBLP,2026-06-24,100.0,100.0,10000
SWBBL,2026-06-24,731.0,710.0,23699
NUBL,2026-06-24,632.3,636.0,5983
TRH,2026-06-24,761.5,760.7,2586
SFCL,2026-06-24,375.0,371.0,6501
PRSF,2026-06-24,12.78,12.6,49261
RBBF40,2026-06-24,9.48,9.2,3750
MKCL,2026-06-24,1130.0,1111.0,3212
JHAPA,2026-06-24,1250.0,1258.9,13865
RHPL,2026-06-24,258.1,264.1,20376
GBBD85,2026-06-24,1090.0,1100.0,50
GSY,2026-06-24,9.9,10.0,3750
SIPD,2026-06-24,680.0,690.0,21774
HIMSTAR,2026-06-24,810.0,793.0,8482
PMLI,2026-06-24,460.0,460.0,6233
UPCL,2026-06-24,335.0,352.1,40943
GLBSL,2026-06-24,1790.0,1860.0,1513
SJCL,2026-06-24,279.0,278.0,16705
NICL,2026-06-24,535.0,521.0,15913
AKJCL,2026-06-24,368.5,371.5,815172
ULBSL,2026-06-24,2805.0,2830.0,550
SONA,2026-06-24,421.0,424.0,18897
BBC,2026-06-24,4123.0,4298.0,602
SKHEL,2026-06-24,1005.0,1038.0,3042
USHL,2026-06-24,549.0,564.0,3557
NLICL,2026-06-24,577.2,572.9,5840
MEN,2026-06-24,587.0,583.3,49776
PCBL,2026-06-24,234.0,234.6,30395
NSY,2026-06-24,9.58,9.35,8500
AHPC,2026-06-24,279.9,266.9,150040
BGWT,2026-06-24,671.3,616.0,1829
GBIMESY2,2026-06-24,9.42,9.42,1600
BHL,2026-06-24,213.5,210.0,114607
ICFCD89,2026-06-24,1095.1,1114.9,930
SBI,2026-06-24,405.0,391.7,26633
CGH,2026-06-24,770.2,764.1,22504
BNHC,2026-06-24,327.0,317.5,2621
EHPL,2026-06-24,381.2,383.5,14174
KSY,2026-06-24,9.65,9.75,970
MHL,2026-06-24,484.1,480.6,3313
MABEL,2026-06-24,671.0,684.0,15423
SINDU,2026-06-24,710.0,708.0,5360
HIDCLP,2026-06-24,190.0,189.2,159694
SHPC,2026-06-24,527.0,495.3,29751
SMFBS,2026-06-24,1501.2,1525.0,258
RSML,2026-06-24,3358.0,3100.0,23942
GFCL,2026-06-24,620.0,632.9,6701
OMPL,2026-06-24,1082.0,1066.0,5185
RNLI,2026-06-24,456.0,454.8,25513
RFPL,2026-06-24,351.2,353.0,32084
RBCLPO,2026-06-24,11350.0,11400.0,110
SDBD87,2026-06-24,1116.0,1115.0,55
PPCL,2026-06-23,363.1,363.4,10992
SOHL,2026-06-23,640.0,631.4,69366
SBLD89,2026-06-23,1228.0,1260.0,50
UPCL,2026-06-23,350.0,352.0,46738
HHL,2026-06-23,350.1,347.0,39758
TVCL,2026-06-23,487.0,490.2,22198
SPHL,2026-06-23,575.0,580.0,10551
SJLIC,2026-06-23,420.0,421.0,12882
SBL,2026-06-23,391.2,393.0,60030
BEDC,2026-06-23,379.9,351.0,39263
NABIL,2026-06-23,531.0,529.0,33271
UMHL,2026-06-23,651.0,602.0,124598
LVF2,2026-06-23,9.81,9.8,12127
PSF,2026-06-23,11.67,12.15,9560
GMFIL,2026-06-23,457.0,479.0,26846
RMF2,2026-06-23,9.71,10.0,400
SHIVM,2026-06-23,645.0,635.0,172817
TSHL,2026-06-23,528.0,509.0,2395
EBL,2026-06-23,700.0,699.9,92815
JOSHI,2026-06-23,272.9,265.0,23616
ULBSL,2026-06-23,2815.0,2810.0,206
NICGF2,2026-06-23,9.22,9.31,34299
PBLD87,2026-06-23,1075.0,1075.0,25
HURJA,2026-06-23,240.1,241.0,37267
EHPL,2026-06-23,404.2,383.5,12604
NWCL,2026-06-23,765.2,764.0,1372
SADBL,2026-06-23,408.0,408.0,9533
EBLD91,2026-06-23,1090.1,1090.0,630
RBBF40,2026-06-23,9.2,9.21,6549
SMATA,2026-06-23,752.3,757.0,3007
EBLEB89,2026-06-23,1060.1,1065.0,50
GSY,2026-06-23,9.8,9.9,4260
HIMSTAR,2026-06-23,805.2,807.0,8001
MKCL,2026-06-23,1164.0,1138.0,2133
NICSF,2026-06-23,9.2,9.38,30895
KKHC,2026-06-23,250.0,244.0,40607
SOPL,2026-06-23,1120.0,1041.0,178175
ACLBSL,2026-06-23,950.0,945.2,880
EDBL,2026-06-23,570.0,570.0,24273
SRLI,2026-06-23,386.3,387.9,6651
SICL,2026-06-23,624.2,619.0,9427
KSBBLD87,2026-06-23,1114.0,1115.0,2
MHNL,2026-06-23,255.0,250.4,15635
BARUN,2026-06-23,331.0,330.0,46750
MLBSL,2026-06-23,1750.0,1742.0,439
NMFBS,2026-06-23,1148.5,1126.0,5458
CREST,2026-06-23,1240.0,1229.9,5002
DDBL,2026-06-23,842.0,839.2,9455
NIBLSTF,2026-06-23,9.0,9.29,16403
RHPL,2026-06-23,261.0,263.2,15769
SGIC,2026-06-23,474.2,470.2,19135
MLBL,2026-06-23,358.1,356.0,29145
NMLBBL,2026-06-23,570.0,570.0,1836
MNMF1,2026-06-23,9.78,9.83,77200
MBL,2026-06-23,248.0,245.8,37699
SMH,2026-06-23,578.0,560.0,3860
PHCL,2026-06-23,294.5,306.2,64327
MABEL,2026-06-23,695.0,675.0,11846
GBIME,2026-06-23,238.5,239.0,218419
CLI,2026-06-23,445.0,450.9,8913
NMBMF,2026-06-23,635.0,640.0,128
GBBD85,2026-06-23,1090.0,1117.0,385
APHL,2026-06-23,950.0,857.0,54588
GBIMEP,2026-06-23,127.1,127.1,43115
NIFRAUR85/86,2026-06-23,1065.0,1065.0,25
MMKJL,2026-06-23,490.0,480.0,7311
MHCL,2026-06-23,353.9,343.9,5168
SYPNL,2026-06-23,1362.3,1380.0,45547
RLFL,2026-06-23,504.0,487.0,83792
NMBD87/88,2026-06-23,1086.2,1086.2,25
PBLD84,2026-06-23,1154.0,1100.0,20808
MFIL,2026-06-23,793.0,785.0,26848
SIGS3,2026-06-23,10.36,11.1,600
RSY,2026-06-23,10.16,10.15,3560
ADBL,2026-06-23,305.1,307.5,82207
WNLB,2026-06-23,1385.0,1390.0,116
SHEL,2026-06-23,303.0,301.4,83812
RURU,2026-06-23,645.0,646.0,2279
RFPL,2026-06-23,373.6,351.2,19470
NIBSF2,2026-06-23,9.25,9.35,29250
CHL,2026-06-23,278.0,273.0,32206
CIZBD90,2026-06-23,1241.0,1241.0,15
SCB,2026-06-23,646.2,645.5,3759
USLB,2026-06-23,1300.0,1315.0,3542
GRDBL,2026-06-23,1042.1,1049.0,7128
BHL,2026-06-23,214.0,213.5,59370
PURE,2026-06-23,885.1,874.9,6743
BUNGAL,2026-06-23,769.5,688.5,185057
BHDC,2026-06-23,452.0,447.4,16046
NMBHF2,2026-06-23,9.6,9.75,44490
SMB,2026-06-23,1900.0,1850.0,2723
SPDL,2026-06-23,387.0,380.0,62513
CHDC,2026-06-23,2220.0,2197.0,21092
SAGAR,2026-06-23,1625.0,1575.0,10512
GILB,2026-06-23,1103.0,1118.0,4119
ILI,2026-06-23,430.0,426.0,9083
SJCL,2026-06-23,281.0,284.0,5983
NICA,2026-06-23,318.2,332.0,64306
JBBL,2026-06-23,327.8,345.0,19777
MKJC,2026-06-23,480.0,479.9,4001
SGHC,2026-06-23,350.0,347.0,16575
DORDI,2026-06-23,263.0,258.2,24909
AKJCL,2026-06-23,390.0,368.5,913650
KHPL,2026-06-23,936.5,930.1,21145
LEC,2026-06-23,219.5,215.9,53952
SMHL,2026-06-23,490.0,481.0,29393
SAPDBL,2026-06-23,836.0,839.8,36332
RAWA,2026-06-23,481.8,467.8,162666
NICLBSL,2026-06-23,565.0,563.3,3723
AHL,2026-06-23,451.3,474.9,3081
SIFC,2026-06-23,560.0,554.0,9907
SIPD,2026-06-23,725.0,695.0,17245
MSHL,2026-06-23,711.7,670.5,568
KDBY,2026-06-23,10.86,10.88,58350
MBJC,2026-06-23,280.6,279.8,19093
MEHL,2026-06-23,350.1,354.0,2031
STC,2026-06-23,5270.0,5360.0,50
NTC,2026-06-23,850.4,849.0,15314
MAKAR,2026-06-23,481.0,480.1,10042
NBL,2026-06-23,265.0,265.0,67555
SBCF,2026-06-23,9.55,10.09,6017
NIL,2026-06-23,633.0,630.0,2694
GFCL,2026-06-23,648.0,624.0,14409
KDL,2026-06-23,801.4,810.0,452
RSDC,2026-06-23,651.0,655.0,1396
JFL,2026-06-23,403.0,405.0,4033
NSIF2,2026-06-23,10.55,10.56,1200
SAIL,2026-06-23,1000.0,1002.0,19673
MLBS,2026-06-23,1210.0,1187.1,537
SHLB,2026-06-23,1450.0,1469.0,210
UPPER,2026-06-23,197.0,196.0,88087
MATRI,2026-06-23,880.0,864.0,290
RBCL,2026-06-23,14450.0,14360.0,147
SABBL,2026-06-23,1008.0,986.0,13388
GIBF1,2026-06-23,10.54,10.85,3800
SFEF,2026-06-23,10.08,10.0,13020
GBLBS,2026-06-23,763.3,775.0,4743
MCHL,2026-06-23,300.0,308.7,31429
ANLB,2026-06-23,5777.0,5899.0,627
RSML,2026-06-23,3190.0,3199.0,53883
SAGF,2026-06-23,9.95,10.11,5900
NMB,2026-06-23,241.0,240.5,24656
MHL,2026-06-23,492.2,489.0,6664
SHPC,2026-06-23,505.0,502.0,31825
CYCL,2026-06-23,1425.0,1462.0,3798
TTL,2026-06-23,780.0,769.0,13917
NIMBD90,2026-06-23,1195.0,1195.0,30
SWMF,2026-06-23,648.0,649.0,2103
LLBS,2026-06-23,931.0,949.9,170
LSL,2026-06-23,219.9,217.0,105770
HPPL,2026-06-23,360.1,369.0,17289
ICFC,2026-06-23,617.0,622.0,11468
HIDCLP,2026-06-23,194.5,190.8,193563
HLBSL,2026-06-23,872.0,880.0,1631
HDHPC,2026-06-23,216.3,213.1,156533
SBLD84,2026-06-23,1067.1,1067.1,22
SONA,2026-06-23,447.4,421.0,23040
UHEWA,2026-06-23,642.0,631.0,27695
SKHL,2026-06-23,955.0,911.0,21246
LUK,2026-06-23,10.5,10.81,35365
UNL,2026-06-23,47399.9,47000.0,60
UNHPL,2026-06-23,400.1,400.0,27345
CIT,2026-06-23,1723.0,1716.0,5038
SMPDA,2026-06-23,801.6,819.0,1074
GHL,2026-06-23,228.1,225.9,58172
NFS,2026-06-23,595.0,595.3,6724
MFLD85,2026-06-23,1119.0,1120.0,50
CCBD88,2026-06-23,1260.0,1235.0,2
IHL,2026-06-23,384.1,383.0,12655
SNLI,2026-06-23,443.0,441.5,9635
NBF2,2026-06-23,10.1,9.9,1626
BNT,2026-06-23,11889.0,11760.0,37
ALBSL,2026-06-23,1071.1,1085.0,3002
SHINE,2026-06-23,408.0,404.9,21540
SBID2090,2026-06-23,1132.0,1135.0,275
ALICL,2026-06-23,442.1,443.0,13512
SFCL,2026-06-23,374.0,370.0,8237
SIGS2,2026-06-23,10.48,10.4,9215
SARBTM,2026-06-23,835.0,817.9,34982
RBBD2088,2026-06-23,1065.0,1070.0,503
TRH,2026-06-23,772.3,768.1,3924
MEN,2026-06-23,590.0,590.0,33784
SINDU,2026-06-23,720.1,718.9,6609
NSY,2026-06-23,9.39,9.5,9700
NRN,2026-06-23,1450.0,1421.0,119650
PBD88,2026-06-23,1215.0,1215.0,5
SLCF,2026-06-23,9.79,10.01,15310
NADEP,2026-06-23,750.1,753.9,226
MPFL,2026-06-23,592.0,612.9,24064
EBLD86,2026-06-23,1090.0,1082.1,65
SANVI,2026-06-23,676.0,665.2,11906
NIFRAGED,2026-06-23,1039.4,1039.4,15
RBBD83,2026-06-23,1041.1,1042.1,12
MKHC,2026-06-23,300.0,313.5,8265
NUBL,2026-06-23,631.5,639.9,2036
RBCLPO,2026-06-23,11160.1,11494.9,100
NRIC,2026-06-23,969.0,965.3,19252
PRSF,2026-06-23,12.61,12.78,133710
SAHAS,2026-06-23,660.5,652.0,125092
SBLD2091,2026-06-23,1076.0,1076.0,50
C30MF,2026-06-23,10.25,10.1,263188
SKHEL,2026-06-23,1101.0,1057.0,10367
ENL,2026-06-23,855.0,864.4,336
IGI,2026-06-23,440.1,442.5,13639
HBLD83,2026-06-23,1050.0,1035.0,2
NICFC,2026-06-23,9.3,9.23,2600
GVL,2026-06-23,487.0,482.0,4255
CFCL,2026-06-23,599.0,623.0,73937
BANDIPUR,2026-06-23,805.0,800.2,19377
NGPL,2026-06-23,420.1,420.0,133657
PCBL,2026-06-23,234.0,236.9,56305
NBLD87,2026-06-23,1074.6,1074.6,25
PCIL,2026-06-23,720.0,705.0,54451
AVYAN,2026-06-23,1020.0,1055.0,1907
RNLI,2026-06-23,456.5,456.5,14678
CKHL,2026-06-23,626.0,639.9,2601
MNBBL,2026-06-23,368.2,370.0,32212
TPKHL,2026-06-23,346.1,396.7,220
UMRH,2026-06-23,530.0,534.0,2470
FMDBL,2026-06-23,779.0,771.0,17885
MKHL,2026-06-23,501.0,497.0,7940
KBSH,2026-06-23,1450.0,1408.0,252
SFMF,2026-06-23,10.4,11.0,3400
YMHL,2026-06-23,355.3,396.7,120
GMFBS,2026-06-23,1265.0,1265.0,777
TPC,2026-06-23,370.0,364.0,11711
JBLB,2026-06-23,1261.0,1264.0,2017
SMJC,2026-06-23,498.7,460.0,11725
KMCDB,2026-06-23,825.0,830.3,2018
KBL,2026-06-23,212.0,209.2,189015
NICBF,2026-06-23,9.12,9.16,2400
SHL,2026-06-23,500.0,492.3,20291
NESDO,2026-06-23,1565.0,1577.0,6036
NLG,2026-06-23,607.5,610.0,4224
NBF3,2026-06-23,9.7,10.0,91550
SWBBL,2026-06-23,743.3,731.0,8829
TAMOR,2026-06-23,432.1,449.8,30768
CBBL,2026-06-23,911.0,913.1,7543
SSHL,2026-06-23,205.0,203.0,103712
GMLI,2026-06-23,1212.5,1200.1,3546
MEL,2026-06-23,232.0,229.5,5885
MBLEF,2026-06-23,9.94,10.14,4200
GBBL,2026-06-23,405.5,405.9,22385
CHCL,2026-06-23,486.0,485.0,26166
ICFCD89,2026-06-23,1095.0,1087.0,300
NLIC,2026-06-23,752.0,750.0,23914
RIDI,2026-06-23,326.8,335.0,233798
MERO,2026-06-23,711.5,716.0,2473
KSBBL,2026-06-23,481.1,480.0,26442
HBLD86,2026-06-23,1166.0,1166.0,11
OHL,2026-06-23,681.0,686.0,228
KSY,2026-06-23,9.75,9.78,3711
MANDU,2026-06-23,815.0,835.0,2112
MMF1,2026-06-23,9.75,9.6,34862
KBLD86,2026-06-23,1236.0,1200.0,6
NICAD2091,2026-06-23,1055.0,1055.0,98079
NMBD89/90,2026-06-23,1228.0,1230.0,55
PROFL,2026-06-23,455.9,445.0,5933
USHEC,2026-06-23,491.3,492.6,6494
LBBL,2026-06-23,486.0,486.9,19154
BFC,2026-06-23,515.2,512.3,61936
AHPC,2026-06-23,271.0,268.1,100879
BPCL,2026-06-23,675.0,666.0,14215
DLBS,2026-06-23,1260.0,1237.0,104
KBLD89,2026-06-23,1240.0,1251.0,11
ILBS,2026-06-23,922.0,908.0,1333
GLH,2026-06-23,260.0,255.3,50203
DOLTI,2026-06-23,383.2,353.0,47127
SPL,2026-06-23,673.0,689.0,1105
MLBBL,2026-06-23,1160.0,1155.0,1849
PRVU,2026-06-23,200.0,192.4,54390
HIDCL,2026-06-23,258.1,258.0,23664
BJHL,2026-06-23,835.5,822.2,5888
NHPC,2026-06-23,278.2,271.0,306360
RHGCL,2026-06-23,271.1,273.9,16566
HBL,2026-06-23,200.0,195.9,50965
NMB50,2026-06-23,10.2,10.21,6420
BHPL,2026-06-23,545.0,517.1,3159
PFL,2026-06-23,355.5,368.0,3606
API,2026-06-23,340.1,339.0,164146
EBLD85,2026-06-23,1135.0,1150.0,75
BGWT,2026-06-23,626.1,639.4,845
FOWAD,2026-06-23,1006.9,999.8,2244
HRL,2026-06-23,623.0,607.0,118257
VLUCL,2026-06-23,475.0,475.0,4441
NICL,2026-06-23,535.0,527.2,22480
NMIC,2026-06-23,1004.9,991.1,4383
BHCL,2026-06-23,530.0,527.0,20608
SLBBL,2026-06-23,820.0,815.2,5542
NABILD87,2026-06-23,1125.0,1114.0,6
CGH,2026-06-23,780.0,770.2,20085
SKBBL,2026-06-23,760.0,757.5,29039
NIMB,2026-06-23,195.0,194.0,117442
PRIN,2026-06-23,695.6,699.0,14791
CITY,2026-06-23,410.0,399.0,142681
PMLI,2026-06-23,460.0,463.0,6121
CZBIL,2026-06-23,199.5,198.9,45064
SPIL,2026-06-23,730.0,710.3,777
NIMBPO,2026-06-23,145.1,142.9,10206
NLICL,2026-06-23,579.0,573.5,22860
KPCL,2026-06-23,478.5,482.0,8158
RLEL,2026-06-23,900.1,890.0,8594
NABBC,2026-06-23,790.0,801.0,6525
PPL,2026-06-23,332.5,341.8,16061
SBI,2026-06-23,388.0,393.9,20669
NHDL,2026-06-23,656.0,632.5,6387
NRM,2026-06-23,331.0,323.0,15594
USHL,2026-06-23,573.1,577.0,2846
KEF,2026-06-23,10.52,10.38,24400
CSY,2026-06-23,9.03,9.12,7500
HDL,2026-06-23,1150.0,1145.5,20850
NIBLGF,2026-06-23,9.36,9.35,575
GBIMESY2,2026-06-23,9.3,9.42,3700
UNLB,2026-06-23,1368.0,1360.0,247
SIKLES,2026-06-23,570.0,569.3,9219
ULHC,2026-06-23,421.0,422.0,5418
SALICO,2026-06-23,629.9,603.1,5256
SLBSL,2026-06-23,1200.0,1220.0,930
SANIMA,2026-06-23,359.0,354.0,54483
HATHY,2026-06-23,793.8,745.0,7392
GUFL,2026-06-23,554.0,549.4,5475
HFIN,2026-06-23,806.0,775.0,48894
PMHPL,2026-06-23,333.0,329.0,9080
SWASTIK,2026-06-23,2345.0,2255.0,372
RADHI,2026-06-23,731.1,734.9,20050
BBC,2026-06-23,4250.0,4250.1,280
MDB,2026-06-23,629.0,598.0,4470
SMFBS,2026-06-23,1512.3,1535.3,72
RMF1,2026-06-23,10.08,10.02,12875
OMPL,2026-06-23,1115.0,1098.0,4439
GLBSL,2026-06-23,1858.5,1832.0,389
GCIL,2026-06-23,390.6,366.9,23818
HLI,2026-06-23,333.0,334.0,16010
SEF,2026-06-23,10.14,10.39,53300
CBLD88,2026-06-23,1180.0,1180.0,33
JHAPA,2026-06-23,1249.0,1296.9,5596
HLICF,2026-06-23,8.6,8.88,4895
SPC,2026-06-23,447.0,445.0,4321
NIFRA,2026-06-23,250.0,251.9,208307
UAIL,2026-06-23,472.0,462.0,11767
CORBL,2026-06-23,1710.0,1734.8,3944
GWFD83,2026-06-23,1085.0,1077.3,100
DHEL,2026-06-23,608.0,607.2,17083
MSLB,2026-06-23,1250.1,1273.9,989
HEI,2026-06-23,565.0,550.0,15597
H8020,2026-06-23,11.95,12.0,1910
BNHC,2026-06-23,332.0,323.7,4536
AKPL,2026-06-23,261.5,259.5,60055
VLBS,2026-06-23,710.0,710.0,2180
DHPL,2026-06-23,297.7,290.0,5823
LICN,2026-06-23,803.4,799.0,16328
NYADI,2026-06-23,370.0,382.0,5950
JSLBB,2026-06-23,1035.1,1030.0,686
YMHL,2026-06-22,300.0,345.0,140
CFCL,2026-06-22,598.5,630.0,159138
JBBL,2026-06-22,346.0,345.0,20468
PCIL,2026-06-22,700.0,725.0,43974
SWMF,2026-06-22,650.0,658.9,1928
BFC,2026-06-22,474.1,518.0,107252
SIFC,2026-06-22,551.1,565.0,20172
SMATA,2026-06-22,760.0,760.0,3346
MKJC,2026-06-22,460.4,481.5,1780
CBLD88,2026-06-22,1185.0,1185.0,25
TPC,2026-06-22,366.0,366.2,4211
MLBS,2026-06-22,1235.0,1232.9,455
SWBBL,2026-06-22,763.0,740.5,290832
HBL,2026-06-22,186.2,195.5,34276
ICFC,2026-06-22,622.1,621.5,9895
SWASTIK,2026-06-22,2277.2,2277.0,524
CGH,2026-06-22,795.0,780.0,12020
SHPC,2026-06-22,504.0,504.5,7962
SMB,2026-06-22,1900.0,1886.1,8420
GLH,2026-06-22,275.0,262.0,13379
BPCL,2026-06-22,666.3,671.0,9452
KBL,2026-06-22,212.0,211.3,92720
HLICF,2026-06-22,8.7,8.73,2700
RHPL,2026-06-22,268.1,265.0,23810
GFCL,2026-06-22,628.0,643.0,9361
PURE,2026-06-22,910.0,892.0,3004
NICBF,2026-06-22,9.69,9.18,3600
SPHL,2026-06-22,585.0,590.0,4809
RADHI,2026-06-22,745.0,745.0,33028
HFIN,2026-06-22,815.3,815.0,25638
USLB,2026-06-22,1260.0,1311.0,5496
MMKJL,2026-06-22,495.0,499.9,1545
SBID83,2026-06-22,1061.5,1061.5,50
NIL,2026-06-22,625.0,632.0,1200
NRM,2026-06-22,335.0,332.0,11855
UHEWA,2026-06-22,630.0,643.0,79696
NCCD86,2026-06-22,1210.0,1180.0,102
BEDC,2026-06-22,360.0,361.9,25876
MMF1,2026-06-22,9.73,9.58,63550
SAGAR,2026-06-22,1650.0,1650.0,5887
KBLD89,2026-06-22,1240.0,1240.0,25
ICFCD89,2026-06-22,1100.0,1098.1,680
SKHL,2026-06-22,1002.0,958.1,41837
HIDCLP,2026-06-22,196.1,195.0,58645
GBLBS,2026-06-22,733.4,771.0,1351
GLBSL,2026-06-22,1840.0,1858.1,1650
SPC,2026-06-22,451.0,448.0,7955
MSLB,2026-06-22,1215.0,1268.0,3774
IGI,2026-06-22,452.9,443.0,14563
NBBD2085,2026-06-22,1170.0,1170.0,247164
MLBL,2026-06-22,361.1,358.0,37025
SLBSL,2026-06-22,1220.0,1238.0,1567
CBBL,2026-06-22,915.0,916.0,15609
KKHC,2026-06-22,252.0,250.0,22518
NWCL,2026-06-22,731.8,770.0,900
ULBSL,2026-06-22,2815.0,2867.0,266
SBID89,2026-06-22,1138.2,1138.2,20
UMHL,2026-06-22,618.0,621.0,103071
GHL,2026-06-22,232.0,229.0,19227
SYPNL,2026-06-22,1371.8,1433.9,30269
MKCL,2026-06-22,1207.5,1151.0,1125
NIBLGF,2026-06-22,9.36,9.35,300
SJLIC,2026-06-22,425.5,425.0,8199
EBLD85,2026-06-22,1200.0,1170.0,75
MBLEF,2026-06-22,10.0,9.95,28700
MABEL,2026-06-22,704.0,698.0,5897
MPFL,2026-06-22,600.0,610.0,8788
DDBL,2026-06-22,836.0,842.0,6869
NHPC,2026-06-22,284.0,279.3,195439
SLBBL,2026-06-22,820.1,822.3,4137
GBIMESY2,2026-06-22,9.3,9.42,2180
UPCL,2026-06-22,344.9,359.9,20799
LLBS,2026-06-22,950.0,955.0,1120
CZBIL,2026-06-22,197.0,199.0,21511
MHCL,2026-06-22,343.0,344.0,2788
SOPL,2026-06-22,1060.0,1120.0,354195
BHL,2026-06-22,216.0,214.3,70379
LEC,2026-06-22,221.0,218.0,48824
SGIC,2026-06-22,484.9,480.5,9600
SANVI,2026-06-22,675.2,676.5,14032
MEL,2026-06-22,230.1,232.7,1141
SANIMA,2026-06-22,365.0,358.0,51905
GBBL,2026-06-22,408.0,405.5,21243
HIMSTAR,2026-06-22,840.0,818.3,2189
RLFL,2026-06-22,470.0,480.0,43187
C30MF,2026-06-22,9.9,10.1,200
RBBD2088,2026-06-22,1061.5,1061.5,100
MEHL,2026-06-22,349.1,359.0,1387
RSY,2026-06-22,10.2,10.2,5200
SEF,2026-06-22,10.52,10.3,23898
NIBD84,2026-06-22,1060.0,1065.0,50
NMFBS,2026-06-22,1117.0,1128.0,4591
CORBL,2026-06-22,1679.0,1717.0,2909
NMBMF,2026-06-22,609.9,642.0,383
NIBSF2,2026-06-22,9.0,9.52,3823
UMRH,2026-06-22,539.0,534.0,11928
MBJC,2026-06-22,280.6,282.0,14135
NMLBBL,2026-06-22,575.0,576.0,1445
SIGS2,2026-06-22,10.5,10.5,2000
EDBL,2026-06-22,570.0,577.5,3657
BARUN,2026-06-22,336.4,333.6,19940
SDBD87,2026-06-22,1111.3,1120.0,110
SAHAS,2026-06-22,695.7,661.1,114497
CREST,2026-06-22,1274.0,1248.0,8369
CLI,2026-06-22,450.0,450.2,13646
HDL,2026-06-22,1153.0,1150.5,16820
GILB,2026-06-22,1124.0,1129.9,5078
SMHL,2026-06-22,495.0,486.0,14094
AHPC,2026-06-22,275.0,271.5,29501
UAIL,2026-06-22,468.0,472.0,2787
NFS,2026-06-22,620.0,607.0,4529
NTC,2026-06-22,891.4,848.7,7815
SPDL,2026-06-22,389.0,392.0,36884
BGWT,2026-06-22,665.0,635.0,919
SHLB,2026-06-22,1462.2,1478.9,286
NGPL,2026-06-22,429.0,423.0,104124
JSLBB,2026-06-22,1055.0,1050.1,308
DHPL,2026-06-22,295.0,294.0,3750
SPIL,2026-06-22,722.0,711.6,3340
CHL,2026-06-22,291.8,278.0,17990
KSBBL,2026-06-22,481.0,482.4,4101
NUBL,2026-06-22,640.0,640.0,3398
H8020,2026-06-22,11.96,12.31,3840
KBLD90,2026-06-22,1223.0,1223.0,50
MKHC,2026-06-22,316.0,314.9,6603
BNL,2026-06-22,15200.0,15200.0,30
NBF3,2026-06-22,10.0,9.9,102090
NICGF2,2026-06-22,9.27,9.5,1700
SAIL,2026-06-22,1000.0,1029.9,20799
SHEL,2026-06-22,306.0,306.0,72269
SJCL,2026-06-22,290.0,285.0,10344
DOLTI,2026-06-22,346.7,365.0,41167
CHDC,2026-06-22,2237.9,2236.0,7802
MLBBL,2026-06-22,1160.0,1179.0,836
JOSHI,2026-06-22,280.0,272.9,18451
SCB,2026-06-22,655.0,646.2,3446
KSY,2026-06-22,9.82,9.91,1300
VLBS,2026-06-22,710.0,715.1,3201
PROFL,2026-06-22,463.0,455.9,5490
STC,2026-06-22,5326.0,5368.0,51
MHNL,2026-06-22,258.0,257.0,7557
PRSF,2026-06-22,12.53,12.61,87778
UNL,2026-06-22,46501.0,47000.0,40
MERO,2026-06-22,710.0,724.0,2121
FMDBL,2026-06-22,770.0,778.0,5081
DLBS,2026-06-22,1260.0,1260.0,179
PHCL,2026-06-22,309.0,310.0,75139
BUNGAL,2026-06-22,754.2,810.0,123995
KHPL,2026-06-22,986.2,985.7,22983
NABILD87,2026-06-22,1125.0,1125.0,25
CKHL,2026-06-22,622.8,645.0,215
AKPL,2026-06-22,265.0,261.5,77065
RIDI,2026-06-22,360.1,344.0,200895
RFPL,2026-06-22,362.0,355.9,15302
GBIME,2026-06-22,240.0,239.0,110533
ENL,2026-06-22,865.0,869.0,629
GSY,2026-06-22,10.0,10.0,11800
GMLI,2026-06-22,1250.0,1246.9,5889
RURU,2026-06-22,645.0,646.0,8203
KMCDB,2026-06-22,789.0,844.9,2288
EBL,2026-06-22,729.7,697.0,48925
MSHL,2026-06-22,660.1,677.9,663
RNLI,2026-06-22,456.3,459.0,10002
PRIN,2026-06-22,708.0,707.0,5609
MAKAR,2026-06-22,502.0,490.0,2960
MKHL,2026-06-22,508.0,503.0,4168
NIMB,2026-06-22,205.4,195.0,58568
MFIL,2026-06-22,740.0,813.7,103834
NICAD2091,2026-06-22,1052.4,1052.4,25
PSF,2026-06-22,11.84,11.99,4150
MDB,2026-06-22,600.0,602.0,9993
NBL,2026-06-22,266.0,266.3,101867
BNHC,2026-06-22,322.1,326.9,2153
SKHEL,2026-06-22,1113.0,1115.0,4844
SNLI,2026-06-22,443.0,444.4,11253
SPL,2026-06-22,665.2,688.8,1130
NIBLSTF,2026-06-22,9.39,8.95,1200
MCHL,2026-06-22,317.0,310.7,13624
SINDU,2026-06-22,720.2,720.1,5705
NLICL,2026-06-22,583.0,580.0,16773
SARBTM,2026-06-22,820.1,835.0,9509
SFMF,2026-06-22,10.7,10.7,570
AKJCL,2026-06-22,396.1,380.2,450266
ULHC,2026-06-22,420.9,424.0,10465
RBCL,2026-06-22,14500.0,14490.0,70
MNBBL,2026-06-22,371.5,370.0,20128
BHPL,2026-06-22,525.0,530.0,6221
USHL,2026-06-22,578.0,589.9,1151
ILBS,2026-06-22,900.0,919.8,1898
SHIVM,2026-06-22,645.1,645.9,61465
NMIC,2026-06-22,1017.0,1005.0,2519
BHCL,2026-06-22,555.0,540.0,47153
SAPDBL,2026-06-22,810.0,879.9,45910
EHPL,2026-06-22,398.9,385.0,21374
PRVU,2026-06-22,193.7,193.9,47020
GCIL,2026-06-22,358.2,372.0,17137
SAGF,2026-06-22,10.3,10.2,6500
RAWA,2026-06-22,486.0,482.8,25551
SFEF,2026-06-22,10.08,10.08,500
RBBF40,2026-06-22,9.5,9.34,1100
JBLB,2026-06-22,1266.3,1271.0,3762
NRIC,2026-06-22,980.0,969.0,25264
UNHPL,2026-06-22,404.0,406.0,18957
NSIF2,2026-06-22,10.6,10.55,17200
MND84/85,2026-06-22,1073.0,1072.6,50
SHL,2026-06-22,494.0,493.0,29833
SBL,2026-06-22,400.0,393.5,33718
RSDC,2026-06-22,660.0,665.0,5137
TTL,2026-06-22,792.0,785.0,7156
GUFL,2026-06-22,555.0,550.1,9519
GMFIL,2026-06-22,480.0,481.0,17445
PPCL,2026-06-22,384.3,372.7,15565
NMBD89/90,2026-06-22,1226.0,1225.0,25
NYADI,2026-06-22,375.3,389.0,4891
NICFC,2026-06-22,9.21,9.33,2750
FOWAD,2026-06-22,1000.0,1007.5,1549
HURJA,2026-06-22,243.3,243.0,23429
SMFBS,2026-06-22,1489.0,1559.0,1172
HLBSL,2026-06-22,895.0,894.5,224
DORDI,2026-06-22,268.0,264.5,22832
KPCL,2026-06-22,485.0,486.0,10166
SLCF,2026-06-22,10.1,9.97,39300
NSY,2026-06-22,9.38,9.66,4600
RHGCL,2026-06-22,278.5,274.2,25900
SSHL,2026-06-22,196.0,206.0,68285
NLIC,2026-06-22,774.0,758.0,16370
GMFBS,2026-06-22,1274.5,1265.0,342
MATRI,2026-06-22,875.0,882.7,302
RSML,2026-06-22,3250.0,3291.0,38904
NICL,2026-06-22,540.0,535.1,13638
AHL,2026-06-22,484.0,475.0,24030
KBSH,2026-06-22,1460.5,1460.0,132
LSL,2026-06-22,220.0,219.0,37030
BBC,2026-06-22,4349.0,4325.0,694
OMPL,2026-06-22,1115.0,1119.0,4232
UNLB,2026-06-22,1351.0,1368.0,962
API,2026-06-22,345.0,341.5,77278
NIFRA,2026-06-22,258.0,255.1,48315
CIZBD90,2026-06-22,1205.0,1205.0,25
NABIL,2026-06-22,535.0,531.0,34257
ILI,2026-06-22,430.0,430.0,9432
SHINE,2026-06-22,409.9,408.2,16065
RBCLPO,2026-06-22,11500.0,11365.0,130
ANLB,2026-06-22,5780.0,5900.0,172
MANDU,2026-06-22,871.3,827.0,1429
IHL,2026-06-22,392.0,389.0,8069
WNLB,2026-06-22,1370.0,1390.0,163
SFCL,2026-06-22,372.1,375.0,7145
NMB,2026-06-22,246.4,241.8,15677
SIPD,2026-06-22,691.6,716.2,15332
HDHPC,2026-06-22,220.0,216.3,127934
HPPL,2026-06-22,370.0,369.0,19508
APHL,2026-06-22,961.8,964.2,81620
OHL,2026-06-22,689.0,700.0,832
USHEC,2026-06-22,496.0,500.0,10000
TAMOR,2026-06-22,462.4,453.0,42549
SGHC,2026-06-22,357.0,353.2,4292
KDBY,2026-06-22,10.92,11.0,100590
HBLD86,2026-06-22,1164.0,1164.0,28
NADEP,2026-06-22,736.0,747.6,473
TRH,2026-06-22,761.0,772.2,2271
NABBC,2026-06-22,825.0,805.0,3770
SMJC,2026-06-22,452.0,475.0,67876
LICN,2026-06-22,810.0,805.1,5140
CITY,2026-06-22,413.5,403.9,128241
NICSF,2026-06-22,9.23,9.28,6610
CYCL,2026-06-22,1400.0,1484.9,3473
CMF2,2026-06-22,9.88,9.85,8088
NIMBPO,2026-06-22,148.4,147.0,2978
TVCL,2026-06-22,516.6,495.0,5449
SADBL,2026-06-22,408.0,407.4,4561
SKBBL,2026-06-22,761.1,759.0,13930
SIKLES,2026-06-22,574.0,576.8,2931
MBL,2026-06-22,248.0,247.0,54486
NMB50,2026-06-22,10.4,10.45,3420
CSY,2026-06-22,9.2,9.29,24340
HHL,2026-06-22,354.0,357.0,31471
LUK,2026-06-22,10.01,10.2,2600
SOHL,2026-06-22,630.0,649.0,85505
SICL,2026-06-22,624.8,624.2,4751
RMF2,2026-06-22,10.2,10.0,300
NHDL,2026-06-22,635.0,640.0,2430
NLG,2026-06-22,610.0,619.9,5653
GIBF1,2026-06-22,10.54,10.55,2700
PMHPL,2026-06-22,331.1,333.0,5519
MNMF1,2026-06-22,9.78,9.86,9100
DHEL,2026-06-22,605.0,615.0,6364
ALBSL,2026-06-22,1075.0,1095.9,3163
NBLD87,2026-06-22,1132.0,1100.0,371
BNT,2026-06-22,11800.0,11800.0,10
ADBLD83,2026-06-22,1075.0,1075.0,20917
NMBD2085,2026-06-22,1140.0,1135.0,90
MLBSL,2026-06-22,1745.0,1794.0,583
PBD88,2026-06-22,1240.0,1215.0,125
ALICL,2026-06-22,444.0,445.0,5297
NESDO,2026-06-22,1525.0,1575.0,4910
MHL,2026-06-22,492.2,494.5,886
ICFCD88,2026-06-22,1140.0,1121.0,40
HEIP,2026-06-22,316.0,325.0,500
LVF2,2026-06-22,9.81,9.81,1310
ACLBSL,2026-06-22,953.0,964.9,712
PCBL,2026-06-22,240.0,235.5,39949
TSHL,2026-06-22,543.9,529.0,2084
CIT,2026-06-22,1730.0,1722.0,5813
NABILD2089,2026-06-22,1147.9,1092.0,13615
BANDIPUR,2026-06-22,810.5,807.0,15196
SMH,2026-06-22,566.0,570.0,2240
RMF1,2026-06-22,9.32,10.05,16910
NRN,2026-06-22,1400.0,1469.9,210431
GBILD84/85,2026-06-22,1110.0,1100.0,145000
RLEL,2026-06-22,910.0,923.6,8263
BHDC,2026-06-22,455.0,450.2,16721
AVYAN,2026-06-22,1044.0,1070.0,2230
NMBHF2,2026-06-22,9.6,9.61,66330
NICA,2026-06-22,337.8,334.9,42306
SIGS3,2026-06-22,10.5,10.53,800
PFL,2026-06-22,366.0,373.0,2903
GBBD85,2026-06-22,1085.1,1085.2,90
HRL,2026-06-22,661.0,622.0,63187
KDL,2026-06-22,810.1,820.0,2555
SONA,2026-06-22,408.4,426.1,16617
HATHY,2026-06-22,760.0,756.0,4939
JHAPA,2026-06-22,1300.0,1305.0,22415
CHCL,2026-06-22,500.0,486.0,13823
KSBBLD87,2026-06-22,1114.0,1114.0,50
GRDBL,2026-06-22,1023.0,1054.3,7297
SBCF,2026-06-22,9.5,9.6,13500
HLI,2026-06-22,319.2,335.0,14024
HEI,2026-06-22,565.0,551.0,7666
TPKHL,2026-06-22,300.0,345.0,260
SBI,2026-06-22,400.0,393.0,12975
LBBL,2026-06-22,489.9,485.5,18701
JFL,2026-06-22,405.1,409.7,6532
PPL,2026-06-22,330.6,350.0,15511
KEF,2026-06-22,10.71,10.51,17500
BJHL,2026-06-22,893.0,860.0,8671
HBLD83,2026-06-22,1050.0,1050.0,10075
EBLD86,2026-06-22,1078.0,1068.2,200
MEN,2026-06-22,587.0,589.7,34148
NBF2,2026-06-22,10.0,9.91,1200
SALICO,2026-06-22,609.0,615.0,3581
PBD84,2026-06-22,1080.0,1080.0,30
GVL,2026-06-22,483.5,483.1,6993
ADBL,2026-06-22,316.0,307.9,40052
HIDCL,2026-06-22,262.0,260.0,27460
VLUCL,2026-06-22,473.0,475.0,1606
PMLI,2026-06-22,460.0,469.9,3185
EBLD91,2026-06-22,1090.0,1099.9,501
SRLI,2026-06-22,390.0,389.2,8225
UPPER,2026-06-22,209.1,198.0,64536
SABBL,2026-06-22,1030.0,1030.0,8666
SMPDA,2026-06-22,832.0,813.9,1911
NICLBSL,2026-06-22,565.0,573.1,3964
ANLB,2026-06-19,6933.0,5929.0,913
CIT,2026-06-19,1730.1,1729.0,4848
MHCL,2026-06-19,340.0,343.0,3802
NIMBD90,2026-06-19,1208.0,1207.0,3000
MEL,2026-06-19,235.0,235.0,9993
MBLD87,2026-06-19,1148.0,1148.0,5000
JOSHI,2026-06-19,281.0,277.0,12831
HEI,2026-06-19,565.0,550.0,13499
DORDI,2026-06-19,266.0,267.0,7442
GMLI,2026-06-19,1251.0,1286.0,1406
DHEL,2026-06-19,624.0,612.0,10475
RBBD83,2026-06-19,1060.6,1060.6,36424
HURJA,2026-06-19,245.0,243.0,40313
RADHI,2026-06-19,740.0,745.0,17332
BGWT,2026-06-19,650.0,648.7,4132
SHEL,2026-06-19,308.0,306.4,86057
SMFBS,2026-06-19,1460.1,1489.0,891
STC,2026-06-19,5290.0,5325.0,250
MABEL,2026-06-19,706.0,711.9,18113
CZBIL,2026-06-19,200.0,198.0,22883
HATHY,2026-06-19,774.5,763.0,2955
RHGCL,2026-06-19,283.0,278.1,17622
SIKLES,2026-06-19,584.1,570.0,28726
NMB,2026-06-19,244.5,241.2,18075
HLICF,2026-06-19,8.82,8.83,961
EBL,2026-06-19,670.0,695.0,51877
UAIL,2026-06-19,475.0,473.0,10562
BFC,2026-06-19,504.0,499.0,26338
NBLD82,2026-06-19,1080.0,1080.0,50
NMIC,2026-06-19,1020.0,1017.0,1575
NICBF,2026-06-19,9.41,9.41,600
UMRH,2026-06-19,535.1,539.0,3215
NLG,2026-06-19,624.0,604.0,7455
LBLD88,2026-06-19,1088.4,1088.4,25
ILBS,2026-06-19,920.0,915.0,927
CKHL,2026-06-19,630.0,642.0,729
GBIME,2026-06-19,240.0,240.0,60695
NESDO,2026-06-19,1525.0,1525.0,331
SLBSL,2026-06-19,1185.0,1228.0,2770
MLBL,2026-06-19,357.0,359.1,6906
ADBL,2026-06-19,307.2,309.0,9697
SYPNL,2026-06-19,1368.0,1444.0,40340
UPPER,2026-06-19,198.0,199.2,54529
SRLI,2026-06-19,388.3,390.0,9109
MATRIP,2026-06-19,523.5,523.5,3400
SPHL,2026-06-19,585.0,599.8,18271
CGH,2026-06-19,780.2,781.0,9319
MATRI,2026-06-19,865.0,875.0,572
HIDCLP,2026-06-19,197.0,195.5,80162
KSBBL,2026-06-19,489.8,482.0,26913
SAIL,2026-06-19,1023.1,1014.6,20056
RIDI,2026-06-19,344.0,343.2,106890
RBBF40,2026-06-19,9.45,9.45,500
RSDC,2026-06-19,655.3,658.0,811
SAGF,2026-06-19,10.05,10.0,10675
MDB,2026-06-19,604.0,600.0,5179
RFPL,2026-06-19,364.0,355.3,28876
GBBL,2026-06-19,412.0,408.0,10468
NTC,2026-06-19,851.0,849.0,6752
MSLB,2026-06-19,1215.0,1234.0,241
NMBMF,2026-06-19,627.4,642.0,2313
SKBBL,2026-06-19,760.0,760.0,20661
FOWAD,2026-06-19,1007.5,1010.0,1443
HIDCL,2026-06-19,260.3,260.5,40945
SFEF,2026-06-19,10.1,10.1,900
RSML,2026-06-19,3517.0,3350.0,13837
GFCL,2026-06-19,640.0,631.0,7559
HLI,2026-06-19,335.0,336.0,24461
SALICO,2026-06-19,624.9,618.0,2167
GLBSL,2026-06-19,1760.0,1840.0,4266
NIFRA,2026-06-19,256.5,257.0,37117
PMLI,2026-06-19,460.0,479.8,6948
VLUCL,2026-06-19,475.0,482.0,3837
PPL,2026-06-19,329.8,348.0,21424
UPCL,2026-06-19,342.1,363.0,22351
LBBLD89,2026-06-19,1260.0,1260.0,75
KBSH,2026-06-19,1525.0,1460.5,210
MEN,2026-06-19,589.0,585.5,59654
ICFCD89,2026-06-19,1087.5,1086.5,75
HEIP,2026-06-19,316.0,316.0,23
SWBBL,2026-06-19,770.7,740.0,2331
ENL,2026-06-19,860.0,873.6,315
AVYAN,2026-06-19,997.5,1043.1,1685
KMCDB,2026-06-19,831.0,830.0,1507
GMFBS,2026-06-19,1251.0,1250.0,332
SANVI,2026-06-19,681.0,680.0,6571
GVL,2026-06-19,484.0,483.5,12913
ADBLD83,2026-06-19,1083.0,1083.0,50
RNLI,2026-06-19,458.5,459.0,17620
SHLB,2026-06-19,1420.0,1460.0,690
GILB,2026-06-19,1100.1,1124.0,1055
NICAD2091,2026-06-19,1045.3,1045.3,25
SIGS2,2026-06-19,10.8,10.8,200
SONA,2026-06-19,430.1,429.9,15493
HLBSL,2026-06-19,860.1,895.0,1409
LICN,2026-06-19,847.3,809.9,16666
CSY,2026-06-19,9.1,9.3,41400
NBF3,2026-06-19,9.94,9.95,63940
PMLIP,2026-06-19,255.0,255.0,130442
MBLEF,2026-06-19,10.2,10.1,2800
LSL,2026-06-19,218.0,218.0,64574
SMJC,2026-06-19,455.0,452.0,6306
KBL,2026-06-19,210.4,212.0,115955
PRSF,2026-06-19,12.71,12.61,398700
NUBL,2026-06-19,646.0,646.0,996
NLIC,2026-06-19,796.9,759.0,14613
NGPL,2026-06-19,445.0,423.1,48788
USHL,2026-06-19,590.2,593.0,3023
SMATA,2026-06-19,757.0,760.0,2310
JBLB,2026-06-19,1264.0,1265.0,2741
NBL,2026-06-19,265.7,265.3,37753
MSHL,2026-06-19,666.0,679.9,121
MANDU,2026-06-19,826.1,830.0,800
CORBL,2026-06-19,1711.2,1715.0,7302
TPC,2026-06-19,365.0,366.0,15736
MEHL,2026-06-19,356.4,358.0,2271
BHL,2026-06-19,215.0,214.7,44369
SAHAS,2026-06-19,697.2,662.6,52464
NICFC,2026-06-19,9.39,9.32,14450
BPCL,2026-06-19,704.5,670.0,10718
RAWA,2026-06-19,459.0,484.0,113928
BEDC,2026-06-19,363.9,360.0,54811
USHEC,2026-06-19,497.0,498.0,7515
RSY,2026-06-19,10.18,10.25,2100
SLBBL,2026-06-19,820.0,819.9,6998
SMPDA,2026-06-19,838.0,814.9,3798
PSF,2026-06-19,12.01,12.2,288200
DLBS,2026-06-19,1240.0,1255.6,130
MNMF1,2026-06-19,9.77,9.86,1700
AKJCL,2026-06-19,381.0,377.3,514715
NSY,2026-06-19,9.45,9.66,5950
LBBL,2026-06-19,490.8,486.0,13061
SCB,2026-06-19,648.7,649.1,12222
TSHL,2026-06-19,528.0,528.1,1368
MLBS,2026-06-19,1200.0,1228.9,785
PCBL,2026-06-19,233.9,235.5,52013
TTL,2026-06-19,794.0,795.0,9608
PBLD87,2026-06-19,1100.0,1095.0,50
NRIC,2026-06-19,975.0,968.0,38289
LUK,2026-06-19,10.0,10.0,11300
CYCL,2026-06-19,1390.2,1429.6,813
SGHC,2026-06-19,354.0,357.0,5659
APHL,2026-06-19,836.0,916.0,1380
SBL,2026-06-19,390.0,394.0,51314
GBIMESY2,2026-06-19,9.4,9.51,1100
JBBL,2026-06-19,349.0,346.0,34317
AHPC,2026-06-19,273.0,272.5,29888
SLCF,2026-06-19,9.9,10.1,13920
DDBL,2026-06-19,835.0,836.0,6612
CBLD88,2026-06-19,1180.0,1175.3,17
OMPL,2026-06-19,1111.0,1114.0,4000
RLEL,2026-06-19,894.7,910.0,6632
CBBL,2026-06-19,911.0,912.5,11568
MKHC,2026-06-19,318.1,315.5,7735
GHL,2026-06-19,230.0,229.1,15028
AHL,2026-06-19,454.0,470.0,3325
ACLBSL,2026-06-19,938.0,950.6,688
ALICL,2026-06-19,442.0,444.0,6231
NMLBBL,2026-06-19,605.0,576.0,6002
UNLB,2026-06-19,1365.9,1369.0,185
SGIC,2026-06-19,473.0,478.0,6363
BNHC,2026-06-19,321.4,325.7,437
SADBL,2026-06-19,406.0,408.0,22587
KPCL,2026-06-19,487.0,486.1,7172
PURE,2026-06-19,888.4,889.0,3138
UNL,2026-06-19,47399.9,47399.9,2
CIZBD90,2026-06-19,1258.0,1203.0,10355
API,2026-06-19,344.0,343.0,185863
GBLBS,2026-06-19,775.9,771.5,825
H8020,2026-06-19,11.96,11.96,1350
SMH,2026-06-19,577.0,571.5,2812
GBBD85,2026-06-19,1102.0,1085.1,40025
MMF1,2026-06-19,9.58,9.45,35590
NABBC,2026-06-19,822.5,828.0,20184
PRIN,2026-06-19,743.4,703.0,9210
BBC,2026-06-19,4285.0,4285.0,496
CHDC,2026-06-19,2259.9,2237.9,1792
SBCF,2026-06-19,9.66,9.77,11501
SIGS3,2026-06-19,11.0,10.51,1001170
SEF,2026-06-19,10.3,10.3,200
MCHL,2026-06-19,320.0,318.0,8160
GRDBL,2026-06-19,1061.7,1069.9,7362
RLFL,2026-06-19,437.0,490.8,113279
NABIL,2026-06-19,536.0,531.0,37753
NYADI,2026-06-19,385.2,395.0,6016
RBCLPO,2026-06-19,11552.0,11550.0,50
PROFL,2026-06-19,469.2,450.0,8507
MLBBL,2026-06-19,1170.0,1169.0,787
SAPDBL,2026-06-19,820.0,819.9,15380
SKHEL,2026-06-19,1104.0,1129.0,4448
MFIL,2026-06-19,730.0,777.0,19001
BUNGAL,2026-06-19,843.6,777.4,148991
NRN,2026-06-19,1405.0,1404.0,51874
PCIL,2026-06-19,730.0,719.0,34513
MERO,2026-06-19,710.0,719.9,2890
SPL,2026-06-19,710.0,693.9,934
RMF1,2026-06-19,10.05,9.81,600
KBLD90,2026-06-19,1259.8,1259.8,50000
UNHPL,2026-06-19,400.0,405.2,13476
HFIN,2026-06-19,815.0,815.3,19548
DOLTI,2026-06-19,364.0,364.9,53718
KKHC,2026-06-19,255.0,252.8,24985
MAKAR,2026-06-19,482.1,488.0,895
SHIVM,2026-06-19,651.0,644.2,98640
BARUN,2026-06-19,335.0,333.9,14469
PPCL,2026-06-19,384.3,366.9,6890
NIMBPO,2026-06-19,148.0,144.2,4124
TVCL,2026-06-19,500.0,492.0,6867
SPDL,2026-06-19,390.0,389.0,11285
NFS,2026-06-19,596.0,604.0,13730
BHDC,2026-06-19,450.4,454.0,8107
ULBSL,2026-06-19,2847.1,2836.0,253
SIFC,2026-06-19,560.0,559.0,10540
SOPL,2026-06-19,950.0,1060.0,190900
SABBL,2026-06-19,1020.0,1030.1,8282
VLBS,2026-06-19,732.0,724.0,2610
GBILD84/85,2026-06-19,1129.7,1129.7,290000
DHPL,2026-06-19,307.0,299.0,2177
BNT,2026-06-19,11740.0,11899.9,57
NWCL,2026-06-19,735.0,768.4,1360
CITY,2026-06-19,433.6,413.5,201704
MHL,2026-06-19,498.0,493.5,2482
OHL,2026-06-19,686.0,687.8,983
NBLD85,2026-06-19,1074.6,1050.0,80125
LLBS,2026-06-19,953.0,950.0,150
ILI,2026-06-19,432.0,432.8,8516
HBL,2026-06-19,196.0,196.0,17160
MBL,2026-06-19,248.0,247.5,52168
JHAPA,2026-06-19,1305.0,1300.7,9426
SANIMA,2026-06-19,377.8,359.0,72922
MKCL,2026-06-19,1179.0,1150.0,3946
NIMB,2026-06-19,204.9,195.7,71455
NABILD2089,2026-06-19,1092.0,1124.7,35
MNBBL,2026-06-19,372.0,371.5,30138
MKJC,2026-06-19,490.0,484.6,2421
SOHL,2026-06-19,609.0,655.3,133448
BANDIPUR,2026-06-19,807.9,810.5,15587
MKHL,2026-06-19,505.0,507.0,7999
BHCL,2026-06-19,510.2,547.6,32379
NICGF2,2026-06-19,9.55,9.55,15900
SPC,2026-06-19,464.0,452.3,1047
NHPC,2026-06-19,295.0,280.3,225907
GSY,2026-06-19,9.63,10.0,7820
MPFL,2026-06-19,610.0,612.0,10824
MHNL,2026-06-19,245.9,257.0,9338
MLBSL,2026-06-19,1750.0,1764.0,353
CLI,2026-06-19,450.2,452.0,13767
SPIL,2026-06-19,712.1,722.0,629
RBBD2088,2026-06-19,1082.2,1082.2,29011
EBLD91,2026-06-19,1137.8,1090.0,50075
SHL,2026-06-19,498.0,494.0,13969
KEF,2026-06-19,10.72,10.75,2600
SMHL,2026-06-19,495.0,486.0,13804
HDHPC,2026-06-19,220.0,217.2,100976
JSLBB,2026-06-19,1057.1,1067.0,1451
NHDL,2026-06-19,634.0,636.5,6528
ULHC,2026-06-19,423.0,420.9,7644
SHPC,2026-06-19,505.1,508.0,34672
HRL,2026-06-19,630.0,630.0,51618
ALBSL,2026-06-19,1070.0,1097.9,15624
NMFBS,2026-06-19,1110.3,1120.1,9102
KHPL,2026-06-19,989.1,998.0,15157
NICSF,2026-06-19,9.22,9.23,4150
SBLD84,2026-06-19,1067.3,1067.3,9754
USLB,2026-06-19,1227.2,1259.8,1061
NRM,2026-06-19,335.0,331.6,17517
SJCL,2026-06-19,285.0,284.5,8140
EHPL,2026-06-19,392.0,391.0,4269
NICL,2026-06-19,536.0,538.0,19550
NICLBSL,2026-06-19,565.1,570.0,1705
NLICL,2026-06-19,576.2,583.0,9424
CHL,2026-06-19,279.0,278.0,7347
MBJC,2026-06-19,282.29,282.0,17914
NIL,2026-06-19,640.0,639.9,2025
TRH,2026-06-19,770.0,765.7,2216
GUFL,2026-06-19,564.9,555.0,8383
IHL,2026-06-19,392.0,392.0,8372
PHCL,2026-06-19,312.0,310.2,73933
SKHL,2026-06-19,942.5,955.0,32681
MMKJL,2026-06-19,517.6,494.8,3923
SHINE,2026-06-19,410.0,409.9,14959
SFCL,2026-06-19,380.9,373.4,7471
KSY,2026-06-19,9.66,9.9,2400
LVF2,2026-06-19,9.87,9.87,450
BNL,2026-06-19,14679.1,15200.0,20
KBLD86,2026-06-19,1236.0,1236.0,10
SINDU,2026-06-19,747.1,732.3,4472
HIMSTAR,2026-06-19,823.2,833.8,1771
NIBLGF,2026-06-19,9.35,9.35,2020
SBI,2026-06-19,387.1,394.0,12502
CIZBD86,2026-06-19,1145.0,1145.0,1
EBLD86,2026-06-19,1100.0,1100.0,105
BHPL,2026-06-19,548.6,523.9,3692
SDBD87,2026-06-19,1125.0,1125.0,25
KBLD89,2026-06-19,1260.0,1260.0,1000
RHPL,2026-06-19,269.0,268.1,9138
HDL,2026-06-19,1154.0,1151.0,15403
NSIF2,2026-06-19,10.53,10.6,50810
BJHL,2026-06-19,869.0,887.0,21008
NABILD87,2026-06-19,1157.9,1157.9,33708
SICL,2026-06-19,624.0,624.8,2256
KDL,2026-06-19,816.2,814.0,1310
WNLB,2026-06-19,1366.0,1404.0,170
FMDBL,2026-06-19,785.0,776.5,5745
AKPL,2026-06-19,260.1,263.2,27451
NBF2,2026-06-19,9.95,10.1,6800
NIBSF2,2026-06-19,9.1,9.27,14600
PRVU,2026-06-19,193.3,193.7,48358
SAGAR,2026-06-19,1665.0,1660.0,3819
SBD87,2026-06-19,1137.5,1137.5,20000
SWASTIK,2026-06-19,2210.0,2277.2,715
LEC,2026-06-19,220.0,218.5,56091
RURU,2026-06-19,642.1,646.5,6811
UMHL,2026-06-19,602.0,618.5,233033
GLH,2026-06-19,264.0,262.3,12924
SJLIC,2026-06-19,424.0,425.5,13506
SSHL,2026-06-19,212.0,206.0,99303
ICFC,2026-06-19,627.0,623.0,3285
SWMF,2026-06-19,652.0,651.6,1392
SIPD,2026-06-19,720.0,728.0,13271
UHEWA,2026-06-19,625.0,645.0,99560
JFL,2026-06-19,390.0,405.2,5665
NBLD87,2026-06-19,1144.3,1144.3,117068
TAMOR,2026-06-19,449.0,452.9,51252
C30MF,2026-06-19,10.0,10.05,277200
PMHPL,2026-06-19,332.0,335.0,6140
NIBLSTF,2026-06-19,9.3,9.12,7070
HPPL,2026-06-19,371.0,367.0,15080
NMBHF2,2026-06-19,9.7,9.71,31740
SNLI,2026-06-19,448.0,443.8,13935
RMF2,2026-06-19,10.2,10.2,400
CHCL,2026-06-19,508.2,487.0,26489
GCIL,2026-06-19,375.2,375.0,15008
SMB,2026-06-19,1750.0,1910.0,17489
EDBL,2026-06-19,584.9,571.5,3335
ICFCD88,2026-06-19,1140.0,1140.0,10
GIBF1,2026-06-19,10.54,10.59,1250
HHL,2026-06-19,359.1,352.8,23024
PFL,2026-06-19,366.0,370.0,7118
CFCL,2026-06-19,594.0,629.9,128671
JBBD87,2026-06-19,1109.7,1109.7,25
PBD88,2026-06-19,1215.0,1215.0,25
GMFIL,2026-06-19,471.2,479.8,16506
NIBD84,2026-06-19,1055.8,1055.8,50
NICA,2026-06-19,349.7,337.8,70436
NADEP,2026-06-19,750.0,755.0,715
RBCL,2026-06-19,14521.0,14500.0,176
CREST,2026-06-19,1279.0,1258.0,6659
SFMF,2026-06-19,11.01,11.01,1000
GBILD86/87,2026-06-19,1141.8,1141.8,290000
IGI,2026-06-19,455.0,449.8,2489
SARBTM,2026-06-19,831.0,831.0,4118
KDBY,2026-06-19,11.13,11.24,901850
CREST,2026-06-18,1328.1,1259.9,4356
SANIMA,2026-06-18,359.5,359.9,31367
NRIC,2026-06-18,1001.0,974.0,56050
CLI,2026-06-18,451.2,453.0,2482
CYCL,2026-06-18,1425.0,1425.0,1588
GCIL,2026-06-18,386.7,377.0,28614
GFCL,2026-06-18,594.8,633.0,9883
SIKLES,2026-06-18,580.0,583.9,6156
KSY,2026-06-18,9.65,9.83,900
SAHAS,2026-06-18,695.0,664.0,55858
PHCL,2026-06-18,315.0,313.1,80074
UPCL,2026-06-18,360.0,360.1,20151
NWCL,2026-06-18,770.0,770.3,2889
SFCL,2026-06-18,385.0,375.0,4181
MKHC,2026-06-18,315.5,318.5,14268
PMHPL,2026-06-18,335.0,332.0,7475
GLH,2026-06-18,269.0,264.0,14493
MKCL,2026-06-18,1192.0,1182.0,1892
MEHL,2026-06-18,356.1,356.4,7141
RAWA,2026-06-18,502.0,483.0,67332
SPL,2026-06-18,712.0,699.0,564
SGHC,2026-06-18,352.1,354.0,5061
KPCL,2026-06-18,492.5,484.5,3721
NIFRA,2026-06-18,257.5,256.5,45354
MLBSL,2026-06-18,1810.0,1745.0,635
GBIMESY2,2026-06-18,9.2,9.33,1700
SBID89,2026-06-18,1141.0,1138.18,25
RSDC,2026-06-18,656.5,660.0,2167
EBLD91,2026-06-18,1090.0,1090.0,25
SONA,2026-06-18,430.0,429.3,15724
BJHL,2026-06-18,809.0,860.0,25262
JBLB,2026-06-18,1270.0,1263.0,3010
EDBL,2026-06-18,577.0,578.9,1321
NICGF2,2026-06-18,9.22,9.5,9508
BNT,2026-06-18,11850.0,11898.9,40
BNHC,2026-06-18,320.1,325.0,5071
RLEL,2026-06-18,901.1,905.0,4634
MKJC,2026-06-18,480.0,485.0,4004
KDL,2026-06-18,806.1,816.1,160
BBC,2026-06-18,4270.0,4254.0,348
GMFIL,2026-06-18,471.3,477.0,9835
HIDCLP,2026-06-18,192.0,196.0,109542
KHPL,2026-06-18,995.0,1010.0,26798
NICL,2026-06-18,539.9,531.0,22503
UAIL,2026-06-18,470.0,470.4,10019
ILBS,2026-06-18,905.0,909.0,929
UMHL,2026-06-18,586.0,608.0,382108
LICN,2026-06-18,812.0,807.0,7018
PBLD84,2026-06-18,1103.9,1154.0,20965
SIFC,2026-06-18,550.0,553.9,8732
RMF1,2026-06-18,10.0,10.05,5135
TPC,2026-06-18,371.9,365.7,7595
MSHL,2026-06-18,667.5,680.0,452
SINDU,2026-06-18,698.3,730.0,2910
KBSH,2026-06-18,1481.2,1485.0,113
KEF,2026-06-18,11.3,11.0,22896
KBLD89,2026-06-18,1280.0,1280.0,12
UPPER,2026-06-18,210.0,199.7,56890
MLBBL,2026-06-18,1184.0,1170.0,516
PRSF,2026-06-18,12.77,12.8,118307
SLCF,2026-06-18,10.37,10.2,30467
MERO,2026-06-18,719.9,713.0,2729
ADBLD83,2026-06-18,1055.0,1055.0,50
MHL,2026-06-18,503.9,492.1,7170
NYADI,2026-06-18,396.0,397.0,2080
HATHY,2026-06-18,765.0,765.0,3707
GRDBL,2026-06-18,1070.0,1077.0,7446
SHPC,2026-06-18,505.4,503.8,26480
SWBBL,2026-06-18,733.0,734.0,7749
SMFBS,2026-06-18,1505.0,1486.0,854
DLBS,2026-06-18,1230.0,1256.1,485
CHCL,2026-06-18,482.0,484.0,28058
HFIN,2026-06-18,815.1,820.0,25099
ILI,2026-06-18,428.9,432.0,5087
SMHL,2026-06-18,495.0,492.9,22120
MHNL,2026-06-18,256.2,258.8,5044
PBLD87,2026-06-18,1095.0,1095.0,50
MBL,2026-06-18,248.0,248.0,15920
BEDC,2026-06-18,375.0,365.5,67618
NBF2,2026-06-18,10.0,10.2,850
SHINE,2026-06-18,409.0,406.9,8070
SPHL,2026-06-18,588.4,599.7,24694
ANLB,2026-06-18,5580.0,6603.0,1107
GILB,2026-06-18,1111.0,1112.2,473
JFL,2026-06-18,415.0,408.9,6150
NMFBS,2026-06-18,1130.0,1124.0,3395
NBL,2026-06-18,254.0,265.7,29487
EBLEB89,2026-06-18,1065.0,1065.0,25
GHL,2026-06-18,232.0,230.0,42040
USLB,2026-06-18,1230.5,1249.0,551
NUBL,2026-06-18,649.8,645.0,2128
NMB,2026-06-18,230.0,242.9,26596
SPC,2026-06-18,450.0,455.0,1169
NICD83/84,2026-06-18,1050.0,1050.0,25
RSY,2026-06-18,10.21,10.22,5060
PCIL,2026-06-18,740.0,740.0,27384
UNLB,2026-06-18,1350.0,1368.8,166
HIMSTAR,2026-06-18,830.0,837.9,1649
NTC,2026-06-18,848.6,849.0,6115
NICAD85/86,2026-06-18,1264.0,1264.0,200
MBLEF,2026-06-18,9.93,10.15,175700
RHPL,2026-06-18,265.0,269.4,12451
PMLI,2026-06-18,460.0,464.0,5906
HHL,2026-06-18,365.8,357.8,17302
RNLI,2026-06-18,457.3,458.7,8074
CORBL,2026-06-18,1750.0,1735.0,6019
NMB50,2026-06-18,10.7,10.7,1500
VLBS,2026-06-18,730.0,732.0,2365
SMJC,2026-06-18,460.0,454.1,14800
SBID83,2026-06-18,1061.0,1061.0,25
SNLI,2026-06-18,449.0,444.1,26602
NSIF2,2026-06-18,10.8,10.81,2400
CITY,2026-06-18,402.3,413.0,181547
C30MF,2026-06-18,10.25,10.24,144461
CMF2,2026-06-18,10.2,10.09,1910
RURU,2026-06-18,646.0,645.0,2493
NABILD2089,2026-06-18,1092.0,1124.7,15
SWMF,2026-06-18,658.9,655.0,1296
UMRH,2026-06-18,535.0,535.1,2771
NIBSF2,2026-06-18,9.03,9.1,4800
HDL,2026-06-18,1155.0,1152.1,15769
SBCF,2026-06-18,9.8,9.95,1800
RMF2,2026-06-18,10.2,10.3,4700
GBBL,2026-06-18,414.9,410.0,9470
PURE,2026-06-18,910.0,892.0,5520
PPL,2026-06-18,332.5,347.1,12302
AHPC,2026-06-18,272.4,273.0,31535
SPDL,2026-06-18,409.5,387.0,17351
NBLD82,2026-06-18,1060.0,1080.0,30304
NBLD85,2026-06-18,1045.9,1053.4,60
TRH,2026-06-18,770.0,770.0,658
SHIVM,2026-06-18,646.0,647.1,120221
MAKAR,2026-06-18,480.2,488.0,1263
VLUCL,2026-06-18,470.0,477.0,2192
JOSHI,2026-06-18,280.0,279.0,2705
NICA,2026-06-18,336.0,333.1,40859
NLICL,2026-06-18,578.0,580.0,1706
CBLD88,2026-06-18,1210.0,1210.0,100
ICFC,2026-06-18,629.9,626.9,3104
JBBL,2026-06-18,351.0,347.0,25192
FOWAD,2026-06-18,1012.0,1007.0,2890
HURJA,2026-06-18,247.0,245.0,29344
ULHC,2026-06-18,437.5,423.0,7715
MNBBLP,2026-06-18,236.2,236.2,12005
NMBMF,2026-06-18,635.0,635.3,229
NICAD2091,2026-06-18,1050.0,1050.0,25
GMFBS,2026-06-18,1245.0,1262.0,28
SANVI,2026-06-18,690.0,680.9,5585
HPPL,2026-06-18,370.0,371.0,26816
RIDI,2026-06-18,349.0,344.0,140339
NFS,2026-06-18,614.0,595.0,12481
DHPL,2026-06-18,315.0,299.9,1496
NRM,2026-06-18,338.0,335.0,8074
UNHPL,2026-06-18,409.0,405.8,26379
HLICF,2026-06-18,8.76,8.82,3200
LVF2,2026-06-18,9.85,10.14,2200
LUK,2026-06-18,10.0,10.0,100
CKHL,2026-06-18,629.3,642.0,740
AHL,2026-06-18,474.0,477.0,5986
ICFCD88,2026-06-18,1115.5,1115.5,25
SIGS2,2026-06-18,11.06,11.06,1206
BANDIPUR,2026-06-18,800.0,811.0,10416
GBIME,2026-06-18,238.0,240.5,92241
SGIC,2026-06-18,479.1,480.9,18810
PBD88,2026-06-18,1179.3,1201.0,51
RBCLPO,2026-06-18,11700.0,11700.0,28
ULBSL,2026-06-18,2825.0,2838.0,760
ICFCD89,2026-06-18,1087.2,1087.2,25
NICFC,2026-06-18,9.39,9.39,2100
SOPL,2026-06-18,848.0,929.7,1730
SAGF,2026-06-18,10.0,10.2,500
SBL,2026-06-18,414.6,394.0,313284
ALBSL,2026-06-18,1043.0,1097.8,2918
MMF1,2026-06-18,9.45,9.58,33464
GUFL,2026-06-18,551.1,552.0,6265
SADBL,2026-06-18,412.0,410.0,12856
GSY,2026-06-18,9.7,9.9,2500
HLI,2026-06-18,334.0,335.0,17356
NABBC,2026-06-18,852.7,838.0,4795
NICLBSL,2026-06-18,566.0,570.0,2794
NADEP,2026-06-18,749.0,749.0,1671
SOHL,2026-06-18,639.0,640.9,45198
SFEF,2026-06-18,10.1,10.1,300
MNMF1,2026-06-18,9.76,9.98,2900
KSBBL,2026-06-18,492.0,482.0,12686
NLIC,2026-06-18,759.0,759.0,24217
SWASTIK,2026-06-18,2216.0,2230.0,311
HIDCL,2026-06-18,260.0,260.4,28866
CHL,2026-06-18,285.0,280.0,46976
MCHL,2026-06-18,343.3,320.0,8332
SBLD2091,2026-06-18,1076.0,1076.0,25
CIT,2026-06-18,1733.0,1730.1,4742
NCCD86,2026-06-18,1210.0,1210.0,88
SBLD84,2026-06-18,1047.5,1047.5,50
SJLIC,2026-06-18,427.0,426.0,7485
SAGAR,2026-06-18,1700.0,1666.0,2941
MDB,2026-06-18,603.0,595.0,6281
MATRI,2026-06-18,860.0,885.0,122
BHCL,2026-06-18,541.0,537.0,17134
MSLB,2026-06-18,1215.0,1224.0,668
API,2026-06-18,343.7,342.0,145538
SBID2090,2026-06-18,1166.0,1166.0,16085
NHPC,2026-06-18,280.1,281.0,229727
CHDC,2026-06-18,2221.0,2210.0,63957
SARBTM,2026-06-18,844.0,832.0,9718
NLG,2026-06-18,649.0,612.0,6673
CZBIL,2026-06-18,198.1,198.0,14433
PCBL,2026-06-18,225.0,236.3,18640
MABEL,2026-06-18,695.0,706.0,6952
UHEWA,2026-06-18,630.0,635.0,74648
BNL,2026-06-18,15133.0,15133.0,10
MBLD87,2026-06-18,1107.0,1107.0,5
SALICO,2026-06-18,612.0,617.6,2686
LSL,2026-06-18,217.3,219.0,84752
KMCDB,2026-06-18,835.0,837.0,1620
NESDO,2026-06-18,1525.0,1525.0,1227
LEC,2026-06-18,220.0,219.0,36231
NRN,2026-06-18,1499.4,1399.0,50365
DOLTI,2026-06-18,372.0,363.0,79660
NIBLGF,2026-06-18,9.35,9.5,8720
IGI,2026-06-18,450.0,451.0,5177
TSHL,2026-06-18,526.0,529.1,80
NMLBBL,2026-06-18,575.1,576.8,4371
AKPL,2026-06-18,269.0,265.0,65911
SKHL,2026-06-18,940.0,942.5,11201
IHL,2026-06-18,393.4,395.9,8810
SCB,2026-06-18,615.0,648.8,6832
HLBSL,2026-06-18,880.0,883.9,630
RFPL,2026-06-18,359.0,360.0,10267
SMH,2026-06-18,575.0,570.0,3014
NIBLSTF,2026-06-18,9.35,9.33,9160
AVYAN,2026-06-18,997.5,1049.9,801
NMBHF2,2026-06-18,9.64,9.73,32810
SAIL,2026-06-18,1075.0,1023.0,10313
EHPL,2026-06-18,416.8,392.8,12645
SABBL,2026-06-18,1035.8,1065.0,6872
NICSF,2026-06-18,9.3,9.3,7150
CBBL,2026-06-18,911.0,912.5,10266
MFLD85,2026-06-18,1102.0,1102.0,30
SHLB,2026-06-18,1445.0,1442.0,50
MEN,2026-06-18,585.6,590.0,36726
KKHC,2026-06-18,255.9,253.0,23937
BHDC,2026-06-18,451.0,453.3,7932
PSF,2026-06-18,12.16,12.14,7700
JSLBB,2026-06-18,1059.0,1061.0,300
NMBD2085,2026-06-18,1160.0,1160.0,25
OMPL,2026-06-18,1131.0,1133.0,7282
GBLBS,2026-06-18,767.0,772.0,3017
NGPL,2026-06-18,449.9,424.0,92554
DDBL,2026-06-18,845.0,835.0,4222
MHCL,2026-06-18,343.5,344.0,15331
SRLI,2026-06-18,390.0,390.0,12160
MMKJL,2026-06-18,498.0,493.0,880
EBL,2026-06-18,695.0,695.6,37630
SPIL,2026-06-18,724.4,716.4,1517
SIGS3,2026-06-18,10.85,11.01,10400
SJCL,2026-06-18,289.0,285.6,2784
SMB,2026-06-18,1715.0,1751.0,3369
USHEC,2026-06-18,493.0,496.5,9320
LLBS,2026-06-18,942.0,950.0,1925
BFC,2026-06-18,490.0,504.0,24304
RLFL,2026-06-18,455.0,459.9,13939
SYPNL,2026-06-18,1375.6,1440.0,33697
SBI,2026-06-18,373.0,393.4,88211
SHEL,2026-06-18,308.0,307.8,50347
MBJC,2026-06-18,280.2,282.5,12800
DORDI,2026-06-18,266.0,266.5,5981
FMDBL,2026-06-18,770.6,776.0,6139
ACLBSL,2026-06-18,944.2,957.7,350
SHL,2026-06-18,492.3,494.8,35377
NMIC,2026-06-18,1013.1,1015.0,4712
RBCL,2026-06-18,14700.0,14790.0,70
DHEL,2026-06-18,613.1,622.0,7590
AKJCL,2026-06-18,416.7,381.0,829827
PPCL,2026-06-18,374.0,366.0,5166
SMATA,2026-06-18,769.9,763.0,891
CSY,2026-06-18,9.0,9.25,3150
MLBS,2026-06-18,1237.9,1231.0,312
BHL,2026-06-18,215.0,215.0,52219
RHGCL,2026-06-18,281.0,282.0,8412
BUNGAL,2026-06-18,777.1,888.0,161716
NSY,2026-06-18,9.79,9.5,2850
CFCL,2026-06-18,611.3,625.2,110155
TAMOR,2026-06-18,449.0,450.9,78701
SMPDA,2026-06-18,838.0,822.2,1954
APHL,2026-06-18,700.0,796.6,398
KDBY,2026-06-18,11.2,11.23,55000
HBL,2026-06-18,196.0,196.0,18322
SICL,2026-06-18,625.6,624.0,7552
NIMBD90,2026-06-18,1204.0,1205.0,75
SLBSL,2026-06-18,1209.0,1195.0,905
STC,2026-06-18,5280.0,5271.0,180
MLBL,2026-06-18,360.0,357.6,13856
PBD84,2026-06-18,1079.0,1079.0,25
SAPDBL,2026-06-18,810.0,807.0,18433
NIFRAGED,2026-06-18,1039.2,1039.2,50
PFL,2026-06-18,374.0,373.9,3251
JHAPA,2026-06-18,1370.0,1308.0,7853
GIBF1,2026-06-18,10.79,10.61,1300
SLBBL,2026-06-18,815.0,817.9,2540
PROFL,2026-06-18,448.0,446.9,3876
TTL,2026-06-18,796.0,794.0,6140
SSHL,2026-06-18,209.5,208.5,70770
GMLI,2026-06-18,1266.0,1278.9,3283
BGWT,2026-06-18,682.5,650.8,1555
KBL,2026-06-18,209.8,210.4,117096
HDHPC,2026-06-18,220.0,217.9,105932
MPFL,2026-06-18,610.0,613.0,6491
RBBF40,2026-06-18,9.4,9.52,2200
NIFRAUR85/86,2026-06-18,1065.0,1060.0,50
H8020,2026-06-18,11.63,12.32,1100
SKHEL,2026-06-18,1085.0,1118.0,2363
HEI,2026-06-18,569.8,549.0,19580
USHL,2026-06-18,590.2,594.0,3250
JBBD87,2026-06-18,1119.0,1118.0,75
MNBBL,2026-06-18,373.9,371.5,6663
BHPL,2026-06-18,554.4,522.5,3138
NBF3,2026-06-18,10.05,9.95,34400
NIL,2026-06-18,663.0,640.0,5473
OHL,2026-06-18,693.0,699.9,1593
NHDL,2026-06-18,648.0,634.0,4794
PRVU,2026-06-18,194.0,193.3,53852
MEL,2026-06-18,235.0,237.9,9641
SEF,2026-06-18,10.9,10.41,49175
SIPD,2026-06-18,730.0,720.0,22121
MFIL,2026-06-18,764.0,768.0,55136
LBBL,2026-06-18,485.4,485.0,29682
PRIN,2026-06-18,700.5,708.0,14920
NIMBPO,2026-06-18,147.0,146.1,1010
HRL,2026-06-18,632.0,630.2,38234
WNLB,2026-06-18,1420.0,1405.0,222
RADHI,2026-06-18,780.0,738.0,43219
BPCL,2026-06-18,650.0,671.0,25745
BARUN,2026-06-18,336.9,334.0,36220
TVCL,2026-06-18,540.7,506.0,12334
ENL,2026-06-18,865.0,874.6,319
MANDU,2026-06-18,829.0,826.1,1625
ADBL,2026-06-18,293.0,309.0,8649
CGH,2026-06-18,780.0,784.0,4916
SKBBL,2026-06-18,760.1,759.8,5116
GVL,2026-06-18,480.0,484.0,5013
NABIL,2026-06-18,505.4,532.0,23502
GLBSL,2026-06-18,1762.0,1760.0,73
RSML,2026-06-18,3331.0,3350.0,14771
MKHL,2026-06-18,500.0,505.0,28999
ALICL,2026-06-18,442.0,444.1,4851
NIMB,2026-06-18,200.0,195.2,83902
LUK,2026-06-17,9.9,9.87,800
SMHL,2026-06-17,469.0,492.3,23250
NICSF,2026-06-17,9.4,9.3,9789
ANLB,2026-06-17,5707.0,5868.0,128
SMJC,2026-06-17,453.1,460.0,25609
DHPL,2026-06-17,315.0,300.0,2840
LBBL,2026-06-17,463.0,486.0,28831
SANVI,2026-06-17,703.4,688.0,5000
NMLBBL,2026-06-17,580.0,578.0,2806
ULHC,2026-06-17,426.0,428.0,7636
PPCL,2026-06-17,387.2,365.0,20753
LICN,2026-06-17,806.1,808.9,4971
TPC,2026-06-17,365.0,365.3,16230
PRSF,2026-06-17,12.72,12.77,170600
USHEC,2026-06-17,502.5,501.1,11411
SHLB,2026-06-17,1440.1,1470.0,110
SMFBS,2026-06-17,1501.9,1497.0,59
TRH,2026-06-17,734.0,773.1,2006
MSLB,2026-06-17,1221.0,1223.3,755
NHDL,2026-06-17,628.0,632.0,2999
KBLD86,2026-06-17,1144.1,1200.0,60
PPL,2026-06-17,330.6,350.0,31646
MERO,2026-06-17,713.1,719.9,2512
GUFL,2026-06-17,567.0,550.0,7735
JHAPA,2026-06-17,1315.0,1311.0,8872
VLUCL,2026-06-17,484.9,484.0,3218
SNLI,2026-06-17,445.4,446.5,9453
ILBS,2026-06-17,900.3,916.9,136
KEF,2026-06-17,10.74,10.85,3650
JBLB,2026-06-17,1260.0,1270.0,2190
BARUN,2026-06-17,336.3,335.0,32750
ULBSL,2026-06-17,2850.0,2853.0,310
SGIC,2026-06-17,481.0,482.3,12720
RMF2,2026-06-17,10.0,10.2,300
MLBSL,2026-06-17,1757.0,1769.9,996
HLI,2026-06-17,335.6,335.4,28805
SKHL,2026-06-17,926.0,940.0,13761
SHPC,2026-06-17,509.0,504.4,40534
SPIL,2026-06-17,711.8,724.4,1027
RMF1,2026-06-17,10.09,9.81,3635
HRL,2026-06-17,658.0,632.0,49120
UMHL,2026-06-17,565.0,585.6,52599
AHL,2026-06-17,479.0,478.9,14931
PBD85,2026-06-17,1069.2,1075.0,55
MFIL,2026-06-17,731.0,766.2,25523
MBJC,2026-06-17,280.2,283.0,14178
ICFCD88,2026-06-17,1150.0,1150.0,25
MEHL,2026-06-17,363.0,359.0,1720
NSIF2,2026-06-17,10.8,10.7,14948
SICL,2026-06-17,628.0,628.4,6628
HEIP,2026-06-17,328.0,319.0,1020
NIL,2026-06-17,661.0,648.0,1782
DORDI,2026-06-17,270.0,268.5,17550
FOWAD,2026-06-17,970.0,1015.0,3771
SIKLES,2026-06-17,588.0,580.0,12098
PMHPL,2026-06-17,330.0,334.0,5224
APHL,2026-06-17,620.4,692.7,250
NRM,2026-06-17,335.0,337.0,14466
PBD88,2026-06-17,1190.0,1145.0,10025
EBLD85,2026-06-17,1151.0,1180.0,150
PBLD87,2026-06-17,1099.0,1095.0,75
CFCL,2026-06-17,622.0,617.0,270479
EBL,2026-06-17,698.0,697.0,23597
NMBHF2,2026-06-17,9.51,9.64,7620
RBCL,2026-06-17,14606.6,14700.0,137
KKHC,2026-06-17,259.7,255.9,17365
PHCL,2026-06-17,316.1,318.6,34595
DDBL,2026-06-17,842.0,835.0,5861
NIMB,2026-06-17,205.1,195.5,98933
BHL,2026-06-17,220.0,216.0,65703
GCIL,2026-06-17,389.0,386.7,12786
SJLIC,2026-06-17,428.5,427.9,15377
SPL,2026-06-17,665.1,699.0,1637
SLBSL,2026-06-17,1200.0,1208.0,1123
SLCF,2026-06-17,10.21,10.07,20655
NLIC,2026-06-17,797.0,759.0,20163
CREST,2026-06-17,1240.0,1264.9,13159
WNLB,2026-06-17,1400.0,1420.0,186
MLBL,2026-06-17,361.7,362.0,16732
ILI,2026-06-17,428.1,432.0,5199
RADHI,2026-06-17,740.0,742.9,37147
SPDL,2026-06-17,407.0,390.0,25243
SANIMA,2026-06-17,362.0,360.0,28139
HIMSTAR,2026-06-17,830.0,840.0,3023
RHGCL,2026-06-17,286.6,281.5,9171
SIFC,2026-06-17,550.0,555.0,10186
CKHL,2026-06-17,621.0,647.5,382
SALICO,2026-06-17,615.2,619.6,5167
HDL,2026-06-17,1155.0,1154.0,13923
NABBC,2026-06-17,831.0,852.0,5094
HLICF,2026-06-17,9.2,9.0,11000
ADBL,2026-06-17,294.0,308.4,10225
NICD83/84,2026-06-17,1042.8,1042.8,12
SMATA,2026-06-17,750.1,764.0,2949
HIDCL,2026-06-17,261.0,260.9,32297
KSY,2026-06-17,9.5,9.75,1400
SHIVM,2026-06-17,664.8,645.7,168999
AKJCL,2026-06-17,376.0,396.9,402291
GRDBL,2026-06-17,1069.4,1099.9,5670
SHEL,2026-06-17,308.0,308.0,34651
KBL,2026-06-17,211.4,209.8,341350
SCB,2026-06-17,655.0,647.0,7445
NABIL,2026-06-17,532.0,532.0,20805
SAGF,2026-06-17,10.1,10.1,300
USLB,2026-06-17,1225.0,1239.6,206
BNT,2026-06-17,11611.2,11555.6,75
NADEP,2026-06-17,750.0,743.5,744
MLBBL,2026-06-17,1180.0,1178.0,1141
CHDC,2026-06-17,2114.0,2280.0,12853
RURU,2026-06-17,648.0,646.0,11547
NICFC,2026-06-17,9.39,9.45,6870
KPCL,2026-06-17,485.0,483.4,5508
AHPC,2026-06-17,273.1,274.8,114103
MLBS,2026-06-17,1197.0,1202.0,160
C30MF,2026-06-17,10.15,10.0,1300
MHL,2026-06-17,494.0,501.9,8506
SKBBL,2026-06-17,765.0,761.0,7231
ENL,2026-06-17,870.0,878.7,321
SFMF,2026-06-17,10.9,10.7,700
KSBBL,2026-06-17,482.0,487.0,5458
SHL,2026-06-17,500.0,495.8,48298
HATHY,2026-06-17,766.0,765.0,3129
PMLI,2026-06-17,460.0,460.7,12603
GMLI,2026-06-17,1271.0,1295.9,1030
BHDC,2026-06-17,455.0,457.0,5335
ICFC,2026-06-17,629.9,628.0,1067
BANDIPUR,2026-06-17,811.2,817.1,10101
DLBS,2026-06-17,1250.0,1272.0,313
GBIMESY2,2026-06-17,9.37,9.3,2350
GVL,2026-06-17,489.0,482.6,10580
MEN,2026-06-17,590.3,594.0,42847
BHPL,2026-06-17,526.0,528.0,3365
MKHL,2026-06-17,505.0,509.9,23663
PRVU,2026-06-17,193.0,193.2,56603
LVF2,2026-06-17,9.76,9.85,1870
HBL,2026-06-17,187.3,197.0,41380
KBSH,2026-06-17,1550.0,1527.0,174
SIPD,2026-06-17,733.0,728.0,13451
HURJA,2026-06-17,246.5,246.9,24156
NUBL,2026-06-17,650.0,641.1,5656
HFIN,2026-06-17,836.0,823.0,20375
FMDBL,2026-06-17,733.0,776.4,7298
NTC,2026-06-17,850.0,848.5,4090
SIGS3,2026-06-17,11.04,11.15,2200
BGWT,2026-06-17,677.3,650.0,812
NICL,2026-06-17,535.0,531.0,12642
JBBD87,2026-06-17,1120.0,1108.8,50
NMB,2026-06-17,242.0,242.1,17486
GBLBS,2026-06-17,758.0,775.0,3393
GSY,2026-06-17,9.86,9.88,13950
CBBL,2026-06-17,915.0,913.5,14144
PROFL,2026-06-17,458.0,448.0,4067
HLBSL,2026-06-17,888.0,876.1,672
OMPL,2026-06-17,1135.0,1149.0,2422
CHL,2026-06-17,285.1,282.7,10577
BPCL,2026-06-17,646.0,677.0,7929
NBL,2026-06-17,256.5,267.0,76859
SHINED,2026-06-17,1095.0,1095.0,100
MANDU,2026-06-17,820.0,821.1,1089
SBI,2026-06-17,399.8,392.0,42784
IGI,2026-06-17,451.0,450.0,39325
SBID2090,2026-06-17,1100.0,1166.0,35
MKHC,2026-06-17,316.0,322.5,25056
NFS,2026-06-17,595.0,605.0,9748
SBLD89,2026-06-17,1225.7,1260.0,211
SMH,2026-06-17,565.1,574.5,21727
TVCL,2026-06-17,486.0,515.0,12471
NIFRA,2026-06-17,258.0,258.6,39333
SHINE,2026-06-17,410.0,405.0,40361
GBBD85,2026-06-17,1085.0,1085.0,25
NBBD2085,2026-06-17,1184.0,1186.9,150
ICFCD89,2026-06-17,1090.1,1099.0,100
MATRI,2026-06-17,865.0,865.0,100
UHEWA,2026-06-17,615.0,642.5,94836
RBBF40,2026-06-17,9.3,9.36,1350
CBLD88,2026-06-17,1225.0,1225.0,50
SFEF,2026-06-17,10.06,10.08,700
STC,2026-06-17,5257.0,5261.0,118
SINDU,2026-06-17,727.0,735.0,19036
NWCL,2026-06-17,760.0,769.0,601
NIBSF2,2026-06-17,8.99,9.06,37150
BBC,2026-06-17,4100.0,4240.0,160
SBID83,2026-06-17,1072.0,1072.0,85
TSHL,2026-06-17,530.0,535.0,1531
SWMF,2026-06-17,657.0,659.0,1290
HHL,2026-06-17,377.0,364.0,39137
API,2026-06-17,345.0,343.7,85029
GBIME,2026-06-17,241.5,239.6,49302
EBLEB89,2026-06-17,1060.1,1060.1,50
NRIC,2026-06-17,1050.0,996.0,29438
NICBF,2026-06-17,9.42,9.41,14600
GWFD83,2026-06-17,1085.0,1085.0,25
RSY,2026-06-17,10.21,10.22,4500
SONA,2026-06-17,455.9,431.0,22786
SAGAR,2026-06-17,1603.0,1689.0,1938
CMF2,2026-06-17,9.9,10.0,980
NIBD84,2026-06-17,1074.0,1075.0,75
UPPER,2026-06-17,209.6,200.0,62687
MNBBL,2026-06-17,370.0,372.1,13568
HIDCLP,2026-06-17,207.1,197.8,72200
SBCF,2026-06-17,9.89,10.0,18832
SIGS2,2026-06-17,11.29,11.06,6000
SOHL,2026-06-17,640.0,639.0,52703
NIBLGF,2026-06-17,9.35,9.35,1300
UAIL,2026-06-17,467.1,469.0,5143
GHL,2026-06-17,235.0,233.0,12271
SWASTIK,2026-06-17,2200.0,2235.2,414
MHCL,2026-06-17,342.3,344.7,2058
MPFL,2026-06-17,600.0,618.8,36424
BUNGAL,2026-06-17,750.0,818.0,232796
DHEL,2026-06-17,622.0,620.0,7689
SBLD2091,2026-06-17,1076.1,1095.0,2
MBL,2026-06-17,247.3,248.0,58200
H8020,2026-06-17,11.75,11.97,332421
GMFBS,2026-06-17,1302.0,1245.0,891
RSDC,2026-06-17,656.0,655.1,2369
BHCL,2026-06-17,551.0,541.0,53344
ICFCD83,2026-06-17,1103.0,1120.0,138
HEI,2026-06-17,550.0,554.0,14855
MMF1,2026-06-17,9.55,9.58,22200
LLBS,2026-06-17,924.2,926.5,33
USHL,2026-06-17,596.1,598.0,4027
KHPL,2026-06-17,984.4,1008.0,31840
RFPL,2026-06-17,364.9,361.5,10580
SYPNL,2026-06-17,1387.1,1448.0,37448
SARBTM,2026-06-17,823.0,832.0,5922
MKCL,2026-06-17,1199.0,1199.0,2307
ACLBSL,2026-06-17,965.0,958.9,814
MMKJL,2026-06-17,505.0,498.0,720
MAKAR,2026-06-17,485.1,490.0,3090
CITY,2026-06-17,435.0,423.1,229225
GBBL,2026-06-17,409.0,410.0,24163
MEL,2026-06-17,234.6,239.9,12944
SKHEL,2026-06-17,1113.0,1135.0,3008
CGH,2026-06-17,781.0,780.5,9882
NMB50,2026-06-17,10.4,10.46,700
RAWA,2026-06-17,500.0,494.0,64841
EDBL,2026-06-17,575.0,577.0,1218
NICLBSL,2026-06-17,569.9,570.0,4831
IHL,2026-06-17,402.0,396.5,8545
GIBF1,2026-06-17,10.8,11.12,3400
RNLI,2026-06-17,459.2,459.6,7078
CLI,2026-06-17,450.0,452.5,7237
CSY,2026-06-17,9.16,9.19,13200
RIDI,2026-06-17,327.0,345.0,119134
RLFL,2026-06-17,487.0,458.8,30160
SMB,2026-06-17,1720.0,1725.0,278
JFL,2026-06-17,414.0,405.0,7995
NBLD85,2026-06-17,1060.0,1065.0,75
MND84/85,2026-06-17,1070.6,1075.0,80
NBF2,2026-06-17,10.1,9.85,2200
MKJC,2026-06-17,485.1,486.0,5106
TAMOR,2026-06-17,451.0,452.4,10787
HBLD86,2026-06-17,1198.0,1200.0,70
UNHPL,2026-06-17,406.9,409.0,18054
CZBIL,2026-06-17,197.0,198.1,12269
SMPDA,2026-06-17,874.6,838.0,1487
JOSHI,2026-06-17,284.5,279.9,4802
MBLEF,2026-06-17,9.9,10.15,8800
GLBSL,2026-06-17,1762.0,1762.0,6
JSLBB,2026-06-17,1067.0,1067.0,65
PCBL,2026-06-17,239.0,236.0,46650
RSML,2026-06-17,3230.0,3399.0,55293
PRIN,2026-06-17,700.5,702.4,8960
KDBY,2026-06-17,11.21,11.26,101600
SBLD84,2026-06-17,1070.0,1017.0,1
AKPL,2026-06-17,268.0,266.1,27604
NMBMF,2026-06-17,636.0,640.0,858
EHPL,2026-06-17,387.0,397.0,38731
JBBL,2026-06-17,351.6,349.6,19893
NLICL,2026-06-17,577.0,579.0,13241
MABEL,2026-06-17,703.0,706.5,11208
SLBBL,2026-06-17,810.0,815.0,3824
NICAD2091,2026-06-17,1060.0,1060.0,50
NRN,2026-06-17,1370.0,1428.0,149723
SPHL,2026-06-17,585.0,606.0,25498
GILB,2026-06-17,1109.0,1111.0,1281
BJHL,2026-06-17,772.0,809.0,5603
DOLTI,2026-06-17,388.9,375.0,100538
NIBLSTF,2026-06-17,9.25,9.35,4420
PSF,2026-06-17,11.86,12.19,12750
RLEL,2026-06-17,905.0,903.8,7163
LEC,2026-06-17,223.0,219.8,50521
HDHPC,2026-06-17,220.0,219.3,257957
SBL,2026-06-17,395.1,394.9,62233
CIT,2026-06-17,1700.0,1732.0,4128
NGPL,2026-06-17,447.0,428.5,66331
PFL,2026-06-17,373.0,375.0,2520
SAPDBL,2026-06-17,810.0,825.0,19193
SADBL,2026-06-17,412.0,410.9,6120
SAIL,2026-06-17,1000.0,1035.0,7939
VLBS,2026-06-17,720.2,735.0,8826
CHCL,2026-06-17,480.1,482.0,20472
UMRH,2026-06-17,540.0,536.0,3470
GBILD84/85,2026-06-17,1160.0,1160.0,51
PCIL,2026-06-17,740.0,740.0,24500
NESDO,2026-06-17,1540.0,1525.2,606
SPC,2026-06-17,455.0,450.7,6446
GFCL,2026-06-17,626.0,626.1,16059
PBLD84,2026-06-17,1129.9,1138.0,435
NIMBPO,2026-06-17,144.1,147.0,9250
NICA,2026-06-17,320.0,335.0,63723
SAHAS,2026-06-17,660.0,662.6,53981
RHPL,2026-06-17,265.6,266.7,10867
KMCDB,2026-06-17,860.0,846.0,746
NMFBS,2026-06-17,1125.3,1130.0,1586
ALICL,2026-06-17,450.0,448.2,26729
NSY,2026-06-17,9.3,9.6,2750
NLG,2026-06-17,615.0,618.9,8621
SFCL,2026-06-17,375.0,379.0,6007
NIFRAGED,2026-06-17,1035.0,1039.0,55
LBBLD89,2026-06-17,1240.0,1240.0,25
GLH,2026-06-17,264.0,264.0,17599
GMFIL,2026-06-17,468.1,474.0,9251
SSHL,2026-06-17,211.1,209.5,48081
SJCL,2026-06-17,285.1,286.3,4919
KDL,2026-06-17,815.0,824.7,1374
HPPL,2026-06-17,367.0,371.7,36621
UNLB,2026-06-17,1365.0,1368.0,825
SGHC,2026-06-17,352.0,359.0,6574
MNMF1,2026-06-17,9.75,10.0,4250
NABILD2089,2026-06-17,1105.0,1125.0,9555
NICGF2,2026-06-17,9.19,9.5,5820
SWBBL,2026-06-17,727.0,735.0,2590
ALBSL,2026-06-17,1060.0,1097.6,5769
EBLD91,2026-06-17,1090.0,1090.0,100
CYCL,2026-06-17,1375.0,1425.0,545
NYADI,2026-06-17,391.1,398.0,7886
MDB,2026-06-17,590.0,603.0,3681
AVYAN,2026-06-17,1003.7,1050.0,2219
LSL,2026-06-17,208.0,218.0,437436
SRLI,2026-06-17,388.4,390.6,7142
SABBL,2026-06-17,1080.1,1090.3,6186
EBLD86,2026-06-17,1125.0,1125.0,90000
TTL,2026-06-17,800.0,796.0,6061
RBCLPO,2026-06-17,11700.0,11600.2,20
OHL,2026-06-17,691.1,692.0,4643
BFC,2026-06-17,515.5,492.0,32217
CORBL,2026-06-17,1740.0,1750.0,4481
PURE,2026-06-17,895.0,910.0,3699
NMBD89/90,2026-06-17,1325.0,1206.0,18608
SOPL,2026-06-17,724.1,808.5,860
MHNL,2026-06-17,260.0,259.0,9316
BNHC,2026-06-17,324.0,322.8,28916
NBF3,2026-06-17,10.0,10.05,94600
MSHL,2026-06-17,662.2,688.0,273
BEDC,2026-06-17,385.0,375.0,94723
MCHL,2026-06-17,328.0,327.1,131869
SEF,2026-06-17,10.2,10.41,54400
NHPC,2026-06-17,294.0,280.0,136759
NMIC,2026-06-17,1012.0,1027.0,1790
UPCL,2026-06-17,380.0,364.8,33602
